time,time,observed_at,temperature,training_calendar_reference_f,anomaly_f
2026-08-01 04:00:00+00:00,2026-08-01 04:00:00+00:00,2026-08-01 04:51:00+00:00,74.0,72.4,1.5999999999999943
2026-08-01 05:00:00+00:00,2026-08-01 05:00:00+00:00,2026-08-01 05:51:00+00:00,76.0,71.3,4.700000000000003
2026-08-01 06:00:00+00:00,2026-08-01 06:00:00+00:00,2026-08-01 06:51:00+00:00,76.0,71.4,4.599999999999994
2026-08-01 07:00:00+00:00,2026-08-01 07:00:00+00:00,2026-08-01 07:51:00+00:00,75.0,71.0,4.0
2026-08-01 08:00:00+00:00,2026-08-01 08:00:00+00:00,2026-08-01 08:51:00+00:00,74.0,71.2,2.799999999999997
2026-08-01 09:00:00+00:00,2026-08-01 09:00:00+00:00,2026-08-01 09:51:00+00:00,73.0,70.3,2.700000000000003
2026-08-01 10:00:00+00:00,2026-08-01 10:00:00+00:00,2026-08-01 10:51:00+00:00,73.0,70.4,2.5999999999999943
2026-08-01 11:00:00+00:00,2026-08-01 11:00:00+00:00,2026-08-01 11:51:00+00:00,75.0,73.3,1.7000000000000028
2026-08-01 12:00:00+00:00,2026-08-01 12:00:00+00:00,2026-08-01 12:51:00+00:00,79.0,75.8,3.200000000000003
2026-08-01 13:00:00+00:00,2026-08-01 13:00:00+00:00,2026-08-01 13:51:00+00:00,82.0,78.7,3.299999999999997
2026-08-01 14:00:00+00:00,2026-08-01 14:00:00+00:00,2026-08-01 14:51:00+00:00,85.0,81.6,3.4000000000000057
2026-08-01 15:00:00+00:00,2026-08-01 15:00:00+00:00,2026-08-01 15:51:00+00:00,86.0,83.2,2.799999999999997
2026-08-01 16:00:00+00:00,2026-08-01 16:00:00+00:00,2026-08-01 16:51:00+00:00,86.0,85.0,1.0
2026-08-01 17:00:00+00:00,2026-08-01 17:00:00+00:00,2026-08-01 17:51:00+00:00,87.0,85.9,1.0999999999999943
2026-08-01 18:00:00+00:00,2026-08-01 18:00:00+00:00,2026-08-01 18:51:00+00:00,87.0,85.4,1.5999999999999943
2026-08-01 19:00:00+00:00,2026-08-01 19:00:00+00:00,2026-08-01 19:51:00+00:00,88.0,85.2,2.799999999999997
2026-08-01 20:00:00+00:00,2026-08-01 20:00:00+00:00,2026-08-01 20:51:00+00:00,88.0,84.3,3.700000000000003
2026-08-01 21:00:00+00:00,2026-08-01 21:00:00+00:00,2026-08-01 21:51:00+00:00,87.0,83.8,3.200000000000003
2026-08-01 22:00:00+00:00,2026-08-01 22:00:00+00:00,2026-08-01 22:51:00+00:00,86.0,82.4,3.5999999999999943
2026-08-01 23:00:00+00:00,2026-08-01 23:00:00+00:00,2026-08-01 23:51:00+00:00,84.0,79.1,4.900000000000006
2026-08-02 00:00:00+00:00,2026-08-02 00:00:00+00:00,2026-08-02 00:51:00+00:00,81.0,77.3,3.700000000000003
2026-08-02 01:00:00+00:00,2026-08-02 01:00:00+00:00,2026-08-02 01:51:00+00:00,80.0,75.6,4.400000000000006
2026-08-02 02:00:00+00:00,2026-08-02 02:00:00+00:00,2026-08-02 02:51:00+00:00,79.0,74.7,4.299999999999997
2026-08-02 03:00:00+00:00,2026-08-02 03:00:00+00:00,2026-08-02 03:51:00+00:00,78.0,73.9,4.099999999999994
2026-08-02 04:00:00+00:00,2026-08-02 04:00:00+00:00,2026-08-02 04:51:00+00:00,78.0,73.3,4.700000000000003
2026-08-02 05:00:00+00:00,2026-08-02 05:00:00+00:00,2026-08-02 05:51:00+00:00,78.0,73.4,4.599999999999994
2026-08-02 06:00:00+00:00,2026-08-02 06:00:00+00:00,2026-08-02 06:51:00+00:00,77.0,72.4,4.599999999999994
2026-08-02 07:00:00+00:00,2026-08-02 07:00:00+00:00,2026-08-02 07:51:00+00:00,78.0,72.0,6.0
2026-08-02 08:00:00+00:00,2026-08-02 08:00:00+00:00,2026-08-02 08:51:00+00:00,77.0,71.2,5.799999999999997
2026-08-02 09:00:00+00:00,2026-08-02 09:00:00+00:00,2026-08-02 09:51:00+00:00,77.0,70.8,6.200000000000003
2026-08-02 10:00:00+00:00,2026-08-02 10:00:00+00:00,2026-08-02 10:51:00+00:00,78.0,70.9,7.099999999999994
2026-08-02 11:00:00+00:00,2026-08-02 11:00:00+00:00,2026-08-02 11:51:00+00:00,76.0,73.3,2.700000000000003
2026-08-02 12:00:00+00:00,2026-08-02 12:00:00+00:00,2026-08-02 12:51:00+00:00,78.0,76.0,2.0
2026-08-02 13:00:00+00:00,2026-08-02 13:00:00+00:00,2026-08-02 13:51:00+00:00,79.0,78.9,0.09999999999999432
2026-08-02 14:00:00+00:00,2026-08-02 14:00:00+00:00,2026-08-02 14:51:00+00:00,80.0,81.8,-1.7999999999999972
2026-08-02 15:00:00+00:00,2026-08-02 15:00:00+00:00,2026-08-02 15:51:00+00:00,83.0,84.2,-1.2000000000000028
2026-08-02 16:00:00+00:00,2026-08-02 16:00:00+00:00,2026-08-02 16:51:00+00:00,85.0,86.0,-1.0
2026-08-02 17:00:00+00:00,2026-08-02 17:00:00+00:00,2026-08-02 17:51:00+00:00,86.0,86.7,-0.7000000000000028
2026-08-02 18:00:00+00:00,2026-08-02 18:00:00+00:00,2026-08-02 18:51:00+00:00,89.0,85.44444444444444,3.555555555555557
2026-08-02 19:00:00+00:00,2026-08-02 19:00:00+00:00,2026-08-02 19:51:00+00:00,86.0,86.4,-0.4000000000000057
2026-08-02 20:00:00+00:00,2026-08-02 20:00:00+00:00,2026-08-02 20:51:00+00:00,80.0,85.2,-5.200000000000003
2026-08-02 21:00:00+00:00,2026-08-02 21:00:00+00:00,2026-08-02 21:51:00+00:00,84.0,83.6,0.4000000000000057
2026-08-02 22:00:00+00:00,2026-08-02 22:00:00+00:00,2026-08-02 22:51:00+00:00,83.0,83.0,0.0
2026-08-02 23:00:00+00:00,2026-08-02 23:00:00+00:00,2026-08-02 23:51:00+00:00,82.0,79.3,2.700000000000003
2026-08-03 00:00:00+00:00,2026-08-03 00:00:00+00:00,2026-08-03 00:51:00+00:00,81.0,76.9,4.099999999999994
2026-08-03 01:00:00+00:00,2026-08-03 01:00:00+00:00,2026-08-03 01:51:00+00:00,80.0,75.5,4.5
2026-08-03 02:00:00+00:00,2026-08-03 02:00:00+00:00,2026-08-03 02:51:00+00:00,79.0,74.7,4.299999999999997
2026-08-03 03:00:00+00:00,2026-08-03 03:00:00+00:00,2026-08-03 03:51:00+00:00,78.0,74.2,3.799999999999997
2026-08-03 04:00:00+00:00,2026-08-03 04:00:00+00:00,2026-08-03 04:51:00+00:00,78.0,73.6,4.400000000000006
2026-08-03 05:00:00+00:00,2026-08-03 05:00:00+00:00,2026-08-03 05:51:00+00:00,77.0,73.6,3.4000000000000057
2026-08-03 06:00:00+00:00,2026-08-03 06:00:00+00:00,2026-08-03 06:51:00+00:00,76.0,72.9,3.0999999999999943
2026-08-03 07:00:00+00:00,2026-08-03 07:00:00+00:00,2026-08-03 07:51:00+00:00,76.0,72.3,3.700000000000003
2026-08-03 08:00:00+00:00,2026-08-03 08:00:00+00:00,2026-08-03 08:51:00+00:00,75.0,71.9,3.0999999999999943
2026-08-03 09:00:00+00:00,2026-08-03 09:00:00+00:00,2026-08-03 09:51:00+00:00,75.0,71.8,3.200000000000003
2026-08-03 10:00:00+00:00,2026-08-03 10:00:00+00:00,2026-08-03 10:51:00+00:00,75.0,72.5,2.5
2026-08-03 11:00:00+00:00,2026-08-03 11:00:00+00:00,2026-08-03 11:51:00+00:00,75.0,73.8,1.2000000000000028
2026-08-03 12:00:00+00:00,2026-08-03 12:00:00+00:00,2026-08-03 12:51:00+00:00,76.0,76.2,-0.20000000000000284
2026-08-03 13:00:00+00:00,2026-08-03 13:00:00+00:00,2026-08-03 13:51:00+00:00,77.0,78.7,-1.7000000000000028
2026-08-03 14:00:00+00:00,2026-08-03 14:00:00+00:00,2026-08-03 14:51:00+00:00,79.0,81.0,-2.0
2026-08-03 15:00:00+00:00,2026-08-03 15:00:00+00:00,2026-08-03 15:51:00+00:00,83.0,82.4,0.5999999999999943
2026-08-03 16:00:00+00:00,2026-08-03 16:00:00+00:00,2026-08-03 16:51:00+00:00,85.0,84.3,0.7000000000000028
2026-08-03 17:00:00+00:00,2026-08-03 17:00:00+00:00,2026-08-03 17:51:00+00:00,87.0,85.4,1.5999999999999943
2026-08-03 18:00:00+00:00,2026-08-03 18:00:00+00:00,2026-08-03 18:51:00+00:00,86.0,86.1,-0.09999999999999432
2026-08-03 19:00:00+00:00,2026-08-03 19:00:00+00:00,2026-08-03 19:51:00+00:00,88.0,86.1,1.9000000000000057
2026-08-03 20:00:00+00:00,2026-08-03 20:00:00+00:00,2026-08-03 20:51:00+00:00,89.0,85.6,3.4000000000000057
2026-08-03 21:00:00+00:00,2026-08-03 21:00:00+00:00,2026-08-03 21:51:00+00:00,89.0,84.9,4.099999999999994
2026-08-03 22:00:00+00:00,2026-08-03 22:00:00+00:00,2026-08-03 22:51:00+00:00,88.0,81.4,6.599999999999994
2026-08-03 23:00:00+00:00,2026-08-03 23:00:00+00:00,2026-08-03 23:51:00+00:00,84.0,80.0,4.0
2026-08-04 00:00:00+00:00,2026-08-04 00:00:00+00:00,2026-08-04 00:51:00+00:00,82.0,78.3,3.700000000000003
2026-08-04 01:00:00+00:00,2026-08-04 01:00:00+00:00,2026-08-04 01:51:00+00:00,81.0,76.8,4.200000000000003
2026-08-04 02:00:00+00:00,2026-08-04 02:00:00+00:00,2026-08-04 02:51:00+00:00,79.0,75.8,3.200000000000003
2026-08-04 03:00:00+00:00,2026-08-04 03:00:00+00:00,2026-08-04 03:51:00+00:00,78.0,74.9,3.0999999999999943
2026-08-04 04:00:00+00:00,2026-08-04 04:00:00+00:00,2026-08-04 04:51:00+00:00,77.0,73.6,3.4000000000000057
2026-08-04 05:00:00+00:00,2026-08-04 05:00:00+00:00,2026-08-04 05:51:00+00:00,77.0,73.3,3.700000000000003
2026-08-04 06:00:00+00:00,2026-08-04 06:00:00+00:00,2026-08-04 06:51:00+00:00,77.0,72.8,4.200000000000003
2026-08-04 07:00:00+00:00,2026-08-04 07:00:00+00:00,2026-08-04 07:51:00+00:00,75.0,71.9,3.0999999999999943
2026-08-04 08:00:00+00:00,2026-08-04 08:00:00+00:00,2026-08-04 08:51:00+00:00,75.0,72.1,2.9000000000000057
2026-08-04 09:00:00+00:00,2026-08-04 09:00:00+00:00,2026-08-04 09:51:00+00:00,73.0,71.6,1.4000000000000057
2026-08-04 10:00:00+00:00,2026-08-04 10:00:00+00:00,2026-08-04 10:51:00+00:00,74.0,71.8,2.200000000000003
2026-08-04 11:00:00+00:00,2026-08-04 11:00:00+00:00,2026-08-04 11:51:00+00:00,76.0,73.8,2.200000000000003
2026-08-04 12:00:00+00:00,2026-08-04 12:00:00+00:00,2026-08-04 12:51:00+00:00,78.0,76.6,1.4000000000000057
2026-08-04 13:00:00+00:00,2026-08-04 13:00:00+00:00,2026-08-04 13:51:00+00:00,80.0,79.1,0.9000000000000057
2026-08-04 14:00:00+00:00,2026-08-04 14:00:00+00:00,2026-08-04 14:51:00+00:00,81.0,81.6,-0.5999999999999943
2026-08-04 15:00:00+00:00,2026-08-04 15:00:00+00:00,2026-08-04 15:51:00+00:00,82.0,83.9,-1.9000000000000057
2026-08-04 16:00:00+00:00,2026-08-04 16:00:00+00:00,2026-08-04 16:51:00+00:00,81.0,85.3,-4.299999999999997
2026-08-04 17:00:00+00:00,2026-08-04 17:00:00+00:00,2026-08-04 17:51:00+00:00,82.0,86.5,-4.5
2026-08-04 18:00:00+00:00,2026-08-04 18:00:00+00:00,2026-08-04 18:51:00+00:00,82.0,86.7,-4.700000000000003
2026-08-04 19:00:00+00:00,2026-08-04 19:00:00+00:00,2026-08-04 19:51:00+00:00,82.0,87.8,-5.799999999999997
2026-08-04 20:00:00+00:00,2026-08-04 20:00:00+00:00,2026-08-04 20:51:00+00:00,81.0,86.4,-5.400000000000006
2026-08-04 21:00:00+00:00,2026-08-04 21:00:00+00:00,2026-08-04 21:51:00+00:00,81.0,86.2,-5.200000000000003
2026-08-04 22:00:00+00:00,2026-08-04 22:00:00+00:00,2026-08-04 22:51:00+00:00,81.0,85.2,-4.200000000000003
2026-08-04 23:00:00+00:00,2026-08-04 23:00:00+00:00,2026-08-04 23:51:00+00:00,80.0,82.7,-2.700000000000003
2026-08-05 00:00:00+00:00,2026-08-05 00:00:00+00:00,2026-08-05 00:51:00+00:00,76.0,80.0,-4.0
2026-08-05 01:00:00+00:00,2026-08-05 01:00:00+00:00,2026-08-05 01:51:00+00:00,76.0,78.3,-2.299999999999997
2026-08-05 02:00:00+00:00,2026-08-05 02:00:00+00:00,2026-08-05 02:51:00+00:00,75.0,77.0,-2.0
2026-08-05 03:00:00+00:00,2026-08-05 03:00:00+00:00,2026-08-05 03:51:00+00:00,75.0,76.7,-1.7000000000000028
2026-08-05 04:00:00+00:00,2026-08-05 04:00:00+00:00,2026-08-05 04:51:00+00:00,75.0,75.0,0.0
2026-08-05 05:00:00+00:00,2026-08-05 05:00:00+00:00,2026-08-05 05:51:00+00:00,76.0,73.8,2.200000000000003
2026-08-05 06:00:00+00:00,2026-08-05 06:00:00+00:00,2026-08-05 06:51:00+00:00,76.0,73.4,2.5999999999999943
2026-08-05 07:00:00+00:00,2026-08-05 07:00:00+00:00,2026-08-05 07:51:00+00:00,76.0,73.1,2.9000000000000057
2026-08-05 08:00:00+00:00,2026-08-05 08:00:00+00:00,2026-08-05 08:51:00+00:00,76.0,72.4,3.5999999999999943
2026-08-05 09:00:00+00:00,2026-08-05 09:00:00+00:00,2026-08-05 09:51:00+00:00,75.0,72.4,2.5999999999999943
2026-08-05 10:00:00+00:00,2026-08-05 10:00:00+00:00,2026-08-05 10:51:00+00:00,76.0,72.5,3.5
2026-08-05 11:00:00+00:00,2026-08-05 11:00:00+00:00,2026-08-05 11:51:00+00:00,77.0,73.8,3.200000000000003
2026-08-05 12:00:00+00:00,2026-08-05 12:00:00+00:00,2026-08-05 12:51:00+00:00,78.0,76.5,1.5
2026-08-05 13:00:00+00:00,2026-08-05 13:00:00+00:00,2026-08-05 13:51:00+00:00,80.0,78.8,1.2000000000000028
2026-08-05 14:00:00+00:00,2026-08-05 14:00:00+00:00,2026-08-05 14:51:00+00:00,83.0,81.8,1.2000000000000028
2026-08-05 15:00:00+00:00,2026-08-05 15:00:00+00:00,2026-08-05 15:51:00+00:00,86.0,83.5,2.5
2026-08-05 16:00:00+00:00,2026-08-05 16:00:00+00:00,2026-08-05 16:51:00+00:00,86.0,84.8,1.2000000000000028
2026-08-05 17:00:00+00:00,2026-08-05 17:00:00+00:00,2026-08-05 17:51:00+00:00,84.0,86.9,-2.9000000000000057
2026-08-05 18:00:00+00:00,2026-08-05 18:00:00+00:00,2026-08-05 18:51:00+00:00,86.0,86.8,-0.7999999999999972
2026-08-05 19:00:00+00:00,2026-08-05 19:00:00+00:00,2026-08-05 19:51:00+00:00,85.0,86.8,-1.7999999999999972
2026-08-05 20:00:00+00:00,2026-08-05 20:00:00+00:00,2026-08-05 20:51:00+00:00,88.0,85.4,2.5999999999999943
2026-08-05 21:00:00+00:00,2026-08-05 21:00:00+00:00,2026-08-05 21:51:00+00:00,85.0,84.9,0.09999999999999432
2026-08-05 22:00:00+00:00,2026-08-05 22:00:00+00:00,2026-08-05 22:51:00+00:00,86.0,83.3,2.700000000000003
2026-08-05 23:00:00+00:00,2026-08-05 23:00:00+00:00,2026-08-05 23:51:00+00:00,84.0,81.5,2.5
2026-08-06 00:00:00+00:00,2026-08-06 00:00:00+00:00,2026-08-06 00:51:00+00:00,81.0,78.8,2.200000000000003
2026-08-06 01:00:00+00:00,2026-08-06 01:00:00+00:00,2026-08-06 01:51:00+00:00,81.0,77.3,3.700000000000003
2026-08-06 02:00:00+00:00,2026-08-06 02:00:00+00:00,2026-08-06 02:51:00+00:00,80.0,76.8,3.200000000000003
2026-08-06 03:00:00+00:00,2026-08-06 03:00:00+00:00,2026-08-06 03:51:00+00:00,79.0,76.2,2.799999999999997
2026-08-06 04:00:00+00:00,2026-08-06 04:00:00+00:00,2026-08-06 04:51:00+00:00,79.0,75.6,3.4000000000000057
2026-08-06 05:00:00+00:00,2026-08-06 05:00:00+00:00,2026-08-06 05:51:00+00:00,78.0,74.3,3.700000000000003
2026-08-06 06:00:00+00:00,2026-08-06 06:00:00+00:00,2026-08-06 06:51:00+00:00,77.0,73.3,3.700000000000003
2026-08-06 07:00:00+00:00,2026-08-06 07:00:00+00:00,2026-08-06 07:51:00+00:00,76.0,73.0,3.0
2026-08-06 08:00:00+00:00,2026-08-06 08:00:00+00:00,2026-08-06 08:51:00+00:00,77.0,72.8,4.200000000000003
2026-08-06 09:00:00+00:00,2026-08-06 09:00:00+00:00,2026-08-06 09:51:00+00:00,76.0,71.9,4.099999999999994
2026-08-06 10:00:00+00:00,2026-08-06 10:00:00+00:00,2026-08-06 10:51:00+00:00,77.0,71.7,5.299999999999997
2026-08-06 11:00:00+00:00,2026-08-06 11:00:00+00:00,2026-08-06 11:51:00+00:00,77.0,73.7,3.299999999999997
2026-08-06 12:00:00+00:00,2026-08-06 12:00:00+00:00,2026-08-06 12:51:00+00:00,79.0,76.0,3.0
2026-08-06 13:00:00+00:00,2026-08-06 13:00:00+00:00,2026-08-06 13:51:00+00:00,81.0,79.3,1.7000000000000028
2026-08-06 14:00:00+00:00,2026-08-06 14:00:00+00:00,2026-08-06 14:51:00+00:00,85.0,82.4,2.5999999999999943
2026-08-06 15:00:00+00:00,2026-08-06 15:00:00+00:00,2026-08-06 15:51:00+00:00,86.0,84.4,1.5999999999999943
2026-08-06 16:00:00+00:00,2026-08-06 16:00:00+00:00,2026-08-06 16:51:00+00:00,89.0,86.6,2.4000000000000057
2026-08-06 17:00:00+00:00,2026-08-06 17:00:00+00:00,2026-08-06 17:51:00+00:00,91.0,86.6,4.400000000000006
2026-08-06 18:00:00+00:00,2026-08-06 18:00:00+00:00,2026-08-06 18:51:00+00:00,91.0,86.0,5.0
2026-08-06 19:00:00+00:00,2026-08-06 19:00:00+00:00,2026-08-06 19:51:00+00:00,90.0,85.5,4.5
2026-08-06 20:00:00+00:00,2026-08-06 20:00:00+00:00,2026-08-06 20:51:00+00:00,91.0,84.2,6.799999999999997
2026-08-06 21:00:00+00:00,2026-08-06 21:00:00+00:00,2026-08-06 21:51:00+00:00,90.0,84.5,5.5
2026-08-06 22:00:00+00:00,2026-08-06 22:00:00+00:00,2026-08-06 22:51:00+00:00,87.0,81.9,5.099999999999994
2026-08-06 23:00:00+00:00,2026-08-06 23:00:00+00:00,2026-08-06 23:51:00+00:00,77.0,80.1,-3.0999999999999943
2026-08-07 00:00:00+00:00,2026-08-07 00:00:00+00:00,2026-08-07 00:51:00+00:00,73.0,78.0,-5.0
2026-08-07 01:00:00+00:00,2026-08-07 01:00:00+00:00,2026-08-07 01:51:00+00:00,74.0,77.0,-3.0
2026-08-07 02:00:00+00:00,2026-08-07 02:00:00+00:00,2026-08-07 02:51:00+00:00,74.0,76.0,-2.0
2026-08-07 03:00:00+00:00,2026-08-07 03:00:00+00:00,2026-08-07 03:51:00+00:00,75.0,75.4,-0.4000000000000057
2026-08-07 04:00:00+00:00,2026-08-07 04:00:00+00:00,2026-08-07 04:51:00+00:00,74.0,74.4,-0.4000000000000057
2026-08-07 05:00:00+00:00,2026-08-07 05:00:00+00:00,2026-08-07 05:51:00+00:00,73.0,74.2,-1.2000000000000028
2026-08-07 06:00:00+00:00,2026-08-07 06:00:00+00:00,2026-08-07 06:51:00+00:00,73.0,73.6,-0.5999999999999943
2026-08-07 07:00:00+00:00,2026-08-07 07:00:00+00:00,2026-08-07 07:51:00+00:00,73.0,73.5,-0.5
2026-08-07 08:00:00+00:00,2026-08-07 08:00:00+00:00,2026-08-07 08:51:00+00:00,72.0,73.4,-1.4000000000000057
2026-08-07 09:00:00+00:00,2026-08-07 09:00:00+00:00,2026-08-07 09:51:00+00:00,72.0,73.4,-1.4000000000000057
2026-08-07 10:00:00+00:00,2026-08-07 10:00:00+00:00,2026-08-07 10:51:00+00:00,72.0,73.8,-1.7999999999999972
2026-08-07 11:00:00+00:00,2026-08-07 11:00:00+00:00,2026-08-07 11:51:00+00:00,75.0,74.3,0.7000000000000028
2026-08-07 12:00:00+00:00,2026-08-07 12:00:00+00:00,2026-08-07 12:51:00+00:00,77.0,76.3,0.7000000000000028
2026-08-07 13:00:00+00:00,2026-08-07 13:00:00+00:00,2026-08-07 13:51:00+00:00,80.0,78.8,1.2000000000000028
2026-08-07 14:00:00+00:00,2026-08-07 14:00:00+00:00,2026-08-07 14:51:00+00:00,83.0,81.1,1.9000000000000057
2026-08-07 15:00:00+00:00,2026-08-07 15:00:00+00:00,2026-08-07 15:51:00+00:00,86.0,83.3,2.700000000000003
2026-08-07 16:00:00+00:00,2026-08-07 16:00:00+00:00,2026-08-07 16:51:00+00:00,89.0,84.3,4.700000000000003
2026-08-07 17:00:00+00:00,2026-08-07 17:00:00+00:00,2026-08-07 17:51:00+00:00,89.0,84.1,4.900000000000006
2026-08-07 18:00:00+00:00,2026-08-07 18:00:00+00:00,2026-08-07 18:51:00+00:00,90.0,84.3,5.700000000000003
2026-08-07 19:00:00+00:00,2026-08-07 19:00:00+00:00,2026-08-07 19:51:00+00:00,90.0,85.3,4.700000000000003
2026-08-07 20:00:00+00:00,2026-08-07 20:00:00+00:00,2026-08-07 20:51:00+00:00,91.0,86.0,5.0
2026-08-07 21:00:00+00:00,2026-08-07 21:00:00+00:00,2026-08-07 21:51:00+00:00,92.0,85.1,6.900000000000006
2026-08-07 22:00:00+00:00,2026-08-07 22:00:00+00:00,2026-08-07 22:51:00+00:00,88.0,83.2,4.799999999999997
2026-08-07 23:00:00+00:00,2026-08-07 23:00:00+00:00,2026-08-07 23:51:00+00:00,85.0,80.7,4.299999999999997
2026-08-08 00:00:00+00:00,2026-08-08 00:00:00+00:00,2026-08-08 00:51:00+00:00,82.0,78.3,3.700000000000003
2026-08-08 01:00:00+00:00,2026-08-08 01:00:00+00:00,2026-08-08 01:51:00+00:00,81.0,76.7,4.299999999999997
2026-08-08 02:00:00+00:00,2026-08-08 02:00:00+00:00,2026-08-08 02:51:00+00:00,80.0,76.3,3.700000000000003
2026-08-08 03:00:00+00:00,2026-08-08 03:00:00+00:00,2026-08-08 03:51:00+00:00,79.0,75.4,3.5999999999999943
2026-08-08 04:00:00+00:00,2026-08-08 04:00:00+00:00,2026-08-08 04:51:00+00:00,78.0,74.4,3.5999999999999943
2026-08-08 05:00:00+00:00,2026-08-08 05:00:00+00:00,2026-08-08 05:51:00+00:00,77.0,73.4,3.5999999999999943
2026-08-08 06:00:00+00:00,2026-08-08 06:00:00+00:00,2026-08-08 06:51:00+00:00,76.0,72.9,3.0999999999999943
2026-08-08 07:00:00+00:00,2026-08-08 07:00:00+00:00,2026-08-08 07:51:00+00:00,76.0,72.4,3.5999999999999943
2026-08-08 08:00:00+00:00,2026-08-08 08:00:00+00:00,2026-08-08 08:51:00+00:00,75.0,72.2,2.799999999999997
2026-08-08 09:00:00+00:00,2026-08-08 09:00:00+00:00,2026-08-08 09:51:00+00:00,74.0,71.9,2.0999999999999943
2026-08-08 10:00:00+00:00,2026-08-08 10:00:00+00:00,2026-08-08 10:51:00+00:00,75.0,71.9,3.0999999999999943
2026-08-08 11:00:00+00:00,2026-08-08 11:00:00+00:00,2026-08-08 11:51:00+00:00,76.0,73.7,2.299999999999997
2026-08-08 12:00:00+00:00,2026-08-08 12:00:00+00:00,2026-08-08 12:51:00+00:00,79.0,75.9,3.0999999999999943
2026-08-08 13:00:00+00:00,2026-08-08 13:00:00+00:00,2026-08-08 13:51:00+00:00,82.0,78.7,3.299999999999997
2026-08-08 14:00:00+00:00,2026-08-08 14:00:00+00:00,2026-08-08 14:51:00+00:00,86.0,80.8,5.200000000000003
2026-08-08 15:00:00+00:00,2026-08-08 15:00:00+00:00,2026-08-08 15:51:00+00:00,87.0,82.9,4.099999999999994
2026-08-08 16:00:00+00:00,2026-08-08 16:00:00+00:00,2026-08-08 16:51:00+00:00,88.0,84.6,3.4000000000000057
2026-08-08 17:00:00+00:00,2026-08-08 17:00:00+00:00,2026-08-08 17:51:00+00:00,91.0,85.6,5.400000000000006
2026-08-08 18:00:00+00:00,2026-08-08 18:00:00+00:00,2026-08-08 18:51:00+00:00,92.0,86.8,5.200000000000003
2026-08-08 19:00:00+00:00,2026-08-08 19:00:00+00:00,2026-08-08 19:51:00+00:00,93.0,85.8,7.200000000000003
2026-08-08 20:00:00+00:00,2026-08-08 20:00:00+00:00,2026-08-08 20:51:00+00:00,92.0,85.2,6.799999999999997
2026-08-08 21:00:00+00:00,2026-08-08 21:00:00+00:00,2026-08-08 21:51:00+00:00,90.0,83.4,6.599999999999994
2026-08-08 22:00:00+00:00,2026-08-08 22:00:00+00:00,2026-08-08 22:51:00+00:00,87.0,80.2,6.799999999999997
2026-08-08 23:00:00+00:00,2026-08-08 23:00:00+00:00,2026-08-08 23:51:00+00:00,74.0,77.9,-3.9000000000000057
2026-08-09 00:00:00+00:00,2026-08-09 00:00:00+00:00,2026-08-09 00:51:00+00:00,72.0,75.2,-3.200000000000003
2026-08-09 01:00:00+00:00,2026-08-09 01:00:00+00:00,2026-08-09 01:51:00+00:00,75.0,74.9,0.09999999999999432
2026-08-09 02:00:00+00:00,2026-08-09 02:00:00+00:00,2026-08-09 02:51:00+00:00,74.0,73.9,0.09999999999999432
2026-08-09 03:00:00+00:00,2026-08-09 03:00:00+00:00,2026-08-09 03:51:00+00:00,76.0,73.44444444444444,2.555555555555557
2026-08-09 04:00:00+00:00,2026-08-09 04:00:00+00:00,2026-08-09 04:51:00+00:00,73.0,73.0,0.0
2026-08-09 05:00:00+00:00,2026-08-09 05:00:00+00:00,2026-08-09 05:51:00+00:00,74.0,72.6,1.4000000000000057
2026-08-09 06:00:00+00:00,2026-08-09 06:00:00+00:00,2026-08-09 06:51:00+00:00,73.0,71.9,1.0999999999999943
2026-08-09 07:00:00+00:00,2026-08-09 07:00:00+00:00,2026-08-09 07:51:00+00:00,73.0,71.4,1.5999999999999943
2026-08-09 08:00:00+00:00,2026-08-09 08:00:00+00:00,2026-08-09 08:51:00+00:00,72.0,70.7,1.2999999999999972
2026-08-09 09:00:00+00:00,2026-08-09 09:00:00+00:00,2026-08-09 09:51:00+00:00,73.0,70.6,2.4000000000000057
2026-08-09 10:00:00+00:00,2026-08-09 10:00:00+00:00,2026-08-09 10:51:00+00:00,73.0,70.0,3.0
2026-08-09 11:00:00+00:00,2026-08-09 11:00:00+00:00,2026-08-09 11:51:00+00:00,75.0,72.6,2.4000000000000057
2026-08-09 12:00:00+00:00,2026-08-09 12:00:00+00:00,2026-08-09 12:51:00+00:00,78.0,75.6,2.4000000000000057
2026-08-09 13:00:00+00:00,2026-08-09 13:00:00+00:00,2026-08-09 13:51:00+00:00,82.0,79.0,3.0
2026-08-09 14:00:00+00:00,2026-08-09 14:00:00+00:00,2026-08-09 14:51:00+00:00,84.0,81.7,2.299999999999997
2026-08-09 15:00:00+00:00,2026-08-09 15:00:00+00:00,2026-08-09 15:51:00+00:00,87.0,83.1,3.9000000000000057
2026-08-09 16:00:00+00:00,2026-08-09 16:00:00+00:00,2026-08-09 16:51:00+00:00,90.0,84.6,5.400000000000006
2026-08-09 17:00:00+00:00,2026-08-09 17:00:00+00:00,2026-08-09 17:51:00+00:00,90.0,85.4,4.599999999999994
2026-08-09 18:00:00+00:00,2026-08-09 18:00:00+00:00,2026-08-09 18:51:00+00:00,91.0,85.9,5.099999999999994
2026-08-09 19:00:00+00:00,2026-08-09 19:00:00+00:00,2026-08-09 19:51:00+00:00,93.0,85.8,7.200000000000003
2026-08-09 20:00:00+00:00,2026-08-09 20:00:00+00:00,2026-08-09 20:51:00+00:00,93.0,84.8,8.200000000000003
2026-08-09 21:00:00+00:00,2026-08-09 21:00:00+00:00,2026-08-09 21:51:00+00:00,92.0,84.3,7.700000000000003
2026-08-09 22:00:00+00:00,2026-08-09 22:00:00+00:00,2026-08-09 22:51:00+00:00,91.0,83.3,7.700000000000003
2026-08-09 23:00:00+00:00,2026-08-09 23:00:00+00:00,2026-08-09 23:51:00+00:00,89.0,80.2,8.799999999999997
2026-08-10 00:00:00+00:00,2026-08-10 00:00:00+00:00,2026-08-10 00:51:00+00:00,85.0,78.3,6.700000000000003
2026-08-10 01:00:00+00:00,2026-08-10 01:00:00+00:00,2026-08-10 01:51:00+00:00,82.0,77.1,4.900000000000006
2026-08-10 02:00:00+00:00,2026-08-10 02:00:00+00:00,2026-08-10 02:51:00+00:00,81.0,76.0,5.0
2026-08-10 03:00:00+00:00,2026-08-10 03:00:00+00:00,2026-08-10 03:51:00+00:00,80.0,75.0,5.0
2026-08-10 04:00:00+00:00,2026-08-10 04:00:00+00:00,2026-08-10 04:51:00+00:00,80.0,74.3,5.700000000000003
2026-08-10 05:00:00+00:00,2026-08-10 05:00:00+00:00,2026-08-10 05:51:00+00:00,79.0,73.4,5.599999999999994
2026-08-10 06:00:00+00:00,2026-08-10 06:00:00+00:00,2026-08-10 06:51:00+00:00,77.0,72.3,4.700000000000003
2026-08-10 07:00:00+00:00,2026-08-10 07:00:00+00:00,2026-08-10 07:51:00+00:00,75.0,71.9,3.0999999999999943
2026-08-10 08:00:00+00:00,2026-08-10 08:00:00+00:00,2026-08-10 08:51:00+00:00,74.0,72.0,2.0
2026-08-10 09:00:00+00:00,2026-08-10 09:00:00+00:00,2026-08-10 09:51:00+00:00,74.0,71.5,2.5
2026-08-10 10:00:00+00:00,2026-08-10 10:00:00+00:00,2026-08-10 10:51:00+00:00,75.0,70.8,4.200000000000003
2026-08-10 11:00:00+00:00,2026-08-10 11:00:00+00:00,2026-08-10 11:51:00+00:00,76.0,73.2,2.799999999999997
2026-08-10 12:00:00+00:00,2026-08-10 12:00:00+00:00,2026-08-10 12:51:00+00:00,78.0,76.3,1.7000000000000028
2026-08-10 13:00:00+00:00,2026-08-10 13:00:00+00:00,2026-08-10 13:51:00+00:00,79.0,78.4,0.5999999999999943
2026-08-10 14:00:00+00:00,2026-08-10 14:00:00+00:00,2026-08-10 14:51:00+00:00,83.0,80.7,2.299999999999997
2026-08-10 15:00:00+00:00,2026-08-10 15:00:00+00:00,2026-08-10 15:51:00+00:00,87.0,82.7,4.299999999999997
2026-08-10 16:00:00+00:00,2026-08-10 16:00:00+00:00,2026-08-10 16:51:00+00:00,89.0,84.3,4.700000000000003
2026-08-10 17:00:00+00:00,2026-08-10 17:00:00+00:00,2026-08-10 17:51:00+00:00,90.0,85.6,4.400000000000006
2026-08-10 18:00:00+00:00,2026-08-10 18:00:00+00:00,2026-08-10 18:51:00+00:00,92.0,86.3,5.700000000000003
2026-08-10 19:00:00+00:00,2026-08-10 19:00:00+00:00,2026-08-10 19:51:00+00:00,92.0,87.4,4.599999999999994
2026-08-10 20:00:00+00:00,2026-08-10 20:00:00+00:00,2026-08-10 20:51:00+00:00,92.0,87.2,4.799999999999997
2026-08-10 21:00:00+00:00,2026-08-10 21:00:00+00:00,2026-08-10 21:51:00+00:00,92.0,84.5,7.5
2026-08-10 22:00:00+00:00,2026-08-10 22:00:00+00:00,2026-08-10 22:51:00+00:00,91.0,82.6,8.400000000000006
2026-08-10 23:00:00+00:00,2026-08-10 23:00:00+00:00,2026-08-10 23:51:00+00:00,88.0,81.0,7.0
2026-08-11 00:00:00+00:00,2026-08-11 00:00:00+00:00,2026-08-11 00:51:00+00:00,86.0,78.8,7.200000000000003
2026-08-11 01:00:00+00:00,2026-08-11 01:00:00+00:00,2026-08-11 01:51:00+00:00,83.0,78.2,4.799999999999997
2026-08-11 02:00:00+00:00,2026-08-11 02:00:00+00:00,2026-08-11 02:51:00+00:00,81.0,78.1,2.9000000000000057
2026-08-11 03:00:00+00:00,2026-08-11 03:00:00+00:00,2026-08-11 03:51:00+00:00,79.0,76.9,2.0999999999999943
2026-08-11 04:00:00+00:00,2026-08-11 04:00:00+00:00,2026-08-11 04:51:00+00:00,78.0,75.7,2.299999999999997
2026-08-11 05:00:00+00:00,2026-08-11 05:00:00+00:00,2026-08-11 05:51:00+00:00,78.0,75.2,2.799999999999997
2026-08-11 06:00:00+00:00,2026-08-11 06:00:00+00:00,2026-08-11 06:51:00+00:00,77.0,74.6,2.4000000000000057
2026-08-11 07:00:00+00:00,2026-08-11 07:00:00+00:00,2026-08-11 07:51:00+00:00,76.0,73.9,2.0999999999999943
2026-08-11 08:00:00+00:00,2026-08-11 08:00:00+00:00,2026-08-11 08:51:00+00:00,76.0,73.4,2.5999999999999943
2026-08-11 09:00:00+00:00,2026-08-11 09:00:00+00:00,2026-08-11 09:51:00+00:00,76.0,72.9,3.0999999999999943
2026-08-11 10:00:00+00:00,2026-08-11 10:00:00+00:00,2026-08-11 10:51:00+00:00,75.0,73.3,1.7000000000000028
2026-08-11 11:00:00+00:00,2026-08-11 11:00:00+00:00,2026-08-11 11:51:00+00:00,78.0,74.5,3.5
2026-08-11 12:00:00+00:00,2026-08-11 12:00:00+00:00,2026-08-11 12:51:00+00:00,81.0,76.9,4.099999999999994
2026-08-11 13:00:00+00:00,2026-08-11 13:00:00+00:00,2026-08-11 13:51:00+00:00,85.0,79.2,5.799999999999997
2026-08-11 14:00:00+00:00,2026-08-11 14:00:00+00:00,2026-08-11 14:51:00+00:00,87.0,80.9,6.099999999999994
2026-08-11 15:00:00+00:00,2026-08-11 15:00:00+00:00,2026-08-11 15:51:00+00:00,90.0,82.9,7.099999999999994
2026-08-11 16:00:00+00:00,2026-08-11 16:00:00+00:00,2026-08-11 16:51:00+00:00,91.0,84.9,6.099999999999994
2026-08-11 17:00:00+00:00,2026-08-11 17:00:00+00:00,2026-08-11 17:51:00+00:00,92.0,86.1,5.900000000000006
2026-08-11 18:00:00+00:00,2026-08-11 18:00:00+00:00,2026-08-11 18:51:00+00:00,93.0,86.8,6.200000000000003
2026-08-11 19:00:00+00:00,2026-08-11 19:00:00+00:00,2026-08-11 19:51:00+00:00,95.0,86.9,8.099999999999994
2026-08-11 20:00:00+00:00,2026-08-11 20:00:00+00:00,2026-08-11 20:51:00+00:00,94.0,85.9,8.099999999999994
2026-08-11 21:00:00+00:00,2026-08-11 21:00:00+00:00,2026-08-11 21:51:00+00:00,89.0,85.5,3.5
2026-08-11 22:00:00+00:00,2026-08-11 22:00:00+00:00,2026-08-11 22:51:00+00:00,83.0,81.9,1.0999999999999943
2026-08-11 23:00:00+00:00,2026-08-11 23:00:00+00:00,2026-08-11 23:51:00+00:00,77.0,79.4,-2.4000000000000057
2026-08-12 00:00:00+00:00,2026-08-12 00:00:00+00:00,2026-08-12 00:51:00+00:00,76.0,77.4,-1.4000000000000057
2026-08-12 01:00:00+00:00,2026-08-12 01:00:00+00:00,2026-08-12 01:51:00+00:00,75.0,76.0,-1.0
2026-08-12 02:00:00+00:00,2026-08-12 02:00:00+00:00,2026-08-12 02:51:00+00:00,75.0,75.8,-0.7999999999999972
2026-08-12 03:00:00+00:00,2026-08-12 03:00:00+00:00,2026-08-12 03:51:00+00:00,75.0,75.1,-0.09999999999999432
2026-08-12 04:00:00+00:00,2026-08-12 04:00:00+00:00,2026-08-12 04:51:00+00:00,74.0,74.1,-0.09999999999999432
2026-08-12 05:00:00+00:00,2026-08-12 05:00:00+00:00,2026-08-12 05:51:00+00:00,75.0,73.5,1.5
2026-08-12 06:00:00+00:00,2026-08-12 06:00:00+00:00,2026-08-12 06:51:00+00:00,75.0,73.3,1.7000000000000028
2026-08-12 07:00:00+00:00,2026-08-12 07:00:00+00:00,2026-08-12 07:51:00+00:00,74.0,72.8,1.2000000000000028
2026-08-12 08:00:00+00:00,2026-08-12 08:00:00+00:00,2026-08-12 08:51:00+00:00,75.0,72.6,2.4000000000000057
2026-08-12 09:00:00+00:00,2026-08-12 09:00:00+00:00,2026-08-12 09:51:00+00:00,73.0,72.1,0.9000000000000057
2026-08-12 10:00:00+00:00,2026-08-12 10:00:00+00:00,2026-08-12 10:51:00+00:00,73.0,72.3,0.7000000000000028
2026-08-12 11:00:00+00:00,2026-08-12 11:00:00+00:00,2026-08-12 11:51:00+00:00,75.0,74.6,0.4000000000000057
2026-08-12 12:00:00+00:00,2026-08-12 12:00:00+00:00,2026-08-12 12:51:00+00:00,78.0,77.6,0.4000000000000057
2026-08-12 13:00:00+00:00,2026-08-12 13:00:00+00:00,2026-08-12 13:51:00+00:00,79.0,80.2,-1.2000000000000028
2026-08-12 14:00:00+00:00,2026-08-12 14:00:00+00:00,2026-08-12 14:51:00+00:00,83.0,82.1,0.9000000000000057
2026-08-12 15:00:00+00:00,2026-08-12 15:00:00+00:00,2026-08-12 15:51:00+00:00,82.0,84.9,-2.9000000000000057
2026-08-12 16:00:00+00:00,2026-08-12 16:00:00+00:00,2026-08-12 16:51:00+00:00,81.0,85.5,-4.5
2026-08-12 17:00:00+00:00,2026-08-12 17:00:00+00:00,2026-08-12 17:51:00+00:00,83.0,87.0,-4.0
2026-08-12 18:00:00+00:00,2026-08-12 18:00:00+00:00,2026-08-12 18:51:00+00:00,87.0,87.3,-0.29999999999999716
2026-08-12 19:00:00+00:00,2026-08-12 19:00:00+00:00,2026-08-12 19:51:00+00:00,88.0,88.1,-0.09999999999999432
2026-08-12 20:00:00+00:00,2026-08-12 20:00:00+00:00,2026-08-12 20:51:00+00:00,89.0,88.1,0.9000000000000057
2026-08-12 21:00:00+00:00,2026-08-12 21:00:00+00:00,2026-08-12 21:51:00+00:00,88.0,86.9,1.0999999999999943
2026-08-12 22:00:00+00:00,2026-08-12 22:00:00+00:00,2026-08-12 22:51:00+00:00,86.0,83.3,2.700000000000003
2026-08-12 23:00:00+00:00,2026-08-12 23:00:00+00:00,2026-08-12 23:51:00+00:00,85.0,80.7,4.299999999999997
2026-08-13 00:00:00+00:00,2026-08-13 00:00:00+00:00,2026-08-13 00:51:00+00:00,83.0,77.9,5.099999999999994
2026-08-13 01:00:00+00:00,2026-08-13 01:00:00+00:00,2026-08-13 01:51:00+00:00,82.0,77.0,5.0
2026-08-13 02:00:00+00:00,2026-08-13 02:00:00+00:00,2026-08-13 02:51:00+00:00,80.0,75.9,4.099999999999994
2026-08-13 03:00:00+00:00,2026-08-13 03:00:00+00:00,2026-08-13 03:51:00+00:00,78.0,75.4,2.5999999999999943
2026-08-13 04:00:00+00:00,2026-08-13 04:00:00+00:00,2026-08-13 04:51:00+00:00,78.0,74.4,3.5999999999999943
2026-08-13 05:00:00+00:00,2026-08-13 05:00:00+00:00,2026-08-13 05:51:00+00:00,76.0,73.3,2.700000000000003
2026-08-13 06:00:00+00:00,2026-08-13 06:00:00+00:00,2026-08-13 06:51:00+00:00,75.0,73.1,1.9000000000000057
2026-08-13 07:00:00+00:00,2026-08-13 07:00:00+00:00,2026-08-13 07:51:00+00:00,74.0,72.3,1.7000000000000028
2026-08-13 08:00:00+00:00,2026-08-13 08:00:00+00:00,2026-08-13 08:51:00+00:00,74.0,71.9,2.0999999999999943
2026-08-13 09:00:00+00:00,2026-08-13 09:00:00+00:00,2026-08-13 09:51:00+00:00,73.0,71.9,1.0999999999999943
2026-08-13 10:00:00+00:00,2026-08-13 10:00:00+00:00,2026-08-13 10:51:00+00:00,73.0,71.6,1.4000000000000057
2026-08-13 11:00:00+00:00,2026-08-13 11:00:00+00:00,2026-08-13 11:51:00+00:00,76.0,74.0,2.0
2026-08-13 12:00:00+00:00,2026-08-13 12:00:00+00:00,2026-08-13 12:51:00+00:00,80.0,76.5,3.5
2026-08-13 13:00:00+00:00,2026-08-13 13:00:00+00:00,2026-08-13 13:51:00+00:00,85.0,79.0,6.0
2026-08-13 14:00:00+00:00,2026-08-13 14:00:00+00:00,2026-08-13 14:51:00+00:00,86.0,80.8,5.200000000000003
2026-08-13 15:00:00+00:00,2026-08-13 15:00:00+00:00,2026-08-13 15:51:00+00:00,88.0,83.4,4.599999999999994
2026-08-13 16:00:00+00:00,2026-08-13 16:00:00+00:00,2026-08-13 16:51:00+00:00,91.0,84.3,6.700000000000003
2026-08-13 17:00:00+00:00,2026-08-13 17:00:00+00:00,2026-08-13 17:51:00+00:00,92.0,83.9,8.099999999999994
2026-08-13 18:00:00+00:00,2026-08-13 18:00:00+00:00,2026-08-13 18:51:00+00:00,91.0,85.2,5.799999999999997
2026-08-13 19:00:00+00:00,2026-08-13 19:00:00+00:00,2026-08-13 19:51:00+00:00,92.0,85.5,6.5
2026-08-13 20:00:00+00:00,2026-08-13 20:00:00+00:00,2026-08-13 20:51:00+00:00,93.0,83.2,9.799999999999997
2026-08-13 21:00:00+00:00,2026-08-13 21:00:00+00:00,,,83.1,
2026-08-13 22:00:00+00:00,2026-08-13 22:00:00+00:00,2026-08-13 22:51:00+00:00,90.0,81.8,8.200000000000003
2026-08-13 23:00:00+00:00,2026-08-13 23:00:00+00:00,2026-08-13 23:51:00+00:00,88.0,79.0,9.0
2026-08-14 00:00:00+00:00,2026-08-14 00:00:00+00:00,2026-08-14 00:51:00+00:00,86.0,77.2,8.799999999999997
2026-08-14 01:00:00+00:00,2026-08-14 01:00:00+00:00,2026-08-14 01:51:00+00:00,84.0,75.4,8.599999999999994
2026-08-14 02:00:00+00:00,2026-08-14 02:00:00+00:00,2026-08-14 02:51:00+00:00,82.0,75.0,7.0
2026-08-14 03:00:00+00:00,2026-08-14 03:00:00+00:00,2026-08-14 03:51:00+00:00,80.0,74.0,6.0
2026-08-14 04:00:00+00:00,2026-08-14 04:00:00+00:00,2026-08-14 04:51:00+00:00,81.0,73.0,8.0
2026-08-14 05:00:00+00:00,2026-08-14 05:00:00+00:00,2026-08-14 05:51:00+00:00,80.0,72.1,7.900000000000006
2026-08-14 06:00:00+00:00,2026-08-14 06:00:00+00:00,2026-08-14 06:51:00+00:00,79.0,71.5,7.5
2026-08-14 07:00:00+00:00,2026-08-14 07:00:00+00:00,2026-08-14 07:51:00+00:00,80.0,71.2,8.799999999999997
2026-08-14 08:00:00+00:00,2026-08-14 08:00:00+00:00,2026-08-14 08:51:00+00:00,78.0,70.9,7.099999999999994
2026-08-14 09:00:00+00:00,2026-08-14 09:00:00+00:00,2026-08-14 09:51:00+00:00,77.0,70.5,6.5
2026-08-14 10:00:00+00:00,2026-08-14 10:00:00+00:00,2026-08-14 10:51:00+00:00,77.0,70.0,7.0
2026-08-14 11:00:00+00:00,2026-08-14 11:00:00+00:00,2026-08-14 11:51:00+00:00,79.0,72.4,6.599999999999994
2026-08-14 12:00:00+00:00,2026-08-14 12:00:00+00:00,2026-08-14 12:51:00+00:00,83.0,75.2,7.799999999999997
2026-08-14 13:00:00+00:00,2026-08-14 13:00:00+00:00,2026-08-14 13:51:00+00:00,85.0,77.7,7.299999999999997
2026-08-14 14:00:00+00:00,2026-08-14 14:00:00+00:00,2026-08-14 14:51:00+00:00,88.0,79.8,8.200000000000003
2026-08-14 15:00:00+00:00,2026-08-14 15:00:00+00:00,2026-08-14 15:51:00+00:00,91.0,81.8,9.200000000000003
2026-08-14 16:00:00+00:00,2026-08-14 16:00:00+00:00,2026-08-14 16:51:00+00:00,93.0,81.8,11.200000000000003
2026-08-14 17:00:00+00:00,2026-08-14 17:00:00+00:00,2026-08-14 17:51:00+00:00,96.0,83.9,12.099999999999994
2026-08-14 18:00:00+00:00,2026-08-14 18:00:00+00:00,2026-08-14 18:51:00+00:00,95.0,85.5,9.5
2026-08-14 19:00:00+00:00,2026-08-14 19:00:00+00:00,2026-08-14 19:51:00+00:00,98.0,85.6,12.400000000000006
2026-08-14 20:00:00+00:00,2026-08-14 20:00:00+00:00,2026-08-14 20:51:00+00:00,96.0,86.9,9.099999999999994
2026-08-14 21:00:00+00:00,2026-08-14 21:00:00+00:00,2026-08-14 21:51:00+00:00,92.0,84.8,7.200000000000003
2026-08-14 22:00:00+00:00,2026-08-14 22:00:00+00:00,2026-08-14 22:51:00+00:00,87.0,81.8,5.200000000000003
2026-08-14 23:00:00+00:00,2026-08-14 23:00:00+00:00,2026-08-14 23:51:00+00:00,87.0,78.7,8.299999999999997
2026-08-15 00:00:00+00:00,2026-08-15 00:00:00+00:00,2026-08-15 00:51:00+00:00,84.0,77.0,7.0
2026-08-15 01:00:00+00:00,2026-08-15 01:00:00+00:00,2026-08-15 01:51:00+00:00,82.0,75.5,6.5
2026-08-15 02:00:00+00:00,2026-08-15 02:00:00+00:00,2026-08-15 02:51:00+00:00,80.0,74.1,5.900000000000006
2026-08-15 03:00:00+00:00,2026-08-15 03:00:00+00:00,2026-08-15 03:51:00+00:00,80.0,72.5,7.5
2026-08-15 04:00:00+00:00,2026-08-15 04:00:00+00:00,2026-08-15 04:51:00+00:00,80.0,72.0,8.0
2026-08-15 05:00:00+00:00,2026-08-15 05:00:00+00:00,2026-08-15 05:51:00+00:00,81.0,71.3,9.700000000000003
2026-08-15 06:00:00+00:00,2026-08-15 06:00:00+00:00,2026-08-15 06:51:00+00:00,80.0,70.9,9.099999999999994
2026-08-15 07:00:00+00:00,2026-08-15 07:00:00+00:00,2026-08-15 07:51:00+00:00,78.0,70.2,7.799999999999997
2026-08-15 08:00:00+00:00,2026-08-15 08:00:00+00:00,2026-08-15 08:51:00+00:00,77.0,70.0,7.0
2026-08-15 09:00:00+00:00,2026-08-15 09:00:00+00:00,2026-08-15 09:51:00+00:00,75.0,69.8,5.200000000000003
2026-08-15 10:00:00+00:00,2026-08-15 10:00:00+00:00,2026-08-15 10:51:00+00:00,75.0,69.3,5.700000000000003
2026-08-15 11:00:00+00:00,2026-08-15 11:00:00+00:00,2026-08-15 11:51:00+00:00,75.0,71.7,3.299999999999997
2026-08-15 12:00:00+00:00,2026-08-15 12:00:00+00:00,2026-08-15 12:51:00+00:00,76.0,74.6,1.4000000000000057
2026-08-15 13:00:00+00:00,2026-08-15 13:00:00+00:00,2026-08-15 13:51:00+00:00,78.0,77.5,0.5
2026-08-15 14:00:00+00:00,2026-08-15 14:00:00+00:00,2026-08-15 14:51:00+00:00,83.0,80.0,3.0
2026-08-15 15:00:00+00:00,2026-08-15 15:00:00+00:00,2026-08-15 15:51:00+00:00,85.0,82.3,2.700000000000003
2026-08-15 16:00:00+00:00,2026-08-15 16:00:00+00:00,2026-08-15 16:51:00+00:00,87.0,83.9,3.0999999999999943
2026-08-15 17:00:00+00:00,2026-08-15 17:00:00+00:00,2026-08-15 17:51:00+00:00,86.0,84.44444444444444,1.5555555555555571
2026-08-15 18:00:00+00:00,2026-08-15 18:00:00+00:00,2026-08-15 18:51:00+00:00,89.0,85.11111111111111,3.8888888888888857
2026-08-15 19:00:00+00:00,2026-08-15 19:00:00+00:00,2026-08-15 19:51:00+00:00,90.0,85.7,4.299999999999997
2026-08-15 20:00:00+00:00,2026-08-15 20:00:00+00:00,2026-08-15 20:51:00+00:00,90.0,84.4,5.599999999999994
2026-08-15 21:00:00+00:00,2026-08-15 21:00:00+00:00,2026-08-15 21:51:00+00:00,88.0,84.4,3.5999999999999943
2026-08-15 22:00:00+00:00,2026-08-15 22:00:00+00:00,2026-08-15 22:51:00+00:00,87.0,82.2,4.799999999999997
2026-08-15 23:00:00+00:00,2026-08-15 23:00:00+00:00,2026-08-15 23:51:00+00:00,84.0,79.7,4.299999999999997
2026-08-16 00:00:00+00:00,2026-08-16 00:00:00+00:00,2026-08-16 00:51:00+00:00,81.0,77.2,3.799999999999997
2026-08-16 01:00:00+00:00,2026-08-16 01:00:00+00:00,2026-08-16 01:51:00+00:00,82.0,75.5,6.5
2026-08-16 02:00:00+00:00,2026-08-16 02:00:00+00:00,2026-08-16 02:51:00+00:00,82.0,74.7,7.299999999999997
2026-08-16 03:00:00+00:00,2026-08-16 03:00:00+00:00,2026-08-16 03:51:00+00:00,81.0,73.8,7.200000000000003
2026-08-16 04:00:00+00:00,2026-08-16 04:00:00+00:00,2026-08-16 04:51:00+00:00,80.0,74.0,6.0
2026-08-16 05:00:00+00:00,2026-08-16 05:00:00+00:00,2026-08-16 05:51:00+00:00,79.0,71.7,7.299999999999997
2026-08-16 06:00:00+00:00,2026-08-16 06:00:00+00:00,2026-08-16 06:51:00+00:00,79.0,70.8,8.200000000000003
2026-08-16 07:00:00+00:00,2026-08-16 07:00:00+00:00,2026-08-16 07:51:00+00:00,78.0,70.4,7.599999999999994
2026-08-16 08:00:00+00:00,2026-08-16 08:00:00+00:00,2026-08-16 08:51:00+00:00,77.0,69.8,7.200000000000003
2026-08-16 09:00:00+00:00,2026-08-16 09:00:00+00:00,2026-08-16 09:51:00+00:00,77.0,69.1,7.900000000000006
2026-08-16 10:00:00+00:00,2026-08-16 10:00:00+00:00,2026-08-16 10:51:00+00:00,77.0,69.3,7.700000000000003
2026-08-16 11:00:00+00:00,2026-08-16 11:00:00+00:00,2026-08-16 11:51:00+00:00,78.0,71.8,6.200000000000003
2026-08-16 12:00:00+00:00,2026-08-16 12:00:00+00:00,2026-08-16 12:51:00+00:00,79.0,74.7,4.299999999999997
2026-08-16 13:00:00+00:00,2026-08-16 13:00:00+00:00,2026-08-16 13:51:00+00:00,80.0,77.6,2.4000000000000057
2026-08-16 14:00:00+00:00,2026-08-16 14:00:00+00:00,2026-08-16 14:51:00+00:00,82.0,80.2,1.7999999999999972
2026-08-16 15:00:00+00:00,2026-08-16 15:00:00+00:00,2026-08-16 15:51:00+00:00,84.0,81.9,2.0999999999999943
2026-08-16 16:00:00+00:00,2026-08-16 16:00:00+00:00,2026-08-16 16:51:00+00:00,88.0,83.9,4.099999999999994
2026-08-16 17:00:00+00:00,2026-08-16 17:00:00+00:00,2026-08-16 17:51:00+00:00,91.0,83.9,7.099999999999994
2026-08-16 18:00:00+00:00,2026-08-16 18:00:00+00:00,2026-08-16 18:51:00+00:00,92.0,85.0,7.0
2026-08-16 19:00:00+00:00,2026-08-16 19:00:00+00:00,2026-08-16 19:51:00+00:00,87.0,84.6,2.4000000000000057
2026-08-16 20:00:00+00:00,2026-08-16 20:00:00+00:00,2026-08-16 20:51:00+00:00,85.0,85.0,0.0
2026-08-16 21:00:00+00:00,2026-08-16 21:00:00+00:00,2026-08-16 21:51:00+00:00,85.0,84.7,0.29999999999999716
2026-08-16 22:00:00+00:00,2026-08-16 22:00:00+00:00,2026-08-16 22:51:00+00:00,85.0,83.0,2.0
2026-08-16 23:00:00+00:00,2026-08-16 23:00:00+00:00,2026-08-16 23:51:00+00:00,84.0,79.9,4.099999999999994
2026-08-17 00:00:00+00:00,2026-08-17 00:00:00+00:00,2026-08-17 00:51:00+00:00,82.0,77.3,4.700000000000003
2026-08-17 01:00:00+00:00,2026-08-17 01:00:00+00:00,2026-08-17 01:51:00+00:00,82.0,75.3,6.700000000000003
2026-08-17 02:00:00+00:00,2026-08-17 02:00:00+00:00,2026-08-17 02:51:00+00:00,80.0,74.6,5.400000000000006
2026-08-17 03:00:00+00:00,2026-08-17 03:00:00+00:00,2026-08-17 03:51:00+00:00,80.0,74.0,6.0
2026-08-17 04:00:00+00:00,2026-08-17 04:00:00+00:00,2026-08-17 04:51:00+00:00,79.0,72.9,6.099999999999994
2026-08-17 05:00:00+00:00,2026-08-17 05:00:00+00:00,2026-08-17 05:51:00+00:00,79.0,72.1,6.900000000000006
2026-08-17 06:00:00+00:00,2026-08-17 06:00:00+00:00,2026-08-17 06:51:00+00:00,79.0,71.7,7.299999999999997
2026-08-17 07:00:00+00:00,2026-08-17 07:00:00+00:00,2026-08-17 07:51:00+00:00,78.0,71.1,6.900000000000006
2026-08-17 08:00:00+00:00,2026-08-17 08:00:00+00:00,2026-08-17 08:51:00+00:00,77.0,70.5,6.5
2026-08-17 09:00:00+00:00,2026-08-17 09:00:00+00:00,2026-08-17 09:51:00+00:00,77.0,70.46000000000001,6.539999999999992
2026-08-17 10:00:00+00:00,2026-08-17 10:00:00+00:00,2026-08-17 10:51:00+00:00,77.0,70.4,6.599999999999994
2026-08-17 11:00:00+00:00,2026-08-17 11:00:00+00:00,2026-08-17 11:51:00+00:00,79.0,72.6,6.400000000000006
2026-08-17 12:00:00+00:00,2026-08-17 12:00:00+00:00,2026-08-17 12:51:00+00:00,82.0,76.3,5.700000000000003
2026-08-17 13:00:00+00:00,2026-08-17 13:00:00+00:00,2026-08-17 13:51:00+00:00,86.0,79.8,6.200000000000003
2026-08-17 14:00:00+00:00,2026-08-17 14:00:00+00:00,2026-08-17 14:51:00+00:00,89.0,82.6,6.400000000000006
2026-08-17 15:00:00+00:00,2026-08-17 15:00:00+00:00,2026-08-17 15:51:00+00:00,92.0,84.6,7.400000000000006
2026-08-17 16:00:00+00:00,2026-08-17 16:00:00+00:00,2026-08-17 16:51:00+00:00,93.0,86.5,6.5
2026-08-17 17:00:00+00:00,2026-08-17 17:00:00+00:00,2026-08-17 17:51:00+00:00,94.0,87.1,6.900000000000006
2026-08-17 18:00:00+00:00,2026-08-17 18:00:00+00:00,2026-08-17 18:51:00+00:00,96.0,87.9,8.099999999999994
2026-08-17 19:00:00+00:00,2026-08-17 19:00:00+00:00,2026-08-17 19:51:00+00:00,96.0,87.3,8.700000000000003
2026-08-17 20:00:00+00:00,2026-08-17 20:00:00+00:00,2026-08-17 20:51:00+00:00,97.0,86.5,10.5
2026-08-17 21:00:00+00:00,2026-08-17 21:00:00+00:00,2026-08-17 21:51:00+00:00,93.0,85.4,7.599999999999994
2026-08-17 22:00:00+00:00,2026-08-17 22:00:00+00:00,2026-08-17 22:51:00+00:00,79.0,82.1,-3.0999999999999943
2026-08-17 23:00:00+00:00,2026-08-17 23:00:00+00:00,2026-08-17 23:51:00+00:00,80.0,80.2,-0.20000000000000284
2026-08-18 00:00:00+00:00,2026-08-18 00:00:00+00:00,2026-08-18 00:51:00+00:00,80.0,77.6,2.4000000000000057
2026-08-18 01:00:00+00:00,2026-08-18 01:00:00+00:00,2026-08-18 01:51:00+00:00,79.0,76.3,2.700000000000003
2026-08-18 02:00:00+00:00,2026-08-18 02:00:00+00:00,2026-08-18 02:51:00+00:00,80.0,74.7,5.299999999999997
2026-08-18 03:00:00+00:00,2026-08-18 03:00:00+00:00,2026-08-18 03:51:00+00:00,79.0,74.9,4.099999999999994
2026-08-18 04:00:00+00:00,2026-08-18 04:00:00+00:00,2026-08-18 04:51:00+00:00,80.0,74.3,5.700000000000003
2026-08-18 05:00:00+00:00,2026-08-18 05:00:00+00:00,2026-08-18 05:51:00+00:00,80.0,73.4,6.599999999999994
2026-08-18 06:00:00+00:00,2026-08-18 06:00:00+00:00,2026-08-18 06:51:00+00:00,78.0,73.3,4.700000000000003
2026-08-18 07:00:00+00:00,2026-08-18 07:00:00+00:00,2026-08-18 07:51:00+00:00,76.0,72.6,3.4000000000000057
2026-08-18 08:00:00+00:00,2026-08-18 08:00:00+00:00,2026-08-18 08:51:00+00:00,76.0,72.8,3.200000000000003
2026-08-18 09:00:00+00:00,2026-08-18 09:00:00+00:00,2026-08-18 09:51:00+00:00,76.0,72.3,3.700000000000003
2026-08-18 10:00:00+00:00,2026-08-18 10:00:00+00:00,2026-08-18 10:51:00+00:00,76.0,72.0,4.0
2026-08-18 11:00:00+00:00,2026-08-18 11:00:00+00:00,2026-08-18 11:51:00+00:00,77.0,73.3,3.700000000000003
2026-08-18 12:00:00+00:00,2026-08-18 12:00:00+00:00,2026-08-18 12:51:00+00:00,80.0,75.8,4.200000000000003
2026-08-18 13:00:00+00:00,2026-08-18 13:00:00+00:00,2026-08-18 13:51:00+00:00,85.0,78.4,6.599999999999994
2026-08-18 14:00:00+00:00,2026-08-18 14:00:00+00:00,2026-08-18 14:51:00+00:00,87.0,81.1,5.900000000000006
2026-08-18 15:00:00+00:00,2026-08-18 15:00:00+00:00,2026-08-18 15:51:00+00:00,89.0,83.1,5.900000000000006
2026-08-18 16:00:00+00:00,2026-08-18 16:00:00+00:00,2026-08-18 16:51:00+00:00,90.0,84.3,5.700000000000003
2026-08-18 17:00:00+00:00,2026-08-18 17:00:00+00:00,2026-08-18 17:51:00+00:00,91.0,85.7,5.299999999999997
2026-08-18 18:00:00+00:00,2026-08-18 18:00:00+00:00,2026-08-18 18:51:00+00:00,92.0,86.3,5.700000000000003
2026-08-18 19:00:00+00:00,2026-08-18 19:00:00+00:00,2026-08-18 19:51:00+00:00,92.0,87.0,5.0
2026-08-18 20:00:00+00:00,2026-08-18 20:00:00+00:00,2026-08-18 20:51:00+00:00,93.0,86.2,6.799999999999997
2026-08-18 21:00:00+00:00,2026-08-18 21:00:00+00:00,2026-08-18 21:51:00+00:00,92.0,85.8,6.200000000000003
2026-08-18 22:00:00+00:00,2026-08-18 22:00:00+00:00,2026-08-18 22:51:00+00:00,88.0,83.2,4.799999999999997
2026-08-18 23:00:00+00:00,2026-08-18 23:00:00+00:00,2026-08-18 23:51:00+00:00,86.0,79.8,6.200000000000003
2026-08-19 00:00:00+00:00,2026-08-19 00:00:00+00:00,2026-08-19 00:51:00+00:00,83.0,78.4,4.599999999999994
2026-08-19 01:00:00+00:00,2026-08-19 01:00:00+00:00,2026-08-19 01:51:00+00:00,81.0,76.6,4.400000000000006
2026-08-19 02:00:00+00:00,2026-08-19 02:00:00+00:00,2026-08-19 02:51:00+00:00,81.0,75.9,5.099999999999994
2026-08-19 03:00:00+00:00,2026-08-19 03:00:00+00:00,2026-08-19 03:51:00+00:00,79.0,75.2,3.799999999999997
2026-08-19 04:00:00+00:00,2026-08-19 04:00:00+00:00,2026-08-19 04:51:00+00:00,77.0,74.2,2.799999999999997
2026-08-19 05:00:00+00:00,2026-08-19 05:00:00+00:00,2026-08-19 05:51:00+00:00,75.0,73.4,1.5999999999999943
2026-08-19 06:00:00+00:00,2026-08-19 06:00:00+00:00,2026-08-19 06:51:00+00:00,74.0,73.1,0.9000000000000057
2026-08-19 07:00:00+00:00,2026-08-19 07:00:00+00:00,2026-08-19 07:51:00+00:00,75.0,72.3,2.700000000000003
2026-08-19 08:00:00+00:00,2026-08-19 08:00:00+00:00,2026-08-19 08:51:00+00:00,74.0,72.3,1.7000000000000028
2026-08-19 09:00:00+00:00,2026-08-19 09:00:00+00:00,2026-08-19 09:51:00+00:00,73.0,71.5,1.5
2026-08-19 10:00:00+00:00,2026-08-19 10:00:00+00:00,2026-08-19 10:51:00+00:00,73.0,72.0,1.0
2026-08-19 11:00:00+00:00,2026-08-19 11:00:00+00:00,2026-08-19 11:51:00+00:00,76.0,73.1,2.9000000000000057
2026-08-19 12:00:00+00:00,2026-08-19 12:00:00+00:00,2026-08-19 12:51:00+00:00,79.0,75.0,4.0
2026-08-19 13:00:00+00:00,2026-08-19 13:00:00+00:00,2026-08-19 13:51:00+00:00,82.0,76.9,5.099999999999994
2026-08-19 14:00:00+00:00,2026-08-19 14:00:00+00:00,2026-08-19 14:51:00+00:00,86.0,79.1,6.900000000000006
2026-08-19 15:00:00+00:00,2026-08-19 15:00:00+00:00,2026-08-19 15:51:00+00:00,88.0,81.3,6.700000000000003
2026-08-19 16:00:00+00:00,2026-08-19 16:00:00+00:00,2026-08-19 16:51:00+00:00,89.0,82.9,6.099999999999994
2026-08-19 17:00:00+00:00,2026-08-19 17:00:00+00:00,2026-08-19 17:51:00+00:00,92.0,84.4,7.599999999999994
2026-08-19 18:00:00+00:00,2026-08-19 18:00:00+00:00,2026-08-19 18:51:00+00:00,93.0,83.7,9.299999999999997
2026-08-19 19:00:00+00:00,2026-08-19 19:00:00+00:00,2026-08-19 19:51:00+00:00,93.0,83.4,9.599999999999994
2026-08-19 20:00:00+00:00,2026-08-19 20:00:00+00:00,2026-08-19 20:51:00+00:00,93.0,83.3,9.700000000000003
2026-08-19 21:00:00+00:00,2026-08-19 21:00:00+00:00,2026-08-19 21:51:00+00:00,92.0,83.11111111111111,8.888888888888886
2026-08-19 22:00:00+00:00,2026-08-19 22:00:00+00:00,2026-08-19 22:51:00+00:00,91.0,80.3,10.700000000000003
2026-08-19 23:00:00+00:00,2026-08-19 23:00:00+00:00,2026-08-19 23:51:00+00:00,88.0,78.1,9.900000000000006
2026-08-20 00:00:00+00:00,2026-08-20 00:00:00+00:00,2026-08-20 00:51:00+00:00,85.0,75.7,9.299999999999997
2026-08-20 01:00:00+00:00,2026-08-20 01:00:00+00:00,2026-08-20 01:51:00+00:00,81.0,75.0,6.0
2026-08-20 02:00:00+00:00,2026-08-20 02:00:00+00:00,2026-08-20 02:51:00+00:00,79.0,73.6,5.400000000000006
2026-08-20 03:00:00+00:00,2026-08-20 03:00:00+00:00,2026-08-20 03:51:00+00:00,78.0,72.5,5.5
2026-08-20 04:00:00+00:00,2026-08-20 04:00:00+00:00,2026-08-20 04:51:00+00:00,77.0,71.9,5.099999999999994
2026-08-20 05:00:00+00:00,2026-08-20 05:00:00+00:00,2026-08-20 05:51:00+00:00,76.0,71.9,4.099999999999994
2026-08-20 06:00:00+00:00,2026-08-20 06:00:00+00:00,2026-08-20 06:51:00+00:00,75.0,71.5,3.5
2026-08-20 07:00:00+00:00,2026-08-20 07:00:00+00:00,2026-08-20 07:51:00+00:00,75.0,70.9,4.099999999999994
2026-08-20 08:00:00+00:00,2026-08-20 08:00:00+00:00,2026-08-20 08:51:00+00:00,75.0,70.9,4.099999999999994
2026-08-20 09:00:00+00:00,2026-08-20 09:00:00+00:00,2026-08-20 09:51:00+00:00,74.0,70.8,3.200000000000003
2026-08-20 10:00:00+00:00,2026-08-20 10:00:00+00:00,2026-08-20 10:51:00+00:00,76.0,70.66666666666667,5.333333333333329
2026-08-20 11:00:00+00:00,2026-08-20 11:00:00+00:00,2026-08-20 11:51:00+00:00,77.0,72.2,4.799999999999997
2026-08-20 12:00:00+00:00,2026-08-20 12:00:00+00:00,2026-08-20 12:51:00+00:00,81.0,74.56,6.439999999999998
2026-08-20 13:00:00+00:00,2026-08-20 13:00:00+00:00,2026-08-20 13:51:00+00:00,86.0,77.3,8.700000000000003
2026-08-20 14:00:00+00:00,2026-08-20 14:00:00+00:00,2026-08-20 14:51:00+00:00,88.0,79.8,8.200000000000003
2026-08-20 15:00:00+00:00,2026-08-20 15:00:00+00:00,2026-08-20 15:51:00+00:00,91.0,82.1,8.900000000000006
2026-08-20 16:00:00+00:00,2026-08-20 16:00:00+00:00,2026-08-20 16:51:00+00:00,92.0,83.1,8.900000000000006
2026-08-20 17:00:00+00:00,2026-08-20 17:00:00+00:00,2026-08-20 17:51:00+00:00,95.0,84.9,10.099999999999994
2026-08-20 18:00:00+00:00,2026-08-20 18:00:00+00:00,2026-08-20 18:51:00+00:00,84.0,86.6,-2.5999999999999943
2026-08-20 19:00:00+00:00,2026-08-20 19:00:00+00:00,2026-08-20 19:51:00+00:00,87.0,86.2,0.7999999999999972
2026-08-20 20:00:00+00:00,2026-08-20 20:00:00+00:00,2026-08-20 20:51:00+00:00,91.0,86.7,4.299999999999997
2026-08-20 21:00:00+00:00,2026-08-20 21:00:00+00:00,2026-08-20 21:51:00+00:00,91.0,84.6,6.400000000000006
2026-08-20 22:00:00+00:00,2026-08-20 22:00:00+00:00,2026-08-20 22:51:00+00:00,88.0,83.6,4.400000000000006
2026-08-20 23:00:00+00:00,2026-08-20 23:00:00+00:00,2026-08-20 23:51:00+00:00,85.0,80.5,4.5
2026-08-21 00:00:00+00:00,2026-08-21 00:00:00+00:00,2026-08-21 00:51:00+00:00,84.0,78.2,5.799999999999997
2026-08-21 01:00:00+00:00,2026-08-21 01:00:00+00:00,2026-08-21 01:51:00+00:00,82.0,77.0,5.0
2026-08-21 02:00:00+00:00,2026-08-21 02:00:00+00:00,2026-08-21 02:51:00+00:00,82.0,76.3,5.700000000000003
2026-08-21 03:00:00+00:00,2026-08-21 03:00:00+00:00,2026-08-21 03:51:00+00:00,81.0,75.7,5.299999999999997
2026-08-21 04:00:00+00:00,2026-08-21 04:00:00+00:00,2026-08-21 04:51:00+00:00,80.0,75.1,4.900000000000006
2026-08-21 05:00:00+00:00,2026-08-21 05:00:00+00:00,2026-08-21 05:51:00+00:00,78.0,74.22222222222223,3.7777777777777715
2026-08-21 06:00:00+00:00,2026-08-21 06:00:00+00:00,2026-08-21 06:51:00+00:00,79.0,73.9,5.099999999999994
2026-08-21 07:00:00+00:00,2026-08-21 07:00:00+00:00,2026-08-21 07:51:00+00:00,78.0,73.3,4.700000000000003
2026-08-21 08:00:00+00:00,2026-08-21 08:00:00+00:00,2026-08-21 08:51:00+00:00,78.0,73.2,4.799999999999997
2026-08-21 09:00:00+00:00,2026-08-21 09:00:00+00:00,2026-08-21 09:51:00+00:00,75.0,73.2,1.7999999999999972
2026-08-21 10:00:00+00:00,2026-08-21 10:00:00+00:00,2026-08-21 10:51:00+00:00,74.0,72.9,1.0999999999999943
2026-08-21 11:00:00+00:00,2026-08-21 11:00:00+00:00,2026-08-21 11:51:00+00:00,75.0,74.4,0.5999999999999943
2026-08-21 12:00:00+00:00,2026-08-21 12:00:00+00:00,2026-08-21 12:51:00+00:00,75.0,76.8,-1.7999999999999972
2026-08-21 13:00:00+00:00,2026-08-21 13:00:00+00:00,2026-08-21 13:51:00+00:00,77.0,79.7,-2.700000000000003
2026-08-21 14:00:00+00:00,2026-08-21 14:00:00+00:00,2026-08-21 14:51:00+00:00,78.0,81.8,-3.799999999999997
2026-08-21 15:00:00+00:00,2026-08-21 15:00:00+00:00,2026-08-21 15:51:00+00:00,77.0,84.0,-7.0
2026-08-21 16:00:00+00:00,2026-08-21 16:00:00+00:00,2026-08-21 16:51:00+00:00,76.0,85.6,-9.599999999999994
2026-08-21 17:00:00+00:00,2026-08-21 17:00:00+00:00,2026-08-21 17:51:00+00:00,78.0,86.2,-8.200000000000003
2026-08-21 18:00:00+00:00,2026-08-21 18:00:00+00:00,2026-08-21 18:51:00+00:00,81.0,86.4,-5.400000000000006
2026-08-21 19:00:00+00:00,2026-08-21 19:00:00+00:00,2026-08-21 19:51:00+00:00,80.0,87.4,-7.400000000000006
2026-08-21 20:00:00+00:00,2026-08-21 20:00:00+00:00,2026-08-21 20:51:00+00:00,80.0,86.9,-6.900000000000006
2026-08-21 21:00:00+00:00,2026-08-21 21:00:00+00:00,2026-08-21 21:51:00+00:00,78.0,86.0,-8.0
2026-08-21 22:00:00+00:00,2026-08-21 22:00:00+00:00,2026-08-21 22:51:00+00:00,77.0,83.6,-6.599999999999994
2026-08-21 23:00:00+00:00,2026-08-21 23:00:00+00:00,2026-08-21 23:51:00+00:00,69.0,78.1,-9.099999999999994
2026-08-22 00:00:00+00:00,2026-08-22 00:00:00+00:00,2026-08-22 00:51:00+00:00,70.0,75.46000000000001,-5.460000000000008
2026-08-22 01:00:00+00:00,2026-08-22 01:00:00+00:00,2026-08-22 01:51:00+00:00,72.0,75.4,-3.4000000000000057
2026-08-22 02:00:00+00:00,2026-08-22 02:00:00+00:00,2026-08-22 02:51:00+00:00,72.0,74.6,-2.5999999999999943
2026-08-22 03:00:00+00:00,2026-08-22 03:00:00+00:00,2026-08-22 03:51:00+00:00,71.0,74.3,-3.299999999999997
2026-08-22 04:00:00+00:00,2026-08-22 04:00:00+00:00,2026-08-22 04:51:00+00:00,71.0,73.9,-2.9000000000000057
2026-08-22 05:00:00+00:00,2026-08-22 05:00:00+00:00,2026-08-22 05:51:00+00:00,70.0,73.4,-3.4000000000000057
2026-08-22 06:00:00+00:00,2026-08-22 06:00:00+00:00,2026-08-22 06:51:00+00:00,70.0,72.6,-2.5999999999999943
2026-08-22 07:00:00+00:00,2026-08-22 07:00:00+00:00,2026-08-22 07:51:00+00:00,70.0,72.1,-2.0999999999999943
2026-08-22 08:00:00+00:00,2026-08-22 08:00:00+00:00,2026-08-22 08:51:00+00:00,70.0,71.5,-1.5
2026-08-22 09:00:00+00:00,2026-08-22 09:00:00+00:00,2026-08-22 09:51:00+00:00,69.0,71.0,-2.0
2026-08-22 10:00:00+00:00,2026-08-22 10:00:00+00:00,2026-08-22 10:51:00+00:00,69.0,70.8,-1.7999999999999972
2026-08-22 11:00:00+00:00,2026-08-22 11:00:00+00:00,2026-08-22 11:51:00+00:00,70.0,72.9,-2.9000000000000057
2026-08-22 12:00:00+00:00,2026-08-22 12:00:00+00:00,2026-08-22 12:51:00+00:00,71.0,75.5,-4.5
2026-08-22 13:00:00+00:00,2026-08-22 13:00:00+00:00,2026-08-22 13:51:00+00:00,74.0,78.9,-4.900000000000006
2026-08-22 14:00:00+00:00,2026-08-22 14:00:00+00:00,2026-08-22 14:51:00+00:00,75.0,82.2,-7.200000000000003
2026-08-22 15:00:00+00:00,2026-08-22 15:00:00+00:00,2026-08-22 15:51:00+00:00,78.0,84.2,-6.200000000000003
2026-08-22 16:00:00+00:00,2026-08-22 16:00:00+00:00,2026-08-22 16:51:00+00:00,79.0,85.7,-6.700000000000003
2026-08-22 17:00:00+00:00,2026-08-22 17:00:00+00:00,2026-08-22 17:51:00+00:00,80.0,86.8,-6.799999999999997
2026-08-22 18:00:00+00:00,2026-08-22 18:00:00+00:00,2026-08-22 18:51:00+00:00,81.0,86.1,-5.099999999999994
2026-08-22 19:00:00+00:00,2026-08-22 19:00:00+00:00,2026-08-22 19:51:00+00:00,83.0,85.4,-2.4000000000000057
2026-08-22 20:00:00+00:00,2026-08-22 20:00:00+00:00,2026-08-22 20:51:00+00:00,84.0,84.3,-0.29999999999999716
2026-08-22 21:00:00+00:00,2026-08-22 21:00:00+00:00,2026-08-22 21:51:00+00:00,83.0,84.1,-1.0999999999999943
2026-08-22 22:00:00+00:00,2026-08-22 22:00:00+00:00,2026-08-22 22:51:00+00:00,83.0,82.3,0.7000000000000028
2026-08-22 23:00:00+00:00,2026-08-22 23:00:00+00:00,2026-08-22 23:51:00+00:00,81.0,78.78,2.219999999999999
2026-08-23 00:00:00+00:00,2026-08-23 00:00:00+00:00,2026-08-23 00:51:00+00:00,79.0,76.55555555555556,2.444444444444443
2026-08-23 01:00:00+00:00,2026-08-23 01:00:00+00:00,2026-08-23 01:51:00+00:00,77.0,75.6,1.4000000000000057
2026-08-23 02:00:00+00:00,2026-08-23 02:00:00+00:00,2026-08-23 02:51:00+00:00,77.0,75.0,2.0
2026-08-23 03:00:00+00:00,2026-08-23 03:00:00+00:00,2026-08-23 03:51:00+00:00,75.0,74.1,0.9000000000000057
2026-08-23 04:00:00+00:00,2026-08-23 04:00:00+00:00,2026-08-23 04:51:00+00:00,73.0,72.9,0.09999999999999432
2026-08-23 05:00:00+00:00,2026-08-23 05:00:00+00:00,2026-08-23 05:51:00+00:00,71.0,72.4,-1.4000000000000057
2026-08-23 06:00:00+00:00,2026-08-23 06:00:00+00:00,2026-08-23 06:51:00+00:00,70.0,71.6,-1.5999999999999943
2026-08-23 07:00:00+00:00,2026-08-23 07:00:00+00:00,2026-08-23 07:51:00+00:00,70.0,70.9,-0.9000000000000057
2026-08-23 08:00:00+00:00,2026-08-23 08:00:00+00:00,2026-08-23 08:51:00+00:00,69.0,70.4,-1.4000000000000057
2026-08-23 09:00:00+00:00,2026-08-23 09:00:00+00:00,2026-08-23 09:51:00+00:00,68.0,69.5,-1.5
2026-08-23 10:00:00+00:00,2026-08-23 10:00:00+00:00,2026-08-23 10:51:00+00:00,69.0,69.2,-0.20000000000000284
2026-08-23 11:00:00+00:00,2026-08-23 11:00:00+00:00,2026-08-23 11:51:00+00:00,71.0,70.8,0.20000000000000284
2026-08-23 12:00:00+00:00,2026-08-23 12:00:00+00:00,2026-08-23 12:51:00+00:00,74.0,74.0,0.0
2026-08-23 13:00:00+00:00,2026-08-23 13:00:00+00:00,2026-08-23 13:51:00+00:00,78.0,77.2,0.7999999999999972
2026-08-23 14:00:00+00:00,2026-08-23 14:00:00+00:00,2026-08-23 14:51:00+00:00,82.0,79.7,2.299999999999997
2026-08-23 15:00:00+00:00,2026-08-23 15:00:00+00:00,2026-08-23 15:51:00+00:00,83.0,81.7,1.2999999999999972
2026-08-23 16:00:00+00:00,2026-08-23 16:00:00+00:00,2026-08-23 16:51:00+00:00,85.0,83.8,1.2000000000000028
2026-08-23 17:00:00+00:00,2026-08-23 17:00:00+00:00,2026-08-23 17:51:00+00:00,86.0,85.6,0.4000000000000057
2026-08-23 18:00:00+00:00,2026-08-23 18:00:00+00:00,2026-08-23 18:51:00+00:00,87.0,84.5,2.5
2026-08-23 19:00:00+00:00,2026-08-23 19:00:00+00:00,2026-08-23 19:51:00+00:00,86.0,84.7,1.2999999999999972
2026-08-23 20:00:00+00:00,2026-08-23 20:00:00+00:00,2026-08-23 20:51:00+00:00,86.0,84.4,1.5999999999999943
2026-08-23 21:00:00+00:00,2026-08-23 21:00:00+00:00,2026-08-23 21:51:00+00:00,86.0,83.0,3.0
2026-08-23 22:00:00+00:00,2026-08-23 22:00:00+00:00,2026-08-23 22:51:00+00:00,84.0,81.7,2.299999999999997
2026-08-23 23:00:00+00:00,2026-08-23 23:00:00+00:00,2026-08-23 23:51:00+00:00,80.0,78.3,1.7000000000000028
2026-08-24 00:00:00+00:00,2026-08-24 00:00:00+00:00,2026-08-24 00:51:00+00:00,74.0,75.0,-1.0
2026-08-24 01:00:00+00:00,2026-08-24 01:00:00+00:00,2026-08-24 01:51:00+00:00,73.0,73.66666666666667,-0.6666666666666714
2026-08-24 02:00:00+00:00,2026-08-24 02:00:00+00:00,2026-08-24 02:51:00+00:00,72.0,72.9,-0.9000000000000057
2026-08-24 03:00:00+00:00,2026-08-24 03:00:00+00:00,2026-08-24 03:51:00+00:00,71.0,72.4,-1.4000000000000057
2026-08-24 04:00:00+00:00,2026-08-24 04:00:00+00:00,2026-08-24 04:51:00+00:00,69.0,71.4,-2.4000000000000057
2026-08-24 05:00:00+00:00,2026-08-24 05:00:00+00:00,2026-08-24 05:51:00+00:00,67.0,70.6,-3.5999999999999943
2026-08-24 06:00:00+00:00,2026-08-24 06:00:00+00:00,2026-08-24 06:51:00+00:00,67.0,69.9,-2.9000000000000057
2026-08-24 07:00:00+00:00,2026-08-24 07:00:00+00:00,2026-08-24 07:51:00+00:00,65.0,69.6,-4.599999999999994
2026-08-24 08:00:00+00:00,2026-08-24 08:00:00+00:00,2026-08-24 08:51:00+00:00,65.0,68.7,-3.700000000000003
2026-08-24 09:00:00+00:00,2026-08-24 09:00:00+00:00,2026-08-24 09:51:00+00:00,66.0,68.1,-2.0999999999999943
2026-08-24 10:00:00+00:00,2026-08-24 10:00:00+00:00,2026-08-24 10:51:00+00:00,67.0,67.6,-0.5999999999999943
2026-08-24 11:00:00+00:00,2026-08-24 11:00:00+00:00,2026-08-24 11:51:00+00:00,69.0,69.9,-0.9000000000000057
2026-08-24 12:00:00+00:00,2026-08-24 12:00:00+00:00,2026-08-24 12:51:00+00:00,75.0,72.5,2.5
2026-08-24 13:00:00+00:00,2026-08-24 13:00:00+00:00,2026-08-24 13:51:00+00:00,80.0,74.9,5.099999999999994
2026-08-24 14:00:00+00:00,2026-08-24 14:00:00+00:00,2026-08-24 14:51:00+00:00,82.0,77.5,4.5
2026-08-24 15:00:00+00:00,2026-08-24 15:00:00+00:00,2026-08-24 15:51:00+00:00,84.0,79.0,5.0
2026-08-24 16:00:00+00:00,2026-08-24 16:00:00+00:00,2026-08-24 16:51:00+00:00,85.0,79.7,5.299999999999997
2026-08-24 17:00:00+00:00,2026-08-24 17:00:00+00:00,2026-08-24 17:51:00+00:00,87.0,80.0,7.0
2026-08-24 18:00:00+00:00,2026-08-24 18:00:00+00:00,2026-08-24 18:51:00+00:00,88.0,79.9,8.099999999999994
2026-08-24 19:00:00+00:00,2026-08-24 19:00:00+00:00,2026-08-24 19:51:00+00:00,88.0,80.0,8.0
2026-08-24 20:00:00+00:00,2026-08-24 20:00:00+00:00,2026-08-24 20:51:00+00:00,87.0,79.6,7.400000000000006
2026-08-24 21:00:00+00:00,2026-08-24 21:00:00+00:00,2026-08-24 21:51:00+00:00,87.0,79.8,7.200000000000003
2026-08-24 22:00:00+00:00,2026-08-24 22:00:00+00:00,2026-08-24 22:51:00+00:00,86.0,78.5,7.5
2026-08-24 23:00:00+00:00,2026-08-24 23:00:00+00:00,2026-08-24 23:51:00+00:00,82.0,75.4,6.599999999999994
2026-08-25 00:00:00+00:00,2026-08-25 00:00:00+00:00,2026-08-25 00:51:00+00:00,78.0,73.33333333333333,4.666666666666671
2026-08-25 01:00:00+00:00,2026-08-25 01:00:00+00:00,2026-08-25 01:51:00+00:00,77.0,72.5,4.5
2026-08-25 02:00:00+00:00,2026-08-25 02:00:00+00:00,2026-08-25 02:51:00+00:00,74.0,71.3,2.700000000000003
2026-08-25 03:00:00+00:00,2026-08-25 03:00:00+00:00,2026-08-25 03:51:00+00:00,74.0,71.4,2.5999999999999943
2026-08-25 04:00:00+00:00,2026-08-25 04:00:00+00:00,2026-08-25 04:51:00+00:00,72.0,70.3,1.7000000000000028
2026-08-25 05:00:00+00:00,2026-08-25 05:00:00+00:00,2026-08-25 05:51:00+00:00,70.0,68.9,1.0999999999999943
2026-08-25 06:00:00+00:00,2026-08-25 06:00:00+00:00,2026-08-25 06:51:00+00:00,68.0,67.6,0.4000000000000057
2026-08-25 07:00:00+00:00,2026-08-25 07:00:00+00:00,2026-08-25 07:51:00+00:00,67.0,67.2,-0.20000000000000284
2026-08-25 08:00:00+00:00,2026-08-25 08:00:00+00:00,2026-08-25 08:51:00+00:00,66.0,66.7,-0.7000000000000028
2026-08-25 09:00:00+00:00,2026-08-25 09:00:00+00:00,2026-08-25 09:51:00+00:00,65.0,66.7,-1.7000000000000028
2026-08-25 10:00:00+00:00,2026-08-25 10:00:00+00:00,2026-08-25 10:51:00+00:00,64.0,66.2,-2.200000000000003
2026-08-25 11:00:00+00:00,2026-08-25 11:00:00+00:00,2026-08-25 11:51:00+00:00,66.0,68.1,-2.0999999999999943
2026-08-25 12:00:00+00:00,2026-08-25 12:00:00+00:00,2026-08-25 12:51:00+00:00,69.0,71.8,-2.799999999999997
2026-08-25 13:00:00+00:00,2026-08-25 13:00:00+00:00,2026-08-25 13:51:00+00:00,73.0,74.6,-1.5999999999999943
2026-08-25 14:00:00+00:00,2026-08-25 14:00:00+00:00,2026-08-25 14:51:00+00:00,76.0,77.0,-1.0
2026-08-25 15:00:00+00:00,2026-08-25 15:00:00+00:00,2026-08-25 15:51:00+00:00,78.0,79.6,-1.5999999999999943
2026-08-25 16:00:00+00:00,2026-08-25 16:00:00+00:00,2026-08-25 16:51:00+00:00,81.0,80.6,0.4000000000000057
2026-08-25 17:00:00+00:00,2026-08-25 17:00:00+00:00,2026-08-25 17:51:00+00:00,82.0,82.1,-0.09999999999999432
2026-08-25 18:00:00+00:00,2026-08-25 18:00:00+00:00,2026-08-25 18:51:00+00:00,83.0,81.9,1.0999999999999943
2026-08-25 19:00:00+00:00,2026-08-25 19:00:00+00:00,2026-08-25 19:51:00+00:00,85.0,82.6,2.4000000000000057
2026-08-25 20:00:00+00:00,2026-08-25 20:00:00+00:00,2026-08-25 20:51:00+00:00,84.0,82.4,1.5999999999999943
2026-08-25 21:00:00+00:00,2026-08-25 21:00:00+00:00,2026-08-25 21:51:00+00:00,84.0,82.0,2.0
2026-08-25 22:00:00+00:00,2026-08-25 22:00:00+00:00,2026-08-25 22:51:00+00:00,82.0,80.3,1.7000000000000028
2026-08-25 23:00:00+00:00,2026-08-25 23:00:00+00:00,2026-08-25 23:51:00+00:00,77.0,77.0,0.0
2026-08-26 00:00:00+00:00,2026-08-26 00:00:00+00:00,2026-08-26 00:51:00+00:00,74.0,74.5,-0.5
2026-08-26 01:00:00+00:00,2026-08-26 01:00:00+00:00,2026-08-26 01:51:00+00:00,72.0,73.5,-1.5
2026-08-26 02:00:00+00:00,2026-08-26 02:00:00+00:00,2026-08-26 02:51:00+00:00,70.0,72.9,-2.9000000000000057
2026-08-26 03:00:00+00:00,2026-08-26 03:00:00+00:00,2026-08-26 03:51:00+00:00,68.0,71.3,-3.299999999999997
2026-08-26 04:00:00+00:00,2026-08-26 04:00:00+00:00,2026-08-26 04:51:00+00:00,66.0,70.6,-4.599999999999994
2026-08-26 05:00:00+00:00,2026-08-26 05:00:00+00:00,2026-08-26 05:51:00+00:00,66.0,69.7,-3.700000000000003
2026-08-26 06:00:00+00:00,2026-08-26 06:00:00+00:00,2026-08-26 06:51:00+00:00,66.0,68.2,-2.200000000000003
2026-08-26 07:00:00+00:00,2026-08-26 07:00:00+00:00,2026-08-26 07:51:00+00:00,65.0,67.6,-2.5999999999999943
2026-08-26 08:00:00+00:00,2026-08-26 08:00:00+00:00,2026-08-26 08:51:00+00:00,64.0,66.8,-2.799999999999997
2026-08-26 09:00:00+00:00,2026-08-26 09:00:00+00:00,2026-08-26 09:51:00+00:00,65.0,66.4,-1.4000000000000057
2026-08-26 10:00:00+00:00,2026-08-26 10:00:00+00:00,2026-08-26 10:51:00+00:00,67.0,66.2,0.7999999999999972
2026-08-26 11:00:00+00:00,2026-08-26 11:00:00+00:00,2026-08-26 11:51:00+00:00,69.0,68.2,0.7999999999999972
2026-08-26 12:00:00+00:00,2026-08-26 12:00:00+00:00,2026-08-26 12:51:00+00:00,73.0,71.7,1.2999999999999972
2026-08-26 13:00:00+00:00,2026-08-26 13:00:00+00:00,2026-08-26 13:51:00+00:00,78.0,75.0,3.0
2026-08-26 14:00:00+00:00,2026-08-26 14:00:00+00:00,2026-08-26 14:51:00+00:00,83.0,77.7,5.299999999999997
2026-08-26 15:00:00+00:00,2026-08-26 15:00:00+00:00,2026-08-26 15:51:00+00:00,85.0,80.1,4.900000000000006
2026-08-26 16:00:00+00:00,2026-08-26 16:00:00+00:00,2026-08-26 16:51:00+00:00,88.0,81.6,6.400000000000006
2026-08-26 17:00:00+00:00,2026-08-26 17:00:00+00:00,2026-08-26 17:51:00+00:00,88.0,83.0,5.0
2026-08-26 18:00:00+00:00,2026-08-26 18:00:00+00:00,2026-08-26 18:51:00+00:00,89.0,83.7,5.299999999999997
2026-08-26 19:00:00+00:00,2026-08-26 19:00:00+00:00,2026-08-26 19:51:00+00:00,88.0,84.8,3.200000000000003
2026-08-26 20:00:00+00:00,2026-08-26 20:00:00+00:00,2026-08-26 20:51:00+00:00,90.0,83.8,6.200000000000003
2026-08-26 21:00:00+00:00,2026-08-26 21:00:00+00:00,2026-08-26 21:51:00+00:00,87.0,83.0,4.0
2026-08-26 22:00:00+00:00,2026-08-26 22:00:00+00:00,2026-08-26 22:51:00+00:00,85.0,80.5,4.5
2026-08-26 23:00:00+00:00,2026-08-26 23:00:00+00:00,2026-08-26 23:51:00+00:00,83.0,77.6,5.400000000000006
2026-08-27 00:00:00+00:00,2026-08-27 00:00:00+00:00,2026-08-27 00:51:00+00:00,81.0,75.1,5.900000000000006
2026-08-27 01:00:00+00:00,2026-08-27 01:00:00+00:00,2026-08-27 01:51:00+00:00,78.0,74.1,3.9000000000000057
2026-08-27 02:00:00+00:00,2026-08-27 02:00:00+00:00,2026-08-27 02:51:00+00:00,79.0,72.7,6.299999999999997
2026-08-27 03:00:00+00:00,2026-08-27 03:00:00+00:00,2026-08-27 03:51:00+00:00,79.0,72.2,6.799999999999997
2026-08-27 04:00:00+00:00,2026-08-27 04:00:00+00:00,2026-08-27 04:51:00+00:00,77.0,71.2,5.799999999999997
2026-08-27 05:00:00+00:00,2026-08-27 05:00:00+00:00,2026-08-27 05:51:00+00:00,76.0,70.4,5.599999999999994
2026-08-27 06:00:00+00:00,2026-08-27 06:00:00+00:00,2026-08-27 06:51:00+00:00,75.0,69.8,5.200000000000003
2026-08-27 07:00:00+00:00,2026-08-27 07:00:00+00:00,2026-08-27 07:51:00+00:00,72.0,69.6,2.4000000000000057
2026-08-27 08:00:00+00:00,2026-08-27 08:00:00+00:00,2026-08-27 08:51:00+00:00,72.0,69.1,2.9000000000000057
2026-08-27 09:00:00+00:00,2026-08-27 09:00:00+00:00,2026-08-27 09:51:00+00:00,72.0,68.7,3.299999999999997
2026-08-27 10:00:00+00:00,2026-08-27 10:00:00+00:00,2026-08-27 10:51:00+00:00,71.0,68.2,2.799999999999997
2026-08-27 11:00:00+00:00,2026-08-27 11:00:00+00:00,2026-08-27 11:51:00+00:00,74.0,70.2,3.799999999999997
2026-08-27 12:00:00+00:00,2026-08-27 12:00:00+00:00,2026-08-27 12:51:00+00:00,76.0,73.3,2.700000000000003
2026-08-27 13:00:00+00:00,2026-08-27 13:00:00+00:00,2026-08-27 13:51:00+00:00,79.0,76.5,2.5
2026-08-27 14:00:00+00:00,2026-08-27 14:00:00+00:00,2026-08-27 14:51:00+00:00,82.0,80.2,1.7999999999999972
2026-08-27 15:00:00+00:00,2026-08-27 15:00:00+00:00,2026-08-27 15:51:00+00:00,86.0,82.4,3.5999999999999943
2026-08-27 16:00:00+00:00,2026-08-27 16:00:00+00:00,2026-08-27 16:51:00+00:00,86.0,84.0,2.0
2026-08-27 17:00:00+00:00,2026-08-27 17:00:00+00:00,2026-08-27 17:51:00+00:00,86.0,84.8,1.2000000000000028
2026-08-27 18:00:00+00:00,2026-08-27 18:00:00+00:00,2026-08-27 18:51:00+00:00,81.0,85.4,-4.400000000000006
2026-08-27 19:00:00+00:00,2026-08-27 19:00:00+00:00,2026-08-27 19:51:00+00:00,76.0,84.5,-8.5
2026-08-27 20:00:00+00:00,2026-08-27 20:00:00+00:00,2026-08-27 20:51:00+00:00,75.0,83.8,-8.799999999999997
2026-08-27 21:00:00+00:00,2026-08-27 21:00:00+00:00,2026-08-27 21:51:00+00:00,75.0,83.0,-8.0
2026-08-27 22:00:00+00:00,2026-08-27 22:00:00+00:00,2026-08-27 22:51:00+00:00,77.0,80.9,-3.9000000000000057
2026-08-27 23:00:00+00:00,2026-08-27 23:00:00+00:00,2026-08-27 23:51:00+00:00,76.0,77.7,-1.7000000000000028
2026-08-28 00:00:00+00:00,2026-08-28 00:00:00+00:00,2026-08-28 00:51:00+00:00,74.0,75.6,-1.5999999999999943
2026-08-28 01:00:00+00:00,2026-08-28 01:00:00+00:00,2026-08-28 01:51:00+00:00,74.0,74.0,0.0
2026-08-28 02:00:00+00:00,2026-08-28 02:00:00+00:00,2026-08-28 02:51:00+00:00,73.0,74.0,-1.0
2026-08-28 03:00:00+00:00,2026-08-28 03:00:00+00:00,2026-08-28 03:51:00+00:00,72.0,73.0,-1.0
2026-08-28 04:00:00+00:00,2026-08-28 04:00:00+00:00,2026-08-28 04:51:00+00:00,71.0,72.7,-1.7000000000000028
2026-08-28 05:00:00+00:00,2026-08-28 05:00:00+00:00,2026-08-28 05:51:00+00:00,71.0,71.7,-0.7000000000000028
2026-08-28 06:00:00+00:00,2026-08-28 06:00:00+00:00,2026-08-28 06:51:00+00:00,71.0,71.0,0.0
2026-08-28 07:00:00+00:00,2026-08-28 07:00:00+00:00,2026-08-28 07:51:00+00:00,71.0,70.5,0.5
2026-08-28 08:00:00+00:00,2026-08-28 08:00:00+00:00,2026-08-28 08:51:00+00:00,70.0,69.8,0.20000000000000284
2026-08-28 09:00:00+00:00,2026-08-28 09:00:00+00:00,2026-08-28 09:51:00+00:00,71.0,69.8,1.2000000000000028
2026-08-28 10:00:00+00:00,2026-08-28 10:00:00+00:00,2026-08-28 10:51:00+00:00,72.0,69.2,2.799999999999997
2026-08-28 11:00:00+00:00,2026-08-28 11:00:00+00:00,2026-08-28 11:51:00+00:00,73.0,71.2,1.7999999999999972
2026-08-28 12:00:00+00:00,2026-08-28 12:00:00+00:00,2026-08-28 12:51:00+00:00,73.0,73.9,-0.9000000000000057
2026-08-28 13:00:00+00:00,2026-08-28 13:00:00+00:00,2026-08-28 13:51:00+00:00,74.0,77.9,-3.9000000000000057
2026-08-28 14:00:00+00:00,2026-08-28 14:00:00+00:00,2026-08-28 14:51:00+00:00,75.0,80.5,-5.5
2026-08-28 15:00:00+00:00,2026-08-28 15:00:00+00:00,2026-08-28 15:51:00+00:00,77.0,82.7,-5.700000000000003
2026-08-28 16:00:00+00:00,2026-08-28 16:00:00+00:00,2026-08-28 16:51:00+00:00,79.0,84.2,-5.200000000000003
2026-08-28 17:00:00+00:00,2026-08-28 17:00:00+00:00,2026-08-28 17:51:00+00:00,84.0,85.2,-1.2000000000000028
2026-08-28 18:00:00+00:00,2026-08-28 18:00:00+00:00,2026-08-28 18:51:00+00:00,86.0,86.0,0.0
2026-08-28 19:00:00+00:00,2026-08-28 19:00:00+00:00,2026-08-28 19:51:00+00:00,88.0,86.6,1.4000000000000057
2026-08-28 20:00:00+00:00,2026-08-28 20:00:00+00:00,2026-08-28 20:51:00+00:00,87.0,85.9,1.0999999999999943
2026-08-28 21:00:00+00:00,2026-08-28 21:00:00+00:00,2026-08-28 21:51:00+00:00,85.0,85.0,0.0
2026-08-28 22:00:00+00:00,2026-08-28 22:00:00+00:00,2026-08-28 22:51:00+00:00,84.0,83.9,0.09999999999999432
2026-08-28 23:00:00+00:00,2026-08-28 23:00:00+00:00,2026-08-28 23:51:00+00:00,82.0,80.3,1.7000000000000028
2026-08-29 00:00:00+00:00,2026-08-29 00:00:00+00:00,2026-08-29 00:51:00+00:00,79.0,78.0,1.0
2026-08-29 01:00:00+00:00,2026-08-29 01:00:00+00:00,2026-08-29 01:51:00+00:00,77.0,77.5,-0.5
2026-08-29 02:00:00+00:00,2026-08-29 02:00:00+00:00,2026-08-29 02:51:00+00:00,77.0,76.7,0.29999999999999716
2026-08-29 03:00:00+00:00,2026-08-29 03:00:00+00:00,2026-08-29 03:51:00+00:00,76.0,74.8,1.2000000000000028
2026-08-29 04:00:00+00:00,2026-08-29 04:00:00+00:00,2026-08-29 04:51:00+00:00,75.0,73.7,1.2999999999999972
2026-08-29 05:00:00+00:00,2026-08-29 05:00:00+00:00,2026-08-29 05:51:00+00:00,75.0,73.1,1.9000000000000057
2026-08-29 06:00:00+00:00,2026-08-29 06:00:00+00:00,2026-08-29 06:51:00+00:00,74.0,71.9,2.0999999999999943
2026-08-29 07:00:00+00:00,2026-08-29 07:00:00+00:00,2026-08-29 07:51:00+00:00,74.0,71.5,2.5
2026-08-29 08:00:00+00:00,2026-08-29 08:00:00+00:00,2026-08-29 08:51:00+00:00,73.0,70.7,2.299999999999997
2026-08-29 09:00:00+00:00,2026-08-29 09:00:00+00:00,2026-08-29 09:51:00+00:00,73.0,69.9,3.0999999999999943
2026-08-29 10:00:00+00:00,2026-08-29 10:00:00+00:00,2026-08-29 10:51:00+00:00,73.0,69.8,3.200000000000003
2026-08-29 11:00:00+00:00,2026-08-29 11:00:00+00:00,2026-08-29 11:51:00+00:00,74.0,71.2,2.799999999999997
2026-08-29 12:00:00+00:00,2026-08-29 12:00:00+00:00,2026-08-29 12:51:00+00:00,75.0,74.2,0.7999999999999972
2026-08-29 13:00:00+00:00,2026-08-29 13:00:00+00:00,2026-08-29 13:51:00+00:00,76.0,75.8,0.20000000000000284
2026-08-29 14:00:00+00:00,2026-08-29 14:00:00+00:00,2026-08-29 14:51:00+00:00,79.0,78.2,0.7999999999999972
2026-08-29 15:00:00+00:00,2026-08-29 15:00:00+00:00,2026-08-29 15:51:00+00:00,82.0,79.8,2.200000000000003
2026-08-29 16:00:00+00:00,2026-08-29 16:00:00+00:00,2026-08-29 16:51:00+00:00,83.0,80.8,2.200000000000003
2026-08-29 17:00:00+00:00,2026-08-29 17:00:00+00:00,2026-08-29 17:51:00+00:00,83.0,82.5,0.5
2026-08-29 18:00:00+00:00,2026-08-29 18:00:00+00:00,2026-08-29 18:51:00+00:00,82.0,84.3,-2.299999999999997
2026-08-29 19:00:00+00:00,2026-08-29 19:00:00+00:00,2026-08-29 19:51:00+00:00,80.0,84.0,-4.0
2026-08-29 20:00:00+00:00,2026-08-29 20:00:00+00:00,2026-08-29 20:51:00+00:00,79.0,83.5,-4.5
2026-08-29 21:00:00+00:00,2026-08-29 21:00:00+00:00,2026-08-29 21:51:00+00:00,79.0,82.82000000000001,-3.8200000000000074
2026-08-29 22:00:00+00:00,2026-08-29 22:00:00+00:00,2026-08-29 22:51:00+00:00,78.0,80.76,-2.760000000000005
2026-08-29 23:00:00+00:00,2026-08-29 23:00:00+00:00,2026-08-29 23:51:00+00:00,77.0,78.0,-1.0
2026-08-30 00:00:00+00:00,2026-08-30 00:00:00+00:00,2026-08-30 00:51:00+00:00,76.0,74.9,1.0999999999999943
2026-08-30 01:00:00+00:00,2026-08-30 01:00:00+00:00,2026-08-30 01:51:00+00:00,75.0,73.9,1.0999999999999943
2026-08-30 02:00:00+00:00,2026-08-30 02:00:00+00:00,2026-08-30 02:51:00+00:00,74.0,72.8,1.2000000000000028
2026-08-30 03:00:00+00:00,2026-08-30 03:00:00+00:00,2026-08-30 03:51:00+00:00,73.0,72.3,0.7000000000000028
2026-08-30 04:00:00+00:00,2026-08-30 04:00:00+00:00,2026-08-30 04:51:00+00:00,72.0,71.2,0.7999999999999972
2026-08-30 05:00:00+00:00,2026-08-30 05:00:00+00:00,2026-08-30 05:51:00+00:00,71.0,70.3,0.7000000000000028
2026-08-30 06:00:00+00:00,2026-08-30 06:00:00+00:00,2026-08-30 06:51:00+00:00,71.0,69.2,1.7999999999999972
2026-08-30 07:00:00+00:00,2026-08-30 07:00:00+00:00,2026-08-30 07:51:00+00:00,69.0,68.4,0.5999999999999943
2026-08-30 08:00:00+00:00,2026-08-30 08:00:00+00:00,2026-08-30 08:51:00+00:00,70.0,68.3,1.7000000000000028
2026-08-30 09:00:00+00:00,2026-08-30 09:00:00+00:00,2026-08-30 09:51:00+00:00,71.0,67.3,3.700000000000003
2026-08-30 10:00:00+00:00,2026-08-30 10:00:00+00:00,2026-08-30 10:51:00+00:00,71.0,66.4,4.599999999999994
2026-08-30 11:00:00+00:00,2026-08-30 11:00:00+00:00,2026-08-30 11:51:00+00:00,71.0,69.2,1.7999999999999972
2026-08-30 12:00:00+00:00,2026-08-30 12:00:00+00:00,2026-08-30 12:51:00+00:00,73.0,72.9,0.09999999999999432
2026-08-30 13:00:00+00:00,2026-08-30 13:00:00+00:00,2026-08-30 13:51:00+00:00,78.0,76.8,1.2000000000000028
2026-08-30 14:00:00+00:00,2026-08-30 14:00:00+00:00,2026-08-30 14:51:00+00:00,78.0,80.0,-2.0
2026-08-30 15:00:00+00:00,2026-08-30 15:00:00+00:00,2026-08-30 15:51:00+00:00,80.0,82.7,-2.700000000000003
2026-08-30 16:00:00+00:00,2026-08-30 16:00:00+00:00,2026-08-30 16:51:00+00:00,81.0,84.5,-3.5
2026-08-30 17:00:00+00:00,2026-08-30 17:00:00+00:00,2026-08-30 17:51:00+00:00,82.0,85.7,-3.700000000000003
2026-08-30 18:00:00+00:00,2026-08-30 18:00:00+00:00,2026-08-30 18:51:00+00:00,83.0,86.4,-3.4000000000000057
2026-08-30 19:00:00+00:00,2026-08-30 19:00:00+00:00,2026-08-30 19:51:00+00:00,86.0,87.1,-1.0999999999999943
2026-08-30 20:00:00+00:00,2026-08-30 20:00:00+00:00,2026-08-30 20:51:00+00:00,86.0,86.4,-0.4000000000000057
2026-08-30 21:00:00+00:00,2026-08-30 21:00:00+00:00,2026-08-30 21:51:00+00:00,85.0,85.9,-0.9000000000000057
2026-08-30 22:00:00+00:00,2026-08-30 22:00:00+00:00,2026-08-30 22:51:00+00:00,85.0,83.7,1.2999999999999972
2026-08-30 23:00:00+00:00,2026-08-30 23:00:00+00:00,2026-08-30 23:51:00+00:00,82.0,80.0,2.0
2026-08-31 00:00:00+00:00,2026-08-31 00:00:00+00:00,2026-08-31 00:51:00+00:00,80.0,77.0,3.0
2026-08-31 01:00:00+00:00,2026-08-31 01:00:00+00:00,2026-08-31 01:51:00+00:00,76.0,75.8,0.20000000000000284
2026-08-31 02:00:00+00:00,2026-08-31 02:00:00+00:00,2026-08-31 02:51:00+00:00,74.0,75.0,-1.0
2026-08-31 03:00:00+00:00,2026-08-31 03:00:00+00:00,2026-08-31 03:51:00+00:00,74.0,73.7,0.29999999999999716
2026-08-31 04:00:00+00:00,2026-08-31 04:00:00+00:00,2026-08-31 04:51:00+00:00,72.0,72.7,-0.7000000000000028
2026-08-31 05:00:00+00:00,2026-08-31 05:00:00+00:00,2026-08-31 05:51:00+00:00,72.0,72.0,0.0
2026-08-31 06:00:00+00:00,2026-08-31 06:00:00+00:00,2026-08-31 06:51:00+00:00,71.0,70.8,0.20000000000000284
2026-08-31 07:00:00+00:00,2026-08-31 07:00:00+00:00,2026-08-31 07:51:00+00:00,69.0,70.4,-1.4000000000000057
2026-08-31 08:00:00+00:00,2026-08-31 08:00:00+00:00,2026-08-31 08:51:00+00:00,70.0,69.6,0.4000000000000057
2026-08-31 09:00:00+00:00,2026-08-31 09:00:00+00:00,2026-08-31 09:51:00+00:00,69.0,69.5,-0.5
2026-08-31 10:00:00+00:00,2026-08-31 10:00:00+00:00,2026-08-31 10:51:00+00:00,70.0,69.5,0.5
2026-08-31 11:00:00+00:00,2026-08-31 11:00:00+00:00,2026-08-31 11:51:00+00:00,72.0,71.0,1.0
2026-08-31 12:00:00+00:00,2026-08-31 12:00:00+00:00,2026-08-31 12:51:00+00:00,76.0,73.9,2.0999999999999943
2026-08-31 13:00:00+00:00,2026-08-31 13:00:00+00:00,2026-08-31 13:51:00+00:00,81.0,76.9,4.099999999999994
2026-08-31 14:00:00+00:00,2026-08-31 14:00:00+00:00,2026-08-31 14:51:00+00:00,84.0,80.0,4.0
2026-08-31 15:00:00+00:00,2026-08-31 15:00:00+00:00,2026-08-31 15:51:00+00:00,88.0,81.9,6.099999999999994
2026-08-31 16:00:00+00:00,2026-08-31 16:00:00+00:00,2026-08-31 16:51:00+00:00,90.0,84.0,6.0
2026-08-31 17:00:00+00:00,2026-08-31 17:00:00+00:00,2026-08-31 17:51:00+00:00,93.0,85.8,7.200000000000003
2026-08-31 18:00:00+00:00,2026-08-31 18:00:00+00:00,2026-08-31 18:51:00+00:00,93.0,86.4,6.599999999999994
2026-08-31 19:00:00+00:00,2026-08-31 19:00:00+00:00,2026-08-31 19:51:00+00:00,94.0,86.6,7.400000000000006
2026-08-31 20:00:00+00:00,2026-08-31 20:00:00+00:00,2026-08-31 20:51:00+00:00,94.0,85.9,8.099999999999994
2026-08-31 21:00:00+00:00,2026-08-31 21:00:00+00:00,2026-08-31 21:51:00+00:00,92.0,84.5,7.5
2026-08-31 22:00:00+00:00,2026-08-31 22:00:00+00:00,2026-08-31 22:51:00+00:00,91.0,82.8,8.200000000000003
2026-08-31 23:00:00+00:00,2026-08-31 23:00:00+00:00,2026-08-31 23:51:00+00:00,87.0,79.2,7.799999999999997
2026-09-01 00:00:00+00:00,2026-09-01 00:00:00+00:00,2026-09-01 00:51:00+00:00,85.0,77.2,7.799999999999997
2026-09-01 01:00:00+00:00,2026-09-01 01:00:00+00:00,2026-09-01 01:51:00+00:00,82.0,76.5,5.5
2026-09-01 02:00:00+00:00,2026-09-01 02:00:00+00:00,2026-09-01 02:51:00+00:00,81.0,75.7,5.299999999999997
2026-09-01 03:00:00+00:00,2026-09-01 03:00:00+00:00,2026-09-01 03:51:00+00:00,80.0,75.0,5.0
2026-09-01 04:00:00+00:00,2026-09-01 04:00:00+00:00,2026-09-01 04:51:00+00:00,79.0,73.9,5.099999999999994
2026-09-01 05:00:00+00:00,2026-09-01 05:00:00+00:00,2026-09-01 05:51:00+00:00,79.0,72.7,6.299999999999997
2026-09-01 06:00:00+00:00,2026-09-01 06:00:00+00:00,2026-09-01 06:51:00+00:00,79.0,72.2,6.799999999999997
2026-09-01 07:00:00+00:00,2026-09-01 07:00:00+00:00,2026-09-01 07:51:00+00:00,78.0,71.1,6.900000000000006
2026-09-01 08:00:00+00:00,2026-09-01 08:00:00+00:00,2026-09-01 08:51:00+00:00,77.0,70.7,6.299999999999997
2026-09-01 09:00:00+00:00,2026-09-01 09:00:00+00:00,2026-09-01 09:51:00+00:00,76.0,70.4,5.599999999999994
2026-09-01 10:00:00+00:00,2026-09-01 10:00:00+00:00,2026-09-01 10:51:00+00:00,75.0,69.9,5.099999999999994
2026-09-01 11:00:00+00:00,2026-09-01 11:00:00+00:00,2026-09-01 11:51:00+00:00,77.0,71.7,5.299999999999997
2026-09-01 12:00:00+00:00,2026-09-01 12:00:00+00:00,2026-09-01 12:51:00+00:00,80.0,75.3,4.700000000000003
2026-09-01 13:00:00+00:00,2026-09-01 13:00:00+00:00,2026-09-01 13:51:00+00:00,84.0,78.9,5.099999999999994
2026-09-01 14:00:00+00:00,2026-09-01 14:00:00+00:00,2026-09-01 14:51:00+00:00,88.0,81.9,6.099999999999994
2026-09-01 15:00:00+00:00,2026-09-01 15:00:00+00:00,2026-09-01 15:51:00+00:00,91.0,84.1,6.900000000000006
2026-09-01 16:00:00+00:00,2026-09-01 16:00:00+00:00,2026-09-01 16:51:00+00:00,93.0,85.7,7.299999999999997
2026-09-01 17:00:00+00:00,2026-09-01 17:00:00+00:00,2026-09-01 17:51:00+00:00,95.0,86.4,8.599999999999994
2026-09-01 18:00:00+00:00,2026-09-01 18:00:00+00:00,2026-09-01 18:51:00+00:00,96.0,85.6,10.400000000000006
2026-09-01 19:00:00+00:00,2026-09-01 19:00:00+00:00,2026-09-01 19:51:00+00:00,96.0,83.9,12.099999999999994
2026-09-01 20:00:00+00:00,2026-09-01 20:00:00+00:00,2026-09-01 20:51:00+00:00,97.0,83.1,13.900000000000006
2026-09-01 21:00:00+00:00,2026-09-01 21:00:00+00:00,2026-09-01 21:51:00+00:00,95.0,81.4,13.599999999999994
2026-09-01 22:00:00+00:00,2026-09-01 22:00:00+00:00,2026-09-01 22:51:00+00:00,93.0,79.7,13.299999999999997
2026-09-01 23:00:00+00:00,2026-09-01 23:00:00+00:00,2026-09-01 23:51:00+00:00,90.0,76.6,13.400000000000006
2026-09-02 00:00:00+00:00,2026-09-02 00:00:00+00:00,2026-09-02 00:51:00+00:00,87.0,75.0,12.0
2026-09-02 01:00:00+00:00,2026-09-02 01:00:00+00:00,2026-09-02 01:51:00+00:00,85.0,74.1,10.900000000000006
2026-09-02 02:00:00+00:00,2026-09-02 02:00:00+00:00,2026-09-02 02:51:00+00:00,84.0,73.7,10.299999999999997
2026-09-02 03:00:00+00:00,2026-09-02 03:00:00+00:00,2026-09-02 03:51:00+00:00,83.0,73.0,10.0
2026-09-02 04:00:00+00:00,2026-09-02 04:00:00+00:00,2026-09-02 04:51:00+00:00,81.0,72.7,8.299999999999997
2026-09-02 05:00:00+00:00,2026-09-02 05:00:00+00:00,2026-09-02 05:51:00+00:00,81.0,71.9,9.099999999999994
2026-09-02 06:00:00+00:00,2026-09-02 06:00:00+00:00,2026-09-02 06:51:00+00:00,79.0,71.6,7.400000000000006
2026-09-02 07:00:00+00:00,2026-09-02 07:00:00+00:00,2026-09-02 07:51:00+00:00,79.0,71.3,7.700000000000003
2026-09-02 08:00:00+00:00,2026-09-02 08:00:00+00:00,2026-09-02 08:51:00+00:00,77.0,71.3,5.700000000000003
2026-09-02 09:00:00+00:00,2026-09-02 09:00:00+00:00,2026-09-02 09:51:00+00:00,77.0,70.8,6.200000000000003
2026-09-02 10:00:00+00:00,2026-09-02 10:00:00+00:00,2026-09-02 10:51:00+00:00,76.0,70.6,5.400000000000006
2026-09-02 11:00:00+00:00,2026-09-02 11:00:00+00:00,2026-09-02 11:51:00+00:00,78.0,72.0,6.0
2026-09-02 12:00:00+00:00,2026-09-02 12:00:00+00:00,2026-09-02 12:51:00+00:00,82.0,74.5,7.5
2026-09-02 13:00:00+00:00,2026-09-02 13:00:00+00:00,2026-09-02 13:51:00+00:00,87.0,77.1,9.900000000000006
2026-09-02 14:00:00+00:00,2026-09-02 14:00:00+00:00,2026-09-02 14:51:00+00:00,91.0,79.9,11.099999999999994
2026-09-02 15:00:00+00:00,2026-09-02 15:00:00+00:00,2026-09-02 15:51:00+00:00,93.0,81.6,11.400000000000006
2026-09-02 16:00:00+00:00,2026-09-02 16:00:00+00:00,2026-09-02 16:51:00+00:00,96.0,82.9,13.099999999999994
2026-09-02 17:00:00+00:00,2026-09-02 17:00:00+00:00,2026-09-02 17:51:00+00:00,99.0,84.4,14.599999999999994
2026-09-02 18:00:00+00:00,2026-09-02 18:00:00+00:00,2026-09-02 18:51:00+00:00,98.0,85.1,12.900000000000006
2026-09-02 19:00:00+00:00,2026-09-02 19:00:00+00:00,2026-09-02 19:51:00+00:00,98.0,85.2,12.799999999999997
2026-09-02 20:00:00+00:00,2026-09-02 20:00:00+00:00,2026-09-02 20:51:00+00:00,98.0,85.6,12.400000000000006
2026-09-02 21:00:00+00:00,2026-09-02 21:00:00+00:00,2026-09-02 21:51:00+00:00,97.0,83.8,13.200000000000003
2026-09-02 22:00:00+00:00,2026-09-02 22:00:00+00:00,2026-09-02 22:51:00+00:00,95.0,80.9,14.099999999999994
2026-09-02 23:00:00+00:00,2026-09-02 23:00:00+00:00,2026-09-02 23:51:00+00:00,91.0,78.7,12.299999999999997
2026-09-03 00:00:00+00:00,2026-09-03 00:00:00+00:00,2026-09-03 00:51:00+00:00,88.0,76.2,11.799999999999997
2026-09-03 01:00:00+00:00,2026-09-03 01:00:00+00:00,2026-09-03 01:51:00+00:00,84.0,75.0,9.0
2026-09-03 02:00:00+00:00,2026-09-03 02:00:00+00:00,2026-09-03 02:51:00+00:00,82.0,73.7,8.299999999999997
2026-09-03 03:00:00+00:00,2026-09-03 03:00:00+00:00,2026-09-03 03:51:00+00:00,81.0,73.1,7.900000000000006
2026-09-03 04:00:00+00:00,2026-09-03 04:00:00+00:00,2026-09-03 04:51:00+00:00,80.0,72.2,7.799999999999997
2026-09-03 05:00:00+00:00,2026-09-03 05:00:00+00:00,2026-09-03 05:51:00+00:00,78.0,71.6,6.400000000000006
2026-09-03 06:00:00+00:00,2026-09-03 06:00:00+00:00,2026-09-03 06:51:00+00:00,77.0,71.1,5.900000000000006
2026-09-03 07:00:00+00:00,2026-09-03 07:00:00+00:00,2026-09-03 07:51:00+00:00,76.0,70.9,5.099999999999994
2026-09-03 08:00:00+00:00,2026-09-03 08:00:00+00:00,2026-09-03 08:51:00+00:00,77.0,70.5,6.5
2026-09-03 09:00:00+00:00,2026-09-03 09:00:00+00:00,2026-09-03 09:51:00+00:00,77.0,69.9,7.099999999999994
2026-09-03 10:00:00+00:00,2026-09-03 10:00:00+00:00,2026-09-03 10:51:00+00:00,77.0,70.1,6.900000000000006
2026-09-03 11:00:00+00:00,2026-09-03 11:00:00+00:00,2026-09-03 11:51:00+00:00,79.0,71.4,7.599999999999994
2026-09-03 12:00:00+00:00,2026-09-03 12:00:00+00:00,2026-09-03 12:51:00+00:00,82.0,74.2,7.799999999999997
2026-09-03 13:00:00+00:00,2026-09-03 13:00:00+00:00,2026-09-03 13:51:00+00:00,87.0,77.5,9.5
2026-09-03 14:00:00+00:00,2026-09-03 14:00:00+00:00,2026-09-03 14:51:00+00:00,91.0,80.4,10.599999999999994
2026-09-03 15:00:00+00:00,2026-09-03 15:00:00+00:00,2026-09-03 15:51:00+00:00,95.0,82.0,13.0
2026-09-03 16:00:00+00:00,2026-09-03 16:00:00+00:00,2026-09-03 16:51:00+00:00,96.0,83.9,12.099999999999994
2026-09-03 17:00:00+00:00,2026-09-03 17:00:00+00:00,2026-09-03 17:51:00+00:00,101.0,86.1,14.900000000000006
2026-09-03 18:00:00+00:00,2026-09-03 18:00:00+00:00,2026-09-03 18:51:00+00:00,97.0,86.4,10.599999999999994
2026-09-03 19:00:00+00:00,2026-09-03 19:00:00+00:00,2026-09-03 19:51:00+00:00,100.0,87.4,12.599999999999994
2026-09-03 20:00:00+00:00,2026-09-03 20:00:00+00:00,2026-09-03 20:51:00+00:00,97.0,87.0,10.0
2026-09-03 21:00:00+00:00,2026-09-03 21:00:00+00:00,2026-09-03 21:51:00+00:00,95.0,84.9,10.099999999999994
2026-09-03 22:00:00+00:00,2026-09-03 22:00:00+00:00,2026-09-03 22:51:00+00:00,84.0,81.2,2.799999999999997
2026-09-03 23:00:00+00:00,2026-09-03 23:00:00+00:00,2026-09-03 23:51:00+00:00,83.0,78.2,4.799999999999997
2026-09-04 00:00:00+00:00,2026-09-04 00:00:00+00:00,2026-09-04 00:51:00+00:00,84.0,76.3,7.700000000000003
2026-09-04 01:00:00+00:00,2026-09-04 01:00:00+00:00,2026-09-04 01:51:00+00:00,83.0,75.3,7.700000000000003
2026-09-04 02:00:00+00:00,2026-09-04 02:00:00+00:00,2026-09-04 02:51:00+00:00,85.0,73.7,11.299999999999997
2026-09-04 03:00:00+00:00,2026-09-04 03:00:00+00:00,2026-09-04 03:51:00+00:00,83.0,73.1,9.900000000000006
2026-09-04 04:00:00+00:00,2026-09-04 04:00:00+00:00,2026-09-04 04:51:00+00:00,81.0,72.7,8.299999999999997
2026-09-04 05:00:00+00:00,2026-09-04 05:00:00+00:00,2026-09-04 05:51:00+00:00,80.0,71.5,8.5
2026-09-04 06:00:00+00:00,2026-09-04 06:00:00+00:00,2026-09-04 06:51:00+00:00,79.0,70.9,8.099999999999994
2026-09-04 07:00:00+00:00,2026-09-04 07:00:00+00:00,2026-09-04 07:51:00+00:00,78.0,70.9,7.099999999999994
2026-09-04 08:00:00+00:00,2026-09-04 08:00:00+00:00,2026-09-04 08:51:00+00:00,77.0,69.9,7.099999999999994
2026-09-04 09:00:00+00:00,2026-09-04 09:00:00+00:00,2026-09-04 09:51:00+00:00,77.0,69.6,7.400000000000006
2026-09-04 10:00:00+00:00,2026-09-04 10:00:00+00:00,2026-09-04 10:51:00+00:00,76.0,69.2,6.799999999999997
2026-09-04 11:00:00+00:00,2026-09-04 11:00:00+00:00,2026-09-04 11:51:00+00:00,78.0,71.4,6.599999999999994
2026-09-04 12:00:00+00:00,2026-09-04 12:00:00+00:00,2026-09-04 12:51:00+00:00,81.0,74.6,6.400000000000006
2026-09-04 13:00:00+00:00,2026-09-04 13:00:00+00:00,2026-09-04 13:51:00+00:00,85.0,78.5,6.5
2026-09-04 14:00:00+00:00,2026-09-04 14:00:00+00:00,2026-09-04 14:51:00+00:00,89.0,81.1,7.900000000000006
2026-09-04 15:00:00+00:00,2026-09-04 15:00:00+00:00,2026-09-04 15:51:00+00:00,92.0,83.5,8.5
2026-09-04 16:00:00+00:00,2026-09-04 16:00:00+00:00,2026-09-04 16:51:00+00:00,94.0,84.7,9.299999999999997
2026-09-04 17:00:00+00:00,2026-09-04 17:00:00+00:00,2026-09-04 17:51:00+00:00,97.0,86.7,10.299999999999997
2026-09-04 18:00:00+00:00,2026-09-04 18:00:00+00:00,2026-09-04 18:51:00+00:00,99.0,86.0,13.0
2026-09-04 19:00:00+00:00,2026-09-04 19:00:00+00:00,2026-09-04 19:51:00+00:00,98.0,86.3,11.700000000000003
2026-09-04 20:00:00+00:00,2026-09-04 20:00:00+00:00,2026-09-04 20:51:00+00:00,97.0,85.5,11.5
2026-09-04 21:00:00+00:00,2026-09-04 21:00:00+00:00,2026-09-04 21:51:00+00:00,93.0,84.1,8.900000000000006
2026-09-04 22:00:00+00:00,2026-09-04 22:00:00+00:00,2026-09-04 22:51:00+00:00,91.0,81.7,9.299999999999997
2026-09-04 23:00:00+00:00,2026-09-04 23:00:00+00:00,2026-09-04 23:51:00+00:00,91.0,78.6,12.400000000000006
2026-09-05 00:00:00+00:00,2026-09-05 00:00:00+00:00,2026-09-05 00:51:00+00:00,85.0,76.3,8.700000000000003
2026-09-05 01:00:00+00:00,2026-09-05 01:00:00+00:00,2026-09-05 01:51:00+00:00,85.0,75.6,9.400000000000006
2026-09-05 02:00:00+00:00,2026-09-05 02:00:00+00:00,2026-09-05 02:51:00+00:00,79.0,74.1,4.900000000000006
2026-09-05 03:00:00+00:00,2026-09-05 03:00:00+00:00,2026-09-05 03:51:00+00:00,77.0,73.5,3.5
2026-09-05 04:00:00+00:00,2026-09-05 04:00:00+00:00,2026-09-05 04:51:00+00:00,78.0,72.6,5.400000000000006
2026-09-05 05:00:00+00:00,2026-09-05 05:00:00+00:00,2026-09-05 05:51:00+00:00,77.0,71.9,5.099999999999994
2026-09-05 06:00:00+00:00,2026-09-05 06:00:00+00:00,2026-09-05 06:51:00+00:00,77.0,71.0,6.0
2026-09-05 07:00:00+00:00,2026-09-05 07:00:00+00:00,2026-09-05 07:51:00+00:00,76.0,70.3,5.700000000000003
2026-09-05 08:00:00+00:00,2026-09-05 08:00:00+00:00,2026-09-05 08:51:00+00:00,76.0,69.9,6.099999999999994
2026-09-05 09:00:00+00:00,2026-09-05 09:00:00+00:00,2026-09-05 09:51:00+00:00,76.0,69.7,6.299999999999997
2026-09-05 10:00:00+00:00,2026-09-05 10:00:00+00:00,2026-09-05 10:51:00+00:00,74.0,70.1,3.9000000000000057
2026-09-05 11:00:00+00:00,2026-09-05 11:00:00+00:00,2026-09-05 11:51:00+00:00,76.0,71.4,4.599999999999994
2026-09-05 12:00:00+00:00,2026-09-05 12:00:00+00:00,2026-09-05 12:51:00+00:00,80.0,74.1,5.900000000000006
2026-09-05 13:00:00+00:00,2026-09-05 13:00:00+00:00,2026-09-05 13:51:00+00:00,84.0,76.7,7.299999999999997
2026-09-05 14:00:00+00:00,2026-09-05 14:00:00+00:00,2026-09-05 14:51:00+00:00,89.0,78.8,10.200000000000003
2026-09-05 15:00:00+00:00,2026-09-05 15:00:00+00:00,2026-09-05 15:51:00+00:00,92.0,81.1,10.900000000000006
2026-09-05 16:00:00+00:00,2026-09-05 16:00:00+00:00,2026-09-05 16:51:00+00:00,94.0,82.2,11.799999999999997
2026-09-05 17:00:00+00:00,2026-09-05 17:00:00+00:00,2026-09-05 17:51:00+00:00,95.0,83.6,11.400000000000006
2026-09-05 18:00:00+00:00,2026-09-05 18:00:00+00:00,2026-09-05 18:51:00+00:00,96.0,84.8,11.200000000000003
2026-09-05 19:00:00+00:00,2026-09-05 19:00:00+00:00,2026-09-05 19:51:00+00:00,77.0,84.6,-7.599999999999994
2026-09-05 20:00:00+00:00,2026-09-05 20:00:00+00:00,2026-09-05 20:51:00+00:00,76.0,83.5,-7.5
2026-09-05 21:00:00+00:00,2026-09-05 21:00:00+00:00,2026-09-05 21:51:00+00:00,77.0,83.3,-6.299999999999997
2026-09-05 22:00:00+00:00,2026-09-05 22:00:00+00:00,2026-09-05 22:51:00+00:00,78.0,80.4,-2.4000000000000057
2026-09-05 23:00:00+00:00,2026-09-05 23:00:00+00:00,2026-09-05 23:51:00+00:00,78.0,77.2,0.7999999999999972
2026-09-06 00:00:00+00:00,2026-09-06 00:00:00+00:00,2026-09-06 00:51:00+00:00,76.0,75.4,0.5999999999999943
2026-09-06 01:00:00+00:00,2026-09-06 01:00:00+00:00,2026-09-06 01:51:00+00:00,75.0,73.2,1.7999999999999972
2026-09-06 02:00:00+00:00,2026-09-06 02:00:00+00:00,2026-09-06 02:51:00+00:00,77.0,72.5,4.5
2026-09-06 03:00:00+00:00,2026-09-06 03:00:00+00:00,2026-09-06 03:51:00+00:00,76.0,72.77777777777777,3.2222222222222285
2026-09-06 04:00:00+00:00,2026-09-06 04:00:00+00:00,2026-09-06 04:51:00+00:00,75.0,71.3,3.700000000000003
2026-09-06 05:00:00+00:00,2026-09-06 05:00:00+00:00,2026-09-06 05:51:00+00:00,73.0,70.8,2.200000000000003
2026-09-06 06:00:00+00:00,2026-09-06 06:00:00+00:00,2026-09-06 06:51:00+00:00,71.0,70.3,0.7000000000000028
2026-09-06 07:00:00+00:00,2026-09-06 07:00:00+00:00,2026-09-06 07:51:00+00:00,73.0,69.5,3.5
2026-09-06 08:00:00+00:00,2026-09-06 08:00:00+00:00,2026-09-06 08:51:00+00:00,73.0,69.3,3.700000000000003
2026-09-06 09:00:00+00:00,2026-09-06 09:00:00+00:00,2026-09-06 09:51:00+00:00,73.0,69.0,4.0
2026-09-06 10:00:00+00:00,2026-09-06 10:00:00+00:00,2026-09-06 10:51:00+00:00,73.0,68.6,4.400000000000006
2026-09-06 11:00:00+00:00,2026-09-06 11:00:00+00:00,2026-09-06 11:51:00+00:00,73.0,70.2,2.799999999999997
2026-09-06 12:00:00+00:00,2026-09-06 12:00:00+00:00,2026-09-06 12:51:00+00:00,76.0,73.5,2.5
2026-09-06 13:00:00+00:00,2026-09-06 13:00:00+00:00,2026-09-06 13:51:00+00:00,79.0,76.4,2.5999999999999943
2026-09-06 14:00:00+00:00,2026-09-06 14:00:00+00:00,2026-09-06 14:51:00+00:00,81.0,79.7,1.2999999999999972
2026-09-06 15:00:00+00:00,2026-09-06 15:00:00+00:00,2026-09-06 15:51:00+00:00,80.0,82.1,-2.0999999999999943
2026-09-06 16:00:00+00:00,2026-09-06 16:00:00+00:00,2026-09-06 16:51:00+00:00,81.0,83.5,-2.5
2026-09-06 17:00:00+00:00,2026-09-06 17:00:00+00:00,2026-09-06 17:51:00+00:00,81.0,83.4,-2.4000000000000057
2026-09-06 18:00:00+00:00,2026-09-06 18:00:00+00:00,2026-09-06 18:51:00+00:00,81.0,82.9,-1.9000000000000057
2026-09-06 19:00:00+00:00,2026-09-06 19:00:00+00:00,2026-09-06 19:51:00+00:00,79.0,81.7,-2.700000000000003
2026-09-06 20:00:00+00:00,2026-09-06 20:00:00+00:00,2026-09-06 20:51:00+00:00,80.0,81.7,-1.7000000000000028
2026-09-06 21:00:00+00:00,2026-09-06 21:00:00+00:00,2026-09-06 21:51:00+00:00,79.0,80.9,-1.9000000000000057
2026-09-06 22:00:00+00:00,2026-09-06 22:00:00+00:00,2026-09-06 22:51:00+00:00,78.0,79.4,-1.4000000000000057
2026-09-06 23:00:00+00:00,2026-09-06 23:00:00+00:00,2026-09-06 23:51:00+00:00,76.0,75.4,0.5999999999999943
2026-09-07 00:00:00+00:00,2026-09-07 00:00:00+00:00,2026-09-07 00:51:00+00:00,74.0,74.0,0.0
2026-09-07 01:00:00+00:00,2026-09-07 01:00:00+00:00,2026-09-07 01:51:00+00:00,74.0,72.72,1.2800000000000011
2026-09-07 02:00:00+00:00,2026-09-07 02:00:00+00:00,2026-09-07 02:51:00+00:00,72.0,72.1,-0.09999999999999432
2026-09-07 03:00:00+00:00,2026-09-07 03:00:00+00:00,2026-09-07 03:51:00+00:00,71.0,71.0,0.0
2026-09-07 04:00:00+00:00,2026-09-07 04:00:00+00:00,2026-09-07 04:51:00+00:00,70.0,70.4,-0.4000000000000057
2026-09-07 05:00:00+00:00,2026-09-07 05:00:00+00:00,2026-09-07 05:51:00+00:00,70.0,70.1,-0.09999999999999432
2026-09-07 06:00:00+00:00,2026-09-07 06:00:00+00:00,2026-09-07 06:51:00+00:00,71.0,69.0,2.0
2026-09-07 07:00:00+00:00,2026-09-07 07:00:00+00:00,2026-09-07 07:51:00+00:00,70.0,68.2,1.7999999999999972
2026-09-07 08:00:00+00:00,2026-09-07 08:00:00+00:00,2026-09-07 08:51:00+00:00,68.0,67.9,0.09999999999999432
2026-09-07 09:00:00+00:00,2026-09-07 09:00:00+00:00,2026-09-07 09:51:00+00:00,65.0,66.8,-1.7999999999999972
2026-09-07 10:00:00+00:00,2026-09-07 10:00:00+00:00,2026-09-07 10:51:00+00:00,64.0,66.3,-2.299999999999997
2026-09-07 11:00:00+00:00,2026-09-07 11:00:00+00:00,2026-09-07 11:51:00+00:00,68.0,67.6,0.4000000000000057
2026-09-07 12:00:00+00:00,2026-09-07 12:00:00+00:00,2026-09-07 12:51:00+00:00,72.0,72.0,0.0
2026-09-07 13:00:00+00:00,2026-09-07 13:00:00+00:00,2026-09-07 13:51:00+00:00,77.0,74.9,2.0999999999999943
2026-09-07 14:00:00+00:00,2026-09-07 14:00:00+00:00,2026-09-07 14:51:00+00:00,80.0,77.6,2.4000000000000057
2026-09-07 15:00:00+00:00,2026-09-07 15:00:00+00:00,2026-09-07 15:51:00+00:00,82.0,80.4,1.5999999999999943
2026-09-07 16:00:00+00:00,2026-09-07 16:00:00+00:00,2026-09-07 16:51:00+00:00,83.0,80.9,2.0999999999999943
2026-09-07 17:00:00+00:00,2026-09-07 17:00:00+00:00,2026-09-07 17:51:00+00:00,85.0,82.6,2.4000000000000057
2026-09-07 18:00:00+00:00,2026-09-07 18:00:00+00:00,2026-09-07 18:51:00+00:00,86.0,83.3,2.700000000000003
2026-09-07 19:00:00+00:00,2026-09-07 19:00:00+00:00,2026-09-07 19:51:00+00:00,85.0,84.2,0.7999999999999972
2026-09-07 20:00:00+00:00,2026-09-07 20:00:00+00:00,2026-09-07 20:51:00+00:00,84.0,83.3,0.7000000000000028
2026-09-07 21:00:00+00:00,2026-09-07 21:00:00+00:00,2026-09-07 21:51:00+00:00,85.0,82.4,2.5999999999999943
2026-09-07 22:00:00+00:00,2026-09-07 22:00:00+00:00,2026-09-07 22:51:00+00:00,82.0,79.7,2.299999999999997
2026-09-07 23:00:00+00:00,2026-09-07 23:00:00+00:00,2026-09-07 23:51:00+00:00,78.0,75.6,2.4000000000000057
2026-09-08 00:00:00+00:00,2026-09-08 00:00:00+00:00,2026-09-08 00:51:00+00:00,75.0,72.9,2.0999999999999943
2026-09-08 01:00:00+00:00,2026-09-08 01:00:00+00:00,2026-09-08 01:51:00+00:00,74.0,71.6,2.4000000000000057
2026-09-08 02:00:00+00:00,2026-09-08 02:00:00+00:00,2026-09-08 02:51:00+00:00,73.0,70.8,2.200000000000003
2026-09-08 03:00:00+00:00,2026-09-08 03:00:00+00:00,2026-09-08 03:51:00+00:00,71.0,69.9,1.0999999999999943
2026-09-08 04:00:00+00:00,2026-09-08 04:00:00+00:00,2026-09-08 04:51:00+00:00,70.0,69.6,0.4000000000000057
2026-09-08 05:00:00+00:00,2026-09-08 05:00:00+00:00,2026-09-08 05:51:00+00:00,69.0,67.9,1.0999999999999943
2026-09-08 06:00:00+00:00,2026-09-08 06:00:00+00:00,2026-09-08 06:51:00+00:00,69.0,67.6,1.4000000000000057
2026-09-08 07:00:00+00:00,2026-09-08 07:00:00+00:00,2026-09-08 07:51:00+00:00,66.0,67.2,-1.2000000000000028
2026-09-08 08:00:00+00:00,2026-09-08 08:00:00+00:00,2026-09-08 08:51:00+00:00,64.0,66.9,-2.9000000000000057
2026-09-08 09:00:00+00:00,2026-09-08 09:00:00+00:00,2026-09-08 09:51:00+00:00,63.0,66.6,-3.5999999999999943
2026-09-08 10:00:00+00:00,2026-09-08 10:00:00+00:00,2026-09-08 10:51:00+00:00,62.0,66.5,-4.5
2026-09-08 11:00:00+00:00,2026-09-08 11:00:00+00:00,2026-09-08 11:51:00+00:00,66.0,67.7,-1.7000000000000028
2026-09-08 12:00:00+00:00,2026-09-08 12:00:00+00:00,2026-09-08 12:51:00+00:00,72.0,71.5,0.5
2026-09-08 13:00:00+00:00,2026-09-08 13:00:00+00:00,2026-09-08 13:51:00+00:00,75.0,75.5,-0.5
2026-09-08 14:00:00+00:00,2026-09-08 14:00:00+00:00,2026-09-08 14:51:00+00:00,79.0,78.0,1.0
2026-09-08 15:00:00+00:00,2026-09-08 15:00:00+00:00,2026-09-08 15:51:00+00:00,81.0,80.6,0.4000000000000057
2026-09-08 16:00:00+00:00,2026-09-08 16:00:00+00:00,2026-09-08 16:51:00+00:00,83.0,81.9,1.0999999999999943
2026-09-08 17:00:00+00:00,2026-09-08 17:00:00+00:00,2026-09-08 17:51:00+00:00,82.0,83.3,-1.2999999999999972
2026-09-08 18:00:00+00:00,2026-09-08 18:00:00+00:00,2026-09-08 18:51:00+00:00,85.0,84.0,1.0
2026-09-08 19:00:00+00:00,2026-09-08 19:00:00+00:00,2026-09-08 19:51:00+00:00,86.0,84.3,1.7000000000000028
2026-09-08 20:00:00+00:00,2026-09-08 20:00:00+00:00,2026-09-08 20:51:00+00:00,85.0,83.7,1.2999999999999972
2026-09-08 21:00:00+00:00,2026-09-08 21:00:00+00:00,2026-09-08 21:51:00+00:00,85.0,82.5,2.5
2026-09-08 22:00:00+00:00,2026-09-08 22:00:00+00:00,2026-09-08 22:51:00+00:00,82.0,79.6,2.4000000000000057
2026-09-08 23:00:00+00:00,2026-09-08 23:00:00+00:00,2026-09-08 23:51:00+00:00,78.0,75.5,2.5
2026-09-09 00:00:00+00:00,2026-09-09 00:00:00+00:00,2026-09-09 00:51:00+00:00,75.0,73.8,1.2000000000000028
2026-09-09 01:00:00+00:00,2026-09-09 01:00:00+00:00,2026-09-09 01:51:00+00:00,73.0,72.5,0.5
2026-09-09 02:00:00+00:00,2026-09-09 02:00:00+00:00,2026-09-09 02:51:00+00:00,72.0,71.7,0.29999999999999716
2026-09-09 03:00:00+00:00,2026-09-09 03:00:00+00:00,2026-09-09 03:51:00+00:00,71.0,71.3,-0.29999999999999716
2026-09-09 04:00:00+00:00,2026-09-09 04:00:00+00:00,2026-09-09 04:51:00+00:00,69.0,70.3,-1.2999999999999972
2026-09-09 05:00:00+00:00,2026-09-09 05:00:00+00:00,2026-09-09 05:51:00+00:00,69.0,69.7,-0.7000000000000028
2026-09-09 06:00:00+00:00,2026-09-09 06:00:00+00:00,2026-09-09 06:51:00+00:00,67.0,68.8,-1.7999999999999972
2026-09-09 07:00:00+00:00,2026-09-09 07:00:00+00:00,2026-09-09 07:51:00+00:00,63.0,68.1,-5.099999999999994
2026-09-09 08:00:00+00:00,2026-09-09 08:00:00+00:00,2026-09-09 08:51:00+00:00,65.0,67.8,-2.799999999999997
2026-09-09 09:00:00+00:00,2026-09-09 09:00:00+00:00,2026-09-09 09:51:00+00:00,63.0,68.0,-5.0
2026-09-09 10:00:00+00:00,2026-09-09 10:00:00+00:00,2026-09-09 10:51:00+00:00,63.0,67.6,-4.599999999999994
2026-09-09 11:00:00+00:00,2026-09-09 11:00:00+00:00,2026-09-09 11:51:00+00:00,67.0,68.9,-1.9000000000000057
2026-09-09 12:00:00+00:00,2026-09-09 12:00:00+00:00,2026-09-09 12:51:00+00:00,73.0,71.5,1.5
2026-09-09 13:00:00+00:00,2026-09-09 13:00:00+00:00,2026-09-09 13:51:00+00:00,78.0,74.5,3.5
2026-09-09 14:00:00+00:00,2026-09-09 14:00:00+00:00,2026-09-09 14:51:00+00:00,81.0,76.5,4.5
2026-09-09 15:00:00+00:00,2026-09-09 15:00:00+00:00,2026-09-09 15:51:00+00:00,84.0,78.3,5.700000000000003
2026-09-09 16:00:00+00:00,2026-09-09 16:00:00+00:00,2026-09-09 16:51:00+00:00,86.0,80.5,5.5
2026-09-09 17:00:00+00:00,2026-09-09 17:00:00+00:00,2026-09-09 17:51:00+00:00,87.0,81.5,5.5
2026-09-09 18:00:00+00:00,2026-09-09 18:00:00+00:00,2026-09-09 18:51:00+00:00,87.0,81.0,6.0
2026-09-09 19:00:00+00:00,2026-09-09 19:00:00+00:00,2026-09-09 19:51:00+00:00,89.0,82.2,6.799999999999997
2026-09-09 20:00:00+00:00,2026-09-09 20:00:00+00:00,2026-09-09 20:51:00+00:00,88.0,82.2,5.799999999999997
2026-09-09 21:00:00+00:00,2026-09-09 21:00:00+00:00,2026-09-09 21:51:00+00:00,87.0,80.7,6.299999999999997
2026-09-09 22:00:00+00:00,2026-09-09 22:00:00+00:00,2026-09-09 22:51:00+00:00,85.0,78.4,6.599999999999994
2026-09-09 23:00:00+00:00,2026-09-09 23:00:00+00:00,2026-09-09 23:51:00+00:00,80.0,75.4,4.599999999999994
2026-09-10 00:00:00+00:00,2026-09-10 00:00:00+00:00,2026-09-10 00:51:00+00:00,79.0,73.6,5.400000000000006
2026-09-10 01:00:00+00:00,2026-09-10 01:00:00+00:00,2026-09-10 01:51:00+00:00,78.0,72.4,5.599999999999994
2026-09-10 02:00:00+00:00,2026-09-10 02:00:00+00:00,2026-09-10 02:51:00+00:00,77.0,71.3,5.700000000000003
2026-09-10 03:00:00+00:00,2026-09-10 03:00:00+00:00,2026-09-10 03:51:00+00:00,76.0,70.7,5.299999999999997
2026-09-10 04:00:00+00:00,2026-09-10 04:00:00+00:00,2026-09-10 04:51:00+00:00,75.0,69.7,5.299999999999997
2026-09-10 05:00:00+00:00,2026-09-10 05:00:00+00:00,2026-09-10 05:51:00+00:00,74.0,69.5,4.5
2026-09-10 06:00:00+00:00,2026-09-10 06:00:00+00:00,2026-09-10 06:51:00+00:00,73.0,69.2,3.799999999999997
2026-09-10 07:00:00+00:00,2026-09-10 07:00:00+00:00,2026-09-10 07:51:00+00:00,73.0,68.7,4.299999999999997
2026-09-10 08:00:00+00:00,2026-09-10 08:00:00+00:00,2026-09-10 08:51:00+00:00,72.0,68.2,3.799999999999997
2026-09-10 09:00:00+00:00,2026-09-10 09:00:00+00:00,2026-09-10 09:51:00+00:00,72.0,67.7,4.299999999999997
2026-09-10 10:00:00+00:00,2026-09-10 10:00:00+00:00,2026-09-10 10:51:00+00:00,71.0,67.0,4.0
2026-09-10 11:00:00+00:00,2026-09-10 11:00:00+00:00,2026-09-10 11:51:00+00:00,73.0,68.3,4.700000000000003
2026-09-10 12:00:00+00:00,2026-09-10 12:00:00+00:00,2026-09-10 12:51:00+00:00,76.0,70.9,5.099999999999994
2026-09-10 13:00:00+00:00,2026-09-10 13:00:00+00:00,2026-09-10 13:51:00+00:00,81.0,73.9,7.099999999999994
2026-09-10 14:00:00+00:00,2026-09-10 14:00:00+00:00,2026-09-10 14:51:00+00:00,86.0,76.3,9.700000000000003
2026-09-10 15:00:00+00:00,2026-09-10 15:00:00+00:00,2026-09-10 15:51:00+00:00,89.0,78.9,10.099999999999994
2026-09-10 16:00:00+00:00,2026-09-10 16:00:00+00:00,2026-09-10 16:51:00+00:00,93.0,80.1,12.900000000000006
2026-09-10 17:00:00+00:00,2026-09-10 17:00:00+00:00,2026-09-10 17:51:00+00:00,94.0,82.1,11.900000000000006
2026-09-10 18:00:00+00:00,2026-09-10 18:00:00+00:00,2026-09-10 18:51:00+00:00,96.0,83.5,12.5
2026-09-10 19:00:00+00:00,2026-09-10 19:00:00+00:00,2026-09-10 19:51:00+00:00,94.0,84.2,9.799999999999997
2026-09-10 20:00:00+00:00,2026-09-10 20:00:00+00:00,2026-09-10 20:51:00+00:00,94.0,83.9,10.099999999999994
2026-09-10 21:00:00+00:00,2026-09-10 21:00:00+00:00,2026-09-10 21:51:00+00:00,93.0,82.6,10.400000000000006
2026-09-10 22:00:00+00:00,2026-09-10 22:00:00+00:00,2026-09-10 22:51:00+00:00,90.0,79.8,10.200000000000003
2026-09-10 23:00:00+00:00,2026-09-10 23:00:00+00:00,2026-09-10 23:51:00+00:00,86.0,75.8,10.200000000000003
2026-09-11 00:00:00+00:00,2026-09-11 00:00:00+00:00,2026-09-11 00:51:00+00:00,85.0,74.2,10.799999999999997
2026-09-11 01:00:00+00:00,2026-09-11 01:00:00+00:00,2026-09-11 01:51:00+00:00,83.0,72.2,10.799999999999997
2026-09-11 02:00:00+00:00,2026-09-11 02:00:00+00:00,2026-09-11 02:51:00+00:00,81.0,70.9,10.099999999999994
2026-09-11 03:00:00+00:00,2026-09-11 03:00:00+00:00,2026-09-11 03:51:00+00:00,80.0,70.2,9.799999999999997
2026-09-11 04:00:00+00:00,2026-09-11 04:00:00+00:00,2026-09-11 04:51:00+00:00,79.0,69.9,9.099999999999994
2026-09-11 05:00:00+00:00,2026-09-11 05:00:00+00:00,2026-09-11 05:51:00+00:00,77.0,69.5,7.5
2026-09-11 06:00:00+00:00,2026-09-11 06:00:00+00:00,2026-09-11 06:51:00+00:00,77.0,68.6,8.400000000000006
2026-09-11 07:00:00+00:00,2026-09-11 07:00:00+00:00,2026-09-11 07:51:00+00:00,76.0,68.2,7.799999999999997
2026-09-11 08:00:00+00:00,2026-09-11 08:00:00+00:00,2026-09-11 08:51:00+00:00,75.0,68.1,6.900000000000006
2026-09-11 09:00:00+00:00,2026-09-11 09:00:00+00:00,2026-09-11 09:51:00+00:00,74.0,67.6,6.400000000000006
2026-09-11 10:00:00+00:00,2026-09-11 10:00:00+00:00,2026-09-11 10:51:00+00:00,74.0,67.3,6.700000000000003
2026-09-11 11:00:00+00:00,2026-09-11 11:00:00+00:00,2026-09-11 11:51:00+00:00,76.0,68.6,7.400000000000006
2026-09-11 12:00:00+00:00,2026-09-11 12:00:00+00:00,2026-09-11 12:51:00+00:00,80.0,72.4,7.599999999999994
2026-09-11 13:00:00+00:00,2026-09-11 13:00:00+00:00,2026-09-11 13:51:00+00:00,84.0,75.9,8.099999999999994
2026-09-11 14:00:00+00:00,2026-09-11 14:00:00+00:00,2026-09-11 14:51:00+00:00,88.0,78.2,9.799999999999997
2026-09-11 15:00:00+00:00,2026-09-11 15:00:00+00:00,2026-09-11 15:51:00+00:00,91.0,80.9,10.099999999999994
2026-09-11 16:00:00+00:00,2026-09-11 16:00:00+00:00,2026-09-11 16:51:00+00:00,92.0,82.2,9.799999999999997
2026-09-11 17:00:00+00:00,2026-09-11 17:00:00+00:00,2026-09-11 17:51:00+00:00,94.0,83.5,10.5
2026-09-11 18:00:00+00:00,2026-09-11 18:00:00+00:00,2026-09-11 18:51:00+00:00,95.0,83.6,11.400000000000006
2026-09-11 19:00:00+00:00,2026-09-11 19:00:00+00:00,2026-09-11 19:51:00+00:00,97.0,83.4,13.599999999999994
2026-09-11 20:00:00+00:00,2026-09-11 20:00:00+00:00,2026-09-11 20:51:00+00:00,94.0,83.4,10.599999999999994
2026-09-11 21:00:00+00:00,2026-09-11 21:00:00+00:00,2026-09-11 21:51:00+00:00,91.0,82.5,8.5
2026-09-11 22:00:00+00:00,2026-09-11 22:00:00+00:00,2026-09-11 22:51:00+00:00,88.0,79.6,8.400000000000006
2026-09-11 23:00:00+00:00,2026-09-11 23:00:00+00:00,2026-09-11 23:51:00+00:00,77.0,76.3,0.7000000000000028
2026-09-12 00:00:00+00:00,2026-09-12 00:00:00+00:00,2026-09-12 00:51:00+00:00,77.0,74.7,2.299999999999997
2026-09-12 01:00:00+00:00,2026-09-12 01:00:00+00:00,2026-09-12 01:51:00+00:00,74.0,73.6,0.4000000000000057
2026-09-12 02:00:00+00:00,2026-09-12 02:00:00+00:00,2026-09-12 02:51:00+00:00,76.0,72.5,3.5
2026-09-12 03:00:00+00:00,2026-09-12 03:00:00+00:00,2026-09-12 03:51:00+00:00,75.0,72.5,2.5
2026-09-12 04:00:00+00:00,2026-09-12 04:00:00+00:00,2026-09-12 04:51:00+00:00,75.0,71.1,3.9000000000000057
2026-09-12 05:00:00+00:00,2026-09-12 05:00:00+00:00,2026-09-12 05:51:00+00:00,75.0,70.8,4.200000000000003
2026-09-12 06:00:00+00:00,2026-09-12 06:00:00+00:00,2026-09-12 06:51:00+00:00,74.0,70.3,3.700000000000003
2026-09-12 07:00:00+00:00,2026-09-12 07:00:00+00:00,2026-09-12 07:51:00+00:00,74.0,69.5,4.5
2026-09-12 08:00:00+00:00,2026-09-12 08:00:00+00:00,2026-09-12 08:51:00+00:00,74.0,69.3,4.700000000000003
2026-09-12 09:00:00+00:00,2026-09-12 09:00:00+00:00,2026-09-12 09:51:00+00:00,74.0,68.9,5.099999999999994
2026-09-12 10:00:00+00:00,2026-09-12 10:00:00+00:00,2026-09-12 10:51:00+00:00,74.0,68.7,5.299999999999997
2026-09-12 11:00:00+00:00,2026-09-12 11:00:00+00:00,2026-09-12 11:51:00+00:00,75.0,70.0,5.0
2026-09-12 12:00:00+00:00,2026-09-12 12:00:00+00:00,2026-09-12 12:51:00+00:00,77.0,72.3,4.700000000000003
2026-09-12 13:00:00+00:00,2026-09-12 13:00:00+00:00,2026-09-12 13:51:00+00:00,78.0,74.8,3.200000000000003
2026-09-12 14:00:00+00:00,2026-09-12 14:00:00+00:00,2026-09-12 14:51:00+00:00,82.0,76.8,5.200000000000003
2026-09-12 15:00:00+00:00,2026-09-12 15:00:00+00:00,2026-09-12 15:51:00+00:00,83.0,79.2,3.799999999999997
2026-09-12 16:00:00+00:00,2026-09-12 16:00:00+00:00,2026-09-12 16:51:00+00:00,85.0,80.9,4.099999999999994
2026-09-12 17:00:00+00:00,2026-09-12 17:00:00+00:00,2026-09-12 17:51:00+00:00,78.0,81.8,-3.799999999999997
2026-09-12 18:00:00+00:00,2026-09-12 18:00:00+00:00,2026-09-12 18:51:00+00:00,82.0,82.4,-0.4000000000000057
2026-09-12 19:00:00+00:00,2026-09-12 19:00:00+00:00,2026-09-12 19:51:00+00:00,80.0,83.4,-3.4000000000000057
2026-09-12 20:00:00+00:00,2026-09-12 20:00:00+00:00,2026-09-12 20:51:00+00:00,81.0,82.9,-1.9000000000000057
2026-09-12 21:00:00+00:00,2026-09-12 21:00:00+00:00,2026-09-12 21:51:00+00:00,79.0,81.1,-2.0999999999999943
2026-09-12 22:00:00+00:00,2026-09-12 22:00:00+00:00,2026-09-12 22:51:00+00:00,78.0,79.1,-1.0999999999999943
2026-09-12 23:00:00+00:00,2026-09-12 23:00:00+00:00,2026-09-12 23:51:00+00:00,77.0,75.9,1.0999999999999943
2026-09-13 00:00:00+00:00,2026-09-13 00:00:00+00:00,2026-09-13 00:51:00+00:00,77.0,74.2,2.799999999999997
2026-09-13 01:00:00+00:00,2026-09-13 01:00:00+00:00,2026-09-13 01:51:00+00:00,76.0,73.3,2.700000000000003
2026-09-13 02:00:00+00:00,2026-09-13 02:00:00+00:00,2026-09-13 02:51:00+00:00,77.0,71.9,5.099999999999994
2026-09-13 03:00:00+00:00,2026-09-13 03:00:00+00:00,2026-09-13 03:51:00+00:00,77.0,71.4,5.599999999999994
2026-09-13 04:00:00+00:00,2026-09-13 04:00:00+00:00,2026-09-13 04:51:00+00:00,77.0,70.6,6.400000000000006
2026-09-13 05:00:00+00:00,2026-09-13 05:00:00+00:00,2026-09-13 05:51:00+00:00,76.0,69.0,7.0
2026-09-13 06:00:00+00:00,2026-09-13 06:00:00+00:00,2026-09-13 06:51:00+00:00,75.0,68.6,6.400000000000006
2026-09-13 07:00:00+00:00,2026-09-13 07:00:00+00:00,2026-09-13 07:51:00+00:00,75.0,67.7,7.299999999999997
2026-09-13 08:00:00+00:00,2026-09-13 08:00:00+00:00,2026-09-13 08:51:00+00:00,75.0,66.9,8.099999999999994
2026-09-13 09:00:00+00:00,2026-09-13 09:00:00+00:00,2026-09-13 09:51:00+00:00,75.0,66.3,8.700000000000003
2026-09-13 10:00:00+00:00,2026-09-13 10:00:00+00:00,2026-09-13 10:51:00+00:00,75.0,66.3,8.700000000000003
2026-09-13 11:00:00+00:00,2026-09-13 11:00:00+00:00,2026-09-13 11:51:00+00:00,75.0,66.9,8.099999999999994
2026-09-13 12:00:00+00:00,2026-09-13 12:00:00+00:00,2026-09-13 12:51:00+00:00,76.0,69.8,6.200000000000003
2026-09-13 13:00:00+00:00,2026-09-13 13:00:00+00:00,2026-09-13 13:51:00+00:00,78.0,72.9,5.099999999999994
2026-09-13 14:00:00+00:00,2026-09-13 14:00:00+00:00,2026-09-13 14:51:00+00:00,79.0,75.2,3.799999999999997
2026-09-13 15:00:00+00:00,2026-09-13 15:00:00+00:00,2026-09-13 15:51:00+00:00,81.0,77.6,3.4000000000000057
2026-09-13 16:00:00+00:00,2026-09-13 16:00:00+00:00,2026-09-13 16:51:00+00:00,83.0,79.9,3.0999999999999943
2026-09-13 17:00:00+00:00,2026-09-13 17:00:00+00:00,2026-09-13 17:51:00+00:00,86.0,80.5,5.5
2026-09-13 18:00:00+00:00,2026-09-13 18:00:00+00:00,2026-09-13 18:51:00+00:00,87.0,81.7,5.299999999999997
2026-09-13 19:00:00+00:00,2026-09-13 19:00:00+00:00,2026-09-13 19:51:00+00:00,88.0,80.9,7.099999999999994
2026-09-13 20:00:00+00:00,2026-09-13 20:00:00+00:00,2026-09-13 20:51:00+00:00,90.0,80.9,9.099999999999994
2026-09-13 21:00:00+00:00,2026-09-13 21:00:00+00:00,2026-09-13 21:51:00+00:00,89.0,80.0,9.0
2026-09-13 22:00:00+00:00,2026-09-13 22:00:00+00:00,2026-09-13 22:51:00+00:00,87.0,77.8,9.200000000000003
2026-09-13 23:00:00+00:00,2026-09-13 23:00:00+00:00,2026-09-13 23:51:00+00:00,82.0,74.6,7.400000000000006
2026-09-14 00:00:00+00:00,2026-09-14 00:00:00+00:00,2026-09-14 00:51:00+00:00,81.0,72.7,8.299999999999997
2026-09-14 01:00:00+00:00,2026-09-14 01:00:00+00:00,2026-09-14 01:51:00+00:00,80.0,71.4,8.599999999999994
2026-09-14 02:00:00+00:00,2026-09-14 02:00:00+00:00,2026-09-14 02:51:00+00:00,79.0,71.0,8.0
2026-09-14 03:00:00+00:00,2026-09-14 03:00:00+00:00,2026-09-14 03:51:00+00:00,78.0,70.2,7.799999999999997
2026-09-14 04:00:00+00:00,2026-09-14 04:00:00+00:00,2026-09-14 04:51:00+00:00,77.0,68.5,8.5
2026-09-14 05:00:00+00:00,2026-09-14 05:00:00+00:00,2026-09-14 05:51:00+00:00,77.0,68.1,8.900000000000006
2026-09-14 06:00:00+00:00,2026-09-14 06:00:00+00:00,2026-09-14 06:51:00+00:00,74.0,66.8,7.200000000000003
2026-09-14 07:00:00+00:00,2026-09-14 07:00:00+00:00,2026-09-14 07:51:00+00:00,75.0,65.9,9.099999999999994
2026-09-14 08:00:00+00:00,2026-09-14 08:00:00+00:00,2026-09-14 08:51:00+00:00,73.0,65.4,7.599999999999994
2026-09-14 09:00:00+00:00,2026-09-14 09:00:00+00:00,2026-09-14 09:51:00+00:00,72.0,65.2,6.799999999999997
2026-09-14 10:00:00+00:00,2026-09-14 10:00:00+00:00,2026-09-14 10:51:00+00:00,71.0,64.8,6.200000000000003
2026-09-14 11:00:00+00:00,2026-09-14 11:00:00+00:00,2026-09-14 11:51:00+00:00,73.0,66.1,6.900000000000006
2026-09-14 12:00:00+00:00,2026-09-14 12:00:00+00:00,2026-09-14 12:51:00+00:00,78.0,69.5,8.5
2026-09-14 13:00:00+00:00,2026-09-14 13:00:00+00:00,2026-09-14 13:51:00+00:00,84.0,72.7,11.299999999999997
2026-09-14 14:00:00+00:00,2026-09-14 14:00:00+00:00,2026-09-14 14:51:00+00:00,86.0,75.6,10.400000000000006
2026-09-14 15:00:00+00:00,2026-09-14 15:00:00+00:00,2026-09-14 15:51:00+00:00,88.0,77.3,10.700000000000003
2026-09-14 16:00:00+00:00,2026-09-14 16:00:00+00:00,2026-09-14 16:51:00+00:00,88.0,77.9,10.099999999999994
2026-09-14 17:00:00+00:00,2026-09-14 17:00:00+00:00,2026-09-14 17:51:00+00:00,89.0,79.55555555555556,9.444444444444443
2026-09-14 18:00:00+00:00,2026-09-14 18:00:00+00:00,2026-09-14 18:51:00+00:00,90.0,79.64,10.36
2026-09-14 19:00:00+00:00,2026-09-14 19:00:00+00:00,2026-09-14 19:51:00+00:00,89.0,79.52000000000001,9.47999999999999
2026-09-14 20:00:00+00:00,2026-09-14 20:00:00+00:00,2026-09-14 20:51:00+00:00,89.0,79.42,9.579999999999998
2026-09-14 21:00:00+00:00,2026-09-14 21:00:00+00:00,2026-09-14 21:51:00+00:00,88.0,78.42,9.579999999999998
2026-09-14 22:00:00+00:00,2026-09-14 22:00:00+00:00,2026-09-14 22:51:00+00:00,84.0,76.06,7.939999999999998
2026-09-14 23:00:00+00:00,2026-09-14 23:00:00+00:00,2026-09-14 23:51:00+00:00,81.0,73.0,8.0
2026-09-15 00:00:00+00:00,2026-09-15 00:00:00+00:00,2026-09-15 00:51:00+00:00,80.0,70.1,9.900000000000006
2026-09-15 01:00:00+00:00,2026-09-15 01:00:00+00:00,2026-09-15 01:51:00+00:00,78.0,69.3,8.700000000000003
2026-09-15 02:00:00+00:00,2026-09-15 02:00:00+00:00,2026-09-15 02:51:00+00:00,76.0,67.9,8.099999999999994
2026-09-15 03:00:00+00:00,2026-09-15 03:00:00+00:00,2026-09-15 03:51:00+00:00,74.0,67.3,6.700000000000003
2026-09-15 04:00:00+00:00,2026-09-15 04:00:00+00:00,2026-09-15 04:51:00+00:00,71.0,66.2,4.799999999999997
2026-09-15 05:00:00+00:00,2026-09-15 05:00:00+00:00,2026-09-15 05:51:00+00:00,70.0,66.0,4.0
2026-09-15 06:00:00+00:00,2026-09-15 06:00:00+00:00,2026-09-15 06:51:00+00:00,68.0,65.1,2.9000000000000057
2026-09-15 07:00:00+00:00,2026-09-15 07:00:00+00:00,2026-09-15 07:51:00+00:00,67.0,64.7,2.299999999999997
2026-09-15 08:00:00+00:00,2026-09-15 08:00:00+00:00,2026-09-15 08:51:00+00:00,66.0,64.1,1.9000000000000057
2026-09-15 09:00:00+00:00,2026-09-15 09:00:00+00:00,2026-09-15 09:51:00+00:00,64.0,63.9,0.10000000000000142
2026-09-15 10:00:00+00:00,2026-09-15 10:00:00+00:00,2026-09-15 10:51:00+00:00,63.0,63.2,-0.20000000000000284
2026-09-15 11:00:00+00:00,2026-09-15 11:00:00+00:00,2026-09-15 11:51:00+00:00,66.0,64.7,1.2999999999999972
2026-09-15 12:00:00+00:00,2026-09-15 12:00:00+00:00,2026-09-15 12:51:00+00:00,69.0,69.7,-0.7000000000000028
2026-09-15 13:00:00+00:00,2026-09-15 13:00:00+00:00,2026-09-15 13:51:00+00:00,74.0,73.0,1.0
2026-09-15 14:00:00+00:00,2026-09-15 14:00:00+00:00,2026-09-15 14:51:00+00:00,76.0,75.6,0.4000000000000057
2026-09-15 15:00:00+00:00,2026-09-15 15:00:00+00:00,2026-09-15 15:51:00+00:00,77.0,77.5,-0.5
2026-09-15 16:00:00+00:00,2026-09-15 16:00:00+00:00,2026-09-15 16:51:00+00:00,77.0,78.8,-1.7999999999999972
2026-09-15 17:00:00+00:00,2026-09-15 17:00:00+00:00,2026-09-15 17:51:00+00:00,81.0,80.0,1.0
2026-09-15 18:00:00+00:00,2026-09-15 18:00:00+00:00,2026-09-15 18:51:00+00:00,81.0,80.7,0.29999999999999716
2026-09-15 19:00:00+00:00,2026-09-15 19:00:00+00:00,2026-09-15 19:51:00+00:00,82.0,80.7,1.2999999999999972
2026-09-15 20:00:00+00:00,2026-09-15 20:00:00+00:00,2026-09-15 20:51:00+00:00,82.0,79.8,2.200000000000003
2026-09-15 21:00:00+00:00,2026-09-15 21:00:00+00:00,2026-09-15 21:51:00+00:00,82.0,78.9,3.0999999999999943
2026-09-15 22:00:00+00:00,2026-09-15 22:00:00+00:00,2026-09-15 22:51:00+00:00,78.0,76.0,2.0
2026-09-15 23:00:00+00:00,2026-09-15 23:00:00+00:00,2026-09-15 23:51:00+00:00,75.0,72.66,2.3400000000000034
2026-09-16 00:00:00+00:00,2026-09-16 00:00:00+00:00,2026-09-16 00:51:00+00:00,73.0,70.0,3.0
2026-09-16 01:00:00+00:00,2026-09-16 01:00:00+00:00,2026-09-16 01:51:00+00:00,71.0,68.3,2.700000000000003
2026-09-16 02:00:00+00:00,2026-09-16 02:00:00+00:00,2026-09-16 02:51:00+00:00,69.0,68.22222222222223,0.7777777777777715
2026-09-16 03:00:00+00:00,2026-09-16 03:00:00+00:00,2026-09-16 03:51:00+00:00,68.0,66.6,1.4000000000000057
2026-09-16 04:00:00+00:00,2026-09-16 04:00:00+00:00,2026-09-16 04:51:00+00:00,68.0,66.5,1.5
2026-09-16 05:00:00+00:00,2026-09-16 05:00:00+00:00,2026-09-16 05:51:00+00:00,67.0,66.1,0.9000000000000057
2026-09-16 06:00:00+00:00,2026-09-16 06:00:00+00:00,2026-09-16 06:51:00+00:00,66.0,65.5,0.5
2026-09-16 07:00:00+00:00,2026-09-16 07:00:00+00:00,2026-09-16 07:51:00+00:00,64.0,65.2,-1.2000000000000028
2026-09-16 08:00:00+00:00,2026-09-16 08:00:00+00:00,2026-09-16 08:51:00+00:00,63.0,64.9,-1.9000000000000057
2026-09-16 09:00:00+00:00,2026-09-16 09:00:00+00:00,2026-09-16 09:51:00+00:00,61.0,64.3,-3.299999999999997
2026-09-16 10:00:00+00:00,2026-09-16 10:00:00+00:00,2026-09-16 10:51:00+00:00,61.0,64.3,-3.299999999999997
2026-09-16 11:00:00+00:00,2026-09-16 11:00:00+00:00,2026-09-16 11:51:00+00:00,63.0,65.1,-2.0999999999999943
2026-09-16 12:00:00+00:00,2026-09-16 12:00:00+00:00,2026-09-16 12:51:00+00:00,69.0,67.2,1.7999999999999972
2026-09-16 13:00:00+00:00,2026-09-16 13:00:00+00:00,2026-09-16 13:51:00+00:00,73.0,70.1,2.9000000000000057
2026-09-16 14:00:00+00:00,2026-09-16 14:00:00+00:00,2026-09-16 14:51:00+00:00,78.0,72.1,5.900000000000006
2026-09-16 15:00:00+00:00,2026-09-16 15:00:00+00:00,2026-09-16 15:51:00+00:00,80.0,74.1,5.900000000000006
2026-09-16 16:00:00+00:00,2026-09-16 16:00:00+00:00,2026-09-16 16:51:00+00:00,82.0,75.5,6.5
2026-09-16 17:00:00+00:00,2026-09-16 17:00:00+00:00,2026-09-16 17:51:00+00:00,83.0,76.3,6.700000000000003
2026-09-16 18:00:00+00:00,2026-09-16 18:00:00+00:00,2026-09-16 18:51:00+00:00,84.0,77.3,6.700000000000003
2026-09-16 19:00:00+00:00,2026-09-16 19:00:00+00:00,2026-09-16 19:51:00+00:00,86.0,77.5,8.5
2026-09-16 20:00:00+00:00,2026-09-16 20:00:00+00:00,2026-09-16 20:51:00+00:00,86.0,77.3,8.700000000000003
2026-09-16 21:00:00+00:00,2026-09-16 21:00:00+00:00,2026-09-16 21:51:00+00:00,85.0,76.0,9.0
2026-09-16 22:00:00+00:00,2026-09-16 22:00:00+00:00,2026-09-16 22:51:00+00:00,83.0,73.9,9.099999999999994
2026-09-16 23:00:00+00:00,2026-09-16 23:00:00+00:00,2026-09-16 23:51:00+00:00,78.0,71.7,6.299999999999997
2026-09-17 00:00:00+00:00,2026-09-17 00:00:00+00:00,2026-09-17 00:51:00+00:00,76.0,70.4,5.599999999999994
2026-09-17 01:00:00+00:00,2026-09-17 01:00:00+00:00,2026-09-17 01:51:00+00:00,72.0,69.2,2.799999999999997
2026-09-17 02:00:00+00:00,2026-09-17 02:00:00+00:00,2026-09-17 02:51:00+00:00,71.0,68.1,2.9000000000000057
2026-09-17 03:00:00+00:00,2026-09-17 03:00:00+00:00,2026-09-17 03:51:00+00:00,70.0,67.4,2.5999999999999943
