,valid_time_utc,origin_utc,actual_report_utc,day,prediction_f,observation_f,source_file,error_f
0,2026-04-03 04:00:00+00:00,2026-04-03 04:00:00+00:00,2026-04-03 04:51:00+00:00,1,63.735,67.0,gfs_20260402T1800Z.json,-3.2650000000000006
1,2026-04-03 05:00:00+00:00,2026-04-03 04:00:00+00:00,2026-04-03 05:51:00+00:00,1,63.09,66.0,gfs_20260402T1800Z.json,-2.9099999999999966
2,2026-04-03 06:00:00+00:00,2026-04-03 04:00:00+00:00,,1,,,gfs_20260402T1800Z.json,
3,2026-04-03 07:00:00+00:00,2026-04-03 04:00:00+00:00,,1,,,gfs_20260402T1800Z.json,
4,2026-04-03 08:00:00+00:00,2026-04-03 04:00:00+00:00,2026-04-03 08:51:00+00:00,1,62.44,64.0,gfs_20260402T1800Z.json,-1.5600000000000023
5,2026-04-03 09:00:00+00:00,2026-04-03 04:00:00+00:00,,1,,,gfs_20260402T1800Z.json,
6,2026-04-03 10:00:00+00:00,2026-04-03 04:00:00+00:00,,1,,,gfs_20260402T1800Z.json,
7,2026-04-03 11:00:00+00:00,2026-04-03 04:00:00+00:00,2026-04-03 11:51:00+00:00,1,62.105,66.0,gfs_20260402T1800Z.json,-3.895000000000003
8,2026-04-03 12:00:00+00:00,2026-04-03 04:00:00+00:00,2026-04-03 12:51:00+00:00,1,65.02,68.0,gfs_20260402T1800Z.json,-2.980000000000004
9,2026-04-03 13:00:00+00:00,2026-04-03 04:00:00+00:00,2026-04-03 13:51:00+00:00,1,68.73,70.0,gfs_20260402T1800Z.json,-1.269999999999996
10,2026-04-03 14:00:00+00:00,2026-04-03 04:00:00+00:00,2026-04-03 14:51:00+00:00,1,71.17,71.0,gfs_20260402T1800Z.json,0.1700000000000017
11,2026-04-03 15:00:00+00:00,2026-04-03 04:00:00+00:00,2026-04-03 15:51:00+00:00,1,73.455,75.0,gfs_20260402T1800Z.json,-1.5450000000000017
12,2026-04-03 16:00:00+00:00,2026-04-03 04:00:00+00:00,2026-04-03 16:51:00+00:00,1,77.28500000000001,77.0,gfs_20260402T1800Z.json,0.2850000000000108
13,2026-04-03 17:00:00+00:00,2026-04-03 04:00:00+00:00,2026-04-03 17:51:00+00:00,1,78.83500000000001,80.0,gfs_20260402T1800Z.json,-1.164999999999992
14,2026-04-03 18:00:00+00:00,2026-04-03 04:00:00+00:00,2026-04-03 18:51:00+00:00,1,76.79,81.0,gfs_20260402T1800Z.json,-4.209999999999994
15,2026-04-03 19:00:00+00:00,2026-04-03 04:00:00+00:00,2026-04-03 19:51:00+00:00,1,75.635,81.0,gfs_20260402T1800Z.json,-5.364999999999995
16,2026-04-03 20:00:00+00:00,2026-04-03 04:00:00+00:00,2026-04-03 20:51:00+00:00,1,73.88499999999999,79.0,gfs_20260402T1800Z.json,-5.115000000000009
17,2026-04-03 21:00:00+00:00,2026-04-03 04:00:00+00:00,2026-04-03 21:51:00+00:00,1,75.3,78.0,gfs_20260402T1800Z.json,-2.700000000000003
18,2026-04-03 22:00:00+00:00,2026-04-03 04:00:00+00:00,2026-04-03 22:51:00+00:00,1,72.285,75.0,gfs_20260402T1800Z.json,-2.7150000000000034
19,2026-04-03 23:00:00+00:00,2026-04-03 04:00:00+00:00,2026-04-03 23:51:00+00:00,1,69.83,72.0,gfs_20260402T1800Z.json,-2.1700000000000017
20,2026-04-04 00:00:00+00:00,2026-04-03 04:00:00+00:00,2026-04-04 00:51:00+00:00,1,67.375,70.0,gfs_20260402T1800Z.json,-2.625
21,2026-04-04 01:00:00+00:00,2026-04-03 04:00:00+00:00,2026-04-04 01:51:00+00:00,1,66.66,69.0,gfs_20260402T1800Z.json,-2.3400000000000034
22,2026-04-04 02:00:00+00:00,2026-04-03 04:00:00+00:00,2026-04-04 02:51:00+00:00,1,66.175,70.0,gfs_20260402T1800Z.json,-3.825000000000003
23,2026-04-04 03:00:00+00:00,2026-04-03 04:00:00+00:00,2026-04-04 03:51:00+00:00,1,64.91,68.0,gfs_20260402T1800Z.json,-3.0900000000000034
24,2026-04-04 04:00:00+00:00,2026-04-03 04:00:00+00:00,2026-04-04 04:51:00+00:00,2,63.765,67.0,gfs_20260402T1800Z.json,-3.2349999999999994
25,2026-04-04 05:00:00+00:00,2026-04-03 04:00:00+00:00,2026-04-04 05:51:00+00:00,2,62.835,66.0,gfs_20260402T1800Z.json,-3.164999999999999
26,2026-04-04 06:00:00+00:00,2026-04-03 04:00:00+00:00,2026-04-04 06:51:00+00:00,2,61.934999999999995,65.0,gfs_20260402T1800Z.json,-3.065000000000005
27,2026-04-04 07:00:00+00:00,2026-04-03 04:00:00+00:00,2026-04-04 07:51:00+00:00,2,61.035,63.0,gfs_20260402T1800Z.json,-1.9650000000000034
28,2026-04-04 08:00:00+00:00,2026-04-03 04:00:00+00:00,2026-04-04 08:51:00+00:00,2,60.39,63.0,gfs_20260402T1800Z.json,-2.6099999999999994
29,2026-04-04 09:00:00+00:00,2026-04-03 04:00:00+00:00,2026-04-04 09:51:00+00:00,2,59.875,63.0,gfs_20260402T1800Z.json,-3.125
30,2026-04-04 10:00:00+00:00,2026-04-03 04:00:00+00:00,2026-04-04 10:51:00+00:00,2,59.63,62.0,gfs_20260402T1800Z.json,-2.3699999999999974
31,2026-04-04 11:00:00+00:00,2026-04-03 04:00:00+00:00,2026-04-04 11:51:00+00:00,2,61.47,64.0,gfs_20260402T1800Z.json,-2.530000000000001
32,2026-04-04 12:00:00+00:00,2026-04-03 04:00:00+00:00,2026-04-04 12:51:00+00:00,2,65.625,68.0,gfs_20260402T1800Z.json,-2.375
33,2026-04-04 13:00:00+00:00,2026-04-03 04:00:00+00:00,2026-04-04 13:51:00+00:00,2,69.955,71.0,gfs_20260402T1800Z.json,-1.0450000000000017
34,2026-04-04 14:00:00+00:00,2026-04-03 04:00:00+00:00,2026-04-04 14:51:00+00:00,2,73.49,75.0,gfs_20260402T1800Z.json,-1.5100000000000051
35,2026-04-04 15:00:00+00:00,2026-04-03 04:00:00+00:00,2026-04-04 15:51:00+00:00,2,76.125,78.0,gfs_20260402T1800Z.json,-1.875
36,2026-04-04 16:00:00+00:00,2026-04-03 04:00:00+00:00,2026-04-04 16:51:00+00:00,2,76.84,80.0,gfs_20260402T1800Z.json,-3.1599999999999966
37,2026-04-04 17:00:00+00:00,2026-04-03 04:00:00+00:00,2026-04-04 17:51:00+00:00,2,77.92,82.0,gfs_20260402T1800Z.json,-4.079999999999998
38,2026-04-04 18:00:00+00:00,2026-04-03 04:00:00+00:00,2026-04-04 18:51:00+00:00,2,80.905,84.0,gfs_20260402T1800Z.json,-3.094999999999999
39,2026-04-04 19:00:00+00:00,2026-04-03 04:00:00+00:00,2026-04-04 19:51:00+00:00,2,81.655,81.0,gfs_20260402T1800Z.json,0.6550000000000011
40,2026-04-04 20:00:00+00:00,2026-04-03 04:00:00+00:00,2026-04-04 20:51:00+00:00,2,79.15,84.0,gfs_20260402T1800Z.json,-4.849999999999994
41,2026-04-04 21:00:00+00:00,2026-04-03 04:00:00+00:00,2026-04-04 21:51:00+00:00,2,75.64,82.0,gfs_20260402T1800Z.json,-6.359999999999999
42,2026-04-04 22:00:00+00:00,2026-04-03 04:00:00+00:00,2026-04-04 22:51:00+00:00,2,73.57,81.0,gfs_20260402T1800Z.json,-7.430000000000007
43,2026-04-04 23:00:00+00:00,2026-04-03 04:00:00+00:00,2026-04-04 23:51:00+00:00,2,72.195,77.0,gfs_20260402T1800Z.json,-4.805000000000007
44,2026-04-05 00:00:00+00:00,2026-04-03 04:00:00+00:00,2026-04-05 00:51:00+00:00,2,70.64,75.0,gfs_20260402T1800Z.json,-4.359999999999999
45,2026-04-05 01:00:00+00:00,2026-04-03 04:00:00+00:00,2026-04-05 01:51:00+00:00,2,69.295,74.0,gfs_20260402T1800Z.json,-4.704999999999998
46,2026-04-05 02:00:00+00:00,2026-04-03 04:00:00+00:00,2026-04-05 02:51:00+00:00,2,67.57,72.0,gfs_20260402T1800Z.json,-4.430000000000007
47,2026-04-05 03:00:00+00:00,2026-04-03 04:00:00+00:00,2026-04-05 03:51:00+00:00,2,66.53500000000001,71.0,gfs_20260402T1800Z.json,-4.464999999999989
48,2026-04-05 04:00:00+00:00,2026-04-03 04:00:00+00:00,2026-04-05 04:51:00+00:00,3,66.145,69.0,gfs_20260402T1800Z.json,-2.855000000000004
49,2026-04-05 05:00:00+00:00,2026-04-03 04:00:00+00:00,2026-04-05 05:51:00+00:00,3,65.76,68.0,gfs_20260402T1800Z.json,-2.239999999999995
50,2026-04-05 06:00:00+00:00,2026-04-03 04:00:00+00:00,2026-04-05 06:51:00+00:00,3,65.53,68.0,gfs_20260402T1800Z.json,-2.469999999999999
51,2026-04-05 07:00:00+00:00,2026-04-03 04:00:00+00:00,2026-04-05 07:51:00+00:00,3,64.905,67.0,gfs_20260402T1800Z.json,-2.094999999999999
52,2026-04-05 08:00:00+00:00,2026-04-03 04:00:00+00:00,2026-04-05 08:51:00+00:00,3,64.63,68.0,gfs_20260402T1800Z.json,-3.3700000000000045
53,2026-04-05 09:00:00+00:00,2026-04-03 04:00:00+00:00,2026-04-05 09:51:00+00:00,3,64.345,68.0,gfs_20260402T1800Z.json,-3.655000000000001
54,2026-04-05 10:00:00+00:00,2026-04-03 04:00:00+00:00,2026-04-05 10:51:00+00:00,3,64.13,68.0,gfs_20260402T1800Z.json,-3.8700000000000045
55,2026-04-05 11:00:00+00:00,2026-04-03 04:00:00+00:00,2026-04-05 11:51:00+00:00,3,64.865,68.0,gfs_20260402T1800Z.json,-3.135000000000005
56,2026-04-05 12:00:00+00:00,2026-04-03 04:00:00+00:00,2026-04-05 12:51:00+00:00,3,67.465,70.0,gfs_20260402T1800Z.json,-2.5349999999999966
57,2026-04-05 13:00:00+00:00,2026-04-03 04:00:00+00:00,2026-04-05 13:51:00+00:00,3,68.83500000000001,73.0,gfs_20260402T1800Z.json,-4.164999999999992
58,2026-04-05 14:00:00+00:00,2026-04-03 04:00:00+00:00,2026-04-05 14:51:00+00:00,3,65.77,74.0,gfs_20260402T1800Z.json,-8.230000000000004
59,2026-04-05 15:00:00+00:00,2026-04-03 04:00:00+00:00,2026-04-05 15:51:00+00:00,3,64.265,74.0,gfs_20260402T1800Z.json,-9.735
60,2026-04-05 16:00:00+00:00,2026-04-03 04:00:00+00:00,2026-04-05 16:51:00+00:00,3,63.93,70.0,gfs_20260402T1800Z.json,-6.07
61,2026-04-05 17:00:00+00:00,2026-04-03 04:00:00+00:00,2026-04-05 17:51:00+00:00,3,64.41,71.0,gfs_20260402T1800Z.json,-6.590000000000003
62,2026-04-05 18:00:00+00:00,2026-04-03 04:00:00+00:00,2026-04-05 18:51:00+00:00,3,65.095,71.0,gfs_20260402T1800Z.json,-5.905000000000001
63,2026-04-05 19:00:00+00:00,2026-04-03 04:00:00+00:00,2026-04-05 19:51:00+00:00,3,66.135,71.0,gfs_20260402T1800Z.json,-4.864999999999995
64,2026-04-05 20:00:00+00:00,2026-04-03 04:00:00+00:00,2026-04-05 20:51:00+00:00,3,64.77,72.0,gfs_20260402T1800Z.json,-7.230000000000004
65,2026-04-05 21:00:00+00:00,2026-04-03 04:00:00+00:00,2026-04-05 21:51:00+00:00,3,63.82,66.0,gfs_20260402T1800Z.json,-2.1799999999999997
66,2026-04-05 22:00:00+00:00,2026-04-03 04:00:00+00:00,2026-04-05 22:51:00+00:00,3,63.445,64.0,gfs_20260402T1800Z.json,-0.5549999999999997
67,2026-04-05 23:00:00+00:00,2026-04-03 04:00:00+00:00,2026-04-05 23:51:00+00:00,3,62.805,65.0,gfs_20260402T1800Z.json,-2.1950000000000003
68,2026-04-06 00:00:00+00:00,2026-04-03 04:00:00+00:00,2026-04-06 00:51:00+00:00,3,62.53,66.0,gfs_20260402T1800Z.json,-3.469999999999999
69,2026-04-06 01:00:00+00:00,2026-04-03 04:00:00+00:00,2026-04-06 01:51:00+00:00,3,60.970000000000006,65.0,gfs_20260402T1800Z.json,-4.029999999999994
70,2026-04-06 02:00:00+00:00,2026-04-03 04:00:00+00:00,2026-04-06 02:51:00+00:00,3,57.47,63.0,gfs_20260402T1800Z.json,-5.530000000000001
71,2026-04-06 03:00:00+00:00,2026-04-03 04:00:00+00:00,2026-04-06 03:51:00+00:00,3,53.415,57.0,gfs_20260402T1800Z.json,-3.585000000000001
72,2026-04-06 04:00:00+00:00,2026-04-03 04:00:00+00:00,2026-04-06 04:51:00+00:00,4,51.27,54.0,gfs_20260402T1800Z.json,-2.729999999999997
73,2026-04-06 05:00:00+00:00,2026-04-03 04:00:00+00:00,2026-04-06 05:51:00+00:00,4,50.32,52.0,gfs_20260402T1800Z.json,-1.6799999999999997
74,2026-04-06 06:00:00+00:00,2026-04-03 04:00:00+00:00,2026-04-06 06:51:00+00:00,4,49.945,51.0,gfs_20260402T1800Z.json,-1.0549999999999997
75,2026-04-06 07:00:00+00:00,2026-04-03 04:00:00+00:00,2026-04-06 07:51:00+00:00,4,49.56,50.0,gfs_20260402T1800Z.json,-0.4399999999999977
76,2026-04-06 08:00:00+00:00,2026-04-03 04:00:00+00:00,2026-04-06 08:51:00+00:00,4,48.48,50.0,gfs_20260402T1800Z.json,-1.5200000000000031
77,2026-04-06 09:00:00+00:00,2026-04-03 04:00:00+00:00,2026-04-06 09:51:00+00:00,4,47.62,47.0,gfs_20260402T1800Z.json,0.6199999999999974
78,2026-04-06 10:00:00+00:00,2026-04-03 04:00:00+00:00,2026-04-06 10:51:00+00:00,4,46.735,46.0,gfs_20260402T1800Z.json,0.7349999999999994
79,2026-04-06 11:00:00+00:00,2026-04-03 04:00:00+00:00,2026-04-06 11:51:00+00:00,4,47.28,47.0,gfs_20260402T1800Z.json,0.28000000000000114
80,2026-04-06 12:00:00+00:00,2026-04-03 04:00:00+00:00,2026-04-06 12:51:00+00:00,4,48.589999999999996,50.0,gfs_20260402T1800Z.json,-1.4100000000000037
81,2026-04-06 13:00:00+00:00,2026-04-03 04:00:00+00:00,2026-04-06 13:51:00+00:00,4,49.905,52.0,gfs_20260402T1800Z.json,-2.094999999999999
82,2026-04-06 14:00:00+00:00,2026-04-03 04:00:00+00:00,2026-04-06 14:51:00+00:00,4,52.394999999999996,54.0,gfs_20260402T1800Z.json,-1.605000000000004
83,2026-04-06 15:00:00+00:00,2026-04-03 04:00:00+00:00,2026-04-06 15:51:00+00:00,4,53.394999999999996,56.0,gfs_20260402T1800Z.json,-2.605000000000004
84,2026-04-06 16:00:00+00:00,2026-04-03 04:00:00+00:00,2026-04-06 16:51:00+00:00,4,55.2,59.0,gfs_20260402T1800Z.json,-3.799999999999997
85,2026-04-06 17:00:00+00:00,2026-04-03 04:00:00+00:00,2026-04-06 17:51:00+00:00,4,57.115,60.0,gfs_20260402T1800Z.json,-2.884999999999998
86,2026-04-06 18:00:00+00:00,2026-04-03 04:00:00+00:00,2026-04-06 18:51:00+00:00,4,58.845,63.0,gfs_20260402T1800Z.json,-4.155000000000001
87,2026-04-06 19:00:00+00:00,2026-04-03 04:00:00+00:00,2026-04-06 19:51:00+00:00,4,59.525,63.0,gfs_20260402T1800Z.json,-3.4750000000000014
88,2026-04-06 20:00:00+00:00,2026-04-03 04:00:00+00:00,2026-04-06 20:51:00+00:00,4,59.43,63.0,gfs_20260402T1800Z.json,-3.5700000000000003
89,2026-04-06 21:00:00+00:00,2026-04-03 04:00:00+00:00,2026-04-06 21:51:00+00:00,4,58.38,62.0,gfs_20260402T1800Z.json,-3.6199999999999974
90,2026-04-06 22:00:00+00:00,2026-04-03 04:00:00+00:00,2026-04-06 22:51:00+00:00,4,55.735,61.0,gfs_20260402T1800Z.json,-5.265000000000001
91,2026-04-06 23:00:00+00:00,2026-04-03 04:00:00+00:00,2026-04-06 23:51:00+00:00,4,54.025,59.0,gfs_20260402T1800Z.json,-4.975000000000001
92,2026-04-07 00:00:00+00:00,2026-04-03 04:00:00+00:00,2026-04-07 00:51:00+00:00,4,53.205,56.0,gfs_20260402T1800Z.json,-2.7950000000000017
93,2026-04-07 01:00:00+00:00,2026-04-03 04:00:00+00:00,2026-04-07 01:51:00+00:00,4,52.505,56.0,gfs_20260402T1800Z.json,-3.4949999999999974
94,2026-04-07 02:00:00+00:00,2026-04-03 04:00:00+00:00,2026-04-07 02:51:00+00:00,4,51.464999999999996,55.0,gfs_20260402T1800Z.json,-3.5350000000000037
95,2026-04-07 03:00:00+00:00,2026-04-03 04:00:00+00:00,2026-04-07 03:51:00+00:00,4,51.045,53.0,gfs_20260402T1800Z.json,-1.9549999999999983
96,2026-04-07 04:00:00+00:00,2026-04-03 04:00:00+00:00,2026-04-07 04:51:00+00:00,5,50.49,51.0,gfs_20260402T1800Z.json,-0.509999999999998
97,2026-04-07 05:00:00+00:00,2026-04-03 04:00:00+00:00,2026-04-07 05:51:00+00:00,5,50.230000000000004,49.0,gfs_20260402T1800Z.json,1.230000000000004
98,2026-04-07 06:00:00+00:00,2026-04-03 04:00:00+00:00,2026-04-07 06:51:00+00:00,5,50.115,50.0,gfs_20260402T1800Z.json,0.11500000000000199
99,2026-04-07 07:00:00+00:00,2026-04-03 04:00:00+00:00,2026-04-07 07:51:00+00:00,5,49.93,48.0,gfs_20260402T1800Z.json,1.9299999999999997
100,2026-04-07 08:00:00+00:00,2026-04-03 04:00:00+00:00,2026-04-07 08:51:00+00:00,5,50.07,47.0,gfs_20260402T1800Z.json,3.0700000000000003
101,2026-04-07 09:00:00+00:00,2026-04-03 04:00:00+00:00,2026-04-07 09:51:00+00:00,5,49.93,46.0,gfs_20260402T1800Z.json,3.9299999999999997
102,2026-04-07 10:00:00+00:00,2026-04-03 04:00:00+00:00,2026-04-07 10:51:00+00:00,5,49.9,44.0,gfs_20260402T1800Z.json,5.899999999999999
103,2026-04-07 11:00:00+00:00,2026-04-03 04:00:00+00:00,2026-04-07 11:51:00+00:00,5,49.9,46.0,gfs_20260402T1800Z.json,3.8999999999999986
104,2026-04-07 12:00:00+00:00,2026-04-03 04:00:00+00:00,2026-04-07 12:51:00+00:00,5,51.43,53.0,gfs_20260402T1800Z.json,-1.5700000000000003
105,2026-04-07 13:00:00+00:00,2026-04-03 04:00:00+00:00,2026-04-07 13:51:00+00:00,5,52.72,56.0,gfs_20260402T1800Z.json,-3.280000000000001
106,2026-04-07 14:00:00+00:00,2026-04-03 04:00:00+00:00,2026-04-07 14:51:00+00:00,5,55.195,60.0,gfs_20260402T1800Z.json,-4.805
107,2026-04-07 15:00:00+00:00,2026-04-03 04:00:00+00:00,2026-04-07 15:51:00+00:00,5,56.875,63.0,gfs_20260402T1800Z.json,-6.125
108,2026-04-07 16:00:00+00:00,2026-04-03 04:00:00+00:00,2026-04-07 16:51:00+00:00,5,57.355,65.0,gfs_20260402T1800Z.json,-7.645000000000003
109,2026-04-07 17:00:00+00:00,2026-04-03 04:00:00+00:00,2026-04-07 17:51:00+00:00,5,57.739999999999995,65.0,gfs_20260402T1800Z.json,-7.260000000000005
110,2026-04-07 18:00:00+00:00,2026-04-03 04:00:00+00:00,2026-04-07 18:51:00+00:00,5,58.480000000000004,66.0,gfs_20260402T1800Z.json,-7.519999999999996
111,2026-04-07 19:00:00+00:00,2026-04-03 04:00:00+00:00,2026-04-07 19:51:00+00:00,5,59.195,66.0,gfs_20260402T1800Z.json,-6.805
112,2026-04-07 20:00:00+00:00,2026-04-03 04:00:00+00:00,2026-04-07 20:51:00+00:00,5,58.96,67.0,gfs_20260402T1800Z.json,-8.04
113,2026-04-07 21:00:00+00:00,2026-04-03 04:00:00+00:00,2026-04-07 21:51:00+00:00,5,56.86,65.0,gfs_20260402T1800Z.json,-8.14
114,2026-04-07 22:00:00+00:00,2026-04-03 04:00:00+00:00,2026-04-07 22:51:00+00:00,5,53.525,64.0,gfs_20260402T1800Z.json,-10.475000000000001
115,2026-04-07 23:00:00+00:00,2026-04-03 04:00:00+00:00,2026-04-07 23:51:00+00:00,5,50.365,57.0,gfs_20260402T1800Z.json,-6.634999999999998
116,2026-04-08 00:00:00+00:00,2026-04-03 04:00:00+00:00,2026-04-08 00:51:00+00:00,5,47.86,56.0,gfs_20260402T1800Z.json,-8.14
117,2026-04-08 01:00:00+00:00,2026-04-03 04:00:00+00:00,2026-04-08 01:51:00+00:00,5,45.8,55.0,gfs_20260402T1800Z.json,-9.200000000000003
118,2026-04-08 02:00:00+00:00,2026-04-03 04:00:00+00:00,2026-04-08 02:51:00+00:00,5,43.885,54.0,gfs_20260402T1800Z.json,-10.115000000000002
119,2026-04-08 03:00:00+00:00,2026-04-03 04:00:00+00:00,2026-04-08 03:51:00+00:00,5,42.07,53.0,gfs_20260402T1800Z.json,-10.93
120,2026-04-08 04:00:00+00:00,2026-04-03 04:00:00+00:00,2026-04-08 04:51:00+00:00,6,40.355000000000004,52.0,gfs_20260402T1800Z.json,-11.644999999999996
121,2026-04-08 05:00:00+00:00,2026-04-03 04:00:00+00:00,2026-04-08 05:51:00+00:00,6,38.74,50.0,gfs_20260402T1800Z.json,-11.259999999999998
122,2026-04-08 06:00:00+00:00,2026-04-03 04:00:00+00:00,2026-04-08 06:51:00+00:00,6,37.14,48.0,gfs_20260402T1800Z.json,-10.86
123,2026-04-08 07:00:00+00:00,2026-04-03 04:00:00+00:00,2026-04-08 07:51:00+00:00,6,35.625,46.0,gfs_20260402T1800Z.json,-10.375
124,2026-04-08 08:00:00+00:00,2026-04-03 04:00:00+00:00,2026-04-08 08:51:00+00:00,6,34.38,43.0,gfs_20260402T1800Z.json,-8.619999999999997
125,2026-04-08 09:00:00+00:00,2026-04-03 04:00:00+00:00,2026-04-08 09:51:00+00:00,6,33.265,41.0,gfs_20260402T1800Z.json,-7.734999999999999
126,2026-04-08 10:00:00+00:00,2026-04-03 04:00:00+00:00,2026-04-08 10:51:00+00:00,6,32.505,40.0,gfs_20260402T1800Z.json,-7.494999999999997
127,2026-04-08 11:00:00+00:00,2026-04-03 04:00:00+00:00,2026-04-08 11:51:00+00:00,6,32.91,42.0,gfs_20260402T1800Z.json,-9.090000000000003
128,2026-04-08 12:00:00+00:00,2026-04-03 04:00:00+00:00,2026-04-08 12:51:00+00:00,6,35.295,46.0,gfs_20260402T1800Z.json,-10.704999999999998
129,2026-04-08 13:00:00+00:00,2026-04-03 04:00:00+00:00,2026-04-08 13:51:00+00:00,6,39.184999999999995,48.0,gfs_20260402T1800Z.json,-8.815000000000005
130,2026-04-08 14:00:00+00:00,2026-04-03 04:00:00+00:00,2026-04-08 14:51:00+00:00,6,43.199999999999996,52.0,gfs_20260402T1800Z.json,-8.800000000000004
131,2026-04-08 15:00:00+00:00,2026-04-03 04:00:00+00:00,2026-04-08 15:51:00+00:00,6,46.690000000000005,54.0,gfs_20260402T1800Z.json,-7.309999999999995
132,2026-04-08 16:00:00+00:00,2026-04-03 04:00:00+00:00,2026-04-08 16:51:00+00:00,6,49.92,56.0,gfs_20260402T1800Z.json,-6.079999999999998
133,2026-04-08 17:00:00+00:00,2026-04-03 04:00:00+00:00,2026-04-08 17:51:00+00:00,6,52.44,58.0,gfs_20260402T1800Z.json,-5.560000000000002
134,2026-04-08 18:00:00+00:00,2026-04-03 04:00:00+00:00,2026-04-08 18:51:00+00:00,6,54.074999999999996,59.0,gfs_20260402T1800Z.json,-4.925000000000004
135,2026-04-08 19:00:00+00:00,2026-04-03 04:00:00+00:00,2026-04-08 19:51:00+00:00,6,54.894999999999996,60.0,gfs_20260402T1800Z.json,-5.105000000000004
136,2026-04-08 20:00:00+00:00,2026-04-03 04:00:00+00:00,2026-04-08 20:51:00+00:00,6,54.660000000000004,60.0,gfs_20260402T1800Z.json,-5.339999999999996
137,2026-04-08 21:00:00+00:00,2026-04-03 04:00:00+00:00,2026-04-08 21:51:00+00:00,6,52.39,59.0,gfs_20260402T1800Z.json,-6.609999999999999
138,2026-04-08 22:00:00+00:00,2026-04-03 04:00:00+00:00,2026-04-08 22:51:00+00:00,6,48.77,57.0,gfs_20260402T1800Z.json,-8.229999999999997
139,2026-04-08 23:00:00+00:00,2026-04-03 04:00:00+00:00,2026-04-08 23:51:00+00:00,6,45.650000000000006,54.0,gfs_20260402T1800Z.json,-8.349999999999994
140,2026-04-09 00:00:00+00:00,2026-04-03 04:00:00+00:00,2026-04-09 00:51:00+00:00,6,44.01,52.0,gfs_20260402T1800Z.json,-7.990000000000002
141,2026-04-09 01:00:00+00:00,2026-04-03 04:00:00+00:00,2026-04-09 01:51:00+00:00,6,43.205,50.0,gfs_20260402T1800Z.json,-6.795000000000002
142,2026-04-09 02:00:00+00:00,2026-04-03 04:00:00+00:00,2026-04-09 02:51:00+00:00,6,42.419999999999995,48.0,gfs_20260402T1800Z.json,-5.580000000000005
143,2026-04-09 03:00:00+00:00,2026-04-03 04:00:00+00:00,2026-04-09 03:51:00+00:00,6,41.195,46.0,gfs_20260402T1800Z.json,-4.805
144,2026-04-09 04:00:00+00:00,2026-04-03 04:00:00+00:00,2026-04-09 04:51:00+00:00,7,39.725,45.0,gfs_20260402T1800Z.json,-5.274999999999999
145,2026-04-09 05:00:00+00:00,2026-04-03 04:00:00+00:00,2026-04-09 05:51:00+00:00,7,38.395,42.0,gfs_20260402T1800Z.json,-3.604999999999997
146,2026-04-09 06:00:00+00:00,2026-04-03 04:00:00+00:00,2026-04-09 06:51:00+00:00,7,37.265,39.0,gfs_20260402T1800Z.json,-1.7349999999999994
147,2026-04-09 07:00:00+00:00,2026-04-03 04:00:00+00:00,2026-04-09 07:51:00+00:00,7,36.335,36.0,gfs_20260402T1800Z.json,0.33500000000000085
148,2026-04-09 08:00:00+00:00,2026-04-03 04:00:00+00:00,2026-04-09 08:51:00+00:00,7,36.03,35.0,gfs_20260402T1800Z.json,1.0300000000000011
149,2026-04-09 09:00:00+00:00,2026-04-03 04:00:00+00:00,2026-04-09 09:51:00+00:00,7,36.51,34.0,gfs_20260402T1800Z.json,2.509999999999998
150,2026-04-09 10:00:00+00:00,2026-04-03 04:00:00+00:00,2026-04-09 10:51:00+00:00,7,37.705,33.0,gfs_20260402T1800Z.json,4.704999999999998
151,2026-04-09 11:00:00+00:00,2026-04-03 04:00:00+00:00,2026-04-09 11:51:00+00:00,7,40.11,36.0,gfs_20260402T1800Z.json,4.109999999999999
152,2026-04-09 12:00:00+00:00,2026-04-03 04:00:00+00:00,2026-04-09 12:51:00+00:00,7,44.665,41.0,gfs_20260402T1800Z.json,3.664999999999999
153,2026-04-09 13:00:00+00:00,2026-04-03 04:00:00+00:00,2026-04-09 13:51:00+00:00,7,50.585,47.0,gfs_20260402T1800Z.json,3.585000000000001
154,2026-04-09 14:00:00+00:00,2026-04-03 04:00:00+00:00,2026-04-09 14:51:00+00:00,7,55.92,51.0,gfs_20260402T1800Z.json,4.920000000000002
155,2026-04-09 15:00:00+00:00,2026-04-03 04:00:00+00:00,2026-04-09 15:51:00+00:00,7,59.675000000000004,55.0,gfs_20260402T1800Z.json,4.675000000000004
156,2026-04-09 16:00:00+00:00,2026-04-03 04:00:00+00:00,2026-04-09 16:51:00+00:00,7,62.325,59.0,gfs_20260402T1800Z.json,3.325000000000003
157,2026-04-09 17:00:00+00:00,2026-04-03 04:00:00+00:00,2026-04-09 17:51:00+00:00,7,64.23,62.0,gfs_20260402T1800Z.json,2.230000000000004
158,2026-04-09 18:00:00+00:00,2026-04-03 04:00:00+00:00,2026-04-09 18:51:00+00:00,7,65.605,66.0,gfs_20260402T1800Z.json,-0.394999999999996
159,2026-04-09 19:00:00+00:00,2026-04-03 04:00:00+00:00,2026-04-09 19:51:00+00:00,7,66.395,66.0,gfs_20260402T1800Z.json,0.394999999999996
160,2026-04-09 20:00:00+00:00,2026-04-03 04:00:00+00:00,2026-04-09 20:51:00+00:00,7,65.99000000000001,68.0,gfs_20260402T1800Z.json,-2.009999999999991
161,2026-04-09 21:00:00+00:00,2026-04-03 04:00:00+00:00,2026-04-09 21:51:00+00:00,7,63.435,67.0,gfs_20260402T1800Z.json,-3.5649999999999977
162,2026-04-09 22:00:00+00:00,2026-04-03 04:00:00+00:00,2026-04-09 22:51:00+00:00,7,59.515,69.0,gfs_20260402T1800Z.json,-9.485
163,2026-04-09 23:00:00+00:00,2026-04-03 04:00:00+00:00,2026-04-09 23:51:00+00:00,7,56.01,64.0,gfs_20260402T1800Z.json,-7.990000000000002
164,2026-04-10 00:00:00+00:00,2026-04-03 04:00:00+00:00,2026-04-10 00:51:00+00:00,7,53.970000000000006,58.0,gfs_20260402T1800Z.json,-4.029999999999994
165,2026-04-10 01:00:00+00:00,2026-04-03 04:00:00+00:00,2026-04-10 01:51:00+00:00,7,52.85,54.0,gfs_20260402T1800Z.json,-1.1499999999999986
166,2026-04-10 02:00:00+00:00,2026-04-03 04:00:00+00:00,2026-04-10 02:51:00+00:00,7,52.019999999999996,52.0,gfs_20260402T1800Z.json,0.01999999999999602
167,2026-04-10 03:00:00+00:00,2026-04-03 04:00:00+00:00,2026-04-10 03:51:00+00:00,7,51.05,49.0,gfs_20260402T1800Z.json,2.049999999999997
168,2026-04-10 04:00:00+00:00,2026-04-03 04:00:00+00:00,2026-04-10 04:51:00+00:00,8,50.22,46.0,gfs_20260402T1800Z.json,4.219999999999999
169,2026-04-10 05:00:00+00:00,2026-04-03 04:00:00+00:00,2026-04-10 05:51:00+00:00,8,49.419999999999995,46.0,gfs_20260402T1800Z.json,3.4199999999999946
170,2026-04-10 06:00:00+00:00,2026-04-03 04:00:00+00:00,2026-04-10 06:51:00+00:00,8,48.705,45.0,gfs_20260402T1800Z.json,3.7049999999999983
171,2026-04-10 07:00:00+00:00,2026-04-03 04:00:00+00:00,2026-04-10 07:51:00+00:00,8,48.09,45.0,gfs_20260402T1800Z.json,3.0900000000000034
172,2026-04-10 08:00:00+00:00,2026-04-03 04:00:00+00:00,2026-04-10 08:51:00+00:00,8,47.915,44.0,gfs_20260402T1800Z.json,3.914999999999999
173,2026-04-10 09:00:00+00:00,2026-04-03 04:00:00+00:00,2026-04-10 09:51:00+00:00,8,48.07,41.0,gfs_20260402T1800Z.json,7.07
174,2026-04-10 10:00:00+00:00,2026-04-03 04:00:00+00:00,2026-04-10 10:51:00+00:00,8,48.695,40.0,gfs_20260402T1800Z.json,8.695
175,2026-04-10 11:00:00+00:00,2026-04-03 04:00:00+00:00,2026-04-10 11:51:00+00:00,8,50.5,45.0,gfs_20260402T1800Z.json,5.5
176,2026-04-10 12:00:00+00:00,2026-04-03 04:00:00+00:00,2026-04-10 12:51:00+00:00,8,54.37,52.0,gfs_20260402T1800Z.json,2.3699999999999974
177,2026-04-10 13:00:00+00:00,2026-04-03 04:00:00+00:00,2026-04-10 13:51:00+00:00,8,59.76,58.0,gfs_20260402T1800Z.json,1.759999999999998
178,2026-04-10 14:00:00+00:00,2026-04-03 04:00:00+00:00,2026-04-10 14:51:00+00:00,8,64.68,65.0,gfs_20260402T1800Z.json,-0.3199999999999932
179,2026-04-10 15:00:00+00:00,2026-04-03 04:00:00+00:00,2026-04-10 15:51:00+00:00,8,68.035,69.0,gfs_20260402T1800Z.json,-0.9650000000000034
180,2026-04-10 16:00:00+00:00,2026-04-03 04:00:00+00:00,2026-04-10 16:51:00+00:00,8,70.455,70.0,gfs_20260402T1800Z.json,0.4549999999999983
181,2026-04-10 17:00:00+00:00,2026-04-03 04:00:00+00:00,2026-04-10 17:51:00+00:00,8,72.16000000000001,73.0,gfs_20260402T1800Z.json,-0.8399999999999892
182,2026-04-10 18:00:00+00:00,2026-04-03 04:00:00+00:00,2026-04-10 18:51:00+00:00,8,73.25,74.0,gfs_20260402T1800Z.json,-0.75
183,2026-04-10 19:00:00+00:00,2026-04-03 04:00:00+00:00,2026-04-10 19:51:00+00:00,8,73.57,75.0,gfs_20260402T1800Z.json,-1.4300000000000068
184,2026-04-10 20:00:00+00:00,2026-04-03 04:00:00+00:00,2026-04-10 20:51:00+00:00,8,72.75,76.0,gfs_20260402T1800Z.json,-3.25
185,2026-04-10 21:00:00+00:00,2026-04-03 04:00:00+00:00,2026-04-10 21:51:00+00:00,8,69.88000000000001,75.0,gfs_20260402T1800Z.json,-5.11999999999999
186,2026-04-10 22:00:00+00:00,2026-04-03 04:00:00+00:00,2026-04-10 22:51:00+00:00,8,65.66,74.0,gfs_20260402T1800Z.json,-8.340000000000003
187,2026-04-10 23:00:00+00:00,2026-04-03 04:00:00+00:00,2026-04-10 23:51:00+00:00,8,61.77,68.0,gfs_20260402T1800Z.json,-6.229999999999997
188,2026-04-11 00:00:00+00:00,2026-04-03 04:00:00+00:00,2026-04-11 00:51:00+00:00,8,59.245,64.0,gfs_20260402T1800Z.json,-4.755000000000003
189,2026-04-11 01:00:00+00:00,2026-04-03 04:00:00+00:00,2026-04-11 01:51:00+00:00,8,57.455000000000005,62.0,gfs_20260402T1800Z.json,-4.544999999999995
190,2026-04-11 02:00:00+00:00,2026-04-03 04:00:00+00:00,2026-04-11 02:51:00+00:00,8,55.84,61.0,gfs_20260402T1800Z.json,-5.159999999999997
191,2026-04-11 03:00:00+00:00,2026-04-03 04:00:00+00:00,2026-04-11 03:51:00+00:00,8,54.325,59.0,gfs_20260402T1800Z.json,-4.674999999999997
192,2026-04-11 04:00:00+00:00,2026-04-03 04:00:00+00:00,2026-04-11 04:51:00+00:00,9,52.910000000000004,59.0,gfs_20260402T1800Z.json,-6.089999999999996
193,2026-04-11 05:00:00+00:00,2026-04-03 04:00:00+00:00,2026-04-11 05:51:00+00:00,9,51.68,57.0,gfs_20260402T1800Z.json,-5.32
194,2026-04-11 06:00:00+00:00,2026-04-03 04:00:00+00:00,2026-04-11 06:51:00+00:00,9,50.48,57.0,gfs_20260402T1800Z.json,-6.520000000000003
195,2026-04-11 07:00:00+00:00,2026-04-03 04:00:00+00:00,2026-04-11 07:51:00+00:00,9,49.365,53.0,gfs_20260402T1800Z.json,-3.634999999999998
196,2026-04-11 08:00:00+00:00,2026-04-03 04:00:00+00:00,2026-04-11 08:51:00+00:00,9,48.690000000000005,51.0,gfs_20260402T1800Z.json,-2.309999999999995
197,2026-04-11 09:00:00+00:00,2026-04-03 04:00:00+00:00,2026-04-11 09:51:00+00:00,9,48.43,52.0,gfs_20260402T1800Z.json,-3.5700000000000003
198,2026-04-11 10:00:00+00:00,2026-04-03 04:00:00+00:00,2026-04-11 10:51:00+00:00,9,48.739999999999995,51.0,gfs_20260402T1800Z.json,-2.260000000000005
199,2026-04-11 11:00:00+00:00,2026-04-03 04:00:00+00:00,2026-04-11 11:51:00+00:00,9,50.33,53.0,gfs_20260402T1800Z.json,-2.6700000000000017
200,2026-04-11 12:00:00+00:00,2026-04-03 04:00:00+00:00,2026-04-11 12:51:00+00:00,9,54.34,59.0,gfs_20260402T1800Z.json,-4.659999999999997
201,2026-04-11 13:00:00+00:00,2026-04-03 04:00:00+00:00,2026-04-11 13:51:00+00:00,9,60.015,67.0,gfs_20260402T1800Z.json,-6.984999999999999
202,2026-04-11 14:00:00+00:00,2026-04-03 04:00:00+00:00,2026-04-11 14:51:00+00:00,9,65.15,73.0,gfs_20260402T1800Z.json,-7.849999999999994
203,2026-04-11 15:00:00+00:00,2026-04-03 04:00:00+00:00,2026-04-11 15:51:00+00:00,9,68.61999999999999,78.0,gfs_20260402T1800Z.json,-9.38000000000001
204,2026-04-11 16:00:00+00:00,2026-04-03 04:00:00+00:00,2026-04-11 16:51:00+00:00,9,70.97,80.0,gfs_20260402T1800Z.json,-9.030000000000001
205,2026-04-11 17:00:00+00:00,2026-04-03 04:00:00+00:00,2026-04-11 17:51:00+00:00,9,72.66000000000001,81.0,gfs_20260402T1800Z.json,-8.33999999999999
206,2026-04-11 18:00:00+00:00,2026-04-03 04:00:00+00:00,2026-04-11 18:51:00+00:00,9,74.00500000000001,80.0,gfs_20260402T1800Z.json,-5.99499999999999
207,2026-04-11 19:00:00+00:00,2026-04-03 04:00:00+00:00,2026-04-11 19:51:00+00:00,9,74.71,82.0,gfs_20260402T1800Z.json,-7.290000000000006
208,2026-04-11 20:00:00+00:00,2026-04-03 04:00:00+00:00,2026-04-11 20:51:00+00:00,9,74.29,82.0,gfs_20260402T1800Z.json,-7.709999999999994
209,2026-04-11 21:00:00+00:00,2026-04-03 04:00:00+00:00,2026-04-11 21:51:00+00:00,9,71.82000000000001,77.0,gfs_20260402T1800Z.json,-5.179999999999993
210,2026-04-11 22:00:00+00:00,2026-04-03 04:00:00+00:00,2026-04-11 22:51:00+00:00,9,67.91499999999999,78.0,gfs_20260402T1800Z.json,-10.085000000000008
211,2026-04-11 23:00:00+00:00,2026-04-03 04:00:00+00:00,2026-04-11 23:51:00+00:00,9,64.24000000000001,73.0,gfs_20260402T1800Z.json,-8.759999999999991
212,2026-04-12 00:00:00+00:00,2026-04-03 04:00:00+00:00,2026-04-12 00:51:00+00:00,9,61.915,72.0,gfs_20260402T1800Z.json,-10.085
213,2026-04-12 01:00:00+00:00,2026-04-03 04:00:00+00:00,2026-04-12 01:51:00+00:00,9,60.24,67.0,gfs_20260402T1800Z.json,-6.759999999999998
214,2026-04-12 02:00:00+00:00,2026-04-03 04:00:00+00:00,2026-04-12 02:51:00+00:00,9,58.725,70.0,gfs_20260402T1800Z.json,-11.274999999999999
215,2026-04-12 03:00:00+00:00,2026-04-03 04:00:00+00:00,2026-04-12 03:51:00+00:00,9,57.055,68.0,gfs_20260402T1800Z.json,-10.945
216,2026-04-12 04:00:00+00:00,2026-04-03 04:00:00+00:00,2026-04-12 04:51:00+00:00,10,55.27,66.0,gfs_20260402T1800Z.json,-10.729999999999997
217,2026-04-12 05:00:00+00:00,2026-04-03 04:00:00+00:00,2026-04-12 05:51:00+00:00,10,53.725,64.0,gfs_20260402T1800Z.json,-10.274999999999999
218,2026-04-12 06:00:00+00:00,2026-04-03 04:00:00+00:00,2026-04-12 06:51:00+00:00,10,52.31,62.0,gfs_20260402T1800Z.json,-9.689999999999998
219,2026-04-12 07:00:00+00:00,2026-04-03 04:00:00+00:00,2026-04-12 07:51:00+00:00,10,50.995,60.0,gfs_20260402T1800Z.json,-9.005000000000003
220,2026-04-12 08:00:00+00:00,2026-04-03 04:00:00+00:00,2026-04-12 08:51:00+00:00,10,50.29,59.0,gfs_20260402T1800Z.json,-8.71
221,2026-04-12 09:00:00+00:00,2026-04-03 04:00:00+00:00,2026-04-12 09:51:00+00:00,10,50.115,58.0,gfs_20260402T1800Z.json,-7.884999999999998
222,2026-04-12 10:00:00+00:00,2026-04-03 04:00:00+00:00,2026-04-12 10:51:00+00:00,10,50.525,59.0,gfs_20260402T1800Z.json,-8.475000000000001
223,2026-04-12 11:00:00+00:00,2026-04-03 04:00:00+00:00,2026-04-12 11:51:00+00:00,10,52.300000000000004,58.0,gfs_20260402T1800Z.json,-5.699999999999996
224,2026-04-12 12:00:00+00:00,2026-04-03 04:00:00+00:00,2026-04-12 12:51:00+00:00,10,56.254999999999995,61.0,gfs_20260402T1800Z.json,-4.7450000000000045
225,2026-04-12 13:00:00+00:00,2026-04-03 04:00:00+00:00,2026-04-12 13:51:00+00:00,10,61.745000000000005,66.0,gfs_20260402T1800Z.json,-4.2549999999999955
226,2026-04-12 14:00:00+00:00,2026-04-03 04:00:00+00:00,2026-04-12 14:51:00+00:00,10,66.935,68.0,gfs_20260402T1800Z.json,-1.0649999999999977
227,2026-04-12 15:00:00+00:00,2026-04-03 04:00:00+00:00,2026-04-12 15:51:00+00:00,10,71.185,72.0,gfs_20260402T1800Z.json,-0.8149999999999977
228,2026-04-12 16:00:00+00:00,2026-04-03 04:00:00+00:00,2026-04-12 16:51:00+00:00,10,74.77499999999999,77.0,gfs_20260402T1800Z.json,-2.2250000000000085
229,2026-04-12 17:00:00+00:00,2026-04-03 04:00:00+00:00,2026-04-12 17:51:00+00:00,10,77.425,78.0,gfs_20260402T1800Z.json,-0.5750000000000028
230,2026-04-12 18:00:00+00:00,2026-04-03 04:00:00+00:00,2026-04-12 18:51:00+00:00,10,79.075,80.0,gfs_20260402T1800Z.json,-0.9249999999999972
231,2026-04-12 19:00:00+00:00,2026-04-03 04:00:00+00:00,2026-04-12 19:51:00+00:00,10,79.725,82.0,gfs_20260402T1800Z.json,-2.2750000000000057
232,2026-04-12 20:00:00+00:00,2026-04-03 04:00:00+00:00,2026-04-12 20:51:00+00:00,10,78.865,84.0,gfs_20260402T1800Z.json,-5.135000000000005
233,2026-04-12 21:00:00+00:00,2026-04-03 04:00:00+00:00,2026-04-12 21:51:00+00:00,10,75.385,81.0,gfs_20260402T1800Z.json,-5.614999999999995
234,2026-04-12 22:00:00+00:00,2026-04-03 04:00:00+00:00,2026-04-12 22:51:00+00:00,10,70.125,80.0,gfs_20260402T1800Z.json,-9.875
235,2026-04-12 23:00:00+00:00,2026-04-03 04:00:00+00:00,2026-04-12 23:51:00+00:00,10,65.645,76.0,gfs_20260402T1800Z.json,-10.355000000000004
236,2026-04-13 00:00:00+00:00,2026-04-03 04:00:00+00:00,2026-04-13 00:51:00+00:00,10,63.470000000000006,73.0,gfs_20260402T1800Z.json,-9.529999999999994
237,2026-04-13 01:00:00+00:00,2026-04-03 04:00:00+00:00,2026-04-13 01:51:00+00:00,10,62.690000000000005,72.0,gfs_20260402T1800Z.json,-9.309999999999995
238,2026-04-13 02:00:00+00:00,2026-04-03 04:00:00+00:00,2026-04-13 02:51:00+00:00,10,62.005,70.0,gfs_20260402T1800Z.json,-7.994999999999997
239,2026-04-13 03:00:00+00:00,2026-04-03 04:00:00+00:00,2026-04-13 03:51:00+00:00,10,60.964999999999996,68.0,gfs_20260402T1800Z.json,-7.035000000000004
240,2026-04-13 04:00:00+00:00,2026-04-03 04:00:00+00:00,2026-04-13 04:51:00+00:00,11,59.695,67.0,gfs_20260402T1800Z.json,-7.305
241,2026-04-13 05:00:00+00:00,2026-04-03 04:00:00+00:00,2026-04-13 05:51:00+00:00,11,58.65,66.0,gfs_20260402T1800Z.json,-7.350000000000001
242,2026-04-13 06:00:00+00:00,2026-04-03 04:00:00+00:00,2026-04-13 06:51:00+00:00,11,57.82,65.0,gfs_20260402T1800Z.json,-7.18
243,2026-04-13 07:00:00+00:00,2026-04-03 04:00:00+00:00,2026-04-13 07:51:00+00:00,11,57.105000000000004,64.0,gfs_20260402T1800Z.json,-6.894999999999996
244,2026-04-13 08:00:00+00:00,2026-04-03 04:00:00+00:00,2026-04-13 08:51:00+00:00,11,56.915,63.0,gfs_20260402T1800Z.json,-6.085000000000001
245,2026-04-13 09:00:00+00:00,2026-04-03 04:00:00+00:00,2026-04-13 09:51:00+00:00,11,57.239999999999995,63.0,gfs_20260402T1800Z.json,-5.760000000000005
246,2026-04-13 10:00:00+00:00,2026-04-03 04:00:00+00:00,2026-04-13 10:51:00+00:00,11,58.065000000000005,62.0,gfs_20260402T1800Z.json,-3.934999999999995
247,2026-04-13 11:00:00+00:00,2026-04-03 04:00:00+00:00,2026-04-13 11:51:00+00:00,11,59.985,63.0,gfs_20260402T1800Z.json,-3.0150000000000006
248,2026-04-13 12:00:00+00:00,2026-04-03 04:00:00+00:00,2026-04-13 12:51:00+00:00,11,63.785000000000004,66.0,gfs_20260402T1800Z.json,-2.2149999999999963
249,2026-04-13 13:00:00+00:00,2026-04-03 04:00:00+00:00,2026-04-13 13:51:00+00:00,11,68.82,69.0,gfs_20260402T1800Z.json,-0.18000000000000682
250,2026-04-13 14:00:00+00:00,2026-04-03 04:00:00+00:00,2026-04-13 14:51:00+00:00,11,73.51,74.0,gfs_20260402T1800Z.json,-0.4899999999999949
251,2026-04-13 15:00:00+00:00,2026-04-03 04:00:00+00:00,2026-04-13 15:51:00+00:00,11,77.175,77.0,gfs_20260402T1800Z.json,0.17499999999999716
252,2026-04-13 16:00:00+00:00,2026-04-03 04:00:00+00:00,2026-04-13 16:51:00+00:00,11,80.16499999999999,81.0,gfs_20260402T1800Z.json,-0.835000000000008
253,2026-04-13 17:00:00+00:00,2026-04-03 04:00:00+00:00,2026-04-13 17:51:00+00:00,11,82.3,83.0,gfs_20260402T1800Z.json,-0.7000000000000028
254,2026-04-13 18:00:00+00:00,2026-04-03 04:00:00+00:00,2026-04-13 18:51:00+00:00,11,83.535,84.0,gfs_20260402T1800Z.json,-0.4650000000000034
255,2026-04-13 19:00:00+00:00,2026-04-03 04:00:00+00:00,2026-04-13 19:51:00+00:00,11,83.785,83.0,gfs_20260402T1800Z.json,0.7849999999999966
256,2026-04-13 20:00:00+00:00,2026-04-03 04:00:00+00:00,2026-04-13 20:51:00+00:00,11,82.78,84.0,gfs_20260402T1800Z.json,-1.2199999999999989
257,2026-04-13 21:00:00+00:00,2026-04-03 04:00:00+00:00,2026-04-13 21:51:00+00:00,11,79.795,82.0,gfs_20260402T1800Z.json,-2.2049999999999983
258,2026-04-13 22:00:00+00:00,2026-04-03 04:00:00+00:00,2026-04-13 22:51:00+00:00,11,75.39,80.0,gfs_20260402T1800Z.json,-4.609999999999999
259,2026-04-13 23:00:00+00:00,2026-04-03 04:00:00+00:00,2026-04-13 23:51:00+00:00,11,71.47,75.0,gfs_20260402T1800Z.json,-3.530000000000001
260,2026-04-14 00:00:00+00:00,2026-04-03 04:00:00+00:00,2026-04-14 00:51:00+00:00,11,69.455,71.0,gfs_20260402T1800Z.json,-1.5450000000000017
261,2026-04-14 01:00:00+00:00,2026-04-03 04:00:00+00:00,2026-04-14 01:51:00+00:00,11,68.52000000000001,72.0,gfs_20260402T1800Z.json,-3.4799999999999898
262,2026-04-14 02:00:00+00:00,2026-04-03 04:00:00+00:00,2026-04-14 02:51:00+00:00,11,67.465,70.0,gfs_20260402T1800Z.json,-2.5349999999999966
263,2026-04-14 03:00:00+00:00,2026-04-03 04:00:00+00:00,2026-04-14 03:51:00+00:00,11,65.77,68.0,gfs_20260402T1800Z.json,-2.230000000000004
264,2026-04-14 04:00:00+00:00,2026-04-03 04:00:00+00:00,2026-04-14 04:51:00+00:00,12,63.8,68.0,gfs_20260402T1800Z.json,-4.200000000000003
265,2026-04-14 05:00:00+00:00,2026-04-03 04:00:00+00:00,2026-04-14 05:51:00+00:00,12,61.714999999999996,66.0,gfs_20260402T1800Z.json,-4.285000000000004
266,2026-04-14 06:00:00+00:00,2026-04-03 04:00:00+00:00,2026-04-14 06:51:00+00:00,12,59.275,65.0,gfs_20260402T1800Z.json,-5.725000000000001
267,2026-04-14 07:00:00+00:00,2026-04-03 04:00:00+00:00,2026-04-14 07:51:00+00:00,12,56.69,63.0,gfs_20260402T1800Z.json,-6.310000000000002
268,2026-04-14 08:00:00+00:00,2026-04-03 04:00:00+00:00,2026-04-14 08:51:00+00:00,12,55.11,62.0,gfs_20260402T1800Z.json,-6.890000000000001
269,2026-04-14 09:00:00+00:00,2026-04-03 04:00:00+00:00,2026-04-14 09:51:00+00:00,12,55.239999999999995,61.0,gfs_20260402T1800Z.json,-5.760000000000005
270,2026-04-14 10:00:00+00:00,2026-04-03 04:00:00+00:00,2026-04-14 10:51:00+00:00,12,56.66,62.0,gfs_20260402T1800Z.json,-5.340000000000003
271,2026-04-14 11:00:00+00:00,2026-04-03 04:00:00+00:00,2026-04-14 11:51:00+00:00,12,58.77,64.0,gfs_20260402T1800Z.json,-5.229999999999997
272,2026-04-14 12:00:00+00:00,2026-04-03 04:00:00+00:00,2026-04-14 12:51:00+00:00,12,61.394999999999996,67.0,gfs_20260402T1800Z.json,-5.605000000000004
273,2026-04-14 13:00:00+00:00,2026-04-03 04:00:00+00:00,2026-04-14 13:51:00+00:00,12,64.60499999999999,71.0,gfs_20260402T1800Z.json,-6.39500000000001
274,2026-04-14 14:00:00+00:00,2026-04-03 04:00:00+00:00,2026-04-14 14:51:00+00:00,12,67.735,75.0,gfs_20260402T1800Z.json,-7.265000000000001
275,2026-04-14 15:00:00+00:00,2026-04-03 04:00:00+00:00,2026-04-14 15:51:00+00:00,12,70.66499999999999,80.0,gfs_20260402T1800Z.json,-9.335000000000008
276,2026-04-14 16:00:00+00:00,2026-04-03 04:00:00+00:00,2026-04-14 16:51:00+00:00,12,73.31,82.0,gfs_20260402T1800Z.json,-8.689999999999998
277,2026-04-14 17:00:00+00:00,2026-04-03 04:00:00+00:00,2026-04-14 17:51:00+00:00,12,75.315,86.0,gfs_20260402T1800Z.json,-10.685000000000002
278,2026-04-14 18:00:00+00:00,2026-04-03 04:00:00+00:00,2026-04-14 18:51:00+00:00,12,76.705,88.0,gfs_20260402T1800Z.json,-11.295000000000002
279,2026-04-14 19:00:00+00:00,2026-04-03 04:00:00+00:00,2026-04-14 19:51:00+00:00,12,77.49499999999999,88.0,gfs_20260402T1800Z.json,-10.50500000000001
280,2026-04-14 20:00:00+00:00,2026-04-03 04:00:00+00:00,2026-04-14 20:51:00+00:00,12,77.00500000000001,87.0,gfs_20260402T1800Z.json,-9.99499999999999
281,2026-04-14 21:00:00+00:00,2026-04-03 04:00:00+00:00,2026-04-14 21:51:00+00:00,12,74.35000000000001,85.0,gfs_20260402T1800Z.json,-10.649999999999991
282,2026-04-14 22:00:00+00:00,2026-04-03 04:00:00+00:00,2026-04-14 22:51:00+00:00,12,70.16,83.0,gfs_20260402T1800Z.json,-12.840000000000003
283,2026-04-14 23:00:00+00:00,2026-04-03 04:00:00+00:00,2026-04-14 23:51:00+00:00,12,66.44000000000001,79.0,gfs_20260402T1800Z.json,-12.559999999999988
284,2026-04-15 00:00:00+00:00,2026-04-03 04:00:00+00:00,2026-04-15 00:51:00+00:00,12,64.36999999999999,76.0,gfs_20260402T1800Z.json,-11.63000000000001
285,2026-04-15 01:00:00+00:00,2026-04-03 04:00:00+00:00,2026-04-15 01:51:00+00:00,12,63.25,75.0,gfs_20260402T1800Z.json,-11.75
286,2026-04-15 02:00:00+00:00,2026-04-03 04:00:00+00:00,2026-04-15 02:51:00+00:00,12,62.25,70.0,gfs_20260402T1800Z.json,-7.75
287,2026-04-15 03:00:00+00:00,2026-04-03 04:00:00+00:00,2026-04-15 03:51:00+00:00,12,61.08,68.0,gfs_20260402T1800Z.json,-6.920000000000002
288,2026-04-15 04:00:00+00:00,2026-04-03 04:00:00+00:00,2026-04-15 04:51:00+00:00,13,59.88,69.0,gfs_20260402T1800Z.json,-9.119999999999997
289,2026-04-15 05:00:00+00:00,2026-04-03 04:00:00+00:00,2026-04-15 05:51:00+00:00,13,58.85,66.0,gfs_20260402T1800Z.json,-7.149999999999999
290,2026-04-15 06:00:00+00:00,2026-04-03 04:00:00+00:00,2026-04-15 06:51:00+00:00,13,57.934999999999995,68.0,gfs_20260402T1800Z.json,-10.065000000000005
291,2026-04-15 07:00:00+00:00,2026-04-03 04:00:00+00:00,2026-04-15 07:51:00+00:00,13,57.205,66.0,gfs_20260402T1800Z.json,-8.795000000000002
292,2026-04-15 08:00:00+00:00,2026-04-03 04:00:00+00:00,2026-04-15 08:51:00+00:00,13,56.93,64.0,gfs_20260402T1800Z.json,-7.07
293,2026-04-15 09:00:00+00:00,2026-04-03 04:00:00+00:00,2026-04-15 09:51:00+00:00,13,57.07,62.0,gfs_20260402T1800Z.json,-4.93
294,2026-04-15 10:00:00+00:00,2026-04-03 04:00:00+00:00,2026-04-15 10:51:00+00:00,13,57.78,64.0,gfs_20260402T1800Z.json,-6.219999999999999
295,2026-04-15 11:00:00+00:00,2026-04-03 04:00:00+00:00,2026-04-15 11:51:00+00:00,13,59.77,65.0,gfs_20260402T1800Z.json,-5.229999999999997
296,2026-04-15 12:00:00+00:00,2026-04-03 04:00:00+00:00,2026-04-15 12:51:00+00:00,13,64.095,69.0,gfs_20260402T1800Z.json,-4.905000000000001
297,2026-04-15 13:00:00+00:00,2026-04-03 04:00:00+00:00,2026-04-15 13:51:00+00:00,13,69.985,73.0,gfs_20260402T1800Z.json,-3.0150000000000006
298,2026-04-15 14:00:00+00:00,2026-04-03 04:00:00+00:00,2026-04-15 14:51:00+00:00,13,75.405,77.0,gfs_20260402T1800Z.json,-1.5949999999999989
299,2026-04-15 15:00:00+00:00,2026-04-03 04:00:00+00:00,2026-04-15 15:51:00+00:00,13,79.77000000000001,82.0,gfs_20260402T1800Z.json,-2.2299999999999898
300,2026-04-15 16:00:00+00:00,2026-04-03 04:00:00+00:00,2026-04-15 16:51:00+00:00,13,83.375,86.0,gfs_20260402T1800Z.json,-2.625
301,2026-04-15 17:00:00+00:00,2026-04-03 04:00:00+00:00,2026-04-15 17:51:00+00:00,13,84.49499999999999,88.0,gfs_20260402T1800Z.json,-3.5050000000000097
302,2026-04-15 18:00:00+00:00,2026-04-03 04:00:00+00:00,2026-04-15 18:51:00+00:00,13,81.455,91.0,gfs_20260402T1800Z.json,-9.545000000000002
303,2026-04-15 19:00:00+00:00,2026-04-03 04:00:00+00:00,2026-04-15 19:51:00+00:00,13,75.46,92.0,gfs_20260402T1800Z.json,-16.540000000000006
304,2026-04-15 20:00:00+00:00,2026-04-03 04:00:00+00:00,2026-04-15 20:51:00+00:00,13,69.825,90.0,gfs_20260402T1800Z.json,-20.174999999999997
305,2026-04-15 21:00:00+00:00,2026-04-03 04:00:00+00:00,2026-04-15 21:51:00+00:00,13,65.94000000000001,90.0,gfs_20260402T1800Z.json,-24.059999999999988
306,2026-04-15 22:00:00+00:00,2026-04-03 04:00:00+00:00,2026-04-15 22:51:00+00:00,13,63.02,87.0,gfs_20260402T1800Z.json,-23.979999999999997
307,2026-04-15 23:00:00+00:00,2026-04-03 04:00:00+00:00,2026-04-15 23:51:00+00:00,13,61.155,84.0,gfs_20260402T1800Z.json,-22.845
308,2026-04-16 00:00:00+00:00,2026-04-03 04:00:00+00:00,2026-04-16 00:51:00+00:00,13,60.56,80.0,gfs_20260402T1800Z.json,-19.439999999999998
309,2026-04-16 01:00:00+00:00,2026-04-03 04:00:00+00:00,2026-04-16 01:51:00+00:00,13,61.095,79.0,gfs_20260402T1800Z.json,-17.905
310,2026-04-16 02:00:00+00:00,2026-04-03 04:00:00+00:00,2026-04-16 02:51:00+00:00,13,61.2,78.0,gfs_20260402T1800Z.json,-16.799999999999997
311,2026-04-16 03:00:00+00:00,2026-04-03 04:00:00+00:00,2026-04-16 03:51:00+00:00,13,60.18,76.0,gfs_20260402T1800Z.json,-15.82
312,2026-04-16 04:00:00+00:00,2026-04-03 04:00:00+00:00,2026-04-16 04:51:00+00:00,14,58.470000000000006,74.0,gfs_20260402T1800Z.json,-15.529999999999994
313,2026-04-16 05:00:00+00:00,2026-04-03 04:00:00+00:00,2026-04-16 05:51:00+00:00,14,56.755,72.0,gfs_20260402T1800Z.json,-15.244999999999997
314,2026-04-16 06:00:00+00:00,2026-04-03 04:00:00+00:00,2026-04-16 06:51:00+00:00,14,55.395,70.0,gfs_20260402T1800Z.json,-14.604999999999997
315,2026-04-16 07:00:00+00:00,2026-04-03 04:00:00+00:00,2026-04-16 07:51:00+00:00,14,54.095,68.0,gfs_20260402T1800Z.json,-13.905000000000001
316,2026-04-16 08:00:00+00:00,2026-04-03 04:00:00+00:00,2026-04-16 08:51:00+00:00,14,52.795,68.0,gfs_20260402T1800Z.json,-15.204999999999998
317,2026-04-16 09:00:00+00:00,2026-04-03 04:00:00+00:00,2026-04-16 09:51:00+00:00,14,51.07,67.0,gfs_20260402T1800Z.json,-15.93
318,2026-04-16 10:00:00+00:00,2026-04-03 04:00:00+00:00,2026-04-16 10:51:00+00:00,14,49.184999999999995,67.0,gfs_20260402T1800Z.json,-17.815000000000005
319,2026-04-16 11:00:00+00:00,2026-04-03 04:00:00+00:00,2026-04-16 11:51:00+00:00,14,47.88,68.0,gfs_20260402T1800Z.json,-20.119999999999997
320,2026-04-16 12:00:00+00:00,2026-04-03 04:00:00+00:00,2026-04-16 12:51:00+00:00,14,47.53,72.0,gfs_20260402T1800Z.json,-24.47
321,2026-04-16 13:00:00+00:00,2026-04-03 04:00:00+00:00,2026-04-16 13:51:00+00:00,14,47.925,76.0,gfs_20260402T1800Z.json,-28.075000000000003
322,2026-04-16 14:00:00+00:00,2026-04-03 04:00:00+00:00,2026-04-16 14:51:00+00:00,14,48.85,80.0,gfs_20260402T1800Z.json,-31.15
323,2026-04-16 15:00:00+00:00,2026-04-03 04:00:00+00:00,2026-04-16 15:51:00+00:00,14,50.870000000000005,84.0,gfs_20260402T1800Z.json,-33.129999999999995
324,2026-04-16 16:00:00+00:00,2026-04-03 04:00:00+00:00,2026-04-16 16:51:00+00:00,14,53.665,87.0,gfs_20260402T1800Z.json,-33.335
325,2026-04-16 17:00:00+00:00,2026-04-03 04:00:00+00:00,2026-04-16 17:51:00+00:00,14,55.12,89.0,gfs_20260402T1800Z.json,-33.88
326,2026-04-16 18:00:00+00:00,2026-04-03 04:00:00+00:00,2026-04-16 18:51:00+00:00,14,53.684999999999995,90.0,gfs_20260402T1800Z.json,-36.315000000000005
327,2026-04-16 19:00:00+00:00,2026-04-03 04:00:00+00:00,2026-04-16 19:51:00+00:00,14,50.339999999999996,90.0,gfs_20260402T1800Z.json,-39.660000000000004
328,2026-04-16 20:00:00+00:00,2026-04-03 04:00:00+00:00,2026-04-16 20:51:00+00:00,14,47.59,90.0,gfs_20260402T1800Z.json,-42.41
329,2026-04-16 21:00:00+00:00,2026-04-03 04:00:00+00:00,2026-04-16 21:51:00+00:00,14,46.519999999999996,90.0,gfs_20260402T1800Z.json,-43.480000000000004
330,2026-04-16 22:00:00+00:00,2026-04-03 04:00:00+00:00,2026-04-16 22:51:00+00:00,14,46.485,87.0,gfs_20260402T1800Z.json,-40.515
331,2026-04-16 23:00:00+00:00,2026-04-03 04:00:00+00:00,2026-04-16 23:51:00+00:00,14,46.585,83.0,gfs_20260402T1800Z.json,-36.415
332,2026-04-17 00:00:00+00:00,2026-04-03 04:00:00+00:00,2026-04-17 00:51:00+00:00,14,46.685,77.0,gfs_20260402T1800Z.json,-30.314999999999998
333,2026-04-17 01:00:00+00:00,2026-04-03 04:00:00+00:00,2026-04-17 01:51:00+00:00,14,46.785,74.0,gfs_20260402T1800Z.json,-27.215000000000003
334,2026-04-17 02:00:00+00:00,2026-04-03 04:00:00+00:00,2026-04-17 02:51:00+00:00,14,46.97,75.0,gfs_20260402T1800Z.json,-28.03
335,2026-04-17 03:00:00+00:00,2026-04-03 04:00:00+00:00,2026-04-17 03:51:00+00:00,14,47.254999999999995,74.0,gfs_20260402T1800Z.json,-26.745000000000005
336,2026-04-10 04:00:00+00:00,2026-04-10 04:00:00+00:00,2026-04-10 04:51:00+00:00,1,47.695,46.0,gfs_20260409T1800Z.json,1.6950000000000003
337,2026-04-10 05:00:00+00:00,2026-04-10 04:00:00+00:00,2026-04-10 05:51:00+00:00,1,46.735,46.0,gfs_20260409T1800Z.json,0.7349999999999994
338,2026-04-10 06:00:00+00:00,2026-04-10 04:00:00+00:00,2026-04-10 06:51:00+00:00,1,46.005,45.0,gfs_20260409T1800Z.json,1.0050000000000026
339,2026-04-10 07:00:00+00:00,2026-04-10 04:00:00+00:00,2026-04-10 07:51:00+00:00,1,45.305,45.0,gfs_20260409T1800Z.json,0.3049999999999997
340,2026-04-10 08:00:00+00:00,2026-04-10 04:00:00+00:00,2026-04-10 08:51:00+00:00,1,44.775000000000006,44.0,gfs_20260409T1800Z.json,0.7750000000000057
341,2026-04-10 09:00:00+00:00,2026-04-10 04:00:00+00:00,2026-04-10 09:51:00+00:00,1,44.190000000000005,41.0,gfs_20260409T1800Z.json,3.190000000000005
342,2026-04-10 10:00:00+00:00,2026-04-10 04:00:00+00:00,2026-04-10 10:51:00+00:00,1,43.93,40.0,gfs_20260409T1800Z.json,3.9299999999999997
343,2026-04-10 11:00:00+00:00,2026-04-10 04:00:00+00:00,2026-04-10 11:51:00+00:00,1,47.3,45.0,gfs_20260409T1800Z.json,2.299999999999997
344,2026-04-10 12:00:00+00:00,2026-04-10 04:00:00+00:00,2026-04-10 12:51:00+00:00,1,53.425,52.0,gfs_20260409T1800Z.json,1.4249999999999972
345,2026-04-10 13:00:00+00:00,2026-04-10 04:00:00+00:00,2026-04-10 13:51:00+00:00,1,59.585,58.0,gfs_20260409T1800Z.json,1.5850000000000009
346,2026-04-10 14:00:00+00:00,2026-04-10 04:00:00+00:00,2026-04-10 14:51:00+00:00,1,64.75,65.0,gfs_20260409T1800Z.json,-0.25
347,2026-04-10 15:00:00+00:00,2026-04-10 04:00:00+00:00,2026-04-10 15:51:00+00:00,1,68.9,69.0,gfs_20260409T1800Z.json,-0.09999999999999432
348,2026-04-10 16:00:00+00:00,2026-04-10 04:00:00+00:00,2026-04-10 16:51:00+00:00,1,72.22,70.0,gfs_20260409T1800Z.json,2.219999999999999
349,2026-04-10 17:00:00+00:00,2026-04-10 04:00:00+00:00,2026-04-10 17:51:00+00:00,1,74.14500000000001,73.0,gfs_20260409T1800Z.json,1.1450000000000102
350,2026-04-10 18:00:00+00:00,2026-04-10 04:00:00+00:00,2026-04-10 18:51:00+00:00,1,75.25,74.0,gfs_20260409T1800Z.json,1.25
351,2026-04-10 19:00:00+00:00,2026-04-10 04:00:00+00:00,2026-04-10 19:51:00+00:00,1,75.4,75.0,gfs_20260409T1800Z.json,0.4000000000000057
352,2026-04-10 20:00:00+00:00,2026-04-10 04:00:00+00:00,2026-04-10 20:51:00+00:00,1,74.97500000000001,76.0,gfs_20260409T1800Z.json,-1.0249999999999915
353,2026-04-10 21:00:00+00:00,2026-04-10 04:00:00+00:00,2026-04-10 21:51:00+00:00,1,73.965,75.0,gfs_20260409T1800Z.json,-1.0349999999999966
354,2026-04-10 22:00:00+00:00,2026-04-10 04:00:00+00:00,2026-04-10 22:51:00+00:00,1,69.21000000000001,74.0,gfs_20260409T1800Z.json,-4.789999999999992
355,2026-04-10 23:00:00+00:00,2026-04-10 04:00:00+00:00,2026-04-10 23:51:00+00:00,1,63.385,68.0,gfs_20260409T1800Z.json,-4.615000000000002
356,2026-04-11 00:00:00+00:00,2026-04-10 04:00:00+00:00,2026-04-11 00:51:00+00:00,1,60.375,64.0,gfs_20260409T1800Z.json,-3.625
357,2026-04-11 01:00:00+00:00,2026-04-10 04:00:00+00:00,2026-04-11 01:51:00+00:00,1,58.895,62.0,gfs_20260409T1800Z.json,-3.104999999999997
358,2026-04-11 02:00:00+00:00,2026-04-10 04:00:00+00:00,2026-04-11 02:51:00+00:00,1,57.51,61.0,gfs_20260409T1800Z.json,-3.490000000000002
359,2026-04-11 03:00:00+00:00,2026-04-10 04:00:00+00:00,2026-04-11 03:51:00+00:00,1,56.535,59.0,gfs_20260409T1800Z.json,-2.4650000000000034
360,2026-04-11 04:00:00+00:00,2026-04-10 04:00:00+00:00,2026-04-11 04:51:00+00:00,2,56.06,59.0,gfs_20260409T1800Z.json,-2.9399999999999977
361,2026-04-11 05:00:00+00:00,2026-04-10 04:00:00+00:00,2026-04-11 05:51:00+00:00,2,55.065,57.0,gfs_20260409T1800Z.json,-1.9350000000000023
362,2026-04-11 06:00:00+00:00,2026-04-10 04:00:00+00:00,2026-04-11 06:51:00+00:00,2,53.964999999999996,57.0,gfs_20260409T1800Z.json,-3.0350000000000037
363,2026-04-11 07:00:00+00:00,2026-04-10 04:00:00+00:00,2026-04-11 07:51:00+00:00,2,53.375,53.0,gfs_20260409T1800Z.json,0.375
364,2026-04-11 08:00:00+00:00,2026-04-10 04:00:00+00:00,2026-04-11 08:51:00+00:00,2,52.705,51.0,gfs_20260409T1800Z.json,1.7049999999999983
365,2026-04-11 09:00:00+00:00,2026-04-10 04:00:00+00:00,2026-04-11 09:51:00+00:00,2,52.260000000000005,52.0,gfs_20260409T1800Z.json,0.2600000000000051
366,2026-04-11 10:00:00+00:00,2026-04-10 04:00:00+00:00,2026-04-11 10:51:00+00:00,2,52.37,51.0,gfs_20260409T1800Z.json,1.3699999999999974
367,2026-04-11 11:00:00+00:00,2026-04-10 04:00:00+00:00,2026-04-11 11:51:00+00:00,2,56.225,53.0,gfs_20260409T1800Z.json,3.2250000000000014
368,2026-04-11 12:00:00+00:00,2026-04-10 04:00:00+00:00,2026-04-11 12:51:00+00:00,2,62.595,59.0,gfs_20260409T1800Z.json,3.594999999999999
369,2026-04-11 13:00:00+00:00,2026-04-10 04:00:00+00:00,2026-04-11 13:51:00+00:00,2,68.785,67.0,gfs_20260409T1800Z.json,1.7849999999999966
370,2026-04-11 14:00:00+00:00,2026-04-10 04:00:00+00:00,2026-04-11 14:51:00+00:00,2,72.93,73.0,gfs_20260409T1800Z.json,-0.06999999999999318
371,2026-04-11 15:00:00+00:00,2026-04-10 04:00:00+00:00,2026-04-11 15:51:00+00:00,2,75.88,78.0,gfs_20260409T1800Z.json,-2.1200000000000045
372,2026-04-11 16:00:00+00:00,2026-04-10 04:00:00+00:00,2026-04-11 16:51:00+00:00,2,78.17,80.0,gfs_20260409T1800Z.json,-1.8299999999999983
373,2026-04-11 17:00:00+00:00,2026-04-10 04:00:00+00:00,2026-04-11 17:51:00+00:00,2,79.69,81.0,gfs_20260409T1800Z.json,-1.3100000000000023
374,2026-04-11 18:00:00+00:00,2026-04-10 04:00:00+00:00,2026-04-11 18:51:00+00:00,2,80.41,80.0,gfs_20260409T1800Z.json,0.4099999999999966
375,2026-04-11 19:00:00+00:00,2026-04-10 04:00:00+00:00,2026-04-11 19:51:00+00:00,2,77.27,82.0,gfs_20260409T1800Z.json,-4.730000000000004
376,2026-04-11 20:00:00+00:00,2026-04-10 04:00:00+00:00,2026-04-11 20:51:00+00:00,2,76.87,82.0,gfs_20260409T1800Z.json,-5.1299999999999955
377,2026-04-11 21:00:00+00:00,2026-04-10 04:00:00+00:00,2026-04-11 21:51:00+00:00,2,70.44,77.0,gfs_20260409T1800Z.json,-6.560000000000002
378,2026-04-11 22:00:00+00:00,2026-04-10 04:00:00+00:00,2026-04-11 22:51:00+00:00,2,67.515,78.0,gfs_20260409T1800Z.json,-10.485
379,2026-04-11 23:00:00+00:00,2026-04-10 04:00:00+00:00,2026-04-11 23:51:00+00:00,2,66.69,73.0,gfs_20260409T1800Z.json,-6.310000000000002
380,2026-04-12 00:00:00+00:00,2026-04-10 04:00:00+00:00,2026-04-12 00:51:00+00:00,2,63.285000000000004,72.0,gfs_20260409T1800Z.json,-8.714999999999996
381,2026-04-12 01:00:00+00:00,2026-04-10 04:00:00+00:00,2026-04-12 01:51:00+00:00,2,62.019999999999996,67.0,gfs_20260409T1800Z.json,-4.980000000000004
382,2026-04-12 02:00:00+00:00,2026-04-10 04:00:00+00:00,2026-04-12 02:51:00+00:00,2,61.645,70.0,gfs_20260409T1800Z.json,-8.354999999999997
383,2026-04-12 03:00:00+00:00,2026-04-10 04:00:00+00:00,2026-04-12 03:51:00+00:00,2,60.835,68.0,gfs_20260409T1800Z.json,-7.164999999999999
384,2026-04-12 04:00:00+00:00,2026-04-10 04:00:00+00:00,2026-04-12 04:51:00+00:00,3,59.17,66.0,gfs_20260409T1800Z.json,-6.829999999999998
385,2026-04-12 05:00:00+00:00,2026-04-10 04:00:00+00:00,2026-04-12 05:51:00+00:00,3,58.135,64.0,gfs_20260409T1800Z.json,-5.865000000000002
386,2026-04-12 06:00:00+00:00,2026-04-10 04:00:00+00:00,2026-04-12 06:51:00+00:00,3,56.64,62.0,gfs_20260409T1800Z.json,-5.359999999999999
387,2026-04-12 07:00:00+00:00,2026-04-10 04:00:00+00:00,2026-04-12 07:51:00+00:00,3,54.955000000000005,60.0,gfs_20260409T1800Z.json,-5.044999999999995
388,2026-04-12 08:00:00+00:00,2026-04-10 04:00:00+00:00,2026-04-12 08:51:00+00:00,3,53.85,59.0,gfs_20260409T1800Z.json,-5.149999999999999
389,2026-04-12 09:00:00+00:00,2026-04-10 04:00:00+00:00,2026-04-12 09:51:00+00:00,3,52.765,58.0,gfs_20260409T1800Z.json,-5.234999999999999
390,2026-04-12 10:00:00+00:00,2026-04-10 04:00:00+00:00,2026-04-12 10:51:00+00:00,3,52.09,59.0,gfs_20260409T1800Z.json,-6.909999999999997
391,2026-04-12 11:00:00+00:00,2026-04-10 04:00:00+00:00,2026-04-12 11:51:00+00:00,3,54.464999999999996,58.0,gfs_20260409T1800Z.json,-3.5350000000000037
392,2026-04-12 12:00:00+00:00,2026-04-10 04:00:00+00:00,2026-04-12 12:51:00+00:00,3,58.555,61.0,gfs_20260409T1800Z.json,-2.4450000000000003
393,2026-04-12 13:00:00+00:00,2026-04-10 04:00:00+00:00,2026-04-12 13:51:00+00:00,3,62.6,66.0,gfs_20260409T1800Z.json,-3.3999999999999986
394,2026-04-12 14:00:00+00:00,2026-04-10 04:00:00+00:00,2026-04-12 14:51:00+00:00,3,66.60000000000001,68.0,gfs_20260409T1800Z.json,-1.3999999999999915
395,2026-04-12 15:00:00+00:00,2026-04-10 04:00:00+00:00,2026-04-12 15:51:00+00:00,3,70.08999999999999,72.0,gfs_20260409T1800Z.json,-1.9100000000000108
396,2026-04-12 16:00:00+00:00,2026-04-10 04:00:00+00:00,2026-04-12 16:51:00+00:00,3,72.895,77.0,gfs_20260409T1800Z.json,-4.105000000000004
397,2026-04-12 17:00:00+00:00,2026-04-10 04:00:00+00:00,2026-04-12 17:51:00+00:00,3,75.255,78.0,gfs_20260409T1800Z.json,-2.7450000000000045
398,2026-04-12 18:00:00+00:00,2026-04-10 04:00:00+00:00,2026-04-12 18:51:00+00:00,3,77.13000000000001,80.0,gfs_20260409T1800Z.json,-2.8699999999999903
399,2026-04-12 19:00:00+00:00,2026-04-10 04:00:00+00:00,2026-04-12 19:51:00+00:00,3,78.33500000000001,82.0,gfs_20260409T1800Z.json,-3.664999999999992
400,2026-04-12 20:00:00+00:00,2026-04-10 04:00:00+00:00,2026-04-12 20:51:00+00:00,3,78.67,84.0,gfs_20260409T1800Z.json,-5.329999999999998
401,2026-04-12 21:00:00+00:00,2026-04-10 04:00:00+00:00,2026-04-12 21:51:00+00:00,3,77.595,81.0,gfs_20260409T1800Z.json,-3.405000000000001
402,2026-04-12 22:00:00+00:00,2026-04-10 04:00:00+00:00,2026-04-12 22:51:00+00:00,3,70.26,80.0,gfs_20260409T1800Z.json,-9.739999999999995
403,2026-04-12 23:00:00+00:00,2026-04-10 04:00:00+00:00,2026-04-12 23:51:00+00:00,3,68.83,76.0,gfs_20260409T1800Z.json,-7.170000000000002
404,2026-04-13 00:00:00+00:00,2026-04-10 04:00:00+00:00,2026-04-13 00:51:00+00:00,3,68.205,73.0,gfs_20260409T1800Z.json,-4.795000000000002
405,2026-04-13 01:00:00+00:00,2026-04-10 04:00:00+00:00,2026-04-13 01:51:00+00:00,3,67.59,72.0,gfs_20260409T1800Z.json,-4.409999999999997
406,2026-04-13 02:00:00+00:00,2026-04-10 04:00:00+00:00,2026-04-13 02:51:00+00:00,3,65.715,70.0,gfs_20260409T1800Z.json,-4.284999999999997
407,2026-04-13 03:00:00+00:00,2026-04-10 04:00:00+00:00,2026-04-13 03:51:00+00:00,3,63.870000000000005,68.0,gfs_20260409T1800Z.json,-4.1299999999999955
408,2026-04-13 04:00:00+00:00,2026-04-10 04:00:00+00:00,2026-04-13 04:51:00+00:00,4,62.665,67.0,gfs_20260409T1800Z.json,-4.335000000000001
409,2026-04-13 05:00:00+00:00,2026-04-10 04:00:00+00:00,2026-04-13 05:51:00+00:00,4,61.565,66.0,gfs_20260409T1800Z.json,-4.435000000000002
410,2026-04-13 06:00:00+00:00,2026-04-10 04:00:00+00:00,2026-04-13 06:51:00+00:00,4,60.635,65.0,gfs_20260409T1800Z.json,-4.365000000000002
411,2026-04-13 07:00:00+00:00,2026-04-10 04:00:00+00:00,2026-04-13 07:51:00+00:00,4,59.905,64.0,gfs_20260409T1800Z.json,-4.094999999999999
412,2026-04-13 08:00:00+00:00,2026-04-10 04:00:00+00:00,2026-04-13 08:51:00+00:00,4,59.46,63.0,gfs_20260409T1800Z.json,-3.539999999999999
413,2026-04-13 09:00:00+00:00,2026-04-10 04:00:00+00:00,2026-04-13 09:51:00+00:00,4,58.975,63.0,gfs_20260409T1800Z.json,-4.024999999999999
414,2026-04-13 10:00:00+00:00,2026-04-10 04:00:00+00:00,2026-04-13 10:51:00+00:00,4,58.730000000000004,62.0,gfs_20260409T1800Z.json,-3.269999999999996
415,2026-04-13 11:00:00+00:00,2026-04-10 04:00:00+00:00,2026-04-13 11:51:00+00:00,4,60.655,63.0,gfs_20260409T1800Z.json,-2.344999999999999
416,2026-04-13 12:00:00+00:00,2026-04-10 04:00:00+00:00,2026-04-13 12:51:00+00:00,4,64.23,66.0,gfs_20260409T1800Z.json,-1.769999999999996
417,2026-04-13 13:00:00+00:00,2026-04-10 04:00:00+00:00,2026-04-13 13:51:00+00:00,4,66.5,69.0,gfs_20260409T1800Z.json,-2.5
418,2026-04-13 14:00:00+00:00,2026-04-10 04:00:00+00:00,2026-04-13 14:51:00+00:00,4,71.05,74.0,gfs_20260409T1800Z.json,-2.950000000000003
419,2026-04-13 15:00:00+00:00,2026-04-10 04:00:00+00:00,2026-04-13 15:51:00+00:00,4,74.01,77.0,gfs_20260409T1800Z.json,-2.989999999999995
420,2026-04-13 16:00:00+00:00,2026-04-10 04:00:00+00:00,2026-04-13 16:51:00+00:00,4,75.25,81.0,gfs_20260409T1800Z.json,-5.75
421,2026-04-13 17:00:00+00:00,2026-04-10 04:00:00+00:00,2026-04-13 17:51:00+00:00,4,76.50500000000001,83.0,gfs_20260409T1800Z.json,-6.49499999999999
422,2026-04-13 18:00:00+00:00,2026-04-10 04:00:00+00:00,2026-04-13 18:51:00+00:00,4,78.4,84.0,gfs_20260409T1800Z.json,-5.599999999999994
423,2026-04-13 19:00:00+00:00,2026-04-10 04:00:00+00:00,2026-04-13 19:51:00+00:00,4,79.46499999999999,83.0,gfs_20260409T1800Z.json,-3.535000000000011
424,2026-04-13 20:00:00+00:00,2026-04-10 04:00:00+00:00,2026-04-13 20:51:00+00:00,4,78.83500000000001,84.0,gfs_20260409T1800Z.json,-5.164999999999992
425,2026-04-13 21:00:00+00:00,2026-04-10 04:00:00+00:00,2026-04-13 21:51:00+00:00,4,77.33999999999999,82.0,gfs_20260409T1800Z.json,-4.660000000000011
426,2026-04-13 22:00:00+00:00,2026-04-10 04:00:00+00:00,2026-04-13 22:51:00+00:00,4,74.295,80.0,gfs_20260409T1800Z.json,-5.704999999999998
427,2026-04-13 23:00:00+00:00,2026-04-10 04:00:00+00:00,2026-04-13 23:51:00+00:00,4,70.74000000000001,75.0,gfs_20260409T1800Z.json,-4.259999999999991
428,2026-04-14 00:00:00+00:00,2026-04-10 04:00:00+00:00,2026-04-14 00:51:00+00:00,4,68.41499999999999,71.0,gfs_20260409T1800Z.json,-2.585000000000008
429,2026-04-14 01:00:00+00:00,2026-04-10 04:00:00+00:00,2026-04-14 01:51:00+00:00,4,67.33500000000001,72.0,gfs_20260409T1800Z.json,-4.664999999999992
430,2026-04-14 02:00:00+00:00,2026-04-10 04:00:00+00:00,2026-04-14 02:51:00+00:00,4,65.33,70.0,gfs_20260409T1800Z.json,-4.670000000000002
431,2026-04-14 03:00:00+00:00,2026-04-10 04:00:00+00:00,2026-04-14 03:51:00+00:00,4,65.17,68.0,gfs_20260409T1800Z.json,-2.8299999999999983
432,2026-04-14 04:00:00+00:00,2026-04-10 04:00:00+00:00,2026-04-14 04:51:00+00:00,5,63.16,68.0,gfs_20260409T1800Z.json,-4.840000000000003
433,2026-04-14 05:00:00+00:00,2026-04-10 04:00:00+00:00,2026-04-14 05:51:00+00:00,5,61.78,66.0,gfs_20260409T1800Z.json,-4.219999999999999
434,2026-04-14 06:00:00+00:00,2026-04-10 04:00:00+00:00,2026-04-14 06:51:00+00:00,5,61.005,65.0,gfs_20260409T1800Z.json,-3.9949999999999974
435,2026-04-14 07:00:00+00:00,2026-04-10 04:00:00+00:00,2026-04-14 07:51:00+00:00,5,61.155,63.0,gfs_20260409T1800Z.json,-1.8449999999999989
436,2026-04-14 08:00:00+00:00,2026-04-10 04:00:00+00:00,2026-04-14 08:51:00+00:00,5,62.559999999999995,62.0,gfs_20260409T1800Z.json,0.5599999999999952
437,2026-04-14 09:00:00+00:00,2026-04-10 04:00:00+00:00,2026-04-14 09:51:00+00:00,5,62.545,61.0,gfs_20260409T1800Z.json,1.5450000000000017
438,2026-04-14 10:00:00+00:00,2026-04-10 04:00:00+00:00,2026-04-14 10:51:00+00:00,5,60.629999999999995,62.0,gfs_20260409T1800Z.json,-1.3700000000000045
439,2026-04-14 11:00:00+00:00,2026-04-10 04:00:00+00:00,2026-04-14 11:51:00+00:00,5,63.190000000000005,64.0,gfs_20260409T1800Z.json,-0.8099999999999952
440,2026-04-14 12:00:00+00:00,2026-04-10 04:00:00+00:00,2026-04-14 12:51:00+00:00,5,66.16499999999999,67.0,gfs_20260409T1800Z.json,-0.835000000000008
441,2026-04-14 13:00:00+00:00,2026-04-10 04:00:00+00:00,2026-04-14 13:51:00+00:00,5,69.66,71.0,gfs_20260409T1800Z.json,-1.3400000000000034
442,2026-04-14 14:00:00+00:00,2026-04-10 04:00:00+00:00,2026-04-14 14:51:00+00:00,5,75.13,75.0,gfs_20260409T1800Z.json,0.12999999999999545
443,2026-04-14 15:00:00+00:00,2026-04-10 04:00:00+00:00,2026-04-14 15:51:00+00:00,5,79.315,80.0,gfs_20260409T1800Z.json,-0.6850000000000023
444,2026-04-14 16:00:00+00:00,2026-04-10 04:00:00+00:00,2026-04-14 16:51:00+00:00,5,82.365,82.0,gfs_20260409T1800Z.json,0.3649999999999949
445,2026-04-14 17:00:00+00:00,2026-04-10 04:00:00+00:00,2026-04-14 17:51:00+00:00,5,83.905,86.0,gfs_20260409T1800Z.json,-2.094999999999999
446,2026-04-14 18:00:00+00:00,2026-04-10 04:00:00+00:00,2026-04-14 18:51:00+00:00,5,84.94999999999999,88.0,gfs_20260409T1800Z.json,-3.0500000000000114
447,2026-04-14 19:00:00+00:00,2026-04-10 04:00:00+00:00,2026-04-14 19:51:00+00:00,5,85.1,88.0,gfs_20260409T1800Z.json,-2.9000000000000057
448,2026-04-14 20:00:00+00:00,2026-04-10 04:00:00+00:00,2026-04-14 20:51:00+00:00,5,84.25,87.0,gfs_20260409T1800Z.json,-2.75
449,2026-04-14 21:00:00+00:00,2026-04-10 04:00:00+00:00,2026-04-14 21:51:00+00:00,5,81.55,85.0,gfs_20260409T1800Z.json,-3.450000000000003
450,2026-04-14 22:00:00+00:00,2026-04-10 04:00:00+00:00,2026-04-14 22:51:00+00:00,5,77.615,83.0,gfs_20260409T1800Z.json,-5.385000000000005
451,2026-04-14 23:00:00+00:00,2026-04-10 04:00:00+00:00,2026-04-14 23:51:00+00:00,5,74.11,79.0,gfs_20260409T1800Z.json,-4.890000000000001
452,2026-04-15 00:00:00+00:00,2026-04-10 04:00:00+00:00,2026-04-15 00:51:00+00:00,5,71.985,76.0,gfs_20260409T1800Z.json,-4.015000000000001
453,2026-04-15 01:00:00+00:00,2026-04-10 04:00:00+00:00,2026-04-15 01:51:00+00:00,5,70.68,75.0,gfs_20260409T1800Z.json,-4.319999999999993
454,2026-04-15 02:00:00+00:00,2026-04-10 04:00:00+00:00,2026-04-15 02:51:00+00:00,5,69.48,70.0,gfs_20260409T1800Z.json,-0.519999999999996
455,2026-04-15 03:00:00+00:00,2026-04-10 04:00:00+00:00,2026-04-15 03:51:00+00:00,5,68.195,68.0,gfs_20260409T1800Z.json,0.19499999999999318
456,2026-04-15 04:00:00+00:00,2026-04-10 04:00:00+00:00,2026-04-15 04:51:00+00:00,6,66.98,69.0,gfs_20260409T1800Z.json,-2.019999999999996
457,2026-04-15 05:00:00+00:00,2026-04-10 04:00:00+00:00,2026-04-15 05:51:00+00:00,6,65.865,66.0,gfs_20260409T1800Z.json,-0.13500000000000512
458,2026-04-15 06:00:00+00:00,2026-04-10 04:00:00+00:00,2026-04-15 06:51:00+00:00,6,64.68,68.0,gfs_20260409T1800Z.json,-3.319999999999993
459,2026-04-15 07:00:00+00:00,2026-04-10 04:00:00+00:00,2026-04-15 07:51:00+00:00,6,63.48,66.0,gfs_20260409T1800Z.json,-2.520000000000003
460,2026-04-15 08:00:00+00:00,2026-04-10 04:00:00+00:00,2026-04-15 08:51:00+00:00,6,62.79,64.0,gfs_20260409T1800Z.json,-1.2100000000000009
461,2026-04-15 09:00:00+00:00,2026-04-10 04:00:00+00:00,2026-04-15 09:51:00+00:00,6,62.36,62.0,gfs_20260409T1800Z.json,0.35999999999999943
462,2026-04-15 10:00:00+00:00,2026-04-10 04:00:00+00:00,2026-04-15 10:51:00+00:00,6,62.47,64.0,gfs_20260409T1800Z.json,-1.5300000000000011
463,2026-04-15 11:00:00+00:00,2026-04-10 04:00:00+00:00,2026-04-15 11:51:00+00:00,6,63.85999999999999,65.0,gfs_20260409T1800Z.json,-1.1400000000000077
464,2026-04-15 12:00:00+00:00,2026-04-10 04:00:00+00:00,2026-04-15 12:51:00+00:00,6,67.5,69.0,gfs_20260409T1800Z.json,-1.5
465,2026-04-15 13:00:00+00:00,2026-04-10 04:00:00+00:00,2026-04-15 13:51:00+00:00,6,72.77499999999999,73.0,gfs_20260409T1800Z.json,-0.22500000000000853
466,2026-04-15 14:00:00+00:00,2026-04-10 04:00:00+00:00,2026-04-15 14:51:00+00:00,6,77.595,77.0,gfs_20260409T1800Z.json,0.5949999999999989
467,2026-04-15 15:00:00+00:00,2026-04-10 04:00:00+00:00,2026-04-15 15:51:00+00:00,6,81.10499999999999,82.0,gfs_20260409T1800Z.json,-0.8950000000000102
468,2026-04-15 16:00:00+00:00,2026-04-10 04:00:00+00:00,2026-04-15 16:51:00+00:00,6,83.81,86.0,gfs_20260409T1800Z.json,-2.1899999999999977
469,2026-04-15 17:00:00+00:00,2026-04-10 04:00:00+00:00,2026-04-15 17:51:00+00:00,6,85.815,88.0,gfs_20260409T1800Z.json,-2.1850000000000023
470,2026-04-15 18:00:00+00:00,2026-04-10 04:00:00+00:00,2026-04-15 18:51:00+00:00,6,87.11999999999999,91.0,gfs_20260409T1800Z.json,-3.8800000000000097
471,2026-04-15 19:00:00+00:00,2026-04-10 04:00:00+00:00,2026-04-15 19:51:00+00:00,6,87.725,92.0,gfs_20260409T1800Z.json,-4.275000000000006
472,2026-04-15 20:00:00+00:00,2026-04-10 04:00:00+00:00,2026-04-15 20:51:00+00:00,6,86.95,90.0,gfs_20260409T1800Z.json,-3.049999999999997
473,2026-04-15 21:00:00+00:00,2026-04-10 04:00:00+00:00,2026-04-15 21:51:00+00:00,6,83.74000000000001,90.0,gfs_20260409T1800Z.json,-6.259999999999991
474,2026-04-15 22:00:00+00:00,2026-04-10 04:00:00+00:00,2026-04-15 22:51:00+00:00,6,78.95,87.0,gfs_20260409T1800Z.json,-8.049999999999997
475,2026-04-15 23:00:00+00:00,2026-04-10 04:00:00+00:00,2026-04-15 23:51:00+00:00,6,74.8,84.0,gfs_20260409T1800Z.json,-9.200000000000003
476,2026-04-16 00:00:00+00:00,2026-04-10 04:00:00+00:00,2026-04-16 00:51:00+00:00,6,72.755,80.0,gfs_20260409T1800Z.json,-7.2450000000000045
477,2026-04-16 01:00:00+00:00,2026-04-10 04:00:00+00:00,2026-04-16 01:51:00+00:00,6,71.99000000000001,79.0,gfs_20260409T1800Z.json,-7.009999999999991
478,2026-04-16 02:00:00+00:00,2026-04-10 04:00:00+00:00,2026-04-16 02:51:00+00:00,6,71.22,78.0,gfs_20260409T1800Z.json,-6.780000000000001
479,2026-04-16 03:00:00+00:00,2026-04-10 04:00:00+00:00,2026-04-16 03:51:00+00:00,6,69.99499999999999,76.0,gfs_20260409T1800Z.json,-6.00500000000001
480,2026-04-16 04:00:00+00:00,2026-04-10 04:00:00+00:00,2026-04-16 04:51:00+00:00,7,68.52499999999999,74.0,gfs_20260409T1800Z.json,-5.4750000000000085
481,2026-04-16 05:00:00+00:00,2026-04-10 04:00:00+00:00,2026-04-16 05:51:00+00:00,7,67.195,72.0,gfs_20260409T1800Z.json,-4.805000000000007
482,2026-04-16 06:00:00+00:00,2026-04-10 04:00:00+00:00,2026-04-16 06:51:00+00:00,7,66.065,70.0,gfs_20260409T1800Z.json,-3.9350000000000023
483,2026-04-16 07:00:00+00:00,2026-04-10 04:00:00+00:00,2026-04-16 07:51:00+00:00,7,65.05000000000001,68.0,gfs_20260409T1800Z.json,-2.9499999999999886
484,2026-04-16 08:00:00+00:00,2026-04-10 04:00:00+00:00,2026-04-16 08:51:00+00:00,7,64.39,68.0,gfs_20260409T1800Z.json,-3.6099999999999994
485,2026-04-16 09:00:00+00:00,2026-04-10 04:00:00+00:00,2026-04-16 09:51:00+00:00,7,63.705,67.0,gfs_20260409T1800Z.json,-3.2950000000000017
486,2026-04-16 10:00:00+00:00,2026-04-10 04:00:00+00:00,2026-04-16 10:51:00+00:00,7,63.43,67.0,gfs_20260409T1800Z.json,-3.5700000000000003
487,2026-04-16 11:00:00+00:00,2026-04-10 04:00:00+00:00,2026-04-16 11:51:00+00:00,7,64.42,68.0,gfs_20260409T1800Z.json,-3.5799999999999983
488,2026-04-16 12:00:00+00:00,2026-04-10 04:00:00+00:00,2026-04-16 12:51:00+00:00,7,68.08500000000001,72.0,gfs_20260409T1800Z.json,-3.914999999999992
489,2026-04-16 13:00:00+00:00,2026-04-10 04:00:00+00:00,2026-04-16 13:51:00+00:00,7,73.375,76.0,gfs_20260409T1800Z.json,-2.625
490,2026-04-16 14:00:00+00:00,2026-04-10 04:00:00+00:00,2026-04-16 14:51:00+00:00,7,78.28,80.0,gfs_20260409T1800Z.json,-1.7199999999999989
491,2026-04-16 15:00:00+00:00,2026-04-10 04:00:00+00:00,2026-04-16 15:51:00+00:00,7,81.72,84.0,gfs_20260409T1800Z.json,-2.280000000000001
492,2026-04-16 16:00:00+00:00,2026-04-10 04:00:00+00:00,2026-04-16 16:51:00+00:00,7,84.325,87.0,gfs_20260409T1800Z.json,-2.674999999999997
493,2026-04-16 17:00:00+00:00,2026-04-10 04:00:00+00:00,2026-04-16 17:51:00+00:00,7,86.14500000000001,89.0,gfs_20260409T1800Z.json,-2.8549999999999898
494,2026-04-16 18:00:00+00:00,2026-04-10 04:00:00+00:00,2026-04-16 18:51:00+00:00,7,87.50500000000001,90.0,gfs_20260409T1800Z.json,-2.4949999999999903
495,2026-04-16 19:00:00+00:00,2026-04-10 04:00:00+00:00,2026-04-16 19:51:00+00:00,7,88.21,90.0,gfs_20260409T1800Z.json,-1.7900000000000063
496,2026-04-16 20:00:00+00:00,2026-04-10 04:00:00+00:00,2026-04-16 20:51:00+00:00,7,87.62,90.0,gfs_20260409T1800Z.json,-2.3799999999999955
497,2026-04-16 21:00:00+00:00,2026-04-10 04:00:00+00:00,2026-04-16 21:51:00+00:00,7,84.69500000000001,90.0,gfs_20260409T1800Z.json,-5.304999999999993
498,2026-04-16 22:00:00+00:00,2026-04-10 04:00:00+00:00,2026-04-16 22:51:00+00:00,7,80.12,87.0,gfs_20260409T1800Z.json,-6.8799999999999955
499,2026-04-16 23:00:00+00:00,2026-04-10 04:00:00+00:00,2026-04-16 23:51:00+00:00,7,76.0,83.0,gfs_20260409T1800Z.json,-7.0
500,2026-04-17 00:00:00+00:00,2026-04-10 04:00:00+00:00,2026-04-17 00:51:00+00:00,7,73.785,77.0,gfs_20260409T1800Z.json,-3.2150000000000034
501,2026-04-17 01:00:00+00:00,2026-04-10 04:00:00+00:00,2026-04-17 01:51:00+00:00,7,72.65,74.0,gfs_20260409T1800Z.json,-1.3499999999999943
502,2026-04-17 02:00:00+00:00,2026-04-10 04:00:00+00:00,2026-04-17 02:51:00+00:00,7,71.31,75.0,gfs_20260409T1800Z.json,-3.6899999999999977
503,2026-04-17 03:00:00+00:00,2026-04-10 04:00:00+00:00,2026-04-17 03:51:00+00:00,7,68.975,74.0,gfs_20260409T1800Z.json,-5.025000000000006
504,2026-04-17 04:00:00+00:00,2026-04-10 04:00:00+00:00,2026-04-17 04:51:00+00:00,8,66.135,71.0,gfs_20260409T1800Z.json,-4.864999999999995
505,2026-04-17 05:00:00+00:00,2026-04-10 04:00:00+00:00,2026-04-17 05:51:00+00:00,8,63.915,69.0,gfs_20260409T1800Z.json,-5.085000000000001
506,2026-04-17 06:00:00+00:00,2026-04-10 04:00:00+00:00,2026-04-17 06:51:00+00:00,8,62.919999999999995,68.0,gfs_20260409T1800Z.json,-5.080000000000005
507,2026-04-17 07:00:00+00:00,2026-04-10 04:00:00+00:00,2026-04-17 07:51:00+00:00,8,62.885,66.0,gfs_20260409T1800Z.json,-3.115000000000002
508,2026-04-17 08:00:00+00:00,2026-04-10 04:00:00+00:00,2026-04-17 08:51:00+00:00,8,63.155,65.0,gfs_20260409T1800Z.json,-1.8449999999999989
509,2026-04-17 09:00:00+00:00,2026-04-10 04:00:00+00:00,2026-04-17 09:51:00+00:00,8,63.625,65.0,gfs_20260409T1800Z.json,-1.375
510,2026-04-17 10:00:00+00:00,2026-04-10 04:00:00+00:00,2026-04-17 10:51:00+00:00,8,64.38,62.0,gfs_20260409T1800Z.json,2.3799999999999955
511,2026-04-17 11:00:00+00:00,2026-04-10 04:00:00+00:00,2026-04-17 11:51:00+00:00,8,64.925,66.0,gfs_20260409T1800Z.json,-1.0750000000000028
512,2026-04-17 12:00:00+00:00,2026-04-10 04:00:00+00:00,2026-04-17 12:51:00+00:00,8,64.745,70.0,gfs_20260409T1800Z.json,-5.2549999999999955
513,2026-04-17 13:00:00+00:00,2026-04-10 04:00:00+00:00,2026-04-17 13:51:00+00:00,8,64.275,75.0,gfs_20260409T1800Z.json,-10.724999999999994
514,2026-04-17 14:00:00+00:00,2026-04-10 04:00:00+00:00,2026-04-17 14:51:00+00:00,8,63.945,79.0,gfs_20260409T1800Z.json,-15.055
515,2026-04-17 15:00:00+00:00,2026-04-10 04:00:00+00:00,2026-04-17 15:51:00+00:00,8,64.325,81.0,gfs_20260409T1800Z.json,-16.674999999999997
516,2026-04-17 16:00:00+00:00,2026-04-10 04:00:00+00:00,2026-04-17 16:51:00+00:00,8,65.08,83.0,gfs_20260409T1800Z.json,-17.92
517,2026-04-17 17:00:00+00:00,2026-04-10 04:00:00+00:00,2026-04-17 17:51:00+00:00,8,65.795,84.0,gfs_20260409T1800Z.json,-18.205
518,2026-04-17 18:00:00+00:00,2026-04-10 04:00:00+00:00,2026-04-17 18:51:00+00:00,8,66.155,85.0,gfs_20260409T1800Z.json,-18.845
519,2026-04-17 19:00:00+00:00,2026-04-10 04:00:00+00:00,2026-04-17 19:51:00+00:00,8,66.37,86.0,gfs_20260409T1800Z.json,-19.629999999999995
520,2026-04-17 20:00:00+00:00,2026-04-10 04:00:00+00:00,2026-04-17 20:51:00+00:00,8,66.315,84.0,gfs_20260409T1800Z.json,-17.685000000000002
521,2026-04-17 21:00:00+00:00,2026-04-10 04:00:00+00:00,2026-04-17 21:51:00+00:00,8,65.705,85.0,gfs_20260409T1800Z.json,-19.295
522,2026-04-17 22:00:00+00:00,2026-04-10 04:00:00+00:00,2026-04-17 22:51:00+00:00,8,64.66499999999999,84.0,gfs_20260409T1800Z.json,-19.335000000000008
523,2026-04-17 23:00:00+00:00,2026-04-10 04:00:00+00:00,2026-04-17 23:51:00+00:00,8,63.82,79.0,gfs_20260409T1800Z.json,-15.18
524,2026-04-18 00:00:00+00:00,2026-04-10 04:00:00+00:00,2026-04-18 00:51:00+00:00,8,63.445,74.0,gfs_20260409T1800Z.json,-10.555
525,2026-04-18 01:00:00+00:00,2026-04-10 04:00:00+00:00,2026-04-18 01:51:00+00:00,8,63.315,73.0,gfs_20260409T1800Z.json,-9.685000000000002
526,2026-04-18 02:00:00+00:00,2026-04-10 04:00:00+00:00,2026-04-18 02:51:00+00:00,8,63.215,69.0,gfs_20260409T1800Z.json,-5.784999999999997
527,2026-04-18 03:00:00+00:00,2026-04-10 04:00:00+00:00,2026-04-18 03:51:00+00:00,8,63.115,68.0,gfs_20260409T1800Z.json,-4.884999999999998
528,2026-04-18 04:00:00+00:00,2026-04-10 04:00:00+00:00,2026-04-18 04:51:00+00:00,9,62.93,64.0,gfs_20260409T1800Z.json,-1.0700000000000003
529,2026-04-18 05:00:00+00:00,2026-04-10 04:00:00+00:00,2026-04-18 05:51:00+00:00,9,62.56,62.0,gfs_20260409T1800Z.json,0.5600000000000023
530,2026-04-18 06:00:00+00:00,2026-04-10 04:00:00+00:00,2026-04-18 06:51:00+00:00,9,61.565,63.0,gfs_20260409T1800Z.json,-1.4350000000000023
531,2026-04-18 07:00:00+00:00,2026-04-10 04:00:00+00:00,2026-04-18 07:51:00+00:00,9,60.295,61.0,gfs_20260409T1800Z.json,-0.7049999999999983
532,2026-04-18 08:00:00+00:00,2026-04-10 04:00:00+00:00,2026-04-18 08:51:00+00:00,9,59.505,60.0,gfs_20260409T1800Z.json,-0.49499999999999744
533,2026-04-18 09:00:00+00:00,2026-04-10 04:00:00+00:00,2026-04-18 09:51:00+00:00,9,59.655,58.0,gfs_20260409T1800Z.json,1.6550000000000011
534,2026-04-18 10:00:00+00:00,2026-04-10 04:00:00+00:00,2026-04-18 10:51:00+00:00,9,60.465,60.0,gfs_20260409T1800Z.json,0.4650000000000034
535,2026-04-18 11:00:00+00:00,2026-04-10 04:00:00+00:00,2026-04-18 11:51:00+00:00,9,62.044999999999995,62.0,gfs_20260409T1800Z.json,0.0449999999999946
536,2026-04-18 12:00:00+00:00,2026-04-10 04:00:00+00:00,2026-04-18 12:51:00+00:00,9,64.935,69.0,gfs_20260409T1800Z.json,-4.064999999999998
537,2026-04-18 13:00:00+00:00,2026-04-10 04:00:00+00:00,2026-04-18 13:51:00+00:00,9,68.715,77.0,gfs_20260409T1800Z.json,-8.284999999999997
538,2026-04-18 14:00:00+00:00,2026-04-10 04:00:00+00:00,2026-04-18 14:51:00+00:00,9,72.19,83.0,gfs_20260409T1800Z.json,-10.810000000000002
539,2026-04-18 15:00:00+00:00,2026-04-10 04:00:00+00:00,2026-04-18 15:51:00+00:00,9,74.995,87.0,gfs_20260409T1800Z.json,-12.004999999999995
540,2026-04-18 16:00:00+00:00,2026-04-10 04:00:00+00:00,2026-04-18 16:51:00+00:00,9,77.27,89.0,gfs_20260409T1800Z.json,-11.730000000000004
541,2026-04-18 17:00:00+00:00,2026-04-10 04:00:00+00:00,2026-04-18 17:51:00+00:00,9,78.96000000000001,90.0,gfs_20260409T1800Z.json,-11.039999999999992
542,2026-04-18 18:00:00+00:00,2026-04-10 04:00:00+00:00,2026-04-18 18:51:00+00:00,9,79.96499999999999,92.0,gfs_20260409T1800Z.json,-12.03500000000001
543,2026-04-18 19:00:00+00:00,2026-04-10 04:00:00+00:00,2026-04-18 19:51:00+00:00,9,80.355,92.0,gfs_20260409T1800Z.json,-11.644999999999996
544,2026-04-18 20:00:00+00:00,2026-04-10 04:00:00+00:00,2026-04-18 20:51:00+00:00,9,79.97500000000001,91.0,gfs_20260409T1800Z.json,-11.024999999999991
545,2026-04-18 21:00:00+00:00,2026-04-10 04:00:00+00:00,2026-04-18 21:51:00+00:00,9,78.455,89.0,gfs_20260409T1800Z.json,-10.545000000000002
546,2026-04-18 22:00:00+00:00,2026-04-10 04:00:00+00:00,2026-04-18 22:51:00+00:00,9,75.99,87.0,gfs_20260409T1800Z.json,-11.010000000000005
547,2026-04-18 23:00:00+00:00,2026-04-10 04:00:00+00:00,2026-04-18 23:51:00+00:00,9,73.89999999999999,84.0,gfs_20260409T1800Z.json,-10.100000000000009
548,2026-04-19 00:00:00+00:00,2026-04-10 04:00:00+00:00,2026-04-19 00:51:00+00:00,9,73.00500000000001,81.0,gfs_20260409T1800Z.json,-7.99499999999999
549,2026-04-19 01:00:00+00:00,2026-04-10 04:00:00+00:00,2026-04-19 01:51:00+00:00,9,72.815,80.0,gfs_20260409T1800Z.json,-7.185000000000002
550,2026-04-19 02:00:00+00:00,2026-04-10 04:00:00+00:00,2026-04-19 02:51:00+00:00,9,72.29,78.0,gfs_20260409T1800Z.json,-5.709999999999994
551,2026-04-19 03:00:00+00:00,2026-04-10 04:00:00+00:00,2026-04-19 03:51:00+00:00,9,70.83999999999999,76.0,gfs_20260409T1800Z.json,-5.160000000000011
552,2026-04-19 04:00:00+00:00,2026-04-10 04:00:00+00:00,2026-04-19 04:51:00+00:00,10,68.89999999999999,75.0,gfs_20260409T1800Z.json,-6.1000000000000085
553,2026-04-19 05:00:00+00:00,2026-04-10 04:00:00+00:00,2026-04-19 05:51:00+00:00,10,67.24,75.0,gfs_20260409T1800Z.json,-7.760000000000005
554,2026-04-19 06:00:00+00:00,2026-04-10 04:00:00+00:00,2026-04-19 06:51:00+00:00,10,66.065,73.0,gfs_20260409T1800Z.json,-6.935000000000002
555,2026-04-19 07:00:00+00:00,2026-04-10 04:00:00+00:00,2026-04-19 07:51:00+00:00,10,65.22,72.0,gfs_20260409T1800Z.json,-6.780000000000001
556,2026-04-19 08:00:00+00:00,2026-04-10 04:00:00+00:00,2026-04-19 08:51:00+00:00,10,64.845,71.0,gfs_20260409T1800Z.json,-6.155000000000001
557,2026-04-19 09:00:00+00:00,2026-04-10 04:00:00+00:00,2026-04-19 09:51:00+00:00,10,64.8,70.0,gfs_20260409T1800Z.json,-5.200000000000003
558,2026-04-19 10:00:00+00:00,2026-04-10 04:00:00+00:00,2026-04-19 10:51:00+00:00,10,65.225,69.0,gfs_20260409T1800Z.json,-3.7750000000000057
559,2026-04-19 11:00:00+00:00,2026-04-10 04:00:00+00:00,2026-04-19 11:51:00+00:00,10,66.745,70.0,gfs_20260409T1800Z.json,-3.2549999999999955
560,2026-04-19 12:00:00+00:00,2026-04-10 04:00:00+00:00,2026-04-19 12:51:00+00:00,10,70.23,66.0,gfs_20260409T1800Z.json,4.230000000000004
561,2026-04-19 13:00:00+00:00,2026-04-10 04:00:00+00:00,2026-04-19 13:51:00+00:00,10,75.05,65.0,gfs_20260409T1800Z.json,10.049999999999997
562,2026-04-19 14:00:00+00:00,2026-04-10 04:00:00+00:00,2026-04-19 14:51:00+00:00,10,79.625,58.0,gfs_20260409T1800Z.json,21.625
563,2026-04-19 15:00:00+00:00,2026-04-10 04:00:00+00:00,2026-04-19 15:51:00+00:00,10,83.19,55.0,gfs_20260409T1800Z.json,28.189999999999998
564,2026-04-19 16:00:00+00:00,2026-04-10 04:00:00+00:00,2026-04-19 16:51:00+00:00,10,86.08,54.0,gfs_20260409T1800Z.json,32.08
565,2026-04-19 17:00:00+00:00,2026-04-10 04:00:00+00:00,2026-04-19 17:51:00+00:00,10,88.11500000000001,56.0,gfs_20260409T1800Z.json,32.11500000000001
566,2026-04-19 18:00:00+00:00,2026-04-10 04:00:00+00:00,2026-04-19 18:51:00+00:00,10,89.25,60.0,gfs_20260409T1800Z.json,29.25
567,2026-04-19 19:00:00+00:00,2026-04-10 04:00:00+00:00,2026-04-19 19:51:00+00:00,10,89.4,63.0,gfs_20260409T1800Z.json,26.400000000000006
568,2026-04-19 20:00:00+00:00,2026-04-10 04:00:00+00:00,2026-04-19 20:51:00+00:00,10,88.55000000000001,63.0,gfs_20260409T1800Z.json,25.55000000000001
569,2026-04-19 21:00:00+00:00,2026-04-10 04:00:00+00:00,2026-04-19 21:51:00+00:00,10,86.105,62.0,gfs_20260409T1800Z.json,24.105000000000004
570,2026-04-19 22:00:00+00:00,2026-04-10 04:00:00+00:00,2026-04-19 22:51:00+00:00,10,82.47,63.0,gfs_20260409T1800Z.json,19.47
571,2026-04-19 23:00:00+00:00,2026-04-10 04:00:00+00:00,2026-04-19 23:51:00+00:00,10,79.18,61.0,gfs_20260409T1800Z.json,18.180000000000007
572,2026-04-20 00:00:00+00:00,2026-04-10 04:00:00+00:00,2026-04-20 00:51:00+00:00,10,76.83,58.0,gfs_20260409T1800Z.json,18.83
573,2026-04-20 01:00:00+00:00,2026-04-10 04:00:00+00:00,2026-04-20 01:51:00+00:00,10,75.05499999999999,54.0,gfs_20260409T1800Z.json,21.054999999999993
574,2026-04-20 02:00:00+00:00,2026-04-10 04:00:00+00:00,2026-04-20 02:51:00+00:00,10,73.78,53.0,gfs_20260409T1800Z.json,20.78
575,2026-04-20 03:00:00+00:00,2026-04-10 04:00:00+00:00,2026-04-20 03:51:00+00:00,10,73.345,49.0,gfs_20260409T1800Z.json,24.345
576,2026-04-20 04:00:00+00:00,2026-04-10 04:00:00+00:00,2026-04-20 04:51:00+00:00,11,73.47,47.0,gfs_20260409T1800Z.json,26.47
577,2026-04-20 05:00:00+00:00,2026-04-10 04:00:00+00:00,2026-04-20 05:51:00+00:00,11,73.16,45.0,gfs_20260409T1800Z.json,28.159999999999997
578,2026-04-20 06:00:00+00:00,2026-04-10 04:00:00+00:00,2026-04-20 06:51:00+00:00,11,71.39999999999999,42.0,gfs_20260409T1800Z.json,29.39999999999999
579,2026-04-20 07:00:00+00:00,2026-04-10 04:00:00+00:00,2026-04-20 07:51:00+00:00,11,68.805,39.0,gfs_20260409T1800Z.json,29.805000000000007
580,2026-04-20 08:00:00+00:00,2026-04-10 04:00:00+00:00,2026-04-20 08:51:00+00:00,11,66.86999999999999,41.0,gfs_20260409T1800Z.json,25.86999999999999
581,2026-04-20 09:00:00+00:00,2026-04-10 04:00:00+00:00,2026-04-20 09:51:00+00:00,11,66.09,40.0,gfs_20260409T1800Z.json,26.090000000000003
582,2026-04-20 10:00:00+00:00,2026-04-10 04:00:00+00:00,2026-04-20 10:51:00+00:00,11,66.34,39.0,gfs_20260409T1800Z.json,27.340000000000003
583,2026-04-20 11:00:00+00:00,2026-04-10 04:00:00+00:00,2026-04-20 11:51:00+00:00,11,67.93,46.0,gfs_20260409T1800Z.json,21.930000000000007
584,2026-04-20 12:00:00+00:00,2026-04-10 04:00:00+00:00,2026-04-20 12:51:00+00:00,11,71.94,54.0,gfs_20260409T1800Z.json,17.939999999999998
585,2026-04-20 13:00:00+00:00,2026-04-10 04:00:00+00:00,2026-04-20 13:51:00+00:00,11,77.615,61.0,gfs_20260409T1800Z.json,16.614999999999995
586,2026-04-20 14:00:00+00:00,2026-04-10 04:00:00+00:00,2026-04-20 14:51:00+00:00,11,82.75,63.0,gfs_20260409T1800Z.json,19.75
587,2026-04-20 15:00:00+00:00,2026-04-10 04:00:00+00:00,2026-04-20 15:51:00+00:00,11,86.39,65.0,gfs_20260409T1800Z.json,21.39
588,2026-04-20 16:00:00+00:00,2026-04-10 04:00:00+00:00,2026-04-20 16:51:00+00:00,11,89.11,69.0,gfs_20260409T1800Z.json,20.11
589,2026-04-20 17:00:00+00:00,2026-04-10 04:00:00+00:00,2026-04-20 17:51:00+00:00,11,90.86,67.0,gfs_20260409T1800Z.json,23.86
590,2026-04-20 18:00:00+00:00,2026-04-10 04:00:00+00:00,2026-04-20 18:51:00+00:00,11,91.78,67.0,gfs_20260409T1800Z.json,24.78
591,2026-04-20 19:00:00+00:00,2026-04-10 04:00:00+00:00,2026-04-20 19:51:00+00:00,11,91.815,70.0,gfs_20260409T1800Z.json,21.814999999999998
592,2026-04-20 20:00:00+00:00,2026-04-10 04:00:00+00:00,2026-04-20 20:51:00+00:00,11,90.78,68.0,gfs_20260409T1800Z.json,22.78
593,2026-04-20 21:00:00+00:00,2026-04-10 04:00:00+00:00,2026-04-20 21:51:00+00:00,11,88.135,67.0,gfs_20260409T1800Z.json,21.135000000000005
594,2026-04-20 22:00:00+00:00,2026-04-10 04:00:00+00:00,2026-04-20 22:51:00+00:00,11,84.385,68.0,gfs_20260409T1800Z.json,16.385000000000005
595,2026-04-20 23:00:00+00:00,2026-04-10 04:00:00+00:00,2026-04-20 23:51:00+00:00,11,80.655,65.0,gfs_20260409T1800Z.json,15.655000000000001
596,2026-04-21 00:00:00+00:00,2026-04-10 04:00:00+00:00,2026-04-21 00:51:00+00:00,11,77.38000000000001,60.0,gfs_20260409T1800Z.json,17.38000000000001
597,2026-04-21 01:00:00+00:00,2026-04-10 04:00:00+00:00,2026-04-21 01:51:00+00:00,11,74.35000000000001,56.0,gfs_20260409T1800Z.json,18.35000000000001
598,2026-04-21 02:00:00+00:00,2026-04-10 04:00:00+00:00,2026-04-21 02:51:00+00:00,11,71.86,55.0,gfs_20260409T1800Z.json,16.86
599,2026-04-21 03:00:00+00:00,2026-04-10 04:00:00+00:00,2026-04-21 03:51:00+00:00,11,70.225,52.0,gfs_20260409T1800Z.json,18.224999999999994
600,2026-04-21 04:00:00+00:00,2026-04-10 04:00:00+00:00,2026-04-21 04:51:00+00:00,12,69.32000000000001,50.0,gfs_20260409T1800Z.json,19.320000000000007
601,2026-04-21 05:00:00+00:00,2026-04-10 04:00:00+00:00,2026-04-21 05:51:00+00:00,12,68.35000000000001,49.0,gfs_20260409T1800Z.json,19.35000000000001
602,2026-04-21 06:00:00+00:00,2026-04-10 04:00:00+00:00,2026-04-21 06:51:00+00:00,12,67.01,46.0,gfs_20260409T1800Z.json,21.010000000000005
603,2026-04-21 07:00:00+00:00,2026-04-10 04:00:00+00:00,2026-04-21 07:51:00+00:00,12,65.44,43.0,gfs_20260409T1800Z.json,22.439999999999998
604,2026-04-21 08:00:00+00:00,2026-04-10 04:00:00+00:00,2026-04-21 08:51:00+00:00,12,64.265,41.0,gfs_20260409T1800Z.json,23.265
605,2026-04-21 09:00:00+00:00,2026-04-10 04:00:00+00:00,2026-04-21 09:51:00+00:00,12,63.419999999999995,40.0,gfs_20260409T1800Z.json,23.419999999999995
606,2026-04-21 10:00:00+00:00,2026-04-10 04:00:00+00:00,2026-04-21 10:51:00+00:00,12,62.96,38.0,gfs_20260409T1800Z.json,24.96
607,2026-04-21 11:00:00+00:00,2026-04-10 04:00:00+00:00,2026-04-21 11:51:00+00:00,12,63.580000000000005,45.0,gfs_20260409T1800Z.json,18.580000000000005
608,2026-04-21 12:00:00+00:00,2026-04-10 04:00:00+00:00,2026-04-21 12:51:00+00:00,12,66.16499999999999,49.0,gfs_20260409T1800Z.json,17.164999999999992
609,2026-04-21 13:00:00+00:00,2026-04-10 04:00:00+00:00,2026-04-21 13:51:00+00:00,12,70.08500000000001,53.0,gfs_20260409T1800Z.json,17.085000000000008
610,2026-04-21 14:00:00+00:00,2026-04-10 04:00:00+00:00,2026-04-21 14:51:00+00:00,12,73.505,55.0,gfs_20260409T1800Z.json,18.504999999999995
611,2026-04-21 15:00:00+00:00,2026-04-10 04:00:00+00:00,2026-04-21 15:51:00+00:00,12,75.61500000000001,57.0,gfs_20260409T1800Z.json,18.61500000000001
612,2026-04-21 16:00:00+00:00,2026-04-10 04:00:00+00:00,2026-04-21 16:51:00+00:00,12,76.92,61.0,gfs_20260409T1800Z.json,15.920000000000002
613,2026-04-21 17:00:00+00:00,2026-04-10 04:00:00+00:00,2026-04-21 17:51:00+00:00,12,77.52499999999999,62.0,gfs_20260409T1800Z.json,15.524999999999991
614,2026-04-21 18:00:00+00:00,2026-04-10 04:00:00+00:00,2026-04-21 18:51:00+00:00,12,77.43,65.0,gfs_20260409T1800Z.json,12.430000000000007
615,2026-04-21 19:00:00+00:00,2026-04-10 04:00:00+00:00,2026-04-21 19:51:00+00:00,12,76.55000000000001,69.0,gfs_20260409T1800Z.json,7.550000000000011
616,2026-04-21 20:00:00+00:00,2026-04-10 04:00:00+00:00,2026-04-21 20:51:00+00:00,12,74.7,68.0,gfs_20260409T1800Z.json,6.700000000000003
617,2026-04-21 21:00:00+00:00,2026-04-10 04:00:00+00:00,2026-04-21 21:51:00+00:00,12,71.17,68.0,gfs_20260409T1800Z.json,3.1700000000000017
618,2026-04-21 22:00:00+00:00,2026-04-10 04:00:00+00:00,2026-04-21 22:51:00+00:00,12,66.435,65.0,gfs_20260409T1800Z.json,1.4350000000000023
619,2026-04-21 23:00:00+00:00,2026-04-10 04:00:00+00:00,2026-04-21 23:51:00+00:00,12,62.385,62.0,gfs_20260409T1800Z.json,0.384999999999998
620,2026-04-22 00:00:00+00:00,2026-04-10 04:00:00+00:00,2026-04-22 00:51:00+00:00,12,59.845,59.0,gfs_20260409T1800Z.json,0.8449999999999989
621,2026-04-22 01:00:00+00:00,2026-04-10 04:00:00+00:00,2026-04-22 01:51:00+00:00,12,58.31,58.0,gfs_20260409T1800Z.json,0.3100000000000023
622,2026-04-22 02:00:00+00:00,2026-04-10 04:00:00+00:00,2026-04-22 02:51:00+00:00,12,56.910000000000004,56.0,gfs_20260409T1800Z.json,0.9100000000000037
623,2026-04-22 03:00:00+00:00,2026-04-10 04:00:00+00:00,2026-04-22 03:51:00+00:00,12,55.425000000000004,56.0,gfs_20260409T1800Z.json,-0.5749999999999957
624,2026-04-22 04:00:00+00:00,2026-04-10 04:00:00+00:00,2026-04-22 04:51:00+00:00,13,53.925000000000004,55.0,gfs_20260409T1800Z.json,-1.0749999999999957
625,2026-04-22 05:00:00+00:00,2026-04-10 04:00:00+00:00,2026-04-22 05:51:00+00:00,13,52.425000000000004,54.0,gfs_20260409T1800Z.json,-1.5749999999999957
626,2026-04-22 06:00:00+00:00,2026-04-10 04:00:00+00:00,2026-04-22 06:51:00+00:00,13,50.67,53.0,gfs_20260409T1800Z.json,-2.3299999999999983
627,2026-04-22 07:00:00+00:00,2026-04-10 04:00:00+00:00,2026-04-22 07:51:00+00:00,13,48.870000000000005,54.0,gfs_20260409T1800Z.json,-5.1299999999999955
628,2026-04-22 08:00:00+00:00,2026-04-10 04:00:00+00:00,2026-04-22 08:51:00+00:00,13,47.835,53.0,gfs_20260409T1800Z.json,-5.164999999999999
629,2026-04-22 09:00:00+00:00,2026-04-10 04:00:00+00:00,2026-04-22 09:51:00+00:00,13,48.38,53.0,gfs_20260409T1800Z.json,-4.619999999999997
630,2026-04-22 10:00:00+00:00,2026-04-10 04:00:00+00:00,2026-04-22 10:51:00+00:00,13,49.945,53.0,gfs_20260409T1800Z.json,-3.0549999999999997
631,2026-04-22 11:00:00+00:00,2026-04-10 04:00:00+00:00,2026-04-22 11:51:00+00:00,13,51.644999999999996,57.0,gfs_20260409T1800Z.json,-5.355000000000004
632,2026-04-22 12:00:00+00:00,2026-04-10 04:00:00+00:00,2026-04-22 12:51:00+00:00,13,52.92,61.0,gfs_20260409T1800Z.json,-8.079999999999998
633,2026-04-22 13:00:00+00:00,2026-04-10 04:00:00+00:00,2026-04-22 13:51:00+00:00,13,54.035000000000004,65.0,gfs_20260409T1800Z.json,-10.964999999999996
634,2026-04-22 14:00:00+00:00,2026-04-10 04:00:00+00:00,2026-04-22 14:51:00+00:00,13,54.965,70.0,gfs_20260409T1800Z.json,-15.034999999999997
635,2026-04-22 15:00:00+00:00,2026-04-10 04:00:00+00:00,2026-04-22 15:51:00+00:00,13,55.61,75.0,gfs_20260409T1800Z.json,-19.39
636,2026-04-22 16:00:00+00:00,2026-04-10 04:00:00+00:00,2026-04-22 16:51:00+00:00,13,55.955,78.0,gfs_20260409T1800Z.json,-22.045
637,2026-04-22 17:00:00+00:00,2026-04-10 04:00:00+00:00,2026-04-22 17:51:00+00:00,13,56.0,82.0,gfs_20260409T1800Z.json,-26.0
638,2026-04-22 18:00:00+00:00,2026-04-10 04:00:00+00:00,2026-04-22 18:51:00+00:00,13,55.745000000000005,81.0,gfs_20260409T1800Z.json,-25.254999999999995
639,2026-04-22 19:00:00+00:00,2026-04-10 04:00:00+00:00,2026-04-22 19:51:00+00:00,13,55.190000000000005,84.0,gfs_20260409T1800Z.json,-28.809999999999995
640,2026-04-22 20:00:00+00:00,2026-04-10 04:00:00+00:00,2026-04-22 20:51:00+00:00,13,54.675000000000004,84.0,gfs_20260409T1800Z.json,-29.324999999999996
641,2026-04-22 21:00:00+00:00,2026-04-10 04:00:00+00:00,2026-04-22 21:51:00+00:00,13,54.260000000000005,82.0,gfs_20260409T1800Z.json,-27.739999999999995
642,2026-04-22 22:00:00+00:00,2026-04-10 04:00:00+00:00,2026-04-22 22:51:00+00:00,13,53.945,76.0,gfs_20260409T1800Z.json,-22.055
643,2026-04-22 23:00:00+00:00,2026-04-10 04:00:00+00:00,2026-04-22 23:51:00+00:00,13,53.815,73.0,gfs_20260409T1800Z.json,-19.185000000000002
644,2026-04-23 00:00:00+00:00,2026-04-10 04:00:00+00:00,2026-04-23 00:51:00+00:00,13,53.885,71.0,gfs_20260409T1800Z.json,-17.115000000000002
645,2026-04-23 01:00:00+00:00,2026-04-10 04:00:00+00:00,2026-04-23 01:51:00+00:00,13,54.155,68.0,gfs_20260409T1800Z.json,-13.844999999999999
646,2026-04-23 02:00:00+00:00,2026-04-10 04:00:00+00:00,2026-04-23 02:51:00+00:00,13,54.455,67.0,gfs_20260409T1800Z.json,-12.545000000000002
647,2026-04-23 03:00:00+00:00,2026-04-10 04:00:00+00:00,2026-04-23 03:51:00+00:00,13,54.67,67.0,gfs_20260409T1800Z.json,-12.329999999999998
648,2026-04-23 04:00:00+00:00,2026-04-10 04:00:00+00:00,2026-04-23 04:51:00+00:00,14,54.955,66.0,gfs_20260409T1800Z.json,-11.045000000000002
649,2026-04-23 05:00:00+00:00,2026-04-10 04:00:00+00:00,2026-04-23 05:51:00+00:00,14,55.085,63.0,gfs_20260409T1800Z.json,-7.914999999999999
650,2026-04-23 06:00:00+00:00,2026-04-10 04:00:00+00:00,2026-04-23 06:51:00+00:00,14,54.845,59.0,gfs_20260409T1800Z.json,-4.155000000000001
651,2026-04-23 07:00:00+00:00,2026-04-10 04:00:00+00:00,2026-04-23 07:51:00+00:00,14,54.46,56.0,gfs_20260409T1800Z.json,-1.5399999999999991
652,2026-04-23 08:00:00+00:00,2026-04-10 04:00:00+00:00,2026-04-23 08:51:00+00:00,14,54.57,55.0,gfs_20260409T1800Z.json,-0.4299999999999997
653,2026-04-23 09:00:00+00:00,2026-04-10 04:00:00+00:00,2026-04-23 09:51:00+00:00,14,55.365,53.0,gfs_20260409T1800Z.json,2.365000000000002
654,2026-04-23 10:00:00+00:00,2026-04-10 04:00:00+00:00,2026-04-23 10:51:00+00:00,14,56.775,54.0,gfs_20260409T1800Z.json,2.7749999999999986
655,2026-04-23 11:00:00+00:00,2026-04-10 04:00:00+00:00,2026-04-23 11:51:00+00:00,14,58.785000000000004,58.0,gfs_20260409T1800Z.json,0.7850000000000037
656,2026-04-23 12:00:00+00:00,2026-04-10 04:00:00+00:00,2026-04-23 12:51:00+00:00,14,61.225,65.0,gfs_20260409T1800Z.json,-3.7749999999999986
657,2026-04-23 13:00:00+00:00,2026-04-10 04:00:00+00:00,2026-04-23 13:51:00+00:00,14,64.14999999999999,73.0,gfs_20260409T1800Z.json,-8.850000000000009
658,2026-04-23 14:00:00+00:00,2026-04-10 04:00:00+00:00,2026-04-23 14:51:00+00:00,14,67.57499999999999,78.0,gfs_20260409T1800Z.json,-10.425000000000011
659,2026-04-23 15:00:00+00:00,2026-04-10 04:00:00+00:00,2026-04-23 15:51:00+00:00,14,72.35,81.0,gfs_20260409T1800Z.json,-8.650000000000006
660,2026-04-23 16:00:00+00:00,2026-04-10 04:00:00+00:00,2026-04-23 16:51:00+00:00,14,77.69,84.0,gfs_20260409T1800Z.json,-6.310000000000002
661,2026-04-23 17:00:00+00:00,2026-04-10 04:00:00+00:00,2026-04-23 17:51:00+00:00,14,80.625,86.0,gfs_20260409T1800Z.json,-5.375
662,2026-04-23 18:00:00+00:00,2026-04-10 04:00:00+00:00,2026-04-23 18:51:00+00:00,14,78.45,86.0,gfs_20260409T1800Z.json,-7.549999999999997
663,2026-04-23 19:00:00+00:00,2026-04-10 04:00:00+00:00,2026-04-23 19:51:00+00:00,14,72.815,87.0,gfs_20260409T1800Z.json,-14.185000000000002
664,2026-04-23 20:00:00+00:00,2026-04-10 04:00:00+00:00,2026-04-23 20:51:00+00:00,14,67.905,87.0,gfs_20260409T1800Z.json,-19.095
665,2026-04-23 21:00:00+00:00,2026-04-10 04:00:00+00:00,2026-04-23 21:51:00+00:00,14,65.585,85.0,gfs_20260409T1800Z.json,-19.415000000000006
666,2026-04-23 22:00:00+00:00,2026-04-10 04:00:00+00:00,2026-04-23 22:51:00+00:00,14,64.875,83.0,gfs_20260409T1800Z.json,-18.125
667,2026-04-23 23:00:00+00:00,2026-04-10 04:00:00+00:00,2026-04-23 23:51:00+00:00,14,64.545,79.0,gfs_20260409T1800Z.json,-14.454999999999998
668,2026-04-24 00:00:00+00:00,2026-04-10 04:00:00+00:00,2026-04-24 00:51:00+00:00,14,64.245,72.0,gfs_20260409T1800Z.json,-7.7549999999999955
669,2026-04-24 01:00:00+00:00,2026-04-10 04:00:00+00:00,2026-04-24 01:51:00+00:00,14,64.2,69.0,gfs_20260409T1800Z.json,-4.799999999999997
670,2026-04-24 02:00:00+00:00,2026-04-10 04:00:00+00:00,2026-04-24 02:51:00+00:00,14,64.115,68.0,gfs_20260409T1800Z.json,-3.885000000000005
671,2026-04-24 03:00:00+00:00,2026-04-10 04:00:00+00:00,2026-04-24 03:51:00+00:00,14,63.93,67.0,gfs_20260409T1800Z.json,-3.0700000000000003
672,2026-04-17 04:00:00+00:00,2026-04-17 04:00:00+00:00,2026-04-17 04:51:00+00:00,1,68.38499999999999,71.0,gfs_20260416T1800Z.json,-2.615000000000009
673,2026-04-17 05:00:00+00:00,2026-04-17 04:00:00+00:00,2026-04-17 05:51:00+00:00,1,66.99499999999999,69.0,gfs_20260416T1800Z.json,-2.0050000000000097
674,2026-04-17 06:00:00+00:00,2026-04-17 04:00:00+00:00,2026-04-17 06:51:00+00:00,1,65.865,68.0,gfs_20260416T1800Z.json,-2.135000000000005
675,2026-04-17 07:00:00+00:00,2026-04-17 04:00:00+00:00,2026-04-17 07:51:00+00:00,1,65.105,66.0,gfs_20260416T1800Z.json,-0.894999999999996
676,2026-04-17 08:00:00+00:00,2026-04-17 04:00:00+00:00,2026-04-17 08:51:00+00:00,1,65.425,65.0,gfs_20260416T1800Z.json,0.42499999999999716
677,2026-04-17 09:00:00+00:00,2026-04-17 04:00:00+00:00,2026-04-17 09:51:00+00:00,1,63.545,65.0,gfs_20260416T1800Z.json,-1.4549999999999983
678,2026-04-17 10:00:00+00:00,2026-04-17 04:00:00+00:00,2026-04-17 10:51:00+00:00,1,63.54,62.0,gfs_20260416T1800Z.json,1.5399999999999991
679,2026-04-17 11:00:00+00:00,2026-04-17 04:00:00+00:00,2026-04-17 11:51:00+00:00,1,66.49,66.0,gfs_20260416T1800Z.json,0.4899999999999949
680,2026-04-17 12:00:00+00:00,2026-04-17 04:00:00+00:00,2026-04-17 12:51:00+00:00,1,70.995,70.0,gfs_20260416T1800Z.json,0.9950000000000045
681,2026-04-17 13:00:00+00:00,2026-04-17 04:00:00+00:00,2026-04-17 13:51:00+00:00,1,75.95,75.0,gfs_20260416T1800Z.json,0.9500000000000028
682,2026-04-17 14:00:00+00:00,2026-04-17 04:00:00+00:00,2026-04-17 14:51:00+00:00,1,79.16499999999999,79.0,gfs_20260416T1800Z.json,0.16499999999999204
683,2026-04-17 15:00:00+00:00,2026-04-17 04:00:00+00:00,2026-04-17 15:51:00+00:00,1,81.555,81.0,gfs_20260416T1800Z.json,0.5550000000000068
684,2026-04-17 16:00:00+00:00,2026-04-17 04:00:00+00:00,2026-04-17 16:51:00+00:00,1,83.60000000000001,83.0,gfs_20260416T1800Z.json,0.6000000000000085
685,2026-04-17 17:00:00+00:00,2026-04-17 04:00:00+00:00,2026-04-17 17:51:00+00:00,1,85.00500000000001,84.0,gfs_20260416T1800Z.json,1.0050000000000097
686,2026-04-17 18:00:00+00:00,2026-04-17 04:00:00+00:00,2026-04-17 18:51:00+00:00,1,85.96499999999999,85.0,gfs_20260416T1800Z.json,0.9649999999999892
687,2026-04-17 19:00:00+00:00,2026-04-17 04:00:00+00:00,2026-04-17 19:51:00+00:00,1,86.185,86.0,gfs_20260416T1800Z.json,0.18500000000000227
688,2026-04-17 20:00:00+00:00,2026-04-17 04:00:00+00:00,2026-04-17 20:51:00+00:00,1,86.115,84.0,gfs_20260416T1800Z.json,2.114999999999995
689,2026-04-17 21:00:00+00:00,2026-04-17 04:00:00+00:00,2026-04-17 21:51:00+00:00,1,84.99499999999999,85.0,gfs_20260416T1800Z.json,-0.005000000000009663
690,2026-04-17 22:00:00+00:00,2026-04-17 04:00:00+00:00,2026-04-17 22:51:00+00:00,1,80.38,84.0,gfs_20260416T1800Z.json,-3.6200000000000045
691,2026-04-17 23:00:00+00:00,2026-04-17 04:00:00+00:00,2026-04-17 23:51:00+00:00,1,74.84,79.0,gfs_20260416T1800Z.json,-4.159999999999997
692,2026-04-18 00:00:00+00:00,2026-04-17 04:00:00+00:00,2026-04-18 00:51:00+00:00,1,71.875,74.0,gfs_20260416T1800Z.json,-2.125
693,2026-04-18 01:00:00+00:00,2026-04-17 04:00:00+00:00,2026-04-18 01:51:00+00:00,1,69.63,73.0,gfs_20260416T1800Z.json,-3.3700000000000045
694,2026-04-18 02:00:00+00:00,2026-04-17 04:00:00+00:00,2026-04-18 02:51:00+00:00,1,67.77,69.0,gfs_20260416T1800Z.json,-1.230000000000004
695,2026-04-18 03:00:00+00:00,2026-04-17 04:00:00+00:00,2026-04-18 03:51:00+00:00,1,66.565,68.0,gfs_20260416T1800Z.json,-1.4350000000000023
696,2026-04-18 04:00:00+00:00,2026-04-17 04:00:00+00:00,2026-04-18 04:51:00+00:00,2,66.145,64.0,gfs_20260416T1800Z.json,2.144999999999996
697,2026-04-18 05:00:00+00:00,2026-04-17 04:00:00+00:00,2026-04-18 05:51:00+00:00,2,65.33500000000001,62.0,gfs_20260416T1800Z.json,3.335000000000008
698,2026-04-18 06:00:00+00:00,2026-04-17 04:00:00+00:00,2026-04-18 06:51:00+00:00,2,63.5,63.0,gfs_20260416T1800Z.json,0.5
699,2026-04-18 07:00:00+00:00,2026-04-17 04:00:00+00:00,2026-04-18 07:51:00+00:00,2,62.095,61.0,gfs_20260416T1800Z.json,1.0949999999999989
700,2026-04-18 08:00:00+00:00,2026-04-17 04:00:00+00:00,2026-04-18 08:51:00+00:00,2,61.645,60.0,gfs_20260416T1800Z.json,1.6450000000000031
701,2026-04-18 09:00:00+00:00,2026-04-17 04:00:00+00:00,2026-04-18 09:51:00+00:00,2,61.43,58.0,gfs_20260416T1800Z.json,3.4299999999999997
702,2026-04-18 10:00:00+00:00,2026-04-17 04:00:00+00:00,2026-04-18 10:51:00+00:00,2,62.165,60.0,gfs_20260416T1800Z.json,2.164999999999999
703,2026-04-18 11:00:00+00:00,2026-04-17 04:00:00+00:00,2026-04-18 11:51:00+00:00,2,65.36,62.0,gfs_20260416T1800Z.json,3.3599999999999994
704,2026-04-18 12:00:00+00:00,2026-04-17 04:00:00+00:00,2026-04-18 12:51:00+00:00,2,71.08500000000001,69.0,gfs_20260416T1800Z.json,2.085000000000008
705,2026-04-18 13:00:00+00:00,2026-04-17 04:00:00+00:00,2026-04-18 13:51:00+00:00,2,76.335,77.0,gfs_20260416T1800Z.json,-0.6650000000000063
706,2026-04-18 14:00:00+00:00,2026-04-17 04:00:00+00:00,2026-04-18 14:51:00+00:00,2,80.16,83.0,gfs_20260416T1800Z.json,-2.8400000000000034
707,2026-04-18 15:00:00+00:00,2026-04-17 04:00:00+00:00,2026-04-18 15:51:00+00:00,2,84.185,87.0,gfs_20260416T1800Z.json,-2.8149999999999977
708,2026-04-18 16:00:00+00:00,2026-04-17 04:00:00+00:00,2026-04-18 16:51:00+00:00,2,87.095,89.0,gfs_20260416T1800Z.json,-1.9050000000000011
709,2026-04-18 17:00:00+00:00,2026-04-17 04:00:00+00:00,2026-04-18 17:51:00+00:00,2,89.2,90.0,gfs_20260416T1800Z.json,-0.7999999999999972
710,2026-04-18 18:00:00+00:00,2026-04-17 04:00:00+00:00,2026-04-18 18:51:00+00:00,2,90.52,92.0,gfs_20260416T1800Z.json,-1.480000000000004
711,2026-04-18 19:00:00+00:00,2026-04-17 04:00:00+00:00,2026-04-18 19:51:00+00:00,2,90.87,92.0,gfs_20260416T1800Z.json,-1.1299999999999955
712,2026-04-18 20:00:00+00:00,2026-04-17 04:00:00+00:00,2026-04-18 20:51:00+00:00,2,90.645,91.0,gfs_20260416T1800Z.json,-0.355000000000004
713,2026-04-18 21:00:00+00:00,2026-04-17 04:00:00+00:00,2026-04-18 21:51:00+00:00,2,88.73,89.0,gfs_20260416T1800Z.json,-0.269999999999996
714,2026-04-18 22:00:00+00:00,2026-04-17 04:00:00+00:00,2026-04-18 22:51:00+00:00,2,84.74499999999999,87.0,gfs_20260416T1800Z.json,-2.2550000000000097
715,2026-04-18 23:00:00+00:00,2026-04-17 04:00:00+00:00,2026-04-18 23:51:00+00:00,2,82.57,84.0,gfs_20260416T1800Z.json,-1.4300000000000068
716,2026-04-19 00:00:00+00:00,2026-04-17 04:00:00+00:00,2026-04-19 00:51:00+00:00,2,79.665,81.0,gfs_20260416T1800Z.json,-1.3349999999999937
717,2026-04-19 01:00:00+00:00,2026-04-17 04:00:00+00:00,2026-04-19 01:51:00+00:00,2,76.48,80.0,gfs_20260416T1800Z.json,-3.519999999999996
718,2026-04-19 02:00:00+00:00,2026-04-17 04:00:00+00:00,2026-04-19 02:51:00+00:00,2,74.64,78.0,gfs_20260416T1800Z.json,-3.3599999999999994
719,2026-04-19 03:00:00+00:00,2026-04-17 04:00:00+00:00,2026-04-19 03:51:00+00:00,2,74.825,76.0,gfs_20260416T1800Z.json,-1.1749999999999972
720,2026-04-19 04:00:00+00:00,2026-04-17 04:00:00+00:00,2026-04-19 04:51:00+00:00,3,74.9,75.0,gfs_20260416T1800Z.json,-0.09999999999999432
721,2026-04-19 05:00:00+00:00,2026-04-17 04:00:00+00:00,2026-04-19 05:51:00+00:00,3,74.56,75.0,gfs_20260416T1800Z.json,-0.4399999999999977
722,2026-04-19 06:00:00+00:00,2026-04-17 04:00:00+00:00,2026-04-19 06:51:00+00:00,3,73.905,73.0,gfs_20260416T1800Z.json,0.9050000000000011
723,2026-04-19 07:00:00+00:00,2026-04-17 04:00:00+00:00,2026-04-19 07:51:00+00:00,3,73.03500000000001,72.0,gfs_20260416T1800Z.json,1.0350000000000108
724,2026-04-19 08:00:00+00:00,2026-04-17 04:00:00+00:00,2026-04-19 08:51:00+00:00,3,72.135,71.0,gfs_20260416T1800Z.json,1.1350000000000051
725,2026-04-19 09:00:00+00:00,2026-04-17 04:00:00+00:00,2026-04-19 09:51:00+00:00,3,70.215,70.0,gfs_20260416T1800Z.json,0.2150000000000034
726,2026-04-19 10:00:00+00:00,2026-04-17 04:00:00+00:00,2026-04-19 10:51:00+00:00,3,68.2,69.0,gfs_20260416T1800Z.json,-0.7999999999999972
727,2026-04-19 11:00:00+00:00,2026-04-17 04:00:00+00:00,2026-04-19 11:51:00+00:00,3,67.305,70.0,gfs_20260416T1800Z.json,-2.694999999999993
728,2026-04-19 12:00:00+00:00,2026-04-17 04:00:00+00:00,2026-04-19 12:51:00+00:00,3,60.57,66.0,gfs_20260416T1800Z.json,-5.43
729,2026-04-19 13:00:00+00:00,2026-04-17 04:00:00+00:00,2026-04-19 13:51:00+00:00,3,58.21,65.0,gfs_20260416T1800Z.json,-6.789999999999999
730,2026-04-19 14:00:00+00:00,2026-04-17 04:00:00+00:00,2026-04-19 14:51:00+00:00,3,58.17,58.0,gfs_20260416T1800Z.json,0.1700000000000017
731,2026-04-19 15:00:00+00:00,2026-04-17 04:00:00+00:00,2026-04-19 15:51:00+00:00,3,56.755,55.0,gfs_20260416T1800Z.json,1.7550000000000026
732,2026-04-19 16:00:00+00:00,2026-04-17 04:00:00+00:00,2026-04-19 16:51:00+00:00,3,55.14,54.0,gfs_20260416T1800Z.json,1.1400000000000006
733,2026-04-19 17:00:00+00:00,2026-04-17 04:00:00+00:00,2026-04-19 17:51:00+00:00,3,53.114999999999995,56.0,gfs_20260416T1800Z.json,-2.885000000000005
734,2026-04-19 18:00:00+00:00,2026-04-17 04:00:00+00:00,2026-04-19 18:51:00+00:00,3,53.224999999999994,60.0,gfs_20260416T1800Z.json,-6.775000000000006
735,2026-04-19 19:00:00+00:00,2026-04-17 04:00:00+00:00,2026-04-19 19:51:00+00:00,3,57.72,63.0,gfs_20260416T1800Z.json,-5.280000000000001
736,2026-04-19 20:00:00+00:00,2026-04-17 04:00:00+00:00,2026-04-19 20:51:00+00:00,3,63.43,63.0,gfs_20260416T1800Z.json,0.4299999999999997
737,2026-04-19 21:00:00+00:00,2026-04-17 04:00:00+00:00,2026-04-19 21:51:00+00:00,3,64.3,62.0,gfs_20260416T1800Z.json,2.299999999999997
738,2026-04-19 22:00:00+00:00,2026-04-17 04:00:00+00:00,2026-04-19 22:51:00+00:00,3,62.175,63.0,gfs_20260416T1800Z.json,-0.8250000000000028
739,2026-04-19 23:00:00+00:00,2026-04-17 04:00:00+00:00,2026-04-19 23:51:00+00:00,3,56.955,61.0,gfs_20260416T1800Z.json,-4.045000000000002
740,2026-04-20 00:00:00+00:00,2026-04-17 04:00:00+00:00,2026-04-20 00:51:00+00:00,3,54.06,58.0,gfs_20260416T1800Z.json,-3.9399999999999977
741,2026-04-20 01:00:00+00:00,2026-04-17 04:00:00+00:00,2026-04-20 01:51:00+00:00,3,52.595,54.0,gfs_20260416T1800Z.json,-1.4050000000000011
742,2026-04-20 02:00:00+00:00,2026-04-17 04:00:00+00:00,2026-04-20 02:51:00+00:00,3,52.4,53.0,gfs_20260416T1800Z.json,-0.6000000000000014
743,2026-04-20 03:00:00+00:00,2026-04-17 04:00:00+00:00,2026-04-20 03:51:00+00:00,3,53.505,49.0,gfs_20260416T1800Z.json,4.505000000000003
744,2026-04-20 04:00:00+00:00,2026-04-17 04:00:00+00:00,2026-04-20 04:51:00+00:00,4,51.49,47.0,gfs_20260416T1800Z.json,4.490000000000002
745,2026-04-20 05:00:00+00:00,2026-04-17 04:00:00+00:00,2026-04-20 05:51:00+00:00,4,47.785000000000004,45.0,gfs_20260416T1800Z.json,2.7850000000000037
746,2026-04-20 06:00:00+00:00,2026-04-17 04:00:00+00:00,2026-04-20 06:51:00+00:00,4,45.925000000000004,42.0,gfs_20260416T1800Z.json,3.9250000000000043
747,2026-04-20 07:00:00+00:00,2026-04-17 04:00:00+00:00,2026-04-20 07:51:00+00:00,4,44.68,39.0,gfs_20260416T1800Z.json,5.68
748,2026-04-20 08:00:00+00:00,2026-04-17 04:00:00+00:00,2026-04-20 08:51:00+00:00,4,43.14,41.0,gfs_20260416T1800Z.json,2.1400000000000006
749,2026-04-20 09:00:00+00:00,2026-04-17 04:00:00+00:00,2026-04-20 09:51:00+00:00,4,42.39,40.0,gfs_20260416T1800Z.json,2.3900000000000006
750,2026-04-20 10:00:00+00:00,2026-04-17 04:00:00+00:00,2026-04-20 10:51:00+00:00,4,43.574999999999996,39.0,gfs_20260416T1800Z.json,4.574999999999996
751,2026-04-20 11:00:00+00:00,2026-04-17 04:00:00+00:00,2026-04-20 11:51:00+00:00,4,49.24,46.0,gfs_20260416T1800Z.json,3.240000000000002
752,2026-04-20 12:00:00+00:00,2026-04-17 04:00:00+00:00,2026-04-20 12:51:00+00:00,4,54.705,54.0,gfs_20260416T1800Z.json,0.7049999999999983
753,2026-04-20 13:00:00+00:00,2026-04-17 04:00:00+00:00,2026-04-20 13:51:00+00:00,4,58.56,61.0,gfs_20260416T1800Z.json,-2.4399999999999977
754,2026-04-20 14:00:00+00:00,2026-04-17 04:00:00+00:00,2026-04-20 14:51:00+00:00,4,61.394999999999996,63.0,gfs_20260416T1800Z.json,-1.605000000000004
755,2026-04-20 15:00:00+00:00,2026-04-17 04:00:00+00:00,2026-04-20 15:51:00+00:00,4,64.17999999999999,65.0,gfs_20260416T1800Z.json,-0.8200000000000074
756,2026-04-20 16:00:00+00:00,2026-04-17 04:00:00+00:00,2026-04-20 16:51:00+00:00,4,64.94,69.0,gfs_20260416T1800Z.json,-4.060000000000002
757,2026-04-20 17:00:00+00:00,2026-04-17 04:00:00+00:00,2026-04-20 17:51:00+00:00,4,67.89,67.0,gfs_20260416T1800Z.json,0.8900000000000006
758,2026-04-20 18:00:00+00:00,2026-04-17 04:00:00+00:00,2026-04-20 18:51:00+00:00,4,67.465,67.0,gfs_20260416T1800Z.json,0.4650000000000034
759,2026-04-20 19:00:00+00:00,2026-04-17 04:00:00+00:00,2026-04-20 19:51:00+00:00,4,66.11,70.0,gfs_20260416T1800Z.json,-3.8900000000000006
760,2026-04-20 20:00:00+00:00,2026-04-17 04:00:00+00:00,2026-04-20 20:51:00+00:00,4,64.795,68.0,gfs_20260416T1800Z.json,-3.2049999999999983
761,2026-04-20 21:00:00+00:00,2026-04-17 04:00:00+00:00,2026-04-20 21:51:00+00:00,4,65.705,67.0,gfs_20260416T1800Z.json,-1.2950000000000017
762,2026-04-20 22:00:00+00:00,2026-04-17 04:00:00+00:00,2026-04-20 22:51:00+00:00,4,62.67,68.0,gfs_20260416T1800Z.json,-5.329999999999998
763,2026-04-20 23:00:00+00:00,2026-04-17 04:00:00+00:00,2026-04-20 23:51:00+00:00,4,57.34,65.0,gfs_20260416T1800Z.json,-7.659999999999997
764,2026-04-21 00:00:00+00:00,2026-04-17 04:00:00+00:00,2026-04-21 00:51:00+00:00,4,54.120000000000005,60.0,gfs_20260416T1800Z.json,-5.8799999999999955
765,2026-04-21 01:00:00+00:00,2026-04-17 04:00:00+00:00,2026-04-21 01:51:00+00:00,4,51.83,56.0,gfs_20260416T1800Z.json,-4.170000000000002
766,2026-04-21 02:00:00+00:00,2026-04-17 04:00:00+00:00,2026-04-21 02:51:00+00:00,4,49.970000000000006,55.0,gfs_20260416T1800Z.json,-5.029999999999994
767,2026-04-21 03:00:00+00:00,2026-04-17 04:00:00+00:00,2026-04-21 03:51:00+00:00,4,49.105000000000004,52.0,gfs_20260416T1800Z.json,-2.894999999999996
768,2026-04-21 04:00:00+00:00,2026-04-17 04:00:00+00:00,2026-04-21 04:51:00+00:00,5,48.235,50.0,gfs_20260416T1800Z.json,-1.7650000000000006
769,2026-04-21 05:00:00+00:00,2026-04-17 04:00:00+00:00,2026-04-21 05:51:00+00:00,5,46.06,49.0,gfs_20260416T1800Z.json,-2.9399999999999977
770,2026-04-21 06:00:00+00:00,2026-04-17 04:00:00+00:00,2026-04-21 06:51:00+00:00,5,44.34,46.0,gfs_20260416T1800Z.json,-1.6599999999999966
771,2026-04-21 07:00:00+00:00,2026-04-17 04:00:00+00:00,2026-04-21 07:51:00+00:00,5,43.93,43.0,gfs_20260416T1800Z.json,0.9299999999999997
772,2026-04-21 08:00:00+00:00,2026-04-17 04:00:00+00:00,2026-04-21 08:51:00+00:00,5,43.305,41.0,gfs_20260416T1800Z.json,2.3049999999999997
773,2026-04-21 09:00:00+00:00,2026-04-17 04:00:00+00:00,2026-04-21 09:51:00+00:00,5,42.775000000000006,40.0,gfs_20260416T1800Z.json,2.7750000000000057
774,2026-04-21 10:00:00+00:00,2026-04-17 04:00:00+00:00,2026-04-21 10:51:00+00:00,5,42.955,38.0,gfs_20260416T1800Z.json,4.954999999999998
775,2026-04-21 11:00:00+00:00,2026-04-17 04:00:00+00:00,2026-04-21 11:51:00+00:00,5,48.1,45.0,gfs_20260416T1800Z.json,3.1000000000000014
776,2026-04-21 12:00:00+00:00,2026-04-17 04:00:00+00:00,2026-04-21 12:51:00+00:00,5,54.78,49.0,gfs_20260416T1800Z.json,5.780000000000001
777,2026-04-21 13:00:00+00:00,2026-04-17 04:00:00+00:00,2026-04-21 13:51:00+00:00,5,61.495,53.0,gfs_20260416T1800Z.json,8.494999999999997
778,2026-04-21 14:00:00+00:00,2026-04-17 04:00:00+00:00,2026-04-21 14:51:00+00:00,5,65.985,55.0,gfs_20260416T1800Z.json,10.985
779,2026-04-21 15:00:00+00:00,2026-04-17 04:00:00+00:00,2026-04-21 15:51:00+00:00,5,69.405,57.0,gfs_20260416T1800Z.json,12.405000000000001
780,2026-04-21 16:00:00+00:00,2026-04-17 04:00:00+00:00,2026-04-21 16:51:00+00:00,5,71.515,61.0,gfs_20260416T1800Z.json,10.515
781,2026-04-21 17:00:00+00:00,2026-04-17 04:00:00+00:00,2026-04-21 17:51:00+00:00,5,73.075,62.0,gfs_20260416T1800Z.json,11.075000000000003
782,2026-04-21 18:00:00+00:00,2026-04-17 04:00:00+00:00,2026-04-21 18:51:00+00:00,5,74.405,65.0,gfs_20260416T1800Z.json,9.405000000000001
783,2026-04-21 19:00:00+00:00,2026-04-17 04:00:00+00:00,2026-04-21 19:51:00+00:00,5,75.195,69.0,gfs_20260416T1800Z.json,6.194999999999993
784,2026-04-21 20:00:00+00:00,2026-04-17 04:00:00+00:00,2026-04-21 20:51:00+00:00,5,74.79,68.0,gfs_20260416T1800Z.json,6.790000000000006
785,2026-04-21 21:00:00+00:00,2026-04-17 04:00:00+00:00,2026-04-21 21:51:00+00:00,5,72.405,68.0,gfs_20260416T1800Z.json,4.405000000000001
786,2026-04-21 22:00:00+00:00,2026-04-17 04:00:00+00:00,2026-04-21 22:51:00+00:00,5,68.6,65.0,gfs_20260416T1800Z.json,3.5999999999999943
787,2026-04-21 23:00:00+00:00,2026-04-17 04:00:00+00:00,2026-04-21 23:51:00+00:00,5,65.025,62.0,gfs_20260416T1800Z.json,3.0250000000000057
788,2026-04-22 00:00:00+00:00,2026-04-17 04:00:00+00:00,2026-04-22 00:51:00+00:00,5,62.46,59.0,gfs_20260416T1800Z.json,3.460000000000001
789,2026-04-22 01:00:00+00:00,2026-04-17 04:00:00+00:00,2026-04-22 01:51:00+00:00,5,60.57,58.0,gfs_20260416T1800Z.json,2.5700000000000003
790,2026-04-22 02:00:00+00:00,2026-04-17 04:00:00+00:00,2026-04-22 02:51:00+00:00,5,59.11,56.0,gfs_20260416T1800Z.json,3.1099999999999994
791,2026-04-22 03:00:00+00:00,2026-04-17 04:00:00+00:00,2026-04-22 03:51:00+00:00,5,58.05,56.0,gfs_20260416T1800Z.json,2.049999999999997
792,2026-04-22 04:00:00+00:00,2026-04-17 04:00:00+00:00,2026-04-22 04:51:00+00:00,6,57.305,55.0,gfs_20260416T1800Z.json,2.3049999999999997
793,2026-04-22 05:00:00+00:00,2026-04-17 04:00:00+00:00,2026-04-22 05:51:00+00:00,6,56.605000000000004,54.0,gfs_20260416T1800Z.json,2.605000000000004
794,2026-04-22 06:00:00+00:00,2026-04-17 04:00:00+00:00,2026-04-22 06:51:00+00:00,6,55.65,53.0,gfs_20260416T1800Z.json,2.6499999999999986
795,2026-04-22 07:00:00+00:00,2026-04-17 04:00:00+00:00,2026-04-22 07:51:00+00:00,6,54.48,54.0,gfs_20260416T1800Z.json,0.4799999999999969
796,2026-04-22 08:00:00+00:00,2026-04-17 04:00:00+00:00,2026-04-22 08:51:00+00:00,6,53.875,53.0,gfs_20260416T1800Z.json,0.875
797,2026-04-22 09:00:00+00:00,2026-04-17 04:00:00+00:00,2026-04-22 09:51:00+00:00,6,53.8,53.0,gfs_20260416T1800Z.json,0.7999999999999972
798,2026-04-22 10:00:00+00:00,2026-04-17 04:00:00+00:00,2026-04-22 10:51:00+00:00,6,54.224999999999994,53.0,gfs_20260416T1800Z.json,1.2249999999999943
799,2026-04-22 11:00:00+00:00,2026-04-17 04:00:00+00:00,2026-04-22 11:51:00+00:00,6,56.17,57.0,gfs_20260416T1800Z.json,-0.8299999999999983
800,2026-04-22 12:00:00+00:00,2026-04-17 04:00:00+00:00,2026-04-22 12:51:00+00:00,6,60.835,61.0,gfs_20260416T1800Z.json,-0.16499999999999915
801,2026-04-22 13:00:00+00:00,2026-04-17 04:00:00+00:00,2026-04-22 13:51:00+00:00,6,67.38000000000001,65.0,gfs_20260416T1800Z.json,2.3800000000000097
802,2026-04-22 14:00:00+00:00,2026-04-17 04:00:00+00:00,2026-04-22 14:51:00+00:00,6,73.16,70.0,gfs_20260416T1800Z.json,3.1599999999999966
803,2026-04-22 15:00:00+00:00,2026-04-17 04:00:00+00:00,2026-04-22 15:51:00+00:00,6,76.975,75.0,gfs_20260416T1800Z.json,1.9749999999999943
804,2026-04-22 16:00:00+00:00,2026-04-17 04:00:00+00:00,2026-04-22 16:51:00+00:00,6,79.455,78.0,gfs_20260416T1800Z.json,1.4549999999999983
805,2026-04-22 17:00:00+00:00,2026-04-17 04:00:00+00:00,2026-04-22 17:51:00+00:00,6,81.16000000000001,82.0,gfs_20260416T1800Z.json,-0.8399999999999892
806,2026-04-22 18:00:00+00:00,2026-04-17 04:00:00+00:00,2026-04-22 18:51:00+00:00,6,82.50500000000001,81.0,gfs_20260416T1800Z.json,1.5050000000000097
807,2026-04-22 19:00:00+00:00,2026-04-17 04:00:00+00:00,2026-04-22 19:51:00+00:00,6,83.03999999999999,84.0,gfs_20260416T1800Z.json,-0.960000000000008
808,2026-04-22 20:00:00+00:00,2026-04-17 04:00:00+00:00,2026-04-22 20:51:00+00:00,6,81.82499999999999,84.0,gfs_20260416T1800Z.json,-2.1750000000000114
809,2026-04-22 21:00:00+00:00,2026-04-17 04:00:00+00:00,2026-04-22 21:51:00+00:00,6,77.01,82.0,gfs_20260416T1800Z.json,-4.989999999999995
810,2026-04-22 22:00:00+00:00,2026-04-17 04:00:00+00:00,2026-04-22 22:51:00+00:00,6,69.995,76.0,gfs_20260416T1800Z.json,-6.0049999999999955
811,2026-04-22 23:00:00+00:00,2026-04-17 04:00:00+00:00,2026-04-22 23:51:00+00:00,6,64.055,73.0,gfs_20260416T1800Z.json,-8.944999999999993
812,2026-04-23 00:00:00+00:00,2026-04-17 04:00:00+00:00,2026-04-23 00:51:00+00:00,6,61.415,71.0,gfs_20260416T1800Z.json,-9.585
813,2026-04-23 01:00:00+00:00,2026-04-17 04:00:00+00:00,2026-04-23 01:51:00+00:00,6,60.675000000000004,68.0,gfs_20260416T1800Z.json,-7.324999999999996
814,2026-04-23 02:00:00+00:00,2026-04-17 04:00:00+00:00,2026-04-23 02:51:00+00:00,6,60.345,67.0,gfs_20260416T1800Z.json,-6.655000000000001
815,2026-04-23 03:00:00+00:00,2026-04-17 04:00:00+00:00,2026-04-23 03:51:00+00:00,6,59.705,67.0,gfs_20260416T1800Z.json,-7.295000000000002
816,2026-04-23 04:00:00+00:00,2026-04-17 04:00:00+00:00,2026-04-23 04:51:00+00:00,7,59.09,66.0,gfs_20260416T1800Z.json,-6.909999999999997
817,2026-04-23 05:00:00+00:00,2026-04-17 04:00:00+00:00,2026-04-23 05:51:00+00:00,7,58.32,63.0,gfs_20260416T1800Z.json,-4.68
818,2026-04-23 06:00:00+00:00,2026-04-17 04:00:00+00:00,2026-04-23 06:51:00+00:00,7,56.84,59.0,gfs_20260416T1800Z.json,-2.1599999999999966
819,2026-04-23 07:00:00+00:00,2026-04-17 04:00:00+00:00,2026-04-23 07:51:00+00:00,7,55.07,56.0,gfs_20260416T1800Z.json,-0.9299999999999997
820,2026-04-23 08:00:00+00:00,2026-04-17 04:00:00+00:00,2026-04-23 08:51:00+00:00,7,54.12,55.0,gfs_20260416T1800Z.json,-0.8800000000000026
821,2026-04-23 09:00:00+00:00,2026-04-17 04:00:00+00:00,2026-04-23 09:51:00+00:00,7,54.425,53.0,gfs_20260416T1800Z.json,1.4249999999999972
822,2026-04-23 10:00:00+00:00,2026-04-17 04:00:00+00:00,2026-04-23 10:51:00+00:00,7,55.775,54.0,gfs_20260416T1800Z.json,1.7749999999999986
823,2026-04-23 11:00:00+00:00,2026-04-17 04:00:00+00:00,2026-04-23 11:51:00+00:00,7,58.464999999999996,58.0,gfs_20260416T1800Z.json,0.4649999999999963
824,2026-04-23 12:00:00+00:00,2026-04-17 04:00:00+00:00,2026-04-23 12:51:00+00:00,7,63.235,65.0,gfs_20260416T1800Z.json,-1.7650000000000006
825,2026-04-23 13:00:00+00:00,2026-04-17 04:00:00+00:00,2026-04-23 13:51:00+00:00,7,69.44000000000001,73.0,gfs_20260416T1800Z.json,-3.559999999999988
826,2026-04-23 14:00:00+00:00,2026-04-17 04:00:00+00:00,2026-04-23 14:51:00+00:00,7,74.99,78.0,gfs_20260416T1800Z.json,-3.010000000000005
827,2026-04-23 15:00:00+00:00,2026-04-17 04:00:00+00:00,2026-04-23 15:51:00+00:00,7,78.69,81.0,gfs_20260416T1800Z.json,-2.3100000000000023
828,2026-04-23 16:00:00+00:00,2026-04-17 04:00:00+00:00,2026-04-23 16:51:00+00:00,7,81.24,84.0,gfs_20260416T1800Z.json,-2.760000000000005
829,2026-04-23 17:00:00+00:00,2026-04-17 04:00:00+00:00,2026-04-23 17:51:00+00:00,7,82.96000000000001,86.0,gfs_20260416T1800Z.json,-3.039999999999992
830,2026-04-23 18:00:00+00:00,2026-04-17 04:00:00+00:00,2026-04-23 18:51:00+00:00,7,84.135,86.0,gfs_20260416T1800Z.json,-1.8649999999999949
831,2026-04-23 19:00:00+00:00,2026-04-17 04:00:00+00:00,2026-04-23 19:51:00+00:00,7,84.55499999999999,87.0,gfs_20260416T1800Z.json,-2.4450000000000074
832,2026-04-23 20:00:00+00:00,2026-04-17 04:00:00+00:00,2026-04-23 20:51:00+00:00,7,83.24,87.0,gfs_20260416T1800Z.json,-3.760000000000005
833,2026-04-23 21:00:00+00:00,2026-04-17 04:00:00+00:00,2026-04-23 21:51:00+00:00,7,78.58,85.0,gfs_20260416T1800Z.json,-6.420000000000002
834,2026-04-23 22:00:00+00:00,2026-04-17 04:00:00+00:00,2026-04-23 22:51:00+00:00,7,71.85,83.0,gfs_20260416T1800Z.json,-11.150000000000006
835,2026-04-23 23:00:00+00:00,2026-04-17 04:00:00+00:00,2026-04-23 23:51:00+00:00,7,66.295,79.0,gfs_20260416T1800Z.json,-12.704999999999998
836,2026-04-24 00:00:00+00:00,2026-04-17 04:00:00+00:00,2026-04-24 00:51:00+00:00,7,64.225,72.0,gfs_20260416T1800Z.json,-7.775000000000006
837,2026-04-24 01:00:00+00:00,2026-04-17 04:00:00+00:00,2026-04-24 01:51:00+00:00,7,64.255,69.0,gfs_20260416T1800Z.json,-4.7450000000000045
838,2026-04-24 02:00:00+00:00,2026-04-17 04:00:00+00:00,2026-04-24 02:51:00+00:00,7,64.725,68.0,gfs_20260416T1800Z.json,-3.2750000000000057
839,2026-04-24 03:00:00+00:00,2026-04-17 04:00:00+00:00,2026-04-24 03:51:00+00:00,7,64.97,67.0,gfs_20260416T1800Z.json,-2.030000000000001
840,2026-04-24 04:00:00+00:00,2026-04-17 04:00:00+00:00,2026-04-24 04:51:00+00:00,8,65.34,65.0,gfs_20260416T1800Z.json,0.3400000000000034
841,2026-04-24 05:00:00+00:00,2026-04-17 04:00:00+00:00,2026-04-24 05:51:00+00:00,8,65.485,63.0,gfs_20260416T1800Z.json,2.4849999999999994
842,2026-04-24 06:00:00+00:00,2026-04-17 04:00:00+00:00,2026-04-24 06:51:00+00:00,8,65.33,64.0,gfs_20260416T1800Z.json,1.3299999999999983
843,2026-04-24 07:00:00+00:00,2026-04-17 04:00:00+00:00,2026-04-24 07:51:00+00:00,8,64.96000000000001,62.0,gfs_20260416T1800Z.json,2.960000000000008
844,2026-04-24 08:00:00+00:00,2026-04-17 04:00:00+00:00,2026-04-24 08:51:00+00:00,8,64.56,60.0,gfs_20260416T1800Z.json,4.560000000000002
845,2026-04-24 09:00:00+00:00,2026-04-17 04:00:00+00:00,2026-04-24 09:51:00+00:00,8,63.65,59.0,gfs_20260416T1800Z.json,4.649999999999999
846,2026-04-24 10:00:00+00:00,2026-04-17 04:00:00+00:00,2026-04-24 10:51:00+00:00,8,62.735,58.0,gfs_20260416T1800Z.json,4.734999999999999
847,2026-04-24 11:00:00+00:00,2026-04-17 04:00:00+00:00,2026-04-24 11:51:00+00:00,8,63.45,62.0,gfs_20260416T1800Z.json,1.4500000000000028
848,2026-04-24 12:00:00+00:00,2026-04-17 04:00:00+00:00,2026-04-24 12:51:00+00:00,8,67.17,68.0,gfs_20260416T1800Z.json,-0.8299999999999983
849,2026-04-24 13:00:00+00:00,2026-04-17 04:00:00+00:00,2026-04-24 13:51:00+00:00,8,72.985,72.0,gfs_20260416T1800Z.json,0.9849999999999994
850,2026-04-24 14:00:00+00:00,2026-04-17 04:00:00+00:00,2026-04-24 14:51:00+00:00,8,78.15,78.0,gfs_20260416T1800Z.json,0.15000000000000568
851,2026-04-24 15:00:00+00:00,2026-04-17 04:00:00+00:00,2026-04-24 15:51:00+00:00,8,81.365,84.0,gfs_20260416T1800Z.json,-2.635000000000005
852,2026-04-24 16:00:00+00:00,2026-04-17 04:00:00+00:00,2026-04-24 16:51:00+00:00,8,83.33,85.0,gfs_20260416T1800Z.json,-1.6700000000000017
853,2026-04-24 17:00:00+00:00,2026-04-17 04:00:00+00:00,2026-04-24 17:51:00+00:00,8,84.28,89.0,gfs_20260416T1800Z.json,-4.719999999999999
854,2026-04-24 18:00:00+00:00,2026-04-17 04:00:00+00:00,2026-04-24 18:51:00+00:00,8,84.145,89.0,gfs_20260416T1800Z.json,-4.855000000000004
855,2026-04-24 19:00:00+00:00,2026-04-17 04:00:00+00:00,2026-04-24 19:51:00+00:00,8,82.99499999999999,89.0,gfs_20260416T1800Z.json,-6.00500000000001
856,2026-04-24 20:00:00+00:00,2026-04-17 04:00:00+00:00,2026-04-24 20:51:00+00:00,8,81.1,88.0,gfs_20260416T1800Z.json,-6.900000000000006
857,2026-04-24 21:00:00+00:00,2026-04-17 04:00:00+00:00,2026-04-24 21:51:00+00:00,8,78.08,86.0,gfs_20260416T1800Z.json,-7.920000000000002
858,2026-04-24 22:00:00+00:00,2026-04-17 04:00:00+00:00,2026-04-24 22:51:00+00:00,8,74.285,83.0,gfs_20260416T1800Z.json,-8.715000000000003
859,2026-04-24 23:00:00+00:00,2026-04-17 04:00:00+00:00,2026-04-24 23:51:00+00:00,8,71.32000000000001,79.0,gfs_20260416T1800Z.json,-7.679999999999993
860,2026-04-25 00:00:00+00:00,2026-04-17 04:00:00+00:00,2026-04-25 00:51:00+00:00,8,70.815,75.0,gfs_20260416T1800Z.json,-4.185000000000002
861,2026-04-25 01:00:00+00:00,2026-04-17 04:00:00+00:00,2026-04-25 01:51:00+00:00,8,71.64999999999999,73.0,gfs_20260416T1800Z.json,-1.3500000000000085
862,2026-04-25 02:00:00+00:00,2026-04-17 04:00:00+00:00,2026-04-25 02:51:00+00:00,8,71.97,70.0,gfs_20260416T1800Z.json,1.9699999999999989
863,2026-04-25 03:00:00+00:00,2026-04-17 04:00:00+00:00,2026-04-25 03:51:00+00:00,8,70.47,68.0,gfs_20260416T1800Z.json,2.469999999999999
864,2026-04-25 04:00:00+00:00,2026-04-17 04:00:00+00:00,2026-04-25 04:51:00+00:00,9,67.905,68.0,gfs_20260416T1800Z.json,-0.09499999999999886
865,2026-04-25 05:00:00+00:00,2026-04-17 04:00:00+00:00,2026-04-25 05:51:00+00:00,9,65.545,66.0,gfs_20260416T1800Z.json,-0.4549999999999983
866,2026-04-25 06:00:00+00:00,2026-04-17 04:00:00+00:00,2026-04-25 06:51:00+00:00,9,63.67,63.0,gfs_20260416T1800Z.json,0.6700000000000017
867,2026-04-25 07:00:00+00:00,2026-04-17 04:00:00+00:00,2026-04-25 07:51:00+00:00,9,62.21,63.0,gfs_20260416T1800Z.json,-0.7899999999999991
868,2026-04-25 08:00:00+00:00,2026-04-17 04:00:00+00:00,2026-04-25 08:51:00+00:00,9,61.49,62.0,gfs_20260416T1800Z.json,-0.509999999999998
869,2026-04-25 09:00:00+00:00,2026-04-17 04:00:00+00:00,2026-04-25 09:51:00+00:00,9,61.485,62.0,gfs_20260416T1800Z.json,-0.5150000000000006
870,2026-04-25 10:00:00+00:00,2026-04-17 04:00:00+00:00,2026-04-25 10:51:00+00:00,9,62.265,61.0,gfs_20260416T1800Z.json,1.2650000000000006
871,2026-04-25 11:00:00+00:00,2026-04-17 04:00:00+00:00,2026-04-25 11:51:00+00:00,9,64.44,64.0,gfs_20260416T1800Z.json,0.4399999999999977
872,2026-04-25 12:00:00+00:00,2026-04-17 04:00:00+00:00,2026-04-25 12:51:00+00:00,9,68.965,69.0,gfs_20260416T1800Z.json,-0.03499999999999659
873,2026-04-25 13:00:00+00:00,2026-04-17 04:00:00+00:00,2026-04-25 13:51:00+00:00,9,75.055,73.0,gfs_20260416T1800Z.json,2.055000000000007
874,2026-04-25 14:00:00+00:00,2026-04-17 04:00:00+00:00,2026-04-25 14:51:00+00:00,9,80.42,78.0,gfs_20260416T1800Z.json,2.4200000000000017
875,2026-04-25 15:00:00+00:00,2026-04-17 04:00:00+00:00,2026-04-25 15:51:00+00:00,9,83.75,83.0,gfs_20260416T1800Z.json,0.75
876,2026-04-25 16:00:00+00:00,2026-04-17 04:00:00+00:00,2026-04-25 16:51:00+00:00,9,85.9,86.0,gfs_20260416T1800Z.json,-0.09999999999999432
877,2026-04-25 17:00:00+00:00,2026-04-17 04:00:00+00:00,2026-04-25 17:51:00+00:00,9,87.305,87.0,gfs_20260416T1800Z.json,0.3050000000000068
878,2026-04-25 18:00:00+00:00,2026-04-17 04:00:00+00:00,2026-04-25 18:51:00+00:00,9,88.605,89.0,gfs_20260416T1800Z.json,-0.394999999999996
879,2026-04-25 19:00:00+00:00,2026-04-17 04:00:00+00:00,2026-04-25 19:51:00+00:00,9,89.31,89.0,gfs_20260416T1800Z.json,0.3100000000000023
880,2026-04-25 20:00:00+00:00,2026-04-17 04:00:00+00:00,2026-04-25 20:51:00+00:00,9,88.72,89.0,gfs_20260416T1800Z.json,-0.28000000000000114
881,2026-04-25 21:00:00+00:00,2026-04-17 04:00:00+00:00,2026-04-25 21:51:00+00:00,9,85.54,85.0,gfs_20260416T1800Z.json,0.5400000000000063
882,2026-04-25 22:00:00+00:00,2026-04-17 04:00:00+00:00,2026-04-25 22:51:00+00:00,9,80.75,69.0,gfs_20260416T1800Z.json,11.75
883,2026-04-25 23:00:00+00:00,2026-04-17 04:00:00+00:00,2026-04-25 23:51:00+00:00,9,76.42999999999999,66.0,gfs_20260416T1800Z.json,10.429999999999993
884,2026-04-26 00:00:00+00:00,2026-04-17 04:00:00+00:00,2026-04-26 00:51:00+00:00,9,73.92999999999999,65.0,gfs_20260416T1800Z.json,8.929999999999993
885,2026-04-26 01:00:00+00:00,2026-04-17 04:00:00+00:00,2026-04-26 01:51:00+00:00,9,72.49499999999999,64.0,gfs_20260416T1800Z.json,8.49499999999999
886,2026-04-26 02:00:00+00:00,2026-04-17 04:00:00+00:00,2026-04-26 02:51:00+00:00,9,71.11,64.0,gfs_20260416T1800Z.json,7.109999999999999
887,2026-04-26 03:00:00+00:00,2026-04-17 04:00:00+00:00,2026-04-26 03:51:00+00:00,9,69.36999999999999,64.0,gfs_20260416T1800Z.json,5.36999999999999
888,2026-04-26 04:00:00+00:00,2026-04-17 04:00:00+00:00,2026-04-26 04:51:00+00:00,10,67.39999999999999,63.0,gfs_20260416T1800Z.json,4.3999999999999915
889,2026-04-26 05:00:00+00:00,2026-04-17 04:00:00+00:00,2026-04-26 05:51:00+00:00,10,65.91,63.0,gfs_20260416T1800Z.json,2.9099999999999966
890,2026-04-26 06:00:00+00:00,2026-04-17 04:00:00+00:00,2026-04-26 06:51:00+00:00,10,65.105,63.0,gfs_20260416T1800Z.json,2.105000000000004
891,2026-04-26 07:00:00+00:00,2026-04-17 04:00:00+00:00,2026-04-26 07:51:00+00:00,10,64.745,63.0,gfs_20260416T1800Z.json,1.7450000000000045
892,2026-04-26 08:00:00+00:00,2026-04-17 04:00:00+00:00,2026-04-26 08:51:00+00:00,10,64.955,63.0,gfs_20260416T1800Z.json,1.9549999999999983
893,2026-04-26 09:00:00+00:00,2026-04-17 04:00:00+00:00,2026-04-26 09:51:00+00:00,10,65.595,63.0,gfs_20260416T1800Z.json,2.594999999999999
894,2026-04-26 10:00:00+00:00,2026-04-17 04:00:00+00:00,2026-04-26 10:51:00+00:00,10,66.72,63.0,gfs_20260416T1800Z.json,3.719999999999999
895,2026-04-26 11:00:00+00:00,2026-04-17 04:00:00+00:00,2026-04-26 11:51:00+00:00,10,68.685,63.0,gfs_20260416T1800Z.json,5.685000000000002
896,2026-04-26 12:00:00+00:00,2026-04-17 04:00:00+00:00,2026-04-26 12:51:00+00:00,10,71.80499999999999,59.0,gfs_20260416T1800Z.json,12.804999999999993
897,2026-04-26 13:00:00+00:00,2026-04-17 04:00:00+00:00,2026-04-26 13:51:00+00:00,10,75.78500000000001,58.0,gfs_20260416T1800Z.json,17.78500000000001
898,2026-04-26 14:00:00+00:00,2026-04-17 04:00:00+00:00,2026-04-26 14:51:00+00:00,10,79.375,59.0,gfs_20260416T1800Z.json,20.375
899,2026-04-26 15:00:00+00:00,2026-04-17 04:00:00+00:00,2026-04-26 15:51:00+00:00,10,82.195,59.0,gfs_20260416T1800Z.json,23.194999999999993
900,2026-04-26 16:00:00+00:00,2026-04-17 04:00:00+00:00,2026-04-26 16:51:00+00:00,10,84.385,59.0,gfs_20260416T1800Z.json,25.385000000000005
901,2026-04-26 17:00:00+00:00,2026-04-17 04:00:00+00:00,2026-04-26 17:51:00+00:00,10,85.97500000000001,60.0,gfs_20260416T1800Z.json,25.97500000000001
902,2026-04-26 18:00:00+00:00,2026-04-17 04:00:00+00:00,2026-04-26 18:51:00+00:00,10,87.135,62.0,gfs_20260416T1800Z.json,25.135000000000005
903,2026-04-26 19:00:00+00:00,2026-04-17 04:00:00+00:00,2026-04-26 19:51:00+00:00,10,87.64,63.0,gfs_20260416T1800Z.json,24.64
904,2026-04-26 20:00:00+00:00,2026-04-17 04:00:00+00:00,2026-04-26 20:51:00+00:00,10,86.765,64.0,gfs_20260416T1800Z.json,22.765
905,2026-04-26 21:00:00+00:00,2026-04-17 04:00:00+00:00,2026-04-26 21:51:00+00:00,10,83.54,63.0,gfs_20260416T1800Z.json,20.540000000000006
906,2026-04-26 22:00:00+00:00,2026-04-17 04:00:00+00:00,2026-04-26 22:51:00+00:00,10,78.665,59.0,gfs_20260416T1800Z.json,19.665000000000006
907,2026-04-26 23:00:00+00:00,2026-04-17 04:00:00+00:00,2026-04-26 23:51:00+00:00,10,74.41499999999999,57.0,gfs_20260416T1800Z.json,17.414999999999992
908,2026-04-27 00:00:00+00:00,2026-04-17 04:00:00+00:00,2026-04-27 00:51:00+00:00,10,72.35499999999999,55.0,gfs_20260416T1800Z.json,17.35499999999999
909,2026-04-27 01:00:00+00:00,2026-04-17 04:00:00+00:00,2026-04-27 01:51:00+00:00,10,71.42,54.0,gfs_20260416T1800Z.json,17.42
910,2026-04-27 02:00:00+00:00,2026-04-17 04:00:00+00:00,2026-04-27 02:51:00+00:00,10,70.365,53.0,gfs_20260416T1800Z.json,17.364999999999995
911,2026-04-27 03:00:00+00:00,2026-04-17 04:00:00+00:00,2026-04-27 03:51:00+00:00,10,68.245,53.0,gfs_20260416T1800Z.json,15.245000000000005
912,2026-04-27 04:00:00+00:00,2026-04-17 04:00:00+00:00,2026-04-27 04:51:00+00:00,11,65.605,53.0,gfs_20260416T1800Z.json,12.605000000000004
913,2026-04-27 05:00:00+00:00,2026-04-17 04:00:00+00:00,2026-04-27 05:51:00+00:00,11,63.33,52.0,gfs_20260416T1800Z.json,11.329999999999998
914,2026-04-27 06:00:00+00:00,2026-04-17 04:00:00+00:00,2026-04-27 06:51:00+00:00,11,61.895,52.0,gfs_20260416T1800Z.json,9.895000000000003
915,2026-04-27 07:00:00+00:00,2026-04-17 04:00:00+00:00,2026-04-27 07:51:00+00:00,11,61.105000000000004,51.0,gfs_20260416T1800Z.json,10.105000000000004
916,2026-04-27 08:00:00+00:00,2026-04-17 04:00:00+00:00,2026-04-27 08:51:00+00:00,11,60.745000000000005,51.0,gfs_20260416T1800Z.json,9.745000000000005
917,2026-04-27 09:00:00+00:00,2026-04-17 04:00:00+00:00,2026-04-27 09:51:00+00:00,11,60.785,51.0,gfs_20260416T1800Z.json,9.784999999999997
918,2026-04-27 10:00:00+00:00,2026-04-17 04:00:00+00:00,2026-04-27 10:51:00+00:00,11,61.309999999999995,51.0,gfs_20260416T1800Z.json,10.309999999999995
919,2026-04-27 11:00:00+00:00,2026-04-17 04:00:00+00:00,2026-04-27 11:51:00+00:00,11,62.505,51.0,gfs_20260416T1800Z.json,11.505000000000003
920,2026-04-27 12:00:00+00:00,2026-04-17 04:00:00+00:00,2026-04-27 12:51:00+00:00,11,64.995,54.0,gfs_20260416T1800Z.json,10.995000000000005
921,2026-04-27 13:00:00+00:00,2026-04-17 04:00:00+00:00,2026-04-27 13:51:00+00:00,11,68.375,54.0,gfs_20260416T1800Z.json,14.375
922,2026-04-27 14:00:00+00:00,2026-04-17 04:00:00+00:00,2026-04-27 14:51:00+00:00,11,70.77,57.0,gfs_20260416T1800Z.json,13.769999999999996
923,2026-04-27 15:00:00+00:00,2026-04-17 04:00:00+00:00,2026-04-27 15:51:00+00:00,11,70.42,61.0,gfs_20260416T1800Z.json,9.420000000000002
924,2026-04-27 16:00:00+00:00,2026-04-17 04:00:00+00:00,2026-04-27 16:51:00+00:00,11,68.515,66.0,gfs_20260416T1800Z.json,2.5150000000000006
925,2026-04-27 17:00:00+00:00,2026-04-17 04:00:00+00:00,2026-04-27 17:51:00+00:00,11,67.605,66.0,gfs_20260416T1800Z.json,1.605000000000004
926,2026-04-27 18:00:00+00:00,2026-04-17 04:00:00+00:00,2026-04-27 18:51:00+00:00,11,69.965,68.0,gfs_20260416T1800Z.json,1.9650000000000034
927,2026-04-27 19:00:00+00:00,2026-04-17 04:00:00+00:00,2026-04-27 19:51:00+00:00,11,74.055,70.0,gfs_20260416T1800Z.json,4.055000000000007
928,2026-04-27 20:00:00+00:00,2026-04-17 04:00:00+00:00,2026-04-27 20:51:00+00:00,11,76.57000000000001,70.0,gfs_20260416T1800Z.json,6.570000000000007
929,2026-04-27 21:00:00+00:00,2026-04-17 04:00:00+00:00,2026-04-27 21:51:00+00:00,11,75.115,69.0,gfs_20260416T1800Z.json,6.114999999999995
930,2026-04-27 22:00:00+00:00,2026-04-17 04:00:00+00:00,2026-04-27 22:51:00+00:00,11,71.145,67.0,gfs_20260416T1800Z.json,4.144999999999996
931,2026-04-27 23:00:00+00:00,2026-04-17 04:00:00+00:00,2026-04-27 23:51:00+00:00,11,67.355,63.0,gfs_20260416T1800Z.json,4.355000000000004
932,2026-04-28 00:00:00+00:00,2026-04-17 04:00:00+00:00,2026-04-28 00:51:00+00:00,11,64.92999999999999,60.0,gfs_20260416T1800Z.json,4.929999999999993
933,2026-04-28 01:00:00+00:00,2026-04-17 04:00:00+00:00,2026-04-28 01:51:00+00:00,11,63.24,59.0,gfs_20260416T1800Z.json,4.240000000000002
934,2026-04-28 02:00:00+00:00,2026-04-17 04:00:00+00:00,2026-04-28 02:51:00+00:00,11,61.81,57.0,gfs_20260416T1800Z.json,4.810000000000002
935,2026-04-28 03:00:00+00:00,2026-04-17 04:00:00+00:00,2026-04-28 03:51:00+00:00,11,60.75,56.0,gfs_20260416T1800Z.json,4.75
936,2026-04-28 04:00:00+00:00,2026-04-17 04:00:00+00:00,2026-04-28 04:51:00+00:00,12,60.09,55.0,gfs_20260416T1800Z.json,5.090000000000003
937,2026-04-28 05:00:00+00:00,2026-04-17 04:00:00+00:00,2026-04-28 05:51:00+00:00,12,58.895,53.0,gfs_20260416T1800Z.json,5.895000000000003
938,2026-04-28 06:00:00+00:00,2026-04-17 04:00:00+00:00,2026-04-28 06:51:00+00:00,12,56.235,51.0,gfs_20260416T1800Z.json,5.234999999999999
939,2026-04-28 07:00:00+00:00,2026-04-17 04:00:00+00:00,2026-04-28 07:51:00+00:00,12,52.91,50.0,gfs_20260416T1800Z.json,2.9099999999999966
940,2026-04-28 08:00:00+00:00,2026-04-17 04:00:00+00:00,2026-04-28 08:51:00+00:00,12,50.699999999999996,49.0,gfs_20260416T1800Z.json,1.6999999999999957
941,2026-04-28 09:00:00+00:00,2026-04-17 04:00:00+00:00,2026-04-28 09:51:00+00:00,12,50.655,46.0,gfs_20260416T1800Z.json,4.655000000000001
942,2026-04-28 10:00:00+00:00,2026-04-17 04:00:00+00:00,2026-04-28 10:51:00+00:00,12,52.144999999999996,47.0,gfs_20260416T1800Z.json,5.144999999999996
943,2026-04-28 11:00:00+00:00,2026-04-17 04:00:00+00:00,2026-04-28 11:51:00+00:00,12,55.035,51.0,gfs_20260416T1800Z.json,4.034999999999997
944,2026-04-28 12:00:00+00:00,2026-04-17 04:00:00+00:00,2026-04-28 12:51:00+00:00,12,59.835,53.0,gfs_20260416T1800Z.json,6.835000000000001
945,2026-04-28 13:00:00+00:00,2026-04-17 04:00:00+00:00,2026-04-28 13:51:00+00:00,12,66.04,55.0,gfs_20260416T1800Z.json,11.040000000000006
946,2026-04-28 14:00:00+00:00,2026-04-17 04:00:00+00:00,2026-04-28 14:51:00+00:00,12,71.42,59.0,gfs_20260416T1800Z.json,12.420000000000002
947,2026-04-28 15:00:00+00:00,2026-04-17 04:00:00+00:00,2026-04-28 15:51:00+00:00,12,74.66499999999999,59.0,gfs_20260416T1800Z.json,15.664999999999992
948,2026-04-28 16:00:00+00:00,2026-04-17 04:00:00+00:00,2026-04-28 16:51:00+00:00,12,76.545,65.0,gfs_20260416T1800Z.json,11.545000000000002
949,2026-04-28 17:00:00+00:00,2026-04-17 04:00:00+00:00,2026-04-28 17:51:00+00:00,12,77.82,66.0,gfs_20260416T1800Z.json,11.819999999999993
950,2026-04-28 18:00:00+00:00,2026-04-17 04:00:00+00:00,2026-04-28 18:51:00+00:00,12,78.85,66.0,gfs_20260416T1800Z.json,12.849999999999994
951,2026-04-28 19:00:00+00:00,2026-04-17 04:00:00+00:00,2026-04-28 19:51:00+00:00,12,79.50999999999999,65.0,gfs_20260416T1800Z.json,14.509999999999991
952,2026-04-28 20:00:00+00:00,2026-04-17 04:00:00+00:00,2026-04-28 20:51:00+00:00,12,79.26,66.0,gfs_20260416T1800Z.json,13.260000000000005
953,2026-04-28 21:00:00+00:00,2026-04-17 04:00:00+00:00,2026-04-28 21:51:00+00:00,12,77.67,67.0,gfs_20260416T1800Z.json,10.670000000000002
954,2026-04-28 22:00:00+00:00,2026-04-17 04:00:00+00:00,2026-04-28 22:51:00+00:00,12,75.02,66.0,gfs_20260416T1800Z.json,9.019999999999996
955,2026-04-28 23:00:00+00:00,2026-04-17 04:00:00+00:00,2026-04-28 23:51:00+00:00,12,72.56,65.0,gfs_20260416T1800Z.json,7.560000000000002
956,2026-04-29 00:00:00+00:00,2026-04-17 04:00:00+00:00,2026-04-29 00:51:00+00:00,12,71.01,64.0,gfs_20260416T1800Z.json,7.010000000000005
957,2026-04-29 01:00:00+00:00,2026-04-17 04:00:00+00:00,2026-04-29 01:51:00+00:00,12,69.95,64.0,gfs_20260416T1800Z.json,5.950000000000003
958,2026-04-29 02:00:00+00:00,2026-04-17 04:00:00+00:00,2026-04-29 02:51:00+00:00,12,68.61,61.0,gfs_20260416T1800Z.json,7.609999999999999
959,2026-04-29 03:00:00+00:00,2026-04-17 04:00:00+00:00,2026-04-29 03:51:00+00:00,12,66.445,60.0,gfs_20260416T1800Z.json,6.444999999999993
960,2026-04-29 04:00:00+00:00,2026-04-17 04:00:00+00:00,2026-04-29 04:51:00+00:00,13,63.72,60.0,gfs_20260416T1800Z.json,3.719999999999999
961,2026-04-29 05:00:00+00:00,2026-04-17 04:00:00+00:00,2026-04-29 05:51:00+00:00,13,61.26,58.0,gfs_20260416T1800Z.json,3.259999999999998
962,2026-04-29 06:00:00+00:00,2026-04-17 04:00:00+00:00,2026-04-29 06:51:00+00:00,13,59.114999999999995,56.0,gfs_20260416T1800Z.json,3.114999999999995
963,2026-04-29 07:00:00+00:00,2026-04-17 04:00:00+00:00,2026-04-29 07:51:00+00:00,13,57.355000000000004,57.0,gfs_20260416T1800Z.json,0.355000000000004
964,2026-04-29 08:00:00+00:00,2026-04-17 04:00:00+00:00,2026-04-29 08:51:00+00:00,13,56.335,57.0,gfs_20260416T1800Z.json,-0.6649999999999991
965,2026-04-29 09:00:00+00:00,2026-04-17 04:00:00+00:00,2026-04-29 09:51:00+00:00,13,56.03,58.0,gfs_20260416T1800Z.json,-1.9699999999999989
966,2026-04-29 10:00:00+00:00,2026-04-17 04:00:00+00:00,2026-04-29 10:51:00+00:00,13,56.51,57.0,gfs_20260416T1800Z.json,-0.490000000000002
967,2026-04-29 11:00:00+00:00,2026-04-17 04:00:00+00:00,2026-04-29 11:51:00+00:00,13,58.044999999999995,60.0,gfs_20260416T1800Z.json,-1.9550000000000054
968,2026-04-29 12:00:00+00:00,2026-04-17 04:00:00+00:00,2026-04-29 12:51:00+00:00,13,61.275,63.0,gfs_20260416T1800Z.json,-1.7250000000000014
969,2026-04-29 13:00:00+00:00,2026-04-17 04:00:00+00:00,2026-04-29 13:51:00+00:00,13,65.795,66.0,gfs_20260416T1800Z.json,-0.2049999999999983
970,2026-04-29 14:00:00+00:00,2026-04-17 04:00:00+00:00,2026-04-29 14:51:00+00:00,13,69.985,65.0,gfs_20260416T1800Z.json,4.984999999999999
971,2026-04-29 15:00:00+00:00,2026-04-17 04:00:00+00:00,2026-04-29 15:51:00+00:00,13,73.32,65.0,gfs_20260416T1800Z.json,8.319999999999993
972,2026-04-29 16:00:00+00:00,2026-04-17 04:00:00+00:00,2026-04-29 16:51:00+00:00,13,76.095,67.0,gfs_20260416T1800Z.json,9.094999999999999
973,2026-04-29 17:00:00+00:00,2026-04-17 04:00:00+00:00,2026-04-29 17:51:00+00:00,13,77.86,67.0,gfs_20260416T1800Z.json,10.86
974,2026-04-29 18:00:00+00:00,2026-04-17 04:00:00+00:00,2026-04-29 18:51:00+00:00,13,78.52499999999999,68.0,gfs_20260416T1800Z.json,10.524999999999991
975,2026-04-29 19:00:00+00:00,2026-04-17 04:00:00+00:00,2026-04-29 19:51:00+00:00,13,78.175,70.0,gfs_20260416T1800Z.json,8.174999999999997
976,2026-04-29 20:00:00+00:00,2026-04-17 04:00:00+00:00,2026-04-29 20:51:00+00:00,13,76.91,75.0,gfs_20260416T1800Z.json,1.9099999999999966
977,2026-04-29 21:00:00+00:00,2026-04-17 04:00:00+00:00,2026-04-29 21:51:00+00:00,13,74.405,76.0,gfs_20260416T1800Z.json,-1.5949999999999989
978,2026-04-29 22:00:00+00:00,2026-04-17 04:00:00+00:00,2026-04-29 22:51:00+00:00,13,70.94000000000001,75.0,gfs_20260416T1800Z.json,-4.059999999999988
979,2026-04-29 23:00:00+00:00,2026-04-17 04:00:00+00:00,2026-04-29 23:51:00+00:00,13,68.105,73.0,gfs_20260416T1800Z.json,-4.894999999999996
980,2026-04-30 00:00:00+00:00,2026-04-17 04:00:00+00:00,2026-04-30 00:51:00+00:00,13,67.02000000000001,69.0,gfs_20260416T1800Z.json,-1.9799999999999898
981,2026-04-30 01:00:00+00:00,2026-04-17 04:00:00+00:00,2026-04-30 01:51:00+00:00,13,66.985,68.0,gfs_20260416T1800Z.json,-1.0150000000000006
982,2026-04-30 02:00:00+00:00,2026-04-17 04:00:00+00:00,2026-04-30 02:51:00+00:00,13,66.83,70.0,gfs_20260416T1800Z.json,-3.1700000000000017
983,2026-04-30 03:00:00+00:00,2026-04-17 04:00:00+00:00,2026-04-30 03:51:00+00:00,13,65.865,64.0,gfs_20260416T1800Z.json,1.8649999999999949
984,2026-04-30 04:00:00+00:00,2026-04-17 04:00:00+00:00,2026-04-30 04:51:00+00:00,14,64.51,63.0,gfs_20260416T1800Z.json,1.5100000000000051
985,2026-04-30 05:00:00+00:00,2026-04-17 04:00:00+00:00,2026-04-30 05:51:00+00:00,14,63.195,61.0,gfs_20260416T1800Z.json,2.1950000000000003
986,2026-04-30 06:00:00+00:00,2026-04-17 04:00:00+00:00,2026-04-30 06:51:00+00:00,14,62.065,60.0,gfs_20260416T1800Z.json,2.0649999999999977
987,2026-04-30 07:00:00+00:00,2026-04-17 04:00:00+00:00,2026-04-30 07:51:00+00:00,14,60.964999999999996,60.0,gfs_20260416T1800Z.json,0.9649999999999963
988,2026-04-30 08:00:00+00:00,2026-04-17 04:00:00+00:00,2026-04-30 08:51:00+00:00,14,60.12,60.0,gfs_20260416T1800Z.json,0.11999999999999744
989,2026-04-30 09:00:00+00:00,2026-04-17 04:00:00+00:00,2026-04-30 09:51:00+00:00,14,59.15,58.0,gfs_20260416T1800Z.json,1.1499999999999986
990,2026-04-30 10:00:00+00:00,2026-04-17 04:00:00+00:00,2026-04-30 10:51:00+00:00,14,58.32,57.0,gfs_20260416T1800Z.json,1.3200000000000003
991,2026-04-30 11:00:00+00:00,2026-04-17 04:00:00+00:00,2026-04-30 11:51:00+00:00,14,58.455,57.0,gfs_20260416T1800Z.json,1.4549999999999983
992,2026-04-30 12:00:00+00:00,2026-04-17 04:00:00+00:00,2026-04-30 12:51:00+00:00,14,60.285000000000004,58.0,gfs_20260416T1800Z.json,2.2850000000000037
993,2026-04-30 13:00:00+00:00,2026-04-17 04:00:00+00:00,2026-04-30 13:51:00+00:00,14,63.235,60.0,gfs_20260416T1800Z.json,3.2349999999999994
994,2026-04-30 14:00:00+00:00,2026-04-17 04:00:00+00:00,2026-04-30 14:51:00+00:00,14,66.16499999999999,62.0,gfs_20260416T1800Z.json,4.164999999999992
995,2026-04-30 15:00:00+00:00,2026-04-17 04:00:00+00:00,2026-04-30 15:51:00+00:00,14,68.895,63.0,gfs_20260416T1800Z.json,5.894999999999996
996,2026-04-30 16:00:00+00:00,2026-04-17 04:00:00+00:00,2026-04-30 16:51:00+00:00,14,71.425,66.0,gfs_20260416T1800Z.json,5.424999999999997
997,2026-04-30 17:00:00+00:00,2026-04-17 04:00:00+00:00,2026-04-30 17:51:00+00:00,14,73.245,69.0,gfs_20260416T1800Z.json,4.2450000000000045
998,2026-04-30 18:00:00+00:00,2026-04-17 04:00:00+00:00,2026-04-30 18:51:00+00:00,14,74.00999999999999,70.0,gfs_20260416T1800Z.json,4.009999999999991
999,2026-04-30 19:00:00+00:00,2026-04-17 04:00:00+00:00,2026-04-30 19:51:00+00:00,14,73.93,70.0,gfs_20260416T1800Z.json,3.930000000000007
1000,2026-04-30 20:00:00+00:00,2026-04-17 04:00:00+00:00,2026-04-30 20:51:00+00:00,14,73.22,71.0,gfs_20260416T1800Z.json,2.219999999999999
1001,2026-04-30 21:00:00+00:00,2026-04-17 04:00:00+00:00,2026-04-30 21:51:00+00:00,14,71.99499999999999,73.0,gfs_20260416T1800Z.json,-1.0050000000000097
1002,2026-04-30 22:00:00+00:00,2026-04-17 04:00:00+00:00,2026-04-30 22:51:00+00:00,14,70.185,72.0,gfs_20260416T1800Z.json,-1.8149999999999977
1003,2026-04-30 23:00:00+00:00,2026-04-17 04:00:00+00:00,2026-04-30 23:51:00+00:00,14,68.03,67.0,gfs_20260416T1800Z.json,1.0300000000000011
1004,2026-05-01 00:00:00+00:00,2026-04-17 04:00:00+00:00,2026-05-01 00:51:00+00:00,14,65.15,63.0,gfs_20260416T1800Z.json,2.1500000000000057
1005,2026-05-01 01:00:00+00:00,2026-04-17 04:00:00+00:00,2026-05-01 01:51:00+00:00,14,61.894999999999996,61.0,gfs_20260416T1800Z.json,0.894999999999996
1006,2026-05-01 02:00:00+00:00,2026-04-17 04:00:00+00:00,2026-05-01 02:51:00+00:00,14,59.105000000000004,59.0,gfs_20260416T1800Z.json,0.10500000000000398
1007,2026-05-01 03:00:00+00:00,2026-04-17 04:00:00+00:00,2026-05-01 03:51:00+00:00,14,57.425000000000004,57.0,gfs_20260416T1800Z.json,0.42500000000000426
1008,2026-04-24 04:00:00+00:00,2026-04-24 04:00:00+00:00,2026-04-24 04:51:00+00:00,1,65.675,65.0,gfs_20260423T1800Z.json,0.6749999999999972
1009,2026-04-24 05:00:00+00:00,2026-04-24 04:00:00+00:00,2026-04-24 05:51:00+00:00,1,65.935,63.0,gfs_20260423T1800Z.json,2.9350000000000023
1010,2026-04-24 06:00:00+00:00,2026-04-24 04:00:00+00:00,2026-04-24 06:51:00+00:00,1,64.82499999999999,64.0,gfs_20260423T1800Z.json,0.8249999999999886
1011,2026-04-24 07:00:00+00:00,2026-04-24 04:00:00+00:00,2026-04-24 07:51:00+00:00,1,63.835,62.0,gfs_20260423T1800Z.json,1.8350000000000009
1012,2026-04-24 08:00:00+00:00,2026-04-24 04:00:00+00:00,2026-04-24 08:51:00+00:00,1,60.64,60.0,gfs_20260423T1800Z.json,0.6400000000000006
1013,2026-04-24 09:00:00+00:00,2026-04-24 04:00:00+00:00,2026-04-24 09:51:00+00:00,1,59.25,59.0,gfs_20260423T1800Z.json,0.25
1014,2026-04-24 10:00:00+00:00,2026-04-24 04:00:00+00:00,2026-04-24 10:51:00+00:00,1,58.760000000000005,58.0,gfs_20260423T1800Z.json,0.7600000000000051
1015,2026-04-24 11:00:00+00:00,2026-04-24 04:00:00+00:00,2026-04-24 11:51:00+00:00,1,62.525000000000006,62.0,gfs_20260423T1800Z.json,0.5250000000000057
1016,2026-04-24 12:00:00+00:00,2026-04-24 04:00:00+00:00,2026-04-24 12:51:00+00:00,1,67.96,68.0,gfs_20260423T1800Z.json,-0.04000000000000625
1017,2026-04-24 13:00:00+00:00,2026-04-24 04:00:00+00:00,2026-04-24 13:51:00+00:00,1,73.56,72.0,gfs_20260423T1800Z.json,1.5600000000000023
1018,2026-04-24 14:00:00+00:00,2026-04-24 04:00:00+00:00,2026-04-24 14:51:00+00:00,1,78.99,78.0,gfs_20260423T1800Z.json,0.9899999999999949
1019,2026-04-24 15:00:00+00:00,2026-04-24 04:00:00+00:00,2026-04-24 15:51:00+00:00,1,83.115,84.0,gfs_20260423T1800Z.json,-0.8850000000000051
1020,2026-04-24 16:00:00+00:00,2026-04-24 04:00:00+00:00,2026-04-24 16:51:00+00:00,1,85.74,85.0,gfs_20260423T1800Z.json,0.7399999999999949
1021,2026-04-24 17:00:00+00:00,2026-04-24 04:00:00+00:00,2026-04-24 17:51:00+00:00,1,86.865,89.0,gfs_20260423T1800Z.json,-2.135000000000005
1022,2026-04-24 18:00:00+00:00,2026-04-24 04:00:00+00:00,2026-04-24 18:51:00+00:00,1,87.765,89.0,gfs_20260423T1800Z.json,-1.2349999999999994
1023,2026-04-24 19:00:00+00:00,2026-04-24 04:00:00+00:00,2026-04-24 19:51:00+00:00,1,85.86,89.0,gfs_20260423T1800Z.json,-3.1400000000000006
1024,2026-04-24 20:00:00+00:00,2026-04-24 04:00:00+00:00,2026-04-24 20:51:00+00:00,1,86.265,88.0,gfs_20260423T1800Z.json,-1.7349999999999994
1025,2026-04-24 21:00:00+00:00,2026-04-24 04:00:00+00:00,2026-04-24 21:51:00+00:00,1,85.38000000000001,86.0,gfs_20260423T1800Z.json,-0.6199999999999903
1026,2026-04-24 22:00:00+00:00,2026-04-24 04:00:00+00:00,2026-04-24 22:51:00+00:00,1,81.205,83.0,gfs_20260423T1800Z.json,-1.7950000000000017
1027,2026-04-24 23:00:00+00:00,2026-04-24 04:00:00+00:00,2026-04-24 23:51:00+00:00,1,74.80499999999999,79.0,gfs_20260423T1800Z.json,-4.195000000000007
1028,2026-04-25 00:00:00+00:00,2026-04-24 04:00:00+00:00,2026-04-25 00:51:00+00:00,1,69.72,75.0,gfs_20260423T1800Z.json,-5.280000000000001
1029,2026-04-25 01:00:00+00:00,2026-04-24 04:00:00+00:00,2026-04-25 01:51:00+00:00,1,67.725,73.0,gfs_20260423T1800Z.json,-5.275000000000006
1030,2026-04-25 02:00:00+00:00,2026-04-24 04:00:00+00:00,2026-04-25 02:51:00+00:00,1,69.625,70.0,gfs_20260423T1800Z.json,-0.375
1031,2026-04-25 03:00:00+00:00,2026-04-24 04:00:00+00:00,2026-04-25 03:51:00+00:00,1,70.0,68.0,gfs_20260423T1800Z.json,2.0
1032,2026-04-25 04:00:00+00:00,2026-04-24 04:00:00+00:00,2026-04-25 04:51:00+00:00,2,66.685,68.0,gfs_20260423T1800Z.json,-1.3149999999999977
1033,2026-04-25 05:00:00+00:00,2026-04-24 04:00:00+00:00,2026-04-25 05:51:00+00:00,2,64.06,66.0,gfs_20260423T1800Z.json,-1.9399999999999977
1034,2026-04-25 06:00:00+00:00,2026-04-24 04:00:00+00:00,2026-04-25 06:51:00+00:00,2,61.915,63.0,gfs_20260423T1800Z.json,-1.0850000000000009
1035,2026-04-25 07:00:00+00:00,2026-04-24 04:00:00+00:00,2026-04-25 07:51:00+00:00,2,61.005,63.0,gfs_20260423T1800Z.json,-1.9949999999999974
1036,2026-04-25 08:00:00+00:00,2026-04-24 04:00:00+00:00,2026-04-25 08:51:00+00:00,2,60.135,62.0,gfs_20260423T1800Z.json,-1.865000000000002
1037,2026-04-25 09:00:00+00:00,2026-04-24 04:00:00+00:00,2026-04-25 09:51:00+00:00,2,58.895,62.0,gfs_20260423T1800Z.json,-3.104999999999997
1038,2026-04-25 10:00:00+00:00,2026-04-24 04:00:00+00:00,2026-04-25 10:51:00+00:00,2,58.7,61.0,gfs_20260423T1800Z.json,-2.299999999999997
1039,2026-04-25 11:00:00+00:00,2026-04-24 04:00:00+00:00,2026-04-25 11:51:00+00:00,2,63.29,64.0,gfs_20260423T1800Z.json,-0.7100000000000009
1040,2026-04-25 12:00:00+00:00,2026-04-24 04:00:00+00:00,2026-04-25 12:51:00+00:00,2,69.455,69.0,gfs_20260423T1800Z.json,0.4549999999999983
1041,2026-04-25 13:00:00+00:00,2026-04-24 04:00:00+00:00,2026-04-25 13:51:00+00:00,2,74.055,73.0,gfs_20260423T1800Z.json,1.0550000000000068
1042,2026-04-25 14:00:00+00:00,2026-04-24 04:00:00+00:00,2026-04-25 14:51:00+00:00,2,79.035,78.0,gfs_20260423T1800Z.json,1.0349999999999966
1043,2026-04-25 15:00:00+00:00,2026-04-24 04:00:00+00:00,2026-04-25 15:51:00+00:00,2,82.945,83.0,gfs_20260423T1800Z.json,-0.05500000000000682
1044,2026-04-25 16:00:00+00:00,2026-04-24 04:00:00+00:00,2026-04-25 16:51:00+00:00,2,85.54,86.0,gfs_20260423T1800Z.json,-0.45999999999999375
1045,2026-04-25 17:00:00+00:00,2026-04-24 04:00:00+00:00,2026-04-25 17:51:00+00:00,2,87.26,87.0,gfs_20260423T1800Z.json,0.2600000000000051
1046,2026-04-25 18:00:00+00:00,2026-04-24 04:00:00+00:00,2026-04-25 18:51:00+00:00,2,87.5,89.0,gfs_20260423T1800Z.json,-1.5
1047,2026-04-25 19:00:00+00:00,2026-04-24 04:00:00+00:00,2026-04-25 19:51:00+00:00,2,83.25,89.0,gfs_20260423T1800Z.json,-5.75
1048,2026-04-25 20:00:00+00:00,2026-04-24 04:00:00+00:00,2026-04-25 20:51:00+00:00,2,82.925,89.0,gfs_20260423T1800Z.json,-6.075000000000003
1049,2026-04-25 21:00:00+00:00,2026-04-24 04:00:00+00:00,2026-04-25 21:51:00+00:00,2,83.765,85.0,gfs_20260423T1800Z.json,-1.2349999999999994
1050,2026-04-25 22:00:00+00:00,2026-04-24 04:00:00+00:00,2026-04-25 22:51:00+00:00,2,72.0,69.0,gfs_20260423T1800Z.json,3.0
1051,2026-04-25 23:00:00+00:00,2026-04-24 04:00:00+00:00,2026-04-25 23:51:00+00:00,2,65.735,66.0,gfs_20260423T1800Z.json,-0.26500000000000057
1052,2026-04-26 00:00:00+00:00,2026-04-24 04:00:00+00:00,2026-04-26 00:51:00+00:00,2,63.3,65.0,gfs_20260423T1800Z.json,-1.7000000000000028
1053,2026-04-26 01:00:00+00:00,2026-04-24 04:00:00+00:00,2026-04-26 01:51:00+00:00,2,62.065,64.0,gfs_20260423T1800Z.json,-1.9350000000000023
1054,2026-04-26 02:00:00+00:00,2026-04-24 04:00:00+00:00,2026-04-26 02:51:00+00:00,2,60.88,64.0,gfs_20260423T1800Z.json,-3.1199999999999974
1055,2026-04-26 03:00:00+00:00,2026-04-24 04:00:00+00:00,2026-04-26 03:51:00+00:00,2,60.105000000000004,64.0,gfs_20260423T1800Z.json,-3.894999999999996
1056,2026-04-26 04:00:00+00:00,2026-04-24 04:00:00+00:00,2026-04-26 04:51:00+00:00,3,60.0,63.0,gfs_20260423T1800Z.json,-3.0
1057,2026-04-26 05:00:00+00:00,2026-04-24 04:00:00+00:00,2026-04-26 05:51:00+00:00,3,60.595,63.0,gfs_20260423T1800Z.json,-2.405000000000001
1058,2026-04-26 06:00:00+00:00,2026-04-24 04:00:00+00:00,2026-04-26 06:51:00+00:00,3,60.53,63.0,gfs_20260423T1800Z.json,-2.469999999999999
1059,2026-04-26 07:00:00+00:00,2026-04-24 04:00:00+00:00,2026-04-26 07:51:00+00:00,3,60.075,63.0,gfs_20260423T1800Z.json,-2.924999999999997
1060,2026-04-26 08:00:00+00:00,2026-04-24 04:00:00+00:00,2026-04-26 08:51:00+00:00,3,59.83,63.0,gfs_20260423T1800Z.json,-3.1700000000000017
1061,2026-04-26 09:00:00+00:00,2026-04-24 04:00:00+00:00,2026-04-26 09:51:00+00:00,3,59.29,63.0,gfs_20260423T1800Z.json,-3.710000000000001
1062,2026-04-26 10:00:00+00:00,2026-04-24 04:00:00+00:00,2026-04-26 10:51:00+00:00,3,58.945,63.0,gfs_20260423T1800Z.json,-4.055
1063,2026-04-26 11:00:00+00:00,2026-04-24 04:00:00+00:00,2026-04-26 11:51:00+00:00,3,59.495,63.0,gfs_20260423T1800Z.json,-3.5050000000000026
1064,2026-04-26 12:00:00+00:00,2026-04-24 04:00:00+00:00,2026-04-26 12:51:00+00:00,3,59.260000000000005,59.0,gfs_20260423T1800Z.json,0.2600000000000051
1065,2026-04-26 13:00:00+00:00,2026-04-24 04:00:00+00:00,2026-04-26 13:51:00+00:00,3,55.715,58.0,gfs_20260423T1800Z.json,-2.2849999999999966
1066,2026-04-26 14:00:00+00:00,2026-04-24 04:00:00+00:00,2026-04-26 14:51:00+00:00,3,56.205,59.0,gfs_20260423T1800Z.json,-2.7950000000000017
1067,2026-04-26 15:00:00+00:00,2026-04-24 04:00:00+00:00,2026-04-26 15:51:00+00:00,3,58.015,59.0,gfs_20260423T1800Z.json,-0.9849999999999994
1068,2026-04-26 16:00:00+00:00,2026-04-24 04:00:00+00:00,2026-04-26 16:51:00+00:00,3,60.34,59.0,gfs_20260423T1800Z.json,1.3400000000000034
1069,2026-04-26 17:00:00+00:00,2026-04-24 04:00:00+00:00,2026-04-26 17:51:00+00:00,3,62.23,60.0,gfs_20260423T1800Z.json,2.229999999999997
1070,2026-04-26 18:00:00+00:00,2026-04-24 04:00:00+00:00,2026-04-26 18:51:00+00:00,3,64.03,62.0,gfs_20260423T1800Z.json,2.030000000000001
1071,2026-04-26 19:00:00+00:00,2026-04-24 04:00:00+00:00,2026-04-26 19:51:00+00:00,3,63.79,63.0,gfs_20260423T1800Z.json,0.7899999999999991
1072,2026-04-26 20:00:00+00:00,2026-04-24 04:00:00+00:00,2026-04-26 20:51:00+00:00,3,62.34,64.0,gfs_20260423T1800Z.json,-1.6599999999999966
1073,2026-04-26 21:00:00+00:00,2026-04-24 04:00:00+00:00,2026-04-26 21:51:00+00:00,3,61.08,63.0,gfs_20260423T1800Z.json,-1.9200000000000017
1074,2026-04-26 22:00:00+00:00,2026-04-24 04:00:00+00:00,2026-04-26 22:51:00+00:00,3,58.435,59.0,gfs_20260423T1800Z.json,-0.5649999999999977
1075,2026-04-26 23:00:00+00:00,2026-04-24 04:00:00+00:00,2026-04-26 23:51:00+00:00,3,56.470000000000006,57.0,gfs_20260423T1800Z.json,-0.529999999999994
1076,2026-04-27 00:00:00+00:00,2026-04-24 04:00:00+00:00,2026-04-27 00:51:00+00:00,3,55.86,55.0,gfs_20260423T1800Z.json,0.8599999999999994
1077,2026-04-27 01:00:00+00:00,2026-04-24 04:00:00+00:00,2026-04-27 01:51:00+00:00,3,55.63,54.0,gfs_20260423T1800Z.json,1.6300000000000026
1078,2026-04-27 02:00:00+00:00,2026-04-24 04:00:00+00:00,2026-04-27 02:51:00+00:00,3,55.345,53.0,gfs_20260423T1800Z.json,2.344999999999999
1079,2026-04-27 03:00:00+00:00,2026-04-24 04:00:00+00:00,2026-04-27 03:51:00+00:00,3,54.79,53.0,gfs_20260423T1800Z.json,1.7899999999999991
1080,2026-04-27 04:00:00+00:00,2026-04-24 04:00:00+00:00,2026-04-27 04:51:00+00:00,4,53.85,53.0,gfs_20260423T1800Z.json,0.8500000000000014
1081,2026-04-27 05:00:00+00:00,2026-04-24 04:00:00+00:00,2026-04-27 05:51:00+00:00,4,52.255,52.0,gfs_20260423T1800Z.json,0.25500000000000256
1082,2026-04-27 06:00:00+00:00,2026-04-24 04:00:00+00:00,2026-04-27 06:51:00+00:00,4,48.94,52.0,gfs_20260423T1800Z.json,-3.0600000000000023
1083,2026-04-27 07:00:00+00:00,2026-04-24 04:00:00+00:00,2026-04-27 07:51:00+00:00,4,47.21,51.0,gfs_20260423T1800Z.json,-3.789999999999999
1084,2026-04-27 08:00:00+00:00,2026-04-24 04:00:00+00:00,2026-04-27 08:51:00+00:00,4,46.575,51.0,gfs_20260423T1800Z.json,-4.424999999999997
1085,2026-04-27 09:00:00+00:00,2026-04-24 04:00:00+00:00,2026-04-27 09:51:00+00:00,4,45.82,51.0,gfs_20260423T1800Z.json,-5.18
1086,2026-04-27 10:00:00+00:00,2026-04-24 04:00:00+00:00,2026-04-27 10:51:00+00:00,4,45.615,51.0,gfs_20260423T1800Z.json,-5.384999999999998
1087,2026-04-27 11:00:00+00:00,2026-04-24 04:00:00+00:00,2026-04-27 11:51:00+00:00,4,47.894999999999996,51.0,gfs_20260423T1800Z.json,-3.105000000000004
1088,2026-04-27 12:00:00+00:00,2026-04-24 04:00:00+00:00,2026-04-27 12:51:00+00:00,4,50.849999999999994,54.0,gfs_20260423T1800Z.json,-3.1500000000000057
1089,2026-04-27 13:00:00+00:00,2026-04-24 04:00:00+00:00,2026-04-27 13:51:00+00:00,4,54.699999999999996,54.0,gfs_20260423T1800Z.json,0.6999999999999957
1090,2026-04-27 14:00:00+00:00,2026-04-24 04:00:00+00:00,2026-04-27 14:51:00+00:00,4,58.615,57.0,gfs_20260423T1800Z.json,1.615000000000002
1091,2026-04-27 15:00:00+00:00,2026-04-24 04:00:00+00:00,2026-04-27 15:51:00+00:00,4,61.41,61.0,gfs_20260423T1800Z.json,0.4099999999999966
1092,2026-04-27 16:00:00+00:00,2026-04-24 04:00:00+00:00,2026-04-27 16:51:00+00:00,4,64.52,66.0,gfs_20260423T1800Z.json,-1.480000000000004
1093,2026-04-27 17:00:00+00:00,2026-04-24 04:00:00+00:00,2026-04-27 17:51:00+00:00,4,67.63499999999999,66.0,gfs_20260423T1800Z.json,1.634999999999991
1094,2026-04-27 18:00:00+00:00,2026-04-24 04:00:00+00:00,2026-04-27 18:51:00+00:00,4,69.46000000000001,68.0,gfs_20260423T1800Z.json,1.460000000000008
1095,2026-04-27 19:00:00+00:00,2026-04-24 04:00:00+00:00,2026-04-27 19:51:00+00:00,4,69.955,70.0,gfs_20260423T1800Z.json,-0.045000000000001705
1096,2026-04-27 20:00:00+00:00,2026-04-24 04:00:00+00:00,2026-04-27 20:51:00+00:00,4,69.575,70.0,gfs_20260423T1800Z.json,-0.42499999999999716
1097,2026-04-27 21:00:00+00:00,2026-04-24 04:00:00+00:00,2026-04-27 21:51:00+00:00,4,67.97,69.0,gfs_20260423T1800Z.json,-1.0300000000000011
1098,2026-04-27 22:00:00+00:00,2026-04-24 04:00:00+00:00,2026-04-27 22:51:00+00:00,4,65.405,67.0,gfs_20260423T1800Z.json,-1.5949999999999989
1099,2026-04-27 23:00:00+00:00,2026-04-24 04:00:00+00:00,2026-04-27 23:51:00+00:00,4,61.004999999999995,63.0,gfs_20260423T1800Z.json,-1.9950000000000045
1100,2026-04-28 00:00:00+00:00,2026-04-24 04:00:00+00:00,2026-04-28 00:51:00+00:00,4,58.515,60.0,gfs_20260423T1800Z.json,-1.4849999999999994
1101,2026-04-28 01:00:00+00:00,2026-04-24 04:00:00+00:00,2026-04-28 01:51:00+00:00,4,57.095,59.0,gfs_20260423T1800Z.json,-1.9050000000000011
1102,2026-04-28 02:00:00+00:00,2026-04-24 04:00:00+00:00,2026-04-28 02:51:00+00:00,4,55.370000000000005,57.0,gfs_20260423T1800Z.json,-1.6299999999999955
1103,2026-04-28 03:00:00+00:00,2026-04-24 04:00:00+00:00,2026-04-28 03:51:00+00:00,4,52.975,56.0,gfs_20260423T1800Z.json,-3.0249999999999986
1104,2026-04-28 04:00:00+00:00,2026-04-24 04:00:00+00:00,2026-04-28 04:51:00+00:00,5,50.9,55.0,gfs_20260423T1800Z.json,-4.100000000000001
1105,2026-04-28 05:00:00+00:00,2026-04-24 04:00:00+00:00,2026-04-28 05:51:00+00:00,5,49.24,53.0,gfs_20260423T1800Z.json,-3.759999999999998
1106,2026-04-28 06:00:00+00:00,2026-04-24 04:00:00+00:00,2026-04-28 06:51:00+00:00,5,47.895,51.0,gfs_20260423T1800Z.json,-3.104999999999997
1107,2026-04-28 07:00:00+00:00,2026-04-24 04:00:00+00:00,2026-04-28 07:51:00+00:00,5,47.53,50.0,gfs_20260423T1800Z.json,-2.469999999999999
1108,2026-04-28 08:00:00+00:00,2026-04-24 04:00:00+00:00,2026-04-28 08:51:00+00:00,5,47.67,49.0,gfs_20260423T1800Z.json,-1.3299999999999983
1109,2026-04-28 09:00:00+00:00,2026-04-24 04:00:00+00:00,2026-04-28 09:51:00+00:00,5,47.7,46.0,gfs_20260423T1800Z.json,1.7000000000000028
1110,2026-04-28 10:00:00+00:00,2026-04-24 04:00:00+00:00,2026-04-28 10:51:00+00:00,5,48.465,47.0,gfs_20260423T1800Z.json,1.4650000000000034
1111,2026-04-28 11:00:00+00:00,2026-04-24 04:00:00+00:00,2026-04-28 11:51:00+00:00,5,51.83,51.0,gfs_20260423T1800Z.json,0.8299999999999983
1112,2026-04-28 12:00:00+00:00,2026-04-24 04:00:00+00:00,2026-04-28 12:51:00+00:00,5,56.65,53.0,gfs_20260423T1800Z.json,3.6499999999999986
1113,2026-04-28 13:00:00+00:00,2026-04-24 04:00:00+00:00,2026-04-28 13:51:00+00:00,5,60.63,55.0,gfs_20260423T1800Z.json,5.630000000000003
1114,2026-04-28 14:00:00+00:00,2026-04-24 04:00:00+00:00,2026-04-28 14:51:00+00:00,5,65.025,59.0,gfs_20260423T1800Z.json,6.025000000000006
1115,2026-04-28 15:00:00+00:00,2026-04-24 04:00:00+00:00,2026-04-28 15:51:00+00:00,5,67.74,59.0,gfs_20260423T1800Z.json,8.739999999999995
1116,2026-04-28 16:00:00+00:00,2026-04-24 04:00:00+00:00,2026-04-28 16:51:00+00:00,5,68.94999999999999,65.0,gfs_20260423T1800Z.json,3.9499999999999886
1117,2026-04-28 17:00:00+00:00,2026-04-24 04:00:00+00:00,2026-04-28 17:51:00+00:00,5,71.395,66.0,gfs_20260423T1800Z.json,5.394999999999996
1118,2026-04-28 18:00:00+00:00,2026-04-24 04:00:00+00:00,2026-04-28 18:51:00+00:00,5,72.395,66.0,gfs_20260423T1800Z.json,6.394999999999996
1119,2026-04-28 19:00:00+00:00,2026-04-24 04:00:00+00:00,2026-04-28 19:51:00+00:00,5,72.5,65.0,gfs_20260423T1800Z.json,7.5
1120,2026-04-28 20:00:00+00:00,2026-04-24 04:00:00+00:00,2026-04-28 20:51:00+00:00,5,71.905,66.0,gfs_20260423T1800Z.json,5.905000000000001
1121,2026-04-28 21:00:00+00:00,2026-04-24 04:00:00+00:00,2026-04-28 21:51:00+00:00,5,70.35499999999999,67.0,gfs_20260423T1800Z.json,3.3549999999999898
1122,2026-04-28 22:00:00+00:00,2026-04-24 04:00:00+00:00,2026-04-28 22:51:00+00:00,5,67.975,66.0,gfs_20260423T1800Z.json,1.9749999999999943
1123,2026-04-28 23:00:00+00:00,2026-04-24 04:00:00+00:00,2026-04-28 23:51:00+00:00,5,65.815,65.0,gfs_20260423T1800Z.json,0.8149999999999977
1124,2026-04-29 00:00:00+00:00,2026-04-24 04:00:00+00:00,2026-04-29 00:51:00+00:00,5,64.31,64.0,gfs_20260423T1800Z.json,0.3100000000000023
1125,2026-04-29 01:00:00+00:00,2026-04-24 04:00:00+00:00,2026-04-29 01:51:00+00:00,5,63.165,64.0,gfs_20260423T1800Z.json,-0.8350000000000009
1126,2026-04-29 02:00:00+00:00,2026-04-24 04:00:00+00:00,2026-04-29 02:51:00+00:00,5,62.405,61.0,gfs_20260423T1800Z.json,1.4050000000000011
1127,2026-04-29 03:00:00+00:00,2026-04-24 04:00:00+00:00,2026-04-29 03:51:00+00:00,5,62.13,60.0,gfs_20260423T1800Z.json,2.1300000000000026
1128,2026-04-29 04:00:00+00:00,2026-04-24 04:00:00+00:00,2026-04-29 04:51:00+00:00,6,62.1,60.0,gfs_20260423T1800Z.json,2.1000000000000014
1129,2026-04-29 05:00:00+00:00,2026-04-24 04:00:00+00:00,2026-04-29 05:51:00+00:00,6,61.93,58.0,gfs_20260423T1800Z.json,3.9299999999999997
1130,2026-04-29 06:00:00+00:00,2026-04-24 04:00:00+00:00,2026-04-29 06:51:00+00:00,6,61.05,56.0,gfs_20260423T1800Z.json,5.049999999999997
1131,2026-04-29 07:00:00+00:00,2026-04-24 04:00:00+00:00,2026-04-29 07:51:00+00:00,6,59.71,57.0,gfs_20260423T1800Z.json,2.710000000000001
1132,2026-04-29 08:00:00+00:00,2026-04-24 04:00:00+00:00,2026-04-29 08:51:00+00:00,6,58.99,57.0,gfs_20260423T1800Z.json,1.990000000000002
1133,2026-04-29 09:00:00+00:00,2026-04-24 04:00:00+00:00,2026-04-29 09:51:00+00:00,6,59.324999999999996,58.0,gfs_20260423T1800Z.json,1.3249999999999957
1134,2026-04-29 10:00:00+00:00,2026-04-24 04:00:00+00:00,2026-04-29 10:51:00+00:00,6,60.42,57.0,gfs_20260423T1800Z.json,3.4200000000000017
1135,2026-04-29 11:00:00+00:00,2026-04-24 04:00:00+00:00,2026-04-29 11:51:00+00:00,6,61.875,60.0,gfs_20260423T1800Z.json,1.875
1136,2026-04-29 12:00:00+00:00,2026-04-24 04:00:00+00:00,2026-04-29 12:51:00+00:00,6,63.544999999999995,63.0,gfs_20260423T1800Z.json,0.5449999999999946
1137,2026-04-29 13:00:00+00:00,2026-04-24 04:00:00+00:00,2026-04-29 13:51:00+00:00,6,65.415,66.0,gfs_20260423T1800Z.json,-0.5849999999999937
1138,2026-04-29 14:00:00+00:00,2026-04-24 04:00:00+00:00,2026-04-29 14:51:00+00:00,6,67.23,65.0,gfs_20260423T1800Z.json,2.230000000000004
1139,2026-04-29 15:00:00+00:00,2026-04-24 04:00:00+00:00,2026-04-29 15:51:00+00:00,6,69.37,65.0,gfs_20260423T1800Z.json,4.3700000000000045
1140,2026-04-29 16:00:00+00:00,2026-04-24 04:00:00+00:00,2026-04-29 16:51:00+00:00,6,71.485,67.0,gfs_20260423T1800Z.json,4.484999999999999
1141,2026-04-29 17:00:00+00:00,2026-04-24 04:00:00+00:00,2026-04-29 17:51:00+00:00,6,72.47999999999999,67.0,gfs_20260423T1800Z.json,5.47999999999999
1142,2026-04-29 18:00:00+00:00,2026-04-24 04:00:00+00:00,2026-04-29 18:51:00+00:00,6,71.155,68.0,gfs_20260423T1800Z.json,3.155000000000001
1143,2026-04-29 19:00:00+00:00,2026-04-24 04:00:00+00:00,2026-04-29 19:51:00+00:00,6,68.35000000000001,70.0,gfs_20260423T1800Z.json,-1.6499999999999915
1144,2026-04-29 20:00:00+00:00,2026-04-24 04:00:00+00:00,2026-04-29 20:51:00+00:00,6,65.775,75.0,gfs_20260423T1800Z.json,-9.224999999999994
1145,2026-04-29 21:00:00+00:00,2026-04-24 04:00:00+00:00,2026-04-29 21:51:00+00:00,6,64.21000000000001,76.0,gfs_20260423T1800Z.json,-11.789999999999992
1146,2026-04-29 22:00:00+00:00,2026-04-24 04:00:00+00:00,2026-04-29 22:51:00+00:00,6,63.235,75.0,gfs_20260423T1800Z.json,-11.765
1147,2026-04-29 23:00:00+00:00,2026-04-24 04:00:00+00:00,2026-04-29 23:51:00+00:00,6,62.419999999999995,73.0,gfs_20260423T1800Z.json,-10.580000000000005
1148,2026-04-30 00:00:00+00:00,2026-04-24 04:00:00+00:00,2026-04-30 00:51:00+00:00,6,61.62,69.0,gfs_20260423T1800Z.json,-7.380000000000003
1149,2026-04-30 01:00:00+00:00,2026-04-24 04:00:00+00:00,2026-04-30 01:51:00+00:00,6,60.905,68.0,gfs_20260423T1800Z.json,-7.094999999999999
1150,2026-04-30 02:00:00+00:00,2026-04-24 04:00:00+00:00,2026-04-30 02:51:00+00:00,6,60.205,70.0,gfs_20260423T1800Z.json,-9.795000000000002
1151,2026-04-30 03:00:00+00:00,2026-04-24 04:00:00+00:00,2026-04-30 03:51:00+00:00,6,59.59,64.0,gfs_20260423T1800Z.json,-4.409999999999997
1152,2026-04-30 04:00:00+00:00,2026-04-24 04:00:00+00:00,2026-04-30 04:51:00+00:00,7,58.99,63.0,gfs_20260423T1800Z.json,-4.009999999999998
1153,2026-04-30 05:00:00+00:00,2026-04-24 04:00:00+00:00,2026-04-30 05:51:00+00:00,7,58.39,61.0,gfs_20260423T1800Z.json,-2.6099999999999994
1154,2026-04-30 06:00:00+00:00,2026-04-24 04:00:00+00:00,2026-04-30 06:51:00+00:00,7,57.79,60.0,gfs_20260423T1800Z.json,-2.210000000000001
1155,2026-04-30 07:00:00+00:00,2026-04-24 04:00:00+00:00,2026-04-30 07:51:00+00:00,7,57.275000000000006,60.0,gfs_20260423T1800Z.json,-2.7249999999999943
1156,2026-04-30 08:00:00+00:00,2026-04-24 04:00:00+00:00,2026-04-30 08:51:00+00:00,7,57.115,60.0,gfs_20260423T1800Z.json,-2.884999999999998
1157,2026-04-30 09:00:00+00:00,2026-04-24 04:00:00+00:00,2026-04-30 09:51:00+00:00,7,57.269999999999996,58.0,gfs_20260423T1800Z.json,-0.730000000000004
1158,2026-04-30 10:00:00+00:00,2026-04-24 04:00:00+00:00,2026-04-30 10:51:00+00:00,7,57.809999999999995,57.0,gfs_20260423T1800Z.json,0.8099999999999952
1159,2026-04-30 11:00:00+00:00,2026-04-24 04:00:00+00:00,2026-04-30 11:51:00+00:00,7,59.175,57.0,gfs_20260423T1800Z.json,2.174999999999997
1160,2026-04-30 12:00:00+00:00,2026-04-24 04:00:00+00:00,2026-04-30 12:51:00+00:00,7,62.120000000000005,58.0,gfs_20260423T1800Z.json,4.1200000000000045
1161,2026-04-30 13:00:00+00:00,2026-04-24 04:00:00+00:00,2026-04-30 13:51:00+00:00,7,66.08500000000001,60.0,gfs_20260423T1800Z.json,6.085000000000008
1162,2026-04-30 14:00:00+00:00,2026-04-24 04:00:00+00:00,2026-04-30 14:51:00+00:00,7,69.845,62.0,gfs_20260423T1800Z.json,7.844999999999999
1163,2026-04-30 15:00:00+00:00,2026-04-24 04:00:00+00:00,2026-04-30 15:51:00+00:00,7,72.78,63.0,gfs_20260423T1800Z.json,9.780000000000001
1164,2026-04-30 16:00:00+00:00,2026-04-24 04:00:00+00:00,2026-04-30 16:51:00+00:00,7,75.155,66.0,gfs_20260423T1800Z.json,9.155000000000001
1165,2026-04-30 17:00:00+00:00,2026-04-24 04:00:00+00:00,2026-04-30 17:51:00+00:00,7,76.94500000000001,69.0,gfs_20260423T1800Z.json,7.945000000000007
1166,2026-04-30 18:00:00+00:00,2026-04-24 04:00:00+00:00,2026-04-30 18:51:00+00:00,7,78.305,70.0,gfs_20260423T1800Z.json,8.305000000000007
1167,2026-04-30 19:00:00+00:00,2026-04-24 04:00:00+00:00,2026-04-30 19:51:00+00:00,7,79.095,70.0,gfs_20260423T1800Z.json,9.094999999999999
1168,2026-04-30 20:00:00+00:00,2026-04-24 04:00:00+00:00,2026-04-30 20:51:00+00:00,7,78.435,71.0,gfs_20260423T1800Z.json,7.435000000000002
1169,2026-04-30 21:00:00+00:00,2026-04-24 04:00:00+00:00,2026-04-30 21:51:00+00:00,7,75.325,73.0,gfs_20260423T1800Z.json,2.325000000000003
1170,2026-04-30 22:00:00+00:00,2026-04-24 04:00:00+00:00,2026-04-30 22:51:00+00:00,7,70.55,72.0,gfs_20260423T1800Z.json,-1.4500000000000028
1171,2026-04-30 23:00:00+00:00,2026-04-24 04:00:00+00:00,2026-04-30 23:51:00+00:00,7,66.315,67.0,gfs_20260423T1800Z.json,-0.6850000000000023
1172,2026-05-01 00:00:00+00:00,2026-04-24 04:00:00+00:00,2026-05-01 00:51:00+00:00,7,63.83,63.0,gfs_20260423T1800Z.json,0.8299999999999983
1173,2026-05-01 01:00:00+00:00,2026-04-24 04:00:00+00:00,2026-05-01 01:51:00+00:00,7,62.31,61.0,gfs_20260423T1800Z.json,1.3100000000000023
1174,2026-05-01 02:00:00+00:00,2026-04-24 04:00:00+00:00,2026-05-01 02:51:00+00:00,7,61.165,59.0,gfs_20260423T1800Z.json,2.164999999999999
1175,2026-05-01 03:00:00+00:00,2026-04-24 04:00:00+00:00,2026-05-01 03:51:00+00:00,7,60.235,57.0,gfs_20260423T1800Z.json,3.2349999999999994
1176,2026-05-01 04:00:00+00:00,2026-04-24 04:00:00+00:00,2026-05-01 04:51:00+00:00,8,59.505,55.0,gfs_20260423T1800Z.json,4.505000000000003
1177,2026-05-01 05:00:00+00:00,2026-04-24 04:00:00+00:00,2026-05-01 05:51:00+00:00,8,58.975,54.0,gfs_20260423T1800Z.json,4.975000000000001
1178,2026-05-01 06:00:00+00:00,2026-04-24 04:00:00+00:00,2026-05-01 06:51:00+00:00,8,58.39,53.0,gfs_20260423T1800Z.json,5.390000000000001
1179,2026-05-01 07:00:00+00:00,2026-04-24 04:00:00+00:00,2026-05-01 07:51:00+00:00,8,58.045,51.0,gfs_20260423T1800Z.json,7.045000000000002
1180,2026-05-01 08:00:00+00:00,2026-04-24 04:00:00+00:00,2026-05-01 08:51:00+00:00,8,58.17,50.0,gfs_20260423T1800Z.json,8.170000000000002
1181,2026-05-01 09:00:00+00:00,2026-04-24 04:00:00+00:00,2026-05-01 09:51:00+00:00,8,59.135,50.0,gfs_20260423T1800Z.json,9.134999999999998
1182,2026-05-01 10:00:00+00:00,2026-04-24 04:00:00+00:00,2026-05-01 10:51:00+00:00,8,60.83,50.0,gfs_20260423T1800Z.json,10.829999999999998
1183,2026-05-01 11:00:00+00:00,2026-04-24 04:00:00+00:00,2026-05-01 11:51:00+00:00,8,62.12,52.0,gfs_20260423T1800Z.json,10.119999999999997
1184,2026-05-01 12:00:00+00:00,2026-04-24 04:00:00+00:00,2026-05-01 12:51:00+00:00,8,62.385,53.0,gfs_20260423T1800Z.json,9.384999999999998
1185,2026-05-01 13:00:00+00:00,2026-04-24 04:00:00+00:00,2026-05-01 13:51:00+00:00,8,62.06,57.0,gfs_20260423T1800Z.json,5.060000000000002
1186,2026-05-01 14:00:00+00:00,2026-04-24 04:00:00+00:00,2026-05-01 14:51:00+00:00,8,62.085,58.0,gfs_20260423T1800Z.json,4.085000000000001
1187,2026-05-01 15:00:00+00:00,2026-04-24 04:00:00+00:00,2026-05-01 15:51:00+00:00,8,62.95,59.0,gfs_20260423T1800Z.json,3.950000000000003
1188,2026-05-01 16:00:00+00:00,2026-04-24 04:00:00+00:00,2026-05-01 16:51:00+00:00,8,64.375,63.0,gfs_20260423T1800Z.json,1.375
1189,2026-05-01 17:00:00+00:00,2026-04-24 04:00:00+00:00,2026-05-01 17:51:00+00:00,8,66.13000000000001,65.0,gfs_20260423T1800Z.json,1.1300000000000097
1190,2026-05-01 18:00:00+00:00,2026-04-24 04:00:00+00:00,2026-05-01 18:51:00+00:00,8,69.035,63.0,gfs_20260423T1800Z.json,6.034999999999997
1191,2026-05-01 19:00:00+00:00,2026-04-24 04:00:00+00:00,2026-05-01 19:51:00+00:00,8,72.39,61.0,gfs_20260423T1800Z.json,11.39
1192,2026-05-01 20:00:00+00:00,2026-04-24 04:00:00+00:00,2026-05-01 20:51:00+00:00,8,74.00500000000001,57.0,gfs_20260423T1800Z.json,17.00500000000001
1193,2026-05-01 21:00:00+00:00,2026-04-24 04:00:00+00:00,2026-05-01 21:51:00+00:00,8,71.905,58.0,gfs_20260423T1800Z.json,13.905000000000001
1194,2026-05-01 22:00:00+00:00,2026-04-24 04:00:00+00:00,2026-05-01 22:51:00+00:00,8,67.505,56.0,gfs_20260423T1800Z.json,11.504999999999995
1195,2026-05-01 23:00:00+00:00,2026-04-24 04:00:00+00:00,2026-05-01 23:51:00+00:00,8,63.4,55.0,gfs_20260423T1800Z.json,8.399999999999999
1196,2026-05-02 00:00:00+00:00,2026-04-24 04:00:00+00:00,2026-05-02 00:51:00+00:00,8,61.355000000000004,54.0,gfs_20260423T1800Z.json,7.355000000000004
1197,2026-05-02 01:00:00+00:00,2026-04-24 04:00:00+00:00,2026-05-02 01:51:00+00:00,8,60.25,54.0,gfs_20260423T1800Z.json,6.25
1198,2026-05-02 02:00:00+00:00,2026-04-24 04:00:00+00:00,2026-05-02 02:51:00+00:00,8,59.25,54.0,gfs_20260423T1800Z.json,5.25
1199,2026-05-02 03:00:00+00:00,2026-04-24 04:00:00+00:00,2026-05-02 03:51:00+00:00,8,57.57,54.0,gfs_20260423T1800Z.json,3.5700000000000003
1200,2026-05-02 04:00:00+00:00,2026-04-24 04:00:00+00:00,2026-05-02 04:51:00+00:00,9,55.684999999999995,54.0,gfs_20260423T1800Z.json,1.6849999999999952
1201,2026-05-02 05:00:00+00:00,2026-04-24 04:00:00+00:00,2026-05-02 05:51:00+00:00,9,54.04,54.0,gfs_20260423T1800Z.json,0.03999999999999915
1202,2026-05-02 06:00:00+00:00,2026-04-24 04:00:00+00:00,2026-05-02 06:51:00+00:00,9,53.035,53.0,gfs_20260423T1800Z.json,0.03499999999999659
1203,2026-05-02 07:00:00+00:00,2026-04-24 04:00:00+00:00,2026-05-02 07:51:00+00:00,9,52.39,53.0,gfs_20260423T1800Z.json,-0.6099999999999994
1204,2026-05-02 08:00:00+00:00,2026-04-24 04:00:00+00:00,2026-05-02 08:51:00+00:00,9,52.045,53.0,gfs_20260423T1800Z.json,-0.9549999999999983
1205,2026-05-02 09:00:00+00:00,2026-04-24 04:00:00+00:00,2026-05-02 09:51:00+00:00,9,51.915,54.0,gfs_20260423T1800Z.json,-2.085000000000001
1206,2026-05-02 10:00:00+00:00,2026-04-24 04:00:00+00:00,2026-05-02 10:51:00+00:00,9,52.07,54.0,gfs_20260423T1800Z.json,-1.9299999999999997
1207,2026-05-02 11:00:00+00:00,2026-04-24 04:00:00+00:00,2026-05-02 11:51:00+00:00,9,53.12,53.0,gfs_20260423T1800Z.json,0.11999999999999744
1208,2026-05-02 12:00:00+00:00,2026-04-24 04:00:00+00:00,2026-05-02 12:51:00+00:00,9,55.849999999999994,53.0,gfs_20260423T1800Z.json,2.8499999999999943
1209,2026-05-02 13:00:00+00:00,2026-04-24 04:00:00+00:00,2026-05-02 13:51:00+00:00,9,59.87,53.0,gfs_20260423T1800Z.json,6.869999999999997
1210,2026-05-02 14:00:00+00:00,2026-04-24 04:00:00+00:00,2026-05-02 14:51:00+00:00,9,63.559999999999995,54.0,gfs_20260423T1800Z.json,9.559999999999995
1211,2026-05-02 15:00:00+00:00,2026-04-24 04:00:00+00:00,2026-05-02 15:51:00+00:00,9,66.395,54.0,gfs_20260423T1800Z.json,12.394999999999996
1212,2026-05-02 16:00:00+00:00,2026-04-24 04:00:00+00:00,2026-05-02 16:51:00+00:00,9,68.67,55.0,gfs_20260423T1800Z.json,13.670000000000002
1213,2026-05-02 17:00:00+00:00,2026-04-24 04:00:00+00:00,2026-05-02 17:51:00+00:00,9,70.36,55.0,gfs_20260423T1800Z.json,15.36
1214,2026-05-02 18:00:00+00:00,2026-04-24 04:00:00+00:00,2026-05-02 18:51:00+00:00,9,71.61999999999999,56.0,gfs_20260423T1800Z.json,15.61999999999999
1215,2026-05-02 19:00:00+00:00,2026-04-24 04:00:00+00:00,2026-05-02 19:51:00+00:00,9,72.31,58.0,gfs_20260423T1800Z.json,14.310000000000002
1216,2026-05-02 20:00:00+00:00,2026-04-24 04:00:00+00:00,2026-05-02 20:51:00+00:00,9,71.805,57.0,gfs_20260423T1800Z.json,14.805000000000007
1217,2026-05-02 21:00:00+00:00,2026-04-24 04:00:00+00:00,2026-05-02 21:51:00+00:00,9,69.065,57.0,gfs_20260423T1800Z.json,12.064999999999998
1218,2026-05-02 22:00:00+00:00,2026-04-24 04:00:00+00:00,2026-05-02 22:51:00+00:00,9,64.86,56.0,gfs_20260423T1800Z.json,8.86
1219,2026-05-02 23:00:00+00:00,2026-04-24 04:00:00+00:00,2026-05-02 23:51:00+00:00,9,61.055,55.0,gfs_20260423T1800Z.json,6.055
1220,2026-05-03 00:00:00+00:00,2026-04-24 04:00:00+00:00,2026-05-03 00:51:00+00:00,9,58.714999999999996,52.0,gfs_20260423T1800Z.json,6.714999999999996
1221,2026-05-03 01:00:00+00:00,2026-04-24 04:00:00+00:00,2026-05-03 01:51:00+00:00,9,57.295,51.0,gfs_20260423T1800Z.json,6.295000000000002
1222,2026-05-03 02:00:00+00:00,2026-04-24 04:00:00+00:00,2026-05-03 02:51:00+00:00,9,55.995,48.0,gfs_20260423T1800Z.json,7.994999999999997
1223,2026-05-03 03:00:00+00:00,2026-04-24 04:00:00+00:00,2026-05-03 03:51:00+00:00,9,54.61,47.0,gfs_20260423T1800Z.json,7.609999999999999
1224,2026-05-03 04:00:00+00:00,2026-04-24 04:00:00+00:00,2026-05-03 04:51:00+00:00,10,53.295,46.0,gfs_20260423T1800Z.json,7.295000000000002
1225,2026-05-03 05:00:00+00:00,2026-04-24 04:00:00+00:00,2026-05-03 05:51:00+00:00,10,52.165,45.0,gfs_20260423T1800Z.json,7.164999999999999
1226,2026-05-03 06:00:00+00:00,2026-04-24 04:00:00+00:00,2026-05-03 06:51:00+00:00,10,51.15,46.0,gfs_20260423T1800Z.json,5.149999999999999
1227,2026-05-03 07:00:00+00:00,2026-04-24 04:00:00+00:00,2026-05-03 07:51:00+00:00,10,50.235,44.0,gfs_20260423T1800Z.json,6.234999999999999
1228,2026-05-03 08:00:00+00:00,2026-04-24 04:00:00+00:00,2026-05-03 08:51:00+00:00,10,49.93,42.0,gfs_20260423T1800Z.json,7.93
1229,2026-05-03 09:00:00+00:00,2026-04-24 04:00:00+00:00,2026-05-03 09:51:00+00:00,10,50.41,41.0,gfs_20260423T1800Z.json,9.409999999999997
1230,2026-05-03 10:00:00+00:00,2026-04-24 04:00:00+00:00,2026-05-03 10:51:00+00:00,10,51.605,41.0,gfs_20260423T1800Z.json,10.604999999999997
1231,2026-05-03 11:00:00+00:00,2026-04-24 04:00:00+00:00,2026-05-03 11:51:00+00:00,10,53.5,46.0,gfs_20260423T1800Z.json,7.5
1232,2026-05-03 12:00:00+00:00,2026-04-24 04:00:00+00:00,2026-05-03 12:51:00+00:00,10,56.52,52.0,gfs_20260423T1800Z.json,4.520000000000003
1233,2026-05-03 13:00:00+00:00,2026-04-24 04:00:00+00:00,2026-05-03 13:51:00+00:00,10,60.4,54.0,gfs_20260423T1800Z.json,6.399999999999999
1234,2026-05-03 14:00:00+00:00,2026-04-24 04:00:00+00:00,2026-05-03 14:51:00+00:00,10,63.805,55.0,gfs_20260423T1800Z.json,8.805
1235,2026-05-03 15:00:00+00:00,2026-04-24 04:00:00+00:00,2026-05-03 15:51:00+00:00,10,66.255,58.0,gfs_20260423T1800Z.json,8.254999999999995
1236,2026-05-03 16:00:00+00:00,2026-04-24 04:00:00+00:00,2026-05-03 16:51:00+00:00,10,67.96000000000001,60.0,gfs_20260423T1800Z.json,7.960000000000008
1237,2026-05-03 17:00:00+00:00,2026-04-24 04:00:00+00:00,2026-05-03 17:51:00+00:00,10,68.96499999999999,62.0,gfs_20260423T1800Z.json,6.964999999999989
1238,2026-05-03 18:00:00+00:00,2026-04-24 04:00:00+00:00,2026-05-03 18:51:00+00:00,10,69.185,65.0,gfs_20260423T1800Z.json,4.185000000000002
1239,2026-05-03 19:00:00+00:00,2026-04-24 04:00:00+00:00,2026-05-03 19:51:00+00:00,10,68.605,68.0,gfs_20260423T1800Z.json,0.605000000000004
1240,2026-05-03 20:00:00+00:00,2026-04-24 04:00:00+00:00,2026-05-03 20:51:00+00:00,10,67.48,66.0,gfs_20260423T1800Z.json,1.480000000000004
1241,2026-05-03 21:00:00+00:00,2026-04-24 04:00:00+00:00,2026-05-03 21:51:00+00:00,10,65.85499999999999,66.0,gfs_20260423T1800Z.json,-0.14500000000001023
1242,2026-05-03 22:00:00+00:00,2026-04-24 04:00:00+00:00,2026-05-03 22:51:00+00:00,10,63.73,66.0,gfs_20260423T1800Z.json,-2.270000000000003
1243,2026-05-03 23:00:00+00:00,2026-04-24 04:00:00+00:00,2026-05-03 23:51:00+00:00,10,61.870000000000005,62.0,gfs_20260423T1800Z.json,-0.12999999999999545
1244,2026-05-04 00:00:00+00:00,2026-04-24 04:00:00+00:00,2026-05-04 00:51:00+00:00,10,60.75,57.0,gfs_20260423T1800Z.json,3.75
1245,2026-05-04 01:00:00+00:00,2026-04-24 04:00:00+00:00,2026-05-04 01:51:00+00:00,10,60.175000000000004,54.0,gfs_20260423T1800Z.json,6.175000000000004
1246,2026-05-04 02:00:00+00:00,2026-04-24 04:00:00+00:00,2026-05-04 02:51:00+00:00,10,59.675000000000004,51.0,gfs_20260423T1800Z.json,8.675000000000004
1247,2026-05-04 03:00:00+00:00,2026-04-24 04:00:00+00:00,2026-05-04 03:51:00+00:00,10,58.919999999999995,49.0,gfs_20260423T1800Z.json,9.919999999999995
1248,2026-05-04 04:00:00+00:00,2026-04-24 04:00:00+00:00,2026-05-04 04:51:00+00:00,11,58.12,52.0,gfs_20260423T1800Z.json,6.119999999999997
1249,2026-05-04 05:00:00+00:00,2026-04-24 04:00:00+00:00,2026-05-04 05:51:00+00:00,11,57.405,49.0,gfs_20260423T1800Z.json,8.405000000000001
1250,2026-05-04 06:00:00+00:00,2026-04-24 04:00:00+00:00,2026-05-04 06:51:00+00:00,11,56.62,51.0,gfs_20260423T1800Z.json,5.619999999999997
1251,2026-05-04 07:00:00+00:00,2026-04-24 04:00:00+00:00,2026-05-04 07:51:00+00:00,11,55.905,49.0,gfs_20260423T1800Z.json,6.905000000000001
1252,2026-05-04 08:00:00+00:00,2026-04-24 04:00:00+00:00,2026-05-04 08:51:00+00:00,11,55.035,49.0,gfs_20260423T1800Z.json,6.034999999999997
1253,2026-05-04 09:00:00+00:00,2026-04-24 04:00:00+00:00,2026-05-04 09:51:00+00:00,11,53.88,49.0,gfs_20260423T1800Z.json,4.880000000000003
1254,2026-05-04 10:00:00+00:00,2026-04-24 04:00:00+00:00,2026-05-04 10:51:00+00:00,11,52.51,49.0,gfs_20260423T1800Z.json,3.509999999999998
1255,2026-05-04 11:00:00+00:00,2026-04-24 04:00:00+00:00,2026-05-04 11:51:00+00:00,11,51.62,53.0,gfs_20260423T1800Z.json,-1.3800000000000026
1256,2026-05-04 12:00:00+00:00,2026-04-24 04:00:00+00:00,2026-05-04 12:51:00+00:00,11,51.585,58.0,gfs_20260423T1800Z.json,-6.414999999999999
1257,2026-05-04 13:00:00+00:00,2026-04-24 04:00:00+00:00,2026-05-04 13:51:00+00:00,11,52.11,63.0,gfs_20260423T1800Z.json,-10.89
1258,2026-05-04 14:00:00+00:00,2026-04-24 04:00:00+00:00,2026-05-04 14:51:00+00:00,11,52.795,68.0,gfs_20260423T1800Z.json,-15.204999999999998
1259,2026-05-04 15:00:00+00:00,2026-04-24 04:00:00+00:00,2026-05-04 15:51:00+00:00,11,53.665,73.0,gfs_20260423T1800Z.json,-19.335
1260,2026-05-04 16:00:00+00:00,2026-04-24 04:00:00+00:00,2026-05-04 16:51:00+00:00,11,54.65,76.0,gfs_20260423T1800Z.json,-21.35
1261,2026-05-04 17:00:00+00:00,2026-04-24 04:00:00+00:00,2026-05-04 17:51:00+00:00,11,55.480000000000004,78.0,gfs_20260423T1800Z.json,-22.519999999999996
1262,2026-05-04 18:00:00+00:00,2026-04-24 04:00:00+00:00,2026-05-04 18:51:00+00:00,11,56.195,77.0,gfs_20260423T1800Z.json,-20.805
1263,2026-05-04 19:00:00+00:00,2026-04-24 04:00:00+00:00,2026-05-04 19:51:00+00:00,11,56.809999999999995,81.0,gfs_20260423T1800Z.json,-24.190000000000005
1264,2026-05-04 20:00:00+00:00,2026-04-24 04:00:00+00:00,2026-05-04 20:51:00+00:00,11,57.239999999999995,81.0,gfs_20260423T1800Z.json,-23.760000000000005
1265,2026-05-04 21:00:00+00:00,2026-04-24 04:00:00+00:00,2026-05-04 21:51:00+00:00,11,57.47,80.0,gfs_20260423T1800Z.json,-22.53
1266,2026-05-04 22:00:00+00:00,2026-04-24 04:00:00+00:00,2026-05-04 22:51:00+00:00,11,57.5,79.0,gfs_20260423T1800Z.json,-21.5
1267,2026-05-04 23:00:00+00:00,2026-04-24 04:00:00+00:00,2026-05-04 23:51:00+00:00,11,57.415,76.0,gfs_20260423T1800Z.json,-18.585
1268,2026-05-05 00:00:00+00:00,2026-04-24 04:00:00+00:00,2026-05-05 00:51:00+00:00,11,57.315,72.0,gfs_20260423T1800Z.json,-14.685000000000002
1269,2026-05-05 01:00:00+00:00,2026-04-24 04:00:00+00:00,2026-05-05 01:51:00+00:00,11,57.13,70.0,gfs_20260423T1800Z.json,-12.869999999999997
1270,2026-05-05 02:00:00+00:00,2026-04-24 04:00:00+00:00,2026-05-05 02:51:00+00:00,11,56.760000000000005,67.0,gfs_20260423T1800Z.json,-10.239999999999995
1271,2026-05-05 03:00:00+00:00,2026-04-24 04:00:00+00:00,2026-05-05 03:51:00+00:00,11,56.105000000000004,65.0,gfs_20260423T1800Z.json,-8.894999999999996
1272,2026-05-05 04:00:00+00:00,2026-04-24 04:00:00+00:00,2026-05-05 04:51:00+00:00,12,55.235,63.0,gfs_20260423T1800Z.json,-7.765000000000001
1273,2026-05-05 05:00:00+00:00,2026-04-24 04:00:00+00:00,2026-05-05 05:51:00+00:00,12,54.335,62.0,gfs_20260423T1800Z.json,-7.664999999999999
1274,2026-05-05 06:00:00+00:00,2026-04-24 04:00:00+00:00,2026-05-05 06:51:00+00:00,12,53.265,62.0,gfs_20260423T1800Z.json,-8.735
1275,2026-05-05 07:00:00+00:00,2026-04-24 04:00:00+00:00,2026-05-05 07:51:00+00:00,12,52.165,60.0,gfs_20260423T1800Z.json,-7.835000000000001
1276,2026-05-05 08:00:00+00:00,2026-04-24 04:00:00+00:00,2026-05-05 08:51:00+00:00,12,51.405,58.0,gfs_20260423T1800Z.json,-6.594999999999999
1277,2026-05-05 09:00:00+00:00,2026-04-24 04:00:00+00:00,2026-05-05 09:51:00+00:00,12,51.215,58.0,gfs_20260423T1800Z.json,-6.784999999999997
1278,2026-05-05 10:00:00+00:00,2026-04-24 04:00:00+00:00,2026-05-05 10:51:00+00:00,12,51.455,58.0,gfs_20260423T1800Z.json,-6.545000000000002
1279,2026-05-05 11:00:00+00:00,2026-04-24 04:00:00+00:00,2026-05-05 11:51:00+00:00,12,51.925,60.0,gfs_20260423T1800Z.json,-8.075000000000003
1280,2026-05-05 12:00:00+00:00,2026-04-24 04:00:00+00:00,2026-05-05 12:51:00+00:00,12,52.68,65.0,gfs_20260423T1800Z.json,-12.32
1281,2026-05-05 13:00:00+00:00,2026-04-24 04:00:00+00:00,2026-05-05 13:51:00+00:00,12,53.65,69.0,gfs_20260423T1800Z.json,-15.350000000000001
1282,2026-05-05 14:00:00+00:00,2026-04-24 04:00:00+00:00,2026-05-05 14:51:00+00:00,12,54.480000000000004,74.0,gfs_20260423T1800Z.json,-19.519999999999996
1283,2026-05-05 15:00:00+00:00,2026-04-24 04:00:00+00:00,2026-05-05 15:51:00+00:00,12,54.769999999999996,77.0,gfs_20260423T1800Z.json,-22.230000000000004
1284,2026-05-05 16:00:00+00:00,2026-04-24 04:00:00+00:00,2026-05-05 16:51:00+00:00,12,54.8,81.0,gfs_20260423T1800Z.json,-26.200000000000003
1285,2026-05-05 17:00:00+00:00,2026-04-24 04:00:00+00:00,2026-05-05 17:51:00+00:00,12,54.715,81.0,gfs_20260423T1800Z.json,-26.284999999999997
1286,2026-05-05 18:00:00+00:00,2026-04-24 04:00:00+00:00,2026-05-05 18:51:00+00:00,12,54.785,84.0,gfs_20260423T1800Z.json,-29.215000000000003
1287,2026-05-05 19:00:00+00:00,2026-04-24 04:00:00+00:00,2026-05-05 19:51:00+00:00,12,54.885,82.0,gfs_20260423T1800Z.json,-27.115000000000002
1288,2026-05-05 20:00:00+00:00,2026-04-24 04:00:00+00:00,2026-05-05 20:51:00+00:00,12,54.9,82.0,gfs_20260423T1800Z.json,-27.1
1289,2026-05-05 21:00:00+00:00,2026-04-24 04:00:00+00:00,2026-05-05 21:51:00+00:00,12,55.07,81.0,gfs_20260423T1800Z.json,-25.93
1290,2026-05-05 22:00:00+00:00,2026-04-24 04:00:00+00:00,2026-05-05 22:51:00+00:00,12,55.355,79.0,gfs_20260423T1800Z.json,-23.645000000000003
1291,2026-05-05 23:00:00+00:00,2026-04-24 04:00:00+00:00,2026-05-05 23:51:00+00:00,12,55.145,76.0,gfs_20260423T1800Z.json,-20.854999999999997
1292,2026-05-06 00:00:00+00:00,2026-04-24 04:00:00+00:00,2026-05-06 00:51:00+00:00,12,54.08,73.0,gfs_20260423T1800Z.json,-18.92
1293,2026-05-06 01:00:00+00:00,2026-04-24 04:00:00+00:00,2026-05-06 01:51:00+00:00,12,52.54,71.0,gfs_20260423T1800Z.json,-18.46
1294,2026-05-06 02:00:00+00:00,2026-04-24 04:00:00+00:00,2026-05-06 02:51:00+00:00,12,51.195,68.0,gfs_20260423T1800Z.json,-16.805
1295,2026-05-06 03:00:00+00:00,2026-04-24 04:00:00+00:00,2026-05-06 03:51:00+00:00,12,50.405,66.0,gfs_20260423T1800Z.json,-15.594999999999999
1296,2026-05-06 04:00:00+00:00,2026-04-24 04:00:00+00:00,2026-05-06 04:51:00+00:00,13,50.045,65.0,gfs_20260423T1800Z.json,-14.954999999999998
1297,2026-05-06 05:00:00+00:00,2026-04-24 04:00:00+00:00,2026-05-06 05:51:00+00:00,13,49.745000000000005,64.0,gfs_20260423T1800Z.json,-14.254999999999995
1298,2026-05-06 06:00:00+00:00,2026-04-24 04:00:00+00:00,2026-05-06 06:51:00+00:00,13,49.275000000000006,63.0,gfs_20260423T1800Z.json,-13.724999999999994
1299,2026-05-06 07:00:00+00:00,2026-04-24 04:00:00+00:00,2026-05-06 07:51:00+00:00,13,48.86,62.0,gfs_20260423T1800Z.json,-13.14
1300,2026-05-06 08:00:00+00:00,2026-04-24 04:00:00+00:00,2026-05-06 08:51:00+00:00,13,49.14,63.0,gfs_20260423T1800Z.json,-13.86
1301,2026-05-06 09:00:00+00:00,2026-04-24 04:00:00+00:00,2026-05-06 09:51:00+00:00,13,50.135,63.0,gfs_20260423T1800Z.json,-12.865000000000002
1302,2026-05-06 10:00:00+00:00,2026-04-24 04:00:00+00:00,2026-05-06 10:51:00+00:00,13,52.0,63.0,gfs_20260423T1800Z.json,-11.0
1303,2026-05-06 11:00:00+00:00,2026-04-24 04:00:00+00:00,2026-05-06 11:51:00+00:00,13,54.68,65.0,gfs_20260423T1800Z.json,-10.32
1304,2026-05-06 12:00:00+00:00,2026-04-24 04:00:00+00:00,2026-05-06 12:51:00+00:00,13,58.84,65.0,gfs_20260423T1800Z.json,-6.159999999999997
1305,2026-05-06 13:00:00+00:00,2026-04-24 04:00:00+00:00,2026-05-06 13:51:00+00:00,13,64.09,68.0,gfs_20260423T1800Z.json,-3.9099999999999966
1306,2026-05-06 14:00:00+00:00,2026-04-24 04:00:00+00:00,2026-05-06 14:51:00+00:00,13,68.64,70.0,gfs_20260423T1800Z.json,-1.3599999999999994
1307,2026-05-06 15:00:00+00:00,2026-04-24 04:00:00+00:00,2026-05-06 15:51:00+00:00,13,71.67999999999999,72.0,gfs_20260423T1800Z.json,-0.3200000000000074
1308,2026-05-06 16:00:00+00:00,2026-04-24 04:00:00+00:00,2026-05-06 16:51:00+00:00,13,73.63000000000001,71.0,gfs_20260423T1800Z.json,2.6300000000000097
1309,2026-05-06 17:00:00+00:00,2026-04-24 04:00:00+00:00,2026-05-06 17:51:00+00:00,13,74.92,77.0,gfs_20260423T1800Z.json,-2.0799999999999983
1310,2026-05-06 18:00:00+00:00,2026-04-24 04:00:00+00:00,2026-05-06 18:51:00+00:00,13,75.695,69.0,gfs_20260423T1800Z.json,6.694999999999993
1311,2026-05-06 19:00:00+00:00,2026-04-24 04:00:00+00:00,2026-05-06 19:51:00+00:00,13,75.885,70.0,gfs_20260423T1800Z.json,5.885000000000005
1312,2026-05-06 20:00:00+00:00,2026-04-24 04:00:00+00:00,2026-05-06 20:51:00+00:00,13,75.22,73.0,gfs_20260423T1800Z.json,2.219999999999999
1313,2026-05-06 21:00:00+00:00,2026-04-24 04:00:00+00:00,2026-05-06 21:51:00+00:00,13,73.23,75.0,gfs_20260423T1800Z.json,-1.769999999999996
1314,2026-05-06 22:00:00+00:00,2026-04-24 04:00:00+00:00,2026-05-06 22:51:00+00:00,13,70.265,74.0,gfs_20260423T1800Z.json,-3.7349999999999994
1315,2026-05-06 23:00:00+00:00,2026-04-24 04:00:00+00:00,2026-05-06 23:51:00+00:00,13,67.675,71.0,gfs_20260423T1800Z.json,-3.325000000000003
1316,2026-05-07 00:00:00+00:00,2026-04-24 04:00:00+00:00,2026-05-07 00:51:00+00:00,13,66.28,71.0,gfs_20260423T1800Z.json,-4.719999999999999
1317,2026-05-07 01:00:00+00:00,2026-04-24 04:00:00+00:00,2026-05-07 01:51:00+00:00,13,65.59,72.0,gfs_20260423T1800Z.json,-6.409999999999997
1318,2026-05-07 02:00:00+00:00,2026-04-24 04:00:00+00:00,2026-05-07 02:51:00+00:00,13,64.735,72.0,gfs_20260423T1800Z.json,-7.265000000000001
1319,2026-05-07 03:00:00+00:00,2026-04-24 04:00:00+00:00,2026-05-07 03:51:00+00:00,13,63.325,68.0,gfs_20260423T1800Z.json,-4.674999999999997
1320,2026-05-07 04:00:00+00:00,2026-04-24 04:00:00+00:00,2026-05-07 04:51:00+00:00,14,61.57,66.0,gfs_20260423T1800Z.json,-4.43
1321,2026-05-07 05:00:00+00:00,2026-04-24 04:00:00+00:00,2026-05-07 05:51:00+00:00,14,60.025,65.0,gfs_20260423T1800Z.json,-4.975000000000001
1322,2026-05-07 06:00:00+00:00,2026-04-24 04:00:00+00:00,2026-05-07 06:51:00+00:00,14,58.695,65.0,gfs_20260423T1800Z.json,-6.305
1323,2026-05-07 07:00:00+00:00,2026-04-24 04:00:00+00:00,2026-05-07 07:51:00+00:00,14,57.565,65.0,gfs_20260423T1800Z.json,-7.435000000000002
1324,2026-05-07 08:00:00+00:00,2026-04-24 04:00:00+00:00,2026-05-07 08:51:00+00:00,14,57.315,65.0,gfs_20260423T1800Z.json,-7.685000000000002
1325,2026-05-07 09:00:00+00:00,2026-04-24 04:00:00+00:00,2026-05-07 09:51:00+00:00,14,58.15,65.0,gfs_20260423T1800Z.json,-6.850000000000001
1326,2026-05-07 10:00:00+00:00,2026-04-24 04:00:00+00:00,2026-05-07 10:51:00+00:00,14,60.0,66.0,gfs_20260423T1800Z.json,-6.0
1327,2026-05-07 11:00:00+00:00,2026-04-24 04:00:00+00:00,2026-05-07 11:51:00+00:00,14,62.595,67.0,gfs_20260423T1800Z.json,-4.405000000000001
1328,2026-05-07 12:00:00+00:00,2026-04-24 04:00:00+00:00,2026-05-07 12:51:00+00:00,14,66.485,67.0,gfs_20260423T1800Z.json,-0.5150000000000006
1329,2026-05-07 13:00:00+00:00,2026-04-24 04:00:00+00:00,2026-05-07 13:51:00+00:00,14,71.095,68.0,gfs_20260423T1800Z.json,3.094999999999999
1330,2026-05-07 14:00:00+00:00,2026-04-24 04:00:00+00:00,2026-05-07 14:51:00+00:00,14,74.77499999999999,68.0,gfs_20260423T1800Z.json,6.7749999999999915
1331,2026-05-07 15:00:00+00:00,2026-04-24 04:00:00+00:00,2026-05-07 15:51:00+00:00,14,76.14999999999999,68.0,gfs_20260423T1800Z.json,8.149999999999991
1332,2026-05-07 16:00:00+00:00,2026-04-24 04:00:00+00:00,2026-05-07 16:51:00+00:00,14,76.13,68.0,gfs_20260423T1800Z.json,8.129999999999995
1333,2026-05-07 17:00:00+00:00,2026-04-24 04:00:00+00:00,2026-05-07 17:51:00+00:00,14,75.675,58.0,gfs_20260423T1800Z.json,17.674999999999997
1334,2026-05-07 18:00:00+00:00,2026-04-24 04:00:00+00:00,2026-05-07 18:51:00+00:00,14,75.43,57.0,gfs_20260423T1800Z.json,18.430000000000007
1335,2026-05-07 19:00:00+00:00,2026-04-24 04:00:00+00:00,2026-05-07 19:51:00+00:00,14,75.06,56.0,gfs_20260423T1800Z.json,19.060000000000002
1336,2026-05-07 20:00:00+00:00,2026-04-24 04:00:00+00:00,2026-05-07 20:51:00+00:00,14,73.81,55.0,gfs_20260423T1800Z.json,18.810000000000002
1337,2026-05-07 21:00:00+00:00,2026-04-24 04:00:00+00:00,2026-05-07 21:51:00+00:00,14,70.88000000000001,56.0,gfs_20260423T1800Z.json,14.88000000000001
1338,2026-05-07 22:00:00+00:00,2026-04-24 04:00:00+00:00,2026-05-07 22:51:00+00:00,14,66.91499999999999,55.0,gfs_20260423T1800Z.json,11.914999999999992
1339,2026-05-07 23:00:00+00:00,2026-04-24 04:00:00+00:00,2026-05-07 23:51:00+00:00,14,63.665,55.0,gfs_20260423T1800Z.json,8.665
1340,2026-05-08 00:00:00+00:00,2026-04-24 04:00:00+00:00,2026-05-08 00:51:00+00:00,14,62.265,55.0,gfs_20260423T1800Z.json,7.265000000000001
1341,2026-05-08 01:00:00+00:00,2026-04-24 04:00:00+00:00,2026-05-08 01:51:00+00:00,14,62.185,55.0,gfs_20260423T1800Z.json,7.185000000000002
1342,2026-05-08 02:00:00+00:00,2026-04-24 04:00:00+00:00,2026-05-08 02:51:00+00:00,14,62.285,55.0,gfs_20260423T1800Z.json,7.284999999999997
1343,2026-05-08 03:00:00+00:00,2026-04-24 04:00:00+00:00,2026-05-08 03:51:00+00:00,14,62.3,54.0,gfs_20260423T1800Z.json,8.299999999999997
1344,2026-05-01 04:00:00+00:00,2026-05-01 04:00:00+00:00,2026-05-01 04:51:00+00:00,1,54.309999999999995,55.0,gfs_20260430T1800Z.json,-0.6900000000000048
1345,2026-05-01 05:00:00+00:00,2026-05-01 04:00:00+00:00,2026-05-01 05:51:00+00:00,1,53.635,54.0,gfs_20260430T1800Z.json,-0.365000000000002
1346,2026-05-01 06:00:00+00:00,2026-05-01 04:00:00+00:00,2026-05-01 06:51:00+00:00,1,51.970000000000006,53.0,gfs_20260430T1800Z.json,-1.029999999999994
1347,2026-05-01 07:00:00+00:00,2026-05-01 04:00:00+00:00,2026-05-01 07:51:00+00:00,1,50.595,51.0,gfs_20260430T1800Z.json,-0.40500000000000114
1348,2026-05-01 08:00:00+00:00,2026-05-01 04:00:00+00:00,2026-05-01 08:51:00+00:00,1,46.915,50.0,gfs_20260430T1800Z.json,-3.085000000000001
1349,2026-05-01 09:00:00+00:00,2026-05-01 04:00:00+00:00,2026-05-01 09:51:00+00:00,1,47.49,50.0,gfs_20260430T1800Z.json,-2.509999999999998
1350,2026-05-01 10:00:00+00:00,2026-05-01 04:00:00+00:00,2026-05-01 10:51:00+00:00,1,46.934999999999995,50.0,gfs_20260430T1800Z.json,-3.065000000000005
1351,2026-05-01 11:00:00+00:00,2026-05-01 04:00:00+00:00,2026-05-01 11:51:00+00:00,1,48.67,52.0,gfs_20260430T1800Z.json,-3.3299999999999983
1352,2026-05-01 12:00:00+00:00,2026-05-01 04:00:00+00:00,2026-05-01 12:51:00+00:00,1,52.315,53.0,gfs_20260430T1800Z.json,-0.6850000000000023
1353,2026-05-01 13:00:00+00:00,2026-05-01 04:00:00+00:00,2026-05-01 13:51:00+00:00,1,56.13,57.0,gfs_20260430T1800Z.json,-0.8699999999999974
1354,2026-05-01 14:00:00+00:00,2026-05-01 04:00:00+00:00,2026-05-01 14:51:00+00:00,1,56.7,58.0,gfs_20260430T1800Z.json,-1.2999999999999972
1355,2026-05-01 15:00:00+00:00,2026-05-01 04:00:00+00:00,2026-05-01 15:51:00+00:00,1,61.035,59.0,gfs_20260430T1800Z.json,2.0349999999999966
1356,2026-05-01 16:00:00+00:00,2026-05-01 04:00:00+00:00,2026-05-01 16:51:00+00:00,1,66.39,63.0,gfs_20260430T1800Z.json,3.3900000000000006
1357,2026-05-01 17:00:00+00:00,2026-05-01 04:00:00+00:00,2026-05-01 17:51:00+00:00,1,68.22,65.0,gfs_20260430T1800Z.json,3.219999999999999
1358,2026-05-01 18:00:00+00:00,2026-05-01 04:00:00+00:00,2026-05-01 18:51:00+00:00,1,68.91,63.0,gfs_20260430T1800Z.json,5.909999999999997
1359,2026-05-01 19:00:00+00:00,2026-05-01 04:00:00+00:00,2026-05-01 19:51:00+00:00,1,69.0,61.0,gfs_20260430T1800Z.json,8.0
1360,2026-05-01 20:00:00+00:00,2026-05-01 04:00:00+00:00,2026-05-01 20:51:00+00:00,1,67.895,57.0,gfs_20260430T1800Z.json,10.894999999999996
1361,2026-05-01 21:00:00+00:00,2026-05-01 04:00:00+00:00,2026-05-01 21:51:00+00:00,1,66.33999999999999,58.0,gfs_20260430T1800Z.json,8.33999999999999
1362,2026-05-01 22:00:00+00:00,2026-05-01 04:00:00+00:00,2026-05-01 22:51:00+00:00,1,63.635,56.0,gfs_20260430T1800Z.json,7.634999999999998
1363,2026-05-01 23:00:00+00:00,2026-05-01 04:00:00+00:00,2026-05-01 23:51:00+00:00,1,59.715,55.0,gfs_20260430T1800Z.json,4.715000000000003
1364,2026-05-02 00:00:00+00:00,2026-05-01 04:00:00+00:00,2026-05-02 00:51:00+00:00,1,58.335,54.0,gfs_20260430T1800Z.json,4.335000000000001
1365,2026-05-02 01:00:00+00:00,2026-05-01 04:00:00+00:00,2026-05-02 01:51:00+00:00,1,58.03,54.0,gfs_20260430T1800Z.json,4.030000000000001
1366,2026-05-02 02:00:00+00:00,2026-05-01 04:00:00+00:00,2026-05-02 02:51:00+00:00,1,57.235,54.0,gfs_20260430T1800Z.json,3.2349999999999994
1367,2026-05-02 03:00:00+00:00,2026-05-01 04:00:00+00:00,2026-05-02 03:51:00+00:00,1,55.995,54.0,gfs_20260430T1800Z.json,1.9949999999999974
1368,2026-05-02 04:00:00+00:00,2026-05-01 04:00:00+00:00,2026-05-02 04:51:00+00:00,2,54.865,54.0,gfs_20260430T1800Z.json,0.865000000000002
1369,2026-05-02 05:00:00+00:00,2026-05-01 04:00:00+00:00,2026-05-02 05:51:00+00:00,2,53.85,54.0,gfs_20260430T1800Z.json,-0.14999999999999858
1370,2026-05-02 06:00:00+00:00,2026-05-01 04:00:00+00:00,2026-05-02 06:51:00+00:00,2,52.765,53.0,gfs_20260430T1800Z.json,-0.23499999999999943
1371,2026-05-02 07:00:00+00:00,2026-05-01 04:00:00+00:00,2026-05-02 07:51:00+00:00,2,53.535000000000004,53.0,gfs_20260430T1800Z.json,0.5350000000000037
1372,2026-05-02 08:00:00+00:00,2026-05-01 04:00:00+00:00,2026-05-02 08:51:00+00:00,2,53.53,53.0,gfs_20260430T1800Z.json,0.5300000000000011
1373,2026-05-02 09:00:00+00:00,2026-05-01 04:00:00+00:00,2026-05-02 09:51:00+00:00,2,52.905,54.0,gfs_20260430T1800Z.json,-1.0949999999999989
1374,2026-05-02 10:00:00+00:00,2026-05-01 04:00:00+00:00,2026-05-02 10:51:00+00:00,2,51.695,54.0,gfs_20260430T1800Z.json,-2.3049999999999997
1375,2026-05-02 11:00:00+00:00,2026-05-01 04:00:00+00:00,2026-05-02 11:51:00+00:00,2,50.395,53.0,gfs_20260430T1800Z.json,-2.604999999999997
1376,2026-05-02 12:00:00+00:00,2026-05-01 04:00:00+00:00,2026-05-02 12:51:00+00:00,2,49.605000000000004,53.0,gfs_20260430T1800Z.json,-3.394999999999996
1377,2026-05-02 13:00:00+00:00,2026-05-01 04:00:00+00:00,2026-05-02 13:51:00+00:00,2,48.905,53.0,gfs_20260430T1800Z.json,-4.094999999999999
1378,2026-05-02 14:00:00+00:00,2026-05-01 04:00:00+00:00,2026-05-02 14:51:00+00:00,2,48.46,54.0,gfs_20260430T1800Z.json,-5.539999999999999
1379,2026-05-02 15:00:00+00:00,2026-05-01 04:00:00+00:00,2026-05-02 15:51:00+00:00,2,48.315,54.0,gfs_20260430T1800Z.json,-5.685000000000002
1380,2026-05-02 16:00:00+00:00,2026-05-01 04:00:00+00:00,2026-05-02 16:51:00+00:00,2,48.13,55.0,gfs_20260430T1800Z.json,-6.869999999999997
1381,2026-05-02 17:00:00+00:00,2026-05-01 04:00:00+00:00,2026-05-02 17:51:00+00:00,2,47.335,55.0,gfs_20260430T1800Z.json,-7.664999999999999
1382,2026-05-02 18:00:00+00:00,2026-05-01 04:00:00+00:00,2026-05-02 18:51:00+00:00,2,45.67,56.0,gfs_20260430T1800Z.json,-10.329999999999998
1383,2026-05-02 19:00:00+00:00,2026-05-01 04:00:00+00:00,2026-05-02 19:51:00+00:00,2,44.805,58.0,gfs_20260430T1800Z.json,-13.195
1384,2026-05-02 20:00:00+00:00,2026-05-01 04:00:00+00:00,2026-05-02 20:51:00+00:00,2,44.785,57.0,gfs_20260430T1800Z.json,-12.215000000000003
1385,2026-05-02 21:00:00+00:00,2026-05-01 04:00:00+00:00,2026-05-02 21:51:00+00:00,2,44.8,57.0,gfs_20260430T1800Z.json,-12.200000000000003
1386,2026-05-02 22:00:00+00:00,2026-05-01 04:00:00+00:00,2026-05-02 22:51:00+00:00,2,45.309999999999995,56.0,gfs_20260430T1800Z.json,-10.690000000000005
1387,2026-05-02 23:00:00+00:00,2026-05-01 04:00:00+00:00,2026-05-02 23:51:00+00:00,2,44.125,55.0,gfs_20260430T1800Z.json,-10.875
1388,2026-05-03 00:00:00+00:00,2026-05-01 04:00:00+00:00,2026-05-03 00:51:00+00:00,2,42.54,52.0,gfs_20260430T1800Z.json,-9.46
1389,2026-05-03 01:00:00+00:00,2026-05-01 04:00:00+00:00,2026-05-03 01:51:00+00:00,2,42.045,51.0,gfs_20260430T1800Z.json,-8.954999999999998
1390,2026-05-03 02:00:00+00:00,2026-05-01 04:00:00+00:00,2026-05-03 02:51:00+00:00,2,41.49,48.0,gfs_20260430T1800Z.json,-6.509999999999998
1391,2026-05-03 03:00:00+00:00,2026-05-01 04:00:00+00:00,2026-05-03 03:51:00+00:00,2,40.975,47.0,gfs_20260430T1800Z.json,-6.024999999999999
1392,2026-05-03 04:00:00+00:00,2026-05-01 04:00:00+00:00,2026-05-03 04:51:00+00:00,3,40.730000000000004,46.0,gfs_20260430T1800Z.json,-5.269999999999996
1393,2026-05-03 05:00:00+00:00,2026-05-01 04:00:00+00:00,2026-05-03 05:51:00+00:00,3,40.36,45.0,gfs_20260430T1800Z.json,-4.640000000000001
1394,2026-05-03 06:00:00+00:00,2026-05-01 04:00:00+00:00,2026-05-03 06:51:00+00:00,3,40.3,46.0,gfs_20260430T1800Z.json,-5.700000000000003
1395,2026-05-03 07:00:00+00:00,2026-05-01 04:00:00+00:00,2026-05-03 07:51:00+00:00,3,40.3,44.0,gfs_20260430T1800Z.json,-3.700000000000003
1396,2026-05-03 08:00:00+00:00,2026-05-01 04:00:00+00:00,2026-05-03 08:51:00+00:00,3,40.045,42.0,gfs_20260430T1800Z.json,-1.9549999999999983
1397,2026-05-03 09:00:00+00:00,2026-05-01 04:00:00+00:00,2026-05-03 09:51:00+00:00,3,39.065,41.0,gfs_20260430T1800Z.json,-1.9350000000000023
1398,2026-05-03 10:00:00+00:00,2026-05-01 04:00:00+00:00,2026-05-03 10:51:00+00:00,3,39.07,41.0,gfs_20260430T1800Z.json,-1.9299999999999997
1399,2026-05-03 11:00:00+00:00,2026-05-01 04:00:00+00:00,2026-05-03 11:51:00+00:00,3,43.18,46.0,gfs_20260430T1800Z.json,-2.8200000000000003
1400,2026-05-03 12:00:00+00:00,2026-05-01 04:00:00+00:00,2026-05-03 12:51:00+00:00,3,48.065,52.0,gfs_20260430T1800Z.json,-3.9350000000000023
1401,2026-05-03 13:00:00+00:00,2026-05-01 04:00:00+00:00,2026-05-03 13:51:00+00:00,3,53.05,54.0,gfs_20260430T1800Z.json,-0.9500000000000028
1402,2026-05-03 14:00:00+00:00,2026-05-01 04:00:00+00:00,2026-05-03 14:51:00+00:00,3,56.265,55.0,gfs_20260430T1800Z.json,1.2650000000000006
1403,2026-05-03 15:00:00+00:00,2026-05-01 04:00:00+00:00,2026-05-03 15:51:00+00:00,3,58.995,58.0,gfs_20260430T1800Z.json,0.9949999999999974
1404,2026-05-03 16:00:00+00:00,2026-05-01 04:00:00+00:00,2026-05-03 16:51:00+00:00,3,61.44,60.0,gfs_20260430T1800Z.json,1.4399999999999977
1405,2026-05-03 17:00:00+00:00,2026-05-01 04:00:00+00:00,2026-05-03 17:51:00+00:00,3,63.415,62.0,gfs_20260430T1800Z.json,1.4149999999999991
1406,2026-05-03 18:00:00+00:00,2026-05-01 04:00:00+00:00,2026-05-03 18:51:00+00:00,3,65.14500000000001,65.0,gfs_20260430T1800Z.json,0.14500000000001023
1407,2026-05-03 19:00:00+00:00,2026-05-01 04:00:00+00:00,2026-05-03 19:51:00+00:00,3,66.16499999999999,68.0,gfs_20260430T1800Z.json,-1.835000000000008
1408,2026-05-03 20:00:00+00:00,2026-05-01 04:00:00+00:00,2026-05-03 20:51:00+00:00,3,66.385,66.0,gfs_20260430T1800Z.json,0.3850000000000051
1409,2026-05-03 21:00:00+00:00,2026-05-01 04:00:00+00:00,2026-05-03 21:51:00+00:00,3,66.145,66.0,gfs_20260430T1800Z.json,0.14499999999999602
1410,2026-05-03 22:00:00+00:00,2026-05-01 04:00:00+00:00,2026-05-03 22:51:00+00:00,3,63.21,66.0,gfs_20260430T1800Z.json,-2.789999999999999
1411,2026-05-03 23:00:00+00:00,2026-05-01 04:00:00+00:00,2026-05-03 23:51:00+00:00,3,56.665,62.0,gfs_20260430T1800Z.json,-5.335000000000001
1412,2026-05-04 00:00:00+00:00,2026-05-01 04:00:00+00:00,2026-05-04 00:51:00+00:00,3,53.815,57.0,gfs_20260430T1800Z.json,-3.1850000000000023
1413,2026-05-04 01:00:00+00:00,2026-05-01 04:00:00+00:00,2026-05-04 01:51:00+00:00,3,52.565,54.0,gfs_20260430T1800Z.json,-1.4350000000000023
1414,2026-05-04 02:00:00+00:00,2026-05-01 04:00:00+00:00,2026-05-04 02:51:00+00:00,3,51.295,51.0,gfs_20260430T1800Z.json,0.2950000000000017
1415,2026-05-04 03:00:00+00:00,2026-05-01 04:00:00+00:00,2026-05-04 03:51:00+00:00,3,50.335,49.0,gfs_20260430T1800Z.json,1.3350000000000009
1416,2026-05-04 04:00:00+00:00,2026-05-01 04:00:00+00:00,2026-05-04 04:51:00+00:00,4,49.605000000000004,52.0,gfs_20260430T1800Z.json,-2.394999999999996
1417,2026-05-04 05:00:00+00:00,2026-05-01 04:00:00+00:00,2026-05-04 05:51:00+00:00,4,48.905,49.0,gfs_20260430T1800Z.json,-0.09499999999999886
1418,2026-05-04 06:00:00+00:00,2026-05-01 04:00:00+00:00,2026-05-04 06:51:00+00:00,4,48.97,51.0,gfs_20260430T1800Z.json,-2.030000000000001
1419,2026-05-04 07:00:00+00:00,2026-05-01 04:00:00+00:00,2026-05-04 07:51:00+00:00,4,48.83,49.0,gfs_20260430T1800Z.json,-0.1700000000000017
1420,2026-05-04 08:00:00+00:00,2026-05-01 04:00:00+00:00,2026-05-04 08:51:00+00:00,4,47.440000000000005,49.0,gfs_20260430T1800Z.json,-1.5599999999999952
1421,2026-05-04 09:00:00+00:00,2026-05-01 04:00:00+00:00,2026-05-04 09:51:00+00:00,4,46.690000000000005,49.0,gfs_20260430T1800Z.json,-2.309999999999995
1422,2026-05-04 10:00:00+00:00,2026-05-01 04:00:00+00:00,2026-05-04 10:51:00+00:00,4,47.28,49.0,gfs_20260430T1800Z.json,-1.7199999999999989
1423,2026-05-04 11:00:00+00:00,2026-05-01 04:00:00+00:00,2026-05-04 11:51:00+00:00,4,51.989999999999995,53.0,gfs_20260430T1800Z.json,-1.0100000000000051
1424,2026-05-04 12:00:00+00:00,2026-05-01 04:00:00+00:00,2026-05-04 12:51:00+00:00,4,57.645,58.0,gfs_20260430T1800Z.json,-0.3549999999999969
1425,2026-05-04 13:00:00+00:00,2026-05-01 04:00:00+00:00,2026-05-04 13:51:00+00:00,4,62.835,63.0,gfs_20260430T1800Z.json,-0.16499999999999915
1426,2026-05-04 14:00:00+00:00,2026-05-01 04:00:00+00:00,2026-05-04 14:51:00+00:00,4,67.25500000000001,68.0,gfs_20260430T1800Z.json,-0.7449999999999903
1427,2026-05-04 15:00:00+00:00,2026-05-01 04:00:00+00:00,2026-05-04 15:51:00+00:00,4,70.78999999999999,73.0,gfs_20260430T1800Z.json,-2.210000000000008
1428,2026-05-04 16:00:00+00:00,2026-05-01 04:00:00+00:00,2026-05-04 16:51:00+00:00,4,73.0,76.0,gfs_20260430T1800Z.json,-3.0
1429,2026-05-04 17:00:00+00:00,2026-05-01 04:00:00+00:00,2026-05-04 17:51:00+00:00,4,74.83,78.0,gfs_20260430T1800Z.json,-3.1700000000000017
1430,2026-05-04 18:00:00+00:00,2026-05-01 04:00:00+00:00,2026-05-04 18:51:00+00:00,4,76.035,77.0,gfs_20260430T1800Z.json,-0.9650000000000034
1431,2026-05-04 19:00:00+00:00,2026-05-01 04:00:00+00:00,2026-05-04 19:51:00+00:00,4,76.285,81.0,gfs_20260430T1800Z.json,-4.715000000000003
1432,2026-05-04 20:00:00+00:00,2026-05-01 04:00:00+00:00,2026-05-04 20:51:00+00:00,4,75.705,81.0,gfs_20260430T1800Z.json,-5.295000000000002
1433,2026-05-04 21:00:00+00:00,2026-05-01 04:00:00+00:00,2026-05-04 21:51:00+00:00,4,73.89999999999999,80.0,gfs_20260430T1800Z.json,-6.1000000000000085
1434,2026-05-04 22:00:00+00:00,2026-05-01 04:00:00+00:00,2026-05-04 22:51:00+00:00,4,70.115,79.0,gfs_20260430T1800Z.json,-8.885000000000005
1435,2026-05-04 23:00:00+00:00,2026-05-01 04:00:00+00:00,2026-05-04 23:51:00+00:00,4,66.78,76.0,gfs_20260430T1800Z.json,-9.219999999999999
1436,2026-05-05 00:00:00+00:00,2026-05-01 04:00:00+00:00,2026-05-05 00:51:00+00:00,4,65.195,72.0,gfs_20260430T1800Z.json,-6.805000000000007
1437,2026-05-05 01:00:00+00:00,2026-05-01 04:00:00+00:00,2026-05-05 01:51:00+00:00,4,62.365,70.0,gfs_20260430T1800Z.json,-7.634999999999998
1438,2026-05-05 02:00:00+00:00,2026-05-01 04:00:00+00:00,2026-05-05 02:51:00+00:00,4,60.285,67.0,gfs_20260430T1800Z.json,-6.715000000000003
1439,2026-05-05 03:00:00+00:00,2026-05-01 04:00:00+00:00,2026-05-05 03:51:00+00:00,4,58.725,65.0,gfs_20260430T1800Z.json,-6.274999999999999
1440,2026-05-05 04:00:00+00:00,2026-05-01 04:00:00+00:00,2026-05-05 04:51:00+00:00,5,57.905,63.0,gfs_20260430T1800Z.json,-5.094999999999999
1441,2026-05-05 05:00:00+00:00,2026-05-01 04:00:00+00:00,2026-05-05 05:51:00+00:00,5,57.375,62.0,gfs_20260430T1800Z.json,-4.625
1442,2026-05-05 06:00:00+00:00,2026-05-01 04:00:00+00:00,2026-05-05 06:51:00+00:00,5,56.62,62.0,gfs_20260430T1800Z.json,-5.380000000000003
1443,2026-05-05 07:00:00+00:00,2026-05-01 04:00:00+00:00,2026-05-05 07:51:00+00:00,5,56.245000000000005,60.0,gfs_20260430T1800Z.json,-3.7549999999999955
1444,2026-05-05 08:00:00+00:00,2026-05-01 04:00:00+00:00,2026-05-05 08:51:00+00:00,5,55.605000000000004,58.0,gfs_20260430T1800Z.json,-2.394999999999996
1445,2026-05-05 09:00:00+00:00,2026-05-01 04:00:00+00:00,2026-05-05 09:51:00+00:00,5,54.225,58.0,gfs_20260430T1800Z.json,-3.7749999999999986
1446,2026-05-05 10:00:00+00:00,2026-05-01 04:00:00+00:00,2026-05-05 10:51:00+00:00,5,53.83,58.0,gfs_20260430T1800Z.json,-4.170000000000002
1447,2026-05-05 11:00:00+00:00,2026-05-01 04:00:00+00:00,2026-05-05 11:51:00+00:00,5,57.795,60.0,gfs_20260430T1800Z.json,-2.2049999999999983
1448,2026-05-05 12:00:00+00:00,2026-05-01 04:00:00+00:00,2026-05-05 12:51:00+00:00,5,62.835,65.0,gfs_20260430T1800Z.json,-2.164999999999999
1449,2026-05-05 13:00:00+00:00,2026-05-01 04:00:00+00:00,2026-05-05 13:51:00+00:00,5,67.425,69.0,gfs_20260430T1800Z.json,-1.5750000000000028
1450,2026-05-05 14:00:00+00:00,2026-05-01 04:00:00+00:00,2026-05-05 14:51:00+00:00,5,71.16,74.0,gfs_20260430T1800Z.json,-2.8400000000000034
1451,2026-05-05 15:00:00+00:00,2026-05-01 04:00:00+00:00,2026-05-05 15:51:00+00:00,5,74.08,77.0,gfs_20260430T1800Z.json,-2.9200000000000017
1452,2026-05-05 16:00:00+00:00,2026-05-01 04:00:00+00:00,2026-05-05 16:51:00+00:00,5,76.2,81.0,gfs_20260430T1800Z.json,-4.799999999999997
1453,2026-05-05 17:00:00+00:00,2026-05-01 04:00:00+00:00,2026-05-05 17:51:00+00:00,5,78.2,81.0,gfs_20260430T1800Z.json,-2.799999999999997
1454,2026-05-05 18:00:00+00:00,2026-05-01 04:00:00+00:00,2026-05-05 18:51:00+00:00,5,78.67,84.0,gfs_20260430T1800Z.json,-5.329999999999998
1455,2026-05-05 19:00:00+00:00,2026-05-01 04:00:00+00:00,2026-05-05 19:51:00+00:00,5,78.105,82.0,gfs_20260430T1800Z.json,-3.894999999999996
1456,2026-05-05 20:00:00+00:00,2026-05-01 04:00:00+00:00,2026-05-05 20:51:00+00:00,5,76.895,82.0,gfs_20260430T1800Z.json,-5.105000000000004
1457,2026-05-05 21:00:00+00:00,2026-05-01 04:00:00+00:00,2026-05-05 21:51:00+00:00,5,75.0,81.0,gfs_20260430T1800Z.json,-6.0
1458,2026-05-05 22:00:00+00:00,2026-05-01 04:00:00+00:00,2026-05-05 22:51:00+00:00,5,72.405,79.0,gfs_20260430T1800Z.json,-6.594999999999999
1459,2026-05-05 23:00:00+00:00,2026-05-01 04:00:00+00:00,2026-05-05 23:51:00+00:00,5,69.875,76.0,gfs_20260430T1800Z.json,-6.125
1460,2026-05-06 00:00:00+00:00,2026-05-01 04:00:00+00:00,2026-05-06 00:51:00+00:00,5,67.46,73.0,gfs_20260430T1800Z.json,-5.540000000000006
1461,2026-05-06 01:00:00+00:00,2026-05-01 04:00:00+00:00,2026-05-06 01:51:00+00:00,5,65.23,71.0,gfs_20260430T1800Z.json,-5.769999999999996
1462,2026-05-06 02:00:00+00:00,2026-05-01 04:00:00+00:00,2026-05-06 02:51:00+00:00,5,63.455000000000005,68.0,gfs_20260430T1800Z.json,-4.544999999999995
1463,2026-05-06 03:00:00+00:00,2026-05-01 04:00:00+00:00,2026-05-06 03:51:00+00:00,5,62.434999999999995,66.0,gfs_20260430T1800Z.json,-3.565000000000005
1464,2026-05-06 04:00:00+00:00,2026-05-01 04:00:00+00:00,2026-05-06 04:51:00+00:00,6,62.045,65.0,gfs_20260430T1800Z.json,-2.9549999999999983
1465,2026-05-06 05:00:00+00:00,2026-05-01 04:00:00+00:00,2026-05-06 05:51:00+00:00,6,61.83,64.0,gfs_20260430T1800Z.json,-2.1700000000000017
1466,2026-05-06 06:00:00+00:00,2026-05-01 04:00:00+00:00,2026-05-06 06:51:00+00:00,6,61.46,63.0,gfs_20260430T1800Z.json,-1.5399999999999991
1467,2026-05-06 07:00:00+00:00,2026-05-01 04:00:00+00:00,2026-05-06 07:51:00+00:00,6,61.230000000000004,62.0,gfs_20260430T1800Z.json,-0.769999999999996
1468,2026-05-06 08:00:00+00:00,2026-05-01 04:00:00+00:00,2026-05-06 08:51:00+00:00,6,61.2,63.0,gfs_20260430T1800Z.json,-1.7999999999999972
1469,2026-05-06 09:00:00+00:00,2026-05-01 04:00:00+00:00,2026-05-06 09:51:00+00:00,6,61.285,63.0,gfs_20260430T1800Z.json,-1.7150000000000034
1470,2026-05-06 10:00:00+00:00,2026-05-01 04:00:00+00:00,2026-05-06 10:51:00+00:00,6,61.555,63.0,gfs_20260430T1800Z.json,-1.4450000000000003
1471,2026-05-06 11:00:00+00:00,2026-05-01 04:00:00+00:00,2026-05-06 11:51:00+00:00,6,62.62,65.0,gfs_20260430T1800Z.json,-2.3800000000000026
1472,2026-05-06 12:00:00+00:00,2026-05-01 04:00:00+00:00,2026-05-06 12:51:00+00:00,6,65.69,65.0,gfs_20260430T1800Z.json,0.6899999999999977
1473,2026-05-06 13:00:00+00:00,2026-05-01 04:00:00+00:00,2026-05-06 13:51:00+00:00,6,69.855,68.0,gfs_20260430T1800Z.json,1.855000000000004
1474,2026-05-06 14:00:00+00:00,2026-05-01 04:00:00+00:00,2026-05-06 14:51:00+00:00,6,72.54,70.0,gfs_20260430T1800Z.json,2.5400000000000063
1475,2026-05-06 15:00:00+00:00,2026-05-01 04:00:00+00:00,2026-05-06 15:51:00+00:00,6,71.795,72.0,gfs_20260430T1800Z.json,-0.2049999999999983
1476,2026-05-06 16:00:00+00:00,2026-05-01 04:00:00+00:00,2026-05-06 16:51:00+00:00,6,68.795,71.0,gfs_20260430T1800Z.json,-2.2049999999999983
1477,2026-05-06 17:00:00+00:00,2026-05-01 04:00:00+00:00,2026-05-06 17:51:00+00:00,6,66.09,77.0,gfs_20260430T1800Z.json,-10.909999999999997
1478,2026-05-06 18:00:00+00:00,2026-05-01 04:00:00+00:00,2026-05-06 18:51:00+00:00,6,64.85000000000001,69.0,gfs_20260430T1800Z.json,-4.1499999999999915
1479,2026-05-06 19:00:00+00:00,2026-05-01 04:00:00+00:00,2026-05-06 19:51:00+00:00,6,64.44500000000001,70.0,gfs_20260430T1800Z.json,-5.554999999999993
1480,2026-05-06 20:00:00+00:00,2026-05-01 04:00:00+00:00,2026-05-06 20:51:00+00:00,6,64.315,73.0,gfs_20260430T1800Z.json,-8.685000000000002
1481,2026-05-06 21:00:00+00:00,2026-05-01 04:00:00+00:00,2026-05-06 21:51:00+00:00,6,64.3,75.0,gfs_20260430T1800Z.json,-10.700000000000003
1482,2026-05-06 22:00:00+00:00,2026-05-01 04:00:00+00:00,2026-05-06 22:51:00+00:00,6,64.55499999999999,74.0,gfs_20260430T1800Z.json,-9.445000000000007
1483,2026-05-06 23:00:00+00:00,2026-05-01 04:00:00+00:00,2026-05-06 23:51:00+00:00,6,64.6,71.0,gfs_20260430T1800Z.json,-6.400000000000006
1484,2026-05-07 00:00:00+00:00,2026-05-01 04:00:00+00:00,2026-05-07 00:51:00+00:00,6,64.175,71.0,gfs_20260430T1800Z.json,-6.825000000000003
1485,2026-05-07 01:00:00+00:00,2026-05-01 04:00:00+00:00,2026-05-07 01:51:00+00:00,6,63.419999999999995,72.0,gfs_20260430T1800Z.json,-8.580000000000005
1486,2026-05-07 02:00:00+00:00,2026-05-01 04:00:00+00:00,2026-05-07 02:51:00+00:00,6,63.045,72.0,gfs_20260430T1800Z.json,-8.954999999999998
1487,2026-05-07 03:00:00+00:00,2026-05-01 04:00:00+00:00,2026-05-07 03:51:00+00:00,6,63.51,68.0,gfs_20260430T1800Z.json,-4.490000000000002
1488,2026-05-07 04:00:00+00:00,2026-05-01 04:00:00+00:00,2026-05-07 04:51:00+00:00,7,64.535,66.0,gfs_20260430T1800Z.json,-1.4650000000000034
1489,2026-05-07 05:00:00+00:00,2026-05-01 04:00:00+00:00,2026-05-07 05:51:00+00:00,7,65.38,65.0,gfs_20260430T1800Z.json,0.37999999999999545
1490,2026-05-07 06:00:00+00:00,2026-05-01 04:00:00+00:00,2026-05-07 06:51:00+00:00,7,65.925,65.0,gfs_20260430T1800Z.json,0.9249999999999972
1491,2026-05-07 07:00:00+00:00,2026-05-01 04:00:00+00:00,2026-05-07 07:51:00+00:00,7,66.255,65.0,gfs_20260430T1800Z.json,1.2549999999999955
1492,2026-05-07 08:00:00+00:00,2026-05-01 04:00:00+00:00,2026-05-07 08:51:00+00:00,7,66.385,65.0,gfs_20260430T1800Z.json,1.3850000000000051
1493,2026-05-07 09:00:00+00:00,2026-05-01 04:00:00+00:00,2026-05-07 09:51:00+00:00,7,66.23,65.0,gfs_20260430T1800Z.json,1.230000000000004
1494,2026-05-07 10:00:00+00:00,2026-05-01 04:00:00+00:00,2026-05-07 10:51:00+00:00,7,65.94500000000001,66.0,gfs_20260430T1800Z.json,-0.05499999999999261
1495,2026-05-07 11:00:00+00:00,2026-05-01 04:00:00+00:00,2026-05-07 11:51:00+00:00,7,66.07,67.0,gfs_20260430T1800Z.json,-0.9300000000000068
1496,2026-05-07 12:00:00+00:00,2026-05-01 04:00:00+00:00,2026-05-07 12:51:00+00:00,7,67.63000000000001,67.0,gfs_20260430T1800Z.json,0.6300000000000097
1497,2026-05-07 13:00:00+00:00,2026-05-01 04:00:00+00:00,2026-05-07 13:51:00+00:00,7,69.855,68.0,gfs_20260430T1800Z.json,1.855000000000004
1498,2026-05-07 14:00:00+00:00,2026-05-01 04:00:00+00:00,2026-05-07 14:51:00+00:00,7,70.53999999999999,68.0,gfs_20260430T1800Z.json,2.539999999999992
1499,2026-05-07 15:00:00+00:00,2026-05-01 04:00:00+00:00,2026-05-07 15:51:00+00:00,7,67.19999999999999,68.0,gfs_20260430T1800Z.json,-0.8000000000000114
1500,2026-05-07 16:00:00+00:00,2026-05-01 04:00:00+00:00,2026-05-07 16:51:00+00:00,7,61.669999999999995,68.0,gfs_20260430T1800Z.json,-6.330000000000005
1501,2026-05-07 17:00:00+00:00,2026-05-01 04:00:00+00:00,2026-05-07 17:51:00+00:00,7,58.08,58.0,gfs_20260430T1800Z.json,0.0799999999999983
1502,2026-05-07 18:00:00+00:00,2026-05-01 04:00:00+00:00,2026-05-07 18:51:00+00:00,7,59.894999999999996,57.0,gfs_20260430T1800Z.json,2.894999999999996
1503,2026-05-07 19:00:00+00:00,2026-05-01 04:00:00+00:00,2026-05-07 19:51:00+00:00,7,64.975,56.0,gfs_20260430T1800Z.json,8.974999999999994
1504,2026-05-07 20:00:00+00:00,2026-05-01 04:00:00+00:00,2026-05-07 20:51:00+00:00,7,68.52,55.0,gfs_20260430T1800Z.json,13.519999999999996
1505,2026-05-07 21:00:00+00:00,2026-05-01 04:00:00+00:00,2026-05-07 21:51:00+00:00,7,67.64,56.0,gfs_20260430T1800Z.json,11.64
1506,2026-05-07 22:00:00+00:00,2026-05-01 04:00:00+00:00,2026-05-07 22:51:00+00:00,7,64.17,55.0,gfs_20260430T1800Z.json,9.170000000000002
1507,2026-05-07 23:00:00+00:00,2026-05-01 04:00:00+00:00,2026-05-07 23:51:00+00:00,7,60.794999999999995,55.0,gfs_20260430T1800Z.json,5.794999999999995
1508,2026-05-08 00:00:00+00:00,2026-05-01 04:00:00+00:00,2026-05-08 00:51:00+00:00,7,58.855000000000004,55.0,gfs_20260430T1800Z.json,3.855000000000004
1509,2026-05-08 01:00:00+00:00,2026-05-01 04:00:00+00:00,2026-05-08 01:51:00+00:00,7,57.495,55.0,gfs_20260430T1800Z.json,2.4949999999999974
1510,2026-05-08 02:00:00+00:00,2026-05-01 04:00:00+00:00,2026-05-08 02:51:00+00:00,7,56.195,55.0,gfs_20260430T1800Z.json,1.1950000000000003
1511,2026-05-08 03:00:00+00:00,2026-05-01 04:00:00+00:00,2026-05-08 03:51:00+00:00,7,54.470000000000006,54.0,gfs_20260430T1800Z.json,0.47000000000000597
1512,2026-05-08 04:00:00+00:00,2026-05-01 04:00:00+00:00,2026-05-08 04:51:00+00:00,8,52.67,54.0,gfs_20260430T1800Z.json,-1.3299999999999983
1513,2026-05-08 05:00:00+00:00,2026-05-01 04:00:00+00:00,2026-05-08 05:51:00+00:00,8,51.04,52.0,gfs_20260430T1800Z.json,-0.9600000000000009
1514,2026-05-08 06:00:00+00:00,2026-05-01 04:00:00+00:00,2026-05-08 06:51:00+00:00,8,49.695,53.0,gfs_20260430T1800Z.json,-3.3049999999999997
1515,2026-05-08 07:00:00+00:00,2026-05-01 04:00:00+00:00,2026-05-08 07:51:00+00:00,8,48.565,51.0,gfs_20260430T1800Z.json,-2.4350000000000023
1516,2026-05-08 08:00:00+00:00,2026-05-01 04:00:00+00:00,2026-05-08 08:51:00+00:00,8,47.975,50.0,gfs_20260430T1800Z.json,-2.0249999999999986
1517,2026-05-08 09:00:00+00:00,2026-05-01 04:00:00+00:00,2026-05-08 09:51:00+00:00,8,47.985,50.0,gfs_20260430T1800Z.json,-2.0150000000000006
1518,2026-05-08 10:00:00+00:00,2026-05-01 04:00:00+00:00,2026-05-08 10:51:00+00:00,8,48.595,49.0,gfs_20260430T1800Z.json,-0.40500000000000114
1519,2026-05-08 11:00:00+00:00,2026-05-01 04:00:00+00:00,2026-05-08 11:51:00+00:00,8,49.89,50.0,gfs_20260430T1800Z.json,-0.10999999999999943
1520,2026-05-08 12:00:00+00:00,2026-05-01 04:00:00+00:00,2026-05-08 12:51:00+00:00,8,52.225,52.0,gfs_20260430T1800Z.json,0.22500000000000142
1521,2026-05-08 13:00:00+00:00,2026-05-01 04:00:00+00:00,2026-05-08 13:51:00+00:00,8,55.405,61.0,gfs_20260430T1800Z.json,-5.594999999999999
1522,2026-05-08 14:00:00+00:00,2026-05-01 04:00:00+00:00,2026-05-08 14:51:00+00:00,8,58.449999999999996,63.0,gfs_20260430T1800Z.json,-4.550000000000004
1523,2026-05-08 15:00:00+00:00,2026-05-01 04:00:00+00:00,2026-05-08 15:51:00+00:00,8,60.94,65.0,gfs_20260430T1800Z.json,-4.060000000000002
1524,2026-05-08 16:00:00+00:00,2026-05-01 04:00:00+00:00,2026-05-08 16:51:00+00:00,8,63.17,69.0,gfs_20260430T1800Z.json,-5.829999999999998
1525,2026-05-08 17:00:00+00:00,2026-05-01 04:00:00+00:00,2026-05-08 17:51:00+00:00,8,65.11500000000001,69.0,gfs_20260430T1800Z.json,-3.884999999999991
1526,2026-05-08 18:00:00+00:00,2026-05-01 04:00:00+00:00,2026-05-08 18:51:00+00:00,8,66.93,71.0,gfs_20260430T1800Z.json,-4.069999999999993
1527,2026-05-08 19:00:00+00:00,2026-05-01 04:00:00+00:00,2026-05-08 19:51:00+00:00,8,68.56,71.0,gfs_20260430T1800Z.json,-2.4399999999999977
1528,2026-05-08 20:00:00+00:00,2026-05-01 04:00:00+00:00,2026-05-08 20:51:00+00:00,8,68.8,73.0,gfs_20260430T1800Z.json,-4.200000000000003
1529,2026-05-08 21:00:00+00:00,2026-05-01 04:00:00+00:00,2026-05-08 21:51:00+00:00,8,66.59,70.0,gfs_20260430T1800Z.json,-3.4099999999999966
1530,2026-05-08 22:00:00+00:00,2026-05-01 04:00:00+00:00,2026-05-08 22:51:00+00:00,8,62.63,69.0,gfs_20260430T1800Z.json,-6.369999999999997
1531,2026-05-08 23:00:00+00:00,2026-05-01 04:00:00+00:00,2026-05-08 23:51:00+00:00,8,58.855,66.0,gfs_20260430T1800Z.json,-7.145000000000003
1532,2026-05-09 00:00:00+00:00,2026-05-01 04:00:00+00:00,2026-05-09 00:51:00+00:00,8,56.09,63.0,gfs_20260430T1800Z.json,-6.909999999999997
1533,2026-05-09 01:00:00+00:00,2026-05-01 04:00:00+00:00,2026-05-09 01:51:00+00:00,8,53.915,62.0,gfs_20260430T1800Z.json,-8.085
1534,2026-05-09 02:00:00+00:00,2026-05-01 04:00:00+00:00,2026-05-09 02:51:00+00:00,8,52.155,61.0,gfs_20260430T1800Z.json,-8.844999999999999
1535,2026-05-09 03:00:00+00:00,2026-05-01 04:00:00+00:00,2026-05-09 03:51:00+00:00,8,50.795,60.0,gfs_20260430T1800Z.json,-9.204999999999998
1536,2026-05-09 04:00:00+00:00,2026-05-01 04:00:00+00:00,2026-05-09 04:51:00+00:00,9,49.835,60.0,gfs_20260430T1800Z.json,-10.165
1537,2026-05-09 05:00:00+00:00,2026-05-01 04:00:00+00:00,2026-05-09 05:51:00+00:00,9,49.105000000000004,59.0,gfs_20260430T1800Z.json,-9.894999999999996
1538,2026-05-09 06:00:00+00:00,2026-05-01 04:00:00+00:00,2026-05-09 06:51:00+00:00,9,48.32,58.0,gfs_20260430T1800Z.json,-9.68
1539,2026-05-09 07:00:00+00:00,2026-05-01 04:00:00+00:00,2026-05-09 07:51:00+00:00,9,47.775000000000006,55.0,gfs_20260430T1800Z.json,-7.224999999999994
1540,2026-05-09 08:00:00+00:00,2026-05-01 04:00:00+00:00,2026-05-09 08:51:00+00:00,9,47.87,54.0,gfs_20260430T1800Z.json,-6.130000000000003
1541,2026-05-09 09:00:00+00:00,2026-05-01 04:00:00+00:00,2026-05-09 09:51:00+00:00,9,48.835,54.0,gfs_20260430T1800Z.json,-5.164999999999999
1542,2026-05-09 10:00:00+00:00,2026-05-01 04:00:00+00:00,2026-05-09 10:51:00+00:00,9,50.529999999999994,54.0,gfs_20260430T1800Z.json,-3.470000000000006
1543,2026-05-09 11:00:00+00:00,2026-05-01 04:00:00+00:00,2026-05-09 11:51:00+00:00,9,53.265,59.0,gfs_20260430T1800Z.json,-5.734999999999999
1544,2026-05-09 12:00:00+00:00,2026-05-01 04:00:00+00:00,2026-05-09 12:51:00+00:00,9,57.61,62.0,gfs_20260430T1800Z.json,-4.390000000000001
1545,2026-05-09 13:00:00+00:00,2026-05-01 04:00:00+00:00,2026-05-09 13:51:00+00:00,9,63.059999999999995,67.0,gfs_20260430T1800Z.json,-3.940000000000005
1546,2026-05-09 14:00:00+00:00,2026-05-01 04:00:00+00:00,2026-05-09 14:51:00+00:00,9,68.235,68.0,gfs_20260430T1800Z.json,0.23499999999999943
1547,2026-05-09 15:00:00+00:00,2026-05-01 04:00:00+00:00,2026-05-09 15:51:00+00:00,9,72.4,72.0,gfs_20260430T1800Z.json,0.4000000000000057
1548,2026-05-09 16:00:00+00:00,2026-05-01 04:00:00+00:00,2026-05-09 16:51:00+00:00,9,75.80499999999999,73.0,gfs_20260430T1800Z.json,2.8049999999999926
1549,2026-05-09 17:00:00+00:00,2026-05-01 04:00:00+00:00,2026-05-09 17:51:00+00:00,9,78.34,74.0,gfs_20260430T1800Z.json,4.340000000000003
1550,2026-05-09 18:00:00+00:00,2026-05-01 04:00:00+00:00,2026-05-09 18:51:00+00:00,9,79.635,74.0,gfs_20260430T1800Z.json,5.635000000000005
1551,2026-05-09 19:00:00+00:00,2026-05-01 04:00:00+00:00,2026-05-09 19:51:00+00:00,9,79.885,74.0,gfs_20260430T1800Z.json,5.885000000000005
1552,2026-05-09 20:00:00+00:00,2026-05-01 04:00:00+00:00,2026-05-09 20:51:00+00:00,9,79.05000000000001,73.0,gfs_20260430T1800Z.json,6.050000000000011
1553,2026-05-09 21:00:00+00:00,2026-05-01 04:00:00+00:00,2026-05-09 21:51:00+00:00,9,76.775,74.0,gfs_20260430T1800Z.json,2.7750000000000057
1554,2026-05-09 22:00:00+00:00,2026-05-01 04:00:00+00:00,2026-05-09 22:51:00+00:00,9,73.34,72.0,gfs_20260430T1800Z.json,1.3400000000000034
1555,2026-05-09 23:00:00+00:00,2026-05-01 04:00:00+00:00,2026-05-09 23:51:00+00:00,9,69.655,70.0,gfs_20260430T1800Z.json,-0.34499999999999886
1556,2026-05-10 00:00:00+00:00,2026-05-01 04:00:00+00:00,2026-05-10 00:51:00+00:00,9,66.04,68.0,gfs_20260430T1800Z.json,-1.9599999999999937
1557,2026-05-10 01:00:00+00:00,2026-05-01 04:00:00+00:00,2026-05-10 01:51:00+00:00,9,62.355,65.0,gfs_20260430T1800Z.json,-2.645000000000003
1558,2026-05-10 02:00:00+00:00,2026-05-01 04:00:00+00:00,2026-05-10 02:51:00+00:00,9,58.824999999999996,64.0,gfs_20260430T1800Z.json,-5.175000000000004
1559,2026-05-10 03:00:00+00:00,2026-05-01 04:00:00+00:00,2026-05-10 03:51:00+00:00,9,55.665,63.0,gfs_20260430T1800Z.json,-7.335000000000001
1560,2026-05-10 04:00:00+00:00,2026-05-01 04:00:00+00:00,2026-05-10 04:51:00+00:00,10,52.82,62.0,gfs_20260430T1800Z.json,-9.18
1561,2026-05-10 05:00:00+00:00,2026-05-01 04:00:00+00:00,2026-05-10 05:51:00+00:00,10,50.445,63.0,gfs_20260430T1800Z.json,-12.555
1562,2026-05-10 06:00:00+00:00,2026-05-01 04:00:00+00:00,2026-05-10 06:51:00+00:00,10,48.4,61.0,gfs_20260430T1800Z.json,-12.600000000000001
1563,2026-05-10 07:00:00+00:00,2026-05-01 04:00:00+00:00,2026-05-10 07:51:00+00:00,10,46.74,61.0,gfs_20260430T1800Z.json,-14.259999999999998
1564,2026-05-10 08:00:00+00:00,2026-05-01 04:00:00+00:00,2026-05-10 08:51:00+00:00,10,45.99,60.0,gfs_20260430T1800Z.json,-14.009999999999998
1565,2026-05-10 09:00:00+00:00,2026-05-01 04:00:00+00:00,2026-05-10 09:51:00+00:00,10,46.41,59.0,gfs_20260430T1800Z.json,-12.590000000000003
1566,2026-05-10 10:00:00+00:00,2026-05-01 04:00:00+00:00,2026-05-10 10:51:00+00:00,10,47.775,60.0,gfs_20260430T1800Z.json,-12.225000000000001
1567,2026-05-10 11:00:00+00:00,2026-05-01 04:00:00+00:00,2026-05-10 11:51:00+00:00,10,49.870000000000005,62.0,gfs_20260430T1800Z.json,-12.129999999999995
1568,2026-05-10 12:00:00+00:00,2026-05-01 04:00:00+00:00,2026-05-10 12:51:00+00:00,10,53.09,67.0,gfs_20260430T1800Z.json,-13.909999999999997
1569,2026-05-10 13:00:00+00:00,2026-05-01 04:00:00+00:00,2026-05-10 13:51:00+00:00,10,57.0,72.0,gfs_20260430T1800Z.json,-15.0
1570,2026-05-10 14:00:00+00:00,2026-05-01 04:00:00+00:00,2026-05-10 14:51:00+00:00,10,60.83,76.0,gfs_20260430T1800Z.json,-15.170000000000002
1571,2026-05-10 15:00:00+00:00,2026-05-01 04:00:00+00:00,2026-05-10 15:51:00+00:00,10,64.205,79.0,gfs_20260430T1800Z.json,-14.795000000000002
1572,2026-05-10 16:00:00+00:00,2026-05-01 04:00:00+00:00,2026-05-10 16:51:00+00:00,10,67.25,81.0,gfs_20260430T1800Z.json,-13.75
1573,2026-05-10 17:00:00+00:00,2026-05-01 04:00:00+00:00,2026-05-10 17:51:00+00:00,10,69.4,83.0,gfs_20260430T1800Z.json,-13.599999999999994
1574,2026-05-10 18:00:00+00:00,2026-05-01 04:00:00+00:00,2026-05-10 18:51:00+00:00,10,70.295,85.0,gfs_20260430T1800Z.json,-14.704999999999998
1575,2026-05-10 19:00:00+00:00,2026-05-01 04:00:00+00:00,2026-05-10 19:51:00+00:00,10,70.23,84.0,gfs_20260430T1800Z.json,-13.769999999999996
1576,2026-05-10 20:00:00+00:00,2026-05-01 04:00:00+00:00,2026-05-10 20:51:00+00:00,10,69.01,86.0,gfs_20260430T1800Z.json,-16.989999999999995
1577,2026-05-10 21:00:00+00:00,2026-05-01 04:00:00+00:00,2026-05-10 21:51:00+00:00,10,65.995,84.0,gfs_20260430T1800Z.json,-18.004999999999995
1578,2026-05-10 22:00:00+00:00,2026-05-01 04:00:00+00:00,2026-05-10 22:51:00+00:00,10,61.76,83.0,gfs_20260430T1800Z.json,-21.240000000000002
1579,2026-05-10 23:00:00+00:00,2026-05-01 04:00:00+00:00,2026-05-10 23:51:00+00:00,10,58.125,79.0,gfs_20260430T1800Z.json,-20.875
1580,2026-05-11 00:00:00+00:00,2026-05-01 04:00:00+00:00,2026-05-11 00:51:00+00:00,10,56.155,73.0,gfs_20260430T1800Z.json,-16.845
1581,2026-05-11 01:00:00+00:00,2026-05-01 04:00:00+00:00,2026-05-11 01:51:00+00:00,10,55.22,72.0,gfs_20260430T1800Z.json,-16.78
1582,2026-05-11 02:00:00+00:00,2026-05-01 04:00:00+00:00,2026-05-11 02:51:00+00:00,10,54.675000000000004,70.0,gfs_20260430T1800Z.json,-15.324999999999996
1583,2026-05-11 03:00:00+00:00,2026-05-01 04:00:00+00:00,2026-05-11 03:51:00+00:00,10,54.175000000000004,66.0,gfs_20260430T1800Z.json,-11.824999999999996
1584,2026-05-11 04:00:00+00:00,2026-05-01 04:00:00+00:00,2026-05-11 04:51:00+00:00,11,53.93,63.0,gfs_20260430T1800Z.json,-9.07
1585,2026-05-11 05:00:00+00:00,2026-05-01 04:00:00+00:00,2026-05-11 05:51:00+00:00,11,53.730000000000004,61.0,gfs_20260430T1800Z.json,-7.269999999999996
1586,2026-05-11 06:00:00+00:00,2026-05-01 04:00:00+00:00,2026-05-11 06:51:00+00:00,11,53.105000000000004,58.0,gfs_20260430T1800Z.json,-4.894999999999996
1587,2026-05-11 07:00:00+00:00,2026-05-01 04:00:00+00:00,2026-05-11 07:51:00+00:00,11,52.405,58.0,gfs_20260430T1800Z.json,-5.594999999999999
1588,2026-05-11 08:00:00+00:00,2026-05-01 04:00:00+00:00,2026-05-11 08:51:00+00:00,11,52.215,55.0,gfs_20260430T1800Z.json,-2.7849999999999966
1589,2026-05-11 09:00:00+00:00,2026-05-01 04:00:00+00:00,2026-05-11 09:51:00+00:00,11,53.39,58.0,gfs_20260430T1800Z.json,-4.609999999999999
1590,2026-05-11 10:00:00+00:00,2026-05-01 04:00:00+00:00,2026-05-11 10:51:00+00:00,11,55.300000000000004,59.0,gfs_20260430T1800Z.json,-3.6999999999999957
1591,2026-05-11 11:00:00+00:00,2026-05-01 04:00:00+00:00,2026-05-11 11:51:00+00:00,11,56.705,62.0,gfs_20260430T1800Z.json,-5.295000000000002
1592,2026-05-11 12:00:00+00:00,2026-05-01 04:00:00+00:00,2026-05-11 12:51:00+00:00,11,56.56,63.0,gfs_20260430T1800Z.json,-6.439999999999998
1593,2026-05-11 13:00:00+00:00,2026-05-01 04:00:00+00:00,2026-05-11 13:51:00+00:00,11,55.48,64.0,gfs_20260430T1800Z.json,-8.520000000000003
1594,2026-05-11 14:00:00+00:00,2026-05-01 04:00:00+00:00,2026-05-11 14:51:00+00:00,11,54.705,65.0,gfs_20260430T1800Z.json,-10.295000000000002
1595,2026-05-11 15:00:00+00:00,2026-05-01 04:00:00+00:00,2026-05-11 15:51:00+00:00,11,54.6,63.0,gfs_20260430T1800Z.json,-8.399999999999999
1596,2026-05-11 16:00:00+00:00,2026-05-01 04:00:00+00:00,2026-05-11 16:51:00+00:00,11,55.11,59.0,gfs_20260430T1800Z.json,-3.8900000000000006
1597,2026-05-11 17:00:00+00:00,2026-05-01 04:00:00+00:00,2026-05-11 17:51:00+00:00,11,56.050000000000004,60.0,gfs_20260430T1800Z.json,-3.9499999999999957
1598,2026-05-11 18:00:00+00:00,2026-05-01 04:00:00+00:00,2026-05-11 18:51:00+00:00,11,57.73,58.0,gfs_20260430T1800Z.json,-0.2700000000000031
1599,2026-05-11 19:00:00+00:00,2026-05-01 04:00:00+00:00,2026-05-11 19:51:00+00:00,11,59.955,59.0,gfs_20260430T1800Z.json,0.9549999999999983
1600,2026-05-11 20:00:00+00:00,2026-05-01 04:00:00+00:00,2026-05-11 20:51:00+00:00,11,61.66,58.0,gfs_20260430T1800Z.json,3.6599999999999966
1601,2026-05-11 21:00:00+00:00,2026-05-01 04:00:00+00:00,2026-05-11 21:51:00+00:00,11,62.41,56.0,gfs_20260430T1800Z.json,6.409999999999997
1602,2026-05-11 22:00:00+00:00,2026-05-01 04:00:00+00:00,2026-05-11 22:51:00+00:00,11,62.5,54.0,gfs_20260430T1800Z.json,8.5
1603,2026-05-11 23:00:00+00:00,2026-05-01 04:00:00+00:00,2026-05-11 23:51:00+00:00,11,61.99,53.0,gfs_20260430T1800Z.json,8.990000000000002
1604,2026-05-12 00:00:00+00:00,2026-05-01 04:00:00+00:00,2026-05-12 00:51:00+00:00,11,60.964999999999996,50.0,gfs_20260430T1800Z.json,10.964999999999996
1605,2026-05-12 01:00:00+00:00,2026-05-01 04:00:00+00:00,2026-05-12 01:51:00+00:00,11,59.440000000000005,49.0,gfs_20260430T1800Z.json,10.440000000000005
1606,2026-05-12 02:00:00+00:00,2026-05-01 04:00:00+00:00,2026-05-12 02:51:00+00:00,11,57.84,48.0,gfs_20260430T1800Z.json,9.840000000000003
1607,2026-05-12 03:00:00+00:00,2026-05-01 04:00:00+00:00,2026-05-12 03:51:00+00:00,11,56.24,47.0,gfs_20260430T1800Z.json,9.240000000000002
1608,2026-05-12 04:00:00+00:00,2026-05-01 04:00:00+00:00,2026-05-12 04:51:00+00:00,12,54.64,46.0,gfs_20260430T1800Z.json,8.64
1609,2026-05-12 05:00:00+00:00,2026-05-01 04:00:00+00:00,2026-05-12 05:51:00+00:00,12,53.295,46.0,gfs_20260430T1800Z.json,7.295000000000002
1610,2026-05-12 06:00:00+00:00,2026-05-01 04:00:00+00:00,2026-05-12 06:51:00+00:00,12,52.25,45.0,gfs_20260430T1800Z.json,7.25
1611,2026-05-12 07:00:00+00:00,2026-05-01 04:00:00+00:00,2026-05-12 07:51:00+00:00,12,51.59,44.0,gfs_20260430T1800Z.json,7.590000000000003
1612,2026-05-12 08:00:00+00:00,2026-05-01 04:00:00+00:00,2026-05-12 08:51:00+00:00,12,51.5,43.0,gfs_20260430T1800Z.json,8.5
1613,2026-05-12 09:00:00+00:00,2026-05-01 04:00:00+00:00,2026-05-12 09:51:00+00:00,12,51.925,41.0,gfs_20260430T1800Z.json,10.924999999999997
1614,2026-05-12 10:00:00+00:00,2026-05-01 04:00:00+00:00,2026-05-12 10:51:00+00:00,12,53.02,42.0,gfs_20260430T1800Z.json,11.020000000000003
1615,2026-05-12 11:00:00+00:00,2026-05-01 04:00:00+00:00,2026-05-12 11:51:00+00:00,12,55.24,46.0,gfs_20260430T1800Z.json,9.240000000000002
1616,2026-05-12 12:00:00+00:00,2026-05-01 04:00:00+00:00,2026-05-12 12:51:00+00:00,12,59.510000000000005,52.0,gfs_20260430T1800Z.json,7.510000000000005
1617,2026-05-12 13:00:00+00:00,2026-05-01 04:00:00+00:00,2026-05-12 13:51:00+00:00,12,65.21499999999999,57.0,gfs_20260430T1800Z.json,8.21499999999999
1618,2026-05-12 14:00:00+00:00,2026-05-01 04:00:00+00:00,2026-05-12 14:51:00+00:00,12,70.18,63.0,gfs_20260430T1800Z.json,7.180000000000007
1619,2026-05-12 15:00:00+00:00,2026-05-01 04:00:00+00:00,2026-05-12 15:51:00+00:00,12,73.535,67.0,gfs_20260430T1800Z.json,6.534999999999997
1620,2026-05-12 16:00:00+00:00,2026-05-01 04:00:00+00:00,2026-05-12 16:51:00+00:00,12,75.7,69.0,gfs_20260430T1800Z.json,6.700000000000003
1621,2026-05-12 17:00:00+00:00,2026-05-01 04:00:00+00:00,2026-05-12 17:51:00+00:00,12,77.36,70.0,gfs_20260430T1800Z.json,7.359999999999999
1622,2026-05-12 18:00:00+00:00,2026-05-01 04:00:00+00:00,2026-05-12 18:51:00+00:00,12,78.96000000000001,72.0,gfs_20260430T1800Z.json,6.960000000000008
1623,2026-05-12 19:00:00+00:00,2026-05-01 04:00:00+00:00,2026-05-12 19:51:00+00:00,12,80.22,72.0,gfs_20260430T1800Z.json,8.219999999999999
1624,2026-05-12 20:00:00+00:00,2026-05-01 04:00:00+00:00,2026-05-12 20:51:00+00:00,12,79.97500000000001,72.0,gfs_20260430T1800Z.json,7.9750000000000085
1625,2026-05-12 21:00:00+00:00,2026-05-01 04:00:00+00:00,2026-05-12 21:51:00+00:00,12,77.265,72.0,gfs_20260430T1800Z.json,5.265000000000001
1626,2026-05-12 22:00:00+00:00,2026-05-01 04:00:00+00:00,2026-05-12 22:51:00+00:00,12,72.72,71.0,gfs_20260430T1800Z.json,1.7199999999999989
1627,2026-05-12 23:00:00+00:00,2026-05-01 04:00:00+00:00,2026-05-12 23:51:00+00:00,12,68.77,68.0,gfs_20260430T1800Z.json,0.769999999999996
1628,2026-05-13 00:00:00+00:00,2026-05-01 04:00:00+00:00,2026-05-13 00:51:00+00:00,12,66.755,64.0,gfs_20260430T1800Z.json,2.7549999999999955
1629,2026-05-13 01:00:00+00:00,2026-05-01 04:00:00+00:00,2026-05-13 01:51:00+00:00,12,65.905,62.0,gfs_20260430T1800Z.json,3.905000000000001
1630,2026-05-13 02:00:00+00:00,2026-05-01 04:00:00+00:00,2026-05-13 02:51:00+00:00,12,64.95,60.0,gfs_20260430T1800Z.json,4.950000000000003
1631,2026-05-13 03:00:00+00:00,2026-05-01 04:00:00+00:00,2026-05-13 03:51:00+00:00,12,63.525,60.0,gfs_20260430T1800Z.json,3.5249999999999986
1632,2026-05-13 04:00:00+00:00,2026-05-01 04:00:00+00:00,2026-05-13 04:51:00+00:00,13,61.855000000000004,57.0,gfs_20260430T1800Z.json,4.855000000000004
1633,2026-05-13 05:00:00+00:00,2026-05-01 04:00:00+00:00,2026-05-13 05:51:00+00:00,13,60.24,54.0,gfs_20260430T1800Z.json,6.240000000000002
1634,2026-05-13 06:00:00+00:00,2026-05-01 04:00:00+00:00,2026-05-13 06:51:00+00:00,13,58.214999999999996,51.0,gfs_20260430T1800Z.json,7.214999999999996
1635,2026-05-13 07:00:00+00:00,2026-05-01 04:00:00+00:00,2026-05-13 07:51:00+00:00,13,56.114999999999995,50.0,gfs_20260430T1800Z.json,6.114999999999995
1636,2026-05-13 08:00:00+00:00,2026-05-01 04:00:00+00:00,2026-05-13 08:51:00+00:00,13,55.205,49.0,gfs_20260430T1800Z.json,6.204999999999998
1637,2026-05-13 09:00:00+00:00,2026-05-01 04:00:00+00:00,2026-05-13 09:51:00+00:00,13,56.12,46.0,gfs_20260430T1800Z.json,10.119999999999997
1638,2026-05-13 10:00:00+00:00,2026-05-01 04:00:00+00:00,2026-05-13 10:51:00+00:00,13,58.51,47.0,gfs_20260430T1800Z.json,11.509999999999998
1639,2026-05-13 11:00:00+00:00,2026-05-01 04:00:00+00:00,2026-05-13 11:51:00+00:00,13,61.620000000000005,54.0,gfs_20260430T1800Z.json,7.6200000000000045
1640,2026-05-13 12:00:00+00:00,2026-05-01 04:00:00+00:00,2026-05-13 12:51:00+00:00,13,65.67,61.0,gfs_20260430T1800Z.json,4.670000000000002
1641,2026-05-13 13:00:00+00:00,2026-05-01 04:00:00+00:00,2026-05-13 13:51:00+00:00,13,70.38,67.0,gfs_20260430T1800Z.json,3.3799999999999955
1642,2026-05-13 14:00:00+00:00,2026-05-01 04:00:00+00:00,2026-05-13 14:51:00+00:00,13,74.67,71.0,gfs_20260430T1800Z.json,3.6700000000000017
1643,2026-05-13 15:00:00+00:00,2026-05-01 04:00:00+00:00,2026-05-13 15:51:00+00:00,13,77.85,71.0,gfs_20260430T1800Z.json,6.849999999999994
1644,2026-05-13 16:00:00+00:00,2026-05-01 04:00:00+00:00,2026-05-13 16:51:00+00:00,13,80.425,76.0,gfs_20260430T1800Z.json,4.424999999999997
1645,2026-05-13 17:00:00+00:00,2026-05-01 04:00:00+00:00,2026-05-13 17:51:00+00:00,13,82.33,78.0,gfs_20260430T1800Z.json,4.329999999999998
1646,2026-05-13 18:00:00+00:00,2026-05-01 04:00:00+00:00,2026-05-13 18:51:00+00:00,13,83.875,79.0,gfs_20260430T1800Z.json,4.875
1647,2026-05-13 19:00:00+00:00,2026-05-01 04:00:00+00:00,2026-05-13 19:51:00+00:00,13,84.865,79.0,gfs_20260430T1800Z.json,5.864999999999995
1648,2026-05-13 20:00:00+00:00,2026-05-01 04:00:00+00:00,2026-05-13 20:51:00+00:00,13,84.83,76.0,gfs_20260430T1800Z.json,8.829999999999998
1649,2026-05-13 21:00:00+00:00,2026-05-01 04:00:00+00:00,2026-05-13 21:51:00+00:00,13,83.185,78.0,gfs_20260430T1800Z.json,5.185000000000002
1650,2026-05-13 22:00:00+00:00,2026-05-01 04:00:00+00:00,2026-05-13 22:51:00+00:00,13,80.265,78.0,gfs_20260430T1800Z.json,2.2650000000000006
1651,2026-05-13 23:00:00+00:00,2026-05-01 04:00:00+00:00,2026-05-13 23:51:00+00:00,13,77.505,75.0,gfs_20260430T1800Z.json,2.5049999999999955
1652,2026-05-14 00:00:00+00:00,2026-05-01 04:00:00+00:00,2026-05-14 00:51:00+00:00,13,75.315,71.0,gfs_20260430T1800Z.json,4.314999999999998
1653,2026-05-14 01:00:00+00:00,2026-05-01 04:00:00+00:00,2026-05-14 01:51:00+00:00,13,73.55499999999999,69.0,gfs_20260430T1800Z.json,4.554999999999993
1654,2026-05-14 02:00:00+00:00,2026-05-01 04:00:00+00:00,2026-05-14 02:51:00+00:00,13,72.02499999999999,69.0,gfs_20260430T1800Z.json,3.0249999999999915
1655,2026-05-14 03:00:00+00:00,2026-05-01 04:00:00+00:00,2026-05-14 03:51:00+00:00,13,70.78,67.0,gfs_20260430T1800Z.json,3.780000000000001
1656,2026-05-14 04:00:00+00:00,2026-05-01 04:00:00+00:00,2026-05-14 04:51:00+00:00,14,69.83500000000001,63.0,gfs_20260430T1800Z.json,6.835000000000008
1657,2026-05-14 05:00:00+00:00,2026-05-01 04:00:00+00:00,2026-05-14 05:51:00+00:00,14,69.105,65.0,gfs_20260430T1800Z.json,4.105000000000004
1658,2026-05-14 06:00:00+00:00,2026-05-01 04:00:00+00:00,2026-05-14 06:51:00+00:00,14,68.575,62.0,gfs_20260430T1800Z.json,6.575000000000003
1659,2026-05-14 07:00:00+00:00,2026-05-01 04:00:00+00:00,2026-05-14 07:51:00+00:00,14,68.415,61.0,gfs_20260430T1800Z.json,7.415000000000006
1660,2026-05-14 08:00:00+00:00,2026-05-01 04:00:00+00:00,2026-05-14 08:51:00+00:00,14,68.23,60.0,gfs_20260430T1800Z.json,8.230000000000004
1661,2026-05-14 09:00:00+00:00,2026-05-01 04:00:00+00:00,2026-05-14 09:51:00+00:00,14,68.03,58.0,gfs_20260430T1800Z.json,10.030000000000001
1662,2026-05-14 10:00:00+00:00,2026-05-01 04:00:00+00:00,2026-05-14 10:51:00+00:00,14,67.915,59.0,gfs_20260430T1800Z.json,8.915000000000006
1663,2026-05-14 11:00:00+00:00,2026-05-01 04:00:00+00:00,2026-05-14 11:51:00+00:00,14,68.07,62.0,gfs_20260430T1800Z.json,6.069999999999993
1664,2026-05-14 12:00:00+00:00,2026-05-01 04:00:00+00:00,2026-05-14 12:51:00+00:00,14,68.61,64.0,gfs_20260430T1800Z.json,4.609999999999999
1665,2026-05-14 13:00:00+00:00,2026-05-01 04:00:00+00:00,2026-05-14 13:51:00+00:00,14,69.46499999999999,66.0,gfs_20260430T1800Z.json,3.464999999999989
1666,2026-05-14 14:00:00+00:00,2026-05-01 04:00:00+00:00,2026-05-14 14:51:00+00:00,14,70.44999999999999,67.0,gfs_20260430T1800Z.json,3.4499999999999886
1667,2026-05-14 15:00:00+00:00,2026-05-01 04:00:00+00:00,2026-05-14 15:51:00+00:00,14,71.28,68.0,gfs_20260430T1800Z.json,3.280000000000001
1668,2026-05-14 16:00:00+00:00,2026-05-01 04:00:00+00:00,2026-05-14 16:51:00+00:00,14,72.08,70.0,gfs_20260430T1800Z.json,2.0799999999999983
1669,2026-05-14 17:00:00+00:00,2026-05-01 04:00:00+00:00,2026-05-14 17:51:00+00:00,14,72.795,68.0,gfs_20260430T1800Z.json,4.795000000000002
1670,2026-05-14 18:00:00+00:00,2026-05-01 04:00:00+00:00,2026-05-14 18:51:00+00:00,14,73.75,68.0,gfs_20260430T1800Z.json,5.75
1671,2026-05-14 19:00:00+00:00,2026-05-01 04:00:00+00:00,2026-05-14 19:51:00+00:00,14,74.66499999999999,68.0,gfs_20260430T1800Z.json,6.664999999999992
1672,2026-05-14 20:00:00+00:00,2026-05-01 04:00:00+00:00,2026-05-14 20:51:00+00:00,14,74.46000000000001,66.0,gfs_20260430T1800Z.json,8.460000000000008
1673,2026-05-14 21:00:00+00:00,2026-05-01 04:00:00+00:00,2026-05-14 21:51:00+00:00,14,71.85000000000001,65.0,gfs_20260430T1800Z.json,6.8500000000000085
1674,2026-05-14 22:00:00+00:00,2026-05-01 04:00:00+00:00,2026-05-14 22:51:00+00:00,14,67.83,64.0,gfs_20260430T1800Z.json,3.8299999999999983
1675,2026-05-14 23:00:00+00:00,2026-05-01 04:00:00+00:00,2026-05-14 23:51:00+00:00,14,64.395,61.0,gfs_20260430T1800Z.json,3.394999999999996
1676,2026-05-15 00:00:00+00:00,2026-05-01 04:00:00+00:00,2026-05-15 00:51:00+00:00,14,62.964999999999996,57.0,gfs_20260430T1800Z.json,5.964999999999996
1677,2026-05-15 01:00:00+00:00,2026-05-01 04:00:00+00:00,2026-05-15 01:51:00+00:00,14,62.63,56.0,gfs_20260430T1800Z.json,6.630000000000003
1678,2026-05-15 02:00:00+00:00,2026-05-01 04:00:00+00:00,2026-05-15 02:51:00+00:00,14,62.685,55.0,gfs_20260430T1800Z.json,7.685000000000002
1679,2026-05-15 03:00:00+00:00,2026-05-01 04:00:00+00:00,2026-05-15 03:51:00+00:00,14,62.615,53.0,gfs_20260430T1800Z.json,9.615000000000002
1680,2026-05-08 04:00:00+00:00,2026-05-08 04:00:00+00:00,2026-05-08 04:51:00+00:00,1,53.375,54.0,gfs_20260507T1800Z.json,-0.625
1681,2026-05-08 05:00:00+00:00,2026-05-08 04:00:00+00:00,2026-05-08 05:51:00+00:00,1,51.345,52.0,gfs_20260507T1800Z.json,-0.6550000000000011
1682,2026-05-08 06:00:00+00:00,2026-05-08 04:00:00+00:00,2026-05-08 06:51:00+00:00,1,49.895,53.0,gfs_20260507T1800Z.json,-3.104999999999997
1683,2026-05-08 07:00:00+00:00,2026-05-08 04:00:00+00:00,2026-05-08 07:51:00+00:00,1,48.934999999999995,51.0,gfs_20260507T1800Z.json,-2.065000000000005
1684,2026-05-08 08:00:00+00:00,2026-05-08 04:00:00+00:00,2026-05-08 08:51:00+00:00,1,47.099999999999994,50.0,gfs_20260507T1800Z.json,-2.9000000000000057
1685,2026-05-08 09:00:00+00:00,2026-05-08 04:00:00+00:00,2026-05-08 09:51:00+00:00,1,45.099999999999994,50.0,gfs_20260507T1800Z.json,-4.900000000000006
1686,2026-05-08 10:00:00+00:00,2026-05-08 04:00:00+00:00,2026-05-08 10:51:00+00:00,1,45.309999999999995,49.0,gfs_20260507T1800Z.json,-3.690000000000005
1687,2026-05-08 11:00:00+00:00,2026-05-08 04:00:00+00:00,2026-05-08 11:51:00+00:00,1,48.120000000000005,50.0,gfs_20260507T1800Z.json,-1.8799999999999955
1688,2026-05-08 12:00:00+00:00,2026-05-08 04:00:00+00:00,2026-05-08 12:51:00+00:00,1,52.765,52.0,gfs_20260507T1800Z.json,0.7650000000000006
1689,2026-05-08 13:00:00+00:00,2026-05-08 04:00:00+00:00,2026-05-08 13:51:00+00:00,1,58.345000000000006,61.0,gfs_20260507T1800Z.json,-2.654999999999994
1690,2026-05-08 14:00:00+00:00,2026-05-08 04:00:00+00:00,2026-05-08 14:51:00+00:00,1,63.705,63.0,gfs_20260507T1800Z.json,0.7049999999999983
1691,2026-05-08 15:00:00+00:00,2026-05-08 04:00:00+00:00,2026-05-08 15:51:00+00:00,1,68.155,65.0,gfs_20260507T1800Z.json,3.155000000000001
1692,2026-05-08 16:00:00+00:00,2026-05-08 04:00:00+00:00,2026-05-08 16:51:00+00:00,1,70.755,69.0,gfs_20260507T1800Z.json,1.7549999999999955
1693,2026-05-08 17:00:00+00:00,2026-05-08 04:00:00+00:00,2026-05-08 17:51:00+00:00,1,72.375,69.0,gfs_20260507T1800Z.json,3.375
1694,2026-05-08 18:00:00+00:00,2026-05-08 04:00:00+00:00,2026-05-08 18:51:00+00:00,1,72.43,71.0,gfs_20260507T1800Z.json,1.4300000000000068
1695,2026-05-08 19:00:00+00:00,2026-05-08 04:00:00+00:00,2026-05-08 19:51:00+00:00,1,72.06,71.0,gfs_20260507T1800Z.json,1.0600000000000023
1696,2026-05-08 20:00:00+00:00,2026-05-08 04:00:00+00:00,2026-05-08 20:51:00+00:00,1,71.405,73.0,gfs_20260507T1800Z.json,-1.5949999999999989
1697,2026-05-08 21:00:00+00:00,2026-05-08 04:00:00+00:00,2026-05-08 21:51:00+00:00,1,70.365,70.0,gfs_20260507T1800Z.json,0.3649999999999949
1698,2026-05-08 22:00:00+00:00,2026-05-08 04:00:00+00:00,2026-05-08 22:51:00+00:00,1,66.12,69.0,gfs_20260507T1800Z.json,-2.8799999999999955
1699,2026-05-08 23:00:00+00:00,2026-05-08 04:00:00+00:00,2026-05-08 23:51:00+00:00,1,60.895,66.0,gfs_20260507T1800Z.json,-5.104999999999997
1700,2026-05-09 00:00:00+00:00,2026-05-08 04:00:00+00:00,2026-05-09 00:51:00+00:00,1,58.57,63.0,gfs_20260507T1800Z.json,-4.43
1701,2026-05-09 01:00:00+00:00,2026-05-08 04:00:00+00:00,2026-05-09 01:51:00+00:00,1,57.705,62.0,gfs_20260507T1800Z.json,-4.295000000000002
1702,2026-05-09 02:00:00+00:00,2026-05-08 04:00:00+00:00,2026-05-09 02:51:00+00:00,1,56.58,61.0,gfs_20260507T1800Z.json,-4.420000000000002
1703,2026-05-09 03:00:00+00:00,2026-05-08 04:00:00+00:00,2026-05-09 03:51:00+00:00,1,55.89,60.0,gfs_20260507T1800Z.json,-4.109999999999999
1704,2026-05-09 04:00:00+00:00,2026-05-08 04:00:00+00:00,2026-05-09 04:51:00+00:00,2,55.545,60.0,gfs_20260507T1800Z.json,-4.454999999999998
1705,2026-05-09 05:00:00+00:00,2026-05-08 04:00:00+00:00,2026-05-09 05:51:00+00:00,2,54.82,59.0,gfs_20260507T1800Z.json,-4.18
1706,2026-05-09 06:00:00+00:00,2026-05-08 04:00:00+00:00,2026-05-09 06:51:00+00:00,2,54.105000000000004,58.0,gfs_20260507T1800Z.json,-3.894999999999996
1707,2026-05-09 07:00:00+00:00,2026-05-08 04:00:00+00:00,2026-05-09 07:51:00+00:00,2,53.745000000000005,55.0,gfs_20260507T1800Z.json,-1.2549999999999955
1708,2026-05-09 08:00:00+00:00,2026-05-08 04:00:00+00:00,2026-05-09 08:51:00+00:00,2,54.295,54.0,gfs_20260507T1800Z.json,0.2950000000000017
1709,2026-05-09 09:00:00+00:00,2026-05-08 04:00:00+00:00,2026-05-09 09:51:00+00:00,2,54.824999999999996,54.0,gfs_20260507T1800Z.json,0.8249999999999957
1710,2026-05-09 10:00:00+00:00,2026-05-08 04:00:00+00:00,2026-05-09 10:51:00+00:00,2,55.665,54.0,gfs_20260507T1800Z.json,1.6649999999999991
1711,2026-05-09 11:00:00+00:00,2026-05-08 04:00:00+00:00,2026-05-09 11:51:00+00:00,2,59.455,59.0,gfs_20260507T1800Z.json,0.4549999999999983
1712,2026-05-09 12:00:00+00:00,2026-05-08 04:00:00+00:00,2026-05-09 12:51:00+00:00,2,64.265,62.0,gfs_20260507T1800Z.json,2.2650000000000006
1713,2026-05-09 13:00:00+00:00,2026-05-08 04:00:00+00:00,2026-05-09 13:51:00+00:00,2,66.87,67.0,gfs_20260507T1800Z.json,-0.12999999999999545
1714,2026-05-09 14:00:00+00:00,2026-05-08 04:00:00+00:00,2026-05-09 14:51:00+00:00,2,70.855,68.0,gfs_20260507T1800Z.json,2.855000000000004
1715,2026-05-09 15:00:00+00:00,2026-05-08 04:00:00+00:00,2026-05-09 15:51:00+00:00,2,74.815,72.0,gfs_20260507T1800Z.json,2.8149999999999977
1716,2026-05-09 16:00:00+00:00,2026-05-08 04:00:00+00:00,2026-05-09 16:51:00+00:00,2,77.44,73.0,gfs_20260507T1800Z.json,4.439999999999998
1717,2026-05-09 17:00:00+00:00,2026-05-08 04:00:00+00:00,2026-05-09 17:51:00+00:00,2,76.695,74.0,gfs_20260507T1800Z.json,2.694999999999993
1718,2026-05-09 18:00:00+00:00,2026-05-08 04:00:00+00:00,2026-05-09 18:51:00+00:00,2,77.265,74.0,gfs_20260507T1800Z.json,3.2650000000000006
1719,2026-05-09 19:00:00+00:00,2026-05-08 04:00:00+00:00,2026-05-09 19:51:00+00:00,2,78.16499999999999,74.0,gfs_20260507T1800Z.json,4.164999999999992
1720,2026-05-09 20:00:00+00:00,2026-05-08 04:00:00+00:00,2026-05-09 20:51:00+00:00,2,79.66000000000001,73.0,gfs_20260507T1800Z.json,6.660000000000011
1721,2026-05-09 21:00:00+00:00,2026-05-08 04:00:00+00:00,2026-05-09 21:51:00+00:00,2,79.645,74.0,gfs_20260507T1800Z.json,5.644999999999996
1722,2026-05-09 22:00:00+00:00,2026-05-08 04:00:00+00:00,2026-05-09 22:51:00+00:00,2,75.435,72.0,gfs_20260507T1800Z.json,3.4350000000000023
1723,2026-05-09 23:00:00+00:00,2026-05-08 04:00:00+00:00,2026-05-09 23:51:00+00:00,2,69.685,70.0,gfs_20260507T1800Z.json,-0.3149999999999977
1724,2026-05-10 00:00:00+00:00,2026-05-08 04:00:00+00:00,2026-05-10 00:51:00+00:00,2,67.52499999999999,68.0,gfs_20260507T1800Z.json,-0.4750000000000085
1725,2026-05-10 01:00:00+00:00,2026-05-08 04:00:00+00:00,2026-05-10 01:51:00+00:00,2,67.97999999999999,65.0,gfs_20260507T1800Z.json,2.9799999999999898
1726,2026-05-10 02:00:00+00:00,2026-05-08 04:00:00+00:00,2026-05-10 02:51:00+00:00,2,66.23,64.0,gfs_20260507T1800Z.json,2.230000000000004
1727,2026-05-10 03:00:00+00:00,2026-05-08 04:00:00+00:00,2026-05-10 03:51:00+00:00,2,65.135,63.0,gfs_20260507T1800Z.json,2.135000000000005
1728,2026-05-10 04:00:00+00:00,2026-05-08 04:00:00+00:00,2026-05-10 04:51:00+00:00,3,64.065,62.0,gfs_20260507T1800Z.json,2.0649999999999977
1729,2026-05-10 05:00:00+00:00,2026-05-08 04:00:00+00:00,2026-05-10 05:51:00+00:00,3,62.964999999999996,63.0,gfs_20260507T1800Z.json,-0.035000000000003695
1730,2026-05-10 06:00:00+00:00,2026-05-08 04:00:00+00:00,2026-05-10 06:51:00+00:00,3,61.78,61.0,gfs_20260507T1800Z.json,0.7800000000000011
1731,2026-05-10 07:00:00+00:00,2026-05-08 04:00:00+00:00,2026-05-10 07:51:00+00:00,3,61.260000000000005,61.0,gfs_20260507T1800Z.json,0.2600000000000051
1732,2026-05-10 08:00:00+00:00,2026-05-08 04:00:00+00:00,2026-05-10 08:51:00+00:00,3,60.775000000000006,60.0,gfs_20260507T1800Z.json,0.7750000000000057
1733,2026-05-10 09:00:00+00:00,2026-05-08 04:00:00+00:00,2026-05-10 09:51:00+00:00,3,59.425000000000004,59.0,gfs_20260507T1800Z.json,0.42500000000000426
1734,2026-05-10 10:00:00+00:00,2026-05-08 04:00:00+00:00,2026-05-10 10:51:00+00:00,3,60.475,60.0,gfs_20260507T1800Z.json,0.4750000000000014
1735,2026-05-10 11:00:00+00:00,2026-05-08 04:00:00+00:00,2026-05-10 11:51:00+00:00,3,63.165,62.0,gfs_20260507T1800Z.json,1.1649999999999991
1736,2026-05-10 12:00:00+00:00,2026-05-08 04:00:00+00:00,2026-05-10 12:51:00+00:00,3,66.66,67.0,gfs_20260507T1800Z.json,-0.3400000000000034
1737,2026-05-10 13:00:00+00:00,2026-05-08 04:00:00+00:00,2026-05-10 13:51:00+00:00,3,68.985,72.0,gfs_20260507T1800Z.json,-3.0150000000000006
1738,2026-05-10 14:00:00+00:00,2026-05-08 04:00:00+00:00,2026-05-10 14:51:00+00:00,3,71.425,76.0,gfs_20260507T1800Z.json,-4.575000000000003
1739,2026-05-10 15:00:00+00:00,2026-05-08 04:00:00+00:00,2026-05-10 15:51:00+00:00,3,77.83500000000001,79.0,gfs_20260507T1800Z.json,-1.164999999999992
1740,2026-05-10 16:00:00+00:00,2026-05-08 04:00:00+00:00,2026-05-10 16:51:00+00:00,3,81.45,81.0,gfs_20260507T1800Z.json,0.45000000000000284
1741,2026-05-10 17:00:00+00:00,2026-05-08 04:00:00+00:00,2026-05-10 17:51:00+00:00,3,83.17500000000001,83.0,gfs_20260507T1800Z.json,0.17500000000001137
1742,2026-05-10 18:00:00+00:00,2026-05-08 04:00:00+00:00,2026-05-10 18:51:00+00:00,3,83.655,85.0,gfs_20260507T1800Z.json,-1.3449999999999989
1743,2026-05-10 19:00:00+00:00,2026-05-08 04:00:00+00:00,2026-05-10 19:51:00+00:00,3,83.87,84.0,gfs_20260507T1800Z.json,-0.12999999999999545
1744,2026-05-10 20:00:00+00:00,2026-05-08 04:00:00+00:00,2026-05-10 20:51:00+00:00,3,82.03,86.0,gfs_20260507T1800Z.json,-3.969999999999999
1745,2026-05-10 21:00:00+00:00,2026-05-08 04:00:00+00:00,2026-05-10 21:51:00+00:00,3,78.385,84.0,gfs_20260507T1800Z.json,-5.614999999999995
1746,2026-05-10 22:00:00+00:00,2026-05-08 04:00:00+00:00,2026-05-10 22:51:00+00:00,3,74.57,83.0,gfs_20260507T1800Z.json,-8.430000000000007
1747,2026-05-10 23:00:00+00:00,2026-05-08 04:00:00+00:00,2026-05-10 23:51:00+00:00,3,68.475,79.0,gfs_20260507T1800Z.json,-10.525000000000006
1748,2026-05-11 00:00:00+00:00,2026-05-08 04:00:00+00:00,2026-05-11 00:51:00+00:00,3,66.735,73.0,gfs_20260507T1800Z.json,-6.265000000000001
1749,2026-05-11 01:00:00+00:00,2026-05-08 04:00:00+00:00,2026-05-11 01:51:00+00:00,3,65.66499999999999,72.0,gfs_20260507T1800Z.json,-6.335000000000008
1750,2026-05-11 02:00:00+00:00,2026-05-08 04:00:00+00:00,2026-05-11 02:51:00+00:00,3,64.735,70.0,gfs_20260507T1800Z.json,-5.265000000000001
1751,2026-05-11 03:00:00+00:00,2026-05-08 04:00:00+00:00,2026-05-11 03:51:00+00:00,3,64.6,66.0,gfs_20260507T1800Z.json,-1.4000000000000057
1752,2026-05-11 04:00:00+00:00,2026-05-08 04:00:00+00:00,2026-05-11 04:51:00+00:00,4,65.11,63.0,gfs_20260507T1800Z.json,2.1099999999999994
1753,2026-05-11 05:00:00+00:00,2026-05-08 04:00:00+00:00,2026-05-11 05:51:00+00:00,4,64.605,61.0,gfs_20260507T1800Z.json,3.605000000000004
1754,2026-05-11 06:00:00+00:00,2026-05-08 04:00:00+00:00,2026-05-11 06:51:00+00:00,4,64.16,58.0,gfs_20260507T1800Z.json,6.159999999999997
1755,2026-05-11 07:00:00+00:00,2026-05-08 04:00:00+00:00,2026-05-11 07:51:00+00:00,4,64.1,58.0,gfs_20260507T1800Z.json,6.099999999999994
1756,2026-05-11 08:00:00+00:00,2026-05-08 04:00:00+00:00,2026-05-11 08:51:00+00:00,4,64.27,55.0,gfs_20260507T1800Z.json,9.269999999999996
1757,2026-05-11 09:00:00+00:00,2026-05-08 04:00:00+00:00,2026-05-11 09:51:00+00:00,4,63.705,58.0,gfs_20260507T1800Z.json,5.704999999999998
1758,2026-05-11 10:00:00+00:00,2026-05-08 04:00:00+00:00,2026-05-11 10:51:00+00:00,4,63.6,59.0,gfs_20260507T1800Z.json,4.600000000000001
1759,2026-05-11 11:00:00+00:00,2026-05-08 04:00:00+00:00,2026-05-11 11:51:00+00:00,4,64.44999999999999,62.0,gfs_20260507T1800Z.json,2.4499999999999886
1760,2026-05-11 12:00:00+00:00,2026-05-08 04:00:00+00:00,2026-05-11 12:51:00+00:00,4,62.985,63.0,gfs_20260507T1800Z.json,-0.015000000000000568
1761,2026-05-11 13:00:00+00:00,2026-05-08 04:00:00+00:00,2026-05-11 13:51:00+00:00,4,61.934999999999995,64.0,gfs_20260507T1800Z.json,-2.065000000000005
1762,2026-05-11 14:00:00+00:00,2026-05-08 04:00:00+00:00,2026-05-11 14:51:00+00:00,4,62.82,65.0,gfs_20260507T1800Z.json,-2.1799999999999997
1763,2026-05-11 15:00:00+00:00,2026-05-08 04:00:00+00:00,2026-05-11 15:51:00+00:00,4,63.51,63.0,gfs_20260507T1800Z.json,0.509999999999998
1764,2026-05-11 16:00:00+00:00,2026-05-08 04:00:00+00:00,2026-05-11 16:51:00+00:00,4,62.325,59.0,gfs_20260507T1800Z.json,3.325000000000003
1765,2026-05-11 17:00:00+00:00,2026-05-08 04:00:00+00:00,2026-05-11 17:51:00+00:00,4,62.1,60.0,gfs_20260507T1800Z.json,2.1000000000000014
1766,2026-05-11 18:00:00+00:00,2026-05-08 04:00:00+00:00,2026-05-11 18:51:00+00:00,4,64.905,58.0,gfs_20260507T1800Z.json,6.905000000000001
1767,2026-05-11 19:00:00+00:00,2026-05-08 04:00:00+00:00,2026-05-11 19:51:00+00:00,4,64.295,59.0,gfs_20260507T1800Z.json,5.295000000000002
1768,2026-05-11 20:00:00+00:00,2026-05-08 04:00:00+00:00,2026-05-11 20:51:00+00:00,4,66.565,58.0,gfs_20260507T1800Z.json,8.564999999999998
1769,2026-05-11 21:00:00+00:00,2026-05-08 04:00:00+00:00,2026-05-11 21:51:00+00:00,4,66.065,56.0,gfs_20260507T1800Z.json,10.064999999999998
1770,2026-05-11 22:00:00+00:00,2026-05-08 04:00:00+00:00,2026-05-11 22:51:00+00:00,4,64.2,54.0,gfs_20260507T1800Z.json,10.200000000000003
1771,2026-05-11 23:00:00+00:00,2026-05-08 04:00:00+00:00,2026-05-11 23:51:00+00:00,4,60.415,53.0,gfs_20260507T1800Z.json,7.414999999999999
1772,2026-05-12 00:00:00+00:00,2026-05-08 04:00:00+00:00,2026-05-12 00:51:00+00:00,4,57.675,50.0,gfs_20260507T1800Z.json,7.674999999999997
1773,2026-05-12 01:00:00+00:00,2026-05-08 04:00:00+00:00,2026-05-12 01:51:00+00:00,4,56.535,49.0,gfs_20260507T1800Z.json,7.534999999999997
1774,2026-05-12 02:00:00+00:00,2026-05-08 04:00:00+00:00,2026-05-12 02:51:00+00:00,4,54.955000000000005,48.0,gfs_20260507T1800Z.json,6.955000000000005
1775,2026-05-12 03:00:00+00:00,2026-05-08 04:00:00+00:00,2026-05-12 03:51:00+00:00,4,54.615,47.0,gfs_20260507T1800Z.json,7.615000000000002
1776,2026-05-12 04:00:00+00:00,2026-05-08 04:00:00+00:00,2026-05-12 04:51:00+00:00,5,55.025,46.0,gfs_20260507T1800Z.json,9.024999999999999
1777,2026-05-12 05:00:00+00:00,2026-05-08 04:00:00+00:00,2026-05-12 05:51:00+00:00,5,54.675000000000004,46.0,gfs_20260507T1800Z.json,8.675000000000004
1778,2026-05-12 06:00:00+00:00,2026-05-08 04:00:00+00:00,2026-05-12 06:51:00+00:00,5,54.6,45.0,gfs_20260507T1800Z.json,9.600000000000001
1779,2026-05-12 07:00:00+00:00,2026-05-08 04:00:00+00:00,2026-05-12 07:51:00+00:00,5,52.56,44.0,gfs_20260507T1800Z.json,8.560000000000002
1780,2026-05-12 08:00:00+00:00,2026-05-08 04:00:00+00:00,2026-05-12 08:51:00+00:00,5,49.48,43.0,gfs_20260507T1800Z.json,6.479999999999997
1781,2026-05-12 09:00:00+00:00,2026-05-08 04:00:00+00:00,2026-05-12 09:51:00+00:00,5,47.64,41.0,gfs_20260507T1800Z.json,6.640000000000001
1782,2026-05-12 10:00:00+00:00,2026-05-08 04:00:00+00:00,2026-05-12 10:51:00+00:00,5,47.485,42.0,gfs_20260507T1800Z.json,5.484999999999999
1783,2026-05-12 11:00:00+00:00,2026-05-08 04:00:00+00:00,2026-05-12 11:51:00+00:00,5,50.9,46.0,gfs_20260507T1800Z.json,4.899999999999999
1784,2026-05-12 12:00:00+00:00,2026-05-08 04:00:00+00:00,2026-05-12 12:51:00+00:00,5,54.9,52.0,gfs_20260507T1800Z.json,2.8999999999999986
1785,2026-05-12 13:00:00+00:00,2026-05-08 04:00:00+00:00,2026-05-12 13:51:00+00:00,5,58.39,57.0,gfs_20260507T1800Z.json,1.3900000000000006
1786,2026-05-12 14:00:00+00:00,2026-05-08 04:00:00+00:00,2026-05-12 14:51:00+00:00,5,60.855000000000004,63.0,gfs_20260507T1800Z.json,-2.144999999999996
1787,2026-05-12 15:00:00+00:00,2026-05-08 04:00:00+00:00,2026-05-12 15:51:00+00:00,5,63.325,67.0,gfs_20260507T1800Z.json,-3.674999999999997
1788,2026-05-12 16:00:00+00:00,2026-05-08 04:00:00+00:00,2026-05-12 16:51:00+00:00,5,65.91,69.0,gfs_20260507T1800Z.json,-3.0900000000000034
1789,2026-05-12 17:00:00+00:00,2026-05-08 04:00:00+00:00,2026-05-12 17:51:00+00:00,5,67.83,70.0,gfs_20260507T1800Z.json,-2.1700000000000017
1790,2026-05-12 18:00:00+00:00,2026-05-08 04:00:00+00:00,2026-05-12 18:51:00+00:00,5,69.375,72.0,gfs_20260507T1800Z.json,-2.625
1791,2026-05-12 19:00:00+00:00,2026-05-08 04:00:00+00:00,2026-05-12 19:51:00+00:00,5,70.44999999999999,72.0,gfs_20260507T1800Z.json,-1.5500000000000114
1792,2026-05-12 20:00:00+00:00,2026-05-08 04:00:00+00:00,2026-05-12 20:51:00+00:00,5,70.26,72.0,gfs_20260507T1800Z.json,-1.7399999999999949
1793,2026-05-12 21:00:00+00:00,2026-05-08 04:00:00+00:00,2026-05-12 21:51:00+00:00,5,67.82000000000001,72.0,gfs_20260507T1800Z.json,-4.179999999999993
1794,2026-05-12 22:00:00+00:00,2026-05-08 04:00:00+00:00,2026-05-12 22:51:00+00:00,5,63.745000000000005,71.0,gfs_20260507T1800Z.json,-7.2549999999999955
1795,2026-05-12 23:00:00+00:00,2026-05-08 04:00:00+00:00,2026-05-12 23:51:00+00:00,5,60.125,68.0,gfs_20260507T1800Z.json,-7.875
1796,2026-05-13 00:00:00+00:00,2026-05-08 04:00:00+00:00,2026-05-13 00:51:00+00:00,5,57.985,64.0,gfs_20260507T1800Z.json,-6.015000000000001
1797,2026-05-13 01:00:00+00:00,2026-05-08 04:00:00+00:00,2026-05-13 01:51:00+00:00,5,56.765,62.0,gfs_20260507T1800Z.json,-5.234999999999999
1798,2026-05-13 02:00:00+00:00,2026-05-08 04:00:00+00:00,2026-05-13 02:51:00+00:00,5,55.75,60.0,gfs_20260507T1800Z.json,-4.25
1799,2026-05-13 03:00:00+00:00,2026-05-08 04:00:00+00:00,2026-05-13 03:51:00+00:00,5,54.835,60.0,gfs_20260507T1800Z.json,-5.164999999999999
1800,2026-05-13 04:00:00+00:00,2026-05-08 04:00:00+00:00,2026-05-13 04:51:00+00:00,6,54.105000000000004,57.0,gfs_20260507T1800Z.json,-2.894999999999996
1801,2026-05-13 05:00:00+00:00,2026-05-08 04:00:00+00:00,2026-05-13 05:51:00+00:00,6,53.575,54.0,gfs_20260507T1800Z.json,-0.42499999999999716
1802,2026-05-13 06:00:00+00:00,2026-05-08 04:00:00+00:00,2026-05-13 06:51:00+00:00,6,52.99,51.0,gfs_20260507T1800Z.json,1.990000000000002
1803,2026-05-13 07:00:00+00:00,2026-05-08 04:00:00+00:00,2026-05-13 07:51:00+00:00,6,52.56,50.0,gfs_20260507T1800Z.json,2.5600000000000023
1804,2026-05-13 08:00:00+00:00,2026-05-08 04:00:00+00:00,2026-05-13 08:51:00+00:00,6,52.754999999999995,49.0,gfs_20260507T1800Z.json,3.7549999999999955
1805,2026-05-13 09:00:00+00:00,2026-05-08 04:00:00+00:00,2026-05-13 09:51:00+00:00,6,53.735,46.0,gfs_20260507T1800Z.json,7.734999999999999
1806,2026-05-13 10:00:00+00:00,2026-05-08 04:00:00+00:00,2026-05-13 10:51:00+00:00,6,55.43,47.0,gfs_20260507T1800Z.json,8.43
1807,2026-05-13 11:00:00+00:00,2026-05-08 04:00:00+00:00,2026-05-13 11:51:00+00:00,6,57.825,54.0,gfs_20260507T1800Z.json,3.825000000000003
1808,2026-05-13 12:00:00+00:00,2026-05-08 04:00:00+00:00,2026-05-13 12:51:00+00:00,6,61.09,61.0,gfs_20260507T1800Z.json,0.09000000000000341
1809,2026-05-13 13:00:00+00:00,2026-05-08 04:00:00+00:00,2026-05-13 13:51:00+00:00,6,65.0,67.0,gfs_20260507T1800Z.json,-2.0
1810,2026-05-13 14:00:00+00:00,2026-05-08 04:00:00+00:00,2026-05-13 14:51:00+00:00,6,68.49,71.0,gfs_20260507T1800Z.json,-2.510000000000005
1811,2026-05-13 15:00:00+00:00,2026-05-08 04:00:00+00:00,2026-05-13 15:51:00+00:00,6,70.785,71.0,gfs_20260507T1800Z.json,-0.2150000000000034
1812,2026-05-13 16:00:00+00:00,2026-05-08 04:00:00+00:00,2026-05-13 16:51:00+00:00,6,72.28999999999999,76.0,gfs_20260507T1800Z.json,-3.710000000000008
1813,2026-05-13 17:00:00+00:00,2026-05-08 04:00:00+00:00,2026-05-13 17:51:00+00:00,6,73.35,78.0,gfs_20260507T1800Z.json,-4.650000000000006
1814,2026-05-13 18:00:00+00:00,2026-05-08 04:00:00+00:00,2026-05-13 18:51:00+00:00,6,74.17999999999999,79.0,gfs_20260507T1800Z.json,-4.820000000000007
1815,2026-05-13 19:00:00+00:00,2026-05-08 04:00:00+00:00,2026-05-13 19:51:00+00:00,6,74.64,79.0,gfs_20260507T1800Z.json,-4.359999999999999
1816,2026-05-13 20:00:00+00:00,2026-05-08 04:00:00+00:00,2026-05-13 20:51:00+00:00,6,73.935,76.0,gfs_20260507T1800Z.json,-2.0649999999999977
1817,2026-05-13 21:00:00+00:00,2026-05-08 04:00:00+00:00,2026-05-13 21:51:00+00:00,6,71.165,78.0,gfs_20260507T1800Z.json,-6.834999999999994
1818,2026-05-13 22:00:00+00:00,2026-05-08 04:00:00+00:00,2026-05-13 22:51:00+00:00,6,66.96,78.0,gfs_20260507T1800Z.json,-11.040000000000006
1819,2026-05-13 23:00:00+00:00,2026-05-08 04:00:00+00:00,2026-05-13 23:51:00+00:00,6,63.324999999999996,75.0,gfs_20260507T1800Z.json,-11.675000000000004
1820,2026-05-14 00:00:00+00:00,2026-05-08 04:00:00+00:00,2026-05-14 00:51:00+00:00,6,61.525,71.0,gfs_20260507T1800Z.json,-9.475000000000001
1821,2026-05-14 01:00:00+00:00,2026-05-08 04:00:00+00:00,2026-05-14 01:51:00+00:00,6,60.79,69.0,gfs_20260507T1800Z.json,-8.21
1822,2026-05-14 02:00:00+00:00,2026-05-08 04:00:00+00:00,2026-05-14 02:51:00+00:00,6,60.190000000000005,69.0,gfs_20260507T1800Z.json,-8.809999999999995
1823,2026-05-14 03:00:00+00:00,2026-05-08 04:00:00+00:00,2026-05-14 03:51:00+00:00,6,59.505,67.0,gfs_20260507T1800Z.json,-7.494999999999997
1824,2026-05-14 04:00:00+00:00,2026-05-08 04:00:00+00:00,2026-05-14 04:51:00+00:00,7,58.89,63.0,gfs_20260507T1800Z.json,-4.109999999999999
1825,2026-05-14 05:00:00+00:00,2026-05-08 04:00:00+00:00,2026-05-14 05:51:00+00:00,7,58.29,65.0,gfs_20260507T1800Z.json,-6.710000000000001
1826,2026-05-14 06:00:00+00:00,2026-05-08 04:00:00+00:00,2026-05-14 06:51:00+00:00,7,57.605000000000004,62.0,gfs_20260507T1800Z.json,-4.394999999999996
1827,2026-05-14 07:00:00+00:00,2026-05-08 04:00:00+00:00,2026-05-14 07:51:00+00:00,7,56.905,61.0,gfs_20260507T1800Z.json,-4.094999999999999
1828,2026-05-14 08:00:00+00:00,2026-05-08 04:00:00+00:00,2026-05-14 08:51:00+00:00,7,56.29,60.0,gfs_20260507T1800Z.json,-3.710000000000001
1829,2026-05-14 09:00:00+00:00,2026-05-08 04:00:00+00:00,2026-05-14 09:51:00+00:00,7,55.434999999999995,58.0,gfs_20260507T1800Z.json,-2.565000000000005
1830,2026-05-14 10:00:00+00:00,2026-05-08 04:00:00+00:00,2026-05-14 10:51:00+00:00,7,54.535,59.0,gfs_20260507T1800Z.json,-4.465000000000003
1831,2026-05-14 11:00:00+00:00,2026-05-08 04:00:00+00:00,2026-05-14 11:51:00+00:00,7,54.824999999999996,62.0,gfs_20260507T1800Z.json,-7.175000000000004
1832,2026-05-14 12:00:00+00:00,2026-05-08 04:00:00+00:00,2026-05-14 12:51:00+00:00,7,57.364999999999995,64.0,gfs_20260507T1800Z.json,-6.635000000000005
1833,2026-05-14 13:00:00+00:00,2026-05-08 04:00:00+00:00,2026-05-14 13:51:00+00:00,7,61.37,66.0,gfs_20260507T1800Z.json,-4.630000000000003
1834,2026-05-14 14:00:00+00:00,2026-05-08 04:00:00+00:00,2026-05-14 14:51:00+00:00,7,65.145,67.0,gfs_20260507T1800Z.json,-1.855000000000004
1835,2026-05-14 15:00:00+00:00,2026-05-08 04:00:00+00:00,2026-05-14 15:51:00+00:00,7,68.08,68.0,gfs_20260507T1800Z.json,0.0799999999999983
1836,2026-05-14 16:00:00+00:00,2026-05-08 04:00:00+00:00,2026-05-14 16:51:00+00:00,7,70.455,70.0,gfs_20260507T1800Z.json,0.4549999999999983
1837,2026-05-14 17:00:00+00:00,2026-05-08 04:00:00+00:00,2026-05-14 17:51:00+00:00,7,71.99,68.0,gfs_20260507T1800Z.json,3.989999999999995
1838,2026-05-14 18:00:00+00:00,2026-05-08 04:00:00+00:00,2026-05-14 18:51:00+00:00,7,72.37,68.0,gfs_20260507T1800Z.json,4.3700000000000045
1839,2026-05-14 19:00:00+00:00,2026-05-08 04:00:00+00:00,2026-05-14 19:51:00+00:00,7,71.89,68.0,gfs_20260507T1800Z.json,3.8900000000000006
1840,2026-05-14 20:00:00+00:00,2026-05-08 04:00:00+00:00,2026-05-14 20:51:00+00:00,7,70.44,66.0,gfs_20260507T1800Z.json,4.439999999999998
1841,2026-05-14 21:00:00+00:00,2026-05-08 04:00:00+00:00,2026-05-14 21:51:00+00:00,7,67.82000000000001,65.0,gfs_20260507T1800Z.json,2.8200000000000074
1842,2026-05-14 22:00:00+00:00,2026-05-08 04:00:00+00:00,2026-05-14 22:51:00+00:00,7,64.25500000000001,64.0,gfs_20260507T1800Z.json,0.25500000000000966
1843,2026-05-14 23:00:00+00:00,2026-05-08 04:00:00+00:00,2026-05-14 23:51:00+00:00,7,60.98,61.0,gfs_20260507T1800Z.json,-0.020000000000003126
1844,2026-05-15 00:00:00+00:00,2026-05-08 04:00:00+00:00,2026-05-15 00:51:00+00:00,7,58.714999999999996,57.0,gfs_20260507T1800Z.json,1.7149999999999963
1845,2026-05-15 01:00:00+00:00,2026-05-08 04:00:00+00:00,2026-05-15 01:51:00+00:00,7,56.955000000000005,56.0,gfs_20260507T1800Z.json,0.9550000000000054
1846,2026-05-15 02:00:00+00:00,2026-05-08 04:00:00+00:00,2026-05-15 02:51:00+00:00,7,55.34,55.0,gfs_20260507T1800Z.json,0.3400000000000034
1847,2026-05-15 03:00:00+00:00,2026-05-08 04:00:00+00:00,2026-05-15 03:51:00+00:00,7,53.655,53.0,gfs_20260507T1800Z.json,0.6550000000000011
1848,2026-05-15 04:00:00+00:00,2026-05-08 04:00:00+00:00,2026-05-15 04:51:00+00:00,8,51.955000000000005,52.0,gfs_20260507T1800Z.json,-0.0449999999999946
1849,2026-05-15 05:00:00+00:00,2026-05-08 04:00:00+00:00,2026-05-15 05:51:00+00:00,8,50.425000000000004,50.0,gfs_20260507T1800Z.json,0.42500000000000426
1850,2026-05-15 06:00:00+00:00,2026-05-08 04:00:00+00:00,2026-05-15 06:51:00+00:00,8,48.84,49.0,gfs_20260507T1800Z.json,-0.1599999999999966
1851,2026-05-15 07:00:00+00:00,2026-05-08 04:00:00+00:00,2026-05-15 07:51:00+00:00,8,47.24,47.0,gfs_20260507T1800Z.json,0.240000000000002
1852,2026-05-15 08:00:00+00:00,2026-05-08 04:00:00+00:00,2026-05-15 08:51:00+00:00,8,46.660000000000004,46.0,gfs_20260507T1800Z.json,0.6600000000000037
1853,2026-05-15 09:00:00+00:00,2026-05-08 04:00:00+00:00,2026-05-15 09:51:00+00:00,8,47.62,46.0,gfs_20260507T1800Z.json,1.6199999999999974
1854,2026-05-15 10:00:00+00:00,2026-05-08 04:00:00+00:00,2026-05-15 10:51:00+00:00,8,49.755,47.0,gfs_20260507T1800Z.json,2.7550000000000026
1855,2026-05-15 11:00:00+00:00,2026-05-08 04:00:00+00:00,2026-05-15 11:51:00+00:00,8,52.65,52.0,gfs_20260507T1800Z.json,0.6499999999999986
1856,2026-05-15 12:00:00+00:00,2026-05-08 04:00:00+00:00,2026-05-15 12:51:00+00:00,8,56.415,57.0,gfs_20260507T1800Z.json,-0.5850000000000009
1857,2026-05-15 13:00:00+00:00,2026-05-08 04:00:00+00:00,2026-05-15 13:51:00+00:00,8,60.825,61.0,gfs_20260507T1800Z.json,-0.17499999999999716
1858,2026-05-15 14:00:00+00:00,2026-05-08 04:00:00+00:00,2026-05-15 14:51:00+00:00,8,64.9,66.0,gfs_20260507T1800Z.json,-1.0999999999999943
1859,2026-05-15 15:00:00+00:00,2026-05-08 04:00:00+00:00,2026-05-15 15:51:00+00:00,8,68.13499999999999,69.0,gfs_20260507T1800Z.json,-0.8650000000000091
1860,2026-05-15 16:00:00+00:00,2026-05-08 04:00:00+00:00,2026-05-15 16:51:00+00:00,8,70.81,70.0,gfs_20260507T1800Z.json,0.8100000000000023
1861,2026-05-15 17:00:00+00:00,2026-05-08 04:00:00+00:00,2026-05-15 17:51:00+00:00,8,72.815,71.0,gfs_20260507T1800Z.json,1.8149999999999977
1862,2026-05-15 18:00:00+00:00,2026-05-08 04:00:00+00:00,2026-05-15 18:51:00+00:00,8,74.28999999999999,73.0,gfs_20260507T1800Z.json,1.289999999999992
1863,2026-05-15 19:00:00+00:00,2026-05-08 04:00:00+00:00,2026-05-15 19:51:00+00:00,8,75.00999999999999,74.0,gfs_20260507T1800Z.json,1.009999999999991
1864,2026-05-15 20:00:00+00:00,2026-05-08 04:00:00+00:00,2026-05-15 20:51:00+00:00,8,74.59,77.0,gfs_20260507T1800Z.json,-2.4099999999999966
1865,2026-05-15 21:00:00+00:00,2026-05-08 04:00:00+00:00,2026-05-15 21:51:00+00:00,8,72.12,76.0,gfs_20260507T1800Z.json,-3.8799999999999955
1866,2026-05-15 22:00:00+00:00,2026-05-08 04:00:00+00:00,2026-05-15 22:51:00+00:00,8,68.21499999999999,74.0,gfs_20260507T1800Z.json,-5.785000000000011
1867,2026-05-15 23:00:00+00:00,2026-05-08 04:00:00+00:00,2026-05-15 23:51:00+00:00,8,64.795,72.0,gfs_20260507T1800Z.json,-7.204999999999998
1868,2026-05-16 00:00:00+00:00,2026-05-08 04:00:00+00:00,2026-05-16 00:51:00+00:00,8,62.940000000000005,67.0,gfs_20260507T1800Z.json,-4.059999999999995
1869,2026-05-16 01:00:00+00:00,2026-05-08 04:00:00+00:00,2026-05-16 01:51:00+00:00,8,62.019999999999996,63.0,gfs_20260507T1800Z.json,-0.980000000000004
1870,2026-05-16 02:00:00+00:00,2026-05-08 04:00:00+00:00,2026-05-16 02:51:00+00:00,8,61.475,62.0,gfs_20260507T1800Z.json,-0.5249999999999986
1871,2026-05-16 03:00:00+00:00,2026-05-08 04:00:00+00:00,2026-05-16 03:51:00+00:00,8,60.805,61.0,gfs_20260507T1800Z.json,-0.19500000000000028
1872,2026-05-16 04:00:00+00:00,2026-05-08 04:00:00+00:00,2026-05-16 04:51:00+00:00,9,60.36,60.0,gfs_20260507T1800Z.json,0.35999999999999943
1873,2026-05-16 05:00:00+00:00,2026-05-08 04:00:00+00:00,2026-05-16 05:51:00+00:00,9,60.3,60.0,gfs_20260507T1800Z.json,0.29999999999999716
1874,2026-05-16 06:00:00+00:00,2026-05-08 04:00:00+00:00,2026-05-16 06:51:00+00:00,9,60.980000000000004,57.0,gfs_20260507T1800Z.json,3.980000000000004
1875,2026-05-16 07:00:00+00:00,2026-05-08 04:00:00+00:00,2026-05-16 07:51:00+00:00,9,62.205,59.0,gfs_20260507T1800Z.json,3.2049999999999983
1876,2026-05-16 08:00:00+00:00,2026-05-08 04:00:00+00:00,2026-05-16 08:51:00+00:00,9,63.42,57.0,gfs_20260507T1800Z.json,6.420000000000002
1877,2026-05-16 09:00:00+00:00,2026-05-08 04:00:00+00:00,2026-05-16 09:51:00+00:00,9,64.535,55.0,gfs_20260507T1800Z.json,9.534999999999997
1878,2026-05-16 10:00:00+00:00,2026-05-08 04:00:00+00:00,2026-05-16 10:51:00+00:00,9,65.635,60.0,gfs_20260507T1800Z.json,5.635000000000005
1879,2026-05-16 11:00:00+00:00,2026-05-08 04:00:00+00:00,2026-05-16 11:51:00+00:00,9,66.05499999999999,61.0,gfs_20260507T1800Z.json,5.054999999999993
1880,2026-05-16 12:00:00+00:00,2026-05-08 04:00:00+00:00,2026-05-16 12:51:00+00:00,9,64.99499999999999,68.0,gfs_20260507T1800Z.json,-3.0050000000000097
1881,2026-05-16 13:00:00+00:00,2026-05-08 04:00:00+00:00,2026-05-16 13:51:00+00:00,9,63.099999999999994,73.0,gfs_20260507T1800Z.json,-9.900000000000006
1882,2026-05-16 14:00:00+00:00,2026-05-08 04:00:00+00:00,2026-05-16 14:51:00+00:00,9,61.61,77.0,gfs_20260507T1800Z.json,-15.39
1883,2026-05-16 15:00:00+00:00,2026-05-08 04:00:00+00:00,2026-05-16 15:51:00+00:00,9,60.89,80.0,gfs_20260507T1800Z.json,-19.11
1884,2026-05-16 16:00:00+00:00,2026-05-08 04:00:00+00:00,2026-05-16 16:51:00+00:00,9,60.8,84.0,gfs_20260507T1800Z.json,-23.200000000000003
1885,2026-05-16 17:00:00+00:00,2026-05-08 04:00:00+00:00,2026-05-16 17:51:00+00:00,9,61.905,86.0,gfs_20260507T1800Z.json,-24.095
1886,2026-05-16 18:00:00+00:00,2026-05-08 04:00:00+00:00,2026-05-16 18:51:00+00:00,9,65.5,87.0,gfs_20260507T1800Z.json,-21.5
1887,2026-05-16 19:00:00+00:00,2026-05-08 04:00:00+00:00,2026-05-16 19:51:00+00:00,9,70.52,87.0,gfs_20260507T1800Z.json,-16.480000000000004
1888,2026-05-16 20:00:00+00:00,2026-05-08 04:00:00+00:00,2026-05-16 20:51:00+00:00,9,74.19,87.0,gfs_20260507T1800Z.json,-12.810000000000002
1889,2026-05-16 21:00:00+00:00,2026-05-08 04:00:00+00:00,2026-05-16 21:51:00+00:00,9,74.615,86.0,gfs_20260507T1800Z.json,-11.385000000000005
1890,2026-05-16 22:00:00+00:00,2026-05-08 04:00:00+00:00,2026-05-16 22:51:00+00:00,9,72.89999999999999,83.0,gfs_20260507T1800Z.json,-10.100000000000009
1891,2026-05-16 23:00:00+00:00,2026-05-08 04:00:00+00:00,2026-05-16 23:51:00+00:00,9,70.73,80.0,gfs_20260507T1800Z.json,-9.269999999999996
1892,2026-05-17 00:00:00+00:00,2026-05-08 04:00:00+00:00,2026-05-17 00:51:00+00:00,9,68.7,77.0,gfs_20260507T1800Z.json,-8.299999999999997
1893,2026-05-17 01:00:00+00:00,2026-05-08 04:00:00+00:00,2026-05-17 01:51:00+00:00,9,66.445,75.0,gfs_20260507T1800Z.json,-8.555000000000007
1894,2026-05-17 02:00:00+00:00,2026-05-08 04:00:00+00:00,2026-05-17 02:51:00+00:00,9,63.975,74.0,gfs_20260507T1800Z.json,-10.024999999999999
1895,2026-05-17 03:00:00+00:00,2026-05-08 04:00:00+00:00,2026-05-17 03:51:00+00:00,9,60.965,72.0,gfs_20260507T1800Z.json,-11.034999999999997
1896,2026-05-17 04:00:00+00:00,2026-05-08 04:00:00+00:00,2026-05-17 04:51:00+00:00,10,57.779999999999994,71.0,gfs_20260507T1800Z.json,-13.220000000000006
1897,2026-05-17 05:00:00+00:00,2026-05-08 04:00:00+00:00,2026-05-17 05:51:00+00:00,10,55.09,70.0,gfs_20260507T1800Z.json,-14.909999999999997
1898,2026-05-17 06:00:00+00:00,2026-05-08 04:00:00+00:00,2026-05-17 06:51:00+00:00,10,53.255,68.0,gfs_20260507T1800Z.json,-14.744999999999997
1899,2026-05-17 07:00:00+00:00,2026-05-08 04:00:00+00:00,2026-05-17 07:51:00+00:00,10,52.15,67.0,gfs_20260507T1800Z.json,-14.850000000000001
1900,2026-05-17 08:00:00+00:00,2026-05-08 04:00:00+00:00,2026-05-17 08:51:00+00:00,10,51.915,66.0,gfs_20260507T1800Z.json,-14.085
1901,2026-05-17 09:00:00+00:00,2026-05-08 04:00:00+00:00,2026-05-17 09:51:00+00:00,10,52.75,66.0,gfs_20260507T1800Z.json,-13.25
1902,2026-05-17 10:00:00+00:00,2026-05-08 04:00:00+00:00,2026-05-17 10:51:00+00:00,10,54.6,66.0,gfs_20260507T1800Z.json,-11.399999999999999
1903,2026-05-17 11:00:00+00:00,2026-05-08 04:00:00+00:00,2026-05-17 11:51:00+00:00,10,57.025,69.0,gfs_20260507T1800Z.json,-11.975000000000001
1904,2026-05-17 12:00:00+00:00,2026-05-08 04:00:00+00:00,2026-05-17 12:51:00+00:00,10,60.120000000000005,73.0,gfs_20260507T1800Z.json,-12.879999999999995
1905,2026-05-17 13:00:00+00:00,2026-05-08 04:00:00+00:00,2026-05-17 13:51:00+00:00,10,63.745,78.0,gfs_20260507T1800Z.json,-14.255000000000003
1906,2026-05-17 14:00:00+00:00,2026-05-08 04:00:00+00:00,2026-05-17 14:51:00+00:00,10,67.19,82.0,gfs_20260507T1800Z.json,-14.810000000000002
1907,2026-05-17 15:00:00+00:00,2026-05-08 04:00:00+00:00,2026-05-17 15:51:00+00:00,10,70.08,85.0,gfs_20260507T1800Z.json,-14.920000000000002
1908,2026-05-17 16:00:00+00:00,2026-05-08 04:00:00+00:00,2026-05-17 16:51:00+00:00,10,72.54,88.0,gfs_20260507T1800Z.json,-15.459999999999994
1909,2026-05-17 17:00:00+00:00,2026-05-08 04:00:00+00:00,2026-05-17 17:51:00+00:00,10,74.43,91.0,gfs_20260507T1800Z.json,-16.569999999999993
1910,2026-05-17 18:00:00+00:00,2026-05-08 04:00:00+00:00,2026-05-17 18:51:00+00:00,10,75.72,93.0,gfs_20260507T1800Z.json,-17.28
1911,2026-05-17 19:00:00+00:00,2026-05-08 04:00:00+00:00,2026-05-17 19:51:00+00:00,10,76.325,91.0,gfs_20260507T1800Z.json,-14.674999999999997
1912,2026-05-17 20:00:00+00:00,2026-05-08 04:00:00+00:00,2026-05-17 20:51:00+00:00,10,75.72,93.0,gfs_20260507T1800Z.json,-17.28
1913,2026-05-17 21:00:00+00:00,2026-05-08 04:00:00+00:00,2026-05-17 21:51:00+00:00,10,73.305,92.0,gfs_20260507T1800Z.json,-18.694999999999993
1914,2026-05-17 22:00:00+00:00,2026-05-08 04:00:00+00:00,2026-05-17 22:51:00+00:00,10,69.5,90.0,gfs_20260507T1800Z.json,-20.5
1915,2026-05-17 23:00:00+00:00,2026-05-08 04:00:00+00:00,2026-05-17 23:51:00+00:00,10,65.92500000000001,87.0,gfs_20260507T1800Z.json,-21.07499999999999
1916,2026-05-18 00:00:00+00:00,2026-05-08 04:00:00+00:00,2026-05-18 00:51:00+00:00,10,63.36,83.0,gfs_20260507T1800Z.json,-19.64
1917,2026-05-18 01:00:00+00:00,2026-05-08 04:00:00+00:00,2026-05-18 01:51:00+00:00,10,61.3,80.0,gfs_20260507T1800Z.json,-18.700000000000003
1918,2026-05-18 02:00:00+00:00,2026-05-08 04:00:00+00:00,2026-05-18 02:51:00+00:00,10,59.64,79.0,gfs_20260507T1800Z.json,-19.36
1919,2026-05-18 03:00:00+00:00,2026-05-08 04:00:00+00:00,2026-05-18 03:51:00+00:00,10,58.295,78.0,gfs_20260507T1800Z.json,-19.705
1920,2026-05-18 04:00:00+00:00,2026-05-08 04:00:00+00:00,,11,,,gfs_20260507T1800Z.json,
1921,2026-05-18 05:00:00+00:00,2026-05-08 04:00:00+00:00,,11,,,gfs_20260507T1800Z.json,
1922,2026-05-18 06:00:00+00:00,2026-05-08 04:00:00+00:00,2026-05-18 06:51:00+00:00,11,55.35,74.0,gfs_20260507T1800Z.json,-18.65
1923,2026-05-18 07:00:00+00:00,2026-05-08 04:00:00+00:00,2026-05-18 07:51:00+00:00,11,54.605000000000004,73.0,gfs_20260507T1800Z.json,-18.394999999999996
1924,2026-05-18 08:00:00+00:00,2026-05-08 04:00:00+00:00,2026-05-18 08:51:00+00:00,11,54.67,71.0,gfs_20260507T1800Z.json,-16.33
1925,2026-05-18 09:00:00+00:00,2026-05-08 04:00:00+00:00,2026-05-18 09:51:00+00:00,11,55.975,70.0,gfs_20260507T1800Z.json,-14.024999999999999
1926,2026-05-18 10:00:00+00:00,2026-05-08 04:00:00+00:00,2026-05-18 10:51:00+00:00,11,58.325,71.0,gfs_20260507T1800Z.json,-12.674999999999997
1927,2026-05-18 11:00:00+00:00,2026-05-08 04:00:00+00:00,2026-05-18 11:51:00+00:00,11,61.42,74.0,gfs_20260507T1800Z.json,-12.579999999999998
1928,2026-05-18 12:00:00+00:00,2026-05-08 04:00:00+00:00,2026-05-18 12:51:00+00:00,11,65.895,78.0,gfs_20260507T1800Z.json,-12.105000000000004
1929,2026-05-18 13:00:00+00:00,2026-05-08 04:00:00+00:00,2026-05-18 13:51:00+00:00,11,71.19,83.0,gfs_20260507T1800Z.json,-11.810000000000002
1930,2026-05-18 14:00:00+00:00,2026-05-08 04:00:00+00:00,2026-05-18 14:51:00+00:00,11,75.825,86.0,gfs_20260507T1800Z.json,-10.174999999999997
1931,2026-05-18 15:00:00+00:00,2026-05-08 04:00:00+00:00,2026-05-18 15:51:00+00:00,11,79.05,89.0,gfs_20260507T1800Z.json,-9.950000000000003
1932,2026-05-18 16:00:00+00:00,2026-05-08 04:00:00+00:00,2026-05-18 16:51:00+00:00,11,81.285,91.0,gfs_20260507T1800Z.json,-9.715000000000003
1933,2026-05-18 17:00:00+00:00,2026-05-08 04:00:00+00:00,2026-05-18 17:51:00+00:00,11,82.61999999999999,94.0,gfs_20260507T1800Z.json,-11.38000000000001
1934,2026-05-18 18:00:00+00:00,2026-05-08 04:00:00+00:00,2026-05-18 18:51:00+00:00,11,83.31,95.0,gfs_20260507T1800Z.json,-11.689999999999998
1935,2026-05-18 19:00:00+00:00,2026-05-08 04:00:00+00:00,2026-05-18 19:51:00+00:00,11,83.315,96.0,gfs_20260507T1800Z.json,-12.685000000000002
1936,2026-05-18 20:00:00+00:00,2026-05-08 04:00:00+00:00,2026-05-18 20:51:00+00:00,11,82.11,96.0,gfs_20260507T1800Z.json,-13.89
1937,2026-05-18 21:00:00+00:00,2026-05-08 04:00:00+00:00,2026-05-18 21:51:00+00:00,11,79.095,94.0,gfs_20260507T1800Z.json,-14.905000000000001
1938,2026-05-18 22:00:00+00:00,2026-05-08 04:00:00+00:00,2026-05-18 22:51:00+00:00,11,74.69,92.0,gfs_20260507T1800Z.json,-17.310000000000002
1939,2026-05-18 23:00:00+00:00,2026-05-08 04:00:00+00:00,2026-05-18 23:51:00+00:00,11,70.77,89.0,gfs_20260507T1800Z.json,-18.230000000000004
1940,2026-05-19 00:00:00+00:00,2026-05-08 04:00:00+00:00,2026-05-19 00:51:00+00:00,11,68.245,86.0,gfs_20260507T1800Z.json,-17.754999999999995
1941,2026-05-19 01:00:00+00:00,2026-05-08 04:00:00+00:00,2026-05-19 01:51:00+00:00,11,66.53999999999999,82.0,gfs_20260507T1800Z.json,-15.460000000000008
1942,2026-05-19 02:00:00+00:00,2026-05-08 04:00:00+00:00,2026-05-19 02:51:00+00:00,11,65.02499999999999,80.0,gfs_20260507T1800Z.json,-14.975000000000009
1943,2026-05-19 03:00:00+00:00,2026-05-08 04:00:00+00:00,2026-05-19 03:51:00+00:00,11,63.525,79.0,gfs_20260507T1800Z.json,-15.475000000000001
1944,2026-05-19 04:00:00+00:00,2026-05-08 04:00:00+00:00,2026-05-19 04:51:00+00:00,12,62.11,77.0,gfs_20260507T1800Z.json,-14.89
1945,2026-05-19 05:00:00+00:00,2026-05-08 04:00:00+00:00,2026-05-19 05:51:00+00:00,12,60.88,74.0,gfs_20260507T1800Z.json,-13.119999999999997
1946,2026-05-19 06:00:00+00:00,2026-05-08 04:00:00+00:00,2026-05-19 06:51:00+00:00,12,59.51,73.0,gfs_20260507T1800Z.json,-13.490000000000002
1947,2026-05-19 07:00:00+00:00,2026-05-08 04:00:00+00:00,2026-05-19 07:51:00+00:00,12,58.28,71.0,gfs_20260507T1800Z.json,-12.719999999999999
1948,2026-05-19 08:00:00+00:00,2026-05-08 04:00:00+00:00,2026-05-19 08:51:00+00:00,12,57.845,70.0,gfs_20260507T1800Z.json,-12.155000000000001
1949,2026-05-19 09:00:00+00:00,2026-05-08 04:00:00+00:00,2026-05-19 09:51:00+00:00,12,58.565000000000005,69.0,gfs_20260507T1800Z.json,-10.434999999999995
1950,2026-05-19 10:00:00+00:00,2026-05-08 04:00:00+00:00,2026-05-19 10:51:00+00:00,12,60.315000000000005,69.0,gfs_20260507T1800Z.json,-8.684999999999995
1951,2026-05-19 11:00:00+00:00,2026-05-08 04:00:00+00:00,2026-05-19 11:51:00+00:00,12,63.15,73.0,gfs_20260507T1800Z.json,-9.850000000000001
1952,2026-05-19 12:00:00+00:00,2026-05-08 04:00:00+00:00,2026-05-19 12:51:00+00:00,12,67.425,77.0,gfs_20260507T1800Z.json,-9.575000000000003
1953,2026-05-19 13:00:00+00:00,2026-05-08 04:00:00+00:00,2026-05-19 13:51:00+00:00,12,72.77499999999999,81.0,gfs_20260507T1800Z.json,-8.225000000000009
1954,2026-05-19 14:00:00+00:00,2026-05-08 04:00:00+00:00,2026-05-19 14:51:00+00:00,12,77.595,86.0,gfs_20260507T1800Z.json,-8.405000000000001
1955,2026-05-19 15:00:00+00:00,2026-05-08 04:00:00+00:00,2026-05-19 15:51:00+00:00,12,81.02,89.0,gfs_20260507T1800Z.json,-7.980000000000004
1956,2026-05-19 16:00:00+00:00,2026-05-08 04:00:00+00:00,2026-05-19 16:51:00+00:00,12,83.54,91.0,gfs_20260507T1800Z.json,-7.459999999999994
1957,2026-05-19 17:00:00+00:00,2026-05-08 04:00:00+00:00,2026-05-19 17:51:00+00:00,12,85.26,94.0,gfs_20260507T1800Z.json,-8.739999999999995
1958,2026-05-19 18:00:00+00:00,2026-05-08 04:00:00+00:00,2026-05-19 18:51:00+00:00,12,86.52,95.0,gfs_20260507T1800Z.json,-8.480000000000004
1959,2026-05-19 19:00:00+00:00,2026-05-08 04:00:00+00:00,2026-05-19 19:51:00+00:00,12,87.125,97.0,gfs_20260507T1800Z.json,-9.875
1960,2026-05-19 20:00:00+00:00,2026-05-08 04:00:00+00:00,2026-05-19 20:51:00+00:00,12,86.35000000000001,95.0,gfs_20260507T1800Z.json,-8.649999999999991
1961,2026-05-19 21:00:00+00:00,2026-05-08 04:00:00+00:00,2026-05-19 21:51:00+00:00,12,83.565,95.0,gfs_20260507T1800Z.json,-11.435000000000002
1962,2026-05-19 22:00:00+00:00,2026-05-08 04:00:00+00:00,2026-05-19 22:51:00+00:00,12,79.19,93.0,gfs_20260507T1800Z.json,-13.810000000000002
1963,2026-05-19 23:00:00+00:00,2026-05-08 04:00:00+00:00,2026-05-19 23:51:00+00:00,12,75.1,89.0,gfs_20260507T1800Z.json,-13.900000000000006
1964,2026-05-20 00:00:00+00:00,2026-05-08 04:00:00+00:00,2026-05-20 00:51:00+00:00,12,72.205,85.0,gfs_20260507T1800Z.json,-12.795000000000002
1965,2026-05-20 01:00:00+00:00,2026-05-08 04:00:00+00:00,2026-05-20 01:51:00+00:00,12,69.845,83.0,gfs_20260507T1800Z.json,-13.155000000000001
1966,2026-05-20 02:00:00+00:00,2026-05-08 04:00:00+00:00,2026-05-20 02:51:00+00:00,12,67.97,81.0,gfs_20260507T1800Z.json,-13.030000000000001
1967,2026-05-20 03:00:00+00:00,2026-05-08 04:00:00+00:00,2026-05-20 03:51:00+00:00,12,66.51,79.0,gfs_20260507T1800Z.json,-12.489999999999995
1968,2026-05-20 04:00:00+00:00,2026-05-08 04:00:00+00:00,2026-05-20 04:51:00+00:00,13,65.365,76.0,gfs_20260507T1800Z.json,-10.635000000000005
1969,2026-05-20 05:00:00+00:00,2026-05-08 04:00:00+00:00,2026-05-20 05:51:00+00:00,13,64.435,75.0,gfs_20260507T1800Z.json,-10.564999999999998
1970,2026-05-20 06:00:00+00:00,2026-05-08 04:00:00+00:00,2026-05-20 06:51:00+00:00,13,63.365,73.0,gfs_20260507T1800Z.json,-9.634999999999998
1971,2026-05-20 07:00:00+00:00,2026-05-08 04:00:00+00:00,2026-05-20 07:51:00+00:00,13,62.35,71.0,gfs_20260507T1800Z.json,-8.649999999999999
1972,2026-05-20 08:00:00+00:00,2026-05-08 04:00:00+00:00,2026-05-20 08:51:00+00:00,13,61.945,69.0,gfs_20260507T1800Z.json,-7.055
1973,2026-05-20 09:00:00+00:00,2026-05-08 04:00:00+00:00,2026-05-20 09:51:00+00:00,13,62.495,69.0,gfs_20260507T1800Z.json,-6.505000000000003
1974,2026-05-20 10:00:00+00:00,2026-05-08 04:00:00+00:00,2026-05-20 10:51:00+00:00,13,63.79,69.0,gfs_20260507T1800Z.json,-5.210000000000001
1975,2026-05-20 11:00:00+00:00,2026-05-08 04:00:00+00:00,2026-05-20 11:51:00+00:00,13,66.04,72.0,gfs_20260507T1800Z.json,-5.959999999999994
1976,2026-05-20 12:00:00+00:00,2026-05-08 04:00:00+00:00,2026-05-20 12:51:00+00:00,13,69.885,77.0,gfs_20260507T1800Z.json,-7.114999999999995
1977,2026-05-20 13:00:00+00:00,2026-05-08 04:00:00+00:00,2026-05-20 13:51:00+00:00,13,74.75,81.0,gfs_20260507T1800Z.json,-6.25
1978,2026-05-20 14:00:00+00:00,2026-05-08 04:00:00+00:00,2026-05-20 14:51:00+00:00,13,79.155,85.0,gfs_20260507T1800Z.json,-5.844999999999999
1979,2026-05-20 15:00:00+00:00,2026-05-08 04:00:00+00:00,2026-05-20 15:51:00+00:00,13,82.17999999999999,88.0,gfs_20260507T1800Z.json,-5.820000000000007
1980,2026-05-20 16:00:00+00:00,2026-05-08 04:00:00+00:00,2026-05-20 16:51:00+00:00,13,84.3,91.0,gfs_20260507T1800Z.json,-6.700000000000003
1981,2026-05-20 17:00:00+00:00,2026-05-08 04:00:00+00:00,2026-05-20 17:51:00+00:00,13,85.705,92.0,gfs_20260507T1800Z.json,-6.295000000000002
1982,2026-05-20 18:00:00+00:00,2026-05-08 04:00:00+00:00,2026-05-20 18:51:00+00:00,13,86.41,93.0,gfs_20260507T1800Z.json,-6.590000000000003
1983,2026-05-20 19:00:00+00:00,2026-05-08 04:00:00+00:00,2026-05-20 19:51:00+00:00,13,86.33,95.0,gfs_20260507T1800Z.json,-8.670000000000002
1984,2026-05-20 20:00:00+00:00,2026-05-08 04:00:00+00:00,2026-05-20 20:51:00+00:00,13,85.365,94.0,gfs_20260507T1800Z.json,-8.635000000000005
1985,2026-05-20 21:00:00+00:00,2026-05-08 04:00:00+00:00,2026-05-20 21:51:00+00:00,13,82.65,93.0,gfs_20260507T1800Z.json,-10.349999999999994
1986,2026-05-20 22:00:00+00:00,2026-05-08 04:00:00+00:00,2026-05-20 22:51:00+00:00,13,78.8,90.0,gfs_20260507T1800Z.json,-11.200000000000003
1987,2026-05-20 23:00:00+00:00,2026-05-08 04:00:00+00:00,2026-05-20 23:51:00+00:00,13,75.565,87.0,gfs_20260507T1800Z.json,-11.435000000000002
1988,2026-05-21 00:00:00+00:00,2026-05-08 04:00:00+00:00,2026-05-21 00:51:00+00:00,13,73.82499999999999,84.0,gfs_20260507T1800Z.json,-10.175000000000011
1989,2026-05-21 01:00:00+00:00,2026-05-08 04:00:00+00:00,2026-05-21 01:51:00+00:00,13,73.09,82.0,gfs_20260507T1800Z.json,-8.909999999999997
1990,2026-05-21 02:00:00+00:00,2026-05-08 04:00:00+00:00,2026-05-21 02:51:00+00:00,13,72.32000000000001,80.0,gfs_20260507T1800Z.json,-7.679999999999993
1991,2026-05-21 03:00:00+00:00,2026-05-08 04:00:00+00:00,2026-05-21 03:51:00+00:00,13,71.095,78.0,gfs_20260507T1800Z.json,-6.905000000000001
1992,2026-05-21 04:00:00+00:00,2026-05-08 04:00:00+00:00,2026-05-21 04:51:00+00:00,14,69.795,76.0,gfs_20260507T1800Z.json,-6.204999999999998
1993,2026-05-21 05:00:00+00:00,2026-05-08 04:00:00+00:00,2026-05-21 05:51:00+00:00,14,68.41,74.0,gfs_20260507T1800Z.json,-5.590000000000003
1994,2026-05-21 06:00:00+00:00,2026-05-08 04:00:00+00:00,2026-05-21 06:51:00+00:00,14,66.925,73.0,gfs_20260507T1800Z.json,-6.075000000000003
1995,2026-05-21 07:00:00+00:00,2026-05-08 04:00:00+00:00,2026-05-21 07:51:00+00:00,14,65.51,71.0,gfs_20260507T1800Z.json,-5.489999999999995
1996,2026-05-21 08:00:00+00:00,2026-05-08 04:00:00+00:00,2026-05-21 08:51:00+00:00,14,64.62,71.0,gfs_20260507T1800Z.json,-6.3799999999999955
1997,2026-05-21 09:00:00+00:00,2026-05-08 04:00:00+00:00,2026-05-21 09:51:00+00:00,14,64.67,70.0,gfs_20260507T1800Z.json,-5.329999999999998
1998,2026-05-21 10:00:00+00:00,2026-05-08 04:00:00+00:00,2026-05-21 10:51:00+00:00,14,65.46499999999999,70.0,gfs_20260507T1800Z.json,-4.535000000000011
1999,2026-05-21 11:00:00+00:00,2026-05-08 04:00:00+00:00,2026-05-21 11:51:00+00:00,14,66.44999999999999,73.0,gfs_20260507T1800Z.json,-6.550000000000011
2000,2026-05-21 12:00:00+00:00,2026-05-08 04:00:00+00:00,2026-05-21 12:51:00+00:00,14,66.94,76.0,gfs_20260507T1800Z.json,-9.060000000000002
2001,2026-05-21 13:00:00+00:00,2026-05-08 04:00:00+00:00,2026-05-21 13:51:00+00:00,14,67.34,79.0,gfs_20260507T1800Z.json,-11.659999999999997
2002,2026-05-21 14:00:00+00:00,2026-05-08 04:00:00+00:00,2026-05-21 14:51:00+00:00,14,68.845,84.0,gfs_20260507T1800Z.json,-15.155000000000001
2003,2026-05-21 15:00:00+00:00,2026-05-08 04:00:00+00:00,2026-05-21 15:51:00+00:00,14,73.095,86.0,gfs_20260507T1800Z.json,-12.905000000000001
2004,2026-05-21 16:00:00+00:00,2026-05-08 04:00:00+00:00,2026-05-21 16:51:00+00:00,14,78.89999999999999,90.0,gfs_20260507T1800Z.json,-11.100000000000009
2005,2026-05-21 17:00:00+00:00,2026-05-08 04:00:00+00:00,2026-05-21 17:51:00+00:00,14,83.455,91.0,gfs_20260507T1800Z.json,-7.545000000000002
2006,2026-05-21 18:00:00+00:00,2026-05-08 04:00:00+00:00,2026-05-21 18:51:00+00:00,14,85.035,95.0,gfs_20260507T1800Z.json,-9.965000000000003
2007,2026-05-21 19:00:00+00:00,2026-05-08 04:00:00+00:00,2026-05-21 19:51:00+00:00,14,84.605,93.0,gfs_20260507T1800Z.json,-8.394999999999996
2008,2026-05-21 20:00:00+00:00,2026-05-08 04:00:00+00:00,2026-05-21 20:51:00+00:00,14,83.225,94.0,gfs_20260507T1800Z.json,-10.775000000000006
2009,2026-05-21 21:00:00+00:00,2026-05-08 04:00:00+00:00,2026-05-21 21:51:00+00:00,14,81.045,90.0,gfs_20260507T1800Z.json,-8.954999999999998
2010,2026-05-21 22:00:00+00:00,2026-05-08 04:00:00+00:00,2026-05-21 22:51:00+00:00,14,77.98,88.0,gfs_20260507T1800Z.json,-10.019999999999996
2011,2026-05-21 23:00:00+00:00,2026-05-08 04:00:00+00:00,2026-05-21 23:51:00+00:00,14,74.86500000000001,74.0,gfs_20260507T1800Z.json,0.8650000000000091
2012,2026-05-22 00:00:00+00:00,2026-05-08 04:00:00+00:00,2026-05-22 00:51:00+00:00,14,71.85000000000001,69.0,gfs_20260507T1800Z.json,2.8500000000000085
2013,2026-05-22 01:00:00+00:00,2026-05-08 04:00:00+00:00,2026-05-22 01:51:00+00:00,14,68.85000000000001,67.0,gfs_20260507T1800Z.json,1.8500000000000085
2014,2026-05-22 02:00:00+00:00,2026-05-08 04:00:00+00:00,2026-05-22 02:51:00+00:00,14,66.275,65.0,gfs_20260507T1800Z.json,1.2750000000000057
2015,2026-05-22 03:00:00+00:00,2026-05-08 04:00:00+00:00,2026-05-22 03:51:00+00:00,14,64.285,65.0,gfs_20260507T1800Z.json,-0.7150000000000034
2016,2026-05-15 04:00:00+00:00,2026-05-15 04:00:00+00:00,2026-05-15 04:51:00+00:00,1,48.995,52.0,gfs_20260514T1800Z.json,-3.0050000000000026
2017,2026-05-15 05:00:00+00:00,2026-05-15 04:00:00+00:00,2026-05-15 05:51:00+00:00,1,48.205,50.0,gfs_20260514T1800Z.json,-1.7950000000000017
2018,2026-05-15 06:00:00+00:00,2026-05-15 04:00:00+00:00,2026-05-15 06:51:00+00:00,1,47.505,49.0,gfs_20260514T1800Z.json,-1.4949999999999974
2019,2026-05-15 07:00:00+00:00,2026-05-15 04:00:00+00:00,2026-05-15 07:51:00+00:00,1,46.89,47.0,gfs_20260514T1800Z.json,-0.10999999999999943
2020,2026-05-15 08:00:00+00:00,2026-05-15 04:00:00+00:00,2026-05-15 08:51:00+00:00,1,46.375,46.0,gfs_20260514T1800Z.json,0.375
2021,2026-05-15 09:00:00+00:00,2026-05-15 04:00:00+00:00,2026-05-15 09:51:00+00:00,1,45.96,46.0,gfs_20260514T1800Z.json,-0.03999999999999915
2022,2026-05-15 10:00:00+00:00,2026-05-15 04:00:00+00:00,2026-05-15 10:51:00+00:00,1,47.26,47.0,gfs_20260514T1800Z.json,0.259999999999998
2023,2026-05-15 11:00:00+00:00,2026-05-15 04:00:00+00:00,2026-05-15 11:51:00+00:00,1,52.77,52.0,gfs_20260514T1800Z.json,0.7700000000000031
2024,2026-05-15 12:00:00+00:00,2026-05-15 04:00:00+00:00,2026-05-15 12:51:00+00:00,1,58.375,57.0,gfs_20260514T1800Z.json,1.375
2025,2026-05-15 13:00:00+00:00,2026-05-15 04:00:00+00:00,2026-05-15 13:51:00+00:00,1,62.26,61.0,gfs_20260514T1800Z.json,1.259999999999998
2026,2026-05-15 14:00:00+00:00,2026-05-15 04:00:00+00:00,2026-05-15 14:51:00+00:00,1,65.095,66.0,gfs_20260514T1800Z.json,-0.9050000000000011
2027,2026-05-15 15:00:00+00:00,2026-05-15 04:00:00+00:00,2026-05-15 15:51:00+00:00,1,67.795,69.0,gfs_20260514T1800Z.json,-1.2049999999999983
2028,2026-05-15 16:00:00+00:00,2026-05-15 04:00:00+00:00,2026-05-15 16:51:00+00:00,1,70.66499999999999,70.0,gfs_20260514T1800Z.json,0.664999999999992
2029,2026-05-15 17:00:00+00:00,2026-05-15 04:00:00+00:00,2026-05-15 17:51:00+00:00,1,73.14,71.0,gfs_20260514T1800Z.json,2.1400000000000006
2030,2026-05-15 18:00:00+00:00,2026-05-15 04:00:00+00:00,2026-05-15 18:51:00+00:00,1,74.86,73.0,gfs_20260514T1800Z.json,1.8599999999999994
2031,2026-05-15 19:00:00+00:00,2026-05-15 04:00:00+00:00,2026-05-15 19:51:00+00:00,1,76.035,74.0,gfs_20260514T1800Z.json,2.0349999999999966
2032,2026-05-15 20:00:00+00:00,2026-05-15 04:00:00+00:00,2026-05-15 20:51:00+00:00,1,76.285,77.0,gfs_20260514T1800Z.json,-0.7150000000000034
2033,2026-05-15 21:00:00+00:00,2026-05-15 04:00:00+00:00,2026-05-15 21:51:00+00:00,1,75.875,76.0,gfs_20260514T1800Z.json,-0.125
2034,2026-05-15 22:00:00+00:00,2026-05-15 04:00:00+00:00,2026-05-15 22:51:00+00:00,1,73.08,74.0,gfs_20260514T1800Z.json,-0.9200000000000017
2035,2026-05-15 23:00:00+00:00,2026-05-15 04:00:00+00:00,2026-05-15 23:51:00+00:00,1,66.31,72.0,gfs_20260514T1800Z.json,-5.689999999999998
2036,2026-05-16 00:00:00+00:00,2026-05-15 04:00:00+00:00,2026-05-16 00:51:00+00:00,1,62.735,67.0,gfs_20260514T1800Z.json,-4.265000000000001
2037,2026-05-16 01:00:00+00:00,2026-05-15 04:00:00+00:00,2026-05-16 01:51:00+00:00,1,60.77,63.0,gfs_20260514T1800Z.json,-2.229999999999997
2038,2026-05-16 02:00:00+00:00,2026-05-15 04:00:00+00:00,2026-05-16 02:51:00+00:00,1,61.435,62.0,gfs_20260514T1800Z.json,-0.5649999999999977
2039,2026-05-16 03:00:00+00:00,2026-05-15 04:00:00+00:00,2026-05-16 03:51:00+00:00,1,62.535000000000004,61.0,gfs_20260514T1800Z.json,1.5350000000000037
2040,2026-05-16 04:00:00+00:00,2026-05-15 04:00:00+00:00,2026-05-16 04:51:00+00:00,2,59.13,60.0,gfs_20260514T1800Z.json,-0.8699999999999974
2041,2026-05-16 05:00:00+00:00,2026-05-15 04:00:00+00:00,2026-05-16 05:51:00+00:00,2,57.48,60.0,gfs_20260514T1800Z.json,-2.520000000000003
2042,2026-05-16 06:00:00+00:00,2026-05-15 04:00:00+00:00,2026-05-16 06:51:00+00:00,2,56.195,57.0,gfs_20260514T1800Z.json,-0.8049999999999997
2043,2026-05-16 07:00:00+00:00,2026-05-15 04:00:00+00:00,2026-05-16 07:51:00+00:00,2,54.895,59.0,gfs_20260514T1800Z.json,-4.104999999999997
2044,2026-05-16 08:00:00+00:00,2026-05-15 04:00:00+00:00,2026-05-16 08:51:00+00:00,2,54.275000000000006,57.0,gfs_20260514T1800Z.json,-2.7249999999999943
2045,2026-05-16 09:00:00+00:00,2026-05-15 04:00:00+00:00,2026-05-16 09:51:00+00:00,2,53.605000000000004,55.0,gfs_20260514T1800Z.json,-1.394999999999996
2046,2026-05-16 10:00:00+00:00,2026-05-15 04:00:00+00:00,2026-05-16 10:51:00+00:00,2,54.52,60.0,gfs_20260514T1800Z.json,-5.479999999999997
2047,2026-05-16 11:00:00+00:00,2026-05-15 04:00:00+00:00,2026-05-16 11:51:00+00:00,2,59.29,61.0,gfs_20260514T1800Z.json,-1.7100000000000009
2048,2026-05-16 12:00:00+00:00,2026-05-15 04:00:00+00:00,2026-05-16 12:51:00+00:00,2,64.86,68.0,gfs_20260514T1800Z.json,-3.1400000000000006
2049,2026-05-16 13:00:00+00:00,2026-05-15 04:00:00+00:00,2026-05-16 13:51:00+00:00,2,69.69500000000001,73.0,gfs_20260514T1800Z.json,-3.3049999999999926
2050,2026-05-16 14:00:00+00:00,2026-05-15 04:00:00+00:00,2026-05-16 14:51:00+00:00,2,73.80000000000001,77.0,gfs_20260514T1800Z.json,-3.1999999999999886
2051,2026-05-16 15:00:00+00:00,2026-05-15 04:00:00+00:00,2026-05-16 15:51:00+00:00,2,77.46,80.0,gfs_20260514T1800Z.json,-2.5400000000000063
2052,2026-05-16 16:00:00+00:00,2026-05-15 04:00:00+00:00,2026-05-16 16:51:00+00:00,2,81.145,84.0,gfs_20260514T1800Z.json,-2.855000000000004
2053,2026-05-16 17:00:00+00:00,2026-05-15 04:00:00+00:00,2026-05-16 17:51:00+00:00,2,83.74,86.0,gfs_20260514T1800Z.json,-2.260000000000005
2054,2026-05-16 18:00:00+00:00,2026-05-15 04:00:00+00:00,2026-05-16 18:51:00+00:00,2,85.035,87.0,gfs_20260514T1800Z.json,-1.9650000000000034
2055,2026-05-16 19:00:00+00:00,2026-05-15 04:00:00+00:00,2026-05-16 19:51:00+00:00,2,85.455,87.0,gfs_20260514T1800Z.json,-1.5450000000000017
2056,2026-05-16 20:00:00+00:00,2026-05-15 04:00:00+00:00,2026-05-16 20:51:00+00:00,2,85.33,87.0,gfs_20260514T1800Z.json,-1.6700000000000017
2057,2026-05-16 21:00:00+00:00,2026-05-15 04:00:00+00:00,2026-05-16 21:51:00+00:00,2,83.685,86.0,gfs_20260514T1800Z.json,-2.3149999999999977
2058,2026-05-16 22:00:00+00:00,2026-05-15 04:00:00+00:00,2026-05-16 22:51:00+00:00,2,80.0,83.0,gfs_20260514T1800Z.json,-3.0
2059,2026-05-16 23:00:00+00:00,2026-05-15 04:00:00+00:00,2026-05-16 23:51:00+00:00,2,76.0,80.0,gfs_20260514T1800Z.json,-4.0
2060,2026-05-17 00:00:00+00:00,2026-05-15 04:00:00+00:00,2026-05-17 00:51:00+00:00,2,74.635,77.0,gfs_20260514T1800Z.json,-2.364999999999995
2061,2026-05-17 01:00:00+00:00,2026-05-15 04:00:00+00:00,2026-05-17 01:51:00+00:00,2,70.675,75.0,gfs_20260514T1800Z.json,-4.325000000000003
2062,2026-05-17 02:00:00+00:00,2026-05-15 04:00:00+00:00,2026-05-17 02:51:00+00:00,2,68.98,74.0,gfs_20260514T1800Z.json,-5.019999999999996
2063,2026-05-17 03:00:00+00:00,2026-05-15 04:00:00+00:00,2026-05-17 03:51:00+00:00,2,66.92999999999999,72.0,gfs_20260514T1800Z.json,-5.070000000000007
2064,2026-05-17 04:00:00+00:00,2026-05-15 04:00:00+00:00,2026-05-17 04:51:00+00:00,3,65.58,71.0,gfs_20260514T1800Z.json,-5.420000000000002
2065,2026-05-17 05:00:00+00:00,2026-05-15 04:00:00+00:00,2026-05-17 05:51:00+00:00,3,64.72,70.0,gfs_20260514T1800Z.json,-5.280000000000001
2066,2026-05-17 06:00:00+00:00,2026-05-15 04:00:00+00:00,2026-05-17 06:51:00+00:00,3,64.005,68.0,gfs_20260514T1800Z.json,-3.9950000000000045
2067,2026-05-17 07:00:00+00:00,2026-05-15 04:00:00+00:00,2026-05-17 07:51:00+00:00,3,62.71,67.0,gfs_20260514T1800Z.json,-4.289999999999999
2068,2026-05-17 08:00:00+00:00,2026-05-15 04:00:00+00:00,2026-05-17 08:51:00+00:00,3,61.14,66.0,gfs_20260514T1800Z.json,-4.859999999999999
2069,2026-05-17 09:00:00+00:00,2026-05-15 04:00:00+00:00,2026-05-17 09:51:00+00:00,3,59.964999999999996,66.0,gfs_20260514T1800Z.json,-6.035000000000004
2070,2026-05-17 10:00:00+00:00,2026-05-15 04:00:00+00:00,2026-05-17 10:51:00+00:00,3,60.82,66.0,gfs_20260514T1800Z.json,-5.18
2071,2026-05-17 11:00:00+00:00,2026-05-15 04:00:00+00:00,2026-05-17 11:51:00+00:00,3,65.335,69.0,gfs_20260514T1800Z.json,-3.6650000000000063
2072,2026-05-17 12:00:00+00:00,2026-05-15 04:00:00+00:00,2026-05-17 12:51:00+00:00,3,70.18,73.0,gfs_20260514T1800Z.json,-2.819999999999993
2073,2026-05-17 13:00:00+00:00,2026-05-15 04:00:00+00:00,2026-05-17 13:51:00+00:00,3,75.065,78.0,gfs_20260514T1800Z.json,-2.9350000000000023
2074,2026-05-17 14:00:00+00:00,2026-05-15 04:00:00+00:00,2026-05-17 14:51:00+00:00,3,79.455,82.0,gfs_20260514T1800Z.json,-2.5450000000000017
2075,2026-05-17 15:00:00+00:00,2026-05-15 04:00:00+00:00,2026-05-17 15:51:00+00:00,3,83.33,85.0,gfs_20260514T1800Z.json,-1.6700000000000017
2076,2026-05-17 16:00:00+00:00,2026-05-15 04:00:00+00:00,2026-05-17 16:51:00+00:00,3,86.195,88.0,gfs_20260514T1800Z.json,-1.8050000000000068
2077,2026-05-17 17:00:00+00:00,2026-05-15 04:00:00+00:00,2026-05-17 17:51:00+00:00,3,88.47,91.0,gfs_20260514T1800Z.json,-2.530000000000001
2078,2026-05-17 18:00:00+00:00,2026-05-15 04:00:00+00:00,2026-05-17 18:51:00+00:00,3,89.64999999999999,93.0,gfs_20260514T1800Z.json,-3.3500000000000085
2079,2026-05-17 19:00:00+00:00,2026-05-15 04:00:00+00:00,2026-05-17 19:51:00+00:00,3,89.97,91.0,gfs_20260514T1800Z.json,-1.0300000000000011
2080,2026-05-17 20:00:00+00:00,2026-05-15 04:00:00+00:00,2026-05-17 20:51:00+00:00,3,89.575,93.0,gfs_20260514T1800Z.json,-3.424999999999997
2081,2026-05-17 21:00:00+00:00,2026-05-15 04:00:00+00:00,2026-05-17 21:51:00+00:00,3,88.225,92.0,gfs_20260514T1800Z.json,-3.7750000000000057
2082,2026-05-17 22:00:00+00:00,2026-05-15 04:00:00+00:00,2026-05-17 22:51:00+00:00,3,85.28,90.0,gfs_20260514T1800Z.json,-4.719999999999999
2083,2026-05-17 23:00:00+00:00,2026-05-15 04:00:00+00:00,2026-05-17 23:51:00+00:00,3,80.55,87.0,gfs_20260514T1800Z.json,-6.450000000000003
2084,2026-05-18 00:00:00+00:00,2026-05-15 04:00:00+00:00,2026-05-18 00:51:00+00:00,3,76.825,83.0,gfs_20260514T1800Z.json,-6.174999999999997
2085,2026-05-18 01:00:00+00:00,2026-05-15 04:00:00+00:00,2026-05-18 01:51:00+00:00,3,74.515,80.0,gfs_20260514T1800Z.json,-5.484999999999999
2086,2026-05-18 02:00:00+00:00,2026-05-15 04:00:00+00:00,2026-05-18 02:51:00+00:00,3,72.5,79.0,gfs_20260514T1800Z.json,-6.5
2087,2026-05-18 03:00:00+00:00,2026-05-15 04:00:00+00:00,2026-05-18 03:51:00+00:00,3,70.67,78.0,gfs_20260514T1800Z.json,-7.329999999999998
2088,2026-05-18 04:00:00+00:00,2026-05-15 04:00:00+00:00,,4,,,gfs_20260514T1800Z.json,
2089,2026-05-18 05:00:00+00:00,2026-05-15 04:00:00+00:00,,4,,,gfs_20260514T1800Z.json,
2090,2026-05-18 06:00:00+00:00,2026-05-15 04:00:00+00:00,2026-05-18 06:51:00+00:00,4,65.925,74.0,gfs_20260514T1800Z.json,-8.075000000000003
2091,2026-05-18 07:00:00+00:00,2026-05-15 04:00:00+00:00,2026-05-18 07:51:00+00:00,4,64.68,73.0,gfs_20260514T1800Z.json,-8.319999999999993
2092,2026-05-18 08:00:00+00:00,2026-05-15 04:00:00+00:00,2026-05-18 08:51:00+00:00,4,63.395,71.0,gfs_20260514T1800Z.json,-7.604999999999997
2093,2026-05-18 09:00:00+00:00,2026-05-15 04:00:00+00:00,2026-05-18 09:51:00+00:00,4,62.605000000000004,70.0,gfs_20260514T1800Z.json,-7.394999999999996
2094,2026-05-18 10:00:00+00:00,2026-05-15 04:00:00+00:00,2026-05-18 10:51:00+00:00,4,64.03,71.0,gfs_20260514T1800Z.json,-6.969999999999999
2095,2026-05-18 11:00:00+00:00,2026-05-15 04:00:00+00:00,2026-05-18 11:51:00+00:00,4,68.72,74.0,gfs_20260514T1800Z.json,-5.280000000000001
2096,2026-05-18 12:00:00+00:00,2026-05-15 04:00:00+00:00,2026-05-18 12:51:00+00:00,4,73.325,78.0,gfs_20260514T1800Z.json,-4.674999999999997
2097,2026-05-18 13:00:00+00:00,2026-05-15 04:00:00+00:00,2026-05-18 13:51:00+00:00,4,77.485,83.0,gfs_20260514T1800Z.json,-5.515000000000001
2098,2026-05-18 14:00:00+00:00,2026-05-15 04:00:00+00:00,2026-05-18 14:51:00+00:00,4,81.33,86.0,gfs_20260514T1800Z.json,-4.670000000000002
2099,2026-05-18 15:00:00+00:00,2026-05-15 04:00:00+00:00,2026-05-18 15:51:00+00:00,4,84.96,89.0,gfs_20260514T1800Z.json,-4.040000000000006
2100,2026-05-18 16:00:00+00:00,2026-05-15 04:00:00+00:00,2026-05-18 16:51:00+00:00,4,87.625,91.0,gfs_20260514T1800Z.json,-3.375
2101,2026-05-18 17:00:00+00:00,2026-05-15 04:00:00+00:00,2026-05-18 17:51:00+00:00,4,89.7,94.0,gfs_20260514T1800Z.json,-4.299999999999997
2102,2026-05-18 18:00:00+00:00,2026-05-15 04:00:00+00:00,2026-05-18 18:51:00+00:00,4,90.595,95.0,gfs_20260514T1800Z.json,-4.405000000000001
2103,2026-05-18 19:00:00+00:00,2026-05-15 04:00:00+00:00,2026-05-18 19:51:00+00:00,4,90.7,96.0,gfs_20260514T1800Z.json,-5.299999999999997
2104,2026-05-18 20:00:00+00:00,2026-05-15 04:00:00+00:00,2026-05-18 20:51:00+00:00,4,90.105,96.0,gfs_20260514T1800Z.json,-5.894999999999996
2105,2026-05-18 21:00:00+00:00,2026-05-15 04:00:00+00:00,2026-05-18 21:51:00+00:00,4,88.64,94.0,gfs_20260514T1800Z.json,-5.359999999999999
2106,2026-05-18 22:00:00+00:00,2026-05-15 04:00:00+00:00,2026-05-18 22:51:00+00:00,4,85.765,92.0,gfs_20260514T1800Z.json,-6.234999999999999
2107,2026-05-18 23:00:00+00:00,2026-05-15 04:00:00+00:00,2026-05-18 23:51:00+00:00,4,79.86,89.0,gfs_20260514T1800Z.json,-9.14
2108,2026-05-19 00:00:00+00:00,2026-05-15 04:00:00+00:00,2026-05-19 00:51:00+00:00,4,76.265,86.0,gfs_20260514T1800Z.json,-9.735
2109,2026-05-19 01:00:00+00:00,2026-05-15 04:00:00+00:00,2026-05-19 01:51:00+00:00,4,74.44,82.0,gfs_20260514T1800Z.json,-7.560000000000002
2110,2026-05-19 02:00:00+00:00,2026-05-15 04:00:00+00:00,2026-05-19 02:51:00+00:00,4,72.925,80.0,gfs_20260514T1800Z.json,-7.075000000000003
2111,2026-05-19 03:00:00+00:00,2026-05-15 04:00:00+00:00,2026-05-19 03:51:00+00:00,4,70.405,79.0,gfs_20260514T1800Z.json,-8.594999999999999
2112,2026-05-19 04:00:00+00:00,2026-05-15 04:00:00+00:00,2026-05-19 04:51:00+00:00,5,68.045,77.0,gfs_20260514T1800Z.json,-8.954999999999998
2113,2026-05-19 05:00:00+00:00,2026-05-15 04:00:00+00:00,2026-05-19 05:51:00+00:00,5,66.33999999999999,74.0,gfs_20260514T1800Z.json,-7.660000000000011
2114,2026-05-19 06:00:00+00:00,2026-05-15 04:00:00+00:00,2026-05-19 06:51:00+00:00,5,64.74,73.0,gfs_20260514T1800Z.json,-8.260000000000005
2115,2026-05-19 07:00:00+00:00,2026-05-15 04:00:00+00:00,2026-05-19 07:51:00+00:00,5,63.055,71.0,gfs_20260514T1800Z.json,-7.945
2116,2026-05-19 08:00:00+00:00,2026-05-15 04:00:00+00:00,2026-05-19 08:51:00+00:00,5,61.949999999999996,70.0,gfs_20260514T1800Z.json,-8.050000000000004
2117,2026-05-19 09:00:00+00:00,2026-05-15 04:00:00+00:00,2026-05-19 09:51:00+00:00,5,60.695,69.0,gfs_20260514T1800Z.json,-8.305
2118,2026-05-19 10:00:00+00:00,2026-05-15 04:00:00+00:00,2026-05-19 10:51:00+00:00,5,61.605,69.0,gfs_20260514T1800Z.json,-7.395000000000003
2119,2026-05-19 11:00:00+00:00,2026-05-15 04:00:00+00:00,2026-05-19 11:51:00+00:00,5,65.71000000000001,73.0,gfs_20260514T1800Z.json,-7.289999999999992
2120,2026-05-19 12:00:00+00:00,2026-05-15 04:00:00+00:00,2026-05-19 12:51:00+00:00,5,70.735,77.0,gfs_20260514T1800Z.json,-6.265000000000001
2121,2026-05-19 13:00:00+00:00,2026-05-15 04:00:00+00:00,2026-05-19 13:51:00+00:00,5,75.58,81.0,gfs_20260514T1800Z.json,-5.420000000000002
2122,2026-05-19 14:00:00+00:00,2026-05-15 04:00:00+00:00,2026-05-19 14:51:00+00:00,5,79.87,86.0,gfs_20260514T1800Z.json,-6.1299999999999955
2123,2026-05-19 15:00:00+00:00,2026-05-15 04:00:00+00:00,2026-05-19 15:51:00+00:00,5,83.55999999999999,89.0,gfs_20260514T1800Z.json,-5.440000000000012
2124,2026-05-19 16:00:00+00:00,2026-05-15 04:00:00+00:00,2026-05-19 16:51:00+00:00,5,86.64999999999999,91.0,gfs_20260514T1800Z.json,-4.3500000000000085
2125,2026-05-19 17:00:00+00:00,2026-05-15 04:00:00+00:00,2026-05-19 17:51:00+00:00,5,88.97,94.0,gfs_20260514T1800Z.json,-5.030000000000001
2126,2026-05-19 18:00:00+00:00,2026-05-15 04:00:00+00:00,2026-05-19 18:51:00+00:00,5,90.405,95.0,gfs_20260514T1800Z.json,-4.594999999999999
2127,2026-05-19 19:00:00+00:00,2026-05-15 04:00:00+00:00,2026-05-19 19:51:00+00:00,5,90.94,97.0,gfs_20260514T1800Z.json,-6.060000000000002
2128,2026-05-19 20:00:00+00:00,2026-05-15 04:00:00+00:00,2026-05-19 20:51:00+00:00,5,90.15,95.0,gfs_20260514T1800Z.json,-4.849999999999994
2129,2026-05-19 21:00:00+00:00,2026-05-15 04:00:00+00:00,2026-05-19 21:51:00+00:00,5,87.28,95.0,gfs_20260514T1800Z.json,-7.719999999999999
2130,2026-05-19 22:00:00+00:00,2026-05-15 04:00:00+00:00,2026-05-19 22:51:00+00:00,5,82.80499999999999,93.0,gfs_20260514T1800Z.json,-10.195000000000007
2131,2026-05-19 23:00:00+00:00,2026-05-15 04:00:00+00:00,2026-05-19 23:51:00+00:00,5,78.69999999999999,89.0,gfs_20260514T1800Z.json,-10.300000000000011
2132,2026-05-20 00:00:00+00:00,2026-05-15 04:00:00+00:00,2026-05-20 00:51:00+00:00,5,76.06,85.0,gfs_20260514T1800Z.json,-8.939999999999998
2133,2026-05-20 01:00:00+00:00,2026-05-15 04:00:00+00:00,2026-05-20 01:51:00+00:00,5,74.17,83.0,gfs_20260514T1800Z.json,-8.829999999999998
2134,2026-05-20 02:00:00+00:00,2026-05-15 04:00:00+00:00,2026-05-20 02:51:00+00:00,5,72.455,81.0,gfs_20260514T1800Z.json,-8.545000000000002
2135,2026-05-20 03:00:00+00:00,2026-05-15 04:00:00+00:00,2026-05-20 03:51:00+00:00,5,70.5,79.0,gfs_20260514T1800Z.json,-8.5
2136,2026-05-20 04:00:00+00:00,2026-05-15 04:00:00+00:00,2026-05-20 04:51:00+00:00,6,68.5,76.0,gfs_20260514T1800Z.json,-7.5
2137,2026-05-20 05:00:00+00:00,2026-05-15 04:00:00+00:00,2026-05-20 05:51:00+00:00,6,66.83999999999999,75.0,gfs_20260514T1800Z.json,-8.16000000000001
2138,2026-05-20 06:00:00+00:00,2026-05-15 04:00:00+00:00,2026-05-20 06:51:00+00:00,6,65.66499999999999,73.0,gfs_20260514T1800Z.json,-7.335000000000008
2139,2026-05-20 07:00:00+00:00,2026-05-15 04:00:00+00:00,2026-05-20 07:51:00+00:00,6,64.905,71.0,gfs_20260514T1800Z.json,-6.094999999999999
2140,2026-05-20 08:00:00+00:00,2026-05-15 04:00:00+00:00,2026-05-20 08:51:00+00:00,6,64.97,69.0,gfs_20260514T1800Z.json,-4.030000000000001
2141,2026-05-20 09:00:00+00:00,2026-05-15 04:00:00+00:00,2026-05-20 09:51:00+00:00,6,65.935,69.0,gfs_20260514T1800Z.json,-3.0649999999999977
2142,2026-05-20 10:00:00+00:00,2026-05-15 04:00:00+00:00,2026-05-20 10:51:00+00:00,6,67.63000000000001,69.0,gfs_20260514T1800Z.json,-1.3699999999999903
2143,2026-05-20 11:00:00+00:00,2026-05-15 04:00:00+00:00,2026-05-20 11:51:00+00:00,6,70.365,72.0,gfs_20260514T1800Z.json,-1.6350000000000051
2144,2026-05-20 12:00:00+00:00,2026-05-15 04:00:00+00:00,2026-05-20 12:51:00+00:00,6,74.54,77.0,gfs_20260514T1800Z.json,-2.4599999999999937
2145,2026-05-20 13:00:00+00:00,2026-05-15 04:00:00+00:00,2026-05-20 13:51:00+00:00,6,79.705,81.0,gfs_20260514T1800Z.json,-1.2950000000000017
2146,2026-05-20 14:00:00+00:00,2026-05-15 04:00:00+00:00,2026-05-20 14:51:00+00:00,6,84.155,85.0,gfs_20260514T1800Z.json,-0.8449999999999989
2147,2026-05-20 15:00:00+00:00,2026-05-15 04:00:00+00:00,2026-05-20 15:51:00+00:00,6,87.01,88.0,gfs_20260514T1800Z.json,-0.9899999999999949
2148,2026-05-20 16:00:00+00:00,2026-05-15 04:00:00+00:00,2026-05-20 16:51:00+00:00,6,88.76,91.0,gfs_20260514T1800Z.json,-2.239999999999995
2149,2026-05-20 17:00:00+00:00,2026-05-15 04:00:00+00:00,2026-05-20 17:51:00+00:00,6,89.67999999999999,92.0,gfs_20260514T1800Z.json,-2.3200000000000074
2150,2026-05-20 18:00:00+00:00,2026-05-15 04:00:00+00:00,2026-05-20 18:51:00+00:00,6,90.14,93.0,gfs_20260514T1800Z.json,-2.8599999999999994
2151,2026-05-20 19:00:00+00:00,2026-05-15 04:00:00+00:00,2026-05-20 19:51:00+00:00,6,89.86,95.0,gfs_20260514T1800Z.json,-5.140000000000001
2152,2026-05-20 20:00:00+00:00,2026-05-15 04:00:00+00:00,2026-05-20 20:51:00+00:00,6,88.61,94.0,gfs_20260514T1800Z.json,-5.390000000000001
2153,2026-05-20 21:00:00+00:00,2026-05-15 04:00:00+00:00,2026-05-20 21:51:00+00:00,6,86.105,93.0,gfs_20260514T1800Z.json,-6.894999999999996
2154,2026-05-20 22:00:00+00:00,2026-05-15 04:00:00+00:00,2026-05-20 22:51:00+00:00,6,82.64,90.0,gfs_20260514T1800Z.json,-7.359999999999999
2155,2026-05-20 23:00:00+00:00,2026-05-15 04:00:00+00:00,2026-05-20 23:51:00+00:00,6,78.86999999999999,87.0,gfs_20260514T1800Z.json,-8.13000000000001
2156,2026-05-21 00:00:00+00:00,2026-05-15 04:00:00+00:00,2026-05-21 00:51:00+00:00,6,74.645,84.0,gfs_20260514T1800Z.json,-9.355000000000004
2157,2026-05-21 01:00:00+00:00,2026-05-15 04:00:00+00:00,2026-05-21 01:51:00+00:00,6,70.09,82.0,gfs_20260514T1800Z.json,-11.909999999999997
2158,2026-05-21 02:00:00+00:00,2026-05-15 04:00:00+00:00,2026-05-21 02:51:00+00:00,6,66.765,80.0,gfs_20260514T1800Z.json,-13.235
2159,2026-05-21 03:00:00+00:00,2026-05-15 04:00:00+00:00,2026-05-21 03:51:00+00:00,6,65.62,78.0,gfs_20260514T1800Z.json,-12.379999999999995
2160,2026-05-21 04:00:00+00:00,2026-05-15 04:00:00+00:00,2026-05-21 04:51:00+00:00,7,66.095,76.0,gfs_20260514T1800Z.json,-9.905000000000001
2161,2026-05-21 05:00:00+00:00,2026-05-15 04:00:00+00:00,2026-05-21 05:51:00+00:00,7,66.71,74.0,gfs_20260514T1800Z.json,-7.290000000000006
2162,2026-05-21 06:00:00+00:00,2026-05-15 04:00:00+00:00,2026-05-21 06:51:00+00:00,7,66.715,73.0,gfs_20260514T1800Z.json,-6.284999999999997
2163,2026-05-21 07:00:00+00:00,2026-05-15 04:00:00+00:00,2026-05-21 07:51:00+00:00,7,66.615,71.0,gfs_20260514T1800Z.json,-4.385000000000005
2164,2026-05-21 08:00:00+00:00,2026-05-15 04:00:00+00:00,2026-05-21 08:51:00+00:00,7,66.43,71.0,gfs_20260514T1800Z.json,-4.569999999999993
2165,2026-05-21 09:00:00+00:00,2026-05-15 04:00:00+00:00,2026-05-21 09:51:00+00:00,7,66.315,70.0,gfs_20260514T1800Z.json,-3.6850000000000023
2166,2026-05-21 10:00:00+00:00,2026-05-15 04:00:00+00:00,2026-05-21 10:51:00+00:00,7,66.3,70.0,gfs_20260514T1800Z.json,-3.700000000000003
2167,2026-05-21 11:00:00+00:00,2026-05-15 04:00:00+00:00,2026-05-21 11:51:00+00:00,7,66.385,73.0,gfs_20260514T1800Z.json,-6.614999999999995
2168,2026-05-21 12:00:00+00:00,2026-05-15 04:00:00+00:00,2026-05-21 12:51:00+00:00,7,66.825,76.0,gfs_20260514T1800Z.json,-9.174999999999997
2169,2026-05-21 13:00:00+00:00,2026-05-15 04:00:00+00:00,2026-05-21 13:51:00+00:00,7,67.49499999999999,79.0,gfs_20260514T1800Z.json,-11.50500000000001
2170,2026-05-21 14:00:00+00:00,2026-05-15 04:00:00+00:00,2026-05-21 14:51:00+00:00,7,68.11,84.0,gfs_20260514T1800Z.json,-15.89
2171,2026-05-21 15:00:00+00:00,2026-05-15 04:00:00+00:00,2026-05-21 15:51:00+00:00,7,68.625,86.0,gfs_20260514T1800Z.json,-17.375
2172,2026-05-21 16:00:00+00:00,2026-05-15 04:00:00+00:00,2026-05-21 16:51:00+00:00,7,69.03999999999999,90.0,gfs_20260514T1800Z.json,-20.960000000000008
2173,2026-05-21 17:00:00+00:00,2026-05-15 04:00:00+00:00,2026-05-21 17:51:00+00:00,7,69.78,91.0,gfs_20260514T1800Z.json,-21.22
2174,2026-05-21 18:00:00+00:00,2026-05-15 04:00:00+00:00,2026-05-21 18:51:00+00:00,7,71.26,95.0,gfs_20260514T1800Z.json,-23.739999999999995
2175,2026-05-21 19:00:00+00:00,2026-05-15 04:00:00+00:00,2026-05-21 19:51:00+00:00,7,73.11500000000001,93.0,gfs_20260514T1800Z.json,-19.88499999999999
2176,2026-05-21 20:00:00+00:00,2026-05-15 04:00:00+00:00,2026-05-21 20:51:00+00:00,7,73.91,94.0,gfs_20260514T1800Z.json,-20.090000000000003
2177,2026-05-21 21:00:00+00:00,2026-05-15 04:00:00+00:00,2026-05-21 21:51:00+00:00,7,72.215,90.0,gfs_20260514T1800Z.json,-17.784999999999997
2178,2026-05-21 22:00:00+00:00,2026-05-15 04:00:00+00:00,2026-05-21 22:51:00+00:00,7,68.92500000000001,88.0,gfs_20260514T1800Z.json,-19.07499999999999
2179,2026-05-21 23:00:00+00:00,2026-05-15 04:00:00+00:00,2026-05-21 23:51:00+00:00,7,66.275,74.0,gfs_20260514T1800Z.json,-7.724999999999994
2180,2026-05-22 00:00:00+00:00,2026-05-15 04:00:00+00:00,2026-05-22 00:51:00+00:00,7,65.645,69.0,gfs_20260514T1800Z.json,-3.355000000000004
2181,2026-05-22 01:00:00+00:00,2026-05-15 04:00:00+00:00,2026-05-22 01:51:00+00:00,7,66.11,67.0,gfs_20260514T1800Z.json,-0.8900000000000006
2182,2026-05-22 02:00:00+00:00,2026-05-15 04:00:00+00:00,2026-05-22 02:51:00+00:00,7,66.88,65.0,gfs_20260514T1800Z.json,1.8799999999999955
2183,2026-05-22 03:00:00+00:00,2026-05-15 04:00:00+00:00,2026-05-22 03:51:00+00:00,7,67.425,65.0,gfs_20260514T1800Z.json,2.424999999999997
2184,2026-05-22 04:00:00+00:00,2026-05-15 04:00:00+00:00,2026-05-22 04:51:00+00:00,8,68.00999999999999,64.0,gfs_20260514T1800Z.json,4.009999999999991
2185,2026-05-22 05:00:00+00:00,2026-05-15 04:00:00+00:00,2026-05-22 05:51:00+00:00,8,68.355,63.0,gfs_20260514T1800Z.json,5.355000000000004
2186,2026-05-22 06:00:00+00:00,2026-05-15 04:00:00+00:00,2026-05-22 06:51:00+00:00,8,68.06,63.0,gfs_20260514T1800Z.json,5.060000000000002
2187,2026-05-22 07:00:00+00:00,2026-05-15 04:00:00+00:00,2026-05-22 07:51:00+00:00,8,67.405,62.0,gfs_20260514T1800Z.json,5.405000000000001
2188,2026-05-22 08:00:00+00:00,2026-05-15 04:00:00+00:00,2026-05-22 08:51:00+00:00,8,67.045,61.0,gfs_20260514T1800Z.json,6.045000000000002
2189,2026-05-22 09:00:00+00:00,2026-05-15 04:00:00+00:00,2026-05-22 09:51:00+00:00,8,66.915,61.0,gfs_20260514T1800Z.json,5.915000000000006
2190,2026-05-22 10:00:00+00:00,2026-05-15 04:00:00+00:00,2026-05-22 10:51:00+00:00,8,67.155,61.0,gfs_20260514T1800Z.json,6.155000000000001
2191,2026-05-22 11:00:00+00:00,2026-05-15 04:00:00+00:00,2026-05-22 11:51:00+00:00,8,68.39,60.0,gfs_20260514T1800Z.json,8.39
2192,2026-05-22 12:00:00+00:00,2026-05-15 04:00:00+00:00,2026-05-22 12:51:00+00:00,8,71.49,60.0,gfs_20260514T1800Z.json,11.489999999999995
2193,2026-05-22 13:00:00+00:00,2026-05-15 04:00:00+00:00,2026-05-22 13:51:00+00:00,8,75.825,60.0,gfs_20260514T1800Z.json,15.825000000000003
2194,2026-05-22 14:00:00+00:00,2026-05-15 04:00:00+00:00,2026-05-22 14:51:00+00:00,8,79.73,62.0,gfs_20260514T1800Z.json,17.730000000000004
2195,2026-05-22 15:00:00+00:00,2026-05-15 04:00:00+00:00,2026-05-22 15:51:00+00:00,8,82.425,62.0,gfs_20260514T1800Z.json,20.424999999999997
2196,2026-05-22 16:00:00+00:00,2026-05-15 04:00:00+00:00,2026-05-22 16:51:00+00:00,8,84.33,63.0,gfs_20260514T1800Z.json,21.33
2197,2026-05-22 17:00:00+00:00,2026-05-15 04:00:00+00:00,2026-05-22 17:51:00+00:00,8,85.365,64.0,gfs_20260514T1800Z.json,21.364999999999995
2198,2026-05-22 18:00:00+00:00,2026-05-15 04:00:00+00:00,2026-05-22 18:51:00+00:00,8,85.415,64.0,gfs_20260514T1800Z.json,21.415000000000006
2199,2026-05-22 19:00:00+00:00,2026-05-15 04:00:00+00:00,2026-05-22 19:51:00+00:00,8,84.635,65.0,gfs_20260514T1800Z.json,19.635000000000005
2200,2026-05-22 20:00:00+00:00,2026-05-15 04:00:00+00:00,2026-05-22 20:51:00+00:00,8,83.05499999999999,64.0,gfs_20260514T1800Z.json,19.054999999999993
2201,2026-05-22 21:00:00+00:00,2026-05-15 04:00:00+00:00,2026-05-22 21:51:00+00:00,8,80.675,64.0,gfs_20260514T1800Z.json,16.674999999999997
2202,2026-05-22 22:00:00+00:00,2026-05-15 04:00:00+00:00,2026-05-22 22:51:00+00:00,8,77.58,63.0,gfs_20260514T1800Z.json,14.579999999999998
2203,2026-05-22 23:00:00+00:00,2026-05-15 04:00:00+00:00,2026-05-22 23:51:00+00:00,8,74.465,62.0,gfs_20260514T1800Z.json,12.465000000000003
2204,2026-05-23 00:00:00+00:00,2026-05-15 04:00:00+00:00,2026-05-23 00:51:00+00:00,8,71.535,62.0,gfs_20260514T1800Z.json,9.534999999999997
2205,2026-05-23 01:00:00+00:00,2026-05-15 04:00:00+00:00,2026-05-23 01:51:00+00:00,8,68.635,62.0,gfs_20260514T1800Z.json,6.635000000000005
2206,2026-05-23 02:00:00+00:00,2026-05-15 04:00:00+00:00,2026-05-23 02:51:00+00:00,8,65.82000000000001,62.0,gfs_20260514T1800Z.json,3.8200000000000074
2207,2026-05-23 03:00:00+00:00,2026-05-15 04:00:00+00:00,2026-05-23 03:51:00+00:00,8,62.85,61.0,gfs_20260514T1800Z.json,1.8500000000000014
2208,2026-05-23 04:00:00+00:00,2026-05-15 04:00:00+00:00,2026-05-23 04:51:00+00:00,9,60.02,61.0,gfs_20260514T1800Z.json,-0.9799999999999969
2209,2026-05-23 05:00:00+00:00,2026-05-15 04:00:00+00:00,2026-05-23 05:51:00+00:00,9,57.644999999999996,60.0,gfs_20260514T1800Z.json,-2.355000000000004
2210,2026-05-23 06:00:00+00:00,2026-05-15 04:00:00+00:00,2026-05-23 06:51:00+00:00,9,55.77,60.0,gfs_20260514T1800Z.json,-4.229999999999997
2211,2026-05-23 07:00:00+00:00,2026-05-15 04:00:00+00:00,2026-05-23 07:51:00+00:00,9,54.48,59.0,gfs_20260514T1800Z.json,-4.520000000000003
2212,2026-05-23 08:00:00+00:00,2026-05-15 04:00:00+00:00,2026-05-23 08:51:00+00:00,9,53.875,59.0,gfs_20260514T1800Z.json,-5.125
2213,2026-05-23 09:00:00+00:00,2026-05-15 04:00:00+00:00,2026-05-23 09:51:00+00:00,9,53.97,58.0,gfs_20260514T1800Z.json,-4.030000000000001
2214,2026-05-23 10:00:00+00:00,2026-05-15 04:00:00+00:00,2026-05-23 10:51:00+00:00,9,54.765,58.0,gfs_20260514T1800Z.json,-3.2349999999999994
2215,2026-05-23 11:00:00+00:00,2026-05-15 04:00:00+00:00,2026-05-23 11:51:00+00:00,9,56.43,58.0,gfs_20260514T1800Z.json,-1.5700000000000003
2216,2026-05-23 12:00:00+00:00,2026-05-15 04:00:00+00:00,2026-05-23 12:51:00+00:00,9,59.42,58.0,gfs_20260514T1800Z.json,1.4200000000000017
2217,2026-05-23 13:00:00+00:00,2026-05-15 04:00:00+00:00,2026-05-23 13:51:00+00:00,9,63.385,58.0,gfs_20260514T1800Z.json,5.384999999999998
2218,2026-05-23 14:00:00+00:00,2026-05-15 04:00:00+00:00,2026-05-23 14:51:00+00:00,9,67.315,59.0,gfs_20260514T1800Z.json,8.314999999999998
2219,2026-05-23 15:00:00+00:00,2026-05-15 04:00:00+00:00,2026-05-23 15:51:00+00:00,9,70.875,59.0,gfs_20260514T1800Z.json,11.875
2220,2026-05-23 16:00:00+00:00,2026-05-15 04:00:00+00:00,2026-05-23 16:51:00+00:00,9,74.205,60.0,gfs_20260514T1800Z.json,14.204999999999998
2221,2026-05-23 17:00:00+00:00,2026-05-15 04:00:00+00:00,2026-05-23 17:51:00+00:00,9,76.825,60.0,gfs_20260514T1800Z.json,16.825000000000003
2222,2026-05-23 18:00:00+00:00,2026-05-15 04:00:00+00:00,2026-05-23 18:51:00+00:00,9,78.9,61.0,gfs_20260514T1800Z.json,17.900000000000006
2223,2026-05-23 19:00:00+00:00,2026-05-15 04:00:00+00:00,2026-05-23 19:51:00+00:00,9,80.305,62.0,gfs_20260514T1800Z.json,18.305000000000007
2224,2026-05-23 20:00:00+00:00,2026-05-15 04:00:00+00:00,2026-05-23 20:51:00+00:00,9,80.16,62.0,gfs_20260514T1800Z.json,18.159999999999997
2225,2026-05-23 21:00:00+00:00,2026-05-15 04:00:00+00:00,2026-05-23 21:51:00+00:00,9,77.465,61.0,gfs_20260514T1800Z.json,16.465000000000003
2226,2026-05-23 22:00:00+00:00,2026-05-15 04:00:00+00:00,2026-05-23 22:51:00+00:00,9,73.005,61.0,gfs_20260514T1800Z.json,12.004999999999995
2227,2026-05-23 23:00:00+00:00,2026-05-15 04:00:00+00:00,2026-05-23 23:51:00+00:00,9,68.72999999999999,60.0,gfs_20260514T1800Z.json,8.72999999999999
2228,2026-05-24 00:00:00+00:00,2026-05-15 04:00:00+00:00,2026-05-24 00:51:00+00:00,9,65.635,60.0,gfs_20260514T1800Z.json,5.635000000000005
2229,2026-05-24 01:00:00+00:00,2026-05-15 04:00:00+00:00,2026-05-24 01:51:00+00:00,9,63.16,60.0,gfs_20260514T1800Z.json,3.1599999999999966
2230,2026-05-24 02:00:00+00:00,2026-05-15 04:00:00+00:00,2026-05-24 02:51:00+00:00,9,61.015,60.0,gfs_20260514T1800Z.json,1.0150000000000006
2231,2026-05-24 03:00:00+00:00,2026-05-15 04:00:00+00:00,2026-05-24 03:51:00+00:00,9,59.085,60.0,gfs_20260514T1800Z.json,-0.9149999999999991
2232,2026-05-24 04:00:00+00:00,2026-05-15 04:00:00+00:00,2026-05-24 04:51:00+00:00,10,57.440000000000005,60.0,gfs_20260514T1800Z.json,-2.559999999999995
2233,2026-05-24 05:00:00+00:00,2026-05-15 04:00:00+00:00,2026-05-24 05:51:00+00:00,10,55.84,60.0,gfs_20260514T1800Z.json,-4.159999999999997
2234,2026-05-24 06:00:00+00:00,2026-05-15 04:00:00+00:00,2026-05-24 06:51:00+00:00,10,53.9,60.0,gfs_20260514T1800Z.json,-6.100000000000001
2235,2026-05-24 07:00:00+00:00,2026-05-15 04:00:00+00:00,2026-05-24 07:51:00+00:00,10,51.815,60.0,gfs_20260514T1800Z.json,-8.185000000000002
2236,2026-05-24 08:00:00+00:00,2026-05-15 04:00:00+00:00,2026-05-24 08:51:00+00:00,10,50.905,60.0,gfs_20260514T1800Z.json,-9.094999999999999
2237,2026-05-24 09:00:00+00:00,2026-05-15 04:00:00+00:00,2026-05-24 09:51:00+00:00,10,51.82,59.0,gfs_20260514T1800Z.json,-7.18
2238,2026-05-24 10:00:00+00:00,2026-05-15 04:00:00+00:00,2026-05-24 10:51:00+00:00,10,54.125,59.0,gfs_20260514T1800Z.json,-4.875
2239,2026-05-24 11:00:00+00:00,2026-05-15 04:00:00+00:00,2026-05-24 11:51:00+00:00,10,57.135,60.0,gfs_20260514T1800Z.json,-2.865000000000002
2240,2026-05-24 12:00:00+00:00,2026-05-15 04:00:00+00:00,2026-05-24 12:51:00+00:00,10,60.915,61.0,gfs_20260514T1800Z.json,-0.08500000000000085
2241,2026-05-24 13:00:00+00:00,2026-05-15 04:00:00+00:00,2026-05-24 13:51:00+00:00,10,65.41,62.0,gfs_20260514T1800Z.json,3.4099999999999966
2242,2026-05-24 14:00:00+00:00,2026-05-15 04:00:00+00:00,2026-05-24 14:51:00+00:00,10,69.41499999999999,65.0,gfs_20260514T1800Z.json,4.414999999999992
2243,2026-05-24 15:00:00+00:00,2026-05-15 04:00:00+00:00,2026-05-24 15:51:00+00:00,10,72.55,68.0,gfs_20260514T1800Z.json,4.549999999999997
2244,2026-05-24 16:00:00+00:00,2026-05-15 04:00:00+00:00,2026-05-24 16:51:00+00:00,10,75.125,71.0,gfs_20260514T1800Z.json,4.125
2245,2026-05-24 17:00:00+00:00,2026-05-15 04:00:00+00:00,2026-05-24 17:51:00+00:00,10,76.94500000000001,73.0,gfs_20260514T1800Z.json,3.9450000000000074
2246,2026-05-24 18:00:00+00:00,2026-05-15 04:00:00+00:00,2026-05-24 18:51:00+00:00,10,78.305,77.0,gfs_20260514T1800Z.json,1.3050000000000068
2247,2026-05-24 19:00:00+00:00,2026-05-15 04:00:00+00:00,2026-05-24 19:51:00+00:00,10,79.00999999999999,77.0,gfs_20260514T1800Z.json,2.009999999999991
2248,2026-05-24 20:00:00+00:00,2026-05-15 04:00:00+00:00,2026-05-24 20:51:00+00:00,10,78.59,80.0,gfs_20260514T1800Z.json,-1.4099999999999966
2249,2026-05-24 21:00:00+00:00,2026-05-15 04:00:00+00:00,2026-05-24 21:51:00+00:00,10,76.375,81.0,gfs_20260514T1800Z.json,-4.625
2250,2026-05-24 22:00:00+00:00,2026-05-15 04:00:00+00:00,2026-05-24 22:51:00+00:00,10,72.855,80.0,gfs_20260514T1800Z.json,-7.144999999999996
2251,2026-05-24 23:00:00+00:00,2026-05-15 04:00:00+00:00,2026-05-24 23:51:00+00:00,10,69.58,78.0,gfs_20260514T1800Z.json,-8.420000000000002
2252,2026-05-25 00:00:00+00:00,2026-05-15 04:00:00+00:00,2026-05-25 00:51:00+00:00,10,67.57,75.0,gfs_20260514T1800Z.json,-7.430000000000007
2253,2026-05-25 01:00:00+00:00,2026-05-15 04:00:00+00:00,2026-05-25 01:51:00+00:00,10,66.11,73.0,gfs_20260514T1800Z.json,-6.890000000000001
2254,2026-05-25 02:00:00+00:00,2026-05-15 04:00:00+00:00,2026-05-25 02:51:00+00:00,10,64.71000000000001,73.0,gfs_20260514T1800Z.json,-8.289999999999992
2255,2026-05-25 03:00:00+00:00,2026-05-15 04:00:00+00:00,2026-05-25 03:51:00+00:00,10,62.885,72.0,gfs_20260514T1800Z.json,-9.115000000000002
2256,2026-05-25 04:00:00+00:00,2026-05-15 04:00:00+00:00,2026-05-25 04:51:00+00:00,11,60.9,71.0,gfs_20260514T1800Z.json,-10.100000000000001
2257,2026-05-25 05:00:00+00:00,2026-05-15 04:00:00+00:00,2026-05-25 05:51:00+00:00,11,59.155,70.0,gfs_20260514T1800Z.json,-10.844999999999999
2258,2026-05-25 06:00:00+00:00,2026-05-15 04:00:00+00:00,2026-05-25 06:51:00+00:00,11,57.370000000000005,71.0,gfs_20260514T1800Z.json,-13.629999999999995
2259,2026-05-25 07:00:00+00:00,2026-05-15 04:00:00+00:00,2026-05-25 07:51:00+00:00,11,55.825,72.0,gfs_20260514T1800Z.json,-16.174999999999997
2260,2026-05-25 08:00:00+00:00,2026-05-15 04:00:00+00:00,2026-05-25 08:51:00+00:00,11,55.005,72.0,gfs_20260514T1800Z.json,-16.994999999999997
2261,2026-05-25 09:00:00+00:00,2026-05-15 04:00:00+00:00,2026-05-25 09:51:00+00:00,11,55.324999999999996,73.0,gfs_20260514T1800Z.json,-17.675000000000004
2262,2026-05-25 10:00:00+00:00,2026-05-15 04:00:00+00:00,2026-05-25 10:51:00+00:00,11,56.589999999999996,74.0,gfs_20260514T1800Z.json,-17.410000000000004
2263,2026-05-25 11:00:00+00:00,2026-05-15 04:00:00+00:00,2026-05-25 11:51:00+00:00,11,58.755,74.0,gfs_20260514T1800Z.json,-15.244999999999997
2264,2026-05-25 12:00:00+00:00,2026-05-15 04:00:00+00:00,2026-05-25 12:51:00+00:00,11,61.905,74.0,gfs_20260514T1800Z.json,-12.094999999999999
2265,2026-05-25 13:00:00+00:00,2026-05-15 04:00:00+00:00,2026-05-25 13:51:00+00:00,11,65.97,76.0,gfs_20260514T1800Z.json,-10.030000000000001
2266,2026-05-25 14:00:00+00:00,2026-05-15 04:00:00+00:00,2026-05-25 14:51:00+00:00,11,69.83,77.0,gfs_20260514T1800Z.json,-7.170000000000002
2267,2026-05-25 15:00:00+00:00,2026-05-15 04:00:00+00:00,2026-05-25 15:51:00+00:00,11,72.95,80.0,gfs_20260514T1800Z.json,-7.049999999999997
2268,2026-05-25 16:00:00+00:00,2026-05-15 04:00:00+00:00,2026-05-25 16:51:00+00:00,11,75.525,83.0,gfs_20260514T1800Z.json,-7.474999999999994
2269,2026-05-25 17:00:00+00:00,2026-05-15 04:00:00+00:00,2026-05-25 17:51:00+00:00,11,77.515,72.0,gfs_20260514T1800Z.json,5.515000000000001
2270,2026-05-25 18:00:00+00:00,2026-05-15 04:00:00+00:00,2026-05-25 18:51:00+00:00,11,78.82,75.0,gfs_20260514T1800Z.json,3.819999999999993
2271,2026-05-25 19:00:00+00:00,2026-05-15 04:00:00+00:00,2026-05-25 19:51:00+00:00,11,79.50999999999999,79.0,gfs_20260514T1800Z.json,0.5099999999999909
2272,2026-05-25 20:00:00+00:00,2026-05-15 04:00:00+00:00,2026-05-25 20:51:00+00:00,11,79.26,81.0,gfs_20260514T1800Z.json,-1.7399999999999949
2273,2026-05-25 21:00:00+00:00,2026-05-15 04:00:00+00:00,2026-05-25 21:51:00+00:00,11,77.83999999999999,79.0,gfs_20260514T1800Z.json,-1.1600000000000108
2274,2026-05-25 22:00:00+00:00,2026-05-15 04:00:00+00:00,2026-05-25 22:51:00+00:00,11,75.475,76.0,gfs_20260514T1800Z.json,-0.5250000000000057
2275,2026-05-25 23:00:00+00:00,2026-05-15 04:00:00+00:00,2026-05-25 23:51:00+00:00,11,72.975,75.0,gfs_20260514T1800Z.json,-2.0250000000000057
2276,2026-05-26 00:00:00+00:00,2026-05-15 04:00:00+00:00,2026-05-26 00:51:00+00:00,11,70.475,74.0,gfs_20260514T1800Z.json,-3.5250000000000057
2277,2026-05-26 01:00:00+00:00,2026-05-15 04:00:00+00:00,2026-05-26 01:51:00+00:00,11,67.975,73.0,gfs_20260514T1800Z.json,-5.025000000000006
2278,2026-05-26 02:00:00+00:00,2026-05-15 04:00:00+00:00,2026-05-26 02:51:00+00:00,11,65.815,73.0,gfs_20260514T1800Z.json,-7.185000000000002
2279,2026-05-26 03:00:00+00:00,2026-05-15 04:00:00+00:00,2026-05-26 03:51:00+00:00,11,64.14,72.0,gfs_20260514T1800Z.json,-7.859999999999999
2280,2026-05-26 04:00:00+00:00,2026-05-15 04:00:00+00:00,2026-05-26 04:51:00+00:00,12,62.88,72.0,gfs_20260514T1800Z.json,-9.119999999999997
2281,2026-05-26 05:00:00+00:00,2026-05-15 04:00:00+00:00,2026-05-26 05:51:00+00:00,12,62.190000000000005,72.0,gfs_20260514T1800Z.json,-9.809999999999995
2282,2026-05-26 06:00:00+00:00,2026-05-15 04:00:00+00:00,2026-05-26 06:51:00+00:00,12,62.525,72.0,gfs_20260514T1800Z.json,-9.475000000000001
2283,2026-05-26 07:00:00+00:00,2026-05-15 04:00:00+00:00,2026-05-26 07:51:00+00:00,12,63.62,73.0,gfs_20260514T1800Z.json,-9.380000000000003
2284,2026-05-26 08:00:00+00:00,2026-05-15 04:00:00+00:00,2026-05-26 08:51:00+00:00,12,64.64999999999999,72.0,gfs_20260514T1800Z.json,-7.3500000000000085
2285,2026-05-26 09:00:00+00:00,2026-05-15 04:00:00+00:00,2026-05-26 09:51:00+00:00,12,65.14,72.0,gfs_20260514T1800Z.json,-6.859999999999999
2286,2026-05-26 10:00:00+00:00,2026-05-15 04:00:00+00:00,2026-05-26 10:51:00+00:00,12,65.37,73.0,gfs_20260514T1800Z.json,-7.6299999999999955
2287,2026-05-26 11:00:00+00:00,2026-05-15 04:00:00+00:00,2026-05-26 11:51:00+00:00,12,66.16499999999999,74.0,gfs_20260514T1800Z.json,-7.835000000000008
2288,2026-05-26 12:00:00+00:00,2026-05-15 04:00:00+00:00,2026-05-26 12:51:00+00:00,12,68.08500000000001,75.0,gfs_20260514T1800Z.json,-6.914999999999992
2289,2026-05-26 13:00:00+00:00,2026-05-15 04:00:00+00:00,2026-05-26 13:51:00+00:00,12,70.865,77.0,gfs_20260514T1800Z.json,-6.135000000000005
2290,2026-05-26 14:00:00+00:00,2026-05-15 04:00:00+00:00,2026-05-26 14:51:00+00:00,12,73.17,79.0,gfs_20260514T1800Z.json,-5.829999999999998
2291,2026-05-26 15:00:00+00:00,2026-05-15 04:00:00+00:00,2026-05-26 15:51:00+00:00,12,74.35,81.0,gfs_20260514T1800Z.json,-6.650000000000006
2292,2026-05-26 16:00:00+00:00,2026-05-15 04:00:00+00:00,2026-05-26 16:51:00+00:00,12,74.755,83.0,gfs_20260514T1800Z.json,-8.245000000000005
2293,2026-05-26 17:00:00+00:00,2026-05-15 04:00:00+00:00,2026-05-26 17:51:00+00:00,12,74.885,86.0,gfs_20260514T1800Z.json,-11.114999999999995
2294,2026-05-26 18:00:00+00:00,2026-05-15 04:00:00+00:00,2026-05-26 18:51:00+00:00,12,74.73,85.0,gfs_20260514T1800Z.json,-10.269999999999996
2295,2026-05-26 19:00:00+00:00,2026-05-15 04:00:00+00:00,2026-05-26 19:51:00+00:00,12,74.19,87.0,gfs_20260514T1800Z.json,-12.810000000000002
2296,2026-05-26 20:00:00+00:00,2026-05-15 04:00:00+00:00,2026-05-26 20:51:00+00:00,12,73.59,84.0,gfs_20260514T1800Z.json,-10.409999999999997
2297,2026-05-26 21:00:00+00:00,2026-05-15 04:00:00+00:00,2026-05-26 21:51:00+00:00,12,72.735,81.0,gfs_20260514T1800Z.json,-8.265
2298,2026-05-26 22:00:00+00:00,2026-05-15 04:00:00+00:00,2026-05-26 22:51:00+00:00,12,71.83500000000001,79.0,gfs_20260514T1800Z.json,-7.164999999999992
2299,2026-05-26 23:00:00+00:00,2026-05-15 04:00:00+00:00,2026-05-26 23:51:00+00:00,12,70.765,77.0,gfs_20260514T1800Z.json,-6.234999999999999
2300,2026-05-27 00:00:00+00:00,2026-05-15 04:00:00+00:00,2026-05-27 00:51:00+00:00,12,69.58,75.0,gfs_20260514T1800Z.json,-5.420000000000002
2301,2026-05-27 01:00:00+00:00,2026-05-15 04:00:00+00:00,2026-05-27 01:51:00+00:00,12,68.295,74.0,gfs_20260514T1800Z.json,-5.704999999999998
2302,2026-05-27 02:00:00+00:00,2026-05-15 04:00:00+00:00,2026-05-27 02:51:00+00:00,12,66.99499999999999,74.0,gfs_20260514T1800Z.json,-7.00500000000001
2303,2026-05-27 03:00:00+00:00,2026-05-15 04:00:00+00:00,2026-05-27 03:51:00+00:00,12,65.61,73.0,gfs_20260514T1800Z.json,-7.390000000000001
2304,2026-05-27 04:00:00+00:00,2026-05-15 04:00:00+00:00,2026-05-27 04:51:00+00:00,13,64.125,72.0,gfs_20260514T1800Z.json,-7.875
2305,2026-05-27 05:00:00+00:00,2026-05-15 04:00:00+00:00,2026-05-27 05:51:00+00:00,13,62.964999999999996,72.0,gfs_20260514T1800Z.json,-9.035000000000004
2306,2026-05-27 06:00:00+00:00,2026-05-15 04:00:00+00:00,2026-05-27 06:51:00+00:00,13,62.46,73.0,gfs_20260514T1800Z.json,-10.54
2307,2026-05-27 07:00:00+00:00,2026-05-15 04:00:00+00:00,2026-05-27 07:51:00+00:00,13,62.4,73.0,gfs_20260514T1800Z.json,-10.600000000000001
2308,2026-05-27 08:00:00+00:00,2026-05-15 04:00:00+00:00,2026-05-27 08:51:00+00:00,13,62.485,72.0,gfs_20260514T1800Z.json,-9.515
2309,2026-05-27 09:00:00+00:00,2026-05-15 04:00:00+00:00,2026-05-27 09:51:00+00:00,13,62.33,72.0,gfs_20260514T1800Z.json,-9.670000000000002
2310,2026-05-27 10:00:00+00:00,2026-05-15 04:00:00+00:00,2026-05-27 10:51:00+00:00,13,62.215,72.0,gfs_20260514T1800Z.json,-9.784999999999997
2311,2026-05-27 11:00:00+00:00,2026-05-15 04:00:00+00:00,2026-05-27 11:51:00+00:00,13,62.285,74.0,gfs_20260514T1800Z.json,-11.715000000000003
2312,2026-05-27 12:00:00+00:00,2026-05-15 04:00:00+00:00,2026-05-27 12:51:00+00:00,13,62.809999999999995,74.0,gfs_20260514T1800Z.json,-11.190000000000005
2313,2026-05-27 13:00:00+00:00,2026-05-15 04:00:00+00:00,2026-05-27 13:51:00+00:00,13,63.665,76.0,gfs_20260514T1800Z.json,-12.335
2314,2026-05-27 14:00:00+00:00,2026-05-15 04:00:00+00:00,2026-05-27 14:51:00+00:00,13,64.225,79.0,gfs_20260514T1800Z.json,-14.775000000000006
2315,2026-05-27 15:00:00+00:00,2026-05-15 04:00:00+00:00,2026-05-27 15:51:00+00:00,13,63.96,78.0,gfs_20260514T1800Z.json,-14.04
2316,2026-05-27 16:00:00+00:00,2026-05-15 04:00:00+00:00,2026-05-27 16:51:00+00:00,13,63.305,80.0,gfs_20260514T1800Z.json,-16.695
2317,2026-05-27 17:00:00+00:00,2026-05-15 04:00:00+00:00,2026-05-27 17:51:00+00:00,13,62.605000000000004,83.0,gfs_20260514T1800Z.json,-20.394999999999996
2318,2026-05-27 18:00:00+00:00,2026-05-15 04:00:00+00:00,2026-05-27 18:51:00+00:00,13,62.075,86.0,gfs_20260514T1800Z.json,-23.924999999999997
2319,2026-05-27 19:00:00+00:00,2026-05-15 04:00:00+00:00,2026-05-27 19:51:00+00:00,13,61.745000000000005,87.0,gfs_20260514T1800Z.json,-25.254999999999995
2320,2026-05-27 20:00:00+00:00,2026-05-15 04:00:00+00:00,2026-05-27 20:51:00+00:00,13,61.445,85.0,gfs_20260514T1800Z.json,-23.555
2321,2026-05-27 21:00:00+00:00,2026-05-15 04:00:00+00:00,2026-05-27 21:51:00+00:00,13,61.230000000000004,87.0,gfs_20260514T1800Z.json,-25.769999999999996
2322,2026-05-27 22:00:00+00:00,2026-05-15 04:00:00+00:00,2026-05-27 22:51:00+00:00,13,61.115,86.0,gfs_20260514T1800Z.json,-24.884999999999998
2323,2026-05-27 23:00:00+00:00,2026-05-15 04:00:00+00:00,2026-05-27 23:51:00+00:00,13,61.015,83.0,gfs_20260514T1800Z.json,-21.985
2324,2026-05-28 00:00:00+00:00,2026-05-15 04:00:00+00:00,2026-05-28 00:51:00+00:00,13,61.0,81.0,gfs_20260514T1800Z.json,-20.0
2325,2026-05-28 01:00:00+00:00,2026-05-15 04:00:00+00:00,2026-05-28 01:51:00+00:00,13,60.915,78.0,gfs_20260514T1800Z.json,-17.085
2326,2026-05-28 02:00:00+00:00,2026-05-15 04:00:00+00:00,2026-05-28 02:51:00+00:00,13,60.9,75.0,gfs_20260514T1800Z.json,-14.100000000000001
2327,2026-05-28 03:00:00+00:00,2026-05-15 04:00:00+00:00,2026-05-28 03:51:00+00:00,13,60.815,73.0,gfs_20260514T1800Z.json,-12.185000000000002
2328,2026-05-28 04:00:00+00:00,2026-05-15 04:00:00+00:00,2026-05-28 04:51:00+00:00,14,60.63,73.0,gfs_20260514T1800Z.json,-12.369999999999997
2329,2026-05-28 05:00:00+00:00,2026-05-15 04:00:00+00:00,2026-05-28 05:51:00+00:00,14,60.515,72.0,gfs_20260514T1800Z.json,-11.485
2330,2026-05-28 06:00:00+00:00,2026-05-15 04:00:00+00:00,2026-05-28 06:51:00+00:00,14,60.245000000000005,71.0,gfs_20260514T1800Z.json,-10.754999999999995
2331,2026-05-28 07:00:00+00:00,2026-05-15 04:00:00+00:00,2026-05-28 07:51:00+00:00,14,59.945,71.0,gfs_20260514T1800Z.json,-11.055
2332,2026-05-28 08:00:00+00:00,2026-05-15 04:00:00+00:00,2026-05-28 08:51:00+00:00,14,59.815,72.0,gfs_20260514T1800Z.json,-12.185000000000002
2333,2026-05-28 09:00:00+00:00,2026-05-15 04:00:00+00:00,2026-05-28 09:51:00+00:00,14,59.715,72.0,gfs_20260514T1800Z.json,-12.284999999999997
2334,2026-05-28 10:00:00+00:00,2026-05-15 04:00:00+00:00,2026-05-28 10:51:00+00:00,14,59.785,72.0,gfs_20260514T1800Z.json,-12.215000000000003
2335,2026-05-28 11:00:00+00:00,2026-05-15 04:00:00+00:00,2026-05-28 11:51:00+00:00,14,60.394999999999996,74.0,gfs_20260514T1800Z.json,-13.605000000000004
2336,2026-05-28 12:00:00+00:00,2026-05-15 04:00:00+00:00,2026-05-28 12:51:00+00:00,14,62.029999999999994,78.0,gfs_20260514T1800Z.json,-15.970000000000006
2337,2026-05-28 13:00:00+00:00,2026-05-15 04:00:00+00:00,2026-05-28 13:51:00+00:00,14,64.34,81.0,gfs_20260514T1800Z.json,-16.659999999999997
2338,2026-05-28 14:00:00+00:00,2026-05-15 04:00:00+00:00,2026-05-28 14:51:00+00:00,14,66.315,82.0,gfs_20260514T1800Z.json,-15.685000000000002
2339,2026-05-28 15:00:00+00:00,2026-05-15 04:00:00+00:00,2026-05-28 15:51:00+00:00,14,67.535,83.0,gfs_20260514T1800Z.json,-15.465000000000003
2340,2026-05-28 16:00:00+00:00,2026-05-15 04:00:00+00:00,2026-05-28 16:51:00+00:00,14,68.21,82.0,gfs_20260514T1800Z.json,-13.790000000000006
2341,2026-05-28 17:00:00+00:00,2026-05-15 04:00:00+00:00,2026-05-28 17:51:00+00:00,14,68.725,85.0,gfs_20260514T1800Z.json,-16.275000000000006
2342,2026-05-28 18:00:00+00:00,2026-05-15 04:00:00+00:00,2026-05-28 18:51:00+00:00,14,69.31,87.0,gfs_20260514T1800Z.json,-17.689999999999998
2343,2026-05-28 19:00:00+00:00,2026-05-15 04:00:00+00:00,2026-05-28 19:51:00+00:00,14,69.91,87.0,gfs_20260514T1800Z.json,-17.090000000000003
2344,2026-05-28 20:00:00+00:00,2026-05-15 04:00:00+00:00,2026-05-28 20:51:00+00:00,14,69.745,88.0,gfs_20260514T1800Z.json,-18.254999999999995
2345,2026-05-28 21:00:00+00:00,2026-05-15 04:00:00+00:00,2026-05-28 21:51:00+00:00,14,68.255,88.0,gfs_20260514T1800Z.json,-19.745000000000005
2346,2026-05-28 22:00:00+00:00,2026-05-15 04:00:00+00:00,2026-05-28 22:51:00+00:00,14,65.875,87.0,gfs_20260514T1800Z.json,-21.125
2347,2026-05-28 23:00:00+00:00,2026-05-15 04:00:00+00:00,2026-05-28 23:51:00+00:00,14,63.714999999999996,82.0,gfs_20260514T1800Z.json,-18.285000000000004
2348,2026-05-29 00:00:00+00:00,2026-05-15 04:00:00+00:00,2026-05-29 00:51:00+00:00,14,62.464999999999996,81.0,gfs_20260514T1800Z.json,-18.535000000000004
2349,2026-05-29 01:00:00+00:00,2026-05-15 04:00:00+00:00,2026-05-29 01:51:00+00:00,14,61.705,75.0,gfs_20260514T1800Z.json,-13.295000000000002
2350,2026-05-29 02:00:00+00:00,2026-05-15 04:00:00+00:00,2026-05-29 02:51:00+00:00,14,61.005,75.0,gfs_20260514T1800Z.json,-13.994999999999997
2351,2026-05-29 03:00:00+00:00,2026-05-15 04:00:00+00:00,2026-05-29 03:51:00+00:00,14,60.135,74.0,gfs_20260514T1800Z.json,-13.865000000000002
2352,2026-05-22 04:00:00+00:00,2026-05-22 04:00:00+00:00,2026-05-22 04:51:00+00:00,1,62.919999999999995,64.0,gfs_20260521T1800Z.json,-1.0800000000000054
2353,2026-05-22 05:00:00+00:00,2026-05-22 04:00:00+00:00,2026-05-22 05:51:00+00:00,1,62.97,63.0,gfs_20260521T1800Z.json,-0.030000000000001137
2354,2026-05-22 06:00:00+00:00,2026-05-22 04:00:00+00:00,2026-05-22 06:51:00+00:00,1,62.745000000000005,63.0,gfs_20260521T1800Z.json,-0.25499999999999545
2355,2026-05-22 07:00:00+00:00,2026-05-22 04:00:00+00:00,2026-05-22 07:51:00+00:00,1,62.36,62.0,gfs_20260521T1800Z.json,0.35999999999999943
2356,2026-05-22 08:00:00+00:00,2026-05-22 04:00:00+00:00,2026-05-22 08:51:00+00:00,1,61.875,61.0,gfs_20260521T1800Z.json,0.875
2357,2026-05-22 09:00:00+00:00,2026-05-22 04:00:00+00:00,2026-05-22 09:51:00+00:00,1,61.63,61.0,gfs_20260521T1800Z.json,0.6300000000000026
2358,2026-05-22 10:00:00+00:00,2026-05-22 04:00:00+00:00,2026-05-22 10:51:00+00:00,1,61.43,61.0,gfs_20260521T1800Z.json,0.4299999999999997
2359,2026-05-22 11:00:00+00:00,2026-05-22 04:00:00+00:00,2026-05-22 11:51:00+00:00,1,61.4,60.0,gfs_20260521T1800Z.json,1.3999999999999986
2360,2026-05-22 12:00:00+00:00,2026-05-22 04:00:00+00:00,2026-05-22 12:51:00+00:00,1,61.230000000000004,60.0,gfs_20260521T1800Z.json,1.230000000000004
2361,2026-05-22 13:00:00+00:00,2026-05-22 04:00:00+00:00,2026-05-22 13:51:00+00:00,1,61.03,60.0,gfs_20260521T1800Z.json,1.0300000000000011
2362,2026-05-22 14:00:00+00:00,2026-05-22 04:00:00+00:00,2026-05-22 14:51:00+00:00,1,61.17,62.0,gfs_20260521T1800Z.json,-0.8299999999999983
2363,2026-05-22 15:00:00+00:00,2026-05-22 04:00:00+00:00,2026-05-22 15:51:00+00:00,1,61.795,62.0,gfs_20260521T1800Z.json,-0.2049999999999983
2364,2026-05-22 16:00:00+00:00,2026-05-22 04:00:00+00:00,2026-05-22 16:51:00+00:00,1,62.835,63.0,gfs_20260521T1800Z.json,-0.16499999999999915
2365,2026-05-22 17:00:00+00:00,2026-05-22 04:00:00+00:00,2026-05-22 17:51:00+00:00,1,64.105,64.0,gfs_20260521T1800Z.json,0.10500000000000398
2366,2026-05-22 18:00:00+00:00,2026-05-22 04:00:00+00:00,2026-05-22 18:51:00+00:00,1,65.065,64.0,gfs_20260521T1800Z.json,1.0649999999999977
2367,2026-05-22 19:00:00+00:00,2026-05-22 04:00:00+00:00,2026-05-22 19:51:00+00:00,1,66.135,65.0,gfs_20260521T1800Z.json,1.1350000000000051
2368,2026-05-22 20:00:00+00:00,2026-05-22 04:00:00+00:00,2026-05-22 20:51:00+00:00,1,67.915,64.0,gfs_20260521T1800Z.json,3.9150000000000063
2369,2026-05-22 21:00:00+00:00,2026-05-22 04:00:00+00:00,2026-05-22 21:51:00+00:00,1,67.35000000000001,64.0,gfs_20260521T1800Z.json,3.3500000000000085
2370,2026-05-22 22:00:00+00:00,2026-05-22 04:00:00+00:00,2026-05-22 22:51:00+00:00,1,66.095,63.0,gfs_20260521T1800Z.json,3.094999999999999
2371,2026-05-22 23:00:00+00:00,2026-05-22 04:00:00+00:00,2026-05-22 23:51:00+00:00,1,64.36999999999999,62.0,gfs_20260521T1800Z.json,2.3699999999999903
2372,2026-05-23 00:00:00+00:00,2026-05-22 04:00:00+00:00,2026-05-23 00:51:00+00:00,1,62.74,62.0,gfs_20260521T1800Z.json,0.740000000000002
2373,2026-05-23 01:00:00+00:00,2026-05-22 04:00:00+00:00,2026-05-23 01:51:00+00:00,1,60.970000000000006,62.0,gfs_20260521T1800Z.json,-1.029999999999994
2374,2026-05-23 02:00:00+00:00,2026-05-22 04:00:00+00:00,2026-05-23 02:51:00+00:00,1,60.36,62.0,gfs_20260521T1800Z.json,-1.6400000000000006
2375,2026-05-23 03:00:00+00:00,2026-05-22 04:00:00+00:00,2026-05-23 03:51:00+00:00,1,60.3,61.0,gfs_20260521T1800Z.json,-0.7000000000000028
2376,2026-05-23 04:00:00+00:00,2026-05-22 04:00:00+00:00,2026-05-23 04:51:00+00:00,2,60.3,61.0,gfs_20260521T1800Z.json,-0.7000000000000028
2377,2026-05-23 05:00:00+00:00,2026-05-22 04:00:00+00:00,2026-05-23 05:51:00+00:00,2,60.47,60.0,gfs_20260521T1800Z.json,0.46999999999999886
2378,2026-05-23 06:00:00+00:00,2026-05-22 04:00:00+00:00,2026-05-23 06:51:00+00:00,2,60.5,60.0,gfs_20260521T1800Z.json,0.5
2379,2026-05-23 07:00:00+00:00,2026-05-22 04:00:00+00:00,2026-05-23 07:51:00+00:00,2,60.5,59.0,gfs_20260521T1800Z.json,1.5
2380,2026-05-23 08:00:00+00:00,2026-05-22 04:00:00+00:00,2026-05-23 08:51:00+00:00,2,60.67,59.0,gfs_20260521T1800Z.json,1.6700000000000017
2381,2026-05-23 09:00:00+00:00,2026-05-22 04:00:00+00:00,2026-05-23 09:51:00+00:00,2,60.87,58.0,gfs_20260521T1800Z.json,2.8699999999999974
2382,2026-05-23 10:00:00+00:00,2026-05-22 04:00:00+00:00,2026-05-23 10:51:00+00:00,2,61.495,58.0,gfs_20260521T1800Z.json,3.4949999999999974
2383,2026-05-23 11:00:00+00:00,2026-05-22 04:00:00+00:00,2026-05-23 11:51:00+00:00,2,62.79,58.0,gfs_20260521T1800Z.json,4.789999999999999
2384,2026-05-23 12:00:00+00:00,2026-05-22 04:00:00+00:00,2026-05-23 12:51:00+00:00,2,64.7,58.0,gfs_20260521T1800Z.json,6.700000000000003
2385,2026-05-23 13:00:00+00:00,2026-05-22 04:00:00+00:00,2026-05-23 13:51:00+00:00,2,66.7,58.0,gfs_20260521T1800Z.json,8.700000000000003
2386,2026-05-23 14:00:00+00:00,2026-05-22 04:00:00+00:00,2026-05-23 14:51:00+00:00,2,67.595,59.0,gfs_20260521T1800Z.json,8.594999999999999
2387,2026-05-23 15:00:00+00:00,2026-05-22 04:00:00+00:00,2026-05-23 15:51:00+00:00,2,67.87,59.0,gfs_20260521T1800Z.json,8.870000000000005
2388,2026-05-23 16:00:00+00:00,2026-05-22 04:00:00+00:00,2026-05-23 16:51:00+00:00,2,69.43,60.0,gfs_20260521T1800Z.json,9.430000000000007
2389,2026-05-23 17:00:00+00:00,2026-05-22 04:00:00+00:00,2026-05-23 17:51:00+00:00,2,71.995,60.0,gfs_20260521T1800Z.json,11.995000000000005
2390,2026-05-23 18:00:00+00:00,2026-05-22 04:00:00+00:00,2026-05-23 18:51:00+00:00,2,69.935,61.0,gfs_20260521T1800Z.json,8.935000000000002
2391,2026-05-23 19:00:00+00:00,2026-05-22 04:00:00+00:00,2026-05-23 19:51:00+00:00,2,67.97,62.0,gfs_20260521T1800Z.json,5.969999999999999
2392,2026-05-23 20:00:00+00:00,2026-05-22 04:00:00+00:00,2026-05-23 20:51:00+00:00,2,67.53,62.0,gfs_20260521T1800Z.json,5.530000000000001
2393,2026-05-23 21:00:00+00:00,2026-05-22 04:00:00+00:00,2026-05-23 21:51:00+00:00,2,68.605,61.0,gfs_20260521T1800Z.json,7.605000000000004
2394,2026-05-23 22:00:00+00:00,2026-05-22 04:00:00+00:00,2026-05-23 22:51:00+00:00,2,69.05499999999999,61.0,gfs_20260521T1800Z.json,8.054999999999993
2395,2026-05-23 23:00:00+00:00,2026-05-22 04:00:00+00:00,2026-05-23 23:51:00+00:00,2,67.74,60.0,gfs_20260521T1800Z.json,7.739999999999995
2396,2026-05-24 00:00:00+00:00,2026-05-22 04:00:00+00:00,2026-05-24 00:51:00+00:00,2,65.97,60.0,gfs_20260521T1800Z.json,5.969999999999999
2397,2026-05-24 01:00:00+00:00,2026-05-22 04:00:00+00:00,2026-05-24 01:51:00+00:00,2,65.105,60.0,gfs_20260521T1800Z.json,5.105000000000004
2398,2026-05-24 02:00:00+00:00,2026-05-22 04:00:00+00:00,2026-05-24 02:51:00+00:00,2,63.64,60.0,gfs_20260521T1800Z.json,3.6400000000000006
2399,2026-05-24 03:00:00+00:00,2026-05-22 04:00:00+00:00,2026-05-24 03:51:00+00:00,2,63.06,60.0,gfs_20260521T1800Z.json,3.0600000000000023
2400,2026-05-24 04:00:00+00:00,2026-05-22 04:00:00+00:00,2026-05-24 04:51:00+00:00,3,63.17,60.0,gfs_20260521T1800Z.json,3.1700000000000017
2401,2026-05-24 05:00:00+00:00,2026-05-22 04:00:00+00:00,2026-05-24 05:51:00+00:00,3,63.03,60.0,gfs_20260521T1800Z.json,3.030000000000001
2402,2026-05-24 06:00:00+00:00,2026-05-22 04:00:00+00:00,2026-05-24 06:51:00+00:00,3,62.745000000000005,60.0,gfs_20260521T1800Z.json,2.7450000000000045
2403,2026-05-24 07:00:00+00:00,2026-05-22 04:00:00+00:00,2026-05-24 07:51:00+00:00,3,62.53,60.0,gfs_20260521T1800Z.json,2.530000000000001
2404,2026-05-24 08:00:00+00:00,2026-05-22 04:00:00+00:00,2026-05-24 08:51:00+00:00,3,62.67,60.0,gfs_20260521T1800Z.json,2.6700000000000017
2405,2026-05-24 09:00:00+00:00,2026-05-22 04:00:00+00:00,2026-05-24 09:51:00+00:00,3,62.36,59.0,gfs_20260521T1800Z.json,3.3599999999999994
2406,2026-05-24 10:00:00+00:00,2026-05-22 04:00:00+00:00,2026-05-24 10:51:00+00:00,3,62.3,59.0,gfs_20260521T1800Z.json,3.299999999999997
2407,2026-05-24 11:00:00+00:00,2026-05-22 04:00:00+00:00,2026-05-24 11:51:00+00:00,3,62.894999999999996,60.0,gfs_20260521T1800Z.json,2.894999999999996
2408,2026-05-24 12:00:00+00:00,2026-05-22 04:00:00+00:00,2026-05-24 12:51:00+00:00,3,64.105,61.0,gfs_20260521T1800Z.json,3.105000000000004
2409,2026-05-24 13:00:00+00:00,2026-05-22 04:00:00+00:00,2026-05-24 13:51:00+00:00,3,66.08500000000001,62.0,gfs_20260521T1800Z.json,4.085000000000008
2410,2026-05-24 14:00:00+00:00,2026-05-22 04:00:00+00:00,2026-05-24 14:51:00+00:00,3,69.375,65.0,gfs_20260521T1800Z.json,4.375
2411,2026-05-24 15:00:00+00:00,2026-05-22 04:00:00+00:00,2026-05-24 15:51:00+00:00,3,73.385,68.0,gfs_20260521T1800Z.json,5.385000000000005
2412,2026-05-24 16:00:00+00:00,2026-05-22 04:00:00+00:00,2026-05-24 16:51:00+00:00,3,76.72,71.0,gfs_20260521T1800Z.json,5.719999999999999
2413,2026-05-24 17:00:00+00:00,2026-05-22 04:00:00+00:00,2026-05-24 17:51:00+00:00,3,79.07000000000001,73.0,gfs_20260521T1800Z.json,6.070000000000007
2414,2026-05-24 18:00:00+00:00,2026-05-22 04:00:00+00:00,2026-05-24 18:51:00+00:00,3,80.50500000000001,77.0,gfs_20260521T1800Z.json,3.5050000000000097
2415,2026-05-24 19:00:00+00:00,2026-05-22 04:00:00+00:00,2026-05-24 19:51:00+00:00,3,84.185,77.0,gfs_20260521T1800Z.json,7.185000000000002
2416,2026-05-24 20:00:00+00:00,2026-05-22 04:00:00+00:00,2026-05-24 20:51:00+00:00,3,83.27,80.0,gfs_20260521T1800Z.json,3.269999999999996
2417,2026-05-24 21:00:00+00:00,2026-05-22 04:00:00+00:00,2026-05-24 21:51:00+00:00,3,81.81,81.0,gfs_20260521T1800Z.json,0.8100000000000023
2418,2026-05-24 22:00:00+00:00,2026-05-22 04:00:00+00:00,2026-05-24 22:51:00+00:00,3,76.24499999999999,80.0,gfs_20260521T1800Z.json,-3.7550000000000097
2419,2026-05-24 23:00:00+00:00,2026-05-22 04:00:00+00:00,2026-05-24 23:51:00+00:00,3,71.56,78.0,gfs_20260521T1800Z.json,-6.439999999999998
2420,2026-05-25 00:00:00+00:00,2026-05-22 04:00:00+00:00,2026-05-25 00:51:00+00:00,3,68.01,75.0,gfs_20260521T1800Z.json,-6.989999999999995
2421,2026-05-25 01:00:00+00:00,2026-05-22 04:00:00+00:00,2026-05-25 01:51:00+00:00,3,68.00999999999999,73.0,gfs_20260521T1800Z.json,-4.990000000000009
2422,2026-05-25 02:00:00+00:00,2026-05-22 04:00:00+00:00,2026-05-25 02:51:00+00:00,3,69.28999999999999,73.0,gfs_20260521T1800Z.json,-3.710000000000008
2423,2026-05-25 03:00:00+00:00,2026-05-22 04:00:00+00:00,2026-05-25 03:51:00+00:00,3,68.905,72.0,gfs_20260521T1800Z.json,-3.094999999999999
2424,2026-05-25 04:00:00+00:00,2026-05-22 04:00:00+00:00,2026-05-25 04:51:00+00:00,4,67.52499999999999,71.0,gfs_20260521T1800Z.json,-3.4750000000000085
2425,2026-05-25 05:00:00+00:00,2026-05-22 04:00:00+00:00,2026-05-25 05:51:00+00:00,4,66.705,70.0,gfs_20260521T1800Z.json,-3.2950000000000017
2426,2026-05-25 06:00:00+00:00,2026-05-22 04:00:00+00:00,2026-05-25 06:51:00+00:00,4,66.345,71.0,gfs_20260521T1800Z.json,-4.655000000000001
2427,2026-05-25 07:00:00+00:00,2026-05-22 04:00:00+00:00,2026-05-25 07:51:00+00:00,4,66.725,72.0,gfs_20260521T1800Z.json,-5.275000000000006
2428,2026-05-25 08:00:00+00:00,2026-05-22 04:00:00+00:00,2026-05-25 08:51:00+00:00,4,66.97,72.0,gfs_20260521T1800Z.json,-5.030000000000001
2429,2026-05-25 09:00:00+00:00,2026-05-22 04:00:00+00:00,2026-05-25 09:51:00+00:00,4,68.02,73.0,gfs_20260521T1800Z.json,-4.980000000000004
2430,2026-05-25 10:00:00+00:00,2026-05-22 04:00:00+00:00,2026-05-25 10:51:00+00:00,4,68.53999999999999,74.0,gfs_20260521T1800Z.json,-5.460000000000008
2431,2026-05-25 11:00:00+00:00,2026-05-22 04:00:00+00:00,2026-05-25 11:51:00+00:00,4,69.195,74.0,gfs_20260521T1800Z.json,-4.805000000000007
2432,2026-05-25 12:00:00+00:00,2026-05-22 04:00:00+00:00,2026-05-25 12:51:00+00:00,4,71.34,74.0,gfs_20260521T1800Z.json,-2.6599999999999966
2433,2026-05-25 13:00:00+00:00,2026-05-22 04:00:00+00:00,2026-05-25 13:51:00+00:00,4,74.58999999999999,76.0,gfs_20260521T1800Z.json,-1.4100000000000108
2434,2026-05-25 14:00:00+00:00,2026-05-22 04:00:00+00:00,2026-05-25 14:51:00+00:00,4,79.18,77.0,gfs_20260521T1800Z.json,2.180000000000007
2435,2026-05-25 15:00:00+00:00,2026-05-22 04:00:00+00:00,2026-05-25 15:51:00+00:00,4,81.345,80.0,gfs_20260521T1800Z.json,1.3449999999999989
2436,2026-05-25 16:00:00+00:00,2026-05-22 04:00:00+00:00,2026-05-25 16:51:00+00:00,4,79.89999999999999,83.0,gfs_20260521T1800Z.json,-3.1000000000000085
2437,2026-05-25 17:00:00+00:00,2026-05-22 04:00:00+00:00,2026-05-25 17:51:00+00:00,4,82.32,72.0,gfs_20260521T1800Z.json,10.319999999999993
2438,2026-05-25 18:00:00+00:00,2026-05-22 04:00:00+00:00,2026-05-25 18:51:00+00:00,4,80.33500000000001,75.0,gfs_20260521T1800Z.json,5.335000000000008
2439,2026-05-25 19:00:00+00:00,2026-05-22 04:00:00+00:00,2026-05-25 19:51:00+00:00,4,75.82,79.0,gfs_20260521T1800Z.json,-3.180000000000007
2440,2026-05-25 20:00:00+00:00,2026-05-22 04:00:00+00:00,2026-05-25 20:51:00+00:00,4,79.52,81.0,gfs_20260521T1800Z.json,-1.480000000000004
2441,2026-05-25 21:00:00+00:00,2026-05-22 04:00:00+00:00,2026-05-25 21:51:00+00:00,4,81.66000000000001,79.0,gfs_20260521T1800Z.json,2.660000000000011
2442,2026-05-25 22:00:00+00:00,2026-05-22 04:00:00+00:00,2026-05-25 22:51:00+00:00,4,80.71000000000001,76.0,gfs_20260521T1800Z.json,4.710000000000008
2443,2026-05-25 23:00:00+00:00,2026-05-22 04:00:00+00:00,2026-05-25 23:51:00+00:00,4,76.335,75.0,gfs_20260521T1800Z.json,1.3349999999999937
2444,2026-05-26 00:00:00+00:00,2026-05-22 04:00:00+00:00,2026-05-26 00:51:00+00:00,4,72.88000000000001,74.0,gfs_20260521T1800Z.json,-1.1199999999999903
2445,2026-05-26 01:00:00+00:00,2026-05-22 04:00:00+00:00,2026-05-26 01:51:00+00:00,4,71.635,73.0,gfs_20260521T1800Z.json,-1.3649999999999949
2446,2026-05-26 02:00:00+00:00,2026-05-22 04:00:00+00:00,2026-05-26 02:51:00+00:00,4,71.755,73.0,gfs_20260521T1800Z.json,-1.2450000000000045
2447,2026-05-26 03:00:00+00:00,2026-05-22 04:00:00+00:00,2026-05-26 03:51:00+00:00,4,70.95,72.0,gfs_20260521T1800Z.json,-1.0499999999999972
2448,2026-05-26 04:00:00+00:00,2026-05-22 04:00:00+00:00,2026-05-26 04:51:00+00:00,5,70.12,72.0,gfs_20260521T1800Z.json,-1.8799999999999955
2449,2026-05-26 05:00:00+00:00,2026-05-22 04:00:00+00:00,2026-05-26 05:51:00+00:00,5,69.745,72.0,gfs_20260521T1800Z.json,-2.2549999999999955
2450,2026-05-26 06:00:00+00:00,2026-05-22 04:00:00+00:00,2026-05-26 06:51:00+00:00,5,69.7,72.0,gfs_20260521T1800Z.json,-2.299999999999997
2451,2026-05-26 07:00:00+00:00,2026-05-22 04:00:00+00:00,2026-05-26 07:51:00+00:00,5,69.53,73.0,gfs_20260521T1800Z.json,-3.469999999999999
2452,2026-05-26 08:00:00+00:00,2026-05-22 04:00:00+00:00,2026-05-26 08:51:00+00:00,5,69.16,72.0,gfs_20260521T1800Z.json,-2.8400000000000034
2453,2026-05-26 09:00:00+00:00,2026-05-22 04:00:00+00:00,2026-05-26 09:51:00+00:00,5,68.25,72.0,gfs_20260521T1800Z.json,-3.75
2454,2026-05-26 10:00:00+00:00,2026-05-22 04:00:00+00:00,2026-05-26 10:51:00+00:00,5,68.865,73.0,gfs_20260521T1800Z.json,-4.135000000000005
2455,2026-05-26 11:00:00+00:00,2026-05-22 04:00:00+00:00,2026-05-26 11:51:00+00:00,5,70.61500000000001,74.0,gfs_20260521T1800Z.json,-3.384999999999991
2456,2026-05-26 12:00:00+00:00,2026-05-22 04:00:00+00:00,2026-05-26 12:51:00+00:00,5,73.195,75.0,gfs_20260521T1800Z.json,-1.8050000000000068
2457,2026-05-26 13:00:00+00:00,2026-05-22 04:00:00+00:00,2026-05-26 13:51:00+00:00,5,76.405,77.0,gfs_20260521T1800Z.json,-0.5949999999999989
2458,2026-05-26 14:00:00+00:00,2026-05-22 04:00:00+00:00,2026-05-26 14:51:00+00:00,5,80.13000000000001,79.0,gfs_20260521T1800Z.json,1.1300000000000097
2459,2026-05-26 15:00:00+00:00,2026-05-22 04:00:00+00:00,2026-05-26 15:51:00+00:00,5,82.23,81.0,gfs_20260521T1800Z.json,1.230000000000004
2460,2026-05-26 16:00:00+00:00,2026-05-22 04:00:00+00:00,2026-05-26 16:51:00+00:00,5,83.69,83.0,gfs_20260521T1800Z.json,0.6899999999999977
2461,2026-05-26 17:00:00+00:00,2026-05-22 04:00:00+00:00,2026-05-26 17:51:00+00:00,5,81.435,86.0,gfs_20260521T1800Z.json,-4.564999999999998
2462,2026-05-26 18:00:00+00:00,2026-05-22 04:00:00+00:00,2026-05-26 18:51:00+00:00,5,80.745,85.0,gfs_20260521T1800Z.json,-4.2549999999999955
2463,2026-05-26 19:00:00+00:00,2026-05-22 04:00:00+00:00,2026-05-26 19:51:00+00:00,5,80.275,87.0,gfs_20260521T1800Z.json,-6.724999999999994
2464,2026-05-26 20:00:00+00:00,2026-05-22 04:00:00+00:00,2026-05-26 20:51:00+00:00,5,79.52000000000001,84.0,gfs_20260521T1800Z.json,-4.47999999999999
2465,2026-05-26 21:00:00+00:00,2026-05-22 04:00:00+00:00,2026-05-26 21:51:00+00:00,5,78.465,81.0,gfs_20260521T1800Z.json,-2.5349999999999966
2466,2026-05-26 22:00:00+00:00,2026-05-22 04:00:00+00:00,2026-05-26 22:51:00+00:00,5,77.11,79.0,gfs_20260521T1800Z.json,-1.8900000000000006
2467,2026-05-26 23:00:00+00:00,2026-05-22 04:00:00+00:00,2026-05-26 23:51:00+00:00,5,75.625,77.0,gfs_20260521T1800Z.json,-1.375
2468,2026-05-27 00:00:00+00:00,2026-05-22 04:00:00+00:00,2026-05-27 00:51:00+00:00,5,74.21000000000001,75.0,gfs_20260521T1800Z.json,-0.789999999999992
2469,2026-05-27 01:00:00+00:00,2026-05-22 04:00:00+00:00,2026-05-27 01:51:00+00:00,5,72.725,74.0,gfs_20260521T1800Z.json,-1.2750000000000057
2470,2026-05-27 02:00:00+00:00,2026-05-22 04:00:00+00:00,2026-05-27 02:51:00+00:00,5,71.48,74.0,gfs_20260521T1800Z.json,-2.519999999999996
2471,2026-05-27 03:00:00+00:00,2026-05-22 04:00:00+00:00,2026-05-27 03:51:00+00:00,5,70.62,73.0,gfs_20260521T1800Z.json,-2.3799999999999955
2472,2026-05-27 04:00:00+00:00,2026-05-22 04:00:00+00:00,2026-05-27 04:51:00+00:00,6,69.99000000000001,72.0,gfs_20260521T1800Z.json,-2.009999999999991
2473,2026-05-27 05:00:00+00:00,2026-05-22 04:00:00+00:00,2026-05-27 05:51:00+00:00,6,69.56,72.0,gfs_20260521T1800Z.json,-2.4399999999999977
2474,2026-05-27 06:00:00+00:00,2026-05-22 04:00:00+00:00,2026-05-27 06:51:00+00:00,6,69.415,73.0,gfs_20260521T1800Z.json,-3.5849999999999937
2475,2026-05-27 07:00:00+00:00,2026-05-22 04:00:00+00:00,2026-05-27 07:51:00+00:00,6,69.4,73.0,gfs_20260521T1800Z.json,-3.5999999999999943
2476,2026-05-27 08:00:00+00:00,2026-05-22 04:00:00+00:00,2026-05-27 08:51:00+00:00,6,69.485,72.0,gfs_20260521T1800Z.json,-2.5150000000000006
2477,2026-05-27 09:00:00+00:00,2026-05-22 04:00:00+00:00,2026-05-27 09:51:00+00:00,6,69.245,72.0,gfs_20260521T1800Z.json,-2.7549999999999955
2478,2026-05-27 10:00:00+00:00,2026-05-22 04:00:00+00:00,2026-05-27 10:51:00+00:00,6,68.86,72.0,gfs_20260521T1800Z.json,-3.1400000000000006
2479,2026-05-27 11:00:00+00:00,2026-05-22 04:00:00+00:00,2026-05-27 11:51:00+00:00,6,69.225,74.0,gfs_20260521T1800Z.json,-4.775000000000006
2480,2026-05-27 12:00:00+00:00,2026-05-22 04:00:00+00:00,2026-05-27 12:51:00+00:00,6,70.915,74.0,gfs_20260521T1800Z.json,-3.0849999999999937
2481,2026-05-27 13:00:00+00:00,2026-05-22 04:00:00+00:00,2026-05-27 13:51:00+00:00,6,73.58,76.0,gfs_20260521T1800Z.json,-2.4200000000000017
2482,2026-05-27 14:00:00+00:00,2026-05-22 04:00:00+00:00,2026-05-27 14:51:00+00:00,6,76.295,79.0,gfs_20260521T1800Z.json,-2.7049999999999983
2483,2026-05-27 15:00:00+00:00,2026-05-22 04:00:00+00:00,2026-05-27 15:51:00+00:00,6,78.91,78.0,gfs_20260521T1800Z.json,0.9099999999999966
2484,2026-05-27 16:00:00+00:00,2026-05-22 04:00:00+00:00,2026-05-27 16:51:00+00:00,6,81.425,80.0,gfs_20260521T1800Z.json,1.4249999999999972
2485,2026-05-27 17:00:00+00:00,2026-05-22 04:00:00+00:00,2026-05-27 17:51:00+00:00,6,82.99,83.0,gfs_20260521T1800Z.json,-0.010000000000005116
2486,2026-05-27 18:00:00+00:00,2026-05-22 04:00:00+00:00,2026-05-27 18:51:00+00:00,6,82.94500000000001,86.0,gfs_20260521T1800Z.json,-3.0549999999999926
2487,2026-05-27 19:00:00+00:00,2026-05-22 04:00:00+00:00,2026-05-27 19:51:00+00:00,6,81.795,87.0,gfs_20260521T1800Z.json,-5.204999999999998
2488,2026-05-27 20:00:00+00:00,2026-05-22 04:00:00+00:00,2026-05-27 20:51:00+00:00,6,80.07,85.0,gfs_20260521T1800Z.json,-4.930000000000007
2489,2026-05-27 21:00:00+00:00,2026-05-22 04:00:00+00:00,2026-05-27 21:51:00+00:00,6,77.76,87.0,gfs_20260521T1800Z.json,-9.239999999999995
2490,2026-05-27 22:00:00+00:00,2026-05-22 04:00:00+00:00,2026-05-27 22:51:00+00:00,6,74.935,86.0,gfs_20260521T1800Z.json,-11.064999999999998
2491,2026-05-27 23:00:00+00:00,2026-05-22 04:00:00+00:00,2026-05-27 23:51:00+00:00,6,72.545,83.0,gfs_20260521T1800Z.json,-10.454999999999998
2492,2026-05-28 00:00:00+00:00,2026-05-22 04:00:00+00:00,2026-05-28 00:51:00+00:00,6,71.01,81.0,gfs_20260521T1800Z.json,-9.989999999999995
2493,2026-05-28 01:00:00+00:00,2026-05-22 04:00:00+00:00,2026-05-28 01:51:00+00:00,6,69.95,78.0,gfs_20260521T1800Z.json,-8.049999999999997
2494,2026-05-28 02:00:00+00:00,2026-05-22 04:00:00+00:00,2026-05-28 02:51:00+00:00,6,69.12,75.0,gfs_20260521T1800Z.json,-5.8799999999999955
2495,2026-05-28 03:00:00+00:00,2026-05-22 04:00:00+00:00,2026-05-28 03:51:00+00:00,6,68.235,73.0,gfs_20260521T1800Z.json,-4.765000000000001
2496,2026-05-28 04:00:00+00:00,2026-05-22 04:00:00+00:00,2026-05-28 04:51:00+00:00,7,67.50500000000001,73.0,gfs_20260521T1800Z.json,-5.49499999999999
2497,2026-05-28 05:00:00+00:00,2026-05-22 04:00:00+00:00,2026-05-28 05:51:00+00:00,7,66.89,72.0,gfs_20260521T1800Z.json,-5.109999999999999
2498,2026-05-28 06:00:00+00:00,2026-05-22 04:00:00+00:00,2026-05-28 06:51:00+00:00,7,66.375,71.0,gfs_20260521T1800Z.json,-4.625
2499,2026-05-28 07:00:00+00:00,2026-05-22 04:00:00+00:00,2026-05-28 07:51:00+00:00,7,66.045,71.0,gfs_20260521T1800Z.json,-4.954999999999998
2500,2026-05-28 08:00:00+00:00,2026-05-22 04:00:00+00:00,2026-05-28 08:51:00+00:00,7,66.255,72.0,gfs_20260521T1800Z.json,-5.7450000000000045
2501,2026-05-28 09:00:00+00:00,2026-05-22 04:00:00+00:00,2026-05-28 09:51:00+00:00,7,66.97999999999999,72.0,gfs_20260521T1800Z.json,-5.02000000000001
2502,2026-05-28 10:00:00+00:00,2026-05-22 04:00:00+00:00,2026-05-28 10:51:00+00:00,7,68.28999999999999,72.0,gfs_20260521T1800Z.json,-3.710000000000008
2503,2026-05-28 11:00:00+00:00,2026-05-22 04:00:00+00:00,2026-05-28 11:51:00+00:00,7,70.455,74.0,gfs_20260521T1800Z.json,-3.5450000000000017
2504,2026-05-28 12:00:00+00:00,2026-05-22 04:00:00+00:00,2026-05-28 12:51:00+00:00,7,73.86,78.0,gfs_20260521T1800Z.json,-4.140000000000001
2505,2026-05-28 13:00:00+00:00,2026-05-22 04:00:00+00:00,2026-05-28 13:51:00+00:00,7,78.22500000000001,81.0,gfs_20260521T1800Z.json,-2.7749999999999915
2506,2026-05-28 14:00:00+00:00,2026-05-22 04:00:00+00:00,2026-05-28 14:51:00+00:00,7,82.215,82.0,gfs_20260521T1800Z.json,0.2150000000000034
2507,2026-05-28 15:00:00+00:00,2026-05-22 04:00:00+00:00,2026-05-28 15:51:00+00:00,7,85.60499999999999,83.0,gfs_20260521T1800Z.json,2.6049999999999898
2508,2026-05-28 16:00:00+00:00,2026-05-22 04:00:00+00:00,2026-05-28 16:51:00+00:00,7,88.31,82.0,gfs_20260521T1800Z.json,6.310000000000002
2509,2026-05-28 17:00:00+00:00,2026-05-22 04:00:00+00:00,2026-05-28 17:51:00+00:00,7,89.21,85.0,gfs_20260521T1800Z.json,4.209999999999994
2510,2026-05-28 18:00:00+00:00,2026-05-22 04:00:00+00:00,2026-05-28 18:51:00+00:00,7,87.005,87.0,gfs_20260521T1800Z.json,0.0049999999999954525
2511,2026-05-28 19:00:00+00:00,2026-05-22 04:00:00+00:00,2026-05-28 19:51:00+00:00,7,82.605,87.0,gfs_20260521T1800Z.json,-4.394999999999996
2512,2026-05-28 20:00:00+00:00,2026-05-22 04:00:00+00:00,2026-05-28 20:51:00+00:00,7,78.41499999999999,88.0,gfs_20260521T1800Z.json,-9.585000000000008
2513,2026-05-28 21:00:00+00:00,2026-05-22 04:00:00+00:00,2026-05-28 21:51:00+00:00,7,75.33500000000001,88.0,gfs_20260521T1800Z.json,-12.664999999999992
2514,2026-05-28 22:00:00+00:00,2026-05-22 04:00:00+00:00,2026-05-28 22:51:00+00:00,7,72.945,87.0,gfs_20260521T1800Z.json,-14.055000000000007
2515,2026-05-28 23:00:00+00:00,2026-05-22 04:00:00+00:00,2026-05-28 23:51:00+00:00,7,71.155,82.0,gfs_20260521T1800Z.json,-10.844999999999999
2516,2026-05-29 00:00:00+00:00,2026-05-22 04:00:00+00:00,2026-05-29 00:51:00+00:00,7,70.305,81.0,gfs_20260521T1800Z.json,-10.694999999999993
2517,2026-05-29 01:00:00+00:00,2026-05-22 04:00:00+00:00,2026-05-29 01:51:00+00:00,7,70.03,75.0,gfs_20260521T1800Z.json,-4.969999999999999
2518,2026-05-29 02:00:00+00:00,2026-05-22 04:00:00+00:00,2026-05-29 02:51:00+00:00,7,69.915,75.0,gfs_20260521T1800Z.json,-5.084999999999994
2519,2026-05-29 03:00:00+00:00,2026-05-22 04:00:00+00:00,2026-05-29 03:51:00+00:00,7,69.47500000000001,74.0,gfs_20260521T1800Z.json,-4.5249999999999915
2520,2026-05-29 04:00:00+00:00,2026-05-22 04:00:00+00:00,2026-05-29 04:51:00+00:00,8,68.97500000000001,72.0,gfs_20260521T1800Z.json,-3.0249999999999915
2521,2026-05-29 05:00:00+00:00,2026-05-22 04:00:00+00:00,2026-05-29 05:51:00+00:00,8,68.47500000000001,69.0,gfs_20260521T1800Z.json,-0.5249999999999915
2522,2026-05-29 06:00:00+00:00,2026-05-22 04:00:00+00:00,2026-05-29 06:51:00+00:00,8,67.89,66.0,gfs_20260521T1800Z.json,1.8900000000000006
2523,2026-05-29 07:00:00+00:00,2026-05-22 04:00:00+00:00,2026-05-29 07:51:00+00:00,8,67.205,66.0,gfs_20260521T1800Z.json,1.2049999999999983
2524,2026-05-29 08:00:00+00:00,2026-05-22 04:00:00+00:00,2026-05-29 08:51:00+00:00,8,66.675,62.0,gfs_20260521T1800Z.json,4.674999999999997
2525,2026-05-29 09:00:00+00:00,2026-05-22 04:00:00+00:00,2026-05-29 09:51:00+00:00,8,66.345,62.0,gfs_20260521T1800Z.json,4.344999999999999
2526,2026-05-29 10:00:00+00:00,2026-05-22 04:00:00+00:00,2026-05-29 10:51:00+00:00,8,66.13,63.0,gfs_20260521T1800Z.json,3.1299999999999955
2527,2026-05-29 11:00:00+00:00,2026-05-22 04:00:00+00:00,2026-05-29 11:51:00+00:00,8,66.27,66.0,gfs_20260521T1800Z.json,0.269999999999996
2528,2026-05-29 12:00:00+00:00,2026-05-22 04:00:00+00:00,2026-05-29 12:51:00+00:00,8,66.725,69.0,gfs_20260521T1800Z.json,-2.2750000000000057
2529,2026-05-29 13:00:00+00:00,2026-05-22 04:00:00+00:00,2026-05-29 13:51:00+00:00,8,67.565,71.0,gfs_20260521T1800Z.json,-3.4350000000000023
2530,2026-05-29 14:00:00+00:00,2026-05-22 04:00:00+00:00,2026-05-29 14:51:00+00:00,8,68.635,74.0,gfs_20260521T1800Z.json,-5.364999999999995
2531,2026-05-29 15:00:00+00:00,2026-05-22 04:00:00+00:00,2026-05-29 15:51:00+00:00,8,69.905,76.0,gfs_20260521T1800Z.json,-6.094999999999999
2532,2026-05-29 16:00:00+00:00,2026-05-22 04:00:00+00:00,2026-05-29 16:51:00+00:00,8,71.46000000000001,79.0,gfs_20260521T1800Z.json,-7.539999999999992
2533,2026-05-29 17:00:00+00:00,2026-05-22 04:00:00+00:00,2026-05-29 17:51:00+00:00,8,73.06,81.0,gfs_20260521T1800Z.json,-7.939999999999998
2534,2026-05-29 18:00:00+00:00,2026-05-22 04:00:00+00:00,2026-05-29 18:51:00+00:00,8,75.0,83.0,gfs_20260521T1800Z.json,-8.0
2535,2026-05-29 19:00:00+00:00,2026-05-22 04:00:00+00:00,2026-05-29 19:51:00+00:00,8,77.17,86.0,gfs_20260521T1800Z.json,-8.829999999999998
2536,2026-05-29 20:00:00+00:00,2026-05-22 04:00:00+00:00,2026-05-29 20:51:00+00:00,8,78.17999999999999,85.0,gfs_20260521T1800Z.json,-6.820000000000007
2537,2026-05-29 21:00:00+00:00,2026-05-22 04:00:00+00:00,2026-05-29 21:51:00+00:00,8,76.94,85.0,gfs_20260521T1800Z.json,-8.060000000000002
2538,2026-05-29 22:00:00+00:00,2026-05-22 04:00:00+00:00,2026-05-29 22:51:00+00:00,8,74.32000000000001,83.0,gfs_20260521T1800Z.json,-8.679999999999993
2539,2026-05-29 23:00:00+00:00,2026-05-22 04:00:00+00:00,2026-05-29 23:51:00+00:00,8,72.03,81.0,gfs_20260521T1800Z.json,-8.969999999999999
2540,2026-05-30 00:00:00+00:00,2026-05-22 04:00:00+00:00,2026-05-30 00:51:00+00:00,8,71.19,77.0,gfs_20260521T1800Z.json,-5.810000000000002
2541,2026-05-30 01:00:00+00:00,2026-05-22 04:00:00+00:00,2026-05-30 01:51:00+00:00,8,71.185,75.0,gfs_20260521T1800Z.json,-3.8149999999999977
2542,2026-05-30 02:00:00+00:00,2026-05-22 04:00:00+00:00,2026-05-30 02:51:00+00:00,8,71.115,74.0,gfs_20260521T1800Z.json,-2.885000000000005
2543,2026-05-30 03:00:00+00:00,2026-05-22 04:00:00+00:00,2026-05-30 03:51:00+00:00,8,70.42,73.0,gfs_20260521T1800Z.json,-2.5799999999999983
2544,2026-05-30 04:00:00+00:00,2026-05-22 04:00:00+00:00,2026-05-30 04:51:00+00:00,9,69.45,74.0,gfs_20260521T1800Z.json,-4.549999999999997
2545,2026-05-30 05:00:00+00:00,2026-05-22 04:00:00+00:00,2026-05-30 05:51:00+00:00,9,68.705,73.0,gfs_20260521T1800Z.json,-4.295000000000002
2546,2026-05-30 06:00:00+00:00,2026-05-22 04:00:00+00:00,2026-05-30 06:51:00+00:00,9,68.6,72.0,gfs_20260521T1800Z.json,-3.4000000000000057
2547,2026-05-30 07:00:00+00:00,2026-05-22 04:00:00+00:00,2026-05-30 07:51:00+00:00,9,68.855,71.0,gfs_20260521T1800Z.json,-2.144999999999996
2548,2026-05-30 08:00:00+00:00,2026-05-22 04:00:00+00:00,2026-05-30 08:51:00+00:00,9,69.24,70.0,gfs_20260521T1800Z.json,-0.7600000000000051
2549,2026-05-30 09:00:00+00:00,2026-05-22 04:00:00+00:00,2026-05-30 09:51:00+00:00,9,69.47,69.0,gfs_20260521T1800Z.json,0.46999999999999886
2550,2026-05-30 10:00:00+00:00,2026-05-22 04:00:00+00:00,2026-05-30 10:51:00+00:00,9,69.67,71.0,gfs_20260521T1800Z.json,-1.3299999999999983
2551,2026-05-30 11:00:00+00:00,2026-05-22 04:00:00+00:00,2026-05-30 11:51:00+00:00,9,70.635,73.0,gfs_20260521T1800Z.json,-2.364999999999995
2552,2026-05-30 12:00:00+00:00,2026-05-22 04:00:00+00:00,2026-05-30 12:51:00+00:00,9,72.84,75.0,gfs_20260521T1800Z.json,-2.1599999999999966
2553,2026-05-30 13:00:00+00:00,2026-05-22 04:00:00+00:00,2026-05-30 13:51:00+00:00,9,76.005,77.0,gfs_20260521T1800Z.json,-0.9950000000000045
2554,2026-05-30 14:00:00+00:00,2026-05-22 04:00:00+00:00,2026-05-30 14:51:00+00:00,9,79.30499999999999,80.0,gfs_20260521T1800Z.json,-0.6950000000000074
2555,2026-05-30 15:00:00+00:00,2026-05-22 04:00:00+00:00,2026-05-30 15:51:00+00:00,9,82.77499999999999,81.0,gfs_20260521T1800Z.json,1.7749999999999915
2556,2026-05-30 16:00:00+00:00,2026-05-22 04:00:00+00:00,2026-05-30 16:51:00+00:00,9,86.27499999999999,84.0,gfs_20260521T1800Z.json,2.2749999999999915
2557,2026-05-30 17:00:00+00:00,2026-05-22 04:00:00+00:00,2026-05-30 17:51:00+00:00,9,88.5,84.0,gfs_20260521T1800Z.json,4.5
2558,2026-05-30 18:00:00+00:00,2026-05-22 04:00:00+00:00,2026-05-30 18:51:00+00:00,9,88.375,85.0,gfs_20260521T1800Z.json,3.375
2559,2026-05-30 19:00:00+00:00,2026-05-22 04:00:00+00:00,2026-05-30 19:51:00+00:00,9,86.515,86.0,gfs_20260521T1800Z.json,0.5150000000000006
2560,2026-05-30 20:00:00+00:00,2026-05-22 04:00:00+00:00,2026-05-30 20:51:00+00:00,9,83.82000000000001,85.0,gfs_20260521T1800Z.json,-1.1799999999999926
2561,2026-05-30 21:00:00+00:00,2026-05-22 04:00:00+00:00,2026-05-30 21:51:00+00:00,9,79.91499999999999,84.0,gfs_20260521T1800Z.json,-4.085000000000008
2562,2026-05-30 22:00:00+00:00,2026-05-22 04:00:00+00:00,2026-05-30 22:51:00+00:00,9,75.135,80.0,gfs_20260521T1800Z.json,-4.864999999999995
2563,2026-05-30 23:00:00+00:00,2026-05-22 04:00:00+00:00,2026-05-30 23:51:00+00:00,9,71.34,77.0,gfs_20260521T1800Z.json,-5.659999999999997
2564,2026-05-31 00:00:00+00:00,2026-05-22 04:00:00+00:00,2026-05-31 00:51:00+00:00,9,69.61,73.0,gfs_20260521T1800Z.json,-3.3900000000000006
2565,2026-05-31 01:00:00+00:00,2026-05-22 04:00:00+00:00,2026-05-31 01:51:00+00:00,9,69.315,74.0,gfs_20260521T1800Z.json,-4.685000000000002
2566,2026-05-31 02:00:00+00:00,2026-05-22 04:00:00+00:00,2026-05-31 02:51:00+00:00,9,69.13,72.0,gfs_20260521T1800Z.json,-2.8700000000000045
2567,2026-05-31 03:00:00+00:00,2026-05-22 04:00:00+00:00,2026-05-31 03:51:00+00:00,9,68.675,68.0,gfs_20260521T1800Z.json,0.6749999999999972
2568,2026-05-31 04:00:00+00:00,2026-05-22 04:00:00+00:00,2026-05-31 04:51:00+00:00,10,68.175,65.0,gfs_20260521T1800Z.json,3.174999999999997
2569,2026-05-31 05:00:00+00:00,2026-05-22 04:00:00+00:00,2026-05-31 05:51:00+00:00,10,67.76,63.0,gfs_20260521T1800Z.json,4.760000000000005
2570,2026-05-31 06:00:00+00:00,2026-05-22 04:00:00+00:00,2026-05-31 06:51:00+00:00,10,67.53,62.0,gfs_20260521T1800Z.json,5.530000000000001
2571,2026-05-31 07:00:00+00:00,2026-05-22 04:00:00+00:00,2026-05-31 07:51:00+00:00,10,67.415,61.0,gfs_20260521T1800Z.json,6.415000000000006
2572,2026-05-31 08:00:00+00:00,2026-05-22 04:00:00+00:00,2026-05-31 08:51:00+00:00,10,67.655,59.0,gfs_20260521T1800Z.json,8.655000000000001
2573,2026-05-31 09:00:00+00:00,2026-05-22 04:00:00+00:00,2026-05-31 09:51:00+00:00,10,68.125,57.0,gfs_20260521T1800Z.json,11.125
2574,2026-05-31 10:00:00+00:00,2026-05-22 04:00:00+00:00,2026-05-31 10:51:00+00:00,10,68.96499999999999,57.0,gfs_20260521T1800Z.json,11.96499999999999
2575,2026-05-31 11:00:00+00:00,2026-05-22 04:00:00+00:00,2026-05-31 11:51:00+00:00,10,70.545,61.0,gfs_20260521T1800Z.json,9.545000000000002
2576,2026-05-31 12:00:00+00:00,2026-05-22 04:00:00+00:00,2026-05-31 12:51:00+00:00,10,73.35,64.0,gfs_20260521T1800Z.json,9.349999999999994
2577,2026-05-31 13:00:00+00:00,2026-05-22 04:00:00+00:00,2026-05-31 13:51:00+00:00,10,77.115,67.0,gfs_20260521T1800Z.json,10.114999999999995
2578,2026-05-31 14:00:00+00:00,2026-05-22 04:00:00+00:00,2026-05-31 14:51:00+00:00,10,80.505,70.0,gfs_20260521T1800Z.json,10.504999999999995
2579,2026-05-31 15:00:00+00:00,2026-05-22 04:00:00+00:00,2026-05-31 15:51:00+00:00,10,82.955,71.0,gfs_20260521T1800Z.json,11.954999999999998
2580,2026-05-31 16:00:00+00:00,2026-05-22 04:00:00+00:00,2026-05-31 16:51:00+00:00,10,84.745,74.0,gfs_20260521T1800Z.json,10.745000000000005
2581,2026-05-31 17:00:00+00:00,2026-05-22 04:00:00+00:00,2026-05-31 17:51:00+00:00,10,86.02,75.0,gfs_20260521T1800Z.json,11.019999999999996
2582,2026-05-31 18:00:00+00:00,2026-05-22 04:00:00+00:00,2026-05-31 18:51:00+00:00,10,86.96499999999999,78.0,gfs_20260521T1800Z.json,8.96499999999999
2583,2026-05-31 19:00:00+00:00,2026-05-22 04:00:00+00:00,2026-05-31 19:51:00+00:00,10,87.44,78.0,gfs_20260521T1800Z.json,9.439999999999998
2584,2026-05-31 20:00:00+00:00,2026-05-22 04:00:00+00:00,2026-05-31 20:51:00+00:00,10,86.735,81.0,gfs_20260521T1800Z.json,5.734999999999999
2585,2026-05-31 21:00:00+00:00,2026-05-22 04:00:00+00:00,2026-05-31 21:51:00+00:00,10,84.22,80.0,gfs_20260521T1800Z.json,4.219999999999999
2586,2026-05-31 22:00:00+00:00,2026-05-22 04:00:00+00:00,2026-05-31 22:51:00+00:00,10,80.39999999999999,78.0,gfs_20260521T1800Z.json,2.3999999999999915
2587,2026-05-31 23:00:00+00:00,2026-05-22 04:00:00+00:00,2026-05-31 23:51:00+00:00,10,76.74000000000001,76.0,gfs_20260521T1800Z.json,0.7400000000000091
2588,2026-06-01 00:00:00+00:00,2026-05-22 04:00:00+00:00,2026-06-01 00:51:00+00:00,10,73.735,74.0,gfs_20260521T1800Z.json,-0.26500000000000057
2589,2026-06-01 01:00:00+00:00,2026-05-22 04:00:00+00:00,2026-06-01 01:51:00+00:00,10,71.09,72.0,gfs_20260521T1800Z.json,-0.9099999999999966
2590,2026-06-01 02:00:00+00:00,2026-05-22 04:00:00+00:00,2026-06-01 02:51:00+00:00,10,68.745,72.0,gfs_20260521T1800Z.json,-3.2549999999999955
2591,2026-06-01 03:00:00+00:00,2026-05-22 04:00:00+00:00,2026-06-01 03:51:00+00:00,10,66.615,71.0,gfs_20260521T1800Z.json,-4.385000000000005
2592,2026-06-01 04:00:00+00:00,2026-05-22 04:00:00+00:00,2026-06-01 04:51:00+00:00,11,64.685,71.0,gfs_20260521T1800Z.json,-6.314999999999998
2593,2026-06-01 05:00:00+00:00,2026-05-22 04:00:00+00:00,2026-06-01 05:51:00+00:00,11,63.04,71.0,gfs_20260521T1800Z.json,-7.960000000000001
2594,2026-06-01 06:00:00+00:00,2026-05-22 04:00:00+00:00,2026-06-01 06:51:00+00:00,11,61.865,70.0,gfs_20260521T1800Z.json,-8.134999999999998
2595,2026-06-01 07:00:00+00:00,2026-05-22 04:00:00+00:00,2026-06-01 07:51:00+00:00,11,61.019999999999996,69.0,gfs_20260521T1800Z.json,-7.980000000000004
2596,2026-06-01 08:00:00+00:00,2026-05-22 04:00:00+00:00,2026-06-01 08:51:00+00:00,11,60.56,69.0,gfs_20260521T1800Z.json,-8.439999999999998
2597,2026-06-01 09:00:00+00:00,2026-05-22 04:00:00+00:00,2026-06-01 09:51:00+00:00,11,60.245000000000005,68.0,gfs_20260521T1800Z.json,-7.7549999999999955
2598,2026-06-01 10:00:00+00:00,2026-05-22 04:00:00+00:00,2026-06-01 10:51:00+00:00,11,60.2,68.0,gfs_20260521T1800Z.json,-7.799999999999997
2599,2026-06-01 11:00:00+00:00,2026-05-22 04:00:00+00:00,2026-06-01 11:51:00+00:00,11,61.050000000000004,69.0,gfs_20260521T1800Z.json,-7.949999999999996
2600,2026-06-01 12:00:00+00:00,2026-05-22 04:00:00+00:00,2026-06-01 12:51:00+00:00,11,63.41,71.0,gfs_20260521T1800Z.json,-7.590000000000003
2601,2026-06-01 13:00:00+00:00,2026-05-22 04:00:00+00:00,2026-06-01 13:51:00+00:00,11,66.86,75.0,gfs_20260521T1800Z.json,-8.14
2602,2026-06-01 14:00:00+00:00,2026-05-22 04:00:00+00:00,2026-06-01 14:51:00+00:00,11,70.11999999999999,79.0,gfs_20260521T1800Z.json,-8.88000000000001
2603,2026-06-01 15:00:00+00:00,2026-05-22 04:00:00+00:00,2026-06-01 15:51:00+00:00,11,72.47,80.0,gfs_20260521T1800Z.json,-7.530000000000001
2604,2026-06-01 16:00:00+00:00,2026-05-22 04:00:00+00:00,2026-06-01 16:51:00+00:00,11,74.245,82.0,gfs_20260521T1800Z.json,-7.7549999999999955
2605,2026-06-01 17:00:00+00:00,2026-05-22 04:00:00+00:00,2026-06-01 17:51:00+00:00,11,75.605,83.0,gfs_20260521T1800Z.json,-7.394999999999996
2606,2026-06-01 18:00:00+00:00,2026-05-22 04:00:00+00:00,2026-06-01 18:51:00+00:00,11,76.82,82.0,gfs_20260521T1800Z.json,-5.180000000000007
2607,2026-06-01 19:00:00+00:00,2026-05-22 04:00:00+00:00,2026-06-01 19:51:00+00:00,11,77.67999999999999,85.0,gfs_20260521T1800Z.json,-7.320000000000007
2608,2026-06-01 20:00:00+00:00,2026-05-22 04:00:00+00:00,2026-06-01 20:51:00+00:00,11,77.29,81.0,gfs_20260521T1800Z.json,-3.7099999999999937
2609,2026-06-01 21:00:00+00:00,2026-05-22 04:00:00+00:00,2026-06-01 21:51:00+00:00,11,74.99,80.0,gfs_20260521T1800Z.json,-5.010000000000005
2610,2026-06-01 22:00:00+00:00,2026-05-22 04:00:00+00:00,2026-06-01 22:51:00+00:00,11,71.19999999999999,80.0,gfs_20260521T1800Z.json,-8.800000000000011
2611,2026-06-01 23:00:00+00:00,2026-05-22 04:00:00+00:00,2026-06-01 23:51:00+00:00,11,67.54,76.0,gfs_20260521T1800Z.json,-8.459999999999994
2612,2026-06-02 00:00:00+00:00,2026-05-22 04:00:00+00:00,2026-06-02 00:51:00+00:00,11,64.535,71.0,gfs_20260521T1800Z.json,-6.465000000000003
2613,2026-06-02 01:00:00+00:00,2026-05-22 04:00:00+00:00,2026-06-02 01:51:00+00:00,11,61.975,72.0,gfs_20260521T1800Z.json,-10.024999999999999
2614,2026-06-02 02:00:00+00:00,2026-05-22 04:00:00+00:00,2026-06-02 02:51:00+00:00,11,59.73,70.0,gfs_20260521T1800Z.json,-10.270000000000003
2615,2026-06-02 03:00:00+00:00,2026-05-22 04:00:00+00:00,2026-06-02 03:51:00+00:00,11,58.04,70.0,gfs_20260521T1800Z.json,-11.96
2616,2026-06-02 04:00:00+00:00,2026-05-22 04:00:00+00:00,2026-06-02 04:51:00+00:00,12,56.78,69.0,gfs_20260521T1800Z.json,-12.219999999999999
2617,2026-06-02 05:00:00+00:00,2026-05-22 04:00:00+00:00,2026-06-02 05:51:00+00:00,12,55.75,66.0,gfs_20260521T1800Z.json,-10.25
2618,2026-06-02 06:00:00+00:00,2026-05-22 04:00:00+00:00,2026-06-02 06:51:00+00:00,12,54.835,65.0,gfs_20260521T1800Z.json,-10.165
2619,2026-06-02 07:00:00+00:00,2026-05-22 04:00:00+00:00,2026-06-02 07:51:00+00:00,12,54.190000000000005,63.0,gfs_20260521T1800Z.json,-8.809999999999995
2620,2026-06-02 08:00:00+00:00,2026-05-22 04:00:00+00:00,2026-06-02 08:51:00+00:00,12,54.355,62.0,gfs_20260521T1800Z.json,-7.645000000000003
2621,2026-06-02 09:00:00+00:00,2026-05-22 04:00:00+00:00,2026-06-02 09:51:00+00:00,12,55.675,60.0,gfs_20260521T1800Z.json,-4.325000000000003
2622,2026-06-02 10:00:00+00:00,2026-05-22 04:00:00+00:00,2026-06-02 10:51:00+00:00,12,57.94,60.0,gfs_20260521T1800Z.json,-2.0600000000000023
2623,2026-06-02 11:00:00+00:00,2026-05-22 04:00:00+00:00,2026-06-02 11:51:00+00:00,12,60.765,61.0,gfs_20260521T1800Z.json,-0.23499999999999943
2624,2026-06-02 12:00:00+00:00,2026-05-22 04:00:00+00:00,2026-06-02 12:51:00+00:00,12,64.25999999999999,63.0,gfs_20260521T1800Z.json,1.259999999999991
2625,2026-06-02 13:00:00+00:00,2026-05-22 04:00:00+00:00,2026-06-02 13:51:00+00:00,12,68.2,64.0,gfs_20260521T1800Z.json,4.200000000000003
2626,2026-06-02 14:00:00+00:00,2026-05-22 04:00:00+00:00,2026-06-02 14:51:00+00:00,12,71.69,69.0,gfs_20260521T1800Z.json,2.6899999999999977
2627,2026-06-02 15:00:00+00:00,2026-05-22 04:00:00+00:00,2026-06-02 15:51:00+00:00,12,74.325,73.0,gfs_20260521T1800Z.json,1.3250000000000028
2628,2026-06-02 16:00:00+00:00,2026-05-22 04:00:00+00:00,2026-06-02 16:51:00+00:00,12,76.4,75.0,gfs_20260521T1800Z.json,1.4000000000000057
2629,2026-06-02 17:00:00+00:00,2026-05-22 04:00:00+00:00,2026-06-02 17:51:00+00:00,12,77.89,77.0,gfs_20260521T1800Z.json,0.8900000000000006
2630,2026-06-02 18:00:00+00:00,2026-05-22 04:00:00+00:00,2026-06-02 18:51:00+00:00,12,79.205,76.0,gfs_20260521T1800Z.json,3.2049999999999983
2631,2026-06-02 19:00:00+00:00,2026-05-22 04:00:00+00:00,2026-06-02 19:51:00+00:00,12,80.08,78.0,gfs_20260521T1800Z.json,2.0799999999999983
2632,2026-06-02 20:00:00+00:00,2026-05-22 04:00:00+00:00,2026-06-02 20:51:00+00:00,12,79.86,77.0,gfs_20260521T1800Z.json,2.8599999999999994
2633,2026-06-02 21:00:00+00:00,2026-05-22 04:00:00+00:00,2026-06-02 21:51:00+00:00,12,77.505,76.0,gfs_20260521T1800Z.json,1.5049999999999955
2634,2026-06-02 22:00:00+00:00,2026-05-22 04:00:00+00:00,2026-06-02 22:51:00+00:00,12,73.785,74.0,gfs_20260521T1800Z.json,-0.2150000000000034
2635,2026-06-02 23:00:00+00:00,2026-05-22 04:00:00+00:00,2026-06-02 23:51:00+00:00,12,70.39500000000001,71.0,gfs_20260521T1800Z.json,-0.6049999999999898
2636,2026-06-03 00:00:00+00:00,2026-05-22 04:00:00+00:00,2026-06-03 00:51:00+00:00,12,68.2,66.0,gfs_20260521T1800Z.json,2.200000000000003
2637,2026-06-03 01:00:00+00:00,2026-05-22 04:00:00+00:00,2026-06-03 01:51:00+00:00,12,66.625,65.0,gfs_20260521T1800Z.json,1.625
2638,2026-06-03 02:00:00+00:00,2026-05-22 04:00:00+00:00,2026-06-03 02:51:00+00:00,12,65.38000000000001,63.0,gfs_20260521T1800Z.json,2.3800000000000097
2639,2026-06-03 03:00:00+00:00,2026-05-22 04:00:00+00:00,2026-06-03 03:51:00+00:00,12,64.095,61.0,gfs_20260521T1800Z.json,3.094999999999999
2640,2026-06-03 04:00:00+00:00,2026-05-22 04:00:00+00:00,2026-06-03 04:51:00+00:00,13,62.88,56.0,gfs_20260521T1800Z.json,6.880000000000003
2641,2026-06-03 05:00:00+00:00,2026-05-22 04:00:00+00:00,2026-06-03 05:51:00+00:00,13,61.934999999999995,53.0,gfs_20260521T1800Z.json,8.934999999999995
2642,2026-06-03 06:00:00+00:00,2026-05-22 04:00:00+00:00,2026-06-03 06:51:00+00:00,13,60.949999999999996,54.0,gfs_20260521T1800Z.json,6.949999999999996
2643,2026-06-03 07:00:00+00:00,2026-05-22 04:00:00+00:00,2026-06-03 07:51:00+00:00,13,60.12,51.0,gfs_20260521T1800Z.json,9.119999999999997
2644,2026-06-03 08:00:00+00:00,2026-05-22 04:00:00+00:00,2026-06-03 08:51:00+00:00,13,60.085,49.0,gfs_20260521T1800Z.json,11.085
2645,2026-06-03 09:00:00+00:00,2026-05-22 04:00:00+00:00,2026-06-03 09:51:00+00:00,13,61.205,49.0,gfs_20260521T1800Z.json,12.204999999999998
2646,2026-06-03 10:00:00+00:00,2026-05-22 04:00:00+00:00,2026-06-03 10:51:00+00:00,13,63.1,51.0,gfs_20260521T1800Z.json,12.100000000000001
2647,2026-06-03 11:00:00+00:00,2026-05-22 04:00:00+00:00,2026-06-03 11:51:00+00:00,13,65.865,58.0,gfs_20260521T1800Z.json,7.864999999999995
2648,2026-06-03 12:00:00+00:00,2026-05-22 04:00:00+00:00,2026-06-03 12:51:00+00:00,13,69.615,67.0,gfs_20260521T1800Z.json,2.614999999999995
2649,2026-06-03 13:00:00+00:00,2026-05-22 04:00:00+00:00,2026-06-03 13:51:00+00:00,13,74.19500000000001,73.0,gfs_20260521T1800Z.json,1.1950000000000074
2650,2026-06-03 14:00:00+00:00,2026-05-22 04:00:00+00:00,2026-06-03 14:51:00+00:00,13,78.30000000000001,77.0,gfs_20260521T1800Z.json,1.3000000000000114
2651,2026-06-03 15:00:00+00:00,2026-05-22 04:00:00+00:00,2026-06-03 15:51:00+00:00,13,81.11,78.0,gfs_20260521T1800Z.json,3.1099999999999994
2652,2026-06-03 16:00:00+00:00,2026-05-22 04:00:00+00:00,2026-06-03 16:51:00+00:00,13,83.2,80.0,gfs_20260521T1800Z.json,3.200000000000003
2653,2026-06-03 17:00:00+00:00,2026-05-22 04:00:00+00:00,2026-06-03 17:51:00+00:00,13,84.775,80.0,gfs_20260521T1800Z.json,4.775000000000006
2654,2026-06-03 18:00:00+00:00,2026-05-22 04:00:00+00:00,2026-06-03 18:51:00+00:00,13,86.02,82.0,gfs_20260521T1800Z.json,4.019999999999996
2655,2026-06-03 19:00:00+00:00,2026-05-22 04:00:00+00:00,2026-06-03 19:51:00+00:00,13,86.795,82.0,gfs_20260521T1800Z.json,4.795000000000002
2656,2026-06-03 20:00:00+00:00,2026-05-22 04:00:00+00:00,2026-06-03 20:51:00+00:00,13,86.47500000000001,81.0,gfs_20260521T1800Z.json,5.4750000000000085
2657,2026-06-03 21:00:00+00:00,2026-05-22 04:00:00+00:00,2026-06-03 21:51:00+00:00,13,84.275,81.0,gfs_20260521T1800Z.json,3.2750000000000057
2658,2026-06-03 22:00:00+00:00,2026-05-22 04:00:00+00:00,2026-06-03 22:51:00+00:00,13,80.67,80.0,gfs_20260521T1800Z.json,0.6700000000000017
2659,2026-06-03 23:00:00+00:00,2026-05-22 04:00:00+00:00,2026-06-03 23:51:00+00:00,13,77.21000000000001,76.0,gfs_20260521T1800Z.json,1.210000000000008
2660,2026-06-04 00:00:00+00:00,2026-05-22 04:00:00+00:00,2026-06-04 00:51:00+00:00,13,74.405,74.0,gfs_20260521T1800Z.json,0.40500000000000114
2661,2026-06-04 01:00:00+00:00,2026-05-22 04:00:00+00:00,2026-06-04 01:51:00+00:00,13,72.045,68.0,gfs_20260521T1800Z.json,4.045000000000002
2662,2026-06-04 02:00:00+00:00,2026-05-22 04:00:00+00:00,2026-06-04 02:51:00+00:00,13,70.255,67.0,gfs_20260521T1800Z.json,3.2549999999999955
2663,2026-06-04 03:00:00+00:00,2026-05-22 04:00:00+00:00,2026-06-04 03:51:00+00:00,13,69.66,65.0,gfs_20260521T1800Z.json,4.659999999999997
2664,2026-06-04 04:00:00+00:00,2026-05-22 04:00:00+00:00,2026-06-04 04:51:00+00:00,14,69.94,61.0,gfs_20260521T1800Z.json,8.939999999999998
2665,2026-06-04 05:00:00+00:00,2026-05-22 04:00:00+00:00,2026-06-04 05:51:00+00:00,14,69.915,59.0,gfs_20260521T1800Z.json,10.915000000000006
2666,2026-06-04 06:00:00+00:00,2026-05-22 04:00:00+00:00,2026-06-04 06:51:00+00:00,14,68.88000000000001,58.0,gfs_20260521T1800Z.json,10.88000000000001
2667,2026-06-04 07:00:00+00:00,2026-05-22 04:00:00+00:00,2026-06-04 07:51:00+00:00,14,67.33999999999999,58.0,gfs_20260521T1800Z.json,9.33999999999999
2668,2026-06-04 08:00:00+00:00,2026-05-22 04:00:00+00:00,2026-06-04 08:51:00+00:00,14,66.08,56.0,gfs_20260521T1800Z.json,10.079999999999998
2669,2026-06-04 09:00:00+00:00,2026-05-22 04:00:00+00:00,2026-06-04 09:51:00+00:00,14,65.47500000000001,54.0,gfs_20260521T1800Z.json,11.475000000000009
2670,2026-06-04 10:00:00+00:00,2026-05-22 04:00:00+00:00,2026-06-04 10:51:00+00:00,14,65.315,56.0,gfs_20260521T1800Z.json,9.314999999999998
2671,2026-06-04 11:00:00+00:00,2026-05-22 04:00:00+00:00,2026-06-04 11:51:00+00:00,14,65.81,65.0,gfs_20260521T1800Z.json,0.8100000000000023
2672,2026-06-04 12:00:00+00:00,2026-05-22 04:00:00+00:00,2026-06-04 12:51:00+00:00,14,67.345,71.0,gfs_20260521T1800Z.json,-3.655000000000001
2673,2026-06-04 13:00:00+00:00,2026-05-22 04:00:00+00:00,2026-06-04 13:51:00+00:00,14,69.555,77.0,gfs_20260521T1800Z.json,-7.444999999999993
2674,2026-06-04 14:00:00+00:00,2026-05-22 04:00:00+00:00,2026-06-04 14:51:00+00:00,14,71.855,80.0,gfs_20260521T1800Z.json,-8.144999999999996
2675,2026-06-04 15:00:00+00:00,2026-05-22 04:00:00+00:00,2026-06-04 15:51:00+00:00,14,74.07000000000001,82.0,gfs_20260521T1800Z.json,-7.929999999999993
2676,2026-06-04 16:00:00+00:00,2026-05-22 04:00:00+00:00,2026-06-04 16:51:00+00:00,14,76.10000000000001,85.0,gfs_20260521T1800Z.json,-8.899999999999991
2677,2026-06-04 17:00:00+00:00,2026-05-22 04:00:00+00:00,2026-06-04 17:51:00+00:00,14,77.59,86.0,gfs_20260521T1800Z.json,-8.409999999999997
2678,2026-06-04 18:00:00+00:00,2026-05-22 04:00:00+00:00,2026-06-04 18:51:00+00:00,14,77.97,87.0,gfs_20260521T1800Z.json,-9.030000000000001
2679,2026-06-04 19:00:00+00:00,2026-05-22 04:00:00+00:00,2026-06-04 19:51:00+00:00,14,77.575,88.0,gfs_20260521T1800Z.json,-10.424999999999997
2680,2026-06-04 20:00:00+00:00,2026-05-22 04:00:00+00:00,2026-06-04 20:51:00+00:00,14,76.65,88.0,gfs_20260521T1800Z.json,-11.349999999999994
2681,2026-06-04 21:00:00+00:00,2026-05-22 04:00:00+00:00,2026-06-04 21:51:00+00:00,14,75.225,88.0,gfs_20260521T1800Z.json,-12.775000000000006
2682,2026-06-04 22:00:00+00:00,2026-05-22 04:00:00+00:00,2026-06-04 22:51:00+00:00,14,73.215,87.0,gfs_20260521T1800Z.json,-13.784999999999997
2683,2026-06-04 23:00:00+00:00,2026-05-22 04:00:00+00:00,2026-06-04 23:51:00+00:00,14,71.36999999999999,83.0,gfs_20260521T1800Z.json,-11.63000000000001
2684,2026-06-05 00:00:00+00:00,2026-05-22 04:00:00+00:00,2026-06-05 00:51:00+00:00,14,69.82499999999999,78.0,gfs_20260521T1800Z.json,-8.175000000000011
2685,2026-06-05 01:00:00+00:00,2026-05-22 04:00:00+00:00,2026-06-05 01:51:00+00:00,14,68.49499999999999,77.0,gfs_20260521T1800Z.json,-8.50500000000001
2686,2026-06-05 02:00:00+00:00,2026-05-22 04:00:00+00:00,2026-06-05 02:51:00+00:00,14,67.45,74.0,gfs_20260521T1800Z.json,-6.549999999999997
2687,2026-06-05 03:00:00+00:00,2026-05-22 04:00:00+00:00,2026-06-05 03:51:00+00:00,14,66.79,69.0,gfs_20260521T1800Z.json,-2.2099999999999937
2688,2026-05-29 04:00:00+00:00,2026-05-29 04:00:00+00:00,2026-05-29 04:51:00+00:00,1,63.714999999999996,72.0,gfs_20260528T1800Z.json,-8.285000000000004
2689,2026-05-29 05:00:00+00:00,2026-05-29 04:00:00+00:00,2026-05-29 05:51:00+00:00,1,62.04,69.0,gfs_20260528T1800Z.json,-6.960000000000001
2690,2026-05-29 06:00:00+00:00,2026-05-29 04:00:00+00:00,2026-05-29 06:51:00+00:00,1,60.695,66.0,gfs_20260528T1800Z.json,-5.305
2691,2026-05-29 07:00:00+00:00,2026-05-29 04:00:00+00:00,2026-05-29 07:51:00+00:00,1,59.905,66.0,gfs_20260528T1800Z.json,-6.094999999999999
2692,2026-05-29 08:00:00+00:00,2026-05-29 04:00:00+00:00,2026-05-29 08:51:00+00:00,1,58.440000000000005,62.0,gfs_20260528T1800Z.json,-3.559999999999995
2693,2026-05-29 09:00:00+00:00,2026-05-29 04:00:00+00:00,2026-05-29 09:51:00+00:00,1,56.925000000000004,62.0,gfs_20260528T1800Z.json,-5.074999999999996
2694,2026-05-29 10:00:00+00:00,2026-05-29 04:00:00+00:00,2026-05-29 10:51:00+00:00,1,57.805,63.0,gfs_20260528T1800Z.json,-5.195
2695,2026-05-29 11:00:00+00:00,2026-05-29 04:00:00+00:00,2026-05-29 11:51:00+00:00,1,61.995000000000005,66.0,gfs_20260528T1800Z.json,-4.0049999999999955
2696,2026-05-29 12:00:00+00:00,2026-05-29 04:00:00+00:00,2026-05-29 12:51:00+00:00,1,66.185,69.0,gfs_20260528T1800Z.json,-2.8149999999999977
2697,2026-05-29 13:00:00+00:00,2026-05-29 04:00:00+00:00,2026-05-29 13:51:00+00:00,1,70.03,71.0,gfs_20260528T1800Z.json,-0.9699999999999989
2698,2026-05-29 14:00:00+00:00,2026-05-29 04:00:00+00:00,2026-05-29 14:51:00+00:00,1,73.66,74.0,gfs_20260528T1800Z.json,-0.3400000000000034
2699,2026-05-29 15:00:00+00:00,2026-05-29 04:00:00+00:00,2026-05-29 15:51:00+00:00,1,77.515,76.0,gfs_20260528T1800Z.json,1.5150000000000006
2700,2026-05-29 16:00:00+00:00,2026-05-29 04:00:00+00:00,2026-05-29 16:51:00+00:00,1,81.84,79.0,gfs_20260528T1800Z.json,2.8400000000000034
2701,2026-05-29 17:00:00+00:00,2026-05-29 04:00:00+00:00,2026-05-29 17:51:00+00:00,1,84.11500000000001,81.0,gfs_20260528T1800Z.json,3.115000000000009
2702,2026-05-29 18:00:00+00:00,2026-05-29 04:00:00+00:00,2026-05-29 18:51:00+00:00,1,84.91,83.0,gfs_20260528T1800Z.json,1.9099999999999966
2703,2026-05-29 19:00:00+00:00,2026-05-29 04:00:00+00:00,2026-05-29 19:51:00+00:00,1,84.49000000000001,86.0,gfs_20260528T1800Z.json,-1.509999999999991
2704,2026-05-29 20:00:00+00:00,2026-05-29 04:00:00+00:00,2026-05-29 20:51:00+00:00,1,83.97500000000001,85.0,gfs_20260528T1800Z.json,-1.0249999999999915
2705,2026-05-29 21:00:00+00:00,2026-05-29 04:00:00+00:00,2026-05-29 21:51:00+00:00,1,83.305,85.0,gfs_20260528T1800Z.json,-1.6949999999999932
2706,2026-05-29 22:00:00+00:00,2026-05-29 04:00:00+00:00,2026-05-29 22:51:00+00:00,1,80.565,83.0,gfs_20260528T1800Z.json,-2.4350000000000023
2707,2026-05-29 23:00:00+00:00,2026-05-29 04:00:00+00:00,2026-05-29 23:51:00+00:00,1,75.34,81.0,gfs_20260528T1800Z.json,-5.659999999999997
2708,2026-05-30 00:00:00+00:00,2026-05-29 04:00:00+00:00,2026-05-30 00:51:00+00:00,1,71.95,77.0,gfs_20260528T1800Z.json,-5.049999999999997
2709,2026-05-30 01:00:00+00:00,2026-05-29 04:00:00+00:00,2026-05-30 01:51:00+00:00,1,70.905,75.0,gfs_20260528T1800Z.json,-4.094999999999999
2710,2026-05-30 02:00:00+00:00,2026-05-29 04:00:00+00:00,2026-05-30 02:51:00+00:00,1,69.52499999999999,74.0,gfs_20260528T1800Z.json,-4.4750000000000085
2711,2026-05-30 03:00:00+00:00,2026-05-29 04:00:00+00:00,2026-05-30 03:51:00+00:00,1,68.875,73.0,gfs_20260528T1800Z.json,-4.125
2712,2026-05-30 04:00:00+00:00,2026-05-29 04:00:00+00:00,2026-05-30 04:51:00+00:00,2,68.205,74.0,gfs_20260528T1800Z.json,-5.795000000000002
2713,2026-05-30 05:00:00+00:00,2026-05-29 04:00:00+00:00,2026-05-30 05:51:00+00:00,2,67.42,73.0,gfs_20260528T1800Z.json,-5.579999999999998
2714,2026-05-30 06:00:00+00:00,2026-05-29 04:00:00+00:00,2026-05-30 06:51:00+00:00,2,66.875,72.0,gfs_20260528T1800Z.json,-5.125
2715,2026-05-30 07:00:00+00:00,2026-05-29 04:00:00+00:00,2026-05-30 07:51:00+00:00,2,66.03500000000001,71.0,gfs_20260528T1800Z.json,-4.964999999999989
2716,2026-05-30 08:00:00+00:00,2026-05-29 04:00:00+00:00,2026-05-30 08:51:00+00:00,2,64.965,70.0,gfs_20260528T1800Z.json,-5.034999999999997
2717,2026-05-30 09:00:00+00:00,2026-05-29 04:00:00+00:00,2026-05-30 09:51:00+00:00,2,64.205,69.0,gfs_20260528T1800Z.json,-4.795000000000002
2718,2026-05-30 10:00:00+00:00,2026-05-29 04:00:00+00:00,2026-05-30 10:51:00+00:00,2,65.63000000000001,71.0,gfs_20260528T1800Z.json,-5.36999999999999
2719,2026-05-30 11:00:00+00:00,2026-05-29 04:00:00+00:00,2026-05-30 11:51:00+00:00,2,69.13000000000001,73.0,gfs_20260528T1800Z.json,-3.8699999999999903
2720,2026-05-30 12:00:00+00:00,2026-05-29 04:00:00+00:00,2026-05-30 12:51:00+00:00,2,72.42,75.0,gfs_20260528T1800Z.json,-2.5799999999999983
2721,2026-05-30 13:00:00+00:00,2026-05-29 04:00:00+00:00,2026-05-30 13:51:00+00:00,2,75.535,77.0,gfs_20260528T1800Z.json,-1.4650000000000034
2722,2026-05-30 14:00:00+00:00,2026-05-29 04:00:00+00:00,2026-05-30 14:51:00+00:00,2,78.465,80.0,gfs_20260528T1800Z.json,-1.5349999999999966
2723,2026-05-30 15:00:00+00:00,2026-05-29 04:00:00+00:00,2026-05-30 15:51:00+00:00,2,80.26,81.0,gfs_20260528T1800Z.json,-0.7399999999999949
2724,2026-05-30 16:00:00+00:00,2026-05-29 04:00:00+00:00,2026-05-30 16:51:00+00:00,2,82.285,84.0,gfs_20260528T1800Z.json,-1.7150000000000034
2725,2026-05-30 17:00:00+00:00,2026-05-29 04:00:00+00:00,2026-05-30 17:51:00+00:00,2,83.365,84.0,gfs_20260528T1800Z.json,-0.6350000000000051
2726,2026-05-30 18:00:00+00:00,2026-05-29 04:00:00+00:00,2026-05-30 18:51:00+00:00,2,84.17999999999999,85.0,gfs_20260528T1800Z.json,-0.8200000000000074
2727,2026-05-30 19:00:00+00:00,2026-05-29 04:00:00+00:00,2026-05-30 19:51:00+00:00,2,83.96000000000001,86.0,gfs_20260528T1800Z.json,-2.039999999999992
2728,2026-05-30 20:00:00+00:00,2026-05-29 04:00:00+00:00,2026-05-30 20:51:00+00:00,2,82.2,85.0,gfs_20260528T1800Z.json,-2.799999999999997
2729,2026-05-30 21:00:00+00:00,2026-05-29 04:00:00+00:00,2026-05-30 21:51:00+00:00,2,79.435,84.0,gfs_20260528T1800Z.json,-4.564999999999998
2730,2026-05-30 22:00:00+00:00,2026-05-29 04:00:00+00:00,2026-05-30 22:51:00+00:00,2,75.94000000000001,80.0,gfs_20260528T1800Z.json,-4.059999999999988
2731,2026-05-30 23:00:00+00:00,2026-05-29 04:00:00+00:00,2026-05-30 23:51:00+00:00,2,71.49,77.0,gfs_20260528T1800Z.json,-5.510000000000005
2732,2026-05-31 00:00:00+00:00,2026-05-29 04:00:00+00:00,2026-05-31 00:51:00+00:00,2,68.59,73.0,gfs_20260528T1800Z.json,-4.409999999999997
2733,2026-05-31 01:00:00+00:00,2026-05-29 04:00:00+00:00,2026-05-31 01:51:00+00:00,2,66.67,74.0,gfs_20260528T1800Z.json,-7.329999999999998
2734,2026-05-31 02:00:00+00:00,2026-05-29 04:00:00+00:00,2026-05-31 02:51:00+00:00,2,65.03999999999999,72.0,gfs_20260528T1800Z.json,-6.960000000000008
2735,2026-05-31 03:00:00+00:00,2026-05-29 04:00:00+00:00,2026-05-31 03:51:00+00:00,2,63.440000000000005,68.0,gfs_20260528T1800Z.json,-4.559999999999995
2736,2026-05-31 04:00:00+00:00,2026-05-29 04:00:00+00:00,2026-05-31 04:51:00+00:00,3,59.97,65.0,gfs_20260528T1800Z.json,-5.030000000000001
2737,2026-05-31 05:00:00+00:00,2026-05-29 04:00:00+00:00,2026-05-31 05:51:00+00:00,3,57.105000000000004,63.0,gfs_20260528T1800Z.json,-5.894999999999996
2738,2026-05-31 06:00:00+00:00,2026-05-29 04:00:00+00:00,2026-05-31 06:51:00+00:00,3,55.0,62.0,gfs_20260528T1800Z.json,-7.0
2739,2026-05-31 07:00:00+00:00,2026-05-29 04:00:00+00:00,2026-05-31 07:51:00+00:00,3,53.85,61.0,gfs_20260528T1800Z.json,-7.149999999999999
2740,2026-05-31 08:00:00+00:00,2026-05-29 04:00:00+00:00,2026-05-31 08:51:00+00:00,3,52.934999999999995,59.0,gfs_20260528T1800Z.json,-6.065000000000005
2741,2026-05-31 09:00:00+00:00,2026-05-29 04:00:00+00:00,2026-05-31 09:51:00+00:00,3,51.865,57.0,gfs_20260528T1800Z.json,-5.134999999999998
2742,2026-05-31 10:00:00+00:00,2026-05-29 04:00:00+00:00,2026-05-31 10:51:00+00:00,3,52.72,57.0,gfs_20260528T1800Z.json,-4.280000000000001
2743,2026-05-31 11:00:00+00:00,2026-05-29 04:00:00+00:00,2026-05-31 11:51:00+00:00,3,56.725,61.0,gfs_20260528T1800Z.json,-4.274999999999999
2744,2026-05-31 12:00:00+00:00,2026-05-29 04:00:00+00:00,2026-05-31 12:51:00+00:00,3,60.97,64.0,gfs_20260528T1800Z.json,-3.030000000000001
2745,2026-05-31 13:00:00+00:00,2026-05-29 04:00:00+00:00,2026-05-31 13:51:00+00:00,3,64.66,67.0,gfs_20260528T1800Z.json,-2.3400000000000034
2746,2026-05-31 14:00:00+00:00,2026-05-29 04:00:00+00:00,2026-05-31 14:51:00+00:00,3,67.66499999999999,70.0,gfs_20260528T1800Z.json,-2.335000000000008
2747,2026-05-31 15:00:00+00:00,2026-05-29 04:00:00+00:00,2026-05-31 15:51:00+00:00,3,70.395,71.0,gfs_20260528T1800Z.json,-0.605000000000004
2748,2026-05-31 16:00:00+00:00,2026-05-29 04:00:00+00:00,2026-05-31 16:51:00+00:00,3,72.415,74.0,gfs_20260528T1800Z.json,-1.5849999999999937
2749,2026-05-31 17:00:00+00:00,2026-05-29 04:00:00+00:00,2026-05-31 17:51:00+00:00,3,74.57000000000001,75.0,gfs_20260528T1800Z.json,-0.4299999999999926
2750,2026-05-31 18:00:00+00:00,2026-05-29 04:00:00+00:00,2026-05-31 18:51:00+00:00,3,76.43,78.0,gfs_20260528T1800Z.json,-1.5699999999999932
2751,2026-05-31 19:00:00+00:00,2026-05-29 04:00:00+00:00,2026-05-31 19:51:00+00:00,3,78.57000000000001,78.0,gfs_20260528T1800Z.json,0.5700000000000074
2752,2026-05-31 20:00:00+00:00,2026-05-29 04:00:00+00:00,2026-05-31 20:51:00+00:00,3,78.135,81.0,gfs_20260528T1800Z.json,-2.864999999999995
2753,2026-05-31 21:00:00+00:00,2026-05-29 04:00:00+00:00,2026-05-31 21:51:00+00:00,3,76.725,80.0,gfs_20260528T1800Z.json,-3.2750000000000057
2754,2026-05-31 22:00:00+00:00,2026-05-29 04:00:00+00:00,2026-05-31 22:51:00+00:00,3,74.545,78.0,gfs_20260528T1800Z.json,-3.4549999999999983
2755,2026-05-31 23:00:00+00:00,2026-05-29 04:00:00+00:00,2026-05-31 23:51:00+00:00,3,69.78,76.0,gfs_20260528T1800Z.json,-6.219999999999999
2756,2026-06-01 00:00:00+00:00,2026-05-29 04:00:00+00:00,2026-06-01 00:51:00+00:00,3,66.705,74.0,gfs_20260528T1800Z.json,-7.295000000000002
2757,2026-06-01 01:00:00+00:00,2026-05-29 04:00:00+00:00,2026-06-01 01:51:00+00:00,3,65.195,72.0,gfs_20260528T1800Z.json,-6.805000000000007
2758,2026-06-01 02:00:00+00:00,2026-05-29 04:00:00+00:00,2026-06-01 02:51:00+00:00,3,63.64,72.0,gfs_20260528T1800Z.json,-8.36
2759,2026-06-01 03:00:00+00:00,2026-05-29 04:00:00+00:00,2026-06-01 03:51:00+00:00,3,62.805,71.0,gfs_20260528T1800Z.json,-8.195
2760,2026-06-01 04:00:00+00:00,2026-05-29 04:00:00+00:00,2026-06-01 04:51:00+00:00,4,62.955,71.0,gfs_20260528T1800Z.json,-8.045000000000002
2761,2026-06-01 05:00:00+00:00,2026-05-29 04:00:00+00:00,2026-06-01 05:51:00+00:00,4,62.575,71.0,gfs_20260528T1800Z.json,-8.424999999999997
2762,2026-06-01 06:00:00+00:00,2026-05-29 04:00:00+00:00,2026-06-01 06:51:00+00:00,4,61.99,70.0,gfs_20260528T1800Z.json,-8.009999999999998
2763,2026-06-01 07:00:00+00:00,2026-05-29 04:00:00+00:00,2026-06-01 07:51:00+00:00,4,62.41,69.0,gfs_20260528T1800Z.json,-6.590000000000003
2764,2026-06-01 08:00:00+00:00,2026-05-29 04:00:00+00:00,2026-06-01 08:51:00+00:00,4,62.5,69.0,gfs_20260528T1800Z.json,-6.5
2765,2026-06-01 09:00:00+00:00,2026-05-29 04:00:00+00:00,2026-06-01 09:51:00+00:00,4,61.395,68.0,gfs_20260528T1800Z.json,-6.604999999999997
2766,2026-06-01 10:00:00+00:00,2026-05-29 04:00:00+00:00,2026-06-01 10:51:00+00:00,4,61.03,68.0,gfs_20260528T1800Z.json,-6.969999999999999
2767,2026-06-01 11:00:00+00:00,2026-05-29 04:00:00+00:00,2026-06-01 11:51:00+00:00,4,62.275,69.0,gfs_20260528T1800Z.json,-6.725000000000001
2768,2026-06-01 12:00:00+00:00,2026-05-29 04:00:00+00:00,2026-06-01 12:51:00+00:00,4,61.99,71.0,gfs_20260528T1800Z.json,-9.009999999999998
2769,2026-06-01 13:00:00+00:00,2026-05-29 04:00:00+00:00,2026-06-01 13:51:00+00:00,4,64.875,75.0,gfs_20260528T1800Z.json,-10.125
2770,2026-06-01 14:00:00+00:00,2026-05-29 04:00:00+00:00,2026-06-01 14:51:00+00:00,4,69.82,79.0,gfs_20260528T1800Z.json,-9.180000000000007
2771,2026-06-01 15:00:00+00:00,2026-05-29 04:00:00+00:00,2026-06-01 15:51:00+00:00,4,73.14999999999999,80.0,gfs_20260528T1800Z.json,-6.8500000000000085
2772,2026-06-01 16:00:00+00:00,2026-05-29 04:00:00+00:00,2026-06-01 16:51:00+00:00,4,72.58,82.0,gfs_20260528T1800Z.json,-9.420000000000002
2773,2026-06-01 17:00:00+00:00,2026-05-29 04:00:00+00:00,2026-06-01 17:51:00+00:00,4,78.775,83.0,gfs_20260528T1800Z.json,-4.224999999999994
2774,2026-06-01 18:00:00+00:00,2026-05-29 04:00:00+00:00,2026-06-01 18:51:00+00:00,4,79.305,82.0,gfs_20260528T1800Z.json,-2.694999999999993
2775,2026-06-01 19:00:00+00:00,2026-05-29 04:00:00+00:00,2026-06-01 19:51:00+00:00,4,78.265,85.0,gfs_20260528T1800Z.json,-6.734999999999999
2776,2026-06-01 20:00:00+00:00,2026-05-29 04:00:00+00:00,2026-06-01 20:51:00+00:00,4,75.975,81.0,gfs_20260528T1800Z.json,-5.025000000000006
2777,2026-06-01 21:00:00+00:00,2026-05-29 04:00:00+00:00,2026-06-01 21:51:00+00:00,4,76.875,80.0,gfs_20260528T1800Z.json,-3.125
2778,2026-06-01 22:00:00+00:00,2026-05-29 04:00:00+00:00,2026-06-01 22:51:00+00:00,4,78.11999999999999,80.0,gfs_20260528T1800Z.json,-1.8800000000000097
2779,2026-06-01 23:00:00+00:00,2026-05-29 04:00:00+00:00,2026-06-01 23:51:00+00:00,4,73.115,76.0,gfs_20260528T1800Z.json,-2.885000000000005
2780,2026-06-02 00:00:00+00:00,2026-05-29 04:00:00+00:00,2026-06-02 00:51:00+00:00,4,71.605,71.0,gfs_20260528T1800Z.json,0.605000000000004
2781,2026-06-02 01:00:00+00:00,2026-05-29 04:00:00+00:00,2026-06-02 01:51:00+00:00,4,68.61,72.0,gfs_20260528T1800Z.json,-3.3900000000000006
2782,2026-06-02 02:00:00+00:00,2026-05-29 04:00:00+00:00,2026-06-02 02:51:00+00:00,4,66.23,70.0,gfs_20260528T1800Z.json,-3.769999999999996
2783,2026-06-02 03:00:00+00:00,2026-05-29 04:00:00+00:00,2026-06-02 03:51:00+00:00,4,63.265,70.0,gfs_20260528T1800Z.json,-6.734999999999999
2784,2026-06-02 04:00:00+00:00,2026-05-29 04:00:00+00:00,2026-06-02 04:51:00+00:00,5,60.675,69.0,gfs_20260528T1800Z.json,-8.325000000000003
2785,2026-06-02 05:00:00+00:00,2026-05-29 04:00:00+00:00,2026-06-02 05:51:00+00:00,5,59.365,66.0,gfs_20260528T1800Z.json,-6.634999999999998
2786,2026-06-02 06:00:00+00:00,2026-05-29 04:00:00+00:00,2026-06-02 06:51:00+00:00,5,59.54,65.0,gfs_20260528T1800Z.json,-5.460000000000001
2787,2026-06-02 07:00:00+00:00,2026-05-29 04:00:00+00:00,2026-06-02 07:51:00+00:00,5,57.73,63.0,gfs_20260528T1800Z.json,-5.270000000000003
2788,2026-06-02 08:00:00+00:00,2026-05-29 04:00:00+00:00,2026-06-02 08:51:00+00:00,5,55.02,62.0,gfs_20260528T1800Z.json,-6.979999999999997
2789,2026-06-02 09:00:00+00:00,2026-05-29 04:00:00+00:00,2026-06-02 09:51:00+00:00,5,52.9,60.0,gfs_20260528T1800Z.json,-7.100000000000001
2790,2026-06-02 10:00:00+00:00,2026-05-29 04:00:00+00:00,2026-06-02 10:51:00+00:00,5,53.62,60.0,gfs_20260528T1800Z.json,-6.380000000000003
2791,2026-06-02 11:00:00+00:00,2026-05-29 04:00:00+00:00,2026-06-02 11:51:00+00:00,5,58.39,61.0,gfs_20260528T1800Z.json,-2.6099999999999994
2792,2026-06-02 12:00:00+00:00,2026-05-29 04:00:00+00:00,2026-06-02 12:51:00+00:00,5,63.535,63.0,gfs_20260528T1800Z.json,0.5349999999999966
2793,2026-06-02 13:00:00+00:00,2026-05-29 04:00:00+00:00,2026-06-02 13:51:00+00:00,5,67.19,64.0,gfs_20260528T1800Z.json,3.1899999999999977
2794,2026-06-02 14:00:00+00:00,2026-05-29 04:00:00+00:00,2026-06-02 14:51:00+00:00,5,69.825,69.0,gfs_20260528T1800Z.json,0.8250000000000028
2795,2026-06-02 15:00:00+00:00,2026-05-29 04:00:00+00:00,2026-06-02 15:51:00+00:00,5,72.07000000000001,73.0,gfs_20260528T1800Z.json,-0.9299999999999926
2796,2026-06-02 16:00:00+00:00,2026-05-29 04:00:00+00:00,2026-06-02 16:51:00+00:00,5,74.355,75.0,gfs_20260528T1800Z.json,-0.644999999999996
2797,2026-06-02 17:00:00+00:00,2026-05-29 04:00:00+00:00,2026-06-02 17:51:00+00:00,5,76.06,77.0,gfs_20260528T1800Z.json,-0.9399999999999977
2798,2026-06-02 18:00:00+00:00,2026-05-29 04:00:00+00:00,2026-06-02 18:51:00+00:00,5,77.49,76.0,gfs_20260528T1800Z.json,1.4899999999999949
2799,2026-06-02 19:00:00+00:00,2026-05-29 04:00:00+00:00,2026-06-02 19:51:00+00:00,5,78.46499999999999,78.0,gfs_20260528T1800Z.json,0.4649999999999892
2800,2026-06-02 20:00:00+00:00,2026-05-29 04:00:00+00:00,2026-06-02 20:51:00+00:00,5,78.345,77.0,gfs_20260528T1800Z.json,1.3449999999999989
2801,2026-06-02 21:00:00+00:00,2026-05-29 04:00:00+00:00,2026-06-02 21:51:00+00:00,5,76.515,76.0,gfs_20260528T1800Z.json,0.5150000000000006
2802,2026-06-02 22:00:00+00:00,2026-05-29 04:00:00+00:00,2026-06-02 22:51:00+00:00,5,73.31,74.0,gfs_20260528T1800Z.json,-0.6899999999999977
2803,2026-06-02 23:00:00+00:00,2026-05-29 04:00:00+00:00,2026-06-02 23:51:00+00:00,5,69.825,71.0,gfs_20260528T1800Z.json,-1.1749999999999972
2804,2026-06-03 00:00:00+00:00,2026-05-29 04:00:00+00:00,2026-06-03 00:51:00+00:00,5,66.41000000000001,66.0,gfs_20260528T1800Z.json,0.4100000000000108
2805,2026-06-03 01:00:00+00:00,2026-05-29 04:00:00+00:00,2026-06-03 01:51:00+00:00,5,62.925,65.0,gfs_20260528T1800Z.json,-2.075000000000003
2806,2026-06-03 02:00:00+00:00,2026-05-29 04:00:00+00:00,2026-06-03 02:51:00+00:00,5,59.85,63.0,gfs_20260528T1800Z.json,-3.1499999999999986
2807,2026-06-03 03:00:00+00:00,2026-05-29 04:00:00+00:00,2026-06-03 03:51:00+00:00,5,57.36,61.0,gfs_20260528T1800Z.json,-3.6400000000000006
2808,2026-06-03 04:00:00+00:00,2026-05-29 04:00:00+00:00,2026-06-03 04:51:00+00:00,6,55.385,56.0,gfs_20260528T1800Z.json,-0.615000000000002
2809,2026-06-03 05:00:00+00:00,2026-05-29 04:00:00+00:00,2026-06-03 05:51:00+00:00,6,53.910000000000004,53.0,gfs_20260528T1800Z.json,0.9100000000000037
2810,2026-06-03 06:00:00+00:00,2026-05-29 04:00:00+00:00,2026-06-03 06:51:00+00:00,6,52.68,54.0,gfs_20260528T1800Z.json,-1.3200000000000003
2811,2026-06-03 07:00:00+00:00,2026-05-29 04:00:00+00:00,2026-06-03 07:51:00+00:00,6,51.99,51.0,gfs_20260528T1800Z.json,0.990000000000002
2812,2026-06-03 08:00:00+00:00,2026-05-29 04:00:00+00:00,2026-06-03 08:51:00+00:00,6,52.155,49.0,gfs_20260528T1800Z.json,3.155000000000001
2813,2026-06-03 09:00:00+00:00,2026-05-29 04:00:00+00:00,2026-06-03 09:51:00+00:00,6,53.559999999999995,49.0,gfs_20260528T1800Z.json,4.559999999999995
2814,2026-06-03 10:00:00+00:00,2026-05-29 04:00:00+00:00,2026-06-03 10:51:00+00:00,6,55.84,51.0,gfs_20260528T1800Z.json,4.840000000000003
2815,2026-06-03 11:00:00+00:00,2026-05-29 04:00:00+00:00,2026-06-03 11:51:00+00:00,6,58.665,58.0,gfs_20260528T1800Z.json,0.6649999999999991
2816,2026-06-03 12:00:00+00:00,2026-05-29 04:00:00+00:00,2026-06-03 12:51:00+00:00,6,61.82,67.0,gfs_20260528T1800Z.json,-5.18
2817,2026-06-03 13:00:00+00:00,2026-05-29 04:00:00+00:00,2026-06-03 13:51:00+00:00,6,65.36,73.0,gfs_20260528T1800Z.json,-7.640000000000001
2818,2026-06-03 14:00:00+00:00,2026-05-29 04:00:00+00:00,2026-06-03 14:51:00+00:00,6,68.535,77.0,gfs_20260528T1800Z.json,-8.465000000000003
2819,2026-06-03 15:00:00+00:00,2026-05-29 04:00:00+00:00,2026-06-03 15:51:00+00:00,6,71.04,78.0,gfs_20260528T1800Z.json,-6.959999999999994
2820,2026-06-03 16:00:00+00:00,2026-05-29 04:00:00+00:00,2026-06-03 16:51:00+00:00,6,73.10000000000001,80.0,gfs_20260528T1800Z.json,-6.8999999999999915
2821,2026-06-03 17:00:00+00:00,2026-05-29 04:00:00+00:00,2026-06-03 17:51:00+00:00,6,74.08,80.0,gfs_20260528T1800Z.json,-5.920000000000002
2822,2026-06-03 18:00:00+00:00,2026-05-29 04:00:00+00:00,2026-06-03 18:51:00+00:00,6,73.35000000000001,82.0,gfs_20260528T1800Z.json,-8.649999999999991
2823,2026-06-03 19:00:00+00:00,2026-05-29 04:00:00+00:00,2026-06-03 19:51:00+00:00,6,71.5,82.0,gfs_20260528T1800Z.json,-10.5
2824,2026-06-03 20:00:00+00:00,2026-05-29 04:00:00+00:00,2026-06-03 20:51:00+00:00,6,69.41499999999999,81.0,gfs_20260528T1800Z.json,-11.585000000000008
2825,2026-06-03 21:00:00+00:00,2026-05-29 04:00:00+00:00,2026-06-03 21:51:00+00:00,6,67.82499999999999,81.0,gfs_20260528T1800Z.json,-13.175000000000011
2826,2026-06-03 22:00:00+00:00,2026-05-29 04:00:00+00:00,2026-06-03 22:51:00+00:00,6,66.32499999999999,80.0,gfs_20260528T1800Z.json,-13.675000000000011
2827,2026-06-03 23:00:00+00:00,2026-05-29 04:00:00+00:00,2026-06-03 23:51:00+00:00,6,64.82499999999999,76.0,gfs_20260528T1800Z.json,-11.175000000000011
2828,2026-06-04 00:00:00+00:00,2026-05-29 04:00:00+00:00,2026-06-04 00:51:00+00:00,6,63.410000000000004,74.0,gfs_20260528T1800Z.json,-10.589999999999996
2829,2026-06-04 01:00:00+00:00,2026-05-29 04:00:00+00:00,2026-06-04 01:51:00+00:00,6,62.01,68.0,gfs_20260528T1800Z.json,-5.990000000000002
2830,2026-06-04 02:00:00+00:00,2026-05-29 04:00:00+00:00,2026-06-04 02:51:00+00:00,6,60.695,67.0,gfs_20260528T1800Z.json,-6.305
2831,2026-06-04 03:00:00+00:00,2026-05-29 04:00:00+00:00,2026-06-04 03:51:00+00:00,6,59.48,65.0,gfs_20260528T1800Z.json,-5.520000000000003
2832,2026-06-04 04:00:00+00:00,2026-05-29 04:00:00+00:00,2026-06-04 04:51:00+00:00,7,58.449999999999996,61.0,gfs_20260528T1800Z.json,-2.5500000000000043
2833,2026-06-04 05:00:00+00:00,2026-05-29 04:00:00+00:00,2026-06-04 05:51:00+00:00,7,57.535,59.0,gfs_20260528T1800Z.json,-1.4650000000000034
2834,2026-06-04 06:00:00+00:00,2026-05-29 04:00:00+00:00,2026-06-04 06:51:00+00:00,7,56.55,58.0,gfs_20260528T1800Z.json,-1.4500000000000028
2835,2026-06-04 07:00:00+00:00,2026-05-29 04:00:00+00:00,2026-06-04 07:51:00+00:00,7,55.635,58.0,gfs_20260528T1800Z.json,-2.365000000000002
2836,2026-06-04 08:00:00+00:00,2026-05-29 04:00:00+00:00,2026-06-04 08:51:00+00:00,7,55.754999999999995,56.0,gfs_20260528T1800Z.json,-0.24500000000000455
2837,2026-06-04 09:00:00+00:00,2026-05-29 04:00:00+00:00,2026-06-04 09:51:00+00:00,7,57.5,54.0,gfs_20260528T1800Z.json,3.5
2838,2026-06-04 10:00:00+00:00,2026-05-29 04:00:00+00:00,2026-06-04 10:51:00+00:00,7,60.434999999999995,56.0,gfs_20260528T1800Z.json,4.434999999999995
2839,2026-06-04 11:00:00+00:00,2026-05-29 04:00:00+00:00,2026-06-04 11:51:00+00:00,7,63.96,65.0,gfs_20260528T1800Z.json,-1.0399999999999991
2840,2026-06-04 12:00:00+00:00,2026-05-29 04:00:00+00:00,2026-06-04 12:51:00+00:00,7,68.07000000000001,71.0,gfs_20260528T1800Z.json,-2.9299999999999926
2841,2026-06-04 13:00:00+00:00,2026-05-29 04:00:00+00:00,2026-06-04 13:51:00+00:00,7,72.78,77.0,gfs_20260528T1800Z.json,-4.219999999999999
2842,2026-06-04 14:00:00+00:00,2026-05-29 04:00:00+00:00,2026-06-04 14:51:00+00:00,7,76.985,80.0,gfs_20260528T1800Z.json,-3.0150000000000006
2843,2026-06-04 15:00:00+00:00,2026-05-29 04:00:00+00:00,2026-06-04 15:51:00+00:00,7,80.065,82.0,gfs_20260528T1800Z.json,-1.9350000000000023
2844,2026-06-04 16:00:00+00:00,2026-05-29 04:00:00+00:00,2026-06-04 16:51:00+00:00,7,82.37,85.0,gfs_20260528T1800Z.json,-2.6299999999999955
2845,2026-06-04 17:00:00+00:00,2026-05-29 04:00:00+00:00,2026-06-04 17:51:00+00:00,7,84.06,86.0,gfs_20260528T1800Z.json,-1.9399999999999977
2846,2026-06-04 18:00:00+00:00,2026-05-29 04:00:00+00:00,2026-06-04 18:51:00+00:00,7,85.32,87.0,gfs_20260528T1800Z.json,-1.6800000000000068
2847,2026-06-04 19:00:00+00:00,2026-05-29 04:00:00+00:00,2026-06-04 19:51:00+00:00,7,86.095,88.0,gfs_20260528T1800Z.json,-1.9050000000000011
2848,2026-06-04 20:00:00+00:00,2026-05-29 04:00:00+00:00,2026-06-04 20:51:00+00:00,7,85.605,88.0,gfs_20260528T1800Z.json,-2.394999999999996
2849,2026-06-04 21:00:00+00:00,2026-05-29 04:00:00+00:00,2026-06-04 21:51:00+00:00,7,83.12,88.0,gfs_20260528T1800Z.json,-4.8799999999999955
2850,2026-06-04 22:00:00+00:00,2026-05-29 04:00:00+00:00,2026-06-04 22:51:00+00:00,7,79.13,87.0,gfs_20260528T1800Z.json,-7.8700000000000045
2851,2026-06-04 23:00:00+00:00,2026-05-29 04:00:00+00:00,2026-06-04 23:51:00+00:00,7,75.1,83.0,gfs_20260528T1800Z.json,-7.900000000000006
2852,2026-06-05 00:00:00+00:00,2026-05-29 04:00:00+00:00,2026-06-05 00:51:00+00:00,7,71.69500000000001,78.0,gfs_20260528T1800Z.json,-6.304999999999993
2853,2026-06-05 01:00:00+00:00,2026-05-29 04:00:00+00:00,2026-06-05 01:51:00+00:00,7,68.565,77.0,gfs_20260528T1800Z.json,-8.435000000000002
2854,2026-06-05 02:00:00+00:00,2026-05-29 04:00:00+00:00,2026-06-05 02:51:00+00:00,7,66.23,74.0,gfs_20260528T1800Z.json,-7.769999999999996
2855,2026-06-05 03:00:00+00:00,2026-05-29 04:00:00+00:00,2026-06-05 03:51:00+00:00,7,65.05000000000001,69.0,gfs_20260528T1800Z.json,-3.9499999999999886
2856,2026-06-05 04:00:00+00:00,2026-05-29 04:00:00+00:00,2026-06-05 04:51:00+00:00,8,64.73,67.0,gfs_20260528T1800Z.json,-2.269999999999996
2857,2026-06-05 05:00:00+00:00,2026-05-29 04:00:00+00:00,2026-06-05 05:51:00+00:00,8,64.785,67.0,gfs_20260528T1800Z.json,-2.2150000000000034
2858,2026-06-05 06:00:00+00:00,2026-05-29 04:00:00+00:00,2026-06-05 06:51:00+00:00,8,64.8,66.0,gfs_20260528T1800Z.json,-1.2000000000000028
2859,2026-06-05 07:00:00+00:00,2026-05-29 04:00:00+00:00,2026-06-05 07:51:00+00:00,8,65.05499999999999,64.0,gfs_20260528T1800Z.json,1.0549999999999926
2860,2026-06-05 08:00:00+00:00,2026-05-29 04:00:00+00:00,2026-06-05 08:51:00+00:00,8,65.61,62.0,gfs_20260528T1800Z.json,3.6099999999999994
2861,2026-06-05 09:00:00+00:00,2026-05-29 04:00:00+00:00,2026-06-05 09:51:00+00:00,8,66.635,60.0,gfs_20260528T1800Z.json,6.635000000000005
2862,2026-06-05 10:00:00+00:00,2026-05-29 04:00:00+00:00,2026-06-05 10:51:00+00:00,8,68.075,63.0,gfs_20260528T1800Z.json,5.075000000000003
2863,2026-06-05 11:00:00+00:00,2026-05-29 04:00:00+00:00,2026-06-05 11:51:00+00:00,8,70.08500000000001,68.0,gfs_20260528T1800Z.json,2.085000000000008
2864,2026-06-05 12:00:00+00:00,2026-05-29 04:00:00+00:00,2026-06-05 12:51:00+00:00,8,73.035,74.0,gfs_20260528T1800Z.json,-0.9650000000000034
2865,2026-06-05 13:00:00+00:00,2026-05-29 04:00:00+00:00,2026-06-05 13:51:00+00:00,8,76.73,82.0,gfs_20260528T1800Z.json,-5.269999999999996
2866,2026-06-05 14:00:00+00:00,2026-05-29 04:00:00+00:00,2026-06-05 14:51:00+00:00,8,80.19,85.0,gfs_20260528T1800Z.json,-4.810000000000002
2867,2026-06-05 15:00:00+00:00,2026-05-29 04:00:00+00:00,2026-06-05 15:51:00+00:00,8,83.25,89.0,gfs_20260528T1800Z.json,-5.75
2868,2026-06-05 16:00:00+00:00,2026-05-29 04:00:00+00:00,2026-06-05 16:51:00+00:00,8,85.91,90.0,gfs_20260528T1800Z.json,-4.090000000000003
2869,2026-06-05 17:00:00+00:00,2026-05-29 04:00:00+00:00,2026-06-05 17:51:00+00:00,8,87.14999999999999,90.0,gfs_20260528T1800Z.json,-2.8500000000000085
2870,2026-06-05 18:00:00+00:00,2026-05-29 04:00:00+00:00,2026-06-05 18:51:00+00:00,8,85.94,93.0,gfs_20260528T1800Z.json,-7.060000000000002
2871,2026-06-05 19:00:00+00:00,2026-05-29 04:00:00+00:00,2026-06-05 19:51:00+00:00,8,82.89500000000001,95.0,gfs_20260528T1800Z.json,-12.10499999999999
2872,2026-06-05 20:00:00+00:00,2026-05-29 04:00:00+00:00,2026-06-05 20:51:00+00:00,8,79.51,94.0,gfs_20260528T1800Z.json,-14.489999999999995
2873,2026-06-05 21:00:00+00:00,2026-05-29 04:00:00+00:00,2026-06-05 21:51:00+00:00,8,76.19500000000001,94.0,gfs_20260528T1800Z.json,-17.804999999999993
2874,2026-06-05 22:00:00+00:00,2026-05-29 04:00:00+00:00,2026-06-05 22:51:00+00:00,8,72.72500000000001,92.0,gfs_20260528T1800Z.json,-19.27499999999999
2875,2026-06-05 23:00:00+00:00,2026-05-29 04:00:00+00:00,2026-06-05 23:51:00+00:00,8,70.075,88.0,gfs_20260528T1800Z.json,-17.924999999999997
2876,2026-06-06 00:00:00+00:00,2026-05-29 04:00:00+00:00,2026-06-06 00:51:00+00:00,8,68.935,82.0,gfs_20260528T1800Z.json,-13.064999999999998
2877,2026-06-06 01:00:00+00:00,2026-05-29 04:00:00+00:00,2026-06-06 01:51:00+00:00,8,68.885,80.0,gfs_20260528T1800Z.json,-11.114999999999995
2878,2026-06-06 02:00:00+00:00,2026-05-29 04:00:00+00:00,2026-06-06 02:51:00+00:00,8,69.07,80.0,gfs_20260528T1800Z.json,-10.930000000000007
2879,2026-06-06 03:00:00+00:00,2026-05-29 04:00:00+00:00,2026-06-06 03:51:00+00:00,8,69.1,76.0,gfs_20260528T1800Z.json,-6.900000000000006
2880,2026-06-06 04:00:00+00:00,2026-05-29 04:00:00+00:00,2026-06-06 04:51:00+00:00,9,69.185,73.0,gfs_20260528T1800Z.json,-3.8149999999999977
2881,2026-06-06 05:00:00+00:00,2026-05-29 04:00:00+00:00,2026-06-06 05:51:00+00:00,9,69.115,71.0,gfs_20260528T1800Z.json,-1.8850000000000051
2882,2026-06-06 06:00:00+00:00,2026-05-29 04:00:00+00:00,2026-06-06 06:51:00+00:00,9,69.015,70.0,gfs_20260528T1800Z.json,-0.9849999999999994
2883,2026-06-06 07:00:00+00:00,2026-05-29 04:00:00+00:00,2026-06-06 07:51:00+00:00,9,68.745,69.0,gfs_20260528T1800Z.json,-0.25499999999999545
2884,2026-06-06 08:00:00+00:00,2026-05-29 04:00:00+00:00,2026-06-06 08:51:00+00:00,9,68.615,67.0,gfs_20260528T1800Z.json,1.6149999999999949
2885,2026-06-06 09:00:00+00:00,2026-05-29 04:00:00+00:00,2026-06-06 09:51:00+00:00,9,68.43,66.0,gfs_20260528T1800Z.json,2.430000000000007
2886,2026-06-06 10:00:00+00:00,2026-05-29 04:00:00+00:00,2026-06-06 10:51:00+00:00,9,68.315,68.0,gfs_20260528T1800Z.json,0.3149999999999977
2887,2026-06-06 11:00:00+00:00,2026-05-29 04:00:00+00:00,2026-06-06 11:51:00+00:00,9,68.725,72.0,gfs_20260528T1800Z.json,-3.2750000000000057
2888,2026-06-06 12:00:00+00:00,2026-05-29 04:00:00+00:00,2026-06-06 12:51:00+00:00,9,70.075,76.0,gfs_20260528T1800Z.json,-5.924999999999997
2889,2026-06-06 13:00:00+00:00,2026-05-29 04:00:00+00:00,2026-06-06 13:51:00+00:00,9,72.0,82.0,gfs_20260528T1800Z.json,-10.0
2890,2026-06-06 14:00:00+00:00,2026-05-29 04:00:00+00:00,2026-06-06 14:51:00+00:00,9,73.745,84.0,gfs_20260528T1800Z.json,-10.254999999999995
2891,2026-06-06 15:00:00+00:00,2026-05-29 04:00:00+00:00,2026-06-06 15:51:00+00:00,9,74.67999999999999,88.0,gfs_20260528T1800Z.json,-13.320000000000007
2892,2026-06-06 16:00:00+00:00,2026-05-29 04:00:00+00:00,2026-06-06 16:51:00+00:00,9,75.05499999999999,91.0,gfs_20260528T1800Z.json,-15.945000000000007
2893,2026-06-06 17:00:00+00:00,2026-05-29 04:00:00+00:00,2026-06-06 17:51:00+00:00,9,75.355,90.0,gfs_20260528T1800Z.json,-14.644999999999996
2894,2026-06-06 18:00:00+00:00,2026-05-29 04:00:00+00:00,2026-06-06 18:51:00+00:00,9,75.91,93.0,gfs_20260528T1800Z.json,-17.090000000000003
2895,2026-06-06 19:00:00+00:00,2026-05-29 04:00:00+00:00,2026-06-06 19:51:00+00:00,9,76.425,91.0,gfs_20260528T1800Z.json,-14.575000000000003
2896,2026-06-06 20:00:00+00:00,2026-05-29 04:00:00+00:00,2026-06-06 20:51:00+00:00,9,76.33,93.0,gfs_20260528T1800Z.json,-16.67
2897,2026-06-06 21:00:00+00:00,2026-05-29 04:00:00+00:00,2026-06-06 21:51:00+00:00,9,75.28,91.0,gfs_20260528T1800Z.json,-15.719999999999999
2898,2026-06-06 22:00:00+00:00,2026-05-29 04:00:00+00:00,2026-06-06 22:51:00+00:00,9,73.57,91.0,gfs_20260528T1800Z.json,-17.430000000000007
2899,2026-06-06 23:00:00+00:00,2026-05-29 04:00:00+00:00,2026-06-06 23:51:00+00:00,9,72.02499999999999,87.0,gfs_20260528T1800Z.json,-14.975000000000009
2900,2026-06-07 00:00:00+00:00,2026-05-29 04:00:00+00:00,2026-06-07 00:51:00+00:00,9,71.12,83.0,gfs_20260528T1800Z.json,-11.879999999999995
2901,2026-06-07 01:00:00+00:00,2026-05-29 04:00:00+00:00,2026-06-07 01:51:00+00:00,9,70.49000000000001,81.0,gfs_20260528T1800Z.json,-10.509999999999991
2902,2026-06-07 02:00:00+00:00,2026-05-29 04:00:00+00:00,2026-06-07 02:51:00+00:00,9,70.06,78.0,gfs_20260528T1800Z.json,-7.939999999999998
2903,2026-06-07 03:00:00+00:00,2026-05-29 04:00:00+00:00,2026-06-07 03:51:00+00:00,9,70.0,77.0,gfs_20260528T1800Z.json,-7.0
2904,2026-06-07 04:00:00+00:00,2026-05-29 04:00:00+00:00,2026-06-07 04:51:00+00:00,10,70.255,77.0,gfs_20260528T1800Z.json,-6.7450000000000045
2905,2026-06-07 05:00:00+00:00,2026-05-29 04:00:00+00:00,2026-06-07 05:51:00+00:00,10,70.215,75.0,gfs_20260528T1800Z.json,-4.784999999999997
2906,2026-06-07 06:00:00+00:00,2026-05-29 04:00:00+00:00,2026-06-07 06:51:00+00:00,10,69.605,75.0,gfs_20260528T1800Z.json,-5.394999999999996
2907,2026-06-07 07:00:00+00:00,2026-05-29 04:00:00+00:00,2026-06-07 07:51:00+00:00,10,68.735,72.0,gfs_20260528T1800Z.json,-3.2650000000000006
2908,2026-06-07 08:00:00+00:00,2026-05-29 04:00:00+00:00,2026-06-07 08:51:00+00:00,10,68.00500000000001,71.0,gfs_20260528T1800Z.json,-2.9949999999999903
2909,2026-06-07 09:00:00+00:00,2026-05-29 04:00:00+00:00,2026-06-07 09:51:00+00:00,10,67.645,70.0,gfs_20260528T1800Z.json,-2.355000000000004
2910,2026-06-07 10:00:00+00:00,2026-05-29 04:00:00+00:00,2026-06-07 10:51:00+00:00,10,67.515,71.0,gfs_20260528T1800Z.json,-3.4849999999999994
2911,2026-06-07 11:00:00+00:00,2026-05-29 04:00:00+00:00,2026-06-07 11:51:00+00:00,10,67.67,75.0,gfs_20260528T1800Z.json,-7.329999999999998
2912,2026-06-07 12:00:00+00:00,2026-05-29 04:00:00+00:00,2026-06-07 12:51:00+00:00,10,67.955,78.0,gfs_20260528T1800Z.json,-10.045000000000002
2913,2026-06-07 13:00:00+00:00,2026-05-29 04:00:00+00:00,2026-06-07 13:51:00+00:00,10,68.425,83.0,gfs_20260528T1800Z.json,-14.575000000000003
2914,2026-06-07 14:00:00+00:00,2026-05-29 04:00:00+00:00,2026-06-07 14:51:00+00:00,10,69.775,86.0,gfs_20260528T1800Z.json,-16.224999999999994
2915,2026-06-07 15:00:00+00:00,2026-05-29 04:00:00+00:00,2026-06-07 15:51:00+00:00,10,73.23,87.0,gfs_20260528T1800Z.json,-13.769999999999996
2916,2026-06-07 16:00:00+00:00,2026-05-29 04:00:00+00:00,2026-06-07 16:51:00+00:00,10,77.88,95.0,gfs_20260528T1800Z.json,-17.120000000000005
2917,2026-06-07 17:00:00+00:00,2026-05-29 04:00:00+00:00,2026-06-07 17:51:00+00:00,10,80.98,93.0,gfs_20260528T1800Z.json,-12.019999999999996
2918,2026-06-07 18:00:00+00:00,2026-05-29 04:00:00+00:00,2026-06-07 18:51:00+00:00,10,80.635,93.0,gfs_20260528T1800Z.json,-12.364999999999995
2919,2026-06-07 19:00:00+00:00,2026-05-29 04:00:00+00:00,2026-06-07 19:51:00+00:00,10,78.035,97.0,gfs_20260528T1800Z.json,-18.965000000000003
2920,2026-06-07 20:00:00+00:00,2026-05-29 04:00:00+00:00,2026-06-07 20:51:00+00:00,10,75.475,96.0,gfs_20260528T1800Z.json,-20.525000000000006
2921,2026-06-07 21:00:00+00:00,2026-05-29 04:00:00+00:00,2026-06-07 21:51:00+00:00,10,73.91,94.0,gfs_20260528T1800Z.json,-20.090000000000003
2922,2026-06-07 22:00:00+00:00,2026-05-29 04:00:00+00:00,2026-06-07 22:51:00+00:00,10,72.765,92.0,gfs_20260528T1800Z.json,-19.235
2923,2026-06-07 23:00:00+00:00,2026-05-29 04:00:00+00:00,2026-06-07 23:51:00+00:00,10,71.83500000000001,89.0,gfs_20260528T1800Z.json,-17.164999999999992
2924,2026-06-08 00:00:00+00:00,2026-05-29 04:00:00+00:00,2026-06-08 00:51:00+00:00,10,70.85000000000001,87.0,gfs_20260528T1800Z.json,-16.14999999999999
2925,2026-06-08 01:00:00+00:00,2026-05-29 04:00:00+00:00,2026-06-08 01:51:00+00:00,10,69.935,85.0,gfs_20260528T1800Z.json,-15.064999999999998
2926,2026-06-08 02:00:00+00:00,2026-05-29 04:00:00+00:00,2026-06-08 02:51:00+00:00,10,69.205,83.0,gfs_20260528T1800Z.json,-13.795000000000002
2927,2026-06-08 03:00:00+00:00,2026-05-29 04:00:00+00:00,2026-06-08 03:51:00+00:00,10,68.76,81.0,gfs_20260528T1800Z.json,-12.239999999999995
2928,2026-06-08 04:00:00+00:00,2026-05-29 04:00:00+00:00,2026-06-08 04:51:00+00:00,11,68.53,78.0,gfs_20260528T1800Z.json,-9.469999999999999
2929,2026-06-08 05:00:00+00:00,2026-05-29 04:00:00+00:00,2026-06-08 05:51:00+00:00,11,68.16,77.0,gfs_20260528T1800Z.json,-8.840000000000003
2930,2026-06-08 06:00:00+00:00,2026-05-29 04:00:00+00:00,2026-06-08 06:51:00+00:00,11,67.25,75.0,gfs_20260528T1800Z.json,-7.75
2931,2026-06-08 07:00:00+00:00,2026-05-29 04:00:00+00:00,2026-06-08 07:51:00+00:00,11,66.16499999999999,74.0,gfs_20260528T1800Z.json,-7.835000000000008
2932,2026-06-08 08:00:00+00:00,2026-05-29 04:00:00+00:00,2026-06-08 08:51:00+00:00,11,65.49000000000001,72.0,gfs_20260528T1800Z.json,-6.509999999999991
2933,2026-06-08 09:00:00+00:00,2026-05-29 04:00:00+00:00,2026-06-08 09:51:00+00:00,11,65.315,72.0,gfs_20260528T1800Z.json,-6.685000000000002
2934,2026-06-08 10:00:00+00:00,2026-05-29 04:00:00+00:00,2026-06-08 10:51:00+00:00,11,65.64,73.0,gfs_20260528T1800Z.json,-7.359999999999999
2935,2026-06-08 11:00:00+00:00,2026-05-29 04:00:00+00:00,2026-06-08 11:51:00+00:00,11,66.97500000000001,78.0,gfs_20260528T1800Z.json,-11.024999999999991
2936,2026-06-08 12:00:00+00:00,2026-05-29 04:00:00+00:00,2026-06-08 12:51:00+00:00,11,69.835,82.0,gfs_20260528T1800Z.json,-12.165000000000006
2937,2026-06-08 13:00:00+00:00,2026-05-29 04:00:00+00:00,2026-06-08 13:51:00+00:00,11,73.87,85.0,gfs_20260528T1800Z.json,-11.129999999999995
2938,2026-06-08 14:00:00+00:00,2026-05-29 04:00:00+00:00,2026-06-08 14:51:00+00:00,11,77.55999999999999,89.0,gfs_20260528T1800Z.json,-11.440000000000012
2939,2026-06-08 15:00:00+00:00,2026-05-29 04:00:00+00:00,2026-06-08 15:51:00+00:00,11,80.64999999999999,91.0,gfs_20260528T1800Z.json,-10.350000000000009
2940,2026-06-08 16:00:00+00:00,2026-05-29 04:00:00+00:00,2026-06-08 16:51:00+00:00,11,83.225,92.0,gfs_20260528T1800Z.json,-8.775000000000006
2941,2026-06-08 17:00:00+00:00,2026-05-29 04:00:00+00:00,2026-06-08 17:51:00+00:00,11,84.44999999999999,92.0,gfs_20260528T1800Z.json,-7.550000000000011
2942,2026-06-08 18:00:00+00:00,2026-05-29 04:00:00+00:00,2026-06-08 18:51:00+00:00,11,83.66499999999999,93.0,gfs_20260528T1800Z.json,-9.335000000000008
2943,2026-06-08 19:00:00+00:00,2026-05-29 04:00:00+00:00,2026-06-08 19:51:00+00:00,11,81.29,93.0,gfs_20260528T1800Z.json,-11.709999999999994
2944,2026-06-08 20:00:00+00:00,2026-05-29 04:00:00+00:00,2026-06-08 20:51:00+00:00,11,78.86,92.0,gfs_20260528T1800Z.json,-13.14
2945,2026-06-08 21:00:00+00:00,2026-05-29 04:00:00+00:00,2026-06-08 21:51:00+00:00,11,77.14,91.0,gfs_20260528T1800Z.json,-13.86
2946,2026-06-08 22:00:00+00:00,2026-05-29 04:00:00+00:00,2026-06-08 22:51:00+00:00,11,75.625,89.0,gfs_20260528T1800Z.json,-13.375
2947,2026-06-08 23:00:00+00:00,2026-05-29 04:00:00+00:00,2026-06-08 23:51:00+00:00,11,74.03999999999999,85.0,gfs_20260528T1800Z.json,-10.960000000000008
2948,2026-06-09 00:00:00+00:00,2026-05-29 04:00:00+00:00,2026-06-09 00:51:00+00:00,11,72.185,82.0,gfs_20260528T1800Z.json,-9.814999999999998
2949,2026-06-09 01:00:00+00:00,2026-05-29 04:00:00+00:00,2026-06-09 01:51:00+00:00,11,70.285,80.0,gfs_20260528T1800Z.json,-9.715000000000003
2950,2026-06-09 02:00:00+00:00,2026-05-29 04:00:00+00:00,2026-06-09 02:51:00+00:00,11,68.47,76.0,gfs_20260528T1800Z.json,-7.530000000000001
2951,2026-06-09 03:00:00+00:00,2026-05-29 04:00:00+00:00,2026-06-09 03:51:00+00:00,11,67.18,73.0,gfs_20260528T1800Z.json,-5.819999999999993
2952,2026-06-09 04:00:00+00:00,2026-05-29 04:00:00+00:00,2026-06-09 04:51:00+00:00,12,66.15,71.0,gfs_20260528T1800Z.json,-4.849999999999994
2953,2026-06-09 05:00:00+00:00,2026-05-29 04:00:00+00:00,2026-06-09 05:51:00+00:00,12,65.15,70.0,gfs_20260528T1800Z.json,-4.849999999999994
2954,2026-06-09 06:00:00+00:00,2026-05-29 04:00:00+00:00,2026-06-09 06:51:00+00:00,12,63.895,68.0,gfs_20260528T1800Z.json,-4.104999999999997
2955,2026-06-09 07:00:00+00:00,2026-05-29 04:00:00+00:00,2026-06-09 07:51:00+00:00,12,62.595,68.0,gfs_20260528T1800Z.json,-5.405000000000001
2956,2026-06-09 08:00:00+00:00,2026-05-29 04:00:00+00:00,2026-06-09 08:51:00+00:00,12,61.975,67.0,gfs_20260528T1800Z.json,-5.024999999999999
2957,2026-06-09 09:00:00+00:00,2026-05-29 04:00:00+00:00,2026-06-09 09:51:00+00:00,12,62.239999999999995,66.0,gfs_20260528T1800Z.json,-3.760000000000005
2958,2026-06-09 10:00:00+00:00,2026-05-29 04:00:00+00:00,2026-06-09 10:51:00+00:00,12,63.32,67.0,gfs_20260528T1800Z.json,-3.6799999999999997
2959,2026-06-09 11:00:00+00:00,2026-05-29 04:00:00+00:00,2026-06-09 11:51:00+00:00,12,65.37,68.0,gfs_20260528T1800Z.json,-2.6299999999999955
2960,2026-06-09 12:00:00+00:00,2026-05-29 04:00:00+00:00,2026-06-09 12:51:00+00:00,12,69.185,70.0,gfs_20260528T1800Z.json,-0.8149999999999977
2961,2026-06-09 13:00:00+00:00,2026-05-29 04:00:00+00:00,2026-06-09 13:51:00+00:00,12,74.05,72.0,gfs_20260528T1800Z.json,2.049999999999997
2962,2026-06-09 14:00:00+00:00,2026-05-29 04:00:00+00:00,2026-06-09 14:51:00+00:00,12,78.115,75.0,gfs_20260528T1800Z.json,3.114999999999995
2963,2026-06-09 15:00:00+00:00,2026-05-29 04:00:00+00:00,2026-06-09 15:51:00+00:00,12,80.06,78.0,gfs_20260528T1800Z.json,2.0600000000000023
2964,2026-06-09 16:00:00+00:00,2026-05-29 04:00:00+00:00,2026-06-09 16:51:00+00:00,12,80.55499999999999,80.0,gfs_20260528T1800Z.json,0.5549999999999926
2965,2026-06-09 17:00:00+00:00,2026-05-29 04:00:00+00:00,2026-06-09 17:51:00+00:00,12,80.77,82.0,gfs_20260528T1800Z.json,-1.230000000000004
2966,2026-06-09 18:00:00+00:00,2026-05-29 04:00:00+00:00,2026-06-09 18:51:00+00:00,12,81.47999999999999,86.0,gfs_20260528T1800Z.json,-4.52000000000001
2967,2026-06-09 19:00:00+00:00,2026-05-29 04:00:00+00:00,2026-06-09 19:51:00+00:00,12,82.02499999999999,87.0,gfs_20260528T1800Z.json,-4.9750000000000085
2968,2026-06-09 20:00:00+00:00,2026-05-29 04:00:00+00:00,2026-06-09 20:51:00+00:00,12,81.33500000000001,87.0,gfs_20260528T1800Z.json,-5.664999999999992
2969,2026-06-09 21:00:00+00:00,2026-05-29 04:00:00+00:00,2026-06-09 21:51:00+00:00,12,78.22500000000001,86.0,gfs_20260528T1800Z.json,-7.7749999999999915
2970,2026-06-09 22:00:00+00:00,2026-05-29 04:00:00+00:00,2026-06-09 22:51:00+00:00,12,73.535,85.0,gfs_20260528T1800Z.json,-11.465000000000003
2971,2026-06-09 23:00:00+00:00,2026-05-29 04:00:00+00:00,2026-06-09 23:51:00+00:00,12,69.57,83.0,gfs_20260528T1800Z.json,-13.430000000000007
2972,2026-06-10 00:00:00+00:00,2026-05-29 04:00:00+00:00,2026-06-10 00:51:00+00:00,12,67.64,82.0,gfs_20260528T1800Z.json,-14.36
2973,2026-06-10 01:00:00+00:00,2026-05-29 04:00:00+00:00,2026-06-10 01:51:00+00:00,12,66.97500000000001,80.0,gfs_20260528T1800Z.json,-13.024999999999991
2974,2026-06-10 02:00:00+00:00,2026-05-29 04:00:00+00:00,2026-06-10 02:51:00+00:00,12,66.47500000000001,79.0,gfs_20260528T1800Z.json,-12.524999999999991
2975,2026-06-10 03:00:00+00:00,2026-05-29 04:00:00+00:00,2026-06-10 03:51:00+00:00,12,65.805,79.0,gfs_20260528T1800Z.json,-13.194999999999993
2976,2026-06-10 04:00:00+00:00,2026-05-29 04:00:00+00:00,2026-06-10 04:51:00+00:00,13,65.19,79.0,gfs_20260528T1800Z.json,-13.810000000000002
2977,2026-06-10 05:00:00+00:00,2026-05-29 04:00:00+00:00,2026-06-10 05:51:00+00:00,13,64.675,78.0,gfs_20260528T1800Z.json,-13.325000000000003
2978,2026-06-10 06:00:00+00:00,2026-05-29 04:00:00+00:00,2026-06-10 06:51:00+00:00,13,64.43,77.0,gfs_20260528T1800Z.json,-12.569999999999993
2979,2026-06-10 07:00:00+00:00,2026-05-29 04:00:00+00:00,2026-06-10 07:51:00+00:00,13,64.485,76.0,gfs_20260528T1800Z.json,-11.515
2980,2026-06-10 08:00:00+00:00,2026-05-29 04:00:00+00:00,2026-06-10 08:51:00+00:00,13,64.585,75.0,gfs_20260528T1800Z.json,-10.415000000000006
2981,2026-06-10 09:00:00+00:00,2026-05-29 04:00:00+00:00,2026-06-10 09:51:00+00:00,13,64.77,75.0,gfs_20260528T1800Z.json,-10.230000000000004
2982,2026-06-10 10:00:00+00:00,2026-05-29 04:00:00+00:00,2026-06-10 10:51:00+00:00,13,65.05499999999999,75.0,gfs_20260528T1800Z.json,-9.945000000000007
2983,2026-06-10 11:00:00+00:00,2026-05-29 04:00:00+00:00,2026-06-10 11:51:00+00:00,13,65.94999999999999,76.0,gfs_20260528T1800Z.json,-10.050000000000011
2984,2026-06-10 12:00:00+00:00,2026-05-29 04:00:00+00:00,2026-06-10 12:51:00+00:00,13,67.885,78.0,gfs_20260528T1800Z.json,-10.114999999999995
2985,2026-06-10 13:00:00+00:00,2026-05-29 04:00:00+00:00,2026-06-10 13:51:00+00:00,13,70.66499999999999,80.0,gfs_20260528T1800Z.json,-9.335000000000008
2986,2026-06-10 14:00:00+00:00,2026-05-29 04:00:00+00:00,2026-06-10 14:51:00+00:00,13,73.565,84.0,gfs_20260528T1800Z.json,-10.435000000000002
2987,2026-06-10 15:00:00+00:00,2026-05-29 04:00:00+00:00,2026-06-10 15:51:00+00:00,13,76.295,85.0,gfs_20260528T1800Z.json,-8.704999999999998
2988,2026-06-10 16:00:00+00:00,2026-05-29 04:00:00+00:00,2026-06-10 16:51:00+00:00,13,79.08,88.0,gfs_20260528T1800Z.json,-8.920000000000002
2989,2026-06-10 17:00:00+00:00,2026-05-29 04:00:00+00:00,2026-06-10 17:51:00+00:00,13,81.37,89.0,gfs_20260528T1800Z.json,-7.6299999999999955
2990,2026-06-10 18:00:00+00:00,2026-05-29 04:00:00+00:00,2026-06-10 18:51:00+00:00,13,83.485,89.0,gfs_20260528T1800Z.json,-5.515000000000001
2991,2026-06-10 19:00:00+00:00,2026-05-29 04:00:00+00:00,2026-06-10 19:51:00+00:00,13,85.075,92.0,gfs_20260528T1800Z.json,-6.924999999999997
2992,2026-06-10 20:00:00+00:00,2026-05-29 04:00:00+00:00,2026-06-10 20:51:00+00:00,13,85.3,94.0,gfs_20260528T1800Z.json,-8.700000000000003
2993,2026-06-10 21:00:00+00:00,2026-05-29 04:00:00+00:00,2026-06-10 21:51:00+00:00,13,83.09,93.0,gfs_20260528T1800Z.json,-9.909999999999997
2994,2026-06-10 22:00:00+00:00,2026-05-29 04:00:00+00:00,2026-06-10 22:51:00+00:00,13,79.045,91.0,gfs_20260528T1800Z.json,-11.954999999999998
2995,2026-06-10 23:00:00+00:00,2026-05-29 04:00:00+00:00,2026-06-10 23:51:00+00:00,13,75.25500000000001,88.0,gfs_20260528T1800Z.json,-12.74499999999999
2996,2026-06-11 00:00:00+00:00,2026-05-29 04:00:00+00:00,2026-06-11 00:51:00+00:00,13,72.745,86.0,gfs_20260528T1800Z.json,-13.254999999999995
2997,2026-06-11 01:00:00+00:00,2026-05-29 04:00:00+00:00,2026-06-11 01:51:00+00:00,13,70.955,84.0,gfs_20260528T1800Z.json,-13.045000000000002
2998,2026-06-11 02:00:00+00:00,2026-05-29 04:00:00+00:00,2026-06-11 02:51:00+00:00,13,69.33999999999999,83.0,gfs_20260528T1800Z.json,-13.66000000000001
2999,2026-06-11 03:00:00+00:00,2026-05-29 04:00:00+00:00,2026-06-11 03:51:00+00:00,13,67.74,82.0,gfs_20260528T1800Z.json,-14.260000000000005
3000,2026-06-11 04:00:00+00:00,2026-05-29 04:00:00+00:00,2026-06-11 04:51:00+00:00,14,66.31,80.0,gfs_20260528T1800Z.json,-13.689999999999998
3001,2026-06-11 05:00:00+00:00,2026-05-29 04:00:00+00:00,2026-06-11 05:51:00+00:00,14,65.16499999999999,79.0,gfs_20260528T1800Z.json,-13.835000000000008
3002,2026-06-11 06:00:00+00:00,2026-05-29 04:00:00+00:00,2026-06-11 06:51:00+00:00,14,64.235,78.0,gfs_20260528T1800Z.json,-13.765
3003,2026-06-11 07:00:00+00:00,2026-05-29 04:00:00+00:00,2026-06-11 07:51:00+00:00,14,63.589999999999996,77.0,gfs_20260528T1800Z.json,-13.410000000000004
3004,2026-06-11 08:00:00+00:00,2026-05-29 04:00:00+00:00,2026-06-11 08:51:00+00:00,14,63.585,76.0,gfs_20260528T1800Z.json,-12.415
3005,2026-06-11 09:00:00+00:00,2026-05-29 04:00:00+00:00,2026-06-11 09:51:00+00:00,14,64.02499999999999,75.0,gfs_20260528T1800Z.json,-10.975000000000009
3006,2026-06-11 10:00:00+00:00,2026-05-29 04:00:00+00:00,2026-06-11 10:51:00+00:00,14,65.035,76.0,gfs_20260528T1800Z.json,-10.965000000000003
3007,2026-06-11 11:00:00+00:00,2026-05-29 04:00:00+00:00,2026-06-11 11:51:00+00:00,14,67.155,78.0,gfs_20260528T1800Z.json,-10.844999999999999
3008,2026-06-11 12:00:00+00:00,2026-05-29 04:00:00+00:00,2026-06-11 12:51:00+00:00,14,71.155,82.0,gfs_20260528T1800Z.json,-10.844999999999999
3009,2026-06-11 13:00:00+00:00,2026-05-29 04:00:00+00:00,2026-06-11 13:51:00+00:00,14,76.475,86.0,gfs_20260528T1800Z.json,-9.525000000000006
3010,2026-06-11 14:00:00+00:00,2026-05-29 04:00:00+00:00,2026-06-11 14:51:00+00:00,14,81.04,90.0,gfs_20260528T1800Z.json,-8.959999999999994
3011,2026-06-11 15:00:00+00:00,2026-05-29 04:00:00+00:00,2026-06-11 15:51:00+00:00,14,83.825,94.0,gfs_20260528T1800Z.json,-10.174999999999997
3012,2026-06-11 16:00:00+00:00,2026-05-29 04:00:00+00:00,2026-06-11 16:51:00+00:00,14,85.305,97.0,gfs_20260528T1800Z.json,-11.694999999999993
3013,2026-06-11 17:00:00+00:00,2026-05-29 04:00:00+00:00,2026-06-11 17:51:00+00:00,14,86.265,99.0,gfs_20260528T1800Z.json,-12.735
3014,2026-06-11 18:00:00+00:00,2026-05-29 04:00:00+00:00,2026-06-11 18:51:00+00:00,14,87.08,98.0,gfs_20260528T1800Z.json,-10.920000000000002
3015,2026-06-11 19:00:00+00:00,2026-05-29 04:00:00+00:00,2026-06-11 19:51:00+00:00,14,87.455,98.0,gfs_20260528T1800Z.json,-10.545000000000002
3016,2026-06-11 20:00:00+00:00,2026-05-29 04:00:00+00:00,2026-06-11 20:51:00+00:00,14,86.905,100.0,gfs_20260528T1800Z.json,-13.094999999999999
3017,2026-06-11 21:00:00+00:00,2026-05-29 04:00:00+00:00,2026-06-11 21:51:00+00:00,14,84.845,98.0,gfs_20260528T1800Z.json,-13.155000000000001
3018,2026-06-11 22:00:00+00:00,2026-05-29 04:00:00+00:00,2026-06-11 22:51:00+00:00,14,81.78,96.0,gfs_20260528T1800Z.json,-14.219999999999999
3019,2026-06-11 23:00:00+00:00,2026-05-29 04:00:00+00:00,2026-06-11 23:51:00+00:00,14,78.495,95.0,gfs_20260528T1800Z.json,-16.504999999999995
3020,2026-06-12 00:00:00+00:00,2026-05-29 04:00:00+00:00,2026-06-12 00:51:00+00:00,14,75.11,91.0,gfs_20260528T1800Z.json,-15.89
3021,2026-06-12 01:00:00+00:00,2026-05-29 04:00:00+00:00,2026-06-12 01:51:00+00:00,14,71.795,89.0,gfs_20260528T1800Z.json,-17.205
3022,2026-06-12 02:00:00+00:00,2026-05-29 04:00:00+00:00,2026-06-12 02:51:00+00:00,14,69.175,86.0,gfs_20260528T1800Z.json,-16.825000000000003
3023,2026-06-12 03:00:00+00:00,2026-05-29 04:00:00+00:00,2026-06-12 03:51:00+00:00,14,67.95,84.0,gfs_20260528T1800Z.json,-16.049999999999997
3024,2026-06-05 04:00:00+00:00,2026-06-05 04:00:00+00:00,2026-06-05 04:51:00+00:00,1,66.075,67.0,gfs_20260604T1800Z.json,-0.9249999999999972
3025,2026-06-05 05:00:00+00:00,2026-06-05 04:00:00+00:00,2026-06-05 05:51:00+00:00,1,63.915,67.0,gfs_20260604T1800Z.json,-3.085000000000001
3026,2026-06-05 06:00:00+00:00,2026-06-05 04:00:00+00:00,2026-06-05 06:51:00+00:00,1,62.325,66.0,gfs_20260604T1800Z.json,-3.674999999999997
3027,2026-06-05 07:00:00+00:00,2026-06-05 04:00:00+00:00,2026-06-05 07:51:00+00:00,1,61.165,64.0,gfs_20260604T1800Z.json,-2.835000000000001
3028,2026-06-05 08:00:00+00:00,2026-06-05 04:00:00+00:00,2026-06-05 08:51:00+00:00,1,60.575,62.0,gfs_20260604T1800Z.json,-1.4249999999999972
3029,2026-06-05 09:00:00+00:00,2026-06-05 04:00:00+00:00,2026-06-05 09:51:00+00:00,1,60.075,60.0,gfs_20260604T1800Z.json,0.07500000000000284
3030,2026-06-05 10:00:00+00:00,2026-06-05 04:00:00+00:00,2026-06-05 10:51:00+00:00,1,61.955,63.0,gfs_20260604T1800Z.json,-1.0450000000000017
3031,2026-06-05 11:00:00+00:00,2026-06-05 04:00:00+00:00,2026-06-05 11:51:00+00:00,1,67.655,68.0,gfs_20260604T1800Z.json,-0.34499999999999886
3032,2026-06-05 12:00:00+00:00,2026-06-05 04:00:00+00:00,2026-06-05 12:51:00+00:00,1,73.955,74.0,gfs_20260604T1800Z.json,-0.045000000000001705
3033,2026-06-05 13:00:00+00:00,2026-06-05 04:00:00+00:00,2026-06-05 13:51:00+00:00,1,80.08500000000001,82.0,gfs_20260604T1800Z.json,-1.914999999999992
3034,2026-06-05 14:00:00+00:00,2026-06-05 04:00:00+00:00,2026-06-05 14:51:00+00:00,1,85.165,85.0,gfs_20260604T1800Z.json,0.16500000000000625
3035,2026-06-05 15:00:00+00:00,2026-06-05 04:00:00+00:00,2026-06-05 15:51:00+00:00,1,88.365,89.0,gfs_20260604T1800Z.json,-0.6350000000000051
3036,2026-06-05 16:00:00+00:00,2026-06-05 04:00:00+00:00,2026-06-05 16:51:00+00:00,1,90.16000000000001,90.0,gfs_20260604T1800Z.json,0.1600000000000108
3037,2026-06-05 17:00:00+00:00,2026-06-05 04:00:00+00:00,2026-06-05 17:51:00+00:00,1,91.33500000000001,90.0,gfs_20260604T1800Z.json,1.335000000000008
3038,2026-06-05 18:00:00+00:00,2026-06-05 04:00:00+00:00,2026-06-05 18:51:00+00:00,1,91.925,93.0,gfs_20260604T1800Z.json,-1.0750000000000028
3039,2026-06-05 19:00:00+00:00,2026-06-05 04:00:00+00:00,2026-06-05 19:51:00+00:00,1,92.34,95.0,gfs_20260604T1800Z.json,-2.6599999999999966
3040,2026-06-05 20:00:00+00:00,2026-06-05 04:00:00+00:00,2026-06-05 20:51:00+00:00,1,92.06,94.0,gfs_20260604T1800Z.json,-1.9399999999999977
3041,2026-06-05 21:00:00+00:00,2026-06-05 04:00:00+00:00,2026-06-05 21:51:00+00:00,1,91.065,94.0,gfs_20260604T1800Z.json,-2.9350000000000023
3042,2026-06-05 22:00:00+00:00,2026-06-05 04:00:00+00:00,2026-06-05 22:51:00+00:00,1,88.18,92.0,gfs_20260604T1800Z.json,-3.819999999999993
3043,2026-06-05 23:00:00+00:00,2026-06-05 04:00:00+00:00,2026-06-05 23:51:00+00:00,1,81.835,88.0,gfs_20260604T1800Z.json,-6.165000000000006
3044,2026-06-06 00:00:00+00:00,2026-06-05 04:00:00+00:00,2026-06-06 00:51:00+00:00,1,77.315,82.0,gfs_20260604T1800Z.json,-4.685000000000002
3045,2026-06-06 01:00:00+00:00,2026-06-05 04:00:00+00:00,2026-06-06 01:51:00+00:00,1,74.405,80.0,gfs_20260604T1800Z.json,-5.594999999999999
3046,2026-06-06 02:00:00+00:00,2026-06-05 04:00:00+00:00,2026-06-06 02:51:00+00:00,1,72.13,80.0,gfs_20260604T1800Z.json,-7.8700000000000045
3047,2026-06-06 03:00:00+00:00,2026-06-05 04:00:00+00:00,2026-06-06 03:51:00+00:00,1,71.03500000000001,76.0,gfs_20260604T1800Z.json,-4.964999999999989
3048,2026-06-06 04:00:00+00:00,2026-06-05 04:00:00+00:00,2026-06-06 04:51:00+00:00,2,70.47500000000001,73.0,gfs_20260604T1800Z.json,-2.5249999999999915
3049,2026-06-06 05:00:00+00:00,2026-06-05 04:00:00+00:00,2026-06-06 05:51:00+00:00,2,69.295,71.0,gfs_20260604T1800Z.json,-1.7049999999999983
3050,2026-06-06 06:00:00+00:00,2026-06-05 04:00:00+00:00,2026-06-06 06:51:00+00:00,2,68.08,70.0,gfs_20260604T1800Z.json,-1.9200000000000017
3051,2026-06-06 07:00:00+00:00,2026-06-05 04:00:00+00:00,2026-06-06 07:51:00+00:00,2,66.965,69.0,gfs_20260604T1800Z.json,-2.0349999999999966
3052,2026-06-06 08:00:00+00:00,2026-06-05 04:00:00+00:00,2026-06-06 08:51:00+00:00,2,65.61,67.0,gfs_20260604T1800Z.json,-1.3900000000000006
3053,2026-06-06 09:00:00+00:00,2026-06-05 04:00:00+00:00,2026-06-06 09:51:00+00:00,2,64.89,66.0,gfs_20260604T1800Z.json,-1.1099999999999994
3054,2026-06-06 10:00:00+00:00,2026-06-05 04:00:00+00:00,2026-06-06 10:51:00+00:00,2,65.735,68.0,gfs_20260604T1800Z.json,-2.2650000000000006
3055,2026-06-06 11:00:00+00:00,2026-06-05 04:00:00+00:00,2026-06-06 11:51:00+00:00,2,69.72500000000001,72.0,gfs_20260604T1800Z.json,-2.2749999999999915
3056,2026-06-06 12:00:00+00:00,2026-06-05 04:00:00+00:00,2026-06-06 12:51:00+00:00,2,74.99,76.0,gfs_20260604T1800Z.json,-1.0100000000000051
3057,2026-06-06 13:00:00+00:00,2026-06-05 04:00:00+00:00,2026-06-06 13:51:00+00:00,2,79.965,82.0,gfs_20260604T1800Z.json,-2.0349999999999966
3058,2026-06-06 14:00:00+00:00,2026-06-05 04:00:00+00:00,2026-06-06 14:51:00+00:00,2,84.185,84.0,gfs_20260604T1800Z.json,0.18500000000000227
3059,2026-06-06 15:00:00+00:00,2026-06-05 04:00:00+00:00,2026-06-06 15:51:00+00:00,2,87.52,88.0,gfs_20260604T1800Z.json,-0.480000000000004
3060,2026-06-06 16:00:00+00:00,2026-06-05 04:00:00+00:00,2026-06-06 16:51:00+00:00,2,90.04,91.0,gfs_20260604T1800Z.json,-0.9599999999999937
3061,2026-06-06 17:00:00+00:00,2026-06-05 04:00:00+00:00,2026-06-06 17:51:00+00:00,2,91.76,90.0,gfs_20260604T1800Z.json,1.7600000000000051
3062,2026-06-06 18:00:00+00:00,2026-06-05 04:00:00+00:00,2026-06-06 18:51:00+00:00,2,92.765,93.0,gfs_20260604T1800Z.json,-0.23499999999999943
3063,2026-06-06 19:00:00+00:00,2026-06-05 04:00:00+00:00,2026-06-06 19:51:00+00:00,2,92.56,91.0,gfs_20260604T1800Z.json,1.5600000000000023
3064,2026-06-06 20:00:00+00:00,2026-06-05 04:00:00+00:00,2026-06-06 20:51:00+00:00,2,91.905,93.0,gfs_20260604T1800Z.json,-1.0949999999999989
3065,2026-06-06 21:00:00+00:00,2026-06-05 04:00:00+00:00,2026-06-06 21:51:00+00:00,2,90.78,91.0,gfs_20260604T1800Z.json,-0.21999999999999886
3066,2026-06-06 22:00:00+00:00,2026-06-05 04:00:00+00:00,2026-06-06 22:51:00+00:00,2,87.795,91.0,gfs_20260604T1800Z.json,-3.2049999999999983
3067,2026-06-06 23:00:00+00:00,2026-06-05 04:00:00+00:00,2026-06-06 23:51:00+00:00,2,82.71000000000001,87.0,gfs_20260604T1800Z.json,-4.289999999999992
3068,2026-06-07 00:00:00+00:00,2026-06-05 04:00:00+00:00,2026-06-07 00:51:00+00:00,2,79.18,83.0,gfs_20260604T1800Z.json,-3.819999999999993
3069,2026-06-07 01:00:00+00:00,2026-06-05 04:00:00+00:00,2026-06-07 01:51:00+00:00,2,78.105,81.0,gfs_20260604T1800Z.json,-2.894999999999996
3070,2026-06-07 02:00:00+00:00,2026-06-05 04:00:00+00:00,2026-06-07 02:51:00+00:00,2,76.13,78.0,gfs_20260604T1800Z.json,-1.8700000000000045
3071,2026-06-07 03:00:00+00:00,2026-06-05 04:00:00+00:00,2026-06-07 03:51:00+00:00,2,74.44,77.0,gfs_20260604T1800Z.json,-2.5600000000000023
3072,2026-06-07 04:00:00+00:00,2026-06-05 04:00:00+00:00,2026-06-07 04:51:00+00:00,3,73.095,77.0,gfs_20260604T1800Z.json,-3.905000000000001
3073,2026-06-07 05:00:00+00:00,2026-06-05 04:00:00+00:00,2026-06-07 05:51:00+00:00,3,71.71000000000001,75.0,gfs_20260604T1800Z.json,-3.289999999999992
3074,2026-06-07 06:00:00+00:00,2026-06-05 04:00:00+00:00,2026-06-07 06:51:00+00:00,3,71.16,75.0,gfs_20260604T1800Z.json,-3.8400000000000034
3075,2026-06-07 07:00:00+00:00,2026-06-05 04:00:00+00:00,2026-06-07 07:51:00+00:00,3,69.74,72.0,gfs_20260604T1800Z.json,-2.260000000000005
3076,2026-06-07 08:00:00+00:00,2026-06-05 04:00:00+00:00,2026-06-07 08:51:00+00:00,3,68.14,71.0,gfs_20260604T1800Z.json,-2.8599999999999994
3077,2026-06-07 09:00:00+00:00,2026-06-05 04:00:00+00:00,2026-06-07 09:51:00+00:00,3,66.795,70.0,gfs_20260604T1800Z.json,-3.2049999999999983
3078,2026-06-07 10:00:00+00:00,2026-06-05 04:00:00+00:00,2026-06-07 10:51:00+00:00,3,67.365,71.0,gfs_20260604T1800Z.json,-3.635000000000005
3079,2026-06-07 11:00:00+00:00,2026-06-05 04:00:00+00:00,2026-06-07 11:51:00+00:00,3,70.9,75.0,gfs_20260604T1800Z.json,-4.099999999999994
3080,2026-06-07 12:00:00+00:00,2026-06-05 04:00:00+00:00,2026-06-07 12:51:00+00:00,3,75.58,78.0,gfs_20260604T1800Z.json,-2.4200000000000017
3081,2026-06-07 13:00:00+00:00,2026-06-05 04:00:00+00:00,2026-06-07 13:51:00+00:00,3,80.04,83.0,gfs_20260604T1800Z.json,-2.9599999999999937
3082,2026-06-07 14:00:00+00:00,2026-06-05 04:00:00+00:00,2026-06-07 14:51:00+00:00,3,84.525,86.0,gfs_20260604T1800Z.json,-1.4749999999999943
3083,2026-06-07 15:00:00+00:00,2026-06-05 04:00:00+00:00,2026-06-07 15:51:00+00:00,3,88.515,87.0,gfs_20260604T1800Z.json,1.5150000000000006
3084,2026-06-07 16:00:00+00:00,2026-06-05 04:00:00+00:00,2026-06-07 16:51:00+00:00,3,91.14,95.0,gfs_20260604T1800Z.json,-3.8599999999999994
3085,2026-06-07 17:00:00+00:00,2026-06-05 04:00:00+00:00,2026-06-07 17:51:00+00:00,3,92.86,93.0,gfs_20260604T1800Z.json,-0.14000000000000057
3086,2026-06-07 18:00:00+00:00,2026-06-05 04:00:00+00:00,2026-06-07 18:51:00+00:00,3,93.695,93.0,gfs_20260604T1800Z.json,0.6949999999999932
3087,2026-06-07 19:00:00+00:00,2026-06-05 04:00:00+00:00,2026-06-07 19:51:00+00:00,3,93.8,97.0,gfs_20260604T1800Z.json,-3.200000000000003
3088,2026-06-07 20:00:00+00:00,2026-06-05 04:00:00+00:00,2026-06-07 20:51:00+00:00,3,93.205,96.0,gfs_20260604T1800Z.json,-2.7950000000000017
3089,2026-06-07 21:00:00+00:00,2026-06-05 04:00:00+00:00,2026-06-07 21:51:00+00:00,3,87.14999999999999,94.0,gfs_20260604T1800Z.json,-6.8500000000000085
3090,2026-06-07 22:00:00+00:00,2026-06-05 04:00:00+00:00,2026-06-07 22:51:00+00:00,3,85.76,92.0,gfs_20260604T1800Z.json,-6.239999999999995
3091,2026-06-07 23:00:00+00:00,2026-06-05 04:00:00+00:00,2026-06-07 23:51:00+00:00,3,82.81,89.0,gfs_20260604T1800Z.json,-6.189999999999998
3092,2026-06-08 00:00:00+00:00,2026-06-05 04:00:00+00:00,2026-06-08 00:51:00+00:00,3,80.94,87.0,gfs_20260604T1800Z.json,-6.060000000000002
3093,2026-06-08 01:00:00+00:00,2026-06-05 04:00:00+00:00,2026-06-08 01:51:00+00:00,3,80.53,85.0,gfs_20260604T1800Z.json,-4.469999999999999
3094,2026-06-08 02:00:00+00:00,2026-06-05 04:00:00+00:00,2026-06-08 02:51:00+00:00,3,77.27,83.0,gfs_20260604T1800Z.json,-5.730000000000004
3095,2026-06-08 03:00:00+00:00,2026-06-05 04:00:00+00:00,2026-06-08 03:51:00+00:00,3,74.235,81.0,gfs_20260604T1800Z.json,-6.765000000000001
3096,2026-06-08 04:00:00+00:00,2026-06-05 04:00:00+00:00,2026-06-08 04:51:00+00:00,4,72.78,78.0,gfs_20260604T1800Z.json,-5.219999999999999
3097,2026-06-08 05:00:00+00:00,2026-06-05 04:00:00+00:00,2026-06-08 05:51:00+00:00,4,73.02499999999999,77.0,gfs_20260604T1800Z.json,-3.9750000000000085
3098,2026-06-08 06:00:00+00:00,2026-06-05 04:00:00+00:00,2026-06-08 06:51:00+00:00,4,71.99499999999999,75.0,gfs_20260604T1800Z.json,-3.0050000000000097
3099,2026-06-08 07:00:00+00:00,2026-06-05 04:00:00+00:00,2026-06-08 07:51:00+00:00,4,71.205,74.0,gfs_20260604T1800Z.json,-2.7950000000000017
3100,2026-06-08 08:00:00+00:00,2026-06-05 04:00:00+00:00,2026-06-08 08:51:00+00:00,4,70.675,72.0,gfs_20260604T1800Z.json,-1.3250000000000028
3101,2026-06-08 09:00:00+00:00,2026-06-05 04:00:00+00:00,2026-06-08 09:51:00+00:00,4,68.73,72.0,gfs_20260604T1800Z.json,-3.269999999999996
3102,2026-06-08 10:00:00+00:00,2026-06-05 04:00:00+00:00,2026-06-08 10:51:00+00:00,4,69.16499999999999,73.0,gfs_20260604T1800Z.json,-3.835000000000008
3103,2026-06-08 11:00:00+00:00,2026-06-05 04:00:00+00:00,2026-06-08 11:51:00+00:00,4,71.17,78.0,gfs_20260604T1800Z.json,-6.829999999999998
3104,2026-06-08 12:00:00+00:00,2026-06-05 04:00:00+00:00,2026-06-08 12:51:00+00:00,4,73.2,82.0,gfs_20260604T1800Z.json,-8.799999999999997
3105,2026-06-08 13:00:00+00:00,2026-06-05 04:00:00+00:00,2026-06-08 13:51:00+00:00,4,77.155,85.0,gfs_20260604T1800Z.json,-7.844999999999999
3106,2026-06-08 14:00:00+00:00,2026-06-05 04:00:00+00:00,2026-06-08 14:51:00+00:00,4,81.625,89.0,gfs_20260604T1800Z.json,-7.375
3107,2026-06-08 15:00:00+00:00,2026-06-05 04:00:00+00:00,2026-06-08 15:51:00+00:00,4,84.85,91.0,gfs_20260604T1800Z.json,-6.150000000000006
3108,2026-06-08 16:00:00+00:00,2026-06-05 04:00:00+00:00,2026-06-08 16:51:00+00:00,4,86.83,92.0,gfs_20260604T1800Z.json,-5.170000000000002
3109,2026-06-08 17:00:00+00:00,2026-06-05 04:00:00+00:00,2026-06-08 17:51:00+00:00,4,88.8,92.0,gfs_20260604T1800Z.json,-3.200000000000003
3110,2026-06-08 18:00:00+00:00,2026-06-05 04:00:00+00:00,2026-06-08 18:51:00+00:00,4,89.27,93.0,gfs_20260604T1800Z.json,-3.730000000000004
3111,2026-06-08 19:00:00+00:00,2026-06-05 04:00:00+00:00,2026-06-08 19:51:00+00:00,4,86.665,93.0,gfs_20260604T1800Z.json,-6.334999999999994
3112,2026-06-08 20:00:00+00:00,2026-06-05 04:00:00+00:00,2026-06-08 20:51:00+00:00,4,84.41499999999999,92.0,gfs_20260604T1800Z.json,-7.585000000000008
3113,2026-06-08 21:00:00+00:00,2026-06-05 04:00:00+00:00,2026-06-08 21:51:00+00:00,4,82.74,91.0,gfs_20260604T1800Z.json,-8.260000000000005
3114,2026-06-08 22:00:00+00:00,2026-06-05 04:00:00+00:00,2026-06-08 22:51:00+00:00,4,81.395,89.0,gfs_20260604T1800Z.json,-7.605000000000004
3115,2026-06-08 23:00:00+00:00,2026-06-05 04:00:00+00:00,2026-06-08 23:51:00+00:00,4,78.31,85.0,gfs_20260604T1800Z.json,-6.689999999999998
3116,2026-06-09 00:00:00+00:00,2026-06-05 04:00:00+00:00,2026-06-09 00:51:00+00:00,4,74.57,82.0,gfs_20260604T1800Z.json,-7.430000000000007
3117,2026-06-09 01:00:00+00:00,2026-06-05 04:00:00+00:00,2026-06-09 01:51:00+00:00,4,71.28,80.0,gfs_20260604T1800Z.json,-8.719999999999999
3118,2026-06-09 02:00:00+00:00,2026-06-05 04:00:00+00:00,2026-06-09 02:51:00+00:00,4,68.92999999999999,76.0,gfs_20260604T1800Z.json,-7.070000000000007
3119,2026-06-09 03:00:00+00:00,2026-06-05 04:00:00+00:00,2026-06-09 03:51:00+00:00,4,67.07,73.0,gfs_20260604T1800Z.json,-5.930000000000007
3120,2026-06-09 04:00:00+00:00,2026-06-05 04:00:00+00:00,2026-06-09 04:51:00+00:00,5,65.44,71.0,gfs_20260604T1800Z.json,-5.560000000000002
3121,2026-06-09 05:00:00+00:00,2026-06-05 04:00:00+00:00,2026-06-09 05:51:00+00:00,5,64.265,70.0,gfs_20260604T1800Z.json,-5.734999999999999
3122,2026-06-09 06:00:00+00:00,2026-06-05 04:00:00+00:00,2026-06-09 06:51:00+00:00,5,63.335,68.0,gfs_20260604T1800Z.json,-4.664999999999999
3123,2026-06-09 07:00:00+00:00,2026-06-05 04:00:00+00:00,2026-06-09 07:51:00+00:00,5,62.265,68.0,gfs_20260604T1800Z.json,-5.734999999999999
3124,2026-06-09 08:00:00+00:00,2026-06-05 04:00:00+00:00,2026-06-09 08:51:00+00:00,5,61.845,67.0,gfs_20260604T1800Z.json,-5.155000000000001
3125,2026-06-09 09:00:00+00:00,2026-06-05 04:00:00+00:00,2026-06-09 09:51:00+00:00,5,61.29,66.0,gfs_20260604T1800Z.json,-4.710000000000001
3126,2026-06-09 10:00:00+00:00,2026-06-05 04:00:00+00:00,2026-06-09 10:51:00+00:00,5,61.965,67.0,gfs_20260604T1800Z.json,-5.034999999999997
3127,2026-06-09 11:00:00+00:00,2026-06-05 04:00:00+00:00,2026-06-09 11:51:00+00:00,5,64.225,68.0,gfs_20260604T1800Z.json,-3.7750000000000057
3128,2026-06-09 12:00:00+00:00,2026-06-05 04:00:00+00:00,2026-06-09 12:51:00+00:00,5,67.065,70.0,gfs_20260604T1800Z.json,-2.9350000000000023
3129,2026-06-09 13:00:00+00:00,2026-06-05 04:00:00+00:00,2026-06-09 13:51:00+00:00,5,71.665,72.0,gfs_20260604T1800Z.json,-0.33499999999999375
3130,2026-06-09 14:00:00+00:00,2026-06-05 04:00:00+00:00,2026-06-09 14:51:00+00:00,5,75.885,75.0,gfs_20260604T1800Z.json,0.8850000000000051
3131,2026-06-09 15:00:00+00:00,2026-06-05 04:00:00+00:00,2026-06-09 15:51:00+00:00,5,77.265,78.0,gfs_20260604T1800Z.json,-0.7349999999999994
3132,2026-06-09 16:00:00+00:00,2026-06-05 04:00:00+00:00,2026-06-09 16:51:00+00:00,5,79.525,80.0,gfs_20260604T1800Z.json,-0.4749999999999943
3133,2026-06-09 17:00:00+00:00,2026-06-05 04:00:00+00:00,2026-06-09 17:51:00+00:00,5,77.775,82.0,gfs_20260604T1800Z.json,-4.224999999999994
3134,2026-06-09 18:00:00+00:00,2026-06-05 04:00:00+00:00,2026-06-09 18:51:00+00:00,5,76.465,86.0,gfs_20260604T1800Z.json,-9.534999999999997
3135,2026-06-09 19:00:00+00:00,2026-06-05 04:00:00+00:00,2026-06-09 19:51:00+00:00,5,74.94,87.0,gfs_20260604T1800Z.json,-12.060000000000002
3136,2026-06-09 20:00:00+00:00,2026-06-05 04:00:00+00:00,2026-06-09 20:51:00+00:00,5,73.68,87.0,gfs_20260604T1800Z.json,-13.319999999999993
3137,2026-06-09 21:00:00+00:00,2026-06-05 04:00:00+00:00,2026-06-09 21:51:00+00:00,5,73.33,86.0,gfs_20260604T1800Z.json,-12.670000000000002
3138,2026-06-09 22:00:00+00:00,2026-06-05 04:00:00+00:00,2026-06-09 22:51:00+00:00,5,73.47,85.0,gfs_20260604T1800Z.json,-11.530000000000001
3139,2026-06-09 23:00:00+00:00,2026-06-05 04:00:00+00:00,2026-06-09 23:51:00+00:00,5,73.5,83.0,gfs_20260604T1800Z.json,-9.5
3140,2026-06-10 00:00:00+00:00,2026-06-05 04:00:00+00:00,2026-06-10 00:51:00+00:00,5,72.735,82.0,gfs_20260604T1800Z.json,-9.265
3141,2026-06-10 01:00:00+00:00,2026-06-05 04:00:00+00:00,2026-06-10 01:51:00+00:00,5,71.66499999999999,80.0,gfs_20260604T1800Z.json,-8.335000000000008
3142,2026-06-10 02:00:00+00:00,2026-06-05 04:00:00+00:00,2026-06-10 02:51:00+00:00,5,70.735,79.0,gfs_20260604T1800Z.json,-8.265
3143,2026-06-10 03:00:00+00:00,2026-06-05 04:00:00+00:00,2026-06-10 03:51:00+00:00,5,70.175,79.0,gfs_20260604T1800Z.json,-8.825000000000003
3144,2026-06-10 04:00:00+00:00,2026-06-05 04:00:00+00:00,2026-06-10 04:51:00+00:00,6,70.015,79.0,gfs_20260604T1800Z.json,-8.985
3145,2026-06-10 05:00:00+00:00,2026-06-05 04:00:00+00:00,2026-06-10 05:51:00+00:00,6,69.915,78.0,gfs_20260604T1800Z.json,-8.084999999999994
3146,2026-06-10 06:00:00+00:00,2026-06-05 04:00:00+00:00,2026-06-10 06:51:00+00:00,6,69.815,77.0,gfs_20260604T1800Z.json,-7.185000000000002
3147,2026-06-10 07:00:00+00:00,2026-06-05 04:00:00+00:00,2026-06-10 07:51:00+00:00,6,69.8,76.0,gfs_20260604T1800Z.json,-6.200000000000003
3148,2026-06-10 08:00:00+00:00,2026-06-05 04:00:00+00:00,2026-06-10 08:51:00+00:00,6,69.885,75.0,gfs_20260604T1800Z.json,-5.114999999999995
3149,2026-06-10 09:00:00+00:00,2026-06-05 04:00:00+00:00,2026-06-10 09:51:00+00:00,6,69.73,75.0,gfs_20260604T1800Z.json,-5.269999999999996
3150,2026-06-10 10:00:00+00:00,2026-06-05 04:00:00+00:00,2026-06-10 10:51:00+00:00,6,69.615,75.0,gfs_20260604T1800Z.json,-5.385000000000005
3151,2026-06-10 11:00:00+00:00,2026-06-05 04:00:00+00:00,2026-06-10 11:51:00+00:00,6,69.94,76.0,gfs_20260604T1800Z.json,-6.060000000000002
3152,2026-06-10 12:00:00+00:00,2026-06-05 04:00:00+00:00,2026-06-10 12:51:00+00:00,6,71.44500000000001,78.0,gfs_20260604T1800Z.json,-6.554999999999993
3153,2026-06-10 13:00:00+00:00,2026-06-05 04:00:00+00:00,2026-06-10 13:51:00+00:00,6,73.57000000000001,80.0,gfs_20260604T1800Z.json,-6.429999999999993
3154,2026-06-10 14:00:00+00:00,2026-06-05 04:00:00+00:00,2026-06-10 14:51:00+00:00,6,75.515,84.0,gfs_20260604T1800Z.json,-8.485
3155,2026-06-10 15:00:00+00:00,2026-06-05 04:00:00+00:00,2026-06-10 15:51:00+00:00,6,76.99,85.0,gfs_20260604T1800Z.json,-8.010000000000005
3156,2026-06-10 16:00:00+00:00,2026-06-05 04:00:00+00:00,2026-06-10 16:51:00+00:00,6,78.05,88.0,gfs_20260604T1800Z.json,-9.950000000000003
3157,2026-06-10 17:00:00+00:00,2026-06-05 04:00:00+00:00,2026-06-10 17:51:00+00:00,6,78.115,89.0,gfs_20260604T1800Z.json,-10.885000000000005
3158,2026-06-10 18:00:00+00:00,2026-06-05 04:00:00+00:00,2026-06-10 18:51:00+00:00,6,76.485,89.0,gfs_20260604T1800Z.json,-12.515
3159,2026-06-10 19:00:00+00:00,2026-06-05 04:00:00+00:00,2026-06-10 19:51:00+00:00,6,73.565,92.0,gfs_20260604T1800Z.json,-18.435000000000002
3160,2026-06-10 20:00:00+00:00,2026-06-05 04:00:00+00:00,2026-06-10 20:51:00+00:00,6,71.23,94.0,gfs_20260604T1800Z.json,-22.769999999999996
3161,2026-06-10 21:00:00+00:00,2026-06-05 04:00:00+00:00,2026-06-10 21:51:00+00:00,6,70.56,93.0,gfs_20260604T1800Z.json,-22.439999999999998
3162,2026-06-10 22:00:00+00:00,2026-06-05 04:00:00+00:00,2026-06-10 22:51:00+00:00,6,70.84,91.0,gfs_20260604T1800Z.json,-20.159999999999997
3163,2026-06-10 23:00:00+00:00,2026-06-05 04:00:00+00:00,2026-06-10 23:51:00+00:00,6,71.07,88.0,gfs_20260604T1800Z.json,-16.930000000000007
3164,2026-06-11 00:00:00+00:00,2026-06-05 04:00:00+00:00,2026-06-11 00:51:00+00:00,6,70.675,86.0,gfs_20260604T1800Z.json,-15.325000000000003
3165,2026-06-11 01:00:00+00:00,2026-06-05 04:00:00+00:00,2026-06-11 01:51:00+00:00,6,70.09,84.0,gfs_20260604T1800Z.json,-13.909999999999997
3166,2026-06-11 02:00:00+00:00,2026-06-05 04:00:00+00:00,2026-06-11 02:51:00+00:00,6,69.575,83.0,gfs_20260604T1800Z.json,-13.424999999999997
3167,2026-06-11 03:00:00+00:00,2026-06-05 04:00:00+00:00,2026-06-11 03:51:00+00:00,6,69.415,82.0,gfs_20260604T1800Z.json,-12.584999999999994
3168,2026-06-11 04:00:00+00:00,2026-06-05 04:00:00+00:00,2026-06-11 04:51:00+00:00,7,69.4,80.0,gfs_20260604T1800Z.json,-10.599999999999994
3169,2026-06-11 05:00:00+00:00,2026-06-05 04:00:00+00:00,2026-06-11 05:51:00+00:00,7,69.485,79.0,gfs_20260604T1800Z.json,-9.515
3170,2026-06-11 06:00:00+00:00,2026-06-05 04:00:00+00:00,2026-06-11 06:51:00+00:00,7,69.415,78.0,gfs_20260604T1800Z.json,-8.584999999999994
3171,2026-06-11 07:00:00+00:00,2026-06-05 04:00:00+00:00,2026-06-11 07:51:00+00:00,7,69.4,77.0,gfs_20260604T1800Z.json,-7.599999999999994
3172,2026-06-11 08:00:00+00:00,2026-06-05 04:00:00+00:00,2026-06-11 08:51:00+00:00,7,69.315,76.0,gfs_20260604T1800Z.json,-6.685000000000002
3173,2026-06-11 09:00:00+00:00,2026-06-05 04:00:00+00:00,2026-06-11 09:51:00+00:00,7,69.3,75.0,gfs_20260604T1800Z.json,-5.700000000000003
3174,2026-06-11 10:00:00+00:00,2026-06-05 04:00:00+00:00,2026-06-11 10:51:00+00:00,7,69.3,76.0,gfs_20260604T1800Z.json,-6.700000000000003
3175,2026-06-11 11:00:00+00:00,2026-06-05 04:00:00+00:00,2026-06-11 11:51:00+00:00,7,69.3,78.0,gfs_20260604T1800Z.json,-8.700000000000003
3176,2026-06-11 12:00:00+00:00,2026-06-05 04:00:00+00:00,2026-06-11 12:51:00+00:00,7,69.385,82.0,gfs_20260604T1800Z.json,-12.614999999999995
3177,2026-06-11 13:00:00+00:00,2026-06-05 04:00:00+00:00,2026-06-11 13:51:00+00:00,7,69.485,86.0,gfs_20260604T1800Z.json,-16.515
3178,2026-06-11 14:00:00+00:00,2026-06-05 04:00:00+00:00,2026-06-11 14:51:00+00:00,7,69.67,90.0,gfs_20260604T1800Z.json,-20.33
3179,2026-06-11 15:00:00+00:00,2026-06-05 04:00:00+00:00,2026-06-11 15:51:00+00:00,7,69.87,94.0,gfs_20260604T1800Z.json,-24.129999999999995
3180,2026-06-11 16:00:00+00:00,2026-06-05 04:00:00+00:00,2026-06-11 16:51:00+00:00,7,69.985,97.0,gfs_20260604T1800Z.json,-27.015
3181,2026-06-11 17:00:00+00:00,2026-06-05 04:00:00+00:00,2026-06-11 17:51:00+00:00,7,70.0,99.0,gfs_20260604T1800Z.json,-29.0
3182,2026-06-11 18:00:00+00:00,2026-06-05 04:00:00+00:00,2026-06-11 18:51:00+00:00,7,69.66,98.0,gfs_20260604T1800Z.json,-28.340000000000003
3183,2026-06-11 19:00:00+00:00,2026-06-05 04:00:00+00:00,2026-06-11 19:51:00+00:00,7,69.09,98.0,gfs_20260604T1800Z.json,-28.909999999999997
3184,2026-06-11 20:00:00+00:00,2026-06-05 04:00:00+00:00,2026-06-11 20:51:00+00:00,7,68.83,100.0,gfs_20260604T1800Z.json,-31.17
3185,2026-06-11 21:00:00+00:00,2026-06-05 04:00:00+00:00,2026-06-11 21:51:00+00:00,7,69.14,98.0,gfs_20260604T1800Z.json,-28.86
3186,2026-06-11 22:00:00+00:00,2026-06-05 04:00:00+00:00,2026-06-11 22:51:00+00:00,7,69.88,96.0,gfs_20260604T1800Z.json,-26.120000000000005
3187,2026-06-11 23:00:00+00:00,2026-06-05 04:00:00+00:00,2026-06-11 23:51:00+00:00,7,70.50999999999999,95.0,gfs_20260604T1800Z.json,-24.49000000000001
3188,2026-06-12 00:00:00+00:00,2026-06-05 04:00:00+00:00,2026-06-12 00:51:00+00:00,7,70.685,91.0,gfs_20260604T1800Z.json,-20.314999999999998
3189,2026-06-12 01:00:00+00:00,2026-06-05 04:00:00+00:00,2026-06-12 01:51:00+00:00,7,70.53,89.0,gfs_20260604T1800Z.json,-18.47
3190,2026-06-12 02:00:00+00:00,2026-06-05 04:00:00+00:00,2026-06-12 02:51:00+00:00,7,70.415,86.0,gfs_20260604T1800Z.json,-15.584999999999994
3191,2026-06-12 03:00:00+00:00,2026-06-05 04:00:00+00:00,2026-06-12 03:51:00+00:00,7,70.4,84.0,gfs_20260604T1800Z.json,-13.599999999999994
3192,2026-06-12 04:00:00+00:00,2026-06-05 04:00:00+00:00,2026-06-12 04:51:00+00:00,8,70.4,82.0,gfs_20260604T1800Z.json,-11.599999999999994
3193,2026-06-12 05:00:00+00:00,2026-06-05 04:00:00+00:00,2026-06-12 05:51:00+00:00,8,70.4,81.0,gfs_20260604T1800Z.json,-10.599999999999994
3194,2026-06-12 06:00:00+00:00,2026-06-05 04:00:00+00:00,2026-06-12 06:51:00+00:00,8,70.315,80.0,gfs_20260604T1800Z.json,-9.685000000000002
3195,2026-06-12 07:00:00+00:00,2026-06-05 04:00:00+00:00,2026-06-12 07:51:00+00:00,8,70.13,78.0,gfs_20260604T1800Z.json,-7.8700000000000045
3196,2026-06-12 08:00:00+00:00,2026-06-05 04:00:00+00:00,2026-06-12 08:51:00+00:00,8,70.185,78.0,gfs_20260604T1800Z.json,-7.814999999999998
3197,2026-06-12 09:00:00+00:00,2026-06-05 04:00:00+00:00,2026-06-12 09:51:00+00:00,8,70.53999999999999,78.0,gfs_20260604T1800Z.json,-7.460000000000008
3198,2026-06-12 10:00:00+00:00,2026-06-05 04:00:00+00:00,2026-06-12 10:51:00+00:00,8,71.02499999999999,79.0,gfs_20260604T1800Z.json,-7.9750000000000085
3199,2026-06-12 11:00:00+00:00,2026-06-05 04:00:00+00:00,2026-06-12 11:51:00+00:00,8,71.865,81.0,gfs_20260604T1800Z.json,-9.135000000000005
3200,2026-06-12 12:00:00+00:00,2026-06-05 04:00:00+00:00,2026-06-12 12:51:00+00:00,8,73.19,86.0,gfs_20260604T1800Z.json,-12.810000000000002
3201,2026-06-12 13:00:00+00:00,2026-06-05 04:00:00+00:00,2026-06-12 13:51:00+00:00,8,74.93,91.0,gfs_20260604T1800Z.json,-16.069999999999993
3202,2026-06-12 14:00:00+00:00,2026-06-05 04:00:00+00:00,2026-06-12 14:51:00+00:00,8,76.64500000000001,95.0,gfs_20260604T1800Z.json,-18.35499999999999
3203,2026-06-12 15:00:00+00:00,2026-06-05 04:00:00+00:00,2026-06-12 15:51:00+00:00,8,78.26,97.0,gfs_20260604T1800Z.json,-18.739999999999995
3204,2026-06-12 16:00:00+00:00,2026-06-05 04:00:00+00:00,2026-06-12 16:51:00+00:00,8,79.775,100.0,gfs_20260604T1800Z.json,-20.224999999999994
3205,2026-06-12 17:00:00+00:00,2026-06-05 04:00:00+00:00,2026-06-12 17:51:00+00:00,8,81.19,101.0,gfs_20260604T1800Z.json,-19.810000000000002
3206,2026-06-12 18:00:00+00:00,2026-06-05 04:00:00+00:00,2026-06-12 18:51:00+00:00,8,82.67500000000001,102.0,gfs_20260604T1800Z.json,-19.32499999999999
3207,2026-06-12 19:00:00+00:00,2026-06-05 04:00:00+00:00,2026-06-12 19:51:00+00:00,8,84.09,102.0,gfs_20260604T1800Z.json,-17.909999999999997
3208,2026-06-12 20:00:00+00:00,2026-06-05 04:00:00+00:00,2026-06-12 20:51:00+00:00,8,84.385,101.0,gfs_20260604T1800Z.json,-16.614999999999995
3209,2026-06-12 21:00:00+00:00,2026-06-05 04:00:00+00:00,2026-06-12 21:51:00+00:00,8,82.785,100.0,gfs_20260604T1800Z.json,-17.215000000000003
3210,2026-06-12 22:00:00+00:00,2026-06-05 04:00:00+00:00,2026-06-12 22:51:00+00:00,8,79.95,99.0,gfs_20260604T1800Z.json,-19.049999999999997
3211,2026-06-12 23:00:00+00:00,2026-06-05 04:00:00+00:00,2026-06-12 23:51:00+00:00,8,77.29,96.0,gfs_20260604T1800Z.json,-18.709999999999994
3212,2026-06-13 00:00:00+00:00,2026-06-05 04:00:00+00:00,2026-06-13 00:51:00+00:00,8,75.71000000000001,93.0,gfs_20260604T1800Z.json,-17.289999999999992
3213,2026-06-13 01:00:00+00:00,2026-06-05 04:00:00+00:00,2026-06-13 01:51:00+00:00,8,74.735,90.0,gfs_20260604T1800Z.json,-15.265
3214,2026-06-13 02:00:00+00:00,2026-06-05 04:00:00+00:00,2026-06-13 02:51:00+00:00,8,73.92,88.0,gfs_20260604T1800Z.json,-14.079999999999998
3215,2026-06-13 03:00:00+00:00,2026-06-05 04:00:00+00:00,2026-06-13 03:51:00+00:00,8,73.205,85.0,gfs_20260604T1800Z.json,-11.795000000000002
3216,2026-06-13 04:00:00+00:00,2026-06-05 04:00:00+00:00,2026-06-13 04:51:00+00:00,9,72.675,81.0,gfs_20260604T1800Z.json,-8.325000000000003
3217,2026-06-13 05:00:00+00:00,2026-06-05 04:00:00+00:00,2026-06-13 05:51:00+00:00,9,72.26,80.0,gfs_20260604T1800Z.json,-7.739999999999995
3218,2026-06-13 06:00:00+00:00,2026-06-05 04:00:00+00:00,2026-06-13 06:51:00+00:00,9,71.69,79.0,gfs_20260604T1800Z.json,-7.310000000000002
3219,2026-06-13 07:00:00+00:00,2026-06-05 04:00:00+00:00,2026-06-13 07:51:00+00:00,9,71.175,78.0,gfs_20260604T1800Z.json,-6.825000000000003
3220,2026-06-13 08:00:00+00:00,2026-06-05 04:00:00+00:00,2026-06-13 08:51:00+00:00,9,71.1,76.0,gfs_20260604T1800Z.json,-4.900000000000006
3221,2026-06-13 09:00:00+00:00,2026-06-05 04:00:00+00:00,2026-06-13 09:51:00+00:00,9,71.52499999999999,74.0,gfs_20260604T1800Z.json,-2.4750000000000085
3222,2026-06-13 10:00:00+00:00,2026-06-05 04:00:00+00:00,2026-06-13 10:51:00+00:00,9,72.44999999999999,77.0,gfs_20260604T1800Z.json,-4.550000000000011
3223,2026-06-13 11:00:00+00:00,2026-06-05 04:00:00+00:00,2026-06-13 11:51:00+00:00,9,74.13000000000001,81.0,gfs_20260604T1800Z.json,-6.86999999999999
3224,2026-06-13 12:00:00+00:00,2026-06-05 04:00:00+00:00,2026-06-13 12:51:00+00:00,9,77.035,84.0,gfs_20260604T1800Z.json,-6.965000000000003
3225,2026-06-13 13:00:00+00:00,2026-06-05 04:00:00+00:00,2026-06-13 13:51:00+00:00,9,80.815,86.0,gfs_20260604T1800Z.json,-5.185000000000002
3226,2026-06-13 14:00:00+00:00,2026-06-05 04:00:00+00:00,2026-06-13 14:51:00+00:00,9,84.11999999999999,89.0,gfs_20260604T1800Z.json,-4.88000000000001
3227,2026-06-13 15:00:00+00:00,2026-06-05 04:00:00+00:00,2026-06-13 15:51:00+00:00,9,86.215,91.0,gfs_20260604T1800Z.json,-4.784999999999997
3228,2026-06-13 16:00:00+00:00,2026-06-05 04:00:00+00:00,2026-06-13 16:51:00+00:00,9,87.435,91.0,gfs_20260604T1800Z.json,-3.5649999999999977
3229,2026-06-13 17:00:00+00:00,2026-06-05 04:00:00+00:00,2026-06-13 17:51:00+00:00,9,88.11,94.0,gfs_20260604T1800Z.json,-5.890000000000001
3230,2026-06-13 18:00:00+00:00,2026-06-05 04:00:00+00:00,2026-06-13 18:51:00+00:00,9,88.53999999999999,93.0,gfs_20260604T1800Z.json,-4.460000000000008
3231,2026-06-13 19:00:00+00:00,2026-06-05 04:00:00+00:00,2026-06-13 19:51:00+00:00,9,88.515,95.0,gfs_20260604T1800Z.json,-6.484999999999999
3232,2026-06-13 20:00:00+00:00,2026-06-05 04:00:00+00:00,2026-06-13 20:51:00+00:00,9,87.48,92.0,gfs_20260604T1800Z.json,-4.519999999999996
3233,2026-06-13 21:00:00+00:00,2026-06-05 04:00:00+00:00,2026-06-13 21:51:00+00:00,9,84.58,94.0,gfs_20260604T1800Z.json,-9.420000000000002
3234,2026-06-13 22:00:00+00:00,2026-06-05 04:00:00+00:00,2026-06-13 22:51:00+00:00,9,80.53,95.0,gfs_20260604T1800Z.json,-14.469999999999999
3235,2026-06-13 23:00:00+00:00,2026-06-05 04:00:00+00:00,2026-06-13 23:51:00+00:00,9,77.01,93.0,gfs_20260604T1800Z.json,-15.989999999999995
3236,2026-06-14 00:00:00+00:00,2026-06-05 04:00:00+00:00,2026-06-14 00:51:00+00:00,9,75.225,88.0,gfs_20260604T1800Z.json,-12.775000000000006
3237,2026-06-14 01:00:00+00:00,2026-06-05 04:00:00+00:00,2026-06-14 01:51:00+00:00,9,74.405,86.0,gfs_20260604T1800Z.json,-11.594999999999999
3238,2026-06-14 02:00:00+00:00,2026-06-05 04:00:00+00:00,2026-06-14 02:51:00+00:00,9,73.875,81.0,gfs_20260604T1800Z.json,-7.125
3239,2026-06-14 03:00:00+00:00,2026-06-05 04:00:00+00:00,2026-06-14 03:51:00+00:00,9,73.375,80.0,gfs_20260604T1800Z.json,-6.625
3240,2026-06-14 04:00:00+00:00,2026-06-05 04:00:00+00:00,2026-06-14 04:51:00+00:00,10,72.96000000000001,78.0,gfs_20260604T1800Z.json,-5.039999999999992
3241,2026-06-14 05:00:00+00:00,2026-06-05 04:00:00+00:00,2026-06-14 05:51:00+00:00,10,72.645,78.0,gfs_20260604T1800Z.json,-5.355000000000004
3242,2026-06-14 06:00:00+00:00,2026-06-05 04:00:00+00:00,2026-06-14 06:51:00+00:00,10,72.09,76.0,gfs_20260604T1800Z.json,-3.9099999999999966
3243,2026-06-14 07:00:00+00:00,2026-06-05 04:00:00+00:00,2026-06-14 07:51:00+00:00,10,71.49000000000001,75.0,gfs_20260604T1800Z.json,-3.509999999999991
3244,2026-06-14 08:00:00+00:00,2026-06-05 04:00:00+00:00,2026-06-14 08:51:00+00:00,10,71.315,74.0,gfs_20260604T1800Z.json,-2.6850000000000023
3245,2026-06-14 09:00:00+00:00,2026-06-05 04:00:00+00:00,2026-06-14 09:51:00+00:00,10,71.55499999999999,73.0,gfs_20260604T1800Z.json,-1.4450000000000074
3246,2026-06-14 10:00:00+00:00,2026-06-05 04:00:00+00:00,2026-06-14 10:51:00+00:00,10,72.195,73.0,gfs_20260604T1800Z.json,-0.8050000000000068
3247,2026-06-14 11:00:00+00:00,2026-06-05 04:00:00+00:00,2026-06-14 11:51:00+00:00,10,73.575,78.0,gfs_20260604T1800Z.json,-4.424999999999997
3248,2026-06-14 12:00:00+00:00,2026-06-05 04:00:00+00:00,2026-06-14 12:51:00+00:00,10,76.435,82.0,gfs_20260604T1800Z.json,-5.564999999999998
3249,2026-06-14 13:00:00+00:00,2026-06-05 04:00:00+00:00,2026-06-14 13:51:00+00:00,10,80.215,86.0,gfs_20260604T1800Z.json,-5.784999999999997
3250,2026-06-14 14:00:00+00:00,2026-06-05 04:00:00+00:00,2026-06-14 14:51:00+00:00,10,83.435,90.0,gfs_20260604T1800Z.json,-6.564999999999998
3251,2026-06-14 15:00:00+00:00,2026-06-05 04:00:00+00:00,2026-06-14 15:51:00+00:00,10,85.17500000000001,93.0,gfs_20260604T1800Z.json,-7.824999999999989
3252,2026-06-14 16:00:00+00:00,2026-06-05 04:00:00+00:00,2026-06-14 16:51:00+00:00,10,85.99499999999999,95.0,gfs_20260604T1800Z.json,-9.00500000000001
3253,2026-06-14 17:00:00+00:00,2026-06-05 04:00:00+00:00,2026-06-14 17:51:00+00:00,10,86.52499999999999,98.0,gfs_20260604T1800Z.json,-11.475000000000009
3254,2026-06-14 18:00:00+00:00,2026-06-05 04:00:00+00:00,2026-06-14 18:51:00+00:00,10,87.195,98.0,gfs_20260604T1800Z.json,-10.805000000000007
3255,2026-06-14 19:00:00+00:00,2026-06-05 04:00:00+00:00,2026-06-14 19:51:00+00:00,10,87.81,100.0,gfs_20260604T1800Z.json,-12.189999999999998
3256,2026-06-14 20:00:00+00:00,2026-06-05 04:00:00+00:00,2026-06-14 20:51:00+00:00,10,87.73,100.0,gfs_20260604T1800Z.json,-12.269999999999996
3257,2026-06-14 21:00:00+00:00,2026-06-05 04:00:00+00:00,2026-06-14 21:51:00+00:00,10,86.33999999999999,95.0,gfs_20260604T1800Z.json,-8.66000000000001
3258,2026-06-14 22:00:00+00:00,2026-06-05 04:00:00+00:00,2026-06-14 22:51:00+00:00,10,84.145,86.0,gfs_20260604T1800Z.json,-1.855000000000004
3259,2026-06-14 23:00:00+00:00,2026-06-05 04:00:00+00:00,2026-06-14 23:51:00+00:00,10,82.015,85.0,gfs_20260604T1800Z.json,-2.9849999999999994
3260,2026-06-15 00:00:00+00:00,2026-06-05 04:00:00+00:00,2026-06-15 00:51:00+00:00,10,80.51,84.0,gfs_20260604T1800Z.json,-3.489999999999995
3261,2026-06-15 01:00:00+00:00,2026-06-05 04:00:00+00:00,2026-06-15 01:51:00+00:00,10,79.28,84.0,gfs_20260604T1800Z.json,-4.719999999999999
3262,2026-06-15 02:00:00+00:00,2026-06-05 04:00:00+00:00,2026-06-15 02:51:00+00:00,10,78.16499999999999,84.0,gfs_20260604T1800Z.json,-5.835000000000008
3263,2026-06-15 03:00:00+00:00,2026-06-05 04:00:00+00:00,2026-06-15 03:51:00+00:00,10,76.81,81.0,gfs_20260604T1800Z.json,-4.189999999999998
3264,2026-06-15 04:00:00+00:00,2026-06-05 04:00:00+00:00,2026-06-15 04:51:00+00:00,11,75.49499999999999,80.0,gfs_20260604T1800Z.json,-4.50500000000001
3265,2026-06-15 05:00:00+00:00,2026-06-05 04:00:00+00:00,2026-06-15 05:51:00+00:00,11,74.365,80.0,gfs_20260604T1800Z.json,-5.635000000000005
3266,2026-06-15 06:00:00+00:00,2026-06-05 04:00:00+00:00,2026-06-15 06:51:00+00:00,11,73.18,80.0,gfs_20260604T1800Z.json,-6.819999999999993
3267,2026-06-15 07:00:00+00:00,2026-06-05 04:00:00+00:00,2026-06-15 07:51:00+00:00,11,72.15,78.0,gfs_20260604T1800Z.json,-5.849999999999994
3268,2026-06-15 08:00:00+00:00,2026-06-05 04:00:00+00:00,2026-06-15 08:51:00+00:00,11,71.83,77.0,gfs_20260604T1800Z.json,-5.170000000000002
3269,2026-06-15 09:00:00+00:00,2026-06-05 04:00:00+00:00,2026-06-15 09:51:00+00:00,11,72.82,76.0,gfs_20260604T1800Z.json,-3.180000000000007
3270,2026-06-15 10:00:00+00:00,2026-06-05 04:00:00+00:00,2026-06-15 10:51:00+00:00,11,74.7,77.0,gfs_20260604T1800Z.json,-2.299999999999997
3271,2026-06-15 11:00:00+00:00,2026-06-05 04:00:00+00:00,2026-06-15 11:51:00+00:00,11,76.61500000000001,77.0,gfs_20260604T1800Z.json,-0.3849999999999909
3272,2026-06-15 12:00:00+00:00,2026-06-05 04:00:00+00:00,2026-06-15 12:51:00+00:00,11,78.26,77.0,gfs_20260604T1800Z.json,1.2600000000000051
3273,2026-06-15 13:00:00+00:00,2026-06-05 04:00:00+00:00,2026-06-15 13:51:00+00:00,11,79.86,77.0,gfs_20260604T1800Z.json,2.8599999999999994
3274,2026-06-15 14:00:00+00:00,2026-06-05 04:00:00+00:00,2026-06-15 14:51:00+00:00,11,81.205,81.0,gfs_20260604T1800Z.json,0.2049999999999983
3275,2026-06-15 15:00:00+00:00,2026-06-05 04:00:00+00:00,2026-06-15 15:51:00+00:00,11,82.25,80.0,gfs_20260604T1800Z.json,2.25
3276,2026-06-15 16:00:00+00:00,2026-06-05 04:00:00+00:00,2026-06-15 16:51:00+00:00,11,82.99499999999999,82.0,gfs_20260604T1800Z.json,0.9949999999999903
3277,2026-06-15 17:00:00+00:00,2026-06-05 04:00:00+00:00,2026-06-15 17:51:00+00:00,11,83.355,86.0,gfs_20260604T1800Z.json,-2.644999999999996
3278,2026-06-15 18:00:00+00:00,2026-06-05 04:00:00+00:00,2026-06-15 18:51:00+00:00,11,82.89,87.0,gfs_20260604T1800Z.json,-4.109999999999999
3279,2026-06-15 19:00:00+00:00,2026-06-05 04:00:00+00:00,2026-06-15 19:51:00+00:00,11,81.865,87.0,gfs_20260604T1800Z.json,-5.135000000000005
3280,2026-06-15 20:00:00+00:00,2026-06-05 04:00:00+00:00,2026-06-15 20:51:00+00:00,11,80.68,87.0,gfs_20260604T1800Z.json,-6.319999999999993
3281,2026-06-15 21:00:00+00:00,2026-06-05 04:00:00+00:00,2026-06-15 21:51:00+00:00,11,79.225,86.0,gfs_20260604T1800Z.json,-6.775000000000006
3282,2026-06-15 22:00:00+00:00,2026-06-05 04:00:00+00:00,2026-06-15 22:51:00+00:00,11,77.55499999999999,86.0,gfs_20260604T1800Z.json,-8.445000000000007
3283,2026-06-15 23:00:00+00:00,2026-06-05 04:00:00+00:00,2026-06-15 23:51:00+00:00,11,76.195,83.0,gfs_20260604T1800Z.json,-6.805000000000007
3284,2026-06-16 00:00:00+00:00,2026-06-05 04:00:00+00:00,2026-06-16 00:51:00+00:00,11,75.32000000000001,80.0,gfs_20260604T1800Z.json,-4.679999999999993
3285,2026-06-16 01:00:00+00:00,2026-06-05 04:00:00+00:00,2026-06-16 01:51:00+00:00,11,74.775,77.0,gfs_20260604T1800Z.json,-2.2249999999999943
3286,2026-06-16 02:00:00+00:00,2026-06-05 04:00:00+00:00,2026-06-16 02:51:00+00:00,11,74.44500000000001,73.0,gfs_20260604T1800Z.json,1.4450000000000074
3287,2026-06-16 03:00:00+00:00,2026-06-05 04:00:00+00:00,2026-06-16 03:51:00+00:00,11,73.97500000000001,71.0,gfs_20260604T1800Z.json,2.9750000000000085
3288,2026-06-16 04:00:00+00:00,2026-06-05 04:00:00+00:00,2026-06-16 04:51:00+00:00,12,73.645,71.0,gfs_20260604T1800Z.json,2.644999999999996
3289,2026-06-16 05:00:00+00:00,2026-06-05 04:00:00+00:00,2026-06-16 05:51:00+00:00,12,73.345,69.0,gfs_20260604T1800Z.json,4.344999999999999
3290,2026-06-16 06:00:00+00:00,2026-06-05 04:00:00+00:00,2026-06-16 06:51:00+00:00,12,72.96000000000001,68.0,gfs_20260604T1800Z.json,4.960000000000008
3291,2026-06-16 07:00:00+00:00,2026-06-05 04:00:00+00:00,2026-06-16 07:51:00+00:00,12,72.56,68.0,gfs_20260604T1800Z.json,4.560000000000002
3292,2026-06-16 08:00:00+00:00,2026-06-05 04:00:00+00:00,2026-06-16 08:51:00+00:00,12,72.585,67.0,gfs_20260604T1800Z.json,5.584999999999994
3293,2026-06-16 09:00:00+00:00,2026-06-05 04:00:00+00:00,2026-06-16 09:51:00+00:00,12,72.855,67.0,gfs_20260604T1800Z.json,5.855000000000004
3294,2026-06-16 10:00:00+00:00,2026-06-05 04:00:00+00:00,2026-06-16 10:51:00+00:00,12,73.58,67.0,gfs_20260604T1800Z.json,6.579999999999998
3295,2026-06-16 11:00:00+00:00,2026-06-05 04:00:00+00:00,2026-06-16 11:51:00+00:00,12,74.89,68.0,gfs_20260604T1800Z.json,6.890000000000001
3296,2026-06-16 12:00:00+00:00,2026-06-05 04:00:00+00:00,2026-06-16 12:51:00+00:00,12,77.14,70.0,gfs_20260604T1800Z.json,7.140000000000001
3297,2026-06-16 13:00:00+00:00,2026-06-05 04:00:00+00:00,2026-06-16 13:51:00+00:00,12,80.13499999999999,72.0,gfs_20260604T1800Z.json,8.134999999999991
3298,2026-06-16 14:00:00+00:00,2026-06-05 04:00:00+00:00,2026-06-16 14:51:00+00:00,12,82.98,76.0,gfs_20260604T1800Z.json,6.980000000000004
3299,2026-06-16 15:00:00+00:00,2026-06-05 04:00:00+00:00,2026-06-16 15:51:00+00:00,12,85.355,77.0,gfs_20260604T1800Z.json,8.355000000000004
3300,2026-06-16 16:00:00+00:00,2026-06-05 04:00:00+00:00,2026-06-16 16:51:00+00:00,12,87.315,78.0,gfs_20260604T1800Z.json,9.314999999999998
3301,2026-06-16 17:00:00+00:00,2026-06-05 04:00:00+00:00,2026-06-16 17:51:00+00:00,12,88.28,81.0,gfs_20260604T1800Z.json,7.280000000000001
3302,2026-06-16 18:00:00+00:00,2026-06-05 04:00:00+00:00,2026-06-16 18:51:00+00:00,12,87.295,80.0,gfs_20260604T1800Z.json,7.295000000000002
3303,2026-06-16 19:00:00+00:00,2026-06-05 04:00:00+00:00,2026-06-16 19:51:00+00:00,12,85.06,84.0,gfs_20260604T1800Z.json,1.0600000000000023
3304,2026-06-16 20:00:00+00:00,2026-06-05 04:00:00+00:00,2026-06-16 20:51:00+00:00,12,82.91499999999999,84.0,gfs_20260604T1800Z.json,-1.085000000000008
3305,2026-06-16 21:00:00+00:00,2026-06-05 04:00:00+00:00,2026-06-16 21:51:00+00:00,12,81.83500000000001,83.0,gfs_20260604T1800Z.json,-1.164999999999992
3306,2026-06-16 22:00:00+00:00,2026-06-05 04:00:00+00:00,2026-06-16 22:51:00+00:00,12,81.19,82.0,gfs_20260604T1800Z.json,-0.8100000000000023
3307,2026-06-16 23:00:00+00:00,2026-06-05 04:00:00+00:00,2026-06-16 23:51:00+00:00,12,80.42,80.0,gfs_20260604T1800Z.json,0.4200000000000017
3308,2026-06-17 00:00:00+00:00,2026-06-05 04:00:00+00:00,2026-06-17 00:51:00+00:00,12,78.94,78.0,gfs_20260604T1800Z.json,0.9399999999999977
3309,2026-06-17 01:00:00+00:00,2026-06-05 04:00:00+00:00,2026-06-17 01:51:00+00:00,12,77.085,78.0,gfs_20260604T1800Z.json,-0.9150000000000063
3310,2026-06-17 02:00:00+00:00,2026-06-05 04:00:00+00:00,2026-06-17 02:51:00+00:00,12,75.52499999999999,76.0,gfs_20260604T1800Z.json,-0.4750000000000085
3311,2026-06-17 03:00:00+00:00,2026-06-05 04:00:00+00:00,2026-06-17 03:51:00+00:00,12,74.62,74.0,gfs_20260604T1800Z.json,0.6200000000000045
3312,2026-06-17 04:00:00+00:00,2026-06-05 04:00:00+00:00,2026-06-17 04:51:00+00:00,13,74.16,73.0,gfs_20260604T1800Z.json,1.1599999999999966
3313,2026-06-17 05:00:00+00:00,2026-06-05 04:00:00+00:00,2026-06-17 05:51:00+00:00,13,73.845,71.0,gfs_20260604T1800Z.json,2.844999999999999
3314,2026-06-17 06:00:00+00:00,2026-06-05 04:00:00+00:00,2026-06-17 06:51:00+00:00,13,73.375,70.0,gfs_20260604T1800Z.json,3.375
3315,2026-06-17 07:00:00+00:00,2026-06-05 04:00:00+00:00,2026-06-17 07:51:00+00:00,13,72.96000000000001,70.0,gfs_20260604T1800Z.json,2.960000000000008
3316,2026-06-17 08:00:00+00:00,2026-06-05 04:00:00+00:00,2026-06-17 08:51:00+00:00,13,72.9,69.0,gfs_20260604T1800Z.json,3.9000000000000057
3317,2026-06-17 09:00:00+00:00,2026-06-05 04:00:00+00:00,2026-06-17 09:51:00+00:00,13,73.41,68.0,gfs_20260604T1800Z.json,5.409999999999997
3318,2026-06-17 10:00:00+00:00,2026-06-05 04:00:00+00:00,2026-06-17 10:51:00+00:00,13,74.52,69.0,gfs_20260604T1800Z.json,5.519999999999996
3319,2026-06-17 11:00:00+00:00,2026-06-05 04:00:00+00:00,2026-06-17 11:51:00+00:00,13,76.23,72.0,gfs_20260604T1800Z.json,4.230000000000004
3320,2026-06-17 12:00:00+00:00,2026-06-05 04:00:00+00:00,2026-06-17 12:51:00+00:00,13,79.30499999999999,76.0,gfs_20260604T1800Z.json,3.3049999999999926
3321,2026-06-17 13:00:00+00:00,2026-06-05 04:00:00+00:00,2026-06-17 13:51:00+00:00,13,83.2,79.0,gfs_20260604T1800Z.json,4.200000000000003
3322,2026-06-17 14:00:00+00:00,2026-06-05 04:00:00+00:00,2026-06-17 14:51:00+00:00,13,86.17999999999999,84.0,gfs_20260604T1800Z.json,2.1799999999999926
3323,2026-06-17 15:00:00+00:00,2026-06-05 04:00:00+00:00,2026-06-17 15:51:00+00:00,13,87.02499999999999,86.0,gfs_20260604T1800Z.json,1.0249999999999915
3324,2026-06-17 16:00:00+00:00,2026-06-05 04:00:00+00:00,2026-06-17 16:51:00+00:00,13,86.50500000000001,90.0,gfs_20260604T1800Z.json,-3.4949999999999903
3325,2026-06-17 17:00:00+00:00,2026-06-05 04:00:00+00:00,2026-06-17 17:51:00+00:00,13,85.635,92.0,gfs_20260604T1800Z.json,-6.364999999999995
3326,2026-06-17 18:00:00+00:00,2026-06-05 04:00:00+00:00,2026-06-17 18:51:00+00:00,13,84.65,93.0,gfs_20260604T1800Z.json,-8.349999999999994
3327,2026-06-17 19:00:00+00:00,2026-06-05 04:00:00+00:00,2026-06-17 19:51:00+00:00,13,83.395,93.0,gfs_20260604T1800Z.json,-9.605000000000004
3328,2026-06-17 20:00:00+00:00,2026-06-05 04:00:00+00:00,2026-06-17 20:51:00+00:00,13,82.435,94.0,gfs_20260604T1800Z.json,-11.564999999999998
3329,2026-06-17 21:00:00+00:00,2026-06-05 04:00:00+00:00,2026-06-17 21:51:00+00:00,13,82.13,93.0,gfs_20260604T1800Z.json,-10.870000000000005
3330,2026-06-17 22:00:00+00:00,2026-06-05 04:00:00+00:00,2026-06-17 22:51:00+00:00,13,82.27,92.0,gfs_20260604T1800Z.json,-9.730000000000004
3331,2026-06-17 23:00:00+00:00,2026-06-05 04:00:00+00:00,2026-06-17 23:51:00+00:00,13,82.13,88.0,gfs_20260604T1800Z.json,-5.8700000000000045
3332,2026-06-18 00:00:00+00:00,2026-06-05 04:00:00+00:00,2026-06-18 00:51:00+00:00,13,81.25,85.0,gfs_20260604T1800Z.json,-3.75
3333,2026-06-18 01:00:00+00:00,2026-06-05 04:00:00+00:00,2026-06-18 01:51:00+00:00,13,79.82499999999999,83.0,gfs_20260604T1800Z.json,-3.1750000000000114
3334,2026-06-18 02:00:00+00:00,2026-06-05 04:00:00+00:00,2026-06-18 02:51:00+00:00,13,78.32499999999999,81.0,gfs_20260604T1800Z.json,-2.6750000000000114
3335,2026-06-18 03:00:00+00:00,2026-06-05 04:00:00+00:00,2026-06-18 03:51:00+00:00,13,76.74,80.0,gfs_20260604T1800Z.json,-3.260000000000005
3336,2026-06-18 04:00:00+00:00,2026-06-05 04:00:00+00:00,2026-06-18 04:51:00+00:00,14,75.14,79.0,gfs_20260604T1800Z.json,-3.8599999999999994
3337,2026-06-18 05:00:00+00:00,2026-06-05 04:00:00+00:00,2026-06-18 05:51:00+00:00,14,73.71000000000001,77.0,gfs_20260604T1800Z.json,-3.289999999999992
3338,2026-06-18 06:00:00+00:00,2026-06-05 04:00:00+00:00,2026-06-18 06:51:00+00:00,14,72.48,77.0,gfs_20260604T1800Z.json,-4.519999999999996
3339,2026-06-18 07:00:00+00:00,2026-06-05 04:00:00+00:00,2026-06-18 07:51:00+00:00,14,71.53500000000001,77.0,gfs_20260604T1800Z.json,-5.464999999999989
3340,2026-06-18 08:00:00+00:00,2026-06-05 04:00:00+00:00,2026-06-18 08:51:00+00:00,14,71.315,76.0,gfs_20260604T1800Z.json,-4.685000000000002
3341,2026-06-18 09:00:00+00:00,2026-06-05 04:00:00+00:00,2026-06-18 09:51:00+00:00,14,72.14999999999999,76.0,gfs_20260604T1800Z.json,-3.8500000000000085
3342,2026-06-18 10:00:00+00:00,2026-06-05 04:00:00+00:00,2026-06-18 10:51:00+00:00,14,73.745,76.0,gfs_20260604T1800Z.json,-2.2549999999999955
3343,2026-06-18 11:00:00+00:00,2026-06-05 04:00:00+00:00,2026-06-18 11:51:00+00:00,14,75.955,78.0,gfs_20260604T1800Z.json,-2.0450000000000017
3344,2026-06-18 12:00:00+00:00,2026-06-05 04:00:00+00:00,2026-06-18 12:51:00+00:00,14,79.19,81.0,gfs_20260604T1800Z.json,-1.8100000000000023
3345,2026-06-18 13:00:00+00:00,2026-06-05 04:00:00+00:00,2026-06-18 13:51:00+00:00,14,83.015,84.0,gfs_20260604T1800Z.json,-0.9849999999999994
3346,2026-06-18 14:00:00+00:00,2026-06-05 04:00:00+00:00,2026-06-18 14:51:00+00:00,14,85.98,88.0,gfs_20260604T1800Z.json,-2.019999999999996
3347,2026-06-18 15:00:00+00:00,2026-06-05 04:00:00+00:00,2026-06-18 15:51:00+00:00,14,86.91,90.0,gfs_20260604T1800Z.json,-3.0900000000000034
3348,2026-06-18 16:00:00+00:00,2026-06-05 04:00:00+00:00,2026-06-18 16:51:00+00:00,14,86.575,93.0,gfs_20260604T1800Z.json,-6.424999999999997
3349,2026-06-18 17:00:00+00:00,2026-06-05 04:00:00+00:00,2026-06-18 17:51:00+00:00,14,86.245,97.0,gfs_20260604T1800Z.json,-10.754999999999995
3350,2026-06-18 18:00:00+00:00,2026-06-05 04:00:00+00:00,2026-06-18 18:51:00+00:00,14,86.795,95.0,gfs_20260604T1800Z.json,-8.204999999999998
3351,2026-06-18 19:00:00+00:00,2026-06-05 04:00:00+00:00,2026-06-18 19:51:00+00:00,14,87.66499999999999,81.0,gfs_20260604T1800Z.json,6.664999999999992
3352,2026-06-18 20:00:00+00:00,2026-06-05 04:00:00+00:00,2026-06-18 20:51:00+00:00,14,87.885,82.0,gfs_20260604T1800Z.json,5.885000000000005
3353,2026-06-18 21:00:00+00:00,2026-06-05 04:00:00+00:00,2026-06-18 21:51:00+00:00,14,86.455,87.0,gfs_20260604T1800Z.json,-0.5450000000000017
3354,2026-06-18 22:00:00+00:00,2026-06-05 04:00:00+00:00,2026-06-18 22:51:00+00:00,14,84.075,87.0,gfs_20260604T1800Z.json,-2.924999999999997
3355,2026-06-18 23:00:00+00:00,2026-06-05 04:00:00+00:00,2026-06-18 23:51:00+00:00,14,81.91499999999999,86.0,gfs_20260604T1800Z.json,-4.085000000000008
3356,2026-06-19 00:00:00+00:00,2026-06-05 04:00:00+00:00,2026-06-19 00:51:00+00:00,14,80.49499999999999,85.0,gfs_20260604T1800Z.json,-4.50500000000001
3357,2026-06-19 01:00:00+00:00,2026-06-05 04:00:00+00:00,2026-06-19 01:51:00+00:00,14,79.53500000000001,76.0,gfs_20260604T1800Z.json,3.535000000000011
3358,2026-06-19 02:00:00+00:00,2026-06-05 04:00:00+00:00,2026-06-19 02:51:00+00:00,14,78.465,74.0,gfs_20260604T1800Z.json,4.465000000000003
3359,2026-06-19 03:00:00+00:00,2026-06-05 04:00:00+00:00,2026-06-19 03:51:00+00:00,14,76.77,74.0,gfs_20260604T1800Z.json,2.769999999999996
3360,2026-06-12 04:00:00+00:00,2026-06-12 04:00:00+00:00,2026-06-12 04:51:00+00:00,1,71.7,82.0,gfs_20260611T1800Z.json,-10.299999999999997
3361,2026-06-12 05:00:00+00:00,2026-06-12 04:00:00+00:00,2026-06-12 05:51:00+00:00,1,72.34,81.0,gfs_20260611T1800Z.json,-8.659999999999997
3362,2026-06-12 06:00:00+00:00,2026-06-12 04:00:00+00:00,2026-06-12 06:51:00+00:00,1,72.23,80.0,gfs_20260611T1800Z.json,-7.769999999999996
3363,2026-06-12 07:00:00+00:00,2026-06-12 04:00:00+00:00,2026-06-12 07:51:00+00:00,1,71.775,78.0,gfs_20260611T1800Z.json,-6.224999999999994
3364,2026-06-12 08:00:00+00:00,2026-06-12 04:00:00+00:00,2026-06-12 08:51:00+00:00,1,71.02000000000001,78.0,gfs_20260611T1800Z.json,-6.97999999999999
3365,2026-06-12 09:00:00+00:00,2026-06-12 04:00:00+00:00,2026-06-12 09:51:00+00:00,1,70.47500000000001,78.0,gfs_20260611T1800Z.json,-7.5249999999999915
3366,2026-06-12 10:00:00+00:00,2026-06-12 04:00:00+00:00,2026-06-12 10:51:00+00:00,1,71.93,79.0,gfs_20260611T1800Z.json,-7.069999999999993
3367,2026-06-12 11:00:00+00:00,2026-06-12 04:00:00+00:00,2026-06-12 11:51:00+00:00,1,76.025,81.0,gfs_20260611T1800Z.json,-4.974999999999994
3368,2026-06-12 12:00:00+00:00,2026-06-12 04:00:00+00:00,2026-06-12 12:51:00+00:00,1,77.805,86.0,gfs_20260611T1800Z.json,-8.194999999999993
3369,2026-06-12 13:00:00+00:00,2026-06-12 04:00:00+00:00,2026-06-12 13:51:00+00:00,1,82.845,91.0,gfs_20260611T1800Z.json,-8.155000000000001
3370,2026-06-12 14:00:00+00:00,2026-06-12 04:00:00+00:00,2026-06-12 14:51:00+00:00,1,88.12,95.0,gfs_20260611T1800Z.json,-6.8799999999999955
3371,2026-06-12 15:00:00+00:00,2026-06-12 04:00:00+00:00,2026-06-12 15:51:00+00:00,1,91.705,97.0,gfs_20260611T1800Z.json,-5.295000000000002
3372,2026-06-12 16:00:00+00:00,2026-06-12 04:00:00+00:00,2026-06-12 16:51:00+00:00,1,94.66499999999999,100.0,gfs_20260611T1800Z.json,-5.335000000000008
3373,2026-06-12 17:00:00+00:00,2026-06-12 04:00:00+00:00,2026-06-12 17:51:00+00:00,1,96.46000000000001,101.0,gfs_20260611T1800Z.json,-4.539999999999992
3374,2026-06-12 18:00:00+00:00,2026-06-12 04:00:00+00:00,2026-06-12 18:51:00+00:00,1,98.4,102.0,gfs_20260611T1800Z.json,-3.5999999999999943
3375,2026-06-12 19:00:00+00:00,2026-06-12 04:00:00+00:00,2026-06-12 19:51:00+00:00,1,100.06,102.0,gfs_20260611T1800Z.json,-1.9399999999999977
3376,2026-06-12 20:00:00+00:00,2026-06-12 04:00:00+00:00,2026-06-12 20:51:00+00:00,1,99.96000000000001,101.0,gfs_20260611T1800Z.json,-1.039999999999992
3377,2026-06-12 21:00:00+00:00,2026-06-12 04:00:00+00:00,2026-06-12 21:51:00+00:00,1,98.965,100.0,gfs_20260611T1800Z.json,-1.0349999999999966
3378,2026-06-12 22:00:00+00:00,2026-06-12 04:00:00+00:00,2026-06-12 22:51:00+00:00,1,95.485,99.0,gfs_20260611T1800Z.json,-3.5150000000000006
3379,2026-06-12 23:00:00+00:00,2026-06-12 04:00:00+00:00,2026-06-12 23:51:00+00:00,1,89.035,96.0,gfs_20260611T1800Z.json,-6.965000000000003
3380,2026-06-13 00:00:00+00:00,2026-06-12 04:00:00+00:00,2026-06-13 00:51:00+00:00,1,86.98,93.0,gfs_20260611T1800Z.json,-6.019999999999996
3381,2026-06-13 01:00:00+00:00,2026-06-12 04:00:00+00:00,2026-06-13 01:51:00+00:00,1,82.80499999999999,90.0,gfs_20260611T1800Z.json,-7.195000000000007
3382,2026-06-13 02:00:00+00:00,2026-06-12 04:00:00+00:00,2026-06-13 02:51:00+00:00,1,75.98,88.0,gfs_20260611T1800Z.json,-12.019999999999996
3383,2026-06-13 03:00:00+00:00,2026-06-12 04:00:00+00:00,2026-06-13 03:51:00+00:00,1,72.01,85.0,gfs_20260611T1800Z.json,-12.989999999999995
3384,2026-06-13 04:00:00+00:00,2026-06-12 04:00:00+00:00,2026-06-13 04:51:00+00:00,2,71.925,81.0,gfs_20260611T1800Z.json,-9.075000000000003
3385,2026-06-13 05:00:00+00:00,2026-06-12 04:00:00+00:00,2026-06-13 05:51:00+00:00,2,71.745,80.0,gfs_20260611T1800Z.json,-8.254999999999995
3386,2026-06-13 06:00:00+00:00,2026-06-12 04:00:00+00:00,2026-06-13 06:51:00+00:00,2,72.295,79.0,gfs_20260611T1800Z.json,-6.704999999999998
3387,2026-06-13 07:00:00+00:00,2026-06-12 04:00:00+00:00,2026-06-13 07:51:00+00:00,2,71.295,78.0,gfs_20260611T1800Z.json,-6.704999999999998
3388,2026-06-13 08:00:00+00:00,2026-06-12 04:00:00+00:00,2026-06-13 08:51:00+00:00,2,69.91,76.0,gfs_20260611T1800Z.json,-6.090000000000003
3389,2026-06-13 09:00:00+00:00,2026-06-12 04:00:00+00:00,2026-06-13 09:51:00+00:00,2,69.19,74.0,gfs_20260611T1800Z.json,-4.810000000000002
3390,2026-06-13 10:00:00+00:00,2026-06-12 04:00:00+00:00,2026-06-13 10:51:00+00:00,2,70.97,77.0,gfs_20260611T1800Z.json,-6.030000000000001
3391,2026-06-13 11:00:00+00:00,2026-06-12 04:00:00+00:00,2026-06-13 11:51:00+00:00,2,74.78500000000001,81.0,gfs_20260611T1800Z.json,-6.214999999999989
3392,2026-06-13 12:00:00+00:00,2026-06-12 04:00:00+00:00,2026-06-13 12:51:00+00:00,2,77.10000000000001,84.0,gfs_20260611T1800Z.json,-6.8999999999999915
3393,2026-06-13 13:00:00+00:00,2026-06-12 04:00:00+00:00,2026-06-13 13:51:00+00:00,2,80.63000000000001,86.0,gfs_20260611T1800Z.json,-5.36999999999999
3394,2026-06-13 14:00:00+00:00,2026-06-12 04:00:00+00:00,2026-06-13 14:51:00+00:00,2,83.835,89.0,gfs_20260611T1800Z.json,-5.165000000000006
3395,2026-06-13 15:00:00+00:00,2026-06-12 04:00:00+00:00,2026-06-13 15:51:00+00:00,2,85.83,91.0,gfs_20260611T1800Z.json,-5.170000000000002
3396,2026-06-13 16:00:00+00:00,2026-06-12 04:00:00+00:00,2026-06-13 16:51:00+00:00,2,88.395,91.0,gfs_20260611T1800Z.json,-2.605000000000004
3397,2026-06-13 17:00:00+00:00,2026-06-12 04:00:00+00:00,2026-06-13 17:51:00+00:00,2,90.925,94.0,gfs_20260611T1800Z.json,-3.075000000000003
3398,2026-06-13 18:00:00+00:00,2026-06-12 04:00:00+00:00,2026-06-13 18:51:00+00:00,2,93.255,93.0,gfs_20260611T1800Z.json,0.25499999999999545
3399,2026-06-13 19:00:00+00:00,2026-06-12 04:00:00+00:00,2026-06-13 19:51:00+00:00,2,91.815,95.0,gfs_20260611T1800Z.json,-3.1850000000000023
3400,2026-06-13 20:00:00+00:00,2026-06-12 04:00:00+00:00,2026-06-13 20:51:00+00:00,2,91.925,92.0,gfs_20260611T1800Z.json,-0.07500000000000284
3401,2026-06-13 21:00:00+00:00,2026-06-12 04:00:00+00:00,2026-06-13 21:51:00+00:00,2,90.895,94.0,gfs_20260611T1800Z.json,-3.105000000000004
3402,2026-06-13 22:00:00+00:00,2026-06-12 04:00:00+00:00,2026-06-13 22:51:00+00:00,2,89.68,95.0,gfs_20260611T1800Z.json,-5.319999999999993
3403,2026-06-13 23:00:00+00:00,2026-06-12 04:00:00+00:00,2026-06-13 23:51:00+00:00,2,85.165,93.0,gfs_20260611T1800Z.json,-7.834999999999994
3404,2026-06-14 00:00:00+00:00,2026-06-12 04:00:00+00:00,2026-06-14 00:51:00+00:00,2,81.85000000000001,88.0,gfs_20260611T1800Z.json,-6.1499999999999915
3405,2026-06-14 01:00:00+00:00,2026-06-12 04:00:00+00:00,2026-06-14 01:51:00+00:00,2,80.295,86.0,gfs_20260611T1800Z.json,-5.704999999999998
3406,2026-06-14 02:00:00+00:00,2026-06-12 04:00:00+00:00,2026-06-14 02:51:00+00:00,2,79.16499999999999,81.0,gfs_20260611T1800Z.json,-1.835000000000008
3407,2026-06-14 03:00:00+00:00,2026-06-12 04:00:00+00:00,2026-06-14 03:51:00+00:00,2,77.38499999999999,80.0,gfs_20260611T1800Z.json,-2.615000000000009
3408,2026-06-14 04:00:00+00:00,2026-06-12 04:00:00+00:00,2026-06-14 04:51:00+00:00,3,76.42,78.0,gfs_20260611T1800Z.json,-1.5799999999999983
3409,2026-06-14 05:00:00+00:00,2026-06-12 04:00:00+00:00,2026-06-14 05:51:00+00:00,3,76.045,78.0,gfs_20260611T1800Z.json,-1.9549999999999983
3410,2026-06-14 06:00:00+00:00,2026-06-12 04:00:00+00:00,2026-06-14 06:51:00+00:00,3,74.725,76.0,gfs_20260611T1800Z.json,-1.2750000000000057
3411,2026-06-14 07:00:00+00:00,2026-06-12 04:00:00+00:00,2026-06-14 07:51:00+00:00,3,72.205,75.0,gfs_20260611T1800Z.json,-2.7950000000000017
3412,2026-06-14 08:00:00+00:00,2026-06-12 04:00:00+00:00,2026-06-14 08:51:00+00:00,3,71.97,74.0,gfs_20260611T1800Z.json,-2.030000000000001
3413,2026-06-14 09:00:00+00:00,2026-06-12 04:00:00+00:00,2026-06-14 09:51:00+00:00,3,72.17,73.0,gfs_20260611T1800Z.json,-0.8299999999999983
3414,2026-06-14 10:00:00+00:00,2026-06-12 04:00:00+00:00,2026-06-14 10:51:00+00:00,3,73.305,73.0,gfs_20260611T1800Z.json,0.3050000000000068
3415,2026-06-14 11:00:00+00:00,2026-06-12 04:00:00+00:00,2026-06-14 11:51:00+00:00,3,76.22,78.0,gfs_20260611T1800Z.json,-1.7800000000000011
3416,2026-06-14 12:00:00+00:00,2026-06-12 04:00:00+00:00,2026-06-14 12:51:00+00:00,3,80.10000000000001,82.0,gfs_20260611T1800Z.json,-1.8999999999999915
3417,2026-06-14 13:00:00+00:00,2026-06-12 04:00:00+00:00,2026-06-14 13:51:00+00:00,3,84.525,86.0,gfs_20260611T1800Z.json,-1.4749999999999943
3418,2026-06-14 14:00:00+00:00,2026-06-12 04:00:00+00:00,2026-06-14 14:51:00+00:00,3,88.345,90.0,gfs_20260611T1800Z.json,-1.6550000000000011
3419,2026-06-14 15:00:00+00:00,2026-06-12 04:00:00+00:00,2026-06-14 15:51:00+00:00,3,92.13000000000001,93.0,gfs_20260611T1800Z.json,-0.8699999999999903
3420,2026-06-14 16:00:00+00:00,2026-06-12 04:00:00+00:00,2026-06-14 16:51:00+00:00,3,95.335,95.0,gfs_20260611T1800Z.json,0.33499999999999375
3421,2026-06-14 17:00:00+00:00,2026-06-12 04:00:00+00:00,2026-06-14 17:51:00+00:00,3,96.05499999999999,98.0,gfs_20260611T1800Z.json,-1.9450000000000074
3422,2026-06-14 18:00:00+00:00,2026-06-12 04:00:00+00:00,2026-06-14 18:51:00+00:00,3,89.725,98.0,gfs_20260611T1800Z.json,-8.275000000000006
3423,2026-06-14 19:00:00+00:00,2026-06-12 04:00:00+00:00,2026-06-14 19:51:00+00:00,3,96.50500000000001,100.0,gfs_20260611T1800Z.json,-3.4949999999999903
3424,2026-06-14 20:00:00+00:00,2026-06-12 04:00:00+00:00,2026-06-14 20:51:00+00:00,3,89.99499999999999,100.0,gfs_20260611T1800Z.json,-10.00500000000001
3425,2026-06-14 21:00:00+00:00,2026-06-12 04:00:00+00:00,2026-06-14 21:51:00+00:00,3,76.615,95.0,gfs_20260611T1800Z.json,-18.385000000000005
3426,2026-06-14 22:00:00+00:00,2026-06-12 04:00:00+00:00,2026-06-14 22:51:00+00:00,3,75.435,86.0,gfs_20260611T1800Z.json,-10.564999999999998
3427,2026-06-14 23:00:00+00:00,2026-06-12 04:00:00+00:00,2026-06-14 23:51:00+00:00,3,74.41,85.0,gfs_20260611T1800Z.json,-10.590000000000003
3428,2026-06-15 00:00:00+00:00,2026-06-12 04:00:00+00:00,2026-06-15 00:51:00+00:00,3,74.03,84.0,gfs_20260611T1800Z.json,-9.969999999999999
3429,2026-06-15 01:00:00+00:00,2026-06-12 04:00:00+00:00,2026-06-15 01:51:00+00:00,3,73.83,84.0,gfs_20260611T1800Z.json,-10.170000000000002
3430,2026-06-15 02:00:00+00:00,2026-06-12 04:00:00+00:00,2026-06-15 02:51:00+00:00,3,72.78,84.0,gfs_20260611T1800Z.json,-11.219999999999999
3431,2026-06-15 03:00:00+00:00,2026-06-12 04:00:00+00:00,2026-06-15 03:51:00+00:00,3,72.26,81.0,gfs_20260611T1800Z.json,-8.739999999999995
3432,2026-06-15 04:00:00+00:00,2026-06-12 04:00:00+00:00,2026-06-15 04:51:00+00:00,4,72.03,80.0,gfs_20260611T1800Z.json,-7.969999999999999
3433,2026-06-15 05:00:00+00:00,2026-06-12 04:00:00+00:00,2026-06-15 05:51:00+00:00,4,71.83,80.0,gfs_20260611T1800Z.json,-8.170000000000002
3434,2026-06-15 06:00:00+00:00,2026-06-12 04:00:00+00:00,2026-06-15 06:51:00+00:00,4,71.715,80.0,gfs_20260611T1800Z.json,-8.284999999999997
3435,2026-06-15 07:00:00+00:00,2026-06-12 04:00:00+00:00,2026-06-15 07:51:00+00:00,4,71.785,78.0,gfs_20260611T1800Z.json,-6.215000000000003
3436,2026-06-15 08:00:00+00:00,2026-06-12 04:00:00+00:00,2026-06-15 08:51:00+00:00,4,70.95,77.0,gfs_20260611T1800Z.json,-6.049999999999997
3437,2026-06-15 09:00:00+00:00,2026-06-12 04:00:00+00:00,2026-06-15 09:51:00+00:00,4,71.395,76.0,gfs_20260611T1800Z.json,-4.605000000000004
3438,2026-06-15 10:00:00+00:00,2026-06-12 04:00:00+00:00,2026-06-15 10:51:00+00:00,4,71.755,77.0,gfs_20260611T1800Z.json,-5.2450000000000045
3439,2026-06-15 11:00:00+00:00,2026-06-12 04:00:00+00:00,2026-06-15 11:51:00+00:00,4,74.435,77.0,gfs_20260611T1800Z.json,-2.5649999999999977
3440,2026-06-15 12:00:00+00:00,2026-06-12 04:00:00+00:00,2026-06-15 12:51:00+00:00,4,78.385,77.0,gfs_20260611T1800Z.json,1.3850000000000051
3441,2026-06-15 13:00:00+00:00,2026-06-12 04:00:00+00:00,2026-06-15 13:51:00+00:00,4,82.4,77.0,gfs_20260611T1800Z.json,5.400000000000006
3442,2026-06-15 14:00:00+00:00,2026-06-12 04:00:00+00:00,2026-06-15 14:51:00+00:00,4,85.89,81.0,gfs_20260611T1800Z.json,4.890000000000001
3443,2026-06-15 15:00:00+00:00,2026-06-12 04:00:00+00:00,2026-06-15 15:51:00+00:00,4,88.865,80.0,gfs_20260611T1800Z.json,8.864999999999995
3444,2026-06-15 16:00:00+00:00,2026-06-12 04:00:00+00:00,2026-06-15 16:51:00+00:00,4,90.235,82.0,gfs_20260611T1800Z.json,8.235
3445,2026-06-15 17:00:00+00:00,2026-06-12 04:00:00+00:00,2026-06-15 17:51:00+00:00,4,90.655,86.0,gfs_20260611T1800Z.json,4.655000000000001
3446,2026-06-15 18:00:00+00:00,2026-06-12 04:00:00+00:00,2026-06-15 18:51:00+00:00,4,87.81,87.0,gfs_20260611T1800Z.json,0.8100000000000023
3447,2026-06-15 19:00:00+00:00,2026-06-12 04:00:00+00:00,2026-06-15 19:51:00+00:00,4,84.58,87.0,gfs_20260611T1800Z.json,-2.4200000000000017
3448,2026-06-15 20:00:00+00:00,2026-06-12 04:00:00+00:00,2026-06-15 20:51:00+00:00,4,79.17,87.0,gfs_20260611T1800Z.json,-7.829999999999998
3449,2026-06-15 21:00:00+00:00,2026-06-12 04:00:00+00:00,2026-06-15 21:51:00+00:00,4,81.53,86.0,gfs_20260611T1800Z.json,-4.469999999999999
3450,2026-06-15 22:00:00+00:00,2026-06-12 04:00:00+00:00,2026-06-15 22:51:00+00:00,4,77.34,86.0,gfs_20260611T1800Z.json,-8.659999999999997
3451,2026-06-15 23:00:00+00:00,2026-06-12 04:00:00+00:00,2026-06-15 23:51:00+00:00,4,73.015,83.0,gfs_20260611T1800Z.json,-9.985
3452,2026-06-16 00:00:00+00:00,2026-06-12 04:00:00+00:00,2026-06-16 00:51:00+00:00,4,69.17,80.0,gfs_20260611T1800Z.json,-10.829999999999998
3453,2026-06-16 01:00:00+00:00,2026-06-12 04:00:00+00:00,2026-06-16 01:51:00+00:00,4,66.135,77.0,gfs_20260611T1800Z.json,-10.864999999999995
3454,2026-06-16 02:00:00+00:00,2026-06-12 04:00:00+00:00,2026-06-16 02:51:00+00:00,4,64.33999999999999,73.0,gfs_20260611T1800Z.json,-8.66000000000001
3455,2026-06-16 03:00:00+00:00,2026-06-12 04:00:00+00:00,2026-06-16 03:51:00+00:00,4,63.760000000000005,71.0,gfs_20260611T1800Z.json,-7.239999999999995
3456,2026-06-16 04:00:00+00:00,2026-06-12 04:00:00+00:00,2026-06-16 04:51:00+00:00,5,63.615,71.0,gfs_20260611T1800Z.json,-7.384999999999998
3457,2026-06-16 05:00:00+00:00,2026-06-12 04:00:00+00:00,2026-06-16 05:51:00+00:00,5,63.09,69.0,gfs_20260611T1800Z.json,-5.909999999999997
3458,2026-06-16 06:00:00+00:00,2026-06-12 04:00:00+00:00,2026-06-16 06:51:00+00:00,5,62.745000000000005,68.0,gfs_20260611T1800Z.json,-5.2549999999999955
3459,2026-06-16 07:00:00+00:00,2026-06-12 04:00:00+00:00,2026-06-16 07:51:00+00:00,5,62.785,68.0,gfs_20260611T1800Z.json,-5.215000000000003
3460,2026-06-16 08:00:00+00:00,2026-06-12 04:00:00+00:00,2026-06-16 08:51:00+00:00,5,62.8,67.0,gfs_20260611T1800Z.json,-4.200000000000003
3461,2026-06-16 09:00:00+00:00,2026-06-12 04:00:00+00:00,2026-06-16 09:51:00+00:00,5,62.97,67.0,gfs_20260611T1800Z.json,-4.030000000000001
3462,2026-06-16 10:00:00+00:00,2026-06-12 04:00:00+00:00,2026-06-16 10:51:00+00:00,5,63.17,67.0,gfs_20260611T1800Z.json,-3.8299999999999983
3463,2026-06-16 11:00:00+00:00,2026-06-12 04:00:00+00:00,2026-06-16 11:51:00+00:00,5,62.434999999999995,68.0,gfs_20260611T1800Z.json,-5.565000000000005
3464,2026-06-16 12:00:00+00:00,2026-06-12 04:00:00+00:00,2026-06-16 12:51:00+00:00,5,61.705,70.0,gfs_20260611T1800Z.json,-8.295000000000002
3465,2026-06-16 13:00:00+00:00,2026-06-12 04:00:00+00:00,2026-06-16 13:51:00+00:00,5,61.769999999999996,72.0,gfs_20260611T1800Z.json,-10.230000000000004
3466,2026-06-16 14:00:00+00:00,2026-06-12 04:00:00+00:00,2026-06-16 14:51:00+00:00,5,61.8,76.0,gfs_20260611T1800Z.json,-14.200000000000003
3467,2026-06-16 15:00:00+00:00,2026-06-12 04:00:00+00:00,2026-06-16 15:51:00+00:00,5,61.29,77.0,gfs_20260611T1800Z.json,-15.71
3468,2026-06-16 16:00:00+00:00,2026-06-12 04:00:00+00:00,2026-06-16 16:51:00+00:00,5,61.54,78.0,gfs_20260611T1800Z.json,-16.46
3469,2026-06-16 17:00:00+00:00,2026-06-12 04:00:00+00:00,2026-06-16 17:51:00+00:00,5,61.769999999999996,81.0,gfs_20260611T1800Z.json,-19.230000000000004
3470,2026-06-16 18:00:00+00:00,2026-06-12 04:00:00+00:00,2026-06-16 18:51:00+00:00,5,62.480000000000004,80.0,gfs_20260611T1800Z.json,-17.519999999999996
3471,2026-06-16 19:00:00+00:00,2026-06-12 04:00:00+00:00,2026-06-16 19:51:00+00:00,5,63.62,84.0,gfs_20260611T1800Z.json,-20.380000000000003
3472,2026-06-16 20:00:00+00:00,2026-06-12 04:00:00+00:00,2026-06-16 20:51:00+00:00,5,64.64999999999999,84.0,gfs_20260611T1800Z.json,-19.35000000000001
3473,2026-06-16 21:00:00+00:00,2026-06-12 04:00:00+00:00,2026-06-16 21:51:00+00:00,5,65.31,83.0,gfs_20260611T1800Z.json,-17.689999999999998
3474,2026-06-16 22:00:00+00:00,2026-06-12 04:00:00+00:00,2026-06-16 22:51:00+00:00,5,65.74,82.0,gfs_20260611T1800Z.json,-16.260000000000005
3475,2026-06-16 23:00:00+00:00,2026-06-12 04:00:00+00:00,2026-06-16 23:51:00+00:00,5,65.715,80.0,gfs_20260611T1800Z.json,-14.284999999999997
3476,2026-06-17 00:00:00+00:00,2026-06-12 04:00:00+00:00,2026-06-17 00:51:00+00:00,5,65.105,78.0,gfs_20260611T1800Z.json,-12.894999999999996
3477,2026-06-17 01:00:00+00:00,2026-06-12 04:00:00+00:00,2026-06-17 01:51:00+00:00,5,63.98,78.0,gfs_20260611T1800Z.json,-14.020000000000003
3478,2026-06-17 02:00:00+00:00,2026-06-12 04:00:00+00:00,2026-06-17 02:51:00+00:00,5,62.949999999999996,76.0,gfs_20260611T1800Z.json,-13.050000000000004
3479,2026-06-17 03:00:00+00:00,2026-06-12 04:00:00+00:00,2026-06-17 03:51:00+00:00,5,62.375,74.0,gfs_20260611T1800Z.json,-11.625
3480,2026-06-17 04:00:00+00:00,2026-06-12 04:00:00+00:00,2026-06-17 04:51:00+00:00,6,61.96,73.0,gfs_20260611T1800Z.json,-11.04
3481,2026-06-17 05:00:00+00:00,2026-06-12 04:00:00+00:00,2026-06-17 05:51:00+00:00,6,61.645,71.0,gfs_20260611T1800Z.json,-9.354999999999997
3482,2026-06-17 06:00:00+00:00,2026-06-12 04:00:00+00:00,2026-06-17 06:51:00+00:00,6,60.919999999999995,70.0,gfs_20260611T1800Z.json,-9.080000000000005
3483,2026-06-17 07:00:00+00:00,2026-06-12 04:00:00+00:00,2026-06-17 07:51:00+00:00,6,60.205,70.0,gfs_20260611T1800Z.json,-9.795000000000002
3484,2026-06-17 08:00:00+00:00,2026-06-12 04:00:00+00:00,2026-06-17 08:51:00+00:00,6,60.1,69.0,gfs_20260611T1800Z.json,-8.899999999999999
3485,2026-06-17 09:00:00+00:00,2026-06-12 04:00:00+00:00,2026-06-17 09:51:00+00:00,6,61.205,68.0,gfs_20260611T1800Z.json,-6.795000000000002
3486,2026-06-17 10:00:00+00:00,2026-06-12 04:00:00+00:00,2026-06-17 10:51:00+00:00,6,63.185,69.0,gfs_20260611T1800Z.json,-5.814999999999998
3487,2026-06-17 11:00:00+00:00,2026-06-12 04:00:00+00:00,2026-06-17 11:51:00+00:00,6,65.88,72.0,gfs_20260611T1800Z.json,-6.1200000000000045
3488,2026-06-17 12:00:00+00:00,2026-06-12 04:00:00+00:00,2026-06-17 12:51:00+00:00,6,69.615,76.0,gfs_20260611T1800Z.json,-6.385000000000005
3489,2026-06-17 13:00:00+00:00,2026-06-12 04:00:00+00:00,2026-06-17 13:51:00+00:00,6,74.11,79.0,gfs_20260611T1800Z.json,-4.890000000000001
3490,2026-06-17 14:00:00+00:00,2026-06-12 04:00:00+00:00,2026-06-17 14:51:00+00:00,6,78.115,84.0,gfs_20260611T1800Z.json,-5.885000000000005
3491,2026-06-17 15:00:00+00:00,2026-06-12 04:00:00+00:00,2026-06-17 15:51:00+00:00,6,80.995,86.0,gfs_20260611T1800Z.json,-5.0049999999999955
3492,2026-06-17 16:00:00+00:00,2026-06-12 04:00:00+00:00,2026-06-17 16:51:00+00:00,6,83.10000000000001,90.0,gfs_20260611T1800Z.json,-6.8999999999999915
3493,2026-06-17 17:00:00+00:00,2026-06-12 04:00:00+00:00,2026-06-17 17:51:00+00:00,6,84.76,92.0,gfs_20260611T1800Z.json,-7.239999999999995
3494,2026-06-17 18:00:00+00:00,2026-06-12 04:00:00+00:00,2026-06-17 18:51:00+00:00,6,86.275,93.0,gfs_20260611T1800Z.json,-6.724999999999994
3495,2026-06-17 19:00:00+00:00,2026-06-12 04:00:00+00:00,2026-06-17 19:51:00+00:00,6,87.35,93.0,gfs_20260611T1800Z.json,-5.650000000000006
3496,2026-06-17 20:00:00+00:00,2026-06-12 04:00:00+00:00,2026-06-17 20:51:00+00:00,6,87.5,94.0,gfs_20260611T1800Z.json,-6.5
3497,2026-06-17 21:00:00+00:00,2026-06-12 04:00:00+00:00,2026-06-17 21:51:00+00:00,6,85.97,93.0,gfs_20260611T1800Z.json,-7.030000000000001
3498,2026-06-17 22:00:00+00:00,2026-06-12 04:00:00+00:00,2026-06-17 22:51:00+00:00,6,83.235,92.0,gfs_20260611T1800Z.json,-8.765
3499,2026-06-17 23:00:00+00:00,2026-06-12 04:00:00+00:00,2026-06-17 23:51:00+00:00,6,80.505,88.0,gfs_20260611T1800Z.json,-7.4950000000000045
3500,2026-06-18 00:00:00+00:00,2026-06-12 04:00:00+00:00,2026-06-18 00:51:00+00:00,6,78.39999999999999,85.0,gfs_20260611T1800Z.json,-6.6000000000000085
3501,2026-06-18 01:00:00+00:00,2026-06-12 04:00:00+00:00,2026-06-18 01:51:00+00:00,6,76.655,83.0,gfs_20260611T1800Z.json,-6.344999999999999
3502,2026-06-18 02:00:00+00:00,2026-06-12 04:00:00+00:00,2026-06-18 02:51:00+00:00,6,75.465,81.0,gfs_20260611T1800Z.json,-5.534999999999997
3503,2026-06-18 03:00:00+00:00,2026-06-12 04:00:00+00:00,2026-06-18 03:51:00+00:00,6,75.045,80.0,gfs_20260611T1800Z.json,-4.954999999999998
3504,2026-06-18 04:00:00+00:00,2026-06-12 04:00:00+00:00,2026-06-18 04:51:00+00:00,7,75.34,79.0,gfs_20260611T1800Z.json,-3.6599999999999966
3505,2026-06-18 05:00:00+00:00,2026-06-12 04:00:00+00:00,2026-06-18 05:51:00+00:00,7,75.74,77.0,gfs_20260611T1800Z.json,-1.2600000000000051
3506,2026-06-18 06:00:00+00:00,2026-06-12 04:00:00+00:00,2026-06-18 06:51:00+00:00,7,75.885,77.0,gfs_20260611T1800Z.json,-1.1149999999999949
3507,2026-06-18 07:00:00+00:00,2026-06-12 04:00:00+00:00,2026-06-18 07:51:00+00:00,7,76.07,77.0,gfs_20260611T1800Z.json,-0.9300000000000068
3508,2026-06-18 08:00:00+00:00,2026-06-12 04:00:00+00:00,2026-06-18 08:51:00+00:00,7,76.27,76.0,gfs_20260611T1800Z.json,0.269999999999996
3509,2026-06-18 09:00:00+00:00,2026-06-12 04:00:00+00:00,2026-06-18 09:51:00+00:00,7,76.55499999999999,76.0,gfs_20260611T1800Z.json,0.5549999999999926
3510,2026-06-18 10:00:00+00:00,2026-06-12 04:00:00+00:00,2026-06-18 10:51:00+00:00,7,77.02499999999999,76.0,gfs_20260611T1800Z.json,1.0249999999999915
3511,2026-06-18 11:00:00+00:00,2026-06-12 04:00:00+00:00,2026-06-18 11:51:00+00:00,7,77.94999999999999,78.0,gfs_20260611T1800Z.json,-0.05000000000001137
3512,2026-06-18 12:00:00+00:00,2026-06-12 04:00:00+00:00,2026-06-18 12:51:00+00:00,7,79.97,81.0,gfs_20260611T1800Z.json,-1.0300000000000011
3513,2026-06-18 13:00:00+00:00,2026-06-12 04:00:00+00:00,2026-06-18 13:51:00+00:00,7,82.67999999999999,84.0,gfs_20260611T1800Z.json,-1.3200000000000074
3514,2026-06-18 14:00:00+00:00,2026-06-12 04:00:00+00:00,2026-06-18 14:51:00+00:00,7,85.31,88.0,gfs_20260611T1800Z.json,-2.6899999999999977
3515,2026-06-18 15:00:00+00:00,2026-06-12 04:00:00+00:00,2026-06-18 15:51:00+00:00,7,87.315,90.0,gfs_20260611T1800Z.json,-2.6850000000000023
3516,2026-06-18 16:00:00+00:00,2026-06-12 04:00:00+00:00,2026-06-18 16:51:00+00:00,7,88.96000000000001,93.0,gfs_20260611T1800Z.json,-4.039999999999992
3517,2026-06-18 17:00:00+00:00,2026-06-12 04:00:00+00:00,2026-06-18 17:51:00+00:00,7,90.64500000000001,97.0,gfs_20260611T1800Z.json,-6.35499999999999
3518,2026-06-18 18:00:00+00:00,2026-06-12 04:00:00+00:00,2026-06-18 18:51:00+00:00,7,93.11,95.0,gfs_20260611T1800Z.json,-1.8900000000000006
3519,2026-06-18 19:00:00+00:00,2026-06-12 04:00:00+00:00,2026-06-18 19:51:00+00:00,7,95.88,81.0,gfs_20260611T1800Z.json,14.879999999999995
3520,2026-06-18 20:00:00+00:00,2026-06-12 04:00:00+00:00,2026-06-18 20:51:00+00:00,7,96.895,82.0,gfs_20260611T1800Z.json,14.894999999999996
3521,2026-06-18 21:00:00+00:00,2026-06-12 04:00:00+00:00,2026-06-18 21:51:00+00:00,7,94.79,87.0,gfs_20260611T1800Z.json,7.790000000000006
3522,2026-06-18 22:00:00+00:00,2026-06-12 04:00:00+00:00,2026-06-18 22:51:00+00:00,7,90.575,87.0,gfs_20260611T1800Z.json,3.575000000000003
3523,2026-06-18 23:00:00+00:00,2026-06-12 04:00:00+00:00,2026-06-18 23:51:00+00:00,7,86.33,86.0,gfs_20260611T1800Z.json,0.3299999999999983
3524,2026-06-19 00:00:00+00:00,2026-06-12 04:00:00+00:00,2026-06-19 00:51:00+00:00,7,82.89500000000001,85.0,gfs_20260611T1800Z.json,-2.1049999999999898
3525,2026-06-19 01:00:00+00:00,2026-06-12 04:00:00+00:00,2026-06-19 01:51:00+00:00,7,79.935,76.0,gfs_20260611T1800Z.json,3.9350000000000023
3526,2026-06-19 02:00:00+00:00,2026-06-12 04:00:00+00:00,2026-06-19 02:51:00+00:00,7,77.46,74.0,gfs_20260611T1800Z.json,3.4599999999999937
3527,2026-06-19 03:00:00+00:00,2026-06-12 04:00:00+00:00,2026-06-19 03:51:00+00:00,7,75.655,74.0,gfs_20260611T1800Z.json,1.6550000000000011
3528,2026-06-19 04:00:00+00:00,2026-06-12 04:00:00+00:00,2026-06-19 04:51:00+00:00,8,74.465,74.0,gfs_20260611T1800Z.json,0.4650000000000034
3529,2026-06-19 05:00:00+00:00,2026-06-12 04:00:00+00:00,2026-06-19 05:51:00+00:00,8,73.62,74.0,gfs_20260611T1800Z.json,-0.37999999999999545
3530,2026-06-19 06:00:00+00:00,2026-06-12 04:00:00+00:00,2026-06-19 06:51:00+00:00,8,72.65,74.0,gfs_20260611T1800Z.json,-1.3499999999999943
3531,2026-06-19 07:00:00+00:00,2026-06-12 04:00:00+00:00,2026-06-19 07:51:00+00:00,8,71.82000000000001,73.0,gfs_20260611T1800Z.json,-1.1799999999999926
3532,2026-06-19 08:00:00+00:00,2026-06-12 04:00:00+00:00,2026-06-19 08:51:00+00:00,8,71.785,72.0,gfs_20260611T1800Z.json,-0.2150000000000034
3533,2026-06-19 09:00:00+00:00,2026-06-12 04:00:00+00:00,2026-06-19 09:51:00+00:00,8,73.075,71.0,gfs_20260611T1800Z.json,2.075000000000003
3534,2026-06-19 10:00:00+00:00,2026-06-12 04:00:00+00:00,2026-06-19 10:51:00+00:00,8,75.255,71.0,gfs_20260611T1800Z.json,4.2549999999999955
3535,2026-06-19 11:00:00+00:00,2026-06-12 04:00:00+00:00,2026-06-19 11:51:00+00:00,8,78.235,71.0,gfs_20260611T1800Z.json,7.234999999999999
3536,2026-06-19 12:00:00+00:00,2026-06-12 04:00:00+00:00,2026-06-19 12:51:00+00:00,8,82.10000000000001,72.0,gfs_20260611T1800Z.json,10.100000000000009
3537,2026-06-19 13:00:00+00:00,2026-06-12 04:00:00+00:00,2026-06-19 13:51:00+00:00,8,86.69500000000001,73.0,gfs_20260611T1800Z.json,13.695000000000007
3538,2026-06-19 14:00:00+00:00,2026-06-12 04:00:00+00:00,2026-06-19 14:51:00+00:00,8,90.885,75.0,gfs_20260611T1800Z.json,15.885000000000005
3539,2026-06-19 15:00:00+00:00,2026-06-12 04:00:00+00:00,2026-06-19 15:51:00+00:00,8,94.475,78.0,gfs_20260611T1800Z.json,16.474999999999994
3540,2026-06-19 16:00:00+00:00,2026-06-12 04:00:00+00:00,2026-06-19 16:51:00+00:00,8,97.38,82.0,gfs_20260611T1800Z.json,15.379999999999995
3541,2026-06-19 17:00:00+00:00,2026-06-12 04:00:00+00:00,2026-06-19 17:51:00+00:00,8,98.395,84.0,gfs_20260611T1800Z.json,14.394999999999996
3542,2026-06-19 18:00:00+00:00,2026-06-12 04:00:00+00:00,2026-06-19 18:51:00+00:00,8,95.44000000000001,86.0,gfs_20260611T1800Z.json,9.440000000000012
3543,2026-06-19 19:00:00+00:00,2026-06-12 04:00:00+00:00,2026-06-19 19:51:00+00:00,8,89.97,87.0,gfs_20260611T1800Z.json,2.969999999999999
3544,2026-06-19 20:00:00+00:00,2026-06-12 04:00:00+00:00,2026-06-19 20:51:00+00:00,8,85.86999999999999,87.0,gfs_20260611T1800Z.json,-1.1300000000000097
3545,2026-06-19 21:00:00+00:00,2026-06-12 04:00:00+00:00,2026-06-19 21:51:00+00:00,8,86.065,84.0,gfs_20260611T1800Z.json,2.0649999999999977
3546,2026-06-19 22:00:00+00:00,2026-06-12 04:00:00+00:00,2026-06-19 22:51:00+00:00,8,88.58,86.0,gfs_20260611T1800Z.json,2.5799999999999983
3547,2026-06-19 23:00:00+00:00,2026-06-12 04:00:00+00:00,2026-06-19 23:51:00+00:00,8,89.85,84.0,gfs_20260611T1800Z.json,5.849999999999994
3548,2026-06-20 00:00:00+00:00,2026-06-12 04:00:00+00:00,2026-06-20 00:51:00+00:00,8,87.36500000000001,81.0,gfs_20260611T1800Z.json,6.365000000000009
3549,2026-06-20 01:00:00+00:00,2026-06-12 04:00:00+00:00,2026-06-20 01:51:00+00:00,8,82.735,79.0,gfs_20260611T1800Z.json,3.7349999999999994
3550,2026-06-20 02:00:00+00:00,2026-06-12 04:00:00+00:00,2026-06-20 02:51:00+00:00,8,78.6,75.0,gfs_20260611T1800Z.json,3.5999999999999943
3551,2026-06-20 03:00:00+00:00,2026-06-12 04:00:00+00:00,2026-06-20 03:51:00+00:00,8,76.215,73.0,gfs_20260611T1800Z.json,3.2150000000000034
3552,2026-06-20 04:00:00+00:00,2026-06-12 04:00:00+00:00,2026-06-20 04:51:00+00:00,9,74.965,71.0,gfs_20260611T1800Z.json,3.9650000000000034
3553,2026-06-20 05:00:00+00:00,2026-06-12 04:00:00+00:00,2026-06-20 05:51:00+00:00,9,74.12,69.0,gfs_20260611T1800Z.json,5.1200000000000045
3554,2026-06-20 06:00:00+00:00,2026-06-12 04:00:00+00:00,2026-06-20 06:51:00+00:00,9,73.405,69.0,gfs_20260611T1800Z.json,4.405000000000001
3555,2026-06-20 07:00:00+00:00,2026-06-12 04:00:00+00:00,2026-06-20 07:51:00+00:00,9,73.045,65.0,gfs_20260611T1800Z.json,8.045000000000002
3556,2026-06-20 08:00:00+00:00,2026-06-12 04:00:00+00:00,2026-06-20 08:51:00+00:00,9,73.425,63.0,gfs_20260611T1800Z.json,10.424999999999997
3557,2026-06-20 09:00:00+00:00,2026-06-12 04:00:00+00:00,2026-06-20 09:51:00+00:00,9,74.69,60.0,gfs_20260611T1800Z.json,14.689999999999998
3558,2026-06-20 10:00:00+00:00,2026-06-12 04:00:00+00:00,2026-06-20 10:51:00+00:00,9,76.77,62.0,gfs_20260611T1800Z.json,14.769999999999996
3559,2026-06-20 11:00:00+00:00,2026-06-12 04:00:00+00:00,2026-06-20 11:51:00+00:00,9,79.395,68.0,gfs_20260611T1800Z.json,11.394999999999996
3560,2026-06-20 12:00:00+00:00,2026-06-12 04:00:00+00:00,2026-06-20 12:51:00+00:00,9,82.69,76.0,gfs_20260611T1800Z.json,6.689999999999998
3561,2026-06-20 13:00:00+00:00,2026-06-12 04:00:00+00:00,2026-06-20 13:51:00+00:00,9,86.515,80.0,gfs_20260611T1800Z.json,6.515000000000001
3562,2026-06-20 14:00:00+00:00,2026-06-12 04:00:00+00:00,2026-06-20 14:51:00+00:00,9,90.07499999999999,80.0,gfs_20260611T1800Z.json,10.074999999999989
3563,2026-06-20 15:00:00+00:00,2026-06-12 04:00:00+00:00,2026-06-20 15:51:00+00:00,9,93.32,83.0,gfs_20260611T1800Z.json,10.319999999999993
3564,2026-06-20 16:00:00+00:00,2026-06-12 04:00:00+00:00,2026-06-20 16:51:00+00:00,9,96.095,84.0,gfs_20260611T1800Z.json,12.094999999999999
3565,2026-06-20 17:00:00+00:00,2026-06-12 04:00:00+00:00,2026-06-20 17:51:00+00:00,9,97.095,87.0,gfs_20260611T1800Z.json,10.094999999999999
3566,2026-06-20 18:00:00+00:00,2026-06-12 04:00:00+00:00,2026-06-20 18:51:00+00:00,9,94.905,87.0,gfs_20260611T1800Z.json,7.905000000000001
3567,2026-06-20 19:00:00+00:00,2026-06-12 04:00:00+00:00,2026-06-20 19:51:00+00:00,9,90.42,87.0,gfs_20260611T1800Z.json,3.4200000000000017
3568,2026-06-20 20:00:00+00:00,2026-06-12 04:00:00+00:00,2026-06-20 20:51:00+00:00,9,85.875,88.0,gfs_20260611T1800Z.json,-2.125
3569,2026-06-20 21:00:00+00:00,2026-06-12 04:00:00+00:00,2026-06-20 21:51:00+00:00,9,82.055,88.0,gfs_20260611T1800Z.json,-5.944999999999993
3570,2026-06-20 22:00:00+00:00,2026-06-12 04:00:00+00:00,2026-06-20 22:51:00+00:00,9,78.61,87.0,gfs_20260611T1800Z.json,-8.39
3571,2026-06-20 23:00:00+00:00,2026-06-12 04:00:00+00:00,2026-06-20 23:51:00+00:00,9,75.975,84.0,gfs_20260611T1800Z.json,-8.025000000000006
3572,2026-06-21 00:00:00+00:00,2026-06-12 04:00:00+00:00,2026-06-21 00:51:00+00:00,9,74.66499999999999,81.0,gfs_20260611T1800Z.json,-6.335000000000008
3573,2026-06-21 01:00:00+00:00,2026-06-12 04:00:00+00:00,2026-06-21 01:51:00+00:00,9,74.415,78.0,gfs_20260611T1800Z.json,-3.5849999999999937
3574,2026-06-21 02:00:00+00:00,2026-06-12 04:00:00+00:00,2026-06-21 02:51:00+00:00,9,74.23,75.0,gfs_20260611T1800Z.json,-0.769999999999996
3575,2026-06-21 03:00:00+00:00,2026-06-12 04:00:00+00:00,2026-06-21 03:51:00+00:00,9,73.69,75.0,gfs_20260611T1800Z.json,-1.3100000000000023
3576,2026-06-21 04:00:00+00:00,2026-06-12 04:00:00+00:00,2026-06-21 04:51:00+00:00,10,73.175,73.0,gfs_20260611T1800Z.json,0.17499999999999716
3577,2026-06-21 05:00:00+00:00,2026-06-12 04:00:00+00:00,2026-06-21 05:51:00+00:00,10,72.675,72.0,gfs_20260611T1800Z.json,0.6749999999999972
3578,2026-06-21 06:00:00+00:00,2026-06-12 04:00:00+00:00,2026-06-21 06:51:00+00:00,10,71.92,70.0,gfs_20260611T1800Z.json,1.9200000000000017
3579,2026-06-21 07:00:00+00:00,2026-06-12 04:00:00+00:00,2026-06-21 07:51:00+00:00,10,71.205,70.0,gfs_20260611T1800Z.json,1.2049999999999983
3580,2026-06-21 08:00:00+00:00,2026-06-12 04:00:00+00:00,2026-06-21 08:51:00+00:00,10,71.1,68.0,gfs_20260611T1800Z.json,3.0999999999999943
3581,2026-06-21 09:00:00+00:00,2026-06-12 04:00:00+00:00,2026-06-21 09:51:00+00:00,10,71.94999999999999,67.0,gfs_20260611T1800Z.json,4.949999999999989
3582,2026-06-21 10:00:00+00:00,2026-06-12 04:00:00+00:00,2026-06-21 10:51:00+00:00,10,73.545,68.0,gfs_20260611T1800Z.json,5.545000000000002
3583,2026-06-21 11:00:00+00:00,2026-06-12 04:00:00+00:00,2026-06-21 11:51:00+00:00,10,75.925,72.0,gfs_20260611T1800Z.json,3.924999999999997
3584,2026-06-21 12:00:00+00:00,2026-06-12 04:00:00+00:00,2026-06-21 12:51:00+00:00,10,79.78500000000001,77.0,gfs_20260611T1800Z.json,2.785000000000011
3585,2026-06-21 13:00:00+00:00,2026-06-12 04:00:00+00:00,2026-06-21 13:51:00+00:00,10,84.48,82.0,gfs_20260611T1800Z.json,2.480000000000004
3586,2026-06-21 14:00:00+00:00,2026-06-12 04:00:00+00:00,2026-06-21 14:51:00+00:00,10,88.08999999999999,85.0,gfs_20260611T1800Z.json,3.089999999999989
3587,2026-06-21 15:00:00+00:00,2026-06-12 04:00:00+00:00,2026-06-21 15:51:00+00:00,10,89.195,89.0,gfs_20260611T1800Z.json,0.19499999999999318
3588,2026-06-21 16:00:00+00:00,2026-06-12 04:00:00+00:00,2026-06-21 16:51:00+00:00,10,88.62,89.0,gfs_20260611T1800Z.json,-0.37999999999999545
3589,2026-06-21 17:00:00+00:00,2026-06-12 04:00:00+00:00,2026-06-21 17:51:00+00:00,10,88.075,93.0,gfs_20260611T1800Z.json,-4.924999999999997
3590,2026-06-21 18:00:00+00:00,2026-06-12 04:00:00+00:00,2026-06-21 18:51:00+00:00,10,88.935,91.0,gfs_20260611T1800Z.json,-2.0649999999999977
3591,2026-06-21 19:00:00+00:00,2026-06-12 04:00:00+00:00,2026-06-21 19:51:00+00:00,10,90.11999999999999,95.0,gfs_20260611T1800Z.json,-4.88000000000001
3592,2026-06-21 20:00:00+00:00,2026-06-12 04:00:00+00:00,2026-06-21 20:51:00+00:00,10,89.875,94.0,gfs_20260611T1800Z.json,-4.125
3593,2026-06-21 21:00:00+00:00,2026-06-12 04:00:00+00:00,2026-06-21 21:51:00+00:00,10,86.655,93.0,gfs_20260611T1800Z.json,-6.344999999999999
3594,2026-06-21 22:00:00+00:00,2026-06-12 04:00:00+00:00,2026-06-21 22:51:00+00:00,10,81.34,92.0,gfs_20260611T1800Z.json,-10.659999999999997
3595,2026-06-21 23:00:00+00:00,2026-06-12 04:00:00+00:00,2026-06-21 23:51:00+00:00,10,76.335,90.0,gfs_20260611T1800Z.json,-13.665000000000006
3596,2026-06-22 00:00:00+00:00,2026-06-12 04:00:00+00:00,2026-06-22 00:51:00+00:00,10,72.54,87.0,gfs_20260611T1800Z.json,-14.459999999999994
3597,2026-06-22 01:00:00+00:00,2026-06-12 04:00:00+00:00,2026-06-22 01:51:00+00:00,10,69.45,83.0,gfs_20260611T1800Z.json,-13.549999999999997
3598,2026-06-22 02:00:00+00:00,2026-06-12 04:00:00+00:00,2026-06-22 02:51:00+00:00,10,67.3,81.0,gfs_20260611T1800Z.json,-13.700000000000003
3599,2026-06-22 03:00:00+00:00,2026-06-12 04:00:00+00:00,2026-06-22 03:51:00+00:00,10,66.575,81.0,gfs_20260611T1800Z.json,-14.424999999999997
3600,2026-06-22 04:00:00+00:00,2026-06-12 04:00:00+00:00,2026-06-22 04:51:00+00:00,11,66.925,80.0,gfs_20260611T1800Z.json,-13.075000000000003
3601,2026-06-22 05:00:00+00:00,2026-06-12 04:00:00+00:00,2026-06-22 05:51:00+00:00,11,67.255,78.0,gfs_20260611T1800Z.json,-10.745000000000005
3602,2026-06-22 06:00:00+00:00,2026-06-12 04:00:00+00:00,2026-06-22 06:51:00+00:00,11,67.045,77.0,gfs_20260611T1800Z.json,-9.954999999999998
3603,2026-06-22 07:00:00+00:00,2026-06-12 04:00:00+00:00,2026-06-22 07:51:00+00:00,11,66.575,76.0,gfs_20260611T1800Z.json,-9.424999999999997
3604,2026-06-22 08:00:00+00:00,2026-06-12 04:00:00+00:00,2026-06-22 08:51:00+00:00,11,66.415,75.0,gfs_20260611T1800Z.json,-8.584999999999994
3605,2026-06-22 09:00:00+00:00,2026-06-12 04:00:00+00:00,2026-06-22 09:51:00+00:00,11,66.825,75.0,gfs_20260611T1800Z.json,-8.174999999999997
3606,2026-06-22 10:00:00+00:00,2026-06-12 04:00:00+00:00,2026-06-22 10:51:00+00:00,11,67.49499999999999,75.0,gfs_20260611T1800Z.json,-7.50500000000001
3607,2026-06-22 11:00:00+00:00,2026-06-12 04:00:00+00:00,2026-06-22 11:51:00+00:00,11,68.61999999999999,78.0,gfs_20260611T1800Z.json,-9.38000000000001
3608,2026-06-22 12:00:00+00:00,2026-06-12 04:00:00+00:00,2026-06-22 12:51:00+00:00,11,69.99,81.0,gfs_20260611T1800Z.json,-11.010000000000005
3609,2026-06-22 13:00:00+00:00,2026-06-12 04:00:00+00:00,2026-06-22 13:51:00+00:00,11,71.73,85.0,gfs_20260611T1800Z.json,-13.269999999999996
3610,2026-06-22 14:00:00+00:00,2026-06-12 04:00:00+00:00,2026-06-22 14:51:00+00:00,11,73.87,89.0,gfs_20260611T1800Z.json,-15.129999999999995
3611,2026-06-22 15:00:00+00:00,2026-06-12 04:00:00+00:00,2026-06-22 15:51:00+00:00,11,76.41,90.0,gfs_20260611T1800Z.json,-13.590000000000003
3612,2026-06-22 16:00:00+00:00,2026-06-12 04:00:00+00:00,2026-06-22 16:51:00+00:00,11,79.35,91.0,gfs_20260611T1800Z.json,-11.650000000000006
3613,2026-06-22 17:00:00+00:00,2026-06-12 04:00:00+00:00,2026-06-22 17:51:00+00:00,11,82.095,92.0,gfs_20260611T1800Z.json,-9.905000000000001
3614,2026-06-22 18:00:00+00:00,2026-06-12 04:00:00+00:00,2026-06-22 18:51:00+00:00,11,84.625,92.0,gfs_20260611T1800Z.json,-7.375
3615,2026-06-22 19:00:00+00:00,2026-06-12 04:00:00+00:00,2026-06-22 19:51:00+00:00,11,86.785,93.0,gfs_20260611T1800Z.json,-6.215000000000003
3616,2026-06-22 20:00:00+00:00,2026-06-12 04:00:00+00:00,2026-06-22 20:51:00+00:00,11,87.78,97.0,gfs_20260611T1800Z.json,-9.219999999999999
3617,2026-06-22 21:00:00+00:00,2026-06-12 04:00:00+00:00,2026-06-22 21:51:00+00:00,11,86.455,96.0,gfs_20260611T1800Z.json,-9.545000000000002
3618,2026-06-22 22:00:00+00:00,2026-06-12 04:00:00+00:00,2026-06-22 22:51:00+00:00,11,83.48,93.0,gfs_20260611T1800Z.json,-9.519999999999996
3619,2026-06-22 23:00:00+00:00,2026-06-12 04:00:00+00:00,2026-06-22 23:51:00+00:00,11,80.535,91.0,gfs_20260611T1800Z.json,-10.465000000000003
3620,2026-06-23 00:00:00+00:00,2026-06-12 04:00:00+00:00,2026-06-23 00:51:00+00:00,11,78.39999999999999,80.0,gfs_20260611T1800Z.json,-1.6000000000000085
3621,2026-06-23 01:00:00+00:00,2026-06-12 04:00:00+00:00,2026-06-23 01:51:00+00:00,11,76.57,76.0,gfs_20260611T1800Z.json,0.5699999999999932
3622,2026-06-23 02:00:00+00:00,2026-06-12 04:00:00+00:00,2026-06-23 02:51:00+00:00,11,75.11,77.0,gfs_20260611T1800Z.json,-1.8900000000000006
3623,2026-06-23 03:00:00+00:00,2026-06-12 04:00:00+00:00,2026-06-23 03:51:00+00:00,11,73.965,77.0,gfs_20260611T1800Z.json,-3.0349999999999966
3624,2026-06-23 04:00:00+00:00,2026-06-12 04:00:00+00:00,2026-06-23 04:51:00+00:00,12,73.205,75.0,gfs_20260611T1800Z.json,-1.7950000000000017
3625,2026-06-23 05:00:00+00:00,2026-06-12 04:00:00+00:00,2026-06-23 05:51:00+00:00,12,72.50500000000001,74.0,gfs_20260611T1800Z.json,-1.4949999999999903
3626,2026-06-23 06:00:00+00:00,2026-06-12 04:00:00+00:00,2026-06-23 06:51:00+00:00,12,71.55000000000001,74.0,gfs_20260611T1800Z.json,-2.4499999999999886
3627,2026-06-23 07:00:00+00:00,2026-06-12 04:00:00+00:00,2026-06-23 07:51:00+00:00,12,70.635,74.0,gfs_20260611T1800Z.json,-3.364999999999995
3628,2026-06-23 08:00:00+00:00,2026-06-12 04:00:00+00:00,2026-06-23 08:51:00+00:00,12,70.415,76.0,gfs_20260611T1800Z.json,-5.584999999999994
3629,2026-06-23 09:00:00+00:00,2026-06-12 04:00:00+00:00,2026-06-23 09:51:00+00:00,12,71.25,77.0,gfs_20260611T1800Z.json,-5.75
3630,2026-06-23 10:00:00+00:00,2026-06-12 04:00:00+00:00,2026-06-23 10:51:00+00:00,12,72.845,76.0,gfs_20260611T1800Z.json,-3.155000000000001
3631,2026-06-23 11:00:00+00:00,2026-06-12 04:00:00+00:00,2026-06-23 11:51:00+00:00,12,75.225,78.0,gfs_20260611T1800Z.json,-2.7750000000000057
3632,2026-06-23 12:00:00+00:00,2026-06-12 04:00:00+00:00,2026-06-23 12:51:00+00:00,12,78.66,82.0,gfs_20260611T1800Z.json,-3.3400000000000034
3633,2026-06-23 13:00:00+00:00,2026-06-12 04:00:00+00:00,2026-06-23 13:51:00+00:00,12,82.94,82.0,gfs_20260611T1800Z.json,0.9399999999999977
3634,2026-06-23 14:00:00+00:00,2026-06-12 04:00:00+00:00,2026-06-23 14:51:00+00:00,12,86.74499999999999,84.0,gfs_20260611T1800Z.json,2.7449999999999903
3635,2026-06-23 15:00:00+00:00,2026-06-12 04:00:00+00:00,2026-06-23 15:51:00+00:00,12,89.595,74.0,gfs_20260611T1800Z.json,15.594999999999999
3636,2026-06-23 16:00:00+00:00,2026-06-12 04:00:00+00:00,2026-06-23 16:51:00+00:00,12,91.87,80.0,gfs_20260611T1800Z.json,11.870000000000005
3637,2026-06-23 17:00:00+00:00,2026-06-12 04:00:00+00:00,2026-06-23 17:51:00+00:00,12,93.56,73.0,gfs_20260611T1800Z.json,20.560000000000002
3638,2026-06-23 18:00:00+00:00,2026-06-12 04:00:00+00:00,2026-06-23 18:51:00+00:00,12,94.905,75.0,gfs_20260611T1800Z.json,19.905
3639,2026-06-23 19:00:00+00:00,2026-06-12 04:00:00+00:00,2026-06-23 19:51:00+00:00,12,95.78,79.0,gfs_20260611T1800Z.json,16.78
3640,2026-06-23 20:00:00+00:00,2026-06-12 04:00:00+00:00,2026-06-23 20:51:00+00:00,12,95.645,80.0,gfs_20260611T1800Z.json,15.644999999999996
3641,2026-06-23 21:00:00+00:00,2026-06-12 04:00:00+00:00,2026-06-23 21:51:00+00:00,12,93.815,82.0,gfs_20260611T1800Z.json,11.814999999999998
3642,2026-06-23 22:00:00+00:00,2026-06-12 04:00:00+00:00,2026-06-23 22:51:00+00:00,12,90.78,81.0,gfs_20260611T1800Z.json,9.780000000000001
3643,2026-06-23 23:00:00+00:00,2026-06-12 04:00:00+00:00,2026-06-23 23:51:00+00:00,12,87.495,72.0,gfs_20260611T1800Z.json,15.495000000000005
3644,2026-06-24 00:00:00+00:00,2026-06-12 04:00:00+00:00,2026-06-24 00:51:00+00:00,12,83.94000000000001,71.0,gfs_20260611T1800Z.json,12.940000000000012
3645,2026-06-24 01:00:00+00:00,2026-06-12 04:00:00+00:00,2026-06-24 01:51:00+00:00,12,80.17,70.0,gfs_20260611T1800Z.json,10.170000000000002
3646,2026-06-24 02:00:00+00:00,2026-06-12 04:00:00+00:00,2026-06-24 02:51:00+00:00,12,77.135,69.0,gfs_20260611T1800Z.json,8.135000000000005
3647,2026-06-24 03:00:00+00:00,2026-06-12 04:00:00+00:00,2026-06-24 03:51:00+00:00,12,75.425,68.0,gfs_20260611T1800Z.json,7.424999999999997
3648,2026-06-24 04:00:00+00:00,2026-06-12 04:00:00+00:00,2026-06-24 04:51:00+00:00,13,74.69,69.0,gfs_20260611T1800Z.json,5.689999999999998
3649,2026-06-24 05:00:00+00:00,2026-06-12 04:00:00+00:00,2026-06-24 05:51:00+00:00,13,74.26,67.0,gfs_20260611T1800Z.json,7.260000000000005
3650,2026-06-24 06:00:00+00:00,2026-06-12 04:00:00+00:00,2026-06-24 06:51:00+00:00,13,73.86,67.0,gfs_20260611T1800Z.json,6.859999999999999
3651,2026-06-24 07:00:00+00:00,2026-06-12 04:00:00+00:00,2026-06-24 07:51:00+00:00,13,73.63,66.0,gfs_20260611T1800Z.json,7.6299999999999955
3652,2026-06-24 08:00:00+00:00,2026-06-12 04:00:00+00:00,2026-06-24 08:51:00+00:00,13,73.6,65.0,gfs_20260611T1800Z.json,8.599999999999994
3653,2026-06-24 09:00:00+00:00,2026-06-12 04:00:00+00:00,2026-06-24 09:51:00+00:00,13,73.6,64.0,gfs_20260611T1800Z.json,9.599999999999994
3654,2026-06-24 10:00:00+00:00,2026-06-12 04:00:00+00:00,2026-06-24 10:51:00+00:00,13,73.6,64.0,gfs_20260611T1800Z.json,9.599999999999994
3655,2026-06-24 11:00:00+00:00,2026-06-12 04:00:00+00:00,2026-06-24 11:51:00+00:00,13,74.28,67.0,gfs_20260611T1800Z.json,7.280000000000001
3656,2026-06-24 12:00:00+00:00,2026-06-12 04:00:00+00:00,2026-06-24 12:51:00+00:00,13,75.845,71.0,gfs_20260611T1800Z.json,4.844999999999999
3657,2026-06-24 13:00:00+00:00,2026-06-12 04:00:00+00:00,2026-06-24 13:51:00+00:00,13,78.225,75.0,gfs_20260611T1800Z.json,3.2249999999999943
3658,2026-06-24 14:00:00+00:00,2026-06-12 04:00:00+00:00,2026-06-24 14:51:00+00:00,13,80.81,77.0,gfs_20260611T1800Z.json,3.8100000000000023
3659,2026-06-24 15:00:00+00:00,2026-06-12 04:00:00+00:00,2026-06-24 15:51:00+00:00,13,83.75,78.0,gfs_20260611T1800Z.json,5.75
3660,2026-06-24 16:00:00+00:00,2026-06-12 04:00:00+00:00,2026-06-24 16:51:00+00:00,13,86.75,80.0,gfs_20260611T1800Z.json,6.75
3661,2026-06-24 17:00:00+00:00,2026-06-12 04:00:00+00:00,2026-06-24 17:51:00+00:00,13,88.64500000000001,80.0,gfs_20260611T1800Z.json,8.64500000000001
3662,2026-06-24 18:00:00+00:00,2026-06-12 04:00:00+00:00,2026-06-24 18:51:00+00:00,13,88.47500000000001,83.0,gfs_20260611T1800Z.json,5.4750000000000085
3663,2026-06-24 19:00:00+00:00,2026-06-12 04:00:00+00:00,2026-06-24 19:51:00+00:00,13,86.86999999999999,82.0,gfs_20260611T1800Z.json,4.86999999999999
3664,2026-06-24 20:00:00+00:00,2026-06-12 04:00:00+00:00,2026-06-24 20:51:00+00:00,13,84.89999999999999,82.0,gfs_20260611T1800Z.json,2.8999999999999915
3665,2026-06-24 21:00:00+00:00,2026-06-12 04:00:00+00:00,2026-06-24 21:51:00+00:00,13,83.155,82.0,gfs_20260611T1800Z.json,1.1550000000000011
3666,2026-06-24 22:00:00+00:00,2026-06-12 04:00:00+00:00,2026-06-24 22:51:00+00:00,13,81.36999999999999,83.0,gfs_20260611T1800Z.json,-1.6300000000000097
3667,2026-06-24 23:00:00+00:00,2026-06-12 04:00:00+00:00,2026-06-24 23:51:00+00:00,13,79.315,81.0,gfs_20260611T1800Z.json,-1.6850000000000023
3668,2026-06-25 00:00:00+00:00,2026-06-12 04:00:00+00:00,2026-06-25 00:51:00+00:00,13,76.79,77.0,gfs_20260611T1800Z.json,-0.20999999999999375
3669,2026-06-25 01:00:00+00:00,2026-06-12 04:00:00+00:00,2026-06-25 01:51:00+00:00,13,73.935,74.0,gfs_20260611T1800Z.json,-0.06499999999999773
3670,2026-06-25 02:00:00+00:00,2026-06-12 04:00:00+00:00,2026-06-25 02:51:00+00:00,13,71.29,72.0,gfs_20260611T1800Z.json,-0.7099999999999937
3671,2026-06-25 03:00:00+00:00,2026-06-12 04:00:00+00:00,2026-06-25 03:51:00+00:00,13,69.285,71.0,gfs_20260611T1800Z.json,-1.7150000000000034
3672,2026-06-25 04:00:00+00:00,2026-06-12 04:00:00+00:00,2026-06-25 04:51:00+00:00,14,67.725,70.0,gfs_20260611T1800Z.json,-2.2750000000000057
3673,2026-06-25 05:00:00+00:00,2026-06-12 04:00:00+00:00,2026-06-25 05:51:00+00:00,14,66.31,70.0,gfs_20260611T1800Z.json,-3.6899999999999977
3674,2026-06-25 06:00:00+00:00,2026-06-12 04:00:00+00:00,2026-06-25 06:51:00+00:00,14,64.57,69.0,gfs_20260611T1800Z.json,-4.430000000000007
3675,2026-06-25 07:00:00+00:00,2026-06-12 04:00:00+00:00,2026-06-25 07:51:00+00:00,14,62.940000000000005,68.0,gfs_20260611T1800Z.json,-5.059999999999995
3676,2026-06-25 08:00:00+00:00,2026-06-12 04:00:00+00:00,2026-06-25 08:51:00+00:00,14,62.190000000000005,68.0,gfs_20260611T1800Z.json,-5.809999999999995
3677,2026-06-25 09:00:00+00:00,2026-06-12 04:00:00+00:00,2026-06-25 09:51:00+00:00,14,63.035000000000004,68.0,gfs_20260611T1800Z.json,-4.964999999999996
3678,2026-06-25 10:00:00+00:00,2026-06-12 04:00:00+00:00,2026-06-25 10:51:00+00:00,14,65.07000000000001,67.0,gfs_20260611T1800Z.json,-1.9299999999999926
3679,2026-06-25 11:00:00+00:00,2026-06-12 04:00:00+00:00,2026-06-25 11:51:00+00:00,14,67.78,72.0,gfs_20260611T1800Z.json,-4.219999999999999
3680,2026-06-25 12:00:00+00:00,2026-06-12 04:00:00+00:00,2026-06-25 12:51:00+00:00,14,71.515,76.0,gfs_20260611T1800Z.json,-4.484999999999999
3681,2026-06-25 13:00:00+00:00,2026-06-12 04:00:00+00:00,2026-06-25 13:51:00+00:00,14,75.925,79.0,gfs_20260611T1800Z.json,-3.075000000000003
3682,2026-06-25 14:00:00+00:00,2026-06-12 04:00:00+00:00,2026-06-25 14:51:00+00:00,14,79.91499999999999,81.0,gfs_20260611T1800Z.json,-1.085000000000008
3683,2026-06-25 15:00:00+00:00,2026-06-12 04:00:00+00:00,2026-06-25 15:51:00+00:00,14,82.795,81.0,gfs_20260611T1800Z.json,1.7950000000000017
3684,2026-06-25 16:00:00+00:00,2026-06-12 04:00:00+00:00,2026-06-25 16:51:00+00:00,14,84.9,84.0,gfs_20260611T1800Z.json,0.9000000000000057
3685,2026-06-25 17:00:00+00:00,2026-06-12 04:00:00+00:00,2026-06-25 17:51:00+00:00,14,86.56,85.0,gfs_20260611T1800Z.json,1.5600000000000023
3686,2026-06-25 18:00:00+00:00,2026-06-12 04:00:00+00:00,2026-06-25 18:51:00+00:00,14,87.905,87.0,gfs_20260611T1800Z.json,0.9050000000000011
3687,2026-06-25 19:00:00+00:00,2026-06-12 04:00:00+00:00,2026-06-25 19:51:00+00:00,14,88.695,85.0,gfs_20260611T1800Z.json,3.694999999999993
3688,2026-06-25 20:00:00+00:00,2026-06-12 04:00:00+00:00,2026-06-25 20:51:00+00:00,14,88.46000000000001,86.0,gfs_20260611T1800Z.json,2.460000000000008
3689,2026-06-25 21:00:00+00:00,2026-06-12 04:00:00+00:00,2026-06-25 21:51:00+00:00,14,86.36,88.0,gfs_20260611T1800Z.json,-1.6400000000000006
3690,2026-06-25 22:00:00+00:00,2026-06-12 04:00:00+00:00,2026-06-25 22:51:00+00:00,14,82.94000000000001,85.0,gfs_20260611T1800Z.json,-2.059999999999988
3691,2026-06-25 23:00:00+00:00,2026-06-12 04:00:00+00:00,2026-06-25 23:51:00+00:00,14,79.68,83.0,gfs_20260611T1800Z.json,-3.319999999999993
3692,2026-06-26 00:00:00+00:00,2026-06-12 04:00:00+00:00,2026-06-26 00:51:00+00:00,14,77.245,82.0,gfs_20260611T1800Z.json,-4.7549999999999955
3693,2026-06-26 01:00:00+00:00,2026-06-12 04:00:00+00:00,2026-06-26 01:51:00+00:00,14,75.115,80.0,gfs_20260611T1800Z.json,-4.885000000000005
3694,2026-06-26 02:00:00+00:00,2026-06-12 04:00:00+00:00,2026-06-26 02:51:00+00:00,14,73.35499999999999,76.0,gfs_20260611T1800Z.json,-2.6450000000000102
3695,2026-06-26 03:00:00+00:00,2026-06-12 04:00:00+00:00,2026-06-26 03:51:00+00:00,14,71.91,75.0,gfs_20260611T1800Z.json,-3.0900000000000034
3696,2026-06-19 04:00:00+00:00,2026-06-19 04:00:00+00:00,2026-06-19 04:51:00+00:00,1,75.205,74.0,gfs_20260618T1800Z.json,1.2049999999999983
3697,2026-06-19 05:00:00+00:00,2026-06-19 04:00:00+00:00,2026-06-19 05:51:00+00:00,1,73.23,74.0,gfs_20260618T1800Z.json,-0.769999999999996
3698,2026-06-19 06:00:00+00:00,2026-06-19 04:00:00+00:00,2026-06-19 06:51:00+00:00,1,70.775,74.0,gfs_20260618T1800Z.json,-3.2249999999999943
3699,2026-06-19 07:00:00+00:00,2026-06-19 04:00:00+00:00,2026-06-19 07:51:00+00:00,1,69.295,73.0,gfs_20260618T1800Z.json,-3.7049999999999983
3700,2026-06-19 08:00:00+00:00,2026-06-19 04:00:00+00:00,2026-06-19 08:51:00+00:00,1,69.1,72.0,gfs_20260618T1800Z.json,-2.9000000000000057
3701,2026-06-19 09:00:00+00:00,2026-06-19 04:00:00+00:00,2026-06-19 09:51:00+00:00,1,69.015,71.0,gfs_20260618T1800Z.json,-1.9849999999999994
3702,2026-06-19 10:00:00+00:00,2026-06-19 04:00:00+00:00,2026-06-19 10:51:00+00:00,1,69.255,71.0,gfs_20260618T1800Z.json,-1.7450000000000045
3703,2026-06-19 11:00:00+00:00,2026-06-19 04:00:00+00:00,2026-06-19 11:51:00+00:00,1,69.81,71.0,gfs_20260618T1800Z.json,-1.1899999999999977
3704,2026-06-19 12:00:00+00:00,2026-06-19 04:00:00+00:00,2026-06-19 12:51:00+00:00,1,70.92,72.0,gfs_20260618T1800Z.json,-1.0799999999999983
3705,2026-06-19 13:00:00+00:00,2026-06-19 04:00:00+00:00,2026-06-19 13:51:00+00:00,1,72.035,73.0,gfs_20260618T1800Z.json,-0.9650000000000034
3706,2026-06-19 14:00:00+00:00,2026-06-19 04:00:00+00:00,2026-06-19 14:51:00+00:00,1,74.07000000000001,75.0,gfs_20260618T1800Z.json,-0.9299999999999926
3707,2026-06-19 15:00:00+00:00,2026-06-19 04:00:00+00:00,2026-06-19 15:51:00+00:00,1,76.355,78.0,gfs_20260618T1800Z.json,-1.644999999999996
3708,2026-06-19 16:00:00+00:00,2026-06-19 04:00:00+00:00,2026-06-19 16:51:00+00:00,1,79.75999999999999,82.0,gfs_20260618T1800Z.json,-2.240000000000009
3709,2026-06-19 17:00:00+00:00,2026-06-19 04:00:00+00:00,2026-06-19 17:51:00+00:00,1,86.25,84.0,gfs_20260618T1800Z.json,2.25
3710,2026-06-19 18:00:00+00:00,2026-06-19 04:00:00+00:00,2026-06-19 18:51:00+00:00,1,90.36,86.0,gfs_20260618T1800Z.json,4.359999999999999
3711,2026-06-19 19:00:00+00:00,2026-06-19 04:00:00+00:00,2026-06-19 19:51:00+00:00,1,91.83500000000001,87.0,gfs_20260618T1800Z.json,4.835000000000008
3712,2026-06-19 20:00:00+00:00,2026-06-19 04:00:00+00:00,2026-06-19 20:51:00+00:00,1,91.83,87.0,gfs_20260618T1800Z.json,4.829999999999998
3713,2026-06-19 21:00:00+00:00,2026-06-19 04:00:00+00:00,2026-06-19 21:51:00+00:00,1,91.63,84.0,gfs_20260618T1800Z.json,7.6299999999999955
3714,2026-06-19 22:00:00+00:00,2026-06-19 04:00:00+00:00,2026-06-19 22:51:00+00:00,1,88.54,86.0,gfs_20260618T1800Z.json,2.5400000000000063
3715,2026-06-19 23:00:00+00:00,2026-06-19 04:00:00+00:00,2026-06-19 23:51:00+00:00,1,83.155,84.0,gfs_20260618T1800Z.json,-0.8449999999999989
3716,2026-06-20 00:00:00+00:00,2026-06-19 04:00:00+00:00,2026-06-20 00:51:00+00:00,1,79.83500000000001,81.0,gfs_20260618T1800Z.json,-1.164999999999992
3717,2026-06-20 01:00:00+00:00,2026-06-19 04:00:00+00:00,2026-06-20 01:51:00+00:00,1,75.575,79.0,gfs_20260618T1800Z.json,-3.424999999999997
3718,2026-06-20 02:00:00+00:00,2026-06-19 04:00:00+00:00,2026-06-20 02:51:00+00:00,1,72.945,75.0,gfs_20260618T1800Z.json,-2.055000000000007
3719,2026-06-20 03:00:00+00:00,2026-06-19 04:00:00+00:00,2026-06-20 03:51:00+00:00,1,71.155,73.0,gfs_20260618T1800Z.json,-1.8449999999999989
3720,2026-06-20 04:00:00+00:00,2026-06-19 04:00:00+00:00,2026-06-20 04:51:00+00:00,2,68.945,71.0,gfs_20260618T1800Z.json,-2.055000000000007
3721,2026-06-20 05:00:00+00:00,2026-06-19 04:00:00+00:00,2026-06-20 05:51:00+00:00,2,67.49499999999999,69.0,gfs_20260618T1800Z.json,-1.5050000000000097
3722,2026-06-20 06:00:00+00:00,2026-06-19 04:00:00+00:00,2026-06-20 06:51:00+00:00,2,66.11,69.0,gfs_20260618T1800Z.json,-2.8900000000000006
3723,2026-06-20 07:00:00+00:00,2026-06-19 04:00:00+00:00,2026-06-20 07:51:00+00:00,2,64.2,65.0,gfs_20260618T1800Z.json,-0.7999999999999972
3724,2026-06-20 08:00:00+00:00,2026-06-19 04:00:00+00:00,2026-06-20 08:51:00+00:00,2,62.964999999999996,63.0,gfs_20260618T1800Z.json,-0.035000000000003695
3725,2026-06-20 09:00:00+00:00,2026-06-19 04:00:00+00:00,2026-06-20 09:51:00+00:00,2,62.205,60.0,gfs_20260618T1800Z.json,2.2049999999999983
3726,2026-06-20 10:00:00+00:00,2026-06-19 04:00:00+00:00,2026-06-20 10:51:00+00:00,2,63.205,62.0,gfs_20260618T1800Z.json,1.2049999999999983
3727,2026-06-20 11:00:00+00:00,2026-06-19 04:00:00+00:00,2026-06-20 11:51:00+00:00,2,67.055,68.0,gfs_20260618T1800Z.json,-0.9449999999999932
3728,2026-06-20 12:00:00+00:00,2026-06-19 04:00:00+00:00,2026-06-20 12:51:00+00:00,2,71.525,76.0,gfs_20260618T1800Z.json,-4.474999999999994
3729,2026-06-20 13:00:00+00:00,2026-06-19 04:00:00+00:00,2026-06-20 13:51:00+00:00,2,75.25999999999999,80.0,gfs_20260618T1800Z.json,-4.740000000000009
3730,2026-06-20 14:00:00+00:00,2026-06-19 04:00:00+00:00,2026-06-20 14:51:00+00:00,2,78.095,80.0,gfs_20260618T1800Z.json,-1.9050000000000011
3731,2026-06-20 15:00:00+00:00,2026-06-19 04:00:00+00:00,2026-06-20 15:51:00+00:00,2,80.795,83.0,gfs_20260618T1800Z.json,-2.2049999999999983
3732,2026-06-20 16:00:00+00:00,2026-06-19 04:00:00+00:00,2026-06-20 16:51:00+00:00,2,81.96499999999999,84.0,gfs_20260618T1800Z.json,-2.035000000000011
3733,2026-06-20 17:00:00+00:00,2026-06-19 04:00:00+00:00,2026-06-20 17:51:00+00:00,2,82.865,87.0,gfs_20260618T1800Z.json,-4.135000000000005
3734,2026-06-20 18:00:00+00:00,2026-06-19 04:00:00+00:00,2026-06-20 18:51:00+00:00,2,84.53,87.0,gfs_20260618T1800Z.json,-2.469999999999999
3735,2026-06-20 19:00:00+00:00,2026-06-19 04:00:00+00:00,2026-06-20 19:51:00+00:00,2,85.14,87.0,gfs_20260618T1800Z.json,-1.8599999999999994
3736,2026-06-20 20:00:00+00:00,2026-06-19 04:00:00+00:00,2026-06-20 20:51:00+00:00,2,85.2,88.0,gfs_20260618T1800Z.json,-2.799999999999997
3737,2026-06-20 21:00:00+00:00,2026-06-19 04:00:00+00:00,2026-06-20 21:51:00+00:00,2,85.96499999999999,88.0,gfs_20260618T1800Z.json,-2.035000000000011
3738,2026-06-20 22:00:00+00:00,2026-06-19 04:00:00+00:00,2026-06-20 22:51:00+00:00,2,85.42,87.0,gfs_20260618T1800Z.json,-1.5799999999999983
3739,2026-06-20 23:00:00+00:00,2026-06-19 04:00:00+00:00,2026-06-20 23:51:00+00:00,2,79.52,84.0,gfs_20260618T1800Z.json,-4.480000000000004
3740,2026-06-21 00:00:00+00:00,2026-06-19 04:00:00+00:00,2026-06-21 00:51:00+00:00,2,75.1,81.0,gfs_20260618T1800Z.json,-5.900000000000006
3741,2026-06-21 01:00:00+00:00,2026-06-19 04:00:00+00:00,2026-06-21 01:51:00+00:00,2,72.97,78.0,gfs_20260618T1800Z.json,-5.030000000000001
3742,2026-06-21 02:00:00+00:00,2026-06-19 04:00:00+00:00,2026-06-21 02:51:00+00:00,2,71.85000000000001,75.0,gfs_20260618T1800Z.json,-3.1499999999999915
3743,2026-06-21 03:00:00+00:00,2026-06-19 04:00:00+00:00,2026-06-21 03:51:00+00:00,2,69.83,75.0,gfs_20260618T1800Z.json,-5.170000000000002
3744,2026-06-21 04:00:00+00:00,2026-06-19 04:00:00+00:00,2026-06-21 04:51:00+00:00,3,68.395,73.0,gfs_20260618T1800Z.json,-4.605000000000004
3745,2026-06-21 05:00:00+00:00,2026-06-19 04:00:00+00:00,2026-06-21 05:51:00+00:00,3,67.435,72.0,gfs_20260618T1800Z.json,-4.564999999999998
3746,2026-06-21 06:00:00+00:00,2026-06-19 04:00:00+00:00,2026-06-21 06:51:00+00:00,3,66.11,70.0,gfs_20260618T1800Z.json,-3.8900000000000006
3747,2026-06-21 07:00:00+00:00,2026-06-19 04:00:00+00:00,2026-06-21 07:51:00+00:00,3,64.965,70.0,gfs_20260618T1800Z.json,-5.034999999999997
3748,2026-06-21 08:00:00+00:00,2026-06-19 04:00:00+00:00,2026-06-21 08:51:00+00:00,3,64.205,68.0,gfs_20260618T1800Z.json,-3.7950000000000017
3749,2026-06-21 09:00:00+00:00,2026-06-19 04:00:00+00:00,2026-06-21 09:51:00+00:00,3,63.675,67.0,gfs_20260618T1800Z.json,-3.325000000000003
3750,2026-06-21 10:00:00+00:00,2026-06-19 04:00:00+00:00,2026-06-21 10:51:00+00:00,3,64.365,68.0,gfs_20260618T1800Z.json,-3.635000000000005
3751,2026-06-21 11:00:00+00:00,2026-06-19 04:00:00+00:00,2026-06-21 11:51:00+00:00,3,69.345,72.0,gfs_20260618T1800Z.json,-2.655000000000001
3752,2026-06-21 12:00:00+00:00,2026-06-19 04:00:00+00:00,2026-06-21 12:51:00+00:00,3,75.13,77.0,gfs_20260618T1800Z.json,-1.8700000000000045
3753,2026-06-21 13:00:00+00:00,2026-06-19 04:00:00+00:00,2026-06-21 13:51:00+00:00,3,79.315,82.0,gfs_20260618T1800Z.json,-2.6850000000000023
3754,2026-06-21 14:00:00+00:00,2026-06-19 04:00:00+00:00,2026-06-21 14:51:00+00:00,3,84.49,85.0,gfs_20260618T1800Z.json,-0.5100000000000051
3755,2026-06-21 15:00:00+00:00,2026-06-19 04:00:00+00:00,2026-06-21 15:51:00+00:00,3,86.575,89.0,gfs_20260618T1800Z.json,-2.424999999999997
3756,2026-06-21 16:00:00+00:00,2026-06-19 04:00:00+00:00,2026-06-21 16:51:00+00:00,3,88.58500000000001,89.0,gfs_20260618T1800Z.json,-0.41499999999999204
3757,2026-06-21 17:00:00+00:00,2026-06-19 04:00:00+00:00,2026-06-21 17:51:00+00:00,3,90.17500000000001,93.0,gfs_20260618T1800Z.json,-2.8249999999999886
3758,2026-06-21 18:00:00+00:00,2026-06-19 04:00:00+00:00,2026-06-21 18:51:00+00:00,3,90.825,91.0,gfs_20260618T1800Z.json,-0.17499999999999716
3759,2026-06-21 19:00:00+00:00,2026-06-19 04:00:00+00:00,2026-06-21 19:51:00+00:00,3,91.41,95.0,gfs_20260618T1800Z.json,-3.5900000000000034
3760,2026-06-21 20:00:00+00:00,2026-06-19 04:00:00+00:00,2026-06-21 20:51:00+00:00,3,91.585,94.0,gfs_20260618T1800Z.json,-2.4150000000000063
3761,2026-06-21 21:00:00+00:00,2026-06-19 04:00:00+00:00,2026-06-21 21:51:00+00:00,3,91.345,93.0,gfs_20260618T1800Z.json,-1.6550000000000011
3762,2026-06-21 22:00:00+00:00,2026-06-19 04:00:00+00:00,2026-06-21 22:51:00+00:00,3,89.77,92.0,gfs_20260618T1800Z.json,-2.230000000000004
3763,2026-06-21 23:00:00+00:00,2026-06-19 04:00:00+00:00,2026-06-21 23:51:00+00:00,3,85.08,90.0,gfs_20260618T1800Z.json,-4.920000000000002
3764,2026-06-22 00:00:00+00:00,2026-06-19 04:00:00+00:00,2026-06-22 00:51:00+00:00,3,80.89999999999999,87.0,gfs_20260618T1800Z.json,-6.1000000000000085
3765,2026-06-22 01:00:00+00:00,2026-06-19 04:00:00+00:00,2026-06-22 01:51:00+00:00,3,80.3,83.0,gfs_20260618T1800Z.json,-2.700000000000003
3766,2026-06-22 02:00:00+00:00,2026-06-19 04:00:00+00:00,2026-06-22 02:51:00+00:00,3,78.345,81.0,gfs_20260618T1800Z.json,-2.655000000000001
3767,2026-06-22 03:00:00+00:00,2026-06-19 04:00:00+00:00,2026-06-22 03:51:00+00:00,3,77.235,81.0,gfs_20260618T1800Z.json,-3.7650000000000006
3768,2026-06-22 04:00:00+00:00,2026-06-19 04:00:00+00:00,2026-06-22 04:51:00+00:00,4,76.16499999999999,80.0,gfs_20260618T1800Z.json,-3.835000000000008
3769,2026-06-22 05:00:00+00:00,2026-06-19 04:00:00+00:00,2026-06-22 05:51:00+00:00,4,75.235,78.0,gfs_20260618T1800Z.json,-2.7650000000000006
3770,2026-06-22 06:00:00+00:00,2026-06-19 04:00:00+00:00,2026-06-22 06:51:00+00:00,4,74.50500000000001,77.0,gfs_20260618T1800Z.json,-2.4949999999999903
3771,2026-06-22 07:00:00+00:00,2026-06-19 04:00:00+00:00,2026-06-22 07:51:00+00:00,4,73.72,76.0,gfs_20260618T1800Z.json,-2.280000000000001
3772,2026-06-22 08:00:00+00:00,2026-06-19 04:00:00+00:00,2026-06-22 08:51:00+00:00,4,73.00500000000001,75.0,gfs_20260618T1800Z.json,-1.9949999999999903
3773,2026-06-22 09:00:00+00:00,2026-06-19 04:00:00+00:00,2026-06-22 09:51:00+00:00,4,73.83500000000001,75.0,gfs_20260618T1800Z.json,-1.164999999999992
3774,2026-06-22 10:00:00+00:00,2026-06-19 04:00:00+00:00,2026-06-22 10:51:00+00:00,4,74.17,75.0,gfs_20260618T1800Z.json,-0.8299999999999983
3775,2026-06-22 11:00:00+00:00,2026-06-19 04:00:00+00:00,2026-06-22 11:51:00+00:00,4,75.73,78.0,gfs_20260618T1800Z.json,-2.269999999999996
3776,2026-06-22 12:00:00+00:00,2026-06-19 04:00:00+00:00,2026-06-22 12:51:00+00:00,4,78.125,81.0,gfs_20260618T1800Z.json,-2.875
3777,2026-06-22 13:00:00+00:00,2026-06-19 04:00:00+00:00,2026-06-22 13:51:00+00:00,4,82.155,85.0,gfs_20260618T1800Z.json,-2.844999999999999
3778,2026-06-22 14:00:00+00:00,2026-06-19 04:00:00+00:00,2026-06-22 14:51:00+00:00,4,86.03,89.0,gfs_20260618T1800Z.json,-2.969999999999999
3779,2026-06-22 15:00:00+00:00,2026-06-19 04:00:00+00:00,2026-06-22 15:51:00+00:00,4,89.235,90.0,gfs_20260618T1800Z.json,-0.7650000000000006
3780,2026-06-22 16:00:00+00:00,2026-06-19 04:00:00+00:00,2026-06-22 16:51:00+00:00,4,92.08,91.0,gfs_20260618T1800Z.json,1.0799999999999983
3781,2026-06-22 17:00:00+00:00,2026-06-19 04:00:00+00:00,2026-06-22 17:51:00+00:00,4,93.435,92.0,gfs_20260618T1800Z.json,1.4350000000000023
3782,2026-06-22 18:00:00+00:00,2026-06-19 04:00:00+00:00,2026-06-22 18:51:00+00:00,4,92.83500000000001,92.0,gfs_20260618T1800Z.json,0.835000000000008
3783,2026-06-22 19:00:00+00:00,2026-06-19 04:00:00+00:00,2026-06-22 19:51:00+00:00,4,89.21499999999999,93.0,gfs_20260618T1800Z.json,-3.785000000000011
3784,2026-06-22 20:00:00+00:00,2026-06-19 04:00:00+00:00,2026-06-22 20:51:00+00:00,4,90.725,97.0,gfs_20260618T1800Z.json,-6.275000000000006
3785,2026-06-22 21:00:00+00:00,2026-06-19 04:00:00+00:00,2026-06-22 21:51:00+00:00,4,90.675,96.0,gfs_20260618T1800Z.json,-5.325000000000003
3786,2026-06-22 22:00:00+00:00,2026-06-19 04:00:00+00:00,2026-06-22 22:51:00+00:00,4,81.675,93.0,gfs_20260618T1800Z.json,-11.325000000000003
3787,2026-06-22 23:00:00+00:00,2026-06-19 04:00:00+00:00,2026-06-22 23:51:00+00:00,4,76.02,91.0,gfs_20260618T1800Z.json,-14.980000000000004
3788,2026-06-23 00:00:00+00:00,2026-06-19 04:00:00+00:00,2026-06-23 00:51:00+00:00,4,71.89999999999999,80.0,gfs_20260618T1800Z.json,-8.100000000000009
3789,2026-06-23 01:00:00+00:00,2026-06-19 04:00:00+00:00,2026-06-23 01:51:00+00:00,4,72.065,76.0,gfs_20260618T1800Z.json,-3.9350000000000023
3790,2026-06-23 02:00:00+00:00,2026-06-19 04:00:00+00:00,2026-06-23 02:51:00+00:00,4,72.795,77.0,gfs_20260618T1800Z.json,-4.204999999999998
3791,2026-06-23 03:00:00+00:00,2026-06-19 04:00:00+00:00,2026-06-23 03:51:00+00:00,4,72.47500000000001,77.0,gfs_20260618T1800Z.json,-4.5249999999999915
3792,2026-06-23 04:00:00+00:00,2026-06-19 04:00:00+00:00,2026-06-23 04:51:00+00:00,5,71.465,75.0,gfs_20260618T1800Z.json,-3.5349999999999966
3793,2026-06-23 05:00:00+00:00,2026-06-19 04:00:00+00:00,2026-06-23 05:51:00+00:00,5,71.47,74.0,gfs_20260618T1800Z.json,-2.530000000000001
3794,2026-06-23 06:00:00+00:00,2026-06-19 04:00:00+00:00,2026-06-23 06:51:00+00:00,5,71.33,74.0,gfs_20260618T1800Z.json,-2.6700000000000017
3795,2026-06-23 07:00:00+00:00,2026-06-19 04:00:00+00:00,2026-06-23 07:51:00+00:00,5,71.13,74.0,gfs_20260618T1800Z.json,-2.8700000000000045
3796,2026-06-23 08:00:00+00:00,2026-06-19 04:00:00+00:00,2026-06-23 08:51:00+00:00,5,70.845,76.0,gfs_20260618T1800Z.json,-5.155000000000001
3797,2026-06-23 09:00:00+00:00,2026-06-19 04:00:00+00:00,2026-06-23 09:51:00+00:00,5,70.63,77.0,gfs_20260618T1800Z.json,-6.3700000000000045
3798,2026-06-23 10:00:00+00:00,2026-06-19 04:00:00+00:00,2026-06-23 10:51:00+00:00,5,71.535,76.0,gfs_20260618T1800Z.json,-4.465000000000003
3799,2026-06-23 11:00:00+00:00,2026-06-19 04:00:00+00:00,2026-06-23 11:51:00+00:00,5,72.89,78.0,gfs_20260618T1800Z.json,-5.109999999999999
3800,2026-06-23 12:00:00+00:00,2026-06-19 04:00:00+00:00,2026-06-23 12:51:00+00:00,5,74.28999999999999,82.0,gfs_20260618T1800Z.json,-7.710000000000008
3801,2026-06-23 13:00:00+00:00,2026-06-19 04:00:00+00:00,2026-06-23 13:51:00+00:00,5,75.94500000000001,82.0,gfs_20260618T1800Z.json,-6.054999999999993
3802,2026-06-23 14:00:00+00:00,2026-06-19 04:00:00+00:00,2026-06-23 14:51:00+00:00,5,77.39,84.0,gfs_20260618T1800Z.json,-6.609999999999999
3803,2026-06-23 15:00:00+00:00,2026-06-19 04:00:00+00:00,2026-06-23 15:51:00+00:00,5,76.83500000000001,74.0,gfs_20260618T1800Z.json,2.835000000000008
3804,2026-06-23 16:00:00+00:00,2026-06-19 04:00:00+00:00,2026-06-23 16:51:00+00:00,5,79.42,80.0,gfs_20260618T1800Z.json,-0.5799999999999983
3805,2026-06-23 17:00:00+00:00,2026-06-19 04:00:00+00:00,2026-06-23 17:51:00+00:00,5,83.895,73.0,gfs_20260618T1800Z.json,10.894999999999996
3806,2026-06-23 18:00:00+00:00,2026-06-19 04:00:00+00:00,2026-06-23 18:51:00+00:00,5,85.96000000000001,75.0,gfs_20260618T1800Z.json,10.960000000000008
3807,2026-06-23 19:00:00+00:00,2026-06-19 04:00:00+00:00,2026-06-23 19:51:00+00:00,5,87.135,79.0,gfs_20260618T1800Z.json,8.135000000000005
3808,2026-06-23 20:00:00+00:00,2026-06-19 04:00:00+00:00,2026-06-23 20:51:00+00:00,5,87.3,80.0,gfs_20260618T1800Z.json,7.299999999999997
3809,2026-06-23 21:00:00+00:00,2026-06-19 04:00:00+00:00,2026-06-23 21:51:00+00:00,5,85.85499999999999,82.0,gfs_20260618T1800Z.json,3.8549999999999898
3810,2026-06-23 22:00:00+00:00,2026-06-19 04:00:00+00:00,2026-06-23 22:51:00+00:00,5,83.305,81.0,gfs_20260618T1800Z.json,2.305000000000007
3811,2026-06-23 23:00:00+00:00,2026-06-19 04:00:00+00:00,2026-06-23 23:51:00+00:00,5,80.86,72.0,gfs_20260618T1800Z.json,8.86
3812,2026-06-24 00:00:00+00:00,2026-06-19 04:00:00+00:00,2026-06-24 00:51:00+00:00,5,79.14,71.0,gfs_20260618T1800Z.json,8.14
3813,2026-06-24 01:00:00+00:00,2026-06-19 04:00:00+00:00,2026-06-24 01:51:00+00:00,5,77.88000000000001,70.0,gfs_20260618T1800Z.json,7.88000000000001
3814,2026-06-24 02:00:00+00:00,2026-06-19 04:00:00+00:00,2026-06-24 02:51:00+00:00,5,76.51,69.0,gfs_20260618T1800Z.json,7.510000000000005
3815,2026-06-24 03:00:00+00:00,2026-06-19 04:00:00+00:00,2026-06-24 03:51:00+00:00,5,74.94,68.0,gfs_20260618T1800Z.json,6.939999999999998
3816,2026-06-24 04:00:00+00:00,2026-06-19 04:00:00+00:00,2026-06-24 04:51:00+00:00,6,73.33999999999999,69.0,gfs_20260618T1800Z.json,4.339999999999989
3817,2026-06-24 05:00:00+00:00,2026-06-19 04:00:00+00:00,2026-06-24 05:51:00+00:00,6,71.91,67.0,gfs_20260618T1800Z.json,4.909999999999997
3818,2026-06-24 06:00:00+00:00,2026-06-19 04:00:00+00:00,2026-06-24 06:51:00+00:00,6,70.68,67.0,gfs_20260618T1800Z.json,3.680000000000007
3819,2026-06-24 07:00:00+00:00,2026-06-19 04:00:00+00:00,2026-06-24 07:51:00+00:00,6,69.65,66.0,gfs_20260618T1800Z.json,3.6500000000000057
3820,2026-06-24 08:00:00+00:00,2026-06-19 04:00:00+00:00,2026-06-24 08:51:00+00:00,6,69.16,65.0,gfs_20260618T1800Z.json,4.159999999999997
3821,2026-06-24 09:00:00+00:00,2026-06-19 04:00:00+00:00,2026-06-24 09:51:00+00:00,6,69.185,64.0,gfs_20260618T1800Z.json,5.185000000000002
3822,2026-06-24 10:00:00+00:00,2026-06-19 04:00:00+00:00,2026-06-24 10:51:00+00:00,6,69.71,64.0,gfs_20260618T1800Z.json,5.709999999999994
3823,2026-06-24 11:00:00+00:00,2026-06-19 04:00:00+00:00,2026-06-24 11:51:00+00:00,6,71.245,67.0,gfs_20260618T1800Z.json,4.2450000000000045
3824,2026-06-24 12:00:00+00:00,2026-06-19 04:00:00+00:00,2026-06-24 12:51:00+00:00,6,74.30499999999999,71.0,gfs_20260618T1800Z.json,3.3049999999999926
3825,2026-06-24 13:00:00+00:00,2026-06-19 04:00:00+00:00,2026-06-24 13:51:00+00:00,6,78.54,75.0,gfs_20260618T1800Z.json,3.5400000000000063
3826,2026-06-24 14:00:00+00:00,2026-06-19 04:00:00+00:00,2026-06-24 14:51:00+00:00,6,82.60000000000001,77.0,gfs_20260618T1800Z.json,5.6000000000000085
3827,2026-06-24 15:00:00+00:00,2026-06-19 04:00:00+00:00,2026-06-24 15:51:00+00:00,6,86.175,78.0,gfs_20260618T1800Z.json,8.174999999999997
3828,2026-06-24 16:00:00+00:00,2026-06-19 04:00:00+00:00,2026-06-24 16:51:00+00:00,6,89.335,80.0,gfs_20260618T1800Z.json,9.334999999999994
3829,2026-06-24 17:00:00+00:00,2026-06-19 04:00:00+00:00,2026-06-24 17:51:00+00:00,6,91.075,80.0,gfs_20260618T1800Z.json,11.075000000000003
3830,2026-06-24 18:00:00+00:00,2026-06-19 04:00:00+00:00,2026-06-24 18:51:00+00:00,6,90.45,83.0,gfs_20260618T1800Z.json,7.450000000000003
3831,2026-06-24 19:00:00+00:00,2026-06-19 04:00:00+00:00,2026-06-24 19:51:00+00:00,6,88.005,82.0,gfs_20260618T1800Z.json,6.0049999999999955
3832,2026-06-24 20:00:00+00:00,2026-06-19 04:00:00+00:00,2026-06-24 20:51:00+00:00,6,85.39,82.0,gfs_20260618T1800Z.json,3.3900000000000006
3833,2026-06-24 21:00:00+00:00,2026-06-19 04:00:00+00:00,2026-06-24 21:51:00+00:00,6,83.045,82.0,gfs_20260618T1800Z.json,1.0450000000000017
3834,2026-06-24 22:00:00+00:00,2026-06-19 04:00:00+00:00,2026-06-24 22:51:00+00:00,6,80.745,83.0,gfs_20260618T1800Z.json,-2.2549999999999955
3835,2026-06-24 23:00:00+00:00,2026-06-19 04:00:00+00:00,2026-06-24 23:51:00+00:00,6,78.445,81.0,gfs_20260618T1800Z.json,-2.555000000000007
3836,2026-06-25 00:00:00+00:00,2026-06-19 04:00:00+00:00,2026-06-25 00:51:00+00:00,6,76.06,77.0,gfs_20260618T1800Z.json,-0.9399999999999977
3837,2026-06-25 01:00:00+00:00,2026-06-19 04:00:00+00:00,2026-06-25 01:51:00+00:00,6,73.575,74.0,gfs_20260618T1800Z.json,-0.42499999999999716
3838,2026-06-25 02:00:00+00:00,2026-06-19 04:00:00+00:00,2026-06-25 02:51:00+00:00,6,71.585,72.0,gfs_20260618T1800Z.json,-0.41500000000000625
3839,2026-06-25 03:00:00+00:00,2026-06-19 04:00:00+00:00,2026-06-25 03:51:00+00:00,6,70.53500000000001,71.0,gfs_20260618T1800Z.json,-0.4649999999999892
3840,2026-06-25 04:00:00+00:00,2026-06-19 04:00:00+00:00,2026-06-25 04:51:00+00:00,7,70.145,70.0,gfs_20260618T1800Z.json,0.14499999999999602
3841,2026-06-25 05:00:00+00:00,2026-06-19 04:00:00+00:00,2026-06-25 05:51:00+00:00,7,69.93,70.0,gfs_20260618T1800Z.json,-0.06999999999999318
3842,2026-06-25 06:00:00+00:00,2026-06-19 04:00:00+00:00,2026-06-25 06:51:00+00:00,7,69.47500000000001,69.0,gfs_20260618T1800Z.json,0.4750000000000085
3843,2026-06-25 07:00:00+00:00,2026-06-19 04:00:00+00:00,2026-06-25 07:51:00+00:00,7,69.06,68.0,gfs_20260618T1800Z.json,1.0600000000000023
3844,2026-06-25 08:00:00+00:00,2026-06-19 04:00:00+00:00,2026-06-25 08:51:00+00:00,7,69.0,68.0,gfs_20260618T1800Z.json,1.0
3845,2026-06-25 09:00:00+00:00,2026-06-19 04:00:00+00:00,2026-06-25 09:51:00+00:00,7,69.17,68.0,gfs_20260618T1800Z.json,1.1700000000000017
3846,2026-06-25 10:00:00+00:00,2026-06-19 04:00:00+00:00,2026-06-25 10:51:00+00:00,7,69.795,67.0,gfs_20260618T1800Z.json,2.7950000000000017
3847,2026-06-25 11:00:00+00:00,2026-06-19 04:00:00+00:00,2026-06-25 11:51:00+00:00,7,71.43,72.0,gfs_20260618T1800Z.json,-0.5699999999999932
3848,2026-06-25 12:00:00+00:00,2026-06-19 04:00:00+00:00,2026-06-25 12:51:00+00:00,7,74.75999999999999,76.0,gfs_20260618T1800Z.json,-1.240000000000009
3849,2026-06-25 13:00:00+00:00,2026-06-19 04:00:00+00:00,2026-06-25 13:51:00+00:00,7,79.38,79.0,gfs_20260618T1800Z.json,0.37999999999999545
3850,2026-06-25 14:00:00+00:00,2026-06-19 04:00:00+00:00,2026-06-25 14:51:00+00:00,7,83.75500000000001,81.0,gfs_20260618T1800Z.json,2.7550000000000097
3851,2026-06-25 15:00:00+00:00,2026-06-19 04:00:00+00:00,2026-06-25 15:51:00+00:00,7,87.375,81.0,gfs_20260618T1800Z.json,6.375
3852,2026-06-25 16:00:00+00:00,2026-06-19 04:00:00+00:00,2026-06-25 16:51:00+00:00,7,90.45,84.0,gfs_20260618T1800Z.json,6.450000000000003
3853,2026-06-25 17:00:00+00:00,2026-06-19 04:00:00+00:00,2026-06-25 17:51:00+00:00,7,92.43,85.0,gfs_20260618T1800Z.json,7.430000000000007
3854,2026-06-25 18:00:00+00:00,2026-06-19 04:00:00+00:00,2026-06-25 18:51:00+00:00,7,92.955,87.0,gfs_20260618T1800Z.json,5.954999999999998
3855,2026-06-25 19:00:00+00:00,2026-06-19 04:00:00+00:00,2026-06-25 19:51:00+00:00,7,92.32000000000001,85.0,gfs_20260618T1800Z.json,7.320000000000007
3856,2026-06-25 20:00:00+00:00,2026-06-19 04:00:00+00:00,2026-06-25 20:51:00+00:00,7,90.925,86.0,gfs_20260618T1800Z.json,4.924999999999997
3857,2026-06-25 21:00:00+00:00,2026-06-19 04:00:00+00:00,2026-06-25 21:51:00+00:00,7,89.085,88.0,gfs_20260618T1800Z.json,1.0849999999999937
3858,2026-06-25 22:00:00+00:00,2026-06-19 04:00:00+00:00,2026-06-25 22:51:00+00:00,7,86.59,85.0,gfs_20260618T1800Z.json,1.5900000000000034
3859,2026-06-25 23:00:00+00:00,2026-06-19 04:00:00+00:00,2026-06-25 23:51:00+00:00,7,83.82000000000001,83.0,gfs_20260618T1800Z.json,0.8200000000000074
3860,2026-06-26 00:00:00+00:00,2026-06-19 04:00:00+00:00,2026-06-26 00:51:00+00:00,7,80.42500000000001,82.0,gfs_20260618T1800Z.json,-1.5749999999999886
3861,2026-06-26 01:00:00+00:00,2026-06-19 04:00:00+00:00,2026-06-26 01:51:00+00:00,7,76.75500000000001,80.0,gfs_20260618T1800Z.json,-3.2449999999999903
3862,2026-06-26 02:00:00+00:00,2026-06-19 04:00:00+00:00,2026-06-26 02:51:00+00:00,7,73.905,76.0,gfs_20260618T1800Z.json,-2.094999999999999
3863,2026-06-26 03:00:00+00:00,2026-06-19 04:00:00+00:00,2026-06-26 03:51:00+00:00,7,72.65,75.0,gfs_20260618T1800Z.json,-2.3499999999999943
3864,2026-06-26 04:00:00+00:00,2026-06-19 04:00:00+00:00,2026-06-26 04:51:00+00:00,8,72.5,75.0,gfs_20260618T1800Z.json,-2.5
3865,2026-06-26 05:00:00+00:00,2026-06-19 04:00:00+00:00,2026-06-26 05:51:00+00:00,8,72.585,74.0,gfs_20260618T1800Z.json,-1.4150000000000063
3866,2026-06-26 06:00:00+00:00,2026-06-19 04:00:00+00:00,2026-06-26 06:51:00+00:00,8,72.00500000000001,73.0,gfs_20260618T1800Z.json,-0.9949999999999903
3867,2026-06-26 07:00:00+00:00,2026-06-19 04:00:00+00:00,2026-06-26 07:51:00+00:00,8,71.39,73.0,gfs_20260618T1800Z.json,-1.6099999999999994
3868,2026-06-26 08:00:00+00:00,2026-06-19 04:00:00+00:00,2026-06-26 08:51:00+00:00,8,71.3,72.0,gfs_20260618T1800Z.json,-0.7000000000000028
3869,2026-06-26 09:00:00+00:00,2026-06-19 04:00:00+00:00,2026-06-26 09:51:00+00:00,8,71.895,72.0,gfs_20260618T1800Z.json,-0.10500000000000398
3870,2026-06-26 10:00:00+00:00,2026-06-19 04:00:00+00:00,2026-06-26 10:51:00+00:00,8,73.19,73.0,gfs_20260618T1800Z.json,0.18999999999999773
3871,2026-06-26 11:00:00+00:00,2026-06-19 04:00:00+00:00,2026-06-26 11:51:00+00:00,8,75.44,75.0,gfs_20260618T1800Z.json,0.4399999999999977
3872,2026-06-26 12:00:00+00:00,2026-06-19 04:00:00+00:00,2026-06-26 12:51:00+00:00,8,79.28500000000001,77.0,gfs_20260618T1800Z.json,2.285000000000011
3873,2026-06-26 13:00:00+00:00,2026-06-19 04:00:00+00:00,2026-06-26 13:51:00+00:00,8,84.235,80.0,gfs_20260618T1800Z.json,4.234999999999999
3874,2026-06-26 14:00:00+00:00,2026-06-19 04:00:00+00:00,2026-06-26 14:51:00+00:00,8,88.825,84.0,gfs_20260618T1800Z.json,4.825000000000003
3875,2026-06-26 15:00:00+00:00,2026-06-19 04:00:00+00:00,2026-06-26 15:51:00+00:00,8,92.22,85.0,gfs_20260618T1800Z.json,7.219999999999999
3876,2026-06-26 16:00:00+00:00,2026-06-19 04:00:00+00:00,2026-06-26 16:51:00+00:00,8,94.825,82.0,gfs_20260618T1800Z.json,12.825000000000003
3877,2026-06-26 17:00:00+00:00,2026-06-19 04:00:00+00:00,2026-06-26 17:51:00+00:00,8,96.73,86.0,gfs_20260618T1800Z.json,10.730000000000004
3878,2026-06-26 18:00:00+00:00,2026-06-19 04:00:00+00:00,2026-06-26 18:51:00+00:00,8,98.44500000000001,86.0,gfs_20260618T1800Z.json,12.445000000000007
3879,2026-06-26 19:00:00+00:00,2026-06-19 04:00:00+00:00,2026-06-26 19:51:00+00:00,8,99.55,85.0,gfs_20260618T1800Z.json,14.549999999999997
3880,2026-06-26 20:00:00+00:00,2026-06-19 04:00:00+00:00,2026-06-26 20:51:00+00:00,8,98.085,86.0,gfs_20260618T1800Z.json,12.084999999999994
3881,2026-06-26 21:00:00+00:00,2026-06-19 04:00:00+00:00,2026-06-26 21:51:00+00:00,8,91.425,85.0,gfs_20260618T1800Z.json,6.424999999999997
3882,2026-06-26 22:00:00+00:00,2026-06-19 04:00:00+00:00,2026-06-26 22:51:00+00:00,8,81.46000000000001,84.0,gfs_20260618T1800Z.json,-2.539999999999992
3883,2026-06-26 23:00:00+00:00,2026-06-19 04:00:00+00:00,2026-06-26 23:51:00+00:00,8,73.525,81.0,gfs_20260618T1800Z.json,-7.474999999999994
3884,2026-06-27 00:00:00+00:00,2026-06-19 04:00:00+00:00,2026-06-27 00:51:00+00:00,8,70.86999999999999,77.0,gfs_20260618T1800Z.json,-6.13000000000001
3885,2026-06-27 01:00:00+00:00,2026-06-19 04:00:00+00:00,2026-06-27 01:51:00+00:00,8,71.535,77.0,gfs_20260618T1800Z.json,-5.465000000000003
3886,2026-06-27 02:00:00+00:00,2026-06-19 04:00:00+00:00,2026-06-27 02:51:00+00:00,8,72.46499999999999,77.0,gfs_20260618T1800Z.json,-4.535000000000011
3887,2026-06-27 03:00:00+00:00,2026-06-19 04:00:00+00:00,2026-06-27 03:51:00+00:00,8,72.175,77.0,gfs_20260618T1800Z.json,-4.825000000000003
3888,2026-06-27 04:00:00+00:00,2026-06-19 04:00:00+00:00,2026-06-27 04:51:00+00:00,9,71.50500000000001,76.0,gfs_20260618T1800Z.json,-4.49499999999999
3889,2026-06-27 05:00:00+00:00,2026-06-19 04:00:00+00:00,2026-06-27 05:51:00+00:00,9,70.89,74.0,gfs_20260618T1800Z.json,-3.1099999999999994
3890,2026-06-27 06:00:00+00:00,2026-06-19 04:00:00+00:00,2026-06-27 06:51:00+00:00,9,70.29,75.0,gfs_20260618T1800Z.json,-4.709999999999994
3891,2026-06-27 07:00:00+00:00,2026-06-19 04:00:00+00:00,2026-06-27 07:51:00+00:00,9,69.775,73.0,gfs_20260618T1800Z.json,-3.2249999999999943
3892,2026-06-27 08:00:00+00:00,2026-06-19 04:00:00+00:00,2026-06-27 08:51:00+00:00,9,69.87,74.0,gfs_20260618T1800Z.json,-4.1299999999999955
3893,2026-06-27 09:00:00+00:00,2026-06-19 04:00:00+00:00,2026-06-27 09:51:00+00:00,9,70.49499999999999,74.0,gfs_20260618T1800Z.json,-3.5050000000000097
3894,2026-06-27 10:00:00+00:00,2026-06-19 04:00:00+00:00,2026-06-27 10:51:00+00:00,9,71.61999999999999,75.0,gfs_20260618T1800Z.json,-3.3800000000000097
3895,2026-06-27 11:00:00+00:00,2026-06-19 04:00:00+00:00,2026-06-27 11:51:00+00:00,9,73.67,76.0,gfs_20260618T1800Z.json,-2.3299999999999983
3896,2026-06-27 12:00:00+00:00,2026-06-19 04:00:00+00:00,2026-06-27 12:51:00+00:00,9,77.145,79.0,gfs_20260618T1800Z.json,-1.855000000000004
3897,2026-06-27 13:00:00+00:00,2026-06-19 04:00:00+00:00,2026-06-27 13:51:00+00:00,9,81.61,81.0,gfs_20260618T1800Z.json,0.6099999999999994
3898,2026-06-27 14:00:00+00:00,2026-06-19 04:00:00+00:00,2026-06-27 14:51:00+00:00,9,85.78500000000001,87.0,gfs_20260618T1800Z.json,-1.2149999999999892
3899,2026-06-27 15:00:00+00:00,2026-06-19 04:00:00+00:00,2026-06-27 15:51:00+00:00,9,89.28999999999999,89.0,gfs_20260618T1800Z.json,0.28999999999999204
3900,2026-06-27 16:00:00+00:00,2026-06-19 04:00:00+00:00,2026-06-27 16:51:00+00:00,9,92.265,89.0,gfs_20260618T1800Z.json,3.2650000000000006
3901,2026-06-27 17:00:00+00:00,2026-06-19 04:00:00+00:00,2026-06-27 17:51:00+00:00,9,94.57000000000001,91.0,gfs_20260618T1800Z.json,3.5700000000000074
3902,2026-06-27 18:00:00+00:00,2026-06-19 04:00:00+00:00,2026-06-27 18:51:00+00:00,9,96.43,89.0,gfs_20260618T1800Z.json,7.430000000000007
3903,2026-06-27 19:00:00+00:00,2026-06-19 04:00:00+00:00,2026-06-27 19:51:00+00:00,9,97.55,80.0,gfs_20260618T1800Z.json,17.549999999999997
3904,2026-06-27 20:00:00+00:00,2026-06-19 04:00:00+00:00,2026-06-27 20:51:00+00:00,9,97.02000000000001,84.0,gfs_20260618T1800Z.json,13.02000000000001
3905,2026-06-27 21:00:00+00:00,2026-06-19 04:00:00+00:00,2026-06-27 21:51:00+00:00,9,93.33,89.0,gfs_20260618T1800Z.json,4.329999999999998
3906,2026-06-27 22:00:00+00:00,2026-06-19 04:00:00+00:00,2026-06-27 22:51:00+00:00,9,87.515,86.0,gfs_20260618T1800Z.json,1.5150000000000006
3907,2026-06-27 23:00:00+00:00,2026-06-19 04:00:00+00:00,2026-06-27 23:51:00+00:00,9,82.18,85.0,gfs_20260618T1800Z.json,-2.819999999999993
3908,2026-06-28 00:00:00+00:00,2026-06-19 04:00:00+00:00,2026-06-28 00:51:00+00:00,9,78.51,81.0,gfs_20260618T1800Z.json,-2.489999999999995
3909,2026-06-28 01:00:00+00:00,2026-06-19 04:00:00+00:00,2026-06-28 01:51:00+00:00,9,75.96,79.0,gfs_20260618T1800Z.json,-3.0400000000000063
3910,2026-06-28 02:00:00+00:00,2026-06-19 04:00:00+00:00,2026-06-28 02:51:00+00:00,9,74.07,79.0,gfs_20260618T1800Z.json,-4.930000000000007
3911,2026-06-28 03:00:00+00:00,2026-06-19 04:00:00+00:00,2026-06-28 03:51:00+00:00,9,73.03500000000001,76.0,gfs_20260618T1800Z.json,-2.964999999999989
3912,2026-06-28 04:00:00+00:00,2026-06-19 04:00:00+00:00,2026-06-28 04:51:00+00:00,10,72.73,76.0,gfs_20260618T1800Z.json,-3.269999999999996
3913,2026-06-28 05:00:00+00:00,2026-06-19 04:00:00+00:00,2026-06-28 05:51:00+00:00,10,72.44500000000001,75.0,gfs_20260618T1800Z.json,-2.5549999999999926
3914,2026-06-28 06:00:00+00:00,2026-06-19 04:00:00+00:00,2026-06-28 06:51:00+00:00,10,71.635,75.0,gfs_20260618T1800Z.json,-3.364999999999995
3915,2026-06-28 07:00:00+00:00,2026-06-19 04:00:00+00:00,2026-06-28 07:51:00+00:00,10,70.65,74.0,gfs_20260618T1800Z.json,-3.3499999999999943
3916,2026-06-28 08:00:00+00:00,2026-06-19 04:00:00+00:00,2026-06-28 08:51:00+00:00,10,70.075,74.0,gfs_20260618T1800Z.json,-3.924999999999997
3917,2026-06-28 09:00:00+00:00,2026-06-19 04:00:00+00:00,2026-06-28 09:51:00+00:00,10,70.0,72.0,gfs_20260618T1800Z.json,-2.0
3918,2026-06-28 10:00:00+00:00,2026-06-19 04:00:00+00:00,2026-06-28 10:51:00+00:00,10,70.50999999999999,73.0,gfs_20260618T1800Z.json,-2.490000000000009
3919,2026-06-28 11:00:00+00:00,2026-06-19 04:00:00+00:00,2026-06-28 11:51:00+00:00,10,72.13000000000001,76.0,gfs_20260618T1800Z.json,-3.8699999999999903
3920,2026-06-28 12:00:00+00:00,2026-06-19 04:00:00+00:00,2026-06-28 12:51:00+00:00,10,75.80000000000001,77.0,gfs_20260618T1800Z.json,-1.1999999999999886
3921,2026-06-28 13:00:00+00:00,2026-06-19 04:00:00+00:00,2026-06-28 13:51:00+00:00,10,80.905,80.0,gfs_20260618T1800Z.json,0.9050000000000011
3922,2026-06-28 14:00:00+00:00,2026-06-19 04:00:00+00:00,2026-06-28 14:51:00+00:00,10,85.69500000000001,83.0,gfs_20260618T1800Z.json,2.6950000000000074
3923,2026-06-28 15:00:00+00:00,2026-06-19 04:00:00+00:00,2026-06-28 15:51:00+00:00,10,89.545,87.0,gfs_20260618T1800Z.json,2.5450000000000017
3924,2026-06-28 16:00:00+00:00,2026-06-19 04:00:00+00:00,2026-06-28 16:51:00+00:00,10,92.735,87.0,gfs_20260618T1800Z.json,5.734999999999999
3925,2026-06-28 17:00:00+00:00,2026-06-19 04:00:00+00:00,2026-06-28 17:51:00+00:00,10,95.07000000000001,91.0,gfs_20260618T1800Z.json,4.070000000000007
3926,2026-06-28 18:00:00+00:00,2026-06-19 04:00:00+00:00,2026-06-28 18:51:00+00:00,10,96.50500000000001,90.0,gfs_20260618T1800Z.json,6.50500000000001
3927,2026-06-28 19:00:00+00:00,2026-06-19 04:00:00+00:00,2026-06-28 19:51:00+00:00,10,97.03999999999999,93.0,gfs_20260618T1800Z.json,4.039999999999992
3928,2026-06-28 20:00:00+00:00,2026-06-19 04:00:00+00:00,2026-06-28 20:51:00+00:00,10,96.25,91.0,gfs_20260618T1800Z.json,5.25
3929,2026-06-28 21:00:00+00:00,2026-06-19 04:00:00+00:00,2026-06-28 21:51:00+00:00,10,93.55,86.0,gfs_20260618T1800Z.json,7.549999999999997
3930,2026-06-28 22:00:00+00:00,2026-06-19 04:00:00+00:00,2026-06-28 22:51:00+00:00,10,89.36,80.0,gfs_20260618T1800Z.json,9.36
3931,2026-06-28 23:00:00+00:00,2026-06-19 04:00:00+00:00,2026-06-28 23:51:00+00:00,10,85.555,79.0,gfs_20260618T1800Z.json,6.555000000000007
3932,2026-06-29 00:00:00+00:00,2026-06-19 04:00:00+00:00,2026-06-29 00:51:00+00:00,10,83.045,78.0,gfs_20260618T1800Z.json,5.045000000000002
3933,2026-06-29 01:00:00+00:00,2026-06-19 04:00:00+00:00,2026-06-29 01:51:00+00:00,10,81.425,77.0,gfs_20260618T1800Z.json,4.424999999999997
3934,2026-06-29 02:00:00+00:00,2026-06-19 04:00:00+00:00,2026-06-29 02:51:00+00:00,10,80.01,76.0,gfs_20260618T1800Z.json,4.010000000000005
3935,2026-06-29 03:00:00+00:00,2026-06-19 04:00:00+00:00,2026-06-29 03:51:00+00:00,10,78.52499999999999,76.0,gfs_20260618T1800Z.json,2.5249999999999915
3936,2026-06-29 04:00:00+00:00,2026-06-19 04:00:00+00:00,2026-06-29 04:51:00+00:00,11,77.11,76.0,gfs_20260618T1800Z.json,1.1099999999999994
3937,2026-06-29 05:00:00+00:00,2026-06-19 04:00:00+00:00,2026-06-29 05:51:00+00:00,11,75.965,75.0,gfs_20260618T1800Z.json,0.9650000000000034
3938,2026-06-29 06:00:00+00:00,2026-06-19 04:00:00+00:00,2026-06-29 06:51:00+00:00,11,74.95,74.0,gfs_20260618T1800Z.json,0.9500000000000028
3939,2026-06-29 07:00:00+00:00,2026-06-19 04:00:00+00:00,2026-06-29 07:51:00+00:00,11,74.12,75.0,gfs_20260618T1800Z.json,-0.8799999999999955
3940,2026-06-29 08:00:00+00:00,2026-06-19 04:00:00+00:00,2026-06-29 08:51:00+00:00,11,74.0,75.0,gfs_20260618T1800Z.json,-1.0
3941,2026-06-29 09:00:00+00:00,2026-06-19 04:00:00+00:00,2026-06-29 09:51:00+00:00,11,74.765,75.0,gfs_20260618T1800Z.json,-0.23499999999999943
3942,2026-06-29 10:00:00+00:00,2026-06-19 04:00:00+00:00,2026-06-29 10:51:00+00:00,11,76.43,74.0,gfs_20260618T1800Z.json,2.430000000000007
3943,2026-06-29 11:00:00+00:00,2026-06-19 04:00:00+00:00,2026-06-29 11:51:00+00:00,11,78.825,74.0,gfs_20260618T1800Z.json,4.825000000000003
3944,2026-06-29 12:00:00+00:00,2026-06-19 04:00:00+00:00,2026-06-29 12:51:00+00:00,11,82.515,74.0,gfs_20260618T1800Z.json,8.515
3945,2026-06-29 13:00:00+00:00,2026-06-19 04:00:00+00:00,2026-06-29 13:51:00+00:00,11,87.01,75.0,gfs_20260618T1800Z.json,12.010000000000005
3946,2026-06-29 14:00:00+00:00,2026-06-19 04:00:00+00:00,2026-06-29 14:51:00+00:00,11,91.015,80.0,gfs_20260618T1800Z.json,11.015
3947,2026-06-29 15:00:00+00:00,2026-06-19 04:00:00+00:00,2026-06-29 15:51:00+00:00,11,94.065,81.0,gfs_20260618T1800Z.json,13.064999999999998
3948,2026-06-29 16:00:00+00:00,2026-06-19 04:00:00+00:00,2026-06-29 16:51:00+00:00,11,96.285,83.0,gfs_20260618T1800Z.json,13.284999999999997
3949,2026-06-29 17:00:00+00:00,2026-06-19 04:00:00+00:00,2026-06-29 17:51:00+00:00,11,97.61999999999999,84.0,gfs_20260618T1800Z.json,13.61999999999999
3950,2026-06-29 18:00:00+00:00,2026-06-19 04:00:00+00:00,2026-06-29 18:51:00+00:00,11,97.97,85.0,gfs_20260618T1800Z.json,12.969999999999999
3951,2026-06-29 19:00:00+00:00,2026-06-19 04:00:00+00:00,2026-06-29 19:51:00+00:00,11,97.405,89.0,gfs_20260618T1800Z.json,8.405000000000001
3952,2026-06-29 20:00:00+00:00,2026-06-19 04:00:00+00:00,2026-06-29 20:51:00+00:00,11,95.42999999999999,89.0,gfs_20260618T1800Z.json,6.429999999999993
3953,2026-06-29 21:00:00+00:00,2026-06-19 04:00:00+00:00,2026-06-29 21:51:00+00:00,11,90.765,88.0,gfs_20260618T1800Z.json,2.7650000000000006
3954,2026-06-29 22:00:00+00:00,2026-06-19 04:00:00+00:00,2026-06-29 22:51:00+00:00,11,84.39,88.0,gfs_20260618T1800Z.json,-3.6099999999999994
3955,2026-06-29 23:00:00+00:00,2026-06-19 04:00:00+00:00,2026-06-29 23:51:00+00:00,11,79.065,85.0,gfs_20260618T1800Z.json,-5.935000000000002
3956,2026-06-30 00:00:00+00:00,2026-06-19 04:00:00+00:00,2026-06-30 00:51:00+00:00,11,76.6,81.0,gfs_20260618T1800Z.json,-4.400000000000006
3957,2026-06-30 01:00:00+00:00,2026-06-19 04:00:00+00:00,2026-06-30 01:51:00+00:00,11,75.96000000000001,81.0,gfs_20260618T1800Z.json,-5.039999999999992
3958,2026-06-30 02:00:00+00:00,2026-06-19 04:00:00+00:00,2026-06-30 02:51:00+00:00,11,75.645,79.0,gfs_20260618T1800Z.json,-3.355000000000004
3959,2026-06-30 03:00:00+00:00,2026-06-19 04:00:00+00:00,2026-06-30 03:51:00+00:00,11,75.00500000000001,77.0,gfs_20260618T1800Z.json,-1.9949999999999903
3960,2026-06-30 04:00:00+00:00,2026-06-19 04:00:00+00:00,2026-06-30 04:51:00+00:00,12,74.47500000000001,76.0,gfs_20260618T1800Z.json,-1.5249999999999915
3961,2026-06-30 05:00:00+00:00,2026-06-19 04:00:00+00:00,2026-06-30 05:51:00+00:00,12,73.89,74.0,gfs_20260618T1800Z.json,-0.10999999999999943
3962,2026-06-30 06:00:00+00:00,2026-06-19 04:00:00+00:00,2026-06-30 06:51:00+00:00,12,73.205,73.0,gfs_20260618T1800Z.json,0.2049999999999983
3963,2026-06-30 07:00:00+00:00,2026-06-19 04:00:00+00:00,2026-06-30 07:51:00+00:00,12,72.50500000000001,72.0,gfs_20260618T1800Z.json,0.5050000000000097
3964,2026-06-30 08:00:00+00:00,2026-06-19 04:00:00+00:00,2026-06-30 08:51:00+00:00,12,72.23,71.0,gfs_20260618T1800Z.json,1.230000000000004
3965,2026-06-30 09:00:00+00:00,2026-06-19 04:00:00+00:00,2026-06-30 09:51:00+00:00,12,72.285,70.0,gfs_20260618T1800Z.json,2.2849999999999966
3966,2026-06-30 10:00:00+00:00,2026-06-19 04:00:00+00:00,2026-06-30 10:51:00+00:00,12,72.81,69.0,gfs_20260618T1800Z.json,3.8100000000000023
3967,2026-06-30 11:00:00+00:00,2026-06-19 04:00:00+00:00,2026-06-30 11:51:00+00:00,12,74.26,73.0,gfs_20260618T1800Z.json,1.2600000000000051
3968,2026-06-30 12:00:00+00:00,2026-06-19 04:00:00+00:00,2026-06-30 12:51:00+00:00,12,77.475,75.0,gfs_20260618T1800Z.json,2.4749999999999943
3969,2026-06-30 13:00:00+00:00,2026-06-19 04:00:00+00:00,2026-06-30 13:51:00+00:00,12,81.825,78.0,gfs_20260618T1800Z.json,3.825000000000003
3970,2026-06-30 14:00:00+00:00,2026-06-19 04:00:00+00:00,2026-06-30 14:51:00+00:00,12,85.985,81.0,gfs_20260618T1800Z.json,4.984999999999999
3971,2026-06-30 15:00:00+00:00,2026-06-19 04:00:00+00:00,2026-06-30 15:51:00+00:00,12,89.235,84.0,gfs_20260618T1800Z.json,5.234999999999999
3972,2026-06-30 16:00:00+00:00,2026-06-19 04:00:00+00:00,2026-06-30 16:51:00+00:00,12,91.91,85.0,gfs_20260618T1800Z.json,6.909999999999997
3973,2026-06-30 17:00:00+00:00,2026-06-19 04:00:00+00:00,2026-06-30 17:51:00+00:00,12,93.915,87.0,gfs_20260618T1800Z.json,6.915000000000006
3974,2026-06-30 18:00:00+00:00,2026-06-19 04:00:00+00:00,2026-06-30 18:51:00+00:00,12,95.22,88.0,gfs_20260618T1800Z.json,7.219999999999999
3975,2026-06-30 19:00:00+00:00,2026-06-19 04:00:00+00:00,2026-06-30 19:51:00+00:00,12,95.825,90.0,gfs_20260618T1800Z.json,5.825000000000003
3976,2026-06-30 20:00:00+00:00,2026-06-19 04:00:00+00:00,,12,,,gfs_20260618T1800Z.json,
3977,2026-06-30 21:00:00+00:00,2026-06-19 04:00:00+00:00,,12,,,gfs_20260618T1800Z.json,
3978,2026-06-30 22:00:00+00:00,2026-06-19 04:00:00+00:00,2026-06-30 22:51:00+00:00,12,90.48,89.0,gfs_20260618T1800Z.json,1.480000000000004
3979,2026-06-30 23:00:00+00:00,2026-06-19 04:00:00+00:00,2026-06-30 23:51:00+00:00,12,87.535,87.0,gfs_20260618T1800Z.json,0.5349999999999966
3980,2026-07-01 00:00:00+00:00,2026-06-19 04:00:00+00:00,2026-07-01 00:51:00+00:00,12,85.57,83.0,gfs_20260618T1800Z.json,2.569999999999993
3981,2026-07-01 01:00:00+00:00,2026-06-19 04:00:00+00:00,2026-07-01 01:51:00+00:00,12,83.94,81.0,gfs_20260618T1800Z.json,2.9399999999999977
3982,2026-07-01 02:00:00+00:00,2026-06-19 04:00:00+00:00,2026-07-01 02:51:00+00:00,12,82.33999999999999,81.7,gfs_20260618T1800Z.json,0.6399999999999864
3983,2026-07-01 03:00:00+00:00,2026-06-19 04:00:00+00:00,2026-07-01 03:51:00+00:00,12,80.315,78.0,gfs_20260618T1800Z.json,2.3149999999999977
3984,2026-07-01 04:00:00+00:00,2026-06-19 04:00:00+00:00,2026-07-01 04:51:00+00:00,13,78.045,78.0,gfs_20260618T1800Z.json,0.045000000000001705
3985,2026-07-01 05:00:00+00:00,2026-06-19 04:00:00+00:00,2026-07-01 05:51:00+00:00,13,76.085,77.0,gfs_20260618T1800Z.json,-0.9150000000000063
3986,2026-07-01 06:00:00+00:00,2026-06-19 04:00:00+00:00,2026-07-01 06:51:00+00:00,13,74.44,77.0,gfs_20260618T1800Z.json,-2.5600000000000023
3987,2026-07-01 07:00:00+00:00,2026-06-19 04:00:00+00:00,2026-07-01 07:51:00+00:00,13,73.095,75.0,gfs_20260618T1800Z.json,-1.9050000000000011
3988,2026-07-01 08:00:00+00:00,2026-06-19 04:00:00+00:00,2026-07-01 08:51:00+00:00,13,72.47500000000001,74.0,gfs_20260618T1800Z.json,-1.5249999999999915
3989,2026-07-01 09:00:00+00:00,2026-06-19 04:00:00+00:00,2026-07-01 09:51:00+00:00,13,72.485,74.0,gfs_20260618T1800Z.json,-1.5150000000000006
3990,2026-07-01 10:00:00+00:00,2026-06-19 04:00:00+00:00,2026-07-01 10:51:00+00:00,13,73.265,74.0,gfs_20260618T1800Z.json,-0.7349999999999994
3991,2026-07-01 11:00:00+00:00,2026-06-19 04:00:00+00:00,2026-07-01 11:51:00+00:00,13,75.015,77.0,gfs_20260618T1800Z.json,-1.9849999999999994
3992,2026-07-01 12:00:00+00:00,2026-06-19 04:00:00+00:00,2026-07-01 12:51:00+00:00,13,78.10499999999999,80.0,gfs_20260618T1800Z.json,-1.8950000000000102
3993,2026-07-01 13:00:00+00:00,2026-06-19 04:00:00+00:00,2026-07-01 13:51:00+00:00,13,82.17,83.0,gfs_20260618T1800Z.json,-0.8299999999999983
3994,2026-07-01 14:00:00+00:00,2026-06-19 04:00:00+00:00,2026-07-01 14:51:00+00:00,13,86.2,86.0,gfs_20260618T1800Z.json,0.20000000000000284
3995,2026-07-01 15:00:00+00:00,2026-06-19 04:00:00+00:00,2026-07-01 15:51:00+00:00,13,89.69,88.0,gfs_20260618T1800Z.json,1.6899999999999977
3996,2026-07-01 16:00:00+00:00,2026-06-19 04:00:00+00:00,2026-07-01 16:51:00+00:00,13,92.835,90.0,gfs_20260618T1800Z.json,2.8349999999999937
3997,2026-07-01 17:00:00+00:00,2026-06-19 04:00:00+00:00,2026-07-01 17:51:00+00:00,13,94.915,92.0,gfs_20260618T1800Z.json,2.9150000000000063
3998,2026-07-01 18:00:00+00:00,2026-06-19 04:00:00+00:00,2026-07-01 18:51:00+00:00,13,95.88,94.0,gfs_20260618T1800Z.json,1.8799999999999955
3999,2026-07-01 19:00:00+00:00,2026-06-19 04:00:00+00:00,2026-07-01 19:51:00+00:00,13,95.745,95.0,gfs_20260618T1800Z.json,0.7450000000000045
4000,2026-07-01 20:00:00+00:00,2026-06-19 04:00:00+00:00,2026-07-01 20:51:00+00:00,13,93.66,94.0,gfs_20260618T1800Z.json,-0.3400000000000034
4001,2026-07-01 21:00:00+00:00,2026-06-19 04:00:00+00:00,2026-07-01 21:51:00+00:00,13,87.86,95.0,gfs_20260618T1800Z.json,-7.140000000000001
4002,2026-07-01 22:00:00+00:00,2026-06-19 04:00:00+00:00,2026-07-01 22:51:00+00:00,13,79.76,93.0,gfs_20260618T1800Z.json,-13.239999999999995
4003,2026-07-01 23:00:00+00:00,2026-06-19 04:00:00+00:00,2026-07-01 23:51:00+00:00,13,73.315,91.0,gfs_20260618T1800Z.json,-17.685000000000002
4004,2026-07-02 00:00:00+00:00,2026-06-19 04:00:00+00:00,2026-07-02 00:51:00+00:00,13,70.86999999999999,88.0,gfs_20260618T1800Z.json,-17.13000000000001
4005,2026-07-02 01:00:00+00:00,2026-06-19 04:00:00+00:00,2026-07-02 01:51:00+00:00,13,70.94,85.0,gfs_20260618T1800Z.json,-14.060000000000002
4006,2026-07-02 02:00:00+00:00,2026-06-19 04:00:00+00:00,2026-07-02 02:51:00+00:00,13,71.595,84.0,gfs_20260618T1800Z.json,-12.405000000000001
4007,2026-07-02 03:00:00+00:00,2026-06-19 04:00:00+00:00,2026-07-02 03:51:00+00:00,13,71.87,83.0,gfs_20260618T1800Z.json,-11.129999999999995
4008,2026-07-02 04:00:00+00:00,2026-06-19 04:00:00+00:00,2026-07-02 04:51:00+00:00,14,72.155,81.0,gfs_20260618T1800Z.json,-8.844999999999999
4009,2026-07-02 05:00:00+00:00,2026-06-19 04:00:00+00:00,2026-07-02 05:51:00+00:00,14,72.37,80.0,gfs_20260618T1800Z.json,-7.6299999999999955
4010,2026-07-02 06:00:00+00:00,2026-06-19 04:00:00+00:00,2026-07-02 06:51:00+00:00,14,71.97500000000001,79.0,gfs_20260618T1800Z.json,-7.0249999999999915
4011,2026-07-02 07:00:00+00:00,2026-06-19 04:00:00+00:00,2026-07-02 07:51:00+00:00,14,71.305,78.0,gfs_20260618T1800Z.json,-6.694999999999993
4012,2026-07-02 08:00:00+00:00,2026-06-19 04:00:00+00:00,2026-07-02 08:51:00+00:00,14,70.94500000000001,77.0,gfs_20260618T1800Z.json,-6.054999999999993
4013,2026-07-02 09:00:00+00:00,2026-06-19 04:00:00+00:00,2026-07-02 09:51:00+00:00,14,71.07,77.0,gfs_20260618T1800Z.json,-5.930000000000007
4014,2026-07-02 10:00:00+00:00,2026-06-19 04:00:00+00:00,2026-07-02 10:51:00+00:00,14,71.61,77.0,gfs_20260618T1800Z.json,-5.390000000000001
4015,2026-07-02 11:00:00+00:00,2026-06-19 04:00:00+00:00,2026-07-02 11:51:00+00:00,14,73.06,79.0,gfs_20260618T1800Z.json,-5.939999999999998
4016,2026-07-02 12:00:00+00:00,2026-06-19 04:00:00+00:00,2026-07-02 12:51:00+00:00,14,76.19,82.0,gfs_20260618T1800Z.json,-5.810000000000002
4017,2026-07-02 13:00:00+00:00,2026-06-19 04:00:00+00:00,2026-07-02 13:51:00+00:00,14,80.44,85.0,gfs_20260618T1800Z.json,-4.560000000000002
4018,2026-07-02 14:00:00+00:00,2026-06-19 04:00:00+00:00,2026-07-02 14:51:00+00:00,14,84.07499999999999,89.0,gfs_20260618T1800Z.json,-4.925000000000011
4019,2026-07-02 15:00:00+00:00,2026-06-19 04:00:00+00:00,2026-07-02 15:51:00+00:00,14,85.875,90.0,gfs_20260618T1800Z.json,-4.125
4020,2026-07-02 16:00:00+00:00,2026-06-19 04:00:00+00:00,2026-07-02 16:51:00+00:00,14,86.61,93.0,gfs_20260618T1800Z.json,-6.390000000000001
4021,2026-07-02 17:00:00+00:00,2026-06-19 04:00:00+00:00,2026-07-02 17:51:00+00:00,14,87.55,96.0,gfs_20260618T1800Z.json,-8.450000000000003
4022,2026-07-02 18:00:00+00:00,2026-06-19 04:00:00+00:00,2026-07-02 18:51:00+00:00,14,89.74,95.0,gfs_20260618T1800Z.json,-5.260000000000005
4023,2026-07-02 19:00:00+00:00,2026-06-19 04:00:00+00:00,2026-07-02 19:51:00+00:00,14,92.48,97.0,gfs_20260618T1800Z.json,-4.519999999999996
4024,2026-07-02 20:00:00+00:00,2026-06-19 04:00:00+00:00,2026-07-02 20:51:00+00:00,14,93.66499999999999,97.0,gfs_20260618T1800Z.json,-3.335000000000008
4025,2026-07-02 21:00:00+00:00,2026-06-19 04:00:00+00:00,2026-07-02 21:51:00+00:00,14,91.59,97.0,gfs_20260618T1800Z.json,-5.409999999999997
4026,2026-07-02 22:00:00+00:00,2026-06-19 04:00:00+00:00,2026-07-02 22:51:00+00:00,14,87.28999999999999,96.0,gfs_20260618T1800Z.json,-8.710000000000008
4027,2026-07-02 23:00:00+00:00,2026-06-19 04:00:00+00:00,2026-07-02 23:51:00+00:00,14,83.36999999999999,93.0,gfs_20260618T1800Z.json,-9.63000000000001
4028,2026-07-03 00:00:00+00:00,2026-06-19 04:00:00+00:00,2026-07-03 00:51:00+00:00,14,81.015,90.0,gfs_20260618T1800Z.json,-8.985
4029,2026-07-03 01:00:00+00:00,2026-06-19 04:00:00+00:00,2026-07-03 01:51:00+00:00,14,79.51,88.0,gfs_20260618T1800Z.json,-8.489999999999995
4030,2026-07-03 02:00:00+00:00,2026-06-19 04:00:00+00:00,2026-07-03 02:51:00+00:00,14,78.28,87.0,gfs_20260618T1800Z.json,-8.719999999999999
4031,2026-07-03 03:00:00+00:00,2026-06-19 04:00:00+00:00,2026-07-03 03:51:00+00:00,14,77.16499999999999,86.0,gfs_20260618T1800Z.json,-8.835000000000008
4032,2026-06-26 04:00:00+00:00,2026-06-26 04:00:00+00:00,2026-06-26 04:51:00+00:00,1,72.53500000000001,75.0,gfs_20260625T1800Z.json,-2.464999999999989
4033,2026-06-26 05:00:00+00:00,2026-06-26 04:00:00+00:00,2026-06-26 05:51:00+00:00,1,71.465,74.0,gfs_20260625T1800Z.json,-2.5349999999999966
4034,2026-06-26 06:00:00+00:00,2026-06-26 04:00:00+00:00,2026-06-26 06:51:00+00:00,1,70.53500000000001,73.0,gfs_20260625T1800Z.json,-2.464999999999989
4035,2026-06-26 07:00:00+00:00,2026-06-26 04:00:00+00:00,2026-06-26 07:51:00+00:00,1,70.06,73.0,gfs_20260625T1800Z.json,-2.9399999999999977
4036,2026-06-26 08:00:00+00:00,2026-06-26 04:00:00+00:00,2026-06-26 08:51:00+00:00,1,70.0,72.0,gfs_20260625T1800Z.json,-2.0
4037,2026-06-26 09:00:00+00:00,2026-06-26 04:00:00+00:00,2026-06-26 09:51:00+00:00,1,68.81,72.0,gfs_20260625T1800Z.json,-3.1899999999999977
4038,2026-06-26 10:00:00+00:00,2026-06-26 04:00:00+00:00,2026-06-26 10:51:00+00:00,1,69.705,73.0,gfs_20260625T1800Z.json,-3.2950000000000017
4039,2026-06-26 11:00:00+00:00,2026-06-26 04:00:00+00:00,2026-06-26 11:51:00+00:00,1,73.385,75.0,gfs_20260625T1800Z.json,-1.6149999999999949
4040,2026-06-26 12:00:00+00:00,2026-06-26 04:00:00+00:00,2026-06-26 12:51:00+00:00,1,77.825,77.0,gfs_20260625T1800Z.json,0.8250000000000028
4041,2026-06-26 13:00:00+00:00,2026-06-26 04:00:00+00:00,2026-06-26 13:51:00+00:00,1,82.495,80.0,gfs_20260625T1800Z.json,2.4950000000000045
4042,2026-06-26 14:00:00+00:00,2026-06-26 04:00:00+00:00,2026-06-26 14:51:00+00:00,1,86.515,84.0,gfs_20260625T1800Z.json,2.5150000000000006
4043,2026-06-26 15:00:00+00:00,2026-06-26 04:00:00+00:00,2026-06-26 15:51:00+00:00,1,89.905,85.0,gfs_20260625T1800Z.json,4.905000000000001
4044,2026-06-26 16:00:00+00:00,2026-06-26 04:00:00+00:00,2026-06-26 16:51:00+00:00,1,92.185,82.0,gfs_20260625T1800Z.json,10.185000000000002
4045,2026-06-26 17:00:00+00:00,2026-06-26 04:00:00+00:00,2026-06-26 17:51:00+00:00,1,92.415,86.0,gfs_20260625T1800Z.json,6.415000000000006
4046,2026-06-26 18:00:00+00:00,2026-06-26 04:00:00+00:00,2026-06-26 18:51:00+00:00,1,86.535,86.0,gfs_20260625T1800Z.json,0.5349999999999966
4047,2026-06-26 19:00:00+00:00,2026-06-26 04:00:00+00:00,2026-06-26 19:51:00+00:00,1,86.435,85.0,gfs_20260625T1800Z.json,1.4350000000000023
4048,2026-06-26 20:00:00+00:00,2026-06-26 04:00:00+00:00,2026-06-26 20:51:00+00:00,1,86.77,86.0,gfs_20260625T1800Z.json,0.769999999999996
4049,2026-06-26 21:00:00+00:00,2026-06-26 04:00:00+00:00,2026-06-26 21:51:00+00:00,1,87.05499999999999,85.0,gfs_20260625T1800Z.json,2.0549999999999926
4050,2026-06-26 22:00:00+00:00,2026-06-26 04:00:00+00:00,2026-06-26 22:51:00+00:00,1,76.305,84.0,gfs_20260625T1800Z.json,-7.694999999999993
4051,2026-06-26 23:00:00+00:00,2026-06-26 04:00:00+00:00,2026-06-26 23:51:00+00:00,1,75.59,81.0,gfs_20260625T1800Z.json,-5.409999999999997
4052,2026-06-27 00:00:00+00:00,2026-06-26 04:00:00+00:00,2026-06-27 00:51:00+00:00,1,73.675,77.0,gfs_20260625T1800Z.json,-3.325000000000003
4053,2026-06-27 01:00:00+00:00,2026-06-26 04:00:00+00:00,2026-06-27 01:51:00+00:00,1,73.725,77.0,gfs_20260625T1800Z.json,-3.2750000000000057
4054,2026-06-27 02:00:00+00:00,2026-06-26 04:00:00+00:00,2026-06-27 02:51:00+00:00,1,73.03500000000001,77.0,gfs_20260625T1800Z.json,-3.964999999999989
4055,2026-06-27 03:00:00+00:00,2026-06-26 04:00:00+00:00,2026-06-27 03:51:00+00:00,1,73.07,77.0,gfs_20260625T1800Z.json,-3.930000000000007
4056,2026-06-27 04:00:00+00:00,2026-06-26 04:00:00+00:00,2026-06-27 04:51:00+00:00,2,73.1,76.0,gfs_20260625T1800Z.json,-2.9000000000000057
4057,2026-06-27 05:00:00+00:00,2026-06-26 04:00:00+00:00,2026-06-27 05:51:00+00:00,2,72.16499999999999,74.0,gfs_20260625T1800Z.json,-1.835000000000008
4058,2026-06-27 06:00:00+00:00,2026-06-26 04:00:00+00:00,2026-06-27 06:51:00+00:00,2,72.17,75.0,gfs_20260625T1800Z.json,-2.8299999999999983
4059,2026-06-27 07:00:00+00:00,2026-06-26 04:00:00+00:00,2026-06-27 07:51:00+00:00,2,71.01,73.0,gfs_20260625T1800Z.json,-1.9899999999999949
4060,2026-06-27 08:00:00+00:00,2026-06-26 04:00:00+00:00,2026-06-27 08:51:00+00:00,2,70.12,74.0,gfs_20260625T1800Z.json,-3.8799999999999955
4061,2026-06-27 09:00:00+00:00,2026-06-26 04:00:00+00:00,2026-06-27 09:51:00+00:00,2,70.50999999999999,74.0,gfs_20260625T1800Z.json,-3.490000000000009
4062,2026-06-27 10:00:00+00:00,2026-06-26 04:00:00+00:00,2026-06-27 10:51:00+00:00,2,71.195,75.0,gfs_20260625T1800Z.json,-3.805000000000007
4063,2026-06-27 11:00:00+00:00,2026-06-26 04:00:00+00:00,2026-06-27 11:51:00+00:00,2,72.66000000000001,76.0,gfs_20260625T1800Z.json,-3.339999999999989
4064,2026-06-27 12:00:00+00:00,2026-06-26 04:00:00+00:00,2026-06-27 12:51:00+00:00,2,74.60000000000001,79.0,gfs_20260625T1800Z.json,-4.3999999999999915
4065,2026-06-27 13:00:00+00:00,2026-06-26 04:00:00+00:00,2026-06-27 13:51:00+00:00,2,73.53999999999999,81.0,gfs_20260625T1800Z.json,-7.460000000000008
4066,2026-06-27 14:00:00+00:00,2026-06-26 04:00:00+00:00,2026-06-27 14:51:00+00:00,2,72.705,87.0,gfs_20260625T1800Z.json,-14.295000000000002
4067,2026-06-27 15:00:00+00:00,2026-06-26 04:00:00+00:00,2026-06-27 15:51:00+00:00,2,75.49,89.0,gfs_20260625T1800Z.json,-13.510000000000005
4068,2026-06-27 16:00:00+00:00,2026-06-26 04:00:00+00:00,2026-06-27 16:51:00+00:00,2,82.375,89.0,gfs_20260625T1800Z.json,-6.625
4069,2026-06-27 17:00:00+00:00,2026-06-26 04:00:00+00:00,2026-06-27 17:51:00+00:00,2,87.665,91.0,gfs_20260625T1800Z.json,-3.3349999999999937
4070,2026-06-27 18:00:00+00:00,2026-06-26 04:00:00+00:00,2026-06-27 18:51:00+00:00,2,91.035,89.0,gfs_20260625T1800Z.json,2.0349999999999966
4071,2026-06-27 19:00:00+00:00,2026-06-26 04:00:00+00:00,2026-06-27 19:51:00+00:00,2,92.095,80.0,gfs_20260625T1800Z.json,12.094999999999999
4072,2026-06-27 20:00:00+00:00,2026-06-26 04:00:00+00:00,2026-06-27 20:51:00+00:00,2,91.265,84.0,gfs_20260625T1800Z.json,7.265000000000001
4073,2026-06-27 21:00:00+00:00,2026-06-26 04:00:00+00:00,2026-06-27 21:51:00+00:00,2,85.32,89.0,gfs_20260625T1800Z.json,-3.680000000000007
4074,2026-06-27 22:00:00+00:00,2026-06-26 04:00:00+00:00,2026-06-27 22:51:00+00:00,2,78.265,86.0,gfs_20260625T1800Z.json,-7.734999999999999
4075,2026-06-27 23:00:00+00:00,2026-06-26 04:00:00+00:00,2026-06-27 23:51:00+00:00,2,74.48,85.0,gfs_20260625T1800Z.json,-10.519999999999996
4076,2026-06-28 00:00:00+00:00,2026-06-26 04:00:00+00:00,2026-06-28 00:51:00+00:00,2,74.425,81.0,gfs_20260625T1800Z.json,-6.575000000000003
4077,2026-06-28 01:00:00+00:00,2026-06-26 04:00:00+00:00,2026-06-28 01:51:00+00:00,2,73.14,79.0,gfs_20260625T1800Z.json,-5.859999999999999
4078,2026-06-28 02:00:00+00:00,2026-06-26 04:00:00+00:00,2026-06-28 02:51:00+00:00,2,72.73,79.0,gfs_20260625T1800Z.json,-6.269999999999996
4079,2026-06-28 03:00:00+00:00,2026-06-26 04:00:00+00:00,2026-06-28 03:51:00+00:00,2,73.38,76.0,gfs_20260625T1800Z.json,-2.6200000000000045
4080,2026-06-28 04:00:00+00:00,2026-06-26 04:00:00+00:00,2026-06-28 04:51:00+00:00,3,73.755,76.0,gfs_20260625T1800Z.json,-2.2450000000000045
4081,2026-06-28 05:00:00+00:00,2026-06-26 04:00:00+00:00,2026-06-28 05:51:00+00:00,3,73.545,75.0,gfs_20260625T1800Z.json,-1.4549999999999983
4082,2026-06-28 06:00:00+00:00,2026-06-26 04:00:00+00:00,2026-06-28 06:51:00+00:00,3,72.99000000000001,75.0,gfs_20260625T1800Z.json,-2.009999999999991
4083,2026-06-28 07:00:00+00:00,2026-06-26 04:00:00+00:00,2026-06-28 07:51:00+00:00,3,71.2,74.0,gfs_20260625T1800Z.json,-2.799999999999997
4084,2026-06-28 08:00:00+00:00,2026-06-26 04:00:00+00:00,2026-06-28 08:51:00+00:00,3,70.05000000000001,74.0,gfs_20260625T1800Z.json,-3.9499999999999886
4085,2026-06-28 09:00:00+00:00,2026-06-26 04:00:00+00:00,2026-06-28 09:51:00+00:00,3,69.73,72.0,gfs_20260625T1800Z.json,-2.269999999999996
4086,2026-06-28 10:00:00+00:00,2026-06-26 04:00:00+00:00,2026-06-28 10:51:00+00:00,3,70.89,73.0,gfs_20260625T1800Z.json,-2.1099999999999994
4087,2026-06-28 11:00:00+00:00,2026-06-26 04:00:00+00:00,2026-06-28 11:51:00+00:00,3,73.99,76.0,gfs_20260625T1800Z.json,-2.010000000000005
4088,2026-06-28 12:00:00+00:00,2026-06-26 04:00:00+00:00,2026-06-28 12:51:00+00:00,3,77.9,77.0,gfs_20260625T1800Z.json,0.9000000000000057
4089,2026-06-28 13:00:00+00:00,2026-06-26 04:00:00+00:00,2026-06-28 13:51:00+00:00,3,82.75,80.0,gfs_20260625T1800Z.json,2.75
4090,2026-06-28 14:00:00+00:00,2026-06-26 04:00:00+00:00,2026-06-28 14:51:00+00:00,3,86.55999999999999,83.0,gfs_20260625T1800Z.json,3.559999999999988
4091,2026-06-28 15:00:00+00:00,2026-06-26 04:00:00+00:00,2026-06-28 15:51:00+00:00,3,89.735,87.0,gfs_20260625T1800Z.json,2.7349999999999994
4092,2026-06-28 16:00:00+00:00,2026-06-26 04:00:00+00:00,2026-06-28 16:51:00+00:00,3,92.155,87.0,gfs_20260625T1800Z.json,5.155000000000001
4093,2026-06-28 17:00:00+00:00,2026-06-26 04:00:00+00:00,2026-06-28 17:51:00+00:00,3,92.67,91.0,gfs_20260625T1800Z.json,1.6700000000000017
4094,2026-06-28 18:00:00+00:00,2026-06-26 04:00:00+00:00,2026-06-28 18:51:00+00:00,3,89.385,90.0,gfs_20260625T1800Z.json,-0.6149999999999949
4095,2026-06-28 19:00:00+00:00,2026-06-26 04:00:00+00:00,2026-06-28 19:51:00+00:00,3,87.35499999999999,93.0,gfs_20260625T1800Z.json,-5.64500000000001
4096,2026-06-28 20:00:00+00:00,2026-06-26 04:00:00+00:00,2026-06-28 20:51:00+00:00,3,86.25,91.0,gfs_20260625T1800Z.json,-4.75
4097,2026-06-28 21:00:00+00:00,2026-06-26 04:00:00+00:00,2026-06-28 21:51:00+00:00,3,88.82,86.0,gfs_20260625T1800Z.json,2.819999999999993
4098,2026-06-28 22:00:00+00:00,2026-06-26 04:00:00+00:00,2026-06-28 22:51:00+00:00,3,87.175,80.0,gfs_20260625T1800Z.json,7.174999999999997
4099,2026-06-28 23:00:00+00:00,2026-06-26 04:00:00+00:00,2026-06-28 23:51:00+00:00,3,83.74000000000001,79.0,gfs_20260625T1800Z.json,4.740000000000009
4100,2026-06-29 00:00:00+00:00,2026-06-26 04:00:00+00:00,2026-06-29 00:51:00+00:00,3,80.735,78.0,gfs_20260625T1800Z.json,2.7349999999999994
4101,2026-06-29 01:00:00+00:00,2026-06-26 04:00:00+00:00,2026-06-29 01:51:00+00:00,3,78.6,77.0,gfs_20260625T1800Z.json,1.5999999999999943
4102,2026-06-29 02:00:00+00:00,2026-06-26 04:00:00+00:00,2026-06-29 02:51:00+00:00,3,77.28,76.0,gfs_20260625T1800Z.json,1.2800000000000011
4103,2026-06-29 03:00:00+00:00,2026-06-26 04:00:00+00:00,2026-06-29 03:51:00+00:00,3,75.06,76.0,gfs_20260625T1800Z.json,-0.9399999999999977
4104,2026-06-29 04:00:00+00:00,2026-06-26 04:00:00+00:00,2026-06-29 04:51:00+00:00,4,73.17,76.0,gfs_20260625T1800Z.json,-2.8299999999999983
4105,2026-06-29 05:00:00+00:00,2026-06-26 04:00:00+00:00,2026-06-29 05:51:00+00:00,4,72.135,75.0,gfs_20260625T1800Z.json,-2.864999999999995
4106,2026-06-29 06:00:00+00:00,2026-06-26 04:00:00+00:00,2026-06-29 06:51:00+00:00,4,71.745,74.0,gfs_20260625T1800Z.json,-2.2549999999999955
4107,2026-06-29 07:00:00+00:00,2026-06-26 04:00:00+00:00,2026-06-29 07:51:00+00:00,4,71.36,75.0,gfs_20260625T1800Z.json,-3.6400000000000006
4108,2026-06-29 08:00:00+00:00,2026-06-26 04:00:00+00:00,2026-06-29 08:51:00+00:00,4,70.96000000000001,75.0,gfs_20260625T1800Z.json,-4.039999999999992
4109,2026-06-29 09:00:00+00:00,2026-06-26 04:00:00+00:00,2026-06-29 09:51:00+00:00,4,70.47500000000001,75.0,gfs_20260625T1800Z.json,-4.5249999999999915
4110,2026-06-29 10:00:00+00:00,2026-06-26 04:00:00+00:00,2026-06-29 10:51:00+00:00,4,71.33500000000001,74.0,gfs_20260625T1800Z.json,-2.664999999999992
4111,2026-06-29 11:00:00+00:00,2026-06-26 04:00:00+00:00,2026-06-29 11:51:00+00:00,4,74.22,74.0,gfs_20260625T1800Z.json,0.21999999999999886
4112,2026-06-29 12:00:00+00:00,2026-06-26 04:00:00+00:00,2026-06-29 12:51:00+00:00,4,77.505,74.0,gfs_20260625T1800Z.json,3.5049999999999955
4113,2026-06-29 13:00:00+00:00,2026-06-26 04:00:00+00:00,2026-06-29 13:51:00+00:00,4,81.825,75.0,gfs_20260625T1800Z.json,6.825000000000003
4114,2026-06-29 14:00:00+00:00,2026-06-26 04:00:00+00:00,2026-06-29 14:51:00+00:00,4,85.39,80.0,gfs_20260625T1800Z.json,5.390000000000001
4115,2026-06-29 15:00:00+00:00,2026-06-26 04:00:00+00:00,2026-06-29 15:51:00+00:00,4,88.365,81.0,gfs_20260625T1800Z.json,7.364999999999995
4116,2026-06-29 16:00:00+00:00,2026-06-26 04:00:00+00:00,2026-06-29 16:51:00+00:00,4,91.095,83.0,gfs_20260625T1800Z.json,8.094999999999999
4117,2026-06-29 17:00:00+00:00,2026-06-26 04:00:00+00:00,2026-06-29 17:51:00+00:00,4,93.11500000000001,84.0,gfs_20260625T1800Z.json,9.115000000000009
4118,2026-06-29 18:00:00+00:00,2026-06-26 04:00:00+00:00,2026-06-29 18:51:00+00:00,4,95.10000000000001,85.0,gfs_20260625T1800Z.json,10.100000000000009
4119,2026-06-29 19:00:00+00:00,2026-06-26 04:00:00+00:00,2026-06-29 19:51:00+00:00,4,95.99499999999999,89.0,gfs_20260625T1800Z.json,6.99499999999999
4120,2026-06-29 20:00:00+00:00,2026-06-26 04:00:00+00:00,2026-06-29 20:51:00+00:00,4,94.74,89.0,gfs_20260625T1800Z.json,5.739999999999995
4121,2026-06-29 21:00:00+00:00,2026-06-26 04:00:00+00:00,2026-06-29 21:51:00+00:00,4,91.44000000000001,88.0,gfs_20260625T1800Z.json,3.440000000000012
4122,2026-06-29 22:00:00+00:00,2026-06-26 04:00:00+00:00,2026-06-29 22:51:00+00:00,4,89.88000000000001,88.0,gfs_20260625T1800Z.json,1.8800000000000097
4123,2026-06-29 23:00:00+00:00,2026-06-26 04:00:00+00:00,2026-06-29 23:51:00+00:00,4,85.875,85.0,gfs_20260625T1800Z.json,0.875
4124,2026-06-30 00:00:00+00:00,2026-06-26 04:00:00+00:00,2026-06-30 00:51:00+00:00,4,82.14,81.0,gfs_20260625T1800Z.json,1.1400000000000006
4125,2026-06-30 01:00:00+00:00,2026-06-26 04:00:00+00:00,2026-06-30 01:51:00+00:00,4,80.66499999999999,81.0,gfs_20260625T1800Z.json,-0.33500000000000796
4126,2026-06-30 02:00:00+00:00,2026-06-26 04:00:00+00:00,2026-06-30 02:51:00+00:00,4,79.14,79.0,gfs_20260625T1800Z.json,0.14000000000000057
4127,2026-06-30 03:00:00+00:00,2026-06-26 04:00:00+00:00,2026-06-30 03:51:00+00:00,4,77.795,77.0,gfs_20260625T1800Z.json,0.7950000000000017
4128,2026-06-30 04:00:00+00:00,2026-06-26 04:00:00+00:00,2026-06-30 04:51:00+00:00,5,76.66499999999999,76.0,gfs_20260625T1800Z.json,0.664999999999992
4129,2026-06-30 05:00:00+00:00,2026-06-26 04:00:00+00:00,2026-06-30 05:51:00+00:00,5,75.48,74.0,gfs_20260625T1800Z.json,1.480000000000004
4130,2026-06-30 06:00:00+00:00,2026-06-26 04:00:00+00:00,2026-06-30 06:51:00+00:00,5,74.53500000000001,73.0,gfs_20260625T1800Z.json,1.5350000000000108
4131,2026-06-30 07:00:00+00:00,2026-06-26 04:00:00+00:00,2026-06-30 07:51:00+00:00,5,73.635,72.0,gfs_20260625T1800Z.json,1.6350000000000051
4132,2026-06-30 08:00:00+00:00,2026-06-26 04:00:00+00:00,2026-06-30 08:51:00+00:00,5,72.82000000000001,71.0,gfs_20260625T1800Z.json,1.8200000000000074
4133,2026-06-30 09:00:00+00:00,2026-06-26 04:00:00+00:00,2026-06-30 09:51:00+00:00,5,72.105,70.0,gfs_20260625T1800Z.json,2.105000000000004
4134,2026-06-30 10:00:00+00:00,2026-06-26 04:00:00+00:00,2026-06-30 10:51:00+00:00,5,73.53,69.0,gfs_20260625T1800Z.json,4.530000000000001
4135,2026-06-30 11:00:00+00:00,2026-06-26 04:00:00+00:00,2026-06-30 11:51:00+00:00,5,77.03,73.0,gfs_20260625T1800Z.json,4.030000000000001
4136,2026-06-30 12:00:00+00:00,2026-06-26 04:00:00+00:00,2026-06-30 12:51:00+00:00,5,80.83,75.0,gfs_20260625T1800Z.json,5.829999999999998
4137,2026-06-30 13:00:00+00:00,2026-06-26 04:00:00+00:00,2026-06-30 13:51:00+00:00,5,84.63000000000001,78.0,gfs_20260625T1800Z.json,6.63000000000001
4138,2026-06-30 14:00:00+00:00,2026-06-26 04:00:00+00:00,2026-06-30 14:51:00+00:00,5,88.08999999999999,81.0,gfs_20260625T1800Z.json,7.089999999999989
4139,2026-06-30 15:00:00+00:00,2026-06-26 04:00:00+00:00,2026-06-30 15:51:00+00:00,5,91.14999999999999,84.0,gfs_20260625T1800Z.json,7.1499999999999915
4140,2026-06-30 16:00:00+00:00,2026-06-26 04:00:00+00:00,2026-06-30 16:51:00+00:00,5,93.3,85.0,gfs_20260625T1800Z.json,8.299999999999997
4141,2026-06-30 17:00:00+00:00,2026-06-26 04:00:00+00:00,2026-06-30 17:51:00+00:00,5,93.43,87.0,gfs_20260625T1800Z.json,6.430000000000007
4142,2026-06-30 18:00:00+00:00,2026-06-26 04:00:00+00:00,2026-06-30 18:51:00+00:00,5,92.635,88.0,gfs_20260625T1800Z.json,4.635000000000005
4143,2026-06-30 19:00:00+00:00,2026-06-26 04:00:00+00:00,2026-06-30 19:51:00+00:00,5,90.8,90.0,gfs_20260625T1800Z.json,0.7999999999999972
4144,2026-06-30 20:00:00+00:00,2026-06-26 04:00:00+00:00,,5,,,gfs_20260625T1800Z.json,
4145,2026-06-30 21:00:00+00:00,2026-06-26 04:00:00+00:00,,5,,,gfs_20260625T1800Z.json,
4146,2026-06-30 22:00:00+00:00,2026-06-26 04:00:00+00:00,2026-06-30 22:51:00+00:00,5,86.365,89.0,gfs_20260625T1800Z.json,-2.635000000000005
4147,2026-06-30 23:00:00+00:00,2026-06-26 04:00:00+00:00,2026-06-30 23:51:00+00:00,5,85.18,87.0,gfs_20260625T1800Z.json,-1.8199999999999932
4148,2026-07-01 00:00:00+00:00,2026-06-26 04:00:00+00:00,2026-07-01 00:51:00+00:00,5,83.81,83.0,gfs_20260625T1800Z.json,0.8100000000000023
4149,2026-07-01 01:00:00+00:00,2026-06-26 04:00:00+00:00,2026-07-01 01:51:00+00:00,5,82.32499999999999,81.0,gfs_20260625T1800Z.json,1.3249999999999886
4150,2026-07-01 02:00:00+00:00,2026-06-26 04:00:00+00:00,2026-07-01 02:51:00+00:00,5,80.57,81.7,gfs_20260625T1800Z.json,-1.1300000000000097
4151,2026-07-01 03:00:00+00:00,2026-06-26 04:00:00+00:00,2026-07-01 03:51:00+00:00,5,78.175,78.0,gfs_20260625T1800Z.json,0.17499999999999716
4152,2026-07-01 04:00:00+00:00,2026-06-26 04:00:00+00:00,2026-07-01 04:51:00+00:00,6,75.33500000000001,78.0,gfs_20260625T1800Z.json,-2.664999999999992
4153,2026-07-01 05:00:00+00:00,2026-06-26 04:00:00+00:00,2026-07-01 05:51:00+00:00,6,73.03,77.0,gfs_20260625T1800Z.json,-3.969999999999999
4154,2026-07-01 06:00:00+00:00,2026-06-26 04:00:00+00:00,2026-07-01 06:51:00+00:00,6,71.765,77.0,gfs_20260625T1800Z.json,-5.234999999999999
4155,2026-07-01 07:00:00+00:00,2026-06-26 04:00:00+00:00,2026-07-01 07:51:00+00:00,6,71.175,75.0,gfs_20260625T1800Z.json,-3.825000000000003
4156,2026-07-01 08:00:00+00:00,2026-06-26 04:00:00+00:00,2026-07-01 08:51:00+00:00,6,71.27,74.0,gfs_20260625T1800Z.json,-2.730000000000004
4157,2026-07-01 09:00:00+00:00,2026-06-26 04:00:00+00:00,2026-07-01 09:51:00+00:00,6,71.895,74.0,gfs_20260625T1800Z.json,-2.105000000000004
4158,2026-07-01 10:00:00+00:00,2026-06-26 04:00:00+00:00,2026-07-01 10:51:00+00:00,6,73.275,74.0,gfs_20260625T1800Z.json,-0.7249999999999943
4159,2026-07-01 11:00:00+00:00,2026-06-26 04:00:00+00:00,2026-07-01 11:51:00+00:00,6,75.625,77.0,gfs_20260625T1800Z.json,-1.375
4160,2026-07-01 12:00:00+00:00,2026-06-26 04:00:00+00:00,2026-07-01 12:51:00+00:00,6,79.57000000000001,80.0,gfs_20260625T1800Z.json,-0.4299999999999926
4161,2026-07-01 13:00:00+00:00,2026-06-26 04:00:00+00:00,2026-07-01 13:51:00+00:00,6,84.78999999999999,83.0,gfs_20260625T1800Z.json,1.789999999999992
4162,2026-07-01 14:00:00+00:00,2026-06-26 04:00:00+00:00,2026-07-01 14:51:00+00:00,6,89.85,86.0,gfs_20260625T1800Z.json,3.8499999999999943
4163,2026-07-01 15:00:00+00:00,2026-06-26 04:00:00+00:00,2026-07-01 15:51:00+00:00,6,94.17,88.0,gfs_20260625T1800Z.json,6.170000000000002
4164,2026-07-01 16:00:00+00:00,2026-06-26 04:00:00+00:00,2026-07-01 16:51:00+00:00,6,98.03,90.0,gfs_20260625T1800Z.json,8.030000000000001
4165,2026-07-01 17:00:00+00:00,2026-06-26 04:00:00+00:00,2026-07-01 17:51:00+00:00,6,101.065,92.0,gfs_20260625T1800Z.json,9.064999999999998
4166,2026-07-01 18:00:00+00:00,2026-06-26 04:00:00+00:00,2026-07-01 18:51:00+00:00,6,103.285,94.0,gfs_20260625T1800Z.json,9.284999999999997
4167,2026-07-01 19:00:00+00:00,2026-06-26 04:00:00+00:00,2026-07-01 19:51:00+00:00,6,104.61999999999999,95.0,gfs_20260625T1800Z.json,9.61999999999999
4168,2026-07-01 20:00:00+00:00,2026-06-26 04:00:00+00:00,2026-07-01 20:51:00+00:00,6,104.46000000000001,94.0,gfs_20260625T1800Z.json,10.460000000000008
4169,2026-07-01 21:00:00+00:00,2026-06-26 04:00:00+00:00,2026-07-01 21:51:00+00:00,6,101.935,95.0,gfs_20260625T1800Z.json,6.935000000000002
4170,2026-07-01 22:00:00+00:00,2026-06-26 04:00:00+00:00,2026-07-01 22:51:00+00:00,6,97.75999999999999,93.0,gfs_20260625T1800Z.json,4.759999999999991
4171,2026-07-01 23:00:00+00:00,2026-06-26 04:00:00+00:00,2026-07-01 23:51:00+00:00,6,93.86999999999999,91.0,gfs_20260625T1800Z.json,2.8699999999999903
4172,2026-07-02 00:00:00+00:00,2026-06-26 04:00:00+00:00,2026-07-02 00:51:00+00:00,6,91.42999999999999,88.0,gfs_20260625T1800Z.json,3.4299999999999926
4173,2026-07-02 01:00:00+00:00,2026-06-26 04:00:00+00:00,2026-07-02 01:51:00+00:00,6,89.82499999999999,85.0,gfs_20260625T1800Z.json,4.824999999999989
4174,2026-07-02 02:00:00+00:00,2026-06-26 04:00:00+00:00,2026-07-02 02:51:00+00:00,6,88.155,84.0,gfs_20260625T1800Z.json,4.155000000000001
4175,2026-07-02 03:00:00+00:00,2026-06-26 04:00:00+00:00,2026-07-02 03:51:00+00:00,6,85.69,83.0,gfs_20260625T1800Z.json,2.6899999999999977
4176,2026-07-02 04:00:00+00:00,2026-06-26 04:00:00+00:00,2026-07-02 04:51:00+00:00,7,83.005,81.0,gfs_20260625T1800Z.json,2.0049999999999955
4177,2026-07-02 05:00:00+00:00,2026-06-26 04:00:00+00:00,2026-07-02 05:51:00+00:00,7,80.645,80.0,gfs_20260625T1800Z.json,0.644999999999996
4178,2026-07-02 06:00:00+00:00,2026-06-26 04:00:00+00:00,2026-07-02 06:51:00+00:00,7,78.85499999999999,79.0,gfs_20260625T1800Z.json,-0.14500000000001023
4179,2026-07-02 07:00:00+00:00,2026-06-26 04:00:00+00:00,2026-07-02 07:51:00+00:00,7,77.58,78.0,gfs_20260625T1800Z.json,-0.4200000000000017
4180,2026-07-02 08:00:00+00:00,2026-06-26 04:00:00+00:00,2026-07-02 08:51:00+00:00,7,77.23,77.0,gfs_20260625T1800Z.json,0.23000000000000398
4181,2026-07-02 09:00:00+00:00,2026-06-26 04:00:00+00:00,2026-07-02 09:51:00+00:00,7,78.05,77.0,gfs_20260625T1800Z.json,1.0499999999999972
4182,2026-07-02 10:00:00+00:00,2026-06-26 04:00:00+00:00,2026-07-02 10:51:00+00:00,7,79.9,77.0,gfs_20260625T1800Z.json,2.9000000000000057
4183,2026-07-02 11:00:00+00:00,2026-06-26 04:00:00+00:00,2026-07-02 11:51:00+00:00,7,82.75,79.0,gfs_20260625T1800Z.json,3.75
4184,2026-07-02 12:00:00+00:00,2026-06-26 04:00:00+00:00,2026-07-02 12:51:00+00:00,7,87.28,82.0,gfs_20260625T1800Z.json,5.280000000000001
4185,2026-07-02 13:00:00+00:00,2026-06-26 04:00:00+00:00,2026-07-02 13:51:00+00:00,7,92.92999999999999,85.0,gfs_20260625T1800Z.json,7.929999999999993
4186,2026-07-02 14:00:00+00:00,2026-06-26 04:00:00+00:00,2026-07-02 14:51:00+00:00,7,97.965,89.0,gfs_20260625T1800Z.json,8.965000000000003
4187,2026-07-02 15:00:00+00:00,2026-06-26 04:00:00+00:00,2026-07-02 15:51:00+00:00,7,101.16499999999999,90.0,gfs_20260625T1800Z.json,11.164999999999992
4188,2026-07-02 16:00:00+00:00,2026-06-26 04:00:00+00:00,2026-07-02 16:51:00+00:00,7,103.13000000000001,93.0,gfs_20260625T1800Z.json,10.13000000000001
4189,2026-07-02 17:00:00+00:00,2026-06-26 04:00:00+00:00,2026-07-02 17:51:00+00:00,7,104.59,96.0,gfs_20260625T1800Z.json,8.590000000000003
4190,2026-07-02 18:00:00+00:00,2026-06-26 04:00:00+00:00,2026-07-02 18:51:00+00:00,7,105.82,95.0,gfs_20260625T1800Z.json,10.819999999999993
4191,2026-07-02 19:00:00+00:00,2026-06-26 04:00:00+00:00,2026-07-02 19:51:00+00:00,7,106.50999999999999,97.0,gfs_20260625T1800Z.json,9.509999999999991
4192,2026-07-02 20:00:00+00:00,2026-06-26 04:00:00+00:00,2026-07-02 20:51:00+00:00,7,106.09,97.0,gfs_20260625T1800Z.json,9.090000000000003
4193,2026-07-02 21:00:00+00:00,2026-06-26 04:00:00+00:00,2026-07-02 21:51:00+00:00,7,104.13,97.0,gfs_20260625T1800Z.json,7.1299999999999955
4194,2026-07-02 22:00:00+00:00,2026-06-26 04:00:00+00:00,2026-07-02 22:51:00+00:00,7,100.74000000000001,96.0,gfs_20260625T1800Z.json,4.740000000000009
4195,2026-07-02 23:00:00+00:00,2026-06-26 04:00:00+00:00,2026-07-02 23:51:00+00:00,7,96.46,93.0,gfs_20260625T1800Z.json,3.4599999999999937
4196,2026-07-03 00:00:00+00:00,2026-06-26 04:00:00+00:00,2026-07-03 00:51:00+00:00,7,90.53,90.0,gfs_20260625T1800Z.json,0.5300000000000011
4197,2026-07-03 01:00:00+00:00,2026-06-26 04:00:00+00:00,2026-07-03 01:51:00+00:00,7,83.64999999999999,88.0,gfs_20260625T1800Z.json,-4.3500000000000085
4198,2026-07-03 02:00:00+00:00,2026-06-26 04:00:00+00:00,2026-07-03 02:51:00+00:00,7,78.35,87.0,gfs_20260625T1800Z.json,-8.650000000000006
4199,2026-07-03 03:00:00+00:00,2026-06-26 04:00:00+00:00,2026-07-03 03:51:00+00:00,7,76.41,86.0,gfs_20260625T1800Z.json,-9.590000000000003
4200,2026-07-03 04:00:00+00:00,2026-06-26 04:00:00+00:00,2026-07-03 04:51:00+00:00,8,76.625,85.0,gfs_20260625T1800Z.json,-8.375
4201,2026-07-03 05:00:00+00:00,2026-06-26 04:00:00+00:00,2026-07-03 05:51:00+00:00,8,77.125,83.0,gfs_20260625T1800Z.json,-5.875
4202,2026-07-03 06:00:00+00:00,2026-06-26 04:00:00+00:00,2026-07-03 06:51:00+00:00,8,76.94500000000001,81.0,gfs_20260625T1800Z.json,-4.054999999999993
4203,2026-07-03 07:00:00+00:00,2026-06-26 04:00:00+00:00,2026-07-03 07:51:00+00:00,8,76.56,80.0,gfs_20260625T1800Z.json,-3.4399999999999977
4204,2026-07-03 08:00:00+00:00,2026-06-26 04:00:00+00:00,2026-07-03 08:51:00+00:00,8,76.67,78.0,gfs_20260625T1800Z.json,-1.3299999999999983
4205,2026-07-03 09:00:00+00:00,2026-06-26 04:00:00+00:00,2026-07-03 09:51:00+00:00,8,77.125,77.0,gfs_20260625T1800Z.json,0.125
4206,2026-07-03 10:00:00+00:00,2026-06-26 04:00:00+00:00,2026-07-03 10:51:00+00:00,8,78.135,78.0,gfs_20260625T1800Z.json,0.13500000000000512
4207,2026-07-03 11:00:00+00:00,2026-06-26 04:00:00+00:00,2026-07-03 11:51:00+00:00,8,80.34,81.0,gfs_20260625T1800Z.json,-0.6599999999999966
4208,2026-07-03 12:00:00+00:00,2026-06-26 04:00:00+00:00,2026-07-03 12:51:00+00:00,8,84.61,84.0,gfs_20260625T1800Z.json,0.6099999999999994
4209,2026-07-03 13:00:00+00:00,2026-06-26 04:00:00+00:00,2026-07-03 13:51:00+00:00,8,90.39999999999999,88.0,gfs_20260625T1800Z.json,2.3999999999999915
4210,2026-07-03 14:00:00+00:00,2026-06-26 04:00:00+00:00,2026-07-03 14:51:00+00:00,8,95.89,92.0,gfs_20260625T1800Z.json,3.8900000000000006
4211,2026-07-03 15:00:00+00:00,2026-06-26 04:00:00+00:00,2026-07-03 15:51:00+00:00,8,100.44,96.0,gfs_20260625T1800Z.json,4.439999999999998
4212,2026-07-03 16:00:00+00:00,2026-06-26 04:00:00+00:00,2026-07-03 16:51:00+00:00,8,104.33,97.0,gfs_20260625T1800Z.json,7.329999999999998
4213,2026-07-03 17:00:00+00:00,2026-06-26 04:00:00+00:00,2026-07-03 17:51:00+00:00,8,107.11,97.0,gfs_20260625T1800Z.json,10.11
4214,2026-07-03 18:00:00+00:00,2026-06-26 04:00:00+00:00,2026-07-03 18:51:00+00:00,8,108.435,100.0,gfs_20260625T1800Z.json,8.435000000000002
4215,2026-07-03 19:00:00+00:00,2026-06-26 04:00:00+00:00,2026-07-03 19:51:00+00:00,8,108.43,100.4,gfs_20260625T1800Z.json,8.030000000000001
4216,2026-07-03 20:00:00+00:00,2026-06-26 04:00:00+00:00,2026-07-03 20:51:00+00:00,8,107.125,101.0,gfs_20260625T1800Z.json,6.125
4217,2026-07-03 21:00:00+00:00,2026-06-26 04:00:00+00:00,2026-07-03 21:51:00+00:00,8,103.92500000000001,100.0,gfs_20260625T1800Z.json,3.9250000000000114
4218,2026-07-03 22:00:00+00:00,2026-06-26 04:00:00+00:00,2026-07-03 22:51:00+00:00,8,99.15,99.0,gfs_20260625T1800Z.json,0.15000000000000568
4219,2026-07-03 23:00:00+00:00,2026-06-26 04:00:00+00:00,2026-07-03 23:51:00+00:00,8,94.91499999999999,96.0,gfs_20260625T1800Z.json,-1.085000000000008
4220,2026-07-04 00:00:00+00:00,2026-06-26 04:00:00+00:00,2026-07-04 00:51:00+00:00,8,92.345,92.0,gfs_20260625T1800Z.json,0.34499999999999886
4221,2026-07-04 01:00:00+00:00,2026-06-26 04:00:00+00:00,2026-07-04 01:51:00+00:00,8,90.725,90.0,gfs_20260625T1800Z.json,0.7249999999999943
4222,2026-07-04 02:00:00+00:00,2026-06-26 04:00:00+00:00,2026-07-04 02:51:00+00:00,8,89.14,89.0,gfs_20260625T1800Z.json,0.14000000000000057
4223,2026-07-04 03:00:00+00:00,2026-06-26 04:00:00+00:00,2026-07-04 03:51:00+00:00,8,87.03,87.0,gfs_20260625T1800Z.json,0.030000000000001137
4224,2026-07-04 04:00:00+00:00,2026-06-26 04:00:00+00:00,2026-07-04 04:51:00+00:00,9,84.745,85.0,gfs_20260625T1800Z.json,-0.25499999999999545
4225,2026-07-04 05:00:00+00:00,2026-06-26 04:00:00+00:00,2026-07-04 05:51:00+00:00,9,82.785,84.0,gfs_20260625T1800Z.json,-1.2150000000000034
4226,2026-07-04 06:00:00+00:00,2026-06-26 04:00:00+00:00,2026-07-04 06:51:00+00:00,9,81.05499999999999,83.0,gfs_20260625T1800Z.json,-1.9450000000000074
4227,2026-07-04 07:00:00+00:00,2026-06-26 04:00:00+00:00,2026-07-04 07:51:00+00:00,9,79.61,82.0,gfs_20260625T1800Z.json,-2.3900000000000006
4228,2026-07-04 08:00:00+00:00,2026-06-26 04:00:00+00:00,2026-07-04 08:51:00+00:00,9,78.97500000000001,81.0,gfs_20260625T1800Z.json,-2.0249999999999915
4229,2026-07-04 09:00:00+00:00,2026-06-26 04:00:00+00:00,2026-07-04 09:51:00+00:00,9,79.24,80.0,gfs_20260625T1800Z.json,-0.7600000000000051
4230,2026-07-04 10:00:00+00:00,2026-06-26 04:00:00+00:00,2026-07-04 10:51:00+00:00,9,80.32,80.0,gfs_20260625T1800Z.json,0.3199999999999932
4231,2026-07-04 11:00:00+00:00,2026-06-26 04:00:00+00:00,2026-07-04 11:51:00+00:00,9,82.285,82.0,gfs_20260625T1800Z.json,0.2849999999999966
4232,2026-07-04 12:00:00+00:00,2026-06-26 04:00:00+00:00,2026-07-04 12:51:00+00:00,9,85.405,84.0,gfs_20260625T1800Z.json,1.4050000000000011
4233,2026-07-04 13:00:00+00:00,2026-06-26 04:00:00+00:00,2026-07-04 13:51:00+00:00,9,89.385,88.0,gfs_20260625T1800Z.json,1.3850000000000051
4234,2026-07-04 14:00:00+00:00,2026-06-26 04:00:00+00:00,2026-07-04 14:51:00+00:00,9,93.57000000000001,90.0,gfs_20260625T1800Z.json,3.5700000000000074
4235,2026-07-04 15:00:00+00:00,2026-06-26 04:00:00+00:00,2026-07-04 15:51:00+00:00,9,97.77000000000001,96.0,gfs_20260625T1800Z.json,1.7700000000000102
4236,2026-07-04 16:00:00+00:00,2026-06-26 04:00:00+00:00,2026-07-04 16:51:00+00:00,9,101.97,97.0,gfs_20260625T1800Z.json,4.969999999999999
4237,2026-07-04 17:00:00+00:00,2026-06-26 04:00:00+00:00,2026-07-04 17:51:00+00:00,9,105.065,98.0,gfs_20260625T1800Z.json,7.064999999999998
4238,2026-07-04 18:00:00+00:00,2026-06-26 04:00:00+00:00,2026-07-04 18:51:00+00:00,9,106.94500000000001,100.0,gfs_20260625T1800Z.json,6.945000000000007
4239,2026-07-04 19:00:00+00:00,2026-06-26 04:00:00+00:00,2026-07-04 19:51:00+00:00,9,107.625,99.0,gfs_20260625T1800Z.json,8.625
4240,2026-07-04 20:00:00+00:00,2026-06-26 04:00:00+00:00,2026-07-04 20:51:00+00:00,9,105.66,101.0,gfs_20260625T1800Z.json,4.659999999999997
4241,2026-07-04 21:00:00+00:00,2026-06-26 04:00:00+00:00,2026-07-04 21:51:00+00:00,9,99.095,101.0,gfs_20260625T1800Z.json,-1.9050000000000011
4242,2026-07-04 22:00:00+00:00,2026-06-26 04:00:00+00:00,2026-07-04 22:51:00+00:00,9,89.5,99.0,gfs_20260625T1800Z.json,-9.5
4243,2026-07-04 23:00:00+00:00,2026-06-26 04:00:00+00:00,2026-07-04 23:51:00+00:00,9,81.11500000000001,95.0,gfs_20260625T1800Z.json,-13.884999999999991
4244,2026-07-05 00:00:00+00:00,2026-06-26 04:00:00+00:00,2026-07-05 00:51:00+00:00,9,76.5,94.0,gfs_20260625T1800Z.json,-17.5
4245,2026-07-05 01:00:00+00:00,2026-06-26 04:00:00+00:00,2026-07-05 01:51:00+00:00,9,74.2,92.0,gfs_20260625T1800Z.json,-17.799999999999997
4246,2026-07-05 02:00:00+00:00,2026-06-26 04:00:00+00:00,2026-07-05 02:51:00+00:00,9,73.05000000000001,90.0,gfs_20260625T1800Z.json,-16.94999999999999
4247,2026-07-05 03:00:00+00:00,2026-06-26 04:00:00+00:00,2026-07-05 03:51:00+00:00,9,72.815,87.0,gfs_20260625T1800Z.json,-14.185000000000002
4248,2026-07-05 04:00:00+00:00,2026-06-26 04:00:00+00:00,2026-07-05 04:51:00+00:00,10,73.565,86.0,gfs_20260625T1800Z.json,-12.435000000000002
4249,2026-07-05 05:00:00+00:00,2026-06-26 04:00:00+00:00,2026-07-05 05:51:00+00:00,10,74.295,83.0,gfs_20260625T1800Z.json,-8.704999999999998
4250,2026-07-05 06:00:00+00:00,2026-06-26 04:00:00+00:00,2026-07-05 06:51:00+00:00,10,74.315,81.0,gfs_20260625T1800Z.json,-6.685000000000002
4251,2026-07-05 07:00:00+00:00,2026-06-26 04:00:00+00:00,2026-07-05 07:51:00+00:00,10,74.045,80.0,gfs_20260625T1800Z.json,-5.954999999999998
4252,2026-07-05 08:00:00+00:00,2026-06-26 04:00:00+00:00,2026-07-05 08:51:00+00:00,10,73.83,79.0,gfs_20260625T1800Z.json,-5.170000000000002
4253,2026-07-05 09:00:00+00:00,2026-06-26 04:00:00+00:00,2026-07-05 09:51:00+00:00,10,73.715,78.0,gfs_20260625T1800Z.json,-4.284999999999997
4254,2026-07-05 10:00:00+00:00,2026-06-26 04:00:00+00:00,2026-07-05 10:51:00+00:00,10,73.7,79.0,gfs_20260625T1800Z.json,-5.299999999999997
4255,2026-07-05 11:00:00+00:00,2026-06-26 04:00:00+00:00,2026-07-05 11:51:00+00:00,10,74.55,79.0,gfs_20260625T1800Z.json,-4.450000000000003
4256,2026-07-05 12:00:00+00:00,2026-06-26 04:00:00+00:00,2026-07-05 12:51:00+00:00,10,77.08,82.0,gfs_20260625T1800Z.json,-4.920000000000002
4257,2026-07-05 13:00:00+00:00,2026-06-26 04:00:00+00:00,2026-07-05 13:51:00+00:00,10,80.645,85.0,gfs_20260625T1800Z.json,-4.355000000000004
4258,2026-07-05 14:00:00+00:00,2026-06-26 04:00:00+00:00,2026-07-05 14:51:00+00:00,10,83.66499999999999,89.0,gfs_20260625T1800Z.json,-5.335000000000008
4259,2026-07-05 15:00:00+00:00,2026-06-26 04:00:00+00:00,2026-07-05 15:51:00+00:00,10,84.94999999999999,94.0,gfs_20260625T1800Z.json,-9.050000000000011
4260,2026-07-05 16:00:00+00:00,2026-06-26 04:00:00+00:00,2026-07-05 16:51:00+00:00,10,85.355,95.0,gfs_20260625T1800Z.json,-9.644999999999996
4261,2026-07-05 17:00:00+00:00,2026-06-26 04:00:00+00:00,2026-07-05 17:51:00+00:00,10,85.99499999999999,97.0,gfs_20260625T1800Z.json,-11.00500000000001
4262,2026-07-05 18:00:00+00:00,2026-06-26 04:00:00+00:00,2026-07-05 18:51:00+00:00,10,88.055,97.0,gfs_20260625T1800Z.json,-8.944999999999993
4263,2026-07-05 19:00:00+00:00,2026-06-26 04:00:00+00:00,2026-07-05 19:51:00+00:00,10,90.865,92.0,gfs_20260625T1800Z.json,-1.1350000000000051
4264,2026-07-05 20:00:00+00:00,2026-06-26 04:00:00+00:00,2026-07-05 20:51:00+00:00,10,92.065,74.0,gfs_20260625T1800Z.json,18.064999999999998
4265,2026-07-05 21:00:00+00:00,2026-06-26 04:00:00+00:00,2026-07-05 21:51:00+00:00,10,89.905,74.0,gfs_20260625T1800Z.json,15.905000000000001
4266,2026-07-05 22:00:00+00:00,2026-06-26 04:00:00+00:00,2026-07-05 22:51:00+00:00,10,85.59,74.0,gfs_20260625T1800Z.json,11.590000000000003
4267,2026-07-05 23:00:00+00:00,2026-06-26 04:00:00+00:00,2026-07-05 23:51:00+00:00,10,81.58500000000001,77.0,gfs_20260625T1800Z.json,4.585000000000008
4268,2026-07-06 00:00:00+00:00,2026-06-26 04:00:00+00:00,2026-07-06 00:51:00+00:00,10,79.045,76.0,gfs_20260625T1800Z.json,3.0450000000000017
4269,2026-07-06 01:00:00+00:00,2026-06-26 04:00:00+00:00,2026-07-06 01:51:00+00:00,10,77.33999999999999,77.0,gfs_20260625T1800Z.json,0.3399999999999892
4270,2026-07-06 02:00:00+00:00,2026-06-26 04:00:00+00:00,2026-07-06 02:51:00+00:00,10,75.99499999999999,76.0,gfs_20260625T1800Z.json,-0.005000000000009663
4271,2026-07-06 03:00:00+00:00,2026-06-26 04:00:00+00:00,2026-07-06 03:51:00+00:00,10,74.95,76.0,gfs_20260625T1800Z.json,-1.0499999999999972
4272,2026-07-06 04:00:00+00:00,2026-06-26 04:00:00+00:00,2026-07-06 04:51:00+00:00,11,74.29,75.0,gfs_20260625T1800Z.json,-0.7099999999999937
4273,2026-07-06 05:00:00+00:00,2026-06-26 04:00:00+00:00,2026-07-06 05:51:00+00:00,11,73.69,75.0,gfs_20260625T1800Z.json,-1.3100000000000023
4274,2026-07-06 06:00:00+00:00,2026-06-26 04:00:00+00:00,2026-07-06 06:51:00+00:00,11,73.00500000000001,75.0,gfs_20260625T1800Z.json,-1.9949999999999903
4275,2026-07-06 07:00:00+00:00,2026-06-26 04:00:00+00:00,2026-07-06 07:51:00+00:00,11,72.39,75.0,gfs_20260625T1800Z.json,-2.6099999999999994
4276,2026-07-06 08:00:00+00:00,2026-06-26 04:00:00+00:00,2026-07-06 08:51:00+00:00,11,72.215,74.0,gfs_20260625T1800Z.json,-1.7849999999999966
4277,2026-07-06 09:00:00+00:00,2026-06-26 04:00:00+00:00,2026-07-06 09:51:00+00:00,11,72.625,73.0,gfs_20260625T1800Z.json,-0.375
4278,2026-07-06 10:00:00+00:00,2026-06-26 04:00:00+00:00,2026-07-06 10:51:00+00:00,11,73.55,74.0,gfs_20260625T1800Z.json,-0.45000000000000284
4279,2026-07-06 11:00:00+00:00,2026-06-26 04:00:00+00:00,2026-07-06 11:51:00+00:00,11,75.485,76.0,gfs_20260625T1800Z.json,-0.5150000000000006
4280,2026-07-06 12:00:00+00:00,2026-06-26 04:00:00+00:00,2026-07-06 12:51:00+00:00,11,79.03,78.0,gfs_20260625T1800Z.json,1.0300000000000011
4281,2026-07-06 13:00:00+00:00,2026-06-26 04:00:00+00:00,2026-07-06 13:51:00+00:00,11,83.765,81.0,gfs_20260625T1800Z.json,2.7650000000000006
4282,2026-07-06 14:00:00+00:00,2026-06-26 04:00:00+00:00,2026-07-06 14:51:00+00:00,11,87.985,84.0,gfs_20260625T1800Z.json,3.9849999999999994
4283,2026-07-06 15:00:00+00:00,2026-06-26 04:00:00+00:00,2026-07-06 15:51:00+00:00,11,91.065,85.0,gfs_20260625T1800Z.json,6.064999999999998
4284,2026-07-06 16:00:00+00:00,2026-06-26 04:00:00+00:00,2026-07-06 16:51:00+00:00,11,93.37,90.0,gfs_20260625T1800Z.json,3.3700000000000045
4285,2026-07-06 17:00:00+00:00,2026-06-26 04:00:00+00:00,2026-07-06 17:51:00+00:00,11,94.38,91.0,gfs_20260625T1800Z.json,3.3799999999999955
4286,2026-07-06 18:00:00+00:00,2026-06-26 04:00:00+00:00,2026-07-06 18:51:00+00:00,11,93.395,93.0,gfs_20260625T1800Z.json,0.394999999999996
4287,2026-07-06 19:00:00+00:00,2026-06-26 04:00:00+00:00,2026-07-06 19:51:00+00:00,11,90.82000000000001,95.0,gfs_20260625T1800Z.json,-4.179999999999993
4288,2026-07-06 20:00:00+00:00,2026-06-26 04:00:00+00:00,2026-07-06 20:51:00+00:00,11,88.36,96.0,gfs_20260625T1800Z.json,-7.640000000000001
4289,2026-07-06 21:00:00+00:00,2026-06-26 04:00:00+00:00,2026-07-06 21:51:00+00:00,11,87.065,91.0,gfs_20260625T1800Z.json,-3.9350000000000023
4290,2026-07-06 22:00:00+00:00,2026-06-26 04:00:00+00:00,2026-07-06 22:51:00+00:00,11,86.22,88.0,gfs_20260625T1800Z.json,-1.7800000000000011
4291,2026-07-06 23:00:00+00:00,2026-06-26 04:00:00+00:00,2026-07-06 23:51:00+00:00,11,84.99499999999999,75.0,gfs_20260625T1800Z.json,9.99499999999999
4292,2026-07-07 00:00:00+00:00,2026-06-26 04:00:00+00:00,2026-07-07 00:51:00+00:00,11,82.59,76.0,gfs_20260625T1800Z.json,6.590000000000003
4293,2026-07-07 01:00:00+00:00,2026-06-26 04:00:00+00:00,2026-07-07 01:51:00+00:00,11,79.565,76.0,gfs_20260625T1800Z.json,3.5649999999999977
4294,2026-07-07 02:00:00+00:00,2026-06-26 04:00:00+00:00,2026-07-07 02:51:00+00:00,11,76.89,77.0,gfs_20260625T1800Z.json,-0.10999999999999943
4295,2026-07-07 03:00:00+00:00,2026-06-26 04:00:00+00:00,2026-07-07 03:51:00+00:00,11,75.225,75.0,gfs_20260625T1800Z.json,0.22499999999999432
4296,2026-07-07 04:00:00+00:00,2026-06-26 04:00:00+00:00,2026-07-07 04:51:00+00:00,12,74.235,74.0,gfs_20260625T1800Z.json,0.23499999999999943
4297,2026-07-07 05:00:00+00:00,2026-06-26 04:00:00+00:00,2026-07-07 05:51:00+00:00,12,73.59,73.0,gfs_20260625T1800Z.json,0.5900000000000034
4298,2026-07-07 06:00:00+00:00,2026-06-26 04:00:00+00:00,2026-07-07 06:51:00+00:00,12,72.99000000000001,73.0,gfs_20260625T1800Z.json,-0.009999999999990905
4299,2026-07-07 07:00:00+00:00,2026-06-26 04:00:00+00:00,2026-07-07 07:51:00+00:00,12,72.73,75.0,gfs_20260625T1800Z.json,-2.269999999999996
4300,2026-07-07 08:00:00+00:00,2026-06-26 04:00:00+00:00,2026-07-07 08:51:00+00:00,12,72.7,75.0,gfs_20260625T1800Z.json,-2.299999999999997
4301,2026-07-07 09:00:00+00:00,2026-06-26 04:00:00+00:00,2026-07-07 09:51:00+00:00,12,72.955,74.0,gfs_20260625T1800Z.json,-1.0450000000000017
4302,2026-07-07 10:00:00+00:00,2026-06-26 04:00:00+00:00,2026-07-07 10:51:00+00:00,12,73.50999999999999,75.0,gfs_20260625T1800Z.json,-1.490000000000009
4303,2026-07-07 11:00:00+00:00,2026-06-26 04:00:00+00:00,2026-07-07 11:51:00+00:00,12,74.875,77.0,gfs_20260625T1800Z.json,-2.125
4304,2026-07-07 12:00:00+00:00,2026-06-26 04:00:00+00:00,2026-07-07 12:51:00+00:00,12,77.565,79.0,gfs_20260625T1800Z.json,-1.4350000000000023
4305,2026-07-07 13:00:00+00:00,2026-06-26 04:00:00+00:00,2026-07-07 13:51:00+00:00,12,81.23,82.0,gfs_20260625T1800Z.json,-0.769999999999996
4306,2026-07-07 14:00:00+00:00,2026-06-26 04:00:00+00:00,2026-07-07 14:51:00+00:00,12,84.945,84.0,gfs_20260625T1800Z.json,0.9449999999999932
4307,2026-07-07 15:00:00+00:00,2026-06-26 04:00:00+00:00,2026-07-07 15:51:00+00:00,12,88.985,86.0,gfs_20260625T1800Z.json,2.9849999999999994
4308,2026-07-07 16:00:00+00:00,2026-06-26 04:00:00+00:00,2026-07-07 16:51:00+00:00,12,93.0,88.0,gfs_20260625T1800Z.json,5.0
4309,2026-07-07 17:00:00+00:00,2026-06-26 04:00:00+00:00,2026-07-07 17:51:00+00:00,12,94.96000000000001,88.0,gfs_20260625T1800Z.json,6.960000000000008
4310,2026-07-07 18:00:00+00:00,2026-06-26 04:00:00+00:00,2026-07-07 18:51:00+00:00,12,93.075,90.0,gfs_20260625T1800Z.json,3.075000000000003
4311,2026-07-07 19:00:00+00:00,2026-06-26 04:00:00+00:00,2026-07-07 19:51:00+00:00,12,88.535,89.0,gfs_20260625T1800Z.json,-0.4650000000000034
4312,2026-07-07 20:00:00+00:00,2026-06-26 04:00:00+00:00,2026-07-07 20:51:00+00:00,12,84.655,88.0,gfs_20260625T1800Z.json,-3.344999999999999
4313,2026-07-07 21:00:00+00:00,2026-06-26 04:00:00+00:00,2026-07-07 21:51:00+00:00,12,83.42,88.0,gfs_20260625T1800Z.json,-4.579999999999998
4314,2026-07-07 22:00:00+00:00,2026-06-26 04:00:00+00:00,2026-07-07 22:51:00+00:00,12,83.55499999999999,85.0,gfs_20260625T1800Z.json,-1.4450000000000074
4315,2026-07-07 23:00:00+00:00,2026-06-26 04:00:00+00:00,2026-07-07 23:51:00+00:00,12,83.26,75.2,gfs_20260625T1800Z.json,8.060000000000002
4316,2026-07-08 00:00:00+00:00,2026-06-26 04:00:00+00:00,2026-07-08 00:51:00+00:00,12,81.16,75.0,gfs_20260625T1800Z.json,6.159999999999997
4317,2026-07-08 01:00:00+00:00,2026-06-26 04:00:00+00:00,2026-07-08 01:51:00+00:00,12,78.165,76.0,gfs_20260625T1800Z.json,2.1650000000000063
4318,2026-07-08 02:00:00+00:00,2026-06-26 04:00:00+00:00,2026-07-08 02:51:00+00:00,12,75.49,77.0,gfs_20260625T1800Z.json,-1.5100000000000051
4319,2026-07-08 03:00:00+00:00,2026-06-26 04:00:00+00:00,2026-07-08 03:51:00+00:00,12,73.82499999999999,76.0,gfs_20260625T1800Z.json,-2.1750000000000114
4320,2026-07-08 04:00:00+00:00,2026-06-26 04:00:00+00:00,2026-07-08 04:51:00+00:00,13,72.83500000000001,76.0,gfs_20260625T1800Z.json,-3.164999999999992
4321,2026-07-08 05:00:00+00:00,2026-06-26 04:00:00+00:00,2026-07-08 05:51:00+00:00,13,71.935,75.0,gfs_20260625T1800Z.json,-3.0649999999999977
4322,2026-07-08 06:00:00+00:00,2026-06-26 04:00:00+00:00,2026-07-08 06:51:00+00:00,13,70.695,74.0,gfs_20260625T1800Z.json,-3.305000000000007
4323,2026-07-08 07:00:00+00:00,2026-06-26 04:00:00+00:00,2026-07-08 07:51:00+00:00,13,69.395,74.0,gfs_20260625T1800Z.json,-4.605000000000004
4324,2026-07-08 08:00:00+00:00,2026-06-26 04:00:00+00:00,2026-07-08 08:51:00+00:00,13,68.52000000000001,74.0,gfs_20260625T1800Z.json,-5.47999999999999
4325,2026-07-08 09:00:00+00:00,2026-06-26 04:00:00+00:00,2026-07-08 09:51:00+00:00,13,68.23,73.0,gfs_20260625T1800Z.json,-4.769999999999996
4326,2026-07-08 10:00:00+00:00,2026-06-26 04:00:00+00:00,2026-07-08 10:51:00+00:00,13,68.455,74.0,gfs_20260625T1800Z.json,-5.545000000000002
4327,2026-07-08 11:00:00+00:00,2026-06-26 04:00:00+00:00,2026-07-08 11:51:00+00:00,13,69.69,75.0,gfs_20260625T1800Z.json,-5.310000000000002
4328,2026-07-08 12:00:00+00:00,2026-06-26 04:00:00+00:00,2026-07-08 12:51:00+00:00,13,72.365,77.0,gfs_20260625T1800Z.json,-4.635000000000005
4329,2026-07-08 13:00:00+00:00,2026-06-26 04:00:00+00:00,2026-07-08 13:51:00+00:00,13,76.115,81.0,gfs_20260625T1800Z.json,-4.885000000000005
4330,2026-07-08 14:00:00+00:00,2026-06-26 04:00:00+00:00,2026-07-08 14:51:00+00:00,13,79.93,83.0,gfs_20260625T1800Z.json,-3.069999999999993
4331,2026-07-08 15:00:00+00:00,2026-06-26 04:00:00+00:00,2026-07-08 15:51:00+00:00,13,83.475,85.0,gfs_20260625T1800Z.json,-1.5250000000000057
4332,2026-07-08 16:00:00+00:00,2026-06-26 04:00:00+00:00,2026-07-08 16:51:00+00:00,13,86.72,86.0,gfs_20260625T1800Z.json,0.7199999999999989
4333,2026-07-08 17:00:00+00:00,2026-06-26 04:00:00+00:00,2026-07-08 17:51:00+00:00,13,88.815,89.0,gfs_20260625T1800Z.json,-0.18500000000000227
4334,2026-07-08 18:00:00+00:00,2026-06-26 04:00:00+00:00,2026-07-08 18:51:00+00:00,13,89.015,90.0,gfs_20260625T1800Z.json,-0.9849999999999994
4335,2026-07-08 19:00:00+00:00,2026-06-26 04:00:00+00:00,2026-07-08 19:51:00+00:00,13,87.725,88.0,gfs_20260625T1800Z.json,-0.2750000000000057
4336,2026-07-08 20:00:00+00:00,2026-06-26 04:00:00+00:00,2026-07-08 20:51:00+00:00,13,85.8,89.0,gfs_20260625T1800Z.json,-3.200000000000003
4337,2026-07-08 21:00:00+00:00,2026-06-26 04:00:00+00:00,2026-07-08 21:51:00+00:00,13,83.46,90.0,gfs_20260625T1800Z.json,-6.540000000000006
4338,2026-07-08 22:00:00+00:00,2026-06-26 04:00:00+00:00,2026-07-08 22:51:00+00:00,13,80.72,91.0,gfs_20260625T1800Z.json,-10.280000000000001
4339,2026-07-08 23:00:00+00:00,2026-06-26 04:00:00+00:00,2026-07-08 23:51:00+00:00,13,78.345,82.0,gfs_20260625T1800Z.json,-3.655000000000001
4340,2026-07-09 00:00:00+00:00,2026-06-26 04:00:00+00:00,2026-07-09 00:51:00+00:00,13,76.64,80.0,gfs_20260625T1800Z.json,-3.3599999999999994
4341,2026-07-09 01:00:00+00:00,2026-06-26 04:00:00+00:00,2026-07-09 01:51:00+00:00,13,75.465,78.0,gfs_20260625T1800Z.json,-2.5349999999999966
4342,2026-07-09 02:00:00+00:00,2026-06-26 04:00:00+00:00,2026-07-09 02:51:00+00:00,13,74.365,78.0,gfs_20260625T1800Z.json,-3.635000000000005
4343,2026-07-09 03:00:00+00:00,2026-06-26 04:00:00+00:00,2026-07-09 03:51:00+00:00,13,73.095,77.0,gfs_20260625T1800Z.json,-3.905000000000001
4344,2026-07-09 04:00:00+00:00,2026-06-26 04:00:00+00:00,2026-07-09 04:51:00+00:00,14,71.88000000000001,77.0,gfs_20260625T1800Z.json,-5.11999999999999
4345,2026-07-09 05:00:00+00:00,2026-06-26 04:00:00+00:00,2026-07-09 05:51:00+00:00,14,70.935,76.0,gfs_20260625T1800Z.json,-5.064999999999998
4346,2026-07-09 06:00:00+00:00,2026-06-26 04:00:00+00:00,2026-07-09 06:51:00+00:00,14,70.03500000000001,75.0,gfs_20260625T1800Z.json,-4.964999999999989
4347,2026-07-09 07:00:00+00:00,2026-06-26 04:00:00+00:00,2026-07-09 07:51:00+00:00,14,69.305,75.0,gfs_20260625T1800Z.json,-5.694999999999993
4348,2026-07-09 08:00:00+00:00,2026-06-26 04:00:00+00:00,2026-07-09 08:51:00+00:00,14,69.115,74.0,gfs_20260625T1800Z.json,-4.885000000000005
4349,2026-07-09 09:00:00+00:00,2026-06-26 04:00:00+00:00,2026-07-09 09:51:00+00:00,14,69.78,74.0,gfs_20260625T1800Z.json,-4.219999999999999
4350,2026-07-09 10:00:00+00:00,2026-06-26 04:00:00+00:00,2026-07-09 10:51:00+00:00,14,71.09,74.0,gfs_20260625T1800Z.json,-2.9099999999999966
4351,2026-07-09 11:00:00+00:00,2026-06-26 04:00:00+00:00,2026-07-09 11:51:00+00:00,14,73.0,77.0,gfs_20260625T1800Z.json,-4.0
4352,2026-07-09 12:00:00+00:00,2026-06-26 04:00:00+00:00,2026-07-09 12:51:00+00:00,14,75.765,79.0,gfs_20260625T1800Z.json,-3.2349999999999994
4353,2026-07-09 13:00:00+00:00,2026-06-26 04:00:00+00:00,2026-07-09 13:51:00+00:00,14,79.175,82.0,gfs_20260625T1800Z.json,-2.825000000000003
4354,2026-07-09 14:00:00+00:00,2026-06-26 04:00:00+00:00,2026-07-09 14:51:00+00:00,14,81.91,86.0,gfs_20260625T1800Z.json,-4.090000000000003
4355,2026-07-09 15:00:00+00:00,2026-06-26 04:00:00+00:00,2026-07-09 15:51:00+00:00,14,82.725,88.0,gfs_20260625T1800Z.json,-5.275000000000006
4356,2026-07-09 16:00:00+00:00,2026-06-26 04:00:00+00:00,2026-07-09 16:51:00+00:00,14,82.375,91.0,gfs_20260625T1800Z.json,-8.625
4357,2026-07-09 17:00:00+00:00,2026-06-26 04:00:00+00:00,2026-07-09 17:51:00+00:00,14,82.55499999999999,91.0,gfs_20260625T1800Z.json,-8.445000000000007
4358,2026-07-09 18:00:00+00:00,2026-06-26 04:00:00+00:00,2026-07-09 18:51:00+00:00,14,84.98,94.0,gfs_20260625T1800Z.json,-9.019999999999996
4359,2026-07-09 19:00:00+00:00,2026-06-26 04:00:00+00:00,2026-07-09 19:51:00+00:00,14,88.28999999999999,95.0,gfs_20260625T1800Z.json,-6.710000000000008
4360,2026-07-09 20:00:00+00:00,2026-06-26 04:00:00+00:00,2026-07-09 20:51:00+00:00,14,89.64999999999999,94.0,gfs_20260625T1800Z.json,-4.3500000000000085
4361,2026-07-09 21:00:00+00:00,2026-06-26 04:00:00+00:00,2026-07-09 21:51:00+00:00,14,86.485,95.0,gfs_20260625T1800Z.json,-8.515
4362,2026-07-09 22:00:00+00:00,2026-06-26 04:00:00+00:00,2026-07-09 22:51:00+00:00,14,80.545,93.0,gfs_20260625T1800Z.json,-12.454999999999998
4363,2026-07-09 23:00:00+00:00,2026-06-26 04:00:00+00:00,2026-07-09 23:51:00+00:00,14,75.435,91.0,gfs_20260625T1800Z.json,-15.564999999999998
4364,2026-07-10 00:00:00+00:00,2026-06-26 04:00:00+00:00,2026-07-10 00:51:00+00:00,14,73.51,91.0,gfs_20260625T1800Z.json,-17.489999999999995
4365,2026-07-10 01:00:00+00:00,2026-06-26 04:00:00+00:00,2026-07-10 01:51:00+00:00,14,73.3,87.8,gfs_20260625T1800Z.json,-14.5
4366,2026-07-10 02:00:00+00:00,2026-06-26 04:00:00+00:00,2026-07-10 02:51:00+00:00,14,73.47,85.0,gfs_20260625T1800Z.json,-11.530000000000001
4367,2026-07-10 03:00:00+00:00,2026-06-26 04:00:00+00:00,2026-07-10 03:51:00+00:00,14,73.16,84.0,gfs_20260625T1800Z.json,-10.840000000000003
4368,2026-07-03 04:00:00+00:00,2026-07-03 04:00:00+00:00,2026-07-03 04:51:00+00:00,1,79.64,85.0,gfs_20260702T1800Z.json,-5.359999999999999
4369,2026-07-03 05:00:00+00:00,2026-07-03 04:00:00+00:00,2026-07-03 05:51:00+00:00,1,78.295,83.0,gfs_20260702T1800Z.json,-4.704999999999998
4370,2026-07-03 06:00:00+00:00,2026-07-03 04:00:00+00:00,2026-07-03 06:51:00+00:00,1,76.91,81.0,gfs_20260702T1800Z.json,-4.090000000000003
4371,2026-07-03 07:00:00+00:00,2026-07-03 04:00:00+00:00,2026-07-03 07:51:00+00:00,1,75.595,80.0,gfs_20260702T1800Z.json,-4.405000000000001
4372,2026-07-03 08:00:00+00:00,2026-07-03 04:00:00+00:00,2026-07-03 08:51:00+00:00,1,74.635,78.0,gfs_20260702T1800Z.json,-3.364999999999995
4373,2026-07-03 09:00:00+00:00,2026-07-03 04:00:00+00:00,2026-07-03 09:51:00+00:00,1,74.075,77.0,gfs_20260702T1800Z.json,-2.924999999999997
4374,2026-07-03 10:00:00+00:00,2026-07-03 04:00:00+00:00,2026-07-03 10:51:00+00:00,1,75.36,78.0,gfs_20260702T1800Z.json,-2.6400000000000006
4375,2026-07-03 11:00:00+00:00,2026-07-03 04:00:00+00:00,2026-07-03 11:51:00+00:00,1,79.425,81.0,gfs_20260702T1800Z.json,-1.5750000000000028
4376,2026-07-03 12:00:00+00:00,2026-07-03 04:00:00+00:00,2026-07-03 12:51:00+00:00,1,83.925,84.0,gfs_20260702T1800Z.json,-0.07500000000000284
4377,2026-07-03 13:00:00+00:00,2026-07-03 04:00:00+00:00,2026-07-03 13:51:00+00:00,1,88.595,88.0,gfs_20260702T1800Z.json,0.5949999999999989
4378,2026-07-03 14:00:00+00:00,2026-07-03 04:00:00+00:00,2026-07-03 14:51:00+00:00,1,93.295,92.0,gfs_20260702T1800Z.json,1.2950000000000017
4379,2026-07-03 15:00:00+00:00,2026-07-03 04:00:00+00:00,2026-07-03 15:51:00+00:00,1,97.05999999999999,96.0,gfs_20260702T1800Z.json,1.059999999999988
4380,2026-07-03 16:00:00+00:00,2026-07-03 04:00:00+00:00,2026-07-03 16:51:00+00:00,1,99.555,97.0,gfs_20260702T1800Z.json,2.555000000000007
4381,2026-07-03 17:00:00+00:00,2026-07-03 04:00:00+00:00,2026-07-03 17:51:00+00:00,1,101.26,97.0,gfs_20260702T1800Z.json,4.260000000000005
4382,2026-07-03 18:00:00+00:00,2026-07-03 04:00:00+00:00,2026-07-03 18:51:00+00:00,1,102.605,100.0,gfs_20260702T1800Z.json,2.605000000000004
4383,2026-07-03 19:00:00+00:00,2026-07-03 04:00:00+00:00,2026-07-03 19:51:00+00:00,1,103.14,100.4,gfs_20260702T1800Z.json,2.739999999999995
4384,2026-07-03 20:00:00+00:00,2026-07-03 04:00:00+00:00,2026-07-03 20:51:00+00:00,1,103.03,101.0,gfs_20260702T1800Z.json,2.030000000000001
4385,2026-07-03 21:00:00+00:00,2026-07-03 04:00:00+00:00,2026-07-03 21:51:00+00:00,1,101.895,100.0,gfs_20260702T1800Z.json,1.894999999999996
4386,2026-07-03 22:00:00+00:00,2026-07-03 04:00:00+00:00,2026-07-03 22:51:00+00:00,1,99.15,99.0,gfs_20260702T1800Z.json,0.15000000000000568
4387,2026-07-03 23:00:00+00:00,2026-07-03 04:00:00+00:00,2026-07-03 23:51:00+00:00,1,94.19500000000001,96.0,gfs_20260702T1800Z.json,-1.8049999999999926
4388,2026-07-04 00:00:00+00:00,2026-07-03 04:00:00+00:00,2026-07-04 00:51:00+00:00,1,90.51,92.0,gfs_20260702T1800Z.json,-1.4899999999999949
4389,2026-07-04 01:00:00+00:00,2026-07-03 04:00:00+00:00,2026-07-04 01:51:00+00:00,1,86.685,90.0,gfs_20260702T1800Z.json,-3.3149999999999977
4390,2026-07-04 02:00:00+00:00,2026-07-03 04:00:00+00:00,2026-07-04 02:51:00+00:00,1,84.82499999999999,89.0,gfs_20260702T1800Z.json,-4.175000000000011
4391,2026-07-04 03:00:00+00:00,2026-07-03 04:00:00+00:00,2026-07-04 03:51:00+00:00,1,82.645,87.0,gfs_20260702T1800Z.json,-4.355000000000004
4392,2026-07-04 04:00:00+00:00,2026-07-03 04:00:00+00:00,2026-07-04 04:51:00+00:00,2,80.77,85.0,gfs_20260702T1800Z.json,-4.230000000000004
4393,2026-07-04 05:00:00+00:00,2026-07-03 04:00:00+00:00,2026-07-04 05:51:00+00:00,2,79.225,84.0,gfs_20260702T1800Z.json,-4.775000000000006
4394,2026-07-04 06:00:00+00:00,2026-07-03 04:00:00+00:00,2026-07-04 06:51:00+00:00,2,77.81,83.0,gfs_20260702T1800Z.json,-5.189999999999998
4395,2026-07-04 07:00:00+00:00,2026-07-03 04:00:00+00:00,2026-07-04 07:51:00+00:00,2,76.66499999999999,82.0,gfs_20260702T1800Z.json,-5.335000000000008
4396,2026-07-04 08:00:00+00:00,2026-07-03 04:00:00+00:00,2026-07-04 08:51:00+00:00,2,75.905,81.0,gfs_20260702T1800Z.json,-5.094999999999999
4397,2026-07-04 09:00:00+00:00,2026-07-03 04:00:00+00:00,2026-07-04 09:51:00+00:00,2,75.03500000000001,80.0,gfs_20260702T1800Z.json,-4.964999999999989
4398,2026-07-04 10:00:00+00:00,2026-07-03 04:00:00+00:00,2026-07-04 10:51:00+00:00,2,75.325,80.0,gfs_20260702T1800Z.json,-4.674999999999997
4399,2026-07-04 11:00:00+00:00,2026-07-03 04:00:00+00:00,2026-07-04 11:51:00+00:00,2,79.395,82.0,gfs_20260702T1800Z.json,-2.605000000000004
4400,2026-07-04 12:00:00+00:00,2026-07-03 04:00:00+00:00,2026-07-04 12:51:00+00:00,2,84.265,84.0,gfs_20260702T1800Z.json,0.26500000000000057
4401,2026-07-04 13:00:00+00:00,2026-07-03 04:00:00+00:00,2026-07-04 13:51:00+00:00,2,88.825,88.0,gfs_20260702T1800Z.json,0.8250000000000028
4402,2026-07-04 14:00:00+00:00,2026-07-03 04:00:00+00:00,2026-07-04 14:51:00+00:00,2,93.325,90.0,gfs_20260702T1800Z.json,3.325000000000003
4403,2026-07-04 15:00:00+00:00,2026-07-03 04:00:00+00:00,2026-07-04 15:51:00+00:00,2,97.485,96.0,gfs_20260702T1800Z.json,1.4849999999999994
4404,2026-07-04 16:00:00+00:00,2026-07-03 04:00:00+00:00,2026-07-04 16:51:00+00:00,2,100.735,97.0,gfs_20260702T1800Z.json,3.7349999999999994
4405,2026-07-04 17:00:00+00:00,2026-07-03 04:00:00+00:00,2026-07-04 17:51:00+00:00,2,102.73,98.0,gfs_20260702T1800Z.json,4.730000000000004
4406,2026-07-04 18:00:00+00:00,2026-07-03 04:00:00+00:00,2026-07-04 18:51:00+00:00,2,103.765,100.0,gfs_20260702T1800Z.json,3.7650000000000006
4407,2026-07-04 19:00:00+00:00,2026-07-03 04:00:00+00:00,2026-07-04 19:51:00+00:00,2,104.07,99.0,gfs_20260702T1800Z.json,5.069999999999993
4408,2026-07-04 20:00:00+00:00,2026-07-03 04:00:00+00:00,2026-07-04 20:51:00+00:00,2,104.1,101.0,gfs_20260702T1800Z.json,3.0999999999999943
4409,2026-07-04 21:00:00+00:00,2026-07-03 04:00:00+00:00,2026-07-04 21:51:00+00:00,2,102.23,101.0,gfs_20260702T1800Z.json,1.230000000000004
4410,2026-07-04 22:00:00+00:00,2026-07-03 04:00:00+00:00,2026-07-04 22:51:00+00:00,2,99.18,99.0,gfs_20260702T1800Z.json,0.18000000000000682
4411,2026-07-04 23:00:00+00:00,2026-07-03 04:00:00+00:00,2026-07-04 23:51:00+00:00,2,94.535,95.0,gfs_20260702T1800Z.json,-0.4650000000000034
4412,2026-07-05 00:00:00+00:00,2026-07-03 04:00:00+00:00,2026-07-05 00:51:00+00:00,2,88.10499999999999,94.0,gfs_20260702T1800Z.json,-5.89500000000001
4413,2026-07-05 01:00:00+00:00,2026-07-03 04:00:00+00:00,2026-07-05 01:51:00+00:00,2,81.49,92.0,gfs_20260702T1800Z.json,-10.510000000000005
4414,2026-07-05 02:00:00+00:00,2026-07-03 04:00:00+00:00,2026-07-05 02:51:00+00:00,2,79.735,90.0,gfs_20260702T1800Z.json,-10.265
4415,2026-07-05 03:00:00+00:00,2026-07-03 04:00:00+00:00,2026-07-05 03:51:00+00:00,2,78.32499999999999,87.0,gfs_20260702T1800Z.json,-8.675000000000011
4416,2026-07-05 04:00:00+00:00,2026-07-03 04:00:00+00:00,2026-07-05 04:51:00+00:00,3,78.1,86.0,gfs_20260702T1800Z.json,-7.900000000000006
4417,2026-07-05 05:00:00+00:00,2026-07-03 04:00:00+00:00,2026-07-05 05:51:00+00:00,3,75.72,83.0,gfs_20260702T1800Z.json,-7.280000000000001
4418,2026-07-05 06:00:00+00:00,2026-07-03 04:00:00+00:00,2026-07-05 06:51:00+00:00,3,75.13,81.0,gfs_20260702T1800Z.json,-5.8700000000000045
4419,2026-07-05 07:00:00+00:00,2026-07-03 04:00:00+00:00,2026-07-05 07:51:00+00:00,3,73.99499999999999,80.0,gfs_20260702T1800Z.json,-6.00500000000001
4420,2026-07-05 08:00:00+00:00,2026-07-03 04:00:00+00:00,2026-07-05 08:51:00+00:00,3,73.205,79.0,gfs_20260702T1800Z.json,-5.795000000000002
4421,2026-07-05 09:00:00+00:00,2026-07-03 04:00:00+00:00,2026-07-05 09:51:00+00:00,3,72.76,78.0,gfs_20260702T1800Z.json,-5.239999999999995
4422,2026-07-05 10:00:00+00:00,2026-07-03 04:00:00+00:00,2026-07-05 10:51:00+00:00,3,73.805,79.0,gfs_20260702T1800Z.json,-5.194999999999993
4423,2026-07-05 11:00:00+00:00,2026-07-03 04:00:00+00:00,2026-07-05 11:51:00+00:00,3,77.825,79.0,gfs_20260702T1800Z.json,-1.1749999999999972
4424,2026-07-05 12:00:00+00:00,2026-07-03 04:00:00+00:00,2026-07-05 12:51:00+00:00,3,82.325,82.0,gfs_20260702T1800Z.json,0.32500000000000284
4425,2026-07-05 13:00:00+00:00,2026-07-03 04:00:00+00:00,2026-07-05 13:51:00+00:00,3,87.165,85.0,gfs_20260702T1800Z.json,2.1650000000000063
4426,2026-07-05 14:00:00+00:00,2026-07-03 04:00:00+00:00,2026-07-05 14:51:00+00:00,3,91.81,89.0,gfs_20260702T1800Z.json,2.8100000000000023
4427,2026-07-05 15:00:00+00:00,2026-07-03 04:00:00+00:00,2026-07-05 15:51:00+00:00,3,95.9,94.0,gfs_20260702T1800Z.json,1.9000000000000057
4428,2026-07-05 16:00:00+00:00,2026-07-03 04:00:00+00:00,2026-07-05 16:51:00+00:00,3,98.965,95.0,gfs_20260702T1800Z.json,3.9650000000000034
4429,2026-07-05 17:00:00+00:00,2026-07-03 04:00:00+00:00,2026-07-05 17:51:00+00:00,3,101.10000000000001,97.0,gfs_20260702T1800Z.json,4.1000000000000085
4430,2026-07-05 18:00:00+00:00,2026-07-03 04:00:00+00:00,2026-07-05 18:51:00+00:00,3,102.42,97.0,gfs_20260702T1800Z.json,5.420000000000002
4431,2026-07-05 19:00:00+00:00,2026-07-03 04:00:00+00:00,2026-07-05 19:51:00+00:00,3,102.77,92.0,gfs_20260702T1800Z.json,10.769999999999996
4432,2026-07-05 20:00:00+00:00,2026-07-03 04:00:00+00:00,2026-07-05 20:51:00+00:00,3,102.375,74.0,gfs_20260702T1800Z.json,28.375
4433,2026-07-05 21:00:00+00:00,2026-07-03 04:00:00+00:00,2026-07-05 21:51:00+00:00,3,100.77,74.0,gfs_20260702T1800Z.json,26.769999999999996
4434,2026-07-05 22:00:00+00:00,2026-07-03 04:00:00+00:00,2026-07-05 22:51:00+00:00,3,98.29,74.0,gfs_20260702T1800Z.json,24.290000000000006
4435,2026-07-05 23:00:00+00:00,2026-07-03 04:00:00+00:00,2026-07-05 23:51:00+00:00,3,94.24499999999999,77.0,gfs_20260702T1800Z.json,17.24499999999999
4436,2026-07-06 00:00:00+00:00,2026-07-03 04:00:00+00:00,2026-07-06 00:51:00+00:00,3,91.05,76.0,gfs_20260702T1800Z.json,15.049999999999997
4437,2026-07-06 01:00:00+00:00,2026-07-03 04:00:00+00:00,2026-07-06 01:51:00+00:00,3,87.19999999999999,77.0,gfs_20260702T1800Z.json,10.199999999999989
4438,2026-07-06 02:00:00+00:00,2026-07-03 04:00:00+00:00,2026-07-06 02:51:00+00:00,3,83.19999999999999,76.0,gfs_20260702T1800Z.json,7.199999999999989
4439,2026-07-06 03:00:00+00:00,2026-07-03 04:00:00+00:00,2026-07-06 03:51:00+00:00,3,81.58,76.0,gfs_20260702T1800Z.json,5.579999999999998
4440,2026-07-06 04:00:00+00:00,2026-07-03 04:00:00+00:00,2026-07-06 04:51:00+00:00,4,78.595,75.0,gfs_20260702T1800Z.json,3.594999999999999
4441,2026-07-06 05:00:00+00:00,2026-07-03 04:00:00+00:00,2026-07-06 05:51:00+00:00,4,77.845,75.0,gfs_20260702T1800Z.json,2.844999999999999
4442,2026-07-06 06:00:00+00:00,2026-07-03 04:00:00+00:00,2026-07-06 06:51:00+00:00,4,77.29,75.0,gfs_20260702T1800Z.json,2.2900000000000063
4443,2026-07-06 07:00:00+00:00,2026-07-03 04:00:00+00:00,2026-07-06 07:51:00+00:00,4,76.18,75.0,gfs_20260702T1800Z.json,1.1800000000000068
4444,2026-07-06 08:00:00+00:00,2026-07-03 04:00:00+00:00,2026-07-06 08:51:00+00:00,4,75.065,74.0,gfs_20260702T1800Z.json,1.0649999999999977
4445,2026-07-06 09:00:00+00:00,2026-07-03 04:00:00+00:00,2026-07-06 09:51:00+00:00,4,73.965,73.0,gfs_20260702T1800Z.json,0.9650000000000034
4446,2026-07-06 10:00:00+00:00,2026-07-03 04:00:00+00:00,2026-07-06 10:51:00+00:00,4,75.075,74.0,gfs_20260702T1800Z.json,1.0750000000000028
4447,2026-07-06 11:00:00+00:00,2026-07-03 04:00:00+00:00,2026-07-06 11:51:00+00:00,4,78.615,76.0,gfs_20260702T1800Z.json,2.614999999999995
4448,2026-07-06 12:00:00+00:00,2026-07-03 04:00:00+00:00,2026-07-06 12:51:00+00:00,4,82.43,78.0,gfs_20260702T1800Z.json,4.430000000000007
4449,2026-07-06 13:00:00+00:00,2026-07-03 04:00:00+00:00,2026-07-06 13:51:00+00:00,4,85.89,81.0,gfs_20260702T1800Z.json,4.890000000000001
4450,2026-07-06 14:00:00+00:00,2026-07-03 04:00:00+00:00,2026-07-06 14:51:00+00:00,4,90.395,84.0,gfs_20260702T1800Z.json,6.394999999999996
4451,2026-07-06 15:00:00+00:00,2026-07-03 04:00:00+00:00,2026-07-06 15:51:00+00:00,4,94.16,85.0,gfs_20260702T1800Z.json,9.159999999999997
4452,2026-07-06 16:00:00+00:00,2026-07-03 04:00:00+00:00,2026-07-06 16:51:00+00:00,4,97.16499999999999,90.0,gfs_20260702T1800Z.json,7.164999999999992
4453,2026-07-06 17:00:00+00:00,2026-07-03 04:00:00+00:00,2026-07-06 17:51:00+00:00,4,99.385,91.0,gfs_20260702T1800Z.json,8.385000000000005
4454,2026-07-06 18:00:00+00:00,2026-07-03 04:00:00+00:00,2026-07-06 18:51:00+00:00,4,101.4,93.0,gfs_20260702T1800Z.json,8.400000000000006
4455,2026-07-06 19:00:00+00:00,2026-07-03 04:00:00+00:00,2026-07-06 19:51:00+00:00,4,98.21499999999999,95.0,gfs_20260702T1800Z.json,3.214999999999989
4456,2026-07-06 20:00:00+00:00,2026-07-03 04:00:00+00:00,2026-07-06 20:51:00+00:00,4,88.25,96.0,gfs_20260702T1800Z.json,-7.75
4457,2026-07-06 21:00:00+00:00,2026-07-03 04:00:00+00:00,2026-07-06 21:51:00+00:00,4,84.305,91.0,gfs_20260702T1800Z.json,-6.694999999999993
4458,2026-07-06 22:00:00+00:00,2026-07-03 04:00:00+00:00,2026-07-06 22:51:00+00:00,4,88.49,88.0,gfs_20260702T1800Z.json,0.4899999999999949
4459,2026-07-06 23:00:00+00:00,2026-07-03 04:00:00+00:00,2026-07-06 23:51:00+00:00,4,86.83500000000001,75.0,gfs_20260702T1800Z.json,11.835000000000008
4460,2026-07-07 00:00:00+00:00,2026-07-03 04:00:00+00:00,2026-07-07 00:51:00+00:00,4,82.32,76.0,gfs_20260702T1800Z.json,6.319999999999993
4461,2026-07-07 01:00:00+00:00,2026-07-03 04:00:00+00:00,2026-07-07 01:51:00+00:00,4,77.86,76.0,gfs_20260702T1800Z.json,1.8599999999999994
4462,2026-07-07 02:00:00+00:00,2026-07-03 04:00:00+00:00,2026-07-07 02:51:00+00:00,4,76.435,77.0,gfs_20260702T1800Z.json,-0.5649999999999977
4463,2026-07-07 03:00:00+00:00,2026-07-03 04:00:00+00:00,2026-07-07 03:51:00+00:00,4,75.705,75.0,gfs_20260702T1800Z.json,0.7049999999999983
4464,2026-07-07 04:00:00+00:00,2026-07-03 04:00:00+00:00,2026-07-07 04:51:00+00:00,5,76.11,74.0,gfs_20260702T1800Z.json,2.1099999999999994
4465,2026-07-07 05:00:00+00:00,2026-07-03 04:00:00+00:00,2026-07-07 05:51:00+00:00,5,74.925,73.0,gfs_20260702T1800Z.json,1.9249999999999972
4466,2026-07-07 06:00:00+00:00,2026-07-03 04:00:00+00:00,2026-07-07 06:51:00+00:00,5,73.51,73.0,gfs_20260702T1800Z.json,0.5100000000000051
4467,2026-07-07 07:00:00+00:00,2026-07-03 04:00:00+00:00,2026-07-07 07:51:00+00:00,5,73.13,75.0,gfs_20260702T1800Z.json,-1.8700000000000045
4468,2026-07-07 08:00:00+00:00,2026-07-03 04:00:00+00:00,2026-07-07 08:51:00+00:00,5,72.93,75.0,gfs_20260702T1800Z.json,-2.069999999999993
4469,2026-07-07 09:00:00+00:00,2026-07-03 04:00:00+00:00,2026-07-07 09:51:00+00:00,5,72.73,74.0,gfs_20260702T1800Z.json,-1.269999999999996
4470,2026-07-07 10:00:00+00:00,2026-07-03 04:00:00+00:00,2026-07-07 10:51:00+00:00,5,73.38,75.0,gfs_20260702T1800Z.json,-1.6200000000000045
4471,2026-07-07 11:00:00+00:00,2026-07-03 04:00:00+00:00,2026-07-07 11:51:00+00:00,5,75.795,77.0,gfs_20260702T1800Z.json,-1.2049999999999983
4472,2026-07-07 12:00:00+00:00,2026-07-03 04:00:00+00:00,2026-07-07 12:51:00+00:00,5,79.345,79.0,gfs_20260702T1800Z.json,0.34499999999999886
4473,2026-07-07 13:00:00+00:00,2026-07-03 04:00:00+00:00,2026-07-07 13:51:00+00:00,5,83.72500000000001,82.0,gfs_20260702T1800Z.json,1.7250000000000085
4474,2026-07-07 14:00:00+00:00,2026-07-03 04:00:00+00:00,2026-07-07 14:51:00+00:00,5,88.22500000000001,84.0,gfs_20260702T1800Z.json,4.2250000000000085
4475,2026-07-07 15:00:00+00:00,2026-07-03 04:00:00+00:00,2026-07-07 15:51:00+00:00,5,91.96,86.0,gfs_20260702T1800Z.json,5.959999999999994
4476,2026-07-07 16:00:00+00:00,2026-07-03 04:00:00+00:00,2026-07-07 16:51:00+00:00,5,95.13499999999999,88.0,gfs_20260702T1800Z.json,7.134999999999991
4477,2026-07-07 17:00:00+00:00,2026-07-03 04:00:00+00:00,2026-07-07 17:51:00+00:00,5,97.3,88.0,gfs_20260702T1800Z.json,9.299999999999997
4478,2026-07-07 18:00:00+00:00,2026-07-03 04:00:00+00:00,2026-07-07 18:51:00+00:00,5,97.09,90.0,gfs_20260702T1800Z.json,7.090000000000003
4479,2026-07-07 19:00:00+00:00,2026-07-03 04:00:00+00:00,2026-07-07 19:51:00+00:00,5,95.13,89.0,gfs_20260702T1800Z.json,6.1299999999999955
4480,2026-07-07 20:00:00+00:00,2026-07-03 04:00:00+00:00,2026-07-07 20:51:00+00:00,5,92.42,88.0,gfs_20260702T1800Z.json,4.420000000000002
4481,2026-07-07 21:00:00+00:00,2026-07-03 04:00:00+00:00,2026-07-07 21:51:00+00:00,5,88.77,88.0,gfs_20260702T1800Z.json,0.769999999999996
4482,2026-07-07 22:00:00+00:00,2026-07-03 04:00:00+00:00,2026-07-07 22:51:00+00:00,5,84.46,85.0,gfs_20260702T1800Z.json,-0.5400000000000063
4483,2026-07-07 23:00:00+00:00,2026-07-03 04:00:00+00:00,2026-07-07 23:51:00+00:00,5,80.825,75.2,gfs_20260702T1800Z.json,5.625
4484,2026-07-08 00:00:00+00:00,2026-07-03 04:00:00+00:00,2026-07-08 00:51:00+00:00,5,78.685,75.0,gfs_20260702T1800Z.json,3.6850000000000023
4485,2026-07-08 01:00:00+00:00,2026-07-03 04:00:00+00:00,2026-07-08 01:51:00+00:00,5,77.635,76.0,gfs_20260702T1800Z.json,1.6350000000000051
4486,2026-07-08 02:00:00+00:00,2026-07-03 04:00:00+00:00,2026-07-08 02:51:00+00:00,5,77.16,77.0,gfs_20260702T1800Z.json,0.1599999999999966
4487,2026-07-08 03:00:00+00:00,2026-07-03 04:00:00+00:00,2026-07-08 03:51:00+00:00,5,77.185,76.0,gfs_20260702T1800Z.json,1.1850000000000023
4488,2026-07-08 04:00:00+00:00,2026-07-03 04:00:00+00:00,2026-07-08 04:51:00+00:00,6,77.71,76.0,gfs_20260702T1800Z.json,1.7099999999999937
4489,2026-07-08 05:00:00+00:00,2026-07-03 04:00:00+00:00,2026-07-08 05:51:00+00:00,6,77.8,75.0,gfs_20260702T1800Z.json,2.799999999999997
4490,2026-07-08 06:00:00+00:00,2026-07-03 04:00:00+00:00,2026-07-08 06:51:00+00:00,6,76.27,74.0,gfs_20260702T1800Z.json,2.269999999999996
4491,2026-07-08 07:00:00+00:00,2026-07-03 04:00:00+00:00,2026-07-08 07:51:00+00:00,6,73.96,74.0,gfs_20260702T1800Z.json,-0.04000000000000625
4492,2026-07-08 08:00:00+00:00,2026-07-03 04:00:00+00:00,2026-07-08 08:51:00+00:00,6,72.58,74.0,gfs_20260702T1800Z.json,-1.4200000000000017
4493,2026-07-08 09:00:00+00:00,2026-07-03 04:00:00+00:00,2026-07-08 09:51:00+00:00,6,72.825,73.0,gfs_20260702T1800Z.json,-0.17499999999999716
4494,2026-07-08 10:00:00+00:00,2026-07-03 04:00:00+00:00,2026-07-08 10:51:00+00:00,6,74.43,74.0,gfs_20260702T1800Z.json,0.4300000000000068
4495,2026-07-08 11:00:00+00:00,2026-07-03 04:00:00+00:00,2026-07-08 11:51:00+00:00,6,76.995,75.0,gfs_20260702T1800Z.json,1.9950000000000045
4496,2026-07-08 12:00:00+00:00,2026-07-03 04:00:00+00:00,2026-07-08 12:51:00+00:00,6,81.055,77.0,gfs_20260702T1800Z.json,4.055000000000007
4497,2026-07-08 13:00:00+00:00,2026-07-03 04:00:00+00:00,2026-07-08 13:51:00+00:00,6,86.12,81.0,gfs_20260702T1800Z.json,5.1200000000000045
4498,2026-07-08 14:00:00+00:00,2026-07-03 04:00:00+00:00,2026-07-08 14:51:00+00:00,6,90.81,83.0,gfs_20260702T1800Z.json,7.810000000000002
4499,2026-07-08 15:00:00+00:00,2026-07-03 04:00:00+00:00,2026-07-08 15:51:00+00:00,6,94.13499999999999,85.0,gfs_20260702T1800Z.json,9.134999999999991
4500,2026-07-08 16:00:00+00:00,2026-07-03 04:00:00+00:00,2026-07-08 16:51:00+00:00,6,96.64,86.0,gfs_20260702T1800Z.json,10.64
4501,2026-07-08 17:00:00+00:00,2026-07-03 04:00:00+00:00,2026-07-08 17:51:00+00:00,6,98.53,89.0,gfs_20260702T1800Z.json,9.530000000000001
4502,2026-07-08 18:00:00+00:00,2026-07-03 04:00:00+00:00,2026-07-08 18:51:00+00:00,6,100.16000000000001,90.0,gfs_20260702T1800Z.json,10.16000000000001
4503,2026-07-08 19:00:00+00:00,2026-07-03 04:00:00+00:00,2026-07-08 19:51:00+00:00,6,101.16499999999999,88.0,gfs_20260702T1800Z.json,13.164999999999992
4504,2026-07-08 20:00:00+00:00,2026-07-03 04:00:00+00:00,2026-07-08 20:51:00+00:00,6,100.705,89.0,gfs_20260702T1800Z.json,11.704999999999998
4505,2026-07-08 21:00:00+00:00,2026-07-03 04:00:00+00:00,2026-07-08 21:51:00+00:00,6,97.71000000000001,90.0,gfs_20260702T1800Z.json,7.710000000000008
4506,2026-07-08 22:00:00+00:00,2026-07-03 04:00:00+00:00,2026-07-08 22:51:00+00:00,6,93.035,91.0,gfs_20260702T1800Z.json,2.0349999999999966
4507,2026-07-08 23:00:00+00:00,2026-07-03 04:00:00+00:00,2026-07-08 23:51:00+00:00,6,88.645,82.0,gfs_20260702T1800Z.json,6.644999999999996
4508,2026-07-09 00:00:00+00:00,2026-07-03 04:00:00+00:00,2026-07-09 00:51:00+00:00,6,85.96,80.0,gfs_20260702T1800Z.json,5.959999999999994
4509,2026-07-09 01:00:00+00:00,2026-07-03 04:00:00+00:00,2026-07-09 01:51:00+00:00,6,84.07,78.0,gfs_20260702T1800Z.json,6.069999999999993
4510,2026-07-09 02:00:00+00:00,2026-07-03 04:00:00+00:00,2026-07-09 02:51:00+00:00,6,82.52499999999999,78.0,gfs_20260702T1800Z.json,4.5249999999999915
4511,2026-07-09 03:00:00+00:00,2026-07-03 04:00:00+00:00,2026-07-09 03:51:00+00:00,6,80.77,77.0,gfs_20260702T1800Z.json,3.769999999999996
4512,2026-07-09 04:00:00+00:00,2026-07-03 04:00:00+00:00,2026-07-09 04:51:00+00:00,7,79.14,77.0,gfs_20260702T1800Z.json,2.1400000000000006
4513,2026-07-09 05:00:00+00:00,2026-07-03 04:00:00+00:00,2026-07-09 05:51:00+00:00,7,77.965,76.0,gfs_20260702T1800Z.json,1.9650000000000034
4514,2026-07-09 06:00:00+00:00,2026-07-03 04:00:00+00:00,2026-07-09 06:51:00+00:00,7,77.29,75.0,gfs_20260702T1800Z.json,2.2900000000000063
4515,2026-07-09 07:00:00+00:00,2026-07-03 04:00:00+00:00,2026-07-09 07:51:00+00:00,7,77.115,75.0,gfs_20260702T1800Z.json,2.114999999999995
4516,2026-07-09 08:00:00+00:00,2026-07-03 04:00:00+00:00,2026-07-09 08:51:00+00:00,7,77.185,74.0,gfs_20260702T1800Z.json,3.1850000000000023
4517,2026-07-09 09:00:00+00:00,2026-07-03 04:00:00+00:00,2026-07-09 09:51:00+00:00,7,77.285,74.0,gfs_20260702T1800Z.json,3.2849999999999966
4518,2026-07-09 10:00:00+00:00,2026-07-03 04:00:00+00:00,2026-07-09 10:51:00+00:00,7,77.47,74.0,gfs_20260702T1800Z.json,3.469999999999999
4519,2026-07-09 11:00:00+00:00,2026-07-03 04:00:00+00:00,2026-07-09 11:51:00+00:00,7,78.17999999999999,77.0,gfs_20260702T1800Z.json,1.1799999999999926
4520,2026-07-09 12:00:00+00:00,2026-07-03 04:00:00+00:00,2026-07-09 12:51:00+00:00,7,79.49,79.0,gfs_20260702T1800Z.json,0.4899999999999949
4521,2026-07-09 13:00:00+00:00,2026-07-03 04:00:00+00:00,2026-07-09 13:51:00+00:00,7,81.315,82.0,gfs_20260702T1800Z.json,-0.6850000000000023
4522,2026-07-09 14:00:00+00:00,2026-07-03 04:00:00+00:00,2026-07-09 14:51:00+00:00,7,83.895,86.0,gfs_20260702T1800Z.json,-2.105000000000004
4523,2026-07-09 15:00:00+00:00,2026-07-03 04:00:00+00:00,2026-07-09 15:51:00+00:00,7,87.615,88.0,gfs_20260702T1800Z.json,-0.3850000000000051
4524,2026-07-09 16:00:00+00:00,2026-07-03 04:00:00+00:00,2026-07-09 16:51:00+00:00,7,92.19500000000001,91.0,gfs_20260702T1800Z.json,1.1950000000000074
4525,2026-07-09 17:00:00+00:00,2026-07-03 04:00:00+00:00,2026-07-09 17:51:00+00:00,7,95.96,91.0,gfs_20260702T1800Z.json,4.959999999999994
4526,2026-07-09 18:00:00+00:00,2026-07-03 04:00:00+00:00,2026-07-09 18:51:00+00:00,7,98.285,94.0,gfs_20260702T1800Z.json,4.284999999999997
4527,2026-07-09 19:00:00+00:00,2026-07-03 04:00:00+00:00,2026-07-09 19:51:00+00:00,7,99.535,95.0,gfs_20260702T1800Z.json,4.534999999999997
4528,2026-07-09 20:00:00+00:00,2026-07-03 04:00:00+00:00,2026-07-09 20:51:00+00:00,7,99.615,94.0,gfs_20260702T1800Z.json,5.614999999999995
4529,2026-07-09 21:00:00+00:00,2026-07-03 04:00:00+00:00,2026-07-09 21:51:00+00:00,7,98.155,95.0,gfs_20260702T1800Z.json,3.155000000000001
4530,2026-07-09 22:00:00+00:00,2026-07-03 04:00:00+00:00,2026-07-09 22:51:00+00:00,7,95.435,93.0,gfs_20260702T1800Z.json,2.4350000000000023
4531,2026-07-09 23:00:00+00:00,2026-07-03 04:00:00+00:00,2026-07-09 23:51:00+00:00,7,91.685,91.0,gfs_20260702T1800Z.json,0.6850000000000023
4532,2026-07-10 00:00:00+00:00,2026-07-03 04:00:00+00:00,2026-07-10 00:51:00+00:00,7,86.25500000000001,91.0,gfs_20260702T1800Z.json,-4.74499999999999
4533,2026-07-10 01:00:00+00:00,2026-07-03 04:00:00+00:00,2026-07-10 01:51:00+00:00,7,79.705,87.8,gfs_20260702T1800Z.json,-8.094999999999999
4534,2026-07-10 02:00:00+00:00,2026-07-03 04:00:00+00:00,2026-07-10 02:51:00+00:00,7,74.705,85.0,gfs_20260702T1800Z.json,-10.295000000000002
4535,2026-07-10 03:00:00+00:00,2026-07-03 04:00:00+00:00,2026-07-10 03:51:00+00:00,7,73.235,84.0,gfs_20260702T1800Z.json,-10.765
4536,2026-07-10 04:00:00+00:00,2026-07-03 04:00:00+00:00,2026-07-10 04:51:00+00:00,8,74.035,81.0,gfs_20260702T1800Z.json,-6.965000000000003
4537,2026-07-10 05:00:00+00:00,2026-07-03 04:00:00+00:00,2026-07-10 05:51:00+00:00,8,74.96499999999999,79.0,gfs_20260702T1800Z.json,-4.035000000000011
4538,2026-07-10 06:00:00+00:00,2026-07-03 04:00:00+00:00,2026-07-10 06:51:00+00:00,8,74.59,78.0,gfs_20260702T1800Z.json,-3.4099999999999966
4539,2026-07-10 07:00:00+00:00,2026-07-03 04:00:00+00:00,2026-07-10 07:51:00+00:00,8,73.82000000000001,77.0,gfs_20260702T1800Z.json,-3.1799999999999926
4540,2026-07-10 08:00:00+00:00,2026-07-03 04:00:00+00:00,2026-07-10 08:51:00+00:00,8,73.53,76.0,gfs_20260702T1800Z.json,-2.469999999999999
4541,2026-07-10 09:00:00+00:00,2026-07-03 04:00:00+00:00,2026-07-10 09:51:00+00:00,8,73.925,76.0,gfs_20260702T1800Z.json,-2.075000000000003
4542,2026-07-10 10:00:00+00:00,2026-07-03 04:00:00+00:00,2026-07-10 10:51:00+00:00,8,75.02,77.0,gfs_20260702T1800Z.json,-1.980000000000004
4543,2026-07-10 11:00:00+00:00,2026-07-03 04:00:00+00:00,2026-07-10 11:51:00+00:00,8,77.07000000000001,79.0,gfs_20260702T1800Z.json,-1.9299999999999926
4544,2026-07-10 12:00:00+00:00,2026-07-03 04:00:00+00:00,2026-07-10 12:51:00+00:00,8,80.80000000000001,82.0,gfs_20260702T1800Z.json,-1.1999999999999886
4545,2026-07-10 13:00:00+00:00,2026-07-03 04:00:00+00:00,2026-07-10 13:51:00+00:00,8,85.82,86.0,gfs_20260702T1800Z.json,-0.18000000000000682
4546,2026-07-10 14:00:00+00:00,2026-07-03 04:00:00+00:00,2026-07-10 14:51:00+00:00,8,90.595,88.0,gfs_20260702T1800Z.json,2.594999999999999
4547,2026-07-10 15:00:00+00:00,2026-07-03 04:00:00+00:00,2026-07-10 15:51:00+00:00,8,94.78500000000001,91.0,gfs_20260702T1800Z.json,3.785000000000011
4548,2026-07-10 16:00:00+00:00,2026-07-03 04:00:00+00:00,2026-07-10 16:51:00+00:00,8,98.46,92.0,gfs_20260702T1800Z.json,6.459999999999994
4549,2026-07-10 17:00:00+00:00,2026-07-03 04:00:00+00:00,2026-07-10 17:51:00+00:00,8,101.04,94.0,gfs_20260702T1800Z.json,7.040000000000006
4550,2026-07-10 18:00:00+00:00,2026-07-03 04:00:00+00:00,2026-07-10 18:51:00+00:00,8,102.08,95.0,gfs_20260702T1800Z.json,7.079999999999998
4551,2026-07-10 19:00:00+00:00,2026-07-03 04:00:00+00:00,2026-07-10 19:51:00+00:00,8,101.775,95.0,gfs_20260702T1800Z.json,6.775000000000006
4552,2026-07-10 20:00:00+00:00,2026-07-03 04:00:00+00:00,2026-07-10 20:51:00+00:00,8,99.745,93.0,gfs_20260702T1800Z.json,6.7450000000000045
4553,2026-07-10 21:00:00+00:00,2026-07-03 04:00:00+00:00,2026-07-10 21:51:00+00:00,8,94.72500000000001,77.0,gfs_20260702T1800Z.json,17.72500000000001
4554,2026-07-10 22:00:00+00:00,2026-07-03 04:00:00+00:00,2026-07-10 22:51:00+00:00,8,87.78,75.0,gfs_20260702T1800Z.json,12.780000000000001
4555,2026-07-10 23:00:00+00:00,2026-07-03 04:00:00+00:00,2026-07-10 23:51:00+00:00,8,82.025,77.0,gfs_20260702T1800Z.json,5.025000000000006
4556,2026-07-11 00:00:00+00:00,2026-07-03 04:00:00+00:00,2026-07-11 00:51:00+00:00,8,79.5,76.0,gfs_20260702T1800Z.json,3.5
4557,2026-07-11 01:00:00+00:00,2026-07-03 04:00:00+00:00,2026-07-11 01:51:00+00:00,8,78.86,75.0,gfs_20260702T1800Z.json,3.8599999999999994
4558,2026-07-11 02:00:00+00:00,2026-07-03 04:00:00+00:00,2026-07-11 02:51:00+00:00,8,78.375,74.0,gfs_20260702T1800Z.json,4.375
4559,2026-07-11 03:00:00+00:00,2026-07-03 04:00:00+00:00,2026-07-11 03:51:00+00:00,8,77.02499999999999,74.0,gfs_20260702T1800Z.json,3.0249999999999915
4560,2026-07-11 04:00:00+00:00,2026-07-03 04:00:00+00:00,2026-07-11 04:51:00+00:00,9,75.35499999999999,75.0,gfs_20260702T1800Z.json,0.35499999999998977
4561,2026-07-11 05:00:00+00:00,2026-07-03 04:00:00+00:00,2026-07-11 05:51:00+00:00,9,73.99499999999999,74.0,gfs_20260702T1800Z.json,-0.005000000000009663
4562,2026-07-11 06:00:00+00:00,2026-07-03 04:00:00+00:00,2026-07-11 06:51:00+00:00,9,73.12,74.0,gfs_20260702T1800Z.json,-0.8799999999999955
4563,2026-07-11 07:00:00+00:00,2026-07-03 04:00:00+00:00,2026-07-11 07:51:00+00:00,9,72.575,74.0,gfs_20260702T1800Z.json,-1.4249999999999972
4564,2026-07-11 08:00:00+00:00,2026-07-03 04:00:00+00:00,2026-07-11 08:51:00+00:00,9,72.415,73.0,gfs_20260702T1800Z.json,-0.5849999999999937
4565,2026-07-11 09:00:00+00:00,2026-07-03 04:00:00+00:00,2026-07-11 09:51:00+00:00,9,72.4,73.0,gfs_20260702T1800Z.json,-0.5999999999999943
4566,2026-07-11 10:00:00+00:00,2026-07-03 04:00:00+00:00,2026-07-11 10:51:00+00:00,9,72.74,73.0,gfs_20260702T1800Z.json,-0.2600000000000051
4567,2026-07-11 11:00:00+00:00,2026-07-03 04:00:00+00:00,2026-07-11 11:51:00+00:00,9,74.415,75.0,gfs_20260702T1800Z.json,-0.5849999999999937
4568,2026-07-11 12:00:00+00:00,2026-07-03 04:00:00+00:00,2026-07-11 12:51:00+00:00,9,78.865,78.0,gfs_20260702T1800Z.json,0.8649999999999949
4569,2026-07-11 13:00:00+00:00,2026-07-03 04:00:00+00:00,2026-07-11 13:51:00+00:00,9,85.04,81.0,gfs_20260702T1800Z.json,4.040000000000006
4570,2026-07-11 14:00:00+00:00,2026-07-03 04:00:00+00:00,2026-07-11 14:51:00+00:00,9,89.995,84.0,gfs_20260702T1800Z.json,5.9950000000000045
4571,2026-07-11 15:00:00+00:00,2026-07-03 04:00:00+00:00,2026-07-11 15:51:00+00:00,9,91.635,87.0,gfs_20260702T1800Z.json,4.635000000000005
4572,2026-07-11 16:00:00+00:00,2026-07-03 04:00:00+00:00,2026-07-11 16:51:00+00:00,9,91.29,88.0,gfs_20260702T1800Z.json,3.2900000000000063
4573,2026-07-11 17:00:00+00:00,2026-07-03 04:00:00+00:00,2026-07-11 17:51:00+00:00,9,91.115,89.0,gfs_20260702T1800Z.json,2.114999999999995
4574,2026-07-11 18:00:00+00:00,2026-07-03 04:00:00+00:00,2026-07-11 18:51:00+00:00,9,92.8,91.0,gfs_20260702T1800Z.json,1.7999999999999972
4575,2026-07-11 19:00:00+00:00,2026-07-03 04:00:00+00:00,2026-07-11 19:51:00+00:00,9,95.31,89.0,gfs_20260702T1800Z.json,6.310000000000002
4576,2026-07-11 20:00:00+00:00,2026-07-03 04:00:00+00:00,2026-07-11 20:51:00+00:00,9,96.55,91.0,gfs_20260702T1800Z.json,5.549999999999997
4577,2026-07-11 21:00:00+00:00,2026-07-03 04:00:00+00:00,2026-07-11 21:51:00+00:00,9,95.0,83.0,gfs_20260702T1800Z.json,12.0
4578,2026-07-11 22:00:00+00:00,2026-07-03 04:00:00+00:00,2026-07-11 22:51:00+00:00,9,91.555,86.0,gfs_20260702T1800Z.json,5.555000000000007
4579,2026-07-11 23:00:00+00:00,2026-07-03 04:00:00+00:00,2026-07-11 23:51:00+00:00,9,88.025,83.0,gfs_20260702T1800Z.json,5.025000000000006
4580,2026-07-12 00:00:00+00:00,2026-07-03 04:00:00+00:00,2026-07-12 00:51:00+00:00,9,84.95,80.0,gfs_20260702T1800Z.json,4.950000000000003
4581,2026-07-12 01:00:00+00:00,2026-07-03 04:00:00+00:00,2026-07-12 01:51:00+00:00,9,82.035,79.0,gfs_20260702T1800Z.json,3.0349999999999966
4582,2026-07-12 02:00:00+00:00,2026-07-03 04:00:00+00:00,2026-07-12 02:51:00+00:00,9,79.73,79.0,gfs_20260702T1800Z.json,0.730000000000004
4583,2026-07-12 03:00:00+00:00,2026-07-03 04:00:00+00:00,2026-07-12 03:51:00+00:00,9,78.38000000000001,79.0,gfs_20260702T1800Z.json,-0.6199999999999903
4584,2026-07-12 04:00:00+00:00,2026-07-03 04:00:00+00:00,2026-07-12 04:51:00+00:00,10,77.775,76.0,gfs_20260702T1800Z.json,1.7750000000000057
4585,2026-07-12 05:00:00+00:00,2026-07-03 04:00:00+00:00,2026-07-12 05:51:00+00:00,10,77.275,76.0,gfs_20260702T1800Z.json,1.2750000000000057
4586,2026-07-12 06:00:00+00:00,2026-07-03 04:00:00+00:00,2026-07-12 06:51:00+00:00,10,76.35000000000001,76.0,gfs_20260702T1800Z.json,0.3500000000000085
4587,2026-07-12 07:00:00+00:00,2026-07-03 04:00:00+00:00,2026-07-12 07:51:00+00:00,10,75.265,76.0,gfs_20260702T1800Z.json,-0.7349999999999994
4588,2026-07-12 08:00:00+00:00,2026-07-03 04:00:00+00:00,2026-07-12 08:51:00+00:00,10,74.93,74.0,gfs_20260702T1800Z.json,0.9300000000000068
4589,2026-07-12 09:00:00+00:00,2026-07-03 04:00:00+00:00,2026-07-12 09:51:00+00:00,10,75.83500000000001,75.0,gfs_20260702T1800Z.json,0.835000000000008
4590,2026-07-12 10:00:00+00:00,2026-07-03 04:00:00+00:00,2026-07-12 10:51:00+00:00,10,77.785,75.0,gfs_20260702T1800Z.json,2.7849999999999966
4591,2026-07-12 11:00:00+00:00,2026-07-03 04:00:00+00:00,2026-07-12 11:51:00+00:00,10,80.395,76.0,gfs_20260702T1800Z.json,4.394999999999996
4592,2026-07-12 12:00:00+00:00,2026-07-03 04:00:00+00:00,2026-07-12 12:51:00+00:00,10,84.115,78.0,gfs_20260702T1800Z.json,6.114999999999995
4593,2026-07-12 13:00:00+00:00,2026-07-03 04:00:00+00:00,2026-07-12 13:51:00+00:00,10,88.61,79.0,gfs_20260702T1800Z.json,9.61
4594,2026-07-12 14:00:00+00:00,2026-07-03 04:00:00+00:00,2026-07-12 14:51:00+00:00,10,92.78500000000001,80.0,gfs_20260702T1800Z.json,12.78500000000001
4595,2026-07-12 15:00:00+00:00,2026-07-03 04:00:00+00:00,2026-07-12 15:51:00+00:00,10,97.395,83.0,gfs_20260702T1800Z.json,14.394999999999996
4596,2026-07-12 16:00:00+00:00,2026-07-03 04:00:00+00:00,2026-07-12 16:51:00+00:00,10,101.75500000000001,83.0,gfs_20260702T1800Z.json,18.75500000000001
4597,2026-07-12 17:00:00+00:00,2026-07-03 04:00:00+00:00,2026-07-12 17:51:00+00:00,10,102.4,84.0,gfs_20260702T1800Z.json,18.400000000000006
4598,2026-07-12 18:00:00+00:00,2026-07-03 04:00:00+00:00,2026-07-12 18:51:00+00:00,10,95.60000000000001,85.0,gfs_20260702T1800Z.json,10.600000000000009
4599,2026-07-12 19:00:00+00:00,2026-07-03 04:00:00+00:00,2026-07-12 19:51:00+00:00,10,84.03,87.0,gfs_20260702T1800Z.json,-2.969999999999999
4600,2026-07-12 20:00:00+00:00,2026-07-03 04:00:00+00:00,2026-07-12 20:51:00+00:00,10,74.46499999999999,86.0,gfs_20260702T1800Z.json,-11.53500000000001
4601,2026-07-12 21:00:00+00:00,2026-07-03 04:00:00+00:00,2026-07-12 21:51:00+00:00,10,71.145,85.0,gfs_20260702T1800Z.json,-13.855000000000004
4602,2026-07-12 22:00:00+00:00,2026-07-03 04:00:00+00:00,2026-07-12 22:51:00+00:00,10,71.565,84.0,gfs_20260702T1800Z.json,-12.435000000000002
4603,2026-07-12 23:00:00+00:00,2026-07-03 04:00:00+00:00,2026-07-12 23:51:00+00:00,10,72.46499999999999,82.0,gfs_20260702T1800Z.json,-9.53500000000001
4604,2026-07-13 00:00:00+00:00,2026-07-03 04:00:00+00:00,2026-07-13 00:51:00+00:00,10,72.09,73.0,gfs_20260702T1800Z.json,-0.9099999999999966
4605,2026-07-13 01:00:00+00:00,2026-07-03 04:00:00+00:00,2026-07-13 01:51:00+00:00,10,71.405,73.0,gfs_20260702T1800Z.json,-1.5949999999999989
4606,2026-07-13 02:00:00+00:00,2026-07-03 04:00:00+00:00,2026-07-13 02:51:00+00:00,10,70.96000000000001,73.0,gfs_20260702T1800Z.json,-2.039999999999992
4607,2026-07-13 03:00:00+00:00,2026-07-03 04:00:00+00:00,2026-07-13 03:51:00+00:00,10,71.155,73.0,gfs_20260702T1800Z.json,-1.8449999999999989
4608,2026-07-13 04:00:00+00:00,2026-07-03 04:00:00+00:00,2026-07-13 04:51:00+00:00,11,71.625,74.0,gfs_20260702T1800Z.json,-2.375
4609,2026-07-13 05:00:00+00:00,2026-07-03 04:00:00+00:00,2026-07-13 05:51:00+00:00,11,71.955,73.0,gfs_20260702T1800Z.json,-1.0450000000000017
4610,2026-07-13 06:00:00+00:00,2026-07-03 04:00:00+00:00,2026-07-13 06:51:00+00:00,11,71.83,73.0,gfs_20260702T1800Z.json,-1.1700000000000017
4611,2026-07-13 07:00:00+00:00,2026-07-03 04:00:00+00:00,2026-07-13 07:51:00+00:00,11,71.375,73.0,gfs_20260702T1800Z.json,-1.625
4612,2026-07-13 08:00:00+00:00,2026-07-03 04:00:00+00:00,2026-07-13 08:51:00+00:00,11,71.13,73.0,gfs_20260702T1800Z.json,-1.8700000000000045
4613,2026-07-13 09:00:00+00:00,2026-07-03 04:00:00+00:00,2026-07-13 09:51:00+00:00,11,70.93,73.0,gfs_20260702T1800Z.json,-2.069999999999993
4614,2026-07-13 10:00:00+00:00,2026-07-03 04:00:00+00:00,2026-07-13 10:51:00+00:00,11,70.985,72.0,gfs_20260702T1800Z.json,-1.0150000000000006
4615,2026-07-13 11:00:00+00:00,2026-07-03 04:00:00+00:00,2026-07-13 11:51:00+00:00,11,72.02,73.0,gfs_20260702T1800Z.json,-0.980000000000004
4616,2026-07-13 12:00:00+00:00,2026-07-03 04:00:00+00:00,2026-07-13 12:51:00+00:00,11,75.005,73.0,gfs_20260702T1800Z.json,2.0049999999999955
4617,2026-07-13 13:00:00+00:00,2026-07-03 04:00:00+00:00,2026-07-13 13:51:00+00:00,11,79.41,74.0,gfs_20260702T1800Z.json,5.409999999999997
4618,2026-07-13 14:00:00+00:00,2026-07-03 04:00:00+00:00,2026-07-13 14:51:00+00:00,11,83.5,74.0,gfs_20260702T1800Z.json,9.5
4619,2026-07-13 15:00:00+00:00,2026-07-03 04:00:00+00:00,2026-07-13 15:51:00+00:00,11,86.82,74.0,gfs_20260702T1800Z.json,12.819999999999993
4620,2026-07-13 16:00:00+00:00,2026-07-03 04:00:00+00:00,2026-07-13 16:51:00+00:00,11,89.595,78.0,gfs_20260702T1800Z.json,11.594999999999999
4621,2026-07-13 17:00:00+00:00,2026-07-03 04:00:00+00:00,2026-07-13 17:51:00+00:00,11,90.935,79.0,gfs_20260702T1800Z.json,11.935000000000002
4622,2026-07-13 18:00:00+00:00,2026-07-03 04:00:00+00:00,2026-07-13 18:51:00+00:00,11,89.74,77.0,gfs_20260702T1800Z.json,12.739999999999995
4623,2026-07-13 19:00:00+00:00,2026-07-03 04:00:00+00:00,2026-07-13 19:51:00+00:00,11,86.69500000000001,79.0,gfs_20260702T1800Z.json,7.695000000000007
4624,2026-07-13 20:00:00+00:00,2026-07-03 04:00:00+00:00,2026-07-13 20:51:00+00:00,11,83.905,83.0,gfs_20260702T1800Z.json,0.9050000000000011
4625,2026-07-13 21:00:00+00:00,2026-07-03 04:00:00+00:00,2026-07-13 21:51:00+00:00,11,82.48,80.0,gfs_20260702T1800Z.json,2.480000000000004
4626,2026-07-13 22:00:00+00:00,2026-07-03 04:00:00+00:00,2026-07-13 22:51:00+00:00,11,81.705,78.0,gfs_20260702T1800Z.json,3.7049999999999983
4627,2026-07-13 23:00:00+00:00,2026-07-03 04:00:00+00:00,2026-07-13 23:51:00+00:00,11,80.83500000000001,78.0,gfs_20260702T1800Z.json,2.835000000000008
4628,2026-07-14 00:00:00+00:00,2026-07-03 04:00:00+00:00,2026-07-14 00:51:00+00:00,11,79.51,76.0,gfs_20260702T1800Z.json,3.510000000000005
4629,2026-07-14 01:00:00+00:00,2026-07-03 04:00:00+00:00,2026-07-14 01:51:00+00:00,11,77.94,76.0,gfs_20260702T1800Z.json,1.9399999999999977
4630,2026-07-14 02:00:00+00:00,2026-07-03 04:00:00+00:00,2026-07-14 02:51:00+00:00,11,76.425,75.0,gfs_20260702T1800Z.json,1.4249999999999972
4631,2026-07-14 03:00:00+00:00,2026-07-03 04:00:00+00:00,2026-07-14 03:51:00+00:00,11,75.095,73.0,gfs_20260702T1800Z.json,2.094999999999999
4632,2026-07-14 04:00:00+00:00,2026-07-03 04:00:00+00:00,2026-07-14 04:51:00+00:00,12,73.795,72.0,gfs_20260702T1800Z.json,1.7950000000000017
4633,2026-07-14 05:00:00+00:00,2026-07-03 04:00:00+00:00,2026-07-14 05:51:00+00:00,12,72.41,72.0,gfs_20260702T1800Z.json,0.4099999999999966
4634,2026-07-14 06:00:00+00:00,2026-07-03 04:00:00+00:00,2026-07-14 06:51:00+00:00,12,70.5,72.0,gfs_20260702T1800Z.json,-1.5
4635,2026-07-14 07:00:00+00:00,2026-07-03 04:00:00+00:00,2026-07-14 07:51:00+00:00,12,68.33,71.0,gfs_20260702T1800Z.json,-2.6700000000000017
4636,2026-07-14 08:00:00+00:00,2026-07-03 04:00:00+00:00,2026-07-14 08:51:00+00:00,12,66.81,70.0,gfs_20260702T1800Z.json,-3.1899999999999977
4637,2026-07-14 09:00:00+00:00,2026-07-03 04:00:00+00:00,2026-07-14 09:51:00+00:00,12,66.26,70.0,gfs_20260702T1800Z.json,-3.739999999999995
4638,2026-07-14 10:00:00+00:00,2026-07-03 04:00:00+00:00,2026-07-14 10:51:00+00:00,12,66.455,70.0,gfs_20260702T1800Z.json,-3.5450000000000017
4639,2026-07-14 11:00:00+00:00,2026-07-03 04:00:00+00:00,2026-07-14 11:51:00+00:00,12,67.69,73.0,gfs_20260702T1800Z.json,-5.310000000000002
4640,2026-07-14 12:00:00+00:00,2026-07-03 04:00:00+00:00,2026-07-14 12:51:00+00:00,12,70.535,76.0,gfs_20260702T1800Z.json,-5.465000000000003
4641,2026-07-14 13:00:00+00:00,2026-07-03 04:00:00+00:00,2026-07-14 13:51:00+00:00,12,74.57000000000001,79.0,gfs_20260702T1800Z.json,-4.429999999999993
4642,2026-07-14 14:00:00+00:00,2026-07-03 04:00:00+00:00,2026-07-14 14:51:00+00:00,12,78.345,81.0,gfs_20260702T1800Z.json,-2.655000000000001
4643,2026-07-14 15:00:00+00:00,2026-07-03 04:00:00+00:00,2026-07-14 15:51:00+00:00,12,81.11,82.0,gfs_20260702T1800Z.json,-0.8900000000000006
4644,2026-07-14 16:00:00+00:00,2026-07-03 04:00:00+00:00,2026-07-14 16:51:00+00:00,12,83.285,83.0,gfs_20260702T1800Z.json,0.2849999999999966
4645,2026-07-14 17:00:00+00:00,2026-07-03 04:00:00+00:00,2026-07-14 17:51:00+00:00,12,84.96000000000001,84.0,gfs_20260702T1800Z.json,0.960000000000008
4646,2026-07-14 18:00:00+00:00,2026-07-03 04:00:00+00:00,2026-07-14 18:51:00+00:00,12,86.135,86.0,gfs_20260702T1800Z.json,0.13500000000000512
4647,2026-07-14 19:00:00+00:00,2026-07-03 04:00:00+00:00,2026-07-14 19:51:00+00:00,12,86.895,86.0,gfs_20260702T1800Z.json,0.894999999999996
4648,2026-07-14 20:00:00+00:00,2026-07-03 04:00:00+00:00,2026-07-14 20:51:00+00:00,12,86.66,87.0,gfs_20260702T1800Z.json,-0.3400000000000034
4649,2026-07-14 21:00:00+00:00,2026-07-03 04:00:00+00:00,2026-07-14 21:51:00+00:00,12,84.89999999999999,87.0,gfs_20260702T1800Z.json,-2.1000000000000085
4650,2026-07-14 22:00:00+00:00,2026-07-03 04:00:00+00:00,2026-07-14 22:51:00+00:00,12,82.05,86.0,gfs_20260702T1800Z.json,-3.950000000000003
4651,2026-07-14 23:00:00+00:00,2026-07-03 04:00:00+00:00,2026-07-14 23:51:00+00:00,12,79.39,82.0,gfs_20260702T1800Z.json,-2.6099999999999994
4652,2026-07-15 00:00:00+00:00,2026-07-03 04:00:00+00:00,2026-07-15 00:51:00+00:00,12,77.725,80.0,gfs_20260702T1800Z.json,-2.2750000000000057
4653,2026-07-15 01:00:00+00:00,2026-07-03 04:00:00+00:00,2026-07-15 01:51:00+00:00,12,76.48,77.0,gfs_20260702T1800Z.json,-0.519999999999996
4654,2026-07-15 02:00:00+00:00,2026-07-03 04:00:00+00:00,2026-07-15 02:51:00+00:00,12,74.94,74.0,gfs_20260702T1800Z.json,0.9399999999999977
4655,2026-07-15 03:00:00+00:00,2026-07-03 04:00:00+00:00,2026-07-15 03:51:00+00:00,12,72.66,73.0,gfs_20260702T1800Z.json,-0.3400000000000034
4656,2026-07-15 04:00:00+00:00,2026-07-03 04:00:00+00:00,2026-07-15 04:51:00+00:00,13,69.92,71.0,gfs_20260702T1800Z.json,-1.0799999999999983
4657,2026-07-15 05:00:00+00:00,2026-07-03 04:00:00+00:00,2026-07-15 05:51:00+00:00,13,67.545,69.0,gfs_20260702T1800Z.json,-1.4549999999999983
4658,2026-07-15 06:00:00+00:00,2026-07-03 04:00:00+00:00,2026-07-15 06:51:00+00:00,13,65.67,68.0,gfs_20260702T1800Z.json,-2.3299999999999983
4659,2026-07-15 07:00:00+00:00,2026-07-03 04:00:00+00:00,2026-07-15 07:51:00+00:00,13,64.295,68.0,gfs_20260702T1800Z.json,-3.7049999999999983
4660,2026-07-15 08:00:00+00:00,2026-07-03 04:00:00+00:00,2026-07-15 08:51:00+00:00,13,63.760000000000005,67.0,gfs_20260702T1800Z.json,-3.239999999999995
4661,2026-07-15 09:00:00+00:00,2026-07-03 04:00:00+00:00,2026-07-15 09:51:00+00:00,13,64.46499999999999,66.0,gfs_20260702T1800Z.json,-1.5350000000000108
4662,2026-07-15 10:00:00+00:00,2026-07-03 04:00:00+00:00,2026-07-15 10:51:00+00:00,13,66.13000000000001,66.0,gfs_20260702T1800Z.json,0.13000000000000966
4663,2026-07-15 11:00:00+00:00,2026-07-03 04:00:00+00:00,2026-07-15 11:51:00+00:00,13,68.865,72.0,gfs_20260702T1800Z.json,-3.135000000000005
4664,2026-07-15 12:00:00+00:00,2026-07-03 04:00:00+00:00,2026-07-15 12:51:00+00:00,13,73.295,78.0,gfs_20260702T1800Z.json,-4.704999999999998
4665,2026-07-15 13:00:00+00:00,2026-07-03 04:00:00+00:00,2026-07-15 13:51:00+00:00,13,78.845,82.0,gfs_20260702T1800Z.json,-3.155000000000001
4666,2026-07-15 14:00:00+00:00,2026-07-03 04:00:00+00:00,2026-07-15 14:51:00+00:00,13,83.865,85.0,gfs_20260702T1800Z.json,-1.1350000000000051
4667,2026-07-15 15:00:00+00:00,2026-07-03 04:00:00+00:00,2026-07-15 15:51:00+00:00,13,87.57499999999999,87.0,gfs_20260702T1800Z.json,0.5749999999999886
4668,2026-07-15 16:00:00+00:00,2026-07-03 04:00:00+00:00,2026-07-15 16:51:00+00:00,13,90.31,90.0,gfs_20260702T1800Z.json,0.3100000000000023
4669,2026-07-15 17:00:00+00:00,2026-07-03 04:00:00+00:00,2026-07-15 17:51:00+00:00,13,92.14500000000001,91.0,gfs_20260702T1800Z.json,1.1450000000000102
4670,2026-07-15 18:00:00+00:00,2026-07-03 04:00:00+00:00,2026-07-15 18:51:00+00:00,13,92.99499999999999,91.0,gfs_20260702T1800Z.json,1.9949999999999903
4671,2026-07-15 19:00:00+00:00,2026-07-03 04:00:00+00:00,2026-07-15 19:51:00+00:00,13,92.845,93.0,gfs_20260702T1800Z.json,-0.15500000000000114
4672,2026-07-15 20:00:00+00:00,2026-07-03 04:00:00+00:00,2026-07-15 20:51:00+00:00,13,91.78,93.0,gfs_20260702T1800Z.json,-1.2199999999999989
4673,2026-07-15 21:00:00+00:00,2026-07-03 04:00:00+00:00,2026-07-15 21:51:00+00:00,13,89.475,93.0,gfs_20260702T1800Z.json,-3.5250000000000057
4674,2026-07-15 22:00:00+00:00,2026-07-03 04:00:00+00:00,2026-07-15 22:51:00+00:00,13,86.125,91.0,gfs_20260702T1800Z.json,-4.875
4675,2026-07-15 23:00:00+00:00,2026-07-03 04:00:00+00:00,2026-07-15 23:51:00+00:00,13,82.625,88.0,gfs_20260702T1800Z.json,-5.375
4676,2026-07-16 00:00:00+00:00,2026-07-03 04:00:00+00:00,2026-07-16 00:51:00+00:00,13,79.21000000000001,85.0,gfs_20260702T1800Z.json,-5.789999999999992
4677,2026-07-16 01:00:00+00:00,2026-07-03 04:00:00+00:00,2026-07-16 01:51:00+00:00,13,75.81,83.0,gfs_20260702T1800Z.json,-7.189999999999998
4678,2026-07-16 02:00:00+00:00,2026-07-03 04:00:00+00:00,2026-07-16 02:51:00+00:00,13,73.26,82.0,gfs_20260702T1800Z.json,-8.739999999999995
4679,2026-07-16 03:00:00+00:00,2026-07-03 04:00:00+00:00,2026-07-16 03:51:00+00:00,13,72.22,80.0,gfs_20260702T1800Z.json,-7.780000000000001
4680,2026-07-16 04:00:00+00:00,2026-07-03 04:00:00+00:00,2026-07-16 04:51:00+00:00,14,72.185,80.0,gfs_20260702T1800Z.json,-7.814999999999998
4681,2026-07-16 05:00:00+00:00,2026-07-03 04:00:00+00:00,2026-07-16 05:51:00+00:00,14,72.53999999999999,76.0,gfs_20260702T1800Z.json,-3.460000000000008
4682,2026-07-16 06:00:00+00:00,2026-07-03 04:00:00+00:00,2026-07-16 06:51:00+00:00,14,72.685,74.0,gfs_20260702T1800Z.json,-1.3149999999999977
4683,2026-07-16 07:00:00+00:00,2026-07-03 04:00:00+00:00,2026-07-16 07:51:00+00:00,14,73.03999999999999,74.0,gfs_20260702T1800Z.json,-0.960000000000008
4684,2026-07-16 08:00:00+00:00,2026-07-03 04:00:00+00:00,2026-07-16 08:51:00+00:00,14,73.52499999999999,74.0,gfs_20260702T1800Z.json,-0.4750000000000085
4685,2026-07-16 09:00:00+00:00,2026-07-03 04:00:00+00:00,2026-07-16 09:51:00+00:00,14,74.28,72.0,gfs_20260702T1800Z.json,2.280000000000001
4686,2026-07-16 10:00:00+00:00,2026-07-03 04:00:00+00:00,2026-07-16 10:51:00+00:00,14,75.25,73.0,gfs_20260702T1800Z.json,2.25
4687,2026-07-16 11:00:00+00:00,2026-07-03 04:00:00+00:00,2026-07-16 11:51:00+00:00,14,76.33500000000001,76.0,gfs_20260702T1800Z.json,0.33500000000000796
4688,2026-07-16 12:00:00+00:00,2026-07-03 04:00:00+00:00,2026-07-16 12:51:00+00:00,14,77.265,80.0,gfs_20260702T1800Z.json,-2.7349999999999994
4689,2026-07-16 13:00:00+00:00,2026-07-03 04:00:00+00:00,2026-07-16 13:51:00+00:00,14,78.25,84.0,gfs_20260702T1800Z.json,-5.75
4690,2026-07-16 14:00:00+00:00,2026-07-03 04:00:00+00:00,2026-07-16 14:51:00+00:00,14,80.015,87.0,gfs_20260702T1800Z.json,-6.984999999999999
4691,2026-07-16 15:00:00+00:00,2026-07-03 04:00:00+00:00,2026-07-16 15:51:00+00:00,14,83.615,90.0,gfs_20260702T1800Z.json,-6.385000000000005
4692,2026-07-16 16:00:00+00:00,2026-07-03 04:00:00+00:00,2026-07-16 16:51:00+00:00,14,88.28,93.0,gfs_20260702T1800Z.json,-4.719999999999999
4693,2026-07-16 17:00:00+00:00,2026-07-03 04:00:00+00:00,2026-07-16 17:51:00+00:00,14,92.145,94.0,gfs_20260702T1800Z.json,-1.855000000000004
4694,2026-07-16 18:00:00+00:00,2026-07-03 04:00:00+00:00,2026-07-16 18:51:00+00:00,14,94.4,96.0,gfs_20260702T1800Z.json,-1.5999999999999943
4695,2026-07-16 19:00:00+00:00,2026-07-03 04:00:00+00:00,2026-07-16 19:51:00+00:00,14,95.46499999999999,96.0,gfs_20260702T1800Z.json,-0.5350000000000108
4696,2026-07-16 20:00:00+00:00,2026-07-03 04:00:00+00:00,2026-07-16 20:51:00+00:00,14,95.26,98.0,gfs_20260702T1800Z.json,-2.739999999999995
4697,2026-07-16 21:00:00+00:00,2026-07-03 04:00:00+00:00,2026-07-16 21:51:00+00:00,14,93.33,96.0,gfs_20260702T1800Z.json,-2.6700000000000017
4698,2026-07-16 22:00:00+00:00,2026-07-03 04:00:00+00:00,2026-07-16 22:51:00+00:00,14,89.94000000000001,94.0,gfs_20260702T1800Z.json,-4.059999999999988
4699,2026-07-16 23:00:00+00:00,2026-07-03 04:00:00+00:00,2026-07-16 23:51:00+00:00,14,86.42500000000001,92.0,gfs_20260702T1800Z.json,-5.574999999999989
4700,2026-07-17 00:00:00+00:00,2026-07-03 04:00:00+00:00,2026-07-17 00:51:00+00:00,14,83.095,89.0,gfs_20260702T1800Z.json,-5.905000000000001
4701,2026-07-17 01:00:00+00:00,2026-07-03 04:00:00+00:00,2026-07-17 01:51:00+00:00,14,79.71000000000001,84.0,gfs_20260702T1800Z.json,-4.289999999999992
4702,2026-07-17 02:00:00+00:00,2026-07-03 04:00:00+00:00,2026-07-17 02:51:00+00:00,14,76.905,83.0,gfs_20260702T1800Z.json,-6.094999999999999
4703,2026-07-17 03:00:00+00:00,2026-07-03 04:00:00+00:00,2026-07-17 03:51:00+00:00,14,74.97,82.0,gfs_20260702T1800Z.json,-7.030000000000001
4704,2026-07-10 04:00:00+00:00,2026-07-10 04:00:00+00:00,2026-07-10 04:51:00+00:00,1,78.34,81.0,gfs_20260709T1800Z.json,-2.6599999999999966
4705,2026-07-10 05:00:00+00:00,2026-07-10 04:00:00+00:00,2026-07-10 05:51:00+00:00,1,78.225,79.0,gfs_20260709T1800Z.json,-0.7750000000000057
4706,2026-07-10 06:00:00+00:00,2026-07-10 04:00:00+00:00,2026-07-10 06:51:00+00:00,1,77.705,78.0,gfs_20260709T1800Z.json,-0.2950000000000017
4707,2026-07-10 07:00:00+00:00,2026-07-10 04:00:00+00:00,2026-07-10 07:51:00+00:00,1,75.645,77.0,gfs_20260709T1800Z.json,-1.355000000000004
4708,2026-07-10 08:00:00+00:00,2026-07-10 04:00:00+00:00,2026-07-10 08:51:00+00:00,1,74.365,76.0,gfs_20260709T1800Z.json,-1.6350000000000051
4709,2026-07-10 09:00:00+00:00,2026-07-10 04:00:00+00:00,2026-07-10 09:51:00+00:00,1,73.69,76.0,gfs_20260709T1800Z.json,-2.3100000000000023
4710,2026-07-10 10:00:00+00:00,2026-07-10 04:00:00+00:00,2026-07-10 10:51:00+00:00,1,74.11,77.0,gfs_20260709T1800Z.json,-2.8900000000000006
4711,2026-07-10 11:00:00+00:00,2026-07-10 04:00:00+00:00,2026-07-10 11:51:00+00:00,1,78.19500000000001,79.0,gfs_20260709T1800Z.json,-0.8049999999999926
4712,2026-07-10 12:00:00+00:00,2026-07-10 04:00:00+00:00,2026-07-10 12:51:00+00:00,1,82.555,82.0,gfs_20260709T1800Z.json,0.5550000000000068
4713,2026-07-10 13:00:00+00:00,2026-07-10 04:00:00+00:00,2026-07-10 13:51:00+00:00,1,86.43,86.0,gfs_20260709T1800Z.json,0.4300000000000068
4714,2026-07-10 14:00:00+00:00,2026-07-10 04:00:00+00:00,2026-07-10 14:51:00+00:00,1,89.55,88.0,gfs_20260709T1800Z.json,1.5499999999999972
4715,2026-07-10 15:00:00+00:00,2026-07-10 04:00:00+00:00,2026-07-10 15:51:00+00:00,1,92.295,91.0,gfs_20260709T1800Z.json,1.2950000000000017
4716,2026-07-10 16:00:00+00:00,2026-07-10 04:00:00+00:00,2026-07-10 16:51:00+00:00,1,94.825,92.0,gfs_20260709T1800Z.json,2.825000000000003
4717,2026-07-10 17:00:00+00:00,2026-07-10 04:00:00+00:00,2026-07-10 17:51:00+00:00,1,97.41,94.0,gfs_20260709T1800Z.json,3.4099999999999966
4718,2026-07-10 18:00:00+00:00,2026-07-10 04:00:00+00:00,2026-07-10 18:51:00+00:00,1,99.33,95.0,gfs_20260709T1800Z.json,4.329999999999998
4719,2026-07-10 19:00:00+00:00,2026-07-10 04:00:00+00:00,2026-07-10 19:51:00+00:00,1,91.185,95.0,gfs_20260709T1800Z.json,-3.8149999999999977
4720,2026-07-10 20:00:00+00:00,2026-07-10 04:00:00+00:00,2026-07-10 20:51:00+00:00,1,87.065,93.0,gfs_20260709T1800Z.json,-5.935000000000002
4721,2026-07-10 21:00:00+00:00,2026-07-10 04:00:00+00:00,2026-07-10 21:51:00+00:00,1,77.42,77.0,gfs_20260709T1800Z.json,0.4200000000000017
4722,2026-07-10 22:00:00+00:00,2026-07-10 04:00:00+00:00,2026-07-10 22:51:00+00:00,1,77.16000000000001,75.0,gfs_20260709T1800Z.json,2.160000000000011
4723,2026-07-10 23:00:00+00:00,2026-07-10 04:00:00+00:00,2026-07-10 23:51:00+00:00,1,79.10000000000001,77.0,gfs_20260709T1800Z.json,2.1000000000000085
4724,2026-07-11 00:00:00+00:00,2026-07-10 04:00:00+00:00,2026-07-11 00:51:00+00:00,1,77.53,76.0,gfs_20260709T1800Z.json,1.5300000000000011
4725,2026-07-11 01:00:00+00:00,2026-07-10 04:00:00+00:00,2026-07-11 01:51:00+00:00,1,77.37,75.0,gfs_20260709T1800Z.json,2.3700000000000045
4726,2026-07-11 02:00:00+00:00,2026-07-10 04:00:00+00:00,2026-07-11 02:51:00+00:00,1,76.21000000000001,74.0,gfs_20260709T1800Z.json,2.210000000000008
4727,2026-07-11 03:00:00+00:00,2026-07-10 04:00:00+00:00,2026-07-11 03:51:00+00:00,1,75.49000000000001,74.0,gfs_20260709T1800Z.json,1.490000000000009
4728,2026-07-11 04:00:00+00:00,2026-07-10 04:00:00+00:00,2026-07-11 04:51:00+00:00,2,73.615,75.0,gfs_20260709T1800Z.json,-1.3850000000000051
4729,2026-07-11 05:00:00+00:00,2026-07-10 04:00:00+00:00,2026-07-11 05:51:00+00:00,2,72.53500000000001,74.0,gfs_20260709T1800Z.json,-1.4649999999999892
4730,2026-07-11 06:00:00+00:00,2026-07-10 04:00:00+00:00,2026-07-11 06:51:00+00:00,2,71.295,74.0,gfs_20260709T1800Z.json,-2.7049999999999983
4731,2026-07-11 07:00:00+00:00,2026-07-10 04:00:00+00:00,2026-07-11 07:51:00+00:00,2,71.27,74.0,gfs_20260709T1800Z.json,-2.730000000000004
4732,2026-07-11 08:00:00+00:00,2026-07-10 04:00:00+00:00,2026-07-11 08:51:00+00:00,2,70.705,73.0,gfs_20260709T1800Z.json,-2.2950000000000017
4733,2026-07-11 09:00:00+00:00,2026-07-10 04:00:00+00:00,2026-07-11 09:51:00+00:00,2,70.43,73.0,gfs_20260709T1800Z.json,-2.569999999999993
4734,2026-07-11 10:00:00+00:00,2026-07-10 04:00:00+00:00,2026-07-11 10:51:00+00:00,2,70.99499999999999,73.0,gfs_20260709T1800Z.json,-2.0050000000000097
4735,2026-07-11 11:00:00+00:00,2026-07-10 04:00:00+00:00,2026-07-11 11:51:00+00:00,2,72.8,75.0,gfs_20260709T1800Z.json,-2.200000000000003
4736,2026-07-11 12:00:00+00:00,2026-07-10 04:00:00+00:00,2026-07-11 12:51:00+00:00,2,75.395,78.0,gfs_20260709T1800Z.json,-2.605000000000004
4737,2026-07-11 13:00:00+00:00,2026-07-10 04:00:00+00:00,2026-07-11 13:51:00+00:00,2,78.265,81.0,gfs_20260709T1800Z.json,-2.7349999999999994
4738,2026-07-11 14:00:00+00:00,2026-07-10 04:00:00+00:00,2026-07-11 14:51:00+00:00,2,78.955,84.0,gfs_20260709T1800Z.json,-5.045000000000002
4739,2026-07-11 15:00:00+00:00,2026-07-10 04:00:00+00:00,2026-07-11 15:51:00+00:00,2,78.575,87.0,gfs_20260709T1800Z.json,-8.424999999999997
4740,2026-07-11 16:00:00+00:00,2026-07-10 04:00:00+00:00,2026-07-11 16:51:00+00:00,2,80.37,88.0,gfs_20260709T1800Z.json,-7.6299999999999955
4741,2026-07-11 17:00:00+00:00,2026-07-10 04:00:00+00:00,2026-07-11 17:51:00+00:00,2,82.655,89.0,gfs_20260709T1800Z.json,-6.344999999999999
4742,2026-07-11 18:00:00+00:00,2026-07-10 04:00:00+00:00,2026-07-11 18:51:00+00:00,2,82.66,91.0,gfs_20260709T1800Z.json,-8.340000000000003
4743,2026-07-11 19:00:00+00:00,2026-07-10 04:00:00+00:00,2026-07-11 19:51:00+00:00,2,81.58,89.0,gfs_20260709T1800Z.json,-7.420000000000002
4744,2026-07-11 20:00:00+00:00,2026-07-10 04:00:00+00:00,2026-07-11 20:51:00+00:00,2,86.24499999999999,91.0,gfs_20260709T1800Z.json,-4.75500000000001
4745,2026-07-11 21:00:00+00:00,2026-07-10 04:00:00+00:00,2026-07-11 21:51:00+00:00,2,87.61,83.0,gfs_20260709T1800Z.json,4.609999999999999
4746,2026-07-11 22:00:00+00:00,2026-07-10 04:00:00+00:00,2026-07-11 22:51:00+00:00,2,86.765,86.0,gfs_20260709T1800Z.json,0.7650000000000006
4747,2026-07-11 23:00:00+00:00,2026-07-10 04:00:00+00:00,2026-07-11 23:51:00+00:00,2,82.435,83.0,gfs_20260709T1800Z.json,-0.5649999999999977
4748,2026-07-12 00:00:00+00:00,2026-07-10 04:00:00+00:00,2026-07-12 00:51:00+00:00,2,77.45,80.0,gfs_20260709T1800Z.json,-2.549999999999997
4749,2026-07-12 01:00:00+00:00,2026-07-10 04:00:00+00:00,2026-07-12 01:51:00+00:00,2,75.51,79.0,gfs_20260709T1800Z.json,-3.489999999999995
4750,2026-07-12 02:00:00+00:00,2026-07-10 04:00:00+00:00,2026-07-12 02:51:00+00:00,2,74.53500000000001,79.0,gfs_20260709T1800Z.json,-4.464999999999989
4751,2026-07-12 03:00:00+00:00,2026-07-10 04:00:00+00:00,2026-07-12 03:51:00+00:00,2,73.72,79.0,gfs_20260709T1800Z.json,-5.280000000000001
4752,2026-07-12 04:00:00+00:00,2026-07-10 04:00:00+00:00,2026-07-12 04:51:00+00:00,3,73.00500000000001,76.0,gfs_20260709T1800Z.json,-2.9949999999999903
4753,2026-07-12 05:00:00+00:00,2026-07-10 04:00:00+00:00,2026-07-12 05:51:00+00:00,3,72.645,76.0,gfs_20260709T1800Z.json,-3.355000000000004
4754,2026-07-12 06:00:00+00:00,2026-07-10 04:00:00+00:00,2026-07-12 06:51:00+00:00,3,72.26,76.0,gfs_20260709T1800Z.json,-3.739999999999995
4755,2026-07-12 07:00:00+00:00,2026-07-10 04:00:00+00:00,2026-07-12 07:51:00+00:00,3,71.605,76.0,gfs_20260709T1800Z.json,-4.394999999999996
4756,2026-07-12 08:00:00+00:00,2026-07-10 04:00:00+00:00,2026-07-12 08:51:00+00:00,3,71.33,74.0,gfs_20260709T1800Z.json,-2.6700000000000017
4757,2026-07-12 09:00:00+00:00,2026-07-10 04:00:00+00:00,2026-07-12 09:51:00+00:00,3,70.875,75.0,gfs_20260709T1800Z.json,-4.125
4758,2026-07-12 10:00:00+00:00,2026-07-10 04:00:00+00:00,2026-07-12 10:51:00+00:00,3,72.16000000000001,75.0,gfs_20260709T1800Z.json,-2.839999999999989
4759,2026-07-12 11:00:00+00:00,2026-07-10 04:00:00+00:00,2026-07-12 11:51:00+00:00,3,72.23,76.0,gfs_20260709T1800Z.json,-3.769999999999996
4760,2026-07-12 12:00:00+00:00,2026-07-10 04:00:00+00:00,2026-07-12 12:51:00+00:00,3,72.96499999999999,78.0,gfs_20260709T1800Z.json,-5.035000000000011
4761,2026-07-12 13:00:00+00:00,2026-07-10 04:00:00+00:00,2026-07-12 13:51:00+00:00,3,71.99499999999999,79.0,gfs_20260709T1800Z.json,-7.00500000000001
4762,2026-07-12 14:00:00+00:00,2026-07-10 04:00:00+00:00,2026-07-12 14:51:00+00:00,3,70.61,80.0,gfs_20260709T1800Z.json,-9.39
4763,2026-07-12 15:00:00+00:00,2026-07-10 04:00:00+00:00,2026-07-12 15:51:00+00:00,3,76.945,83.0,gfs_20260709T1800Z.json,-6.055000000000007
4764,2026-07-12 16:00:00+00:00,2026-07-10 04:00:00+00:00,2026-07-12 16:51:00+00:00,3,79.035,83.0,gfs_20260709T1800Z.json,-3.9650000000000034
4765,2026-07-12 17:00:00+00:00,2026-07-10 04:00:00+00:00,2026-07-12 17:51:00+00:00,3,81.24,84.0,gfs_20260709T1800Z.json,-2.760000000000005
4766,2026-07-12 18:00:00+00:00,2026-07-10 04:00:00+00:00,2026-07-12 18:51:00+00:00,3,81.6,85.0,gfs_20260709T1800Z.json,-3.4000000000000057
4767,2026-07-12 19:00:00+00:00,2026-07-10 04:00:00+00:00,2026-07-12 19:51:00+00:00,3,76.07499999999999,87.0,gfs_20260709T1800Z.json,-10.925000000000011
4768,2026-07-12 20:00:00+00:00,2026-07-10 04:00:00+00:00,2026-07-12 20:51:00+00:00,3,74.16499999999999,86.0,gfs_20260709T1800Z.json,-11.835000000000008
4769,2026-07-12 21:00:00+00:00,2026-07-10 04:00:00+00:00,2026-07-12 21:51:00+00:00,3,72.895,85.0,gfs_20260709T1800Z.json,-12.105000000000004
4770,2026-07-12 22:00:00+00:00,2026-07-10 04:00:00+00:00,2026-07-12 22:51:00+00:00,3,72.105,84.0,gfs_20260709T1800Z.json,-11.894999999999996
4771,2026-07-12 23:00:00+00:00,2026-07-10 04:00:00+00:00,2026-07-12 23:51:00+00:00,3,71.405,82.0,gfs_20260709T1800Z.json,-10.594999999999999
4772,2026-07-13 00:00:00+00:00,2026-07-10 04:00:00+00:00,2026-07-13 00:51:00+00:00,3,70.705,73.0,gfs_20260709T1800Z.json,-2.2950000000000017
4773,2026-07-13 01:00:00+00:00,2026-07-10 04:00:00+00:00,2026-07-13 01:51:00+00:00,3,70.43,73.0,gfs_20260709T1800Z.json,-2.569999999999993
4774,2026-07-13 02:00:00+00:00,2026-07-10 04:00:00+00:00,2026-07-13 02:51:00+00:00,3,70.23,73.0,gfs_20260709T1800Z.json,-2.769999999999996
4775,2026-07-13 03:00:00+00:00,2026-07-10 04:00:00+00:00,2026-07-13 03:51:00+00:00,3,69.775,73.0,gfs_20260709T1800Z.json,-3.2249999999999943
4776,2026-07-13 04:00:00+00:00,2026-07-10 04:00:00+00:00,2026-07-13 04:51:00+00:00,4,69.53,74.0,gfs_20260709T1800Z.json,-4.469999999999999
4777,2026-07-13 05:00:00+00:00,2026-07-10 04:00:00+00:00,2026-07-13 05:51:00+00:00,4,69.33,73.0,gfs_20260709T1800Z.json,-3.6700000000000017
4778,2026-07-13 06:00:00+00:00,2026-07-10 04:00:00+00:00,2026-07-13 06:51:00+00:00,4,68.53500000000001,73.0,gfs_20260709T1800Z.json,-4.464999999999989
4779,2026-07-13 07:00:00+00:00,2026-07-10 04:00:00+00:00,2026-07-13 07:51:00+00:00,4,68.91,73.0,gfs_20260709T1800Z.json,-4.090000000000003
4780,2026-07-13 08:00:00+00:00,2026-07-10 04:00:00+00:00,2026-07-13 08:51:00+00:00,4,68.235,73.0,gfs_20260709T1800Z.json,-4.765000000000001
4781,2026-07-13 09:00:00+00:00,2026-07-10 04:00:00+00:00,2026-07-13 09:51:00+00:00,4,67.42,73.0,gfs_20260709T1800Z.json,-5.579999999999998
4782,2026-07-13 10:00:00+00:00,2026-07-10 04:00:00+00:00,2026-07-13 10:51:00+00:00,4,67.81,72.0,gfs_20260709T1800Z.json,-4.189999999999998
4783,2026-07-13 11:00:00+00:00,2026-07-10 04:00:00+00:00,2026-07-13 11:51:00+00:00,4,69.60000000000001,73.0,gfs_20260709T1800Z.json,-3.3999999999999915
4784,2026-07-13 12:00:00+00:00,2026-07-10 04:00:00+00:00,2026-07-13 12:51:00+00:00,4,69.73,73.0,gfs_20260709T1800Z.json,-3.269999999999996
4785,2026-07-13 13:00:00+00:00,2026-07-10 04:00:00+00:00,2026-07-13 13:51:00+00:00,4,69.955,74.0,gfs_20260709T1800Z.json,-4.045000000000002
4786,2026-07-13 14:00:00+00:00,2026-07-10 04:00:00+00:00,2026-07-13 14:51:00+00:00,4,72.04,74.0,gfs_20260709T1800Z.json,-1.9599999999999937
4787,2026-07-13 15:00:00+00:00,2026-07-10 04:00:00+00:00,2026-07-13 15:51:00+00:00,4,75.885,74.0,gfs_20260709T1800Z.json,1.8850000000000051
4788,2026-07-13 16:00:00+00:00,2026-07-10 04:00:00+00:00,2026-07-13 16:51:00+00:00,4,81.6,78.0,gfs_20260709T1800Z.json,3.5999999999999943
4789,2026-07-13 17:00:00+00:00,2026-07-10 04:00:00+00:00,2026-07-13 17:51:00+00:00,4,77.74000000000001,79.0,gfs_20260709T1800Z.json,-1.259999999999991
4790,2026-07-13 18:00:00+00:00,2026-07-10 04:00:00+00:00,2026-07-13 18:51:00+00:00,4,75.2,77.0,gfs_20260709T1800Z.json,-1.7999999999999972
4791,2026-07-13 19:00:00+00:00,2026-07-10 04:00:00+00:00,2026-07-13 19:51:00+00:00,4,73.36999999999999,79.0,gfs_20260709T1800Z.json,-5.63000000000001
4792,2026-07-13 20:00:00+00:00,2026-07-10 04:00:00+00:00,2026-07-13 20:51:00+00:00,4,73.52499999999999,83.0,gfs_20260709T1800Z.json,-9.475000000000009
4793,2026-07-13 21:00:00+00:00,2026-07-10 04:00:00+00:00,2026-07-13 21:51:00+00:00,4,74.28,80.0,gfs_20260709T1800Z.json,-5.719999999999999
4794,2026-07-13 22:00:00+00:00,2026-07-10 04:00:00+00:00,2026-07-13 22:51:00+00:00,4,74.485,78.0,gfs_20260709T1800Z.json,-3.5150000000000006
4795,2026-07-13 23:00:00+00:00,2026-07-10 04:00:00+00:00,2026-07-13 23:51:00+00:00,4,73.48,78.0,gfs_20260709T1800Z.json,-4.519999999999996
4796,2026-07-14 00:00:00+00:00,2026-07-10 04:00:00+00:00,2026-07-14 00:51:00+00:00,4,72.365,76.0,gfs_20260709T1800Z.json,-3.635000000000005
4797,2026-07-14 01:00:00+00:00,2026-07-10 04:00:00+00:00,2026-07-14 01:51:00+00:00,4,71.775,76.0,gfs_20260709T1800Z.json,-4.224999999999994
4798,2026-07-14 02:00:00+00:00,2026-07-10 04:00:00+00:00,2026-07-14 02:51:00+00:00,4,70.17,75.0,gfs_20260709T1800Z.json,-4.829999999999998
4799,2026-07-14 03:00:00+00:00,2026-07-10 04:00:00+00:00,2026-07-14 03:51:00+00:00,4,69.56,73.0,gfs_20260709T1800Z.json,-3.4399999999999977
4800,2026-07-14 04:00:00+00:00,2026-07-10 04:00:00+00:00,2026-07-14 04:51:00+00:00,5,69.16,72.0,gfs_20260709T1800Z.json,-2.8400000000000034
4801,2026-07-14 05:00:00+00:00,2026-07-10 04:00:00+00:00,2026-07-14 05:51:00+00:00,5,68.845,72.0,gfs_20260709T1800Z.json,-3.155000000000001
4802,2026-07-14 06:00:00+00:00,2026-07-10 04:00:00+00:00,2026-07-14 06:51:00+00:00,5,68.63,72.0,gfs_20260709T1800Z.json,-3.3700000000000045
4803,2026-07-14 07:00:00+00:00,2026-07-10 04:00:00+00:00,2026-07-14 07:51:00+00:00,5,67.49499999999999,71.0,gfs_20260709T1800Z.json,-3.5050000000000097
4804,2026-07-14 08:00:00+00:00,2026-07-10 04:00:00+00:00,2026-07-14 08:51:00+00:00,5,66.53500000000001,70.0,gfs_20260709T1800Z.json,-3.464999999999989
4805,2026-07-14 09:00:00+00:00,2026-07-10 04:00:00+00:00,2026-07-14 09:51:00+00:00,5,65.635,70.0,gfs_20260709T1800Z.json,-4.364999999999995
4806,2026-07-14 10:00:00+00:00,2026-07-10 04:00:00+00:00,2026-07-14 10:51:00+00:00,5,66.435,70.0,gfs_20260709T1800Z.json,-3.5649999999999977
4807,2026-07-14 11:00:00+00:00,2026-07-10 04:00:00+00:00,2026-07-14 11:51:00+00:00,5,70.25500000000001,73.0,gfs_20260709T1800Z.json,-2.7449999999999903
4808,2026-07-14 12:00:00+00:00,2026-07-10 04:00:00+00:00,2026-07-14 12:51:00+00:00,5,74.47,76.0,gfs_20260709T1800Z.json,-1.5300000000000011
4809,2026-07-14 13:00:00+00:00,2026-07-10 04:00:00+00:00,2026-07-14 13:51:00+00:00,5,78.33,79.0,gfs_20260709T1800Z.json,-0.6700000000000017
4810,2026-07-14 14:00:00+00:00,2026-07-10 04:00:00+00:00,2026-07-14 14:51:00+00:00,5,81.45,81.0,gfs_20260709T1800Z.json,0.45000000000000284
4811,2026-07-14 15:00:00+00:00,2026-07-10 04:00:00+00:00,2026-07-14 15:51:00+00:00,5,84.365,82.0,gfs_20260709T1800Z.json,2.364999999999995
4812,2026-07-14 16:00:00+00:00,2026-07-10 04:00:00+00:00,2026-07-14 16:51:00+00:00,5,86.5,83.0,gfs_20260709T1800Z.json,3.5
4813,2026-07-14 17:00:00+00:00,2026-07-10 04:00:00+00:00,2026-07-14 17:51:00+00:00,5,88.16000000000001,84.0,gfs_20260709T1800Z.json,4.160000000000011
4814,2026-07-14 18:00:00+00:00,2026-07-10 04:00:00+00:00,2026-07-14 18:51:00+00:00,5,88.655,86.0,gfs_20260709T1800Z.json,2.655000000000001
4815,2026-07-14 19:00:00+00:00,2026-07-10 04:00:00+00:00,2026-07-14 19:51:00+00:00,5,88.275,86.0,gfs_20260709T1800Z.json,2.2750000000000057
4816,2026-07-14 20:00:00+00:00,2026-07-10 04:00:00+00:00,2026-07-14 20:51:00+00:00,5,87.265,87.0,gfs_20260709T1800Z.json,0.26500000000000057
4817,2026-07-14 21:00:00+00:00,2026-07-10 04:00:00+00:00,2026-07-14 21:51:00+00:00,5,85.82499999999999,87.0,gfs_20260709T1800Z.json,-1.1750000000000114
4818,2026-07-14 22:00:00+00:00,2026-07-10 04:00:00+00:00,2026-07-14 22:51:00+00:00,5,83.815,86.0,gfs_20260709T1800Z.json,-2.1850000000000023
4819,2026-07-14 23:00:00+00:00,2026-07-10 04:00:00+00:00,2026-07-14 23:51:00+00:00,5,81.715,82.0,gfs_20260709T1800Z.json,-0.2849999999999966
4820,2026-07-15 00:00:00+00:00,2026-07-10 04:00:00+00:00,2026-07-15 00:51:00+00:00,5,79.445,80.0,gfs_20260709T1800Z.json,-0.5550000000000068
4821,2026-07-15 01:00:00+00:00,2026-07-10 04:00:00+00:00,2026-07-15 01:51:00+00:00,5,77.145,77.0,gfs_20260709T1800Z.json,0.14499999999999602
4822,2026-07-15 02:00:00+00:00,2026-07-10 04:00:00+00:00,2026-07-15 02:51:00+00:00,5,75.185,74.0,gfs_20260709T1800Z.json,1.1850000000000023
4823,2026-07-15 03:00:00+00:00,2026-07-10 04:00:00+00:00,2026-07-15 03:51:00+00:00,5,73.795,73.0,gfs_20260709T1800Z.json,0.7950000000000017
4824,2026-07-15 04:00:00+00:00,2026-07-10 04:00:00+00:00,2026-07-15 04:51:00+00:00,6,72.92,71.0,gfs_20260709T1800Z.json,1.9200000000000017
4825,2026-07-15 05:00:00+00:00,2026-07-10 04:00:00+00:00,2026-07-15 05:51:00+00:00,6,72.12,69.0,gfs_20260709T1800Z.json,3.1200000000000045
4826,2026-07-15 06:00:00+00:00,2026-07-10 04:00:00+00:00,2026-07-15 06:51:00+00:00,6,71.235,68.0,gfs_20260709T1800Z.json,3.2349999999999994
4827,2026-07-15 07:00:00+00:00,2026-07-10 04:00:00+00:00,2026-07-15 07:51:00+00:00,6,70.42,68.0,gfs_20260709T1800Z.json,2.4200000000000017
4828,2026-07-15 08:00:00+00:00,2026-07-10 04:00:00+00:00,2026-07-15 08:51:00+00:00,6,70.215,67.0,gfs_20260709T1800Z.json,3.2150000000000034
4829,2026-07-15 09:00:00+00:00,2026-07-10 04:00:00+00:00,2026-07-15 09:51:00+00:00,6,71.05,66.0,gfs_20260709T1800Z.json,5.049999999999997
4830,2026-07-15 10:00:00+00:00,2026-07-10 04:00:00+00:00,2026-07-15 10:51:00+00:00,6,72.64500000000001,66.0,gfs_20260709T1800Z.json,6.64500000000001
4831,2026-07-15 11:00:00+00:00,2026-07-10 04:00:00+00:00,2026-07-15 11:51:00+00:00,6,74.94,72.0,gfs_20260709T1800Z.json,2.9399999999999977
4832,2026-07-15 12:00:00+00:00,2026-07-10 04:00:00+00:00,2026-07-15 12:51:00+00:00,6,78.27499999999999,78.0,gfs_20260709T1800Z.json,0.2749999999999915
4833,2026-07-15 13:00:00+00:00,2026-07-10 04:00:00+00:00,2026-07-15 13:51:00+00:00,6,82.37,82.0,gfs_20260709T1800Z.json,0.37000000000000455
4834,2026-07-15 14:00:00+00:00,2026-07-10 04:00:00+00:00,2026-07-15 14:51:00+00:00,6,86.05999999999999,85.0,gfs_20260709T1800Z.json,1.059999999999988
4835,2026-07-15 15:00:00+00:00,2026-07-10 04:00:00+00:00,2026-07-15 15:51:00+00:00,6,88.725,87.0,gfs_20260709T1800Z.json,1.7249999999999943
4836,2026-07-15 16:00:00+00:00,2026-07-10 04:00:00+00:00,2026-07-15 16:51:00+00:00,6,90.715,90.0,gfs_20260709T1800Z.json,0.7150000000000034
4837,2026-07-15 17:00:00+00:00,2026-07-10 04:00:00+00:00,2026-07-15 17:51:00+00:00,6,91.85,91.0,gfs_20260709T1800Z.json,0.8499999999999943
4838,2026-07-15 18:00:00+00:00,2026-07-10 04:00:00+00:00,2026-07-15 18:51:00+00:00,6,91.915,91.0,gfs_20260709T1800Z.json,0.9150000000000063
4839,2026-07-15 19:00:00+00:00,2026-07-10 04:00:00+00:00,2026-07-15 19:51:00+00:00,6,91.05000000000001,93.0,gfs_20260709T1800Z.json,-1.9499999999999886
4840,2026-07-15 20:00:00+00:00,2026-07-10 04:00:00+00:00,2026-07-15 20:51:00+00:00,6,89.88000000000001,93.0,gfs_20260709T1800Z.json,-3.1199999999999903
4841,2026-07-15 21:00:00+00:00,2026-07-10 04:00:00+00:00,2026-07-15 21:51:00+00:00,6,88.68,93.0,gfs_20260709T1800Z.json,-4.319999999999993
4842,2026-07-15 22:00:00+00:00,2026-07-10 04:00:00+00:00,2026-07-15 22:51:00+00:00,6,87.31,91.0,gfs_20260709T1800Z.json,-3.6899999999999977
4843,2026-07-15 23:00:00+00:00,2026-07-10 04:00:00+00:00,2026-07-15 23:51:00+00:00,6,85.57,88.0,gfs_20260709T1800Z.json,-2.430000000000007
4844,2026-07-16 00:00:00+00:00,2026-07-10 04:00:00+00:00,2026-07-16 00:51:00+00:00,6,83.005,85.0,gfs_20260709T1800Z.json,-1.9950000000000045
4845,2026-07-16 01:00:00+00:00,2026-07-10 04:00:00+00:00,2026-07-16 01:51:00+00:00,6,79.965,83.0,gfs_20260709T1800Z.json,-3.0349999999999966
4846,2026-07-16 02:00:00+00:00,2026-07-10 04:00:00+00:00,2026-07-16 02:51:00+00:00,6,77.46,82.0,gfs_20260709T1800Z.json,-4.540000000000006
4847,2026-07-16 03:00:00+00:00,2026-07-10 04:00:00+00:00,2026-07-16 03:51:00+00:00,6,76.16499999999999,80.0,gfs_20260709T1800Z.json,-3.835000000000008
4848,2026-07-16 04:00:00+00:00,2026-07-10 04:00:00+00:00,2026-07-16 04:51:00+00:00,7,75.745,80.0,gfs_20260709T1800Z.json,-4.2549999999999955
4849,2026-07-16 05:00:00+00:00,2026-07-10 04:00:00+00:00,2026-07-16 05:51:00+00:00,7,75.44500000000001,76.0,gfs_20260709T1800Z.json,-0.5549999999999926
4850,2026-07-16 06:00:00+00:00,2026-07-10 04:00:00+00:00,2026-07-16 06:51:00+00:00,7,74.72,74.0,gfs_20260709T1800Z.json,0.7199999999999989
4851,2026-07-16 07:00:00+00:00,2026-07-10 04:00:00+00:00,2026-07-16 07:51:00+00:00,7,73.83500000000001,74.0,gfs_20260709T1800Z.json,-0.16499999999999204
4852,2026-07-16 08:00:00+00:00,2026-07-10 04:00:00+00:00,2026-07-16 08:51:00+00:00,7,73.615,74.0,gfs_20260709T1800Z.json,-0.3850000000000051
4853,2026-07-16 09:00:00+00:00,2026-07-10 04:00:00+00:00,2026-07-16 09:51:00+00:00,7,74.44999999999999,72.0,gfs_20260709T1800Z.json,2.4499999999999886
4854,2026-07-16 10:00:00+00:00,2026-07-10 04:00:00+00:00,2026-07-16 10:51:00+00:00,7,76.045,73.0,gfs_20260709T1800Z.json,3.0450000000000017
4855,2026-07-16 11:00:00+00:00,2026-07-10 04:00:00+00:00,2026-07-16 11:51:00+00:00,7,78.595,76.0,gfs_20260709T1800Z.json,2.594999999999999
4856,2026-07-16 12:00:00+00:00,2026-07-10 04:00:00+00:00,2026-07-16 12:51:00+00:00,7,82.74000000000001,80.0,gfs_20260709T1800Z.json,2.740000000000009
4857,2026-07-16 13:00:00+00:00,2026-07-10 04:00:00+00:00,2026-07-16 13:51:00+00:00,7,87.82,84.0,gfs_20260709T1800Z.json,3.819999999999993
4858,2026-07-16 14:00:00+00:00,2026-07-10 04:00:00+00:00,2026-07-16 14:51:00+00:00,7,92.25500000000001,87.0,gfs_20260709T1800Z.json,5.25500000000001
4859,2026-07-16 15:00:00+00:00,2026-07-10 04:00:00+00:00,2026-07-16 15:51:00+00:00,7,95.195,90.0,gfs_20260709T1800Z.json,5.194999999999993
4860,2026-07-16 16:00:00+00:00,2026-07-10 04:00:00+00:00,2026-07-16 16:51:00+00:00,7,97.13000000000001,93.0,gfs_20260709T1800Z.json,4.13000000000001
4861,2026-07-16 17:00:00+00:00,2026-07-10 04:00:00+00:00,2026-07-16 17:51:00+00:00,7,97.825,94.0,gfs_20260709T1800Z.json,3.825000000000003
4862,2026-07-16 18:00:00+00:00,2026-07-10 04:00:00+00:00,2026-07-16 18:51:00+00:00,7,97.05000000000001,96.0,gfs_20260709T1800Z.json,1.0500000000000114
4863,2026-07-16 19:00:00+00:00,2026-07-10 04:00:00+00:00,2026-07-16 19:51:00+00:00,7,95.03,96.0,gfs_20260709T1800Z.json,-0.9699999999999989
4864,2026-07-16 20:00:00+00:00,2026-07-10 04:00:00+00:00,2026-07-16 20:51:00+00:00,7,92.83,98.0,gfs_20260709T1800Z.json,-5.170000000000002
4865,2026-07-16 21:00:00+00:00,2026-07-10 04:00:00+00:00,2026-07-16 21:51:00+00:00,7,90.88499999999999,96.0,gfs_20260709T1800Z.json,-5.115000000000009
4866,2026-07-16 22:00:00+00:00,2026-07-10 04:00:00+00:00,2026-07-16 22:51:00+00:00,7,88.985,94.0,gfs_20260709T1800Z.json,-5.015000000000001
4867,2026-07-16 23:00:00+00:00,2026-07-10 04:00:00+00:00,2026-07-16 23:51:00+00:00,7,87.255,92.0,gfs_20260709T1800Z.json,-4.7450000000000045
4868,2026-07-17 00:00:00+00:00,2026-07-10 04:00:00+00:00,2026-07-17 00:51:00+00:00,7,85.64,89.0,gfs_20260709T1800Z.json,-3.3599999999999994
4869,2026-07-17 01:00:00+00:00,2026-07-10 04:00:00+00:00,2026-07-17 01:51:00+00:00,7,84.21000000000001,84.0,gfs_20260709T1800Z.json,0.21000000000000796
4870,2026-07-17 02:00:00+00:00,2026-07-10 04:00:00+00:00,2026-07-17 02:51:00+00:00,7,82.81,83.0,gfs_20260709T1800Z.json,-0.18999999999999773
4871,2026-07-17 03:00:00+00:00,2026-07-10 04:00:00+00:00,2026-07-17 03:51:00+00:00,7,81.58,82.0,gfs_20260709T1800Z.json,-0.4200000000000017
4872,2026-07-17 04:00:00+00:00,2026-07-10 04:00:00+00:00,2026-07-17 04:51:00+00:00,8,80.38000000000001,80.0,gfs_20260709T1800Z.json,0.38000000000000966
4873,2026-07-17 05:00:00+00:00,2026-07-10 04:00:00+00:00,2026-07-17 05:51:00+00:00,8,79.18,80.0,gfs_20260709T1800Z.json,-0.8199999999999932
4874,2026-07-17 06:00:00+00:00,2026-07-10 04:00:00+00:00,2026-07-17 06:51:00+00:00,8,77.895,79.0,gfs_20260709T1800Z.json,-1.105000000000004
4875,2026-07-17 07:00:00+00:00,2026-07-10 04:00:00+00:00,2026-07-17 07:51:00+00:00,8,76.595,80.0,gfs_20260709T1800Z.json,-3.405000000000001
4876,2026-07-17 08:00:00+00:00,2026-07-10 04:00:00+00:00,2026-07-17 08:51:00+00:00,8,76.06,77.0,gfs_20260709T1800Z.json,-0.9399999999999977
4877,2026-07-17 09:00:00+00:00,2026-07-10 04:00:00+00:00,2026-07-17 09:51:00+00:00,8,76.50999999999999,76.0,gfs_20260709T1800Z.json,0.5099999999999909
4878,2026-07-17 10:00:00+00:00,2026-07-10 04:00:00+00:00,2026-07-17 10:51:00+00:00,8,77.875,76.0,gfs_20260709T1800Z.json,1.875
4879,2026-07-17 11:00:00+00:00,2026-07-10 04:00:00+00:00,2026-07-17 11:51:00+00:00,8,80.14,80.0,gfs_20260709T1800Z.json,0.14000000000000057
4880,2026-07-17 12:00:00+00:00,2026-07-10 04:00:00+00:00,2026-07-17 12:51:00+00:00,8,83.815,83.0,gfs_20260709T1800Z.json,0.8149999999999977
4881,2026-07-17 13:00:00+00:00,2026-07-10 04:00:00+00:00,2026-07-17 13:51:00+00:00,8,88.48,87.0,gfs_20260709T1800Z.json,1.480000000000004
4882,2026-07-17 14:00:00+00:00,2026-07-10 04:00:00+00:00,2026-07-17 14:51:00+00:00,8,92.94,91.0,gfs_20260709T1800Z.json,1.9399999999999977
4883,2026-07-17 15:00:00+00:00,2026-07-10 04:00:00+00:00,2026-07-17 15:51:00+00:00,8,96.57499999999999,92.0,gfs_20260709T1800Z.json,4.574999999999989
4884,2026-07-17 16:00:00+00:00,2026-07-10 04:00:00+00:00,2026-07-17 16:51:00+00:00,8,99.735,94.0,gfs_20260709T1800Z.json,5.734999999999999
4885,2026-07-17 17:00:00+00:00,2026-07-10 04:00:00+00:00,2026-07-17 17:51:00+00:00,8,102.07000000000001,96.0,gfs_20260709T1800Z.json,6.070000000000007
4886,2026-07-17 18:00:00+00:00,2026-07-10 04:00:00+00:00,2026-07-17 18:51:00+00:00,8,103.76,96.0,gfs_20260709T1800Z.json,7.760000000000005
4887,2026-07-17 19:00:00+00:00,2026-07-10 04:00:00+00:00,2026-07-17 19:51:00+00:00,8,104.67999999999999,97.0,gfs_20260709T1800Z.json,7.679999999999993
4888,2026-07-17 20:00:00+00:00,2026-07-10 04:00:00+00:00,2026-07-17 20:51:00+00:00,8,104.29,96.0,gfs_20260709T1800Z.json,8.290000000000006
4889,2026-07-17 21:00:00+00:00,2026-07-10 04:00:00+00:00,2026-07-17 21:51:00+00:00,8,101.82000000000001,96.0,gfs_20260709T1800Z.json,5.820000000000007
4890,2026-07-17 22:00:00+00:00,2026-07-10 04:00:00+00:00,2026-07-17 22:51:00+00:00,8,97.74499999999999,94.0,gfs_20260709T1800Z.json,3.7449999999999903
4891,2026-07-17 23:00:00+00:00,2026-07-10 04:00:00+00:00,2026-07-17 23:51:00+00:00,8,93.86999999999999,92.0,gfs_20260709T1800Z.json,1.8699999999999903
4892,2026-07-18 00:00:00+00:00,2026-07-10 04:00:00+00:00,2026-07-18 00:51:00+00:00,8,91.005,88.0,gfs_20260709T1800Z.json,3.0049999999999955
4893,2026-07-18 01:00:00+00:00,2026-07-10 04:00:00+00:00,2026-07-18 01:51:00+00:00,8,88.73,85.0,gfs_20260709T1800Z.json,3.730000000000004
4894,2026-07-18 02:00:00+00:00,2026-07-10 04:00:00+00:00,2026-07-18 02:51:00+00:00,8,86.7,85.0,gfs_20260709T1800Z.json,1.7000000000000028
4895,2026-07-18 03:00:00+00:00,2026-07-10 04:00:00+00:00,2026-07-18 03:51:00+00:00,8,84.955,84.0,gfs_20260709T1800Z.json,0.9549999999999983
4896,2026-07-18 04:00:00+00:00,2026-07-10 04:00:00+00:00,2026-07-18 04:51:00+00:00,9,83.425,86.0,gfs_20260709T1800Z.json,-2.575000000000003
4897,2026-07-18 05:00:00+00:00,2026-07-10 04:00:00+00:00,2026-07-18 05:51:00+00:00,9,82.095,84.0,gfs_20260709T1800Z.json,-1.9050000000000011
4898,2026-07-18 06:00:00+00:00,2026-07-10 04:00:00+00:00,2026-07-18 06:51:00+00:00,9,80.795,83.0,gfs_20260709T1800Z.json,-2.2049999999999983
4899,2026-07-18 07:00:00+00:00,2026-07-10 04:00:00+00:00,2026-07-18 07:51:00+00:00,9,79.58,82.0,gfs_20260709T1800Z.json,-2.4200000000000017
4900,2026-07-18 08:00:00+00:00,2026-07-10 04:00:00+00:00,2026-07-18 08:51:00+00:00,9,78.97500000000001,80.0,gfs_20260709T1800Z.json,-1.0249999999999915
4901,2026-07-18 09:00:00+00:00,2026-07-10 04:00:00+00:00,2026-07-18 09:51:00+00:00,9,78.9,79.0,gfs_20260709T1800Z.json,-0.09999999999999432
4902,2026-07-18 10:00:00+00:00,2026-07-10 04:00:00+00:00,2026-07-18 10:51:00+00:00,9,79.58,79.0,gfs_20260709T1800Z.json,0.5799999999999983
4903,2026-07-18 11:00:00+00:00,2026-07-10 04:00:00+00:00,2026-07-18 11:51:00+00:00,9,81.315,81.0,gfs_20260709T1800Z.json,0.3149999999999977
4904,2026-07-18 12:00:00+00:00,2026-07-10 04:00:00+00:00,2026-07-18 12:51:00+00:00,9,84.83,84.0,gfs_20260709T1800Z.json,0.8299999999999983
4905,2026-07-18 13:00:00+00:00,2026-07-10 04:00:00+00:00,2026-07-18 13:51:00+00:00,9,89.735,87.0,gfs_20260709T1800Z.json,2.7349999999999994
4906,2026-07-18 14:00:00+00:00,2026-07-10 04:00:00+00:00,2026-07-18 14:51:00+00:00,9,94.24000000000001,91.0,gfs_20260709T1800Z.json,3.240000000000009
4907,2026-07-18 15:00:00+00:00,2026-07-10 04:00:00+00:00,2026-07-18 15:51:00+00:00,9,98.13000000000001,94.0,gfs_20260709T1800Z.json,4.13000000000001
4908,2026-07-18 16:00:00+00:00,2026-07-10 04:00:00+00:00,2026-07-18 16:51:00+00:00,9,101.42,95.0,gfs_20260709T1800Z.json,6.420000000000002
4909,2026-07-18 17:00:00+00:00,2026-07-10 04:00:00+00:00,2026-07-18 17:51:00+00:00,9,102.07,91.4,gfs_20260709T1800Z.json,10.669999999999987
4910,2026-07-18 18:00:00+00:00,2026-07-10 04:00:00+00:00,2026-07-18 18:51:00+00:00,9,97.68,88.0,gfs_20260709T1800Z.json,9.680000000000007
4911,2026-07-18 19:00:00+00:00,2026-07-10 04:00:00+00:00,2026-07-18 19:51:00+00:00,9,89.93,91.4,gfs_20260709T1800Z.json,-1.4699999999999989
4912,2026-07-18 20:00:00+00:00,2026-07-10 04:00:00+00:00,2026-07-18 20:51:00+00:00,9,82.92,96.8,gfs_20260709T1800Z.json,-13.879999999999995
4913,2026-07-18 21:00:00+00:00,2026-07-10 04:00:00+00:00,2026-07-18 21:51:00+00:00,9,78.84,96.8,gfs_20260709T1800Z.json,-17.959999999999994
4914,2026-07-18 22:00:00+00:00,2026-07-10 04:00:00+00:00,2026-07-18 22:51:00+00:00,9,76.42999999999999,94.0,gfs_20260709T1800Z.json,-17.570000000000007
4915,2026-07-18 23:00:00+00:00,2026-07-10 04:00:00+00:00,2026-07-18 23:51:00+00:00,9,74.74,92.0,gfs_20260709T1800Z.json,-17.260000000000005
4916,2026-07-19 00:00:00+00:00,2026-07-10 04:00:00+00:00,2026-07-19 00:51:00+00:00,9,73.82000000000001,91.0,gfs_20260709T1800Z.json,-17.179999999999993
4917,2026-07-19 01:00:00+00:00,2026-07-10 04:00:00+00:00,2026-07-19 01:51:00+00:00,9,73.53,78.0,gfs_20260709T1800Z.json,-4.469999999999999
4918,2026-07-19 02:00:00+00:00,2026-07-10 04:00:00+00:00,2026-07-19 02:51:00+00:00,9,73.33,78.0,gfs_20260709T1800Z.json,-4.670000000000002
4919,2026-07-19 03:00:00+00:00,2026-07-10 04:00:00+00:00,2026-07-19 03:51:00+00:00,9,72.96000000000001,77.0,gfs_20260709T1800Z.json,-4.039999999999992
4920,2026-07-19 04:00:00+00:00,2026-07-10 04:00:00+00:00,2026-07-19 04:51:00+00:00,10,72.56,77.0,gfs_20260709T1800Z.json,-4.439999999999998
4921,2026-07-19 05:00:00+00:00,2026-07-10 04:00:00+00:00,2026-07-19 05:51:00+00:00,10,72.245,77.0,gfs_20260709T1800Z.json,-4.7549999999999955
4922,2026-07-19 06:00:00+00:00,2026-07-10 04:00:00+00:00,2026-07-19 06:51:00+00:00,10,72.03,77.0,gfs_20260709T1800Z.json,-4.969999999999999
4923,2026-07-19 07:00:00+00:00,2026-07-10 04:00:00+00:00,2026-07-19 07:51:00+00:00,10,72.0,77.0,gfs_20260709T1800Z.json,-5.0
4924,2026-07-19 08:00:00+00:00,2026-07-10 04:00:00+00:00,2026-07-19 08:51:00+00:00,10,72.34,77.0,gfs_20260709T1800Z.json,-4.659999999999997
4925,2026-07-19 09:00:00+00:00,2026-07-10 04:00:00+00:00,2026-07-19 09:51:00+00:00,10,72.91,77.0,gfs_20260709T1800Z.json,-4.090000000000003
4926,2026-07-19 10:00:00+00:00,2026-07-10 04:00:00+00:00,2026-07-19 10:51:00+00:00,10,73.935,78.0,gfs_20260709T1800Z.json,-4.064999999999998
4927,2026-07-19 11:00:00+00:00,2026-07-10 04:00:00+00:00,2026-07-19 11:51:00+00:00,10,76.14,79.0,gfs_20260709T1800Z.json,-2.8599999999999994
4928,2026-07-19 12:00:00+00:00,2026-07-10 04:00:00+00:00,2026-07-19 12:51:00+00:00,10,80.665,82.0,gfs_20260709T1800Z.json,-1.3349999999999937
4929,2026-07-19 13:00:00+00:00,2026-07-10 04:00:00+00:00,2026-07-19 13:51:00+00:00,10,86.75500000000001,83.0,gfs_20260709T1800Z.json,3.7550000000000097
4930,2026-07-19 14:00:00+00:00,2026-07-10 04:00:00+00:00,2026-07-19 14:51:00+00:00,10,92.12,87.0,gfs_20260709T1800Z.json,5.1200000000000045
4931,2026-07-19 15:00:00+00:00,2026-07-10 04:00:00+00:00,2026-07-19 15:51:00+00:00,10,96.045,88.0,gfs_20260709T1800Z.json,8.045000000000002
4932,2026-07-19 16:00:00+00:00,2026-07-10 04:00:00+00:00,2026-07-19 16:51:00+00:00,10,98.725,91.0,gfs_20260709T1800Z.json,7.724999999999994
4933,2026-07-19 17:00:00+00:00,2026-07-10 04:00:00+00:00,2026-07-19 17:51:00+00:00,10,99.015,87.0,gfs_20260709T1800Z.json,12.015
4934,2026-07-19 18:00:00+00:00,2026-07-10 04:00:00+00:00,2026-07-19 18:51:00+00:00,10,94.92,82.0,gfs_20260709T1800Z.json,12.920000000000002
4935,2026-07-19 19:00:00+00:00,2026-07-10 04:00:00+00:00,2026-07-19 19:51:00+00:00,10,87.91,89.0,gfs_20260709T1800Z.json,-1.0900000000000034
4936,2026-07-19 20:00:00+00:00,2026-07-10 04:00:00+00:00,2026-07-19 20:51:00+00:00,10,82.04,91.0,gfs_20260709T1800Z.json,-8.959999999999994
4937,2026-07-19 21:00:00+00:00,2026-07-10 04:00:00+00:00,2026-07-19 21:51:00+00:00,10,79.925,91.0,gfs_20260709T1800Z.json,-11.075000000000003
4938,2026-07-19 22:00:00+00:00,2026-07-10 04:00:00+00:00,2026-07-19 22:51:00+00:00,10,79.955,83.0,gfs_20260709T1800Z.json,-3.0450000000000017
4939,2026-07-19 23:00:00+00:00,2026-07-10 04:00:00+00:00,2026-07-19 23:51:00+00:00,10,79.915,81.0,gfs_20260709T1800Z.json,-1.0849999999999937
4940,2026-07-20 00:00:00+00:00,2026-07-10 04:00:00+00:00,2026-07-20 00:51:00+00:00,10,78.71000000000001,81.0,gfs_20260709T1800Z.json,-2.289999999999992
4941,2026-07-20 01:00:00+00:00,2026-07-10 04:00:00+00:00,2026-07-20 01:51:00+00:00,10,77.05499999999999,80.0,gfs_20260709T1800Z.json,-2.9450000000000074
4942,2026-07-20 02:00:00+00:00,2026-07-10 04:00:00+00:00,2026-07-20 02:51:00+00:00,10,75.52499999999999,81.0,gfs_20260709T1800Z.json,-5.4750000000000085
4943,2026-07-20 03:00:00+00:00,2026-07-10 04:00:00+00:00,2026-07-20 03:51:00+00:00,10,74.45,81.0,gfs_20260709T1800Z.json,-6.549999999999997
4944,2026-07-20 04:00:00+00:00,2026-07-10 04:00:00+00:00,2026-07-20 04:51:00+00:00,11,73.79,79.0,gfs_20260709T1800Z.json,-5.209999999999994
4945,2026-07-20 05:00:00+00:00,2026-07-10 04:00:00+00:00,2026-07-20 05:51:00+00:00,11,73.19,78.0,gfs_20260709T1800Z.json,-4.810000000000002
4946,2026-07-20 06:00:00+00:00,2026-07-10 04:00:00+00:00,2026-07-20 06:51:00+00:00,11,72.42,78.0,gfs_20260709T1800Z.json,-5.579999999999998
4947,2026-07-20 07:00:00+00:00,2026-07-10 04:00:00+00:00,2026-07-20 07:51:00+00:00,11,71.79,77.0,gfs_20260709T1800Z.json,-5.209999999999994
4948,2026-07-20 08:00:00+00:00,2026-07-10 04:00:00+00:00,2026-07-20 08:51:00+00:00,11,71.7,77.0,gfs_20260709T1800Z.json,-5.299999999999997
4949,2026-07-20 09:00:00+00:00,2026-07-10 04:00:00+00:00,2026-07-20 09:51:00+00:00,11,72.295,76.0,gfs_20260709T1800Z.json,-3.7049999999999983
4950,2026-07-20 10:00:00+00:00,2026-07-10 04:00:00+00:00,2026-07-20 10:51:00+00:00,11,73.50500000000001,75.0,gfs_20260709T1800Z.json,-1.4949999999999903
4951,2026-07-20 11:00:00+00:00,2026-07-10 04:00:00+00:00,2026-07-20 11:51:00+00:00,11,75.655,78.0,gfs_20260709T1800Z.json,-2.344999999999999
4952,2026-07-20 12:00:00+00:00,2026-07-10 04:00:00+00:00,2026-07-20 12:51:00+00:00,11,79.05999999999999,79.0,gfs_20260709T1800Z.json,0.05999999999998806
4953,2026-07-20 13:00:00+00:00,2026-07-10 04:00:00+00:00,2026-07-20 13:51:00+00:00,11,83.51,81.0,gfs_20260709T1800Z.json,2.510000000000005
4954,2026-07-20 14:00:00+00:00,2026-07-10 04:00:00+00:00,2026-07-20 14:51:00+00:00,11,87.60000000000001,84.0,gfs_20260709T1800Z.json,3.6000000000000085
4955,2026-07-20 15:00:00+00:00,2026-07-10 04:00:00+00:00,2026-07-20 15:51:00+00:00,11,91.005,84.0,gfs_20260709T1800Z.json,7.0049999999999955
4956,2026-07-20 16:00:00+00:00,2026-07-10 04:00:00+00:00,2026-07-20 16:51:00+00:00,11,93.88,87.0,gfs_20260709T1800Z.json,6.8799999999999955
4957,2026-07-20 17:00:00+00:00,2026-07-10 04:00:00+00:00,2026-07-20 17:51:00+00:00,11,95.745,89.0,gfs_20260709T1800Z.json,6.7450000000000045
4958,2026-07-20 18:00:00+00:00,2026-07-10 04:00:00+00:00,2026-07-20 18:51:00+00:00,11,96.595,86.0,gfs_20260709T1800Z.json,10.594999999999999
4959,2026-07-20 19:00:00+00:00,2026-07-10 04:00:00+00:00,2026-07-20 19:51:00+00:00,11,96.36,82.0,gfs_20260709T1800Z.json,14.36
4960,2026-07-20 20:00:00+00:00,2026-07-10 04:00:00+00:00,2026-07-20 20:51:00+00:00,11,94.005,79.0,gfs_20260709T1800Z.json,15.004999999999995
4961,2026-07-20 21:00:00+00:00,2026-07-10 04:00:00+00:00,2026-07-20 21:51:00+00:00,11,87.735,79.0,gfs_20260709T1800Z.json,8.735
4962,2026-07-20 22:00:00+00:00,2026-07-10 04:00:00+00:00,2026-07-20 22:51:00+00:00,11,78.96499999999999,79.0,gfs_20260709T1800Z.json,-0.0350000000000108
4963,2026-07-20 23:00:00+00:00,2026-07-10 04:00:00+00:00,2026-07-20 23:51:00+00:00,11,71.905,77.0,gfs_20260709T1800Z.json,-5.094999999999999
4964,2026-07-21 00:00:00+00:00,2026-07-10 04:00:00+00:00,2026-07-21 00:51:00+00:00,11,69.36999999999999,76.0,gfs_20260709T1800Z.json,-6.63000000000001
4965,2026-07-21 01:00:00+00:00,2026-07-10 04:00:00+00:00,2026-07-21 01:51:00+00:00,11,69.695,73.0,gfs_20260709T1800Z.json,-3.305000000000007
4966,2026-07-21 02:00:00+00:00,2026-07-10 04:00:00+00:00,2026-07-21 02:51:00+00:00,11,70.31,73.0,gfs_20260709T1800Z.json,-2.6899999999999977
4967,2026-07-21 03:00:00+00:00,2026-07-10 04:00:00+00:00,2026-07-21 03:51:00+00:00,11,70.145,73.0,gfs_20260709T1800Z.json,-2.855000000000004
4968,2026-07-21 04:00:00+00:00,2026-07-10 04:00:00+00:00,2026-07-21 04:51:00+00:00,12,69.845,74.0,gfs_20260709T1800Z.json,-4.155000000000001
4969,2026-07-21 05:00:00+00:00,2026-07-10 04:00:00+00:00,2026-07-21 05:51:00+00:00,12,69.545,73.0,gfs_20260709T1800Z.json,-3.4549999999999983
4970,2026-07-21 06:00:00+00:00,2026-07-10 04:00:00+00:00,2026-07-21 06:51:00+00:00,12,69.33,73.0,gfs_20260709T1800Z.json,-3.6700000000000017
4971,2026-07-21 07:00:00+00:00,2026-07-10 04:00:00+00:00,2026-07-21 07:51:00+00:00,12,69.13,74.0,gfs_20260709T1800Z.json,-4.8700000000000045
4972,2026-07-21 08:00:00+00:00,2026-07-10 04:00:00+00:00,2026-07-21 08:51:00+00:00,12,69.1,75.0,gfs_20260709T1800Z.json,-5.900000000000006
4973,2026-07-21 09:00:00+00:00,2026-07-10 04:00:00+00:00,2026-07-21 09:51:00+00:00,12,69.44,75.0,gfs_20260709T1800Z.json,-5.560000000000002
4974,2026-07-21 10:00:00+00:00,2026-07-10 04:00:00+00:00,2026-07-21 10:51:00+00:00,12,69.925,75.0,gfs_20260709T1800Z.json,-5.075000000000003
4975,2026-07-21 11:00:00+00:00,2026-07-10 04:00:00+00:00,2026-07-21 11:51:00+00:00,12,70.34,76.0,gfs_20260709T1800Z.json,-5.659999999999997
4976,2026-07-21 12:00:00+00:00,2026-07-10 04:00:00+00:00,2026-07-21 12:51:00+00:00,12,70.4,79.0,gfs_20260709T1800Z.json,-8.599999999999994
4977,2026-07-21 13:00:00+00:00,2026-07-10 04:00:00+00:00,2026-07-21 13:51:00+00:00,12,70.23,81.0,gfs_20260709T1800Z.json,-10.769999999999996
4978,2026-07-21 14:00:00+00:00,2026-07-10 04:00:00+00:00,2026-07-21 14:51:00+00:00,12,70.53999999999999,83.0,gfs_20260709T1800Z.json,-12.460000000000008
4979,2026-07-21 15:00:00+00:00,2026-07-10 04:00:00+00:00,2026-07-21 15:51:00+00:00,12,71.61999999999999,86.0,gfs_20260709T1800Z.json,-14.38000000000001
4980,2026-07-21 16:00:00+00:00,2026-07-10 04:00:00+00:00,2026-07-21 16:51:00+00:00,12,73.33,86.0,gfs_20260709T1800Z.json,-12.670000000000002
4981,2026-07-21 17:00:00+00:00,2026-07-10 04:00:00+00:00,2026-07-21 17:51:00+00:00,12,75.045,88.0,gfs_20260709T1800Z.json,-12.954999999999998
4982,2026-07-21 18:00:00+00:00,2026-07-10 04:00:00+00:00,2026-07-21 18:51:00+00:00,12,76.83,90.0,gfs_20260709T1800Z.json,-13.170000000000002
4983,2026-07-21 19:00:00+00:00,2026-07-10 04:00:00+00:00,2026-07-21 19:51:00+00:00,12,78.545,91.0,gfs_20260709T1800Z.json,-12.454999999999998
4984,2026-07-21 20:00:00+00:00,2026-07-10 04:00:00+00:00,2026-07-21 20:51:00+00:00,12,79.47999999999999,91.0,gfs_20260709T1800Z.json,-11.52000000000001
4985,2026-07-21 21:00:00+00:00,2026-07-10 04:00:00+00:00,2026-07-21 21:51:00+00:00,12,78.75,91.0,gfs_20260709T1800Z.json,-12.25
4986,2026-07-21 22:00:00+00:00,2026-07-10 04:00:00+00:00,2026-07-21 22:51:00+00:00,12,76.815,91.0,gfs_20260709T1800Z.json,-14.185000000000002
4987,2026-07-21 23:00:00+00:00,2026-07-10 04:00:00+00:00,2026-07-21 23:51:00+00:00,12,74.8,89.0,gfs_20260709T1800Z.json,-14.200000000000003
4988,2026-07-22 00:00:00+00:00,2026-07-10 04:00:00+00:00,2026-07-22 00:51:00+00:00,12,73.14,87.0,gfs_20260709T1800Z.json,-13.86
4989,2026-07-22 01:00:00+00:00,2026-07-10 04:00:00+00:00,2026-07-22 01:51:00+00:00,12,71.625,86.0,gfs_20260709T1800Z.json,-14.375
4990,2026-07-22 02:00:00+00:00,2026-07-10 04:00:00+00:00,2026-07-22 02:51:00+00:00,12,70.38000000000001,85.0,gfs_20260709T1800Z.json,-14.61999999999999
4991,2026-07-22 03:00:00+00:00,2026-07-10 04:00:00+00:00,2026-07-22 03:51:00+00:00,12,69.605,85.0,gfs_20260709T1800Z.json,-15.394999999999996
4992,2026-07-22 04:00:00+00:00,2026-07-10 04:00:00+00:00,2026-07-22 04:51:00+00:00,13,69.245,84.0,gfs_20260709T1800Z.json,-14.754999999999995
4993,2026-07-22 05:00:00+00:00,2026-07-10 04:00:00+00:00,2026-07-22 05:51:00+00:00,13,69.03,83.0,gfs_20260709T1800Z.json,-13.969999999999999
4994,2026-07-22 06:00:00+00:00,2026-07-10 04:00:00+00:00,2026-07-22 06:51:00+00:00,13,68.66,83.0,gfs_20260709T1800Z.json,-14.340000000000003
4995,2026-07-22 07:00:00+00:00,2026-07-10 04:00:00+00:00,2026-07-22 07:51:00+00:00,13,68.345,82.0,gfs_20260709T1800Z.json,-13.655000000000001
4996,2026-07-22 08:00:00+00:00,2026-07-10 04:00:00+00:00,2026-07-22 08:51:00+00:00,13,68.55499999999999,82.0,gfs_20260709T1800Z.json,-13.445000000000007
4997,2026-07-22 09:00:00+00:00,2026-07-10 04:00:00+00:00,2026-07-22 09:51:00+00:00,13,69.28,81.0,gfs_20260709T1800Z.json,-11.719999999999999
4998,2026-07-22 10:00:00+00:00,2026-07-10 04:00:00+00:00,2026-07-22 10:51:00+00:00,13,70.59,81.0,gfs_20260709T1800Z.json,-10.409999999999997
4999,2026-07-22 11:00:00+00:00,2026-07-10 04:00:00+00:00,2026-07-22 11:51:00+00:00,13,72.755,81.0,gfs_20260709T1800Z.json,-8.245000000000005
5000,2026-07-22 12:00:00+00:00,2026-07-10 04:00:00+00:00,2026-07-22 12:51:00+00:00,13,76.41499999999999,83.0,gfs_20260709T1800Z.json,-6.585000000000008
5001,2026-07-22 13:00:00+00:00,2026-07-10 04:00:00+00:00,2026-07-22 13:51:00+00:00,13,81.165,84.0,gfs_20260709T1800Z.json,-2.8349999999999937
5002,2026-07-22 14:00:00+00:00,2026-07-10 04:00:00+00:00,2026-07-22 14:51:00+00:00,13,84.96,85.0,gfs_20260709T1800Z.json,-0.04000000000000625
5003,2026-07-22 15:00:00+00:00,2026-07-10 04:00:00+00:00,2026-07-22 15:51:00+00:00,13,86.69,88.0,gfs_20260709T1800Z.json,-1.3100000000000023
5004,2026-07-22 16:00:00+00:00,2026-07-10 04:00:00+00:00,2026-07-22 16:51:00+00:00,13,87.155,88.0,gfs_20260709T1800Z.json,-0.8449999999999989
5005,2026-07-22 17:00:00+00:00,2026-07-10 04:00:00+00:00,2026-07-22 17:51:00+00:00,13,87.115,91.0,gfs_20260709T1800Z.json,-3.885000000000005
5006,2026-07-22 18:00:00+00:00,2026-07-10 04:00:00+00:00,2026-07-22 18:51:00+00:00,13,87.44,91.0,gfs_20260709T1800Z.json,-3.5600000000000023
5007,2026-07-22 19:00:00+00:00,2026-07-10 04:00:00+00:00,2026-07-22 19:51:00+00:00,13,87.585,91.0,gfs_20260709T1800Z.json,-3.4150000000000063
5008,2026-07-22 20:00:00+00:00,2026-07-10 04:00:00+00:00,2026-07-22 20:51:00+00:00,13,86.58,90.0,gfs_20260709T1800Z.json,-3.4200000000000017
5009,2026-07-22 21:00:00+00:00,2026-07-10 04:00:00+00:00,2026-07-22 21:51:00+00:00,13,83.42500000000001,88.0,gfs_20260709T1800Z.json,-4.574999999999989
5010,2026-07-22 22:00:00+00:00,2026-07-10 04:00:00+00:00,2026-07-22 22:51:00+00:00,13,78.82,83.0,gfs_20260709T1800Z.json,-4.180000000000007
5011,2026-07-22 23:00:00+00:00,2026-07-10 04:00:00+00:00,2026-07-22 23:51:00+00:00,13,75.04,79.0,gfs_20260709T1800Z.json,-3.9599999999999937
5012,2026-07-23 00:00:00+00:00,2026-07-10 04:00:00+00:00,2026-07-23 00:51:00+00:00,13,73.395,78.0,gfs_20260709T1800Z.json,-4.605000000000004
5013,2026-07-23 01:00:00+00:00,2026-07-10 04:00:00+00:00,2026-07-23 01:51:00+00:00,13,73.115,77.0,gfs_20260709T1800Z.json,-3.885000000000005
5014,2026-07-23 02:00:00+00:00,2026-07-10 04:00:00+00:00,2026-07-23 02:51:00+00:00,13,73.1,76.0,gfs_20260709T1800Z.json,-2.9000000000000057
5015,2026-07-23 03:00:00+00:00,2026-07-10 04:00:00+00:00,2026-07-23 03:51:00+00:00,13,73.1,76.0,gfs_20260709T1800Z.json,-2.9000000000000057
5016,2026-07-23 04:00:00+00:00,2026-07-10 04:00:00+00:00,2026-07-23 04:51:00+00:00,14,73.355,75.0,gfs_20260709T1800Z.json,-1.644999999999996
5017,2026-07-23 05:00:00+00:00,2026-07-10 04:00:00+00:00,2026-07-23 05:51:00+00:00,14,73.485,73.0,gfs_20260709T1800Z.json,0.48499999999999943
5018,2026-07-23 06:00:00+00:00,2026-07-10 04:00:00+00:00,2026-07-23 06:51:00+00:00,14,73.16,74.0,gfs_20260709T1800Z.json,-0.8400000000000034
5019,2026-07-23 07:00:00+00:00,2026-07-10 04:00:00+00:00,2026-07-23 07:51:00+00:00,14,72.675,74.0,gfs_20260709T1800Z.json,-1.3250000000000028
5020,2026-07-23 08:00:00+00:00,2026-07-10 04:00:00+00:00,2026-07-23 08:51:00+00:00,14,72.26,74.0,gfs_20260709T1800Z.json,-1.7399999999999949
5021,2026-07-23 09:00:00+00:00,2026-07-10 04:00:00+00:00,2026-07-23 09:51:00+00:00,14,72.115,73.0,gfs_20260709T1800Z.json,-0.8850000000000051
5022,2026-07-23 10:00:00+00:00,2026-07-10 04:00:00+00:00,2026-07-23 10:51:00+00:00,14,72.185,73.0,gfs_20260709T1800Z.json,-0.8149999999999977
5023,2026-07-23 11:00:00+00:00,2026-07-10 04:00:00+00:00,2026-07-23 11:51:00+00:00,14,72.53999999999999,73.0,gfs_20260709T1800Z.json,-0.46000000000000796
5024,2026-07-23 12:00:00+00:00,2026-07-10 04:00:00+00:00,2026-07-23 12:51:00+00:00,14,73.195,74.0,gfs_20260709T1800Z.json,-0.8050000000000068
5025,2026-07-23 13:00:00+00:00,2026-07-10 04:00:00+00:00,2026-07-23 13:51:00+00:00,14,74.065,74.0,gfs_20260709T1800Z.json,0.06499999999999773
5026,2026-07-23 14:00:00+00:00,2026-07-10 04:00:00+00:00,2026-07-23 14:51:00+00:00,14,74.96499999999999,71.0,gfs_20260709T1800Z.json,3.964999999999989
5027,2026-07-23 15:00:00+00:00,2026-07-10 04:00:00+00:00,2026-07-23 15:51:00+00:00,14,75.61,68.0,gfs_20260709T1800Z.json,7.609999999999999
5028,2026-07-23 16:00:00+00:00,2026-07-10 04:00:00+00:00,2026-07-23 16:51:00+00:00,14,76.125,69.0,gfs_20260709T1800Z.json,7.125
5029,2026-07-23 17:00:00+00:00,2026-07-10 04:00:00+00:00,2026-07-23 17:51:00+00:00,14,76.96499999999999,70.0,gfs_20260709T1800Z.json,6.964999999999989
5030,2026-07-23 18:00:00+00:00,2026-07-10 04:00:00+00:00,2026-07-23 18:51:00+00:00,14,78.375,71.0,gfs_20260709T1800Z.json,7.375
5031,2026-07-23 19:00:00+00:00,2026-07-10 04:00:00+00:00,2026-07-23 19:51:00+00:00,14,80.215,71.0,gfs_20260709T1800Z.json,9.215000000000003
5032,2026-07-23 20:00:00+00:00,2026-07-10 04:00:00+00:00,2026-07-23 20:51:00+00:00,14,81.265,71.0,gfs_20260709T1800Z.json,10.265
5033,2026-07-23 21:00:00+00:00,2026-07-10 04:00:00+00:00,2026-07-23 21:51:00+00:00,14,80.635,71.0,gfs_20260709T1800Z.json,9.635000000000005
5034,2026-07-23 22:00:00+00:00,2026-07-10 04:00:00+00:00,2026-07-23 22:51:00+00:00,14,78.88499999999999,72.0,gfs_20260709T1800Z.json,6.884999999999991
5035,2026-07-23 23:00:00+00:00,2026-07-10 04:00:00+00:00,2026-07-23 23:51:00+00:00,14,77.155,71.0,gfs_20260709T1800Z.json,6.155000000000001
5036,2026-07-24 00:00:00+00:00,2026-07-10 04:00:00+00:00,2026-07-24 00:51:00+00:00,14,75.71000000000001,72.0,gfs_20260709T1800Z.json,3.710000000000008
5037,2026-07-24 01:00:00+00:00,2026-07-10 04:00:00+00:00,2026-07-24 01:51:00+00:00,14,74.31,72.0,gfs_20260709T1800Z.json,2.3100000000000023
5038,2026-07-24 02:00:00+00:00,2026-07-10 04:00:00+00:00,2026-07-24 02:51:00+00:00,14,73.25,70.0,gfs_20260709T1800Z.json,3.25
5039,2026-07-24 03:00:00+00:00,2026-07-10 04:00:00+00:00,2026-07-24 03:51:00+00:00,14,72.675,70.0,gfs_20260709T1800Z.json,2.674999999999997
5040,2026-07-17 04:00:00+00:00,2026-07-17 04:00:00+00:00,2026-07-17 04:51:00+00:00,1,78.52499999999999,80.0,gfs_20260716T1800Z.json,-1.4750000000000085
5041,2026-07-17 05:00:00+00:00,2026-07-17 04:00:00+00:00,2026-07-17 05:51:00+00:00,1,77.28,80.0,gfs_20260716T1800Z.json,-2.719999999999999
5042,2026-07-17 06:00:00+00:00,2026-07-17 04:00:00+00:00,2026-07-17 06:51:00+00:00,1,76.42,79.0,gfs_20260716T1800Z.json,-2.5799999999999983
5043,2026-07-17 07:00:00+00:00,2026-07-17 04:00:00+00:00,2026-07-17 07:51:00+00:00,1,75.875,80.0,gfs_20260716T1800Z.json,-4.125
5044,2026-07-17 08:00:00+00:00,2026-07-17 04:00:00+00:00,2026-07-17 08:51:00+00:00,1,75.63,77.0,gfs_20260716T1800Z.json,-1.3700000000000045
5045,2026-07-17 09:00:00+00:00,2026-07-17 04:00:00+00:00,2026-07-17 09:51:00+00:00,1,75.345,76.0,gfs_20260716T1800Z.json,-0.6550000000000011
5046,2026-07-17 10:00:00+00:00,2026-07-17 04:00:00+00:00,2026-07-17 10:51:00+00:00,1,74.79,76.0,gfs_20260716T1800Z.json,-1.2099999999999937
5047,2026-07-17 11:00:00+00:00,2026-07-17 04:00:00+00:00,2026-07-17 11:51:00+00:00,1,78.525,80.0,gfs_20260716T1800Z.json,-1.4749999999999943
5048,2026-07-17 12:00:00+00:00,2026-07-17 04:00:00+00:00,2026-07-17 12:51:00+00:00,1,83.535,83.0,gfs_20260716T1800Z.json,0.5349999999999966
5049,2026-07-17 13:00:00+00:00,2026-07-17 04:00:00+00:00,2026-07-17 13:51:00+00:00,1,88.125,87.0,gfs_20260716T1800Z.json,1.125
5050,2026-07-17 14:00:00+00:00,2026-07-17 04:00:00+00:00,2026-07-17 14:51:00+00:00,1,92.28500000000001,91.0,gfs_20260716T1800Z.json,1.2850000000000108
5051,2026-07-17 15:00:00+00:00,2026-07-17 04:00:00+00:00,2026-07-17 15:51:00+00:00,1,95.96,92.0,gfs_20260716T1800Z.json,3.9599999999999937
5052,2026-07-17 16:00:00+00:00,2026-07-17 04:00:00+00:00,2026-07-17 16:51:00+00:00,1,98.625,94.0,gfs_20260716T1800Z.json,4.625
5053,2026-07-17 17:00:00+00:00,2026-07-17 04:00:00+00:00,2026-07-17 17:51:00+00:00,1,100.105,96.0,gfs_20260716T1800Z.json,4.105000000000004
5054,2026-07-17 18:00:00+00:00,2026-07-17 04:00:00+00:00,2026-07-17 18:51:00+00:00,1,101.065,96.0,gfs_20260716T1800Z.json,5.064999999999998
5055,2026-07-17 19:00:00+00:00,2026-07-17 04:00:00+00:00,2026-07-17 19:51:00+00:00,1,101.37,97.0,gfs_20260716T1800Z.json,4.3700000000000045
5056,2026-07-17 20:00:00+00:00,2026-07-17 04:00:00+00:00,2026-07-17 20:51:00+00:00,1,100.89,96.0,gfs_20260716T1800Z.json,4.890000000000001
5057,2026-07-17 21:00:00+00:00,2026-07-17 04:00:00+00:00,2026-07-17 21:51:00+00:00,1,99.44,96.0,gfs_20260716T1800Z.json,3.4399999999999977
5058,2026-07-17 22:00:00+00:00,2026-07-17 04:00:00+00:00,2026-07-17 22:51:00+00:00,1,96.48,94.0,gfs_20260716T1800Z.json,2.480000000000004
5059,2026-07-17 23:00:00+00:00,2026-07-17 04:00:00+00:00,2026-07-17 23:51:00+00:00,1,91.07000000000001,92.0,gfs_20260716T1800Z.json,-0.9299999999999926
5060,2026-07-18 00:00:00+00:00,2026-07-17 04:00:00+00:00,2026-07-18 00:51:00+00:00,1,87.735,88.0,gfs_20260716T1800Z.json,-0.26500000000000057
5061,2026-07-18 01:00:00+00:00,2026-07-17 04:00:00+00:00,2026-07-18 01:51:00+00:00,1,86.11,85.0,gfs_20260716T1800Z.json,1.1099999999999994
5062,2026-07-18 02:00:00+00:00,2026-07-17 04:00:00+00:00,2026-07-18 02:51:00+00:00,1,83.435,85.0,gfs_20260716T1800Z.json,-1.5649999999999977
5063,2026-07-18 03:00:00+00:00,2026-07-17 04:00:00+00:00,2026-07-18 03:51:00+00:00,1,82.065,84.0,gfs_20260716T1800Z.json,-1.9350000000000023
5064,2026-07-18 04:00:00+00:00,2026-07-17 04:00:00+00:00,2026-07-18 04:51:00+00:00,2,80.965,86.0,gfs_20260716T1800Z.json,-5.034999999999997
5065,2026-07-18 05:00:00+00:00,2026-07-17 04:00:00+00:00,2026-07-18 05:51:00+00:00,2,79.95,84.0,gfs_20260716T1800Z.json,-4.049999999999997
5066,2026-07-18 06:00:00+00:00,2026-07-17 04:00:00+00:00,2026-07-18 06:51:00+00:00,2,79.63,83.0,gfs_20260716T1800Z.json,-3.3700000000000045
5067,2026-07-18 07:00:00+00:00,2026-07-17 04:00:00+00:00,2026-07-18 07:51:00+00:00,2,78.83500000000001,82.0,gfs_20260716T1800Z.json,-3.164999999999992
5068,2026-07-18 08:00:00+00:00,2026-07-17 04:00:00+00:00,2026-07-18 08:51:00+00:00,2,77.935,80.0,gfs_20260716T1800Z.json,-2.0649999999999977
5069,2026-07-18 09:00:00+00:00,2026-07-17 04:00:00+00:00,2026-07-18 09:51:00+00:00,2,77.29,79.0,gfs_20260716T1800Z.json,-1.7099999999999937
5070,2026-07-18 10:00:00+00:00,2026-07-17 04:00:00+00:00,2026-07-18 10:51:00+00:00,2,77.71,79.0,gfs_20260716T1800Z.json,-1.2900000000000063
5071,2026-07-18 11:00:00+00:00,2026-07-17 04:00:00+00:00,2026-07-18 11:51:00+00:00,2,80.69,81.0,gfs_20260716T1800Z.json,-0.3100000000000023
5072,2026-07-18 12:00:00+00:00,2026-07-17 04:00:00+00:00,2026-07-18 12:51:00+00:00,2,84.43,84.0,gfs_20260716T1800Z.json,0.4300000000000068
5073,2026-07-18 13:00:00+00:00,2026-07-17 04:00:00+00:00,2026-07-18 13:51:00+00:00,2,88.485,87.0,gfs_20260716T1800Z.json,1.4849999999999994
5074,2026-07-18 14:00:00+00:00,2026-07-17 04:00:00+00:00,2026-07-18 14:51:00+00:00,2,92.5,91.0,gfs_20260716T1800Z.json,1.5
5075,2026-07-18 15:00:00+00:00,2026-07-17 04:00:00+00:00,2026-07-18 15:51:00+00:00,2,95.64999999999999,94.0,gfs_20260716T1800Z.json,1.6499999999999915
5076,2026-07-18 16:00:00+00:00,2026-07-17 04:00:00+00:00,2026-07-18 16:51:00+00:00,2,98.31,95.0,gfs_20260716T1800Z.json,3.3100000000000023
5077,2026-07-18 17:00:00+00:00,2026-07-17 04:00:00+00:00,2026-07-18 17:51:00+00:00,2,100.485,91.4,gfs_20260716T1800Z.json,9.084999999999994
5078,2026-07-18 18:00:00+00:00,2026-07-17 04:00:00+00:00,2026-07-18 18:51:00+00:00,2,99.61,88.0,gfs_20260716T1800Z.json,11.61
5079,2026-07-18 19:00:00+00:00,2026-07-17 04:00:00+00:00,2026-07-18 19:51:00+00:00,2,99.655,91.4,gfs_20260716T1800Z.json,8.254999999999995
5080,2026-07-18 20:00:00+00:00,2026-07-17 04:00:00+00:00,2026-07-18 20:51:00+00:00,2,83.21,96.8,gfs_20260716T1800Z.json,-13.590000000000003
5081,2026-07-18 21:00:00+00:00,2026-07-17 04:00:00+00:00,2026-07-18 21:51:00+00:00,2,82.0,96.8,gfs_20260716T1800Z.json,-14.799999999999997
5082,2026-07-18 22:00:00+00:00,2026-07-17 04:00:00+00:00,2026-07-18 22:51:00+00:00,2,84.765,94.0,gfs_20260716T1800Z.json,-9.235
5083,2026-07-18 23:00:00+00:00,2026-07-17 04:00:00+00:00,2026-07-18 23:51:00+00:00,2,85.285,92.0,gfs_20260716T1800Z.json,-6.715000000000003
5084,2026-07-19 00:00:00+00:00,2026-07-17 04:00:00+00:00,2026-07-19 00:51:00+00:00,2,83.685,91.0,gfs_20260716T1800Z.json,-7.314999999999998
5085,2026-07-19 01:00:00+00:00,2026-07-17 04:00:00+00:00,2026-07-19 01:51:00+00:00,2,83.655,78.0,gfs_20260716T1800Z.json,5.655000000000001
5086,2026-07-19 02:00:00+00:00,2026-07-17 04:00:00+00:00,2026-07-19 02:51:00+00:00,2,83.87,78.0,gfs_20260716T1800Z.json,5.8700000000000045
5087,2026-07-19 03:00:00+00:00,2026-07-17 04:00:00+00:00,2026-07-19 03:51:00+00:00,2,83.305,77.0,gfs_20260716T1800Z.json,6.305000000000007
5088,2026-07-19 04:00:00+00:00,2026-07-17 04:00:00+00:00,2026-07-19 04:51:00+00:00,3,82.435,77.0,gfs_20260716T1800Z.json,5.435000000000002
5089,2026-07-19 05:00:00+00:00,2026-07-17 04:00:00+00:00,2026-07-19 05:51:00+00:00,3,80.42999999999999,77.0,gfs_20260716T1800Z.json,3.4299999999999926
5090,2026-07-19 06:00:00+00:00,2026-07-17 04:00:00+00:00,2026-07-19 06:51:00+00:00,3,79.16499999999999,77.0,gfs_20260716T1800Z.json,2.164999999999992
5091,2026-07-19 07:00:00+00:00,2026-07-17 04:00:00+00:00,2026-07-19 07:51:00+00:00,3,75.685,77.0,gfs_20260716T1800Z.json,-1.3149999999999977
5092,2026-07-19 08:00:00+00:00,2026-07-17 04:00:00+00:00,2026-07-19 08:51:00+00:00,3,74.33500000000001,77.0,gfs_20260716T1800Z.json,-2.664999999999992
5093,2026-07-19 09:00:00+00:00,2026-07-17 04:00:00+00:00,2026-07-19 09:51:00+00:00,3,73.605,77.0,gfs_20260716T1800Z.json,-3.394999999999996
5094,2026-07-19 10:00:00+00:00,2026-07-17 04:00:00+00:00,2026-07-19 10:51:00+00:00,3,74.095,78.0,gfs_20260716T1800Z.json,-3.905000000000001
5095,2026-07-19 11:00:00+00:00,2026-07-17 04:00:00+00:00,2026-07-19 11:51:00+00:00,3,77.08999999999999,79.0,gfs_20260716T1800Z.json,-1.9100000000000108
5096,2026-07-19 12:00:00+00:00,2026-07-17 04:00:00+00:00,2026-07-19 12:51:00+00:00,3,82.02,82.0,gfs_20260716T1800Z.json,0.01999999999999602
5097,2026-07-19 13:00:00+00:00,2026-07-17 04:00:00+00:00,2026-07-19 13:51:00+00:00,3,86.965,83.0,gfs_20260716T1800Z.json,3.9650000000000034
5098,2026-07-19 14:00:00+00:00,2026-07-17 04:00:00+00:00,2026-07-19 14:51:00+00:00,3,90.93,87.0,gfs_20260716T1800Z.json,3.930000000000007
5099,2026-07-19 15:00:00+00:00,2026-07-17 04:00:00+00:00,2026-07-19 15:51:00+00:00,3,93.625,88.0,gfs_20260716T1800Z.json,5.625
5100,2026-07-19 16:00:00+00:00,2026-07-17 04:00:00+00:00,2026-07-19 16:51:00+00:00,3,95.785,91.0,gfs_20260716T1800Z.json,4.784999999999997
5101,2026-07-19 17:00:00+00:00,2026-07-17 04:00:00+00:00,2026-07-19 17:51:00+00:00,3,98.31,87.0,gfs_20260716T1800Z.json,11.310000000000002
5102,2026-07-19 18:00:00+00:00,2026-07-17 04:00:00+00:00,2026-07-19 18:51:00+00:00,3,100.06,82.0,gfs_20260716T1800Z.json,18.060000000000002
5103,2026-07-19 19:00:00+00:00,2026-07-17 04:00:00+00:00,2026-07-19 19:51:00+00:00,3,97.41000000000001,89.0,gfs_20260716T1800Z.json,8.41000000000001
5104,2026-07-19 20:00:00+00:00,2026-07-17 04:00:00+00:00,2026-07-19 20:51:00+00:00,3,95.36999999999999,91.0,gfs_20260716T1800Z.json,4.36999999999999
5105,2026-07-19 21:00:00+00:00,2026-07-17 04:00:00+00:00,2026-07-19 21:51:00+00:00,3,92.04,91.0,gfs_20260716T1800Z.json,1.0400000000000063
5106,2026-07-19 22:00:00+00:00,2026-07-17 04:00:00+00:00,2026-07-19 22:51:00+00:00,3,77.05,83.0,gfs_20260716T1800Z.json,-5.950000000000003
5107,2026-07-19 23:00:00+00:00,2026-07-17 04:00:00+00:00,2026-07-19 23:51:00+00:00,3,73.735,81.0,gfs_20260716T1800Z.json,-7.265000000000001
5108,2026-07-20 00:00:00+00:00,2026-07-17 04:00:00+00:00,2026-07-20 00:51:00+00:00,3,72.75,81.0,gfs_20260716T1800Z.json,-8.25
5109,2026-07-20 01:00:00+00:00,2026-07-17 04:00:00+00:00,2026-07-20 01:51:00+00:00,3,72.43,80.0,gfs_20260716T1800Z.json,-7.569999999999993
5110,2026-07-20 02:00:00+00:00,2026-07-17 04:00:00+00:00,2026-07-20 02:51:00+00:00,3,72.825,81.0,gfs_20260716T1800Z.json,-8.174999999999997
5111,2026-07-20 03:00:00+00:00,2026-07-17 04:00:00+00:00,2026-07-20 03:51:00+00:00,3,73.41,81.0,gfs_20260716T1800Z.json,-7.590000000000003
5112,2026-07-20 04:00:00+00:00,2026-07-17 04:00:00+00:00,2026-07-20 04:51:00+00:00,4,73.33,79.0,gfs_20260716T1800Z.json,-5.670000000000002
5113,2026-07-20 05:00:00+00:00,2026-07-17 04:00:00+00:00,2026-07-20 05:51:00+00:00,4,72.79,78.0,gfs_20260716T1800Z.json,-5.209999999999994
5114,2026-07-20 06:00:00+00:00,2026-07-17 04:00:00+00:00,2026-07-20 06:51:00+00:00,4,72.7,78.0,gfs_20260716T1800Z.json,-5.299999999999997
5115,2026-07-20 07:00:00+00:00,2026-07-17 04:00:00+00:00,2026-07-20 07:51:00+00:00,4,72.615,77.0,gfs_20260716T1800Z.json,-4.385000000000005
5116,2026-07-20 08:00:00+00:00,2026-07-17 04:00:00+00:00,2026-07-20 08:51:00+00:00,4,72.6,77.0,gfs_20260716T1800Z.json,-4.400000000000006
5117,2026-07-20 09:00:00+00:00,2026-07-17 04:00:00+00:00,2026-07-20 09:51:00+00:00,4,72.26,76.0,gfs_20260716T1800Z.json,-3.739999999999995
5118,2026-07-20 10:00:00+00:00,2026-07-17 04:00:00+00:00,2026-07-20 10:51:00+00:00,4,72.37,75.0,gfs_20260716T1800Z.json,-2.6299999999999955
5119,2026-07-20 11:00:00+00:00,2026-07-17 04:00:00+00:00,2026-07-20 11:51:00+00:00,4,73.16499999999999,78.0,gfs_20260716T1800Z.json,-4.835000000000008
5120,2026-07-20 12:00:00+00:00,2026-07-17 04:00:00+00:00,2026-07-20 12:51:00+00:00,4,75.0,79.0,gfs_20260716T1800Z.json,-4.0
5121,2026-07-20 13:00:00+00:00,2026-07-17 04:00:00+00:00,2026-07-20 13:51:00+00:00,4,78.02,81.0,gfs_20260716T1800Z.json,-2.980000000000004
5122,2026-07-20 14:00:00+00:00,2026-07-17 04:00:00+00:00,2026-07-20 14:51:00+00:00,4,81.13499999999999,84.0,gfs_20260716T1800Z.json,-2.865000000000009
5123,2026-07-20 15:00:00+00:00,2026-07-17 04:00:00+00:00,2026-07-20 15:51:00+00:00,4,81.855,84.0,gfs_20260716T1800Z.json,-2.144999999999996
5124,2026-07-20 16:00:00+00:00,2026-07-17 04:00:00+00:00,2026-07-20 16:51:00+00:00,4,84.535,87.0,gfs_20260716T1800Z.json,-2.4650000000000034
5125,2026-07-20 17:00:00+00:00,2026-07-17 04:00:00+00:00,2026-07-20 17:51:00+00:00,4,86.7,89.0,gfs_20260716T1800Z.json,-2.299999999999997
5126,2026-07-20 18:00:00+00:00,2026-07-17 04:00:00+00:00,2026-07-20 18:51:00+00:00,4,85.47,86.0,gfs_20260716T1800Z.json,-0.5300000000000011
5127,2026-07-20 19:00:00+00:00,2026-07-17 04:00:00+00:00,2026-07-20 19:51:00+00:00,4,85.03,82.0,gfs_20260716T1800Z.json,3.030000000000001
5128,2026-07-20 20:00:00+00:00,2026-07-17 04:00:00+00:00,2026-07-20 20:51:00+00:00,4,84.83,79.0,gfs_20260716T1800Z.json,5.829999999999998
5129,2026-07-20 21:00:00+00:00,2026-07-17 04:00:00+00:00,2026-07-20 21:51:00+00:00,4,84.63,79.0,gfs_20260716T1800Z.json,5.6299999999999955
5130,2026-07-20 22:00:00+00:00,2026-07-17 04:00:00+00:00,2026-07-20 22:51:00+00:00,4,84.175,79.0,gfs_20260716T1800Z.json,5.174999999999997
5131,2026-07-20 23:00:00+00:00,2026-07-17 04:00:00+00:00,2026-07-20 23:51:00+00:00,4,78.14999999999999,77.0,gfs_20260716T1800Z.json,1.1499999999999915
5132,2026-07-21 00:00:00+00:00,2026-07-17 04:00:00+00:00,2026-07-21 00:51:00+00:00,4,75.06,76.0,gfs_20260716T1800Z.json,-0.9399999999999977
5133,2026-07-21 01:00:00+00:00,2026-07-17 04:00:00+00:00,2026-07-21 01:51:00+00:00,4,74.275,73.0,gfs_20260716T1800Z.json,1.2750000000000057
5134,2026-07-21 02:00:00+00:00,2026-07-17 04:00:00+00:00,2026-07-21 02:51:00+00:00,4,74.03,73.0,gfs_20260716T1800Z.json,1.0300000000000011
5135,2026-07-21 03:00:00+00:00,2026-07-17 04:00:00+00:00,2026-07-21 03:51:00+00:00,4,73.66,73.0,gfs_20260716T1800Z.json,0.6599999999999966
5136,2026-07-21 04:00:00+00:00,2026-07-17 04:00:00+00:00,2026-07-21 04:51:00+00:00,5,73.175,74.0,gfs_20260716T1800Z.json,-0.8250000000000028
5137,2026-07-21 05:00:00+00:00,2026-07-17 04:00:00+00:00,2026-07-21 05:51:00+00:00,5,72.675,73.0,gfs_20260716T1800Z.json,-0.32500000000000284
5138,2026-07-21 06:00:00+00:00,2026-07-17 04:00:00+00:00,2026-07-21 06:51:00+00:00,5,72.26,73.0,gfs_20260716T1800Z.json,-0.7399999999999949
5139,2026-07-21 07:00:00+00:00,2026-07-17 04:00:00+00:00,2026-07-21 07:51:00+00:00,5,71.775,74.0,gfs_20260716T1800Z.json,-2.2249999999999943
5140,2026-07-21 08:00:00+00:00,2026-07-17 04:00:00+00:00,2026-07-21 08:51:00+00:00,5,71.53,75.0,gfs_20260716T1800Z.json,-3.469999999999999
5141,2026-07-21 09:00:00+00:00,2026-07-17 04:00:00+00:00,2026-07-21 09:51:00+00:00,5,71.16,75.0,gfs_20260716T1800Z.json,-3.8400000000000034
5142,2026-07-21 10:00:00+00:00,2026-07-17 04:00:00+00:00,2026-07-21 10:51:00+00:00,5,72.205,75.0,gfs_20260716T1800Z.json,-2.7950000000000017
5143,2026-07-21 11:00:00+00:00,2026-07-17 04:00:00+00:00,2026-07-21 11:51:00+00:00,5,74.695,76.0,gfs_20260716T1800Z.json,-1.3050000000000068
5144,2026-07-21 12:00:00+00:00,2026-07-17 04:00:00+00:00,2026-07-21 12:51:00+00:00,5,78.16,79.0,gfs_20260716T1800Z.json,-0.8400000000000034
5145,2026-07-21 13:00:00+00:00,2026-07-17 04:00:00+00:00,2026-07-21 13:51:00+00:00,5,82.525,81.0,gfs_20260716T1800Z.json,1.5250000000000057
5146,2026-07-21 14:00:00+00:00,2026-07-17 04:00:00+00:00,2026-07-21 14:51:00+00:00,5,86.25999999999999,83.0,gfs_20260716T1800Z.json,3.259999999999991
5147,2026-07-21 15:00:00+00:00,2026-07-17 04:00:00+00:00,2026-07-21 15:51:00+00:00,5,89.69,86.0,gfs_20260716T1800Z.json,3.6899999999999977
5148,2026-07-21 16:00:00+00:00,2026-07-17 04:00:00+00:00,2026-07-21 16:51:00+00:00,5,92.66499999999999,86.0,gfs_20260716T1800Z.json,6.664999999999992
5149,2026-07-21 17:00:00+00:00,2026-07-17 04:00:00+00:00,2026-07-21 17:51:00+00:00,5,94.63000000000001,88.0,gfs_20260716T1800Z.json,6.63000000000001
5150,2026-07-21 18:00:00+00:00,2026-07-17 04:00:00+00:00,2026-07-21 18:51:00+00:00,5,93.455,90.0,gfs_20260716T1800Z.json,3.4549999999999983
5151,2026-07-21 19:00:00+00:00,2026-07-17 04:00:00+00:00,2026-07-21 19:51:00+00:00,5,90.31,91.0,gfs_20260716T1800Z.json,-0.6899999999999977
5152,2026-07-21 20:00:00+00:00,2026-07-17 04:00:00+00:00,2026-07-21 20:51:00+00:00,5,87.25,91.0,gfs_20260716T1800Z.json,-3.75
5153,2026-07-21 21:00:00+00:00,2026-07-17 04:00:00+00:00,2026-07-21 21:51:00+00:00,5,85.35499999999999,91.0,gfs_20260716T1800Z.json,-5.64500000000001
5154,2026-07-21 22:00:00+00:00,2026-07-17 04:00:00+00:00,2026-07-21 22:51:00+00:00,5,84.08,91.0,gfs_20260716T1800Z.json,-6.920000000000002
5155,2026-07-21 23:00:00+00:00,2026-07-17 04:00:00+00:00,2026-07-21 23:51:00+00:00,5,83.135,89.0,gfs_20260716T1800Z.json,-5.864999999999995
5156,2026-07-22 00:00:00+00:00,2026-07-17 04:00:00+00:00,2026-07-22 00:51:00+00:00,5,82.405,87.0,gfs_20260716T1800Z.json,-4.594999999999999
5157,2026-07-22 01:00:00+00:00,2026-07-17 04:00:00+00:00,2026-07-22 01:51:00+00:00,5,81.875,86.0,gfs_20260716T1800Z.json,-4.125
5158,2026-07-22 02:00:00+00:00,2026-07-17 04:00:00+00:00,2026-07-22 02:51:00+00:00,5,81.46000000000001,85.0,gfs_20260716T1800Z.json,-3.539999999999992
5159,2026-07-22 03:00:00+00:00,2026-07-17 04:00:00+00:00,2026-07-22 03:51:00+00:00,5,81.145,85.0,gfs_20260716T1800Z.json,-3.855000000000004
5160,2026-07-22 04:00:00+00:00,2026-07-17 04:00:00+00:00,2026-07-22 04:51:00+00:00,6,80.845,84.0,gfs_20260716T1800Z.json,-3.155000000000001
5161,2026-07-22 05:00:00+00:00,2026-07-17 04:00:00+00:00,2026-07-22 05:51:00+00:00,6,80.205,83.0,gfs_20260716T1800Z.json,-2.7950000000000017
5162,2026-07-22 06:00:00+00:00,2026-07-17 04:00:00+00:00,2026-07-22 06:51:00+00:00,6,78.655,83.0,gfs_20260716T1800Z.json,-4.344999999999999
5163,2026-07-22 07:00:00+00:00,2026-07-17 04:00:00+00:00,2026-07-22 07:51:00+00:00,6,76.615,82.0,gfs_20260716T1800Z.json,-5.385000000000005
5164,2026-07-22 08:00:00+00:00,2026-07-17 04:00:00+00:00,2026-07-22 08:51:00+00:00,6,75.11,82.0,gfs_20260716T1800Z.json,-6.890000000000001
5165,2026-07-22 09:00:00+00:00,2026-07-17 04:00:00+00:00,2026-07-22 09:51:00+00:00,6,74.645,81.0,gfs_20260716T1800Z.json,-6.355000000000004
5166,2026-07-22 10:00:00+00:00,2026-07-17 04:00:00+00:00,2026-07-22 10:51:00+00:00,6,74.855,81.0,gfs_20260716T1800Z.json,-6.144999999999996
5167,2026-07-22 11:00:00+00:00,2026-07-17 04:00:00+00:00,2026-07-22 11:51:00+00:00,6,75.49499999999999,81.0,gfs_20260716T1800Z.json,-5.50500000000001
5168,2026-07-22 12:00:00+00:00,2026-07-17 04:00:00+00:00,2026-07-22 12:51:00+00:00,6,76.78999999999999,83.0,gfs_20260716T1800Z.json,-6.210000000000008
5169,2026-07-22 13:00:00+00:00,2026-07-17 04:00:00+00:00,2026-07-22 13:51:00+00:00,6,78.53,84.0,gfs_20260716T1800Z.json,-5.469999999999999
5170,2026-07-22 14:00:00+00:00,2026-07-17 04:00:00+00:00,2026-07-22 14:51:00+00:00,6,79.64999999999999,85.0,gfs_20260716T1800Z.json,-5.3500000000000085
5171,2026-07-22 15:00:00+00:00,2026-07-17 04:00:00+00:00,2026-07-22 15:51:00+00:00,6,79.12,88.0,gfs_20260716T1800Z.json,-8.879999999999995
5172,2026-07-22 16:00:00+00:00,2026-07-17 04:00:00+00:00,2026-07-22 16:51:00+00:00,6,77.725,88.0,gfs_20260716T1800Z.json,-10.275000000000006
5173,2026-07-22 17:00:00+00:00,2026-07-17 04:00:00+00:00,2026-07-22 17:51:00+00:00,6,76.65,91.0,gfs_20260716T1800Z.json,-14.349999999999994
5174,2026-07-22 18:00:00+00:00,2026-07-17 04:00:00+00:00,2026-07-22 18:51:00+00:00,6,77.00999999999999,91.0,gfs_20260716T1800Z.json,-13.990000000000009
5175,2026-07-22 19:00:00+00:00,2026-07-17 04:00:00+00:00,2026-07-22 19:51:00+00:00,6,78.11999999999999,91.0,gfs_20260716T1800Z.json,-12.88000000000001
5176,2026-07-22 20:00:00+00:00,2026-07-17 04:00:00+00:00,2026-07-22 20:51:00+00:00,6,78.81,90.0,gfs_20260716T1800Z.json,-11.189999999999998
5177,2026-07-22 21:00:00+00:00,2026-07-17 04:00:00+00:00,2026-07-22 21:51:00+00:00,6,78.135,88.0,gfs_20260716T1800Z.json,-9.864999999999995
5178,2026-07-22 22:00:00+00:00,2026-07-17 04:00:00+00:00,2026-07-22 22:51:00+00:00,6,76.64,83.0,gfs_20260716T1800Z.json,-6.359999999999999
5179,2026-07-22 23:00:00+00:00,2026-07-17 04:00:00+00:00,2026-07-22 23:51:00+00:00,6,75.125,79.0,gfs_20260716T1800Z.json,-3.875
5180,2026-07-23 00:00:00+00:00,2026-07-17 04:00:00+00:00,2026-07-23 00:51:00+00:00,6,74.135,78.0,gfs_20260716T1800Z.json,-3.864999999999995
5181,2026-07-23 01:00:00+00:00,2026-07-17 04:00:00+00:00,2026-07-23 01:51:00+00:00,6,73.405,77.0,gfs_20260716T1800Z.json,-3.594999999999999
5182,2026-07-23 02:00:00+00:00,2026-07-17 04:00:00+00:00,2026-07-23 02:51:00+00:00,6,72.365,76.0,gfs_20260716T1800Z.json,-3.635000000000005
5183,2026-07-23 03:00:00+00:00,2026-07-17 04:00:00+00:00,2026-07-23 03:51:00+00:00,6,70.5,76.0,gfs_20260716T1800Z.json,-5.5
5184,2026-07-23 04:00:00+00:00,2026-07-17 04:00:00+00:00,2026-07-23 04:51:00+00:00,7,68.16,75.0,gfs_20260716T1800Z.json,-6.840000000000003
5185,2026-07-23 05:00:00+00:00,2026-07-17 04:00:00+00:00,2026-07-23 05:51:00+00:00,7,66.52499999999999,73.0,gfs_20260716T1800Z.json,-6.4750000000000085
5186,2026-07-23 06:00:00+00:00,2026-07-17 04:00:00+00:00,2026-07-23 06:51:00+00:00,7,66.215,74.0,gfs_20260716T1800Z.json,-7.784999999999997
5187,2026-07-23 07:00:00+00:00,2026-07-17 04:00:00+00:00,2026-07-23 07:51:00+00:00,7,66.795,74.0,gfs_20260716T1800Z.json,-7.204999999999998
5188,2026-07-23 08:00:00+00:00,2026-07-17 04:00:00+00:00,2026-07-23 08:51:00+00:00,7,67.24,74.0,gfs_20260716T1800Z.json,-6.760000000000005
5189,2026-07-23 09:00:00+00:00,2026-07-17 04:00:00+00:00,2026-07-23 09:51:00+00:00,7,66.96000000000001,73.0,gfs_20260716T1800Z.json,-6.039999999999992
5190,2026-07-23 10:00:00+00:00,2026-07-17 04:00:00+00:00,2026-07-23 10:51:00+00:00,7,66.305,73.0,gfs_20260716T1800Z.json,-6.694999999999993
5191,2026-07-23 11:00:00+00:00,2026-07-17 04:00:00+00:00,2026-07-23 11:51:00+00:00,7,66.115,73.0,gfs_20260716T1800Z.json,-6.885000000000005
5192,2026-07-23 12:00:00+00:00,2026-07-17 04:00:00+00:00,2026-07-23 12:51:00+00:00,7,66.695,74.0,gfs_20260716T1800Z.json,-7.305000000000007
5193,2026-07-23 13:00:00+00:00,2026-07-17 04:00:00+00:00,2026-07-23 13:51:00+00:00,7,67.82,74.0,gfs_20260716T1800Z.json,-6.180000000000007
5194,2026-07-23 14:00:00+00:00,2026-07-17 04:00:00+00:00,2026-07-23 14:51:00+00:00,7,69.275,71.0,gfs_20260716T1800Z.json,-1.7249999999999943
5195,2026-07-23 15:00:00+00:00,2026-07-17 04:00:00+00:00,2026-07-23 15:51:00+00:00,7,71.37,68.0,gfs_20260716T1800Z.json,3.3700000000000045
5196,2026-07-23 16:00:00+00:00,2026-07-17 04:00:00+00:00,2026-07-23 16:51:00+00:00,7,73.825,69.0,gfs_20260716T1800Z.json,4.825000000000003
5197,2026-07-23 17:00:00+00:00,2026-07-17 04:00:00+00:00,2026-07-23 17:51:00+00:00,7,75.56,70.0,gfs_20260716T1800Z.json,5.560000000000002
5198,2026-07-23 18:00:00+00:00,2026-07-17 04:00:00+00:00,2026-07-23 18:51:00+00:00,7,75.63,71.0,gfs_20260716T1800Z.json,4.6299999999999955
5199,2026-07-23 19:00:00+00:00,2026-07-17 04:00:00+00:00,2026-07-23 19:51:00+00:00,7,74.66499999999999,71.0,gfs_20260716T1800Z.json,3.664999999999992
5200,2026-07-23 20:00:00+00:00,2026-07-17 04:00:00+00:00,2026-07-23 20:51:00+00:00,7,73.48,71.0,gfs_20260716T1800Z.json,2.480000000000004
5201,2026-07-23 21:00:00+00:00,2026-07-17 04:00:00+00:00,2026-07-23 21:51:00+00:00,7,72.53500000000001,71.0,gfs_20260716T1800Z.json,1.5350000000000108
5202,2026-07-23 22:00:00+00:00,2026-07-17 04:00:00+00:00,2026-07-23 22:51:00+00:00,7,71.55000000000001,72.0,gfs_20260716T1800Z.json,-0.44999999999998863
5203,2026-07-23 23:00:00+00:00,2026-07-17 04:00:00+00:00,2026-07-23 23:51:00+00:00,7,70.38000000000001,71.0,gfs_20260716T1800Z.json,-0.6199999999999903
5204,2026-07-24 00:00:00+00:00,2026-07-17 04:00:00+00:00,2026-07-24 00:51:00+00:00,7,68.83999999999999,72.0,gfs_20260716T1800Z.json,-3.160000000000011
5205,2026-07-24 01:00:00+00:00,2026-07-17 04:00:00+00:00,2026-07-24 01:51:00+00:00,7,67.07,72.0,gfs_20260716T1800Z.json,-4.930000000000007
5206,2026-07-24 02:00:00+00:00,2026-07-17 04:00:00+00:00,2026-07-24 02:51:00+00:00,7,65.61,70.0,gfs_20260716T1800Z.json,-4.390000000000001
5207,2026-07-24 03:00:00+00:00,2026-07-17 04:00:00+00:00,2026-07-24 03:51:00+00:00,7,64.89,70.0,gfs_20260716T1800Z.json,-5.109999999999999
5208,2026-07-24 04:00:00+00:00,2026-07-17 04:00:00+00:00,2026-07-24 04:51:00+00:00,8,64.63,69.0,gfs_20260716T1800Z.json,-4.3700000000000045
5209,2026-07-24 05:00:00+00:00,2026-07-17 04:00:00+00:00,2026-07-24 05:51:00+00:00,8,64.345,69.0,gfs_20260716T1800Z.json,-4.655000000000001
5210,2026-07-24 06:00:00+00:00,2026-07-17 04:00:00+00:00,2026-07-24 06:51:00+00:00,8,63.449999999999996,69.0,gfs_20260716T1800Z.json,-5.550000000000004
5211,2026-07-24 07:00:00+00:00,2026-07-17 04:00:00+00:00,2026-07-24 07:51:00+00:00,8,62.365,69.0,gfs_20260716T1800Z.json,-6.634999999999998
5212,2026-07-24 08:00:00+00:00,2026-07-17 04:00:00+00:00,2026-07-24 08:51:00+00:00,8,61.86,69.0,gfs_20260716T1800Z.json,-7.140000000000001
5213,2026-07-24 09:00:00+00:00,2026-07-17 04:00:00+00:00,2026-07-24 09:51:00+00:00,8,62.055,69.0,gfs_20260716T1800Z.json,-6.945
5214,2026-07-24 10:00:00+00:00,2026-07-17 04:00:00+00:00,2026-07-24 10:51:00+00:00,8,62.865,68.0,gfs_20260716T1800Z.json,-5.134999999999998
5215,2026-07-24 11:00:00+00:00,2026-07-17 04:00:00+00:00,2026-07-24 11:51:00+00:00,8,64.7,68.0,gfs_20260716T1800Z.json,-3.299999999999997
5216,2026-07-24 12:00:00+00:00,2026-07-17 04:00:00+00:00,2026-07-24 12:51:00+00:00,8,68.23,69.0,gfs_20260716T1800Z.json,-0.769999999999996
5217,2026-07-24 13:00:00+00:00,2026-07-17 04:00:00+00:00,2026-07-24 13:51:00+00:00,8,72.88,70.0,gfs_20260716T1800Z.json,2.8799999999999955
5218,2026-07-24 14:00:00+00:00,2026-07-17 04:00:00+00:00,2026-07-24 14:51:00+00:00,8,77.17,71.0,gfs_20260716T1800Z.json,6.170000000000002
5219,2026-07-24 15:00:00+00:00,2026-07-17 04:00:00+00:00,2026-07-24 15:51:00+00:00,8,80.265,72.0,gfs_20260716T1800Z.json,8.265
5220,2026-07-24 16:00:00+00:00,2026-07-17 04:00:00+00:00,2026-07-24 16:51:00+00:00,8,82.74,73.0,gfs_20260716T1800Z.json,9.739999999999995
5221,2026-07-24 17:00:00+00:00,2026-07-17 04:00:00+00:00,2026-07-24 17:51:00+00:00,8,84.545,74.0,gfs_20260716T1800Z.json,10.545000000000002
5222,2026-07-24 18:00:00+00:00,2026-07-17 04:00:00+00:00,2026-07-24 18:51:00+00:00,8,85.905,74.0,gfs_20260716T1800Z.json,11.905000000000001
5223,2026-07-24 19:00:00+00:00,2026-07-17 04:00:00+00:00,2026-07-24 19:51:00+00:00,8,86.78,75.0,gfs_20260716T1800Z.json,11.780000000000001
5224,2026-07-24 20:00:00+00:00,2026-07-17 04:00:00+00:00,2026-07-24 20:51:00+00:00,8,86.305,75.0,gfs_20260716T1800Z.json,11.305000000000007
5225,2026-07-24 21:00:00+00:00,2026-07-17 04:00:00+00:00,2026-07-24 21:51:00+00:00,8,83.735,74.0,gfs_20260716T1800Z.json,9.735
5226,2026-07-24 22:00:00+00:00,2026-07-17 04:00:00+00:00,2026-07-24 22:51:00+00:00,8,79.72999999999999,73.0,gfs_20260716T1800Z.json,6.72999999999999
5227,2026-07-24 23:00:00+00:00,2026-07-17 04:00:00+00:00,2026-07-24 23:51:00+00:00,8,75.86999999999999,72.0,gfs_20260716T1800Z.json,3.8699999999999903
5228,2026-07-25 00:00:00+00:00,2026-07-17 04:00:00+00:00,2026-07-25 00:51:00+00:00,8,73.005,72.0,gfs_20260716T1800Z.json,1.0049999999999955
5229,2026-07-25 01:00:00+00:00,2026-07-17 04:00:00+00:00,2026-07-25 01:51:00+00:00,8,70.73,72.0,gfs_20260716T1800Z.json,-1.269999999999996
5230,2026-07-25 02:00:00+00:00,2026-07-17 04:00:00+00:00,2026-07-25 02:51:00+00:00,8,68.86999999999999,72.0,gfs_20260716T1800Z.json,-3.1300000000000097
5231,2026-07-25 03:00:00+00:00,2026-07-17 04:00:00+00:00,2026-07-25 03:51:00+00:00,8,67.58,72.0,gfs_20260716T1800Z.json,-4.420000000000002
5232,2026-07-25 04:00:00+00:00,2026-07-17 04:00:00+00:00,2026-07-25 04:51:00+00:00,9,66.72,72.0,gfs_20260716T1800Z.json,-5.280000000000001
5233,2026-07-25 05:00:00+00:00,2026-07-17 04:00:00+00:00,2026-07-25 05:51:00+00:00,9,66.00500000000001,71.0,gfs_20260716T1800Z.json,-4.99499999999999
5234,2026-07-25 06:00:00+00:00,2026-07-17 04:00:00+00:00,2026-07-25 06:51:00+00:00,9,65.05000000000001,71.0,gfs_20260716T1800Z.json,-5.949999999999989
5235,2026-07-25 07:00:00+00:00,2026-07-17 04:00:00+00:00,2026-07-25 07:51:00+00:00,9,64.135,70.0,gfs_20260716T1800Z.json,-5.864999999999995
5236,2026-07-25 08:00:00+00:00,2026-07-17 04:00:00+00:00,2026-07-25 08:51:00+00:00,9,63.745000000000005,70.0,gfs_20260716T1800Z.json,-6.2549999999999955
5237,2026-07-25 09:00:00+00:00,2026-07-17 04:00:00+00:00,2026-07-25 09:51:00+00:00,9,64.21,69.0,gfs_20260716T1800Z.json,-4.790000000000006
5238,2026-07-25 10:00:00+00:00,2026-07-17 04:00:00+00:00,2026-07-25 10:51:00+00:00,9,65.405,68.0,gfs_20260716T1800Z.json,-2.594999999999999
5239,2026-07-25 11:00:00+00:00,2026-07-17 04:00:00+00:00,2026-07-25 11:51:00+00:00,9,67.555,67.0,gfs_20260716T1800Z.json,0.5550000000000068
5240,2026-07-25 12:00:00+00:00,2026-07-17 04:00:00+00:00,2026-07-25 12:51:00+00:00,9,71.215,67.0,gfs_20260716T1800Z.json,4.215000000000003
5241,2026-07-25 13:00:00+00:00,2026-07-17 04:00:00+00:00,2026-07-25 13:51:00+00:00,9,75.965,67.0,gfs_20260716T1800Z.json,8.965000000000003
5242,2026-07-25 14:00:00+00:00,2026-07-17 04:00:00+00:00,2026-07-25 14:51:00+00:00,9,80.185,68.0,gfs_20260716T1800Z.json,12.185000000000002
5243,2026-07-25 15:00:00+00:00,2026-07-17 04:00:00+00:00,2026-07-25 15:51:00+00:00,9,83.01,68.0,gfs_20260716T1800Z.json,15.010000000000005
5244,2026-07-25 16:00:00+00:00,2026-07-17 04:00:00+00:00,2026-07-25 16:51:00+00:00,9,84.93,69.0,gfs_20260716T1800Z.json,15.930000000000007
5245,2026-07-25 17:00:00+00:00,2026-07-17 04:00:00+00:00,2026-07-25 17:51:00+00:00,9,86.22,70.0,gfs_20260716T1800Z.json,16.22
5246,2026-07-25 18:00:00+00:00,2026-07-17 04:00:00+00:00,2026-07-25 18:51:00+00:00,9,87.25,70.0,gfs_20260716T1800Z.json,17.25
5247,2026-07-25 19:00:00+00:00,2026-07-17 04:00:00+00:00,2026-07-25 19:51:00+00:00,9,87.825,71.0,gfs_20260716T1800Z.json,16.825000000000003
5248,2026-07-25 20:00:00+00:00,2026-07-17 04:00:00+00:00,2026-07-25 20:51:00+00:00,9,87.22,72.0,gfs_20260716T1800Z.json,15.219999999999999
5249,2026-07-25 21:00:00+00:00,2026-07-17 04:00:00+00:00,2026-07-25 21:51:00+00:00,9,84.805,72.0,gfs_20260716T1800Z.json,12.805000000000007
5250,2026-07-25 22:00:00+00:00,2026-07-17 04:00:00+00:00,2026-07-25 22:51:00+00:00,9,81.08500000000001,72.0,gfs_20260716T1800Z.json,9.085000000000008
5251,2026-07-25 23:00:00+00:00,2026-07-17 04:00:00+00:00,2026-07-25 23:51:00+00:00,9,77.61,72.0,gfs_20260716T1800Z.json,5.609999999999999
5252,2026-07-26 00:00:00+00:00,2026-07-17 04:00:00+00:00,2026-07-26 00:51:00+00:00,9,75.145,71.0,gfs_20260716T1800Z.json,4.144999999999996
5253,2026-07-26 01:00:00+00:00,2026-07-17 04:00:00+00:00,2026-07-26 01:51:00+00:00,9,73.27,71.0,gfs_20260716T1800Z.json,2.269999999999996
5254,2026-07-26 02:00:00+00:00,2026-07-17 04:00:00+00:00,2026-07-26 02:51:00+00:00,9,71.725,71.0,gfs_20260716T1800Z.json,0.7249999999999943
5255,2026-07-26 03:00:00+00:00,2026-07-17 04:00:00+00:00,2026-07-26 03:51:00+00:00,9,70.31,71.0,gfs_20260716T1800Z.json,-0.6899999999999977
5256,2026-07-26 04:00:00+00:00,2026-07-17 04:00:00+00:00,2026-07-26 04:51:00+00:00,10,69.08,69.0,gfs_20260716T1800Z.json,0.0799999999999983
5257,2026-07-26 05:00:00+00:00,2026-07-17 04:00:00+00:00,2026-07-26 05:51:00+00:00,10,68.05000000000001,68.0,gfs_20260716T1800Z.json,0.05000000000001137
5258,2026-07-26 06:00:00+00:00,2026-07-17 04:00:00+00:00,2026-07-26 06:51:00+00:00,10,67.05000000000001,68.0,gfs_20260716T1800Z.json,-0.9499999999999886
5259,2026-07-26 07:00:00+00:00,2026-07-17 04:00:00+00:00,2026-07-26 07:51:00+00:00,10,66.22,68.0,gfs_20260716T1800Z.json,-1.7800000000000011
5260,2026-07-26 08:00:00+00:00,2026-07-17 04:00:00+00:00,2026-07-26 08:51:00+00:00,10,66.1,67.0,gfs_20260716T1800Z.json,-0.9000000000000057
5261,2026-07-26 09:00:00+00:00,2026-07-17 04:00:00+00:00,2026-07-26 09:51:00+00:00,10,66.78,67.0,gfs_20260716T1800Z.json,-0.21999999999999886
5262,2026-07-26 10:00:00+00:00,2026-07-17 04:00:00+00:00,2026-07-26 10:51:00+00:00,10,68.26,67.0,gfs_20260716T1800Z.json,1.2600000000000051
5263,2026-07-26 11:00:00+00:00,2026-07-17 04:00:00+00:00,2026-07-26 11:51:00+00:00,10,70.54,68.0,gfs_20260716T1800Z.json,2.5400000000000063
5264,2026-07-26 12:00:00+00:00,2026-07-17 04:00:00+00:00,2026-07-26 12:51:00+00:00,10,74.30000000000001,70.0,gfs_20260716T1800Z.json,4.300000000000011
5265,2026-07-26 13:00:00+00:00,2026-07-17 04:00:00+00:00,2026-07-26 13:51:00+00:00,10,78.895,73.0,gfs_20260716T1800Z.json,5.894999999999996
5266,2026-07-26 14:00:00+00:00,2026-07-17 04:00:00+00:00,2026-07-26 14:51:00+00:00,10,82.83,77.0,gfs_20260716T1800Z.json,5.829999999999998
5267,2026-07-26 15:00:00+00:00,2026-07-17 04:00:00+00:00,2026-07-26 15:51:00+00:00,10,84.93,78.0,gfs_20260716T1800Z.json,6.930000000000007
5268,2026-07-26 16:00:00+00:00,2026-07-17 04:00:00+00:00,2026-07-26 16:51:00+00:00,10,85.88,79.0,gfs_20260716T1800Z.json,6.8799999999999955
5269,2026-07-26 17:00:00+00:00,2026-07-17 04:00:00+00:00,2026-07-26 17:51:00+00:00,10,86.17,83.0,gfs_20260716T1800Z.json,3.1700000000000017
5270,2026-07-26 18:00:00+00:00,2026-07-17 04:00:00+00:00,2026-07-26 18:51:00+00:00,10,86.2,82.0,gfs_20260716T1800Z.json,4.200000000000003
5271,2026-07-26 19:00:00+00:00,2026-07-17 04:00:00+00:00,2026-07-26 19:51:00+00:00,10,85.69,82.0,gfs_20260716T1800Z.json,3.6899999999999977
5272,2026-07-26 20:00:00+00:00,2026-07-17 04:00:00+00:00,2026-07-26 20:51:00+00:00,10,84.58,81.0,gfs_20260716T1800Z.json,3.5799999999999983
5273,2026-07-26 21:00:00+00:00,2026-07-17 04:00:00+00:00,2026-07-26 21:51:00+00:00,10,82.7,80.0,gfs_20260716T1800Z.json,2.700000000000003
5274,2026-07-26 22:00:00+00:00,2026-07-17 04:00:00+00:00,2026-07-26 22:51:00+00:00,10,80.19,81.0,gfs_20260716T1800Z.json,-0.8100000000000023
5275,2026-07-26 23:00:00+00:00,2026-07-17 04:00:00+00:00,2026-07-26 23:51:00+00:00,10,77.59,79.0,gfs_20260716T1800Z.json,-1.4099999999999966
5276,2026-07-27 00:00:00+00:00,2026-07-17 04:00:00+00:00,2026-07-27 00:51:00+00:00,10,75.16,78.0,gfs_20260716T1800Z.json,-2.8400000000000034
5277,2026-07-27 01:00:00+00:00,2026-07-17 04:00:00+00:00,2026-07-27 01:51:00+00:00,10,72.76,76.0,gfs_20260716T1800Z.json,-3.239999999999995
5278,2026-07-27 02:00:00+00:00,2026-07-17 04:00:00+00:00,2026-07-27 02:51:00+00:00,10,70.86999999999999,75.0,gfs_20260716T1800Z.json,-4.13000000000001
5279,2026-07-27 03:00:00+00:00,2026-07-17 04:00:00+00:00,2026-07-27 03:51:00+00:00,10,69.75,75.0,gfs_20260716T1800Z.json,-5.25
5280,2026-07-27 04:00:00+00:00,2026-07-17 04:00:00+00:00,2026-07-27 04:51:00+00:00,11,69.175,75.0,gfs_20260716T1800Z.json,-5.825000000000003
5281,2026-07-27 05:00:00+00:00,2026-07-17 04:00:00+00:00,2026-07-27 05:51:00+00:00,11,68.675,72.0,gfs_20260716T1800Z.json,-3.325000000000003
5282,2026-07-27 06:00:00+00:00,2026-07-17 04:00:00+00:00,2026-07-27 06:51:00+00:00,11,67.75,71.0,gfs_20260716T1800Z.json,-3.25
5283,2026-07-27 07:00:00+00:00,2026-07-17 04:00:00+00:00,2026-07-27 07:51:00+00:00,11,66.75,71.0,gfs_20260716T1800Z.json,-4.25
5284,2026-07-27 08:00:00+00:00,2026-07-17 04:00:00+00:00,2026-07-27 08:51:00+00:00,11,66.345,70.0,gfs_20260716T1800Z.json,-3.655000000000001
5285,2026-07-27 09:00:00+00:00,2026-07-17 04:00:00+00:00,2026-07-27 09:51:00+00:00,11,66.895,71.0,gfs_20260716T1800Z.json,-4.105000000000004
5286,2026-07-27 10:00:00+00:00,2026-07-17 04:00:00+00:00,2026-07-27 10:51:00+00:00,11,68.19,71.0,gfs_20260716T1800Z.json,-2.8100000000000023
5287,2026-07-27 11:00:00+00:00,2026-07-17 04:00:00+00:00,2026-07-27 11:51:00+00:00,11,69.76,73.0,gfs_20260716T1800Z.json,-3.239999999999995
5288,2026-07-27 12:00:00+00:00,2026-07-17 04:00:00+00:00,2026-07-27 12:51:00+00:00,11,71.61500000000001,76.0,gfs_20260716T1800Z.json,-4.384999999999991
5289,2026-07-27 13:00:00+00:00,2026-07-17 04:00:00+00:00,2026-07-27 13:29:00+00:00,11,72.96333333333334,77.0,gfs_20260716T1800Z.json,-4.036666666666662
5290,2026-07-27 14:00:00+00:00,2026-07-17 04:00:00+00:00,2026-07-27 14:51:00+00:00,11,75.97,80.0,gfs_20260716T1800Z.json,-4.030000000000001
5291,2026-07-27 15:00:00+00:00,2026-07-17 04:00:00+00:00,2026-07-27 15:51:00+00:00,11,78.595,82.0,gfs_20260716T1800Z.json,-3.405000000000001
5292,2026-07-27 16:00:00+00:00,2026-07-17 04:00:00+00:00,2026-07-27 16:51:00+00:00,11,81.38,84.0,gfs_20260716T1800Z.json,-2.6200000000000045
5293,2026-07-27 17:00:00+00:00,2026-07-17 04:00:00+00:00,2026-07-27 17:51:00+00:00,11,83.16000000000001,85.0,gfs_20260716T1800Z.json,-1.8399999999999892
5294,2026-07-27 18:00:00+00:00,2026-07-17 04:00:00+00:00,2026-07-27 18:51:00+00:00,11,83.06,85.0,gfs_20260716T1800Z.json,-1.9399999999999977
5295,2026-07-27 19:00:00+00:00,2026-07-17 04:00:00+00:00,2026-07-27 19:51:00+00:00,11,81.64,86.0,gfs_20260716T1800Z.json,-4.359999999999999
5296,2026-07-27 20:00:00+00:00,2026-07-17 04:00:00+00:00,2026-07-27 20:51:00+00:00,11,79.86999999999999,85.0,gfs_20260716T1800Z.json,-5.13000000000001
5297,2026-07-27 21:00:00+00:00,2026-07-17 04:00:00+00:00,2026-07-27 21:51:00+00:00,11,78.07,84.0,gfs_20260716T1800Z.json,-5.930000000000007
5298,2026-07-27 22:00:00+00:00,2026-07-17 04:00:00+00:00,2026-07-27 22:51:00+00:00,11,76.1,83.0,gfs_20260716T1800Z.json,-6.900000000000006
5299,2026-07-27 23:00:00+00:00,2026-07-17 04:00:00+00:00,2026-07-27 23:51:00+00:00,11,74.44,81.0,gfs_20260716T1800Z.json,-6.560000000000002
5300,2026-07-28 00:00:00+00:00,2026-07-17 04:00:00+00:00,2026-07-28 00:51:00+00:00,11,73.35000000000001,79.0,gfs_20260716T1800Z.json,-5.6499999999999915
5301,2026-07-28 01:00:00+00:00,2026-07-17 04:00:00+00:00,2026-07-28 01:51:00+00:00,11,72.69,78.0,gfs_20260716T1800Z.json,-5.310000000000002
5302,2026-07-28 02:00:00+00:00,2026-07-17 04:00:00+00:00,2026-07-28 02:51:00+00:00,11,71.92,75.0,gfs_20260716T1800Z.json,-3.0799999999999983
5303,2026-07-28 03:00:00+00:00,2026-07-17 04:00:00+00:00,2026-07-28 03:51:00+00:00,11,70.865,75.0,gfs_20260716T1800Z.json,-4.135000000000005
5304,2026-07-28 04:00:00+00:00,2026-07-17 04:00:00+00:00,2026-07-28 04:51:00+00:00,12,69.595,74.0,gfs_20260716T1800Z.json,-4.405000000000001
5305,2026-07-28 05:00:00+00:00,2026-07-17 04:00:00+00:00,2026-07-28 05:51:00+00:00,12,68.72,74.0,gfs_20260716T1800Z.json,-5.280000000000001
5306,2026-07-28 06:00:00+00:00,2026-07-17 04:00:00+00:00,2026-07-28 06:51:00+00:00,12,68.6,73.0,gfs_20260716T1800Z.json,-4.400000000000006
5307,2026-07-28 07:00:00+00:00,2026-07-17 04:00:00+00:00,2026-07-28 07:51:00+00:00,12,69.11,73.0,gfs_20260716T1800Z.json,-3.8900000000000006
5308,2026-07-28 08:00:00+00:00,2026-07-17 04:00:00+00:00,2026-07-28 08:51:00+00:00,12,69.795,73.0,gfs_20260716T1800Z.json,-3.2049999999999983
5309,2026-07-28 09:00:00+00:00,2026-07-17 04:00:00+00:00,2026-07-28 09:51:00+00:00,12,70.24,73.0,gfs_20260716T1800Z.json,-2.760000000000005
5310,2026-07-28 10:00:00+00:00,2026-07-17 04:00:00+00:00,2026-07-28 10:51:00+00:00,12,70.725,73.0,gfs_20260716T1800Z.json,-2.2750000000000057
5311,2026-07-28 11:00:00+00:00,2026-07-17 04:00:00+00:00,2026-07-28 11:51:00+00:00,12,72.16000000000001,75.0,gfs_20260716T1800Z.json,-2.839999999999989
5312,2026-07-28 12:00:00+00:00,2026-07-17 04:00:00+00:00,2026-07-28 12:51:00+00:00,12,75.11999999999999,77.0,gfs_20260716T1800Z.json,-1.8800000000000097
5313,2026-07-28 13:00:00+00:00,2026-07-17 04:00:00+00:00,2026-07-28 13:51:00+00:00,12,79.17,79.0,gfs_20260716T1800Z.json,0.1700000000000017
5314,2026-07-28 14:00:00+00:00,2026-07-17 04:00:00+00:00,2026-07-28 14:51:00+00:00,12,83.115,79.0,gfs_20260716T1800Z.json,4.114999999999995
5315,2026-07-28 15:00:00+00:00,2026-07-17 04:00:00+00:00,2026-07-28 15:51:00+00:00,12,86.675,81.0,gfs_20260716T1800Z.json,5.674999999999997
5316,2026-07-28 16:00:00+00:00,2026-07-17 04:00:00+00:00,2026-07-28 16:51:00+00:00,12,89.835,80.0,gfs_20260716T1800Z.json,9.834999999999994
5317,2026-07-28 17:00:00+00:00,2026-07-17 04:00:00+00:00,2026-07-28 17:51:00+00:00,12,92.34,81.0,gfs_20260716T1800Z.json,11.340000000000003
5318,2026-07-28 18:00:00+00:00,2026-07-17 04:00:00+00:00,2026-07-28 18:51:00+00:00,12,94.06,85.0,gfs_20260716T1800Z.json,9.060000000000002
5319,2026-07-28 19:00:00+00:00,2026-07-17 04:00:00+00:00,2026-07-28 19:51:00+00:00,12,94.895,86.0,gfs_20260716T1800Z.json,8.894999999999996
5320,2026-07-28 20:00:00+00:00,2026-07-17 04:00:00+00:00,2026-07-28 20:51:00+00:00,12,94.405,88.0,gfs_20260716T1800Z.json,6.405000000000001
5321,2026-07-28 21:00:00+00:00,2026-07-17 04:00:00+00:00,2026-07-28 21:51:00+00:00,12,91.83500000000001,87.0,gfs_20260716T1800Z.json,4.835000000000008
5322,2026-07-28 22:00:00+00:00,2026-07-17 04:00:00+00:00,2026-07-28 22:51:00+00:00,12,87.66,86.0,gfs_20260716T1800Z.json,1.6599999999999966
5323,2026-07-28 23:00:00+00:00,2026-07-17 04:00:00+00:00,2026-07-28 23:51:00+00:00,12,83.77,84.0,gfs_20260716T1800Z.json,-0.23000000000000398
5324,2026-07-29 00:00:00+00:00,2026-07-17 04:00:00+00:00,2026-07-29 00:51:00+00:00,12,81.16,74.0,gfs_20260716T1800Z.json,7.159999999999997
5325,2026-07-29 01:00:00+00:00,2026-07-17 04:00:00+00:00,2026-07-29 01:51:00+00:00,12,79.27,75.0,gfs_20260716T1800Z.json,4.269999999999996
5326,2026-07-29 02:00:00+00:00,2026-07-17 04:00:00+00:00,2026-07-29 02:51:00+00:00,12,77.81,74.0,gfs_20260716T1800Z.json,3.8100000000000023
5327,2026-07-29 03:00:00+00:00,2026-07-17 04:00:00+00:00,2026-07-29 03:51:00+00:00,12,76.66499999999999,75.0,gfs_20260716T1800Z.json,1.664999999999992
5328,2026-07-29 04:00:00+00:00,2026-07-17 04:00:00+00:00,2026-07-29 04:51:00+00:00,13,75.905,75.0,gfs_20260716T1800Z.json,0.9050000000000011
5329,2026-07-29 05:00:00+00:00,2026-07-17 04:00:00+00:00,2026-07-29 05:51:00+00:00,13,75.205,74.0,gfs_20260716T1800Z.json,1.2049999999999983
5330,2026-07-29 06:00:00+00:00,2026-07-17 04:00:00+00:00,2026-07-29 06:51:00+00:00,13,74.33500000000001,73.0,gfs_20260716T1800Z.json,1.335000000000008
5331,2026-07-29 07:00:00+00:00,2026-07-17 04:00:00+00:00,2026-07-29 07:51:00+00:00,13,73.52000000000001,72.0,gfs_20260716T1800Z.json,1.5200000000000102
5332,2026-07-29 08:00:00+00:00,2026-07-17 04:00:00+00:00,2026-07-29 08:51:00+00:00,13,73.145,72.0,gfs_20260716T1800Z.json,1.144999999999996
5333,2026-07-29 09:00:00+00:00,2026-07-17 04:00:00+00:00,2026-07-29 09:51:00+00:00,13,73.185,70.0,gfs_20260716T1800Z.json,3.1850000000000023
5334,2026-07-29 10:00:00+00:00,2026-07-17 04:00:00+00:00,2026-07-29 10:51:00+00:00,13,73.71,70.0,gfs_20260716T1800Z.json,3.7099999999999937
5335,2026-07-29 11:00:00+00:00,2026-07-17 04:00:00+00:00,2026-07-29 11:51:00+00:00,13,75.16000000000001,73.0,gfs_20260716T1800Z.json,2.160000000000011
5336,2026-07-29 12:00:00+00:00,2026-07-17 04:00:00+00:00,2026-07-29 12:51:00+00:00,13,78.28999999999999,77.0,gfs_20260716T1800Z.json,1.289999999999992
5337,2026-07-29 13:00:00+00:00,2026-07-17 04:00:00+00:00,2026-07-29 13:51:00+00:00,13,82.625,79.0,gfs_20260716T1800Z.json,3.625
5338,2026-07-29 14:00:00+00:00,2026-07-17 04:00:00+00:00,2026-07-29 14:51:00+00:00,13,86.7,82.0,gfs_20260716T1800Z.json,4.700000000000003
5339,2026-07-29 15:00:00+00:00,2026-07-17 04:00:00+00:00,2026-07-29 15:51:00+00:00,13,90.27499999999999,83.0,gfs_20260716T1800Z.json,7.2749999999999915
5340,2026-07-29 16:00:00+00:00,2026-07-17 04:00:00+00:00,2026-07-29 16:51:00+00:00,13,93.265,85.0,gfs_20260716T1800Z.json,8.265
5341,2026-07-29 17:00:00+00:00,2026-07-17 04:00:00+00:00,2026-07-29 17:51:00+00:00,13,94.72,86.0,gfs_20260716T1800Z.json,8.719999999999999
5342,2026-07-29 18:00:00+00:00,2026-07-17 04:00:00+00:00,2026-07-29 18:51:00+00:00,13,93.2,85.0,gfs_20260716T1800Z.json,8.200000000000003
5343,2026-07-29 19:00:00+00:00,2026-07-17 04:00:00+00:00,2026-07-29 19:51:00+00:00,13,89.75500000000001,87.0,gfs_20260716T1800Z.json,2.7550000000000097
5344,2026-07-29 20:00:00+00:00,2026-07-17 04:00:00+00:00,2026-07-29 20:51:00+00:00,13,86.65,87.0,gfs_20260716T1800Z.json,-0.3499999999999943
5345,2026-07-29 21:00:00+00:00,2026-07-17 04:00:00+00:00,2026-07-29 21:51:00+00:00,13,85.435,87.0,gfs_20260716T1800Z.json,-1.5649999999999977
5346,2026-07-29 22:00:00+00:00,2026-07-17 04:00:00+00:00,2026-07-29 22:51:00+00:00,13,85.13,85.0,gfs_20260716T1800Z.json,0.12999999999999545
5347,2026-07-29 23:00:00+00:00,2026-07-17 04:00:00+00:00,2026-07-29 23:51:00+00:00,13,84.50500000000001,83.0,gfs_20260716T1800Z.json,1.5050000000000097
5348,2026-07-30 00:00:00+00:00,2026-07-17 04:00:00+00:00,2026-07-30 00:51:00+00:00,13,82.615,80.0,gfs_20260716T1800Z.json,2.614999999999995
5349,2026-07-30 01:00:00+00:00,2026-07-17 04:00:00+00:00,2026-07-30 01:51:00+00:00,13,80.005,78.0,gfs_20260716T1800Z.json,2.0049999999999955
5350,2026-07-30 02:00:00+00:00,2026-07-17 04:00:00+00:00,2026-07-30 02:51:00+00:00,13,78.07,77.0,gfs_20260716T1800Z.json,1.0699999999999932
5351,2026-07-30 03:00:00+00:00,2026-07-17 04:00:00+00:00,2026-07-30 03:51:00+00:00,13,77.545,75.0,gfs_20260716T1800Z.json,2.5450000000000017
5352,2026-07-30 04:00:00+00:00,2026-07-17 04:00:00+00:00,2026-07-30 04:51:00+00:00,14,77.925,73.0,gfs_20260716T1800Z.json,4.924999999999997
5353,2026-07-30 05:00:00+00:00,2026-07-17 04:00:00+00:00,2026-07-30 05:51:00+00:00,14,78.255,71.0,gfs_20260716T1800Z.json,7.2549999999999955
5354,2026-07-30 06:00:00+00:00,2026-07-17 04:00:00+00:00,2026-07-30 06:51:00+00:00,14,77.96000000000001,69.0,gfs_20260716T1800Z.json,8.960000000000008
5355,2026-07-30 07:00:00+00:00,2026-07-17 04:00:00+00:00,2026-07-30 07:51:00+00:00,14,77.39,69.0,gfs_20260716T1800Z.json,8.39
5356,2026-07-30 08:00:00+00:00,2026-07-17 04:00:00+00:00,2026-07-30 08:51:00+00:00,14,76.96000000000001,68.0,gfs_20260716T1800Z.json,8.960000000000008
5357,2026-07-30 09:00:00+00:00,2026-07-17 04:00:00+00:00,2026-07-30 09:51:00+00:00,14,76.645,66.0,gfs_20260716T1800Z.json,10.644999999999996
5358,2026-07-30 10:00:00+00:00,2026-07-17 04:00:00+00:00,2026-07-30 10:51:00+00:00,14,76.515,67.0,gfs_20260716T1800Z.json,9.515
5359,2026-07-30 11:00:00+00:00,2026-07-17 04:00:00+00:00,2026-07-30 11:51:00+00:00,14,77.605,69.0,gfs_20260716T1800Z.json,8.605000000000004
5360,2026-07-30 12:00:00+00:00,2026-07-17 04:00:00+00:00,2026-07-30 12:51:00+00:00,14,80.945,74.0,gfs_20260716T1800Z.json,6.944999999999993
5361,2026-07-30 13:00:00+00:00,2026-07-17 04:00:00+00:00,2026-07-30 13:51:00+00:00,14,85.75,77.0,gfs_20260716T1800Z.json,8.75
5362,2026-07-30 14:00:00+00:00,2026-07-17 04:00:00+00:00,2026-07-30 14:51:00+00:00,14,89.985,80.0,gfs_20260716T1800Z.json,9.985
5363,2026-07-30 15:00:00+00:00,2026-07-17 04:00:00+00:00,2026-07-30 15:51:00+00:00,14,92.725,81.0,gfs_20260716T1800Z.json,11.724999999999994
5364,2026-07-30 16:00:00+00:00,2026-07-17 04:00:00+00:00,2026-07-30 16:51:00+00:00,14,94.46000000000001,83.0,gfs_20260716T1800Z.json,11.460000000000008
5365,2026-07-30 17:00:00+00:00,2026-07-17 04:00:00+00:00,2026-07-30 17:51:00+00:00,14,95.125,83.0,gfs_20260716T1800Z.json,12.125
5366,2026-07-30 18:00:00+00:00,2026-07-17 04:00:00+00:00,2026-07-30 18:51:00+00:00,14,94.86,86.0,gfs_20260716T1800Z.json,8.86
5367,2026-07-30 19:00:00+00:00,2026-07-17 04:00:00+00:00,2026-07-30 19:51:00+00:00,14,93.52499999999999,86.0,gfs_20260716T1800Z.json,7.5249999999999915
5368,2026-07-30 20:00:00+00:00,2026-07-17 04:00:00+00:00,2026-07-30 20:51:00+00:00,14,91.09,86.0,gfs_20260716T1800Z.json,5.090000000000003
5369,2026-07-30 21:00:00+00:00,2026-07-17 04:00:00+00:00,2026-07-30 21:51:00+00:00,14,86.78999999999999,85.0,gfs_20260716T1800Z.json,1.789999999999992
5370,2026-07-30 22:00:00+00:00,2026-07-17 04:00:00+00:00,2026-07-30 22:51:00+00:00,14,81.25500000000001,85.0,gfs_20260716T1800Z.json,-3.7449999999999903
5371,2026-07-30 23:00:00+00:00,2026-07-17 04:00:00+00:00,2026-07-30 23:51:00+00:00,14,76.83,82.0,gfs_20260716T1800Z.json,-5.170000000000002
5372,2026-07-31 00:00:00+00:00,2026-07-17 04:00:00+00:00,2026-07-31 00:51:00+00:00,14,75.01,77.0,gfs_20260716T1800Z.json,-1.9899999999999949
5373,2026-07-31 01:00:00+00:00,2026-07-17 04:00:00+00:00,2026-07-31 01:51:00+00:00,14,74.885,74.0,gfs_20260716T1800Z.json,0.8850000000000051
5374,2026-07-31 02:00:00+00:00,2026-07-17 04:00:00+00:00,2026-07-31 02:51:00+00:00,14,75.07,70.0,gfs_20260716T1800Z.json,5.069999999999993
5375,2026-07-31 03:00:00+00:00,2026-07-17 04:00:00+00:00,2026-07-31 03:51:00+00:00,14,74.76,72.0,gfs_20260716T1800Z.json,2.760000000000005
5376,2026-07-24 04:00:00+00:00,2026-07-24 04:00:00+00:00,2026-07-24 04:51:00+00:00,1,69.56,69.0,gfs_20260723T1800Z.json,0.5600000000000023
5377,2026-07-24 05:00:00+00:00,2026-07-24 04:00:00+00:00,2026-07-24 05:51:00+00:00,1,69.16,69.0,gfs_20260723T1800Z.json,0.1599999999999966
5378,2026-07-24 06:00:00+00:00,2026-07-24 04:00:00+00:00,2026-07-24 06:51:00+00:00,1,68.845,69.0,gfs_20260723T1800Z.json,-0.15500000000000114
5379,2026-07-24 07:00:00+00:00,2026-07-24 04:00:00+00:00,2026-07-24 07:51:00+00:00,1,68.46000000000001,69.0,gfs_20260723T1800Z.json,-0.539999999999992
5380,2026-07-24 08:00:00+00:00,2026-07-24 04:00:00+00:00,2026-07-24 08:51:00+00:00,1,68.145,69.0,gfs_20260723T1800Z.json,-0.855000000000004
5381,2026-07-24 09:00:00+00:00,2026-07-24 04:00:00+00:00,2026-07-24 09:51:00+00:00,1,67.93,69.0,gfs_20260723T1800Z.json,-1.0699999999999932
5382,2026-07-24 10:00:00+00:00,2026-07-24 04:00:00+00:00,2026-07-24 10:51:00+00:00,1,68.07,68.0,gfs_20260723T1800Z.json,0.06999999999999318
5383,2026-07-24 11:00:00+00:00,2026-07-24 04:00:00+00:00,2026-07-24 11:51:00+00:00,1,68.1,68.0,gfs_20260723T1800Z.json,0.09999999999999432
5384,2026-07-24 12:00:00+00:00,2026-07-24 04:00:00+00:00,2026-07-24 12:51:00+00:00,1,68.185,69.0,gfs_20260723T1800Z.json,-0.8149999999999977
5385,2026-07-24 13:00:00+00:00,2026-07-24 04:00:00+00:00,2026-07-24 13:51:00+00:00,1,68.53999999999999,70.0,gfs_20260723T1800Z.json,-1.460000000000008
5386,2026-07-24 14:00:00+00:00,2026-07-24 04:00:00+00:00,2026-07-24 14:51:00+00:00,1,68.77,71.0,gfs_20260723T1800Z.json,-2.230000000000004
5387,2026-07-24 15:00:00+00:00,2026-07-24 04:00:00+00:00,2026-07-24 15:51:00+00:00,1,68.8,72.0,gfs_20260723T1800Z.json,-3.200000000000003
5388,2026-07-24 16:00:00+00:00,2026-07-24 04:00:00+00:00,2026-07-24 16:51:00+00:00,1,68.97,73.0,gfs_20260723T1800Z.json,-4.030000000000001
5389,2026-07-24 17:00:00+00:00,2026-07-24 04:00:00+00:00,2026-07-24 17:51:00+00:00,1,69.0,74.0,gfs_20260723T1800Z.json,-5.0
5390,2026-07-24 18:00:00+00:00,2026-07-24 04:00:00+00:00,2026-07-24 18:51:00+00:00,1,69.0,74.0,gfs_20260723T1800Z.json,-5.0
5391,2026-07-24 19:00:00+00:00,2026-07-24 04:00:00+00:00,2026-07-24 19:51:00+00:00,1,69.255,75.0,gfs_20260723T1800Z.json,-5.7450000000000045
5392,2026-07-24 20:00:00+00:00,2026-07-24 04:00:00+00:00,2026-07-24 20:51:00+00:00,1,70.235,75.0,gfs_20260723T1800Z.json,-4.765000000000001
5393,2026-07-24 21:00:00+00:00,2026-07-24 04:00:00+00:00,2026-07-24 21:51:00+00:00,1,71.76,74.0,gfs_20260723T1800Z.json,-2.239999999999995
5394,2026-07-24 22:00:00+00:00,2026-07-24 04:00:00+00:00,2026-07-24 22:51:00+00:00,1,72.50999999999999,73.0,gfs_20260723T1800Z.json,-0.4900000000000091
5395,2026-07-24 23:00:00+00:00,2026-07-24 04:00:00+00:00,2026-07-24 23:51:00+00:00,1,71.66499999999999,72.0,gfs_20260723T1800Z.json,-0.33500000000000796
5396,2026-07-25 00:00:00+00:00,2026-07-24 04:00:00+00:00,2026-07-25 00:51:00+00:00,1,69.97,72.0,gfs_20260723T1800Z.json,-2.030000000000001
5397,2026-07-25 01:00:00+00:00,2026-07-24 04:00:00+00:00,2026-07-25 01:51:00+00:00,1,69.87,72.0,gfs_20260723T1800Z.json,-2.1299999999999955
5398,2026-07-25 02:00:00+00:00,2026-07-24 04:00:00+00:00,2026-07-25 02:51:00+00:00,1,70.155,72.0,gfs_20260723T1800Z.json,-1.8449999999999989
5399,2026-07-25 03:00:00+00:00,2026-07-24 04:00:00+00:00,2026-07-25 03:51:00+00:00,1,70.03,72.0,gfs_20260723T1800Z.json,-1.9699999999999989
5400,2026-07-25 04:00:00+00:00,2026-07-24 04:00:00+00:00,2026-07-25 04:51:00+00:00,2,69.915,72.0,gfs_20260723T1800Z.json,-2.0849999999999937
5401,2026-07-25 05:00:00+00:00,2026-07-24 04:00:00+00:00,2026-07-25 05:51:00+00:00,2,69.9,71.0,gfs_20260723T1800Z.json,-1.0999999999999943
5402,2026-07-25 06:00:00+00:00,2026-07-24 04:00:00+00:00,2026-07-25 06:51:00+00:00,2,69.73,71.0,gfs_20260723T1800Z.json,-1.269999999999996
5403,2026-07-25 07:00:00+00:00,2026-07-24 04:00:00+00:00,2026-07-25 07:51:00+00:00,2,69.36,70.0,gfs_20260723T1800Z.json,-0.6400000000000006
5404,2026-07-25 08:00:00+00:00,2026-07-24 04:00:00+00:00,2026-07-25 08:51:00+00:00,2,69.045,70.0,gfs_20260723T1800Z.json,-0.9549999999999983
5405,2026-07-25 09:00:00+00:00,2026-07-24 04:00:00+00:00,2026-07-25 09:51:00+00:00,2,68.32000000000001,69.0,gfs_20260723T1800Z.json,-0.6799999999999926
5406,2026-07-25 10:00:00+00:00,2026-07-24 04:00:00+00:00,2026-07-25 10:51:00+00:00,2,67.35000000000001,68.0,gfs_20260723T1800Z.json,-0.6499999999999915
5407,2026-07-25 11:00:00+00:00,2026-07-24 04:00:00+00:00,2026-07-25 11:51:00+00:00,2,66.435,67.0,gfs_20260723T1800Z.json,-0.5649999999999977
5408,2026-07-25 12:00:00+00:00,2026-07-24 04:00:00+00:00,2026-07-25 12:51:00+00:00,2,66.3,67.0,gfs_20260723T1800Z.json,-0.7000000000000028
5409,2026-07-25 13:00:00+00:00,2026-07-24 04:00:00+00:00,2026-07-25 13:51:00+00:00,2,66.385,67.0,gfs_20260723T1800Z.json,-0.6149999999999949
5410,2026-07-25 14:00:00+00:00,2026-07-24 04:00:00+00:00,2026-07-25 14:51:00+00:00,2,67.16499999999999,68.0,gfs_20260723T1800Z.json,-0.835000000000008
5411,2026-07-25 15:00:00+00:00,2026-07-24 04:00:00+00:00,2026-07-25 15:51:00+00:00,2,67.81,68.0,gfs_20260723T1800Z.json,-0.18999999999999773
5412,2026-07-25 16:00:00+00:00,2026-07-24 04:00:00+00:00,2026-07-25 16:51:00+00:00,2,68.49499999999999,69.0,gfs_20260723T1800Z.json,-0.5050000000000097
5413,2026-07-25 17:00:00+00:00,2026-07-24 04:00:00+00:00,2026-07-25 17:51:00+00:00,2,70.725,70.0,gfs_20260723T1800Z.json,0.7249999999999943
5414,2026-07-25 18:00:00+00:00,2026-07-24 04:00:00+00:00,2026-07-25 18:51:00+00:00,2,74.75500000000001,70.0,gfs_20260723T1800Z.json,4.75500000000001
5415,2026-07-25 19:00:00+00:00,2026-07-24 04:00:00+00:00,2026-07-25 19:51:00+00:00,2,74.97500000000001,71.0,gfs_20260723T1800Z.json,3.9750000000000085
5416,2026-07-25 20:00:00+00:00,2026-07-24 04:00:00+00:00,2026-07-25 20:51:00+00:00,2,74.56,72.0,gfs_20260723T1800Z.json,2.5600000000000023
5417,2026-07-25 21:00:00+00:00,2026-07-24 04:00:00+00:00,2026-07-25 21:51:00+00:00,2,75.265,72.0,gfs_20260723T1800Z.json,3.2650000000000006
5418,2026-07-25 22:00:00+00:00,2026-07-24 04:00:00+00:00,2026-07-25 22:51:00+00:00,2,75.145,72.0,gfs_20260723T1800Z.json,3.144999999999996
5419,2026-07-25 23:00:00+00:00,2026-07-24 04:00:00+00:00,2026-07-25 23:51:00+00:00,2,72.295,72.0,gfs_20260723T1800Z.json,0.2950000000000017
5420,2026-07-26 00:00:00+00:00,2026-07-24 04:00:00+00:00,2026-07-26 00:51:00+00:00,2,69.25,71.0,gfs_20260723T1800Z.json,-1.75
5421,2026-07-26 01:00:00+00:00,2026-07-24 04:00:00+00:00,2026-07-26 01:51:00+00:00,2,67.865,71.0,gfs_20260723T1800Z.json,-3.135000000000005
5422,2026-07-26 02:00:00+00:00,2026-07-24 04:00:00+00:00,2026-07-26 02:51:00+00:00,2,66.935,71.0,gfs_20260723T1800Z.json,-4.064999999999998
5423,2026-07-26 03:00:00+00:00,2026-07-24 04:00:00+00:00,2026-07-26 03:51:00+00:00,2,66.375,71.0,gfs_20260723T1800Z.json,-4.625
5424,2026-07-26 04:00:00+00:00,2026-07-24 04:00:00+00:00,2026-07-26 04:51:00+00:00,3,65.96000000000001,69.0,gfs_20260723T1800Z.json,-3.039999999999992
5425,2026-07-26 05:00:00+00:00,2026-07-24 04:00:00+00:00,2026-07-26 05:51:00+00:00,3,65.73,68.0,gfs_20260723T1800Z.json,-2.269999999999996
5426,2026-07-26 06:00:00+00:00,2026-07-24 04:00:00+00:00,2026-07-26 06:51:00+00:00,3,65.44500000000001,68.0,gfs_20260723T1800Z.json,-2.5549999999999926
5427,2026-07-26 07:00:00+00:00,2026-07-24 04:00:00+00:00,2026-07-26 07:51:00+00:00,3,65.23,68.0,gfs_20260723T1800Z.json,-2.769999999999996
5428,2026-07-26 08:00:00+00:00,2026-07-24 04:00:00+00:00,2026-07-26 08:51:00+00:00,3,65.2,67.0,gfs_20260723T1800Z.json,-1.7999999999999972
5429,2026-07-26 09:00:00+00:00,2026-07-24 04:00:00+00:00,2026-07-26 09:51:00+00:00,3,64.86,67.0,gfs_20260723T1800Z.json,-2.1400000000000006
5430,2026-07-26 10:00:00+00:00,2026-07-24 04:00:00+00:00,2026-07-26 10:51:00+00:00,3,65.735,67.0,gfs_20260723T1800Z.json,-1.2650000000000006
5431,2026-07-26 11:00:00+00:00,2026-07-24 04:00:00+00:00,2026-07-26 11:51:00+00:00,3,68.78999999999999,68.0,gfs_20260723T1800Z.json,0.789999999999992
5432,2026-07-26 12:00:00+00:00,2026-07-24 04:00:00+00:00,2026-07-26 12:51:00+00:00,3,73.295,70.0,gfs_20260723T1800Z.json,3.2950000000000017
5433,2026-07-26 13:00:00+00:00,2026-07-24 04:00:00+00:00,2026-07-26 13:51:00+00:00,3,76.63499999999999,73.0,gfs_20260723T1800Z.json,3.634999999999991
5434,2026-07-26 14:00:00+00:00,2026-07-24 04:00:00+00:00,2026-07-26 14:51:00+00:00,3,80.925,77.0,gfs_20260723T1800Z.json,3.924999999999997
5435,2026-07-26 15:00:00+00:00,2026-07-24 04:00:00+00:00,2026-07-26 15:51:00+00:00,3,84.49,78.0,gfs_20260723T1800Z.json,6.489999999999995
5436,2026-07-26 16:00:00+00:00,2026-07-24 04:00:00+00:00,2026-07-26 16:51:00+00:00,3,87.465,79.0,gfs_20260723T1800Z.json,8.465000000000003
5437,2026-07-26 17:00:00+00:00,2026-07-24 04:00:00+00:00,2026-07-26 17:51:00+00:00,3,88.92,83.0,gfs_20260723T1800Z.json,5.920000000000002
5438,2026-07-26 18:00:00+00:00,2026-07-24 04:00:00+00:00,2026-07-26 18:51:00+00:00,3,88.675,82.0,gfs_20260723T1800Z.json,6.674999999999997
5439,2026-07-26 19:00:00+00:00,2026-07-24 04:00:00+00:00,2026-07-26 19:51:00+00:00,3,85.965,82.0,gfs_20260723T1800Z.json,3.9650000000000034
5440,2026-07-26 20:00:00+00:00,2026-07-24 04:00:00+00:00,2026-07-26 20:51:00+00:00,3,82.27,81.0,gfs_20260723T1800Z.json,1.269999999999996
5441,2026-07-26 21:00:00+00:00,2026-07-24 04:00:00+00:00,2026-07-26 21:51:00+00:00,3,78.64,80.0,gfs_20260723T1800Z.json,-1.3599999999999994
5442,2026-07-26 22:00:00+00:00,2026-07-24 04:00:00+00:00,2026-07-26 22:51:00+00:00,3,75.04,81.0,gfs_20260723T1800Z.json,-5.959999999999994
5443,2026-07-26 23:00:00+00:00,2026-07-24 04:00:00+00:00,2026-07-26 23:51:00+00:00,3,73.905,79.0,gfs_20260723T1800Z.json,-5.094999999999999
5444,2026-07-27 00:00:00+00:00,2026-07-24 04:00:00+00:00,2026-07-27 00:51:00+00:00,3,72.78,78.0,gfs_20260723T1800Z.json,-5.219999999999999
5445,2026-07-27 01:00:00+00:00,2026-07-24 04:00:00+00:00,2026-07-27 01:51:00+00:00,3,72.26,76.0,gfs_20260723T1800Z.json,-3.739999999999995
5446,2026-07-27 02:00:00+00:00,2026-07-24 04:00:00+00:00,2026-07-27 02:51:00+00:00,3,71.86,75.0,gfs_20260723T1800Z.json,-3.1400000000000006
5447,2026-07-27 03:00:00+00:00,2026-07-24 04:00:00+00:00,2026-07-27 03:51:00+00:00,3,70.78,75.0,gfs_20260723T1800Z.json,-4.219999999999999
5448,2026-07-27 04:00:00+00:00,2026-07-24 04:00:00+00:00,2026-07-27 04:51:00+00:00,4,69.83500000000001,75.0,gfs_20260723T1800Z.json,-5.164999999999992
5449,2026-07-27 05:00:00+00:00,2026-07-24 04:00:00+00:00,2026-07-27 05:51:00+00:00,4,69.7,72.0,gfs_20260723T1800Z.json,-2.299999999999997
5450,2026-07-27 06:00:00+00:00,2026-07-24 04:00:00+00:00,2026-07-27 06:51:00+00:00,4,69.53,71.0,gfs_20260723T1800Z.json,-1.4699999999999989
5451,2026-07-27 07:00:00+00:00,2026-07-24 04:00:00+00:00,2026-07-27 07:51:00+00:00,4,69.33,71.0,gfs_20260723T1800Z.json,-1.6700000000000017
5452,2026-07-27 08:00:00+00:00,2026-07-24 04:00:00+00:00,2026-07-27 08:51:00+00:00,4,69.045,70.0,gfs_20260723T1800Z.json,-0.9549999999999983
5453,2026-07-27 09:00:00+00:00,2026-07-24 04:00:00+00:00,2026-07-27 09:51:00+00:00,4,69.0,71.0,gfs_20260723T1800Z.json,-2.0
5454,2026-07-27 10:00:00+00:00,2026-07-24 04:00:00+00:00,2026-07-27 10:51:00+00:00,4,69.595,71.0,gfs_20260723T1800Z.json,-1.4050000000000011
5455,2026-07-27 11:00:00+00:00,2026-07-24 04:00:00+00:00,2026-07-27 11:51:00+00:00,4,71.655,73.0,gfs_20260723T1800Z.json,-1.3449999999999989
5456,2026-07-27 12:00:00+00:00,2026-07-24 04:00:00+00:00,2026-07-27 12:51:00+00:00,4,74.80499999999999,76.0,gfs_20260723T1800Z.json,-1.1950000000000074
5457,2026-07-27 13:00:00+00:00,2026-07-24 04:00:00+00:00,2026-07-27 13:29:00+00:00,4,77.08833333333334,77.0,gfs_20260723T1800Z.json,0.08833333333333826
5458,2026-07-27 14:00:00+00:00,2026-07-24 04:00:00+00:00,2026-07-27 14:51:00+00:00,4,82.825,80.0,gfs_20260723T1800Z.json,2.825000000000003
5459,2026-07-27 15:00:00+00:00,2026-07-24 04:00:00+00:00,2026-07-27 15:51:00+00:00,4,82.48,82.0,gfs_20260723T1800Z.json,0.480000000000004
5460,2026-07-27 16:00:00+00:00,2026-07-24 04:00:00+00:00,2026-07-27 16:51:00+00:00,4,85.53,84.0,gfs_20260723T1800Z.json,1.5300000000000011
5461,2026-07-27 17:00:00+00:00,2026-07-24 04:00:00+00:00,2026-07-27 17:51:00+00:00,4,89.16,85.0,gfs_20260723T1800Z.json,4.159999999999997
5462,2026-07-27 18:00:00+00:00,2026-07-24 04:00:00+00:00,2026-07-27 18:51:00+00:00,4,90.89,85.0,gfs_20260723T1800Z.json,5.890000000000001
5463,2026-07-27 19:00:00+00:00,2026-07-24 04:00:00+00:00,2026-07-27 19:51:00+00:00,4,92.46000000000001,86.0,gfs_20260723T1800Z.json,6.460000000000008
5464,2026-07-27 20:00:00+00:00,2026-07-24 04:00:00+00:00,2026-07-27 20:51:00+00:00,4,86.58,85.0,gfs_20260723T1800Z.json,1.5799999999999983
5465,2026-07-27 21:00:00+00:00,2026-07-24 04:00:00+00:00,2026-07-27 21:51:00+00:00,4,83.205,84.0,gfs_20260723T1800Z.json,-0.7950000000000017
5466,2026-07-27 22:00:00+00:00,2026-07-24 04:00:00+00:00,2026-07-27 22:51:00+00:00,4,77.02,83.0,gfs_20260723T1800Z.json,-5.980000000000004
5467,2026-07-27 23:00:00+00:00,2026-07-24 04:00:00+00:00,2026-07-27 23:51:00+00:00,4,73.19500000000001,81.0,gfs_20260723T1800Z.json,-7.804999999999993
5468,2026-07-28 00:00:00+00:00,2026-07-24 04:00:00+00:00,2026-07-28 00:51:00+00:00,4,71.85000000000001,79.0,gfs_20260723T1800Z.json,-7.1499999999999915
5469,2026-07-28 01:00:00+00:00,2026-07-24 04:00:00+00:00,2026-07-28 01:51:00+00:00,4,71.36,78.0,gfs_20260723T1800Z.json,-6.640000000000001
5470,2026-07-28 02:00:00+00:00,2026-07-24 04:00:00+00:00,2026-07-28 02:51:00+00:00,4,70.705,75.0,gfs_20260723T1800Z.json,-4.295000000000002
5471,2026-07-28 03:00:00+00:00,2026-07-24 04:00:00+00:00,2026-07-28 03:51:00+00:00,4,71.02499999999999,75.0,gfs_20260723T1800Z.json,-3.9750000000000085
5472,2026-07-28 04:00:00+00:00,2026-07-24 04:00:00+00:00,2026-07-28 04:51:00+00:00,5,70.93,74.0,gfs_20260723T1800Z.json,-3.069999999999993
5473,2026-07-28 05:00:00+00:00,2026-07-24 04:00:00+00:00,2026-07-28 05:51:00+00:00,5,70.47500000000001,74.0,gfs_20260723T1800Z.json,-3.5249999999999915
5474,2026-07-28 06:00:00+00:00,2026-07-24 04:00:00+00:00,2026-07-28 06:51:00+00:00,5,70.06,73.0,gfs_20260723T1800Z.json,-2.9399999999999977
5475,2026-07-28 07:00:00+00:00,2026-07-24 04:00:00+00:00,2026-07-28 07:51:00+00:00,5,69.575,73.0,gfs_20260723T1800Z.json,-3.424999999999997
5476,2026-07-28 08:00:00+00:00,2026-07-24 04:00:00+00:00,2026-07-28 08:51:00+00:00,5,69.33,73.0,gfs_20260723T1800Z.json,-3.6700000000000017
5477,2026-07-28 09:00:00+00:00,2026-07-24 04:00:00+00:00,2026-07-28 09:51:00+00:00,5,69.895,73.0,gfs_20260723T1800Z.json,-3.105000000000004
5478,2026-07-28 10:00:00+00:00,2026-07-24 04:00:00+00:00,2026-07-28 10:51:00+00:00,5,70.935,73.0,gfs_20260723T1800Z.json,-2.0649999999999977
5479,2026-07-28 11:00:00+00:00,2026-07-24 04:00:00+00:00,2026-07-28 11:51:00+00:00,5,72.375,75.0,gfs_20260723T1800Z.json,-2.625
5480,2026-07-28 12:00:00+00:00,2026-07-24 04:00:00+00:00,2026-07-28 12:51:00+00:00,5,75.74499999999999,77.0,gfs_20260723T1800Z.json,-1.2550000000000097
5481,2026-07-28 13:00:00+00:00,2026-07-24 04:00:00+00:00,2026-07-28 13:51:00+00:00,5,79.53,79.0,gfs_20260723T1800Z.json,0.5300000000000011
5482,2026-07-28 14:00:00+00:00,2026-07-24 04:00:00+00:00,2026-07-28 14:51:00+00:00,5,84.095,79.0,gfs_20260723T1800Z.json,5.094999999999999
5483,2026-07-28 15:00:00+00:00,2026-07-24 04:00:00+00:00,2026-07-28 15:51:00+00:00,5,88.625,81.0,gfs_20260723T1800Z.json,7.625
5484,2026-07-28 16:00:00+00:00,2026-07-24 04:00:00+00:00,2026-07-28 16:51:00+00:00,5,92.19,80.0,gfs_20260723T1800Z.json,12.189999999999998
5485,2026-07-28 17:00:00+00:00,2026-07-24 04:00:00+00:00,2026-07-28 17:51:00+00:00,5,94.57000000000001,81.0,gfs_20260723T1800Z.json,13.570000000000007
5486,2026-07-28 18:00:00+00:00,2026-07-24 04:00:00+00:00,2026-07-28 18:51:00+00:00,5,94.05000000000001,85.0,gfs_20260723T1800Z.json,9.050000000000011
5487,2026-07-28 19:00:00+00:00,2026-07-24 04:00:00+00:00,2026-07-28 19:51:00+00:00,5,91.52,86.0,gfs_20260723T1800Z.json,5.519999999999996
5488,2026-07-28 20:00:00+00:00,2026-07-24 04:00:00+00:00,2026-07-28 20:51:00+00:00,5,88.975,88.0,gfs_20260723T1800Z.json,0.9749999999999943
5489,2026-07-28 21:00:00+00:00,2026-07-24 04:00:00+00:00,2026-07-28 21:51:00+00:00,5,87.41,87.0,gfs_20260723T1800Z.json,0.4099999999999966
5490,2026-07-28 22:00:00+00:00,2026-07-24 04:00:00+00:00,2026-07-28 22:51:00+00:00,5,86.265,86.0,gfs_20260723T1800Z.json,0.26500000000000057
5491,2026-07-28 23:00:00+00:00,2026-07-24 04:00:00+00:00,2026-07-28 23:51:00+00:00,5,84.99499999999999,84.0,gfs_20260723T1800Z.json,0.9949999999999903
5492,2026-07-29 00:00:00+00:00,2026-07-24 04:00:00+00:00,2026-07-29 00:51:00+00:00,5,83.44,74.0,gfs_20260723T1800Z.json,9.439999999999998
5493,2026-07-29 01:00:00+00:00,2026-07-24 04:00:00+00:00,2026-07-29 01:51:00+00:00,5,81.67,75.0,gfs_20260723T1800Z.json,6.670000000000002
5494,2026-07-29 02:00:00+00:00,2026-07-24 04:00:00+00:00,2026-07-29 02:51:00+00:00,5,79.86999999999999,74.0,gfs_20260723T1800Z.json,5.86999999999999
5495,2026-07-29 03:00:00+00:00,2026-07-24 04:00:00+00:00,2026-07-29 03:51:00+00:00,5,77.89999999999999,75.0,gfs_20260723T1800Z.json,2.8999999999999915
5496,2026-07-29 04:00:00+00:00,2026-07-24 04:00:00+00:00,2026-07-29 04:51:00+00:00,6,75.815,75.0,gfs_20260723T1800Z.json,0.8149999999999977
5497,2026-07-29 05:00:00+00:00,2026-07-24 04:00:00+00:00,2026-07-29 05:51:00+00:00,6,74.225,74.0,gfs_20260723T1800Z.json,0.22499999999999432
5498,2026-07-29 06:00:00+00:00,2026-07-24 04:00:00+00:00,2026-07-29 06:51:00+00:00,6,73.405,73.0,gfs_20260723T1800Z.json,0.40500000000000114
5499,2026-07-29 07:00:00+00:00,2026-07-24 04:00:00+00:00,2026-07-29 07:51:00+00:00,6,73.13,72.0,gfs_20260723T1800Z.json,1.1299999999999955
5500,2026-07-29 08:00:00+00:00,2026-07-24 04:00:00+00:00,2026-07-29 08:51:00+00:00,6,73.1,72.0,gfs_20260723T1800Z.json,1.0999999999999943
5501,2026-07-29 09:00:00+00:00,2026-07-24 04:00:00+00:00,2026-07-29 09:51:00+00:00,6,73.015,70.0,gfs_20260723T1800Z.json,3.0150000000000006
5502,2026-07-29 10:00:00+00:00,2026-07-24 04:00:00+00:00,2026-07-29 10:51:00+00:00,6,73.17,70.0,gfs_20260723T1800Z.json,3.1700000000000017
5503,2026-07-29 11:00:00+00:00,2026-07-24 04:00:00+00:00,2026-07-29 11:51:00+00:00,6,73.71,73.0,gfs_20260723T1800Z.json,0.7099999999999937
5504,2026-07-29 12:00:00+00:00,2026-07-24 04:00:00+00:00,2026-07-29 12:51:00+00:00,6,75.16000000000001,77.0,gfs_20260723T1800Z.json,-1.8399999999999892
5505,2026-07-29 13:00:00+00:00,2026-07-24 04:00:00+00:00,2026-07-29 13:51:00+00:00,6,77.185,79.0,gfs_20260723T1800Z.json,-1.8149999999999977
5506,2026-07-29 14:00:00+00:00,2026-07-24 04:00:00+00:00,2026-07-29 14:51:00+00:00,6,78.94500000000001,82.0,gfs_20260723T1800Z.json,-3.0549999999999926
5507,2026-07-29 15:00:00+00:00,2026-07-24 04:00:00+00:00,2026-07-29 15:51:00+00:00,6,79.96499999999999,83.0,gfs_20260723T1800Z.json,-3.035000000000011
5508,2026-07-29 16:00:00+00:00,2026-07-24 04:00:00+00:00,2026-07-29 16:51:00+00:00,6,80.52499999999999,85.0,gfs_20260723T1800Z.json,-4.4750000000000085
5509,2026-07-29 17:00:00+00:00,2026-07-24 04:00:00+00:00,2026-07-29 17:51:00+00:00,6,81.28,86.0,gfs_20260723T1800Z.json,-4.719999999999999
5510,2026-07-29 18:00:00+00:00,2026-07-24 04:00:00+00:00,2026-07-29 18:51:00+00:00,6,82.67500000000001,85.0,gfs_20260723T1800Z.json,-2.3249999999999886
5511,2026-07-29 19:00:00+00:00,2026-07-24 04:00:00+00:00,2026-07-29 19:51:00+00:00,6,84.43,87.0,gfs_20260723T1800Z.json,-2.569999999999993
5512,2026-07-29 20:00:00+00:00,2026-07-24 04:00:00+00:00,2026-07-29 20:51:00+00:00,6,85.21,87.0,gfs_20260723T1800Z.json,-1.7900000000000063
5513,2026-07-29 21:00:00+00:00,2026-07-24 04:00:00+00:00,2026-07-29 21:51:00+00:00,6,84.28,87.0,gfs_20260723T1800Z.json,-2.719999999999999
5514,2026-07-29 22:00:00+00:00,2026-07-24 04:00:00+00:00,2026-07-29 22:51:00+00:00,6,82.06,85.0,gfs_20260723T1800Z.json,-2.9399999999999977
5515,2026-07-29 23:00:00+00:00,2026-07-24 04:00:00+00:00,2026-07-29 23:51:00+00:00,6,79.575,83.0,gfs_20260723T1800Z.json,-3.424999999999997
5516,2026-07-30 00:00:00+00:00,2026-07-24 04:00:00+00:00,2026-07-30 00:51:00+00:00,6,77.16,80.0,gfs_20260723T1800Z.json,-2.8400000000000034
5517,2026-07-30 01:00:00+00:00,2026-07-24 04:00:00+00:00,2026-07-30 01:51:00+00:00,6,74.675,78.0,gfs_20260723T1800Z.json,-3.325000000000003
5518,2026-07-30 02:00:00+00:00,2026-07-24 04:00:00+00:00,2026-07-30 02:51:00+00:00,6,72.85499999999999,77.0,gfs_20260723T1800Z.json,-4.14500000000001
5519,2026-07-30 03:00:00+00:00,2026-07-24 04:00:00+00:00,2026-07-30 03:51:00+00:00,6,72.00500000000001,75.0,gfs_20260723T1800Z.json,-2.9949999999999903
5520,2026-07-30 04:00:00+00:00,2026-07-24 04:00:00+00:00,2026-07-30 04:51:00+00:00,7,71.985,73.0,gfs_20260723T1800Z.json,-1.0150000000000006
5521,2026-07-30 05:00:00+00:00,2026-07-24 04:00:00+00:00,2026-07-30 05:51:00+00:00,7,72.17,71.0,gfs_20260723T1800Z.json,1.1700000000000017
5522,2026-07-30 06:00:00+00:00,2026-07-24 04:00:00+00:00,2026-07-30 06:51:00+00:00,7,72.2,69.0,gfs_20260723T1800Z.json,3.200000000000003
5523,2026-07-30 07:00:00+00:00,2026-07-24 04:00:00+00:00,2026-07-30 07:51:00+00:00,7,72.285,69.0,gfs_20260723T1800Z.json,3.2849999999999966
5524,2026-07-30 08:00:00+00:00,2026-07-24 04:00:00+00:00,2026-07-30 08:51:00+00:00,7,72.385,68.0,gfs_20260723T1800Z.json,4.385000000000005
5525,2026-07-30 09:00:00+00:00,2026-07-24 04:00:00+00:00,2026-07-30 09:51:00+00:00,7,72.23,66.0,gfs_20260723T1800Z.json,6.230000000000004
5526,2026-07-30 10:00:00+00:00,2026-07-24 04:00:00+00:00,2026-07-30 10:51:00+00:00,7,72.2,67.0,gfs_20260723T1800Z.json,5.200000000000003
5527,2026-07-30 11:00:00+00:00,2026-07-24 04:00:00+00:00,2026-07-30 11:51:00+00:00,7,72.96499999999999,69.0,gfs_20260723T1800Z.json,3.964999999999989
5528,2026-07-30 12:00:00+00:00,2026-07-24 04:00:00+00:00,2026-07-30 12:51:00+00:00,7,75.565,74.0,gfs_20260723T1800Z.json,1.5649999999999977
5529,2026-07-30 13:00:00+00:00,2026-07-24 04:00:00+00:00,2026-07-30 13:51:00+00:00,7,79.315,77.0,gfs_20260723T1800Z.json,2.3149999999999977
5530,2026-07-30 14:00:00+00:00,2026-07-24 04:00:00+00:00,2026-07-30 14:51:00+00:00,7,82.365,80.0,gfs_20260723T1800Z.json,2.364999999999995
5531,2026-07-30 15:00:00+00:00,2026-07-24 04:00:00+00:00,2026-07-30 15:51:00+00:00,7,83.82,81.0,gfs_20260723T1800Z.json,2.819999999999993
5532,2026-07-30 16:00:00+00:00,2026-07-24 04:00:00+00:00,2026-07-30 16:51:00+00:00,7,84.255,83.0,gfs_20260723T1800Z.json,1.2549999999999955
5533,2026-07-30 17:00:00+00:00,2026-07-24 04:00:00+00:00,2026-07-30 17:51:00+00:00,7,84.13,83.0,gfs_20260723T1800Z.json,1.1299999999999955
5534,2026-07-30 18:00:00+00:00,2026-07-24 04:00:00+00:00,2026-07-30 18:51:00+00:00,7,83.25,86.0,gfs_20260723T1800Z.json,-2.75
5535,2026-07-30 19:00:00+00:00,2026-07-24 04:00:00+00:00,2026-07-30 19:51:00+00:00,7,81.82499999999999,86.0,gfs_20260723T1800Z.json,-4.175000000000011
5536,2026-07-30 20:00:00+00:00,2026-07-24 04:00:00+00:00,2026-07-30 20:51:00+00:00,7,80.49499999999999,86.0,gfs_20260723T1800Z.json,-5.50500000000001
5537,2026-07-30 21:00:00+00:00,2026-07-24 04:00:00+00:00,2026-07-30 21:51:00+00:00,7,79.62,85.0,gfs_20260723T1800Z.json,-5.3799999999999955
5538,2026-07-30 22:00:00+00:00,2026-07-24 04:00:00+00:00,2026-07-30 22:51:00+00:00,7,78.99000000000001,85.0,gfs_20260723T1800Z.json,-6.009999999999991
5539,2026-07-30 23:00:00+00:00,2026-07-24 04:00:00+00:00,2026-07-30 23:51:00+00:00,7,78.135,82.0,gfs_20260723T1800Z.json,-3.864999999999995
5540,2026-07-31 00:00:00+00:00,2026-07-24 04:00:00+00:00,2026-07-31 00:51:00+00:00,7,76.64,77.0,gfs_20260723T1800Z.json,-0.35999999999999943
5541,2026-07-31 01:00:00+00:00,2026-07-24 04:00:00+00:00,2026-07-31 01:51:00+00:00,7,74.86999999999999,74.0,gfs_20260723T1800Z.json,0.8699999999999903
5542,2026-07-31 02:00:00+00:00,2026-07-24 04:00:00+00:00,2026-07-31 02:51:00+00:00,7,73.155,70.0,gfs_20260723T1800Z.json,3.155000000000001
5543,2026-07-31 03:00:00+00:00,2026-07-24 04:00:00+00:00,2026-07-31 03:51:00+00:00,7,71.625,72.0,gfs_20260723T1800Z.json,-0.375
5544,2026-07-31 04:00:00+00:00,2026-07-24 04:00:00+00:00,2026-07-31 04:51:00+00:00,8,70.21000000000001,70.0,gfs_20260723T1800Z.json,0.21000000000000796
5545,2026-07-31 05:00:00+00:00,2026-07-24 04:00:00+00:00,2026-07-31 05:51:00+00:00,8,68.98,67.0,gfs_20260723T1800Z.json,1.980000000000004
5546,2026-07-31 06:00:00+00:00,2026-07-24 04:00:00+00:00,2026-07-31 06:51:00+00:00,8,67.78,66.0,gfs_20260723T1800Z.json,1.7800000000000011
5547,2026-07-31 07:00:00+00:00,2026-07-24 04:00:00+00:00,2026-07-31 07:51:00+00:00,8,66.66499999999999,66.0,gfs_20260723T1800Z.json,0.664999999999992
5548,2026-07-31 08:00:00+00:00,2026-07-24 04:00:00+00:00,2026-07-31 08:51:00+00:00,8,66.16,66.0,gfs_20260723T1800Z.json,0.1599999999999966
5549,2026-07-31 09:00:00+00:00,2026-07-24 04:00:00+00:00,2026-07-31 09:51:00+00:00,8,66.185,64.0,gfs_20260723T1800Z.json,2.1850000000000023
5550,2026-07-31 10:00:00+00:00,2026-07-24 04:00:00+00:00,2026-07-31 10:51:00+00:00,8,66.88,65.0,gfs_20260723T1800Z.json,1.8799999999999955
5551,2026-07-31 11:00:00+00:00,2026-07-24 04:00:00+00:00,2026-07-31 11:51:00+00:00,8,68.53,69.0,gfs_20260723T1800Z.json,-0.46999999999999886
5552,2026-07-31 12:00:00+00:00,2026-07-24 04:00:00+00:00,2026-07-31 12:51:00+00:00,8,71.945,74.0,gfs_20260723T1800Z.json,-2.055000000000007
5553,2026-07-31 13:00:00+00:00,2026-07-24 04:00:00+00:00,2026-07-31 13:51:00+00:00,8,76.495,79.0,gfs_20260723T1800Z.json,-2.5049999999999955
5554,2026-07-31 14:00:00+00:00,2026-07-24 04:00:00+00:00,2026-07-31 14:51:00+00:00,8,80.60000000000001,83.0,gfs_20260723T1800Z.json,-2.3999999999999915
5555,2026-07-31 15:00:00+00:00,2026-07-24 04:00:00+00:00,2026-07-31 15:51:00+00:00,8,83.325,86.0,gfs_20260723T1800Z.json,-2.674999999999997
5556,2026-07-31 16:00:00+00:00,2026-07-24 04:00:00+00:00,2026-07-31 16:51:00+00:00,8,85.06,87.0,gfs_20260723T1800Z.json,-1.9399999999999977
5557,2026-07-31 17:00:00+00:00,2026-07-24 04:00:00+00:00,2026-07-31 17:51:00+00:00,8,86.235,86.0,gfs_20260723T1800Z.json,0.23499999999999943
5558,2026-07-31 18:00:00+00:00,2026-07-24 04:00:00+00:00,2026-07-31 18:51:00+00:00,8,87.08,87.0,gfs_20260723T1800Z.json,0.0799999999999983
5559,2026-07-31 19:00:00+00:00,2026-07-24 04:00:00+00:00,2026-07-31 19:51:00+00:00,8,87.37,88.0,gfs_20260723T1800Z.json,-0.6299999999999955
5560,2026-07-31 20:00:00+00:00,2026-07-24 04:00:00+00:00,2026-07-31 20:51:00+00:00,8,86.55000000000001,89.0,gfs_20260723T1800Z.json,-2.4499999999999886
5561,2026-07-31 21:00:00+00:00,2026-07-24 04:00:00+00:00,2026-07-31 21:51:00+00:00,8,83.935,88.0,gfs_20260723T1800Z.json,-4.064999999999998
5562,2026-07-31 22:00:00+00:00,2026-07-24 04:00:00+00:00,2026-07-31 22:51:00+00:00,8,80.1,87.0,gfs_20260723T1800Z.json,-6.900000000000006
5563,2026-07-31 23:00:00+00:00,2026-07-24 04:00:00+00:00,2026-07-31 23:51:00+00:00,8,76.78,85.0,gfs_20260723T1800Z.json,-8.219999999999999
5564,2026-08-01 00:00:00+00:00,2026-07-24 04:00:00+00:00,2026-08-01 00:51:00+00:00,8,75.195,80.0,gfs_20260723T1800Z.json,-4.805000000000007
5565,2026-08-01 01:00:00+00:00,2026-07-24 04:00:00+00:00,2026-08-01 01:51:00+00:00,8,74.575,78.0,gfs_20260723T1800Z.json,-3.424999999999997
5566,2026-08-01 02:00:00+00:00,2026-07-24 04:00:00+00:00,2026-08-01 02:51:00+00:00,8,73.65,75.0,gfs_20260723T1800Z.json,-1.3499999999999943
5567,2026-08-01 03:00:00+00:00,2026-07-24 04:00:00+00:00,2026-08-01 03:51:00+00:00,8,71.545,75.0,gfs_20260723T1800Z.json,-3.4549999999999983
5568,2026-08-01 04:00:00+00:00,2026-07-24 04:00:00+00:00,2026-08-01 04:51:00+00:00,9,68.905,74.0,gfs_20260723T1800Z.json,-5.094999999999999
5569,2026-08-01 05:00:00+00:00,2026-07-24 04:00:00+00:00,2026-08-01 05:51:00+00:00,9,66.63,76.0,gfs_20260723T1800Z.json,-9.370000000000005
5570,2026-08-01 06:00:00+00:00,2026-07-24 04:00:00+00:00,2026-08-01 06:51:00+00:00,9,65.11,76.0,gfs_20260723T1800Z.json,-10.89
5571,2026-08-01 07:00:00+00:00,2026-07-24 04:00:00+00:00,2026-08-01 07:51:00+00:00,9,64.135,75.0,gfs_20260723T1800Z.json,-10.864999999999995
5572,2026-08-01 08:00:00+00:00,2026-07-24 04:00:00+00:00,2026-08-01 08:51:00+00:00,9,63.915,74.0,gfs_20260723T1800Z.json,-10.085
5573,2026-08-01 09:00:00+00:00,2026-07-24 04:00:00+00:00,2026-08-01 09:51:00+00:00,9,64.49499999999999,73.0,gfs_20260723T1800Z.json,-8.50500000000001
5574,2026-08-01 10:00:00+00:00,2026-07-24 04:00:00+00:00,2026-08-01 10:51:00+00:00,9,65.78999999999999,73.0,gfs_20260723T1800Z.json,-7.210000000000008
5575,2026-08-01 11:00:00+00:00,2026-07-24 04:00:00+00:00,2026-08-01 11:51:00+00:00,9,68.04,75.0,gfs_20260723T1800Z.json,-6.959999999999994
5576,2026-08-01 12:00:00+00:00,2026-07-24 04:00:00+00:00,2026-08-01 12:51:00+00:00,9,71.715,79.0,gfs_20260723T1800Z.json,-7.284999999999997
5577,2026-08-01 13:00:00+00:00,2026-07-24 04:00:00+00:00,2026-08-01 13:51:00+00:00,9,76.465,82.0,gfs_20260723T1800Z.json,-5.534999999999997
5578,2026-08-01 14:00:00+00:00,2026-07-24 04:00:00+00:00,2026-08-01 14:51:00+00:00,9,80.60000000000001,85.0,gfs_20260723T1800Z.json,-4.3999999999999915
5579,2026-08-01 15:00:00+00:00,2026-07-24 04:00:00+00:00,2026-08-01 15:51:00+00:00,9,83.325,86.0,gfs_20260723T1800Z.json,-2.674999999999997
5580,2026-08-01 16:00:00+00:00,2026-07-24 04:00:00+00:00,2026-08-01 16:51:00+00:00,9,85.14500000000001,86.0,gfs_20260723T1800Z.json,-0.8549999999999898
5581,2026-08-01 17:00:00+00:00,2026-07-24 04:00:00+00:00,2026-08-01 17:51:00+00:00,9,86.25,87.0,gfs_20260723T1800Z.json,-0.75
5582,2026-08-01 18:00:00+00:00,2026-07-24 04:00:00+00:00,2026-08-01 18:51:00+00:00,9,86.825,87.0,gfs_20260723T1800Z.json,-0.17499999999999716
5583,2026-08-01 19:00:00+00:00,2026-07-24 04:00:00+00:00,2026-08-01 19:51:00+00:00,9,86.73,88.0,gfs_20260723T1800Z.json,-1.269999999999996
5584,2026-08-01 20:00:00+00:00,2026-07-24 04:00:00+00:00,2026-08-01 20:51:00+00:00,9,85.68,88.0,gfs_20260723T1800Z.json,-2.319999999999993
5585,2026-08-01 21:00:00+00:00,2026-07-24 04:00:00+00:00,2026-08-01 21:51:00+00:00,9,83.205,87.0,gfs_20260723T1800Z.json,-3.7950000000000017
5586,2026-08-01 22:00:00+00:00,2026-07-24 04:00:00+00:00,2026-08-01 22:51:00+00:00,9,79.825,86.0,gfs_20260723T1800Z.json,-6.174999999999997
5587,2026-08-01 23:00:00+00:00,2026-07-24 04:00:00+00:00,2026-08-01 23:51:00+00:00,9,76.75,84.0,gfs_20260723T1800Z.json,-7.25
5588,2026-08-02 00:00:00+00:00,2026-07-24 04:00:00+00:00,2026-08-02 00:51:00+00:00,9,75.02499999999999,81.0,gfs_20260723T1800Z.json,-5.9750000000000085
5589,2026-08-02 01:00:00+00:00,2026-07-24 04:00:00+00:00,2026-08-02 01:51:00+00:00,9,74.12,80.0,gfs_20260723T1800Z.json,-5.8799999999999955
5590,2026-08-02 02:00:00+00:00,2026-07-24 04:00:00+00:00,2026-08-02 02:51:00+00:00,9,73.235,79.0,gfs_20260723T1800Z.json,-5.765000000000001
5591,2026-08-02 03:00:00+00:00,2026-07-24 04:00:00+00:00,2026-08-02 03:51:00+00:00,9,72.08,78.0,gfs_20260723T1800Z.json,-5.920000000000002
5592,2026-08-02 04:00:00+00:00,2026-07-24 04:00:00+00:00,2026-08-02 04:51:00+00:00,10,70.795,78.0,gfs_20260723T1800Z.json,-7.204999999999998
5593,2026-08-02 05:00:00+00:00,2026-07-24 04:00:00+00:00,2026-08-02 05:51:00+00:00,10,69.66499999999999,78.0,gfs_20260723T1800Z.json,-8.335000000000008
5594,2026-08-02 06:00:00+00:00,2026-07-24 04:00:00+00:00,2026-08-02 06:51:00+00:00,10,68.565,77.0,gfs_20260723T1800Z.json,-8.435000000000002
5595,2026-08-02 07:00:00+00:00,2026-07-24 04:00:00+00:00,2026-08-02 07:51:00+00:00,10,67.72,78.0,gfs_20260723T1800Z.json,-10.280000000000001
5596,2026-08-02 08:00:00+00:00,2026-07-24 04:00:00+00:00,2026-08-02 08:51:00+00:00,10,67.345,77.0,gfs_20260723T1800Z.json,-9.655000000000001
5597,2026-08-02 09:00:00+00:00,2026-07-24 04:00:00+00:00,2026-08-02 09:51:00+00:00,10,67.81,77.0,gfs_20260723T1800Z.json,-9.189999999999998
5598,2026-08-02 10:00:00+00:00,2026-07-24 04:00:00+00:00,2026-08-02 10:51:00+00:00,10,69.00500000000001,78.0,gfs_20260723T1800Z.json,-8.99499999999999
5599,2026-08-02 11:00:00+00:00,2026-07-24 04:00:00+00:00,2026-08-02 11:51:00+00:00,10,70.815,76.0,gfs_20260723T1800Z.json,-5.185000000000002
5600,2026-08-02 12:00:00+00:00,2026-07-24 04:00:00+00:00,2026-08-02 12:51:00+00:00,10,73.48,78.0,gfs_20260723T1800Z.json,-4.519999999999996
5601,2026-08-02 13:00:00+00:00,2026-07-24 04:00:00+00:00,2026-08-02 13:51:00+00:00,10,76.875,79.0,gfs_20260723T1800Z.json,-2.125
5602,2026-08-02 14:00:00+00:00,2026-07-24 04:00:00+00:00,2026-08-02 14:51:00+00:00,10,80.035,80.0,gfs_20260723T1800Z.json,0.03499999999999659
5603,2026-08-02 15:00:00+00:00,2026-07-24 04:00:00+00:00,2026-08-02 15:51:00+00:00,10,82.625,83.0,gfs_20260723T1800Z.json,-0.375
5604,2026-08-02 16:00:00+00:00,2026-07-24 04:00:00+00:00,2026-08-02 16:51:00+00:00,10,84.785,85.0,gfs_20260723T1800Z.json,-0.2150000000000034
5605,2026-08-02 17:00:00+00:00,2026-07-24 04:00:00+00:00,2026-08-02 17:51:00+00:00,10,86.375,86.0,gfs_20260723T1800Z.json,0.375
5606,2026-08-02 18:00:00+00:00,2026-07-24 04:00:00+00:00,2026-08-02 18:51:00+00:00,10,87.28,89.0,gfs_20260723T1800Z.json,-1.7199999999999989
5607,2026-08-02 19:00:00+00:00,2026-07-24 04:00:00+00:00,2026-08-02 19:51:00+00:00,10,87.655,86.0,gfs_20260723T1800Z.json,1.6550000000000011
5608,2026-08-02 20:00:00+00:00,2026-07-24 04:00:00+00:00,2026-08-02 20:51:00+00:00,10,87.105,80.0,gfs_20260723T1800Z.json,7.105000000000004
5609,2026-08-02 21:00:00+00:00,2026-07-24 04:00:00+00:00,2026-08-02 21:51:00+00:00,10,85.215,84.0,gfs_20260723T1800Z.json,1.2150000000000034
5610,2026-08-02 22:00:00+00:00,2026-07-24 04:00:00+00:00,2026-08-02 22:51:00+00:00,10,82.265,83.0,gfs_20260723T1800Z.json,-0.7349999999999994
5611,2026-08-02 23:00:00+00:00,2026-07-24 04:00:00+00:00,2026-08-02 23:51:00+00:00,10,79.42,82.0,gfs_20260723T1800Z.json,-2.5799999999999983
5612,2026-08-03 00:00:00+00:00,2026-07-24 04:00:00+00:00,2026-08-03 00:51:00+00:00,10,77.13,81.0,gfs_20260723T1800Z.json,-3.8700000000000045
5613,2026-08-03 01:00:00+00:00,2026-07-24 04:00:00+00:00,2026-08-03 01:51:00+00:00,10,75.1,80.0,gfs_20260723T1800Z.json,-4.900000000000006
5614,2026-08-03 02:00:00+00:00,2026-07-24 04:00:00+00:00,2026-08-03 02:51:00+00:00,10,73.35499999999999,79.0,gfs_20260723T1800Z.json,-5.64500000000001
5615,2026-08-03 03:00:00+00:00,2026-07-24 04:00:00+00:00,2026-08-03 03:51:00+00:00,10,72.08,78.0,gfs_20260723T1800Z.json,-5.920000000000002
5616,2026-08-03 04:00:00+00:00,2026-07-24 04:00:00+00:00,2026-08-03 04:51:00+00:00,11,71.135,78.0,gfs_20260723T1800Z.json,-6.864999999999995
5617,2026-08-03 05:00:00+00:00,2026-07-24 04:00:00+00:00,2026-08-03 05:51:00+00:00,11,70.32000000000001,77.0,gfs_20260723T1800Z.json,-6.679999999999993
5618,2026-08-03 06:00:00+00:00,2026-07-24 04:00:00+00:00,2026-08-03 06:51:00+00:00,11,69.52000000000001,76.0,gfs_20260723T1800Z.json,-6.47999999999999
5619,2026-08-03 07:00:00+00:00,2026-07-24 04:00:00+00:00,2026-08-03 07:51:00+00:00,11,68.72,76.0,gfs_20260723T1800Z.json,-7.280000000000001
5620,2026-08-03 08:00:00+00:00,2026-07-24 04:00:00+00:00,2026-08-03 08:51:00+00:00,11,68.6,75.0,gfs_20260723T1800Z.json,-6.400000000000006
5621,2026-08-03 09:00:00+00:00,2026-07-24 04:00:00+00:00,2026-08-03 09:51:00+00:00,11,69.195,75.0,gfs_20260723T1800Z.json,-5.805000000000007
5622,2026-08-03 10:00:00+00:00,2026-07-24 04:00:00+00:00,2026-08-03 10:51:00+00:00,11,70.405,75.0,gfs_20260723T1800Z.json,-4.594999999999999
5623,2026-08-03 11:00:00+00:00,2026-07-24 04:00:00+00:00,2026-08-03 11:51:00+00:00,11,72.555,75.0,gfs_20260723T1800Z.json,-2.444999999999993
5624,2026-08-03 12:00:00+00:00,2026-07-24 04:00:00+00:00,2026-08-03 12:51:00+00:00,11,76.30000000000001,76.0,gfs_20260723T1800Z.json,0.30000000000001137
5625,2026-08-03 13:00:00+00:00,2026-07-24 04:00:00+00:00,2026-08-03 13:51:00+00:00,11,81.065,77.0,gfs_20260723T1800Z.json,4.064999999999998
5626,2026-08-03 14:00:00+00:00,2026-07-24 04:00:00+00:00,2026-08-03 14:51:00+00:00,11,85.455,79.0,gfs_20260723T1800Z.json,6.454999999999998
5627,2026-08-03 15:00:00+00:00,2026-07-24 04:00:00+00:00,2026-08-03 15:51:00+00:00,11,88.735,83.0,gfs_20260723T1800Z.json,5.734999999999999
5628,2026-08-03 16:00:00+00:00,2026-07-24 04:00:00+00:00,2026-08-03 16:51:00+00:00,11,91.24,85.0,gfs_20260723T1800Z.json,6.239999999999995
5629,2026-08-03 17:00:00+00:00,2026-07-24 04:00:00+00:00,2026-08-03 17:51:00+00:00,11,92.365,87.0,gfs_20260723T1800Z.json,5.364999999999995
5630,2026-08-03 18:00:00+00:00,2026-07-24 04:00:00+00:00,2026-08-03 18:51:00+00:00,11,91.48,86.0,gfs_20260723T1800Z.json,5.480000000000004
5631,2026-08-03 19:00:00+00:00,2026-07-24 04:00:00+00:00,2026-08-03 19:51:00+00:00,11,89.005,88.0,gfs_20260723T1800Z.json,1.0049999999999955
5632,2026-08-03 20:00:00+00:00,2026-07-24 04:00:00+00:00,2026-08-03 20:51:00+00:00,11,86.56,89.0,gfs_20260723T1800Z.json,-2.4399999999999977
5633,2026-08-03 21:00:00+00:00,2026-07-24 04:00:00+00:00,2026-08-03 21:51:00+00:00,11,85.35000000000001,89.0,gfs_20260723T1800Z.json,-3.6499999999999915
5634,2026-08-03 22:00:00+00:00,2026-07-24 04:00:00+00:00,2026-08-03 22:51:00+00:00,11,84.605,88.0,gfs_20260723T1800Z.json,-3.394999999999996
5635,2026-08-03 23:00:00+00:00,2026-07-24 04:00:00+00:00,2026-08-03 23:51:00+00:00,11,83.565,84.0,gfs_20260723T1800Z.json,-0.4350000000000023
5636,2026-08-04 00:00:00+00:00,2026-07-24 04:00:00+00:00,2026-08-04 00:51:00+00:00,11,81.53,82.0,gfs_20260723T1800Z.json,-0.46999999999999886
5637,2026-08-04 01:00:00+00:00,2026-07-24 04:00:00+00:00,2026-08-04 01:51:00+00:00,11,78.905,81.0,gfs_20260723T1800Z.json,-2.094999999999999
5638,2026-08-04 02:00:00+00:00,2026-07-24 04:00:00+00:00,2026-08-04 02:51:00+00:00,11,76.63,79.0,gfs_20260723T1800Z.json,-2.3700000000000045
5639,2026-08-04 03:00:00+00:00,2026-07-24 04:00:00+00:00,2026-08-04 03:51:00+00:00,11,75.195,78.0,gfs_20260723T1800Z.json,-2.805000000000007
5640,2026-08-04 04:00:00+00:00,2026-07-24 04:00:00+00:00,2026-08-04 04:51:00+00:00,12,74.15,77.0,gfs_20260723T1800Z.json,-2.8499999999999943
5641,2026-08-04 05:00:00+00:00,2026-07-24 04:00:00+00:00,2026-08-04 05:51:00+00:00,12,73.405,77.0,gfs_20260723T1800Z.json,-3.594999999999999
5642,2026-08-04 06:00:00+00:00,2026-07-24 04:00:00+00:00,2026-08-04 06:51:00+00:00,12,72.62,77.0,gfs_20260723T1800Z.json,-4.3799999999999955
5643,2026-08-04 07:00:00+00:00,2026-07-24 04:00:00+00:00,2026-08-04 07:51:00+00:00,12,71.905,75.0,gfs_20260723T1800Z.json,-3.094999999999999
5644,2026-08-04 08:00:00+00:00,2026-07-24 04:00:00+00:00,2026-08-04 08:51:00+00:00,12,71.8,75.0,gfs_20260723T1800Z.json,-3.200000000000003
5645,2026-08-04 09:00:00+00:00,2026-07-24 04:00:00+00:00,2026-08-04 09:51:00+00:00,12,72.395,73.0,gfs_20260723T1800Z.json,-0.605000000000004
5646,2026-08-04 10:00:00+00:00,2026-07-24 04:00:00+00:00,2026-08-04 10:51:00+00:00,12,73.52,74.0,gfs_20260723T1800Z.json,-0.480000000000004
5647,2026-08-04 11:00:00+00:00,2026-07-24 04:00:00+00:00,2026-08-04 11:51:00+00:00,12,75.655,76.0,gfs_20260723T1800Z.json,-0.34499999999999886
5648,2026-08-04 12:00:00+00:00,2026-07-24 04:00:00+00:00,2026-08-04 12:51:00+00:00,12,79.4,78.0,gfs_20260723T1800Z.json,1.4000000000000057
5649,2026-08-04 13:00:00+00:00,2026-07-24 04:00:00+00:00,2026-08-04 13:51:00+00:00,12,84.25,80.0,gfs_20260723T1800Z.json,4.25
5650,2026-08-04 14:00:00+00:00,2026-07-24 04:00:00+00:00,2026-08-04 14:51:00+00:00,12,88.655,81.0,gfs_20260723T1800Z.json,7.655000000000001
5651,2026-08-04 15:00:00+00:00,2026-07-24 04:00:00+00:00,2026-08-04 15:51:00+00:00,12,91.935,82.0,gfs_20260723T1800Z.json,9.935000000000002
5652,2026-08-04 16:00:00+00:00,2026-07-24 04:00:00+00:00,2026-08-04 16:51:00+00:00,12,94.355,81.0,gfs_20260723T1800Z.json,13.355000000000004
5653,2026-08-04 17:00:00+00:00,2026-07-24 04:00:00+00:00,2026-08-04 17:51:00+00:00,12,95.89,82.0,gfs_20260723T1800Z.json,13.89
5654,2026-08-04 18:00:00+00:00,2026-07-24 04:00:00+00:00,2026-08-04 18:51:00+00:00,12,96.44,82.0,gfs_20260723T1800Z.json,14.439999999999998
5655,2026-08-04 19:00:00+00:00,2026-07-24 04:00:00+00:00,2026-08-04 19:51:00+00:00,12,95.905,82.0,gfs_20260723T1800Z.json,13.905000000000001
5656,2026-08-04 20:00:00+00:00,2026-07-24 04:00:00+00:00,2026-08-04 20:51:00+00:00,12,94.52499999999999,81.0,gfs_20260723T1800Z.json,13.524999999999991
5657,2026-08-04 21:00:00+00:00,2026-07-24 04:00:00+00:00,2026-08-04 21:51:00+00:00,12,92.09,81.0,gfs_20260723T1800Z.json,11.090000000000003
5658,2026-08-04 22:00:00+00:00,2026-07-24 04:00:00+00:00,2026-08-04 22:51:00+00:00,12,88.72500000000001,81.0,gfs_20260723T1800Z.json,7.7250000000000085
5659,2026-08-04 23:00:00+00:00,2026-07-24 04:00:00+00:00,2026-08-04 23:51:00+00:00,12,85.31,80.0,gfs_20260723T1800Z.json,5.310000000000002
5660,2026-08-05 00:00:00+00:00,2026-07-24 04:00:00+00:00,2026-08-05 00:51:00+00:00,12,82.25,76.0,gfs_20260723T1800Z.json,6.25
5661,2026-08-05 01:00:00+00:00,2026-07-24 04:00:00+00:00,2026-08-05 01:51:00+00:00,12,79.25,76.0,gfs_20260723T1800Z.json,3.25
5662,2026-08-05 02:00:00+00:00,2026-07-24 04:00:00+00:00,2026-08-05 02:51:00+00:00,12,76.675,75.0,gfs_20260723T1800Z.json,1.6749999999999972
5663,2026-08-05 03:00:00+00:00,2026-07-24 04:00:00+00:00,2026-08-05 03:51:00+00:00,12,74.6,75.0,gfs_20260723T1800Z.json,-0.4000000000000057
5664,2026-08-05 04:00:00+00:00,2026-07-24 04:00:00+00:00,2026-08-05 04:51:00+00:00,13,72.94,75.0,gfs_20260723T1800Z.json,-2.0600000000000023
5665,2026-08-05 05:00:00+00:00,2026-07-24 04:00:00+00:00,2026-08-05 05:51:00+00:00,13,71.68,76.0,gfs_20260723T1800Z.json,-4.319999999999993
5666,2026-08-05 06:00:00+00:00,2026-07-24 04:00:00+00:00,2026-08-05 06:51:00+00:00,13,70.735,76.0,gfs_20260723T1800Z.json,-5.265000000000001
5667,2026-08-05 07:00:00+00:00,2026-07-24 04:00:00+00:00,2026-08-05 07:51:00+00:00,13,70.175,76.0,gfs_20260723T1800Z.json,-5.825000000000003
5668,2026-08-05 08:00:00+00:00,2026-07-24 04:00:00+00:00,2026-08-05 08:51:00+00:00,13,70.185,76.0,gfs_20260723T1800Z.json,-5.814999999999998
5669,2026-08-05 09:00:00+00:00,2026-07-24 04:00:00+00:00,2026-08-05 09:51:00+00:00,13,70.795,75.0,gfs_20260723T1800Z.json,-4.204999999999998
5670,2026-08-05 10:00:00+00:00,2026-07-24 04:00:00+00:00,2026-08-05 10:51:00+00:00,13,72.00500000000001,76.0,gfs_20260723T1800Z.json,-3.9949999999999903
5671,2026-08-05 11:00:00+00:00,2026-07-24 04:00:00+00:00,2026-08-05 11:51:00+00:00,13,74.155,77.0,gfs_20260723T1800Z.json,-2.844999999999999
5672,2026-08-05 12:00:00+00:00,2026-07-24 04:00:00+00:00,2026-08-05 12:51:00+00:00,13,78.325,78.0,gfs_20260723T1800Z.json,0.32500000000000284
5673,2026-08-05 13:00:00+00:00,2026-07-24 04:00:00+00:00,2026-08-05 13:51:00+00:00,13,83.675,80.0,gfs_20260723T1800Z.json,3.674999999999997
5674,2026-08-05 14:00:00+00:00,2026-07-24 04:00:00+00:00,2026-08-05 14:51:00+00:00,13,87.39,83.0,gfs_20260723T1800Z.json,4.390000000000001
5675,2026-08-05 15:00:00+00:00,2026-07-24 04:00:00+00:00,2026-08-05 15:51:00+00:00,13,86.965,86.0,gfs_20260723T1800Z.json,0.9650000000000034
5676,2026-08-05 16:00:00+00:00,2026-07-24 04:00:00+00:00,2026-08-05 16:51:00+00:00,13,83.995,86.0,gfs_20260723T1800Z.json,-2.0049999999999955
5677,2026-08-05 17:00:00+00:00,2026-07-24 04:00:00+00:00,2026-08-05 17:51:00+00:00,13,82.31,84.0,gfs_20260723T1800Z.json,-1.6899999999999977
5678,2026-08-05 18:00:00+00:00,2026-07-24 04:00:00+00:00,2026-08-05 18:51:00+00:00,13,84.905,86.0,gfs_20260723T1800Z.json,-1.0949999999999989
5679,2026-08-05 19:00:00+00:00,2026-07-24 04:00:00+00:00,2026-08-05 19:51:00+00:00,13,89.735,85.0,gfs_20260723T1800Z.json,4.734999999999999
5680,2026-08-05 20:00:00+00:00,2026-07-24 04:00:00+00:00,2026-08-05 20:51:00+00:00,13,91.94500000000001,88.0,gfs_20260723T1800Z.json,3.9450000000000074
5681,2026-08-05 21:00:00+00:00,2026-07-24 04:00:00+00:00,2026-08-05 21:51:00+00:00,13,87.525,85.0,gfs_20260723T1800Z.json,2.5250000000000057
5682,2026-08-05 22:00:00+00:00,2026-07-24 04:00:00+00:00,2026-08-05 22:51:00+00:00,13,79.13499999999999,86.0,gfs_20260723T1800Z.json,-6.865000000000009
5683,2026-08-05 23:00:00+00:00,2026-07-24 04:00:00+00:00,2026-08-05 23:51:00+00:00,13,72.10499999999999,84.0,gfs_20260723T1800Z.json,-11.89500000000001
5684,2026-08-06 00:00:00+00:00,2026-07-24 04:00:00+00:00,2026-08-06 00:51:00+00:00,13,69.74,81.0,gfs_20260723T1800Z.json,-11.260000000000005
5685,2026-08-06 01:00:00+00:00,2026-07-24 04:00:00+00:00,2026-08-06 01:51:00+00:00,13,70.095,81.0,gfs_20260723T1800Z.json,-10.905000000000001
5686,2026-08-06 02:00:00+00:00,2026-07-24 04:00:00+00:00,2026-08-06 02:51:00+00:00,13,70.71,80.0,gfs_20260723T1800Z.json,-9.290000000000006
5687,2026-08-06 03:00:00+00:00,2026-07-24 04:00:00+00:00,2026-08-06 03:51:00+00:00,13,70.205,79.0,gfs_20260723T1800Z.json,-8.795000000000002
5688,2026-08-06 04:00:00+00:00,2026-07-24 04:00:00+00:00,2026-08-06 04:51:00+00:00,14,69.42,79.0,gfs_20260723T1800Z.json,-9.579999999999998
5689,2026-08-06 05:00:00+00:00,2026-07-24 04:00:00+00:00,2026-08-06 05:51:00+00:00,14,68.705,78.0,gfs_20260723T1800Z.json,-9.295000000000002
5690,2026-08-06 06:00:00+00:00,2026-07-24 04:00:00+00:00,2026-08-06 06:51:00+00:00,14,68.00500000000001,77.0,gfs_20260723T1800Z.json,-8.99499999999999
5691,2026-08-06 07:00:00+00:00,2026-07-24 04:00:00+00:00,2026-08-06 07:51:00+00:00,14,67.47500000000001,76.0,gfs_20260723T1800Z.json,-8.524999999999991
5692,2026-08-06 08:00:00+00:00,2026-07-24 04:00:00+00:00,2026-08-06 08:51:00+00:00,14,67.485,77.0,gfs_20260723T1800Z.json,-9.515
5693,2026-08-06 09:00:00+00:00,2026-07-24 04:00:00+00:00,2026-08-06 09:51:00+00:00,14,68.17999999999999,76.0,gfs_20260723T1800Z.json,-7.820000000000007
5694,2026-08-06 10:00:00+00:00,2026-07-24 04:00:00+00:00,2026-08-06 10:51:00+00:00,14,69.405,77.0,gfs_20260723T1800Z.json,-7.594999999999999
5695,2026-08-06 11:00:00+00:00,2026-07-24 04:00:00+00:00,2026-08-06 11:51:00+00:00,14,71.64,77.0,gfs_20260723T1800Z.json,-5.359999999999999
5696,2026-08-06 12:00:00+00:00,2026-07-24 04:00:00+00:00,2026-08-06 12:51:00+00:00,14,75.74000000000001,79.0,gfs_20260723T1800Z.json,-3.259999999999991
5697,2026-08-06 13:00:00+00:00,2026-07-24 04:00:00+00:00,2026-08-06 13:51:00+00:00,14,80.99,81.0,gfs_20260723T1800Z.json,-0.010000000000005116
5698,2026-08-06 14:00:00+00:00,2026-07-24 04:00:00+00:00,2026-08-06 14:51:00+00:00,14,85.28500000000001,85.0,gfs_20260723T1800Z.json,0.2850000000000108
5699,2026-08-06 15:00:00+00:00,2026-07-24 04:00:00+00:00,2026-08-06 15:51:00+00:00,14,87.43,86.0,gfs_20260723T1800Z.json,1.4300000000000068
5700,2026-08-06 16:00:00+00:00,2026-07-24 04:00:00+00:00,2026-08-06 16:51:00+00:00,14,88.125,89.0,gfs_20260723T1800Z.json,-0.875
5701,2026-08-06 17:00:00+00:00,2026-07-24 04:00:00+00:00,2026-08-06 17:51:00+00:00,14,88.03,91.0,gfs_20260723T1800Z.json,-2.969999999999999
5702,2026-08-06 18:00:00+00:00,2026-07-24 04:00:00+00:00,2026-08-06 18:51:00+00:00,14,87.405,91.0,gfs_20260723T1800Z.json,-3.594999999999999
5703,2026-08-06 19:00:00+00:00,2026-07-24 04:00:00+00:00,2026-08-06 19:51:00+00:00,14,86.11,90.0,gfs_20260723T1800Z.json,-3.8900000000000006
5704,2026-08-06 20:00:00+00:00,2026-07-24 04:00:00+00:00,2026-08-06 20:51:00+00:00,14,84.625,91.0,gfs_20260723T1800Z.json,-6.375
5705,2026-08-06 21:00:00+00:00,2026-07-24 04:00:00+00:00,2026-08-06 21:51:00+00:00,14,83.38000000000001,90.0,gfs_20260723T1800Z.json,-6.61999999999999
5706,2026-08-06 22:00:00+00:00,2026-07-24 04:00:00+00:00,2026-08-06 22:51:00+00:00,14,82.095,87.0,gfs_20260723T1800Z.json,-4.905000000000001
5707,2026-08-06 23:00:00+00:00,2026-07-24 04:00:00+00:00,2026-08-06 23:51:00+00:00,14,80.88000000000001,77.0,gfs_20260723T1800Z.json,3.8800000000000097
5708,2026-08-07 00:00:00+00:00,2026-07-24 04:00:00+00:00,2026-08-07 00:51:00+00:00,14,79.595,73.0,gfs_20260723T1800Z.json,6.594999999999999
5709,2026-08-07 01:00:00+00:00,2026-07-24 04:00:00+00:00,2026-08-07 01:51:00+00:00,14,78.465,74.0,gfs_20260723T1800Z.json,4.465000000000003
5710,2026-08-07 02:00:00+00:00,2026-07-24 04:00:00+00:00,2026-08-07 02:51:00+00:00,14,77.53500000000001,74.0,gfs_20260723T1800Z.json,3.535000000000011
5711,2026-08-07 03:00:00+00:00,2026-07-24 04:00:00+00:00,2026-08-07 03:51:00+00:00,14,77.06,75.0,gfs_20260723T1800Z.json,2.0600000000000023
