origin_utc,time_utc,time_local,lead,observed_f,predicted_f,model,scored
2021-08-27 04:00:00+00:00,2021-08-27 04:00:00+00:00,2021-08-27 00:00:00-04:00,1,77.0,79.74256626670093,boost_5y_linear_aligned,True
2021-08-27 04:00:00+00:00,2021-08-27 05:00:00+00:00,2021-08-27 01:00:00-04:00,2,77.0,78.88317329491913,boost_5y_linear_aligned,True
2021-08-27 04:00:00+00:00,2021-08-27 06:00:00+00:00,2021-08-27 02:00:00-04:00,3,75.0,77.87127535449052,boost_5y_linear_aligned,True
2021-08-27 04:00:00+00:00,2021-08-27 07:00:00+00:00,2021-08-27 03:00:00-04:00,4,73.0,77.49155101920934,boost_5y_linear_aligned,True
2021-08-27 04:00:00+00:00,2021-08-27 08:00:00+00:00,2021-08-27 04:00:00-04:00,5,72.0,76.82717461040518,boost_5y_linear_aligned,True
2021-08-27 04:00:00+00:00,2021-08-27 09:00:00+00:00,2021-08-27 05:00:00-04:00,6,73.0,75.66808654283206,boost_5y_linear_aligned,True
2021-08-27 04:00:00+00:00,2021-08-27 10:00:00+00:00,2021-08-27 06:00:00-04:00,7,72.0,75.32274215177165,boost_5y_linear_aligned,True
2021-08-27 04:00:00+00:00,2021-08-27 11:00:00+00:00,2021-08-27 07:00:00-04:00,8,74.0,77.3509502410906,boost_5y_linear_aligned,True
2021-08-27 04:00:00+00:00,2021-08-27 12:00:00+00:00,2021-08-27 08:00:00-04:00,9,78.0,80.46036423098842,boost_5y_linear_aligned,True
2021-08-27 04:00:00+00:00,2021-08-27 13:00:00+00:00,2021-08-27 09:00:00-04:00,10,83.0,83.8460531233667,boost_5y_linear_aligned,True
2021-08-27 04:00:00+00:00,2021-08-27 14:00:00+00:00,2021-08-27 10:00:00-04:00,11,85.0,86.50260493115819,boost_5y_linear_aligned,True
2021-08-27 04:00:00+00:00,2021-08-27 15:00:00+00:00,2021-08-27 11:00:00-04:00,12,87.0,88.49020697283127,boost_5y_linear_aligned,True
2021-08-27 04:00:00+00:00,2021-08-27 16:00:00+00:00,2021-08-27 12:00:00-04:00,13,89.0,89.84974691180827,boost_5y_linear_aligned,True
2021-08-27 04:00:00+00:00,2021-08-27 17:00:00+00:00,2021-08-27 13:00:00-04:00,14,90.0,91.25966665036626,boost_5y_linear_aligned,True
2021-08-27 04:00:00+00:00,2021-08-27 18:00:00+00:00,2021-08-27 14:00:00-04:00,15,92.0,91.15658121664842,boost_5y_linear_aligned,True
2021-08-27 04:00:00+00:00,2021-08-27 19:00:00+00:00,2021-08-27 15:00:00-04:00,16,93.0,90.60795673405599,boost_5y_linear_aligned,True
2021-08-27 04:00:00+00:00,2021-08-27 20:00:00+00:00,2021-08-27 16:00:00-04:00,17,92.0,90.1030084357853,boost_5y_linear_aligned,True
2021-08-27 04:00:00+00:00,2021-08-27 21:00:00+00:00,2021-08-27 17:00:00-04:00,18,90.0,89.0140551396801,boost_5y_linear_aligned,True
2021-08-27 04:00:00+00:00,2021-08-27 22:00:00+00:00,2021-08-27 18:00:00-04:00,19,88.0,87.11533954890504,boost_5y_linear_aligned,True
2021-08-27 04:00:00+00:00,2021-08-27 23:00:00+00:00,2021-08-27 19:00:00-04:00,20,85.0,84.01723832659461,boost_5y_linear_aligned,True
2021-08-27 04:00:00+00:00,2021-08-28 00:00:00+00:00,2021-08-27 20:00:00-04:00,21,82.0,81.65828653089436,boost_5y_linear_aligned,True
2021-08-27 04:00:00+00:00,2021-08-28 01:00:00+00:00,2021-08-27 21:00:00-04:00,22,81.0,80.57259600619278,boost_5y_linear_aligned,True
2021-08-27 04:00:00+00:00,2021-08-28 02:00:00+00:00,2021-08-27 22:00:00-04:00,23,78.0,79.50288763435071,boost_5y_linear_aligned,True
2021-08-27 04:00:00+00:00,2021-08-28 03:00:00+00:00,2021-08-27 23:00:00-04:00,24,78.0,78.62935631904949,boost_5y_linear_aligned,True
2021-08-27 04:00:00+00:00,2021-08-28 04:00:00+00:00,2021-08-28 00:00:00-04:00,25,76.0,77.76741355567954,boost_5y_linear_aligned,True
2021-08-27 04:00:00+00:00,2021-08-28 05:00:00+00:00,2021-08-28 01:00:00-04:00,26,76.0,76.83554040306939,boost_5y_linear_aligned,True
2021-08-27 04:00:00+00:00,2021-08-28 06:00:00+00:00,2021-08-28 02:00:00-04:00,27,76.0,75.86608897998667,boost_5y_linear_aligned,True
2021-08-27 04:00:00+00:00,2021-08-28 07:00:00+00:00,2021-08-28 03:00:00-04:00,28,75.0,75.32537029746636,boost_5y_linear_aligned,True
2021-08-27 04:00:00+00:00,2021-08-28 08:00:00+00:00,2021-08-28 04:00:00-04:00,29,74.0,74.74220721802756,boost_5y_linear_aligned,True
2021-08-27 04:00:00+00:00,2021-08-28 09:00:00+00:00,2021-08-28 05:00:00-04:00,30,73.0,74.43291919189127,boost_5y_linear_aligned,True
2021-08-27 04:00:00+00:00,2021-08-28 10:00:00+00:00,2021-08-28 06:00:00-04:00,31,73.0,74.11044144917929,boost_5y_linear_aligned,True
2021-08-27 04:00:00+00:00,2021-08-28 11:00:00+00:00,2021-08-28 07:00:00-04:00,32,76.0,76.28682059805554,boost_5y_linear_aligned,True
2021-08-27 04:00:00+00:00,2021-08-28 12:00:00+00:00,2021-08-28 08:00:00-04:00,33,80.0,79.21186207527964,boost_5y_linear_aligned,True
2021-08-27 04:00:00+00:00,2021-08-28 13:00:00+00:00,2021-08-28 09:00:00-04:00,34,84.0,82.7356904637798,boost_5y_linear_aligned,True
2021-08-27 04:00:00+00:00,2021-08-28 14:00:00+00:00,2021-08-28 10:00:00-04:00,35,87.0,85.3028437640495,boost_5y_linear_aligned,True
2021-08-27 04:00:00+00:00,2021-08-28 15:00:00+00:00,2021-08-28 11:00:00-04:00,36,89.0,87.61593293337303,boost_5y_linear_aligned,True
2021-08-27 04:00:00+00:00,2021-08-28 16:00:00+00:00,2021-08-28 12:00:00-04:00,37,92.0,88.71703940715959,boost_5y_linear_aligned,True
2021-08-27 04:00:00+00:00,2021-08-28 17:00:00+00:00,2021-08-28 13:00:00-04:00,38,94.0,90.15058465652858,boost_5y_linear_aligned,True
2021-08-27 04:00:00+00:00,2021-08-28 18:00:00+00:00,2021-08-28 14:00:00-04:00,39,94.0,90.12807984084827,boost_5y_linear_aligned,True
2021-08-27 04:00:00+00:00,2021-08-28 19:00:00+00:00,2021-08-28 15:00:00-04:00,40,94.0,89.66264341882663,boost_5y_linear_aligned,True
2021-08-27 04:00:00+00:00,2021-08-28 20:00:00+00:00,2021-08-28 16:00:00-04:00,41,93.0,89.12316449270602,boost_5y_linear_aligned,True
2021-08-27 04:00:00+00:00,2021-08-28 21:00:00+00:00,2021-08-28 17:00:00-04:00,42,92.0,88.04672421712496,boost_5y_linear_aligned,True
2021-08-27 04:00:00+00:00,2021-08-28 22:00:00+00:00,2021-08-28 18:00:00-04:00,43,90.0,86.32576549713778,boost_5y_linear_aligned,True
2021-08-27 04:00:00+00:00,2021-08-28 23:00:00+00:00,2021-08-28 19:00:00-04:00,44,86.0,83.16112344797232,boost_5y_linear_aligned,True
2021-08-27 04:00:00+00:00,2021-08-29 00:00:00+00:00,2021-08-28 20:00:00-04:00,45,82.0,80.80826699687064,boost_5y_linear_aligned,True
2021-08-27 04:00:00+00:00,2021-08-29 01:00:00+00:00,2021-08-28 21:00:00-04:00,46,79.0,79.86064341819059,boost_5y_linear_aligned,True
2021-08-27 04:00:00+00:00,2021-08-29 02:00:00+00:00,2021-08-28 22:00:00-04:00,47,80.0,79.11892561868575,boost_5y_linear_aligned,True
2021-08-27 04:00:00+00:00,2021-08-29 03:00:00+00:00,2021-08-28 23:00:00-04:00,48,78.0,78.19930036622931,boost_5y_linear_aligned,True
2021-08-27 04:00:00+00:00,2021-08-29 04:00:00+00:00,2021-08-29 00:00:00-04:00,49,77.0,77.36516988868243,boost_5y_linear_aligned,True
2021-08-27 04:00:00+00:00,2021-08-29 05:00:00+00:00,2021-08-29 01:00:00-04:00,50,78.0,76.48718171906441,boost_5y_linear_aligned,True
2021-08-27 04:00:00+00:00,2021-08-29 06:00:00+00:00,2021-08-29 02:00:00-04:00,51,76.0,75.5465609589374,boost_5y_linear_aligned,True
2021-08-27 04:00:00+00:00,2021-08-29 07:00:00+00:00,2021-08-29 03:00:00-04:00,52,73.0,75.02111030191843,boost_5y_linear_aligned,True
2021-08-27 04:00:00+00:00,2021-08-29 08:00:00+00:00,2021-08-29 04:00:00-04:00,53,74.0,74.29415358549208,boost_5y_linear_aligned,True
2021-08-27 04:00:00+00:00,2021-08-29 09:00:00+00:00,2021-08-29 05:00:00-04:00,54,75.0,73.93307189025734,boost_5y_linear_aligned,True
2021-08-27 04:00:00+00:00,2021-08-29 10:00:00+00:00,2021-08-29 06:00:00-04:00,55,72.0,73.54406540896386,boost_5y_linear_aligned,True
2021-08-27 04:00:00+00:00,2021-08-29 11:00:00+00:00,2021-08-29 07:00:00-04:00,56,75.0,75.61440660695516,boost_5y_linear_aligned,True
2021-08-27 04:00:00+00:00,2021-08-29 12:00:00+00:00,2021-08-29 08:00:00-04:00,57,79.0,78.8158693086688,boost_5y_linear_aligned,True
2021-08-27 04:00:00+00:00,2021-08-29 13:00:00+00:00,2021-08-29 09:00:00-04:00,58,82.0,82.24596981805784,boost_5y_linear_aligned,True
2021-08-27 04:00:00+00:00,2021-08-29 14:00:00+00:00,2021-08-29 10:00:00-04:00,59,86.0,84.8546521115084,boost_5y_linear_aligned,True
2021-08-27 04:00:00+00:00,2021-08-29 15:00:00+00:00,2021-08-29 11:00:00-04:00,60,89.0,87.02925244845825,boost_5y_linear_aligned,True
2021-08-27 04:00:00+00:00,2021-08-29 16:00:00+00:00,2021-08-29 12:00:00-04:00,61,92.0,87.97664302346078,boost_5y_linear_aligned,True
2021-08-27 04:00:00+00:00,2021-08-29 17:00:00+00:00,2021-08-29 13:00:00-04:00,62,92.0,89.70806406768007,boost_5y_linear_aligned,True
2021-08-27 04:00:00+00:00,2021-08-29 18:00:00+00:00,2021-08-29 14:00:00-04:00,63,94.0,89.7011466630996,boost_5y_linear_aligned,True
2021-08-27 04:00:00+00:00,2021-08-29 19:00:00+00:00,2021-08-29 15:00:00-04:00,64,94.0,89.18787440709494,boost_5y_linear_aligned,True
2021-08-27 04:00:00+00:00,2021-08-29 20:00:00+00:00,2021-08-29 16:00:00-04:00,65,92.0,88.58364643555858,boost_5y_linear_aligned,True
2021-08-27 04:00:00+00:00,2021-08-29 21:00:00+00:00,2021-08-29 17:00:00-04:00,66,93.0,87.20456951760364,boost_5y_linear_aligned,True
2021-08-27 04:00:00+00:00,2021-08-29 22:00:00+00:00,2021-08-29 18:00:00-04:00,67,91.0,85.26579781264803,boost_5y_linear_aligned,True
2021-08-27 04:00:00+00:00,2021-08-29 23:00:00+00:00,2021-08-29 19:00:00-04:00,68,85.0,82.11174021544127,boost_5y_linear_aligned,True
2021-08-27 04:00:00+00:00,2021-08-30 00:00:00+00:00,2021-08-29 20:00:00-04:00,69,81.0,79.69968828704627,boost_5y_linear_aligned,True
2021-08-27 04:00:00+00:00,2021-08-30 01:00:00+00:00,2021-08-29 21:00:00-04:00,70,80.0,78.37537062038255,boost_5y_linear_aligned,True
2021-08-27 04:00:00+00:00,2021-08-30 02:00:00+00:00,2021-08-29 22:00:00-04:00,71,78.0,77.39479125215203,boost_5y_linear_aligned,True
2021-08-27 04:00:00+00:00,2021-08-30 03:00:00+00:00,2021-08-29 23:00:00-04:00,72,77.0,76.46042845473443,boost_5y_linear_aligned,True
2021-08-27 04:00:00+00:00,2021-08-30 04:00:00+00:00,2021-08-30 00:00:00-04:00,73,76.0,75.67495461488772,boost_5y_linear_aligned,True
2021-08-27 04:00:00+00:00,2021-08-30 05:00:00+00:00,2021-08-30 01:00:00-04:00,74,76.0,74.83284618908965,boost_5y_linear_aligned,True
2021-08-27 04:00:00+00:00,2021-08-30 06:00:00+00:00,2021-08-30 02:00:00-04:00,75,75.0,73.93503294585311,boost_5y_linear_aligned,True
2021-08-27 04:00:00+00:00,2021-08-30 07:00:00+00:00,2021-08-30 03:00:00-04:00,76,74.0,73.38017245379703,boost_5y_linear_aligned,True
2021-08-27 04:00:00+00:00,2021-08-30 08:00:00+00:00,2021-08-30 04:00:00-04:00,77,74.0,72.95686201783096,boost_5y_linear_aligned,True
2021-08-27 04:00:00+00:00,2021-08-30 09:00:00+00:00,2021-08-30 05:00:00-04:00,78,73.0,72.61814873360487,boost_5y_linear_aligned,True
2021-08-27 04:00:00+00:00,2021-08-30 10:00:00+00:00,2021-08-30 06:00:00-04:00,79,73.0,72.33372105789435,boost_5y_linear_aligned,True
2021-08-27 04:00:00+00:00,2021-08-30 11:00:00+00:00,2021-08-30 07:00:00-04:00,80,75.0,74.1981716636913,boost_5y_linear_aligned,True
2021-08-27 04:00:00+00:00,2021-08-30 12:00:00+00:00,2021-08-30 08:00:00-04:00,81,80.0,77.3643378862098,boost_5y_linear_aligned,True
2021-08-27 04:00:00+00:00,2021-08-30 13:00:00+00:00,2021-08-30 09:00:00-04:00,82,84.0,80.53901365723188,boost_5y_linear_aligned,True
2021-08-27 04:00:00+00:00,2021-08-30 14:00:00+00:00,2021-08-30 10:00:00-04:00,83,88.0,83.3387463574425,boost_5y_linear_aligned,True
2021-08-27 04:00:00+00:00,2021-08-30 15:00:00+00:00,2021-08-30 11:00:00-04:00,84,90.0,85.47990605339997,boost_5y_linear_aligned,True
2021-08-27 04:00:00+00:00,2021-08-30 16:00:00+00:00,2021-08-30 12:00:00-04:00,85,93.0,86.52549645650504,boost_5y_linear_aligned,True
2021-08-27 04:00:00+00:00,2021-08-30 17:00:00+00:00,2021-08-30 13:00:00-04:00,86,95.0,87.87024675989369,boost_5y_linear_aligned,True
2021-08-27 04:00:00+00:00,2021-08-30 18:00:00+00:00,2021-08-30 14:00:00-04:00,87,96.0,87.911056175536,boost_5y_linear_aligned,True
2021-08-27 04:00:00+00:00,2021-08-30 19:00:00+00:00,2021-08-30 15:00:00-04:00,88,96.0,87.85952160954346,boost_5y_linear_aligned,True
2021-08-27 04:00:00+00:00,2021-08-30 20:00:00+00:00,2021-08-30 16:00:00-04:00,89,95.0,87.27893360510727,boost_5y_linear_aligned,True
2021-08-27 04:00:00+00:00,2021-08-30 21:00:00+00:00,2021-08-30 17:00:00-04:00,90,94.0,86.24578090922684,boost_5y_linear_aligned,True
2021-08-27 04:00:00+00:00,2021-08-30 22:00:00+00:00,2021-08-30 18:00:00-04:00,91,91.0,84.03725513031458,boost_5y_linear_aligned,True
2021-08-27 04:00:00+00:00,2021-08-30 23:00:00+00:00,2021-08-30 19:00:00-04:00,92,84.0,80.92914835315517,boost_5y_linear_aligned,True
2021-08-27 04:00:00+00:00,2021-08-31 00:00:00+00:00,2021-08-30 20:00:00-04:00,93,82.0,77.94444321461475,boost_5y_linear_aligned,True
2021-08-27 04:00:00+00:00,2021-08-31 01:00:00+00:00,2021-08-30 21:00:00-04:00,94,80.0,76.73986789449553,boost_5y_linear_aligned,True
2021-08-27 04:00:00+00:00,2021-08-31 02:00:00+00:00,2021-08-30 22:00:00-04:00,95,80.0,75.89748974187258,boost_5y_linear_aligned,True
2021-08-27 04:00:00+00:00,2021-08-31 03:00:00+00:00,2021-08-30 23:00:00-04:00,96,79.0,75.0619306603177,boost_5y_linear_aligned,True
2021-08-27 04:00:00+00:00,2021-08-31 04:00:00+00:00,2021-08-31 00:00:00-04:00,97,76.0,73.94070547884837,boost_5y_linear_aligned,True
2021-08-27 04:00:00+00:00,2021-08-31 05:00:00+00:00,2021-08-31 01:00:00-04:00,98,74.0,73.13181498790874,boost_5y_linear_aligned,True
2021-08-27 04:00:00+00:00,2021-08-31 06:00:00+00:00,2021-08-31 02:00:00-04:00,99,73.0,72.1545239677142,boost_5y_linear_aligned,True
2021-08-27 04:00:00+00:00,2021-08-31 07:00:00+00:00,2021-08-31 03:00:00-04:00,100,72.0,71.5831508732199,boost_5y_linear_aligned,True
2021-08-27 04:00:00+00:00,2021-08-31 08:00:00+00:00,2021-08-31 04:00:00-04:00,101,73.0,71.13168439106572,boost_5y_linear_aligned,True
2021-08-27 04:00:00+00:00,2021-08-31 09:00:00+00:00,2021-08-31 05:00:00-04:00,102,73.0,70.74935359064126,boost_5y_linear_aligned,True
2021-08-27 04:00:00+00:00,2021-08-31 10:00:00+00:00,2021-08-31 06:00:00-04:00,103,72.0,70.44824881598588,boost_5y_linear_aligned,True
2021-08-27 04:00:00+00:00,2021-08-31 11:00:00+00:00,2021-08-31 07:00:00-04:00,104,75.0,72.40404453992171,boost_5y_linear_aligned,True
2021-08-27 04:00:00+00:00,2021-08-31 12:00:00+00:00,2021-08-31 08:00:00-04:00,105,79.0,75.9189288494696,boost_5y_linear_aligned,True
2021-08-27 04:00:00+00:00,2021-08-31 13:00:00+00:00,2021-08-31 09:00:00-04:00,106,83.0,79.15196609730503,boost_5y_linear_aligned,True
2021-08-27 04:00:00+00:00,2021-08-31 14:00:00+00:00,2021-08-31 10:00:00-04:00,107,88.0,81.94730018998548,boost_5y_linear_aligned,True
2021-08-27 04:00:00+00:00,2021-08-31 15:00:00+00:00,2021-08-31 11:00:00-04:00,108,88.0,84.24577493361073,boost_5y_linear_aligned,True
2021-08-27 04:00:00+00:00,2021-08-31 16:00:00+00:00,2021-08-31 12:00:00-04:00,109,93.0,85.38815729269741,boost_5y_linear_aligned,True
2021-08-27 04:00:00+00:00,2021-08-31 17:00:00+00:00,2021-08-31 13:00:00-04:00,110,94.0,86.74530956314706,boost_5y_linear_aligned,True
2021-08-27 04:00:00+00:00,2021-08-31 18:00:00+00:00,2021-08-31 14:00:00-04:00,111,92.0,86.84608736548718,boost_5y_linear_aligned,True
2021-08-27 04:00:00+00:00,2021-08-31 19:00:00+00:00,2021-08-31 15:00:00-04:00,112,90.0,86.7779990152368,boost_5y_linear_aligned,True
2021-08-27 04:00:00+00:00,2021-08-31 20:00:00+00:00,2021-08-31 16:00:00-04:00,113,92.0,86.15266863034336,boost_5y_linear_aligned,True
2021-08-27 04:00:00+00:00,2021-08-31 21:00:00+00:00,2021-08-31 17:00:00-04:00,114,88.0,85.19975223068485,boost_5y_linear_aligned,True
2021-08-27 04:00:00+00:00,2021-08-31 22:00:00+00:00,2021-08-31 18:00:00-04:00,115,87.0,83.08316326304752,boost_5y_linear_aligned,True
2021-08-27 04:00:00+00:00,2021-08-31 23:00:00+00:00,2021-08-31 19:00:00-04:00,116,84.0,79.79709381868243,boost_5y_linear_aligned,True
2021-08-27 04:00:00+00:00,2021-09-01 00:00:00+00:00,2021-08-31 20:00:00-04:00,117,83.0,76.98932085193046,boost_5y_linear_aligned,True
2021-08-27 04:00:00+00:00,2021-09-01 01:00:00+00:00,2021-08-31 21:00:00-04:00,118,82.0,75.96521008840753,boost_5y_linear_aligned,True
2021-08-27 04:00:00+00:00,2021-09-01 02:00:00+00:00,2021-08-31 22:00:00-04:00,119,80.0,75.00131764077253,boost_5y_linear_aligned,True
2021-08-27 04:00:00+00:00,2021-09-01 03:00:00+00:00,2021-08-31 23:00:00-04:00,120,79.0,74.09905451351167,boost_5y_linear_aligned,True
2021-08-27 04:00:00+00:00,2021-09-01 04:00:00+00:00,2021-09-01 00:00:00-04:00,121,78.0,73.29613683376799,boost_5y_linear_aligned,True
2021-08-27 04:00:00+00:00,2021-09-01 05:00:00+00:00,2021-09-01 01:00:00-04:00,122,77.0,72.39238947712178,boost_5y_linear_aligned,True
2021-08-27 04:00:00+00:00,2021-09-01 06:00:00+00:00,2021-09-01 02:00:00-04:00,123,77.0,71.52328725072141,boost_5y_linear_aligned,True
2021-08-27 04:00:00+00:00,2021-09-01 07:00:00+00:00,2021-09-01 03:00:00-04:00,124,77.0,71.09209942246667,boost_5y_linear_aligned,True
2021-08-27 04:00:00+00:00,2021-09-01 08:00:00+00:00,2021-09-01 04:00:00-04:00,125,78.0,70.65991861486263,boost_5y_linear_aligned,True
2021-08-27 04:00:00+00:00,2021-09-01 09:00:00+00:00,2021-09-01 05:00:00-04:00,126,78.0,70.211804543803,boost_5y_linear_aligned,True
2021-08-27 04:00:00+00:00,2021-09-01 10:00:00+00:00,2021-09-01 06:00:00-04:00,127,78.0,69.8865933373168,boost_5y_linear_aligned,True
2021-08-27 04:00:00+00:00,2021-09-01 11:00:00+00:00,2021-09-01 07:00:00-04:00,128,78.0,71.84458289243835,boost_5y_linear_aligned,True
2021-08-27 04:00:00+00:00,2021-09-01 12:00:00+00:00,2021-09-01 08:00:00-04:00,129,80.0,75.45772664226223,boost_5y_linear_aligned,True
2021-08-27 04:00:00+00:00,2021-09-01 13:00:00+00:00,2021-09-01 09:00:00-04:00,130,80.0,78.90573771581226,boost_5y_linear_aligned,True
2021-08-27 04:00:00+00:00,2021-09-01 14:00:00+00:00,2021-09-01 10:00:00-04:00,131,83.0,81.69445696912071,boost_5y_linear_aligned,True
2021-08-27 04:00:00+00:00,2021-09-01 15:00:00+00:00,2021-09-01 11:00:00-04:00,132,83.0,84.01641553986681,boost_5y_linear_aligned,True
2021-08-27 04:00:00+00:00,2021-09-01 16:00:00+00:00,2021-09-01 12:00:00-04:00,133,84.0,85.05894498707407,boost_5y_linear_aligned,True
2021-08-27 04:00:00+00:00,2021-09-01 17:00:00+00:00,2021-09-01 13:00:00-04:00,134,82.0,86.51734529389992,boost_5y_linear_aligned,True
2021-08-27 04:00:00+00:00,2021-09-01 18:00:00+00:00,2021-09-01 14:00:00-04:00,135,84.0,86.59679594358309,boost_5y_linear_aligned,True
2021-08-27 04:00:00+00:00,2021-09-01 19:00:00+00:00,2021-09-01 15:00:00-04:00,136,80.0,86.57010252351907,boost_5y_linear_aligned,True
2021-08-27 04:00:00+00:00,2021-09-01 20:00:00+00:00,2021-09-01 16:00:00-04:00,137,81.0,85.84063219654507,boost_5y_linear_aligned,True
2021-08-27 04:00:00+00:00,2021-09-01 21:00:00+00:00,2021-09-01 17:00:00-04:00,138,80.0,84.78447942520445,boost_5y_linear_aligned,True
2021-08-27 04:00:00+00:00,2021-09-01 22:00:00+00:00,2021-09-01 18:00:00-04:00,139,80.0,82.71608054417925,boost_5y_linear_aligned,True
2021-08-27 04:00:00+00:00,2021-09-01 23:00:00+00:00,2021-09-01 19:00:00-04:00,140,79.0,79.1941136651968,boost_5y_linear_aligned,True
2021-08-27 04:00:00+00:00,2021-09-02 00:00:00+00:00,2021-09-01 20:00:00-04:00,141,75.0,76.5377510939542,boost_5y_linear_aligned,True
2021-08-27 04:00:00+00:00,2021-09-02 01:00:00+00:00,2021-09-01 21:00:00-04:00,142,73.0,75.41635440702274,boost_5y_linear_aligned,True
2021-08-27 04:00:00+00:00,2021-09-02 02:00:00+00:00,2021-09-01 22:00:00-04:00,143,73.0,74.48635444552473,boost_5y_linear_aligned,True
2021-08-27 04:00:00+00:00,2021-09-02 03:00:00+00:00,2021-09-01 23:00:00-04:00,144,69.0,73.49128539089389,boost_5y_linear_aligned,True
2021-08-27 04:00:00+00:00,2021-09-02 04:00:00+00:00,2021-09-02 00:00:00-04:00,145,68.0,72.70759411009567,boost_5y_linear_aligned,True
2021-08-27 04:00:00+00:00,2021-09-02 05:00:00+00:00,2021-09-02 01:00:00-04:00,146,68.0,71.7777565634935,boost_5y_linear_aligned,True
2021-08-27 04:00:00+00:00,2021-09-02 06:00:00+00:00,2021-09-02 02:00:00-04:00,147,68.0,70.95842321810872,boost_5y_linear_aligned,True
2021-08-27 04:00:00+00:00,2021-09-02 07:00:00+00:00,2021-09-02 03:00:00-04:00,148,69.0,70.20079348000658,boost_5y_linear_aligned,True
2021-08-27 04:00:00+00:00,2021-09-02 08:00:00+00:00,2021-09-02 04:00:00-04:00,149,68.0,69.7465053203074,boost_5y_linear_aligned,True
2021-08-27 04:00:00+00:00,2021-09-02 09:00:00+00:00,2021-09-02 05:00:00-04:00,150,68.0,69.30496209663242,boost_5y_linear_aligned,True
2021-08-27 04:00:00+00:00,2021-09-02 10:00:00+00:00,2021-09-02 06:00:00-04:00,151,68.0,69.05266836082095,boost_5y_linear_aligned,True
2021-08-27 04:00:00+00:00,2021-09-02 11:00:00+00:00,2021-09-02 07:00:00-04:00,152,68.0,70.96264238574712,boost_5y_linear_aligned,True
2021-08-27 04:00:00+00:00,2021-09-02 12:00:00+00:00,2021-09-02 08:00:00-04:00,153,70.0,74.59534986401553,boost_5y_linear_aligned,True
2021-08-27 04:00:00+00:00,2021-09-02 13:00:00+00:00,2021-09-02 09:00:00-04:00,154,72.0,78.0366599497454,boost_5y_linear_aligned,True
2021-08-27 04:00:00+00:00,2021-09-02 14:00:00+00:00,2021-09-02 10:00:00-04:00,155,73.0,80.86644336617509,boost_5y_linear_aligned,True
2021-08-27 04:00:00+00:00,2021-09-02 15:00:00+00:00,2021-09-02 11:00:00-04:00,156,75.0,83.27004294094138,boost_5y_linear_aligned,True
2021-08-27 04:00:00+00:00,2021-09-02 16:00:00+00:00,2021-09-02 12:00:00-04:00,157,78.0,84.51411617909082,boost_5y_linear_aligned,True
2021-08-27 04:00:00+00:00,2021-09-02 17:00:00+00:00,2021-09-02 13:00:00-04:00,158,79.0,85.87870979354226,boost_5y_linear_aligned,True
2021-08-27 04:00:00+00:00,2021-09-02 18:00:00+00:00,2021-09-02 14:00:00-04:00,159,80.0,86.11671098191113,boost_5y_linear_aligned,True
2021-08-27 04:00:00+00:00,2021-09-02 19:00:00+00:00,2021-09-02 15:00:00-04:00,160,80.0,86.2025383687649,boost_5y_linear_aligned,True
2021-08-27 04:00:00+00:00,2021-09-02 20:00:00+00:00,2021-09-02 16:00:00-04:00,161,80.0,85.54391020610336,boost_5y_linear_aligned,True
2021-08-27 04:00:00+00:00,2021-09-02 21:00:00+00:00,2021-09-02 17:00:00-04:00,162,80.0,84.39920058897486,boost_5y_linear_aligned,True
2021-08-27 04:00:00+00:00,2021-09-02 22:00:00+00:00,2021-09-02 18:00:00-04:00,163,76.0,82.08310526659595,boost_5y_linear_aligned,True
2021-08-27 04:00:00+00:00,2021-09-02 23:00:00+00:00,2021-09-02 19:00:00-04:00,164,69.0,78.65676852101937,boost_5y_linear_aligned,True
2021-08-27 04:00:00+00:00,2021-09-03 00:00:00+00:00,2021-09-02 20:00:00-04:00,165,66.0,76.1421948290442,boost_5y_linear_aligned,True
2021-08-27 04:00:00+00:00,2021-09-03 01:00:00+00:00,2021-09-02 21:00:00-04:00,166,67.0,75.09172696909175,boost_5y_linear_aligned,True
2021-08-27 04:00:00+00:00,2021-09-03 02:00:00+00:00,2021-09-02 22:00:00-04:00,167,62.0,74.1494496011661,boost_5y_linear_aligned,True
2021-08-27 04:00:00+00:00,2021-09-03 03:00:00+00:00,2021-09-02 23:00:00-04:00,168,60.0,73.2078092833495,boost_5y_linear_aligned,True
2021-08-27 04:00:00+00:00,2021-09-03 04:00:00+00:00,2021-09-03 00:00:00-04:00,169,60.0,72.2264211478969,boost_5y_linear_aligned,True
2021-08-27 04:00:00+00:00,2021-09-03 05:00:00+00:00,2021-09-03 01:00:00-04:00,170,59.0,71.24256753617765,boost_5y_linear_aligned,True
2021-08-27 04:00:00+00:00,2021-09-03 06:00:00+00:00,2021-09-03 02:00:00-04:00,171,55.0,70.5470352367141,boost_5y_linear_aligned,True
2021-08-27 04:00:00+00:00,2021-09-03 07:00:00+00:00,2021-09-03 03:00:00-04:00,172,55.0,69.93124739182633,boost_5y_linear_aligned,True
2021-08-27 04:00:00+00:00,2021-09-03 08:00:00+00:00,2021-09-03 04:00:00-04:00,173,55.0,69.50633083947385,boost_5y_linear_aligned,True
2021-08-27 04:00:00+00:00,2021-09-03 09:00:00+00:00,2021-09-03 05:00:00-04:00,174,57.0,69.20124302050164,boost_5y_linear_aligned,True
2021-08-27 04:00:00+00:00,2021-09-03 10:00:00+00:00,2021-09-03 06:00:00-04:00,175,57.0,68.82374058234159,boost_5y_linear_aligned,True
2021-08-27 04:00:00+00:00,2021-09-03 11:00:00+00:00,2021-09-03 07:00:00-04:00,176,60.0,70.72538825301628,boost_5y_linear_aligned,True
2021-08-27 04:00:00+00:00,2021-09-03 12:00:00+00:00,2021-09-03 08:00:00-04:00,177,66.0,74.32393771512486,boost_5y_linear_aligned,True
2021-08-27 04:00:00+00:00,2021-09-03 13:00:00+00:00,2021-09-03 09:00:00-04:00,178,70.0,77.65887123508477,boost_5y_linear_aligned,True
2021-08-27 04:00:00+00:00,2021-09-03 14:00:00+00:00,2021-09-03 10:00:00-04:00,179,74.0,80.46120698965653,boost_5y_linear_aligned,True
2021-08-27 04:00:00+00:00,2021-09-03 15:00:00+00:00,2021-09-03 11:00:00-04:00,180,77.0,82.89448440555232,boost_5y_linear_aligned,True
2021-08-27 04:00:00+00:00,2021-09-03 16:00:00+00:00,2021-09-03 12:00:00-04:00,181,79.0,84.37803442331175,boost_5y_linear_aligned,True
2021-08-27 04:00:00+00:00,2021-09-03 17:00:00+00:00,2021-09-03 13:00:00-04:00,182,79.0,85.75774429124559,boost_5y_linear_aligned,True
2021-08-27 04:00:00+00:00,2021-09-03 18:00:00+00:00,2021-09-03 14:00:00-04:00,183,81.0,86.06773377313675,boost_5y_linear_aligned,True
2021-08-27 04:00:00+00:00,2021-09-03 19:00:00+00:00,2021-09-03 15:00:00-04:00,184,83.0,86.20902176137764,boost_5y_linear_aligned,True
2021-08-27 04:00:00+00:00,2021-09-03 20:00:00+00:00,2021-09-03 16:00:00-04:00,185,81.0,85.6358086960009,boost_5y_linear_aligned,True
2021-08-27 04:00:00+00:00,2021-09-03 21:00:00+00:00,2021-09-03 17:00:00-04:00,186,80.0,84.38739482056903,boost_5y_linear_aligned,True
2021-08-27 04:00:00+00:00,2021-09-03 22:00:00+00:00,2021-09-03 18:00:00-04:00,187,78.0,82.15652702943571,boost_5y_linear_aligned,True
2021-08-27 04:00:00+00:00,2021-09-03 23:00:00+00:00,2021-09-03 19:00:00-04:00,188,71.0,78.74275105268761,boost_5y_linear_aligned,True
2021-08-27 04:00:00+00:00,2021-09-04 00:00:00+00:00,2021-09-03 20:00:00-04:00,189,69.0,76.1278888586742,boost_5y_linear_aligned,True
2021-08-27 04:00:00+00:00,2021-09-04 01:00:00+00:00,2021-09-03 21:00:00-04:00,190,68.0,74.96853445412272,boost_5y_linear_aligned,True
2021-08-27 04:00:00+00:00,2021-09-04 02:00:00+00:00,2021-09-03 22:00:00-04:00,191,63.0,74.05251213674978,boost_5y_linear_aligned,True
2021-08-27 04:00:00+00:00,2021-09-04 03:00:00+00:00,2021-09-03 23:00:00-04:00,192,67.0,73.14861050654808,boost_5y_linear_aligned,True
2021-08-27 04:00:00+00:00,2021-09-04 04:00:00+00:00,2021-09-04 00:00:00-04:00,193,62.0,72.4104315793554,boost_5y_linear_aligned,True
2021-08-27 04:00:00+00:00,2021-09-04 05:00:00+00:00,2021-09-04 01:00:00-04:00,194,61.0,71.4752129908571,boost_5y_linear_aligned,True
2021-08-27 04:00:00+00:00,2021-09-04 06:00:00+00:00,2021-09-04 02:00:00-04:00,195,58.0,70.72960811667417,boost_5y_linear_aligned,True
2021-08-27 04:00:00+00:00,2021-09-04 07:00:00+00:00,2021-09-04 03:00:00-04:00,196,57.0,70.14681424678545,boost_5y_linear_aligned,True
2021-08-27 04:00:00+00:00,2021-09-04 08:00:00+00:00,2021-09-04 04:00:00-04:00,197,56.0,69.7427631924061,boost_5y_linear_aligned,True
2021-08-27 04:00:00+00:00,2021-09-04 09:00:00+00:00,2021-09-04 05:00:00-04:00,198,56.0,69.45327973508925,boost_5y_linear_aligned,True
2021-08-27 04:00:00+00:00,2021-09-04 10:00:00+00:00,2021-09-04 06:00:00-04:00,199,55.0,69.14198147420306,boost_5y_linear_aligned,True
2021-08-27 04:00:00+00:00,2021-09-04 11:00:00+00:00,2021-09-04 07:00:00-04:00,200,59.0,70.94911239396554,boost_5y_linear_aligned,True
2021-08-27 04:00:00+00:00,2021-09-04 12:00:00+00:00,2021-09-04 08:00:00-04:00,201,67.0,74.41320557192817,boost_5y_linear_aligned,True
2021-08-27 04:00:00+00:00,2021-09-04 13:00:00+00:00,2021-09-04 09:00:00-04:00,202,73.0,77.74390725315922,boost_5y_linear_aligned,True
2021-08-27 04:00:00+00:00,2021-09-04 14:00:00+00:00,2021-09-04 10:00:00-04:00,203,75.0,80.37377168587297,boost_5y_linear_aligned,True
2021-08-27 04:00:00+00:00,2021-09-04 15:00:00+00:00,2021-09-04 11:00:00-04:00,204,79.0,82.82578439277277,boost_5y_linear_aligned,True
2021-08-27 04:00:00+00:00,2021-09-04 16:00:00+00:00,2021-09-04 12:00:00-04:00,205,80.0,84.11639833076578,boost_5y_linear_aligned,True
2021-08-27 04:00:00+00:00,2021-09-04 17:00:00+00:00,2021-09-04 13:00:00-04:00,206,85.0,85.55188478098111,boost_5y_linear_aligned,True
2021-08-27 04:00:00+00:00,2021-09-04 18:00:00+00:00,2021-09-04 14:00:00-04:00,207,85.0,85.81712881311071,boost_5y_linear_aligned,True
2021-08-27 04:00:00+00:00,2021-09-04 19:00:00+00:00,2021-09-04 15:00:00-04:00,208,85.0,85.99879041090269,boost_5y_linear_aligned,True
2021-08-27 04:00:00+00:00,2021-09-04 20:00:00+00:00,2021-09-04 16:00:00-04:00,209,83.0,85.42873135066381,boost_5y_linear_aligned,True
2021-08-27 04:00:00+00:00,2021-09-04 21:00:00+00:00,2021-09-04 17:00:00-04:00,210,82.0,84.21025343948,boost_5y_linear_aligned,True
2021-08-27 04:00:00+00:00,2021-09-04 22:00:00+00:00,2021-09-04 18:00:00-04:00,211,81.0,81.8692346392764,boost_5y_linear_aligned,True
2021-08-27 04:00:00+00:00,2021-09-04 23:00:00+00:00,2021-09-04 19:00:00-04:00,212,75.0,78.513127433585,boost_5y_linear_aligned,True
2021-08-27 04:00:00+00:00,2021-09-05 00:00:00+00:00,2021-09-04 20:00:00-04:00,213,74.0,76.00742629856339,boost_5y_linear_aligned,True
2021-08-27 04:00:00+00:00,2021-09-05 01:00:00+00:00,2021-09-04 21:00:00-04:00,214,71.0,74.83807011764037,boost_5y_linear_aligned,True
2021-08-27 04:00:00+00:00,2021-09-05 02:00:00+00:00,2021-09-04 22:00:00-04:00,215,70.0,73.94879158092486,boost_5y_linear_aligned,True
2021-08-27 04:00:00+00:00,2021-09-05 03:00:00+00:00,2021-09-04 23:00:00-04:00,216,69.0,73.14013058461083,boost_5y_linear_aligned,True
2021-08-27 04:00:00+00:00,2021-09-05 04:00:00+00:00,2021-09-05 00:00:00-04:00,217,69.0,72.25310202150757,boost_5y_linear_aligned,True
2021-08-27 04:00:00+00:00,2021-09-05 05:00:00+00:00,2021-09-05 01:00:00-04:00,218,69.0,71.45227245983784,boost_5y_linear_aligned,True
2021-08-27 04:00:00+00:00,2021-09-05 06:00:00+00:00,2021-09-05 02:00:00-04:00,219,67.0,70.71063638398194,boost_5y_linear_aligned,True
2021-08-27 04:00:00+00:00,2021-09-05 07:00:00+00:00,2021-09-05 03:00:00-04:00,220,68.0,70.08941399749109,boost_5y_linear_aligned,True
2021-08-27 04:00:00+00:00,2021-09-05 08:00:00+00:00,2021-09-05 04:00:00-04:00,221,66.0,69.64745866477492,boost_5y_linear_aligned,True
2021-08-27 04:00:00+00:00,2021-09-05 09:00:00+00:00,2021-09-05 05:00:00-04:00,222,64.0,69.32473961431255,boost_5y_linear_aligned,True
2021-08-27 04:00:00+00:00,2021-09-05 10:00:00+00:00,2021-09-05 06:00:00-04:00,223,64.0,69.01017750533849,boost_5y_linear_aligned,True
2021-08-27 04:00:00+00:00,2021-09-05 11:00:00+00:00,2021-09-05 07:00:00-04:00,224,67.0,70.63272508683697,boost_5y_linear_aligned,True
2021-08-27 04:00:00+00:00,2021-09-05 12:00:00+00:00,2021-09-05 08:00:00-04:00,225,71.0,74.00382617801743,boost_5y_linear_aligned,True
2021-08-27 04:00:00+00:00,2021-09-05 13:00:00+00:00,2021-09-05 09:00:00-04:00,226,76.0,76.99391445628464,boost_5y_linear_aligned,True
2021-08-27 04:00:00+00:00,2021-09-05 14:00:00+00:00,2021-09-05 10:00:00-04:00,227,80.0,79.56176582019032,boost_5y_linear_aligned,True
2021-08-27 04:00:00+00:00,2021-09-05 15:00:00+00:00,2021-09-05 11:00:00-04:00,228,83.0,82.0411092805562,boost_5y_linear_aligned,True
2021-08-27 04:00:00+00:00,2021-09-05 16:00:00+00:00,2021-09-05 12:00:00-04:00,229,86.0,83.33173011037584,boost_5y_linear_aligned,True
2021-08-27 04:00:00+00:00,2021-09-05 17:00:00+00:00,2021-09-05 13:00:00-04:00,230,86.0,84.75902280421337,boost_5y_linear_aligned,True
2021-08-27 04:00:00+00:00,2021-09-05 18:00:00+00:00,2021-09-05 14:00:00-04:00,231,89.0,85.09405168925856,boost_5y_linear_aligned,True
2021-08-27 04:00:00+00:00,2021-09-05 19:00:00+00:00,2021-09-05 15:00:00-04:00,232,88.0,85.44245516146536,boost_5y_linear_aligned,True
2021-08-27 04:00:00+00:00,2021-09-05 20:00:00+00:00,2021-09-05 16:00:00-04:00,233,88.0,84.85089954514697,boost_5y_linear_aligned,True
2021-08-27 04:00:00+00:00,2021-09-05 21:00:00+00:00,2021-09-05 17:00:00-04:00,234,86.0,83.5445885101812,boost_5y_linear_aligned,True
2021-08-27 04:00:00+00:00,2021-09-05 22:00:00+00:00,2021-09-05 18:00:00-04:00,235,83.0,81.18709066865217,boost_5y_linear_aligned,True
2021-08-27 04:00:00+00:00,2021-09-05 23:00:00+00:00,2021-09-05 19:00:00-04:00,236,77.0,77.91109062049429,boost_5y_linear_aligned,True
2021-08-27 04:00:00+00:00,2021-09-06 00:00:00+00:00,2021-09-05 20:00:00-04:00,237,76.0,75.47464645125501,boost_5y_linear_aligned,True
2021-08-27 04:00:00+00:00,2021-09-06 01:00:00+00:00,2021-09-05 21:00:00-04:00,238,74.0,74.29671026933383,boost_5y_linear_aligned,True
2021-08-27 04:00:00+00:00,2021-09-06 02:00:00+00:00,2021-09-05 22:00:00-04:00,239,71.0,73.33214561843943,boost_5y_linear_aligned,True
2021-08-27 04:00:00+00:00,2021-09-06 03:00:00+00:00,2021-09-05 23:00:00-04:00,240,71.0,72.63554677617495,boost_5y_linear_aligned,True
2021-08-27 04:00:00+00:00,2021-09-06 04:00:00+00:00,2021-09-06 00:00:00-04:00,241,69.0,71.45534336101622,boost_5y_linear_aligned,True
2021-08-27 04:00:00+00:00,2021-09-06 05:00:00+00:00,2021-09-06 01:00:00-04:00,242,69.0,70.72000165728468,boost_5y_linear_aligned,True
2021-08-27 04:00:00+00:00,2021-09-06 06:00:00+00:00,2021-09-06 02:00:00-04:00,243,67.0,69.96023518115526,boost_5y_linear_aligned,True
2021-08-27 04:00:00+00:00,2021-09-06 07:00:00+00:00,2021-09-06 03:00:00-04:00,244,68.0,69.38210913210737,boost_5y_linear_aligned,True
2021-08-27 04:00:00+00:00,2021-09-06 08:00:00+00:00,2021-09-06 04:00:00-04:00,245,66.0,68.92472535594297,boost_5y_linear_aligned,True
2021-08-27 04:00:00+00:00,2021-09-06 09:00:00+00:00,2021-09-06 05:00:00-04:00,246,68.0,68.63078562955734,boost_5y_linear_aligned,True
2021-08-27 04:00:00+00:00,2021-09-06 10:00:00+00:00,2021-09-06 06:00:00-04:00,247,68.0,68.32253568878228,boost_5y_linear_aligned,True
2021-08-27 04:00:00+00:00,2021-09-06 11:00:00+00:00,2021-09-06 07:00:00-04:00,248,69.0,70.0542988871357,boost_5y_linear_aligned,True
2021-08-27 04:00:00+00:00,2021-09-06 12:00:00+00:00,2021-09-06 08:00:00-04:00,249,73.0,73.3138272178686,boost_5y_linear_aligned,True
2021-08-27 04:00:00+00:00,2021-09-06 13:00:00+00:00,2021-09-06 09:00:00-04:00,250,77.0,76.44572712254974,boost_5y_linear_aligned,True
2021-08-27 04:00:00+00:00,2021-09-06 14:00:00+00:00,2021-09-06 10:00:00-04:00,251,79.0,78.96401985336347,boost_5y_linear_aligned,True
2021-08-27 04:00:00+00:00,2021-09-06 15:00:00+00:00,2021-09-06 11:00:00-04:00,252,80.0,81.35782833433333,boost_5y_linear_aligned,True
2021-08-27 04:00:00+00:00,2021-09-06 16:00:00+00:00,2021-09-06 12:00:00-04:00,253,81.0,82.56995463158485,boost_5y_linear_aligned,True
2021-08-27 04:00:00+00:00,2021-09-06 17:00:00+00:00,2021-09-06 13:00:00-04:00,254,80.0,83.95897643450634,boost_5y_linear_aligned,True
2021-08-27 04:00:00+00:00,2021-09-06 18:00:00+00:00,2021-09-06 14:00:00-04:00,255,81.0,84.14858492820315,boost_5y_linear_aligned,True
2021-08-27 04:00:00+00:00,2021-09-06 19:00:00+00:00,2021-09-06 15:00:00-04:00,256,83.0,84.37245371585183,boost_5y_linear_aligned,True
2021-08-27 04:00:00+00:00,2021-09-06 20:00:00+00:00,2021-09-06 16:00:00-04:00,257,83.0,83.73348297741526,boost_5y_linear_aligned,True
2021-08-27 04:00:00+00:00,2021-09-06 21:00:00+00:00,2021-09-06 17:00:00-04:00,258,84.0,82.34544326544454,boost_5y_linear_aligned,True
2021-08-27 04:00:00+00:00,2021-09-06 22:00:00+00:00,2021-09-06 18:00:00-04:00,259,82.0,80.05569265720717,boost_5y_linear_aligned,True
2021-08-27 04:00:00+00:00,2021-09-06 23:00:00+00:00,2021-09-06 19:00:00-04:00,260,76.0,76.80767421372326,boost_5y_linear_aligned,True
2021-08-27 04:00:00+00:00,2021-09-07 00:00:00+00:00,2021-09-06 20:00:00-04:00,261,74.0,74.57947664321131,boost_5y_linear_aligned,True
2021-08-27 04:00:00+00:00,2021-09-07 01:00:00+00:00,2021-09-06 21:00:00-04:00,262,72.0,73.37822364941422,boost_5y_linear_aligned,True
2021-08-27 04:00:00+00:00,2021-09-07 02:00:00+00:00,2021-09-06 22:00:00-04:00,263,71.0,72.4732867903492,boost_5y_linear_aligned,True
2021-08-27 04:00:00+00:00,2021-09-07 03:00:00+00:00,2021-09-06 23:00:00-04:00,264,70.0,71.80233184506379,boost_5y_linear_aligned,True
2021-08-27 04:00:00+00:00,2021-09-07 04:00:00+00:00,2021-09-07 00:00:00-04:00,265,72.0,70.82580178568682,boost_5y_linear_aligned,True
2021-08-27 04:00:00+00:00,2021-09-07 05:00:00+00:00,2021-09-07 01:00:00-04:00,266,69.0,70.09535251496617,boost_5y_linear_aligned,True
2021-08-27 04:00:00+00:00,2021-09-07 06:00:00+00:00,2021-09-07 02:00:00-04:00,267,66.0,69.43784828310302,boost_5y_linear_aligned,True
2021-08-27 04:00:00+00:00,2021-09-07 07:00:00+00:00,2021-09-07 03:00:00-04:00,268,65.0,68.92041107649595,boost_5y_linear_aligned,True
2021-08-27 04:00:00+00:00,2021-09-07 08:00:00+00:00,2021-09-07 04:00:00-04:00,269,63.0,68.40545969701456,boost_5y_linear_aligned,True
2021-08-27 04:00:00+00:00,2021-09-07 09:00:00+00:00,2021-09-07 05:00:00-04:00,270,63.0,68.15473664160899,boost_5y_linear_aligned,True
2021-08-27 04:00:00+00:00,2021-09-07 10:00:00+00:00,2021-09-07 06:00:00-04:00,271,62.0,67.87732525760408,boost_5y_linear_aligned,True
2021-08-27 04:00:00+00:00,2021-09-07 11:00:00+00:00,2021-09-07 07:00:00-04:00,272,66.0,69.50655905809924,boost_5y_linear_aligned,True
2021-08-27 04:00:00+00:00,2021-09-07 12:00:00+00:00,2021-09-07 08:00:00-04:00,273,72.0,72.65120202920576,boost_5y_linear_aligned,True
2021-08-27 04:00:00+00:00,2021-09-07 13:00:00+00:00,2021-09-07 09:00:00-04:00,274,77.0,75.8142453781741,boost_5y_linear_aligned,True
2021-08-27 04:00:00+00:00,2021-09-07 14:00:00+00:00,2021-09-07 10:00:00-04:00,275,,78.30956283248089,boost_5y_linear_aligned,False
2021-08-27 04:00:00+00:00,2021-09-07 15:00:00+00:00,2021-09-07 11:00:00-04:00,276,84.0,80.8107588720299,boost_5y_linear_aligned,True
2021-08-27 04:00:00+00:00,2021-09-07 16:00:00+00:00,2021-09-07 12:00:00-04:00,277,85.0,82.17221867934013,boost_5y_linear_aligned,True
2021-08-27 04:00:00+00:00,2021-09-07 17:00:00+00:00,2021-09-07 13:00:00-04:00,278,86.0,83.61401368816827,boost_5y_linear_aligned,True
2021-08-27 04:00:00+00:00,2021-09-07 18:00:00+00:00,2021-09-07 14:00:00-04:00,279,88.0,83.84200250194704,boost_5y_linear_aligned,True
2021-08-27 04:00:00+00:00,2021-09-07 19:00:00+00:00,2021-09-07 15:00:00-04:00,280,88.0,84.12524228532975,boost_5y_linear_aligned,True
2021-08-27 04:00:00+00:00,2021-09-07 20:00:00+00:00,2021-09-07 16:00:00-04:00,281,90.0,83.5257520282953,boost_5y_linear_aligned,True
2021-08-27 04:00:00+00:00,2021-09-07 21:00:00+00:00,2021-09-07 17:00:00-04:00,282,88.0,82.10579588642526,boost_5y_linear_aligned,True
2021-08-27 04:00:00+00:00,2021-09-07 22:00:00+00:00,2021-09-07 18:00:00-04:00,283,85.0,79.857994057675,boost_5y_linear_aligned,True
2021-08-27 04:00:00+00:00,2021-09-07 23:00:00+00:00,2021-09-07 19:00:00-04:00,284,80.0,76.67632395009431,boost_5y_linear_aligned,True
2021-08-27 04:00:00+00:00,2021-09-08 00:00:00+00:00,2021-09-07 20:00:00-04:00,285,77.0,74.52681263626313,boost_5y_linear_aligned,True
2021-08-27 04:00:00+00:00,2021-09-08 01:00:00+00:00,2021-09-07 21:00:00-04:00,286,77.0,73.2869858848711,boost_5y_linear_aligned,True
2021-08-27 04:00:00+00:00,2021-09-08 02:00:00+00:00,2021-09-07 22:00:00-04:00,287,75.0,72.40725985935134,boost_5y_linear_aligned,True
2021-08-27 04:00:00+00:00,2021-09-08 03:00:00+00:00,2021-09-07 23:00:00-04:00,288,74.0,71.74866009123824,boost_5y_linear_aligned,True
2021-08-27 04:00:00+00:00,2021-09-08 04:00:00+00:00,2021-09-08 00:00:00-04:00,289,74.0,70.92451195049661,boost_5y_linear_aligned,True
2021-08-27 04:00:00+00:00,2021-09-08 05:00:00+00:00,2021-09-08 01:00:00-04:00,290,74.0,70.29997871590338,boost_5y_linear_aligned,True
2021-08-27 04:00:00+00:00,2021-09-08 06:00:00+00:00,2021-09-08 02:00:00-04:00,291,74.0,69.70148301538786,boost_5y_linear_aligned,True
2021-08-27 04:00:00+00:00,2021-09-08 07:00:00+00:00,2021-09-08 03:00:00-04:00,292,74.0,69.11519131462066,boost_5y_linear_aligned,True
2021-08-27 04:00:00+00:00,2021-09-08 08:00:00+00:00,2021-09-08 04:00:00-04:00,293,73.0,68.70669939452263,boost_5y_linear_aligned,True
2021-08-27 04:00:00+00:00,2021-09-08 09:00:00+00:00,2021-09-08 05:00:00-04:00,294,72.0,68.51909484008769,boost_5y_linear_aligned,True
2021-08-27 04:00:00+00:00,2021-09-08 10:00:00+00:00,2021-09-08 06:00:00-04:00,295,74.0,68.22797991164511,boost_5y_linear_aligned,True
2021-08-27 04:00:00+00:00,2021-09-08 11:00:00+00:00,2021-09-08 07:00:00-04:00,296,74.0,69.8380053309117,boost_5y_linear_aligned,True
2021-08-27 04:00:00+00:00,2021-09-08 12:00:00+00:00,2021-09-08 08:00:00-04:00,297,76.0,72.96672881091747,boost_5y_linear_aligned,True
2021-08-27 04:00:00+00:00,2021-09-08 13:00:00+00:00,2021-09-08 09:00:00-04:00,298,78.0,76.1453912305999,boost_5y_linear_aligned,True
2021-08-27 04:00:00+00:00,2021-09-08 14:00:00+00:00,2021-09-08 10:00:00-04:00,299,78.0,78.61051938969649,boost_5y_linear_aligned,True
2021-08-27 04:00:00+00:00,2021-09-08 15:00:00+00:00,2021-09-08 11:00:00-04:00,300,78.0,81.00024093377293,boost_5y_linear_aligned,True
2021-08-27 04:00:00+00:00,2021-09-08 16:00:00+00:00,2021-09-08 12:00:00-04:00,301,84.0,82.25191252619516,boost_5y_linear_aligned,True
2021-08-27 04:00:00+00:00,2021-09-08 17:00:00+00:00,2021-09-08 13:00:00-04:00,302,86.0,83.68888483418826,boost_5y_linear_aligned,True
2021-08-27 04:00:00+00:00,2021-09-08 18:00:00+00:00,2021-09-08 14:00:00-04:00,303,89.0,83.8522502887448,boost_5y_linear_aligned,True
2021-08-27 04:00:00+00:00,2021-09-08 19:00:00+00:00,2021-09-08 15:00:00-04:00,304,92.0,84.02344166883893,boost_5y_linear_aligned,True
2021-08-27 04:00:00+00:00,2021-09-08 20:00:00+00:00,2021-09-08 16:00:00-04:00,305,88.0,83.42060867478106,boost_5y_linear_aligned,True
2021-08-27 04:00:00+00:00,2021-09-08 21:00:00+00:00,2021-09-08 17:00:00-04:00,306,86.0,81.94055501376766,boost_5y_linear_aligned,True
2021-08-27 04:00:00+00:00,2021-09-08 22:00:00+00:00,2021-09-08 18:00:00-04:00,307,84.0,79.68816500344084,boost_5y_linear_aligned,True
2021-08-27 04:00:00+00:00,2021-09-08 23:00:00+00:00,2021-09-08 19:00:00-04:00,308,78.0,76.65385093925595,boost_5y_linear_aligned,True
2021-08-27 04:00:00+00:00,2021-09-09 00:00:00+00:00,2021-09-08 20:00:00-04:00,309,75.0,74.52345410680742,boost_5y_linear_aligned,True
2021-08-27 04:00:00+00:00,2021-09-09 01:00:00+00:00,2021-09-08 21:00:00-04:00,310,73.0,73.20554585404854,boost_5y_linear_aligned,True
2021-08-27 04:00:00+00:00,2021-09-09 02:00:00+00:00,2021-09-08 22:00:00-04:00,311,73.0,72.28450398574539,boost_5y_linear_aligned,True
2021-08-27 04:00:00+00:00,2021-09-09 03:00:00+00:00,2021-09-08 23:00:00-04:00,312,73.0,71.62677237076659,boost_5y_linear_aligned,True
2021-08-27 04:00:00+00:00,2021-09-09 04:00:00+00:00,2021-09-09 00:00:00-04:00,313,74.0,70.83124834668874,boost_5y_linear_aligned,True
2021-08-27 04:00:00+00:00,2021-09-09 05:00:00+00:00,2021-09-09 01:00:00-04:00,314,73.0,70.1771024453133,boost_5y_linear_aligned,True
2021-08-27 04:00:00+00:00,2021-09-09 06:00:00+00:00,2021-09-09 02:00:00-04:00,315,74.0,69.56638520190062,boost_5y_linear_aligned,True
2021-08-27 04:00:00+00:00,2021-09-09 07:00:00+00:00,2021-09-09 03:00:00-04:00,316,74.0,69.05900164972303,boost_5y_linear_aligned,True
2021-08-27 04:00:00+00:00,2021-09-09 08:00:00+00:00,2021-09-09 04:00:00-04:00,317,74.0,68.54570503845243,boost_5y_linear_aligned,True
2021-08-27 04:00:00+00:00,2021-09-09 09:00:00+00:00,2021-09-09 05:00:00-04:00,318,73.0,68.205131254143,boost_5y_linear_aligned,True
2021-08-27 04:00:00+00:00,2021-09-09 10:00:00+00:00,2021-09-09 06:00:00-04:00,319,73.0,67.89908590128869,boost_5y_linear_aligned,True
2021-08-27 04:00:00+00:00,2021-09-09 11:00:00+00:00,2021-09-09 07:00:00-04:00,320,74.0,69.41202062319245,boost_5y_linear_aligned,True
2021-08-27 04:00:00+00:00,2021-09-09 12:00:00+00:00,2021-09-09 08:00:00-04:00,321,75.0,72.53824375165647,boost_5y_linear_aligned,True
2021-08-27 04:00:00+00:00,2021-09-09 13:00:00+00:00,2021-09-09 09:00:00-04:00,322,74.0,75.68739104515728,boost_5y_linear_aligned,True
2021-08-27 04:00:00+00:00,2021-09-09 14:00:00+00:00,2021-09-09 10:00:00-04:00,323,72.0,78.16276353839267,boost_5y_linear_aligned,True
2021-08-27 04:00:00+00:00,2021-09-09 15:00:00+00:00,2021-09-09 11:00:00-04:00,324,71.0,80.55262992166755,boost_5y_linear_aligned,True
2021-08-27 04:00:00+00:00,2021-09-09 16:00:00+00:00,2021-09-09 12:00:00-04:00,325,70.0,81.77957904932049,boost_5y_linear_aligned,True
2021-08-27 04:00:00+00:00,2021-09-09 17:00:00+00:00,2021-09-09 13:00:00-04:00,326,70.0,83.1387295295324,boost_5y_linear_aligned,True
2021-08-27 04:00:00+00:00,2021-09-09 18:00:00+00:00,2021-09-09 14:00:00-04:00,327,71.0,83.37108876844579,boost_5y_linear_aligned,True
2021-08-27 04:00:00+00:00,2021-09-09 19:00:00+00:00,2021-09-09 15:00:00-04:00,328,72.0,83.71376215607044,boost_5y_linear_aligned,True
2021-08-27 04:00:00+00:00,2021-09-09 20:00:00+00:00,2021-09-09 16:00:00-04:00,329,72.0,83.24820267230471,boost_5y_linear_aligned,True
2021-08-27 04:00:00+00:00,2021-09-09 21:00:00+00:00,2021-09-09 17:00:00-04:00,330,73.0,81.88933785297596,boost_5y_linear_aligned,True
2021-08-27 04:00:00+00:00,2021-09-09 22:00:00+00:00,2021-09-09 18:00:00-04:00,331,73.0,79.54270434363154,boost_5y_linear_aligned,True
2021-08-27 04:00:00+00:00,2021-09-09 23:00:00+00:00,2021-09-09 19:00:00-04:00,332,69.0,76.40435359102823,boost_5y_linear_aligned,True
2021-08-27 04:00:00+00:00,2021-09-10 00:00:00+00:00,2021-09-09 20:00:00-04:00,333,67.0,74.275210117455,boost_5y_linear_aligned,True
2021-08-27 04:00:00+00:00,2021-09-10 01:00:00+00:00,2021-09-09 21:00:00-04:00,334,65.0,72.87558181558299,boost_5y_linear_aligned,True
2021-08-27 04:00:00+00:00,2021-09-10 02:00:00+00:00,2021-09-09 22:00:00-04:00,335,64.0,71.9292837624303,boost_5y_linear_aligned,True
2021-08-27 04:00:00+00:00,2021-09-10 03:00:00+00:00,2021-09-09 23:00:00-04:00,336,63.0,71.28731524655812,boost_5y_linear_aligned,True
2021-09-03 04:00:00+00:00,2021-09-03 04:00:00+00:00,2021-09-03 00:00:00-04:00,1,60.0,69.05892385216798,boost_5y_linear_aligned,True
2021-09-03 04:00:00+00:00,2021-09-03 05:00:00+00:00,2021-09-03 01:00:00-04:00,2,59.0,68.68419152979433,boost_5y_linear_aligned,True
2021-09-03 04:00:00+00:00,2021-09-03 06:00:00+00:00,2021-09-03 02:00:00-04:00,3,55.0,68.15807668260473,boost_5y_linear_aligned,True
2021-09-03 04:00:00+00:00,2021-09-03 07:00:00+00:00,2021-09-03 03:00:00-04:00,4,55.0,67.7001631278715,boost_5y_linear_aligned,True
2021-09-03 04:00:00+00:00,2021-09-03 08:00:00+00:00,2021-09-03 04:00:00-04:00,5,55.0,67.30588112236728,boost_5y_linear_aligned,True
2021-09-03 04:00:00+00:00,2021-09-03 09:00:00+00:00,2021-09-03 05:00:00-04:00,6,57.0,67.0601554556711,boost_5y_linear_aligned,True
2021-09-03 04:00:00+00:00,2021-09-03 10:00:00+00:00,2021-09-03 06:00:00-04:00,7,57.0,66.87354660190971,boost_5y_linear_aligned,True
2021-09-03 04:00:00+00:00,2021-09-03 11:00:00+00:00,2021-09-03 07:00:00-04:00,8,60.0,68.23847284671392,boost_5y_linear_aligned,True
2021-09-03 04:00:00+00:00,2021-09-03 12:00:00+00:00,2021-09-03 08:00:00-04:00,9,66.0,71.27880542392711,boost_5y_linear_aligned,True
2021-09-03 04:00:00+00:00,2021-09-03 13:00:00+00:00,2021-09-03 09:00:00-04:00,10,70.0,74.61664795403185,boost_5y_linear_aligned,True
2021-09-03 04:00:00+00:00,2021-09-03 14:00:00+00:00,2021-09-03 10:00:00-04:00,11,74.0,77.43047179636916,boost_5y_linear_aligned,True
2021-09-03 04:00:00+00:00,2021-09-03 15:00:00+00:00,2021-09-03 11:00:00-04:00,12,77.0,79.69871891804354,boost_5y_linear_aligned,True
2021-09-03 04:00:00+00:00,2021-09-03 16:00:00+00:00,2021-09-03 12:00:00-04:00,13,79.0,81.57887619357949,boost_5y_linear_aligned,True
2021-09-03 04:00:00+00:00,2021-09-03 17:00:00+00:00,2021-09-03 13:00:00-04:00,14,79.0,82.98458018055803,boost_5y_linear_aligned,True
2021-09-03 04:00:00+00:00,2021-09-03 18:00:00+00:00,2021-09-03 14:00:00-04:00,15,81.0,83.39053977824837,boost_5y_linear_aligned,True
2021-09-03 04:00:00+00:00,2021-09-03 19:00:00+00:00,2021-09-03 15:00:00-04:00,16,83.0,83.72622920327812,boost_5y_linear_aligned,True
2021-09-03 04:00:00+00:00,2021-09-03 20:00:00+00:00,2021-09-03 16:00:00-04:00,17,81.0,83.17158732537314,boost_5y_linear_aligned,True
2021-09-03 04:00:00+00:00,2021-09-03 21:00:00+00:00,2021-09-03 17:00:00-04:00,18,80.0,81.79251385662789,boost_5y_linear_aligned,True
2021-09-03 04:00:00+00:00,2021-09-03 22:00:00+00:00,2021-09-03 18:00:00-04:00,19,78.0,79.23155028475007,boost_5y_linear_aligned,True
2021-09-03 04:00:00+00:00,2021-09-03 23:00:00+00:00,2021-09-03 19:00:00-04:00,20,71.0,75.70669489312587,boost_5y_linear_aligned,True
2021-09-03 04:00:00+00:00,2021-09-04 00:00:00+00:00,2021-09-03 20:00:00-04:00,21,69.0,73.34129438081513,boost_5y_linear_aligned,True
2021-09-03 04:00:00+00:00,2021-09-04 01:00:00+00:00,2021-09-03 21:00:00-04:00,22,68.0,72.11622505791526,boost_5y_linear_aligned,True
2021-09-03 04:00:00+00:00,2021-09-04 02:00:00+00:00,2021-09-03 22:00:00-04:00,23,63.0,70.8698342317417,boost_5y_linear_aligned,True
2021-09-03 04:00:00+00:00,2021-09-04 03:00:00+00:00,2021-09-03 23:00:00-04:00,24,67.0,69.96405566987178,boost_5y_linear_aligned,True
2021-09-03 04:00:00+00:00,2021-09-04 04:00:00+00:00,2021-09-04 00:00:00-04:00,25,62.0,69.26495764090086,boost_5y_linear_aligned,True
2021-09-03 04:00:00+00:00,2021-09-04 05:00:00+00:00,2021-09-04 01:00:00-04:00,26,61.0,68.890274310313,boost_5y_linear_aligned,True
2021-09-03 04:00:00+00:00,2021-09-04 06:00:00+00:00,2021-09-04 02:00:00-04:00,27,58.0,68.35347303677894,boost_5y_linear_aligned,True
2021-09-03 04:00:00+00:00,2021-09-04 07:00:00+00:00,2021-09-04 03:00:00-04:00,28,57.0,67.88846952889405,boost_5y_linear_aligned,True
2021-09-03 04:00:00+00:00,2021-09-04 08:00:00+00:00,2021-09-04 04:00:00-04:00,29,56.0,67.47911131016002,boost_5y_linear_aligned,True
2021-09-03 04:00:00+00:00,2021-09-04 09:00:00+00:00,2021-09-04 05:00:00-04:00,30,56.0,67.7138417281602,boost_5y_linear_aligned,True
2021-09-03 04:00:00+00:00,2021-09-04 10:00:00+00:00,2021-09-04 06:00:00-04:00,31,55.0,67.56999814570898,boost_5y_linear_aligned,True
2021-09-03 04:00:00+00:00,2021-09-04 11:00:00+00:00,2021-09-04 07:00:00-04:00,32,59.0,68.92008014008316,boost_5y_linear_aligned,True
2021-09-03 04:00:00+00:00,2021-09-04 12:00:00+00:00,2021-09-04 08:00:00-04:00,33,67.0,71.84528181129006,boost_5y_linear_aligned,True
2021-09-03 04:00:00+00:00,2021-09-04 13:00:00+00:00,2021-09-04 09:00:00-04:00,34,73.0,75.18143972751416,boost_5y_linear_aligned,True
2021-09-03 04:00:00+00:00,2021-09-04 14:00:00+00:00,2021-09-04 10:00:00-04:00,35,75.0,77.55758259479332,boost_5y_linear_aligned,True
2021-09-03 04:00:00+00:00,2021-09-04 15:00:00+00:00,2021-09-04 11:00:00-04:00,36,79.0,79.89364689207164,boost_5y_linear_aligned,True
2021-09-03 04:00:00+00:00,2021-09-04 16:00:00+00:00,2021-09-04 12:00:00-04:00,37,80.0,81.64971825264284,boost_5y_linear_aligned,True
2021-09-03 04:00:00+00:00,2021-09-04 17:00:00+00:00,2021-09-04 13:00:00-04:00,38,85.0,83.21865452549896,boost_5y_linear_aligned,True
2021-09-03 04:00:00+00:00,2021-09-04 18:00:00+00:00,2021-09-04 14:00:00-04:00,39,85.0,82.89657065237733,boost_5y_linear_aligned,True
2021-09-03 04:00:00+00:00,2021-09-04 19:00:00+00:00,2021-09-04 15:00:00-04:00,40,85.0,83.02333032326807,boost_5y_linear_aligned,True
2021-09-03 04:00:00+00:00,2021-09-04 20:00:00+00:00,2021-09-04 16:00:00-04:00,41,83.0,82.51349211229633,boost_5y_linear_aligned,True
2021-09-03 04:00:00+00:00,2021-09-04 21:00:00+00:00,2021-09-04 17:00:00-04:00,42,82.0,81.03174261000514,boost_5y_linear_aligned,True
2021-09-03 04:00:00+00:00,2021-09-04 22:00:00+00:00,2021-09-04 18:00:00-04:00,43,81.0,78.44895882972675,boost_5y_linear_aligned,True
2021-09-03 04:00:00+00:00,2021-09-04 23:00:00+00:00,2021-09-04 19:00:00-04:00,44,75.0,75.09543460061472,boost_5y_linear_aligned,True
2021-09-03 04:00:00+00:00,2021-09-05 00:00:00+00:00,2021-09-04 20:00:00-04:00,45,74.0,72.93743985852085,boost_5y_linear_aligned,True
2021-09-03 04:00:00+00:00,2021-09-05 01:00:00+00:00,2021-09-04 21:00:00-04:00,46,71.0,71.71328996818264,boost_5y_linear_aligned,True
2021-09-03 04:00:00+00:00,2021-09-05 02:00:00+00:00,2021-09-04 22:00:00-04:00,47,70.0,70.59604437113177,boost_5y_linear_aligned,True
2021-09-03 04:00:00+00:00,2021-09-05 03:00:00+00:00,2021-09-04 23:00:00-04:00,48,69.0,69.77443243069787,boost_5y_linear_aligned,True
2021-09-03 04:00:00+00:00,2021-09-05 04:00:00+00:00,2021-09-05 00:00:00-04:00,49,69.0,68.9660352379132,boost_5y_linear_aligned,True
2021-09-03 04:00:00+00:00,2021-09-05 05:00:00+00:00,2021-09-05 01:00:00-04:00,50,69.0,68.3351630251605,boost_5y_linear_aligned,True
2021-09-03 04:00:00+00:00,2021-09-05 06:00:00+00:00,2021-09-05 02:00:00-04:00,51,67.0,67.56172616950812,boost_5y_linear_aligned,True
2021-09-03 04:00:00+00:00,2021-09-05 07:00:00+00:00,2021-09-05 03:00:00-04:00,52,68.0,66.9894642146003,boost_5y_linear_aligned,True
2021-09-03 04:00:00+00:00,2021-09-05 08:00:00+00:00,2021-09-05 04:00:00-04:00,53,66.0,66.60197724895177,boost_5y_linear_aligned,True
2021-09-03 04:00:00+00:00,2021-09-05 09:00:00+00:00,2021-09-05 05:00:00-04:00,54,64.0,66.34947671855045,boost_5y_linear_aligned,True
2021-09-03 04:00:00+00:00,2021-09-05 10:00:00+00:00,2021-09-05 06:00:00-04:00,55,64.0,66.17750214114618,boost_5y_linear_aligned,True
2021-09-03 04:00:00+00:00,2021-09-05 11:00:00+00:00,2021-09-05 07:00:00-04:00,56,67.0,67.71997711464905,boost_5y_linear_aligned,True
2021-09-03 04:00:00+00:00,2021-09-05 12:00:00+00:00,2021-09-05 08:00:00-04:00,57,71.0,71.00761493034405,boost_5y_linear_aligned,True
2021-09-03 04:00:00+00:00,2021-09-05 13:00:00+00:00,2021-09-05 09:00:00-04:00,58,76.0,73.98661292100846,boost_5y_linear_aligned,True
2021-09-03 04:00:00+00:00,2021-09-05 14:00:00+00:00,2021-09-05 10:00:00-04:00,59,80.0,76.65488584187612,boost_5y_linear_aligned,True
2021-09-03 04:00:00+00:00,2021-09-05 15:00:00+00:00,2021-09-05 11:00:00-04:00,60,83.0,78.99662499399203,boost_5y_linear_aligned,True
2021-09-03 04:00:00+00:00,2021-09-05 16:00:00+00:00,2021-09-05 12:00:00-04:00,61,86.0,80.67015113450238,boost_5y_linear_aligned,True
2021-09-03 04:00:00+00:00,2021-09-05 17:00:00+00:00,2021-09-05 13:00:00-04:00,62,86.0,82.16100096038285,boost_5y_linear_aligned,True
2021-09-03 04:00:00+00:00,2021-09-05 18:00:00+00:00,2021-09-05 14:00:00-04:00,63,89.0,82.59376092834553,boost_5y_linear_aligned,True
2021-09-03 04:00:00+00:00,2021-09-05 19:00:00+00:00,2021-09-05 15:00:00-04:00,64,88.0,82.89901353574096,boost_5y_linear_aligned,True
2021-09-03 04:00:00+00:00,2021-09-05 20:00:00+00:00,2021-09-05 16:00:00-04:00,65,88.0,82.36694721168996,boost_5y_linear_aligned,True
2021-09-03 04:00:00+00:00,2021-09-05 21:00:00+00:00,2021-09-05 17:00:00-04:00,66,86.0,81.0197839277011,boost_5y_linear_aligned,True
2021-09-03 04:00:00+00:00,2021-09-05 22:00:00+00:00,2021-09-05 18:00:00-04:00,67,83.0,78.4876973823827,boost_5y_linear_aligned,True
2021-09-03 04:00:00+00:00,2021-09-05 23:00:00+00:00,2021-09-05 19:00:00-04:00,68,77.0,75.16363218412639,boost_5y_linear_aligned,True
2021-09-03 04:00:00+00:00,2021-09-06 00:00:00+00:00,2021-09-05 20:00:00-04:00,69,76.0,73.10454877662374,boost_5y_linear_aligned,True
2021-09-03 04:00:00+00:00,2021-09-06 01:00:00+00:00,2021-09-05 21:00:00-04:00,70,74.0,71.8882278189733,boost_5y_linear_aligned,True
2021-09-03 04:00:00+00:00,2021-09-06 02:00:00+00:00,2021-09-05 22:00:00-04:00,71,71.0,70.71147096647125,boost_5y_linear_aligned,True
2021-09-03 04:00:00+00:00,2021-09-06 03:00:00+00:00,2021-09-05 23:00:00-04:00,72,71.0,70.01099976046365,boost_5y_linear_aligned,True
2021-09-03 04:00:00+00:00,2021-09-06 04:00:00+00:00,2021-09-06 00:00:00-04:00,73,69.0,69.35181292041601,boost_5y_linear_aligned,True
2021-09-03 04:00:00+00:00,2021-09-06 05:00:00+00:00,2021-09-06 01:00:00-04:00,74,69.0,69.07075252995972,boost_5y_linear_aligned,True
2021-09-03 04:00:00+00:00,2021-09-06 06:00:00+00:00,2021-09-06 02:00:00-04:00,75,67.0,68.37923786559308,boost_5y_linear_aligned,True
2021-09-03 04:00:00+00:00,2021-09-06 07:00:00+00:00,2021-09-06 03:00:00-04:00,76,68.0,67.89968467319459,boost_5y_linear_aligned,True
2021-09-03 04:00:00+00:00,2021-09-06 08:00:00+00:00,2021-09-06 04:00:00-04:00,77,66.0,67.50498048840826,boost_5y_linear_aligned,True
2021-09-03 04:00:00+00:00,2021-09-06 09:00:00+00:00,2021-09-06 05:00:00-04:00,78,68.0,67.23180911894524,boost_5y_linear_aligned,True
2021-09-03 04:00:00+00:00,2021-09-06 10:00:00+00:00,2021-09-06 06:00:00-04:00,79,68.0,67.26392132541176,boost_5y_linear_aligned,True
2021-09-03 04:00:00+00:00,2021-09-06 11:00:00+00:00,2021-09-06 07:00:00-04:00,80,69.0,68.78337430118259,boost_5y_linear_aligned,True
2021-09-03 04:00:00+00:00,2021-09-06 12:00:00+00:00,2021-09-06 08:00:00-04:00,81,73.0,71.93795514273701,boost_5y_linear_aligned,True
2021-09-03 04:00:00+00:00,2021-09-06 13:00:00+00:00,2021-09-06 09:00:00-04:00,82,77.0,74.90887504653514,boost_5y_linear_aligned,True
2021-09-03 04:00:00+00:00,2021-09-06 14:00:00+00:00,2021-09-06 10:00:00-04:00,83,79.0,77.50058108001642,boost_5y_linear_aligned,True
2021-09-03 04:00:00+00:00,2021-09-06 15:00:00+00:00,2021-09-06 11:00:00-04:00,84,80.0,80.02305636089147,boost_5y_linear_aligned,True
2021-09-03 04:00:00+00:00,2021-09-06 16:00:00+00:00,2021-09-06 12:00:00-04:00,85,81.0,81.57837652626306,boost_5y_linear_aligned,True
2021-09-03 04:00:00+00:00,2021-09-06 17:00:00+00:00,2021-09-06 13:00:00-04:00,86,80.0,82.75399889016784,boost_5y_linear_aligned,True
2021-09-03 04:00:00+00:00,2021-09-06 18:00:00+00:00,2021-09-06 14:00:00-04:00,87,81.0,83.13598567035385,boost_5y_linear_aligned,True
2021-09-03 04:00:00+00:00,2021-09-06 19:00:00+00:00,2021-09-06 15:00:00-04:00,88,83.0,83.30296065646988,boost_5y_linear_aligned,True
2021-09-03 04:00:00+00:00,2021-09-06 20:00:00+00:00,2021-09-06 16:00:00-04:00,89,83.0,82.80027817972062,boost_5y_linear_aligned,True
2021-09-03 04:00:00+00:00,2021-09-06 21:00:00+00:00,2021-09-06 17:00:00-04:00,90,84.0,81.64963343346845,boost_5y_linear_aligned,True
2021-09-03 04:00:00+00:00,2021-09-06 22:00:00+00:00,2021-09-06 18:00:00-04:00,91,82.0,79.26481042867039,boost_5y_linear_aligned,True
2021-09-03 04:00:00+00:00,2021-09-06 23:00:00+00:00,2021-09-06 19:00:00-04:00,92,76.0,75.88204756662577,boost_5y_linear_aligned,True
2021-09-03 04:00:00+00:00,2021-09-07 00:00:00+00:00,2021-09-06 20:00:00-04:00,93,74.0,73.90737412777071,boost_5y_linear_aligned,True
2021-09-03 04:00:00+00:00,2021-09-07 01:00:00+00:00,2021-09-06 21:00:00-04:00,94,72.0,72.61708203020737,boost_5y_linear_aligned,True
2021-09-03 04:00:00+00:00,2021-09-07 02:00:00+00:00,2021-09-06 22:00:00-04:00,95,71.0,71.49041615541144,boost_5y_linear_aligned,True
2021-09-03 04:00:00+00:00,2021-09-07 03:00:00+00:00,2021-09-06 23:00:00-04:00,96,70.0,70.76799851318823,boost_5y_linear_aligned,True
2021-09-03 04:00:00+00:00,2021-09-07 04:00:00+00:00,2021-09-07 00:00:00-04:00,97,72.0,69.66186635075086,boost_5y_linear_aligned,True
2021-09-03 04:00:00+00:00,2021-09-07 05:00:00+00:00,2021-09-07 01:00:00-04:00,98,69.0,68.93062504462536,boost_5y_linear_aligned,True
2021-09-03 04:00:00+00:00,2021-09-07 06:00:00+00:00,2021-09-07 02:00:00-04:00,99,66.0,68.29387873253053,boost_5y_linear_aligned,True
2021-09-03 04:00:00+00:00,2021-09-07 07:00:00+00:00,2021-09-07 03:00:00-04:00,100,65.0,67.8056822950764,boost_5y_linear_aligned,True
2021-09-03 04:00:00+00:00,2021-09-07 08:00:00+00:00,2021-09-07 04:00:00-04:00,101,63.0,67.31738790331087,boost_5y_linear_aligned,True
2021-09-03 04:00:00+00:00,2021-09-07 09:00:00+00:00,2021-09-07 05:00:00-04:00,102,63.0,67.0857531268849,boost_5y_linear_aligned,True
2021-09-03 04:00:00+00:00,2021-09-07 10:00:00+00:00,2021-09-07 06:00:00-04:00,103,62.0,66.93065794040291,boost_5y_linear_aligned,True
2021-09-03 04:00:00+00:00,2021-09-07 11:00:00+00:00,2021-09-07 07:00:00-04:00,104,66.0,68.3789521244408,boost_5y_linear_aligned,True
2021-09-03 04:00:00+00:00,2021-09-07 12:00:00+00:00,2021-09-07 08:00:00-04:00,105,72.0,72.07340294367822,boost_5y_linear_aligned,True
2021-09-03 04:00:00+00:00,2021-09-07 13:00:00+00:00,2021-09-07 09:00:00-04:00,106,77.0,75.00474252793101,boost_5y_linear_aligned,True
2021-09-03 04:00:00+00:00,2021-09-07 14:00:00+00:00,2021-09-07 10:00:00-04:00,107,,77.55286955081681,boost_5y_linear_aligned,False
2021-09-03 04:00:00+00:00,2021-09-07 15:00:00+00:00,2021-09-07 11:00:00-04:00,108,84.0,80.03094829121716,boost_5y_linear_aligned,True
2021-09-03 04:00:00+00:00,2021-09-07 16:00:00+00:00,2021-09-07 12:00:00-04:00,109,85.0,81.45678763974438,boost_5y_linear_aligned,True
2021-09-03 04:00:00+00:00,2021-09-07 17:00:00+00:00,2021-09-07 13:00:00-04:00,110,86.0,82.90266458932147,boost_5y_linear_aligned,True
2021-09-03 04:00:00+00:00,2021-09-07 18:00:00+00:00,2021-09-07 14:00:00-04:00,111,88.0,83.59449850358017,boost_5y_linear_aligned,True
2021-09-03 04:00:00+00:00,2021-09-07 19:00:00+00:00,2021-09-07 15:00:00-04:00,112,88.0,83.71927095635293,boost_5y_linear_aligned,True
2021-09-03 04:00:00+00:00,2021-09-07 20:00:00+00:00,2021-09-07 16:00:00-04:00,113,90.0,83.23645989437627,boost_5y_linear_aligned,True
2021-09-03 04:00:00+00:00,2021-09-07 21:00:00+00:00,2021-09-07 17:00:00-04:00,114,88.0,81.7742796078276,boost_5y_linear_aligned,True
2021-09-03 04:00:00+00:00,2021-09-07 22:00:00+00:00,2021-09-07 18:00:00-04:00,115,85.0,79.48064981311549,boost_5y_linear_aligned,True
2021-09-03 04:00:00+00:00,2021-09-07 23:00:00+00:00,2021-09-07 19:00:00-04:00,116,80.0,76.24023219715913,boost_5y_linear_aligned,True
2021-09-03 04:00:00+00:00,2021-09-08 00:00:00+00:00,2021-09-07 20:00:00-04:00,117,77.0,74.38722508160949,boost_5y_linear_aligned,True
2021-09-03 04:00:00+00:00,2021-09-08 01:00:00+00:00,2021-09-07 21:00:00-04:00,118,77.0,73.06130475427527,boost_5y_linear_aligned,True
2021-09-03 04:00:00+00:00,2021-09-08 02:00:00+00:00,2021-09-07 22:00:00-04:00,119,75.0,72.06100145221572,boost_5y_linear_aligned,True
2021-09-03 04:00:00+00:00,2021-09-08 03:00:00+00:00,2021-09-07 23:00:00-04:00,120,74.0,71.40568027295788,boost_5y_linear_aligned,True
2021-09-03 04:00:00+00:00,2021-09-08 04:00:00+00:00,2021-09-08 00:00:00-04:00,121,74.0,70.65599867271632,boost_5y_linear_aligned,True
2021-09-03 04:00:00+00:00,2021-09-08 05:00:00+00:00,2021-09-08 01:00:00-04:00,122,74.0,70.02237256759933,boost_5y_linear_aligned,True
2021-09-03 04:00:00+00:00,2021-09-08 06:00:00+00:00,2021-09-08 02:00:00-04:00,123,74.0,69.4833285340784,boost_5y_linear_aligned,True
2021-09-03 04:00:00+00:00,2021-09-08 07:00:00+00:00,2021-09-08 03:00:00-04:00,124,74.0,68.91493698033115,boost_5y_linear_aligned,True
2021-09-03 04:00:00+00:00,2021-09-08 08:00:00+00:00,2021-09-08 04:00:00-04:00,125,73.0,68.52464815909929,boost_5y_linear_aligned,True
2021-09-03 04:00:00+00:00,2021-09-08 09:00:00+00:00,2021-09-08 05:00:00-04:00,126,72.0,68.26948116958829,boost_5y_linear_aligned,True
2021-09-03 04:00:00+00:00,2021-09-08 10:00:00+00:00,2021-09-08 06:00:00-04:00,127,74.0,68.14417792075051,boost_5y_linear_aligned,True
2021-09-03 04:00:00+00:00,2021-09-08 11:00:00+00:00,2021-09-08 07:00:00-04:00,128,74.0,69.2271328936422,boost_5y_linear_aligned,True
2021-09-03 04:00:00+00:00,2021-09-08 12:00:00+00:00,2021-09-08 08:00:00-04:00,129,76.0,72.3296034636909,boost_5y_linear_aligned,True
2021-09-03 04:00:00+00:00,2021-09-08 13:00:00+00:00,2021-09-08 09:00:00-04:00,130,78.0,75.15813513857793,boost_5y_linear_aligned,True
2021-09-03 04:00:00+00:00,2021-09-08 14:00:00+00:00,2021-09-08 10:00:00-04:00,131,78.0,77.64992584477595,boost_5y_linear_aligned,True
2021-09-03 04:00:00+00:00,2021-09-08 15:00:00+00:00,2021-09-08 11:00:00-04:00,132,78.0,79.96067446373625,boost_5y_linear_aligned,True
2021-09-03 04:00:00+00:00,2021-09-08 16:00:00+00:00,2021-09-08 12:00:00-04:00,133,84.0,81.22325266161968,boost_5y_linear_aligned,True
2021-09-03 04:00:00+00:00,2021-09-08 17:00:00+00:00,2021-09-08 13:00:00-04:00,134,86.0,82.69387374308614,boost_5y_linear_aligned,True
2021-09-03 04:00:00+00:00,2021-09-08 18:00:00+00:00,2021-09-08 14:00:00-04:00,135,89.0,83.00610737521271,boost_5y_linear_aligned,True
2021-09-03 04:00:00+00:00,2021-09-08 19:00:00+00:00,2021-09-08 15:00:00-04:00,136,92.0,83.2560286353726,boost_5y_linear_aligned,True
2021-09-03 04:00:00+00:00,2021-09-08 20:00:00+00:00,2021-09-08 16:00:00-04:00,137,88.0,82.70702713501795,boost_5y_linear_aligned,True
2021-09-03 04:00:00+00:00,2021-09-08 21:00:00+00:00,2021-09-08 17:00:00-04:00,138,86.0,81.26087997754803,boost_5y_linear_aligned,True
2021-09-03 04:00:00+00:00,2021-09-08 22:00:00+00:00,2021-09-08 18:00:00-04:00,139,84.0,79.02153991698057,boost_5y_linear_aligned,True
2021-09-03 04:00:00+00:00,2021-09-08 23:00:00+00:00,2021-09-08 19:00:00-04:00,140,78.0,75.93610397873975,boost_5y_linear_aligned,True
2021-09-03 04:00:00+00:00,2021-09-09 00:00:00+00:00,2021-09-08 20:00:00-04:00,141,75.0,74.19614358165876,boost_5y_linear_aligned,True
2021-09-03 04:00:00+00:00,2021-09-09 01:00:00+00:00,2021-09-08 21:00:00-04:00,142,73.0,72.87694799741743,boost_5y_linear_aligned,True
2021-09-03 04:00:00+00:00,2021-09-09 02:00:00+00:00,2021-09-08 22:00:00-04:00,143,73.0,71.93869999927375,boost_5y_linear_aligned,True
2021-09-03 04:00:00+00:00,2021-09-09 03:00:00+00:00,2021-09-08 23:00:00-04:00,144,73.0,71.2315110038575,boost_5y_linear_aligned,True
2021-09-03 04:00:00+00:00,2021-09-09 04:00:00+00:00,2021-09-09 00:00:00-04:00,145,74.0,70.53890042288135,boost_5y_linear_aligned,True
2021-09-03 04:00:00+00:00,2021-09-09 05:00:00+00:00,2021-09-09 01:00:00-04:00,146,73.0,69.89071396386548,boost_5y_linear_aligned,True
2021-09-03 04:00:00+00:00,2021-09-09 06:00:00+00:00,2021-09-09 02:00:00-04:00,147,74.0,69.29657772332713,boost_5y_linear_aligned,True
2021-09-03 04:00:00+00:00,2021-09-09 07:00:00+00:00,2021-09-09 03:00:00-04:00,148,74.0,68.81054578715073,boost_5y_linear_aligned,True
2021-09-03 04:00:00+00:00,2021-09-09 08:00:00+00:00,2021-09-09 04:00:00-04:00,149,74.0,68.75810331946992,boost_5y_linear_aligned,True
2021-09-03 04:00:00+00:00,2021-09-09 09:00:00+00:00,2021-09-09 05:00:00-04:00,150,73.0,68.65604021141256,boost_5y_linear_aligned,True
2021-09-03 04:00:00+00:00,2021-09-09 10:00:00+00:00,2021-09-09 06:00:00-04:00,151,73.0,68.3680457335319,boost_5y_linear_aligned,True
2021-09-03 04:00:00+00:00,2021-09-09 11:00:00+00:00,2021-09-09 07:00:00-04:00,152,74.0,69.64786261929771,boost_5y_linear_aligned,True
2021-09-03 04:00:00+00:00,2021-09-09 12:00:00+00:00,2021-09-09 08:00:00-04:00,153,75.0,72.75359028662969,boost_5y_linear_aligned,True
2021-09-03 04:00:00+00:00,2021-09-09 13:00:00+00:00,2021-09-09 09:00:00-04:00,154,74.0,75.9180693896985,boost_5y_linear_aligned,True
2021-09-03 04:00:00+00:00,2021-09-09 14:00:00+00:00,2021-09-09 10:00:00-04:00,155,72.0,78.4467020708017,boost_5y_linear_aligned,True
2021-09-03 04:00:00+00:00,2021-09-09 15:00:00+00:00,2021-09-09 11:00:00-04:00,156,71.0,80.80290955549125,boost_5y_linear_aligned,True
2021-09-03 04:00:00+00:00,2021-09-09 16:00:00+00:00,2021-09-09 12:00:00-04:00,157,70.0,82.03482954675175,boost_5y_linear_aligned,True
2021-09-03 04:00:00+00:00,2021-09-09 17:00:00+00:00,2021-09-09 13:00:00-04:00,158,70.0,83.35655258818386,boost_5y_linear_aligned,True
2021-09-03 04:00:00+00:00,2021-09-09 18:00:00+00:00,2021-09-09 14:00:00-04:00,159,71.0,83.73332941798921,boost_5y_linear_aligned,True
2021-09-03 04:00:00+00:00,2021-09-09 19:00:00+00:00,2021-09-09 15:00:00-04:00,160,72.0,84.20095780699833,boost_5y_linear_aligned,True
2021-09-03 04:00:00+00:00,2021-09-09 20:00:00+00:00,2021-09-09 16:00:00-04:00,161,72.0,83.72575642052279,boost_5y_linear_aligned,True
2021-09-03 04:00:00+00:00,2021-09-09 21:00:00+00:00,2021-09-09 17:00:00-04:00,162,73.0,82.68667279291986,boost_5y_linear_aligned,True
2021-09-03 04:00:00+00:00,2021-09-09 22:00:00+00:00,2021-09-09 18:00:00-04:00,163,73.0,80.31098957443518,boost_5y_linear_aligned,True
2021-09-03 04:00:00+00:00,2021-09-09 23:00:00+00:00,2021-09-09 19:00:00-04:00,164,69.0,77.05746023036693,boost_5y_linear_aligned,True
2021-09-03 04:00:00+00:00,2021-09-10 00:00:00+00:00,2021-09-09 20:00:00-04:00,165,67.0,75.00941305690128,boost_5y_linear_aligned,True
2021-09-03 04:00:00+00:00,2021-09-10 01:00:00+00:00,2021-09-09 21:00:00-04:00,166,65.0,73.5465774037383,boost_5y_linear_aligned,True
2021-09-03 04:00:00+00:00,2021-09-10 02:00:00+00:00,2021-09-09 22:00:00-04:00,167,64.0,72.52774299144248,boost_5y_linear_aligned,True
2021-09-03 04:00:00+00:00,2021-09-10 03:00:00+00:00,2021-09-09 23:00:00-04:00,168,63.0,71.69323794293412,boost_5y_linear_aligned,True
2021-09-03 04:00:00+00:00,2021-09-10 04:00:00+00:00,2021-09-10 00:00:00-04:00,169,64.0,70.97592313702248,boost_5y_linear_aligned,True
2021-09-03 04:00:00+00:00,2021-09-10 05:00:00+00:00,2021-09-10 01:00:00-04:00,170,64.0,70.29641005920033,boost_5y_linear_aligned,True
2021-09-03 04:00:00+00:00,2021-09-10 06:00:00+00:00,2021-09-10 02:00:00-04:00,171,63.0,69.69800990793671,boost_5y_linear_aligned,True
2021-09-03 04:00:00+00:00,2021-09-10 07:00:00+00:00,2021-09-10 03:00:00-04:00,172,62.0,69.15369539192828,boost_5y_linear_aligned,True
2021-09-03 04:00:00+00:00,2021-09-10 08:00:00+00:00,2021-09-10 04:00:00-04:00,173,59.0,68.73103381665948,boost_5y_linear_aligned,True
2021-09-03 04:00:00+00:00,2021-09-10 09:00:00+00:00,2021-09-10 05:00:00-04:00,174,60.0,68.57593516698495,boost_5y_linear_aligned,True
2021-09-03 04:00:00+00:00,2021-09-10 10:00:00+00:00,2021-09-10 06:00:00-04:00,175,58.0,68.35207222496007,boost_5y_linear_aligned,True
2021-09-03 04:00:00+00:00,2021-09-10 11:00:00+00:00,2021-09-10 07:00:00-04:00,176,62.0,69.73695296820638,boost_5y_linear_aligned,True
2021-09-03 04:00:00+00:00,2021-09-10 12:00:00+00:00,2021-09-10 08:00:00-04:00,177,67.0,73.19515876553301,boost_5y_linear_aligned,True
2021-09-03 04:00:00+00:00,2021-09-10 13:00:00+00:00,2021-09-10 09:00:00-04:00,178,70.0,76.4240255929708,boost_5y_linear_aligned,True
2021-09-03 04:00:00+00:00,2021-09-10 14:00:00+00:00,2021-09-10 10:00:00-04:00,179,73.0,79.08506339094666,boost_5y_linear_aligned,True
2021-09-03 04:00:00+00:00,2021-09-10 15:00:00+00:00,2021-09-10 11:00:00-04:00,180,75.0,81.43451103061365,boost_5y_linear_aligned,True
2021-09-03 04:00:00+00:00,2021-09-10 16:00:00+00:00,2021-09-10 12:00:00-04:00,181,76.0,82.72895525663222,boost_5y_linear_aligned,True
2021-09-03 04:00:00+00:00,2021-09-10 17:00:00+00:00,2021-09-10 13:00:00-04:00,182,78.0,83.92569805513347,boost_5y_linear_aligned,True
2021-09-03 04:00:00+00:00,2021-09-10 18:00:00+00:00,2021-09-10 14:00:00-04:00,183,79.0,84.22443926328107,boost_5y_linear_aligned,True
2021-09-03 04:00:00+00:00,2021-09-10 19:00:00+00:00,2021-09-10 15:00:00-04:00,184,79.0,84.61689741323104,boost_5y_linear_aligned,True
2021-09-03 04:00:00+00:00,2021-09-10 20:00:00+00:00,2021-09-10 16:00:00-04:00,185,77.0,84.12473075216998,boost_5y_linear_aligned,True
2021-09-03 04:00:00+00:00,2021-09-10 21:00:00+00:00,2021-09-10 17:00:00-04:00,186,78.0,82.87341585210244,boost_5y_linear_aligned,True
2021-09-03 04:00:00+00:00,2021-09-10 22:00:00+00:00,2021-09-10 18:00:00-04:00,187,75.0,80.43805543827875,boost_5y_linear_aligned,True
2021-09-03 04:00:00+00:00,2021-09-10 23:00:00+00:00,2021-09-10 19:00:00-04:00,188,67.0,77.23778197684157,boost_5y_linear_aligned,True
2021-09-03 04:00:00+00:00,2021-09-11 00:00:00+00:00,2021-09-10 20:00:00-04:00,189,64.0,75.30524468819786,boost_5y_linear_aligned,True
2021-09-03 04:00:00+00:00,2021-09-11 01:00:00+00:00,2021-09-10 21:00:00-04:00,190,64.0,73.7940637265454,boost_5y_linear_aligned,True
2021-09-03 04:00:00+00:00,2021-09-11 02:00:00+00:00,2021-09-10 22:00:00-04:00,191,63.0,72.7604469970257,boost_5y_linear_aligned,True
2021-09-03 04:00:00+00:00,2021-09-11 03:00:00+00:00,2021-09-10 23:00:00-04:00,192,61.0,72.06453342563131,boost_5y_linear_aligned,True
2021-09-03 04:00:00+00:00,2021-09-11 04:00:00+00:00,2021-09-11 00:00:00-04:00,193,62.0,71.1262456774464,boost_5y_linear_aligned,True
2021-09-03 04:00:00+00:00,2021-09-11 05:00:00+00:00,2021-09-11 01:00:00-04:00,194,60.0,70.3723183051148,boost_5y_linear_aligned,True
2021-09-03 04:00:00+00:00,2021-09-11 06:00:00+00:00,2021-09-11 02:00:00-04:00,195,58.0,69.8006998132302,boost_5y_linear_aligned,True
2021-09-03 04:00:00+00:00,2021-09-11 07:00:00+00:00,2021-09-11 03:00:00-04:00,196,58.0,69.22260274679795,boost_5y_linear_aligned,True
2021-09-03 04:00:00+00:00,2021-09-11 08:00:00+00:00,2021-09-11 04:00:00-04:00,197,57.0,68.93398578145523,boost_5y_linear_aligned,True
2021-09-03 04:00:00+00:00,2021-09-11 09:00:00+00:00,2021-09-11 05:00:00-04:00,198,57.0,68.66090873990346,boost_5y_linear_aligned,True
2021-09-03 04:00:00+00:00,2021-09-11 10:00:00+00:00,2021-09-11 06:00:00-04:00,199,57.0,68.31355997023422,boost_5y_linear_aligned,True
2021-09-03 04:00:00+00:00,2021-09-11 11:00:00+00:00,2021-09-11 07:00:00-04:00,200,60.0,69.64909604131323,boost_5y_linear_aligned,True
2021-09-03 04:00:00+00:00,2021-09-11 12:00:00+00:00,2021-09-11 08:00:00-04:00,201,66.0,72.88805236345155,boost_5y_linear_aligned,True
2021-09-03 04:00:00+00:00,2021-09-11 13:00:00+00:00,2021-09-11 09:00:00-04:00,202,68.0,76.01077523857207,boost_5y_linear_aligned,True
2021-09-03 04:00:00+00:00,2021-09-11 14:00:00+00:00,2021-09-11 10:00:00-04:00,203,75.0,78.41015845387442,boost_5y_linear_aligned,True
2021-09-03 04:00:00+00:00,2021-09-11 15:00:00+00:00,2021-09-11 11:00:00-04:00,204,79.0,80.70778871528765,boost_5y_linear_aligned,True
2021-09-03 04:00:00+00:00,2021-09-11 16:00:00+00:00,2021-09-11 12:00:00-04:00,205,80.0,81.99690805867154,boost_5y_linear_aligned,True
2021-09-03 04:00:00+00:00,2021-09-11 17:00:00+00:00,2021-09-11 13:00:00-04:00,206,80.0,83.13380384582882,boost_5y_linear_aligned,True
2021-09-03 04:00:00+00:00,2021-09-11 18:00:00+00:00,2021-09-11 14:00:00-04:00,207,82.0,83.4517828381829,boost_5y_linear_aligned,True
2021-09-03 04:00:00+00:00,2021-09-11 19:00:00+00:00,2021-09-11 15:00:00-04:00,208,82.0,83.83429207836804,boost_5y_linear_aligned,True
2021-09-03 04:00:00+00:00,2021-09-11 20:00:00+00:00,2021-09-11 16:00:00-04:00,209,82.0,83.33511560763311,boost_5y_linear_aligned,True
2021-09-03 04:00:00+00:00,2021-09-11 21:00:00+00:00,2021-09-11 17:00:00-04:00,210,81.0,82.11324215108164,boost_5y_linear_aligned,True
2021-09-03 04:00:00+00:00,2021-09-11 22:00:00+00:00,2021-09-11 18:00:00-04:00,211,78.0,79.70017090037689,boost_5y_linear_aligned,True
2021-09-03 04:00:00+00:00,2021-09-11 23:00:00+00:00,2021-09-11 19:00:00-04:00,212,71.0,76.45313734092605,boost_5y_linear_aligned,True
2021-09-03 04:00:00+00:00,2021-09-12 00:00:00+00:00,2021-09-11 20:00:00-04:00,213,70.0,74.57280662119307,boost_5y_linear_aligned,True
2021-09-03 04:00:00+00:00,2021-09-12 01:00:00+00:00,2021-09-11 21:00:00-04:00,214,69.0,73.12402422056785,boost_5y_linear_aligned,True
2021-09-03 04:00:00+00:00,2021-09-12 02:00:00+00:00,2021-09-11 22:00:00-04:00,215,69.0,72.16067134179455,boost_5y_linear_aligned,True
2021-09-03 04:00:00+00:00,2021-09-12 03:00:00+00:00,2021-09-11 23:00:00-04:00,216,68.0,71.52982878986842,boost_5y_linear_aligned,True
2021-09-03 04:00:00+00:00,2021-09-12 04:00:00+00:00,2021-09-12 00:00:00-04:00,217,67.0,70.81637459734549,boost_5y_linear_aligned,True
2021-09-03 04:00:00+00:00,2021-09-12 05:00:00+00:00,2021-09-12 01:00:00-04:00,218,62.0,70.1411677322599,boost_5y_linear_aligned,True
2021-09-03 04:00:00+00:00,2021-09-12 06:00:00+00:00,2021-09-12 02:00:00-04:00,219,64.0,69.50389957264616,boost_5y_linear_aligned,True
2021-09-03 04:00:00+00:00,2021-09-12 07:00:00+00:00,2021-09-12 03:00:00-04:00,220,63.0,68.87415694055613,boost_5y_linear_aligned,True
2021-09-03 04:00:00+00:00,2021-09-12 08:00:00+00:00,2021-09-12 04:00:00-04:00,221,62.0,68.57356080264044,boost_5y_linear_aligned,True
2021-09-03 04:00:00+00:00,2021-09-12 09:00:00+00:00,2021-09-12 05:00:00-04:00,222,62.0,68.33432973095768,boost_5y_linear_aligned,True
2021-09-03 04:00:00+00:00,2021-09-12 10:00:00+00:00,2021-09-12 06:00:00-04:00,223,62.0,67.95978670920555,boost_5y_linear_aligned,True
2021-09-03 04:00:00+00:00,2021-09-12 11:00:00+00:00,2021-09-12 07:00:00-04:00,224,64.0,69.2177379897407,boost_5y_linear_aligned,True
2021-09-03 04:00:00+00:00,2021-09-12 12:00:00+00:00,2021-09-12 08:00:00-04:00,225,68.0,72.25697527929266,boost_5y_linear_aligned,True
2021-09-03 04:00:00+00:00,2021-09-12 13:00:00+00:00,2021-09-12 09:00:00-04:00,226,75.0,75.32931910746048,boost_5y_linear_aligned,True
2021-09-03 04:00:00+00:00,2021-09-12 14:00:00+00:00,2021-09-12 10:00:00-04:00,227,79.0,77.86301473958511,boost_5y_linear_aligned,True
2021-09-03 04:00:00+00:00,2021-09-12 15:00:00+00:00,2021-09-12 11:00:00-04:00,228,82.0,80.15179019836525,boost_5y_linear_aligned,True
2021-09-03 04:00:00+00:00,2021-09-12 16:00:00+00:00,2021-09-12 12:00:00-04:00,229,84.0,81.49245375857762,boost_5y_linear_aligned,True
2021-09-03 04:00:00+00:00,2021-09-12 17:00:00+00:00,2021-09-12 13:00:00-04:00,230,86.0,82.60210397154074,boost_5y_linear_aligned,True
2021-09-03 04:00:00+00:00,2021-09-12 18:00:00+00:00,2021-09-12 14:00:00-04:00,231,87.0,83.02255141901774,boost_5y_linear_aligned,True
2021-09-03 04:00:00+00:00,2021-09-12 19:00:00+00:00,2021-09-12 15:00:00-04:00,232,87.0,83.36737119658518,boost_5y_linear_aligned,True
2021-09-03 04:00:00+00:00,2021-09-12 20:00:00+00:00,2021-09-12 16:00:00-04:00,233,86.0,82.93148131281626,boost_5y_linear_aligned,True
2021-09-03 04:00:00+00:00,2021-09-12 21:00:00+00:00,2021-09-12 17:00:00-04:00,234,84.0,81.72006048753009,boost_5y_linear_aligned,True
2021-09-03 04:00:00+00:00,2021-09-12 22:00:00+00:00,2021-09-12 18:00:00-04:00,235,80.0,79.29095903140252,boost_5y_linear_aligned,True
2021-09-03 04:00:00+00:00,2021-09-12 23:00:00+00:00,2021-09-12 19:00:00-04:00,236,77.0,75.90856953325587,boost_5y_linear_aligned,True
2021-09-03 04:00:00+00:00,2021-09-13 00:00:00+00:00,2021-09-12 20:00:00-04:00,237,76.0,74.00078986002693,boost_5y_linear_aligned,True
2021-09-03 04:00:00+00:00,2021-09-13 01:00:00+00:00,2021-09-12 21:00:00-04:00,238,73.0,72.37397720799574,boost_5y_linear_aligned,True
2021-09-03 04:00:00+00:00,2021-09-13 02:00:00+00:00,2021-09-12 22:00:00-04:00,239,73.0,71.46115905444363,boost_5y_linear_aligned,True
2021-09-03 04:00:00+00:00,2021-09-13 03:00:00+00:00,2021-09-12 23:00:00-04:00,240,70.0,70.77425026305957,boost_5y_linear_aligned,True
2021-09-03 04:00:00+00:00,2021-09-13 04:00:00+00:00,2021-09-13 00:00:00-04:00,241,69.0,69.76441187846797,boost_5y_linear_aligned,True
2021-09-03 04:00:00+00:00,2021-09-13 05:00:00+00:00,2021-09-13 01:00:00-04:00,242,68.0,69.05859379436484,boost_5y_linear_aligned,True
2021-09-03 04:00:00+00:00,2021-09-13 06:00:00+00:00,2021-09-13 02:00:00-04:00,243,67.0,68.49684940356691,boost_5y_linear_aligned,True
2021-09-03 04:00:00+00:00,2021-09-13 07:00:00+00:00,2021-09-13 03:00:00-04:00,244,67.0,67.94850226552357,boost_5y_linear_aligned,True
2021-09-03 04:00:00+00:00,2021-09-13 08:00:00+00:00,2021-09-13 04:00:00-04:00,245,65.0,67.62302619164498,boost_5y_linear_aligned,True
2021-09-03 04:00:00+00:00,2021-09-13 09:00:00+00:00,2021-09-13 05:00:00-04:00,246,65.0,67.33306425560636,boost_5y_linear_aligned,True
2021-09-03 04:00:00+00:00,2021-09-13 10:00:00+00:00,2021-09-13 06:00:00-04:00,247,65.0,66.92705177210418,boost_5y_linear_aligned,True
2021-09-03 04:00:00+00:00,2021-09-13 11:00:00+00:00,2021-09-13 07:00:00-04:00,248,66.0,68.12051062517324,boost_5y_linear_aligned,True
2021-09-03 04:00:00+00:00,2021-09-13 12:00:00+00:00,2021-09-13 08:00:00-04:00,249,70.0,71.20948365561132,boost_5y_linear_aligned,True
2021-09-03 04:00:00+00:00,2021-09-13 13:00:00+00:00,2021-09-13 09:00:00-04:00,250,75.0,74.26194072700928,boost_5y_linear_aligned,True
2021-09-03 04:00:00+00:00,2021-09-13 14:00:00+00:00,2021-09-13 10:00:00-04:00,251,80.0,76.83307601178426,boost_5y_linear_aligned,True
2021-09-03 04:00:00+00:00,2021-09-13 15:00:00+00:00,2021-09-13 11:00:00-04:00,252,85.0,79.08277501575736,boost_5y_linear_aligned,True
2021-09-03 04:00:00+00:00,2021-09-13 16:00:00+00:00,2021-09-13 12:00:00-04:00,253,85.0,80.43107839485256,boost_5y_linear_aligned,True
2021-09-03 04:00:00+00:00,2021-09-13 17:00:00+00:00,2021-09-13 13:00:00-04:00,254,87.0,81.7288253869571,boost_5y_linear_aligned,True
2021-09-03 04:00:00+00:00,2021-09-13 18:00:00+00:00,2021-09-13 14:00:00-04:00,255,89.0,82.14652242098107,boost_5y_linear_aligned,True
2021-09-03 04:00:00+00:00,2021-09-13 19:00:00+00:00,2021-09-13 15:00:00-04:00,256,89.0,82.43283761589386,boost_5y_linear_aligned,True
2021-09-03 04:00:00+00:00,2021-09-13 20:00:00+00:00,2021-09-13 16:00:00-04:00,257,88.0,82.06867131194147,boost_5y_linear_aligned,True
2021-09-03 04:00:00+00:00,2021-09-13 21:00:00+00:00,2021-09-13 17:00:00-04:00,258,87.0,80.88331580248808,boost_5y_linear_aligned,True
2021-09-03 04:00:00+00:00,2021-09-13 22:00:00+00:00,2021-09-13 18:00:00-04:00,259,82.0,78.40461607879135,boost_5y_linear_aligned,True
2021-09-03 04:00:00+00:00,2021-09-13 23:00:00+00:00,2021-09-13 19:00:00-04:00,260,80.0,75.04325668260194,boost_5y_linear_aligned,True
2021-09-03 04:00:00+00:00,2021-09-14 00:00:00+00:00,2021-09-13 20:00:00-04:00,261,78.0,73.22332316083572,boost_5y_linear_aligned,True
2021-09-03 04:00:00+00:00,2021-09-14 01:00:00+00:00,2021-09-13 21:00:00-04:00,262,75.0,71.89985183286339,boost_5y_linear_aligned,True
2021-09-03 04:00:00+00:00,2021-09-14 02:00:00+00:00,2021-09-13 22:00:00-04:00,263,73.0,70.94726612853667,boost_5y_linear_aligned,True
2021-09-03 04:00:00+00:00,2021-09-14 03:00:00+00:00,2021-09-13 23:00:00-04:00,264,73.0,70.20091443270275,boost_5y_linear_aligned,True
2021-09-03 04:00:00+00:00,2021-09-14 04:00:00+00:00,2021-09-14 00:00:00-04:00,265,70.0,69.48093931241272,boost_5y_linear_aligned,True
2021-09-03 04:00:00+00:00,2021-09-14 05:00:00+00:00,2021-09-14 01:00:00-04:00,266,72.0,68.77459679896167,boost_5y_linear_aligned,True
2021-09-03 04:00:00+00:00,2021-09-14 06:00:00+00:00,2021-09-14 02:00:00-04:00,267,71.0,68.20351666821618,boost_5y_linear_aligned,True
2021-09-03 04:00:00+00:00,2021-09-14 07:00:00+00:00,2021-09-14 03:00:00-04:00,268,70.0,67.71001209250421,boost_5y_linear_aligned,True
2021-09-03 04:00:00+00:00,2021-09-14 08:00:00+00:00,2021-09-14 04:00:00-04:00,269,68.0,67.33598709987197,boost_5y_linear_aligned,True
2021-09-03 04:00:00+00:00,2021-09-14 09:00:00+00:00,2021-09-14 05:00:00-04:00,270,68.0,67.04142730657729,boost_5y_linear_aligned,True
2021-09-03 04:00:00+00:00,2021-09-14 10:00:00+00:00,2021-09-14 06:00:00-04:00,271,68.0,66.67899477989691,boost_5y_linear_aligned,True
2021-09-03 04:00:00+00:00,2021-09-14 11:00:00+00:00,2021-09-14 07:00:00-04:00,272,69.0,67.97623470121697,boost_5y_linear_aligned,True
2021-09-03 04:00:00+00:00,2021-09-14 12:00:00+00:00,2021-09-14 08:00:00-04:00,273,73.0,71.01032065321083,boost_5y_linear_aligned,True
2021-09-03 04:00:00+00:00,2021-09-14 13:00:00+00:00,2021-09-14 09:00:00-04:00,274,78.0,74.21469225895142,boost_5y_linear_aligned,True
2021-09-03 04:00:00+00:00,2021-09-14 14:00:00+00:00,2021-09-14 10:00:00-04:00,275,82.0,76.77812605009196,boost_5y_linear_aligned,True
2021-09-03 04:00:00+00:00,2021-09-14 15:00:00+00:00,2021-09-14 11:00:00-04:00,276,86.0,79.00924427686009,boost_5y_linear_aligned,True
2021-09-03 04:00:00+00:00,2021-09-14 16:00:00+00:00,2021-09-14 12:00:00-04:00,277,88.0,80.36916756131167,boost_5y_linear_aligned,True
2021-09-03 04:00:00+00:00,2021-09-14 17:00:00+00:00,2021-09-14 13:00:00-04:00,278,88.0,81.58242481573646,boost_5y_linear_aligned,True
2021-09-03 04:00:00+00:00,2021-09-14 18:00:00+00:00,2021-09-14 14:00:00-04:00,279,90.0,82.12901603485119,boost_5y_linear_aligned,True
2021-09-03 04:00:00+00:00,2021-09-14 19:00:00+00:00,2021-09-14 15:00:00-04:00,280,88.0,82.44331529792001,boost_5y_linear_aligned,True
2021-09-03 04:00:00+00:00,2021-09-14 20:00:00+00:00,2021-09-14 16:00:00-04:00,281,87.0,81.92630925487359,boost_5y_linear_aligned,True
2021-09-03 04:00:00+00:00,2021-09-14 21:00:00+00:00,2021-09-14 17:00:00-04:00,282,87.0,80.76876530708935,boost_5y_linear_aligned,True
2021-09-03 04:00:00+00:00,2021-09-14 22:00:00+00:00,2021-09-14 18:00:00-04:00,283,85.0,78.30045341790178,boost_5y_linear_aligned,True
2021-09-03 04:00:00+00:00,2021-09-14 23:00:00+00:00,2021-09-14 19:00:00-04:00,284,81.0,74.99510773051658,boost_5y_linear_aligned,True
2021-09-03 04:00:00+00:00,2021-09-15 00:00:00+00:00,2021-09-14 20:00:00-04:00,285,78.0,73.24082154435109,boost_5y_linear_aligned,True
2021-09-03 04:00:00+00:00,2021-09-15 01:00:00+00:00,2021-09-14 21:00:00-04:00,286,78.0,71.97190965933311,boost_5y_linear_aligned,True
2021-09-03 04:00:00+00:00,2021-09-15 02:00:00+00:00,2021-09-14 22:00:00-04:00,287,78.0,71.01125757739813,boost_5y_linear_aligned,True
2021-09-03 04:00:00+00:00,2021-09-15 03:00:00+00:00,2021-09-14 23:00:00-04:00,288,76.0,70.20770762578825,boost_5y_linear_aligned,True
2021-09-03 04:00:00+00:00,2021-09-15 04:00:00+00:00,2021-09-15 00:00:00-04:00,289,76.0,69.57315394765689,boost_5y_linear_aligned,True
2021-09-03 04:00:00+00:00,2021-09-15 05:00:00+00:00,2021-09-15 01:00:00-04:00,290,75.0,68.8455231193063,boost_5y_linear_aligned,True
2021-09-03 04:00:00+00:00,2021-09-15 06:00:00+00:00,2021-09-15 02:00:00-04:00,291,74.0,68.33091880108974,boost_5y_linear_aligned,True
2021-09-03 04:00:00+00:00,2021-09-15 07:00:00+00:00,2021-09-15 03:00:00-04:00,292,74.0,67.81518871030663,boost_5y_linear_aligned,True
2021-09-03 04:00:00+00:00,2021-09-15 08:00:00+00:00,2021-09-15 04:00:00-04:00,293,73.0,67.44197791685265,boost_5y_linear_aligned,True
2021-09-03 04:00:00+00:00,2021-09-15 09:00:00+00:00,2021-09-15 05:00:00-04:00,294,73.0,67.1648416794682,boost_5y_linear_aligned,True
2021-09-03 04:00:00+00:00,2021-09-15 10:00:00+00:00,2021-09-15 06:00:00-04:00,295,73.0,66.79641397723293,boost_5y_linear_aligned,True
2021-09-03 04:00:00+00:00,2021-09-15 11:00:00+00:00,2021-09-15 07:00:00-04:00,296,74.0,68.00121468898405,boost_5y_linear_aligned,True
2021-09-03 04:00:00+00:00,2021-09-15 12:00:00+00:00,2021-09-15 08:00:00-04:00,297,75.0,70.90263654464584,boost_5y_linear_aligned,True
2021-09-03 04:00:00+00:00,2021-09-15 13:00:00+00:00,2021-09-15 09:00:00-04:00,298,77.0,74.03249750251886,boost_5y_linear_aligned,True
2021-09-03 04:00:00+00:00,2021-09-15 14:00:00+00:00,2021-09-15 10:00:00-04:00,299,79.0,76.57732823263362,boost_5y_linear_aligned,True
2021-09-03 04:00:00+00:00,2021-09-15 15:00:00+00:00,2021-09-15 11:00:00-04:00,300,83.0,78.7637404479371,boost_5y_linear_aligned,True
2021-09-03 04:00:00+00:00,2021-09-15 16:00:00+00:00,2021-09-15 12:00:00-04:00,301,87.0,80.23015477485797,boost_5y_linear_aligned,True
2021-09-03 04:00:00+00:00,2021-09-15 17:00:00+00:00,2021-09-15 13:00:00-04:00,302,84.0,81.30990452920588,boost_5y_linear_aligned,True
2021-09-03 04:00:00+00:00,2021-09-15 18:00:00+00:00,2021-09-15 14:00:00-04:00,303,88.0,81.94965636026923,boost_5y_linear_aligned,True
2021-09-03 04:00:00+00:00,2021-09-15 19:00:00+00:00,2021-09-15 15:00:00-04:00,304,88.0,82.14941025081396,boost_5y_linear_aligned,True
2021-09-03 04:00:00+00:00,2021-09-15 20:00:00+00:00,2021-09-15 16:00:00-04:00,305,86.0,81.60986844377221,boost_5y_linear_aligned,True
2021-09-03 04:00:00+00:00,2021-09-15 21:00:00+00:00,2021-09-15 17:00:00-04:00,306,84.0,80.42526418699617,boost_5y_linear_aligned,True
2021-09-03 04:00:00+00:00,2021-09-15 22:00:00+00:00,2021-09-15 18:00:00-04:00,307,82.0,77.9584985096664,boost_5y_linear_aligned,True
2021-09-03 04:00:00+00:00,2021-09-15 23:00:00+00:00,2021-09-15 19:00:00-04:00,308,81.0,74.76735861988307,boost_5y_linear_aligned,True
2021-09-03 04:00:00+00:00,2021-09-16 00:00:00+00:00,2021-09-15 20:00:00-04:00,309,80.0,73.22068576996647,boost_5y_linear_aligned,True
2021-09-03 04:00:00+00:00,2021-09-16 01:00:00+00:00,2021-09-15 21:00:00-04:00,310,78.0,71.8223384073695,boost_5y_linear_aligned,True
2021-09-03 04:00:00+00:00,2021-09-16 02:00:00+00:00,2021-09-15 22:00:00-04:00,311,75.0,70.91559701022864,boost_5y_linear_aligned,True
2021-09-03 04:00:00+00:00,2021-09-16 03:00:00+00:00,2021-09-15 23:00:00-04:00,312,76.0,70.13981256105619,boost_5y_linear_aligned,True
2021-09-03 04:00:00+00:00,2021-09-16 04:00:00+00:00,2021-09-16 00:00:00-04:00,313,74.0,69.43737998468556,boost_5y_linear_aligned,True
2021-09-03 04:00:00+00:00,2021-09-16 05:00:00+00:00,2021-09-16 01:00:00-04:00,314,73.0,68.74406839409261,boost_5y_linear_aligned,True
2021-09-03 04:00:00+00:00,2021-09-16 06:00:00+00:00,2021-09-16 02:00:00-04:00,315,72.0,68.25082960155386,boost_5y_linear_aligned,True
2021-09-03 04:00:00+00:00,2021-09-16 07:00:00+00:00,2021-09-16 03:00:00-04:00,316,72.0,67.63041407383066,boost_5y_linear_aligned,True
2021-09-03 04:00:00+00:00,2021-09-16 08:00:00+00:00,2021-09-16 04:00:00-04:00,317,73.0,67.20645484230258,boost_5y_linear_aligned,True
2021-09-03 04:00:00+00:00,2021-09-16 09:00:00+00:00,2021-09-16 05:00:00-04:00,318,71.0,67.00465629778527,boost_5y_linear_aligned,True
2021-09-03 04:00:00+00:00,2021-09-16 10:00:00+00:00,2021-09-16 06:00:00-04:00,319,71.0,66.6316925361159,boost_5y_linear_aligned,True
2021-09-03 04:00:00+00:00,2021-09-16 11:00:00+00:00,2021-09-16 07:00:00-04:00,320,72.0,67.8363166560097,boost_5y_linear_aligned,True
2021-09-03 04:00:00+00:00,2021-09-16 12:00:00+00:00,2021-09-16 08:00:00-04:00,321,75.0,70.54098287381078,boost_5y_linear_aligned,True
2021-09-03 04:00:00+00:00,2021-09-16 13:00:00+00:00,2021-09-16 09:00:00-04:00,322,79.0,73.5565631818414,boost_5y_linear_aligned,True
2021-09-03 04:00:00+00:00,2021-09-16 14:00:00+00:00,2021-09-16 10:00:00-04:00,323,81.0,76.08239174518957,boost_5y_linear_aligned,True
2021-09-03 04:00:00+00:00,2021-09-16 15:00:00+00:00,2021-09-16 11:00:00-04:00,324,84.0,78.26959181062023,boost_5y_linear_aligned,True
2021-09-03 04:00:00+00:00,2021-09-16 16:00:00+00:00,2021-09-16 12:00:00-04:00,325,84.0,79.72345411619732,boost_5y_linear_aligned,True
2021-09-03 04:00:00+00:00,2021-09-16 17:00:00+00:00,2021-09-16 13:00:00-04:00,326,84.0,80.83924014316513,boost_5y_linear_aligned,True
2021-09-03 04:00:00+00:00,2021-09-16 18:00:00+00:00,2021-09-16 14:00:00-04:00,327,84.0,81.52013164444648,boost_5y_linear_aligned,True
2021-09-03 04:00:00+00:00,2021-09-16 19:00:00+00:00,2021-09-16 15:00:00-04:00,328,84.0,81.61434908075293,boost_5y_linear_aligned,True
2021-09-03 04:00:00+00:00,2021-09-16 20:00:00+00:00,2021-09-16 16:00:00-04:00,329,83.0,81.14601322866416,boost_5y_linear_aligned,True
2021-09-03 04:00:00+00:00,2021-09-16 21:00:00+00:00,2021-09-16 17:00:00-04:00,330,82.0,79.85822476669182,boost_5y_linear_aligned,True
2021-09-03 04:00:00+00:00,2021-09-16 22:00:00+00:00,2021-09-16 18:00:00-04:00,331,80.0,77.29929066843262,boost_5y_linear_aligned,True
2021-09-03 04:00:00+00:00,2021-09-16 23:00:00+00:00,2021-09-16 19:00:00-04:00,332,79.0,74.32214671130858,boost_5y_linear_aligned,True
2021-09-03 04:00:00+00:00,2021-09-17 00:00:00+00:00,2021-09-16 20:00:00-04:00,333,78.0,72.8165687240278,boost_5y_linear_aligned,True
2021-09-03 04:00:00+00:00,2021-09-17 01:00:00+00:00,2021-09-16 21:00:00-04:00,334,77.0,71.42987720724265,boost_5y_linear_aligned,True
2021-09-03 04:00:00+00:00,2021-09-17 02:00:00+00:00,2021-09-16 22:00:00-04:00,335,76.0,70.55278286790885,boost_5y_linear_aligned,True
2021-09-03 04:00:00+00:00,2021-09-17 03:00:00+00:00,2021-09-16 23:00:00-04:00,336,75.0,69.80522581146404,boost_5y_linear_aligned,True
2021-09-10 04:00:00+00:00,2021-09-10 04:00:00+00:00,2021-09-10 00:00:00-04:00,1,64.0,60.59339518586879,boost_5y_linear_aligned,True
2021-09-10 04:00:00+00:00,2021-09-10 05:00:00+00:00,2021-09-10 01:00:00-04:00,2,64.0,60.171382332518455,boost_5y_linear_aligned,True
2021-09-10 04:00:00+00:00,2021-09-10 06:00:00+00:00,2021-09-10 02:00:00-04:00,3,63.0,59.5669566182595,boost_5y_linear_aligned,True
2021-09-10 04:00:00+00:00,2021-09-10 07:00:00+00:00,2021-09-10 03:00:00-04:00,4,62.0,59.22699263405485,boost_5y_linear_aligned,True
2021-09-10 04:00:00+00:00,2021-09-10 08:00:00+00:00,2021-09-10 04:00:00-04:00,5,59.0,58.934949593622825,boost_5y_linear_aligned,True
2021-09-10 04:00:00+00:00,2021-09-10 09:00:00+00:00,2021-09-10 05:00:00-04:00,6,60.0,58.86842979489012,boost_5y_linear_aligned,True
2021-09-10 04:00:00+00:00,2021-09-10 10:00:00+00:00,2021-09-10 06:00:00-04:00,7,58.0,57.926754083265905,boost_5y_linear_aligned,True
2021-09-10 04:00:00+00:00,2021-09-10 11:00:00+00:00,2021-09-10 07:00:00-04:00,8,62.0,59.623158974061006,boost_5y_linear_aligned,True
2021-09-10 04:00:00+00:00,2021-09-10 12:00:00+00:00,2021-09-10 08:00:00-04:00,9,67.0,63.16411837051473,boost_5y_linear_aligned,True
2021-09-10 04:00:00+00:00,2021-09-10 13:00:00+00:00,2021-09-10 09:00:00-04:00,10,70.0,66.3457439238997,boost_5y_linear_aligned,True
2021-09-10 04:00:00+00:00,2021-09-10 14:00:00+00:00,2021-09-10 10:00:00-04:00,11,73.0,68.84295787265567,boost_5y_linear_aligned,True
2021-09-10 04:00:00+00:00,2021-09-10 15:00:00+00:00,2021-09-10 11:00:00-04:00,12,75.0,71.31177004156521,boost_5y_linear_aligned,True
2021-09-10 04:00:00+00:00,2021-09-10 16:00:00+00:00,2021-09-10 12:00:00-04:00,13,76.0,72.60188165079774,boost_5y_linear_aligned,True
2021-09-10 04:00:00+00:00,2021-09-10 17:00:00+00:00,2021-09-10 13:00:00-04:00,14,78.0,74.04064819321056,boost_5y_linear_aligned,True
2021-09-10 04:00:00+00:00,2021-09-10 18:00:00+00:00,2021-09-10 14:00:00-04:00,15,79.0,74.54770743135072,boost_5y_linear_aligned,True
2021-09-10 04:00:00+00:00,2021-09-10 19:00:00+00:00,2021-09-10 15:00:00-04:00,16,79.0,75.34380062997013,boost_5y_linear_aligned,True
2021-09-10 04:00:00+00:00,2021-09-10 20:00:00+00:00,2021-09-10 16:00:00-04:00,17,77.0,75.07907180728081,boost_5y_linear_aligned,True
2021-09-10 04:00:00+00:00,2021-09-10 21:00:00+00:00,2021-09-10 17:00:00-04:00,18,78.0,73.90268522682935,boost_5y_linear_aligned,True
2021-09-10 04:00:00+00:00,2021-09-10 22:00:00+00:00,2021-09-10 18:00:00-04:00,19,75.0,71.68452866304206,boost_5y_linear_aligned,True
2021-09-10 04:00:00+00:00,2021-09-10 23:00:00+00:00,2021-09-10 19:00:00-04:00,20,67.0,68.43880045113404,boost_5y_linear_aligned,True
2021-09-10 04:00:00+00:00,2021-09-11 00:00:00+00:00,2021-09-10 20:00:00-04:00,21,64.0,66.58742169196952,boost_5y_linear_aligned,True
2021-09-10 04:00:00+00:00,2021-09-11 01:00:00+00:00,2021-09-10 21:00:00-04:00,22,64.0,65.13789017989531,boost_5y_linear_aligned,True
2021-09-10 04:00:00+00:00,2021-09-11 02:00:00+00:00,2021-09-10 22:00:00-04:00,23,63.0,64.10674661883368,boost_5y_linear_aligned,True
2021-09-10 04:00:00+00:00,2021-09-11 03:00:00+00:00,2021-09-10 23:00:00-04:00,24,61.0,64.13324789741718,boost_5y_linear_aligned,True
2021-09-10 04:00:00+00:00,2021-09-11 04:00:00+00:00,2021-09-11 00:00:00-04:00,25,62.0,63.72723312902907,boost_5y_linear_aligned,True
2021-09-10 04:00:00+00:00,2021-09-11 05:00:00+00:00,2021-09-11 01:00:00-04:00,26,60.0,63.12230882171001,boost_5y_linear_aligned,True
2021-09-10 04:00:00+00:00,2021-09-11 06:00:00+00:00,2021-09-11 02:00:00-04:00,27,58.0,62.462944262514476,boost_5y_linear_aligned,True
2021-09-10 04:00:00+00:00,2021-09-11 07:00:00+00:00,2021-09-11 03:00:00-04:00,28,58.0,61.92630783025754,boost_5y_linear_aligned,True
2021-09-10 04:00:00+00:00,2021-09-11 08:00:00+00:00,2021-09-11 04:00:00-04:00,29,57.0,61.45630113409885,boost_5y_linear_aligned,True
2021-09-10 04:00:00+00:00,2021-09-11 09:00:00+00:00,2021-09-11 05:00:00-04:00,30,57.0,61.237406027466,boost_5y_linear_aligned,True
2021-09-10 04:00:00+00:00,2021-09-11 10:00:00+00:00,2021-09-11 06:00:00-04:00,31,57.0,60.9963723899503,boost_5y_linear_aligned,True
2021-09-10 04:00:00+00:00,2021-09-11 11:00:00+00:00,2021-09-11 07:00:00-04:00,32,60.0,62.50291700988552,boost_5y_linear_aligned,True
2021-09-10 04:00:00+00:00,2021-09-11 12:00:00+00:00,2021-09-11 08:00:00-04:00,33,66.0,65.58509501898321,boost_5y_linear_aligned,True
2021-09-10 04:00:00+00:00,2021-09-11 13:00:00+00:00,2021-09-11 09:00:00-04:00,34,68.0,68.69632685727885,boost_5y_linear_aligned,True
2021-09-10 04:00:00+00:00,2021-09-11 14:00:00+00:00,2021-09-11 10:00:00-04:00,35,75.0,71.02796250244594,boost_5y_linear_aligned,True
2021-09-10 04:00:00+00:00,2021-09-11 15:00:00+00:00,2021-09-11 11:00:00-04:00,36,79.0,73.33067363211644,boost_5y_linear_aligned,True
2021-09-10 04:00:00+00:00,2021-09-11 16:00:00+00:00,2021-09-11 12:00:00-04:00,37,80.0,74.61429226864617,boost_5y_linear_aligned,True
2021-09-10 04:00:00+00:00,2021-09-11 17:00:00+00:00,2021-09-11 13:00:00-04:00,38,80.0,75.91474515727717,boost_5y_linear_aligned,True
2021-09-10 04:00:00+00:00,2021-09-11 18:00:00+00:00,2021-09-11 14:00:00-04:00,39,82.0,76.39703671230238,boost_5y_linear_aligned,True
2021-09-10 04:00:00+00:00,2021-09-11 19:00:00+00:00,2021-09-11 15:00:00-04:00,40,82.0,76.84501050684803,boost_5y_linear_aligned,True
2021-09-10 04:00:00+00:00,2021-09-11 20:00:00+00:00,2021-09-11 16:00:00-04:00,41,82.0,76.37029552807023,boost_5y_linear_aligned,True
2021-09-10 04:00:00+00:00,2021-09-11 21:00:00+00:00,2021-09-11 17:00:00-04:00,42,81.0,75.35788327393593,boost_5y_linear_aligned,True
2021-09-10 04:00:00+00:00,2021-09-11 22:00:00+00:00,2021-09-11 18:00:00-04:00,43,78.0,73.19196581884277,boost_5y_linear_aligned,True
2021-09-10 04:00:00+00:00,2021-09-11 23:00:00+00:00,2021-09-11 19:00:00-04:00,44,71.0,69.98243808141996,boost_5y_linear_aligned,True
2021-09-10 04:00:00+00:00,2021-09-12 00:00:00+00:00,2021-09-11 20:00:00-04:00,45,70.0,68.17667703274749,boost_5y_linear_aligned,True
2021-09-10 04:00:00+00:00,2021-09-12 01:00:00+00:00,2021-09-11 21:00:00-04:00,46,69.0,66.7657679158507,boost_5y_linear_aligned,True
2021-09-10 04:00:00+00:00,2021-09-12 02:00:00+00:00,2021-09-11 22:00:00-04:00,47,69.0,65.8409423803552,boost_5y_linear_aligned,True
2021-09-10 04:00:00+00:00,2021-09-12 03:00:00+00:00,2021-09-11 23:00:00-04:00,48,68.0,65.25299977133331,boost_5y_linear_aligned,True
2021-09-10 04:00:00+00:00,2021-09-12 04:00:00+00:00,2021-09-12 00:00:00-04:00,49,67.0,65.27836229850759,boost_5y_linear_aligned,True
2021-09-10 04:00:00+00:00,2021-09-12 05:00:00+00:00,2021-09-12 01:00:00-04:00,50,62.0,64.6325059525489,boost_5y_linear_aligned,True
2021-09-10 04:00:00+00:00,2021-09-12 06:00:00+00:00,2021-09-12 02:00:00-04:00,51,64.0,64.18790813637841,boost_5y_linear_aligned,True
2021-09-10 04:00:00+00:00,2021-09-12 07:00:00+00:00,2021-09-12 03:00:00-04:00,52,63.0,63.69702851493013,boost_5y_linear_aligned,True
2021-09-10 04:00:00+00:00,2021-09-12 08:00:00+00:00,2021-09-12 04:00:00-04:00,53,62.0,63.19976607920937,boost_5y_linear_aligned,True
2021-09-10 04:00:00+00:00,2021-09-12 09:00:00+00:00,2021-09-12 05:00:00-04:00,54,62.0,62.98637692834191,boost_5y_linear_aligned,True
2021-09-10 04:00:00+00:00,2021-09-12 10:00:00+00:00,2021-09-12 06:00:00-04:00,55,62.0,62.82539325158969,boost_5y_linear_aligned,True
2021-09-10 04:00:00+00:00,2021-09-12 11:00:00+00:00,2021-09-12 07:00:00-04:00,56,64.0,64.28897110808352,boost_5y_linear_aligned,True
2021-09-10 04:00:00+00:00,2021-09-12 12:00:00+00:00,2021-09-12 08:00:00-04:00,57,68.0,67.21939772664888,boost_5y_linear_aligned,True
2021-09-10 04:00:00+00:00,2021-09-12 13:00:00+00:00,2021-09-12 09:00:00-04:00,58,75.0,70.1146203478492,boost_5y_linear_aligned,True
2021-09-10 04:00:00+00:00,2021-09-12 14:00:00+00:00,2021-09-12 10:00:00-04:00,59,79.0,72.54232686196299,boost_5y_linear_aligned,True
2021-09-10 04:00:00+00:00,2021-09-12 15:00:00+00:00,2021-09-12 11:00:00-04:00,60,82.0,74.80410458722062,boost_5y_linear_aligned,True
2021-09-10 04:00:00+00:00,2021-09-12 16:00:00+00:00,2021-09-12 12:00:00-04:00,61,84.0,76.12573678589281,boost_5y_linear_aligned,True
2021-09-10 04:00:00+00:00,2021-09-12 17:00:00+00:00,2021-09-12 13:00:00-04:00,62,86.0,77.32543327002413,boost_5y_linear_aligned,True
2021-09-10 04:00:00+00:00,2021-09-12 18:00:00+00:00,2021-09-12 14:00:00-04:00,63,87.0,77.9113387806374,boost_5y_linear_aligned,True
2021-09-10 04:00:00+00:00,2021-09-12 19:00:00+00:00,2021-09-12 15:00:00-04:00,64,87.0,78.29976078638096,boost_5y_linear_aligned,True
2021-09-10 04:00:00+00:00,2021-09-12 20:00:00+00:00,2021-09-12 16:00:00-04:00,65,86.0,77.86478217453359,boost_5y_linear_aligned,True
2021-09-10 04:00:00+00:00,2021-09-12 21:00:00+00:00,2021-09-12 17:00:00-04:00,66,84.0,76.72923819337831,boost_5y_linear_aligned,True
2021-09-10 04:00:00+00:00,2021-09-12 22:00:00+00:00,2021-09-12 18:00:00-04:00,67,80.0,74.45442990848008,boost_5y_linear_aligned,True
2021-09-10 04:00:00+00:00,2021-09-12 23:00:00+00:00,2021-09-12 19:00:00-04:00,68,77.0,71.12681242918728,boost_5y_linear_aligned,True
2021-09-10 04:00:00+00:00,2021-09-13 00:00:00+00:00,2021-09-12 20:00:00-04:00,69,76.0,69.26947748598319,boost_5y_linear_aligned,True
2021-09-10 04:00:00+00:00,2021-09-13 01:00:00+00:00,2021-09-12 21:00:00-04:00,70,73.0,67.84501375015815,boost_5y_linear_aligned,True
2021-09-10 04:00:00+00:00,2021-09-13 02:00:00+00:00,2021-09-12 22:00:00-04:00,71,73.0,66.92025959506374,boost_5y_linear_aligned,True
2021-09-10 04:00:00+00:00,2021-09-13 03:00:00+00:00,2021-09-12 23:00:00-04:00,72,70.0,66.28436959666905,boost_5y_linear_aligned,True
2021-09-10 04:00:00+00:00,2021-09-13 04:00:00+00:00,2021-09-13 00:00:00-04:00,73,69.0,65.39059888042138,boost_5y_linear_aligned,True
2021-09-10 04:00:00+00:00,2021-09-13 05:00:00+00:00,2021-09-13 01:00:00-04:00,74,68.0,64.73954961753954,boost_5y_linear_aligned,True
2021-09-10 04:00:00+00:00,2021-09-13 06:00:00+00:00,2021-09-13 02:00:00-04:00,75,67.0,64.1692649236516,boost_5y_linear_aligned,True
2021-09-10 04:00:00+00:00,2021-09-13 07:00:00+00:00,2021-09-13 03:00:00-04:00,76,67.0,63.621240796916815,boost_5y_linear_aligned,True
2021-09-10 04:00:00+00:00,2021-09-13 08:00:00+00:00,2021-09-13 04:00:00-04:00,77,65.0,65.06491027565923,boost_5y_linear_aligned,True
2021-09-10 04:00:00+00:00,2021-09-13 09:00:00+00:00,2021-09-13 05:00:00-04:00,78,65.0,64.86102470175035,boost_5y_linear_aligned,True
2021-09-10 04:00:00+00:00,2021-09-13 10:00:00+00:00,2021-09-13 06:00:00-04:00,79,65.0,64.59387715183422,boost_5y_linear_aligned,True
2021-09-10 04:00:00+00:00,2021-09-13 11:00:00+00:00,2021-09-13 07:00:00-04:00,80,66.0,65.93774499433805,boost_5y_linear_aligned,True
2021-09-10 04:00:00+00:00,2021-09-13 12:00:00+00:00,2021-09-13 08:00:00-04:00,81,70.0,68.89065581838857,boost_5y_linear_aligned,True
2021-09-10 04:00:00+00:00,2021-09-13 13:00:00+00:00,2021-09-13 09:00:00-04:00,82,75.0,71.84339669825981,boost_5y_linear_aligned,True
2021-09-10 04:00:00+00:00,2021-09-13 14:00:00+00:00,2021-09-13 10:00:00-04:00,83,80.0,74.19310573130197,boost_5y_linear_aligned,True
2021-09-10 04:00:00+00:00,2021-09-13 15:00:00+00:00,2021-09-13 11:00:00-04:00,84,85.0,76.35745856104207,boost_5y_linear_aligned,True
2021-09-10 04:00:00+00:00,2021-09-13 16:00:00+00:00,2021-09-13 12:00:00-04:00,85,85.0,77.4920551375488,boost_5y_linear_aligned,True
2021-09-10 04:00:00+00:00,2021-09-13 17:00:00+00:00,2021-09-13 13:00:00-04:00,86,87.0,78.72953263303262,boost_5y_linear_aligned,True
2021-09-10 04:00:00+00:00,2021-09-13 18:00:00+00:00,2021-09-13 14:00:00-04:00,87,89.0,79.25061747116546,boost_5y_linear_aligned,True
2021-09-10 04:00:00+00:00,2021-09-13 19:00:00+00:00,2021-09-13 15:00:00-04:00,88,89.0,79.67377249736157,boost_5y_linear_aligned,True
2021-09-10 04:00:00+00:00,2021-09-13 20:00:00+00:00,2021-09-13 16:00:00-04:00,89,88.0,79.23820961475488,boost_5y_linear_aligned,True
2021-09-10 04:00:00+00:00,2021-09-13 21:00:00+00:00,2021-09-13 17:00:00-04:00,90,87.0,78.1101252177307,boost_5y_linear_aligned,True
2021-09-10 04:00:00+00:00,2021-09-13 22:00:00+00:00,2021-09-13 18:00:00-04:00,91,82.0,75.81391139905439,boost_5y_linear_aligned,True
2021-09-10 04:00:00+00:00,2021-09-13 23:00:00+00:00,2021-09-13 19:00:00-04:00,92,80.0,71.86841342065104,boost_5y_linear_aligned,True
2021-09-10 04:00:00+00:00,2021-09-14 00:00:00+00:00,2021-09-13 20:00:00-04:00,93,78.0,70.07379883107414,boost_5y_linear_aligned,True
2021-09-10 04:00:00+00:00,2021-09-14 01:00:00+00:00,2021-09-13 21:00:00-04:00,94,75.0,68.76035682511106,boost_5y_linear_aligned,True
2021-09-10 04:00:00+00:00,2021-09-14 02:00:00+00:00,2021-09-13 22:00:00-04:00,95,73.0,67.8110773161367,boost_5y_linear_aligned,True
2021-09-10 04:00:00+00:00,2021-09-14 03:00:00+00:00,2021-09-13 23:00:00-04:00,96,73.0,67.06526215107125,boost_5y_linear_aligned,True
2021-09-10 04:00:00+00:00,2021-09-14 04:00:00+00:00,2021-09-14 00:00:00-04:00,97,70.0,66.51335113670726,boost_5y_linear_aligned,True
2021-09-10 04:00:00+00:00,2021-09-14 05:00:00+00:00,2021-09-14 01:00:00-04:00,98,72.0,66.60963357227621,boost_5y_linear_aligned,True
2021-09-10 04:00:00+00:00,2021-09-14 06:00:00+00:00,2021-09-14 02:00:00-04:00,99,71.0,66.03353019282231,boost_5y_linear_aligned,True
2021-09-10 04:00:00+00:00,2021-09-14 07:00:00+00:00,2021-09-14 03:00:00-04:00,100,70.0,65.4065723507677,boost_5y_linear_aligned,True
2021-09-10 04:00:00+00:00,2021-09-14 08:00:00+00:00,2021-09-14 04:00:00-04:00,101,68.0,65.08065341118396,boost_5y_linear_aligned,True
2021-09-10 04:00:00+00:00,2021-09-14 09:00:00+00:00,2021-09-14 05:00:00-04:00,102,68.0,64.79686283424674,boost_5y_linear_aligned,True
2021-09-10 04:00:00+00:00,2021-09-14 10:00:00+00:00,2021-09-14 06:00:00-04:00,103,68.0,64.71889437134776,boost_5y_linear_aligned,True
2021-09-10 04:00:00+00:00,2021-09-14 11:00:00+00:00,2021-09-14 07:00:00-04:00,104,69.0,66.74092344502077,boost_5y_linear_aligned,True
2021-09-10 04:00:00+00:00,2021-09-14 12:00:00+00:00,2021-09-14 08:00:00-04:00,105,73.0,69.82015418768336,boost_5y_linear_aligned,True
2021-09-10 04:00:00+00:00,2021-09-14 13:00:00+00:00,2021-09-14 09:00:00-04:00,106,78.0,72.8564116863677,boost_5y_linear_aligned,True
2021-09-10 04:00:00+00:00,2021-09-14 14:00:00+00:00,2021-09-14 10:00:00-04:00,107,82.0,75.17273782506845,boost_5y_linear_aligned,True
2021-09-10 04:00:00+00:00,2021-09-14 15:00:00+00:00,2021-09-14 11:00:00-04:00,108,86.0,77.35086526305913,boost_5y_linear_aligned,True
2021-09-10 04:00:00+00:00,2021-09-14 16:00:00+00:00,2021-09-14 12:00:00-04:00,109,88.0,78.68427734150755,boost_5y_linear_aligned,True
2021-09-10 04:00:00+00:00,2021-09-14 17:00:00+00:00,2021-09-14 13:00:00-04:00,110,88.0,79.93515383953297,boost_5y_linear_aligned,True
2021-09-10 04:00:00+00:00,2021-09-14 18:00:00+00:00,2021-09-14 14:00:00-04:00,111,90.0,80.57901367664438,boost_5y_linear_aligned,True
2021-09-10 04:00:00+00:00,2021-09-14 19:00:00+00:00,2021-09-14 15:00:00-04:00,112,88.0,80.97955786676403,boost_5y_linear_aligned,True
2021-09-10 04:00:00+00:00,2021-09-14 20:00:00+00:00,2021-09-14 16:00:00-04:00,113,87.0,80.38003025399266,boost_5y_linear_aligned,True
2021-09-10 04:00:00+00:00,2021-09-14 21:00:00+00:00,2021-09-14 17:00:00-04:00,114,87.0,79.25340440717447,boost_5y_linear_aligned,True
2021-09-10 04:00:00+00:00,2021-09-14 22:00:00+00:00,2021-09-14 18:00:00-04:00,115,85.0,76.60318085173343,boost_5y_linear_aligned,True
2021-09-10 04:00:00+00:00,2021-09-14 23:00:00+00:00,2021-09-14 19:00:00-04:00,116,81.0,73.22760077054079,boost_5y_linear_aligned,True
2021-09-10 04:00:00+00:00,2021-09-15 00:00:00+00:00,2021-09-14 20:00:00-04:00,117,78.0,71.45919791944635,boost_5y_linear_aligned,True
2021-09-10 04:00:00+00:00,2021-09-15 01:00:00+00:00,2021-09-14 21:00:00-04:00,118,78.0,70.0359023159068,boost_5y_linear_aligned,True
2021-09-10 04:00:00+00:00,2021-09-15 02:00:00+00:00,2021-09-14 22:00:00-04:00,119,78.0,69.47912974315214,boost_5y_linear_aligned,True
2021-09-10 04:00:00+00:00,2021-09-15 03:00:00+00:00,2021-09-14 23:00:00-04:00,120,76.0,68.69097721753452,boost_5y_linear_aligned,True
2021-09-10 04:00:00+00:00,2021-09-15 04:00:00+00:00,2021-09-15 00:00:00-04:00,121,76.0,68.3622082615923,boost_5y_linear_aligned,True
2021-09-10 04:00:00+00:00,2021-09-15 05:00:00+00:00,2021-09-15 01:00:00-04:00,122,75.0,67.63202687063261,boost_5y_linear_aligned,True
2021-09-10 04:00:00+00:00,2021-09-15 06:00:00+00:00,2021-09-15 02:00:00-04:00,123,74.0,67.14113638542972,boost_5y_linear_aligned,True
2021-09-10 04:00:00+00:00,2021-09-15 07:00:00+00:00,2021-09-15 03:00:00-04:00,124,74.0,66.35002303596067,boost_5y_linear_aligned,True
2021-09-10 04:00:00+00:00,2021-09-15 08:00:00+00:00,2021-09-15 04:00:00-04:00,125,73.0,65.99722211798085,boost_5y_linear_aligned,True
2021-09-10 04:00:00+00:00,2021-09-15 09:00:00+00:00,2021-09-15 05:00:00-04:00,126,73.0,65.75826009924207,boost_5y_linear_aligned,True
2021-09-10 04:00:00+00:00,2021-09-15 10:00:00+00:00,2021-09-15 06:00:00-04:00,127,73.0,65.53184810413688,boost_5y_linear_aligned,True
2021-09-10 04:00:00+00:00,2021-09-15 11:00:00+00:00,2021-09-15 07:00:00-04:00,128,74.0,66.61647548458278,boost_5y_linear_aligned,True
2021-09-10 04:00:00+00:00,2021-09-15 12:00:00+00:00,2021-09-15 08:00:00-04:00,129,75.0,69.58950578803162,boost_5y_linear_aligned,True
2021-09-10 04:00:00+00:00,2021-09-15 13:00:00+00:00,2021-09-15 09:00:00-04:00,130,77.0,72.59930460693212,boost_5y_linear_aligned,True
2021-09-10 04:00:00+00:00,2021-09-15 14:00:00+00:00,2021-09-15 10:00:00-04:00,131,79.0,74.95969286128683,boost_5y_linear_aligned,True
2021-09-10 04:00:00+00:00,2021-09-15 15:00:00+00:00,2021-09-15 11:00:00-04:00,132,83.0,77.11125202377588,boost_5y_linear_aligned,True
2021-09-10 04:00:00+00:00,2021-09-15 16:00:00+00:00,2021-09-15 12:00:00-04:00,133,87.0,78.54165981568403,boost_5y_linear_aligned,True
2021-09-10 04:00:00+00:00,2021-09-15 17:00:00+00:00,2021-09-15 13:00:00-04:00,134,84.0,79.64532884196136,boost_5y_linear_aligned,True
2021-09-10 04:00:00+00:00,2021-09-15 18:00:00+00:00,2021-09-15 14:00:00-04:00,135,88.0,80.3570306702938,boost_5y_linear_aligned,True
2021-09-10 04:00:00+00:00,2021-09-15 19:00:00+00:00,2021-09-15 15:00:00-04:00,136,88.0,80.56865781751611,boost_5y_linear_aligned,True
2021-09-10 04:00:00+00:00,2021-09-15 20:00:00+00:00,2021-09-15 16:00:00-04:00,137,86.0,80.00507413191507,boost_5y_linear_aligned,True
2021-09-10 04:00:00+00:00,2021-09-15 21:00:00+00:00,2021-09-15 17:00:00-04:00,138,84.0,78.88576500644128,boost_5y_linear_aligned,True
2021-09-10 04:00:00+00:00,2021-09-15 22:00:00+00:00,2021-09-15 18:00:00-04:00,139,82.0,76.52584865917878,boost_5y_linear_aligned,True
2021-09-10 04:00:00+00:00,2021-09-15 23:00:00+00:00,2021-09-15 19:00:00-04:00,140,81.0,73.39732156601899,boost_5y_linear_aligned,True
2021-09-10 04:00:00+00:00,2021-09-16 00:00:00+00:00,2021-09-15 20:00:00-04:00,141,80.0,71.85140901535534,boost_5y_linear_aligned,True
2021-09-10 04:00:00+00:00,2021-09-16 01:00:00+00:00,2021-09-15 21:00:00-04:00,142,78.0,70.45407754938624,boost_5y_linear_aligned,True
2021-09-10 04:00:00+00:00,2021-09-16 02:00:00+00:00,2021-09-15 22:00:00-04:00,143,75.0,69.57019259367001,boost_5y_linear_aligned,True
2021-09-10 04:00:00+00:00,2021-09-16 03:00:00+00:00,2021-09-15 23:00:00-04:00,144,76.0,68.80838862858613,boost_5y_linear_aligned,True
2021-09-10 04:00:00+00:00,2021-09-16 04:00:00+00:00,2021-09-16 00:00:00-04:00,145,74.0,68.28353972408934,boost_5y_linear_aligned,True
2021-09-10 04:00:00+00:00,2021-09-16 05:00:00+00:00,2021-09-16 01:00:00-04:00,146,73.0,67.60332413580568,boost_5y_linear_aligned,True
2021-09-10 04:00:00+00:00,2021-09-16 06:00:00+00:00,2021-09-16 02:00:00-04:00,147,72.0,67.06777529751129,boost_5y_linear_aligned,True
2021-09-10 04:00:00+00:00,2021-09-16 07:00:00+00:00,2021-09-16 03:00:00-04:00,148,72.0,66.39600220425854,boost_5y_linear_aligned,True
2021-09-10 04:00:00+00:00,2021-09-16 08:00:00+00:00,2021-09-16 04:00:00-04:00,149,73.0,65.98646932936194,boost_5y_linear_aligned,True
2021-09-10 04:00:00+00:00,2021-09-16 09:00:00+00:00,2021-09-16 05:00:00-04:00,150,71.0,65.76616962627311,boost_5y_linear_aligned,True
2021-09-10 04:00:00+00:00,2021-09-16 10:00:00+00:00,2021-09-16 06:00:00-04:00,151,71.0,65.45279885616078,boost_5y_linear_aligned,True
2021-09-10 04:00:00+00:00,2021-09-16 11:00:00+00:00,2021-09-16 07:00:00-04:00,152,72.0,66.63837412359328,boost_5y_linear_aligned,True
2021-09-10 04:00:00+00:00,2021-09-16 12:00:00+00:00,2021-09-16 08:00:00-04:00,153,75.0,69.48155932172462,boost_5y_linear_aligned,True
2021-09-10 04:00:00+00:00,2021-09-16 13:00:00+00:00,2021-09-16 09:00:00-04:00,154,79.0,72.45182504405426,boost_5y_linear_aligned,True
2021-09-10 04:00:00+00:00,2021-09-16 14:00:00+00:00,2021-09-16 10:00:00-04:00,155,81.0,74.86481099639873,boost_5y_linear_aligned,True
2021-09-10 04:00:00+00:00,2021-09-16 15:00:00+00:00,2021-09-16 11:00:00-04:00,156,84.0,77.0591571720285,boost_5y_linear_aligned,True
2021-09-10 04:00:00+00:00,2021-09-16 16:00:00+00:00,2021-09-16 12:00:00-04:00,157,84.0,78.42484924263202,boost_5y_linear_aligned,True
2021-09-10 04:00:00+00:00,2021-09-16 17:00:00+00:00,2021-09-16 13:00:00-04:00,158,84.0,79.56744885824874,boost_5y_linear_aligned,True
2021-09-10 04:00:00+00:00,2021-09-16 18:00:00+00:00,2021-09-16 14:00:00-04:00,159,84.0,80.30458112292094,boost_5y_linear_aligned,True
2021-09-10 04:00:00+00:00,2021-09-16 19:00:00+00:00,2021-09-16 15:00:00-04:00,160,84.0,80.37948979395976,boost_5y_linear_aligned,True
2021-09-10 04:00:00+00:00,2021-09-16 20:00:00+00:00,2021-09-16 16:00:00-04:00,161,83.0,79.95433754332916,boost_5y_linear_aligned,True
2021-09-10 04:00:00+00:00,2021-09-16 21:00:00+00:00,2021-09-16 17:00:00-04:00,162,82.0,78.68299045003762,boost_5y_linear_aligned,True
2021-09-10 04:00:00+00:00,2021-09-16 22:00:00+00:00,2021-09-16 18:00:00-04:00,163,80.0,76.19599780517963,boost_5y_linear_aligned,True
2021-09-10 04:00:00+00:00,2021-09-16 23:00:00+00:00,2021-09-16 19:00:00-04:00,164,79.0,73.25780172518294,boost_5y_linear_aligned,True
2021-09-10 04:00:00+00:00,2021-09-17 00:00:00+00:00,2021-09-16 20:00:00-04:00,165,78.0,71.7649703137162,boost_5y_linear_aligned,True
2021-09-10 04:00:00+00:00,2021-09-17 01:00:00+00:00,2021-09-16 21:00:00-04:00,166,77.0,70.36667400682562,boost_5y_linear_aligned,True
2021-09-10 04:00:00+00:00,2021-09-17 02:00:00+00:00,2021-09-16 22:00:00-04:00,167,76.0,69.50929334857173,boost_5y_linear_aligned,True
2021-09-10 04:00:00+00:00,2021-09-17 03:00:00+00:00,2021-09-16 23:00:00-04:00,168,75.0,68.75952458476112,boost_5y_linear_aligned,True
2021-09-10 04:00:00+00:00,2021-09-17 04:00:00+00:00,2021-09-17 00:00:00-04:00,169,74.0,68.38807620802041,boost_5y_linear_aligned,True
2021-09-10 04:00:00+00:00,2021-09-17 05:00:00+00:00,2021-09-17 01:00:00-04:00,170,74.0,67.74988083677914,boost_5y_linear_aligned,True
2021-09-10 04:00:00+00:00,2021-09-17 06:00:00+00:00,2021-09-17 02:00:00-04:00,171,74.0,67.12395148933514,boost_5y_linear_aligned,True
2021-09-10 04:00:00+00:00,2021-09-17 07:00:00+00:00,2021-09-17 03:00:00-04:00,172,74.0,66.51609375245359,boost_5y_linear_aligned,True
2021-09-10 04:00:00+00:00,2021-09-17 08:00:00+00:00,2021-09-17 04:00:00-04:00,173,73.0,66.08986478570388,boost_5y_linear_aligned,True
2021-09-10 04:00:00+00:00,2021-09-17 09:00:00+00:00,2021-09-17 05:00:00-04:00,174,73.0,65.83506292968084,boost_5y_linear_aligned,True
2021-09-10 04:00:00+00:00,2021-09-17 10:00:00+00:00,2021-09-17 06:00:00-04:00,175,72.0,65.54929043244292,boost_5y_linear_aligned,True
2021-09-10 04:00:00+00:00,2021-09-17 11:00:00+00:00,2021-09-17 07:00:00-04:00,176,73.0,66.70563891580964,boost_5y_linear_aligned,True
2021-09-10 04:00:00+00:00,2021-09-17 12:00:00+00:00,2021-09-17 08:00:00-04:00,177,74.0,69.52124381313266,boost_5y_linear_aligned,True
2021-09-10 04:00:00+00:00,2021-09-17 13:00:00+00:00,2021-09-17 09:00:00-04:00,178,75.0,72.52717582831444,boost_5y_linear_aligned,True
2021-09-10 04:00:00+00:00,2021-09-17 14:00:00+00:00,2021-09-17 10:00:00-04:00,179,77.0,74.98055662542163,boost_5y_linear_aligned,True
2021-09-10 04:00:00+00:00,2021-09-17 15:00:00+00:00,2021-09-17 11:00:00-04:00,180,78.0,77.1631223376172,boost_5y_linear_aligned,True
2021-09-10 04:00:00+00:00,2021-09-17 16:00:00+00:00,2021-09-17 12:00:00-04:00,181,79.0,78.56362343633631,boost_5y_linear_aligned,True
2021-09-10 04:00:00+00:00,2021-09-17 17:00:00+00:00,2021-09-17 13:00:00-04:00,182,82.0,79.78682535477571,boost_5y_linear_aligned,True
2021-09-10 04:00:00+00:00,2021-09-17 18:00:00+00:00,2021-09-17 14:00:00-04:00,183,75.0,80.50996930091664,boost_5y_linear_aligned,True
2021-09-10 04:00:00+00:00,2021-09-17 19:00:00+00:00,2021-09-17 15:00:00-04:00,184,81.0,80.53035305315154,boost_5y_linear_aligned,True
2021-09-10 04:00:00+00:00,2021-09-17 20:00:00+00:00,2021-09-17 16:00:00-04:00,185,82.0,80.03881827233624,boost_5y_linear_aligned,True
2021-09-10 04:00:00+00:00,2021-09-17 21:00:00+00:00,2021-09-17 17:00:00-04:00,186,81.0,78.90205695557033,boost_5y_linear_aligned,True
2021-09-10 04:00:00+00:00,2021-09-17 22:00:00+00:00,2021-09-17 18:00:00-04:00,187,79.0,76.31455526450739,boost_5y_linear_aligned,True
2021-09-10 04:00:00+00:00,2021-09-17 23:00:00+00:00,2021-09-17 19:00:00-04:00,188,76.0,73.30064483470889,boost_5y_linear_aligned,True
2021-09-10 04:00:00+00:00,2021-09-18 00:00:00+00:00,2021-09-17 20:00:00-04:00,189,74.0,71.76759020843761,boost_5y_linear_aligned,True
2021-09-10 04:00:00+00:00,2021-09-18 01:00:00+00:00,2021-09-17 21:00:00-04:00,190,75.0,70.3425815668626,boost_5y_linear_aligned,True
2021-09-10 04:00:00+00:00,2021-09-18 02:00:00+00:00,2021-09-17 22:00:00-04:00,191,74.0,69.47242027122542,boost_5y_linear_aligned,True
2021-09-10 04:00:00+00:00,2021-09-18 03:00:00+00:00,2021-09-17 23:00:00-04:00,192,74.0,68.80381429798616,boost_5y_linear_aligned,True
2021-09-10 04:00:00+00:00,2021-09-18 04:00:00+00:00,2021-09-18 00:00:00-04:00,193,73.0,68.21890499990779,boost_5y_linear_aligned,True
2021-09-10 04:00:00+00:00,2021-09-18 05:00:00+00:00,2021-09-18 01:00:00-04:00,194,72.0,67.5066042224811,boost_5y_linear_aligned,True
2021-09-10 04:00:00+00:00,2021-09-18 06:00:00+00:00,2021-09-18 02:00:00-04:00,195,72.0,66.93495808579593,boost_5y_linear_aligned,True
2021-09-10 04:00:00+00:00,2021-09-18 07:00:00+00:00,2021-09-18 03:00:00-04:00,196,71.0,66.3569498743049,boost_5y_linear_aligned,True
2021-09-10 04:00:00+00:00,2021-09-18 08:00:00+00:00,2021-09-18 04:00:00-04:00,197,71.0,65.93496716495592,boost_5y_linear_aligned,True
2021-09-10 04:00:00+00:00,2021-09-18 09:00:00+00:00,2021-09-18 05:00:00-04:00,198,71.0,65.62983705170626,boost_5y_linear_aligned,True
2021-09-10 04:00:00+00:00,2021-09-18 10:00:00+00:00,2021-09-18 06:00:00-04:00,199,71.0,65.39025554173175,boost_5y_linear_aligned,True
2021-09-10 04:00:00+00:00,2021-09-18 11:00:00+00:00,2021-09-18 07:00:00-04:00,200,72.0,66.5207632380685,boost_5y_linear_aligned,True
2021-09-10 04:00:00+00:00,2021-09-18 12:00:00+00:00,2021-09-18 08:00:00-04:00,201,76.0,69.42073540808326,boost_5y_linear_aligned,True
2021-09-10 04:00:00+00:00,2021-09-18 13:00:00+00:00,2021-09-18 09:00:00-04:00,202,78.0,72.50743126044395,boost_5y_linear_aligned,True
2021-09-10 04:00:00+00:00,2021-09-18 14:00:00+00:00,2021-09-18 10:00:00-04:00,203,79.0,75.14131897752411,boost_5y_linear_aligned,True
2021-09-10 04:00:00+00:00,2021-09-18 15:00:00+00:00,2021-09-18 11:00:00-04:00,204,83.0,77.40336436055387,boost_5y_linear_aligned,True
2021-09-10 04:00:00+00:00,2021-09-18 16:00:00+00:00,2021-09-18 12:00:00-04:00,205,83.0,78.82912545581364,boost_5y_linear_aligned,True
2021-09-10 04:00:00+00:00,2021-09-18 17:00:00+00:00,2021-09-18 13:00:00-04:00,206,84.0,80.06097224098835,boost_5y_linear_aligned,True
2021-09-10 04:00:00+00:00,2021-09-18 18:00:00+00:00,2021-09-18 14:00:00-04:00,207,85.0,80.88344706745028,boost_5y_linear_aligned,True
2021-09-10 04:00:00+00:00,2021-09-18 19:00:00+00:00,2021-09-18 15:00:00-04:00,208,85.0,80.80839768566292,boost_5y_linear_aligned,True
2021-09-10 04:00:00+00:00,2021-09-18 20:00:00+00:00,2021-09-18 16:00:00-04:00,209,85.0,80.36773777876289,boost_5y_linear_aligned,True
2021-09-10 04:00:00+00:00,2021-09-18 21:00:00+00:00,2021-09-18 17:00:00-04:00,210,84.0,79.52029369997908,boost_5y_linear_aligned,True
2021-09-10 04:00:00+00:00,2021-09-18 22:00:00+00:00,2021-09-18 18:00:00-04:00,211,81.0,76.84937346566575,boost_5y_linear_aligned,True
2021-09-10 04:00:00+00:00,2021-09-18 23:00:00+00:00,2021-09-18 19:00:00-04:00,212,78.0,73.71378671841268,boost_5y_linear_aligned,True
2021-09-10 04:00:00+00:00,2021-09-19 00:00:00+00:00,2021-09-18 20:00:00-04:00,213,77.0,72.21082304519055,boost_5y_linear_aligned,True
2021-09-10 04:00:00+00:00,2021-09-19 01:00:00+00:00,2021-09-18 21:00:00-04:00,214,76.0,70.8811619752428,boost_5y_linear_aligned,True
2021-09-10 04:00:00+00:00,2021-09-19 02:00:00+00:00,2021-09-18 22:00:00-04:00,215,74.0,69.98222846978493,boost_5y_linear_aligned,True
2021-09-10 04:00:00+00:00,2021-09-19 03:00:00+00:00,2021-09-18 23:00:00-04:00,216,73.0,69.45900066881528,boost_5y_linear_aligned,True
2021-09-10 04:00:00+00:00,2021-09-19 04:00:00+00:00,2021-09-19 00:00:00-04:00,217,71.0,68.82116662588624,boost_5y_linear_aligned,True
2021-09-10 04:00:00+00:00,2021-09-19 05:00:00+00:00,2021-09-19 01:00:00-04:00,218,70.0,68.07664794164663,boost_5y_linear_aligned,True
2021-09-10 04:00:00+00:00,2021-09-19 06:00:00+00:00,2021-09-19 02:00:00-04:00,219,70.0,67.38566404610698,boost_5y_linear_aligned,True
2021-09-10 04:00:00+00:00,2021-09-19 07:00:00+00:00,2021-09-19 03:00:00-04:00,220,68.0,66.77160326321756,boost_5y_linear_aligned,True
2021-09-10 04:00:00+00:00,2021-09-19 08:00:00+00:00,2021-09-19 04:00:00-04:00,221,67.0,66.35673011127665,boost_5y_linear_aligned,True
2021-09-10 04:00:00+00:00,2021-09-19 09:00:00+00:00,2021-09-19 05:00:00-04:00,222,68.0,66.07246804382038,boost_5y_linear_aligned,True
2021-09-10 04:00:00+00:00,2021-09-19 10:00:00+00:00,2021-09-19 06:00:00-04:00,223,67.0,65.84295481502335,boost_5y_linear_aligned,True
2021-09-10 04:00:00+00:00,2021-09-19 11:00:00+00:00,2021-09-19 07:00:00-04:00,224,70.0,66.89976642489425,boost_5y_linear_aligned,True
2021-09-10 04:00:00+00:00,2021-09-19 12:00:00+00:00,2021-09-19 08:00:00-04:00,225,77.0,69.75798037797887,boost_5y_linear_aligned,True
2021-09-10 04:00:00+00:00,2021-09-19 13:00:00+00:00,2021-09-19 09:00:00-04:00,226,80.0,72.72049787306042,boost_5y_linear_aligned,True
2021-09-10 04:00:00+00:00,2021-09-19 14:00:00+00:00,2021-09-19 10:00:00-04:00,227,82.0,75.42001061727683,boost_5y_linear_aligned,True
2021-09-10 04:00:00+00:00,2021-09-19 15:00:00+00:00,2021-09-19 11:00:00-04:00,228,84.0,77.61037624445143,boost_5y_linear_aligned,True
2021-09-10 04:00:00+00:00,2021-09-19 16:00:00+00:00,2021-09-19 12:00:00-04:00,229,87.0,79.03113263912304,boost_5y_linear_aligned,True
2021-09-10 04:00:00+00:00,2021-09-19 17:00:00+00:00,2021-09-19 13:00:00-04:00,230,87.0,80.24076353694858,boost_5y_linear_aligned,True
2021-09-10 04:00:00+00:00,2021-09-19 18:00:00+00:00,2021-09-19 14:00:00-04:00,231,87.0,81.01552897652148,boost_5y_linear_aligned,True
2021-09-10 04:00:00+00:00,2021-09-19 19:00:00+00:00,2021-09-19 15:00:00-04:00,232,89.0,80.92361586479711,boost_5y_linear_aligned,True
2021-09-10 04:00:00+00:00,2021-09-19 20:00:00+00:00,2021-09-19 16:00:00-04:00,233,88.0,80.5056158430957,boost_5y_linear_aligned,True
2021-09-10 04:00:00+00:00,2021-09-19 21:00:00+00:00,2021-09-19 17:00:00-04:00,234,87.0,79.42717365561376,boost_5y_linear_aligned,True
2021-09-10 04:00:00+00:00,2021-09-19 22:00:00+00:00,2021-09-19 18:00:00-04:00,235,84.0,76.82315439105176,boost_5y_linear_aligned,True
2021-09-10 04:00:00+00:00,2021-09-19 23:00:00+00:00,2021-09-19 19:00:00-04:00,236,81.0,73.7492369054023,boost_5y_linear_aligned,True
2021-09-10 04:00:00+00:00,2021-09-20 00:00:00+00:00,2021-09-19 20:00:00-04:00,237,78.0,72.13853782876541,boost_5y_linear_aligned,True
2021-09-10 04:00:00+00:00,2021-09-20 01:00:00+00:00,2021-09-19 21:00:00-04:00,238,76.0,70.84781689120308,boost_5y_linear_aligned,True
2021-09-10 04:00:00+00:00,2021-09-20 02:00:00+00:00,2021-09-19 22:00:00-04:00,239,74.0,69.99731251569209,boost_5y_linear_aligned,True
2021-09-10 04:00:00+00:00,2021-09-20 03:00:00+00:00,2021-09-19 23:00:00-04:00,240,76.0,69.40609915804419,boost_5y_linear_aligned,True
2021-09-10 04:00:00+00:00,2021-09-20 04:00:00+00:00,2021-09-20 00:00:00-04:00,241,73.0,68.73455131597481,boost_5y_linear_aligned,True
2021-09-10 04:00:00+00:00,2021-09-20 05:00:00+00:00,2021-09-20 01:00:00-04:00,242,73.0,67.99475307967738,boost_5y_linear_aligned,True
2021-09-10 04:00:00+00:00,2021-09-20 06:00:00+00:00,2021-09-20 02:00:00-04:00,243,73.0,67.50060072148747,boost_5y_linear_aligned,True
2021-09-10 04:00:00+00:00,2021-09-20 07:00:00+00:00,2021-09-20 03:00:00-04:00,244,72.0,66.86850111227325,boost_5y_linear_aligned,True
2021-09-10 04:00:00+00:00,2021-09-20 08:00:00+00:00,2021-09-20 04:00:00-04:00,245,72.0,66.42926043476636,boost_5y_linear_aligned,True
2021-09-10 04:00:00+00:00,2021-09-20 09:00:00+00:00,2021-09-20 05:00:00-04:00,246,73.0,66.13974318559404,boost_5y_linear_aligned,True
2021-09-10 04:00:00+00:00,2021-09-20 10:00:00+00:00,2021-09-20 06:00:00-04:00,247,72.0,65.91076022786054,boost_5y_linear_aligned,True
2021-09-10 04:00:00+00:00,2021-09-20 11:00:00+00:00,2021-09-20 07:00:00-04:00,248,72.0,66.89816746928116,boost_5y_linear_aligned,True
2021-09-10 04:00:00+00:00,2021-09-20 12:00:00+00:00,2021-09-20 08:00:00-04:00,249,72.0,69.77278439106361,boost_5y_linear_aligned,True
2021-09-10 04:00:00+00:00,2021-09-20 13:00:00+00:00,2021-09-20 09:00:00-04:00,250,74.0,72.64570762642627,boost_5y_linear_aligned,True
2021-09-10 04:00:00+00:00,2021-09-20 14:00:00+00:00,2021-09-20 10:00:00-04:00,251,76.0,75.20639892491859,boost_5y_linear_aligned,True
2021-09-10 04:00:00+00:00,2021-09-20 15:00:00+00:00,2021-09-20 11:00:00-04:00,252,79.0,77.2752334868427,boost_5y_linear_aligned,True
2021-09-10 04:00:00+00:00,2021-09-20 16:00:00+00:00,2021-09-20 12:00:00-04:00,253,81.0,78.78655240103828,boost_5y_linear_aligned,True
2021-09-10 04:00:00+00:00,2021-09-20 17:00:00+00:00,2021-09-20 13:00:00-04:00,254,82.0,80.05288806766751,boost_5y_linear_aligned,True
2021-09-10 04:00:00+00:00,2021-09-20 18:00:00+00:00,2021-09-20 14:00:00-04:00,255,82.0,80.82589314783586,boost_5y_linear_aligned,True
2021-09-10 04:00:00+00:00,2021-09-20 19:00:00+00:00,2021-09-20 15:00:00-04:00,256,82.0,80.73223428541449,boost_5y_linear_aligned,True
2021-09-10 04:00:00+00:00,2021-09-20 20:00:00+00:00,2021-09-20 16:00:00-04:00,257,82.0,80.32617144571319,boost_5y_linear_aligned,True
2021-09-10 04:00:00+00:00,2021-09-20 21:00:00+00:00,2021-09-20 17:00:00-04:00,258,79.0,79.32605534815302,boost_5y_linear_aligned,True
2021-09-10 04:00:00+00:00,2021-09-20 22:00:00+00:00,2021-09-20 18:00:00-04:00,259,77.0,76.77692318985193,boost_5y_linear_aligned,True
2021-09-10 04:00:00+00:00,2021-09-20 23:00:00+00:00,2021-09-20 19:00:00-04:00,260,74.0,73.71141708670477,boost_5y_linear_aligned,True
2021-09-10 04:00:00+00:00,2021-09-21 00:00:00+00:00,2021-09-20 20:00:00-04:00,261,73.0,72.02434121283292,boost_5y_linear_aligned,True
2021-09-10 04:00:00+00:00,2021-09-21 01:00:00+00:00,2021-09-20 21:00:00-04:00,262,71.0,70.6518017237808,boost_5y_linear_aligned,True
2021-09-10 04:00:00+00:00,2021-09-21 02:00:00+00:00,2021-09-20 22:00:00-04:00,263,71.0,69.91604414394617,boost_5y_linear_aligned,True
2021-09-10 04:00:00+00:00,2021-09-21 03:00:00+00:00,2021-09-20 23:00:00-04:00,264,71.0,69.19663021959533,boost_5y_linear_aligned,True
2021-09-10 04:00:00+00:00,2021-09-21 04:00:00+00:00,2021-09-21 00:00:00-04:00,265,70.0,68.63701612654692,boost_5y_linear_aligned,True
2021-09-10 04:00:00+00:00,2021-09-21 05:00:00+00:00,2021-09-21 01:00:00-04:00,266,68.0,67.86867005144069,boost_5y_linear_aligned,True
2021-09-10 04:00:00+00:00,2021-09-21 06:00:00+00:00,2021-09-21 02:00:00-04:00,267,68.0,67.32352222674928,boost_5y_linear_aligned,True
2021-09-10 04:00:00+00:00,2021-09-21 07:00:00+00:00,2021-09-21 03:00:00-04:00,268,68.0,66.68863592886181,boost_5y_linear_aligned,True
2021-09-10 04:00:00+00:00,2021-09-21 08:00:00+00:00,2021-09-21 04:00:00-04:00,269,67.0,66.22466342470798,boost_5y_linear_aligned,True
2021-09-10 04:00:00+00:00,2021-09-21 09:00:00+00:00,2021-09-21 05:00:00-04:00,270,67.0,65.9307366444042,boost_5y_linear_aligned,True
2021-09-10 04:00:00+00:00,2021-09-21 10:00:00+00:00,2021-09-21 06:00:00-04:00,271,68.0,65.70491691600091,boost_5y_linear_aligned,True
2021-09-10 04:00:00+00:00,2021-09-21 11:00:00+00:00,2021-09-21 07:00:00-04:00,272,68.0,66.67046955267067,boost_5y_linear_aligned,True
2021-09-10 04:00:00+00:00,2021-09-21 12:00:00+00:00,2021-09-21 08:00:00-04:00,273,71.0,69.65805002037182,boost_5y_linear_aligned,True
2021-09-10 04:00:00+00:00,2021-09-21 13:00:00+00:00,2021-09-21 09:00:00-04:00,274,73.0,72.66604134489057,boost_5y_linear_aligned,True
2021-09-10 04:00:00+00:00,2021-09-21 14:00:00+00:00,2021-09-21 10:00:00-04:00,275,75.0,75.41477113820258,boost_5y_linear_aligned,True
2021-09-10 04:00:00+00:00,2021-09-21 15:00:00+00:00,2021-09-21 11:00:00-04:00,276,77.0,77.46147311361894,boost_5y_linear_aligned,True
2021-09-10 04:00:00+00:00,2021-09-21 16:00:00+00:00,2021-09-21 12:00:00-04:00,277,78.0,78.95060078332476,boost_5y_linear_aligned,True
2021-09-10 04:00:00+00:00,2021-09-21 17:00:00+00:00,2021-09-21 13:00:00-04:00,278,80.0,80.2429056236919,boost_5y_linear_aligned,True
2021-09-10 04:00:00+00:00,2021-09-21 18:00:00+00:00,2021-09-21 14:00:00-04:00,279,77.0,81.02550415153415,boost_5y_linear_aligned,True
2021-09-10 04:00:00+00:00,2021-09-21 19:00:00+00:00,2021-09-21 15:00:00-04:00,280,75.0,80.98429665516075,boost_5y_linear_aligned,True
2021-09-10 04:00:00+00:00,2021-09-21 20:00:00+00:00,2021-09-21 16:00:00-04:00,281,75.0,80.60976584611305,boost_5y_linear_aligned,True
2021-09-10 04:00:00+00:00,2021-09-21 21:00:00+00:00,2021-09-21 17:00:00-04:00,282,74.0,79.57066288748025,boost_5y_linear_aligned,True
2021-09-10 04:00:00+00:00,2021-09-21 22:00:00+00:00,2021-09-21 18:00:00-04:00,283,74.0,76.94794618970727,boost_5y_linear_aligned,True
2021-09-10 04:00:00+00:00,2021-09-21 23:00:00+00:00,2021-09-21 19:00:00-04:00,284,74.0,73.851407949598,boost_5y_linear_aligned,True
2021-09-10 04:00:00+00:00,2021-09-22 00:00:00+00:00,2021-09-21 20:00:00-04:00,285,74.0,72.12539905695752,boost_5y_linear_aligned,True
2021-09-10 04:00:00+00:00,2021-09-22 01:00:00+00:00,2021-09-21 21:00:00-04:00,286,75.0,70.7253542517638,boost_5y_linear_aligned,True
2021-09-10 04:00:00+00:00,2021-09-22 02:00:00+00:00,2021-09-21 22:00:00-04:00,287,73.0,69.92545924790095,boost_5y_linear_aligned,True
2021-09-10 04:00:00+00:00,2021-09-22 03:00:00+00:00,2021-09-21 23:00:00-04:00,288,73.0,69.19208060986686,boost_5y_linear_aligned,True
2021-09-10 04:00:00+00:00,2021-09-22 04:00:00+00:00,2021-09-22 00:00:00-04:00,289,73.0,68.51850989900291,boost_5y_linear_aligned,True
2021-09-10 04:00:00+00:00,2021-09-22 05:00:00+00:00,2021-09-22 01:00:00-04:00,290,73.0,67.67763400267086,boost_5y_linear_aligned,True
2021-09-10 04:00:00+00:00,2021-09-22 06:00:00+00:00,2021-09-22 02:00:00-04:00,291,73.0,67.10626139243058,boost_5y_linear_aligned,True
2021-09-10 04:00:00+00:00,2021-09-22 07:00:00+00:00,2021-09-22 03:00:00-04:00,292,74.0,66.44520138737444,boost_5y_linear_aligned,True
2021-09-10 04:00:00+00:00,2021-09-22 08:00:00+00:00,2021-09-22 04:00:00-04:00,293,74.0,66.00604341803461,boost_5y_linear_aligned,True
2021-09-10 04:00:00+00:00,2021-09-22 09:00:00+00:00,2021-09-22 05:00:00-04:00,294,74.0,65.65696855101882,boost_5y_linear_aligned,True
2021-09-10 04:00:00+00:00,2021-09-22 10:00:00+00:00,2021-09-22 06:00:00-04:00,295,74.0,65.40770657404623,boost_5y_linear_aligned,True
2021-09-10 04:00:00+00:00,2021-09-22 11:00:00+00:00,2021-09-22 07:00:00-04:00,296,74.0,66.38186114822867,boost_5y_linear_aligned,True
2021-09-10 04:00:00+00:00,2021-09-22 12:00:00+00:00,2021-09-22 08:00:00-04:00,297,76.0,69.36571527383413,boost_5y_linear_aligned,True
2021-09-10 04:00:00+00:00,2021-09-22 13:00:00+00:00,2021-09-22 09:00:00-04:00,298,75.0,72.46925082198597,boost_5y_linear_aligned,True
2021-09-10 04:00:00+00:00,2021-09-22 14:00:00+00:00,2021-09-22 10:00:00-04:00,299,76.0,75.33679285832382,boost_5y_linear_aligned,True
2021-09-10 04:00:00+00:00,2021-09-22 15:00:00+00:00,2021-09-22 11:00:00-04:00,300,77.0,77.32707438441709,boost_5y_linear_aligned,True
2021-09-10 04:00:00+00:00,2021-09-22 16:00:00+00:00,2021-09-22 12:00:00-04:00,301,76.0,78.91354412822733,boost_5y_linear_aligned,True
2021-09-10 04:00:00+00:00,2021-09-22 17:00:00+00:00,2021-09-22 13:00:00-04:00,302,76.0,80.17540373419668,boost_5y_linear_aligned,True
2021-09-10 04:00:00+00:00,2021-09-22 18:00:00+00:00,2021-09-22 14:00:00-04:00,303,78.0,80.89527590311431,boost_5y_linear_aligned,True
2021-09-10 04:00:00+00:00,2021-09-22 19:00:00+00:00,2021-09-22 15:00:00-04:00,304,78.0,80.82848246619803,boost_5y_linear_aligned,True
2021-09-10 04:00:00+00:00,2021-09-22 20:00:00+00:00,2021-09-22 16:00:00-04:00,305,80.0,80.33502341464425,boost_5y_linear_aligned,True
2021-09-10 04:00:00+00:00,2021-09-22 21:00:00+00:00,2021-09-22 17:00:00-04:00,306,78.0,79.24817006863103,boost_5y_linear_aligned,True
2021-09-10 04:00:00+00:00,2021-09-22 22:00:00+00:00,2021-09-22 18:00:00-04:00,307,76.0,76.62528941281856,boost_5y_linear_aligned,True
2021-09-10 04:00:00+00:00,2021-09-22 23:00:00+00:00,2021-09-22 19:00:00-04:00,308,75.0,73.56692481104025,boost_5y_linear_aligned,True
2021-09-10 04:00:00+00:00,2021-09-23 00:00:00+00:00,2021-09-22 20:00:00-04:00,309,75.0,71.93978144567822,boost_5y_linear_aligned,True
2021-09-10 04:00:00+00:00,2021-09-23 01:00:00+00:00,2021-09-22 21:00:00-04:00,310,75.0,70.58050248070121,boost_5y_linear_aligned,True
2021-09-10 04:00:00+00:00,2021-09-23 02:00:00+00:00,2021-09-22 22:00:00-04:00,311,74.0,69.72800654126392,boost_5y_linear_aligned,True
2021-09-10 04:00:00+00:00,2021-09-23 03:00:00+00:00,2021-09-22 23:00:00-04:00,312,74.0,69.04147173566166,boost_5y_linear_aligned,True
2021-09-10 04:00:00+00:00,2021-09-23 04:00:00+00:00,2021-09-23 00:00:00-04:00,313,63.0,68.34879008541363,boost_5y_linear_aligned,True
2021-09-10 04:00:00+00:00,2021-09-23 05:00:00+00:00,2021-09-23 01:00:00-04:00,314,62.0,67.52654298757136,boost_5y_linear_aligned,True
2021-09-10 04:00:00+00:00,2021-09-23 06:00:00+00:00,2021-09-23 02:00:00-04:00,315,61.0,66.93077535237998,boost_5y_linear_aligned,True
2021-09-10 04:00:00+00:00,2021-09-23 07:00:00+00:00,2021-09-23 03:00:00-04:00,316,61.0,66.2719514517271,boost_5y_linear_aligned,True
2021-09-10 04:00:00+00:00,2021-09-23 08:00:00+00:00,2021-09-23 04:00:00-04:00,317,61.0,65.82374494251142,boost_5y_linear_aligned,True
2021-09-10 04:00:00+00:00,2021-09-23 09:00:00+00:00,2021-09-23 05:00:00-04:00,318,60.0,65.47211130263311,boost_5y_linear_aligned,True
2021-09-10 04:00:00+00:00,2021-09-23 10:00:00+00:00,2021-09-23 06:00:00-04:00,319,61.0,65.22747709149418,boost_5y_linear_aligned,True
2021-09-10 04:00:00+00:00,2021-09-23 11:00:00+00:00,2021-09-23 07:00:00-04:00,320,60.0,66.20009252517288,boost_5y_linear_aligned,True
2021-09-10 04:00:00+00:00,2021-09-23 12:00:00+00:00,2021-09-23 08:00:00-04:00,321,63.0,68.95187082475309,boost_5y_linear_aligned,True
2021-09-10 04:00:00+00:00,2021-09-23 13:00:00+00:00,2021-09-23 09:00:00-04:00,322,67.0,71.9730798401785,boost_5y_linear_aligned,True
2021-09-10 04:00:00+00:00,2021-09-23 14:00:00+00:00,2021-09-23 10:00:00-04:00,323,69.0,74.78709149451069,boost_5y_linear_aligned,True
2021-09-10 04:00:00+00:00,2021-09-23 15:00:00+00:00,2021-09-23 11:00:00-04:00,324,71.0,76.79680611319652,boost_5y_linear_aligned,True
2021-09-10 04:00:00+00:00,2021-09-23 16:00:00+00:00,2021-09-23 12:00:00-04:00,325,74.0,78.47816041150624,boost_5y_linear_aligned,True
2021-09-10 04:00:00+00:00,2021-09-23 17:00:00+00:00,2021-09-23 13:00:00-04:00,326,74.0,79.75950347089059,boost_5y_linear_aligned,True
2021-09-10 04:00:00+00:00,2021-09-23 18:00:00+00:00,2021-09-23 14:00:00-04:00,327,75.0,80.56083538461814,boost_5y_linear_aligned,True
2021-09-10 04:00:00+00:00,2021-09-23 19:00:00+00:00,2021-09-23 15:00:00-04:00,328,75.0,80.35739297898267,boost_5y_linear_aligned,True
2021-09-10 04:00:00+00:00,2021-09-23 20:00:00+00:00,2021-09-23 16:00:00-04:00,329,75.0,79.93240768869275,boost_5y_linear_aligned,True
2021-09-10 04:00:00+00:00,2021-09-23 21:00:00+00:00,2021-09-23 17:00:00-04:00,330,74.0,78.80923243799384,boost_5y_linear_aligned,True
2021-09-10 04:00:00+00:00,2021-09-23 22:00:00+00:00,2021-09-23 18:00:00-04:00,331,71.0,76.07265324688602,boost_5y_linear_aligned,True
2021-09-10 04:00:00+00:00,2021-09-23 23:00:00+00:00,2021-09-23 19:00:00-04:00,332,67.0,72.85101866295913,boost_5y_linear_aligned,True
2021-09-10 04:00:00+00:00,2021-09-24 00:00:00+00:00,2021-09-23 20:00:00-04:00,333,63.0,71.35958557873307,boost_5y_linear_aligned,True
2021-09-10 04:00:00+00:00,2021-09-24 01:00:00+00:00,2021-09-23 21:00:00-04:00,334,62.0,70.0682377286898,boost_5y_linear_aligned,True
2021-09-10 04:00:00+00:00,2021-09-24 02:00:00+00:00,2021-09-23 22:00:00-04:00,335,59.0,69.230105731241,boost_5y_linear_aligned,True
2021-09-10 04:00:00+00:00,2021-09-24 03:00:00+00:00,2021-09-23 23:00:00-04:00,336,57.0,68.52529156511903,boost_5y_linear_aligned,True
2021-09-17 04:00:00+00:00,2021-09-17 04:00:00+00:00,2021-09-17 00:00:00-04:00,1,74.0,74.11014396077323,boost_5y_linear_aligned,True
2021-09-17 04:00:00+00:00,2021-09-17 05:00:00+00:00,2021-09-17 01:00:00-04:00,2,74.0,73.74144232148343,boost_5y_linear_aligned,True
2021-09-17 04:00:00+00:00,2021-09-17 06:00:00+00:00,2021-09-17 02:00:00-04:00,3,74.0,73.18050654770128,boost_5y_linear_aligned,True
2021-09-17 04:00:00+00:00,2021-09-17 07:00:00+00:00,2021-09-17 03:00:00-04:00,4,74.0,72.6848938964324,boost_5y_linear_aligned,True
2021-09-17 04:00:00+00:00,2021-09-17 08:00:00+00:00,2021-09-17 04:00:00-04:00,5,73.0,69.37614566525853,boost_5y_linear_aligned,True
2021-09-17 04:00:00+00:00,2021-09-17 09:00:00+00:00,2021-09-17 05:00:00-04:00,6,73.0,69.14955302185803,boost_5y_linear_aligned,True
2021-09-17 04:00:00+00:00,2021-09-17 10:00:00+00:00,2021-09-17 06:00:00-04:00,7,72.0,68.87993884729477,boost_5y_linear_aligned,True
2021-09-17 04:00:00+00:00,2021-09-17 11:00:00+00:00,2021-09-17 07:00:00-04:00,8,73.0,69.21635652478138,boost_5y_linear_aligned,True
2021-09-17 04:00:00+00:00,2021-09-17 12:00:00+00:00,2021-09-17 08:00:00-04:00,9,74.0,70.70523736772672,boost_5y_linear_aligned,True
2021-09-17 04:00:00+00:00,2021-09-17 13:00:00+00:00,2021-09-17 09:00:00-04:00,10,75.0,73.84547964109713,boost_5y_linear_aligned,True
2021-09-17 04:00:00+00:00,2021-09-17 14:00:00+00:00,2021-09-17 10:00:00-04:00,11,77.0,74.74838669074526,boost_5y_linear_aligned,True
2021-09-17 04:00:00+00:00,2021-09-17 15:00:00+00:00,2021-09-17 11:00:00-04:00,12,78.0,76.81554307726017,boost_5y_linear_aligned,True
2021-09-17 04:00:00+00:00,2021-09-17 16:00:00+00:00,2021-09-17 12:00:00-04:00,13,79.0,78.16186464015286,boost_5y_linear_aligned,True
2021-09-17 04:00:00+00:00,2021-09-17 17:00:00+00:00,2021-09-17 13:00:00-04:00,14,82.0,79.27838606936425,boost_5y_linear_aligned,True
2021-09-17 04:00:00+00:00,2021-09-17 18:00:00+00:00,2021-09-17 14:00:00-04:00,15,75.0,80.17444575662444,boost_5y_linear_aligned,True
2021-09-17 04:00:00+00:00,2021-09-17 19:00:00+00:00,2021-09-17 15:00:00-04:00,16,81.0,80.31744319357708,boost_5y_linear_aligned,True
2021-09-17 04:00:00+00:00,2021-09-17 20:00:00+00:00,2021-09-17 16:00:00-04:00,17,82.0,79.87738587621311,boost_5y_linear_aligned,True
2021-09-17 04:00:00+00:00,2021-09-17 21:00:00+00:00,2021-09-17 17:00:00-04:00,18,81.0,78.81565806922217,boost_5y_linear_aligned,True
2021-09-17 04:00:00+00:00,2021-09-17 22:00:00+00:00,2021-09-17 18:00:00-04:00,19,79.0,76.17280071868606,boost_5y_linear_aligned,True
2021-09-17 04:00:00+00:00,2021-09-17 23:00:00+00:00,2021-09-17 19:00:00-04:00,20,76.0,75.81699459499922,boost_5y_linear_aligned,True
2021-09-17 04:00:00+00:00,2021-09-18 00:00:00+00:00,2021-09-17 20:00:00-04:00,21,74.0,74.27343098052864,boost_5y_linear_aligned,True
2021-09-17 04:00:00+00:00,2021-09-18 01:00:00+00:00,2021-09-17 21:00:00-04:00,22,75.0,72.9056802740337,boost_5y_linear_aligned,True
2021-09-17 04:00:00+00:00,2021-09-18 02:00:00+00:00,2021-09-17 22:00:00-04:00,23,74.0,72.02455214747448,boost_5y_linear_aligned,True
2021-09-17 04:00:00+00:00,2021-09-18 03:00:00+00:00,2021-09-17 23:00:00-04:00,24,74.0,71.52748769378488,boost_5y_linear_aligned,True
2021-09-17 04:00:00+00:00,2021-09-18 04:00:00+00:00,2021-09-18 00:00:00-04:00,25,73.0,70.92012556980185,boost_5y_linear_aligned,True
2021-09-17 04:00:00+00:00,2021-09-18 05:00:00+00:00,2021-09-18 01:00:00-04:00,26,72.0,70.20537074503004,boost_5y_linear_aligned,True
2021-09-17 04:00:00+00:00,2021-09-18 06:00:00+00:00,2021-09-18 02:00:00-04:00,27,72.0,69.68673258451204,boost_5y_linear_aligned,True
2021-09-17 04:00:00+00:00,2021-09-18 07:00:00+00:00,2021-09-18 03:00:00-04:00,28,71.0,69.23373846030879,boost_5y_linear_aligned,True
2021-09-17 04:00:00+00:00,2021-09-18 08:00:00+00:00,2021-09-18 04:00:00-04:00,29,71.0,68.78198387321447,boost_5y_linear_aligned,True
2021-09-17 04:00:00+00:00,2021-09-18 09:00:00+00:00,2021-09-18 05:00:00-04:00,30,71.0,68.49671606323048,boost_5y_linear_aligned,True
2021-09-17 04:00:00+00:00,2021-09-18 10:00:00+00:00,2021-09-18 06:00:00-04:00,31,71.0,69.64475412860884,boost_5y_linear_aligned,True
2021-09-17 04:00:00+00:00,2021-09-18 11:00:00+00:00,2021-09-18 07:00:00-04:00,32,72.0,70.66579810062254,boost_5y_linear_aligned,True
2021-09-17 04:00:00+00:00,2021-09-18 12:00:00+00:00,2021-09-18 08:00:00-04:00,33,76.0,72.5822243663927,boost_5y_linear_aligned,True
2021-09-17 04:00:00+00:00,2021-09-18 13:00:00+00:00,2021-09-18 09:00:00-04:00,34,78.0,75.68174399549244,boost_5y_linear_aligned,True
2021-09-17 04:00:00+00:00,2021-09-18 14:00:00+00:00,2021-09-18 10:00:00-04:00,35,79.0,77.51648147655266,boost_5y_linear_aligned,True
2021-09-17 04:00:00+00:00,2021-09-18 15:00:00+00:00,2021-09-18 11:00:00-04:00,36,83.0,79.48500303997736,boost_5y_linear_aligned,True
2021-09-17 04:00:00+00:00,2021-09-18 16:00:00+00:00,2021-09-18 12:00:00-04:00,37,83.0,80.80995654868569,boost_5y_linear_aligned,True
2021-09-17 04:00:00+00:00,2021-09-18 17:00:00+00:00,2021-09-18 13:00:00-04:00,38,84.0,81.90528725094129,boost_5y_linear_aligned,True
2021-09-17 04:00:00+00:00,2021-09-18 18:00:00+00:00,2021-09-18 14:00:00-04:00,39,85.0,82.70654802856056,boost_5y_linear_aligned,True
2021-09-17 04:00:00+00:00,2021-09-18 19:00:00+00:00,2021-09-18 15:00:00-04:00,40,85.0,82.53246661759306,boost_5y_linear_aligned,True
2021-09-17 04:00:00+00:00,2021-09-18 20:00:00+00:00,2021-09-18 16:00:00-04:00,41,85.0,81.96090750088786,boost_5y_linear_aligned,True
2021-09-17 04:00:00+00:00,2021-09-18 21:00:00+00:00,2021-09-18 17:00:00-04:00,42,84.0,81.06434936710284,boost_5y_linear_aligned,True
2021-09-17 04:00:00+00:00,2021-09-18 22:00:00+00:00,2021-09-18 18:00:00-04:00,43,81.0,78.24974686653619,boost_5y_linear_aligned,True
2021-09-17 04:00:00+00:00,2021-09-18 23:00:00+00:00,2021-09-18 19:00:00-04:00,44,78.0,75.86251718729648,boost_5y_linear_aligned,True
2021-09-17 04:00:00+00:00,2021-09-19 00:00:00+00:00,2021-09-18 20:00:00-04:00,45,77.0,74.37850468252334,boost_5y_linear_aligned,True
2021-09-17 04:00:00+00:00,2021-09-19 01:00:00+00:00,2021-09-18 21:00:00-04:00,46,76.0,73.09186023875782,boost_5y_linear_aligned,True
2021-09-17 04:00:00+00:00,2021-09-19 02:00:00+00:00,2021-09-18 22:00:00-04:00,47,74.0,72.22427059838535,boost_5y_linear_aligned,True
2021-09-17 04:00:00+00:00,2021-09-19 03:00:00+00:00,2021-09-18 23:00:00-04:00,48,73.0,71.53664818331922,boost_5y_linear_aligned,True
2021-09-17 04:00:00+00:00,2021-09-19 04:00:00+00:00,2021-09-19 00:00:00-04:00,49,71.0,70.83194806972685,boost_5y_linear_aligned,True
2021-09-17 04:00:00+00:00,2021-09-19 05:00:00+00:00,2021-09-19 01:00:00-04:00,50,70.0,70.07781703763621,boost_5y_linear_aligned,True
2021-09-17 04:00:00+00:00,2021-09-19 06:00:00+00:00,2021-09-19 02:00:00-04:00,51,70.0,69.58849802667048,boost_5y_linear_aligned,True
2021-09-17 04:00:00+00:00,2021-09-19 07:00:00+00:00,2021-09-19 03:00:00-04:00,52,68.0,69.07556691749166,boost_5y_linear_aligned,True
2021-09-17 04:00:00+00:00,2021-09-19 08:00:00+00:00,2021-09-19 04:00:00-04:00,53,67.0,69.08818313911569,boost_5y_linear_aligned,True
2021-09-17 04:00:00+00:00,2021-09-19 09:00:00+00:00,2021-09-19 05:00:00-04:00,54,68.0,67.85210058539977,boost_5y_linear_aligned,True
2021-09-17 04:00:00+00:00,2021-09-19 10:00:00+00:00,2021-09-19 06:00:00-04:00,55,67.0,67.70713705860034,boost_5y_linear_aligned,True
2021-09-17 04:00:00+00:00,2021-09-19 11:00:00+00:00,2021-09-19 07:00:00-04:00,56,70.0,68.64017031614799,boost_5y_linear_aligned,True
2021-09-17 04:00:00+00:00,2021-09-19 12:00:00+00:00,2021-09-19 08:00:00-04:00,57,77.0,71.43253981288827,boost_5y_linear_aligned,True
2021-09-17 04:00:00+00:00,2021-09-19 13:00:00+00:00,2021-09-19 09:00:00-04:00,58,80.0,74.50433327911729,boost_5y_linear_aligned,True
2021-09-17 04:00:00+00:00,2021-09-19 14:00:00+00:00,2021-09-19 10:00:00-04:00,59,82.0,76.70452381296921,boost_5y_linear_aligned,True
2021-09-17 04:00:00+00:00,2021-09-19 15:00:00+00:00,2021-09-19 11:00:00-04:00,60,84.0,78.80615817741966,boost_5y_linear_aligned,True
2021-09-17 04:00:00+00:00,2021-09-19 16:00:00+00:00,2021-09-19 12:00:00-04:00,61,87.0,79.05699746483252,boost_5y_linear_aligned,True
2021-09-17 04:00:00+00:00,2021-09-19 17:00:00+00:00,2021-09-19 13:00:00-04:00,62,87.0,80.21741968217817,boost_5y_linear_aligned,True
2021-09-17 04:00:00+00:00,2021-09-19 18:00:00+00:00,2021-09-19 14:00:00-04:00,63,87.0,81.12576130640963,boost_5y_linear_aligned,True
2021-09-17 04:00:00+00:00,2021-09-19 19:00:00+00:00,2021-09-19 15:00:00-04:00,64,89.0,80.86614712820675,boost_5y_linear_aligned,True
2021-09-17 04:00:00+00:00,2021-09-19 20:00:00+00:00,2021-09-19 16:00:00-04:00,65,88.0,80.46188740821837,boost_5y_linear_aligned,True
2021-09-17 04:00:00+00:00,2021-09-19 21:00:00+00:00,2021-09-19 17:00:00-04:00,66,87.0,79.46959337763403,boost_5y_linear_aligned,True
2021-09-17 04:00:00+00:00,2021-09-19 22:00:00+00:00,2021-09-19 18:00:00-04:00,67,84.0,76.82108491995217,boost_5y_linear_aligned,True
2021-09-17 04:00:00+00:00,2021-09-19 23:00:00+00:00,2021-09-19 19:00:00-04:00,68,81.0,74.22535418809214,boost_5y_linear_aligned,True
2021-09-17 04:00:00+00:00,2021-09-20 00:00:00+00:00,2021-09-19 20:00:00-04:00,69,78.0,72.61395808411946,boost_5y_linear_aligned,True
2021-09-17 04:00:00+00:00,2021-09-20 01:00:00+00:00,2021-09-19 21:00:00-04:00,70,76.0,71.38965820169088,boost_5y_linear_aligned,True
2021-09-17 04:00:00+00:00,2021-09-20 02:00:00+00:00,2021-09-19 22:00:00-04:00,71,74.0,70.50494753979636,boost_5y_linear_aligned,True
2021-09-17 04:00:00+00:00,2021-09-20 03:00:00+00:00,2021-09-19 23:00:00-04:00,72,76.0,69.78562436496011,boost_5y_linear_aligned,True
2021-09-17 04:00:00+00:00,2021-09-20 04:00:00+00:00,2021-09-20 00:00:00-04:00,73,73.0,68.08345286303239,boost_5y_linear_aligned,True
2021-09-17 04:00:00+00:00,2021-09-20 05:00:00+00:00,2021-09-20 01:00:00-04:00,74,73.0,67.45003406651993,boost_5y_linear_aligned,True
2021-09-17 04:00:00+00:00,2021-09-20 06:00:00+00:00,2021-09-20 02:00:00-04:00,75,73.0,66.90188975513526,boost_5y_linear_aligned,True
2021-09-17 04:00:00+00:00,2021-09-20 07:00:00+00:00,2021-09-20 03:00:00-04:00,76,72.0,65.67764843297967,boost_5y_linear_aligned,True
2021-09-17 04:00:00+00:00,2021-09-20 08:00:00+00:00,2021-09-20 04:00:00-04:00,77,72.0,65.25630195392453,boost_5y_linear_aligned,True
2021-09-17 04:00:00+00:00,2021-09-20 09:00:00+00:00,2021-09-20 05:00:00-04:00,78,73.0,64.97496627914354,boost_5y_linear_aligned,True
2021-09-17 04:00:00+00:00,2021-09-20 10:00:00+00:00,2021-09-20 06:00:00-04:00,79,72.0,65.08054019284945,boost_5y_linear_aligned,True
2021-09-17 04:00:00+00:00,2021-09-20 11:00:00+00:00,2021-09-20 07:00:00-04:00,80,72.0,65.98581531863198,boost_5y_linear_aligned,True
2021-09-17 04:00:00+00:00,2021-09-20 12:00:00+00:00,2021-09-20 08:00:00-04:00,81,72.0,68.52708136084566,boost_5y_linear_aligned,True
2021-09-17 04:00:00+00:00,2021-09-20 13:00:00+00:00,2021-09-20 09:00:00-04:00,82,74.0,71.54247107121215,boost_5y_linear_aligned,True
2021-09-17 04:00:00+00:00,2021-09-20 14:00:00+00:00,2021-09-20 10:00:00-04:00,83,76.0,73.84094461217971,boost_5y_linear_aligned,True
2021-09-17 04:00:00+00:00,2021-09-20 15:00:00+00:00,2021-09-20 11:00:00-04:00,84,79.0,76.09107706255489,boost_5y_linear_aligned,True
2021-09-17 04:00:00+00:00,2021-09-20 16:00:00+00:00,2021-09-20 12:00:00-04:00,85,81.0,77.47946550967447,boost_5y_linear_aligned,True
2021-09-17 04:00:00+00:00,2021-09-20 17:00:00+00:00,2021-09-20 13:00:00-04:00,86,82.0,78.64671144549823,boost_5y_linear_aligned,True
2021-09-17 04:00:00+00:00,2021-09-20 18:00:00+00:00,2021-09-20 14:00:00-04:00,87,82.0,79.58900098627079,boost_5y_linear_aligned,True
2021-09-17 04:00:00+00:00,2021-09-20 19:00:00+00:00,2021-09-20 15:00:00-04:00,88,82.0,79.44981891164254,boost_5y_linear_aligned,True
2021-09-17 04:00:00+00:00,2021-09-20 20:00:00+00:00,2021-09-20 16:00:00-04:00,89,82.0,78.39594031097442,boost_5y_linear_aligned,True
2021-09-17 04:00:00+00:00,2021-09-20 21:00:00+00:00,2021-09-20 17:00:00-04:00,90,79.0,77.52576640992454,boost_5y_linear_aligned,True
2021-09-17 04:00:00+00:00,2021-09-20 22:00:00+00:00,2021-09-20 18:00:00-04:00,91,77.0,74.3958634438834,boost_5y_linear_aligned,True
2021-09-17 04:00:00+00:00,2021-09-20 23:00:00+00:00,2021-09-20 19:00:00-04:00,92,74.0,71.87618001718005,boost_5y_linear_aligned,True
2021-09-17 04:00:00+00:00,2021-09-21 00:00:00+00:00,2021-09-20 20:00:00-04:00,93,73.0,70.2163349869244,boost_5y_linear_aligned,True
2021-09-17 04:00:00+00:00,2021-09-21 01:00:00+00:00,2021-09-20 21:00:00-04:00,94,71.0,68.92034178240034,boost_5y_linear_aligned,True
2021-09-17 04:00:00+00:00,2021-09-21 02:00:00+00:00,2021-09-20 22:00:00-04:00,95,71.0,67.85824032602716,boost_5y_linear_aligned,True
2021-09-17 04:00:00+00:00,2021-09-21 03:00:00+00:00,2021-09-20 23:00:00-04:00,96,71.0,67.22146591606858,boost_5y_linear_aligned,True
2021-09-17 04:00:00+00:00,2021-09-21 04:00:00+00:00,2021-09-21 00:00:00-04:00,97,70.0,66.50771155676956,boost_5y_linear_aligned,True
2021-09-17 04:00:00+00:00,2021-09-21 05:00:00+00:00,2021-09-21 01:00:00-04:00,98,68.0,65.86310724056402,boost_5y_linear_aligned,True
2021-09-17 04:00:00+00:00,2021-09-21 06:00:00+00:00,2021-09-21 02:00:00-04:00,99,68.0,65.3532529377393,boost_5y_linear_aligned,True
2021-09-17 04:00:00+00:00,2021-09-21 07:00:00+00:00,2021-09-21 03:00:00-04:00,100,68.0,64.85279746143263,boost_5y_linear_aligned,True
2021-09-17 04:00:00+00:00,2021-09-21 08:00:00+00:00,2021-09-21 04:00:00-04:00,101,67.0,64.3205131516742,boost_5y_linear_aligned,True
2021-09-17 04:00:00+00:00,2021-09-21 09:00:00+00:00,2021-09-21 05:00:00-04:00,102,67.0,64.03732230330617,boost_5y_linear_aligned,True
2021-09-17 04:00:00+00:00,2021-09-21 10:00:00+00:00,2021-09-21 06:00:00-04:00,103,68.0,63.924652810871855,boost_5y_linear_aligned,True
2021-09-17 04:00:00+00:00,2021-09-21 11:00:00+00:00,2021-09-21 07:00:00-04:00,104,68.0,64.80554609361431,boost_5y_linear_aligned,True
2021-09-17 04:00:00+00:00,2021-09-21 12:00:00+00:00,2021-09-21 08:00:00-04:00,105,71.0,67.54765168742527,boost_5y_linear_aligned,True
2021-09-17 04:00:00+00:00,2021-09-21 13:00:00+00:00,2021-09-21 09:00:00-04:00,106,73.0,70.49957801518799,boost_5y_linear_aligned,True
2021-09-17 04:00:00+00:00,2021-09-21 14:00:00+00:00,2021-09-21 10:00:00-04:00,107,75.0,72.90999061129565,boost_5y_linear_aligned,True
2021-09-17 04:00:00+00:00,2021-09-21 15:00:00+00:00,2021-09-21 11:00:00-04:00,108,77.0,74.95572952449834,boost_5y_linear_aligned,True
2021-09-17 04:00:00+00:00,2021-09-21 16:00:00+00:00,2021-09-21 12:00:00-04:00,109,78.0,76.21608289666176,boost_5y_linear_aligned,True
2021-09-17 04:00:00+00:00,2021-09-21 17:00:00+00:00,2021-09-21 13:00:00-04:00,110,80.0,77.37037387235307,boost_5y_linear_aligned,True
2021-09-17 04:00:00+00:00,2021-09-21 18:00:00+00:00,2021-09-21 14:00:00-04:00,111,77.0,78.08792687512693,boost_5y_linear_aligned,True
2021-09-17 04:00:00+00:00,2021-09-21 19:00:00+00:00,2021-09-21 15:00:00-04:00,112,75.0,78.02921792161825,boost_5y_linear_aligned,True
2021-09-17 04:00:00+00:00,2021-09-21 20:00:00+00:00,2021-09-21 16:00:00-04:00,113,75.0,77.619083452683,boost_5y_linear_aligned,True
2021-09-17 04:00:00+00:00,2021-09-21 21:00:00+00:00,2021-09-21 17:00:00-04:00,114,74.0,76.69147811210735,boost_5y_linear_aligned,True
2021-09-17 04:00:00+00:00,2021-09-21 22:00:00+00:00,2021-09-21 18:00:00-04:00,115,74.0,74.14793392410813,boost_5y_linear_aligned,True
2021-09-17 04:00:00+00:00,2021-09-21 23:00:00+00:00,2021-09-21 19:00:00-04:00,116,74.0,71.27442481514103,boost_5y_linear_aligned,True
2021-09-17 04:00:00+00:00,2021-09-22 00:00:00+00:00,2021-09-21 20:00:00-04:00,117,74.0,69.74583748954366,boost_5y_linear_aligned,True
2021-09-17 04:00:00+00:00,2021-09-22 01:00:00+00:00,2021-09-21 21:00:00-04:00,118,75.0,68.36692205912242,boost_5y_linear_aligned,True
2021-09-17 04:00:00+00:00,2021-09-22 02:00:00+00:00,2021-09-21 22:00:00-04:00,119,73.0,67.60308295882982,boost_5y_linear_aligned,True
2021-09-17 04:00:00+00:00,2021-09-22 03:00:00+00:00,2021-09-21 23:00:00-04:00,120,73.0,66.96934527412338,boost_5y_linear_aligned,True
2021-09-17 04:00:00+00:00,2021-09-22 04:00:00+00:00,2021-09-22 00:00:00-04:00,121,73.0,66.39771380334936,boost_5y_linear_aligned,True
2021-09-17 04:00:00+00:00,2021-09-22 05:00:00+00:00,2021-09-22 01:00:00-04:00,122,73.0,66.01931377730793,boost_5y_linear_aligned,True
2021-09-17 04:00:00+00:00,2021-09-22 06:00:00+00:00,2021-09-22 02:00:00-04:00,123,73.0,65.48012683287324,boost_5y_linear_aligned,True
2021-09-17 04:00:00+00:00,2021-09-22 07:00:00+00:00,2021-09-22 03:00:00-04:00,124,74.0,64.84966888815767,boost_5y_linear_aligned,True
2021-09-17 04:00:00+00:00,2021-09-22 08:00:00+00:00,2021-09-22 04:00:00-04:00,125,74.0,64.44556703112558,boost_5y_linear_aligned,True
2021-09-17 04:00:00+00:00,2021-09-22 09:00:00+00:00,2021-09-22 05:00:00-04:00,126,74.0,64.13078072454215,boost_5y_linear_aligned,True
2021-09-17 04:00:00+00:00,2021-09-22 10:00:00+00:00,2021-09-22 06:00:00-04:00,127,74.0,63.62646502821825,boost_5y_linear_aligned,True
2021-09-17 04:00:00+00:00,2021-09-22 11:00:00+00:00,2021-09-22 07:00:00-04:00,128,74.0,64.53354826104514,boost_5y_linear_aligned,True
2021-09-17 04:00:00+00:00,2021-09-22 12:00:00+00:00,2021-09-22 08:00:00-04:00,129,76.0,67.29600490785043,boost_5y_linear_aligned,True
2021-09-17 04:00:00+00:00,2021-09-22 13:00:00+00:00,2021-09-22 09:00:00-04:00,130,75.0,70.41158965706981,boost_5y_linear_aligned,True
2021-09-17 04:00:00+00:00,2021-09-22 14:00:00+00:00,2021-09-22 10:00:00-04:00,131,76.0,73.04667633331486,boost_5y_linear_aligned,True
2021-09-17 04:00:00+00:00,2021-09-22 15:00:00+00:00,2021-09-22 11:00:00-04:00,132,77.0,75.15113775162646,boost_5y_linear_aligned,True
2021-09-17 04:00:00+00:00,2021-09-22 16:00:00+00:00,2021-09-22 12:00:00-04:00,133,76.0,76.69575083928515,boost_5y_linear_aligned,True
2021-09-17 04:00:00+00:00,2021-09-22 17:00:00+00:00,2021-09-22 13:00:00-04:00,134,76.0,77.87057460000756,boost_5y_linear_aligned,True
2021-09-17 04:00:00+00:00,2021-09-22 18:00:00+00:00,2021-09-22 14:00:00-04:00,135,78.0,78.68953162502504,boost_5y_linear_aligned,True
2021-09-17 04:00:00+00:00,2021-09-22 19:00:00+00:00,2021-09-22 15:00:00-04:00,136,78.0,78.52231913834207,boost_5y_linear_aligned,True
2021-09-17 04:00:00+00:00,2021-09-22 20:00:00+00:00,2021-09-22 16:00:00-04:00,137,80.0,78.05381487229715,boost_5y_linear_aligned,True
2021-09-17 04:00:00+00:00,2021-09-22 21:00:00+00:00,2021-09-22 17:00:00-04:00,138,78.0,77.06086595731826,boost_5y_linear_aligned,True
2021-09-17 04:00:00+00:00,2021-09-22 22:00:00+00:00,2021-09-22 18:00:00-04:00,139,76.0,74.36208154185509,boost_5y_linear_aligned,True
2021-09-17 04:00:00+00:00,2021-09-22 23:00:00+00:00,2021-09-22 19:00:00-04:00,140,75.0,71.12088795948708,boost_5y_linear_aligned,True
2021-09-17 04:00:00+00:00,2021-09-23 00:00:00+00:00,2021-09-22 20:00:00-04:00,141,75.0,69.57373681468746,boost_5y_linear_aligned,True
2021-09-17 04:00:00+00:00,2021-09-23 01:00:00+00:00,2021-09-22 21:00:00-04:00,142,75.0,68.26965948321319,boost_5y_linear_aligned,True
2021-09-17 04:00:00+00:00,2021-09-23 02:00:00+00:00,2021-09-22 22:00:00-04:00,143,74.0,67.43838710084329,boost_5y_linear_aligned,True
2021-09-17 04:00:00+00:00,2021-09-23 03:00:00+00:00,2021-09-22 23:00:00-04:00,144,74.0,66.82366258515839,boost_5y_linear_aligned,True
2021-09-17 04:00:00+00:00,2021-09-23 04:00:00+00:00,2021-09-23 00:00:00-04:00,145,63.0,66.07302312792991,boost_5y_linear_aligned,True
2021-09-17 04:00:00+00:00,2021-09-23 05:00:00+00:00,2021-09-23 01:00:00-04:00,146,62.0,65.32714816936338,boost_5y_linear_aligned,True
2021-09-17 04:00:00+00:00,2021-09-23 06:00:00+00:00,2021-09-23 02:00:00-04:00,147,61.0,64.74774851161303,boost_5y_linear_aligned,True
2021-09-17 04:00:00+00:00,2021-09-23 07:00:00+00:00,2021-09-23 03:00:00-04:00,148,61.0,64.12484775466748,boost_5y_linear_aligned,True
2021-09-17 04:00:00+00:00,2021-09-23 08:00:00+00:00,2021-09-23 04:00:00-04:00,149,61.0,63.74848307521907,boost_5y_linear_aligned,True
2021-09-17 04:00:00+00:00,2021-09-23 09:00:00+00:00,2021-09-23 05:00:00-04:00,150,60.0,63.4095582794901,boost_5y_linear_aligned,True
2021-09-17 04:00:00+00:00,2021-09-23 10:00:00+00:00,2021-09-23 06:00:00-04:00,151,61.0,63.17658478293087,boost_5y_linear_aligned,True
2021-09-17 04:00:00+00:00,2021-09-23 11:00:00+00:00,2021-09-23 07:00:00-04:00,152,60.0,64.12796477828167,boost_5y_linear_aligned,True
2021-09-17 04:00:00+00:00,2021-09-23 12:00:00+00:00,2021-09-23 08:00:00-04:00,153,63.0,66.93754319894067,boost_5y_linear_aligned,True
2021-09-17 04:00:00+00:00,2021-09-23 13:00:00+00:00,2021-09-23 09:00:00-04:00,154,67.0,69.85892592363552,boost_5y_linear_aligned,True
2021-09-17 04:00:00+00:00,2021-09-23 14:00:00+00:00,2021-09-23 10:00:00-04:00,155,69.0,72.67284736757594,boost_5y_linear_aligned,True
2021-09-17 04:00:00+00:00,2021-09-23 15:00:00+00:00,2021-09-23 11:00:00-04:00,156,71.0,74.70186697560708,boost_5y_linear_aligned,True
2021-09-17 04:00:00+00:00,2021-09-23 16:00:00+00:00,2021-09-23 12:00:00-04:00,157,74.0,76.34211155189878,boost_5y_linear_aligned,True
2021-09-17 04:00:00+00:00,2021-09-23 17:00:00+00:00,2021-09-23 13:00:00-04:00,158,74.0,77.64436374390166,boost_5y_linear_aligned,True
2021-09-17 04:00:00+00:00,2021-09-23 18:00:00+00:00,2021-09-23 14:00:00-04:00,159,75.0,78.41002785878938,boost_5y_linear_aligned,True
2021-09-17 04:00:00+00:00,2021-09-23 19:00:00+00:00,2021-09-23 15:00:00-04:00,160,75.0,78.26633121076073,boost_5y_linear_aligned,True
2021-09-17 04:00:00+00:00,2021-09-23 20:00:00+00:00,2021-09-23 16:00:00-04:00,161,75.0,77.86648893424606,boost_5y_linear_aligned,True
2021-09-17 04:00:00+00:00,2021-09-23 21:00:00+00:00,2021-09-23 17:00:00-04:00,162,74.0,76.77653478890066,boost_5y_linear_aligned,True
2021-09-17 04:00:00+00:00,2021-09-23 22:00:00+00:00,2021-09-23 18:00:00-04:00,163,71.0,74.01262787436201,boost_5y_linear_aligned,True
2021-09-17 04:00:00+00:00,2021-09-23 23:00:00+00:00,2021-09-23 19:00:00-04:00,164,67.0,70.93257580193259,boost_5y_linear_aligned,True
2021-09-17 04:00:00+00:00,2021-09-24 00:00:00+00:00,2021-09-23 20:00:00-04:00,165,63.0,69.46347055324532,boost_5y_linear_aligned,True
2021-09-17 04:00:00+00:00,2021-09-24 01:00:00+00:00,2021-09-23 21:00:00-04:00,166,62.0,68.22395079248169,boost_5y_linear_aligned,True
2021-09-17 04:00:00+00:00,2021-09-24 02:00:00+00:00,2021-09-23 22:00:00-04:00,167,59.0,67.47684583232034,boost_5y_linear_aligned,True
2021-09-17 04:00:00+00:00,2021-09-24 03:00:00+00:00,2021-09-23 23:00:00-04:00,168,57.0,66.93060275308035,boost_5y_linear_aligned,True
2021-09-17 04:00:00+00:00,2021-09-24 04:00:00+00:00,2021-09-24 00:00:00-04:00,169,56.0,66.28666132994717,boost_5y_linear_aligned,True
2021-09-17 04:00:00+00:00,2021-09-24 05:00:00+00:00,2021-09-24 01:00:00-04:00,170,54.0,65.42481287590395,boost_5y_linear_aligned,True
2021-09-17 04:00:00+00:00,2021-09-24 06:00:00+00:00,2021-09-24 02:00:00-04:00,171,54.0,64.78506205866195,boost_5y_linear_aligned,True
2021-09-17 04:00:00+00:00,2021-09-24 07:00:00+00:00,2021-09-24 03:00:00-04:00,172,52.0,63.99247595011674,boost_5y_linear_aligned,True
2021-09-17 04:00:00+00:00,2021-09-24 08:00:00+00:00,2021-09-24 04:00:00-04:00,173,53.0,63.61612246589454,boost_5y_linear_aligned,True
2021-09-17 04:00:00+00:00,2021-09-24 09:00:00+00:00,2021-09-24 05:00:00-04:00,174,53.0,63.33510352002223,boost_5y_linear_aligned,True
2021-09-17 04:00:00+00:00,2021-09-24 10:00:00+00:00,2021-09-24 06:00:00-04:00,175,51.0,63.10148418641017,boost_5y_linear_aligned,True
2021-09-17 04:00:00+00:00,2021-09-24 11:00:00+00:00,2021-09-24 07:00:00-04:00,176,54.0,63.91059091453245,boost_5y_linear_aligned,True
2021-09-17 04:00:00+00:00,2021-09-24 12:00:00+00:00,2021-09-24 08:00:00-04:00,177,57.0,66.77899288422925,boost_5y_linear_aligned,True
2021-09-17 04:00:00+00:00,2021-09-24 13:00:00+00:00,2021-09-24 09:00:00-04:00,178,63.0,69.85116782200335,boost_5y_linear_aligned,True
2021-09-17 04:00:00+00:00,2021-09-24 14:00:00+00:00,2021-09-24 10:00:00-04:00,179,67.0,72.66453456169043,boost_5y_linear_aligned,True
2021-09-17 04:00:00+00:00,2021-09-24 15:00:00+00:00,2021-09-24 11:00:00-04:00,180,70.0,74.63171388628882,boost_5y_linear_aligned,True
2021-09-17 04:00:00+00:00,2021-09-24 16:00:00+00:00,2021-09-24 12:00:00-04:00,181,71.0,76.37750869921344,boost_5y_linear_aligned,True
2021-09-17 04:00:00+00:00,2021-09-24 17:00:00+00:00,2021-09-24 13:00:00-04:00,182,74.0,77.70425127379498,boost_5y_linear_aligned,True
2021-09-17 04:00:00+00:00,2021-09-24 18:00:00+00:00,2021-09-24 14:00:00-04:00,183,74.0,78.48019719073501,boost_5y_linear_aligned,True
2021-09-17 04:00:00+00:00,2021-09-24 19:00:00+00:00,2021-09-24 15:00:00-04:00,184,75.0,78.46920711118439,boost_5y_linear_aligned,True
2021-09-17 04:00:00+00:00,2021-09-24 20:00:00+00:00,2021-09-24 16:00:00-04:00,185,75.0,78.05673481003792,boost_5y_linear_aligned,True
2021-09-17 04:00:00+00:00,2021-09-24 21:00:00+00:00,2021-09-24 17:00:00-04:00,186,73.0,76.86959797300142,boost_5y_linear_aligned,True
2021-09-17 04:00:00+00:00,2021-09-24 22:00:00+00:00,2021-09-24 18:00:00-04:00,187,69.0,74.0375675503455,boost_5y_linear_aligned,True
2021-09-17 04:00:00+00:00,2021-09-24 23:00:00+00:00,2021-09-24 19:00:00-04:00,188,62.0,70.86050011998199,boost_5y_linear_aligned,True
2021-09-17 04:00:00+00:00,2021-09-25 00:00:00+00:00,2021-09-24 20:00:00-04:00,189,59.0,69.32184611075593,boost_5y_linear_aligned,True
2021-09-17 04:00:00+00:00,2021-09-25 01:00:00+00:00,2021-09-24 21:00:00-04:00,190,58.0,68.09848609979576,boost_5y_linear_aligned,True
2021-09-17 04:00:00+00:00,2021-09-25 02:00:00+00:00,2021-09-24 22:00:00-04:00,191,57.0,67.24439858587708,boost_5y_linear_aligned,True
2021-09-17 04:00:00+00:00,2021-09-25 03:00:00+00:00,2021-09-24 23:00:00-04:00,192,55.0,66.60698304499584,boost_5y_linear_aligned,True
2021-09-17 04:00:00+00:00,2021-09-25 04:00:00+00:00,2021-09-25 00:00:00-04:00,193,53.0,65.98882445894485,boost_5y_linear_aligned,True
2021-09-17 04:00:00+00:00,2021-09-25 05:00:00+00:00,2021-09-25 01:00:00-04:00,194,53.0,65.21296234041607,boost_5y_linear_aligned,True
2021-09-17 04:00:00+00:00,2021-09-25 06:00:00+00:00,2021-09-25 02:00:00-04:00,195,52.0,64.62542499954873,boost_5y_linear_aligned,True
2021-09-17 04:00:00+00:00,2021-09-25 07:00:00+00:00,2021-09-25 03:00:00-04:00,196,51.0,63.86604379881413,boost_5y_linear_aligned,True
2021-09-17 04:00:00+00:00,2021-09-25 08:00:00+00:00,2021-09-25 04:00:00-04:00,197,50.0,63.50541597188665,boost_5y_linear_aligned,True
2021-09-17 04:00:00+00:00,2021-09-25 09:00:00+00:00,2021-09-25 05:00:00-04:00,198,50.0,63.288977478783664,boost_5y_linear_aligned,True
2021-09-17 04:00:00+00:00,2021-09-25 10:00:00+00:00,2021-09-25 06:00:00-04:00,199,50.0,63.06917983779703,boost_5y_linear_aligned,True
2021-09-17 04:00:00+00:00,2021-09-25 11:00:00+00:00,2021-09-25 07:00:00-04:00,200,52.0,63.89510635024751,boost_5y_linear_aligned,True
2021-09-17 04:00:00+00:00,2021-09-25 12:00:00+00:00,2021-09-25 08:00:00-04:00,201,59.0,66.66079818992138,boost_5y_linear_aligned,True
2021-09-17 04:00:00+00:00,2021-09-25 13:00:00+00:00,2021-09-25 09:00:00-04:00,202,65.0,69.7486054778209,boost_5y_linear_aligned,True
2021-09-17 04:00:00+00:00,2021-09-25 14:00:00+00:00,2021-09-25 10:00:00-04:00,203,70.0,72.70203486257911,boost_5y_linear_aligned,True
2021-09-17 04:00:00+00:00,2021-09-25 15:00:00+00:00,2021-09-25 11:00:00-04:00,204,72.0,74.7561934285621,boost_5y_linear_aligned,True
2021-09-17 04:00:00+00:00,2021-09-25 16:00:00+00:00,2021-09-25 12:00:00-04:00,205,74.0,76.5437214787475,boost_5y_linear_aligned,True
2021-09-17 04:00:00+00:00,2021-09-25 17:00:00+00:00,2021-09-25 13:00:00-04:00,206,76.0,77.91779839779834,boost_5y_linear_aligned,True
2021-09-17 04:00:00+00:00,2021-09-25 18:00:00+00:00,2021-09-25 14:00:00-04:00,207,78.0,78.64255188773168,boost_5y_linear_aligned,True
2021-09-17 04:00:00+00:00,2021-09-25 19:00:00+00:00,2021-09-25 15:00:00-04:00,208,78.0,78.60775029150824,boost_5y_linear_aligned,True
2021-09-17 04:00:00+00:00,2021-09-25 20:00:00+00:00,2021-09-25 16:00:00-04:00,209,74.0,78.19562503239597,boost_5y_linear_aligned,True
2021-09-17 04:00:00+00:00,2021-09-25 21:00:00+00:00,2021-09-25 17:00:00-04:00,210,76.0,77.0367124317311,boost_5y_linear_aligned,True
2021-09-17 04:00:00+00:00,2021-09-25 22:00:00+00:00,2021-09-25 18:00:00-04:00,211,71.0,74.19084207412507,boost_5y_linear_aligned,True
2021-09-17 04:00:00+00:00,2021-09-25 23:00:00+00:00,2021-09-25 19:00:00-04:00,212,64.0,70.94618471149195,boost_5y_linear_aligned,True
2021-09-17 04:00:00+00:00,2021-09-26 00:00:00+00:00,2021-09-25 20:00:00-04:00,213,62.0,69.33980655529692,boost_5y_linear_aligned,True
2021-09-17 04:00:00+00:00,2021-09-26 01:00:00+00:00,2021-09-25 21:00:00-04:00,214,61.0,68.19198716137906,boost_5y_linear_aligned,True
2021-09-17 04:00:00+00:00,2021-09-26 02:00:00+00:00,2021-09-25 22:00:00-04:00,215,59.0,67.32214959003608,boost_5y_linear_aligned,True
2021-09-17 04:00:00+00:00,2021-09-26 03:00:00+00:00,2021-09-25 23:00:00-04:00,216,58.0,66.67468435395054,boost_5y_linear_aligned,True
2021-09-17 04:00:00+00:00,2021-09-26 04:00:00+00:00,2021-09-26 00:00:00-04:00,217,57.0,66.22445183421699,boost_5y_linear_aligned,True
2021-09-17 04:00:00+00:00,2021-09-26 05:00:00+00:00,2021-09-26 01:00:00-04:00,218,57.0,65.33474442016063,boost_5y_linear_aligned,True
2021-09-17 04:00:00+00:00,2021-09-26 06:00:00+00:00,2021-09-26 02:00:00-04:00,219,56.0,64.71902033701402,boost_5y_linear_aligned,True
2021-09-17 04:00:00+00:00,2021-09-26 07:00:00+00:00,2021-09-26 03:00:00-04:00,220,55.0,63.91977675651151,boost_5y_linear_aligned,True
2021-09-17 04:00:00+00:00,2021-09-26 08:00:00+00:00,2021-09-26 04:00:00-04:00,221,54.0,63.543844937330945,boost_5y_linear_aligned,True
2021-09-17 04:00:00+00:00,2021-09-26 09:00:00+00:00,2021-09-26 05:00:00-04:00,222,53.0,63.18502590797723,boost_5y_linear_aligned,True
2021-09-17 04:00:00+00:00,2021-09-26 10:00:00+00:00,2021-09-26 06:00:00-04:00,223,51.0,62.942217886810866,boost_5y_linear_aligned,True
2021-09-17 04:00:00+00:00,2021-09-26 11:00:00+00:00,2021-09-26 07:00:00-04:00,224,55.0,63.73855269021606,boost_5y_linear_aligned,True
2021-09-17 04:00:00+00:00,2021-09-26 12:00:00+00:00,2021-09-26 08:00:00-04:00,225,61.0,66.7456907968903,boost_5y_linear_aligned,True
2021-09-17 04:00:00+00:00,2021-09-26 13:00:00+00:00,2021-09-26 09:00:00-04:00,226,68.0,69.98528805772865,boost_5y_linear_aligned,True
2021-09-17 04:00:00+00:00,2021-09-26 14:00:00+00:00,2021-09-26 10:00:00-04:00,227,71.0,72.90685885706434,boost_5y_linear_aligned,True
2021-09-17 04:00:00+00:00,2021-09-26 15:00:00+00:00,2021-09-26 11:00:00-04:00,228,72.0,75.081345761274,boost_5y_linear_aligned,True
2021-09-17 04:00:00+00:00,2021-09-26 16:00:00+00:00,2021-09-26 12:00:00-04:00,229,74.0,76.8921782374802,boost_5y_linear_aligned,True
2021-09-17 04:00:00+00:00,2021-09-26 17:00:00+00:00,2021-09-26 13:00:00-04:00,230,75.0,78.3027879846538,boost_5y_linear_aligned,True
2021-09-17 04:00:00+00:00,2021-09-26 18:00:00+00:00,2021-09-26 14:00:00-04:00,231,77.0,79.17343357838853,boost_5y_linear_aligned,True
2021-09-17 04:00:00+00:00,2021-09-26 19:00:00+00:00,2021-09-26 15:00:00-04:00,232,76.0,79.10416574133787,boost_5y_linear_aligned,True
2021-09-17 04:00:00+00:00,2021-09-26 20:00:00+00:00,2021-09-26 16:00:00-04:00,233,77.0,78.84094911545725,boost_5y_linear_aligned,True
2021-09-17 04:00:00+00:00,2021-09-26 21:00:00+00:00,2021-09-26 17:00:00-04:00,234,75.0,77.59745570509435,boost_5y_linear_aligned,True
2021-09-17 04:00:00+00:00,2021-09-26 22:00:00+00:00,2021-09-26 18:00:00-04:00,235,70.0,74.43080093498621,boost_5y_linear_aligned,True
2021-09-17 04:00:00+00:00,2021-09-26 23:00:00+00:00,2021-09-26 19:00:00-04:00,236,64.0,71.20852631010045,boost_5y_linear_aligned,True
2021-09-17 04:00:00+00:00,2021-09-27 00:00:00+00:00,2021-09-26 20:00:00-04:00,237,62.0,69.56003075412198,boost_5y_linear_aligned,True
2021-09-17 04:00:00+00:00,2021-09-27 01:00:00+00:00,2021-09-26 21:00:00-04:00,238,59.0,68.28844439920132,boost_5y_linear_aligned,True
2021-09-17 04:00:00+00:00,2021-09-27 02:00:00+00:00,2021-09-26 22:00:00-04:00,239,57.0,67.5368943278276,boost_5y_linear_aligned,True
2021-09-17 04:00:00+00:00,2021-09-27 03:00:00+00:00,2021-09-26 23:00:00-04:00,240,56.0,66.95157003761429,boost_5y_linear_aligned,True
2021-09-17 04:00:00+00:00,2021-09-27 04:00:00+00:00,2021-09-27 00:00:00-04:00,241,56.0,66.27930690769404,boost_5y_linear_aligned,True
2021-09-17 04:00:00+00:00,2021-09-27 05:00:00+00:00,2021-09-27 01:00:00-04:00,242,55.0,65.36789485086736,boost_5y_linear_aligned,True
2021-09-17 04:00:00+00:00,2021-09-27 06:00:00+00:00,2021-09-27 02:00:00-04:00,243,55.0,64.82890812734739,boost_5y_linear_aligned,True
2021-09-17 04:00:00+00:00,2021-09-27 07:00:00+00:00,2021-09-27 03:00:00-04:00,244,52.0,64.00985767022671,boost_5y_linear_aligned,True
2021-09-17 04:00:00+00:00,2021-09-27 08:00:00+00:00,2021-09-27 04:00:00-04:00,245,53.0,63.62739040672459,boost_5y_linear_aligned,True
2021-09-17 04:00:00+00:00,2021-09-27 09:00:00+00:00,2021-09-27 05:00:00-04:00,246,53.0,63.24247183460234,boost_5y_linear_aligned,True
2021-09-17 04:00:00+00:00,2021-09-27 10:00:00+00:00,2021-09-27 06:00:00-04:00,247,52.0,62.97084475454371,boost_5y_linear_aligned,True
2021-09-17 04:00:00+00:00,2021-09-27 11:00:00+00:00,2021-09-27 07:00:00-04:00,248,54.0,63.72483493567528,boost_5y_linear_aligned,True
2021-09-17 04:00:00+00:00,2021-09-27 12:00:00+00:00,2021-09-27 08:00:00-04:00,249,63.0,66.92393182145739,boost_5y_linear_aligned,True
2021-09-17 04:00:00+00:00,2021-09-27 13:00:00+00:00,2021-09-27 09:00:00-04:00,250,69.0,70.18676385270541,boost_5y_linear_aligned,True
2021-09-17 04:00:00+00:00,2021-09-27 14:00:00+00:00,2021-09-27 10:00:00-04:00,251,75.0,73.19501100890614,boost_5y_linear_aligned,True
2021-09-17 04:00:00+00:00,2021-09-27 15:00:00+00:00,2021-09-27 11:00:00-04:00,252,79.0,75.4076323339704,boost_5y_linear_aligned,True
2021-09-17 04:00:00+00:00,2021-09-27 16:00:00+00:00,2021-09-27 12:00:00-04:00,253,81.0,77.27902131012729,boost_5y_linear_aligned,True
2021-09-17 04:00:00+00:00,2021-09-27 17:00:00+00:00,2021-09-27 13:00:00-04:00,254,83.0,78.7529989611326,boost_5y_linear_aligned,True
2021-09-17 04:00:00+00:00,2021-09-27 18:00:00+00:00,2021-09-27 14:00:00-04:00,255,83.0,79.59469315740324,boost_5y_linear_aligned,True
2021-09-17 04:00:00+00:00,2021-09-27 19:00:00+00:00,2021-09-27 15:00:00-04:00,256,83.0,79.49974901502702,boost_5y_linear_aligned,True
2021-09-17 04:00:00+00:00,2021-09-27 20:00:00+00:00,2021-09-27 16:00:00-04:00,257,83.0,79.07711138072388,boost_5y_linear_aligned,True
2021-09-17 04:00:00+00:00,2021-09-27 21:00:00+00:00,2021-09-27 17:00:00-04:00,258,80.0,77.78452417760246,boost_5y_linear_aligned,True
2021-09-17 04:00:00+00:00,2021-09-27 22:00:00+00:00,2021-09-27 18:00:00-04:00,259,75.0,74.49487200867128,boost_5y_linear_aligned,True
2021-09-17 04:00:00+00:00,2021-09-27 23:00:00+00:00,2021-09-27 19:00:00-04:00,260,72.0,71.33784005727989,boost_5y_linear_aligned,True
2021-09-17 04:00:00+00:00,2021-09-28 00:00:00+00:00,2021-09-27 20:00:00-04:00,261,70.0,69.55329578835719,boost_5y_linear_aligned,True
2021-09-17 04:00:00+00:00,2021-09-28 01:00:00+00:00,2021-09-27 21:00:00-04:00,262,66.0,68.27432861957759,boost_5y_linear_aligned,True
2021-09-17 04:00:00+00:00,2021-09-28 02:00:00+00:00,2021-09-27 22:00:00-04:00,263,66.0,67.5476813172596,boost_5y_linear_aligned,True
2021-09-17 04:00:00+00:00,2021-09-28 03:00:00+00:00,2021-09-27 23:00:00-04:00,264,63.0,67.03810723363888,boost_5y_linear_aligned,True
2021-09-17 04:00:00+00:00,2021-09-28 04:00:00+00:00,2021-09-28 00:00:00-04:00,265,63.0,66.2583434328803,boost_5y_linear_aligned,True
2021-09-17 04:00:00+00:00,2021-09-28 05:00:00+00:00,2021-09-28 01:00:00-04:00,266,60.0,65.33116489035994,boost_5y_linear_aligned,True
2021-09-17 04:00:00+00:00,2021-09-28 06:00:00+00:00,2021-09-28 02:00:00-04:00,267,62.0,64.75060193769845,boost_5y_linear_aligned,True
2021-09-17 04:00:00+00:00,2021-09-28 07:00:00+00:00,2021-09-28 03:00:00-04:00,268,61.0,63.98332166543391,boost_5y_linear_aligned,True
2021-09-17 04:00:00+00:00,2021-09-28 08:00:00+00:00,2021-09-28 04:00:00-04:00,269,61.0,63.615991160586944,boost_5y_linear_aligned,True
2021-09-17 04:00:00+00:00,2021-09-28 09:00:00+00:00,2021-09-28 05:00:00-04:00,270,60.0,63.2014697905972,boost_5y_linear_aligned,True
2021-09-17 04:00:00+00:00,2021-09-28 10:00:00+00:00,2021-09-28 06:00:00-04:00,271,59.0,62.90065534643702,boost_5y_linear_aligned,True
2021-09-17 04:00:00+00:00,2021-09-28 11:00:00+00:00,2021-09-28 07:00:00-04:00,272,61.0,63.55979233639483,boost_5y_linear_aligned,True
2021-09-17 04:00:00+00:00,2021-09-28 12:00:00+00:00,2021-09-28 08:00:00-04:00,273,66.0,66.76294685013357,boost_5y_linear_aligned,True
2021-09-17 04:00:00+00:00,2021-09-28 13:00:00+00:00,2021-09-28 09:00:00-04:00,274,73.0,70.04514674273038,boost_5y_linear_aligned,True
2021-09-17 04:00:00+00:00,2021-09-28 14:00:00+00:00,2021-09-28 10:00:00-04:00,275,78.0,73.20832127305587,boost_5y_linear_aligned,True
2021-09-17 04:00:00+00:00,2021-09-28 15:00:00+00:00,2021-09-28 11:00:00-04:00,276,82.0,75.56689792999119,boost_5y_linear_aligned,True
2021-09-17 04:00:00+00:00,2021-09-28 16:00:00+00:00,2021-09-28 12:00:00-04:00,277,85.0,77.40705023268892,boost_5y_linear_aligned,True
2021-09-17 04:00:00+00:00,2021-09-28 17:00:00+00:00,2021-09-28 13:00:00-04:00,278,86.0,78.89174965042471,boost_5y_linear_aligned,True
2021-09-17 04:00:00+00:00,2021-09-28 18:00:00+00:00,2021-09-28 14:00:00-04:00,279,86.0,79.8014390546599,boost_5y_linear_aligned,True
2021-09-17 04:00:00+00:00,2021-09-28 19:00:00+00:00,2021-09-28 15:00:00-04:00,280,86.0,79.68596373905716,boost_5y_linear_aligned,True
2021-09-17 04:00:00+00:00,2021-09-28 20:00:00+00:00,2021-09-28 16:00:00-04:00,281,84.0,79.17045087442267,boost_5y_linear_aligned,True
2021-09-17 04:00:00+00:00,2021-09-28 21:00:00+00:00,2021-09-28 17:00:00-04:00,282,82.0,77.78823410569825,boost_5y_linear_aligned,True
2021-09-17 04:00:00+00:00,2021-09-28 22:00:00+00:00,2021-09-28 18:00:00-04:00,283,77.0,74.41869925852711,boost_5y_linear_aligned,True
2021-09-17 04:00:00+00:00,2021-09-28 23:00:00+00:00,2021-09-28 19:00:00-04:00,284,73.0,71.25353773796257,boost_5y_linear_aligned,True
2021-09-17 04:00:00+00:00,2021-09-29 00:00:00+00:00,2021-09-28 20:00:00-04:00,285,70.0,69.48180591289642,boost_5y_linear_aligned,True
2021-09-17 04:00:00+00:00,2021-09-29 01:00:00+00:00,2021-09-28 21:00:00-04:00,286,69.0,68.21378242772265,boost_5y_linear_aligned,True
2021-09-17 04:00:00+00:00,2021-09-29 02:00:00+00:00,2021-09-28 22:00:00-04:00,287,69.0,67.49694027320521,boost_5y_linear_aligned,True
2021-09-17 04:00:00+00:00,2021-09-29 03:00:00+00:00,2021-09-28 23:00:00-04:00,288,67.0,67.03465537167371,boost_5y_linear_aligned,True
2021-09-17 04:00:00+00:00,2021-09-29 04:00:00+00:00,2021-09-29 00:00:00-04:00,289,68.0,66.13978883179658,boost_5y_linear_aligned,True
2021-09-17 04:00:00+00:00,2021-09-29 05:00:00+00:00,2021-09-29 01:00:00-04:00,290,64.0,65.22537838050953,boost_5y_linear_aligned,True
2021-09-17 04:00:00+00:00,2021-09-29 06:00:00+00:00,2021-09-29 02:00:00-04:00,291,65.0,64.65758820986008,boost_5y_linear_aligned,True
2021-09-17 04:00:00+00:00,2021-09-29 07:00:00+00:00,2021-09-29 03:00:00-04:00,292,65.0,63.83641870479236,boost_5y_linear_aligned,True
2021-09-17 04:00:00+00:00,2021-09-29 08:00:00+00:00,2021-09-29 04:00:00-04:00,293,64.0,63.410525559051266,boost_5y_linear_aligned,True
2021-09-17 04:00:00+00:00,2021-09-29 09:00:00+00:00,2021-09-29 05:00:00-04:00,294,63.0,62.95912851877609,boost_5y_linear_aligned,True
2021-09-17 04:00:00+00:00,2021-09-29 10:00:00+00:00,2021-09-29 06:00:00-04:00,295,62.0,62.67488896608928,boost_5y_linear_aligned,True
2021-09-17 04:00:00+00:00,2021-09-29 11:00:00+00:00,2021-09-29 07:00:00-04:00,296,65.0,63.35749296277267,boost_5y_linear_aligned,True
2021-09-17 04:00:00+00:00,2021-09-29 12:00:00+00:00,2021-09-29 08:00:00-04:00,297,69.0,66.56053590759582,boost_5y_linear_aligned,True
2021-09-17 04:00:00+00:00,2021-09-29 13:00:00+00:00,2021-09-29 09:00:00-04:00,298,72.0,69.8085092996333,boost_5y_linear_aligned,True
2021-09-17 04:00:00+00:00,2021-09-29 14:00:00+00:00,2021-09-29 10:00:00-04:00,299,76.0,72.99938673211749,boost_5y_linear_aligned,True
2021-09-17 04:00:00+00:00,2021-09-29 15:00:00+00:00,2021-09-29 11:00:00-04:00,300,79.0,75.34332986769408,boost_5y_linear_aligned,True
2021-09-17 04:00:00+00:00,2021-09-29 16:00:00+00:00,2021-09-29 12:00:00-04:00,301,80.0,77.18352944096222,boost_5y_linear_aligned,True
2021-09-17 04:00:00+00:00,2021-09-29 17:00:00+00:00,2021-09-29 13:00:00-04:00,302,81.0,78.70842405086546,boost_5y_linear_aligned,True
2021-09-17 04:00:00+00:00,2021-09-29 18:00:00+00:00,2021-09-29 14:00:00-04:00,303,81.0,79.61975464626603,boost_5y_linear_aligned,True
2021-09-17 04:00:00+00:00,2021-09-29 19:00:00+00:00,2021-09-29 15:00:00-04:00,304,83.0,79.67181406752182,boost_5y_linear_aligned,True
2021-09-17 04:00:00+00:00,2021-09-29 20:00:00+00:00,2021-09-29 16:00:00-04:00,305,82.0,79.28408254889953,boost_5y_linear_aligned,True
2021-09-17 04:00:00+00:00,2021-09-29 21:00:00+00:00,2021-09-29 17:00:00-04:00,306,79.0,77.81723835743917,boost_5y_linear_aligned,True
2021-09-17 04:00:00+00:00,2021-09-29 22:00:00+00:00,2021-09-29 18:00:00-04:00,307,76.0,74.38733059291027,boost_5y_linear_aligned,True
2021-09-17 04:00:00+00:00,2021-09-29 23:00:00+00:00,2021-09-29 19:00:00-04:00,308,73.0,71.14403772920937,boost_5y_linear_aligned,True
2021-09-17 04:00:00+00:00,2021-09-30 00:00:00+00:00,2021-09-29 20:00:00-04:00,309,71.0,69.4574201599121,boost_5y_linear_aligned,True
2021-09-17 04:00:00+00:00,2021-09-30 01:00:00+00:00,2021-09-29 21:00:00-04:00,310,71.0,68.14103767577319,boost_5y_linear_aligned,True
2021-09-17 04:00:00+00:00,2021-09-30 02:00:00+00:00,2021-09-29 22:00:00-04:00,311,70.0,67.53129183759542,boost_5y_linear_aligned,True
2021-09-17 04:00:00+00:00,2021-09-30 03:00:00+00:00,2021-09-29 23:00:00-04:00,312,69.0,67.0449714935743,boost_5y_linear_aligned,True
2021-09-17 04:00:00+00:00,2021-09-30 04:00:00+00:00,2021-09-30 00:00:00-04:00,313,70.0,66.19439801837252,boost_5y_linear_aligned,True
2021-09-17 04:00:00+00:00,2021-09-30 05:00:00+00:00,2021-09-30 01:00:00-04:00,314,69.0,65.19787463995462,boost_5y_linear_aligned,True
2021-09-17 04:00:00+00:00,2021-09-30 06:00:00+00:00,2021-09-30 02:00:00-04:00,315,68.0,64.62798907673829,boost_5y_linear_aligned,True
2021-09-17 04:00:00+00:00,2021-09-30 07:00:00+00:00,2021-09-30 03:00:00-04:00,316,66.0,63.83470345884874,boost_5y_linear_aligned,True
2021-09-17 04:00:00+00:00,2021-09-30 08:00:00+00:00,2021-09-30 04:00:00-04:00,317,65.0,63.511434585102776,boost_5y_linear_aligned,True
2021-09-17 04:00:00+00:00,2021-09-30 09:00:00+00:00,2021-09-30 05:00:00-04:00,318,64.0,62.99355300101426,boost_5y_linear_aligned,True
2021-09-17 04:00:00+00:00,2021-09-30 10:00:00+00:00,2021-09-30 06:00:00-04:00,319,63.0,62.71681533628518,boost_5y_linear_aligned,True
2021-09-17 04:00:00+00:00,2021-09-30 11:00:00+00:00,2021-09-30 07:00:00-04:00,320,64.0,63.32005059839035,boost_5y_linear_aligned,True
2021-09-17 04:00:00+00:00,2021-09-30 12:00:00+00:00,2021-09-30 08:00:00-04:00,321,65.0,66.60439183395106,boost_5y_linear_aligned,True
2021-09-17 04:00:00+00:00,2021-09-30 13:00:00+00:00,2021-09-30 09:00:00-04:00,322,67.0,69.84160721072273,boost_5y_linear_aligned,True
2021-09-17 04:00:00+00:00,2021-09-30 14:00:00+00:00,2021-09-30 10:00:00-04:00,323,71.0,73.0814125090605,boost_5y_linear_aligned,True
2021-09-17 04:00:00+00:00,2021-09-30 15:00:00+00:00,2021-09-30 11:00:00-04:00,324,72.0,75.48277235771731,boost_5y_linear_aligned,True
2021-09-17 04:00:00+00:00,2021-09-30 16:00:00+00:00,2021-09-30 12:00:00-04:00,325,74.0,77.39346863814086,boost_5y_linear_aligned,True
2021-09-17 04:00:00+00:00,2021-09-30 17:00:00+00:00,2021-09-30 13:00:00-04:00,326,78.0,78.97968689090703,boost_5y_linear_aligned,True
2021-09-17 04:00:00+00:00,2021-09-30 18:00:00+00:00,2021-09-30 14:00:00-04:00,327,77.0,79.74907220079601,boost_5y_linear_aligned,True
2021-09-17 04:00:00+00:00,2021-09-30 19:00:00+00:00,2021-09-30 15:00:00-04:00,328,79.0,79.85826384156297,boost_5y_linear_aligned,True
2021-09-17 04:00:00+00:00,2021-09-30 20:00:00+00:00,2021-09-30 16:00:00-04:00,329,79.0,79.36743452830879,boost_5y_linear_aligned,True
2021-09-17 04:00:00+00:00,2021-09-30 21:00:00+00:00,2021-09-30 17:00:00-04:00,330,77.0,77.84991776825805,boost_5y_linear_aligned,True
2021-09-17 04:00:00+00:00,2021-09-30 22:00:00+00:00,2021-09-30 18:00:00-04:00,331,73.0,74.38744121579735,boost_5y_linear_aligned,True
2021-09-17 04:00:00+00:00,2021-09-30 23:00:00+00:00,2021-09-30 19:00:00-04:00,332,68.0,71.175577581916,boost_5y_linear_aligned,True
2021-09-17 04:00:00+00:00,2021-10-01 00:00:00+00:00,2021-09-30 20:00:00-04:00,333,65.0,69.52881421409174,boost_5y_linear_aligned,True
2021-09-17 04:00:00+00:00,2021-10-01 01:00:00+00:00,2021-09-30 21:00:00-04:00,334,64.0,68.32479148907366,boost_5y_linear_aligned,True
2021-09-17 04:00:00+00:00,2021-10-01 02:00:00+00:00,2021-09-30 22:00:00-04:00,335,64.0,67.6472966628321,boost_5y_linear_aligned,True
2021-09-17 04:00:00+00:00,2021-10-01 03:00:00+00:00,2021-09-30 23:00:00-04:00,336,62.0,67.25260997919906,boost_5y_linear_aligned,True
2021-09-24 04:00:00+00:00,2021-09-24 04:00:00+00:00,2021-09-24 00:00:00-04:00,1,56.0,58.34004560558364,boost_5y_linear_aligned,True
2021-09-24 04:00:00+00:00,2021-09-24 05:00:00+00:00,2021-09-24 01:00:00-04:00,2,54.0,57.4702455237909,boost_5y_linear_aligned,True
2021-09-24 04:00:00+00:00,2021-09-24 06:00:00+00:00,2021-09-24 02:00:00-04:00,3,54.0,56.99538825805233,boost_5y_linear_aligned,True
2021-09-24 04:00:00+00:00,2021-09-24 07:00:00+00:00,2021-09-24 03:00:00-04:00,4,52.0,56.3171710586409,boost_5y_linear_aligned,True
2021-09-24 04:00:00+00:00,2021-09-24 08:00:00+00:00,2021-09-24 04:00:00-04:00,5,53.0,55.962626406751106,boost_5y_linear_aligned,True
2021-09-24 04:00:00+00:00,2021-09-24 09:00:00+00:00,2021-09-24 05:00:00-04:00,6,53.0,55.70110439844081,boost_5y_linear_aligned,True
2021-09-24 04:00:00+00:00,2021-09-24 10:00:00+00:00,2021-09-24 06:00:00-04:00,7,51.0,55.50836012005311,boost_5y_linear_aligned,True
2021-09-24 04:00:00+00:00,2021-09-24 11:00:00+00:00,2021-09-24 07:00:00-04:00,8,54.0,57.30149041659204,boost_5y_linear_aligned,True
2021-09-24 04:00:00+00:00,2021-09-24 12:00:00+00:00,2021-09-24 08:00:00-04:00,9,57.0,60.63402974442804,boost_5y_linear_aligned,True
2021-09-24 04:00:00+00:00,2021-09-24 13:00:00+00:00,2021-09-24 09:00:00-04:00,10,63.0,64.00461522088126,boost_5y_linear_aligned,True
2021-09-24 04:00:00+00:00,2021-09-24 14:00:00+00:00,2021-09-24 10:00:00-04:00,11,67.0,67.49177053528965,boost_5y_linear_aligned,True
2021-09-24 04:00:00+00:00,2021-09-24 15:00:00+00:00,2021-09-24 11:00:00-04:00,12,70.0,71.16318163043212,boost_5y_linear_aligned,True
2021-09-24 04:00:00+00:00,2021-09-24 16:00:00+00:00,2021-09-24 12:00:00-04:00,13,71.0,73.50409326239492,boost_5y_linear_aligned,True
2021-09-24 04:00:00+00:00,2021-09-24 17:00:00+00:00,2021-09-24 13:00:00-04:00,14,74.0,74.91030555058457,boost_5y_linear_aligned,True
2021-09-24 04:00:00+00:00,2021-09-24 18:00:00+00:00,2021-09-24 14:00:00-04:00,15,74.0,75.50825266586682,boost_5y_linear_aligned,True
2021-09-24 04:00:00+00:00,2021-09-24 19:00:00+00:00,2021-09-24 15:00:00-04:00,16,75.0,75.54934128213125,boost_5y_linear_aligned,True
2021-09-24 04:00:00+00:00,2021-09-24 20:00:00+00:00,2021-09-24 16:00:00-04:00,17,75.0,75.22522405112858,boost_5y_linear_aligned,True
2021-09-24 04:00:00+00:00,2021-09-24 21:00:00+00:00,2021-09-24 17:00:00-04:00,18,73.0,72.62299975635425,boost_5y_linear_aligned,True
2021-09-24 04:00:00+00:00,2021-09-24 22:00:00+00:00,2021-09-24 18:00:00-04:00,19,69.0,69.82417649090661,boost_5y_linear_aligned,True
2021-09-24 04:00:00+00:00,2021-09-24 23:00:00+00:00,2021-09-24 19:00:00-04:00,20,62.0,65.23374595574606,boost_5y_linear_aligned,True
2021-09-24 04:00:00+00:00,2021-09-25 00:00:00+00:00,2021-09-24 20:00:00-04:00,21,59.0,63.810314468215694,boost_5y_linear_aligned,True
2021-09-24 04:00:00+00:00,2021-09-25 01:00:00+00:00,2021-09-24 21:00:00-04:00,22,58.0,62.636920520071286,boost_5y_linear_aligned,True
2021-09-24 04:00:00+00:00,2021-09-25 02:00:00+00:00,2021-09-24 22:00:00-04:00,23,57.0,61.697800272563775,boost_5y_linear_aligned,True
2021-09-24 04:00:00+00:00,2021-09-25 03:00:00+00:00,2021-09-24 23:00:00-04:00,24,55.0,61.15379274921657,boost_5y_linear_aligned,True
2021-09-24 04:00:00+00:00,2021-09-25 04:00:00+00:00,2021-09-25 00:00:00-04:00,25,53.0,60.446203717172054,boost_5y_linear_aligned,True
2021-09-24 04:00:00+00:00,2021-09-25 05:00:00+00:00,2021-09-25 01:00:00-04:00,26,53.0,59.56706537276375,boost_5y_linear_aligned,True
2021-09-24 04:00:00+00:00,2021-09-25 06:00:00+00:00,2021-09-25 02:00:00-04:00,27,52.0,58.904674170811624,boost_5y_linear_aligned,True
2021-09-24 04:00:00+00:00,2021-09-25 07:00:00+00:00,2021-09-25 03:00:00-04:00,28,51.0,57.84718882328823,boost_5y_linear_aligned,True
2021-09-24 04:00:00+00:00,2021-09-25 08:00:00+00:00,2021-09-25 04:00:00-04:00,29,50.0,57.42734620901615,boost_5y_linear_aligned,True
2021-09-24 04:00:00+00:00,2021-09-25 09:00:00+00:00,2021-09-25 05:00:00-04:00,30,50.0,57.17185107913098,boost_5y_linear_aligned,True
2021-09-24 04:00:00+00:00,2021-09-25 10:00:00+00:00,2021-09-25 06:00:00-04:00,31,50.0,57.09343351904458,boost_5y_linear_aligned,True
2021-09-24 04:00:00+00:00,2021-09-25 11:00:00+00:00,2021-09-25 07:00:00-04:00,32,52.0,57.93838394782665,boost_5y_linear_aligned,True
2021-09-24 04:00:00+00:00,2021-09-25 12:00:00+00:00,2021-09-25 08:00:00-04:00,33,59.0,61.109063641071046,boost_5y_linear_aligned,True
2021-09-24 04:00:00+00:00,2021-09-25 13:00:00+00:00,2021-09-25 09:00:00-04:00,34,65.0,64.67998335053025,boost_5y_linear_aligned,True
2021-09-24 04:00:00+00:00,2021-09-25 14:00:00+00:00,2021-09-25 10:00:00-04:00,35,70.0,67.47366943785573,boost_5y_linear_aligned,True
2021-09-24 04:00:00+00:00,2021-09-25 15:00:00+00:00,2021-09-25 11:00:00-04:00,36,72.0,71.81493727732764,boost_5y_linear_aligned,True
2021-09-24 04:00:00+00:00,2021-09-25 16:00:00+00:00,2021-09-25 12:00:00-04:00,37,74.0,73.60683611322611,boost_5y_linear_aligned,True
2021-09-24 04:00:00+00:00,2021-09-25 17:00:00+00:00,2021-09-25 13:00:00-04:00,38,76.0,75.00598695679213,boost_5y_linear_aligned,True
2021-09-24 04:00:00+00:00,2021-09-25 18:00:00+00:00,2021-09-25 14:00:00-04:00,39,78.0,75.7066728934557,boost_5y_linear_aligned,True
2021-09-24 04:00:00+00:00,2021-09-25 19:00:00+00:00,2021-09-25 15:00:00-04:00,40,78.0,76.0285987867364,boost_5y_linear_aligned,True
2021-09-24 04:00:00+00:00,2021-09-25 20:00:00+00:00,2021-09-25 16:00:00-04:00,41,74.0,75.65343094335819,boost_5y_linear_aligned,True
2021-09-24 04:00:00+00:00,2021-09-25 21:00:00+00:00,2021-09-25 17:00:00-04:00,42,76.0,73.9540351174904,boost_5y_linear_aligned,True
2021-09-24 04:00:00+00:00,2021-09-25 22:00:00+00:00,2021-09-25 18:00:00-04:00,43,71.0,70.7986413234735,boost_5y_linear_aligned,True
2021-09-24 04:00:00+00:00,2021-09-25 23:00:00+00:00,2021-09-25 19:00:00-04:00,44,64.0,66.45002979014292,boost_5y_linear_aligned,True
2021-09-24 04:00:00+00:00,2021-09-26 00:00:00+00:00,2021-09-25 20:00:00-04:00,45,62.0,64.8247853361705,boost_5y_linear_aligned,True
2021-09-24 04:00:00+00:00,2021-09-26 01:00:00+00:00,2021-09-25 21:00:00-04:00,46,61.0,63.642013640992886,boost_5y_linear_aligned,True
2021-09-24 04:00:00+00:00,2021-09-26 02:00:00+00:00,2021-09-25 22:00:00-04:00,47,59.0,62.706159473518504,boost_5y_linear_aligned,True
2021-09-24 04:00:00+00:00,2021-09-26 03:00:00+00:00,2021-09-25 23:00:00-04:00,48,58.0,62.10097525965273,boost_5y_linear_aligned,True
2021-09-24 04:00:00+00:00,2021-09-26 04:00:00+00:00,2021-09-26 00:00:00-04:00,49,57.0,61.39872412837655,boost_5y_linear_aligned,True
2021-09-24 04:00:00+00:00,2021-09-26 05:00:00+00:00,2021-09-26 01:00:00-04:00,50,57.0,60.45025115076826,boost_5y_linear_aligned,True
2021-09-24 04:00:00+00:00,2021-09-26 06:00:00+00:00,2021-09-26 02:00:00-04:00,51,56.0,59.87737674343182,boost_5y_linear_aligned,True
2021-09-24 04:00:00+00:00,2021-09-26 07:00:00+00:00,2021-09-26 03:00:00-04:00,52,55.0,59.08788158101312,boost_5y_linear_aligned,True
2021-09-24 04:00:00+00:00,2021-09-26 08:00:00+00:00,2021-09-26 04:00:00-04:00,53,54.0,58.7304176693105,boost_5y_linear_aligned,True
2021-09-24 04:00:00+00:00,2021-09-26 09:00:00+00:00,2021-09-26 05:00:00-04:00,54,53.0,58.399582932208226,boost_5y_linear_aligned,True
2021-09-24 04:00:00+00:00,2021-09-26 10:00:00+00:00,2021-09-26 06:00:00-04:00,55,51.0,58.203488779475244,boost_5y_linear_aligned,True
2021-09-24 04:00:00+00:00,2021-09-26 11:00:00+00:00,2021-09-26 07:00:00-04:00,56,55.0,58.98753855891796,boost_5y_linear_aligned,True
2021-09-24 04:00:00+00:00,2021-09-26 12:00:00+00:00,2021-09-26 08:00:00-04:00,57,61.0,62.307235165244606,boost_5y_linear_aligned,True
2021-09-24 04:00:00+00:00,2021-09-26 13:00:00+00:00,2021-09-26 09:00:00-04:00,58,68.0,66.0337365409059,boost_5y_linear_aligned,True
2021-09-24 04:00:00+00:00,2021-09-26 14:00:00+00:00,2021-09-26 10:00:00-04:00,59,71.0,69.03251430658523,boost_5y_linear_aligned,True
2021-09-24 04:00:00+00:00,2021-09-26 15:00:00+00:00,2021-09-26 11:00:00-04:00,60,72.0,73.05485735066384,boost_5y_linear_aligned,True
2021-09-24 04:00:00+00:00,2021-09-26 16:00:00+00:00,2021-09-26 12:00:00-04:00,61,74.0,74.97004334198786,boost_5y_linear_aligned,True
2021-09-24 04:00:00+00:00,2021-09-26 17:00:00+00:00,2021-09-26 13:00:00-04:00,62,75.0,76.4760249528234,boost_5y_linear_aligned,True
2021-09-24 04:00:00+00:00,2021-09-26 18:00:00+00:00,2021-09-26 14:00:00-04:00,63,77.0,77.28010091403117,boost_5y_linear_aligned,True
2021-09-24 04:00:00+00:00,2021-09-26 19:00:00+00:00,2021-09-26 15:00:00-04:00,64,76.0,77.22663799074944,boost_5y_linear_aligned,True
2021-09-24 04:00:00+00:00,2021-09-26 20:00:00+00:00,2021-09-26 16:00:00-04:00,65,77.0,76.94147460496809,boost_5y_linear_aligned,True
2021-09-24 04:00:00+00:00,2021-09-26 21:00:00+00:00,2021-09-26 17:00:00-04:00,66,75.0,75.36700232598291,boost_5y_linear_aligned,True
2021-09-24 04:00:00+00:00,2021-09-26 22:00:00+00:00,2021-09-26 18:00:00-04:00,67,70.0,72.13045757144977,boost_5y_linear_aligned,True
2021-09-24 04:00:00+00:00,2021-09-26 23:00:00+00:00,2021-09-26 19:00:00-04:00,68,64.0,67.62973236118214,boost_5y_linear_aligned,True
2021-09-24 04:00:00+00:00,2021-09-27 00:00:00+00:00,2021-09-26 20:00:00-04:00,69,62.0,65.68488256683004,boost_5y_linear_aligned,True
2021-09-24 04:00:00+00:00,2021-09-27 01:00:00+00:00,2021-09-26 21:00:00-04:00,70,59.0,64.40856506139325,boost_5y_linear_aligned,True
2021-09-24 04:00:00+00:00,2021-09-27 02:00:00+00:00,2021-09-26 22:00:00-04:00,71,57.0,63.701007429814254,boost_5y_linear_aligned,True
2021-09-24 04:00:00+00:00,2021-09-27 03:00:00+00:00,2021-09-26 23:00:00-04:00,72,56.0,63.17044662013638,boost_5y_linear_aligned,True
2021-09-24 04:00:00+00:00,2021-09-27 04:00:00+00:00,2021-09-27 00:00:00-04:00,73,56.0,62.4553322283155,boost_5y_linear_aligned,True
2021-09-24 04:00:00+00:00,2021-09-27 05:00:00+00:00,2021-09-27 01:00:00-04:00,74,55.0,61.50644846502569,boost_5y_linear_aligned,True
2021-09-24 04:00:00+00:00,2021-09-27 06:00:00+00:00,2021-09-27 02:00:00-04:00,75,55.0,60.90911958711308,boost_5y_linear_aligned,True
2021-09-24 04:00:00+00:00,2021-09-27 07:00:00+00:00,2021-09-27 03:00:00-04:00,76,52.0,60.10904368826951,boost_5y_linear_aligned,True
2021-09-24 04:00:00+00:00,2021-09-27 08:00:00+00:00,2021-09-27 04:00:00-04:00,77,53.0,59.75460036009076,boost_5y_linear_aligned,True
2021-09-24 04:00:00+00:00,2021-09-27 09:00:00+00:00,2021-09-27 05:00:00-04:00,78,53.0,59.42767974840344,boost_5y_linear_aligned,True
2021-09-24 04:00:00+00:00,2021-09-27 10:00:00+00:00,2021-09-27 06:00:00-04:00,79,52.0,59.23844125669207,boost_5y_linear_aligned,True
2021-09-24 04:00:00+00:00,2021-09-27 11:00:00+00:00,2021-09-27 07:00:00-04:00,80,54.0,60.003872849416965,boost_5y_linear_aligned,True
2021-09-24 04:00:00+00:00,2021-09-27 12:00:00+00:00,2021-09-27 08:00:00-04:00,81,63.0,63.372058747174485,boost_5y_linear_aligned,True
2021-09-24 04:00:00+00:00,2021-09-27 13:00:00+00:00,2021-09-27 09:00:00-04:00,82,69.0,67.09210885761227,boost_5y_linear_aligned,True
2021-09-24 04:00:00+00:00,2021-09-27 14:00:00+00:00,2021-09-27 10:00:00-04:00,83,75.0,70.21555646588023,boost_5y_linear_aligned,True
2021-09-24 04:00:00+00:00,2021-09-27 15:00:00+00:00,2021-09-27 11:00:00-04:00,84,79.0,73.71946139795457,boost_5y_linear_aligned,True
2021-09-24 04:00:00+00:00,2021-09-27 16:00:00+00:00,2021-09-27 12:00:00-04:00,85,81.0,75.69134290487307,boost_5y_linear_aligned,True
2021-09-24 04:00:00+00:00,2021-09-27 17:00:00+00:00,2021-09-27 13:00:00-04:00,86,83.0,77.19979187834092,boost_5y_linear_aligned,True
2021-09-24 04:00:00+00:00,2021-09-27 18:00:00+00:00,2021-09-27 14:00:00-04:00,87,83.0,77.97727578454143,boost_5y_linear_aligned,True
2021-09-24 04:00:00+00:00,2021-09-27 19:00:00+00:00,2021-09-27 15:00:00-04:00,88,83.0,77.89100018400278,boost_5y_linear_aligned,True
2021-09-24 04:00:00+00:00,2021-09-27 20:00:00+00:00,2021-09-27 16:00:00-04:00,89,83.0,77.49373259106206,boost_5y_linear_aligned,True
2021-09-24 04:00:00+00:00,2021-09-27 21:00:00+00:00,2021-09-27 17:00:00-04:00,90,80.0,75.90260698962052,boost_5y_linear_aligned,True
2021-09-24 04:00:00+00:00,2021-09-27 22:00:00+00:00,2021-09-27 18:00:00-04:00,91,75.0,72.18412351890673,boost_5y_linear_aligned,True
2021-09-24 04:00:00+00:00,2021-09-27 23:00:00+00:00,2021-09-27 19:00:00-04:00,92,72.0,68.45971892169865,boost_5y_linear_aligned,True
2021-09-24 04:00:00+00:00,2021-09-28 00:00:00+00:00,2021-09-27 20:00:00-04:00,93,70.0,66.43194540790952,boost_5y_linear_aligned,True
2021-09-24 04:00:00+00:00,2021-09-28 01:00:00+00:00,2021-09-27 21:00:00-04:00,94,66.0,65.23850944738727,boost_5y_linear_aligned,True
2021-09-24 04:00:00+00:00,2021-09-28 02:00:00+00:00,2021-09-27 22:00:00-04:00,95,66.0,64.45891414591424,boost_5y_linear_aligned,True
2021-09-24 04:00:00+00:00,2021-09-28 03:00:00+00:00,2021-09-27 23:00:00-04:00,96,63.0,63.99531091729818,boost_5y_linear_aligned,True
2021-09-24 04:00:00+00:00,2021-09-28 04:00:00+00:00,2021-09-28 00:00:00-04:00,97,63.0,63.17617541740997,boost_5y_linear_aligned,True
2021-09-24 04:00:00+00:00,2021-09-28 05:00:00+00:00,2021-09-28 01:00:00-04:00,98,60.0,62.219739561723635,boost_5y_linear_aligned,True
2021-09-24 04:00:00+00:00,2021-09-28 06:00:00+00:00,2021-09-28 02:00:00-04:00,99,62.0,61.66845973005168,boost_5y_linear_aligned,True
2021-09-24 04:00:00+00:00,2021-09-28 07:00:00+00:00,2021-09-28 03:00:00-04:00,100,61.0,60.92774339734268,boost_5y_linear_aligned,True
2021-09-24 04:00:00+00:00,2021-09-28 08:00:00+00:00,2021-09-28 04:00:00-04:00,101,61.0,60.5786736970464,boost_5y_linear_aligned,True
2021-09-24 04:00:00+00:00,2021-09-28 09:00:00+00:00,2021-09-28 05:00:00-04:00,102,60.0,60.14827969152648,boost_5y_linear_aligned,True
2021-09-24 04:00:00+00:00,2021-09-28 10:00:00+00:00,2021-09-28 06:00:00-04:00,103,59.0,60.24863595381465,boost_5y_linear_aligned,True
2021-09-24 04:00:00+00:00,2021-09-28 11:00:00+00:00,2021-09-28 07:00:00-04:00,104,61.0,61.22505478915418,boost_5y_linear_aligned,True
2021-09-24 04:00:00+00:00,2021-09-28 12:00:00+00:00,2021-09-28 08:00:00-04:00,105,66.0,64.55835633912238,boost_5y_linear_aligned,True
2021-09-24 04:00:00+00:00,2021-09-28 13:00:00+00:00,2021-09-28 09:00:00-04:00,106,73.0,68.05089184396336,boost_5y_linear_aligned,True
2021-09-24 04:00:00+00:00,2021-09-28 14:00:00+00:00,2021-09-28 10:00:00-04:00,107,78.0,71.44346211732118,boost_5y_linear_aligned,True
2021-09-24 04:00:00+00:00,2021-09-28 15:00:00+00:00,2021-09-28 11:00:00-04:00,108,82.0,74.61018026716664,boost_5y_linear_aligned,True
2021-09-24 04:00:00+00:00,2021-09-28 16:00:00+00:00,2021-09-28 12:00:00-04:00,109,85.0,76.53148498310428,boost_5y_linear_aligned,True
2021-09-24 04:00:00+00:00,2021-09-28 17:00:00+00:00,2021-09-28 13:00:00-04:00,110,86.0,78.03027039066546,boost_5y_linear_aligned,True
2021-09-24 04:00:00+00:00,2021-09-28 18:00:00+00:00,2021-09-28 14:00:00-04:00,111,86.0,79.91689972925671,boost_5y_linear_aligned,True
2021-09-24 04:00:00+00:00,2021-09-28 19:00:00+00:00,2021-09-28 15:00:00-04:00,112,86.0,79.7940380116836,boost_5y_linear_aligned,True
2021-09-24 04:00:00+00:00,2021-09-28 20:00:00+00:00,2021-09-28 16:00:00-04:00,113,84.0,79.32468071677836,boost_5y_linear_aligned,True
2021-09-24 04:00:00+00:00,2021-09-28 21:00:00+00:00,2021-09-28 17:00:00-04:00,114,82.0,77.70100775572399,boost_5y_linear_aligned,True
2021-09-24 04:00:00+00:00,2021-09-28 22:00:00+00:00,2021-09-28 18:00:00-04:00,115,77.0,73.74840574590175,boost_5y_linear_aligned,True
2021-09-24 04:00:00+00:00,2021-09-28 23:00:00+00:00,2021-09-28 19:00:00-04:00,116,73.0,70.31450294918713,boost_5y_linear_aligned,True
2021-09-24 04:00:00+00:00,2021-09-29 00:00:00+00:00,2021-09-28 20:00:00-04:00,117,70.0,68.72230278556204,boost_5y_linear_aligned,True
2021-09-24 04:00:00+00:00,2021-09-29 01:00:00+00:00,2021-09-28 21:00:00-04:00,118,69.0,67.51316512779968,boost_5y_linear_aligned,True
2021-09-24 04:00:00+00:00,2021-09-29 02:00:00+00:00,2021-09-28 22:00:00-04:00,119,69.0,66.79330702229912,boost_5y_linear_aligned,True
2021-09-24 04:00:00+00:00,2021-09-29 03:00:00+00:00,2021-09-28 23:00:00-04:00,120,67.0,66.32905900158849,boost_5y_linear_aligned,True
2021-09-24 04:00:00+00:00,2021-09-29 04:00:00+00:00,2021-09-29 00:00:00-04:00,121,68.0,65.60795460376576,boost_5y_linear_aligned,True
2021-09-24 04:00:00+00:00,2021-09-29 05:00:00+00:00,2021-09-29 01:00:00-04:00,122,64.0,64.67692183490644,boost_5y_linear_aligned,True
2021-09-24 04:00:00+00:00,2021-09-29 06:00:00+00:00,2021-09-29 02:00:00-04:00,123,65.0,64.1176426331892,boost_5y_linear_aligned,True
2021-09-24 04:00:00+00:00,2021-09-29 07:00:00+00:00,2021-09-29 03:00:00-04:00,124,65.0,63.30153789199254,boost_5y_linear_aligned,True
2021-09-24 04:00:00+00:00,2021-09-29 08:00:00+00:00,2021-09-29 04:00:00-04:00,125,64.0,62.81324919910897,boost_5y_linear_aligned,True
2021-09-24 04:00:00+00:00,2021-09-29 09:00:00+00:00,2021-09-29 05:00:00-04:00,126,63.0,62.34900327680248,boost_5y_linear_aligned,True
2021-09-24 04:00:00+00:00,2021-09-29 10:00:00+00:00,2021-09-29 06:00:00-04:00,127,62.0,62.087387633959075,boost_5y_linear_aligned,True
2021-09-24 04:00:00+00:00,2021-09-29 11:00:00+00:00,2021-09-29 07:00:00-04:00,128,65.0,62.731105574300756,boost_5y_linear_aligned,True
2021-09-24 04:00:00+00:00,2021-09-29 12:00:00+00:00,2021-09-29 08:00:00-04:00,129,69.0,66.07966712305502,boost_5y_linear_aligned,True
2021-09-24 04:00:00+00:00,2021-09-29 13:00:00+00:00,2021-09-29 09:00:00-04:00,130,72.0,69.58246635722902,boost_5y_linear_aligned,True
2021-09-24 04:00:00+00:00,2021-09-29 14:00:00+00:00,2021-09-29 10:00:00-04:00,131,76.0,72.78298384721325,boost_5y_linear_aligned,True
2021-09-24 04:00:00+00:00,2021-09-29 15:00:00+00:00,2021-09-29 11:00:00-04:00,132,79.0,75.84693932265886,boost_5y_linear_aligned,True
2021-09-24 04:00:00+00:00,2021-09-29 16:00:00+00:00,2021-09-29 12:00:00-04:00,133,80.0,77.75901755476458,boost_5y_linear_aligned,True
2021-09-24 04:00:00+00:00,2021-09-29 17:00:00+00:00,2021-09-29 13:00:00-04:00,134,81.0,79.20505688370352,boost_5y_linear_aligned,True
2021-09-24 04:00:00+00:00,2021-09-29 18:00:00+00:00,2021-09-29 14:00:00-04:00,135,81.0,80.03767818627445,boost_5y_linear_aligned,True
2021-09-24 04:00:00+00:00,2021-09-29 19:00:00+00:00,2021-09-29 15:00:00-04:00,136,83.0,80.10549379707058,boost_5y_linear_aligned,True
2021-09-24 04:00:00+00:00,2021-09-29 20:00:00+00:00,2021-09-29 16:00:00-04:00,137,82.0,79.70291740041888,boost_5y_linear_aligned,True
2021-09-24 04:00:00+00:00,2021-09-29 21:00:00+00:00,2021-09-29 17:00:00-04:00,138,79.0,78.01970796541056,boost_5y_linear_aligned,True
2021-09-24 04:00:00+00:00,2021-09-29 22:00:00+00:00,2021-09-29 18:00:00-04:00,139,76.0,74.07765670452733,boost_5y_linear_aligned,True
2021-09-24 04:00:00+00:00,2021-09-29 23:00:00+00:00,2021-09-29 19:00:00-04:00,140,73.0,70.69894432633123,boost_5y_linear_aligned,True
2021-09-24 04:00:00+00:00,2021-09-30 00:00:00+00:00,2021-09-29 20:00:00-04:00,141,71.0,69.01313698282316,boost_5y_linear_aligned,True
2021-09-24 04:00:00+00:00,2021-09-30 01:00:00+00:00,2021-09-29 21:00:00-04:00,142,71.0,67.71724664893182,boost_5y_linear_aligned,True
2021-09-24 04:00:00+00:00,2021-09-30 02:00:00+00:00,2021-09-29 22:00:00-04:00,143,70.0,67.06124389368391,boost_5y_linear_aligned,True
2021-09-24 04:00:00+00:00,2021-09-30 03:00:00+00:00,2021-09-29 23:00:00-04:00,144,69.0,66.57509478638956,boost_5y_linear_aligned,True
2021-09-24 04:00:00+00:00,2021-09-30 04:00:00+00:00,2021-09-30 00:00:00-04:00,145,70.0,65.77954689762245,boost_5y_linear_aligned,True
2021-09-24 04:00:00+00:00,2021-09-30 05:00:00+00:00,2021-09-30 01:00:00-04:00,146,69.0,64.65134029321284,boost_5y_linear_aligned,True
2021-09-24 04:00:00+00:00,2021-09-30 06:00:00+00:00,2021-09-30 02:00:00-04:00,147,68.0,64.07640483313502,boost_5y_linear_aligned,True
2021-09-24 04:00:00+00:00,2021-09-30 07:00:00+00:00,2021-09-30 03:00:00-04:00,148,66.0,63.2716886426172,boost_5y_linear_aligned,True
2021-09-24 04:00:00+00:00,2021-09-30 08:00:00+00:00,2021-09-30 04:00:00-04:00,149,65.0,62.93989484760206,boost_5y_linear_aligned,True
2021-09-24 04:00:00+00:00,2021-09-30 09:00:00+00:00,2021-09-30 05:00:00-04:00,150,64.0,62.391834678628044,boost_5y_linear_aligned,True
2021-09-24 04:00:00+00:00,2021-09-30 10:00:00+00:00,2021-09-30 06:00:00-04:00,151,63.0,61.95447683441941,boost_5y_linear_aligned,True
2021-09-24 04:00:00+00:00,2021-09-30 11:00:00+00:00,2021-09-30 07:00:00-04:00,152,64.0,62.654622753192065,boost_5y_linear_aligned,True
2021-09-24 04:00:00+00:00,2021-09-30 12:00:00+00:00,2021-09-30 08:00:00-04:00,153,65.0,66.06583137134922,boost_5y_linear_aligned,True
2021-09-24 04:00:00+00:00,2021-09-30 13:00:00+00:00,2021-09-30 09:00:00-04:00,154,67.0,69.48625642099358,boost_5y_linear_aligned,True
2021-09-24 04:00:00+00:00,2021-09-30 14:00:00+00:00,2021-09-30 10:00:00-04:00,155,71.0,72.44332491302583,boost_5y_linear_aligned,True
2021-09-24 04:00:00+00:00,2021-09-30 15:00:00+00:00,2021-09-30 11:00:00-04:00,156,72.0,75.31693578599103,boost_5y_linear_aligned,True
2021-09-24 04:00:00+00:00,2021-09-30 16:00:00+00:00,2021-09-30 12:00:00-04:00,157,74.0,77.55980238909548,boost_5y_linear_aligned,True
2021-09-24 04:00:00+00:00,2021-09-30 17:00:00+00:00,2021-09-30 13:00:00-04:00,158,78.0,79.16736774192198,boost_5y_linear_aligned,True
2021-09-24 04:00:00+00:00,2021-09-30 18:00:00+00:00,2021-09-30 14:00:00-04:00,159,77.0,79.8247435572553,boost_5y_linear_aligned,True
2021-09-24 04:00:00+00:00,2021-09-30 19:00:00+00:00,2021-09-30 15:00:00-04:00,160,79.0,79.97125483548446,boost_5y_linear_aligned,True
2021-09-24 04:00:00+00:00,2021-09-30 20:00:00+00:00,2021-09-30 16:00:00-04:00,161,79.0,79.45705236315638,boost_5y_linear_aligned,True
2021-09-24 04:00:00+00:00,2021-09-30 21:00:00+00:00,2021-09-30 17:00:00-04:00,162,77.0,77.84069718142666,boost_5y_linear_aligned,True
2021-09-24 04:00:00+00:00,2021-09-30 22:00:00+00:00,2021-09-30 18:00:00-04:00,163,73.0,74.02428454303575,boost_5y_linear_aligned,True
2021-09-24 04:00:00+00:00,2021-09-30 23:00:00+00:00,2021-09-30 19:00:00-04:00,164,68.0,70.69207938791506,boost_5y_linear_aligned,True
2021-09-24 04:00:00+00:00,2021-10-01 00:00:00+00:00,2021-09-30 20:00:00-04:00,165,65.0,69.08769392379045,boost_5y_linear_aligned,True
2021-09-24 04:00:00+00:00,2021-10-01 01:00:00+00:00,2021-09-30 21:00:00-04:00,166,64.0,67.87624505137276,boost_5y_linear_aligned,True
2021-09-24 04:00:00+00:00,2021-10-01 02:00:00+00:00,2021-09-30 22:00:00-04:00,167,64.0,67.16475661616397,boost_5y_linear_aligned,True
2021-09-24 04:00:00+00:00,2021-10-01 03:00:00+00:00,2021-09-30 23:00:00-04:00,168,62.0,66.76792927834836,boost_5y_linear_aligned,True
2021-09-24 04:00:00+00:00,2021-10-01 04:00:00+00:00,2021-10-01 00:00:00-04:00,169,61.0,65.81381550629112,boost_5y_linear_aligned,True
2021-09-24 04:00:00+00:00,2021-10-01 05:00:00+00:00,2021-10-01 01:00:00-04:00,170,60.0,64.91522599213545,boost_5y_linear_aligned,True
2021-09-24 04:00:00+00:00,2021-10-01 06:00:00+00:00,2021-10-01 02:00:00-04:00,171,60.0,64.31387721219018,boost_5y_linear_aligned,True
2021-09-24 04:00:00+00:00,2021-10-01 07:00:00+00:00,2021-10-01 03:00:00-04:00,172,59.0,63.654860691902215,boost_5y_linear_aligned,True
2021-09-24 04:00:00+00:00,2021-10-01 08:00:00+00:00,2021-10-01 04:00:00-04:00,173,58.0,63.394744789169316,boost_5y_linear_aligned,True
2021-09-24 04:00:00+00:00,2021-10-01 09:00:00+00:00,2021-10-01 05:00:00-04:00,174,59.0,63.004525736673294,boost_5y_linear_aligned,True
2021-09-24 04:00:00+00:00,2021-10-01 10:00:00+00:00,2021-10-01 06:00:00-04:00,175,58.0,62.6992846028017,boost_5y_linear_aligned,True
2021-09-24 04:00:00+00:00,2021-10-01 11:00:00+00:00,2021-10-01 07:00:00-04:00,176,62.0,63.20480805862189,boost_5y_linear_aligned,True
2021-09-24 04:00:00+00:00,2021-10-01 12:00:00+00:00,2021-10-01 08:00:00-04:00,177,63.0,66.36027728121562,boost_5y_linear_aligned,True
2021-09-24 04:00:00+00:00,2021-10-01 13:00:00+00:00,2021-10-01 09:00:00-04:00,178,67.0,69.59948830746895,boost_5y_linear_aligned,True
2021-09-24 04:00:00+00:00,2021-10-01 14:00:00+00:00,2021-10-01 10:00:00-04:00,179,72.0,72.7371733579704,boost_5y_linear_aligned,True
2021-09-24 04:00:00+00:00,2021-10-01 15:00:00+00:00,2021-10-01 11:00:00-04:00,180,74.0,75.53503765187604,boost_5y_linear_aligned,True
2021-09-24 04:00:00+00:00,2021-10-01 16:00:00+00:00,2021-10-01 12:00:00-04:00,181,77.0,77.40696581075834,boost_5y_linear_aligned,True
2021-09-24 04:00:00+00:00,2021-10-01 17:00:00+00:00,2021-10-01 13:00:00-04:00,182,75.0,78.84047754815737,boost_5y_linear_aligned,True
2021-09-24 04:00:00+00:00,2021-10-01 18:00:00+00:00,2021-10-01 14:00:00-04:00,183,79.0,79.54277161511213,boost_5y_linear_aligned,True
2021-09-24 04:00:00+00:00,2021-10-01 19:00:00+00:00,2021-10-01 15:00:00-04:00,184,78.0,79.71999880146981,boost_5y_linear_aligned,True
2021-09-24 04:00:00+00:00,2021-10-01 20:00:00+00:00,2021-10-01 16:00:00-04:00,185,79.0,79.20779008354269,boost_5y_linear_aligned,True
2021-09-24 04:00:00+00:00,2021-10-01 21:00:00+00:00,2021-10-01 17:00:00-04:00,186,79.0,77.64733053920736,boost_5y_linear_aligned,True
2021-09-24 04:00:00+00:00,2021-10-01 22:00:00+00:00,2021-10-01 18:00:00-04:00,187,73.0,73.88830509168407,boost_5y_linear_aligned,True
2021-09-24 04:00:00+00:00,2021-10-01 23:00:00+00:00,2021-10-01 19:00:00-04:00,188,71.0,70.70657717540585,boost_5y_linear_aligned,True
2021-09-24 04:00:00+00:00,2021-10-02 00:00:00+00:00,2021-10-01 20:00:00-04:00,189,66.0,69.17102688421184,boost_5y_linear_aligned,True
2021-09-24 04:00:00+00:00,2021-10-02 01:00:00+00:00,2021-10-01 21:00:00-04:00,190,64.0,68.04455381266052,boost_5y_linear_aligned,True
2021-09-24 04:00:00+00:00,2021-10-02 02:00:00+00:00,2021-10-01 22:00:00-04:00,191,67.0,67.37433992202335,boost_5y_linear_aligned,True
2021-09-24 04:00:00+00:00,2021-10-02 03:00:00+00:00,2021-10-01 23:00:00-04:00,192,63.0,67.00211288901109,boost_5y_linear_aligned,True
2021-09-24 04:00:00+00:00,2021-10-02 04:00:00+00:00,2021-10-02 00:00:00-04:00,193,61.0,66.14706132065265,boost_5y_linear_aligned,True
2021-09-24 04:00:00+00:00,2021-10-02 05:00:00+00:00,2021-10-02 01:00:00-04:00,194,60.0,65.27225856881435,boost_5y_linear_aligned,True
2021-09-24 04:00:00+00:00,2021-10-02 06:00:00+00:00,2021-10-02 02:00:00-04:00,195,61.0,64.69074601986782,boost_5y_linear_aligned,True
2021-09-24 04:00:00+00:00,2021-10-02 07:00:00+00:00,2021-10-02 03:00:00-04:00,196,61.0,64.07119842315288,boost_5y_linear_aligned,True
2021-09-24 04:00:00+00:00,2021-10-02 08:00:00+00:00,2021-10-02 04:00:00-04:00,197,61.0,63.98995078833959,boost_5y_linear_aligned,True
2021-09-24 04:00:00+00:00,2021-10-02 09:00:00+00:00,2021-10-02 05:00:00-04:00,198,60.0,63.542719842208044,boost_5y_linear_aligned,True
2021-09-24 04:00:00+00:00,2021-10-02 10:00:00+00:00,2021-10-02 06:00:00-04:00,199,59.0,63.1595160614585,boost_5y_linear_aligned,True
2021-09-24 04:00:00+00:00,2021-10-02 11:00:00+00:00,2021-10-02 07:00:00-04:00,200,61.0,63.67983161276223,boost_5y_linear_aligned,True
2021-09-24 04:00:00+00:00,2021-10-02 12:00:00+00:00,2021-10-02 08:00:00-04:00,201,65.0,66.70331989827342,boost_5y_linear_aligned,True
2021-09-24 04:00:00+00:00,2021-10-02 13:00:00+00:00,2021-10-02 09:00:00-04:00,202,71.0,70.11538656768056,boost_5y_linear_aligned,True
2021-09-24 04:00:00+00:00,2021-10-02 14:00:00+00:00,2021-10-02 10:00:00-04:00,203,76.0,73.15910837632896,boost_5y_linear_aligned,True
2021-09-24 04:00:00+00:00,2021-10-02 15:00:00+00:00,2021-10-02 11:00:00-04:00,204,80.0,75.80664985645456,boost_5y_linear_aligned,True
2021-09-24 04:00:00+00:00,2021-10-02 16:00:00+00:00,2021-10-02 12:00:00-04:00,205,81.0,77.62804267379775,boost_5y_linear_aligned,True
2021-09-24 04:00:00+00:00,2021-10-02 17:00:00+00:00,2021-10-02 13:00:00-04:00,206,83.0,79.01325947877466,boost_5y_linear_aligned,True
2021-09-24 04:00:00+00:00,2021-10-02 18:00:00+00:00,2021-10-02 14:00:00-04:00,207,84.0,79.7725808138851,boost_5y_linear_aligned,True
2021-09-24 04:00:00+00:00,2021-10-02 19:00:00+00:00,2021-10-02 15:00:00-04:00,208,84.0,79.89125926564601,boost_5y_linear_aligned,True
2021-09-24 04:00:00+00:00,2021-10-02 20:00:00+00:00,2021-10-02 16:00:00-04:00,209,83.0,79.36994868454902,boost_5y_linear_aligned,True
2021-09-24 04:00:00+00:00,2021-10-02 21:00:00+00:00,2021-10-02 17:00:00-04:00,210,80.0,77.80864897958102,boost_5y_linear_aligned,True
2021-09-24 04:00:00+00:00,2021-10-02 22:00:00+00:00,2021-10-02 18:00:00-04:00,211,74.0,74.23032212500134,boost_5y_linear_aligned,True
2021-09-24 04:00:00+00:00,2021-10-02 23:00:00+00:00,2021-10-02 19:00:00-04:00,212,73.0,71.174969317862,boost_5y_linear_aligned,True
2021-09-24 04:00:00+00:00,2021-10-03 00:00:00+00:00,2021-10-02 20:00:00-04:00,213,72.0,69.65457363345465,boost_5y_linear_aligned,True
2021-09-24 04:00:00+00:00,2021-10-03 01:00:00+00:00,2021-10-02 21:00:00-04:00,214,70.0,68.3966295675103,boost_5y_linear_aligned,True
2021-09-24 04:00:00+00:00,2021-10-03 02:00:00+00:00,2021-10-02 22:00:00-04:00,215,69.0,67.74553719303951,boost_5y_linear_aligned,True
2021-09-24 04:00:00+00:00,2021-10-03 03:00:00+00:00,2021-10-02 23:00:00-04:00,216,69.0,67.31942515777232,boost_5y_linear_aligned,True
2021-09-24 04:00:00+00:00,2021-10-03 04:00:00+00:00,2021-10-03 00:00:00-04:00,217,67.0,66.65828199726653,boost_5y_linear_aligned,True
2021-09-24 04:00:00+00:00,2021-10-03 05:00:00+00:00,2021-10-03 01:00:00-04:00,218,65.0,65.83262155716191,boost_5y_linear_aligned,True
2021-09-24 04:00:00+00:00,2021-10-03 06:00:00+00:00,2021-10-03 02:00:00-04:00,219,65.0,65.25350786160837,boost_5y_linear_aligned,True
2021-09-24 04:00:00+00:00,2021-10-03 07:00:00+00:00,2021-10-03 03:00:00-04:00,220,64.0,64.57075409310966,boost_5y_linear_aligned,True
2021-09-24 04:00:00+00:00,2021-10-03 08:00:00+00:00,2021-10-03 04:00:00-04:00,221,63.0,64.35463498385053,boost_5y_linear_aligned,True
2021-09-24 04:00:00+00:00,2021-10-03 09:00:00+00:00,2021-10-03 05:00:00-04:00,222,63.0,63.84768089158844,boost_5y_linear_aligned,True
2021-09-24 04:00:00+00:00,2021-10-03 10:00:00+00:00,2021-10-03 06:00:00-04:00,223,63.0,63.43406251792058,boost_5y_linear_aligned,True
2021-09-24 04:00:00+00:00,2021-10-03 11:00:00+00:00,2021-10-03 07:00:00-04:00,224,64.0,63.913779843052374,boost_5y_linear_aligned,True
2021-09-24 04:00:00+00:00,2021-10-03 12:00:00+00:00,2021-10-03 08:00:00-04:00,225,69.0,66.87302741116464,boost_5y_linear_aligned,True
2021-09-24 04:00:00+00:00,2021-10-03 13:00:00+00:00,2021-10-03 09:00:00-04:00,226,73.0,69.97367488449859,boost_5y_linear_aligned,True
2021-09-24 04:00:00+00:00,2021-10-03 14:00:00+00:00,2021-10-03 10:00:00-04:00,227,76.0,72.95651078510988,boost_5y_linear_aligned,True
2021-09-24 04:00:00+00:00,2021-10-03 15:00:00+00:00,2021-10-03 11:00:00-04:00,228,80.0,75.30218185435695,boost_5y_linear_aligned,True
2021-09-24 04:00:00+00:00,2021-10-03 16:00:00+00:00,2021-10-03 12:00:00-04:00,229,82.0,77.31232989656412,boost_5y_linear_aligned,True
2021-09-24 04:00:00+00:00,2021-10-03 17:00:00+00:00,2021-10-03 13:00:00-04:00,230,84.0,78.73410634825439,boost_5y_linear_aligned,True
2021-09-24 04:00:00+00:00,2021-10-03 18:00:00+00:00,2021-10-03 14:00:00-04:00,231,86.0,79.21139942323882,boost_5y_linear_aligned,True
2021-09-24 04:00:00+00:00,2021-10-03 19:00:00+00:00,2021-10-03 15:00:00-04:00,232,84.0,79.37075157560386,boost_5y_linear_aligned,True
2021-09-24 04:00:00+00:00,2021-10-03 20:00:00+00:00,2021-10-03 16:00:00-04:00,233,84.0,78.82698167963412,boost_5y_linear_aligned,True
2021-09-24 04:00:00+00:00,2021-10-03 21:00:00+00:00,2021-10-03 17:00:00-04:00,234,82.0,77.31986980104111,boost_5y_linear_aligned,True
2021-09-24 04:00:00+00:00,2021-10-03 22:00:00+00:00,2021-10-03 18:00:00-04:00,235,76.0,73.69835003054396,boost_5y_linear_aligned,True
2021-09-24 04:00:00+00:00,2021-10-03 23:00:00+00:00,2021-10-03 19:00:00-04:00,236,74.0,70.8059709099919,boost_5y_linear_aligned,True
2021-09-24 04:00:00+00:00,2021-10-04 00:00:00+00:00,2021-10-03 20:00:00-04:00,237,73.0,69.28724531255772,boost_5y_linear_aligned,True
2021-09-24 04:00:00+00:00,2021-10-04 01:00:00+00:00,2021-10-03 21:00:00-04:00,238,73.0,68.16807038128091,boost_5y_linear_aligned,True
2021-09-24 04:00:00+00:00,2021-10-04 02:00:00+00:00,2021-10-03 22:00:00-04:00,239,72.0,67.5555552696669,boost_5y_linear_aligned,True
2021-09-24 04:00:00+00:00,2021-10-04 03:00:00+00:00,2021-10-03 23:00:00-04:00,240,72.0,67.13284701084045,boost_5y_linear_aligned,True
2021-09-24 04:00:00+00:00,2021-10-04 04:00:00+00:00,2021-10-04 00:00:00-04:00,241,70.0,66.25896245148178,boost_5y_linear_aligned,True
2021-09-24 04:00:00+00:00,2021-10-04 05:00:00+00:00,2021-10-04 01:00:00-04:00,242,69.0,65.44870018940287,boost_5y_linear_aligned,True
2021-09-24 04:00:00+00:00,2021-10-04 06:00:00+00:00,2021-10-04 02:00:00-04:00,243,68.0,64.87573725346962,boost_5y_linear_aligned,True
2021-09-24 04:00:00+00:00,2021-10-04 07:00:00+00:00,2021-10-04 03:00:00-04:00,244,67.0,64.18922722344658,boost_5y_linear_aligned,True
2021-09-24 04:00:00+00:00,2021-10-04 08:00:00+00:00,2021-10-04 04:00:00-04:00,245,68.0,63.93609393966481,boost_5y_linear_aligned,True
2021-09-24 04:00:00+00:00,2021-10-04 09:00:00+00:00,2021-10-04 05:00:00-04:00,246,68.0,63.41629232906369,boost_5y_linear_aligned,True
2021-09-24 04:00:00+00:00,2021-10-04 10:00:00+00:00,2021-10-04 06:00:00-04:00,247,68.0,62.976489072087006,boost_5y_linear_aligned,True
2021-09-24 04:00:00+00:00,2021-10-04 11:00:00+00:00,2021-10-04 07:00:00-04:00,248,69.0,63.56335084906421,boost_5y_linear_aligned,True
2021-09-24 04:00:00+00:00,2021-10-04 12:00:00+00:00,2021-10-04 08:00:00-04:00,249,70.0,66.5580660264397,boost_5y_linear_aligned,True
2021-09-24 04:00:00+00:00,2021-10-04 13:00:00+00:00,2021-10-04 09:00:00-04:00,250,72.0,69.65065307356156,boost_5y_linear_aligned,True
2021-09-24 04:00:00+00:00,2021-10-04 14:00:00+00:00,2021-10-04 10:00:00-04:00,251,79.0,72.7066450522821,boost_5y_linear_aligned,True
2021-09-24 04:00:00+00:00,2021-10-04 15:00:00+00:00,2021-10-04 11:00:00-04:00,252,82.0,74.98834234701532,boost_5y_linear_aligned,True
2021-09-24 04:00:00+00:00,2021-10-04 16:00:00+00:00,2021-10-04 12:00:00-04:00,253,82.0,77.00012982211878,boost_5y_linear_aligned,True
2021-09-24 04:00:00+00:00,2021-10-04 17:00:00+00:00,2021-10-04 13:00:00-04:00,254,83.0,78.42624216427225,boost_5y_linear_aligned,True
2021-09-24 04:00:00+00:00,2021-10-04 18:00:00+00:00,2021-10-04 14:00:00-04:00,255,84.0,78.93876797146542,boost_5y_linear_aligned,True
2021-09-24 04:00:00+00:00,2021-10-04 19:00:00+00:00,2021-10-04 15:00:00-04:00,256,80.0,79.0849469399347,boost_5y_linear_aligned,True
2021-09-24 04:00:00+00:00,2021-10-04 20:00:00+00:00,2021-10-04 16:00:00-04:00,257,72.0,78.46552815521562,boost_5y_linear_aligned,True
2021-09-24 04:00:00+00:00,2021-10-04 21:00:00+00:00,2021-10-04 17:00:00-04:00,258,72.0,76.83101983797884,boost_5y_linear_aligned,True
2021-09-24 04:00:00+00:00,2021-10-04 22:00:00+00:00,2021-10-04 18:00:00-04:00,259,72.0,73.13530291509183,boost_5y_linear_aligned,True
2021-09-24 04:00:00+00:00,2021-10-04 23:00:00+00:00,2021-10-04 19:00:00-04:00,260,66.0,70.21595046669808,boost_5y_linear_aligned,True
2021-09-24 04:00:00+00:00,2021-10-05 00:00:00+00:00,2021-10-04 20:00:00-04:00,261,66.0,68.88341797708499,boost_5y_linear_aligned,True
2021-09-24 04:00:00+00:00,2021-10-05 01:00:00+00:00,2021-10-04 21:00:00-04:00,262,66.0,67.76316831343043,boost_5y_linear_aligned,True
2021-09-24 04:00:00+00:00,2021-10-05 02:00:00+00:00,2021-10-04 22:00:00-04:00,263,67.0,67.11884218765229,boost_5y_linear_aligned,True
2021-09-24 04:00:00+00:00,2021-10-05 03:00:00+00:00,2021-10-04 23:00:00-04:00,264,68.0,66.6465608340611,boost_5y_linear_aligned,True
2021-09-24 04:00:00+00:00,2021-10-05 04:00:00+00:00,2021-10-05 00:00:00-04:00,265,67.0,65.61598048267838,boost_5y_linear_aligned,True
2021-09-24 04:00:00+00:00,2021-10-05 05:00:00+00:00,2021-10-05 01:00:00-04:00,266,67.0,64.6437316757421,boost_5y_linear_aligned,True
2021-09-24 04:00:00+00:00,2021-10-05 06:00:00+00:00,2021-10-05 02:00:00-04:00,267,66.0,64.07282511383546,boost_5y_linear_aligned,True
2021-09-24 04:00:00+00:00,2021-10-05 07:00:00+00:00,2021-10-05 03:00:00-04:00,268,68.0,63.39399115043089,boost_5y_linear_aligned,True
2021-09-24 04:00:00+00:00,2021-10-05 08:00:00+00:00,2021-10-05 04:00:00-04:00,269,68.0,63.10230488872483,boost_5y_linear_aligned,True
2021-09-24 04:00:00+00:00,2021-10-05 09:00:00+00:00,2021-10-05 05:00:00-04:00,270,68.0,62.61022489625651,boost_5y_linear_aligned,True
2021-09-24 04:00:00+00:00,2021-10-05 10:00:00+00:00,2021-10-05 06:00:00-04:00,271,69.0,62.285842403469466,boost_5y_linear_aligned,True
2021-09-24 04:00:00+00:00,2021-10-05 11:00:00+00:00,2021-10-05 07:00:00-04:00,272,70.0,62.76660041341721,boost_5y_linear_aligned,True
2021-09-24 04:00:00+00:00,2021-10-05 12:00:00+00:00,2021-10-05 08:00:00-04:00,273,72.0,65.88918481271124,boost_5y_linear_aligned,True
2021-09-24 04:00:00+00:00,2021-10-05 13:00:00+00:00,2021-10-05 09:00:00-04:00,274,74.0,69.03348877776585,boost_5y_linear_aligned,True
2021-09-24 04:00:00+00:00,2021-10-05 14:00:00+00:00,2021-10-05 10:00:00-04:00,275,78.0,72.19902511953053,boost_5y_linear_aligned,True
2021-09-24 04:00:00+00:00,2021-10-05 15:00:00+00:00,2021-10-05 11:00:00-04:00,276,82.0,74.44851480212954,boost_5y_linear_aligned,True
2021-09-24 04:00:00+00:00,2021-10-05 16:00:00+00:00,2021-10-05 12:00:00-04:00,277,82.0,76.28058790329445,boost_5y_linear_aligned,True
2021-09-24 04:00:00+00:00,2021-10-05 17:00:00+00:00,2021-10-05 13:00:00-04:00,278,85.0,77.62405964819138,boost_5y_linear_aligned,True
2021-09-24 04:00:00+00:00,2021-10-05 18:00:00+00:00,2021-10-05 14:00:00-04:00,279,85.0,78.12707036422256,boost_5y_linear_aligned,True
2021-09-24 04:00:00+00:00,2021-10-05 19:00:00+00:00,2021-10-05 15:00:00-04:00,280,82.0,78.18611727646736,boost_5y_linear_aligned,True
2021-09-24 04:00:00+00:00,2021-10-05 20:00:00+00:00,2021-10-05 16:00:00-04:00,281,82.0,77.64155750822734,boost_5y_linear_aligned,True
2021-09-24 04:00:00+00:00,2021-10-05 21:00:00+00:00,2021-10-05 17:00:00-04:00,282,79.0,75.98676838854544,boost_5y_linear_aligned,True
2021-09-24 04:00:00+00:00,2021-10-05 22:00:00+00:00,2021-10-05 18:00:00-04:00,283,74.0,72.22429823317039,boost_5y_linear_aligned,True
2021-09-24 04:00:00+00:00,2021-10-05 23:00:00+00:00,2021-10-05 19:00:00-04:00,284,72.0,69.37312779806763,boost_5y_linear_aligned,True
2021-09-24 04:00:00+00:00,2021-10-06 00:00:00+00:00,2021-10-05 20:00:00-04:00,285,72.0,68.01053346044762,boost_5y_linear_aligned,True
2021-09-24 04:00:00+00:00,2021-10-06 01:00:00+00:00,2021-10-05 21:00:00-04:00,286,72.0,66.95982421025525,boost_5y_linear_aligned,True
2021-09-24 04:00:00+00:00,2021-10-06 02:00:00+00:00,2021-10-05 22:00:00-04:00,287,70.0,66.29277493413707,boost_5y_linear_aligned,True
2021-09-24 04:00:00+00:00,2021-10-06 03:00:00+00:00,2021-10-05 23:00:00-04:00,288,70.0,65.78535671782977,boost_5y_linear_aligned,True
2021-09-24 04:00:00+00:00,2021-10-06 04:00:00+00:00,2021-10-06 00:00:00-04:00,289,70.0,64.92688709702765,boost_5y_linear_aligned,True
2021-09-24 04:00:00+00:00,2021-10-06 05:00:00+00:00,2021-10-06 01:00:00-04:00,290,69.0,64.061269770673,boost_5y_linear_aligned,True
2021-09-24 04:00:00+00:00,2021-10-06 06:00:00+00:00,2021-10-06 02:00:00-04:00,291,68.0,63.503774075827664,boost_5y_linear_aligned,True
2021-09-24 04:00:00+00:00,2021-10-06 07:00:00+00:00,2021-10-06 03:00:00-04:00,292,68.0,62.784904574907365,boost_5y_linear_aligned,True
2021-09-24 04:00:00+00:00,2021-10-06 08:00:00+00:00,2021-10-06 04:00:00-04:00,293,69.0,62.54602569230604,boost_5y_linear_aligned,True
2021-09-24 04:00:00+00:00,2021-10-06 09:00:00+00:00,2021-10-06 05:00:00-04:00,294,68.0,62.10234818203789,boost_5y_linear_aligned,True
2021-09-24 04:00:00+00:00,2021-10-06 10:00:00+00:00,2021-10-06 06:00:00-04:00,295,68.0,61.732715303078486,boost_5y_linear_aligned,True
2021-09-24 04:00:00+00:00,2021-10-06 11:00:00+00:00,2021-10-06 07:00:00-04:00,296,69.0,62.235748016338604,boost_5y_linear_aligned,True
2021-09-24 04:00:00+00:00,2021-10-06 12:00:00+00:00,2021-10-06 08:00:00-04:00,297,70.0,65.29781949435572,boost_5y_linear_aligned,True
2021-09-24 04:00:00+00:00,2021-10-06 13:00:00+00:00,2021-10-06 09:00:00-04:00,298,73.0,68.39279134318399,boost_5y_linear_aligned,True
2021-09-24 04:00:00+00:00,2021-10-06 14:00:00+00:00,2021-10-06 10:00:00-04:00,299,76.0,71.47169326939989,boost_5y_linear_aligned,True
2021-09-24 04:00:00+00:00,2021-10-06 15:00:00+00:00,2021-10-06 11:00:00-04:00,300,78.0,73.75342194599848,boost_5y_linear_aligned,True
2021-09-24 04:00:00+00:00,2021-10-06 16:00:00+00:00,2021-10-06 12:00:00-04:00,301,78.0,75.55293156007917,boost_5y_linear_aligned,True
2021-09-24 04:00:00+00:00,2021-10-06 17:00:00+00:00,2021-10-06 13:00:00-04:00,302,81.0,76.8780829767725,boost_5y_linear_aligned,True
2021-09-24 04:00:00+00:00,2021-10-06 18:00:00+00:00,2021-10-06 14:00:00-04:00,303,79.0,77.35434247101517,boost_5y_linear_aligned,True
2021-09-24 04:00:00+00:00,2021-10-06 19:00:00+00:00,2021-10-06 15:00:00-04:00,304,82.0,77.43527461664445,boost_5y_linear_aligned,True
2021-09-24 04:00:00+00:00,2021-10-06 20:00:00+00:00,2021-10-06 16:00:00-04:00,305,82.0,76.90286569333661,boost_5y_linear_aligned,True
2021-09-24 04:00:00+00:00,2021-10-06 21:00:00+00:00,2021-10-06 17:00:00-04:00,306,80.0,75.22163544194676,boost_5y_linear_aligned,True
2021-09-24 04:00:00+00:00,2021-10-06 22:00:00+00:00,2021-10-06 18:00:00-04:00,307,74.0,71.39347003656515,boost_5y_linear_aligned,True
2021-09-24 04:00:00+00:00,2021-10-06 23:00:00+00:00,2021-10-06 19:00:00-04:00,308,72.0,68.53596695115687,boost_5y_linear_aligned,True
2021-09-24 04:00:00+00:00,2021-10-07 00:00:00+00:00,2021-10-06 20:00:00-04:00,309,73.0,67.23082752090733,boost_5y_linear_aligned,True
2021-09-24 04:00:00+00:00,2021-10-07 01:00:00+00:00,2021-10-06 21:00:00-04:00,310,72.0,66.17487166661333,boost_5y_linear_aligned,True
2021-09-24 04:00:00+00:00,2021-10-07 02:00:00+00:00,2021-10-06 22:00:00-04:00,311,73.0,65.49652349249558,boost_5y_linear_aligned,True
2021-09-24 04:00:00+00:00,2021-10-07 03:00:00+00:00,2021-10-06 23:00:00-04:00,312,71.0,64.98172514091273,boost_5y_linear_aligned,True
2021-09-24 04:00:00+00:00,2021-10-07 04:00:00+00:00,2021-10-07 00:00:00-04:00,313,70.0,64.1423875346044,boost_5y_linear_aligned,True
2021-09-24 04:00:00+00:00,2021-10-07 05:00:00+00:00,2021-10-07 01:00:00-04:00,314,70.0,63.343972137909894,boost_5y_linear_aligned,True
2021-09-24 04:00:00+00:00,2021-10-07 06:00:00+00:00,2021-10-07 02:00:00-04:00,315,70.0,62.77794532577806,boost_5y_linear_aligned,True
2021-09-24 04:00:00+00:00,2021-10-07 07:00:00+00:00,2021-10-07 03:00:00-04:00,316,69.0,62.09569037596722,boost_5y_linear_aligned,True
2021-09-24 04:00:00+00:00,2021-10-07 08:00:00+00:00,2021-10-07 04:00:00-04:00,317,68.0,61.854371904278935,boost_5y_linear_aligned,True
2021-09-24 04:00:00+00:00,2021-10-07 09:00:00+00:00,2021-10-07 05:00:00-04:00,318,68.0,61.46946700971962,boost_5y_linear_aligned,True
2021-09-24 04:00:00+00:00,2021-10-07 10:00:00+00:00,2021-10-07 06:00:00-04:00,319,68.0,61.097880828062486,boost_5y_linear_aligned,True
2021-09-24 04:00:00+00:00,2021-10-07 11:00:00+00:00,2021-10-07 07:00:00-04:00,320,68.0,61.53893989379975,boost_5y_linear_aligned,True
2021-09-24 04:00:00+00:00,2021-10-07 12:00:00+00:00,2021-10-07 08:00:00-04:00,321,68.0,64.59336427494503,boost_5y_linear_aligned,True
2021-09-24 04:00:00+00:00,2021-10-07 13:00:00+00:00,2021-10-07 09:00:00-04:00,322,69.0,67.66752736658245,boost_5y_linear_aligned,True
2021-09-24 04:00:00+00:00,2021-10-07 14:00:00+00:00,2021-10-07 10:00:00-04:00,323,70.0,70.76873209388208,boost_5y_linear_aligned,True
2021-09-24 04:00:00+00:00,2021-10-07 15:00:00+00:00,2021-10-07 11:00:00-04:00,324,72.0,73.09159053046619,boost_5y_linear_aligned,True
2021-09-24 04:00:00+00:00,2021-10-07 16:00:00+00:00,2021-10-07 12:00:00-04:00,325,76.0,74.79628011398685,boost_5y_linear_aligned,True
2021-09-24 04:00:00+00:00,2021-10-07 17:00:00+00:00,2021-10-07 13:00:00-04:00,326,76.0,76.24231965904833,boost_5y_linear_aligned,True
2021-09-24 04:00:00+00:00,2021-10-07 18:00:00+00:00,2021-10-07 14:00:00-04:00,327,76.0,76.83736959214555,boost_5y_linear_aligned,True
2021-09-24 04:00:00+00:00,2021-10-07 19:00:00+00:00,2021-10-07 15:00:00-04:00,328,76.0,77.05655616573512,boost_5y_linear_aligned,True
2021-09-24 04:00:00+00:00,2021-10-07 20:00:00+00:00,2021-10-07 16:00:00-04:00,329,76.0,76.65206868599084,boost_5y_linear_aligned,True
2021-09-24 04:00:00+00:00,2021-10-07 21:00:00+00:00,2021-10-07 17:00:00-04:00,330,74.0,74.95075253136449,boost_5y_linear_aligned,True
2021-09-24 04:00:00+00:00,2021-10-07 22:00:00+00:00,2021-10-07 18:00:00-04:00,331,72.0,70.91659682861692,boost_5y_linear_aligned,True
2021-09-24 04:00:00+00:00,2021-10-07 23:00:00+00:00,2021-10-07 19:00:00-04:00,332,71.0,68.09049120652318,boost_5y_linear_aligned,True
2021-09-24 04:00:00+00:00,2021-10-08 00:00:00+00:00,2021-10-07 20:00:00-04:00,333,70.0,66.61446192341556,boost_5y_linear_aligned,True
2021-09-24 04:00:00+00:00,2021-10-08 01:00:00+00:00,2021-10-07 21:00:00-04:00,334,70.0,65.5434923079463,boost_5y_linear_aligned,True
2021-09-24 04:00:00+00:00,2021-10-08 02:00:00+00:00,2021-10-07 22:00:00-04:00,335,69.0,64.85129181200185,boost_5y_linear_aligned,True
2021-09-24 04:00:00+00:00,2021-10-08 03:00:00+00:00,2021-10-07 23:00:00-04:00,336,66.0,64.30234680681723,boost_5y_linear_aligned,True
2021-10-01 04:00:00+00:00,2021-10-01 04:00:00+00:00,2021-10-01 00:00:00-04:00,1,61.0,64.19731133112926,boost_5y_linear_aligned,True
2021-10-01 04:00:00+00:00,2021-10-01 05:00:00+00:00,2021-10-01 01:00:00-04:00,2,60.0,63.19629062007238,boost_5y_linear_aligned,True
2021-10-01 04:00:00+00:00,2021-10-01 06:00:00+00:00,2021-10-01 02:00:00-04:00,3,60.0,62.7308532319281,boost_5y_linear_aligned,True
2021-10-01 04:00:00+00:00,2021-10-01 07:00:00+00:00,2021-10-01 03:00:00-04:00,4,59.0,62.16205657088382,boost_5y_linear_aligned,True
2021-10-01 04:00:00+00:00,2021-10-01 08:00:00+00:00,2021-10-01 04:00:00-04:00,5,58.0,61.861227514116294,boost_5y_linear_aligned,True
2021-10-01 04:00:00+00:00,2021-10-01 09:00:00+00:00,2021-10-01 05:00:00-04:00,6,59.0,61.33058589196328,boost_5y_linear_aligned,True
2021-10-01 04:00:00+00:00,2021-10-01 10:00:00+00:00,2021-10-01 06:00:00-04:00,7,58.0,60.73351617383098,boost_5y_linear_aligned,True
2021-10-01 04:00:00+00:00,2021-10-01 11:00:00+00:00,2021-10-01 07:00:00-04:00,8,62.0,61.41333862161008,boost_5y_linear_aligned,True
2021-10-01 04:00:00+00:00,2021-10-01 12:00:00+00:00,2021-10-01 08:00:00-04:00,9,63.0,64.91970253652732,boost_5y_linear_aligned,True
2021-10-01 04:00:00+00:00,2021-10-01 13:00:00+00:00,2021-10-01 09:00:00-04:00,10,67.0,67.96487337846422,boost_5y_linear_aligned,True
2021-10-01 04:00:00+00:00,2021-10-01 14:00:00+00:00,2021-10-01 10:00:00-04:00,11,72.0,71.54512829717757,boost_5y_linear_aligned,True
2021-10-01 04:00:00+00:00,2021-10-01 15:00:00+00:00,2021-10-01 11:00:00-04:00,12,74.0,74.63484155150371,boost_5y_linear_aligned,True
2021-10-01 04:00:00+00:00,2021-10-01 16:00:00+00:00,2021-10-01 12:00:00-04:00,13,77.0,76.54445073028118,boost_5y_linear_aligned,True
2021-10-01 04:00:00+00:00,2021-10-01 17:00:00+00:00,2021-10-01 13:00:00-04:00,14,75.0,78.11681050225289,boost_5y_linear_aligned,True
2021-10-01 04:00:00+00:00,2021-10-01 18:00:00+00:00,2021-10-01 14:00:00-04:00,15,79.0,78.8998360927706,boost_5y_linear_aligned,True
2021-10-01 04:00:00+00:00,2021-10-01 19:00:00+00:00,2021-10-01 15:00:00-04:00,16,78.0,79.10953798460136,boost_5y_linear_aligned,True
2021-10-01 04:00:00+00:00,2021-10-01 20:00:00+00:00,2021-10-01 16:00:00-04:00,17,79.0,78.62999260302058,boost_5y_linear_aligned,True
2021-10-01 04:00:00+00:00,2021-10-01 21:00:00+00:00,2021-10-01 17:00:00-04:00,18,79.0,77.54320724992638,boost_5y_linear_aligned,True
2021-10-01 04:00:00+00:00,2021-10-01 22:00:00+00:00,2021-10-01 18:00:00-04:00,19,73.0,72.93939937095963,boost_5y_linear_aligned,True
2021-10-01 04:00:00+00:00,2021-10-01 23:00:00+00:00,2021-10-01 19:00:00-04:00,20,71.0,69.60203069476299,boost_5y_linear_aligned,True
2021-10-01 04:00:00+00:00,2021-10-02 00:00:00+00:00,2021-10-01 20:00:00-04:00,21,66.0,67.96595540580748,boost_5y_linear_aligned,True
2021-10-01 04:00:00+00:00,2021-10-02 01:00:00+00:00,2021-10-01 21:00:00-04:00,22,64.0,66.77295538353103,boost_5y_linear_aligned,True
2021-10-01 04:00:00+00:00,2021-10-02 02:00:00+00:00,2021-10-01 22:00:00-04:00,23,67.0,65.82105200543145,boost_5y_linear_aligned,True
2021-10-01 04:00:00+00:00,2021-10-02 03:00:00+00:00,2021-10-01 23:00:00-04:00,24,63.0,65.28673537067552,boost_5y_linear_aligned,True
2021-10-01 04:00:00+00:00,2021-10-02 04:00:00+00:00,2021-10-02 00:00:00-04:00,25,61.0,64.49175621979495,boost_5y_linear_aligned,True
2021-10-01 04:00:00+00:00,2021-10-02 05:00:00+00:00,2021-10-02 01:00:00-04:00,26,60.0,63.48236617032559,boost_5y_linear_aligned,True
2021-10-01 04:00:00+00:00,2021-10-02 06:00:00+00:00,2021-10-02 02:00:00-04:00,27,61.0,63.200361761472664,boost_5y_linear_aligned,True
2021-10-01 04:00:00+00:00,2021-10-02 07:00:00+00:00,2021-10-02 03:00:00-04:00,28,61.0,62.57903425489761,boost_5y_linear_aligned,True
2021-10-01 04:00:00+00:00,2021-10-02 08:00:00+00:00,2021-10-02 04:00:00-04:00,29,61.0,62.22980053305457,boost_5y_linear_aligned,True
2021-10-01 04:00:00+00:00,2021-10-02 09:00:00+00:00,2021-10-02 05:00:00-04:00,30,60.0,61.68628749266695,boost_5y_linear_aligned,True
2021-10-01 04:00:00+00:00,2021-10-02 10:00:00+00:00,2021-10-02 06:00:00-04:00,31,59.0,61.23728157008622,boost_5y_linear_aligned,True
2021-10-01 04:00:00+00:00,2021-10-02 11:00:00+00:00,2021-10-02 07:00:00-04:00,32,61.0,61.80633374316639,boost_5y_linear_aligned,True
2021-10-01 04:00:00+00:00,2021-10-02 12:00:00+00:00,2021-10-02 08:00:00-04:00,33,65.0,65.51258865885157,boost_5y_linear_aligned,True
2021-10-01 04:00:00+00:00,2021-10-02 13:00:00+00:00,2021-10-02 09:00:00-04:00,34,71.0,68.93130308389219,boost_5y_linear_aligned,True
2021-10-01 04:00:00+00:00,2021-10-02 14:00:00+00:00,2021-10-02 10:00:00-04:00,35,76.0,72.51278171782971,boost_5y_linear_aligned,True
2021-10-01 04:00:00+00:00,2021-10-02 15:00:00+00:00,2021-10-02 11:00:00-04:00,36,80.0,76.32716705232083,boost_5y_linear_aligned,True
2021-10-01 04:00:00+00:00,2021-10-02 16:00:00+00:00,2021-10-02 12:00:00-04:00,37,81.0,78.17689179864418,boost_5y_linear_aligned,True
2021-10-01 04:00:00+00:00,2021-10-02 17:00:00+00:00,2021-10-02 13:00:00-04:00,38,83.0,79.59731312720855,boost_5y_linear_aligned,True
2021-10-01 04:00:00+00:00,2021-10-02 18:00:00+00:00,2021-10-02 14:00:00-04:00,39,84.0,80.43369864798998,boost_5y_linear_aligned,True
2021-10-01 04:00:00+00:00,2021-10-02 19:00:00+00:00,2021-10-02 15:00:00-04:00,40,84.0,80.56276746169301,boost_5y_linear_aligned,True
2021-10-01 04:00:00+00:00,2021-10-02 20:00:00+00:00,2021-10-02 16:00:00-04:00,41,83.0,80.0432379693737,boost_5y_linear_aligned,True
2021-10-01 04:00:00+00:00,2021-10-02 21:00:00+00:00,2021-10-02 17:00:00-04:00,42,80.0,78.44803413431981,boost_5y_linear_aligned,True
2021-10-01 04:00:00+00:00,2021-10-02 22:00:00+00:00,2021-10-02 18:00:00-04:00,43,74.0,74.01056442132975,boost_5y_linear_aligned,True
2021-10-01 04:00:00+00:00,2021-10-02 23:00:00+00:00,2021-10-02 19:00:00-04:00,44,73.0,69.9953691999693,boost_5y_linear_aligned,True
2021-10-01 04:00:00+00:00,2021-10-03 00:00:00+00:00,2021-10-02 20:00:00-04:00,45,72.0,68.11202891707727,boost_5y_linear_aligned,True
2021-10-01 04:00:00+00:00,2021-10-03 01:00:00+00:00,2021-10-02 21:00:00-04:00,46,70.0,66.76957235951058,boost_5y_linear_aligned,True
2021-10-01 04:00:00+00:00,2021-10-03 02:00:00+00:00,2021-10-02 22:00:00-04:00,47,69.0,66.07741704980754,boost_5y_linear_aligned,True
2021-10-01 04:00:00+00:00,2021-10-03 03:00:00+00:00,2021-10-02 23:00:00-04:00,48,69.0,65.6237512936873,boost_5y_linear_aligned,True
2021-10-01 04:00:00+00:00,2021-10-03 04:00:00+00:00,2021-10-03 00:00:00-04:00,49,67.0,65.31956153819557,boost_5y_linear_aligned,True
2021-10-01 04:00:00+00:00,2021-10-03 05:00:00+00:00,2021-10-03 01:00:00-04:00,50,65.0,64.25772328515785,boost_5y_linear_aligned,True
2021-10-01 04:00:00+00:00,2021-10-03 06:00:00+00:00,2021-10-03 02:00:00-04:00,51,65.0,63.697997825238765,boost_5y_linear_aligned,True
2021-10-01 04:00:00+00:00,2021-10-03 07:00:00+00:00,2021-10-03 03:00:00-04:00,52,64.0,62.77022980859581,boost_5y_linear_aligned,True
2021-10-01 04:00:00+00:00,2021-10-03 08:00:00+00:00,2021-10-03 04:00:00-04:00,53,63.0,62.508931449630666,boost_5y_linear_aligned,True
2021-10-01 04:00:00+00:00,2021-10-03 09:00:00+00:00,2021-10-03 05:00:00-04:00,54,63.0,61.950261338101846,boost_5y_linear_aligned,True
2021-10-01 04:00:00+00:00,2021-10-03 10:00:00+00:00,2021-10-03 06:00:00-04:00,55,63.0,61.47259847027018,boost_5y_linear_aligned,True
2021-10-01 04:00:00+00:00,2021-10-03 11:00:00+00:00,2021-10-03 07:00:00-04:00,56,64.0,62.15702453997159,boost_5y_linear_aligned,True
2021-10-01 04:00:00+00:00,2021-10-03 12:00:00+00:00,2021-10-03 08:00:00-04:00,57,69.0,65.51346827541451,boost_5y_linear_aligned,True
2021-10-01 04:00:00+00:00,2021-10-03 13:00:00+00:00,2021-10-03 09:00:00-04:00,58,73.0,68.95934196407322,boost_5y_linear_aligned,True
2021-10-01 04:00:00+00:00,2021-10-03 14:00:00+00:00,2021-10-03 10:00:00-04:00,59,76.0,73.29079355445502,boost_5y_linear_aligned,True
2021-10-01 04:00:00+00:00,2021-10-03 15:00:00+00:00,2021-10-03 11:00:00-04:00,60,80.0,76.14495314669539,boost_5y_linear_aligned,True
2021-10-01 04:00:00+00:00,2021-10-03 16:00:00+00:00,2021-10-03 12:00:00-04:00,61,82.0,78.34887325018249,boost_5y_linear_aligned,True
2021-10-01 04:00:00+00:00,2021-10-03 17:00:00+00:00,2021-10-03 13:00:00-04:00,62,84.0,79.76415221515111,boost_5y_linear_aligned,True
2021-10-01 04:00:00+00:00,2021-10-03 18:00:00+00:00,2021-10-03 14:00:00-04:00,63,86.0,80.31448246367174,boost_5y_linear_aligned,True
2021-10-01 04:00:00+00:00,2021-10-03 19:00:00+00:00,2021-10-03 15:00:00-04:00,64,84.0,80.62820177250676,boost_5y_linear_aligned,True
2021-10-01 04:00:00+00:00,2021-10-03 20:00:00+00:00,2021-10-03 16:00:00-04:00,65,84.0,80.15753762333327,boost_5y_linear_aligned,True
2021-10-01 04:00:00+00:00,2021-10-03 21:00:00+00:00,2021-10-03 17:00:00-04:00,66,82.0,78.57562430821315,boost_5y_linear_aligned,True
2021-10-01 04:00:00+00:00,2021-10-03 22:00:00+00:00,2021-10-03 18:00:00-04:00,67,76.0,74.1652597878439,boost_5y_linear_aligned,True
2021-10-01 04:00:00+00:00,2021-10-03 23:00:00+00:00,2021-10-03 19:00:00-04:00,68,74.0,70.7296616327749,boost_5y_linear_aligned,True
2021-10-01 04:00:00+00:00,2021-10-04 00:00:00+00:00,2021-10-03 20:00:00-04:00,69,73.0,68.85540792914003,boost_5y_linear_aligned,True
2021-10-01 04:00:00+00:00,2021-10-04 01:00:00+00:00,2021-10-03 21:00:00-04:00,70,73.0,67.59073111068821,boost_5y_linear_aligned,True
2021-10-01 04:00:00+00:00,2021-10-04 02:00:00+00:00,2021-10-03 22:00:00-04:00,71,72.0,66.95742235258052,boost_5y_linear_aligned,True
2021-10-01 04:00:00+00:00,2021-10-04 03:00:00+00:00,2021-10-03 23:00:00-04:00,72,72.0,66.38815218173939,boost_5y_linear_aligned,True
2021-10-01 04:00:00+00:00,2021-10-04 04:00:00+00:00,2021-10-04 00:00:00-04:00,73,70.0,65.90464730048116,boost_5y_linear_aligned,True
2021-10-01 04:00:00+00:00,2021-10-04 05:00:00+00:00,2021-10-04 01:00:00-04:00,74,69.0,64.93257777635166,boost_5y_linear_aligned,True
2021-10-01 04:00:00+00:00,2021-10-04 06:00:00+00:00,2021-10-04 02:00:00-04:00,75,68.0,64.40644670071053,boost_5y_linear_aligned,True
2021-10-01 04:00:00+00:00,2021-10-04 07:00:00+00:00,2021-10-04 03:00:00-04:00,76,67.0,63.62355143307428,boost_5y_linear_aligned,True
2021-10-01 04:00:00+00:00,2021-10-04 08:00:00+00:00,2021-10-04 04:00:00-04:00,77,68.0,63.35416230541607,boost_5y_linear_aligned,True
2021-10-01 04:00:00+00:00,2021-10-04 09:00:00+00:00,2021-10-04 05:00:00-04:00,78,68.0,62.78746856811587,boost_5y_linear_aligned,True
2021-10-01 04:00:00+00:00,2021-10-04 10:00:00+00:00,2021-10-04 06:00:00-04:00,79,68.0,62.46210555979367,boost_5y_linear_aligned,True
2021-10-01 04:00:00+00:00,2021-10-04 11:00:00+00:00,2021-10-04 07:00:00-04:00,80,69.0,63.362455158929095,boost_5y_linear_aligned,True
2021-10-01 04:00:00+00:00,2021-10-04 12:00:00+00:00,2021-10-04 08:00:00-04:00,81,70.0,66.62501712872677,boost_5y_linear_aligned,True
2021-10-01 04:00:00+00:00,2021-10-04 13:00:00+00:00,2021-10-04 09:00:00-04:00,82,72.0,69.92495570984717,boost_5y_linear_aligned,True
2021-10-01 04:00:00+00:00,2021-10-04 14:00:00+00:00,2021-10-04 10:00:00-04:00,83,79.0,73.7674861746541,boost_5y_linear_aligned,True
2021-10-01 04:00:00+00:00,2021-10-04 15:00:00+00:00,2021-10-04 11:00:00-04:00,84,82.0,76.65998926407094,boost_5y_linear_aligned,True
2021-10-01 04:00:00+00:00,2021-10-04 16:00:00+00:00,2021-10-04 12:00:00-04:00,85,82.0,78.7739033122449,boost_5y_linear_aligned,True
2021-10-01 04:00:00+00:00,2021-10-04 17:00:00+00:00,2021-10-04 13:00:00-04:00,86,83.0,80.2339291926507,boost_5y_linear_aligned,True
2021-10-01 04:00:00+00:00,2021-10-04 18:00:00+00:00,2021-10-04 14:00:00-04:00,87,84.0,80.76340559018485,boost_5y_linear_aligned,True
2021-10-01 04:00:00+00:00,2021-10-04 19:00:00+00:00,2021-10-04 15:00:00-04:00,88,80.0,81.0564127207623,boost_5y_linear_aligned,True
2021-10-01 04:00:00+00:00,2021-10-04 20:00:00+00:00,2021-10-04 16:00:00-04:00,89,72.0,80.4736860456106,boost_5y_linear_aligned,True
2021-10-01 04:00:00+00:00,2021-10-04 21:00:00+00:00,2021-10-04 17:00:00-04:00,90,72.0,78.78226081828107,boost_5y_linear_aligned,True
2021-10-01 04:00:00+00:00,2021-10-04 22:00:00+00:00,2021-10-04 18:00:00-04:00,91,72.0,74.27230979944649,boost_5y_linear_aligned,True
2021-10-01 04:00:00+00:00,2021-10-04 23:00:00+00:00,2021-10-04 19:00:00-04:00,92,66.0,71.12428730676513,boost_5y_linear_aligned,True
2021-10-01 04:00:00+00:00,2021-10-05 00:00:00+00:00,2021-10-04 20:00:00-04:00,93,66.0,69.45231551960626,boost_5y_linear_aligned,True
2021-10-01 04:00:00+00:00,2021-10-05 01:00:00+00:00,2021-10-04 21:00:00-04:00,94,66.0,68.31623531796144,boost_5y_linear_aligned,True
2021-10-01 04:00:00+00:00,2021-10-05 02:00:00+00:00,2021-10-04 22:00:00-04:00,95,67.0,67.67365361662031,boost_5y_linear_aligned,True
2021-10-01 04:00:00+00:00,2021-10-05 03:00:00+00:00,2021-10-04 23:00:00-04:00,96,68.0,67.09609955184658,boost_5y_linear_aligned,True
2021-10-01 04:00:00+00:00,2021-10-05 04:00:00+00:00,2021-10-05 00:00:00-04:00,97,67.0,66.09737091250105,boost_5y_linear_aligned,True
2021-10-01 04:00:00+00:00,2021-10-05 05:00:00+00:00,2021-10-05 01:00:00-04:00,98,67.0,65.05220939965382,boost_5y_linear_aligned,True
2021-10-01 04:00:00+00:00,2021-10-05 06:00:00+00:00,2021-10-05 02:00:00-04:00,99,66.0,64.5644542302348,boost_5y_linear_aligned,True
2021-10-01 04:00:00+00:00,2021-10-05 07:00:00+00:00,2021-10-05 03:00:00-04:00,100,68.0,63.82981597064146,boost_5y_linear_aligned,True
2021-10-01 04:00:00+00:00,2021-10-05 08:00:00+00:00,2021-10-05 04:00:00-04:00,101,68.0,63.51413736441996,boost_5y_linear_aligned,True
2021-10-01 04:00:00+00:00,2021-10-05 09:00:00+00:00,2021-10-05 05:00:00-04:00,102,68.0,62.9755964836923,boost_5y_linear_aligned,True
2021-10-01 04:00:00+00:00,2021-10-05 10:00:00+00:00,2021-10-05 06:00:00-04:00,103,69.0,62.736951243549505,boost_5y_linear_aligned,True
2021-10-01 04:00:00+00:00,2021-10-05 11:00:00+00:00,2021-10-05 07:00:00-04:00,104,70.0,63.233214923778306,boost_5y_linear_aligned,True
2021-10-01 04:00:00+00:00,2021-10-05 12:00:00+00:00,2021-10-05 08:00:00-04:00,105,72.0,66.45786921966942,boost_5y_linear_aligned,True
2021-10-01 04:00:00+00:00,2021-10-05 13:00:00+00:00,2021-10-05 09:00:00-04:00,106,74.0,69.96335954020849,boost_5y_linear_aligned,True
2021-10-01 04:00:00+00:00,2021-10-05 14:00:00+00:00,2021-10-05 10:00:00-04:00,107,78.0,73.16372995721616,boost_5y_linear_aligned,True
2021-10-01 04:00:00+00:00,2021-10-05 15:00:00+00:00,2021-10-05 11:00:00-04:00,108,82.0,75.64086243720611,boost_5y_linear_aligned,True
2021-10-01 04:00:00+00:00,2021-10-05 16:00:00+00:00,2021-10-05 12:00:00-04:00,109,82.0,77.17303853106948,boost_5y_linear_aligned,True
2021-10-01 04:00:00+00:00,2021-10-05 17:00:00+00:00,2021-10-05 13:00:00-04:00,110,85.0,78.53156371646362,boost_5y_linear_aligned,True
2021-10-01 04:00:00+00:00,2021-10-05 18:00:00+00:00,2021-10-05 14:00:00-04:00,111,85.0,79.04241975915455,boost_5y_linear_aligned,True
2021-10-01 04:00:00+00:00,2021-10-05 19:00:00+00:00,2021-10-05 15:00:00-04:00,112,82.0,79.18314045291827,boost_5y_linear_aligned,True
2021-10-01 04:00:00+00:00,2021-10-05 20:00:00+00:00,2021-10-05 16:00:00-04:00,113,82.0,78.65078067726813,boost_5y_linear_aligned,True
2021-10-01 04:00:00+00:00,2021-10-05 21:00:00+00:00,2021-10-05 17:00:00-04:00,114,79.0,76.84222234552861,boost_5y_linear_aligned,True
2021-10-01 04:00:00+00:00,2021-10-05 22:00:00+00:00,2021-10-05 18:00:00-04:00,115,74.0,73.27104683612188,boost_5y_linear_aligned,True
2021-10-01 04:00:00+00:00,2021-10-05 23:00:00+00:00,2021-10-05 19:00:00-04:00,116,72.0,70.26431170998498,boost_5y_linear_aligned,True
2021-10-01 04:00:00+00:00,2021-10-06 00:00:00+00:00,2021-10-05 20:00:00-04:00,117,72.0,68.7987321268479,boost_5y_linear_aligned,True
2021-10-01 04:00:00+00:00,2021-10-06 01:00:00+00:00,2021-10-05 21:00:00-04:00,118,72.0,67.67048206104563,boost_5y_linear_aligned,True
2021-10-01 04:00:00+00:00,2021-10-06 02:00:00+00:00,2021-10-05 22:00:00-04:00,119,70.0,67.10207875384636,boost_5y_linear_aligned,True
2021-10-01 04:00:00+00:00,2021-10-06 03:00:00+00:00,2021-10-05 23:00:00-04:00,120,70.0,66.45712457356902,boost_5y_linear_aligned,True
2021-10-01 04:00:00+00:00,2021-10-06 04:00:00+00:00,2021-10-06 00:00:00-04:00,121,70.0,65.8451380460395,boost_5y_linear_aligned,True
2021-10-01 04:00:00+00:00,2021-10-06 05:00:00+00:00,2021-10-06 01:00:00-04:00,122,69.0,64.9959569628003,boost_5y_linear_aligned,True
2021-10-01 04:00:00+00:00,2021-10-06 06:00:00+00:00,2021-10-06 02:00:00-04:00,123,68.0,64.44308666949264,boost_5y_linear_aligned,True
2021-10-01 04:00:00+00:00,2021-10-06 07:00:00+00:00,2021-10-06 03:00:00-04:00,124,68.0,63.67827922306146,boost_5y_linear_aligned,True
2021-10-01 04:00:00+00:00,2021-10-06 08:00:00+00:00,2021-10-06 04:00:00-04:00,125,69.0,63.40002507343441,boost_5y_linear_aligned,True
2021-10-01 04:00:00+00:00,2021-10-06 09:00:00+00:00,2021-10-06 05:00:00-04:00,126,68.0,63.08312081199073,boost_5y_linear_aligned,True
2021-10-01 04:00:00+00:00,2021-10-06 10:00:00+00:00,2021-10-06 06:00:00-04:00,127,68.0,62.74861155310078,boost_5y_linear_aligned,True
2021-10-01 04:00:00+00:00,2021-10-06 11:00:00+00:00,2021-10-06 07:00:00-04:00,128,69.0,63.12021272332281,boost_5y_linear_aligned,True
2021-10-01 04:00:00+00:00,2021-10-06 12:00:00+00:00,2021-10-06 08:00:00-04:00,129,70.0,66.17955744999743,boost_5y_linear_aligned,True
2021-10-01 04:00:00+00:00,2021-10-06 13:00:00+00:00,2021-10-06 09:00:00-04:00,130,73.0,69.34238845210683,boost_5y_linear_aligned,True
2021-10-01 04:00:00+00:00,2021-10-06 14:00:00+00:00,2021-10-06 10:00:00-04:00,131,76.0,72.51073695845187,boost_5y_linear_aligned,True
2021-10-01 04:00:00+00:00,2021-10-06 15:00:00+00:00,2021-10-06 11:00:00-04:00,132,78.0,74.8467225199657,boost_5y_linear_aligned,True
2021-10-01 04:00:00+00:00,2021-10-06 16:00:00+00:00,2021-10-06 12:00:00-04:00,133,78.0,76.33432713240096,boost_5y_linear_aligned,True
2021-10-01 04:00:00+00:00,2021-10-06 17:00:00+00:00,2021-10-06 13:00:00-04:00,134,81.0,77.75468937165043,boost_5y_linear_aligned,True
2021-10-01 04:00:00+00:00,2021-10-06 18:00:00+00:00,2021-10-06 14:00:00-04:00,135,79.0,78.22269300679946,boost_5y_linear_aligned,True
2021-10-01 04:00:00+00:00,2021-10-06 19:00:00+00:00,2021-10-06 15:00:00-04:00,136,82.0,78.35082142191261,boost_5y_linear_aligned,True
2021-10-01 04:00:00+00:00,2021-10-06 20:00:00+00:00,2021-10-06 16:00:00-04:00,137,82.0,77.89401844543768,boost_5y_linear_aligned,True
2021-10-01 04:00:00+00:00,2021-10-06 21:00:00+00:00,2021-10-06 17:00:00-04:00,138,80.0,76.19174733210222,boost_5y_linear_aligned,True
2021-10-01 04:00:00+00:00,2021-10-06 22:00:00+00:00,2021-10-06 18:00:00-04:00,139,74.0,72.53670801063407,boost_5y_linear_aligned,True
2021-10-01 04:00:00+00:00,2021-10-06 23:00:00+00:00,2021-10-06 19:00:00-04:00,140,72.0,69.56909379355172,boost_5y_linear_aligned,True
2021-10-01 04:00:00+00:00,2021-10-07 00:00:00+00:00,2021-10-06 20:00:00-04:00,141,73.0,68.14488674698221,boost_5y_linear_aligned,True
2021-10-01 04:00:00+00:00,2021-10-07 01:00:00+00:00,2021-10-06 21:00:00-04:00,142,72.0,67.06961241444492,boost_5y_linear_aligned,True
2021-10-01 04:00:00+00:00,2021-10-07 02:00:00+00:00,2021-10-06 22:00:00-04:00,143,73.0,66.36818592633047,boost_5y_linear_aligned,True
2021-10-01 04:00:00+00:00,2021-10-07 03:00:00+00:00,2021-10-06 23:00:00-04:00,144,71.0,65.84084451219537,boost_5y_linear_aligned,True
2021-10-01 04:00:00+00:00,2021-10-07 04:00:00+00:00,2021-10-07 00:00:00-04:00,145,70.0,65.19876126126195,boost_5y_linear_aligned,True
2021-10-01 04:00:00+00:00,2021-10-07 05:00:00+00:00,2021-10-07 01:00:00-04:00,146,70.0,64.38024517542945,boost_5y_linear_aligned,True
2021-10-01 04:00:00+00:00,2021-10-07 06:00:00+00:00,2021-10-07 02:00:00-04:00,147,70.0,63.79152276314923,boost_5y_linear_aligned,True
2021-10-01 04:00:00+00:00,2021-10-07 07:00:00+00:00,2021-10-07 03:00:00-04:00,148,69.0,63.0757034794217,boost_5y_linear_aligned,True
2021-10-01 04:00:00+00:00,2021-10-07 08:00:00+00:00,2021-10-07 04:00:00-04:00,149,68.0,62.971438776031505,boost_5y_linear_aligned,True
2021-10-01 04:00:00+00:00,2021-10-07 09:00:00+00:00,2021-10-07 05:00:00-04:00,150,68.0,62.60101014321561,boost_5y_linear_aligned,True
2021-10-01 04:00:00+00:00,2021-10-07 10:00:00+00:00,2021-10-07 06:00:00-04:00,151,68.0,62.199981290343544,boost_5y_linear_aligned,True
2021-10-01 04:00:00+00:00,2021-10-07 11:00:00+00:00,2021-10-07 07:00:00-04:00,152,68.0,62.552809093145896,boost_5y_linear_aligned,True
2021-10-01 04:00:00+00:00,2021-10-07 12:00:00+00:00,2021-10-07 08:00:00-04:00,153,68.0,65.5939434556076,boost_5y_linear_aligned,True
2021-10-01 04:00:00+00:00,2021-10-07 13:00:00+00:00,2021-10-07 09:00:00-04:00,154,69.0,68.69387040466056,boost_5y_linear_aligned,True
2021-10-01 04:00:00+00:00,2021-10-07 14:00:00+00:00,2021-10-07 10:00:00-04:00,155,70.0,71.89291312409854,boost_5y_linear_aligned,True
2021-10-01 04:00:00+00:00,2021-10-07 15:00:00+00:00,2021-10-07 11:00:00-04:00,156,72.0,74.15498835679453,boost_5y_linear_aligned,True
2021-10-01 04:00:00+00:00,2021-10-07 16:00:00+00:00,2021-10-07 12:00:00-04:00,157,76.0,75.81189856946047,boost_5y_linear_aligned,True
2021-10-01 04:00:00+00:00,2021-10-07 17:00:00+00:00,2021-10-07 13:00:00-04:00,158,76.0,77.11375793251317,boost_5y_linear_aligned,True
2021-10-01 04:00:00+00:00,2021-10-07 18:00:00+00:00,2021-10-07 14:00:00-04:00,159,76.0,77.6966268114079,boost_5y_linear_aligned,True
2021-10-01 04:00:00+00:00,2021-10-07 19:00:00+00:00,2021-10-07 15:00:00-04:00,160,76.0,77.8772265877236,boost_5y_linear_aligned,True
2021-10-01 04:00:00+00:00,2021-10-07 20:00:00+00:00,2021-10-07 16:00:00-04:00,161,76.0,77.49224123076873,boost_5y_linear_aligned,True
2021-10-01 04:00:00+00:00,2021-10-07 21:00:00+00:00,2021-10-07 17:00:00-04:00,162,74.0,75.96137847828592,boost_5y_linear_aligned,True
2021-10-01 04:00:00+00:00,2021-10-07 22:00:00+00:00,2021-10-07 18:00:00-04:00,163,72.0,71.88386905802884,boost_5y_linear_aligned,True
2021-10-01 04:00:00+00:00,2021-10-07 23:00:00+00:00,2021-10-07 19:00:00-04:00,164,71.0,68.96763718319706,boost_5y_linear_aligned,True
2021-10-01 04:00:00+00:00,2021-10-08 00:00:00+00:00,2021-10-07 20:00:00-04:00,165,70.0,67.46016776885232,boost_5y_linear_aligned,True
2021-10-01 04:00:00+00:00,2021-10-08 01:00:00+00:00,2021-10-07 21:00:00-04:00,166,70.0,66.34465223288325,boost_5y_linear_aligned,True
2021-10-01 04:00:00+00:00,2021-10-08 02:00:00+00:00,2021-10-07 22:00:00-04:00,167,69.0,65.64811708790926,boost_5y_linear_aligned,True
2021-10-01 04:00:00+00:00,2021-10-08 03:00:00+00:00,2021-10-07 23:00:00-04:00,168,66.0,65.05817215020286,boost_5y_linear_aligned,True
2021-10-01 04:00:00+00:00,2021-10-08 04:00:00+00:00,2021-10-08 00:00:00-04:00,169,67.0,64.40414025474627,boost_5y_linear_aligned,True
2021-10-01 04:00:00+00:00,2021-10-08 05:00:00+00:00,2021-10-08 01:00:00-04:00,170,68.0,63.638412068885685,boost_5y_linear_aligned,True
2021-10-01 04:00:00+00:00,2021-10-08 06:00:00+00:00,2021-10-08 02:00:00-04:00,171,68.0,63.10395629773585,boost_5y_linear_aligned,True
2021-10-01 04:00:00+00:00,2021-10-08 07:00:00+00:00,2021-10-08 03:00:00-04:00,172,67.0,62.60414310910828,boost_5y_linear_aligned,True
2021-10-01 04:00:00+00:00,2021-10-08 08:00:00+00:00,2021-10-08 04:00:00-04:00,173,67.0,62.27979157110967,boost_5y_linear_aligned,True
2021-10-01 04:00:00+00:00,2021-10-08 09:00:00+00:00,2021-10-08 05:00:00-04:00,174,67.0,61.82558004800731,boost_5y_linear_aligned,True
2021-10-01 04:00:00+00:00,2021-10-08 10:00:00+00:00,2021-10-08 06:00:00-04:00,175,67.0,61.398464145537964,boost_5y_linear_aligned,True
2021-10-01 04:00:00+00:00,2021-10-08 11:00:00+00:00,2021-10-08 07:00:00-04:00,176,67.0,61.78222707824716,boost_5y_linear_aligned,True
2021-10-01 04:00:00+00:00,2021-10-08 12:00:00+00:00,2021-10-08 08:00:00-04:00,177,68.0,64.81242393636845,boost_5y_linear_aligned,True
2021-10-01 04:00:00+00:00,2021-10-08 13:00:00+00:00,2021-10-08 09:00:00-04:00,178,69.0,68.24339692587083,boost_5y_linear_aligned,True
2021-10-01 04:00:00+00:00,2021-10-08 14:00:00+00:00,2021-10-08 10:00:00-04:00,179,71.0,71.4922651421589,boost_5y_linear_aligned,True
2021-10-01 04:00:00+00:00,2021-10-08 15:00:00+00:00,2021-10-08 11:00:00-04:00,180,73.0,73.8615118449453,boost_5y_linear_aligned,True
2021-10-01 04:00:00+00:00,2021-10-08 16:00:00+00:00,2021-10-08 12:00:00-04:00,181,73.0,75.51756665369726,boost_5y_linear_aligned,True
2021-10-01 04:00:00+00:00,2021-10-08 17:00:00+00:00,2021-10-08 13:00:00-04:00,182,74.0,76.93003730351182,boost_5y_linear_aligned,True
2021-10-01 04:00:00+00:00,2021-10-08 18:00:00+00:00,2021-10-08 14:00:00-04:00,183,73.0,77.51720148968347,boost_5y_linear_aligned,True
2021-10-01 04:00:00+00:00,2021-10-08 19:00:00+00:00,2021-10-08 15:00:00-04:00,184,75.0,77.79354946415987,boost_5y_linear_aligned,True
2021-10-01 04:00:00+00:00,2021-10-08 20:00:00+00:00,2021-10-08 16:00:00-04:00,185,74.0,77.41927240367257,boost_5y_linear_aligned,True
2021-10-01 04:00:00+00:00,2021-10-08 21:00:00+00:00,2021-10-08 17:00:00-04:00,186,73.0,75.75565326507363,boost_5y_linear_aligned,True
2021-10-01 04:00:00+00:00,2021-10-08 22:00:00+00:00,2021-10-08 18:00:00-04:00,187,72.0,71.65906915574452,boost_5y_linear_aligned,True
2021-10-01 04:00:00+00:00,2021-10-08 23:00:00+00:00,2021-10-08 19:00:00-04:00,188,71.0,68.92082067784618,boost_5y_linear_aligned,True
2021-10-01 04:00:00+00:00,2021-10-09 00:00:00+00:00,2021-10-08 20:00:00-04:00,189,70.0,67.41544043535785,boost_5y_linear_aligned,True
2021-10-01 04:00:00+00:00,2021-10-09 01:00:00+00:00,2021-10-08 21:00:00-04:00,190,70.0,66.23194349801446,boost_5y_linear_aligned,True
2021-10-01 04:00:00+00:00,2021-10-09 02:00:00+00:00,2021-10-08 22:00:00-04:00,191,70.0,65.60256552108692,boost_5y_linear_aligned,True
2021-10-01 04:00:00+00:00,2021-10-09 03:00:00+00:00,2021-10-08 23:00:00-04:00,192,69.0,65.0395268159387,boost_5y_linear_aligned,True
2021-10-01 04:00:00+00:00,2021-10-09 04:00:00+00:00,2021-10-09 00:00:00-04:00,193,67.0,63.91144641974098,boost_5y_linear_aligned,True
2021-10-01 04:00:00+00:00,2021-10-09 05:00:00+00:00,2021-10-09 01:00:00-04:00,194,66.0,63.38184239443362,boost_5y_linear_aligned,True
2021-10-01 04:00:00+00:00,2021-10-09 06:00:00+00:00,2021-10-09 02:00:00-04:00,195,66.0,62.88368052133859,boost_5y_linear_aligned,True
2021-10-01 04:00:00+00:00,2021-10-09 07:00:00+00:00,2021-10-09 03:00:00-04:00,196,64.0,62.32811591292007,boost_5y_linear_aligned,True
2021-10-01 04:00:00+00:00,2021-10-09 08:00:00+00:00,2021-10-09 04:00:00-04:00,197,64.0,61.991993469809984,boost_5y_linear_aligned,True
2021-10-01 04:00:00+00:00,2021-10-09 09:00:00+00:00,2021-10-09 05:00:00-04:00,198,64.0,61.5731941087536,boost_5y_linear_aligned,True
2021-10-01 04:00:00+00:00,2021-10-09 10:00:00+00:00,2021-10-09 06:00:00-04:00,199,63.0,61.16777344199504,boost_5y_linear_aligned,True
2021-10-01 04:00:00+00:00,2021-10-09 11:00:00+00:00,2021-10-09 07:00:00-04:00,200,64.0,61.50906442643028,boost_5y_linear_aligned,True
2021-10-01 04:00:00+00:00,2021-10-09 12:00:00+00:00,2021-10-09 08:00:00-04:00,201,65.0,64.46895616673848,boost_5y_linear_aligned,True
2021-10-01 04:00:00+00:00,2021-10-09 13:00:00+00:00,2021-10-09 09:00:00-04:00,202,66.0,67.43784452292145,boost_5y_linear_aligned,True
2021-10-01 04:00:00+00:00,2021-10-09 14:00:00+00:00,2021-10-09 10:00:00-04:00,203,66.0,70.5982034925806,boost_5y_linear_aligned,True
2021-10-01 04:00:00+00:00,2021-10-09 15:00:00+00:00,2021-10-09 11:00:00-04:00,204,66.0,72.84734705620697,boost_5y_linear_aligned,True
2021-10-01 04:00:00+00:00,2021-10-09 16:00:00+00:00,2021-10-09 12:00:00-04:00,205,67.0,74.49013403885078,boost_5y_linear_aligned,True
2021-10-01 04:00:00+00:00,2021-10-09 17:00:00+00:00,2021-10-09 13:00:00-04:00,206,67.0,75.89133742695806,boost_5y_linear_aligned,True
2021-10-01 04:00:00+00:00,2021-10-09 18:00:00+00:00,2021-10-09 14:00:00-04:00,207,67.0,76.51854939203034,boost_5y_linear_aligned,True
2021-10-01 04:00:00+00:00,2021-10-09 19:00:00+00:00,2021-10-09 15:00:00-04:00,208,67.0,76.66157666562916,boost_5y_linear_aligned,True
2021-10-01 04:00:00+00:00,2021-10-09 20:00:00+00:00,2021-10-09 16:00:00-04:00,209,67.0,76.36463414148601,boost_5y_linear_aligned,True
2021-10-01 04:00:00+00:00,2021-10-09 21:00:00+00:00,2021-10-09 17:00:00-04:00,210,67.0,74.79740041865833,boost_5y_linear_aligned,True
2021-10-01 04:00:00+00:00,2021-10-09 22:00:00+00:00,2021-10-09 18:00:00-04:00,211,66.0,70.6961429536575,boost_5y_linear_aligned,True
2021-10-01 04:00:00+00:00,2021-10-09 23:00:00+00:00,2021-10-09 19:00:00-04:00,212,66.0,68.0810736252327,boost_5y_linear_aligned,True
2021-10-01 04:00:00+00:00,2021-10-10 00:00:00+00:00,2021-10-09 20:00:00-04:00,213,66.0,66.66396930152737,boost_5y_linear_aligned,True
2021-10-01 04:00:00+00:00,2021-10-10 01:00:00+00:00,2021-10-09 21:00:00-04:00,214,65.0,65.46022960550093,boost_5y_linear_aligned,True
2021-10-01 04:00:00+00:00,2021-10-10 02:00:00+00:00,2021-10-09 22:00:00-04:00,215,65.0,64.82985427745076,boost_5y_linear_aligned,True
2021-10-01 04:00:00+00:00,2021-10-10 03:00:00+00:00,2021-10-09 23:00:00-04:00,216,64.0,64.25178471645954,boost_5y_linear_aligned,True
2021-10-01 04:00:00+00:00,2021-10-10 04:00:00+00:00,2021-10-10 00:00:00-04:00,217,64.0,63.367383601610555,boost_5y_linear_aligned,True
2021-10-01 04:00:00+00:00,2021-10-10 05:00:00+00:00,2021-10-10 01:00:00-04:00,218,64.0,62.84378154545411,boost_5y_linear_aligned,True
2021-10-01 04:00:00+00:00,2021-10-10 06:00:00+00:00,2021-10-10 02:00:00-04:00,219,65.0,62.422863236338486,boost_5y_linear_aligned,True
2021-10-01 04:00:00+00:00,2021-10-10 07:00:00+00:00,2021-10-10 03:00:00-04:00,220,65.0,61.849971190150775,boost_5y_linear_aligned,True
2021-10-01 04:00:00+00:00,2021-10-10 08:00:00+00:00,2021-10-10 04:00:00-04:00,221,64.0,61.445220470927225,boost_5y_linear_aligned,True
2021-10-01 04:00:00+00:00,2021-10-10 09:00:00+00:00,2021-10-10 05:00:00-04:00,222,64.0,61.024816363732015,boost_5y_linear_aligned,True
2021-10-01 04:00:00+00:00,2021-10-10 10:00:00+00:00,2021-10-10 06:00:00-04:00,223,64.0,60.70768252794097,boost_5y_linear_aligned,True
2021-10-01 04:00:00+00:00,2021-10-10 11:00:00+00:00,2021-10-10 07:00:00-04:00,224,65.0,60.89735400561532,boost_5y_linear_aligned,True
2021-10-01 04:00:00+00:00,2021-10-10 12:00:00+00:00,2021-10-10 08:00:00-04:00,225,65.0,63.61424991548079,boost_5y_linear_aligned,True
2021-10-01 04:00:00+00:00,2021-10-10 13:00:00+00:00,2021-10-10 09:00:00-04:00,226,67.0,66.44189575343648,boost_5y_linear_aligned,True
2021-10-01 04:00:00+00:00,2021-10-10 14:00:00+00:00,2021-10-10 10:00:00-04:00,227,69.0,69.53193487631233,boost_5y_linear_aligned,True
2021-10-01 04:00:00+00:00,2021-10-10 15:00:00+00:00,2021-10-10 11:00:00-04:00,228,69.0,71.51998010177584,boost_5y_linear_aligned,True
2021-10-01 04:00:00+00:00,2021-10-10 16:00:00+00:00,2021-10-10 12:00:00-04:00,229,70.0,73.09165385876649,boost_5y_linear_aligned,True
2021-10-01 04:00:00+00:00,2021-10-10 17:00:00+00:00,2021-10-10 13:00:00-04:00,230,72.0,74.57123513867265,boost_5y_linear_aligned,True
2021-10-01 04:00:00+00:00,2021-10-10 18:00:00+00:00,2021-10-10 14:00:00-04:00,231,73.0,75.24085419851757,boost_5y_linear_aligned,True
2021-10-01 04:00:00+00:00,2021-10-10 19:00:00+00:00,2021-10-10 15:00:00-04:00,232,74.0,75.38596468439998,boost_5y_linear_aligned,True
2021-10-01 04:00:00+00:00,2021-10-10 20:00:00+00:00,2021-10-10 16:00:00-04:00,233,76.0,75.05522736491064,boost_5y_linear_aligned,True
2021-10-01 04:00:00+00:00,2021-10-10 21:00:00+00:00,2021-10-10 17:00:00-04:00,234,74.0,73.47418963182969,boost_5y_linear_aligned,True
2021-10-01 04:00:00+00:00,2021-10-10 22:00:00+00:00,2021-10-10 18:00:00-04:00,235,72.0,69.3659114422359,boost_5y_linear_aligned,True
2021-10-01 04:00:00+00:00,2021-10-10 23:00:00+00:00,2021-10-10 19:00:00-04:00,236,70.0,66.84292647245782,boost_5y_linear_aligned,True
2021-10-01 04:00:00+00:00,2021-10-11 00:00:00+00:00,2021-10-10 20:00:00-04:00,237,70.0,65.43264552994881,boost_5y_linear_aligned,True
2021-10-01 04:00:00+00:00,2021-10-11 01:00:00+00:00,2021-10-10 21:00:00-04:00,238,69.0,64.19137876936578,boost_5y_linear_aligned,True
2021-10-01 04:00:00+00:00,2021-10-11 02:00:00+00:00,2021-10-10 22:00:00-04:00,239,68.0,63.59970704328626,boost_5y_linear_aligned,True
2021-10-01 04:00:00+00:00,2021-10-11 03:00:00+00:00,2021-10-10 23:00:00-04:00,240,68.0,63.064403148535874,boost_5y_linear_aligned,True
2021-10-01 04:00:00+00:00,2021-10-11 04:00:00+00:00,2021-10-11 00:00:00-04:00,241,67.0,62.23088641366892,boost_5y_linear_aligned,True
2021-10-01 04:00:00+00:00,2021-10-11 05:00:00+00:00,2021-10-11 01:00:00-04:00,242,67.0,61.809439593340855,boost_5y_linear_aligned,True
2021-10-01 04:00:00+00:00,2021-10-11 06:00:00+00:00,2021-10-11 02:00:00-04:00,243,67.0,61.18081354991626,boost_5y_linear_aligned,True
2021-10-01 04:00:00+00:00,2021-10-11 07:00:00+00:00,2021-10-11 03:00:00-04:00,244,67.0,60.58729323031489,boost_5y_linear_aligned,True
2021-10-01 04:00:00+00:00,2021-10-11 08:00:00+00:00,2021-10-11 04:00:00-04:00,245,66.0,60.357256400273165,boost_5y_linear_aligned,True
2021-10-01 04:00:00+00:00,2021-10-11 09:00:00+00:00,2021-10-11 05:00:00-04:00,246,66.0,59.96110343183637,boost_5y_linear_aligned,True
2021-10-01 04:00:00+00:00,2021-10-11 10:00:00+00:00,2021-10-11 06:00:00-04:00,247,66.0,59.569590940065034,boost_5y_linear_aligned,True
2021-10-01 04:00:00+00:00,2021-10-11 11:00:00+00:00,2021-10-11 07:00:00-04:00,248,65.0,59.839237879865586,boost_5y_linear_aligned,True
2021-10-01 04:00:00+00:00,2021-10-11 12:00:00+00:00,2021-10-11 08:00:00-04:00,249,66.0,62.57667506921813,boost_5y_linear_aligned,True
2021-10-01 04:00:00+00:00,2021-10-11 13:00:00+00:00,2021-10-11 09:00:00-04:00,250,66.0,65.43981358388523,boost_5y_linear_aligned,True
2021-10-01 04:00:00+00:00,2021-10-11 14:00:00+00:00,2021-10-11 10:00:00-04:00,251,68.0,68.55311635690701,boost_5y_linear_aligned,True
2021-10-01 04:00:00+00:00,2021-10-11 15:00:00+00:00,2021-10-11 11:00:00-04:00,252,69.0,70.61829105687254,boost_5y_linear_aligned,True
2021-10-01 04:00:00+00:00,2021-10-11 16:00:00+00:00,2021-10-11 12:00:00-04:00,253,70.0,72.27014480489979,boost_5y_linear_aligned,True
2021-10-01 04:00:00+00:00,2021-10-11 17:00:00+00:00,2021-10-11 13:00:00-04:00,254,71.0,73.68654186995235,boost_5y_linear_aligned,True
2021-10-01 04:00:00+00:00,2021-10-11 18:00:00+00:00,2021-10-11 14:00:00-04:00,255,70.0,74.32865699929374,boost_5y_linear_aligned,True
2021-10-01 04:00:00+00:00,2021-10-11 19:00:00+00:00,2021-10-11 15:00:00-04:00,256,71.0,74.52681476648628,boost_5y_linear_aligned,True
2021-10-01 04:00:00+00:00,2021-10-11 20:00:00+00:00,2021-10-11 16:00:00-04:00,257,70.0,74.13103287597808,boost_5y_linear_aligned,True
2021-10-01 04:00:00+00:00,2021-10-11 21:00:00+00:00,2021-10-11 17:00:00-04:00,258,70.0,72.53257660154998,boost_5y_linear_aligned,True
2021-10-01 04:00:00+00:00,2021-10-11 22:00:00+00:00,2021-10-11 18:00:00-04:00,259,69.0,68.38934674366453,boost_5y_linear_aligned,True
2021-10-01 04:00:00+00:00,2021-10-11 23:00:00+00:00,2021-10-11 19:00:00-04:00,260,68.0,65.85726422764887,boost_5y_linear_aligned,True
2021-10-01 04:00:00+00:00,2021-10-12 00:00:00+00:00,2021-10-11 20:00:00-04:00,261,67.0,64.5359038131295,boost_5y_linear_aligned,True
2021-10-01 04:00:00+00:00,2021-10-12 01:00:00+00:00,2021-10-11 21:00:00-04:00,262,67.0,63.30316312644243,boost_5y_linear_aligned,True
2021-10-01 04:00:00+00:00,2021-10-12 02:00:00+00:00,2021-10-11 22:00:00-04:00,263,66.0,62.61143217513797,boost_5y_linear_aligned,True
2021-10-01 04:00:00+00:00,2021-10-12 03:00:00+00:00,2021-10-11 23:00:00-04:00,264,65.0,62.050151066761416,boost_5y_linear_aligned,True
2021-10-01 04:00:00+00:00,2021-10-12 04:00:00+00:00,2021-10-12 00:00:00-04:00,265,64.0,61.06929307956007,boost_5y_linear_aligned,True
2021-10-01 04:00:00+00:00,2021-10-12 05:00:00+00:00,2021-10-12 01:00:00-04:00,266,64.0,60.7366005581497,boost_5y_linear_aligned,True
2021-10-01 04:00:00+00:00,2021-10-12 06:00:00+00:00,2021-10-12 02:00:00-04:00,267,64.0,60.08484767880282,boost_5y_linear_aligned,True
2021-10-01 04:00:00+00:00,2021-10-12 07:00:00+00:00,2021-10-12 03:00:00-04:00,268,63.0,59.485014347257106,boost_5y_linear_aligned,True
2021-10-01 04:00:00+00:00,2021-10-12 08:00:00+00:00,2021-10-12 04:00:00-04:00,269,63.0,59.150200958714024,boost_5y_linear_aligned,True
2021-10-01 04:00:00+00:00,2021-10-12 09:00:00+00:00,2021-10-12 05:00:00-04:00,270,61.0,58.59900442235742,boost_5y_linear_aligned,True
2021-10-01 04:00:00+00:00,2021-10-12 10:00:00+00:00,2021-10-12 06:00:00-04:00,271,61.0,58.185679351031595,boost_5y_linear_aligned,True
2021-10-01 04:00:00+00:00,2021-10-12 11:00:00+00:00,2021-10-12 07:00:00-04:00,272,62.0,58.46192741861301,boost_5y_linear_aligned,True
2021-10-01 04:00:00+00:00,2021-10-12 12:00:00+00:00,2021-10-12 08:00:00-04:00,273,63.0,61.4405141468966,boost_5y_linear_aligned,True
2021-10-01 04:00:00+00:00,2021-10-12 13:00:00+00:00,2021-10-12 09:00:00-04:00,274,65.0,64.61506598464841,boost_5y_linear_aligned,True
2021-10-01 04:00:00+00:00,2021-10-12 14:00:00+00:00,2021-10-12 10:00:00-04:00,275,67.0,67.69449835872479,boost_5y_linear_aligned,True
2021-10-01 04:00:00+00:00,2021-10-12 15:00:00+00:00,2021-10-12 11:00:00-04:00,276,69.0,69.76560913662891,boost_5y_linear_aligned,True
2021-10-01 04:00:00+00:00,2021-10-12 16:00:00+00:00,2021-10-12 12:00:00-04:00,277,70.0,71.41878527194733,boost_5y_linear_aligned,True
2021-10-01 04:00:00+00:00,2021-10-12 17:00:00+00:00,2021-10-12 13:00:00-04:00,278,70.0,72.80414051792206,boost_5y_linear_aligned,True
2021-10-01 04:00:00+00:00,2021-10-12 18:00:00+00:00,2021-10-12 14:00:00-04:00,279,70.0,73.4815823863673,boost_5y_linear_aligned,True
2021-10-01 04:00:00+00:00,2021-10-12 19:00:00+00:00,2021-10-12 15:00:00-04:00,280,70.0,73.68179055346886,boost_5y_linear_aligned,True
2021-10-01 04:00:00+00:00,2021-10-12 20:00:00+00:00,2021-10-12 16:00:00-04:00,281,70.0,73.32199699305258,boost_5y_linear_aligned,True
2021-10-01 04:00:00+00:00,2021-10-12 21:00:00+00:00,2021-10-12 17:00:00-04:00,282,69.0,71.65503753831922,boost_5y_linear_aligned,True
2021-10-01 04:00:00+00:00,2021-10-12 22:00:00+00:00,2021-10-12 18:00:00-04:00,283,69.0,67.48917200294481,boost_5y_linear_aligned,True
2021-10-01 04:00:00+00:00,2021-10-12 23:00:00+00:00,2021-10-12 19:00:00-04:00,284,67.0,65.00214512299797,boost_5y_linear_aligned,True
2021-10-01 04:00:00+00:00,2021-10-13 00:00:00+00:00,2021-10-12 20:00:00-04:00,285,66.0,63.85601390174071,boost_5y_linear_aligned,True
2021-10-01 04:00:00+00:00,2021-10-13 01:00:00+00:00,2021-10-12 21:00:00-04:00,286,63.0,62.71781158151576,boost_5y_linear_aligned,True
2021-10-01 04:00:00+00:00,2021-10-13 02:00:00+00:00,2021-10-12 22:00:00-04:00,287,61.0,61.98359519266268,boost_5y_linear_aligned,True
2021-10-01 04:00:00+00:00,2021-10-13 03:00:00+00:00,2021-10-12 23:00:00-04:00,288,60.0,61.333711623191476,boost_5y_linear_aligned,True
2021-10-01 04:00:00+00:00,2021-10-13 04:00:00+00:00,2021-10-13 00:00:00-04:00,289,59.0,60.49354858817579,boost_5y_linear_aligned,True
2021-10-01 04:00:00+00:00,2021-10-13 05:00:00+00:00,2021-10-13 01:00:00-04:00,290,59.0,60.173989399564775,boost_5y_linear_aligned,True
2021-10-01 04:00:00+00:00,2021-10-13 06:00:00+00:00,2021-10-13 02:00:00-04:00,291,59.0,59.51102882168055,boost_5y_linear_aligned,True
2021-10-01 04:00:00+00:00,2021-10-13 07:00:00+00:00,2021-10-13 03:00:00-04:00,292,59.0,58.94334575434711,boost_5y_linear_aligned,True
2021-10-01 04:00:00+00:00,2021-10-13 08:00:00+00:00,2021-10-13 04:00:00-04:00,293,58.0,58.74360229551416,boost_5y_linear_aligned,True
2021-10-01 04:00:00+00:00,2021-10-13 09:00:00+00:00,2021-10-13 05:00:00-04:00,294,58.0,58.516629110872486,boost_5y_linear_aligned,True
2021-10-01 04:00:00+00:00,2021-10-13 10:00:00+00:00,2021-10-13 06:00:00-04:00,295,57.0,58.10299180326713,boost_5y_linear_aligned,True
2021-10-01 04:00:00+00:00,2021-10-13 11:00:00+00:00,2021-10-13 07:00:00-04:00,296,57.0,58.42830307828212,boost_5y_linear_aligned,True
2021-10-01 04:00:00+00:00,2021-10-13 12:00:00+00:00,2021-10-13 08:00:00-04:00,297,63.0,61.29711060229601,boost_5y_linear_aligned,True
2021-10-01 04:00:00+00:00,2021-10-13 13:00:00+00:00,2021-10-13 09:00:00-04:00,298,68.0,64.4001660715377,boost_5y_linear_aligned,True
2021-10-01 04:00:00+00:00,2021-10-13 14:00:00+00:00,2021-10-13 10:00:00-04:00,299,72.0,67.39950079676971,boost_5y_linear_aligned,True
2021-10-01 04:00:00+00:00,2021-10-13 15:00:00+00:00,2021-10-13 11:00:00-04:00,300,74.0,69.51087429621514,boost_5y_linear_aligned,True
2021-10-01 04:00:00+00:00,2021-10-13 16:00:00+00:00,2021-10-13 12:00:00-04:00,301,76.0,71.29176626948659,boost_5y_linear_aligned,True
2021-10-01 04:00:00+00:00,2021-10-13 17:00:00+00:00,2021-10-13 13:00:00-04:00,302,79.0,72.7219455254998,boost_5y_linear_aligned,True
2021-10-01 04:00:00+00:00,2021-10-13 18:00:00+00:00,2021-10-13 14:00:00-04:00,303,79.0,73.37379662064727,boost_5y_linear_aligned,True
2021-10-01 04:00:00+00:00,2021-10-13 19:00:00+00:00,2021-10-13 15:00:00-04:00,304,79.0,73.66258433968703,boost_5y_linear_aligned,True
2021-10-01 04:00:00+00:00,2021-10-13 20:00:00+00:00,2021-10-13 16:00:00-04:00,305,82.0,73.39238082684604,boost_5y_linear_aligned,True
2021-10-01 04:00:00+00:00,2021-10-13 21:00:00+00:00,2021-10-13 17:00:00-04:00,306,79.0,71.66459525082608,boost_5y_linear_aligned,True
2021-10-01 04:00:00+00:00,2021-10-13 22:00:00+00:00,2021-10-13 18:00:00-04:00,307,72.0,67.41822215631295,boost_5y_linear_aligned,True
2021-10-01 04:00:00+00:00,2021-10-13 23:00:00+00:00,2021-10-13 19:00:00-04:00,308,68.0,65.07029777498875,boost_5y_linear_aligned,True
2021-10-01 04:00:00+00:00,2021-10-14 00:00:00+00:00,2021-10-13 20:00:00-04:00,309,66.0,63.93571716440375,boost_5y_linear_aligned,True
2021-10-01 04:00:00+00:00,2021-10-14 01:00:00+00:00,2021-10-13 21:00:00-04:00,310,67.0,62.73448023794099,boost_5y_linear_aligned,True
2021-10-01 04:00:00+00:00,2021-10-14 02:00:00+00:00,2021-10-13 22:00:00-04:00,311,69.0,61.98551041905617,boost_5y_linear_aligned,True
2021-10-01 04:00:00+00:00,2021-10-14 03:00:00+00:00,2021-10-13 23:00:00-04:00,312,66.0,61.2319798990102,boost_5y_linear_aligned,True
2021-10-01 04:00:00+00:00,2021-10-14 04:00:00+00:00,2021-10-14 00:00:00-04:00,313,65.0,60.364162645068355,boost_5y_linear_aligned,True
2021-10-01 04:00:00+00:00,2021-10-14 05:00:00+00:00,2021-10-14 01:00:00-04:00,314,63.0,59.989637870427856,boost_5y_linear_aligned,True
2021-10-01 04:00:00+00:00,2021-10-14 06:00:00+00:00,2021-10-14 02:00:00-04:00,315,62.0,59.362575350330644,boost_5y_linear_aligned,True
2021-10-01 04:00:00+00:00,2021-10-14 07:00:00+00:00,2021-10-14 03:00:00-04:00,316,61.0,58.73264870855666,boost_5y_linear_aligned,True
2021-10-01 04:00:00+00:00,2021-10-14 08:00:00+00:00,2021-10-14 04:00:00-04:00,317,60.0,58.41187984403697,boost_5y_linear_aligned,True
2021-10-01 04:00:00+00:00,2021-10-14 09:00:00+00:00,2021-10-14 05:00:00-04:00,318,60.0,58.10445069343225,boost_5y_linear_aligned,True
2021-10-01 04:00:00+00:00,2021-10-14 10:00:00+00:00,2021-10-14 06:00:00-04:00,319,60.0,57.65036120379194,boost_5y_linear_aligned,True
2021-10-01 04:00:00+00:00,2021-10-14 11:00:00+00:00,2021-10-14 07:00:00-04:00,320,60.0,57.92961132260487,boost_5y_linear_aligned,True
2021-10-01 04:00:00+00:00,2021-10-14 12:00:00+00:00,2021-10-14 08:00:00-04:00,321,65.0,60.86089883271787,boost_5y_linear_aligned,True
2021-10-01 04:00:00+00:00,2021-10-14 13:00:00+00:00,2021-10-14 09:00:00-04:00,322,71.0,64.11100745463474,boost_5y_linear_aligned,True
2021-10-01 04:00:00+00:00,2021-10-14 14:00:00+00:00,2021-10-14 10:00:00-04:00,323,75.0,67.17686355235197,boost_5y_linear_aligned,True
2021-10-01 04:00:00+00:00,2021-10-14 15:00:00+00:00,2021-10-14 11:00:00-04:00,324,77.0,69.28712016625357,boost_5y_linear_aligned,True
2021-10-01 04:00:00+00:00,2021-10-14 16:00:00+00:00,2021-10-14 12:00:00-04:00,325,80.0,71.08628653205709,boost_5y_linear_aligned,True
2021-10-01 04:00:00+00:00,2021-10-14 17:00:00+00:00,2021-10-14 13:00:00-04:00,326,82.0,72.44011302378894,boost_5y_linear_aligned,True
2021-10-01 04:00:00+00:00,2021-10-14 18:00:00+00:00,2021-10-14 14:00:00-04:00,327,82.0,73.0909629807475,boost_5y_linear_aligned,True
2021-10-01 04:00:00+00:00,2021-10-14 19:00:00+00:00,2021-10-14 15:00:00-04:00,328,83.0,73.27764931827663,boost_5y_linear_aligned,True
2021-10-01 04:00:00+00:00,2021-10-14 20:00:00+00:00,2021-10-14 16:00:00-04:00,329,80.0,72.97100215922968,boost_5y_linear_aligned,True
2021-10-01 04:00:00+00:00,2021-10-14 21:00:00+00:00,2021-10-14 17:00:00-04:00,330,77.0,71.15768817162804,boost_5y_linear_aligned,True
2021-10-01 04:00:00+00:00,2021-10-14 22:00:00+00:00,2021-10-14 18:00:00-04:00,331,73.0,66.8602292060779,boost_5y_linear_aligned,True
2021-10-01 04:00:00+00:00,2021-10-14 23:00:00+00:00,2021-10-14 19:00:00-04:00,332,69.0,64.50028262867947,boost_5y_linear_aligned,True
2021-10-01 04:00:00+00:00,2021-10-15 00:00:00+00:00,2021-10-14 20:00:00-04:00,333,67.0,63.38358617653882,boost_5y_linear_aligned,True
2021-10-01 04:00:00+00:00,2021-10-15 01:00:00+00:00,2021-10-14 21:00:00-04:00,334,66.0,62.209835809565654,boost_5y_linear_aligned,True
2021-10-01 04:00:00+00:00,2021-10-15 02:00:00+00:00,2021-10-14 22:00:00-04:00,335,64.0,61.4414208582115,boost_5y_linear_aligned,True
2021-10-01 04:00:00+00:00,2021-10-15 03:00:00+00:00,2021-10-14 23:00:00-04:00,336,64.0,60.74993620194328,boost_5y_linear_aligned,True
2021-10-08 04:00:00+00:00,2021-10-08 04:00:00+00:00,2021-10-08 00:00:00-04:00,1,67.0,61.445655829551136,boost_5y_linear_aligned,True
2021-10-08 04:00:00+00:00,2021-10-08 05:00:00+00:00,2021-10-08 01:00:00-04:00,2,68.0,60.706620342048375,boost_5y_linear_aligned,True
2021-10-08 04:00:00+00:00,2021-10-08 06:00:00+00:00,2021-10-08 02:00:00-04:00,3,68.0,60.05040106471218,boost_5y_linear_aligned,True
2021-10-08 04:00:00+00:00,2021-10-08 07:00:00+00:00,2021-10-08 03:00:00-04:00,4,67.0,59.2431035629376,boost_5y_linear_aligned,True
2021-10-08 04:00:00+00:00,2021-10-08 08:00:00+00:00,2021-10-08 04:00:00-04:00,5,67.0,58.97950698325226,boost_5y_linear_aligned,True
2021-10-08 04:00:00+00:00,2021-10-08 09:00:00+00:00,2021-10-08 05:00:00-04:00,6,67.0,58.59016283511335,boost_5y_linear_aligned,True
2021-10-08 04:00:00+00:00,2021-10-08 10:00:00+00:00,2021-10-08 06:00:00-04:00,7,67.0,58.72119038087744,boost_5y_linear_aligned,True
2021-10-08 04:00:00+00:00,2021-10-08 11:00:00+00:00,2021-10-08 07:00:00-04:00,8,67.0,56.50760425693637,boost_5y_linear_aligned,True
2021-10-08 04:00:00+00:00,2021-10-08 12:00:00+00:00,2021-10-08 08:00:00-04:00,9,68.0,59.73871743777742,boost_5y_linear_aligned,True
2021-10-08 04:00:00+00:00,2021-10-08 13:00:00+00:00,2021-10-08 09:00:00-04:00,10,69.0,62.051871297859826,boost_5y_linear_aligned,True
2021-10-08 04:00:00+00:00,2021-10-08 14:00:00+00:00,2021-10-08 10:00:00-04:00,11,71.0,64.7827817935296,boost_5y_linear_aligned,True
2021-10-08 04:00:00+00:00,2021-10-08 15:00:00+00:00,2021-10-08 11:00:00-04:00,12,73.0,67.06983352246998,boost_5y_linear_aligned,True
2021-10-08 04:00:00+00:00,2021-10-08 16:00:00+00:00,2021-10-08 12:00:00-04:00,13,73.0,68.93114673985342,boost_5y_linear_aligned,True
2021-10-08 04:00:00+00:00,2021-10-08 17:00:00+00:00,2021-10-08 13:00:00-04:00,14,74.0,70.70785501191065,boost_5y_linear_aligned,True
2021-10-08 04:00:00+00:00,2021-10-08 18:00:00+00:00,2021-10-08 14:00:00-04:00,15,73.0,71.1166825175376,boost_5y_linear_aligned,True
2021-10-08 04:00:00+00:00,2021-10-08 19:00:00+00:00,2021-10-08 15:00:00-04:00,16,75.0,71.19527885627951,boost_5y_linear_aligned,True
2021-10-08 04:00:00+00:00,2021-10-08 20:00:00+00:00,2021-10-08 16:00:00-04:00,17,74.0,70.88071642268663,boost_5y_linear_aligned,True
2021-10-08 04:00:00+00:00,2021-10-08 21:00:00+00:00,2021-10-08 17:00:00-04:00,18,73.0,70.17341835138238,boost_5y_linear_aligned,True
2021-10-08 04:00:00+00:00,2021-10-08 22:00:00+00:00,2021-10-08 18:00:00-04:00,19,72.0,67.19592260965493,boost_5y_linear_aligned,True
2021-10-08 04:00:00+00:00,2021-10-08 23:00:00+00:00,2021-10-08 19:00:00-04:00,20,71.0,64.76855411448304,boost_5y_linear_aligned,True
2021-10-08 04:00:00+00:00,2021-10-09 00:00:00+00:00,2021-10-08 20:00:00-04:00,21,70.0,63.49018381122269,boost_5y_linear_aligned,True
2021-10-08 04:00:00+00:00,2021-10-09 01:00:00+00:00,2021-10-08 21:00:00-04:00,22,70.0,62.693545900643656,boost_5y_linear_aligned,True
2021-10-08 04:00:00+00:00,2021-10-09 02:00:00+00:00,2021-10-08 22:00:00-04:00,23,70.0,62.136315484325905,boost_5y_linear_aligned,True
2021-10-08 04:00:00+00:00,2021-10-09 03:00:00+00:00,2021-10-08 23:00:00-04:00,24,69.0,62.04303605079117,boost_5y_linear_aligned,True
2021-10-08 04:00:00+00:00,2021-10-09 04:00:00+00:00,2021-10-09 00:00:00-04:00,25,67.0,60.36849382819034,boost_5y_linear_aligned,True
2021-10-08 04:00:00+00:00,2021-10-09 05:00:00+00:00,2021-10-09 01:00:00-04:00,26,66.0,59.85360430688699,boost_5y_linear_aligned,True
2021-10-08 04:00:00+00:00,2021-10-09 06:00:00+00:00,2021-10-09 02:00:00-04:00,27,66.0,59.72164366286789,boost_5y_linear_aligned,True
2021-10-08 04:00:00+00:00,2021-10-09 07:00:00+00:00,2021-10-09 03:00:00-04:00,28,64.0,58.94055600273033,boost_5y_linear_aligned,True
2021-10-08 04:00:00+00:00,2021-10-09 08:00:00+00:00,2021-10-09 04:00:00-04:00,29,64.0,58.65345245192957,boost_5y_linear_aligned,True
2021-10-08 04:00:00+00:00,2021-10-09 09:00:00+00:00,2021-10-09 05:00:00-04:00,30,64.0,58.27938061653919,boost_5y_linear_aligned,True
2021-10-08 04:00:00+00:00,2021-10-09 10:00:00+00:00,2021-10-09 06:00:00-04:00,31,63.0,57.89722570340255,boost_5y_linear_aligned,True
2021-10-08 04:00:00+00:00,2021-10-09 11:00:00+00:00,2021-10-09 07:00:00-04:00,32,64.0,58.33920216555889,boost_5y_linear_aligned,True
2021-10-08 04:00:00+00:00,2021-10-09 12:00:00+00:00,2021-10-09 08:00:00-04:00,33,65.0,61.283618403030644,boost_5y_linear_aligned,True
2021-10-08 04:00:00+00:00,2021-10-09 13:00:00+00:00,2021-10-09 09:00:00-04:00,34,66.0,63.14091267632785,boost_5y_linear_aligned,True
2021-10-08 04:00:00+00:00,2021-10-09 14:00:00+00:00,2021-10-09 10:00:00-04:00,35,66.0,66.51067261199921,boost_5y_linear_aligned,True
2021-10-08 04:00:00+00:00,2021-10-09 15:00:00+00:00,2021-10-09 11:00:00-04:00,36,66.0,68.8825527189622,boost_5y_linear_aligned,True
2021-10-08 04:00:00+00:00,2021-10-09 16:00:00+00:00,2021-10-09 12:00:00-04:00,37,67.0,70.62661182324916,boost_5y_linear_aligned,True
2021-10-08 04:00:00+00:00,2021-10-09 17:00:00+00:00,2021-10-09 13:00:00-04:00,38,67.0,72.2005309063796,boost_5y_linear_aligned,True
2021-10-08 04:00:00+00:00,2021-10-09 18:00:00+00:00,2021-10-09 14:00:00-04:00,39,67.0,72.50109051422066,boost_5y_linear_aligned,True
2021-10-08 04:00:00+00:00,2021-10-09 19:00:00+00:00,2021-10-09 15:00:00-04:00,40,67.0,72.52233280601021,boost_5y_linear_aligned,True
2021-10-08 04:00:00+00:00,2021-10-09 20:00:00+00:00,2021-10-09 16:00:00-04:00,41,67.0,72.53317012467751,boost_5y_linear_aligned,True
2021-10-08 04:00:00+00:00,2021-10-09 21:00:00+00:00,2021-10-09 17:00:00-04:00,42,67.0,70.8406915091311,boost_5y_linear_aligned,True
2021-10-08 04:00:00+00:00,2021-10-09 22:00:00+00:00,2021-10-09 18:00:00-04:00,43,66.0,66.4564071070913,boost_5y_linear_aligned,True
2021-10-08 04:00:00+00:00,2021-10-09 23:00:00+00:00,2021-10-09 19:00:00-04:00,44,66.0,63.54968648559108,boost_5y_linear_aligned,True
2021-10-08 04:00:00+00:00,2021-10-10 00:00:00+00:00,2021-10-09 20:00:00-04:00,45,66.0,62.34306153761946,boost_5y_linear_aligned,True
2021-10-08 04:00:00+00:00,2021-10-10 01:00:00+00:00,2021-10-09 21:00:00-04:00,46,65.0,61.33703425638571,boost_5y_linear_aligned,True
2021-10-08 04:00:00+00:00,2021-10-10 02:00:00+00:00,2021-10-09 22:00:00-04:00,47,65.0,60.9272601687821,boost_5y_linear_aligned,True
2021-10-08 04:00:00+00:00,2021-10-10 03:00:00+00:00,2021-10-09 23:00:00-04:00,48,64.0,60.3917493582143,boost_5y_linear_aligned,True
2021-10-08 04:00:00+00:00,2021-10-10 04:00:00+00:00,2021-10-10 00:00:00-04:00,49,64.0,61.04929119416682,boost_5y_linear_aligned,True
2021-10-08 04:00:00+00:00,2021-10-10 05:00:00+00:00,2021-10-10 01:00:00-04:00,50,64.0,60.55364821259072,boost_5y_linear_aligned,True
2021-10-08 04:00:00+00:00,2021-10-10 06:00:00+00:00,2021-10-10 02:00:00-04:00,51,65.0,60.04434341518618,boost_5y_linear_aligned,True
2021-10-08 04:00:00+00:00,2021-10-10 07:00:00+00:00,2021-10-10 03:00:00-04:00,52,65.0,59.46732397861663,boost_5y_linear_aligned,True
2021-10-08 04:00:00+00:00,2021-10-10 08:00:00+00:00,2021-10-10 04:00:00-04:00,53,64.0,59.094408199946415,boost_5y_linear_aligned,True
2021-10-08 04:00:00+00:00,2021-10-10 09:00:00+00:00,2021-10-10 05:00:00-04:00,54,64.0,58.75344442549622,boost_5y_linear_aligned,True
2021-10-08 04:00:00+00:00,2021-10-10 10:00:00+00:00,2021-10-10 06:00:00-04:00,55,64.0,58.40016027020696,boost_5y_linear_aligned,True
2021-10-08 04:00:00+00:00,2021-10-10 11:00:00+00:00,2021-10-10 07:00:00-04:00,56,65.0,58.773743659523255,boost_5y_linear_aligned,True
2021-10-08 04:00:00+00:00,2021-10-10 12:00:00+00:00,2021-10-10 08:00:00-04:00,57,65.0,61.64870599308103,boost_5y_linear_aligned,True
2021-10-08 04:00:00+00:00,2021-10-10 13:00:00+00:00,2021-10-10 09:00:00-04:00,58,67.0,63.88835003495056,boost_5y_linear_aligned,True
2021-10-08 04:00:00+00:00,2021-10-10 14:00:00+00:00,2021-10-10 10:00:00-04:00,59,69.0,67.26073787251914,boost_5y_linear_aligned,True
2021-10-08 04:00:00+00:00,2021-10-10 15:00:00+00:00,2021-10-10 11:00:00-04:00,60,69.0,69.67600286704939,boost_5y_linear_aligned,True
2021-10-08 04:00:00+00:00,2021-10-10 16:00:00+00:00,2021-10-10 12:00:00-04:00,61,70.0,71.34434419595677,boost_5y_linear_aligned,True
2021-10-08 04:00:00+00:00,2021-10-10 17:00:00+00:00,2021-10-10 13:00:00-04:00,62,72.0,73.0804567411627,boost_5y_linear_aligned,True
2021-10-08 04:00:00+00:00,2021-10-10 18:00:00+00:00,2021-10-10 14:00:00-04:00,63,73.0,73.69500526419262,boost_5y_linear_aligned,True
2021-10-08 04:00:00+00:00,2021-10-10 19:00:00+00:00,2021-10-10 15:00:00-04:00,64,74.0,73.59012660096087,boost_5y_linear_aligned,True
2021-10-08 04:00:00+00:00,2021-10-10 20:00:00+00:00,2021-10-10 16:00:00-04:00,65,76.0,72.68824812831804,boost_5y_linear_aligned,True
2021-10-08 04:00:00+00:00,2021-10-10 21:00:00+00:00,2021-10-10 17:00:00-04:00,66,74.0,70.94813738177457,boost_5y_linear_aligned,True
2021-10-08 04:00:00+00:00,2021-10-10 22:00:00+00:00,2021-10-10 18:00:00-04:00,67,72.0,66.07302606468092,boost_5y_linear_aligned,True
2021-10-08 04:00:00+00:00,2021-10-10 23:00:00+00:00,2021-10-10 19:00:00-04:00,68,70.0,63.42672525980051,boost_5y_linear_aligned,True
2021-10-08 04:00:00+00:00,2021-10-11 00:00:00+00:00,2021-10-10 20:00:00-04:00,69,70.0,62.38110703099105,boost_5y_linear_aligned,True
2021-10-08 04:00:00+00:00,2021-10-11 01:00:00+00:00,2021-10-10 21:00:00-04:00,70,69.0,61.25377135293013,boost_5y_linear_aligned,True
2021-10-08 04:00:00+00:00,2021-10-11 02:00:00+00:00,2021-10-10 22:00:00-04:00,71,68.0,60.76084166113319,boost_5y_linear_aligned,True
2021-10-08 04:00:00+00:00,2021-10-11 03:00:00+00:00,2021-10-10 23:00:00-04:00,72,68.0,60.18994796590731,boost_5y_linear_aligned,True
2021-10-08 04:00:00+00:00,2021-10-11 04:00:00+00:00,2021-10-11 00:00:00-04:00,73,67.0,59.66206830053943,boost_5y_linear_aligned,True
2021-10-08 04:00:00+00:00,2021-10-11 05:00:00+00:00,2021-10-11 01:00:00-04:00,74,67.0,59.23776705947898,boost_5y_linear_aligned,True
2021-10-08 04:00:00+00:00,2021-10-11 06:00:00+00:00,2021-10-11 02:00:00-04:00,75,67.0,58.610583492644075,boost_5y_linear_aligned,True
2021-10-08 04:00:00+00:00,2021-10-11 07:00:00+00:00,2021-10-11 03:00:00-04:00,76,67.0,58.023762333917254,boost_5y_linear_aligned,True
2021-10-08 04:00:00+00:00,2021-10-11 08:00:00+00:00,2021-10-11 04:00:00-04:00,77,66.0,57.72054830481069,boost_5y_linear_aligned,True
2021-10-08 04:00:00+00:00,2021-10-11 09:00:00+00:00,2021-10-11 05:00:00-04:00,78,66.0,57.550723674732005,boost_5y_linear_aligned,True
2021-10-08 04:00:00+00:00,2021-10-11 10:00:00+00:00,2021-10-11 06:00:00-04:00,79,66.0,57.674512227634736,boost_5y_linear_aligned,True
2021-10-08 04:00:00+00:00,2021-10-11 11:00:00+00:00,2021-10-11 07:00:00-04:00,80,65.0,57.434878953588424,boost_5y_linear_aligned,True
2021-10-08 04:00:00+00:00,2021-10-11 12:00:00+00:00,2021-10-11 08:00:00-04:00,81,66.0,60.15241437806792,boost_5y_linear_aligned,True
2021-10-08 04:00:00+00:00,2021-10-11 13:00:00+00:00,2021-10-11 09:00:00-04:00,82,66.0,62.80704711761261,boost_5y_linear_aligned,True
2021-10-08 04:00:00+00:00,2021-10-11 14:00:00+00:00,2021-10-11 10:00:00-04:00,83,68.0,65.82314599565404,boost_5y_linear_aligned,True
2021-10-08 04:00:00+00:00,2021-10-11 15:00:00+00:00,2021-10-11 11:00:00-04:00,84,69.0,67.93492410911327,boost_5y_linear_aligned,True
2021-10-08 04:00:00+00:00,2021-10-11 16:00:00+00:00,2021-10-11 12:00:00-04:00,85,70.0,69.74042680272855,boost_5y_linear_aligned,True
2021-10-08 04:00:00+00:00,2021-10-11 17:00:00+00:00,2021-10-11 13:00:00-04:00,86,71.0,71.18938113691458,boost_5y_linear_aligned,True
2021-10-08 04:00:00+00:00,2021-10-11 18:00:00+00:00,2021-10-11 14:00:00-04:00,87,70.0,71.84130519041172,boost_5y_linear_aligned,True
2021-10-08 04:00:00+00:00,2021-10-11 19:00:00+00:00,2021-10-11 15:00:00-04:00,88,71.0,71.86779448545492,boost_5y_linear_aligned,True
2021-10-08 04:00:00+00:00,2021-10-11 20:00:00+00:00,2021-10-11 16:00:00-04:00,89,70.0,71.31566447664746,boost_5y_linear_aligned,True
2021-10-08 04:00:00+00:00,2021-10-11 21:00:00+00:00,2021-10-11 17:00:00-04:00,90,70.0,69.77172437112401,boost_5y_linear_aligned,True
2021-10-08 04:00:00+00:00,2021-10-11 22:00:00+00:00,2021-10-11 18:00:00-04:00,91,69.0,65.66252139175441,boost_5y_linear_aligned,True
2021-10-08 04:00:00+00:00,2021-10-11 23:00:00+00:00,2021-10-11 19:00:00-04:00,92,68.0,63.411406748156374,boost_5y_linear_aligned,True
2021-10-08 04:00:00+00:00,2021-10-12 00:00:00+00:00,2021-10-11 20:00:00-04:00,93,67.0,62.449333297625714,boost_5y_linear_aligned,True
2021-10-08 04:00:00+00:00,2021-10-12 01:00:00+00:00,2021-10-11 21:00:00-04:00,94,67.0,61.226134532633864,boost_5y_linear_aligned,True
2021-10-08 04:00:00+00:00,2021-10-12 02:00:00+00:00,2021-10-11 22:00:00-04:00,95,66.0,60.39463847607293,boost_5y_linear_aligned,True
2021-10-08 04:00:00+00:00,2021-10-12 03:00:00+00:00,2021-10-11 23:00:00-04:00,96,65.0,59.76815983850587,boost_5y_linear_aligned,True
2021-10-08 04:00:00+00:00,2021-10-12 04:00:00+00:00,2021-10-12 00:00:00-04:00,97,64.0,59.918575386591314,boost_5y_linear_aligned,True
2021-10-08 04:00:00+00:00,2021-10-12 05:00:00+00:00,2021-10-12 01:00:00-04:00,98,64.0,59.57765634266265,boost_5y_linear_aligned,True
2021-10-08 04:00:00+00:00,2021-10-12 06:00:00+00:00,2021-10-12 02:00:00-04:00,99,64.0,58.768948000996176,boost_5y_linear_aligned,True
2021-10-08 04:00:00+00:00,2021-10-12 07:00:00+00:00,2021-10-12 03:00:00-04:00,100,63.0,58.84837297754538,boost_5y_linear_aligned,True
2021-10-08 04:00:00+00:00,2021-10-12 08:00:00+00:00,2021-10-12 04:00:00-04:00,101,63.0,58.30583178048623,boost_5y_linear_aligned,True
2021-10-08 04:00:00+00:00,2021-10-12 09:00:00+00:00,2021-10-12 05:00:00-04:00,102,61.0,57.95702028308953,boost_5y_linear_aligned,True
2021-10-08 04:00:00+00:00,2021-10-12 10:00:00+00:00,2021-10-12 06:00:00-04:00,103,61.0,57.54473814313159,boost_5y_linear_aligned,True
2021-10-08 04:00:00+00:00,2021-10-12 11:00:00+00:00,2021-10-12 07:00:00-04:00,104,62.0,57.861877538802354,boost_5y_linear_aligned,True
2021-10-08 04:00:00+00:00,2021-10-12 12:00:00+00:00,2021-10-12 08:00:00-04:00,105,63.0,60.23097114498073,boost_5y_linear_aligned,True
2021-10-08 04:00:00+00:00,2021-10-12 13:00:00+00:00,2021-10-12 09:00:00-04:00,106,65.0,63.332041315643295,boost_5y_linear_aligned,True
2021-10-08 04:00:00+00:00,2021-10-12 14:00:00+00:00,2021-10-12 10:00:00-04:00,107,67.0,66.3206186150741,boost_5y_linear_aligned,True
2021-10-08 04:00:00+00:00,2021-10-12 15:00:00+00:00,2021-10-12 11:00:00-04:00,108,69.0,68.35551073646248,boost_5y_linear_aligned,True
2021-10-08 04:00:00+00:00,2021-10-12 16:00:00+00:00,2021-10-12 12:00:00-04:00,109,70.0,70.12476425674188,boost_5y_linear_aligned,True
2021-10-08 04:00:00+00:00,2021-10-12 17:00:00+00:00,2021-10-12 13:00:00-04:00,110,70.0,71.6217967922482,boost_5y_linear_aligned,True
2021-10-08 04:00:00+00:00,2021-10-12 18:00:00+00:00,2021-10-12 14:00:00-04:00,111,70.0,72.24962678036175,boost_5y_linear_aligned,True
2021-10-08 04:00:00+00:00,2021-10-12 19:00:00+00:00,2021-10-12 15:00:00-04:00,112,70.0,72.4263818646274,boost_5y_linear_aligned,True
2021-10-08 04:00:00+00:00,2021-10-12 20:00:00+00:00,2021-10-12 16:00:00-04:00,113,70.0,72.14214356373373,boost_5y_linear_aligned,True
2021-10-08 04:00:00+00:00,2021-10-12 21:00:00+00:00,2021-10-12 17:00:00-04:00,114,69.0,70.49983153576343,boost_5y_linear_aligned,True
2021-10-08 04:00:00+00:00,2021-10-12 22:00:00+00:00,2021-10-12 18:00:00-04:00,115,69.0,66.14557632162163,boost_5y_linear_aligned,True
2021-10-08 04:00:00+00:00,2021-10-12 23:00:00+00:00,2021-10-12 19:00:00-04:00,116,67.0,63.71860465169707,boost_5y_linear_aligned,True
2021-10-08 04:00:00+00:00,2021-10-13 00:00:00+00:00,2021-10-12 20:00:00-04:00,117,66.0,62.57076522820614,boost_5y_linear_aligned,True
2021-10-08 04:00:00+00:00,2021-10-13 01:00:00+00:00,2021-10-12 21:00:00-04:00,118,63.0,61.42102459063579,boost_5y_linear_aligned,True
2021-10-08 04:00:00+00:00,2021-10-13 02:00:00+00:00,2021-10-12 22:00:00-04:00,119,61.0,60.507872410891686,boost_5y_linear_aligned,True
2021-10-08 04:00:00+00:00,2021-10-13 03:00:00+00:00,2021-10-12 23:00:00-04:00,120,60.0,59.80805796451407,boost_5y_linear_aligned,True
2021-10-08 04:00:00+00:00,2021-10-13 04:00:00+00:00,2021-10-13 00:00:00-04:00,121,59.0,59.04018713090774,boost_5y_linear_aligned,True
2021-10-08 04:00:00+00:00,2021-10-13 05:00:00+00:00,2021-10-13 01:00:00-04:00,122,59.0,58.46032442034891,boost_5y_linear_aligned,True
2021-10-08 04:00:00+00:00,2021-10-13 06:00:00+00:00,2021-10-13 02:00:00-04:00,123,59.0,57.948599347040336,boost_5y_linear_aligned,True
2021-10-08 04:00:00+00:00,2021-10-13 07:00:00+00:00,2021-10-13 03:00:00-04:00,124,59.0,57.767126503142556,boost_5y_linear_aligned,True
2021-10-08 04:00:00+00:00,2021-10-13 08:00:00+00:00,2021-10-13 04:00:00-04:00,125,58.0,57.46744410624801,boost_5y_linear_aligned,True
2021-10-08 04:00:00+00:00,2021-10-13 09:00:00+00:00,2021-10-13 05:00:00-04:00,126,58.0,57.248750438984054,boost_5y_linear_aligned,True
2021-10-08 04:00:00+00:00,2021-10-13 10:00:00+00:00,2021-10-13 06:00:00-04:00,127,57.0,56.827262483964574,boost_5y_linear_aligned,True
2021-10-08 04:00:00+00:00,2021-10-13 11:00:00+00:00,2021-10-13 07:00:00-04:00,128,57.0,56.8311350359882,boost_5y_linear_aligned,True
2021-10-08 04:00:00+00:00,2021-10-13 12:00:00+00:00,2021-10-13 08:00:00-04:00,129,63.0,59.27247873373015,boost_5y_linear_aligned,True
2021-10-08 04:00:00+00:00,2021-10-13 13:00:00+00:00,2021-10-13 09:00:00-04:00,130,68.0,61.90703186966066,boost_5y_linear_aligned,True
2021-10-08 04:00:00+00:00,2021-10-13 14:00:00+00:00,2021-10-13 10:00:00-04:00,131,72.0,65.03990215802405,boost_5y_linear_aligned,True
2021-10-08 04:00:00+00:00,2021-10-13 15:00:00+00:00,2021-10-13 11:00:00-04:00,132,74.0,67.11564676875247,boost_5y_linear_aligned,True
2021-10-08 04:00:00+00:00,2021-10-13 16:00:00+00:00,2021-10-13 12:00:00-04:00,133,76.0,68.96566832652154,boost_5y_linear_aligned,True
2021-10-08 04:00:00+00:00,2021-10-13 17:00:00+00:00,2021-10-13 13:00:00-04:00,134,79.0,70.47289528718,boost_5y_linear_aligned,True
2021-10-08 04:00:00+00:00,2021-10-13 18:00:00+00:00,2021-10-13 14:00:00-04:00,135,79.0,71.10367529921707,boost_5y_linear_aligned,True
2021-10-08 04:00:00+00:00,2021-10-13 19:00:00+00:00,2021-10-13 15:00:00-04:00,136,79.0,71.1587544899249,boost_5y_linear_aligned,True
2021-10-08 04:00:00+00:00,2021-10-13 20:00:00+00:00,2021-10-13 16:00:00-04:00,137,82.0,70.9639861895506,boost_5y_linear_aligned,True
2021-10-08 04:00:00+00:00,2021-10-13 21:00:00+00:00,2021-10-13 17:00:00-04:00,138,79.0,69.20337035267555,boost_5y_linear_aligned,True
2021-10-08 04:00:00+00:00,2021-10-13 22:00:00+00:00,2021-10-13 18:00:00-04:00,139,72.0,64.81594700637577,boost_5y_linear_aligned,True
2021-10-08 04:00:00+00:00,2021-10-13 23:00:00+00:00,2021-10-13 19:00:00-04:00,140,68.0,62.44143134790909,boost_5y_linear_aligned,True
2021-10-08 04:00:00+00:00,2021-10-14 00:00:00+00:00,2021-10-13 20:00:00-04:00,141,66.0,61.19723803613471,boost_5y_linear_aligned,True
2021-10-08 04:00:00+00:00,2021-10-14 01:00:00+00:00,2021-10-13 21:00:00-04:00,142,67.0,60.00293538493067,boost_5y_linear_aligned,True
2021-10-08 04:00:00+00:00,2021-10-14 02:00:00+00:00,2021-10-13 22:00:00-04:00,143,69.0,59.38130157202138,boost_5y_linear_aligned,True
2021-10-08 04:00:00+00:00,2021-10-14 03:00:00+00:00,2021-10-13 23:00:00-04:00,144,66.0,58.593310170200844,boost_5y_linear_aligned,True
2021-10-08 04:00:00+00:00,2021-10-14 04:00:00+00:00,2021-10-14 00:00:00-04:00,145,65.0,58.10042497932638,boost_5y_linear_aligned,True
2021-10-08 04:00:00+00:00,2021-10-14 05:00:00+00:00,2021-10-14 01:00:00-04:00,146,63.0,57.834807570706495,boost_5y_linear_aligned,True
2021-10-08 04:00:00+00:00,2021-10-14 06:00:00+00:00,2021-10-14 02:00:00-04:00,147,62.0,57.5036045649397,boost_5y_linear_aligned,True
2021-10-08 04:00:00+00:00,2021-10-14 07:00:00+00:00,2021-10-14 03:00:00-04:00,148,61.0,56.896531840317486,boost_5y_linear_aligned,True
2021-10-08 04:00:00+00:00,2021-10-14 08:00:00+00:00,2021-10-14 04:00:00-04:00,149,60.0,56.57312216244042,boost_5y_linear_aligned,True
2021-10-08 04:00:00+00:00,2021-10-14 09:00:00+00:00,2021-10-14 05:00:00-04:00,150,60.0,56.29013329002663,boost_5y_linear_aligned,True
2021-10-08 04:00:00+00:00,2021-10-14 10:00:00+00:00,2021-10-14 06:00:00-04:00,151,60.0,56.019268491181315,boost_5y_linear_aligned,True
2021-10-08 04:00:00+00:00,2021-10-14 11:00:00+00:00,2021-10-14 07:00:00-04:00,152,60.0,56.288649839492365,boost_5y_linear_aligned,True
2021-10-08 04:00:00+00:00,2021-10-14 12:00:00+00:00,2021-10-14 08:00:00-04:00,153,65.0,58.88398860634076,boost_5y_linear_aligned,True
2021-10-08 04:00:00+00:00,2021-10-14 13:00:00+00:00,2021-10-14 09:00:00-04:00,154,71.0,62.21481526186262,boost_5y_linear_aligned,True
2021-10-08 04:00:00+00:00,2021-10-14 14:00:00+00:00,2021-10-14 10:00:00-04:00,155,75.0,65.36910277989325,boost_5y_linear_aligned,True
2021-10-08 04:00:00+00:00,2021-10-14 15:00:00+00:00,2021-10-14 11:00:00-04:00,156,77.0,67.48846070666454,boost_5y_linear_aligned,True
2021-10-08 04:00:00+00:00,2021-10-14 16:00:00+00:00,2021-10-14 12:00:00-04:00,157,80.0,69.36732727481254,boost_5y_linear_aligned,True
2021-10-08 04:00:00+00:00,2021-10-14 17:00:00+00:00,2021-10-14 13:00:00-04:00,158,82.0,70.99789261068857,boost_5y_linear_aligned,True
2021-10-08 04:00:00+00:00,2021-10-14 18:00:00+00:00,2021-10-14 14:00:00-04:00,159,82.0,71.63694349768969,boost_5y_linear_aligned,True
2021-10-08 04:00:00+00:00,2021-10-14 19:00:00+00:00,2021-10-14 15:00:00-04:00,160,83.0,71.83867788554299,boost_5y_linear_aligned,True
2021-10-08 04:00:00+00:00,2021-10-14 20:00:00+00:00,2021-10-14 16:00:00-04:00,161,80.0,71.60888211881574,boost_5y_linear_aligned,True
2021-10-08 04:00:00+00:00,2021-10-14 21:00:00+00:00,2021-10-14 17:00:00-04:00,162,77.0,69.7957673819433,boost_5y_linear_aligned,True
2021-10-08 04:00:00+00:00,2021-10-14 22:00:00+00:00,2021-10-14 18:00:00-04:00,163,73.0,65.48428405617739,boost_5y_linear_aligned,True
2021-10-08 04:00:00+00:00,2021-10-14 23:00:00+00:00,2021-10-14 19:00:00-04:00,164,69.0,63.10396134509924,boost_5y_linear_aligned,True
2021-10-08 04:00:00+00:00,2021-10-15 00:00:00+00:00,2021-10-14 20:00:00-04:00,165,67.0,61.89943562535328,boost_5y_linear_aligned,True
2021-10-08 04:00:00+00:00,2021-10-15 01:00:00+00:00,2021-10-14 21:00:00-04:00,166,66.0,60.72173473641681,boost_5y_linear_aligned,True
2021-10-08 04:00:00+00:00,2021-10-15 02:00:00+00:00,2021-10-14 22:00:00-04:00,167,64.0,59.93583040133037,boost_5y_linear_aligned,True
2021-10-08 04:00:00+00:00,2021-10-15 03:00:00+00:00,2021-10-14 23:00:00-04:00,168,64.0,59.2191158829083,boost_5y_linear_aligned,True
2021-10-08 04:00:00+00:00,2021-10-15 04:00:00+00:00,2021-10-15 00:00:00-04:00,169,64.0,58.570613789547416,boost_5y_linear_aligned,True
2021-10-08 04:00:00+00:00,2021-10-15 05:00:00+00:00,2021-10-15 01:00:00-04:00,170,62.0,58.51951663071847,boost_5y_linear_aligned,True
2021-10-08 04:00:00+00:00,2021-10-15 06:00:00+00:00,2021-10-15 02:00:00-04:00,171,62.0,57.8478472677257,boost_5y_linear_aligned,True
2021-10-08 04:00:00+00:00,2021-10-15 07:00:00+00:00,2021-10-15 03:00:00-04:00,172,61.0,57.20786283988495,boost_5y_linear_aligned,True
2021-10-08 04:00:00+00:00,2021-10-15 08:00:00+00:00,2021-10-15 04:00:00-04:00,173,60.0,56.81104975345446,boost_5y_linear_aligned,True
2021-10-08 04:00:00+00:00,2021-10-15 09:00:00+00:00,2021-10-15 05:00:00-04:00,174,60.0,56.63038157809946,boost_5y_linear_aligned,True
2021-10-08 04:00:00+00:00,2021-10-15 10:00:00+00:00,2021-10-15 06:00:00-04:00,175,60.0,56.2034065620482,boost_5y_linear_aligned,True
2021-10-08 04:00:00+00:00,2021-10-15 11:00:00+00:00,2021-10-15 07:00:00-04:00,176,60.0,56.41462642037744,boost_5y_linear_aligned,True
2021-10-08 04:00:00+00:00,2021-10-15 12:00:00+00:00,2021-10-15 08:00:00-04:00,177,67.0,58.949910889281014,boost_5y_linear_aligned,True
2021-10-08 04:00:00+00:00,2021-10-15 13:00:00+00:00,2021-10-15 09:00:00-04:00,178,72.0,62.353672574871595,boost_5y_linear_aligned,True
2021-10-08 04:00:00+00:00,2021-10-15 14:00:00+00:00,2021-10-15 10:00:00-04:00,179,76.0,65.4623319440871,boost_5y_linear_aligned,True
2021-10-08 04:00:00+00:00,2021-10-15 15:00:00+00:00,2021-10-15 11:00:00-04:00,180,80.0,67.55511407582664,boost_5y_linear_aligned,True
2021-10-08 04:00:00+00:00,2021-10-15 16:00:00+00:00,2021-10-15 12:00:00-04:00,181,82.0,69.42905386410062,boost_5y_linear_aligned,True
2021-10-08 04:00:00+00:00,2021-10-15 17:00:00+00:00,2021-10-15 13:00:00-04:00,182,84.0,70.88574196539635,boost_5y_linear_aligned,True
2021-10-08 04:00:00+00:00,2021-10-15 18:00:00+00:00,2021-10-15 14:00:00-04:00,183,84.0,71.58734200564105,boost_5y_linear_aligned,True
2021-10-08 04:00:00+00:00,2021-10-15 19:00:00+00:00,2021-10-15 15:00:00-04:00,184,84.0,71.77182515456747,boost_5y_linear_aligned,True
2021-10-08 04:00:00+00:00,2021-10-15 20:00:00+00:00,2021-10-15 16:00:00-04:00,185,83.0,71.40218115879672,boost_5y_linear_aligned,True
2021-10-08 04:00:00+00:00,2021-10-15 21:00:00+00:00,2021-10-15 17:00:00-04:00,186,82.0,69.7779201606327,boost_5y_linear_aligned,True
2021-10-08 04:00:00+00:00,2021-10-15 22:00:00+00:00,2021-10-15 18:00:00-04:00,187,77.0,65.44451981046767,boost_5y_linear_aligned,True
2021-10-08 04:00:00+00:00,2021-10-15 23:00:00+00:00,2021-10-15 19:00:00-04:00,188,75.0,63.004253245937086,boost_5y_linear_aligned,True
2021-10-08 04:00:00+00:00,2021-10-16 00:00:00+00:00,2021-10-15 20:00:00-04:00,189,73.0,61.75262328440101,boost_5y_linear_aligned,True
2021-10-08 04:00:00+00:00,2021-10-16 01:00:00+00:00,2021-10-15 21:00:00-04:00,190,72.0,60.48762398299819,boost_5y_linear_aligned,True
2021-10-08 04:00:00+00:00,2021-10-16 02:00:00+00:00,2021-10-15 22:00:00-04:00,191,71.0,59.78675514724451,boost_5y_linear_aligned,True
2021-10-08 04:00:00+00:00,2021-10-16 03:00:00+00:00,2021-10-15 23:00:00-04:00,192,70.0,59.026662135207495,boost_5y_linear_aligned,True
2021-10-08 04:00:00+00:00,2021-10-16 04:00:00+00:00,2021-10-16 00:00:00-04:00,193,69.0,58.54570737768064,boost_5y_linear_aligned,True
2021-10-08 04:00:00+00:00,2021-10-16 05:00:00+00:00,2021-10-16 01:00:00-04:00,194,68.0,58.21713993075959,boost_5y_linear_aligned,True
2021-10-08 04:00:00+00:00,2021-10-16 06:00:00+00:00,2021-10-16 02:00:00-04:00,195,67.0,57.621866266475216,boost_5y_linear_aligned,True
2021-10-08 04:00:00+00:00,2021-10-16 07:00:00+00:00,2021-10-16 03:00:00-04:00,196,67.0,56.919886713047184,boost_5y_linear_aligned,True
2021-10-08 04:00:00+00:00,2021-10-16 08:00:00+00:00,2021-10-16 04:00:00-04:00,197,67.0,56.51011578816735,boost_5y_linear_aligned,True
2021-10-08 04:00:00+00:00,2021-10-16 09:00:00+00:00,2021-10-16 05:00:00-04:00,198,66.0,56.261622406569224,boost_5y_linear_aligned,True
2021-10-08 04:00:00+00:00,2021-10-16 10:00:00+00:00,2021-10-16 06:00:00-04:00,199,66.0,55.86642219296133,boost_5y_linear_aligned,True
2021-10-08 04:00:00+00:00,2021-10-16 11:00:00+00:00,2021-10-16 07:00:00-04:00,200,66.0,55.924494651173994,boost_5y_linear_aligned,True
2021-10-08 04:00:00+00:00,2021-10-16 12:00:00+00:00,2021-10-16 08:00:00-04:00,201,69.0,58.87949356268866,boost_5y_linear_aligned,True
2021-10-08 04:00:00+00:00,2021-10-16 13:00:00+00:00,2021-10-16 09:00:00-04:00,202,73.0,62.06937434840251,boost_5y_linear_aligned,True
2021-10-08 04:00:00+00:00,2021-10-16 14:00:00+00:00,2021-10-16 10:00:00-04:00,203,78.0,65.13556287855084,boost_5y_linear_aligned,True
2021-10-08 04:00:00+00:00,2021-10-16 15:00:00+00:00,2021-10-16 11:00:00-04:00,204,81.0,67.30818902604204,boost_5y_linear_aligned,True
2021-10-08 04:00:00+00:00,2021-10-16 16:00:00+00:00,2021-10-16 12:00:00-04:00,205,83.0,69.26192462270858,boost_5y_linear_aligned,True
2021-10-08 04:00:00+00:00,2021-10-16 17:00:00+00:00,2021-10-16 13:00:00-04:00,206,84.0,70.7177777516135,boost_5y_linear_aligned,True
2021-10-08 04:00:00+00:00,2021-10-16 18:00:00+00:00,2021-10-16 14:00:00-04:00,207,84.0,71.39452094496684,boost_5y_linear_aligned,True
2021-10-08 04:00:00+00:00,2021-10-16 19:00:00+00:00,2021-10-16 15:00:00-04:00,208,70.0,71.60164797765601,boost_5y_linear_aligned,True
2021-10-08 04:00:00+00:00,2021-10-16 20:00:00+00:00,2021-10-16 16:00:00-04:00,209,73.0,71.15946168900058,boost_5y_linear_aligned,True
2021-10-08 04:00:00+00:00,2021-10-16 21:00:00+00:00,2021-10-16 17:00:00-04:00,210,68.0,69.31310373713605,boost_5y_linear_aligned,True
2021-10-08 04:00:00+00:00,2021-10-16 22:00:00+00:00,2021-10-16 18:00:00-04:00,211,67.0,64.91783007221844,boost_5y_linear_aligned,True
2021-10-08 04:00:00+00:00,2021-10-16 23:00:00+00:00,2021-10-16 19:00:00-04:00,212,66.0,62.43100363220993,boost_5y_linear_aligned,True
2021-10-08 04:00:00+00:00,2021-10-17 00:00:00+00:00,2021-10-16 20:00:00-04:00,213,64.0,61.09160383681318,boost_5y_linear_aligned,True
2021-10-08 04:00:00+00:00,2021-10-17 01:00:00+00:00,2021-10-16 21:00:00-04:00,214,62.0,59.80547706911165,boost_5y_linear_aligned,True
2021-10-08 04:00:00+00:00,2021-10-17 02:00:00+00:00,2021-10-16 22:00:00-04:00,215,59.0,59.05840138423368,boost_5y_linear_aligned,True
2021-10-08 04:00:00+00:00,2021-10-17 03:00:00+00:00,2021-10-16 23:00:00-04:00,216,58.0,58.24984174859817,boost_5y_linear_aligned,True
2021-10-08 04:00:00+00:00,2021-10-17 04:00:00+00:00,2021-10-17 00:00:00-04:00,217,56.0,57.38754546915244,boost_5y_linear_aligned,True
2021-10-08 04:00:00+00:00,2021-10-17 05:00:00+00:00,2021-10-17 01:00:00-04:00,218,55.0,57.03318129723334,boost_5y_linear_aligned,True
2021-10-08 04:00:00+00:00,2021-10-17 06:00:00+00:00,2021-10-17 02:00:00-04:00,219,54.0,56.35877035522627,boost_5y_linear_aligned,True
2021-10-08 04:00:00+00:00,2021-10-17 07:00:00+00:00,2021-10-17 03:00:00-04:00,220,53.0,55.65569600528268,boost_5y_linear_aligned,True
2021-10-08 04:00:00+00:00,2021-10-17 08:00:00+00:00,2021-10-17 04:00:00-04:00,221,52.0,55.22537503094014,boost_5y_linear_aligned,True
2021-10-08 04:00:00+00:00,2021-10-17 09:00:00+00:00,2021-10-17 05:00:00-04:00,222,51.0,54.977916836382256,boost_5y_linear_aligned,True
2021-10-08 04:00:00+00:00,2021-10-17 10:00:00+00:00,2021-10-17 06:00:00-04:00,223,47.0,54.59792016539509,boost_5y_linear_aligned,True
2021-10-08 04:00:00+00:00,2021-10-17 11:00:00+00:00,2021-10-17 07:00:00-04:00,224,48.0,54.710689810731985,boost_5y_linear_aligned,True
2021-10-08 04:00:00+00:00,2021-10-17 12:00:00+00:00,2021-10-17 08:00:00-04:00,225,52.0,57.75615417004327,boost_5y_linear_aligned,True
2021-10-08 04:00:00+00:00,2021-10-17 13:00:00+00:00,2021-10-17 09:00:00-04:00,226,57.0,60.99331491024428,boost_5y_linear_aligned,True
2021-10-08 04:00:00+00:00,2021-10-17 14:00:00+00:00,2021-10-17 10:00:00-04:00,227,60.0,64.18348640316611,boost_5y_linear_aligned,True
2021-10-08 04:00:00+00:00,2021-10-17 15:00:00+00:00,2021-10-17 11:00:00-04:00,228,62.0,66.37996585068461,boost_5y_linear_aligned,True
2021-10-08 04:00:00+00:00,2021-10-17 16:00:00+00:00,2021-10-17 12:00:00-04:00,229,63.0,68.37771098324592,boost_5y_linear_aligned,True
2021-10-08 04:00:00+00:00,2021-10-17 17:00:00+00:00,2021-10-17 13:00:00-04:00,230,64.0,69.91721472189558,boost_5y_linear_aligned,True
2021-10-08 04:00:00+00:00,2021-10-17 18:00:00+00:00,2021-10-17 14:00:00-04:00,231,65.0,70.60653238834793,boost_5y_linear_aligned,True
2021-10-08 04:00:00+00:00,2021-10-17 19:00:00+00:00,2021-10-17 15:00:00-04:00,232,66.0,70.93577273021313,boost_5y_linear_aligned,True
2021-10-08 04:00:00+00:00,2021-10-17 20:00:00+00:00,2021-10-17 16:00:00-04:00,233,65.0,70.46493638918527,boost_5y_linear_aligned,True
2021-10-08 04:00:00+00:00,2021-10-17 21:00:00+00:00,2021-10-17 17:00:00-04:00,234,64.0,68.55402400163322,boost_5y_linear_aligned,True
2021-10-08 04:00:00+00:00,2021-10-17 22:00:00+00:00,2021-10-17 18:00:00-04:00,235,59.0,64.02019333084185,boost_5y_linear_aligned,True
2021-10-08 04:00:00+00:00,2021-10-17 23:00:00+00:00,2021-10-17 19:00:00-04:00,236,57.0,61.36587380388014,boost_5y_linear_aligned,True
2021-10-08 04:00:00+00:00,2021-10-18 00:00:00+00:00,2021-10-17 20:00:00-04:00,237,52.0,60.01556220887103,boost_5y_linear_aligned,True
2021-10-08 04:00:00+00:00,2021-10-18 01:00:00+00:00,2021-10-17 21:00:00-04:00,238,55.0,58.80601372021479,boost_5y_linear_aligned,True
2021-10-08 04:00:00+00:00,2021-10-18 02:00:00+00:00,2021-10-17 22:00:00-04:00,239,54.0,58.27183699897063,boost_5y_linear_aligned,True
2021-10-08 04:00:00+00:00,2021-10-18 03:00:00+00:00,2021-10-17 23:00:00-04:00,240,50.0,57.3317663911181,boost_5y_linear_aligned,True
2021-10-08 04:00:00+00:00,2021-10-18 04:00:00+00:00,2021-10-18 00:00:00-04:00,241,48.0,56.15590692908731,boost_5y_linear_aligned,True
2021-10-08 04:00:00+00:00,2021-10-18 05:00:00+00:00,2021-10-18 01:00:00-04:00,242,47.0,55.791238218607255,boost_5y_linear_aligned,True
2021-10-08 04:00:00+00:00,2021-10-18 06:00:00+00:00,2021-10-18 02:00:00-04:00,243,47.0,55.06886090258089,boost_5y_linear_aligned,True
2021-10-08 04:00:00+00:00,2021-10-18 07:00:00+00:00,2021-10-18 03:00:00-04:00,244,46.0,54.407130536714575,boost_5y_linear_aligned,True
2021-10-08 04:00:00+00:00,2021-10-18 08:00:00+00:00,2021-10-18 04:00:00-04:00,245,44.0,54.00236868479929,boost_5y_linear_aligned,True
2021-10-08 04:00:00+00:00,2021-10-18 09:00:00+00:00,2021-10-18 05:00:00-04:00,246,45.0,53.82042937324773,boost_5y_linear_aligned,True
2021-10-08 04:00:00+00:00,2021-10-18 10:00:00+00:00,2021-10-18 06:00:00-04:00,247,43.0,53.45075240623489,boost_5y_linear_aligned,True
2021-10-08 04:00:00+00:00,2021-10-18 11:00:00+00:00,2021-10-18 07:00:00-04:00,248,44.0,53.520264381468685,boost_5y_linear_aligned,True
2021-10-08 04:00:00+00:00,2021-10-18 12:00:00+00:00,2021-10-18 08:00:00-04:00,249,51.0,56.71277184471753,boost_5y_linear_aligned,True
2021-10-08 04:00:00+00:00,2021-10-18 13:00:00+00:00,2021-10-18 09:00:00-04:00,250,57.0,60.449559101785866,boost_5y_linear_aligned,True
2021-10-08 04:00:00+00:00,2021-10-18 14:00:00+00:00,2021-10-18 10:00:00-04:00,251,62.0,63.71678737657742,boost_5y_linear_aligned,True
2021-10-08 04:00:00+00:00,2021-10-18 15:00:00+00:00,2021-10-18 11:00:00-04:00,252,66.0,65.99321785383611,boost_5y_linear_aligned,True
2021-10-08 04:00:00+00:00,2021-10-18 16:00:00+00:00,2021-10-18 12:00:00-04:00,253,67.0,67.98021385608024,boost_5y_linear_aligned,True
2021-10-08 04:00:00+00:00,2021-10-18 17:00:00+00:00,2021-10-18 13:00:00-04:00,254,69.0,69.66014117369592,boost_5y_linear_aligned,True
2021-10-08 04:00:00+00:00,2021-10-18 18:00:00+00:00,2021-10-18 14:00:00-04:00,255,69.0,70.48127412038951,boost_5y_linear_aligned,True
2021-10-08 04:00:00+00:00,2021-10-18 19:00:00+00:00,2021-10-18 15:00:00-04:00,256,70.0,70.74234234037432,boost_5y_linear_aligned,True
2021-10-08 04:00:00+00:00,2021-10-18 20:00:00+00:00,2021-10-18 16:00:00-04:00,257,70.0,70.29005671759839,boost_5y_linear_aligned,True
2021-10-08 04:00:00+00:00,2021-10-18 21:00:00+00:00,2021-10-18 17:00:00-04:00,258,68.0,68.20778492329084,boost_5y_linear_aligned,True
2021-10-08 04:00:00+00:00,2021-10-18 22:00:00+00:00,2021-10-18 18:00:00-04:00,259,61.0,63.59559476641908,boost_5y_linear_aligned,True
2021-10-08 04:00:00+00:00,2021-10-18 23:00:00+00:00,2021-10-18 19:00:00-04:00,260,57.0,60.88328429744249,boost_5y_linear_aligned,True
2021-10-08 04:00:00+00:00,2021-10-19 00:00:00+00:00,2021-10-18 20:00:00-04:00,261,54.0,59.657499167823374,boost_5y_linear_aligned,True
2021-10-08 04:00:00+00:00,2021-10-19 01:00:00+00:00,2021-10-18 21:00:00-04:00,262,51.0,58.521404445940576,boost_5y_linear_aligned,True
2021-10-08 04:00:00+00:00,2021-10-19 02:00:00+00:00,2021-10-18 22:00:00-04:00,263,50.0,57.67469842341028,boost_5y_linear_aligned,True
2021-10-08 04:00:00+00:00,2021-10-19 03:00:00+00:00,2021-10-18 23:00:00-04:00,264,49.0,56.70793740276703,boost_5y_linear_aligned,True
2021-10-08 04:00:00+00:00,2021-10-19 04:00:00+00:00,2021-10-19 00:00:00-04:00,265,47.0,55.83707695653882,boost_5y_linear_aligned,True
2021-10-08 04:00:00+00:00,2021-10-19 05:00:00+00:00,2021-10-19 01:00:00-04:00,266,48.0,55.489933956980884,boost_5y_linear_aligned,True
2021-10-08 04:00:00+00:00,2021-10-19 06:00:00+00:00,2021-10-19 02:00:00-04:00,267,46.0,54.735937236710456,boost_5y_linear_aligned,True
2021-10-08 04:00:00+00:00,2021-10-19 07:00:00+00:00,2021-10-19 03:00:00-04:00,268,44.0,54.06189069697834,boost_5y_linear_aligned,True
2021-10-08 04:00:00+00:00,2021-10-19 08:00:00+00:00,2021-10-19 04:00:00-04:00,269,45.0,53.62779475122168,boost_5y_linear_aligned,True
2021-10-08 04:00:00+00:00,2021-10-19 09:00:00+00:00,2021-10-19 05:00:00-04:00,270,43.0,53.37700526510924,boost_5y_linear_aligned,True
2021-10-08 04:00:00+00:00,2021-10-19 10:00:00+00:00,2021-10-19 06:00:00-04:00,271,42.0,53.0358405977294,boost_5y_linear_aligned,True
2021-10-08 04:00:00+00:00,2021-10-19 11:00:00+00:00,2021-10-19 07:00:00-04:00,272,44.0,53.02506784078603,boost_5y_linear_aligned,True
2021-10-08 04:00:00+00:00,2021-10-19 12:00:00+00:00,2021-10-19 08:00:00-04:00,273,51.0,56.2070133629181,boost_5y_linear_aligned,True
2021-10-08 04:00:00+00:00,2021-10-19 13:00:00+00:00,2021-10-19 09:00:00-04:00,274,59.0,60.20684385912891,boost_5y_linear_aligned,True
2021-10-08 04:00:00+00:00,2021-10-19 14:00:00+00:00,2021-10-19 10:00:00-04:00,275,65.0,63.5044357251059,boost_5y_linear_aligned,True
2021-10-08 04:00:00+00:00,2021-10-19 15:00:00+00:00,2021-10-19 11:00:00-04:00,276,68.0,65.73604373843362,boost_5y_linear_aligned,True
2021-10-08 04:00:00+00:00,2021-10-19 16:00:00+00:00,2021-10-19 12:00:00-04:00,277,71.0,67.65256796843991,boost_5y_linear_aligned,True
2021-10-08 04:00:00+00:00,2021-10-19 17:00:00+00:00,2021-10-19 13:00:00-04:00,278,73.0,69.12073910979078,boost_5y_linear_aligned,True
2021-10-08 04:00:00+00:00,2021-10-19 18:00:00+00:00,2021-10-19 14:00:00-04:00,279,74.0,69.93816033843306,boost_5y_linear_aligned,True
2021-10-08 04:00:00+00:00,2021-10-19 19:00:00+00:00,2021-10-19 15:00:00-04:00,280,74.0,70.26221430949515,boost_5y_linear_aligned,True
2021-10-08 04:00:00+00:00,2021-10-19 20:00:00+00:00,2021-10-19 16:00:00-04:00,281,73.0,69.78248294217302,boost_5y_linear_aligned,True
2021-10-08 04:00:00+00:00,2021-10-19 21:00:00+00:00,2021-10-19 17:00:00-04:00,282,70.0,67.79031328935159,boost_5y_linear_aligned,True
2021-10-08 04:00:00+00:00,2021-10-19 22:00:00+00:00,2021-10-19 18:00:00-04:00,283,64.0,63.244673753843024,boost_5y_linear_aligned,True
2021-10-08 04:00:00+00:00,2021-10-19 23:00:00+00:00,2021-10-19 19:00:00-04:00,284,61.0,60.58195168059428,boost_5y_linear_aligned,True
2021-10-08 04:00:00+00:00,2021-10-20 00:00:00+00:00,2021-10-19 20:00:00-04:00,285,58.0,59.34026825592099,boost_5y_linear_aligned,True
2021-10-08 04:00:00+00:00,2021-10-20 01:00:00+00:00,2021-10-19 21:00:00-04:00,286,55.0,58.24151100702943,boost_5y_linear_aligned,True
2021-10-08 04:00:00+00:00,2021-10-20 02:00:00+00:00,2021-10-19 22:00:00-04:00,287,53.0,57.37715543901872,boost_5y_linear_aligned,True
2021-10-08 04:00:00+00:00,2021-10-20 03:00:00+00:00,2021-10-19 23:00:00-04:00,288,52.0,56.472780691876586,boost_5y_linear_aligned,True
2021-10-08 04:00:00+00:00,2021-10-20 04:00:00+00:00,2021-10-20 00:00:00-04:00,289,49.0,55.98340156575109,boost_5y_linear_aligned,True
2021-10-08 04:00:00+00:00,2021-10-20 05:00:00+00:00,2021-10-20 01:00:00-04:00,290,50.0,55.64909948365142,boost_5y_linear_aligned,True
2021-10-08 04:00:00+00:00,2021-10-20 06:00:00+00:00,2021-10-20 02:00:00-04:00,291,50.0,54.91480544091427,boost_5y_linear_aligned,True
2021-10-08 04:00:00+00:00,2021-10-20 07:00:00+00:00,2021-10-20 03:00:00-04:00,292,49.0,54.287186037489995,boost_5y_linear_aligned,True
2021-10-08 04:00:00+00:00,2021-10-20 08:00:00+00:00,2021-10-20 04:00:00-04:00,293,49.0,53.8329078738826,boost_5y_linear_aligned,True
2021-10-08 04:00:00+00:00,2021-10-20 09:00:00+00:00,2021-10-20 05:00:00-04:00,294,48.0,53.605304217811806,boost_5y_linear_aligned,True
2021-10-08 04:00:00+00:00,2021-10-20 10:00:00+00:00,2021-10-20 06:00:00-04:00,295,48.0,53.21770833754189,boost_5y_linear_aligned,True
2021-10-08 04:00:00+00:00,2021-10-20 11:00:00+00:00,2021-10-20 07:00:00-04:00,296,46.0,53.256786835210406,boost_5y_linear_aligned,True
2021-10-08 04:00:00+00:00,2021-10-20 12:00:00+00:00,2021-10-20 08:00:00-04:00,297,52.0,56.45830695700301,boost_5y_linear_aligned,True
2021-10-08 04:00:00+00:00,2021-10-20 13:00:00+00:00,2021-10-20 09:00:00-04:00,298,59.0,60.13505303721855,boost_5y_linear_aligned,True
2021-10-08 04:00:00+00:00,2021-10-20 14:00:00+00:00,2021-10-20 10:00:00-04:00,299,67.0,63.346846242439156,boost_5y_linear_aligned,True
2021-10-08 04:00:00+00:00,2021-10-20 15:00:00+00:00,2021-10-20 11:00:00-04:00,300,72.0,65.59889153683345,boost_5y_linear_aligned,True
2021-10-08 04:00:00+00:00,2021-10-20 16:00:00+00:00,2021-10-20 12:00:00-04:00,301,74.0,67.64068019940429,boost_5y_linear_aligned,True
2021-10-08 04:00:00+00:00,2021-10-20 17:00:00+00:00,2021-10-20 13:00:00-04:00,302,77.0,69.23217721647248,boost_5y_linear_aligned,True
2021-10-08 04:00:00+00:00,2021-10-20 18:00:00+00:00,2021-10-20 14:00:00-04:00,303,76.0,70.15384378768158,boost_5y_linear_aligned,True
2021-10-08 04:00:00+00:00,2021-10-20 19:00:00+00:00,2021-10-20 15:00:00-04:00,304,79.0,70.52800275563978,boost_5y_linear_aligned,True
2021-10-08 04:00:00+00:00,2021-10-20 20:00:00+00:00,2021-10-20 16:00:00-04:00,305,78.0,69.94528944629609,boost_5y_linear_aligned,True
2021-10-08 04:00:00+00:00,2021-10-20 21:00:00+00:00,2021-10-20 17:00:00-04:00,306,74.0,67.91172419897964,boost_5y_linear_aligned,True
2021-10-08 04:00:00+00:00,2021-10-20 22:00:00+00:00,2021-10-20 18:00:00-04:00,307,67.0,63.36295288802636,boost_5y_linear_aligned,True
2021-10-08 04:00:00+00:00,2021-10-20 23:00:00+00:00,2021-10-20 19:00:00-04:00,308,63.0,60.65725756108944,boost_5y_linear_aligned,True
2021-10-08 04:00:00+00:00,2021-10-21 00:00:00+00:00,2021-10-20 20:00:00-04:00,309,57.0,59.369509260233784,boost_5y_linear_aligned,True
2021-10-08 04:00:00+00:00,2021-10-21 01:00:00+00:00,2021-10-20 21:00:00-04:00,310,57.0,58.355992694639234,boost_5y_linear_aligned,True
2021-10-08 04:00:00+00:00,2021-10-21 02:00:00+00:00,2021-10-20 22:00:00-04:00,311,54.0,57.382652660907375,boost_5y_linear_aligned,True
2021-10-08 04:00:00+00:00,2021-10-21 03:00:00+00:00,2021-10-20 23:00:00-04:00,312,53.0,56.41536066577319,boost_5y_linear_aligned,True
2021-10-08 04:00:00+00:00,2021-10-21 04:00:00+00:00,2021-10-21 00:00:00-04:00,313,52.0,55.48844858188938,boost_5y_linear_aligned,True
2021-10-08 04:00:00+00:00,2021-10-21 05:00:00+00:00,2021-10-21 01:00:00-04:00,314,51.0,55.102896235774374,boost_5y_linear_aligned,True
2021-10-08 04:00:00+00:00,2021-10-21 06:00:00+00:00,2021-10-21 02:00:00-04:00,315,50.0,54.32555003040041,boost_5y_linear_aligned,True
2021-10-08 04:00:00+00:00,2021-10-21 07:00:00+00:00,2021-10-21 03:00:00-04:00,316,50.0,53.711838690694485,boost_5y_linear_aligned,True
2021-10-08 04:00:00+00:00,2021-10-21 08:00:00+00:00,2021-10-21 04:00:00-04:00,317,51.0,53.20579353696735,boost_5y_linear_aligned,True
2021-10-08 04:00:00+00:00,2021-10-21 09:00:00+00:00,2021-10-21 05:00:00-04:00,318,52.0,52.921904755776765,boost_5y_linear_aligned,True
2021-10-08 04:00:00+00:00,2021-10-21 10:00:00+00:00,2021-10-21 06:00:00-04:00,319,51.0,52.47347381149779,boost_5y_linear_aligned,True
2021-10-08 04:00:00+00:00,2021-10-21 11:00:00+00:00,2021-10-21 07:00:00-04:00,320,50.0,52.53148601505371,boost_5y_linear_aligned,True
2021-10-08 04:00:00+00:00,2021-10-21 12:00:00+00:00,2021-10-21 08:00:00-04:00,321,56.0,55.9102123896106,boost_5y_linear_aligned,True
2021-10-08 04:00:00+00:00,2021-10-21 13:00:00+00:00,2021-10-21 09:00:00-04:00,322,61.0,59.72488682927583,boost_5y_linear_aligned,True
2021-10-08 04:00:00+00:00,2021-10-21 14:00:00+00:00,2021-10-21 10:00:00-04:00,323,68.0,63.13673373313001,boost_5y_linear_aligned,True
2021-10-08 04:00:00+00:00,2021-10-21 15:00:00+00:00,2021-10-21 11:00:00-04:00,324,73.0,65.52289148025801,boost_5y_linear_aligned,True
2021-10-08 04:00:00+00:00,2021-10-21 16:00:00+00:00,2021-10-21 12:00:00-04:00,325,75.0,67.69193358612416,boost_5y_linear_aligned,True
2021-10-08 04:00:00+00:00,2021-10-21 17:00:00+00:00,2021-10-21 13:00:00-04:00,326,77.0,69.26072828606196,boost_5y_linear_aligned,True
2021-10-08 04:00:00+00:00,2021-10-21 18:00:00+00:00,2021-10-21 14:00:00-04:00,327,78.0,70.16808833756284,boost_5y_linear_aligned,True
2021-10-08 04:00:00+00:00,2021-10-21 19:00:00+00:00,2021-10-21 15:00:00-04:00,328,78.0,70.58312493905339,boost_5y_linear_aligned,True
2021-10-08 04:00:00+00:00,2021-10-21 20:00:00+00:00,2021-10-21 16:00:00-04:00,329,77.0,69.94481407228663,boost_5y_linear_aligned,True
2021-10-08 04:00:00+00:00,2021-10-21 21:00:00+00:00,2021-10-21 17:00:00-04:00,330,74.0,67.80677368029905,boost_5y_linear_aligned,True
2021-10-08 04:00:00+00:00,2021-10-21 22:00:00+00:00,2021-10-21 18:00:00-04:00,331,72.0,63.2822201404155,boost_5y_linear_aligned,True
2021-10-08 04:00:00+00:00,2021-10-21 23:00:00+00:00,2021-10-21 19:00:00-04:00,332,70.0,60.61730544035693,boost_5y_linear_aligned,True
2021-10-08 04:00:00+00:00,2021-10-22 00:00:00+00:00,2021-10-21 20:00:00-04:00,333,70.0,59.288566839766794,boost_5y_linear_aligned,True
2021-10-08 04:00:00+00:00,2021-10-22 01:00:00+00:00,2021-10-21 21:00:00-04:00,334,70.0,58.200789223935026,boost_5y_linear_aligned,True
2021-10-08 04:00:00+00:00,2021-10-22 02:00:00+00:00,2021-10-21 22:00:00-04:00,335,66.0,57.33833331789976,boost_5y_linear_aligned,True
2021-10-08 04:00:00+00:00,2021-10-22 03:00:00+00:00,2021-10-21 23:00:00-04:00,336,68.0,56.288265490545655,boost_5y_linear_aligned,True
2022-08-27 04:00:00+00:00,2022-08-27 04:00:00+00:00,2022-08-27 00:00:00-04:00,1,74.0,75.81341058623224,boost_5y_linear_aligned,True
2022-08-27 04:00:00+00:00,2022-08-27 05:00:00+00:00,2022-08-27 01:00:00-04:00,2,73.0,74.66582447743053,boost_5y_linear_aligned,True
2022-08-27 04:00:00+00:00,2022-08-27 06:00:00+00:00,2022-08-27 02:00:00-04:00,3,71.0,73.57114632472498,boost_5y_linear_aligned,True
2022-08-27 04:00:00+00:00,2022-08-27 07:00:00+00:00,2022-08-27 03:00:00-04:00,4,70.0,72.76021809332106,boost_5y_linear_aligned,True
2022-08-27 04:00:00+00:00,2022-08-27 08:00:00+00:00,2022-08-27 04:00:00-04:00,5,71.0,72.31175167875985,boost_5y_linear_aligned,True
2022-08-27 04:00:00+00:00,2022-08-27 09:00:00+00:00,2022-08-27 05:00:00-04:00,6,70.0,71.99986039771032,boost_5y_linear_aligned,True
2022-08-27 04:00:00+00:00,2022-08-27 10:00:00+00:00,2022-08-27 06:00:00-04:00,7,71.0,71.75283539416958,boost_5y_linear_aligned,True
2022-08-27 04:00:00+00:00,2022-08-27 11:00:00+00:00,2022-08-27 07:00:00-04:00,8,74.0,73.57539830580274,boost_5y_linear_aligned,True
2022-08-27 04:00:00+00:00,2022-08-27 12:00:00+00:00,2022-08-27 08:00:00-04:00,9,77.0,76.77972723463826,boost_5y_linear_aligned,True
2022-08-27 04:00:00+00:00,2022-08-27 13:00:00+00:00,2022-08-27 09:00:00-04:00,10,84.0,80.37446670038558,boost_5y_linear_aligned,True
2022-08-27 04:00:00+00:00,2022-08-27 14:00:00+00:00,2022-08-27 10:00:00-04:00,11,88.0,83.46213402139242,boost_5y_linear_aligned,True
2022-08-27 04:00:00+00:00,2022-08-27 15:00:00+00:00,2022-08-27 11:00:00-04:00,12,90.0,85.51428797975574,boost_5y_linear_aligned,True
2022-08-27 04:00:00+00:00,2022-08-27 16:00:00+00:00,2022-08-27 12:00:00-04:00,13,95.0,87.20667302426978,boost_5y_linear_aligned,True
2022-08-27 04:00:00+00:00,2022-08-27 17:00:00+00:00,2022-08-27 13:00:00-04:00,14,91.0,88.28575950019405,boost_5y_linear_aligned,True
2022-08-27 04:00:00+00:00,2022-08-27 18:00:00+00:00,2022-08-27 14:00:00-04:00,15,90.0,88.50346816977242,boost_5y_linear_aligned,True
2022-08-27 04:00:00+00:00,2022-08-27 19:00:00+00:00,2022-08-27 15:00:00-04:00,16,94.0,88.25016153350839,boost_5y_linear_aligned,True
2022-08-27 04:00:00+00:00,2022-08-27 20:00:00+00:00,2022-08-27 16:00:00-04:00,17,89.0,87.78374264122283,boost_5y_linear_aligned,True
2022-08-27 04:00:00+00:00,2022-08-27 21:00:00+00:00,2022-08-27 17:00:00-04:00,18,79.0,86.60923049977106,boost_5y_linear_aligned,True
2022-08-27 04:00:00+00:00,2022-08-27 22:00:00+00:00,2022-08-27 18:00:00-04:00,19,82.0,84.55781240866759,boost_5y_linear_aligned,True
2022-08-27 04:00:00+00:00,2022-08-27 23:00:00+00:00,2022-08-27 19:00:00-04:00,20,81.0,81.1652150733383,boost_5y_linear_aligned,True
2022-08-27 04:00:00+00:00,2022-08-28 00:00:00+00:00,2022-08-27 20:00:00-04:00,21,77.0,78.51537894392966,boost_5y_linear_aligned,True
2022-08-27 04:00:00+00:00,2022-08-28 01:00:00+00:00,2022-08-27 21:00:00-04:00,22,76.0,77.39741542503344,boost_5y_linear_aligned,True
2022-08-27 04:00:00+00:00,2022-08-28 02:00:00+00:00,2022-08-27 22:00:00-04:00,23,76.0,74.11452679283725,boost_5y_linear_aligned,True
2022-08-27 04:00:00+00:00,2022-08-28 03:00:00+00:00,2022-08-27 23:00:00-04:00,24,74.0,73.23013426019985,boost_5y_linear_aligned,True
2022-08-27 04:00:00+00:00,2022-08-28 04:00:00+00:00,2022-08-28 00:00:00-04:00,25,73.0,72.10842471136749,boost_5y_linear_aligned,True
2022-08-27 04:00:00+00:00,2022-08-28 05:00:00+00:00,2022-08-28 01:00:00-04:00,26,73.0,71.37750436707574,boost_5y_linear_aligned,True
2022-08-27 04:00:00+00:00,2022-08-28 06:00:00+00:00,2022-08-28 02:00:00-04:00,27,71.0,70.61806140612161,boost_5y_linear_aligned,True
2022-08-27 04:00:00+00:00,2022-08-28 07:00:00+00:00,2022-08-28 03:00:00-04:00,28,71.0,70.21058171301408,boost_5y_linear_aligned,True
2022-08-27 04:00:00+00:00,2022-08-28 08:00:00+00:00,2022-08-28 04:00:00-04:00,29,72.0,69.69163066292542,boost_5y_linear_aligned,True
2022-08-27 04:00:00+00:00,2022-08-28 09:00:00+00:00,2022-08-28 05:00:00-04:00,30,70.0,69.39699227777726,boost_5y_linear_aligned,True
2022-08-27 04:00:00+00:00,2022-08-28 10:00:00+00:00,2022-08-28 06:00:00-04:00,31,69.0,69.14324130692455,boost_5y_linear_aligned,True
2022-08-27 04:00:00+00:00,2022-08-28 11:00:00+00:00,2022-08-28 07:00:00-04:00,32,73.0,70.4401937129321,boost_5y_linear_aligned,True
2022-08-27 04:00:00+00:00,2022-08-28 12:00:00+00:00,2022-08-28 08:00:00-04:00,33,78.0,74.04882895088696,boost_5y_linear_aligned,True
2022-08-27 04:00:00+00:00,2022-08-28 13:00:00+00:00,2022-08-28 09:00:00-04:00,34,83.0,77.64241164471652,boost_5y_linear_aligned,True
2022-08-27 04:00:00+00:00,2022-08-28 14:00:00+00:00,2022-08-28 10:00:00-04:00,35,85.0,80.21768433276388,boost_5y_linear_aligned,True
2022-08-27 04:00:00+00:00,2022-08-28 15:00:00+00:00,2022-08-28 11:00:00-04:00,36,86.0,82.4034296963077,boost_5y_linear_aligned,True
2022-08-27 04:00:00+00:00,2022-08-28 16:00:00+00:00,2022-08-28 12:00:00-04:00,37,90.0,84.12251603880985,boost_5y_linear_aligned,True
2022-08-27 04:00:00+00:00,2022-08-28 17:00:00+00:00,2022-08-28 13:00:00-04:00,38,91.0,85.1609176492626,boost_5y_linear_aligned,True
2022-08-27 04:00:00+00:00,2022-08-28 18:00:00+00:00,2022-08-28 14:00:00-04:00,39,92.0,85.12813634529297,boost_5y_linear_aligned,True
2022-08-27 04:00:00+00:00,2022-08-28 19:00:00+00:00,2022-08-28 15:00:00-04:00,40,90.0,85.01768489314995,boost_5y_linear_aligned,True
2022-08-27 04:00:00+00:00,2022-08-28 20:00:00+00:00,2022-08-28 16:00:00-04:00,41,91.0,84.42107891320441,boost_5y_linear_aligned,True
2022-08-27 04:00:00+00:00,2022-08-28 21:00:00+00:00,2022-08-28 17:00:00-04:00,42,90.0,83.84263350347746,boost_5y_linear_aligned,True
2022-08-27 04:00:00+00:00,2022-08-28 22:00:00+00:00,2022-08-28 18:00:00-04:00,43,88.0,81.80172645335091,boost_5y_linear_aligned,True
2022-08-27 04:00:00+00:00,2022-08-28 23:00:00+00:00,2022-08-28 19:00:00-04:00,44,85.0,78.40881712098988,boost_5y_linear_aligned,True
2022-08-27 04:00:00+00:00,2022-08-29 00:00:00+00:00,2022-08-28 20:00:00-04:00,45,80.0,75.99257570740022,boost_5y_linear_aligned,True
2022-08-27 04:00:00+00:00,2022-08-29 01:00:00+00:00,2022-08-28 21:00:00-04:00,46,81.0,75.02018559857007,boost_5y_linear_aligned,True
2022-08-27 04:00:00+00:00,2022-08-29 02:00:00+00:00,2022-08-28 22:00:00-04:00,47,80.0,73.60954534218442,boost_5y_linear_aligned,True
2022-08-27 04:00:00+00:00,2022-08-29 03:00:00+00:00,2022-08-28 23:00:00-04:00,48,78.0,73.36250552992847,boost_5y_linear_aligned,True
2022-08-27 04:00:00+00:00,2022-08-29 04:00:00+00:00,2022-08-29 00:00:00-04:00,49,77.0,72.30405274220396,boost_5y_linear_aligned,True
2022-08-27 04:00:00+00:00,2022-08-29 05:00:00+00:00,2022-08-29 01:00:00-04:00,50,73.0,71.32395669508708,boost_5y_linear_aligned,True
2022-08-27 04:00:00+00:00,2022-08-29 06:00:00+00:00,2022-08-29 02:00:00-04:00,51,73.0,70.29636437407817,boost_5y_linear_aligned,True
2022-08-27 04:00:00+00:00,2022-08-29 07:00:00+00:00,2022-08-29 03:00:00-04:00,52,72.0,69.88190671809083,boost_5y_linear_aligned,True
2022-08-27 04:00:00+00:00,2022-08-29 08:00:00+00:00,2022-08-29 04:00:00-04:00,53,72.0,69.39239686714765,boost_5y_linear_aligned,True
2022-08-27 04:00:00+00:00,2022-08-29 09:00:00+00:00,2022-08-29 05:00:00-04:00,54,71.0,69.01202369894114,boost_5y_linear_aligned,True
2022-08-27 04:00:00+00:00,2022-08-29 10:00:00+00:00,2022-08-29 06:00:00-04:00,55,71.0,68.79969707876371,boost_5y_linear_aligned,True
2022-08-27 04:00:00+00:00,2022-08-29 11:00:00+00:00,2022-08-29 07:00:00-04:00,56,75.0,70.95018191291355,boost_5y_linear_aligned,True
2022-08-27 04:00:00+00:00,2022-08-29 12:00:00+00:00,2022-08-29 08:00:00-04:00,57,78.0,74.61897118009392,boost_5y_linear_aligned,True
2022-08-27 04:00:00+00:00,2022-08-29 13:00:00+00:00,2022-08-29 09:00:00-04:00,58,80.0,78.08937105160497,boost_5y_linear_aligned,True
2022-08-27 04:00:00+00:00,2022-08-29 14:00:00+00:00,2022-08-29 10:00:00-04:00,59,83.0,80.72231839622276,boost_5y_linear_aligned,True
2022-08-27 04:00:00+00:00,2022-08-29 15:00:00+00:00,2022-08-29 11:00:00-04:00,60,85.0,82.89253430578282,boost_5y_linear_aligned,True
2022-08-27 04:00:00+00:00,2022-08-29 16:00:00+00:00,2022-08-29 12:00:00-04:00,61,88.0,84.50277608593048,boost_5y_linear_aligned,True
2022-08-27 04:00:00+00:00,2022-08-29 17:00:00+00:00,2022-08-29 13:00:00-04:00,62,87.0,85.8497550965639,boost_5y_linear_aligned,True
2022-08-27 04:00:00+00:00,2022-08-29 18:00:00+00:00,2022-08-29 14:00:00-04:00,63,91.0,85.92516481814563,boost_5y_linear_aligned,True
2022-08-27 04:00:00+00:00,2022-08-29 19:00:00+00:00,2022-08-29 15:00:00-04:00,64,91.0,85.72213450063298,boost_5y_linear_aligned,True
2022-08-27 04:00:00+00:00,2022-08-29 20:00:00+00:00,2022-08-29 16:00:00-04:00,65,91.0,85.04023574670167,boost_5y_linear_aligned,True
2022-08-27 04:00:00+00:00,2022-08-29 21:00:00+00:00,2022-08-29 17:00:00-04:00,66,90.0,84.0327297715739,boost_5y_linear_aligned,True
2022-08-27 04:00:00+00:00,2022-08-29 22:00:00+00:00,2022-08-29 18:00:00-04:00,67,87.0,81.96314115909445,boost_5y_linear_aligned,True
2022-08-27 04:00:00+00:00,2022-08-29 23:00:00+00:00,2022-08-29 19:00:00-04:00,68,84.0,78.56296010186261,boost_5y_linear_aligned,True
2022-08-27 04:00:00+00:00,2022-08-30 00:00:00+00:00,2022-08-29 20:00:00-04:00,69,81.0,76.19007585875343,boost_5y_linear_aligned,True
2022-08-27 04:00:00+00:00,2022-08-30 01:00:00+00:00,2022-08-29 21:00:00-04:00,70,81.0,75.14311402255363,boost_5y_linear_aligned,True
2022-08-27 04:00:00+00:00,2022-08-30 02:00:00+00:00,2022-08-29 22:00:00-04:00,71,78.0,73.92737588408154,boost_5y_linear_aligned,True
2022-08-27 04:00:00+00:00,2022-08-30 03:00:00+00:00,2022-08-29 23:00:00-04:00,72,76.0,73.03947480763564,boost_5y_linear_aligned,True
2022-08-27 04:00:00+00:00,2022-08-30 04:00:00+00:00,2022-08-30 00:00:00-04:00,73,75.0,71.79718812352222,boost_5y_linear_aligned,True
2022-08-27 04:00:00+00:00,2022-08-30 05:00:00+00:00,2022-08-30 01:00:00-04:00,74,75.0,71.05187258497337,boost_5y_linear_aligned,True
2022-08-27 04:00:00+00:00,2022-08-30 06:00:00+00:00,2022-08-30 02:00:00-04:00,75,73.0,70.07188395739554,boost_5y_linear_aligned,True
2022-08-27 04:00:00+00:00,2022-08-30 07:00:00+00:00,2022-08-30 03:00:00-04:00,76,74.0,69.64402581690949,boost_5y_linear_aligned,True
2022-08-27 04:00:00+00:00,2022-08-30 08:00:00+00:00,2022-08-30 04:00:00-04:00,77,73.0,69.13887483320713,boost_5y_linear_aligned,True
2022-08-27 04:00:00+00:00,2022-08-30 09:00:00+00:00,2022-08-30 05:00:00-04:00,78,73.0,68.81554957211199,boost_5y_linear_aligned,True
2022-08-27 04:00:00+00:00,2022-08-30 10:00:00+00:00,2022-08-30 06:00:00-04:00,79,73.0,68.59096685272642,boost_5y_linear_aligned,True
2022-08-27 04:00:00+00:00,2022-08-30 11:00:00+00:00,2022-08-30 07:00:00-04:00,80,73.0,70.5420074639236,boost_5y_linear_aligned,True
2022-08-27 04:00:00+00:00,2022-08-30 12:00:00+00:00,2022-08-30 08:00:00-04:00,81,77.0,74.32673295952253,boost_5y_linear_aligned,True
2022-08-27 04:00:00+00:00,2022-08-30 13:00:00+00:00,2022-08-30 09:00:00-04:00,82,82.0,77.43642763284379,boost_5y_linear_aligned,True
2022-08-27 04:00:00+00:00,2022-08-30 14:00:00+00:00,2022-08-30 10:00:00-04:00,83,85.0,80.17355064183592,boost_5y_linear_aligned,True
2022-08-27 04:00:00+00:00,2022-08-30 15:00:00+00:00,2022-08-30 11:00:00-04:00,84,88.0,82.42621827520068,boost_5y_linear_aligned,True
2022-08-27 04:00:00+00:00,2022-08-30 16:00:00+00:00,2022-08-30 12:00:00-04:00,85,90.0,83.91889143301469,boost_5y_linear_aligned,True
2022-08-27 04:00:00+00:00,2022-08-30 17:00:00+00:00,2022-08-30 13:00:00-04:00,86,92.0,85.22838636236554,boost_5y_linear_aligned,True
2022-08-27 04:00:00+00:00,2022-08-30 18:00:00+00:00,2022-08-30 14:00:00-04:00,87,94.0,85.40664789931334,boost_5y_linear_aligned,True
2022-08-27 04:00:00+00:00,2022-08-30 19:00:00+00:00,2022-08-30 15:00:00-04:00,88,90.0,85.40082396989793,boost_5y_linear_aligned,True
2022-08-27 04:00:00+00:00,2022-08-30 20:00:00+00:00,2022-08-30 16:00:00-04:00,89,93.0,84.96754361110501,boost_5y_linear_aligned,True
2022-08-27 04:00:00+00:00,2022-08-30 21:00:00+00:00,2022-08-30 17:00:00-04:00,90,91.0,83.94777869337777,boost_5y_linear_aligned,True
2022-08-27 04:00:00+00:00,2022-08-30 22:00:00+00:00,2022-08-30 18:00:00-04:00,91,87.0,82.01211249359906,boost_5y_linear_aligned,True
2022-08-27 04:00:00+00:00,2022-08-30 23:00:00+00:00,2022-08-30 19:00:00-04:00,92,83.0,78.65164390001004,boost_5y_linear_aligned,True
2022-08-27 04:00:00+00:00,2022-08-31 00:00:00+00:00,2022-08-30 20:00:00-04:00,93,78.0,76.0257814880259,boost_5y_linear_aligned,True
2022-08-27 04:00:00+00:00,2022-08-31 01:00:00+00:00,2022-08-30 21:00:00-04:00,94,77.0,74.96773868892424,boost_5y_linear_aligned,True
2022-08-27 04:00:00+00:00,2022-08-31 02:00:00+00:00,2022-08-30 22:00:00-04:00,95,76.0,73.67212814584654,boost_5y_linear_aligned,True
2022-08-27 04:00:00+00:00,2022-08-31 03:00:00+00:00,2022-08-30 23:00:00-04:00,96,76.0,72.997308188911,boost_5y_linear_aligned,True
2022-08-27 04:00:00+00:00,2022-08-31 04:00:00+00:00,2022-08-31 00:00:00-04:00,97,73.0,72.03396632805921,boost_5y_linear_aligned,True
2022-08-27 04:00:00+00:00,2022-08-31 05:00:00+00:00,2022-08-31 01:00:00-04:00,98,72.0,71.27102886508695,boost_5y_linear_aligned,True
2022-08-27 04:00:00+00:00,2022-08-31 06:00:00+00:00,2022-08-31 02:00:00-04:00,99,72.0,70.2737664113037,boost_5y_linear_aligned,True
2022-08-27 04:00:00+00:00,2022-08-31 07:00:00+00:00,2022-08-31 03:00:00-04:00,100,72.0,69.81357717791988,boost_5y_linear_aligned,True
2022-08-27 04:00:00+00:00,2022-08-31 08:00:00+00:00,2022-08-31 04:00:00-04:00,101,72.0,69.22347835528241,boost_5y_linear_aligned,True
2022-08-27 04:00:00+00:00,2022-08-31 09:00:00+00:00,2022-08-31 05:00:00-04:00,102,72.0,68.95890604606245,boost_5y_linear_aligned,True
2022-08-27 04:00:00+00:00,2022-08-31 10:00:00+00:00,2022-08-31 06:00:00-04:00,103,71.0,68.75495550363311,boost_5y_linear_aligned,True
2022-08-27 04:00:00+00:00,2022-08-31 11:00:00+00:00,2022-08-31 07:00:00-04:00,104,73.0,70.79300725604084,boost_5y_linear_aligned,True
2022-08-27 04:00:00+00:00,2022-08-31 12:00:00+00:00,2022-08-31 08:00:00-04:00,105,78.0,74.6363620549717,boost_5y_linear_aligned,True
2022-08-27 04:00:00+00:00,2022-08-31 13:00:00+00:00,2022-08-31 09:00:00-04:00,106,82.0,77.87751449474234,boost_5y_linear_aligned,True
2022-08-27 04:00:00+00:00,2022-08-31 14:00:00+00:00,2022-08-31 10:00:00-04:00,107,85.0,80.63283755321122,boost_5y_linear_aligned,True
2022-08-27 04:00:00+00:00,2022-08-31 15:00:00+00:00,2022-08-31 11:00:00-04:00,108,87.0,82.92403959251745,boost_5y_linear_aligned,True
2022-08-27 04:00:00+00:00,2022-08-31 16:00:00+00:00,2022-08-31 12:00:00-04:00,109,89.0,84.21775162604557,boost_5y_linear_aligned,True
2022-08-27 04:00:00+00:00,2022-08-31 17:00:00+00:00,2022-08-31 13:00:00-04:00,110,90.0,85.59699056593816,boost_5y_linear_aligned,True
2022-08-27 04:00:00+00:00,2022-08-31 18:00:00+00:00,2022-08-31 14:00:00-04:00,111,91.0,85.85163385749686,boost_5y_linear_aligned,True
2022-08-27 04:00:00+00:00,2022-08-31 19:00:00+00:00,2022-08-31 15:00:00-04:00,112,90.0,85.95155104107586,boost_5y_linear_aligned,True
2022-08-27 04:00:00+00:00,2022-08-31 20:00:00+00:00,2022-08-31 16:00:00-04:00,113,91.0,85.24052851258755,boost_5y_linear_aligned,True
2022-08-27 04:00:00+00:00,2022-08-31 21:00:00+00:00,2022-08-31 17:00:00-04:00,114,90.0,84.01887584432671,boost_5y_linear_aligned,True
2022-08-27 04:00:00+00:00,2022-08-31 22:00:00+00:00,2022-08-31 18:00:00-04:00,115,87.0,81.97528906684252,boost_5y_linear_aligned,True
2022-08-27 04:00:00+00:00,2022-08-31 23:00:00+00:00,2022-08-31 19:00:00-04:00,116,83.0,78.44150088317151,boost_5y_linear_aligned,True
2022-08-27 04:00:00+00:00,2022-09-01 00:00:00+00:00,2022-08-31 20:00:00-04:00,117,78.0,75.84450848434783,boost_5y_linear_aligned,True
2022-08-27 04:00:00+00:00,2022-09-01 01:00:00+00:00,2022-08-31 21:00:00-04:00,118,73.0,74.77309305826883,boost_5y_linear_aligned,True
2022-08-27 04:00:00+00:00,2022-09-01 02:00:00+00:00,2022-08-31 22:00:00-04:00,119,72.0,73.53055241134703,boost_5y_linear_aligned,True
2022-08-27 04:00:00+00:00,2022-09-01 03:00:00+00:00,2022-08-31 23:00:00-04:00,120,70.0,72.79026885910646,boost_5y_linear_aligned,True
2022-08-27 04:00:00+00:00,2022-09-01 04:00:00+00:00,2022-09-01 00:00:00-04:00,121,69.0,71.81086349311087,boost_5y_linear_aligned,True
2022-08-27 04:00:00+00:00,2022-09-01 05:00:00+00:00,2022-09-01 01:00:00-04:00,122,70.0,70.93118615413292,boost_5y_linear_aligned,True
2022-08-27 04:00:00+00:00,2022-09-01 06:00:00+00:00,2022-09-01 02:00:00-04:00,123,68.0,69.98232431764845,boost_5y_linear_aligned,True
2022-08-27 04:00:00+00:00,2022-09-01 07:00:00+00:00,2022-09-01 03:00:00-04:00,124,68.0,69.51151991185205,boost_5y_linear_aligned,True
2022-08-27 04:00:00+00:00,2022-09-01 08:00:00+00:00,2022-09-01 04:00:00-04:00,125,66.0,68.96226803259975,boost_5y_linear_aligned,True
2022-08-27 04:00:00+00:00,2022-09-01 09:00:00+00:00,2022-09-01 05:00:00-04:00,126,67.0,68.56511305378223,boost_5y_linear_aligned,True
2022-08-27 04:00:00+00:00,2022-09-01 10:00:00+00:00,2022-09-01 06:00:00-04:00,127,66.0,68.34963494951369,boost_5y_linear_aligned,True
2022-08-27 04:00:00+00:00,2022-09-01 11:00:00+00:00,2022-09-01 07:00:00-04:00,128,68.0,70.44101650681392,boost_5y_linear_aligned,True
2022-08-27 04:00:00+00:00,2022-09-01 12:00:00+00:00,2022-09-01 08:00:00-04:00,129,73.0,74.58806129561098,boost_5y_linear_aligned,True
2022-08-27 04:00:00+00:00,2022-09-01 13:00:00+00:00,2022-09-01 09:00:00-04:00,130,76.0,77.88758608538109,boost_5y_linear_aligned,True
2022-08-27 04:00:00+00:00,2022-09-01 14:00:00+00:00,2022-09-01 10:00:00-04:00,131,81.0,80.59002223528097,boost_5y_linear_aligned,True
2022-08-27 04:00:00+00:00,2022-09-01 15:00:00+00:00,2022-09-01 11:00:00-04:00,132,83.0,82.93267694139993,boost_5y_linear_aligned,True
2022-08-27 04:00:00+00:00,2022-09-01 16:00:00+00:00,2022-09-01 12:00:00-04:00,133,86.0,84.3397087043434,boost_5y_linear_aligned,True
2022-08-27 04:00:00+00:00,2022-09-01 17:00:00+00:00,2022-09-01 13:00:00-04:00,134,89.0,85.794662625139,boost_5y_linear_aligned,True
2022-08-27 04:00:00+00:00,2022-09-01 18:00:00+00:00,2022-09-01 14:00:00-04:00,135,90.0,86.22680720138345,boost_5y_linear_aligned,True
2022-08-27 04:00:00+00:00,2022-09-01 19:00:00+00:00,2022-09-01 15:00:00-04:00,136,88.0,86.32705100999641,boost_5y_linear_aligned,True
2022-08-27 04:00:00+00:00,2022-09-01 20:00:00+00:00,2022-09-01 16:00:00-04:00,137,88.0,85.43477184542807,boost_5y_linear_aligned,True
2022-08-27 04:00:00+00:00,2022-09-01 21:00:00+00:00,2022-09-01 17:00:00-04:00,138,88.0,84.37341192469805,boost_5y_linear_aligned,True
2022-08-27 04:00:00+00:00,2022-09-01 22:00:00+00:00,2022-09-01 18:00:00-04:00,139,86.0,82.32776815148576,boost_5y_linear_aligned,True
2022-08-27 04:00:00+00:00,2022-09-01 23:00:00+00:00,2022-09-01 19:00:00-04:00,140,83.0,78.6448779835749,boost_5y_linear_aligned,True
2022-08-27 04:00:00+00:00,2022-09-02 00:00:00+00:00,2022-09-01 20:00:00-04:00,141,78.0,76.06682951920614,boost_5y_linear_aligned,True
2022-08-27 04:00:00+00:00,2022-09-02 01:00:00+00:00,2022-09-01 21:00:00-04:00,142,75.0,74.83575256571886,boost_5y_linear_aligned,True
2022-08-27 04:00:00+00:00,2022-09-02 02:00:00+00:00,2022-09-01 22:00:00-04:00,143,73.0,73.56513776773299,boost_5y_linear_aligned,True
2022-08-27 04:00:00+00:00,2022-09-02 03:00:00+00:00,2022-09-01 23:00:00-04:00,144,68.0,72.69559104089271,boost_5y_linear_aligned,True
2022-08-27 04:00:00+00:00,2022-09-02 04:00:00+00:00,2022-09-02 00:00:00-04:00,145,69.0,71.75385582655072,boost_5y_linear_aligned,True
2022-08-27 04:00:00+00:00,2022-09-02 05:00:00+00:00,2022-09-02 01:00:00-04:00,146,67.0,70.97850096576298,boost_5y_linear_aligned,True
2022-08-27 04:00:00+00:00,2022-09-02 06:00:00+00:00,2022-09-02 02:00:00-04:00,147,65.0,70.04195614233734,boost_5y_linear_aligned,True
2022-08-27 04:00:00+00:00,2022-09-02 07:00:00+00:00,2022-09-02 03:00:00-04:00,148,65.0,69.51987977376548,boost_5y_linear_aligned,True
2022-08-27 04:00:00+00:00,2022-09-02 08:00:00+00:00,2022-09-02 04:00:00-04:00,149,63.0,69.13031102097717,boost_5y_linear_aligned,True
2022-08-27 04:00:00+00:00,2022-09-02 09:00:00+00:00,2022-09-02 05:00:00-04:00,150,64.0,68.7923554928074,boost_5y_linear_aligned,True
2022-08-27 04:00:00+00:00,2022-09-02 10:00:00+00:00,2022-09-02 06:00:00-04:00,151,64.0,68.56110498954664,boost_5y_linear_aligned,True
2022-08-27 04:00:00+00:00,2022-09-02 11:00:00+00:00,2022-09-02 07:00:00-04:00,152,70.0,70.56403391161437,boost_5y_linear_aligned,True
2022-08-27 04:00:00+00:00,2022-09-02 12:00:00+00:00,2022-09-02 08:00:00-04:00,153,75.0,74.20795978135364,boost_5y_linear_aligned,True
2022-08-27 04:00:00+00:00,2022-09-02 13:00:00+00:00,2022-09-02 09:00:00-04:00,154,79.0,77.4867889258678,boost_5y_linear_aligned,True
2022-08-27 04:00:00+00:00,2022-09-02 14:00:00+00:00,2022-09-02 10:00:00-04:00,155,85.0,80.1223508809403,boost_5y_linear_aligned,True
2022-08-27 04:00:00+00:00,2022-09-02 15:00:00+00:00,2022-09-02 11:00:00-04:00,156,87.0,82.48439712365901,boost_5y_linear_aligned,True
2022-08-27 04:00:00+00:00,2022-09-02 16:00:00+00:00,2022-09-02 12:00:00-04:00,157,87.0,83.93171889724987,boost_5y_linear_aligned,True
2022-08-27 04:00:00+00:00,2022-09-02 17:00:00+00:00,2022-09-02 13:00:00-04:00,158,92.0,85.2805081346502,boost_5y_linear_aligned,True
2022-08-27 04:00:00+00:00,2022-09-02 18:00:00+00:00,2022-09-02 14:00:00-04:00,159,91.0,85.66794324161502,boost_5y_linear_aligned,True
2022-08-27 04:00:00+00:00,2022-09-02 19:00:00+00:00,2022-09-02 15:00:00-04:00,160,93.0,85.92879470084124,boost_5y_linear_aligned,True
2022-08-27 04:00:00+00:00,2022-09-02 20:00:00+00:00,2022-09-02 16:00:00-04:00,161,92.0,85.23040915844263,boost_5y_linear_aligned,True
2022-08-27 04:00:00+00:00,2022-09-02 21:00:00+00:00,2022-09-02 17:00:00-04:00,162,91.0,84.0285175596006,boost_5y_linear_aligned,True
2022-08-27 04:00:00+00:00,2022-09-02 22:00:00+00:00,2022-09-02 18:00:00-04:00,163,89.0,81.93041094069474,boost_5y_linear_aligned,True
2022-08-27 04:00:00+00:00,2022-09-02 23:00:00+00:00,2022-09-02 19:00:00-04:00,164,85.0,78.21514415234954,boost_5y_linear_aligned,True
2022-08-27 04:00:00+00:00,2022-09-03 00:00:00+00:00,2022-09-02 20:00:00-04:00,165,80.0,75.68828939679422,boost_5y_linear_aligned,True
2022-08-27 04:00:00+00:00,2022-09-03 01:00:00+00:00,2022-09-02 21:00:00-04:00,166,78.0,74.5450254510074,boost_5y_linear_aligned,True
2022-08-27 04:00:00+00:00,2022-09-03 02:00:00+00:00,2022-09-02 22:00:00-04:00,167,78.0,73.28750105924622,boost_5y_linear_aligned,True
2022-08-27 04:00:00+00:00,2022-09-03 03:00:00+00:00,2022-09-02 23:00:00-04:00,168,78.0,72.52083457738138,boost_5y_linear_aligned,True
2022-08-27 04:00:00+00:00,2022-09-03 04:00:00+00:00,2022-09-03 00:00:00-04:00,169,76.0,71.62950843175206,boost_5y_linear_aligned,True
2022-08-27 04:00:00+00:00,2022-09-03 05:00:00+00:00,2022-09-03 01:00:00-04:00,170,75.0,70.83828155541782,boost_5y_linear_aligned,True
2022-08-27 04:00:00+00:00,2022-09-03 06:00:00+00:00,2022-09-03 02:00:00-04:00,171,72.0,69.98042585626243,boost_5y_linear_aligned,True
2022-08-27 04:00:00+00:00,2022-09-03 07:00:00+00:00,2022-09-03 03:00:00-04:00,172,72.0,69.47755513185243,boost_5y_linear_aligned,True
2022-08-27 04:00:00+00:00,2022-09-03 08:00:00+00:00,2022-09-03 04:00:00-04:00,173,72.0,68.9022480233765,boost_5y_linear_aligned,True
2022-08-27 04:00:00+00:00,2022-09-03 09:00:00+00:00,2022-09-03 05:00:00-04:00,174,70.0,68.78898270078801,boost_5y_linear_aligned,True
2022-08-27 04:00:00+00:00,2022-09-03 10:00:00+00:00,2022-09-03 06:00:00-04:00,175,71.0,68.45020832522265,boost_5y_linear_aligned,True
2022-08-27 04:00:00+00:00,2022-09-03 11:00:00+00:00,2022-09-03 07:00:00-04:00,176,73.0,70.40976401229324,boost_5y_linear_aligned,True
2022-08-27 04:00:00+00:00,2022-09-03 12:00:00+00:00,2022-09-03 08:00:00-04:00,177,78.0,73.92754814701999,boost_5y_linear_aligned,True
2022-08-27 04:00:00+00:00,2022-09-03 13:00:00+00:00,2022-09-03 09:00:00-04:00,178,82.0,77.09313458605664,boost_5y_linear_aligned,True
2022-08-27 04:00:00+00:00,2022-09-03 14:00:00+00:00,2022-09-03 10:00:00-04:00,179,85.0,79.75073893352642,boost_5y_linear_aligned,True
2022-08-27 04:00:00+00:00,2022-09-03 15:00:00+00:00,2022-09-03 11:00:00-04:00,180,87.0,82.09203876655614,boost_5y_linear_aligned,True
2022-08-27 04:00:00+00:00,2022-09-03 16:00:00+00:00,2022-09-03 12:00:00-04:00,181,89.0,83.49852257836847,boost_5y_linear_aligned,True
2022-08-27 04:00:00+00:00,2022-09-03 17:00:00+00:00,2022-09-03 13:00:00-04:00,182,90.0,84.92941447122003,boost_5y_linear_aligned,True
2022-08-27 04:00:00+00:00,2022-09-03 18:00:00+00:00,2022-09-03 14:00:00-04:00,183,91.0,85.55019210262972,boost_5y_linear_aligned,True
2022-08-27 04:00:00+00:00,2022-09-03 19:00:00+00:00,2022-09-03 15:00:00-04:00,184,90.0,85.82766728396092,boost_5y_linear_aligned,True
2022-08-27 04:00:00+00:00,2022-09-03 20:00:00+00:00,2022-09-03 16:00:00-04:00,185,91.0,85.19313620382896,boost_5y_linear_aligned,True
2022-08-27 04:00:00+00:00,2022-09-03 21:00:00+00:00,2022-09-03 17:00:00-04:00,186,90.0,83.92515153360188,boost_5y_linear_aligned,True
2022-08-27 04:00:00+00:00,2022-09-03 22:00:00+00:00,2022-09-03 18:00:00-04:00,187,87.0,81.86425128785795,boost_5y_linear_aligned,True
2022-08-27 04:00:00+00:00,2022-09-03 23:00:00+00:00,2022-09-03 19:00:00-04:00,188,80.0,77.99691777086731,boost_5y_linear_aligned,True
2022-08-27 04:00:00+00:00,2022-09-04 00:00:00+00:00,2022-09-03 20:00:00-04:00,189,78.0,75.54672902701148,boost_5y_linear_aligned,True
2022-08-27 04:00:00+00:00,2022-09-04 01:00:00+00:00,2022-09-03 21:00:00-04:00,190,78.0,74.3636508560517,boost_5y_linear_aligned,True
2022-08-27 04:00:00+00:00,2022-09-04 02:00:00+00:00,2022-09-03 22:00:00-04:00,191,78.0,73.20878998771333,boost_5y_linear_aligned,True
2022-08-27 04:00:00+00:00,2022-09-04 03:00:00+00:00,2022-09-03 23:00:00-04:00,192,77.0,72.266569188897,boost_5y_linear_aligned,True
2022-08-27 04:00:00+00:00,2022-09-04 04:00:00+00:00,2022-09-04 00:00:00-04:00,193,76.0,71.51521847201298,boost_5y_linear_aligned,True
2022-08-27 04:00:00+00:00,2022-09-04 05:00:00+00:00,2022-09-04 01:00:00-04:00,194,75.0,70.7513166836455,boost_5y_linear_aligned,True
2022-08-27 04:00:00+00:00,2022-09-04 06:00:00+00:00,2022-09-04 02:00:00-04:00,195,74.0,69.79444171371782,boost_5y_linear_aligned,True
2022-08-27 04:00:00+00:00,2022-09-04 07:00:00+00:00,2022-09-04 03:00:00-04:00,196,72.0,69.2868291533747,boost_5y_linear_aligned,True
2022-08-27 04:00:00+00:00,2022-09-04 08:00:00+00:00,2022-09-04 04:00:00-04:00,197,73.0,68.8420392124524,boost_5y_linear_aligned,True
2022-08-27 04:00:00+00:00,2022-09-04 09:00:00+00:00,2022-09-04 05:00:00-04:00,198,72.0,68.60938055365834,boost_5y_linear_aligned,True
2022-08-27 04:00:00+00:00,2022-09-04 10:00:00+00:00,2022-09-04 06:00:00-04:00,199,70.0,68.32006926276578,boost_5y_linear_aligned,True
2022-08-27 04:00:00+00:00,2022-09-04 11:00:00+00:00,2022-09-04 07:00:00-04:00,200,74.0,70.19972829113048,boost_5y_linear_aligned,True
2022-08-27 04:00:00+00:00,2022-09-04 12:00:00+00:00,2022-09-04 08:00:00-04:00,201,78.0,73.57044543879533,boost_5y_linear_aligned,True
2022-08-27 04:00:00+00:00,2022-09-04 13:00:00+00:00,2022-09-04 09:00:00-04:00,202,81.0,76.73001093402083,boost_5y_linear_aligned,True
2022-08-27 04:00:00+00:00,2022-09-04 14:00:00+00:00,2022-09-04 10:00:00-04:00,203,83.0,79.29990253583236,boost_5y_linear_aligned,True
2022-08-27 04:00:00+00:00,2022-09-04 15:00:00+00:00,2022-09-04 11:00:00-04:00,204,87.0,81.68777120605715,boost_5y_linear_aligned,True
2022-08-27 04:00:00+00:00,2022-09-04 16:00:00+00:00,2022-09-04 12:00:00-04:00,205,88.0,83.05517562855705,boost_5y_linear_aligned,True
2022-08-27 04:00:00+00:00,2022-09-04 17:00:00+00:00,2022-09-04 13:00:00-04:00,206,92.0,84.51388673595865,boost_5y_linear_aligned,True
2022-08-27 04:00:00+00:00,2022-09-04 18:00:00+00:00,2022-09-04 14:00:00-04:00,207,92.0,85.05137618457047,boost_5y_linear_aligned,True
2022-08-27 04:00:00+00:00,2022-09-04 19:00:00+00:00,2022-09-04 15:00:00-04:00,208,92.0,85.32104981369544,boost_5y_linear_aligned,True
2022-08-27 04:00:00+00:00,2022-09-04 20:00:00+00:00,2022-09-04 16:00:00-04:00,209,90.0,84.72489446537874,boost_5y_linear_aligned,True
2022-08-27 04:00:00+00:00,2022-09-04 21:00:00+00:00,2022-09-04 17:00:00-04:00,210,90.0,83.53614057883289,boost_5y_linear_aligned,True
2022-08-27 04:00:00+00:00,2022-09-04 22:00:00+00:00,2022-09-04 18:00:00-04:00,211,88.0,81.38358619578881,boost_5y_linear_aligned,True
2022-08-27 04:00:00+00:00,2022-09-04 23:00:00+00:00,2022-09-04 19:00:00-04:00,212,84.0,77.5450052027492,boost_5y_linear_aligned,True
2022-08-27 04:00:00+00:00,2022-09-05 00:00:00+00:00,2022-09-04 20:00:00-04:00,213,81.0,75.12584548502663,boost_5y_linear_aligned,True
2022-08-27 04:00:00+00:00,2022-09-05 01:00:00+00:00,2022-09-04 21:00:00-04:00,214,80.0,73.907484417307,boost_5y_linear_aligned,True
2022-08-27 04:00:00+00:00,2022-09-05 02:00:00+00:00,2022-09-04 22:00:00-04:00,215,78.0,72.70407227819072,boost_5y_linear_aligned,True
2022-08-27 04:00:00+00:00,2022-09-05 03:00:00+00:00,2022-09-04 23:00:00-04:00,216,77.0,71.73074292346847,boost_5y_linear_aligned,True
2022-08-27 04:00:00+00:00,2022-09-05 04:00:00+00:00,2022-09-05 00:00:00-04:00,217,76.0,71.07620018657013,boost_5y_linear_aligned,True
2022-08-27 04:00:00+00:00,2022-09-05 05:00:00+00:00,2022-09-05 01:00:00-04:00,218,75.0,70.36602427163574,boost_5y_linear_aligned,True
2022-08-27 04:00:00+00:00,2022-09-05 06:00:00+00:00,2022-09-05 02:00:00-04:00,219,75.0,69.52254414559243,boost_5y_linear_aligned,True
2022-08-27 04:00:00+00:00,2022-09-05 07:00:00+00:00,2022-09-05 03:00:00-04:00,220,74.0,69.0259399746628,boost_5y_linear_aligned,True
2022-08-27 04:00:00+00:00,2022-09-05 08:00:00+00:00,2022-09-05 04:00:00-04:00,221,73.0,68.48907189012634,boost_5y_linear_aligned,True
2022-08-27 04:00:00+00:00,2022-09-05 09:00:00+00:00,2022-09-05 05:00:00-04:00,222,72.0,68.26632107470256,boost_5y_linear_aligned,True
2022-08-27 04:00:00+00:00,2022-09-05 10:00:00+00:00,2022-09-05 06:00:00-04:00,223,73.0,68.14069880075759,boost_5y_linear_aligned,True
2022-08-27 04:00:00+00:00,2022-09-05 11:00:00+00:00,2022-09-05 07:00:00-04:00,224,73.0,69.99145588495497,boost_5y_linear_aligned,True
2022-08-27 04:00:00+00:00,2022-09-05 12:00:00+00:00,2022-09-05 08:00:00-04:00,225,77.0,73.31825038949636,boost_5y_linear_aligned,True
2022-08-27 04:00:00+00:00,2022-09-05 13:00:00+00:00,2022-09-05 09:00:00-04:00,226,81.0,76.51321651310717,boost_5y_linear_aligned,True
2022-08-27 04:00:00+00:00,2022-09-05 14:00:00+00:00,2022-09-05 10:00:00-04:00,227,83.0,79.04305887415325,boost_5y_linear_aligned,True
2022-08-27 04:00:00+00:00,2022-09-05 15:00:00+00:00,2022-09-05 11:00:00-04:00,228,83.0,81.45992174225769,boost_5y_linear_aligned,True
2022-08-27 04:00:00+00:00,2022-09-05 16:00:00+00:00,2022-09-05 12:00:00-04:00,229,86.0,82.80111191150411,boost_5y_linear_aligned,True
2022-08-27 04:00:00+00:00,2022-09-05 17:00:00+00:00,2022-09-05 13:00:00-04:00,230,88.0,84.21557136726908,boost_5y_linear_aligned,True
2022-08-27 04:00:00+00:00,2022-09-05 18:00:00+00:00,2022-09-05 14:00:00-04:00,231,88.0,84.82030179816755,boost_5y_linear_aligned,True
2022-08-27 04:00:00+00:00,2022-09-05 19:00:00+00:00,2022-09-05 15:00:00-04:00,232,86.0,85.10621536755507,boost_5y_linear_aligned,True
2022-08-27 04:00:00+00:00,2022-09-05 20:00:00+00:00,2022-09-05 16:00:00-04:00,233,86.0,84.56713200898395,boost_5y_linear_aligned,True
2022-08-27 04:00:00+00:00,2022-09-05 21:00:00+00:00,2022-09-05 17:00:00-04:00,234,85.0,83.33097935820584,boost_5y_linear_aligned,True
2022-08-27 04:00:00+00:00,2022-09-05 22:00:00+00:00,2022-09-05 18:00:00-04:00,235,84.0,81.08535577215099,boost_5y_linear_aligned,True
2022-08-27 04:00:00+00:00,2022-09-05 23:00:00+00:00,2022-09-05 19:00:00-04:00,236,80.0,77.28858455926601,boost_5y_linear_aligned,True
2022-08-27 04:00:00+00:00,2022-09-06 00:00:00+00:00,2022-09-05 20:00:00-04:00,237,79.0,74.8968168922454,boost_5y_linear_aligned,True
2022-08-27 04:00:00+00:00,2022-09-06 01:00:00+00:00,2022-09-05 21:00:00-04:00,238,78.0,73.63649271796001,boost_5y_linear_aligned,True
2022-08-27 04:00:00+00:00,2022-09-06 02:00:00+00:00,2022-09-05 22:00:00-04:00,239,76.0,72.49512170285723,boost_5y_linear_aligned,True
2022-08-27 04:00:00+00:00,2022-09-06 03:00:00+00:00,2022-09-05 23:00:00-04:00,240,76.0,71.74351777061997,boost_5y_linear_aligned,True
2022-08-27 04:00:00+00:00,2022-09-06 04:00:00+00:00,2022-09-06 00:00:00-04:00,241,77.0,70.87566900093735,boost_5y_linear_aligned,True
2022-08-27 04:00:00+00:00,2022-09-06 05:00:00+00:00,2022-09-06 01:00:00-04:00,242,77.0,70.07574714396019,boost_5y_linear_aligned,True
2022-08-27 04:00:00+00:00,2022-09-06 06:00:00+00:00,2022-09-06 02:00:00-04:00,243,77.0,69.20712408073456,boost_5y_linear_aligned,True
2022-08-27 04:00:00+00:00,2022-09-06 07:00:00+00:00,2022-09-06 03:00:00-04:00,244,77.0,68.84246293459684,boost_5y_linear_aligned,True
2022-08-27 04:00:00+00:00,2022-09-06 08:00:00+00:00,2022-09-06 04:00:00-04:00,245,77.0,68.28683479121757,boost_5y_linear_aligned,True
2022-08-27 04:00:00+00:00,2022-09-06 09:00:00+00:00,2022-09-06 05:00:00-04:00,246,77.0,68.00673492337042,boost_5y_linear_aligned,True
2022-08-27 04:00:00+00:00,2022-09-06 10:00:00+00:00,2022-09-06 06:00:00-04:00,247,76.0,67.80490864130857,boost_5y_linear_aligned,True
2022-08-27 04:00:00+00:00,2022-09-06 11:00:00+00:00,2022-09-06 07:00:00-04:00,248,76.0,69.51202090625088,boost_5y_linear_aligned,True
2022-08-27 04:00:00+00:00,2022-09-06 12:00:00+00:00,2022-09-06 08:00:00-04:00,249,78.0,72.82395672312548,boost_5y_linear_aligned,True
2022-08-27 04:00:00+00:00,2022-09-06 13:00:00+00:00,2022-09-06 09:00:00-04:00,250,77.0,75.90092804477909,boost_5y_linear_aligned,True
2022-08-27 04:00:00+00:00,2022-09-06 14:00:00+00:00,2022-09-06 10:00:00-04:00,251,82.0,78.38089814307699,boost_5y_linear_aligned,True
2022-08-27 04:00:00+00:00,2022-09-06 15:00:00+00:00,2022-09-06 11:00:00-04:00,252,87.0,80.77201447643485,boost_5y_linear_aligned,True
2022-08-27 04:00:00+00:00,2022-09-06 16:00:00+00:00,2022-09-06 12:00:00-04:00,253,89.0,82.1572536452997,boost_5y_linear_aligned,True
2022-08-27 04:00:00+00:00,2022-09-06 17:00:00+00:00,2022-09-06 13:00:00-04:00,254,76.0,83.53575613119737,boost_5y_linear_aligned,True
2022-08-27 04:00:00+00:00,2022-09-06 18:00:00+00:00,2022-09-06 14:00:00-04:00,255,84.0,83.9818275642559,boost_5y_linear_aligned,True
2022-08-27 04:00:00+00:00,2022-09-06 19:00:00+00:00,2022-09-06 15:00:00-04:00,256,88.0,84.12912128705162,boost_5y_linear_aligned,True
2022-08-27 04:00:00+00:00,2022-09-06 20:00:00+00:00,2022-09-06 16:00:00-04:00,257,89.0,83.60849234500222,boost_5y_linear_aligned,True
2022-08-27 04:00:00+00:00,2022-09-06 21:00:00+00:00,2022-09-06 17:00:00-04:00,258,86.0,82.34717314264168,boost_5y_linear_aligned,True
2022-08-27 04:00:00+00:00,2022-09-06 22:00:00+00:00,2022-09-06 18:00:00-04:00,259,83.0,80.10639439352542,boost_5y_linear_aligned,True
2022-08-27 04:00:00+00:00,2022-09-06 23:00:00+00:00,2022-09-06 19:00:00-04:00,260,79.0,76.45745365728685,boost_5y_linear_aligned,True
2022-08-27 04:00:00+00:00,2022-09-07 00:00:00+00:00,2022-09-06 20:00:00-04:00,261,77.0,74.31508205761736,boost_5y_linear_aligned,True
2022-08-27 04:00:00+00:00,2022-09-07 01:00:00+00:00,2022-09-06 21:00:00-04:00,262,75.0,73.08801360578943,boost_5y_linear_aligned,True
2022-08-27 04:00:00+00:00,2022-09-07 02:00:00+00:00,2022-09-06 22:00:00-04:00,263,73.0,72.02094848825895,boost_5y_linear_aligned,True
2022-08-27 04:00:00+00:00,2022-09-07 03:00:00+00:00,2022-09-06 23:00:00-04:00,264,75.0,71.3338119667359,boost_5y_linear_aligned,True
2022-08-27 04:00:00+00:00,2022-09-07 04:00:00+00:00,2022-09-07 00:00:00-04:00,265,73.0,70.57783300728666,boost_5y_linear_aligned,True
2022-08-27 04:00:00+00:00,2022-09-07 05:00:00+00:00,2022-09-07 01:00:00-04:00,266,72.0,69.8294825031115,boost_5y_linear_aligned,True
2022-08-27 04:00:00+00:00,2022-09-07 06:00:00+00:00,2022-09-07 02:00:00-04:00,267,72.0,69.01590450311258,boost_5y_linear_aligned,True
2022-08-27 04:00:00+00:00,2022-09-07 07:00:00+00:00,2022-09-07 03:00:00-04:00,268,72.0,68.67526693273226,boost_5y_linear_aligned,True
2022-08-27 04:00:00+00:00,2022-09-07 08:00:00+00:00,2022-09-07 04:00:00-04:00,269,72.0,68.10243984914474,boost_5y_linear_aligned,True
2022-08-27 04:00:00+00:00,2022-09-07 09:00:00+00:00,2022-09-07 05:00:00-04:00,270,70.0,67.90147908138309,boost_5y_linear_aligned,True
2022-08-27 04:00:00+00:00,2022-09-07 10:00:00+00:00,2022-09-07 06:00:00-04:00,271,72.0,67.753276194387,boost_5y_linear_aligned,True
2022-08-27 04:00:00+00:00,2022-09-07 11:00:00+00:00,2022-09-07 07:00:00-04:00,272,73.0,69.38422747232576,boost_5y_linear_aligned,True
2022-08-27 04:00:00+00:00,2022-09-07 12:00:00+00:00,2022-09-07 08:00:00-04:00,273,76.0,72.54163571050283,boost_5y_linear_aligned,True
2022-08-27 04:00:00+00:00,2022-09-07 13:00:00+00:00,2022-09-07 09:00:00-04:00,274,78.0,75.59771996287027,boost_5y_linear_aligned,True
2022-08-27 04:00:00+00:00,2022-09-07 14:00:00+00:00,2022-09-07 10:00:00-04:00,275,81.0,78.03237988651316,boost_5y_linear_aligned,True
2022-08-27 04:00:00+00:00,2022-09-07 15:00:00+00:00,2022-09-07 11:00:00-04:00,276,83.0,80.47194943111627,boost_5y_linear_aligned,True
2022-08-27 04:00:00+00:00,2022-09-07 16:00:00+00:00,2022-09-07 12:00:00-04:00,277,85.0,81.8039111311556,boost_5y_linear_aligned,True
2022-08-27 04:00:00+00:00,2022-09-07 17:00:00+00:00,2022-09-07 13:00:00-04:00,278,80.0,83.15702565212497,boost_5y_linear_aligned,True
2022-08-27 04:00:00+00:00,2022-09-07 18:00:00+00:00,2022-09-07 14:00:00-04:00,279,79.0,83.69115737257442,boost_5y_linear_aligned,True
2022-08-27 04:00:00+00:00,2022-09-07 19:00:00+00:00,2022-09-07 15:00:00-04:00,280,81.0,83.77616964466006,boost_5y_linear_aligned,True
2022-08-27 04:00:00+00:00,2022-09-07 20:00:00+00:00,2022-09-07 16:00:00-04:00,281,79.0,83.24468253873988,boost_5y_linear_aligned,True
2022-08-27 04:00:00+00:00,2022-09-07 21:00:00+00:00,2022-09-07 17:00:00-04:00,282,79.0,81.92129738209378,boost_5y_linear_aligned,True
2022-08-27 04:00:00+00:00,2022-09-07 22:00:00+00:00,2022-09-07 18:00:00-04:00,283,72.0,79.72006947175318,boost_5y_linear_aligned,True
2022-08-27 04:00:00+00:00,2022-09-07 23:00:00+00:00,2022-09-07 19:00:00-04:00,284,72.0,76.18999192402052,boost_5y_linear_aligned,True
2022-08-27 04:00:00+00:00,2022-09-08 00:00:00+00:00,2022-09-07 20:00:00-04:00,285,71.0,74.115292274056,boost_5y_linear_aligned,True
2022-08-27 04:00:00+00:00,2022-09-08 01:00:00+00:00,2022-09-07 21:00:00-04:00,286,71.0,72.85153048313022,boost_5y_linear_aligned,True
2022-08-27 04:00:00+00:00,2022-09-08 02:00:00+00:00,2022-09-07 22:00:00-04:00,287,73.0,71.81054959957312,boost_5y_linear_aligned,True
2022-08-27 04:00:00+00:00,2022-09-08 03:00:00+00:00,2022-09-07 23:00:00-04:00,288,72.0,71.11449684086848,boost_5y_linear_aligned,True
2022-08-27 04:00:00+00:00,2022-09-08 04:00:00+00:00,2022-09-08 00:00:00-04:00,289,72.0,70.43263685909321,boost_5y_linear_aligned,True
2022-08-27 04:00:00+00:00,2022-09-08 05:00:00+00:00,2022-09-08 01:00:00-04:00,290,71.0,69.77847943485968,boost_5y_linear_aligned,True
2022-08-27 04:00:00+00:00,2022-09-08 06:00:00+00:00,2022-09-08 02:00:00-04:00,291,71.0,69.07099551618201,boost_5y_linear_aligned,True
2022-08-27 04:00:00+00:00,2022-09-08 07:00:00+00:00,2022-09-08 03:00:00-04:00,292,71.0,68.70919174457326,boost_5y_linear_aligned,True
2022-08-27 04:00:00+00:00,2022-09-08 08:00:00+00:00,2022-09-08 04:00:00-04:00,293,71.0,68.16172957700361,boost_5y_linear_aligned,True
2022-08-27 04:00:00+00:00,2022-09-08 09:00:00+00:00,2022-09-08 05:00:00-04:00,294,71.0,67.95534446539229,boost_5y_linear_aligned,True
2022-08-27 04:00:00+00:00,2022-09-08 10:00:00+00:00,2022-09-08 06:00:00-04:00,295,71.0,67.78116457152642,boost_5y_linear_aligned,True
2022-08-27 04:00:00+00:00,2022-09-08 11:00:00+00:00,2022-09-08 07:00:00-04:00,296,71.0,69.28571243896134,boost_5y_linear_aligned,True
2022-08-27 04:00:00+00:00,2022-09-08 12:00:00+00:00,2022-09-08 08:00:00-04:00,297,73.0,72.3999857052477,boost_5y_linear_aligned,True
2022-08-27 04:00:00+00:00,2022-09-08 13:00:00+00:00,2022-09-08 09:00:00-04:00,298,73.0,75.40887709800323,boost_5y_linear_aligned,True
2022-08-27 04:00:00+00:00,2022-09-08 14:00:00+00:00,2022-09-08 10:00:00-04:00,299,74.0,77.77967050806468,boost_5y_linear_aligned,True
2022-08-27 04:00:00+00:00,2022-09-08 15:00:00+00:00,2022-09-08 11:00:00-04:00,300,76.0,80.21000258283294,boost_5y_linear_aligned,True
2022-08-27 04:00:00+00:00,2022-09-08 16:00:00+00:00,2022-09-08 12:00:00-04:00,301,76.0,81.40316653959668,boost_5y_linear_aligned,True
2022-08-27 04:00:00+00:00,2022-09-08 17:00:00+00:00,2022-09-08 13:00:00-04:00,302,79.0,82.75765803845115,boost_5y_linear_aligned,True
2022-08-27 04:00:00+00:00,2022-09-08 18:00:00+00:00,2022-09-08 14:00:00-04:00,303,79.0,83.31482300586063,boost_5y_linear_aligned,True
2022-08-27 04:00:00+00:00,2022-09-08 19:00:00+00:00,2022-09-08 15:00:00-04:00,304,80.0,83.44486336033667,boost_5y_linear_aligned,True
2022-08-27 04:00:00+00:00,2022-09-08 20:00:00+00:00,2022-09-08 16:00:00-04:00,305,80.0,82.9248277605708,boost_5y_linear_aligned,True
2022-08-27 04:00:00+00:00,2022-09-08 21:00:00+00:00,2022-09-08 17:00:00-04:00,306,78.0,81.62783011896964,boost_5y_linear_aligned,True
2022-08-27 04:00:00+00:00,2022-09-08 22:00:00+00:00,2022-09-08 18:00:00-04:00,307,76.0,79.45260609015094,boost_5y_linear_aligned,True
2022-08-27 04:00:00+00:00,2022-09-08 23:00:00+00:00,2022-09-08 19:00:00-04:00,308,72.0,76.11696288054839,boost_5y_linear_aligned,True
2022-08-27 04:00:00+00:00,2022-09-09 00:00:00+00:00,2022-09-08 20:00:00-04:00,309,71.0,74.01069603223763,boost_5y_linear_aligned,True
2022-08-27 04:00:00+00:00,2022-09-09 01:00:00+00:00,2022-09-08 21:00:00-04:00,310,69.0,72.67866519848758,boost_5y_linear_aligned,True
2022-08-27 04:00:00+00:00,2022-09-09 02:00:00+00:00,2022-09-08 22:00:00-04:00,311,69.0,71.65012856861286,boost_5y_linear_aligned,True
2022-08-27 04:00:00+00:00,2022-09-09 03:00:00+00:00,2022-09-08 23:00:00-04:00,312,67.0,70.95235670899231,boost_5y_linear_aligned,True
2022-08-27 04:00:00+00:00,2022-09-09 04:00:00+00:00,2022-09-09 00:00:00-04:00,313,67.0,70.30340019727345,boost_5y_linear_aligned,True
2022-08-27 04:00:00+00:00,2022-09-09 05:00:00+00:00,2022-09-09 01:00:00-04:00,314,66.0,69.64854487937296,boost_5y_linear_aligned,True
2022-08-27 04:00:00+00:00,2022-09-09 06:00:00+00:00,2022-09-09 02:00:00-04:00,315,65.0,68.90036885864369,boost_5y_linear_aligned,True
2022-08-27 04:00:00+00:00,2022-09-09 07:00:00+00:00,2022-09-09 03:00:00-04:00,316,66.0,68.59139211692614,boost_5y_linear_aligned,True
2022-08-27 04:00:00+00:00,2022-09-09 08:00:00+00:00,2022-09-09 04:00:00-04:00,317,64.0,68.06386323287322,boost_5y_linear_aligned,True
2022-08-27 04:00:00+00:00,2022-09-09 09:00:00+00:00,2022-09-09 05:00:00-04:00,318,63.0,67.76900407237581,boost_5y_linear_aligned,True
2022-08-27 04:00:00+00:00,2022-09-09 10:00:00+00:00,2022-09-09 06:00:00-04:00,319,63.0,67.58082424093818,boost_5y_linear_aligned,True
2022-08-27 04:00:00+00:00,2022-09-09 11:00:00+00:00,2022-09-09 07:00:00-04:00,320,67.0,69.10375288444794,boost_5y_linear_aligned,True
2022-08-27 04:00:00+00:00,2022-09-09 12:00:00+00:00,2022-09-09 08:00:00-04:00,321,70.0,72.16889463969981,boost_5y_linear_aligned,True
2022-08-27 04:00:00+00:00,2022-09-09 13:00:00+00:00,2022-09-09 09:00:00-04:00,322,73.0,75.24941547445007,boost_5y_linear_aligned,True
2022-08-27 04:00:00+00:00,2022-09-09 14:00:00+00:00,2022-09-09 10:00:00-04:00,323,76.0,77.58837827078902,boost_5y_linear_aligned,True
2022-08-27 04:00:00+00:00,2022-09-09 15:00:00+00:00,2022-09-09 11:00:00-04:00,324,77.0,80.06537471724533,boost_5y_linear_aligned,True
2022-08-27 04:00:00+00:00,2022-09-09 16:00:00+00:00,2022-09-09 12:00:00-04:00,325,78.0,81.19728032947958,boost_5y_linear_aligned,True
2022-08-27 04:00:00+00:00,2022-09-09 17:00:00+00:00,2022-09-09 13:00:00-04:00,326,80.0,82.52404717214282,boost_5y_linear_aligned,True
2022-08-27 04:00:00+00:00,2022-09-09 18:00:00+00:00,2022-09-09 14:00:00-04:00,327,82.0,83.1163319554785,boost_5y_linear_aligned,True
2022-08-27 04:00:00+00:00,2022-09-09 19:00:00+00:00,2022-09-09 15:00:00-04:00,328,82.0,83.4757747635399,boost_5y_linear_aligned,True
2022-08-27 04:00:00+00:00,2022-09-09 20:00:00+00:00,2022-09-09 16:00:00-04:00,329,82.0,83.0007168809289,boost_5y_linear_aligned,True
2022-08-27 04:00:00+00:00,2022-09-09 21:00:00+00:00,2022-09-09 17:00:00-04:00,330,81.0,81.77072463823148,boost_5y_linear_aligned,True
2022-08-27 04:00:00+00:00,2022-09-09 22:00:00+00:00,2022-09-09 18:00:00-04:00,331,80.0,79.489197194988,boost_5y_linear_aligned,True
2022-08-27 04:00:00+00:00,2022-09-09 23:00:00+00:00,2022-09-09 19:00:00-04:00,332,73.0,76.05330889965299,boost_5y_linear_aligned,True
2022-08-27 04:00:00+00:00,2022-09-10 00:00:00+00:00,2022-09-09 20:00:00-04:00,333,72.0,73.97417094196332,boost_5y_linear_aligned,True
2022-08-27 04:00:00+00:00,2022-09-10 01:00:00+00:00,2022-09-09 21:00:00-04:00,334,73.0,72.6008141492016,boost_5y_linear_aligned,True
2022-08-27 04:00:00+00:00,2022-09-10 02:00:00+00:00,2022-09-09 22:00:00-04:00,335,73.0,71.54592496744155,boost_5y_linear_aligned,True
2022-08-27 04:00:00+00:00,2022-09-10 03:00:00+00:00,2022-09-09 23:00:00-04:00,336,72.0,70.93928138976335,boost_5y_linear_aligned,True
2022-09-03 04:00:00+00:00,2022-09-03 04:00:00+00:00,2022-09-03 00:00:00-04:00,1,76.0,74.62897956927371,boost_5y_linear_aligned,True
2022-09-03 04:00:00+00:00,2022-09-03 05:00:00+00:00,2022-09-03 01:00:00-04:00,2,75.0,73.77368363271904,boost_5y_linear_aligned,True
2022-09-03 04:00:00+00:00,2022-09-03 06:00:00+00:00,2022-09-03 02:00:00-04:00,3,72.0,72.93024174900579,boost_5y_linear_aligned,True
2022-09-03 04:00:00+00:00,2022-09-03 07:00:00+00:00,2022-09-03 03:00:00-04:00,4,72.0,72.47125613063943,boost_5y_linear_aligned,True
2022-09-03 04:00:00+00:00,2022-09-03 08:00:00+00:00,2022-09-03 04:00:00-04:00,5,72.0,71.77693527754731,boost_5y_linear_aligned,True
2022-09-03 04:00:00+00:00,2022-09-03 09:00:00+00:00,2022-09-03 05:00:00-04:00,6,70.0,71.66472254258986,boost_5y_linear_aligned,True
2022-09-03 04:00:00+00:00,2022-09-03 10:00:00+00:00,2022-09-03 06:00:00-04:00,7,71.0,71.29229069210476,boost_5y_linear_aligned,True
2022-09-03 04:00:00+00:00,2022-09-03 11:00:00+00:00,2022-09-03 07:00:00-04:00,8,73.0,73.32502176883816,boost_5y_linear_aligned,True
2022-09-03 04:00:00+00:00,2022-09-03 12:00:00+00:00,2022-09-03 08:00:00-04:00,9,78.0,77.64759966060721,boost_5y_linear_aligned,True
2022-09-03 04:00:00+00:00,2022-09-03 13:00:00+00:00,2022-09-03 09:00:00-04:00,10,82.0,81.86287849474562,boost_5y_linear_aligned,True
2022-09-03 04:00:00+00:00,2022-09-03 14:00:00+00:00,2022-09-03 10:00:00-04:00,11,85.0,84.67380560630401,boost_5y_linear_aligned,True
2022-09-03 04:00:00+00:00,2022-09-03 15:00:00+00:00,2022-09-03 11:00:00-04:00,12,87.0,87.10578825526846,boost_5y_linear_aligned,True
2022-09-03 04:00:00+00:00,2022-09-03 16:00:00+00:00,2022-09-03 12:00:00-04:00,13,89.0,88.5507888378812,boost_5y_linear_aligned,True
2022-09-03 04:00:00+00:00,2022-09-03 17:00:00+00:00,2022-09-03 13:00:00-04:00,14,90.0,89.82414041902824,boost_5y_linear_aligned,True
2022-09-03 04:00:00+00:00,2022-09-03 18:00:00+00:00,2022-09-03 14:00:00-04:00,15,91.0,90.4613859268568,boost_5y_linear_aligned,True
2022-09-03 04:00:00+00:00,2022-09-03 19:00:00+00:00,2022-09-03 15:00:00-04:00,16,90.0,89.46520751976284,boost_5y_linear_aligned,True
2022-09-03 04:00:00+00:00,2022-09-03 20:00:00+00:00,2022-09-03 16:00:00-04:00,17,91.0,89.31150892463845,boost_5y_linear_aligned,True
2022-09-03 04:00:00+00:00,2022-09-03 21:00:00+00:00,2022-09-03 17:00:00-04:00,18,90.0,87.44790954610203,boost_5y_linear_aligned,True
2022-09-03 04:00:00+00:00,2022-09-03 22:00:00+00:00,2022-09-03 18:00:00-04:00,19,87.0,85.39406812971389,boost_5y_linear_aligned,True
2022-09-03 04:00:00+00:00,2022-09-03 23:00:00+00:00,2022-09-03 19:00:00-04:00,20,80.0,81.57520593584388,boost_5y_linear_aligned,True
2022-09-03 04:00:00+00:00,2022-09-04 00:00:00+00:00,2022-09-03 20:00:00-04:00,21,78.0,78.49814040186598,boost_5y_linear_aligned,True
2022-09-03 04:00:00+00:00,2022-09-04 01:00:00+00:00,2022-09-03 21:00:00-04:00,22,78.0,77.42258949248705,boost_5y_linear_aligned,True
2022-09-03 04:00:00+00:00,2022-09-04 02:00:00+00:00,2022-09-03 22:00:00-04:00,23,78.0,76.31806029356834,boost_5y_linear_aligned,True
2022-09-03 04:00:00+00:00,2022-09-04 03:00:00+00:00,2022-09-03 23:00:00-04:00,24,77.0,75.31000662304668,boost_5y_linear_aligned,True
2022-09-03 04:00:00+00:00,2022-09-04 04:00:00+00:00,2022-09-04 00:00:00-04:00,25,76.0,74.19895356909065,boost_5y_linear_aligned,True
2022-09-03 04:00:00+00:00,2022-09-04 05:00:00+00:00,2022-09-04 01:00:00-04:00,26,75.0,73.34815978218668,boost_5y_linear_aligned,True
2022-09-03 04:00:00+00:00,2022-09-04 06:00:00+00:00,2022-09-04 02:00:00-04:00,27,74.0,72.41735914852826,boost_5y_linear_aligned,True
2022-09-03 04:00:00+00:00,2022-09-04 07:00:00+00:00,2022-09-04 03:00:00-04:00,28,72.0,71.90126962320169,boost_5y_linear_aligned,True
2022-09-03 04:00:00+00:00,2022-09-04 08:00:00+00:00,2022-09-04 04:00:00-04:00,29,73.0,71.20201812910116,boost_5y_linear_aligned,True
2022-09-03 04:00:00+00:00,2022-09-04 09:00:00+00:00,2022-09-04 05:00:00-04:00,30,72.0,70.96598491445125,boost_5y_linear_aligned,True
2022-09-03 04:00:00+00:00,2022-09-04 10:00:00+00:00,2022-09-04 06:00:00-04:00,31,70.0,70.80104403191,boost_5y_linear_aligned,True
2022-09-03 04:00:00+00:00,2022-09-04 11:00:00+00:00,2022-09-04 07:00:00-04:00,32,74.0,72.79091102165393,boost_5y_linear_aligned,True
2022-09-03 04:00:00+00:00,2022-09-04 12:00:00+00:00,2022-09-04 08:00:00-04:00,33,78.0,76.8784744906612,boost_5y_linear_aligned,True
2022-09-03 04:00:00+00:00,2022-09-04 13:00:00+00:00,2022-09-04 09:00:00-04:00,34,81.0,80.36392837994057,boost_5y_linear_aligned,True
2022-09-03 04:00:00+00:00,2022-09-04 14:00:00+00:00,2022-09-04 10:00:00-04:00,35,83.0,83.11156796115101,boost_5y_linear_aligned,True
2022-09-03 04:00:00+00:00,2022-09-04 15:00:00+00:00,2022-09-04 11:00:00-04:00,36,87.0,85.47424959399883,boost_5y_linear_aligned,True
2022-09-03 04:00:00+00:00,2022-09-04 16:00:00+00:00,2022-09-04 12:00:00-04:00,37,88.0,86.52919102706086,boost_5y_linear_aligned,True
2022-09-03 04:00:00+00:00,2022-09-04 17:00:00+00:00,2022-09-04 13:00:00-04:00,38,92.0,87.99013607939985,boost_5y_linear_aligned,True
2022-09-03 04:00:00+00:00,2022-09-04 18:00:00+00:00,2022-09-04 14:00:00-04:00,39,92.0,88.55451292898331,boost_5y_linear_aligned,True
2022-09-03 04:00:00+00:00,2022-09-04 19:00:00+00:00,2022-09-04 15:00:00-04:00,40,92.0,88.7921631903167,boost_5y_linear_aligned,True
2022-09-03 04:00:00+00:00,2022-09-04 20:00:00+00:00,2022-09-04 16:00:00-04:00,41,90.0,88.29911634491611,boost_5y_linear_aligned,True
2022-09-03 04:00:00+00:00,2022-09-04 21:00:00+00:00,2022-09-04 17:00:00-04:00,42,90.0,86.68461797340821,boost_5y_linear_aligned,True
2022-09-03 04:00:00+00:00,2022-09-04 22:00:00+00:00,2022-09-04 18:00:00-04:00,43,88.0,84.3769715101275,boost_5y_linear_aligned,True
2022-09-03 04:00:00+00:00,2022-09-04 23:00:00+00:00,2022-09-04 19:00:00-04:00,44,84.0,80.46105280282673,boost_5y_linear_aligned,True
2022-09-03 04:00:00+00:00,2022-09-05 00:00:00+00:00,2022-09-04 20:00:00-04:00,45,81.0,77.55505839322838,boost_5y_linear_aligned,True
2022-09-03 04:00:00+00:00,2022-09-05 01:00:00+00:00,2022-09-04 21:00:00-04:00,46,80.0,76.28036421827899,boost_5y_linear_aligned,True
2022-09-03 04:00:00+00:00,2022-09-05 02:00:00+00:00,2022-09-04 22:00:00-04:00,47,78.0,75.07455217742509,boost_5y_linear_aligned,True
2022-09-03 04:00:00+00:00,2022-09-05 03:00:00+00:00,2022-09-04 23:00:00-04:00,48,77.0,73.69614356545242,boost_5y_linear_aligned,True
2022-09-03 04:00:00+00:00,2022-09-05 04:00:00+00:00,2022-09-05 00:00:00-04:00,49,76.0,72.59554997169428,boost_5y_linear_aligned,True
2022-09-03 04:00:00+00:00,2022-09-05 05:00:00+00:00,2022-09-05 01:00:00-04:00,50,75.0,71.5583859920221,boost_5y_linear_aligned,True
2022-09-03 04:00:00+00:00,2022-09-05 06:00:00+00:00,2022-09-05 02:00:00-04:00,51,75.0,70.65833605878429,boost_5y_linear_aligned,True
2022-09-03 04:00:00+00:00,2022-09-05 07:00:00+00:00,2022-09-05 03:00:00-04:00,52,74.0,70.14669277846356,boost_5y_linear_aligned,True
2022-09-03 04:00:00+00:00,2022-09-05 08:00:00+00:00,2022-09-05 04:00:00-04:00,53,73.0,69.53618086577865,boost_5y_linear_aligned,True
2022-09-03 04:00:00+00:00,2022-09-05 09:00:00+00:00,2022-09-05 05:00:00-04:00,54,72.0,69.35242285504758,boost_5y_linear_aligned,True
2022-09-03 04:00:00+00:00,2022-09-05 10:00:00+00:00,2022-09-05 06:00:00-04:00,55,73.0,69.03956250018247,boost_5y_linear_aligned,True
2022-09-03 04:00:00+00:00,2022-09-05 11:00:00+00:00,2022-09-05 07:00:00-04:00,56,73.0,71.01035224292684,boost_5y_linear_aligned,True
2022-09-03 04:00:00+00:00,2022-09-05 12:00:00+00:00,2022-09-05 08:00:00-04:00,57,77.0,74.79572871067258,boost_5y_linear_aligned,True
2022-09-03 04:00:00+00:00,2022-09-05 13:00:00+00:00,2022-09-05 09:00:00-04:00,58,81.0,78.42429277817571,boost_5y_linear_aligned,True
2022-09-03 04:00:00+00:00,2022-09-05 14:00:00+00:00,2022-09-05 10:00:00-04:00,59,83.0,81.12013417616397,boost_5y_linear_aligned,True
2022-09-03 04:00:00+00:00,2022-09-05 15:00:00+00:00,2022-09-05 11:00:00-04:00,60,83.0,83.55471653313913,boost_5y_linear_aligned,True
2022-09-03 04:00:00+00:00,2022-09-05 16:00:00+00:00,2022-09-05 12:00:00-04:00,61,86.0,84.88809695302551,boost_5y_linear_aligned,True
2022-09-03 04:00:00+00:00,2022-09-05 17:00:00+00:00,2022-09-05 13:00:00-04:00,62,88.0,86.35812842916403,boost_5y_linear_aligned,True
2022-09-03 04:00:00+00:00,2022-09-05 18:00:00+00:00,2022-09-05 14:00:00-04:00,63,88.0,86.6850667291158,boost_5y_linear_aligned,True
2022-09-03 04:00:00+00:00,2022-09-05 19:00:00+00:00,2022-09-05 15:00:00-04:00,64,86.0,86.88400797386358,boost_5y_linear_aligned,True
2022-09-03 04:00:00+00:00,2022-09-05 20:00:00+00:00,2022-09-05 16:00:00-04:00,65,86.0,86.40414076384839,boost_5y_linear_aligned,True
2022-09-03 04:00:00+00:00,2022-09-05 21:00:00+00:00,2022-09-05 17:00:00-04:00,66,85.0,85.0187862467975,boost_5y_linear_aligned,True
2022-09-03 04:00:00+00:00,2022-09-05 22:00:00+00:00,2022-09-05 18:00:00-04:00,67,84.0,82.71378947102548,boost_5y_linear_aligned,True
2022-09-03 04:00:00+00:00,2022-09-05 23:00:00+00:00,2022-09-05 19:00:00-04:00,68,80.0,78.93959592685151,boost_5y_linear_aligned,True
2022-09-03 04:00:00+00:00,2022-09-06 00:00:00+00:00,2022-09-05 20:00:00-04:00,69,79.0,75.79519518693063,boost_5y_linear_aligned,True
2022-09-03 04:00:00+00:00,2022-09-06 01:00:00+00:00,2022-09-05 21:00:00-04:00,70,78.0,74.51899152979782,boost_5y_linear_aligned,True
2022-09-03 04:00:00+00:00,2022-09-06 02:00:00+00:00,2022-09-05 22:00:00-04:00,71,76.0,73.35236093290801,boost_5y_linear_aligned,True
2022-09-03 04:00:00+00:00,2022-09-06 03:00:00+00:00,2022-09-05 23:00:00-04:00,72,76.0,72.31144675982571,boost_5y_linear_aligned,True
2022-09-03 04:00:00+00:00,2022-09-06 04:00:00+00:00,2022-09-06 00:00:00-04:00,73,77.0,71.21953293787946,boost_5y_linear_aligned,True
2022-09-03 04:00:00+00:00,2022-09-06 05:00:00+00:00,2022-09-06 01:00:00-04:00,74,77.0,70.44067976245834,boost_5y_linear_aligned,True
2022-09-03 04:00:00+00:00,2022-09-06 06:00:00+00:00,2022-09-06 02:00:00-04:00,75,77.0,69.51724398893269,boost_5y_linear_aligned,True
2022-09-03 04:00:00+00:00,2022-09-06 07:00:00+00:00,2022-09-06 03:00:00-04:00,76,77.0,69.04131798576086,boost_5y_linear_aligned,True
2022-09-03 04:00:00+00:00,2022-09-06 08:00:00+00:00,2022-09-06 04:00:00-04:00,77,77.0,68.41231674345494,boost_5y_linear_aligned,True
2022-09-03 04:00:00+00:00,2022-09-06 09:00:00+00:00,2022-09-06 05:00:00-04:00,78,77.0,67.5040735989033,boost_5y_linear_aligned,True
2022-09-03 04:00:00+00:00,2022-09-06 10:00:00+00:00,2022-09-06 06:00:00-04:00,79,76.0,67.33578676439402,boost_5y_linear_aligned,True
2022-09-03 04:00:00+00:00,2022-09-06 11:00:00+00:00,2022-09-06 07:00:00-04:00,80,76.0,69.1249427328111,boost_5y_linear_aligned,True
2022-09-03 04:00:00+00:00,2022-09-06 12:00:00+00:00,2022-09-06 08:00:00-04:00,81,78.0,72.66967059168465,boost_5y_linear_aligned,True
2022-09-03 04:00:00+00:00,2022-09-06 13:00:00+00:00,2022-09-06 09:00:00-04:00,82,77.0,76.20532245147744,boost_5y_linear_aligned,True
2022-09-03 04:00:00+00:00,2022-09-06 14:00:00+00:00,2022-09-06 10:00:00-04:00,83,82.0,78.79818626469253,boost_5y_linear_aligned,True
2022-09-03 04:00:00+00:00,2022-09-06 15:00:00+00:00,2022-09-06 11:00:00-04:00,84,87.0,81.13784070159592,boost_5y_linear_aligned,True
2022-09-03 04:00:00+00:00,2022-09-06 16:00:00+00:00,2022-09-06 12:00:00-04:00,85,89.0,82.4868829382574,boost_5y_linear_aligned,True
2022-09-03 04:00:00+00:00,2022-09-06 17:00:00+00:00,2022-09-06 13:00:00-04:00,86,76.0,83.89532070485917,boost_5y_linear_aligned,True
2022-09-03 04:00:00+00:00,2022-09-06 18:00:00+00:00,2022-09-06 14:00:00-04:00,87,84.0,84.44455150703367,boost_5y_linear_aligned,True
2022-09-03 04:00:00+00:00,2022-09-06 19:00:00+00:00,2022-09-06 15:00:00-04:00,88,88.0,84.53140618257264,boost_5y_linear_aligned,True
2022-09-03 04:00:00+00:00,2022-09-06 20:00:00+00:00,2022-09-06 16:00:00-04:00,89,89.0,84.16700255415853,boost_5y_linear_aligned,True
2022-09-03 04:00:00+00:00,2022-09-06 21:00:00+00:00,2022-09-06 17:00:00-04:00,90,86.0,82.77059934071322,boost_5y_linear_aligned,True
2022-09-03 04:00:00+00:00,2022-09-06 22:00:00+00:00,2022-09-06 18:00:00-04:00,91,83.0,80.52444196865083,boost_5y_linear_aligned,True
2022-09-03 04:00:00+00:00,2022-09-06 23:00:00+00:00,2022-09-06 19:00:00-04:00,92,79.0,76.85929060436185,boost_5y_linear_aligned,True
2022-09-03 04:00:00+00:00,2022-09-07 00:00:00+00:00,2022-09-06 20:00:00-04:00,93,77.0,74.41163975111405,boost_5y_linear_aligned,True
2022-09-03 04:00:00+00:00,2022-09-07 01:00:00+00:00,2022-09-06 21:00:00-04:00,94,75.0,72.96166858121872,boost_5y_linear_aligned,True
2022-09-03 04:00:00+00:00,2022-09-07 02:00:00+00:00,2022-09-06 22:00:00-04:00,95,73.0,71.83185710223106,boost_5y_linear_aligned,True
2022-09-03 04:00:00+00:00,2022-09-07 03:00:00+00:00,2022-09-06 23:00:00-04:00,96,75.0,70.91083375982609,boost_5y_linear_aligned,True
2022-09-03 04:00:00+00:00,2022-09-07 04:00:00+00:00,2022-09-07 00:00:00-04:00,97,73.0,69.65763304992257,boost_5y_linear_aligned,True
2022-09-03 04:00:00+00:00,2022-09-07 05:00:00+00:00,2022-09-07 01:00:00-04:00,98,72.0,68.93023005830173,boost_5y_linear_aligned,True
2022-09-03 04:00:00+00:00,2022-09-07 06:00:00+00:00,2022-09-07 02:00:00-04:00,99,72.0,68.08444663948049,boost_5y_linear_aligned,True
2022-09-03 04:00:00+00:00,2022-09-07 07:00:00+00:00,2022-09-07 03:00:00-04:00,100,72.0,67.71952300274427,boost_5y_linear_aligned,True
2022-09-03 04:00:00+00:00,2022-09-07 08:00:00+00:00,2022-09-07 04:00:00-04:00,101,72.0,66.93617469216137,boost_5y_linear_aligned,True
2022-09-03 04:00:00+00:00,2022-09-07 09:00:00+00:00,2022-09-07 05:00:00-04:00,102,70.0,66.81873702618435,boost_5y_linear_aligned,True
2022-09-03 04:00:00+00:00,2022-09-07 10:00:00+00:00,2022-09-07 06:00:00-04:00,103,72.0,66.62688024044834,boost_5y_linear_aligned,True
2022-09-03 04:00:00+00:00,2022-09-07 11:00:00+00:00,2022-09-07 07:00:00-04:00,104,73.0,68.33478636241287,boost_5y_linear_aligned,True
2022-09-03 04:00:00+00:00,2022-09-07 12:00:00+00:00,2022-09-07 08:00:00-04:00,105,76.0,71.73172471677694,boost_5y_linear_aligned,True
2022-09-03 04:00:00+00:00,2022-09-07 13:00:00+00:00,2022-09-07 09:00:00-04:00,106,78.0,75.18058168831395,boost_5y_linear_aligned,True
2022-09-03 04:00:00+00:00,2022-09-07 14:00:00+00:00,2022-09-07 10:00:00-04:00,107,81.0,77.84981683060373,boost_5y_linear_aligned,True
2022-09-03 04:00:00+00:00,2022-09-07 15:00:00+00:00,2022-09-07 11:00:00-04:00,108,83.0,80.28956637608267,boost_5y_linear_aligned,True
2022-09-03 04:00:00+00:00,2022-09-07 16:00:00+00:00,2022-09-07 12:00:00-04:00,109,85.0,81.60143835150727,boost_5y_linear_aligned,True
2022-09-03 04:00:00+00:00,2022-09-07 17:00:00+00:00,2022-09-07 13:00:00-04:00,110,80.0,83.06968498313044,boost_5y_linear_aligned,True
2022-09-03 04:00:00+00:00,2022-09-07 18:00:00+00:00,2022-09-07 14:00:00-04:00,111,79.0,83.5803668023151,boost_5y_linear_aligned,True
2022-09-03 04:00:00+00:00,2022-09-07 19:00:00+00:00,2022-09-07 15:00:00-04:00,112,81.0,83.72739448400723,boost_5y_linear_aligned,True
2022-09-03 04:00:00+00:00,2022-09-07 20:00:00+00:00,2022-09-07 16:00:00-04:00,113,79.0,83.29032065399838,boost_5y_linear_aligned,True
2022-09-03 04:00:00+00:00,2022-09-07 21:00:00+00:00,2022-09-07 17:00:00-04:00,114,79.0,82.34180644807208,boost_5y_linear_aligned,True
2022-09-03 04:00:00+00:00,2022-09-07 22:00:00+00:00,2022-09-07 18:00:00-04:00,115,72.0,80.24044863732338,boost_5y_linear_aligned,True
2022-09-03 04:00:00+00:00,2022-09-07 23:00:00+00:00,2022-09-07 19:00:00-04:00,116,72.0,76.60608950640851,boost_5y_linear_aligned,True
2022-09-03 04:00:00+00:00,2022-09-08 00:00:00+00:00,2022-09-07 20:00:00-04:00,117,71.0,74.38098003507749,boost_5y_linear_aligned,True
2022-09-03 04:00:00+00:00,2022-09-08 01:00:00+00:00,2022-09-07 21:00:00-04:00,118,71.0,73.07006760637292,boost_5y_linear_aligned,True
2022-09-03 04:00:00+00:00,2022-09-08 02:00:00+00:00,2022-09-07 22:00:00-04:00,119,73.0,71.85470216744797,boost_5y_linear_aligned,True
2022-09-03 04:00:00+00:00,2022-09-08 03:00:00+00:00,2022-09-07 23:00:00-04:00,120,72.0,70.97924597404021,boost_5y_linear_aligned,True
2022-09-03 04:00:00+00:00,2022-09-08 04:00:00+00:00,2022-09-08 00:00:00-04:00,121,72.0,70.0421165172988,boost_5y_linear_aligned,True
2022-09-03 04:00:00+00:00,2022-09-08 05:00:00+00:00,2022-09-08 01:00:00-04:00,122,71.0,69.29560747956143,boost_5y_linear_aligned,True
2022-09-03 04:00:00+00:00,2022-09-08 06:00:00+00:00,2022-09-08 02:00:00-04:00,123,71.0,68.46540509417648,boost_5y_linear_aligned,True
2022-09-03 04:00:00+00:00,2022-09-08 07:00:00+00:00,2022-09-08 03:00:00-04:00,124,71.0,68.09805656913255,boost_5y_linear_aligned,True
2022-09-03 04:00:00+00:00,2022-09-08 08:00:00+00:00,2022-09-08 04:00:00-04:00,125,71.0,67.39126729529598,boost_5y_linear_aligned,True
2022-09-03 04:00:00+00:00,2022-09-08 09:00:00+00:00,2022-09-08 05:00:00-04:00,126,71.0,67.29974021434018,boost_5y_linear_aligned,True
2022-09-03 04:00:00+00:00,2022-09-08 10:00:00+00:00,2022-09-08 06:00:00-04:00,127,71.0,67.11755700553368,boost_5y_linear_aligned,True
2022-09-03 04:00:00+00:00,2022-09-08 11:00:00+00:00,2022-09-08 07:00:00-04:00,128,71.0,68.74025132979405,boost_5y_linear_aligned,True
2022-09-03 04:00:00+00:00,2022-09-08 12:00:00+00:00,2022-09-08 08:00:00-04:00,129,73.0,72.08069143255338,boost_5y_linear_aligned,True
2022-09-03 04:00:00+00:00,2022-09-08 13:00:00+00:00,2022-09-08 09:00:00-04:00,130,73.0,75.25829362542243,boost_5y_linear_aligned,True
2022-09-03 04:00:00+00:00,2022-09-08 14:00:00+00:00,2022-09-08 10:00:00-04:00,131,74.0,77.78840472789841,boost_5y_linear_aligned,True
2022-09-03 04:00:00+00:00,2022-09-08 15:00:00+00:00,2022-09-08 11:00:00-04:00,132,76.0,80.2443872074092,boost_5y_linear_aligned,True
2022-09-03 04:00:00+00:00,2022-09-08 16:00:00+00:00,2022-09-08 12:00:00-04:00,133,76.0,81.4338131710371,boost_5y_linear_aligned,True
2022-09-03 04:00:00+00:00,2022-09-08 17:00:00+00:00,2022-09-08 13:00:00-04:00,134,79.0,82.90357031769759,boost_5y_linear_aligned,True
2022-09-03 04:00:00+00:00,2022-09-08 18:00:00+00:00,2022-09-08 14:00:00-04:00,135,79.0,83.51195112548648,boost_5y_linear_aligned,True
2022-09-03 04:00:00+00:00,2022-09-08 19:00:00+00:00,2022-09-08 15:00:00-04:00,136,80.0,83.65185194659342,boost_5y_linear_aligned,True
2022-09-03 04:00:00+00:00,2022-09-08 20:00:00+00:00,2022-09-08 16:00:00-04:00,137,80.0,83.10508692409032,boost_5y_linear_aligned,True
2022-09-03 04:00:00+00:00,2022-09-08 21:00:00+00:00,2022-09-08 17:00:00-04:00,138,78.0,81.76629211890734,boost_5y_linear_aligned,True
2022-09-03 04:00:00+00:00,2022-09-08 22:00:00+00:00,2022-09-08 18:00:00-04:00,139,76.0,79.59278419927381,boost_5y_linear_aligned,True
2022-09-03 04:00:00+00:00,2022-09-08 23:00:00+00:00,2022-09-08 19:00:00-04:00,140,72.0,76.15474587774877,boost_5y_linear_aligned,True
2022-09-03 04:00:00+00:00,2022-09-09 00:00:00+00:00,2022-09-08 20:00:00-04:00,141,71.0,73.99918987588795,boost_5y_linear_aligned,True
2022-09-03 04:00:00+00:00,2022-09-09 01:00:00+00:00,2022-09-08 21:00:00-04:00,142,69.0,72.65837978382595,boost_5y_linear_aligned,True
2022-09-03 04:00:00+00:00,2022-09-09 02:00:00+00:00,2022-09-08 22:00:00-04:00,143,69.0,71.50330346181663,boost_5y_linear_aligned,True
2022-09-03 04:00:00+00:00,2022-09-09 03:00:00+00:00,2022-09-08 23:00:00-04:00,144,67.0,70.4947891119194,boost_5y_linear_aligned,True
2022-09-03 04:00:00+00:00,2022-09-09 04:00:00+00:00,2022-09-09 00:00:00-04:00,145,67.0,69.51063378391036,boost_5y_linear_aligned,True
2022-09-03 04:00:00+00:00,2022-09-09 05:00:00+00:00,2022-09-09 01:00:00-04:00,146,66.0,68.88312104518552,boost_5y_linear_aligned,True
2022-09-03 04:00:00+00:00,2022-09-09 06:00:00+00:00,2022-09-09 02:00:00-04:00,147,65.0,68.11496233449117,boost_5y_linear_aligned,True
2022-09-03 04:00:00+00:00,2022-09-09 07:00:00+00:00,2022-09-09 03:00:00-04:00,148,66.0,67.80405040528693,boost_5y_linear_aligned,True
2022-09-03 04:00:00+00:00,2022-09-09 08:00:00+00:00,2022-09-09 04:00:00-04:00,149,64.0,67.26255064877172,boost_5y_linear_aligned,True
2022-09-03 04:00:00+00:00,2022-09-09 09:00:00+00:00,2022-09-09 05:00:00-04:00,150,63.0,67.00100801358121,boost_5y_linear_aligned,True
2022-09-03 04:00:00+00:00,2022-09-09 10:00:00+00:00,2022-09-09 06:00:00-04:00,151,63.0,66.81942285555299,boost_5y_linear_aligned,True
2022-09-03 04:00:00+00:00,2022-09-09 11:00:00+00:00,2022-09-09 07:00:00-04:00,152,67.0,68.3965863004844,boost_5y_linear_aligned,True
2022-09-03 04:00:00+00:00,2022-09-09 12:00:00+00:00,2022-09-09 08:00:00-04:00,153,70.0,71.69043153019027,boost_5y_linear_aligned,True
2022-09-03 04:00:00+00:00,2022-09-09 13:00:00+00:00,2022-09-09 09:00:00-04:00,154,73.0,74.88585411950488,boost_5y_linear_aligned,True
2022-09-03 04:00:00+00:00,2022-09-09 14:00:00+00:00,2022-09-09 10:00:00-04:00,155,76.0,77.3112988170168,boost_5y_linear_aligned,True
2022-09-03 04:00:00+00:00,2022-09-09 15:00:00+00:00,2022-09-09 11:00:00-04:00,156,77.0,79.75994449196418,boost_5y_linear_aligned,True
2022-09-03 04:00:00+00:00,2022-09-09 16:00:00+00:00,2022-09-09 12:00:00-04:00,157,78.0,80.64658281165762,boost_5y_linear_aligned,True
2022-09-03 04:00:00+00:00,2022-09-09 17:00:00+00:00,2022-09-09 13:00:00-04:00,158,80.0,82.13886682128376,boost_5y_linear_aligned,True
2022-09-03 04:00:00+00:00,2022-09-09 18:00:00+00:00,2022-09-09 14:00:00-04:00,159,82.0,82.64183952982272,boost_5y_linear_aligned,True
2022-09-03 04:00:00+00:00,2022-09-09 19:00:00+00:00,2022-09-09 15:00:00-04:00,160,82.0,83.0445396568086,boost_5y_linear_aligned,True
2022-09-03 04:00:00+00:00,2022-09-09 20:00:00+00:00,2022-09-09 16:00:00-04:00,161,82.0,82.6134102773773,boost_5y_linear_aligned,True
2022-09-03 04:00:00+00:00,2022-09-09 21:00:00+00:00,2022-09-09 17:00:00-04:00,162,81.0,81.23583144415194,boost_5y_linear_aligned,True
2022-09-03 04:00:00+00:00,2022-09-09 22:00:00+00:00,2022-09-09 18:00:00-04:00,163,80.0,78.94662673340854,boost_5y_linear_aligned,True
2022-09-03 04:00:00+00:00,2022-09-09 23:00:00+00:00,2022-09-09 19:00:00-04:00,164,73.0,75.24251895402395,boost_5y_linear_aligned,True
2022-09-03 04:00:00+00:00,2022-09-10 00:00:00+00:00,2022-09-09 20:00:00-04:00,165,72.0,73.26446671230154,boost_5y_linear_aligned,True
2022-09-03 04:00:00+00:00,2022-09-10 01:00:00+00:00,2022-09-09 21:00:00-04:00,166,73.0,71.88346142341793,boost_5y_linear_aligned,True
2022-09-03 04:00:00+00:00,2022-09-10 02:00:00+00:00,2022-09-09 22:00:00-04:00,167,73.0,70.62982345452826,boost_5y_linear_aligned,True
2022-09-03 04:00:00+00:00,2022-09-10 03:00:00+00:00,2022-09-09 23:00:00-04:00,168,72.0,70.00531702665522,boost_5y_linear_aligned,True
2022-09-03 04:00:00+00:00,2022-09-10 04:00:00+00:00,2022-09-10 00:00:00-04:00,169,71.0,69.11880158201917,boost_5y_linear_aligned,True
2022-09-03 04:00:00+00:00,2022-09-10 05:00:00+00:00,2022-09-10 01:00:00-04:00,170,70.0,68.47487711439244,boost_5y_linear_aligned,True
2022-09-03 04:00:00+00:00,2022-09-10 06:00:00+00:00,2022-09-10 02:00:00-04:00,171,69.0,67.73624601207321,boost_5y_linear_aligned,True
2022-09-03 04:00:00+00:00,2022-09-10 07:00:00+00:00,2022-09-10 03:00:00-04:00,172,69.0,67.34277448050715,boost_5y_linear_aligned,True
2022-09-03 04:00:00+00:00,2022-09-10 08:00:00+00:00,2022-09-10 04:00:00-04:00,173,69.0,66.83963689230892,boost_5y_linear_aligned,True
2022-09-03 04:00:00+00:00,2022-09-10 09:00:00+00:00,2022-09-10 05:00:00-04:00,174,69.0,66.5634428503539,boost_5y_linear_aligned,True
2022-09-03 04:00:00+00:00,2022-09-10 10:00:00+00:00,2022-09-10 06:00:00-04:00,175,69.0,66.38416112438892,boost_5y_linear_aligned,True
2022-09-03 04:00:00+00:00,2022-09-10 11:00:00+00:00,2022-09-10 07:00:00-04:00,176,70.0,68.01946254947006,boost_5y_linear_aligned,True
2022-09-03 04:00:00+00:00,2022-09-10 12:00:00+00:00,2022-09-10 08:00:00-04:00,177,71.0,71.26784236602339,boost_5y_linear_aligned,True
2022-09-03 04:00:00+00:00,2022-09-10 13:00:00+00:00,2022-09-10 09:00:00-04:00,178,72.0,74.47924679746716,boost_5y_linear_aligned,True
2022-09-03 04:00:00+00:00,2022-09-10 14:00:00+00:00,2022-09-10 10:00:00-04:00,179,73.0,77.02282726745888,boost_5y_linear_aligned,True
2022-09-03 04:00:00+00:00,2022-09-10 15:00:00+00:00,2022-09-10 11:00:00-04:00,180,79.0,79.49639010977445,boost_5y_linear_aligned,True
2022-09-03 04:00:00+00:00,2022-09-10 16:00:00+00:00,2022-09-10 12:00:00-04:00,181,82.0,80.5093979852301,boost_5y_linear_aligned,True
2022-09-03 04:00:00+00:00,2022-09-10 17:00:00+00:00,2022-09-10 13:00:00-04:00,182,77.0,81.7748236618785,boost_5y_linear_aligned,True
2022-09-03 04:00:00+00:00,2022-09-10 18:00:00+00:00,2022-09-10 14:00:00-04:00,183,81.0,82.21960258614673,boost_5y_linear_aligned,True
2022-09-03 04:00:00+00:00,2022-09-10 19:00:00+00:00,2022-09-10 15:00:00-04:00,184,81.0,82.4838331689676,boost_5y_linear_aligned,True
2022-09-03 04:00:00+00:00,2022-09-10 20:00:00+00:00,2022-09-10 16:00:00-04:00,185,76.0,82.03605298701272,boost_5y_linear_aligned,True
2022-09-03 04:00:00+00:00,2022-09-10 21:00:00+00:00,2022-09-10 17:00:00-04:00,186,76.0,80.84445221594548,boost_5y_linear_aligned,True
2022-09-03 04:00:00+00:00,2022-09-10 22:00:00+00:00,2022-09-10 18:00:00-04:00,187,75.0,78.53346492246476,boost_5y_linear_aligned,True
2022-09-03 04:00:00+00:00,2022-09-10 23:00:00+00:00,2022-09-10 19:00:00-04:00,188,75.0,75.04818245788115,boost_5y_linear_aligned,True
2022-09-03 04:00:00+00:00,2022-09-11 00:00:00+00:00,2022-09-10 20:00:00-04:00,189,75.0,73.11893798205215,boost_5y_linear_aligned,True
2022-09-03 04:00:00+00:00,2022-09-11 01:00:00+00:00,2022-09-10 21:00:00-04:00,190,75.0,71.72569641074868,boost_5y_linear_aligned,True
2022-09-03 04:00:00+00:00,2022-09-11 02:00:00+00:00,2022-09-10 22:00:00-04:00,191,75.0,70.6182543528661,boost_5y_linear_aligned,True
2022-09-03 04:00:00+00:00,2022-09-11 03:00:00+00:00,2022-09-10 23:00:00-04:00,192,75.0,70.17152611698424,boost_5y_linear_aligned,True
2022-09-03 04:00:00+00:00,2022-09-11 04:00:00+00:00,2022-09-11 00:00:00-04:00,193,75.0,69.44066893612516,boost_5y_linear_aligned,True
2022-09-03 04:00:00+00:00,2022-09-11 05:00:00+00:00,2022-09-11 01:00:00-04:00,194,74.0,68.79435413525572,boost_5y_linear_aligned,True
2022-09-03 04:00:00+00:00,2022-09-11 06:00:00+00:00,2022-09-11 02:00:00-04:00,195,74.0,68.1341519889943,boost_5y_linear_aligned,True
2022-09-03 04:00:00+00:00,2022-09-11 07:00:00+00:00,2022-09-11 03:00:00-04:00,196,75.0,67.6666696410893,boost_5y_linear_aligned,True
2022-09-03 04:00:00+00:00,2022-09-11 08:00:00+00:00,2022-09-11 04:00:00-04:00,197,74.0,67.24425022258549,boost_5y_linear_aligned,True
2022-09-03 04:00:00+00:00,2022-09-11 09:00:00+00:00,2022-09-11 05:00:00-04:00,198,74.0,66.96528403698439,boost_5y_linear_aligned,True
2022-09-03 04:00:00+00:00,2022-09-11 10:00:00+00:00,2022-09-11 06:00:00-04:00,199,74.0,66.6823064312689,boost_5y_linear_aligned,True
2022-09-03 04:00:00+00:00,2022-09-11 11:00:00+00:00,2022-09-11 07:00:00-04:00,200,74.0,68.19459707854297,boost_5y_linear_aligned,True
2022-09-03 04:00:00+00:00,2022-09-11 12:00:00+00:00,2022-09-11 08:00:00-04:00,201,75.0,71.24017438738113,boost_5y_linear_aligned,True
2022-09-03 04:00:00+00:00,2022-09-11 13:00:00+00:00,2022-09-11 09:00:00-04:00,202,77.0,74.44721545390637,boost_5y_linear_aligned,True
2022-09-03 04:00:00+00:00,2022-09-11 14:00:00+00:00,2022-09-11 10:00:00-04:00,203,81.0,76.75550022559877,boost_5y_linear_aligned,True
2022-09-03 04:00:00+00:00,2022-09-11 15:00:00+00:00,2022-09-11 11:00:00-04:00,204,82.0,79.20522125354213,boost_5y_linear_aligned,True
2022-09-03 04:00:00+00:00,2022-09-11 16:00:00+00:00,2022-09-11 12:00:00-04:00,205,86.0,80.28118198580259,boost_5y_linear_aligned,True
2022-09-03 04:00:00+00:00,2022-09-11 17:00:00+00:00,2022-09-11 13:00:00-04:00,206,85.0,81.53475119649244,boost_5y_linear_aligned,True
2022-09-03 04:00:00+00:00,2022-09-11 18:00:00+00:00,2022-09-11 14:00:00-04:00,207,89.0,81.94378505582205,boost_5y_linear_aligned,True
2022-09-03 04:00:00+00:00,2022-09-11 19:00:00+00:00,2022-09-11 15:00:00-04:00,208,87.0,82.257836264119,boost_5y_linear_aligned,True
2022-09-03 04:00:00+00:00,2022-09-11 20:00:00+00:00,2022-09-11 16:00:00-04:00,209,84.0,81.81805075120666,boost_5y_linear_aligned,True
2022-09-03 04:00:00+00:00,2022-09-11 21:00:00+00:00,2022-09-11 17:00:00-04:00,210,84.0,80.68588395259995,boost_5y_linear_aligned,True
2022-09-03 04:00:00+00:00,2022-09-11 22:00:00+00:00,2022-09-11 18:00:00-04:00,211,83.0,78.43150000399648,boost_5y_linear_aligned,True
2022-09-03 04:00:00+00:00,2022-09-11 23:00:00+00:00,2022-09-11 19:00:00-04:00,212,80.0,75.05177297574383,boost_5y_linear_aligned,True
2022-09-03 04:00:00+00:00,2022-09-12 00:00:00+00:00,2022-09-11 20:00:00-04:00,213,80.0,73.12098789907209,boost_5y_linear_aligned,True
2022-09-03 04:00:00+00:00,2022-09-12 01:00:00+00:00,2022-09-11 21:00:00-04:00,214,79.0,71.75921504992101,boost_5y_linear_aligned,True
2022-09-03 04:00:00+00:00,2022-09-12 02:00:00+00:00,2022-09-11 22:00:00-04:00,215,78.0,70.76043966569665,boost_5y_linear_aligned,True
2022-09-03 04:00:00+00:00,2022-09-12 03:00:00+00:00,2022-09-11 23:00:00-04:00,216,78.0,70.12801964029765,boost_5y_linear_aligned,True
2022-09-03 04:00:00+00:00,2022-09-12 04:00:00+00:00,2022-09-12 00:00:00-04:00,217,77.0,69.51381688101806,boost_5y_linear_aligned,True
2022-09-03 04:00:00+00:00,2022-09-12 05:00:00+00:00,2022-09-12 01:00:00-04:00,218,76.0,68.87104728934825,boost_5y_linear_aligned,True
2022-09-03 04:00:00+00:00,2022-09-12 06:00:00+00:00,2022-09-12 02:00:00-04:00,219,76.0,68.22188228090553,boost_5y_linear_aligned,True
2022-09-03 04:00:00+00:00,2022-09-12 07:00:00+00:00,2022-09-12 03:00:00-04:00,220,75.0,67.99219797907082,boost_5y_linear_aligned,True
2022-09-03 04:00:00+00:00,2022-09-12 08:00:00+00:00,2022-09-12 04:00:00-04:00,221,74.0,67.43458636382046,boost_5y_linear_aligned,True
2022-09-03 04:00:00+00:00,2022-09-12 09:00:00+00:00,2022-09-12 05:00:00-04:00,222,74.0,67.16290087400994,boost_5y_linear_aligned,True
2022-09-03 04:00:00+00:00,2022-09-12 10:00:00+00:00,2022-09-12 06:00:00-04:00,223,74.0,66.95649446130537,boost_5y_linear_aligned,True
2022-09-03 04:00:00+00:00,2022-09-12 11:00:00+00:00,2022-09-12 07:00:00-04:00,224,75.0,68.42015095893102,boost_5y_linear_aligned,True
2022-09-03 04:00:00+00:00,2022-09-12 12:00:00+00:00,2022-09-12 08:00:00-04:00,225,77.0,71.40853143902164,boost_5y_linear_aligned,True
2022-09-03 04:00:00+00:00,2022-09-12 13:00:00+00:00,2022-09-12 09:00:00-04:00,226,81.0,74.46723759098624,boost_5y_linear_aligned,True
2022-09-03 04:00:00+00:00,2022-09-12 14:00:00+00:00,2022-09-12 10:00:00-04:00,227,84.0,76.84709324316482,boost_5y_linear_aligned,True
2022-09-03 04:00:00+00:00,2022-09-12 15:00:00+00:00,2022-09-12 11:00:00-04:00,228,87.0,79.24718544669408,boost_5y_linear_aligned,True
2022-09-03 04:00:00+00:00,2022-09-12 16:00:00+00:00,2022-09-12 12:00:00-04:00,229,91.0,80.39905892539777,boost_5y_linear_aligned,True
2022-09-03 04:00:00+00:00,2022-09-12 17:00:00+00:00,2022-09-12 13:00:00-04:00,230,90.0,81.52369642608316,boost_5y_linear_aligned,True
2022-09-03 04:00:00+00:00,2022-09-12 18:00:00+00:00,2022-09-12 14:00:00-04:00,231,87.0,82.09367785541826,boost_5y_linear_aligned,True
2022-09-03 04:00:00+00:00,2022-09-12 19:00:00+00:00,2022-09-12 15:00:00-04:00,232,91.0,82.41334304803586,boost_5y_linear_aligned,True
2022-09-03 04:00:00+00:00,2022-09-12 20:00:00+00:00,2022-09-12 16:00:00-04:00,233,90.0,81.970946716954,boost_5y_linear_aligned,True
2022-09-03 04:00:00+00:00,2022-09-12 21:00:00+00:00,2022-09-12 17:00:00-04:00,234,85.0,80.80523000479889,boost_5y_linear_aligned,True
2022-09-03 04:00:00+00:00,2022-09-12 22:00:00+00:00,2022-09-12 18:00:00-04:00,235,80.0,78.52212707807269,boost_5y_linear_aligned,True
2022-09-03 04:00:00+00:00,2022-09-12 23:00:00+00:00,2022-09-12 19:00:00-04:00,236,75.0,75.07973636574391,boost_5y_linear_aligned,True
2022-09-03 04:00:00+00:00,2022-09-13 00:00:00+00:00,2022-09-12 20:00:00-04:00,237,74.0,73.14047613695101,boost_5y_linear_aligned,True
2022-09-03 04:00:00+00:00,2022-09-13 01:00:00+00:00,2022-09-12 21:00:00-04:00,238,73.0,71.75286750590224,boost_5y_linear_aligned,True
2022-09-03 04:00:00+00:00,2022-09-13 02:00:00+00:00,2022-09-12 22:00:00-04:00,239,74.0,70.76670262744278,boost_5y_linear_aligned,True
2022-09-03 04:00:00+00:00,2022-09-13 03:00:00+00:00,2022-09-12 23:00:00-04:00,240,73.0,70.093201773274,boost_5y_linear_aligned,True
2022-09-03 04:00:00+00:00,2022-09-13 04:00:00+00:00,2022-09-13 00:00:00-04:00,241,71.0,69.41579281130011,boost_5y_linear_aligned,True
2022-09-03 04:00:00+00:00,2022-09-13 05:00:00+00:00,2022-09-13 01:00:00-04:00,242,72.0,68.69225245587866,boost_5y_linear_aligned,True
2022-09-03 04:00:00+00:00,2022-09-13 06:00:00+00:00,2022-09-13 02:00:00-04:00,243,72.0,68.16243710024521,boost_5y_linear_aligned,True
2022-09-03 04:00:00+00:00,2022-09-13 07:00:00+00:00,2022-09-13 03:00:00-04:00,244,71.0,67.6390887390563,boost_5y_linear_aligned,True
2022-09-03 04:00:00+00:00,2022-09-13 08:00:00+00:00,2022-09-13 04:00:00-04:00,245,70.0,67.1333148301294,boost_5y_linear_aligned,True
2022-09-03 04:00:00+00:00,2022-09-13 09:00:00+00:00,2022-09-13 05:00:00-04:00,246,69.0,66.8806866656204,boost_5y_linear_aligned,True
2022-09-03 04:00:00+00:00,2022-09-13 10:00:00+00:00,2022-09-13 06:00:00-04:00,247,68.0,66.53992745358339,boost_5y_linear_aligned,True
2022-09-03 04:00:00+00:00,2022-09-13 11:00:00+00:00,2022-09-13 07:00:00-04:00,248,68.0,67.92129115909825,boost_5y_linear_aligned,True
2022-09-03 04:00:00+00:00,2022-09-13 12:00:00+00:00,2022-09-13 08:00:00-04:00,249,71.0,71.02001919003526,boost_5y_linear_aligned,True
2022-09-03 04:00:00+00:00,2022-09-13 13:00:00+00:00,2022-09-13 09:00:00-04:00,250,74.0,74.06158319355244,boost_5y_linear_aligned,True
2022-09-03 04:00:00+00:00,2022-09-13 14:00:00+00:00,2022-09-13 10:00:00-04:00,251,77.0,76.43209868369519,boost_5y_linear_aligned,True
2022-09-03 04:00:00+00:00,2022-09-13 15:00:00+00:00,2022-09-13 11:00:00-04:00,252,79.0,78.86163432014992,boost_5y_linear_aligned,True
2022-09-03 04:00:00+00:00,2022-09-13 16:00:00+00:00,2022-09-13 12:00:00-04:00,253,81.0,80.06113364741131,boost_5y_linear_aligned,True
2022-09-03 04:00:00+00:00,2022-09-13 17:00:00+00:00,2022-09-13 13:00:00-04:00,254,84.0,81.2532061596018,boost_5y_linear_aligned,True
2022-09-03 04:00:00+00:00,2022-09-13 18:00:00+00:00,2022-09-13 14:00:00-04:00,255,85.0,81.74036847359713,boost_5y_linear_aligned,True
2022-09-03 04:00:00+00:00,2022-09-13 19:00:00+00:00,2022-09-13 15:00:00-04:00,256,84.0,82.09909294728054,boost_5y_linear_aligned,True
2022-09-03 04:00:00+00:00,2022-09-13 20:00:00+00:00,2022-09-13 16:00:00-04:00,257,85.0,81.6467756543712,boost_5y_linear_aligned,True
2022-09-03 04:00:00+00:00,2022-09-13 21:00:00+00:00,2022-09-13 17:00:00-04:00,258,83.0,80.47229315101544,boost_5y_linear_aligned,True
2022-09-03 04:00:00+00:00,2022-09-13 22:00:00+00:00,2022-09-13 18:00:00-04:00,259,80.0,77.97391038964163,boost_5y_linear_aligned,True
2022-09-03 04:00:00+00:00,2022-09-13 23:00:00+00:00,2022-09-13 19:00:00-04:00,260,75.0,74.58971641607823,boost_5y_linear_aligned,True
2022-09-03 04:00:00+00:00,2022-09-14 00:00:00+00:00,2022-09-13 20:00:00-04:00,261,67.0,72.72913706688237,boost_5y_linear_aligned,True
2022-09-03 04:00:00+00:00,2022-09-14 01:00:00+00:00,2022-09-13 21:00:00-04:00,262,69.0,71.43372566867109,boost_5y_linear_aligned,True
2022-09-03 04:00:00+00:00,2022-09-14 02:00:00+00:00,2022-09-13 22:00:00-04:00,263,65.0,70.43388838694216,boost_5y_linear_aligned,True
2022-09-03 04:00:00+00:00,2022-09-14 03:00:00+00:00,2022-09-13 23:00:00-04:00,264,63.0,69.65649691873247,boost_5y_linear_aligned,True
2022-09-03 04:00:00+00:00,2022-09-14 04:00:00+00:00,2022-09-14 00:00:00-04:00,265,63.0,68.95300069746776,boost_5y_linear_aligned,True
2022-09-03 04:00:00+00:00,2022-09-14 05:00:00+00:00,2022-09-14 01:00:00-04:00,266,64.0,68.20360015275799,boost_5y_linear_aligned,True
2022-09-03 04:00:00+00:00,2022-09-14 06:00:00+00:00,2022-09-14 02:00:00-04:00,267,61.0,67.65801010379194,boost_5y_linear_aligned,True
2022-09-03 04:00:00+00:00,2022-09-14 07:00:00+00:00,2022-09-14 03:00:00-04:00,268,60.0,67.12229486925808,boost_5y_linear_aligned,True
2022-09-03 04:00:00+00:00,2022-09-14 08:00:00+00:00,2022-09-14 04:00:00-04:00,269,59.0,66.63060604962864,boost_5y_linear_aligned,True
2022-09-03 04:00:00+00:00,2022-09-14 09:00:00+00:00,2022-09-14 05:00:00-04:00,270,60.0,66.34494365474171,boost_5y_linear_aligned,True
2022-09-03 04:00:00+00:00,2022-09-14 10:00:00+00:00,2022-09-14 06:00:00-04:00,271,60.0,66.04629845746162,boost_5y_linear_aligned,True
2022-09-03 04:00:00+00:00,2022-09-14 11:00:00+00:00,2022-09-14 07:00:00-04:00,272,62.0,67.41592431267819,boost_5y_linear_aligned,True
2022-09-03 04:00:00+00:00,2022-09-14 12:00:00+00:00,2022-09-14 08:00:00-04:00,273,66.0,70.43246256561831,boost_5y_linear_aligned,True
2022-09-03 04:00:00+00:00,2022-09-14 13:00:00+00:00,2022-09-14 09:00:00-04:00,274,72.0,73.62826345648186,boost_5y_linear_aligned,True
2022-09-03 04:00:00+00:00,2022-09-14 14:00:00+00:00,2022-09-14 10:00:00-04:00,275,73.0,76.01840702825262,boost_5y_linear_aligned,True
2022-09-03 04:00:00+00:00,2022-09-14 15:00:00+00:00,2022-09-14 11:00:00-04:00,276,76.0,78.45691804364452,boost_5y_linear_aligned,True
2022-09-03 04:00:00+00:00,2022-09-14 16:00:00+00:00,2022-09-14 12:00:00-04:00,277,78.0,79.67400960789308,boost_5y_linear_aligned,True
2022-09-03 04:00:00+00:00,2022-09-14 17:00:00+00:00,2022-09-14 13:00:00-04:00,278,78.0,80.9219965051557,boost_5y_linear_aligned,True
2022-09-03 04:00:00+00:00,2022-09-14 18:00:00+00:00,2022-09-14 14:00:00-04:00,279,80.0,81.55580591723505,boost_5y_linear_aligned,True
2022-09-03 04:00:00+00:00,2022-09-14 19:00:00+00:00,2022-09-14 15:00:00-04:00,280,80.0,81.87294222825713,boost_5y_linear_aligned,True
2022-09-03 04:00:00+00:00,2022-09-14 20:00:00+00:00,2022-09-14 16:00:00-04:00,281,80.0,81.28578088481538,boost_5y_linear_aligned,True
2022-09-03 04:00:00+00:00,2022-09-14 21:00:00+00:00,2022-09-14 17:00:00-04:00,282,78.0,80.13804925665494,boost_5y_linear_aligned,True
2022-09-03 04:00:00+00:00,2022-09-14 22:00:00+00:00,2022-09-14 18:00:00-04:00,283,76.0,77.60592932862527,boost_5y_linear_aligned,True
2022-09-03 04:00:00+00:00,2022-09-14 23:00:00+00:00,2022-09-14 19:00:00-04:00,284,71.0,74.34428368976897,boost_5y_linear_aligned,True
2022-09-03 04:00:00+00:00,2022-09-15 00:00:00+00:00,2022-09-14 20:00:00-04:00,285,67.0,72.51655849380019,boost_5y_linear_aligned,True
2022-09-03 04:00:00+00:00,2022-09-15 01:00:00+00:00,2022-09-14 21:00:00-04:00,286,65.0,71.3847168148875,boost_5y_linear_aligned,True
2022-09-03 04:00:00+00:00,2022-09-15 02:00:00+00:00,2022-09-14 22:00:00-04:00,287,64.0,70.3655891316351,boost_5y_linear_aligned,True
2022-09-03 04:00:00+00:00,2022-09-15 03:00:00+00:00,2022-09-14 23:00:00-04:00,288,61.0,69.55483443826766,boost_5y_linear_aligned,True
2022-09-03 04:00:00+00:00,2022-09-15 04:00:00+00:00,2022-09-15 00:00:00-04:00,289,62.0,68.98350967621057,boost_5y_linear_aligned,True
2022-09-03 04:00:00+00:00,2022-09-15 05:00:00+00:00,2022-09-15 01:00:00-04:00,290,61.0,68.20721199627873,boost_5y_linear_aligned,True
2022-09-03 04:00:00+00:00,2022-09-15 06:00:00+00:00,2022-09-15 02:00:00-04:00,291,59.0,67.76737344489507,boost_5y_linear_aligned,True
2022-09-03 04:00:00+00:00,2022-09-15 07:00:00+00:00,2022-09-15 03:00:00-04:00,292,60.0,67.31567383592204,boost_5y_linear_aligned,True
2022-09-03 04:00:00+00:00,2022-09-15 08:00:00+00:00,2022-09-15 04:00:00-04:00,293,59.0,66.86888123205554,boost_5y_linear_aligned,True
2022-09-03 04:00:00+00:00,2022-09-15 09:00:00+00:00,2022-09-15 05:00:00-04:00,294,59.0,66.6574281898614,boost_5y_linear_aligned,True
2022-09-03 04:00:00+00:00,2022-09-15 10:00:00+00:00,2022-09-15 06:00:00-04:00,295,58.0,66.39463531490127,boost_5y_linear_aligned,True
2022-09-03 04:00:00+00:00,2022-09-15 11:00:00+00:00,2022-09-15 07:00:00-04:00,296,63.0,67.65243629287366,boost_5y_linear_aligned,True
2022-09-03 04:00:00+00:00,2022-09-15 12:00:00+00:00,2022-09-15 08:00:00-04:00,297,67.0,70.64406913856982,boost_5y_linear_aligned,True
2022-09-03 04:00:00+00:00,2022-09-15 13:00:00+00:00,2022-09-15 09:00:00-04:00,298,72.0,73.6777319296223,boost_5y_linear_aligned,True
2022-09-03 04:00:00+00:00,2022-09-15 14:00:00+00:00,2022-09-15 10:00:00-04:00,299,76.0,76.15770071719952,boost_5y_linear_aligned,True
2022-09-03 04:00:00+00:00,2022-09-15 15:00:00+00:00,2022-09-15 11:00:00-04:00,300,78.0,78.47304893344771,boost_5y_linear_aligned,True
2022-09-03 04:00:00+00:00,2022-09-15 16:00:00+00:00,2022-09-15 12:00:00-04:00,301,80.0,79.80976763100068,boost_5y_linear_aligned,True
2022-09-03 04:00:00+00:00,2022-09-15 17:00:00+00:00,2022-09-15 13:00:00-04:00,302,80.0,80.92065192867176,boost_5y_linear_aligned,True
2022-09-03 04:00:00+00:00,2022-09-15 18:00:00+00:00,2022-09-15 14:00:00-04:00,303,82.0,81.5901735923151,boost_5y_linear_aligned,True
2022-09-03 04:00:00+00:00,2022-09-15 19:00:00+00:00,2022-09-15 15:00:00-04:00,304,82.0,81.71838190446685,boost_5y_linear_aligned,True
2022-09-03 04:00:00+00:00,2022-09-15 20:00:00+00:00,2022-09-15 16:00:00-04:00,305,83.0,81.22035786779061,boost_5y_linear_aligned,True
2022-09-03 04:00:00+00:00,2022-09-15 21:00:00+00:00,2022-09-15 17:00:00-04:00,306,81.0,80.03554702790669,boost_5y_linear_aligned,True
2022-09-03 04:00:00+00:00,2022-09-15 22:00:00+00:00,2022-09-15 18:00:00-04:00,307,78.0,77.530841060619,boost_5y_linear_aligned,True
2022-09-03 04:00:00+00:00,2022-09-15 23:00:00+00:00,2022-09-15 19:00:00-04:00,308,73.0,74.36017471263541,boost_5y_linear_aligned,True
2022-09-03 04:00:00+00:00,2022-09-16 00:00:00+00:00,2022-09-15 20:00:00-04:00,309,71.0,72.78506953850935,boost_5y_linear_aligned,True
2022-09-03 04:00:00+00:00,2022-09-16 01:00:00+00:00,2022-09-15 21:00:00-04:00,310,69.0,71.49408738856852,boost_5y_linear_aligned,True
2022-09-03 04:00:00+00:00,2022-09-16 02:00:00+00:00,2022-09-15 22:00:00-04:00,311,66.0,70.53253203884402,boost_5y_linear_aligned,True
2022-09-03 04:00:00+00:00,2022-09-16 03:00:00+00:00,2022-09-15 23:00:00-04:00,312,64.0,69.7416507753628,boost_5y_linear_aligned,True
2022-09-03 04:00:00+00:00,2022-09-16 04:00:00+00:00,2022-09-16 00:00:00-04:00,313,65.0,68.94619322851456,boost_5y_linear_aligned,True
2022-09-03 04:00:00+00:00,2022-09-16 05:00:00+00:00,2022-09-16 01:00:00-04:00,314,64.0,68.18255161943122,boost_5y_linear_aligned,True
2022-09-03 04:00:00+00:00,2022-09-16 06:00:00+00:00,2022-09-16 02:00:00-04:00,315,63.0,67.76403608618594,boost_5y_linear_aligned,True
2022-09-03 04:00:00+00:00,2022-09-16 07:00:00+00:00,2022-09-16 03:00:00-04:00,316,62.0,67.18910207256634,boost_5y_linear_aligned,True
2022-09-03 04:00:00+00:00,2022-09-16 08:00:00+00:00,2022-09-16 04:00:00-04:00,317,60.0,66.71391164849348,boost_5y_linear_aligned,True
2022-09-03 04:00:00+00:00,2022-09-16 09:00:00+00:00,2022-09-16 05:00:00-04:00,318,61.0,66.47765719324475,boost_5y_linear_aligned,True
2022-09-03 04:00:00+00:00,2022-09-16 10:00:00+00:00,2022-09-16 06:00:00-04:00,319,60.0,66.20832180882354,boost_5y_linear_aligned,True
2022-09-03 04:00:00+00:00,2022-09-16 11:00:00+00:00,2022-09-16 07:00:00-04:00,320,63.0,67.45274372915814,boost_5y_linear_aligned,True
2022-09-03 04:00:00+00:00,2022-09-16 12:00:00+00:00,2022-09-16 08:00:00-04:00,321,69.0,70.34554138606634,boost_5y_linear_aligned,True
2022-09-03 04:00:00+00:00,2022-09-16 13:00:00+00:00,2022-09-16 09:00:00-04:00,322,74.0,73.31698979286648,boost_5y_linear_aligned,True
2022-09-03 04:00:00+00:00,2022-09-16 14:00:00+00:00,2022-09-16 10:00:00-04:00,323,79.0,75.83272890352902,boost_5y_linear_aligned,True
2022-09-03 04:00:00+00:00,2022-09-16 15:00:00+00:00,2022-09-16 11:00:00-04:00,324,80.0,78.15957231896141,boost_5y_linear_aligned,True
2022-09-03 04:00:00+00:00,2022-09-16 16:00:00+00:00,2022-09-16 12:00:00-04:00,325,81.0,79.4702433510049,boost_5y_linear_aligned,True
2022-09-03 04:00:00+00:00,2022-09-16 17:00:00+00:00,2022-09-16 13:00:00-04:00,326,83.0,80.57227515157616,boost_5y_linear_aligned,True
2022-09-03 04:00:00+00:00,2022-09-16 18:00:00+00:00,2022-09-16 14:00:00-04:00,327,83.0,81.1946571288372,boost_5y_linear_aligned,True
2022-09-03 04:00:00+00:00,2022-09-16 19:00:00+00:00,2022-09-16 15:00:00-04:00,328,83.0,81.22004034125034,boost_5y_linear_aligned,True
2022-09-03 04:00:00+00:00,2022-09-16 20:00:00+00:00,2022-09-16 16:00:00-04:00,329,84.0,80.85645618649836,boost_5y_linear_aligned,True
2022-09-03 04:00:00+00:00,2022-09-16 21:00:00+00:00,2022-09-16 17:00:00-04:00,330,82.0,79.59258782815483,boost_5y_linear_aligned,True
2022-09-03 04:00:00+00:00,2022-09-16 22:00:00+00:00,2022-09-16 18:00:00-04:00,331,78.0,76.97951602488912,boost_5y_linear_aligned,True
2022-09-03 04:00:00+00:00,2022-09-16 23:00:00+00:00,2022-09-16 19:00:00-04:00,332,76.0,73.95515394204062,boost_5y_linear_aligned,True
2022-09-03 04:00:00+00:00,2022-09-17 00:00:00+00:00,2022-09-16 20:00:00-04:00,333,71.0,72.37331902043066,boost_5y_linear_aligned,True
2022-09-03 04:00:00+00:00,2022-09-17 01:00:00+00:00,2022-09-16 21:00:00-04:00,334,69.0,71.09844356395742,boost_5y_linear_aligned,True
2022-09-03 04:00:00+00:00,2022-09-17 02:00:00+00:00,2022-09-16 22:00:00-04:00,335,68.0,70.11531385779682,boost_5y_linear_aligned,True
2022-09-03 04:00:00+00:00,2022-09-17 03:00:00+00:00,2022-09-16 23:00:00-04:00,336,66.0,69.34091291907147,boost_5y_linear_aligned,True
2022-09-10 04:00:00+00:00,2022-09-10 04:00:00+00:00,2022-09-10 00:00:00-04:00,1,71.0,73.22473068214646,boost_5y_linear_aligned,True
2022-09-10 04:00:00+00:00,2022-09-10 05:00:00+00:00,2022-09-10 01:00:00-04:00,2,70.0,72.52770673586727,boost_5y_linear_aligned,True
2022-09-10 04:00:00+00:00,2022-09-10 06:00:00+00:00,2022-09-10 02:00:00-04:00,3,69.0,71.8294180426963,boost_5y_linear_aligned,True
2022-09-10 04:00:00+00:00,2022-09-10 07:00:00+00:00,2022-09-10 03:00:00-04:00,4,69.0,71.56660531188602,boost_5y_linear_aligned,True
2022-09-10 04:00:00+00:00,2022-09-10 08:00:00+00:00,2022-09-10 04:00:00-04:00,5,69.0,71.15413645146488,boost_5y_linear_aligned,True
2022-09-10 04:00:00+00:00,2022-09-10 09:00:00+00:00,2022-09-10 05:00:00-04:00,6,69.0,68.62369370275047,boost_5y_linear_aligned,True
2022-09-10 04:00:00+00:00,2022-09-10 10:00:00+00:00,2022-09-10 06:00:00-04:00,7,69.0,68.4651816602822,boost_5y_linear_aligned,True
2022-09-10 04:00:00+00:00,2022-09-10 11:00:00+00:00,2022-09-10 07:00:00-04:00,8,70.0,70.23549160912765,boost_5y_linear_aligned,True
2022-09-10 04:00:00+00:00,2022-09-10 12:00:00+00:00,2022-09-10 08:00:00-04:00,9,71.0,73.57587843778883,boost_5y_linear_aligned,True
2022-09-10 04:00:00+00:00,2022-09-10 13:00:00+00:00,2022-09-10 09:00:00-04:00,10,72.0,77.00053609885167,boost_5y_linear_aligned,True
2022-09-10 04:00:00+00:00,2022-09-10 14:00:00+00:00,2022-09-10 10:00:00-04:00,11,73.0,79.13487971552541,boost_5y_linear_aligned,True
2022-09-10 04:00:00+00:00,2022-09-10 15:00:00+00:00,2022-09-10 11:00:00-04:00,12,79.0,81.67319624862495,boost_5y_linear_aligned,True
2022-09-10 04:00:00+00:00,2022-09-10 16:00:00+00:00,2022-09-10 12:00:00-04:00,13,82.0,82.73886812357273,boost_5y_linear_aligned,True
2022-09-10 04:00:00+00:00,2022-09-10 17:00:00+00:00,2022-09-10 13:00:00-04:00,14,77.0,83.7506441645115,boost_5y_linear_aligned,True
2022-09-10 04:00:00+00:00,2022-09-10 18:00:00+00:00,2022-09-10 14:00:00-04:00,15,81.0,84.49827567287498,boost_5y_linear_aligned,True
2022-09-10 04:00:00+00:00,2022-09-10 19:00:00+00:00,2022-09-10 15:00:00-04:00,16,81.0,85.6600158204938,boost_5y_linear_aligned,True
2022-09-10 04:00:00+00:00,2022-09-10 20:00:00+00:00,2022-09-10 16:00:00-04:00,17,76.0,85.3484293331558,boost_5y_linear_aligned,True
2022-09-10 04:00:00+00:00,2022-09-10 21:00:00+00:00,2022-09-10 17:00:00-04:00,18,76.0,84.09720170161931,boost_5y_linear_aligned,True
2022-09-10 04:00:00+00:00,2022-09-10 22:00:00+00:00,2022-09-10 18:00:00-04:00,19,75.0,81.93826804606863,boost_5y_linear_aligned,True
2022-09-10 04:00:00+00:00,2022-09-10 23:00:00+00:00,2022-09-10 19:00:00-04:00,20,75.0,78.40819677536379,boost_5y_linear_aligned,True
2022-09-10 04:00:00+00:00,2022-09-11 00:00:00+00:00,2022-09-10 20:00:00-04:00,21,75.0,77.02633498948686,boost_5y_linear_aligned,True
2022-09-10 04:00:00+00:00,2022-09-11 01:00:00+00:00,2022-09-10 21:00:00-04:00,22,75.0,75.29802308660466,boost_5y_linear_aligned,True
2022-09-10 04:00:00+00:00,2022-09-11 02:00:00+00:00,2022-09-10 22:00:00-04:00,23,75.0,74.10790340894322,boost_5y_linear_aligned,True
2022-09-10 04:00:00+00:00,2022-09-11 03:00:00+00:00,2022-09-10 23:00:00-04:00,24,75.0,73.51180230846437,boost_5y_linear_aligned,True
2022-09-10 04:00:00+00:00,2022-09-11 04:00:00+00:00,2022-09-11 00:00:00-04:00,25,75.0,72.60747896813703,boost_5y_linear_aligned,True
2022-09-10 04:00:00+00:00,2022-09-11 05:00:00+00:00,2022-09-11 01:00:00-04:00,26,74.0,71.90257602816166,boost_5y_linear_aligned,True
2022-09-10 04:00:00+00:00,2022-09-11 06:00:00+00:00,2022-09-11 02:00:00-04:00,27,74.0,71.19814932165963,boost_5y_linear_aligned,True
2022-09-10 04:00:00+00:00,2022-09-11 07:00:00+00:00,2022-09-11 03:00:00-04:00,28,75.0,70.83018084187727,boost_5y_linear_aligned,True
2022-09-10 04:00:00+00:00,2022-09-11 08:00:00+00:00,2022-09-11 04:00:00-04:00,29,74.0,70.28423193163806,boost_5y_linear_aligned,True
2022-09-10 04:00:00+00:00,2022-09-11 09:00:00+00:00,2022-09-11 05:00:00-04:00,30,74.0,69.94866848310593,boost_5y_linear_aligned,True
2022-09-10 04:00:00+00:00,2022-09-11 10:00:00+00:00,2022-09-11 06:00:00-04:00,31,74.0,69.62256468362081,boost_5y_linear_aligned,True
2022-09-10 04:00:00+00:00,2022-09-11 11:00:00+00:00,2022-09-11 07:00:00-04:00,32,74.0,70.87781025473764,boost_5y_linear_aligned,True
2022-09-10 04:00:00+00:00,2022-09-11 12:00:00+00:00,2022-09-11 08:00:00-04:00,33,75.0,73.86099475626337,boost_5y_linear_aligned,True
2022-09-10 04:00:00+00:00,2022-09-11 13:00:00+00:00,2022-09-11 09:00:00-04:00,34,77.0,77.25642420540181,boost_5y_linear_aligned,True
2022-09-10 04:00:00+00:00,2022-09-11 14:00:00+00:00,2022-09-11 10:00:00-04:00,35,81.0,79.72719886579198,boost_5y_linear_aligned,True
2022-09-10 04:00:00+00:00,2022-09-11 15:00:00+00:00,2022-09-11 11:00:00-04:00,36,82.0,82.17759581531122,boost_5y_linear_aligned,True
2022-09-10 04:00:00+00:00,2022-09-11 16:00:00+00:00,2022-09-11 12:00:00-04:00,37,86.0,83.28074172863545,boost_5y_linear_aligned,True
2022-09-10 04:00:00+00:00,2022-09-11 17:00:00+00:00,2022-09-11 13:00:00-04:00,38,85.0,84.41769717037208,boost_5y_linear_aligned,True
2022-09-10 04:00:00+00:00,2022-09-11 18:00:00+00:00,2022-09-11 14:00:00-04:00,39,89.0,85.09870132240012,boost_5y_linear_aligned,True
2022-09-10 04:00:00+00:00,2022-09-11 19:00:00+00:00,2022-09-11 15:00:00-04:00,40,87.0,85.68858941103862,boost_5y_linear_aligned,True
2022-09-10 04:00:00+00:00,2022-09-11 20:00:00+00:00,2022-09-11 16:00:00-04:00,41,84.0,85.1487650048407,boost_5y_linear_aligned,True
2022-09-10 04:00:00+00:00,2022-09-11 21:00:00+00:00,2022-09-11 17:00:00-04:00,42,84.0,83.65592389813708,boost_5y_linear_aligned,True
2022-09-10 04:00:00+00:00,2022-09-11 22:00:00+00:00,2022-09-11 18:00:00-04:00,43,83.0,81.41602341160836,boost_5y_linear_aligned,True
2022-09-10 04:00:00+00:00,2022-09-11 23:00:00+00:00,2022-09-11 19:00:00-04:00,44,80.0,78.1188122196041,boost_5y_linear_aligned,True
2022-09-10 04:00:00+00:00,2022-09-12 00:00:00+00:00,2022-09-11 20:00:00-04:00,45,80.0,76.41350194619879,boost_5y_linear_aligned,True
2022-09-10 04:00:00+00:00,2022-09-12 01:00:00+00:00,2022-09-11 21:00:00-04:00,46,79.0,75.34312706026856,boost_5y_linear_aligned,True
2022-09-10 04:00:00+00:00,2022-09-12 02:00:00+00:00,2022-09-11 22:00:00-04:00,47,78.0,73.98708572405695,boost_5y_linear_aligned,True
2022-09-10 04:00:00+00:00,2022-09-12 03:00:00+00:00,2022-09-11 23:00:00-04:00,48,78.0,73.32076047740927,boost_5y_linear_aligned,True
2022-09-10 04:00:00+00:00,2022-09-12 04:00:00+00:00,2022-09-12 00:00:00-04:00,49,77.0,72.33410798642812,boost_5y_linear_aligned,True
2022-09-10 04:00:00+00:00,2022-09-12 05:00:00+00:00,2022-09-12 01:00:00-04:00,50,76.0,71.61601941243285,boost_5y_linear_aligned,True
2022-09-10 04:00:00+00:00,2022-09-12 06:00:00+00:00,2022-09-12 02:00:00-04:00,51,76.0,70.9770483678873,boost_5y_linear_aligned,True
2022-09-10 04:00:00+00:00,2022-09-12 07:00:00+00:00,2022-09-12 03:00:00-04:00,52,75.0,70.59161843933572,boost_5y_linear_aligned,True
2022-09-10 04:00:00+00:00,2022-09-12 08:00:00+00:00,2022-09-12 04:00:00-04:00,53,74.0,70.03391049037828,boost_5y_linear_aligned,True
2022-09-10 04:00:00+00:00,2022-09-12 09:00:00+00:00,2022-09-12 05:00:00-04:00,54,74.0,69.71901735452222,boost_5y_linear_aligned,True
2022-09-10 04:00:00+00:00,2022-09-12 10:00:00+00:00,2022-09-12 06:00:00-04:00,55,74.0,69.42332298734001,boost_5y_linear_aligned,True
2022-09-10 04:00:00+00:00,2022-09-12 11:00:00+00:00,2022-09-12 07:00:00-04:00,56,75.0,70.6680511880246,boost_5y_linear_aligned,True
2022-09-10 04:00:00+00:00,2022-09-12 12:00:00+00:00,2022-09-12 08:00:00-04:00,57,77.0,73.52490624648131,boost_5y_linear_aligned,True
2022-09-10 04:00:00+00:00,2022-09-12 13:00:00+00:00,2022-09-12 09:00:00-04:00,58,81.0,76.62050927685708,boost_5y_linear_aligned,True
2022-09-10 04:00:00+00:00,2022-09-12 14:00:00+00:00,2022-09-12 10:00:00-04:00,59,84.0,78.9360105035691,boost_5y_linear_aligned,True
2022-09-10 04:00:00+00:00,2022-09-12 15:00:00+00:00,2022-09-12 11:00:00-04:00,60,87.0,81.467758723019,boost_5y_linear_aligned,True
2022-09-10 04:00:00+00:00,2022-09-12 16:00:00+00:00,2022-09-12 12:00:00-04:00,61,91.0,82.6257027227203,boost_5y_linear_aligned,True
2022-09-10 04:00:00+00:00,2022-09-12 17:00:00+00:00,2022-09-12 13:00:00-04:00,62,90.0,83.56976924081279,boost_5y_linear_aligned,True
2022-09-10 04:00:00+00:00,2022-09-12 18:00:00+00:00,2022-09-12 14:00:00-04:00,63,87.0,84.27903490956814,boost_5y_linear_aligned,True
2022-09-10 04:00:00+00:00,2022-09-12 19:00:00+00:00,2022-09-12 15:00:00-04:00,64,91.0,84.8607809216742,boost_5y_linear_aligned,True
2022-09-10 04:00:00+00:00,2022-09-12 20:00:00+00:00,2022-09-12 16:00:00-04:00,65,90.0,84.34646172612139,boost_5y_linear_aligned,True
2022-09-10 04:00:00+00:00,2022-09-12 21:00:00+00:00,2022-09-12 17:00:00-04:00,66,85.0,82.93115508809355,boost_5y_linear_aligned,True
2022-09-10 04:00:00+00:00,2022-09-12 22:00:00+00:00,2022-09-12 18:00:00-04:00,67,80.0,80.46422995130777,boost_5y_linear_aligned,True
2022-09-10 04:00:00+00:00,2022-09-12 23:00:00+00:00,2022-09-12 19:00:00-04:00,68,75.0,77.13420411784608,boost_5y_linear_aligned,True
2022-09-10 04:00:00+00:00,2022-09-13 00:00:00+00:00,2022-09-12 20:00:00-04:00,69,74.0,75.31923363224473,boost_5y_linear_aligned,True
2022-09-10 04:00:00+00:00,2022-09-13 01:00:00+00:00,2022-09-12 21:00:00-04:00,70,73.0,74.08941013259584,boost_5y_linear_aligned,True
2022-09-10 04:00:00+00:00,2022-09-13 02:00:00+00:00,2022-09-12 22:00:00-04:00,71,74.0,72.80069848348361,boost_5y_linear_aligned,True
2022-09-10 04:00:00+00:00,2022-09-13 03:00:00+00:00,2022-09-12 23:00:00-04:00,72,73.0,72.11741082502576,boost_5y_linear_aligned,True
2022-09-10 04:00:00+00:00,2022-09-13 04:00:00+00:00,2022-09-13 00:00:00-04:00,73,71.0,71.33582857991598,boost_5y_linear_aligned,True
2022-09-10 04:00:00+00:00,2022-09-13 05:00:00+00:00,2022-09-13 01:00:00-04:00,74,72.0,70.60731343121479,boost_5y_linear_aligned,True
2022-09-10 04:00:00+00:00,2022-09-13 06:00:00+00:00,2022-09-13 02:00:00-04:00,75,72.0,70.05140216970969,boost_5y_linear_aligned,True
2022-09-10 04:00:00+00:00,2022-09-13 07:00:00+00:00,2022-09-13 03:00:00-04:00,76,71.0,69.5999038868701,boost_5y_linear_aligned,True
2022-09-10 04:00:00+00:00,2022-09-13 08:00:00+00:00,2022-09-13 04:00:00-04:00,77,70.0,68.92244027601299,boost_5y_linear_aligned,True
2022-09-10 04:00:00+00:00,2022-09-13 09:00:00+00:00,2022-09-13 05:00:00-04:00,78,69.0,68.64422411422231,boost_5y_linear_aligned,True
2022-09-10 04:00:00+00:00,2022-09-13 10:00:00+00:00,2022-09-13 06:00:00-04:00,79,68.0,68.32030663203174,boost_5y_linear_aligned,True
2022-09-10 04:00:00+00:00,2022-09-13 11:00:00+00:00,2022-09-13 07:00:00-04:00,80,68.0,69.53704693507184,boost_5y_linear_aligned,True
2022-09-10 04:00:00+00:00,2022-09-13 12:00:00+00:00,2022-09-13 08:00:00-04:00,81,71.0,72.42919745615752,boost_5y_linear_aligned,True
2022-09-10 04:00:00+00:00,2022-09-13 13:00:00+00:00,2022-09-13 09:00:00-04:00,82,74.0,75.40859674099475,boost_5y_linear_aligned,True
2022-09-10 04:00:00+00:00,2022-09-13 14:00:00+00:00,2022-09-13 10:00:00-04:00,83,77.0,77.7787991116521,boost_5y_linear_aligned,True
2022-09-10 04:00:00+00:00,2022-09-13 15:00:00+00:00,2022-09-13 11:00:00-04:00,84,79.0,80.18801913287764,boost_5y_linear_aligned,True
2022-09-10 04:00:00+00:00,2022-09-13 16:00:00+00:00,2022-09-13 12:00:00-04:00,85,81.0,81.39345421555217,boost_5y_linear_aligned,True
2022-09-10 04:00:00+00:00,2022-09-13 17:00:00+00:00,2022-09-13 13:00:00-04:00,86,84.0,82.34572753952568,boost_5y_linear_aligned,True
2022-09-10 04:00:00+00:00,2022-09-13 18:00:00+00:00,2022-09-13 14:00:00-04:00,87,85.0,83.05647810315689,boost_5y_linear_aligned,True
2022-09-10 04:00:00+00:00,2022-09-13 19:00:00+00:00,2022-09-13 15:00:00-04:00,88,84.0,83.54388958615765,boost_5y_linear_aligned,True
2022-09-10 04:00:00+00:00,2022-09-13 20:00:00+00:00,2022-09-13 16:00:00-04:00,89,85.0,83.09558449201455,boost_5y_linear_aligned,True
2022-09-10 04:00:00+00:00,2022-09-13 21:00:00+00:00,2022-09-13 17:00:00-04:00,90,83.0,81.63299747053483,boost_5y_linear_aligned,True
2022-09-10 04:00:00+00:00,2022-09-13 22:00:00+00:00,2022-09-13 18:00:00-04:00,91,80.0,78.98106157696083,boost_5y_linear_aligned,True
2022-09-10 04:00:00+00:00,2022-09-13 23:00:00+00:00,2022-09-13 19:00:00-04:00,92,75.0,75.30055399247493,boost_5y_linear_aligned,True
2022-09-10 04:00:00+00:00,2022-09-14 00:00:00+00:00,2022-09-13 20:00:00-04:00,93,67.0,73.51128246674702,boost_5y_linear_aligned,True
2022-09-10 04:00:00+00:00,2022-09-14 01:00:00+00:00,2022-09-13 21:00:00-04:00,94,69.0,72.38156553976144,boost_5y_linear_aligned,True
2022-09-10 04:00:00+00:00,2022-09-14 02:00:00+00:00,2022-09-13 22:00:00-04:00,95,65.0,71.51319144422925,boost_5y_linear_aligned,True
2022-09-10 04:00:00+00:00,2022-09-14 03:00:00+00:00,2022-09-13 23:00:00-04:00,96,63.0,70.77344541025198,boost_5y_linear_aligned,True
2022-09-10 04:00:00+00:00,2022-09-14 04:00:00+00:00,2022-09-14 00:00:00-04:00,97,63.0,69.926800801953,boost_5y_linear_aligned,True
2022-09-10 04:00:00+00:00,2022-09-14 05:00:00+00:00,2022-09-14 01:00:00-04:00,98,64.0,69.1776434099285,boost_5y_linear_aligned,True
2022-09-10 04:00:00+00:00,2022-09-14 06:00:00+00:00,2022-09-14 02:00:00-04:00,99,61.0,68.58808374405017,boost_5y_linear_aligned,True
2022-09-10 04:00:00+00:00,2022-09-14 07:00:00+00:00,2022-09-14 03:00:00-04:00,100,60.0,68.11508872920042,boost_5y_linear_aligned,True
2022-09-10 04:00:00+00:00,2022-09-14 08:00:00+00:00,2022-09-14 04:00:00-04:00,101,59.0,67.62487465792566,boost_5y_linear_aligned,True
2022-09-10 04:00:00+00:00,2022-09-14 09:00:00+00:00,2022-09-14 05:00:00-04:00,102,60.0,67.31731225392953,boost_5y_linear_aligned,True
2022-09-10 04:00:00+00:00,2022-09-14 10:00:00+00:00,2022-09-14 06:00:00-04:00,103,60.0,67.0342707594754,boost_5y_linear_aligned,True
2022-09-10 04:00:00+00:00,2022-09-14 11:00:00+00:00,2022-09-14 07:00:00-04:00,104,62.0,68.32107709736651,boost_5y_linear_aligned,True
2022-09-10 04:00:00+00:00,2022-09-14 12:00:00+00:00,2022-09-14 08:00:00-04:00,105,66.0,71.27560252465453,boost_5y_linear_aligned,True
2022-09-10 04:00:00+00:00,2022-09-14 13:00:00+00:00,2022-09-14 09:00:00-04:00,106,72.0,74.20940694158567,boost_5y_linear_aligned,True
2022-09-10 04:00:00+00:00,2022-09-14 14:00:00+00:00,2022-09-14 10:00:00-04:00,107,73.0,76.50672527497014,boost_5y_linear_aligned,True
2022-09-10 04:00:00+00:00,2022-09-14 15:00:00+00:00,2022-09-14 11:00:00-04:00,108,76.0,78.83160247456061,boost_5y_linear_aligned,True
2022-09-10 04:00:00+00:00,2022-09-14 16:00:00+00:00,2022-09-14 12:00:00-04:00,109,78.0,80.04434159991122,boost_5y_linear_aligned,True
2022-09-10 04:00:00+00:00,2022-09-14 17:00:00+00:00,2022-09-14 13:00:00-04:00,110,78.0,81.25312863521944,boost_5y_linear_aligned,True
2022-09-10 04:00:00+00:00,2022-09-14 18:00:00+00:00,2022-09-14 14:00:00-04:00,111,80.0,81.74738627253211,boost_5y_linear_aligned,True
2022-09-10 04:00:00+00:00,2022-09-14 19:00:00+00:00,2022-09-14 15:00:00-04:00,112,80.0,82.09271289328949,boost_5y_linear_aligned,True
2022-09-10 04:00:00+00:00,2022-09-14 20:00:00+00:00,2022-09-14 16:00:00-04:00,113,80.0,81.45062779919778,boost_5y_linear_aligned,True
2022-09-10 04:00:00+00:00,2022-09-14 21:00:00+00:00,2022-09-14 17:00:00-04:00,114,78.0,80.10880007356725,boost_5y_linear_aligned,True
2022-09-10 04:00:00+00:00,2022-09-14 22:00:00+00:00,2022-09-14 18:00:00-04:00,115,76.0,77.48919377920208,boost_5y_linear_aligned,True
2022-09-10 04:00:00+00:00,2022-09-14 23:00:00+00:00,2022-09-14 19:00:00-04:00,116,71.0,74.40680434387092,boost_5y_linear_aligned,True
2022-09-10 04:00:00+00:00,2022-09-15 00:00:00+00:00,2022-09-14 20:00:00-04:00,117,67.0,72.68807566979012,boost_5y_linear_aligned,True
2022-09-10 04:00:00+00:00,2022-09-15 01:00:00+00:00,2022-09-14 21:00:00-04:00,118,65.0,71.6255267736791,boost_5y_linear_aligned,True
2022-09-10 04:00:00+00:00,2022-09-15 02:00:00+00:00,2022-09-14 22:00:00-04:00,119,64.0,70.77210711537144,boost_5y_linear_aligned,True
2022-09-10 04:00:00+00:00,2022-09-15 03:00:00+00:00,2022-09-14 23:00:00-04:00,120,61.0,69.96179488061742,boost_5y_linear_aligned,True
2022-09-10 04:00:00+00:00,2022-09-15 04:00:00+00:00,2022-09-15 00:00:00-04:00,121,62.0,69.19583127111797,boost_5y_linear_aligned,True
2022-09-10 04:00:00+00:00,2022-09-15 05:00:00+00:00,2022-09-15 01:00:00-04:00,122,61.0,68.42408162488643,boost_5y_linear_aligned,True
2022-09-10 04:00:00+00:00,2022-09-15 06:00:00+00:00,2022-09-15 02:00:00-04:00,123,59.0,67.97231883609909,boost_5y_linear_aligned,True
2022-09-10 04:00:00+00:00,2022-09-15 07:00:00+00:00,2022-09-15 03:00:00-04:00,124,60.0,67.50918062981728,boost_5y_linear_aligned,True
2022-09-10 04:00:00+00:00,2022-09-15 08:00:00+00:00,2022-09-15 04:00:00-04:00,125,59.0,67.05047953333303,boost_5y_linear_aligned,True
2022-09-10 04:00:00+00:00,2022-09-15 09:00:00+00:00,2022-09-15 05:00:00-04:00,126,59.0,66.79795713548799,boost_5y_linear_aligned,True
2022-09-10 04:00:00+00:00,2022-09-15 10:00:00+00:00,2022-09-15 06:00:00-04:00,127,58.0,66.55944673351478,boost_5y_linear_aligned,True
2022-09-10 04:00:00+00:00,2022-09-15 11:00:00+00:00,2022-09-15 07:00:00-04:00,128,63.0,67.72290561464804,boost_5y_linear_aligned,True
2022-09-10 04:00:00+00:00,2022-09-15 12:00:00+00:00,2022-09-15 08:00:00-04:00,129,67.0,70.60403621362899,boost_5y_linear_aligned,True
2022-09-10 04:00:00+00:00,2022-09-15 13:00:00+00:00,2022-09-15 09:00:00-04:00,130,72.0,73.72292342304036,boost_5y_linear_aligned,True
2022-09-10 04:00:00+00:00,2022-09-15 14:00:00+00:00,2022-09-15 10:00:00-04:00,131,76.0,76.40413877012696,boost_5y_linear_aligned,True
2022-09-10 04:00:00+00:00,2022-09-15 15:00:00+00:00,2022-09-15 11:00:00-04:00,132,78.0,78.66698450484829,boost_5y_linear_aligned,True
2022-09-10 04:00:00+00:00,2022-09-15 16:00:00+00:00,2022-09-15 12:00:00-04:00,133,80.0,80.03564399148281,boost_5y_linear_aligned,True
2022-09-10 04:00:00+00:00,2022-09-15 17:00:00+00:00,2022-09-15 13:00:00-04:00,134,80.0,81.18495097283514,boost_5y_linear_aligned,True
2022-09-10 04:00:00+00:00,2022-09-15 18:00:00+00:00,2022-09-15 14:00:00-04:00,135,82.0,81.83578370691103,boost_5y_linear_aligned,True
2022-09-10 04:00:00+00:00,2022-09-15 19:00:00+00:00,2022-09-15 15:00:00-04:00,136,82.0,82.03502531838608,boost_5y_linear_aligned,True
2022-09-10 04:00:00+00:00,2022-09-15 20:00:00+00:00,2022-09-15 16:00:00-04:00,137,83.0,81.49961243778948,boost_5y_linear_aligned,True
2022-09-10 04:00:00+00:00,2022-09-15 21:00:00+00:00,2022-09-15 17:00:00-04:00,138,81.0,80.1584287123555,boost_5y_linear_aligned,True
2022-09-10 04:00:00+00:00,2022-09-15 22:00:00+00:00,2022-09-15 18:00:00-04:00,139,78.0,77.64247696683297,boost_5y_linear_aligned,True
2022-09-10 04:00:00+00:00,2022-09-15 23:00:00+00:00,2022-09-15 19:00:00-04:00,140,73.0,74.55164218413195,boost_5y_linear_aligned,True
2022-09-10 04:00:00+00:00,2022-09-16 00:00:00+00:00,2022-09-15 20:00:00-04:00,141,71.0,73.22194518338321,boost_5y_linear_aligned,True
2022-09-10 04:00:00+00:00,2022-09-16 01:00:00+00:00,2022-09-15 21:00:00-04:00,142,69.0,72.0073387106855,boost_5y_linear_aligned,True
2022-09-10 04:00:00+00:00,2022-09-16 02:00:00+00:00,2022-09-15 22:00:00-04:00,143,66.0,71.0055631407948,boost_5y_linear_aligned,True
2022-09-10 04:00:00+00:00,2022-09-16 03:00:00+00:00,2022-09-15 23:00:00-04:00,144,64.0,70.29120233138843,boost_5y_linear_aligned,True
2022-09-10 04:00:00+00:00,2022-09-16 04:00:00+00:00,2022-09-16 00:00:00-04:00,145,65.0,69.31126797871092,boost_5y_linear_aligned,True
2022-09-10 04:00:00+00:00,2022-09-16 05:00:00+00:00,2022-09-16 01:00:00-04:00,146,64.0,68.53513022464841,boost_5y_linear_aligned,True
2022-09-10 04:00:00+00:00,2022-09-16 06:00:00+00:00,2022-09-16 02:00:00-04:00,147,63.0,68.05234907698619,boost_5y_linear_aligned,True
2022-09-10 04:00:00+00:00,2022-09-16 07:00:00+00:00,2022-09-16 03:00:00-04:00,148,62.0,67.41376950635028,boost_5y_linear_aligned,True
2022-09-10 04:00:00+00:00,2022-09-16 08:00:00+00:00,2022-09-16 04:00:00-04:00,149,60.0,66.89352891855812,boost_5y_linear_aligned,True
2022-09-10 04:00:00+00:00,2022-09-16 09:00:00+00:00,2022-09-16 05:00:00-04:00,150,61.0,66.64360767775896,boost_5y_linear_aligned,True
2022-09-10 04:00:00+00:00,2022-09-16 10:00:00+00:00,2022-09-16 06:00:00-04:00,151,60.0,66.33595364889851,boost_5y_linear_aligned,True
2022-09-10 04:00:00+00:00,2022-09-16 11:00:00+00:00,2022-09-16 07:00:00-04:00,152,63.0,67.55790238403145,boost_5y_linear_aligned,True
2022-09-10 04:00:00+00:00,2022-09-16 12:00:00+00:00,2022-09-16 08:00:00-04:00,153,69.0,70.43509397635782,boost_5y_linear_aligned,True
2022-09-10 04:00:00+00:00,2022-09-16 13:00:00+00:00,2022-09-16 09:00:00-04:00,154,74.0,73.57176289247192,boost_5y_linear_aligned,True
2022-09-10 04:00:00+00:00,2022-09-16 14:00:00+00:00,2022-09-16 10:00:00-04:00,155,79.0,76.09500982535481,boost_5y_linear_aligned,True
2022-09-10 04:00:00+00:00,2022-09-16 15:00:00+00:00,2022-09-16 11:00:00-04:00,156,80.0,78.40208983231545,boost_5y_linear_aligned,True
2022-09-10 04:00:00+00:00,2022-09-16 16:00:00+00:00,2022-09-16 12:00:00-04:00,157,81.0,79.87207680783335,boost_5y_linear_aligned,True
2022-09-10 04:00:00+00:00,2022-09-16 17:00:00+00:00,2022-09-16 13:00:00-04:00,158,83.0,81.00282866399004,boost_5y_linear_aligned,True
2022-09-10 04:00:00+00:00,2022-09-16 18:00:00+00:00,2022-09-16 14:00:00-04:00,159,83.0,81.68444245990638,boost_5y_linear_aligned,True
2022-09-10 04:00:00+00:00,2022-09-16 19:00:00+00:00,2022-09-16 15:00:00-04:00,160,83.0,81.73688980867094,boost_5y_linear_aligned,True
2022-09-10 04:00:00+00:00,2022-09-16 20:00:00+00:00,2022-09-16 16:00:00-04:00,161,84.0,81.32254827154948,boost_5y_linear_aligned,True
2022-09-10 04:00:00+00:00,2022-09-16 21:00:00+00:00,2022-09-16 17:00:00-04:00,162,82.0,79.94076865233284,boost_5y_linear_aligned,True
2022-09-10 04:00:00+00:00,2022-09-16 22:00:00+00:00,2022-09-16 18:00:00-04:00,163,78.0,77.27206152596747,boost_5y_linear_aligned,True
2022-09-10 04:00:00+00:00,2022-09-16 23:00:00+00:00,2022-09-16 19:00:00-04:00,164,76.0,74.14405572356802,boost_5y_linear_aligned,True
2022-09-10 04:00:00+00:00,2022-09-17 00:00:00+00:00,2022-09-16 20:00:00-04:00,165,71.0,72.78342543502126,boost_5y_linear_aligned,True
2022-09-10 04:00:00+00:00,2022-09-17 01:00:00+00:00,2022-09-16 21:00:00-04:00,166,69.0,71.5478071539807,boost_5y_linear_aligned,True
2022-09-10 04:00:00+00:00,2022-09-17 02:00:00+00:00,2022-09-16 22:00:00-04:00,167,68.0,70.68520174570047,boost_5y_linear_aligned,True
2022-09-10 04:00:00+00:00,2022-09-17 03:00:00+00:00,2022-09-16 23:00:00-04:00,168,66.0,69.86395229329342,boost_5y_linear_aligned,True
2022-09-10 04:00:00+00:00,2022-09-17 04:00:00+00:00,2022-09-17 00:00:00-04:00,169,64.0,68.8729900450997,boost_5y_linear_aligned,True
2022-09-10 04:00:00+00:00,2022-09-17 05:00:00+00:00,2022-09-17 01:00:00-04:00,170,63.0,68.10939678742515,boost_5y_linear_aligned,True
2022-09-10 04:00:00+00:00,2022-09-17 06:00:00+00:00,2022-09-17 02:00:00-04:00,171,66.0,67.61250001581116,boost_5y_linear_aligned,True
2022-09-10 04:00:00+00:00,2022-09-17 07:00:00+00:00,2022-09-17 03:00:00-04:00,172,64.0,66.96231517658569,boost_5y_linear_aligned,True
2022-09-10 04:00:00+00:00,2022-09-17 08:00:00+00:00,2022-09-17 04:00:00-04:00,173,62.0,66.51217425289671,boost_5y_linear_aligned,True
2022-09-10 04:00:00+00:00,2022-09-17 09:00:00+00:00,2022-09-17 05:00:00-04:00,174,59.0,66.25262125995557,boost_5y_linear_aligned,True
2022-09-10 04:00:00+00:00,2022-09-17 10:00:00+00:00,2022-09-17 06:00:00-04:00,175,60.0,65.95814399351822,boost_5y_linear_aligned,True
2022-09-10 04:00:00+00:00,2022-09-17 11:00:00+00:00,2022-09-17 07:00:00-04:00,176,62.0,67.27824059338305,boost_5y_linear_aligned,True
2022-09-10 04:00:00+00:00,2022-09-17 12:00:00+00:00,2022-09-17 08:00:00-04:00,177,69.0,70.23530432339331,boost_5y_linear_aligned,True
2022-09-10 04:00:00+00:00,2022-09-17 13:00:00+00:00,2022-09-17 09:00:00-04:00,178,73.0,73.41894039686872,boost_5y_linear_aligned,True
2022-09-10 04:00:00+00:00,2022-09-17 14:00:00+00:00,2022-09-17 10:00:00-04:00,179,77.0,76.01487365981929,boost_5y_linear_aligned,True
2022-09-10 04:00:00+00:00,2022-09-17 15:00:00+00:00,2022-09-17 11:00:00-04:00,180,80.0,78.44480173951877,boost_5y_linear_aligned,True
2022-09-10 04:00:00+00:00,2022-09-17 16:00:00+00:00,2022-09-17 12:00:00-04:00,181,81.0,79.62590040471801,boost_5y_linear_aligned,True
2022-09-10 04:00:00+00:00,2022-09-17 17:00:00+00:00,2022-09-17 13:00:00-04:00,182,82.0,80.82193856397022,boost_5y_linear_aligned,True
2022-09-10 04:00:00+00:00,2022-09-17 18:00:00+00:00,2022-09-17 14:00:00-04:00,183,82.0,81.47474013686599,boost_5y_linear_aligned,True
2022-09-10 04:00:00+00:00,2022-09-17 19:00:00+00:00,2022-09-17 15:00:00-04:00,184,83.0,81.45032422955855,boost_5y_linear_aligned,True
2022-09-10 04:00:00+00:00,2022-09-17 20:00:00+00:00,2022-09-17 16:00:00-04:00,185,83.0,80.92500762402535,boost_5y_linear_aligned,True
2022-09-10 04:00:00+00:00,2022-09-17 21:00:00+00:00,2022-09-17 17:00:00-04:00,186,82.0,79.64963215646635,boost_5y_linear_aligned,True
2022-09-10 04:00:00+00:00,2022-09-17 22:00:00+00:00,2022-09-17 18:00:00-04:00,187,79.0,76.91847458876393,boost_5y_linear_aligned,True
2022-09-10 04:00:00+00:00,2022-09-17 23:00:00+00:00,2022-09-17 19:00:00-04:00,188,72.0,73.79149647136116,boost_5y_linear_aligned,True
2022-09-10 04:00:00+00:00,2022-09-18 00:00:00+00:00,2022-09-17 20:00:00-04:00,189,70.0,72.17745916030316,boost_5y_linear_aligned,True
2022-09-10 04:00:00+00:00,2022-09-18 01:00:00+00:00,2022-09-17 21:00:00-04:00,190,69.0,70.84632351457469,boost_5y_linear_aligned,True
2022-09-10 04:00:00+00:00,2022-09-18 02:00:00+00:00,2022-09-17 22:00:00-04:00,191,66.0,69.79649839448892,boost_5y_linear_aligned,True
2022-09-10 04:00:00+00:00,2022-09-18 03:00:00+00:00,2022-09-17 23:00:00-04:00,192,65.0,69.05390698713093,boost_5y_linear_aligned,True
2022-09-10 04:00:00+00:00,2022-09-18 04:00:00+00:00,2022-09-18 00:00:00-04:00,193,66.0,68.22039246845453,boost_5y_linear_aligned,True
2022-09-10 04:00:00+00:00,2022-09-18 05:00:00+00:00,2022-09-18 01:00:00-04:00,194,66.0,67.39388851895423,boost_5y_linear_aligned,True
2022-09-10 04:00:00+00:00,2022-09-18 06:00:00+00:00,2022-09-18 02:00:00-04:00,195,64.0,66.93361666574737,boost_5y_linear_aligned,True
2022-09-10 04:00:00+00:00,2022-09-18 07:00:00+00:00,2022-09-18 03:00:00-04:00,196,63.0,66.30639671787145,boost_5y_linear_aligned,True
2022-09-10 04:00:00+00:00,2022-09-18 08:00:00+00:00,2022-09-18 04:00:00-04:00,197,64.0,65.8472540836435,boost_5y_linear_aligned,True
2022-09-10 04:00:00+00:00,2022-09-18 09:00:00+00:00,2022-09-18 05:00:00-04:00,198,62.0,65.52187071608633,boost_5y_linear_aligned,True
2022-09-10 04:00:00+00:00,2022-09-18 10:00:00+00:00,2022-09-18 06:00:00-04:00,199,61.0,65.30368554731928,boost_5y_linear_aligned,True
2022-09-10 04:00:00+00:00,2022-09-18 11:00:00+00:00,2022-09-18 07:00:00-04:00,200,63.0,66.48589649798308,boost_5y_linear_aligned,True
2022-09-10 04:00:00+00:00,2022-09-18 12:00:00+00:00,2022-09-18 08:00:00-04:00,201,71.0,69.57857764414102,boost_5y_linear_aligned,True
2022-09-10 04:00:00+00:00,2022-09-18 13:00:00+00:00,2022-09-18 09:00:00-04:00,202,77.0,72.72355841247061,boost_5y_linear_aligned,True
2022-09-10 04:00:00+00:00,2022-09-18 14:00:00+00:00,2022-09-18 10:00:00-04:00,203,81.0,75.30843824280424,boost_5y_linear_aligned,True
2022-09-10 04:00:00+00:00,2022-09-18 15:00:00+00:00,2022-09-18 11:00:00-04:00,204,81.0,77.71957651347338,boost_5y_linear_aligned,True
2022-09-10 04:00:00+00:00,2022-09-18 16:00:00+00:00,2022-09-18 12:00:00-04:00,205,82.0,79.09069193733788,boost_5y_linear_aligned,True
2022-09-10 04:00:00+00:00,2022-09-18 17:00:00+00:00,2022-09-18 13:00:00-04:00,206,83.0,80.29728648505738,boost_5y_linear_aligned,True
2022-09-10 04:00:00+00:00,2022-09-18 18:00:00+00:00,2022-09-18 14:00:00-04:00,207,87.0,81.0641553129852,boost_5y_linear_aligned,True
2022-09-10 04:00:00+00:00,2022-09-18 19:00:00+00:00,2022-09-18 15:00:00-04:00,208,84.0,80.96400950378244,boost_5y_linear_aligned,True
2022-09-10 04:00:00+00:00,2022-09-18 20:00:00+00:00,2022-09-18 16:00:00-04:00,209,85.0,80.55176946960442,boost_5y_linear_aligned,True
2022-09-10 04:00:00+00:00,2022-09-18 21:00:00+00:00,2022-09-18 17:00:00-04:00,210,84.0,79.3556844030504,boost_5y_linear_aligned,True
2022-09-10 04:00:00+00:00,2022-09-18 22:00:00+00:00,2022-09-18 18:00:00-04:00,211,79.0,76.55754962103077,boost_5y_linear_aligned,True
2022-09-10 04:00:00+00:00,2022-09-18 23:00:00+00:00,2022-09-18 19:00:00-04:00,212,76.0,73.34670370833705,boost_5y_linear_aligned,True
2022-09-10 04:00:00+00:00,2022-09-19 00:00:00+00:00,2022-09-18 20:00:00-04:00,213,72.0,71.74880574013723,boost_5y_linear_aligned,True
2022-09-10 04:00:00+00:00,2022-09-19 01:00:00+00:00,2022-09-18 21:00:00-04:00,214,70.0,70.53826090641262,boost_5y_linear_aligned,True
2022-09-10 04:00:00+00:00,2022-09-19 02:00:00+00:00,2022-09-18 22:00:00-04:00,215,71.0,69.50087769973804,boost_5y_linear_aligned,True
2022-09-10 04:00:00+00:00,2022-09-19 03:00:00+00:00,2022-09-18 23:00:00-04:00,216,68.0,68.76723682283425,boost_5y_linear_aligned,True
2022-09-10 04:00:00+00:00,2022-09-19 04:00:00+00:00,2022-09-19 00:00:00-04:00,217,67.0,67.8538553698268,boost_5y_linear_aligned,True
2022-09-10 04:00:00+00:00,2022-09-19 05:00:00+00:00,2022-09-19 01:00:00-04:00,218,67.0,67.03030070090368,boost_5y_linear_aligned,True
2022-09-10 04:00:00+00:00,2022-09-19 06:00:00+00:00,2022-09-19 02:00:00-04:00,219,66.0,66.56614881337443,boost_5y_linear_aligned,True
2022-09-10 04:00:00+00:00,2022-09-19 07:00:00+00:00,2022-09-19 03:00:00-04:00,220,66.0,66.00490219954025,boost_5y_linear_aligned,True
2022-09-10 04:00:00+00:00,2022-09-19 08:00:00+00:00,2022-09-19 04:00:00-04:00,221,65.0,65.54503212871688,boost_5y_linear_aligned,True
2022-09-10 04:00:00+00:00,2022-09-19 09:00:00+00:00,2022-09-19 05:00:00-04:00,222,64.0,65.21889797675213,boost_5y_linear_aligned,True
2022-09-10 04:00:00+00:00,2022-09-19 10:00:00+00:00,2022-09-19 06:00:00-04:00,223,63.0,64.9881015333067,boost_5y_linear_aligned,True
2022-09-10 04:00:00+00:00,2022-09-19 11:00:00+00:00,2022-09-19 07:00:00-04:00,224,67.0,66.17769620755894,boost_5y_linear_aligned,True
2022-09-10 04:00:00+00:00,2022-09-19 12:00:00+00:00,2022-09-19 08:00:00-04:00,225,73.0,69.24610115314131,boost_5y_linear_aligned,True
2022-09-10 04:00:00+00:00,2022-09-19 13:00:00+00:00,2022-09-19 09:00:00-04:00,226,79.0,72.45231864771185,boost_5y_linear_aligned,True
2022-09-10 04:00:00+00:00,2022-09-19 14:00:00+00:00,2022-09-19 10:00:00-04:00,227,84.0,75.08547056491598,boost_5y_linear_aligned,True
2022-09-10 04:00:00+00:00,2022-09-19 15:00:00+00:00,2022-09-19 11:00:00-04:00,228,86.0,77.51965463347034,boost_5y_linear_aligned,True
2022-09-10 04:00:00+00:00,2022-09-19 16:00:00+00:00,2022-09-19 12:00:00-04:00,229,87.0,78.9684171080867,boost_5y_linear_aligned,True
2022-09-10 04:00:00+00:00,2022-09-19 17:00:00+00:00,2022-09-19 13:00:00-04:00,230,90.0,80.20370028361425,boost_5y_linear_aligned,True
2022-09-10 04:00:00+00:00,2022-09-19 18:00:00+00:00,2022-09-19 14:00:00-04:00,231,88.0,80.97459666982536,boost_5y_linear_aligned,True
2022-09-10 04:00:00+00:00,2022-09-19 19:00:00+00:00,2022-09-19 15:00:00-04:00,232,89.0,80.8537865104422,boost_5y_linear_aligned,True
2022-09-10 04:00:00+00:00,2022-09-19 20:00:00+00:00,2022-09-19 16:00:00-04:00,233,88.0,80.46988596205662,boost_5y_linear_aligned,True
2022-09-10 04:00:00+00:00,2022-09-19 21:00:00+00:00,2022-09-19 17:00:00-04:00,234,87.0,79.28238430802625,boost_5y_linear_aligned,True
2022-09-10 04:00:00+00:00,2022-09-19 22:00:00+00:00,2022-09-19 18:00:00-04:00,235,85.0,76.47106893590941,boost_5y_linear_aligned,True
2022-09-10 04:00:00+00:00,2022-09-19 23:00:00+00:00,2022-09-19 19:00:00-04:00,236,80.0,73.4328697245346,boost_5y_linear_aligned,True
2022-09-10 04:00:00+00:00,2022-09-20 00:00:00+00:00,2022-09-19 20:00:00-04:00,237,76.0,71.71403539091891,boost_5y_linear_aligned,True
2022-09-10 04:00:00+00:00,2022-09-20 01:00:00+00:00,2022-09-19 21:00:00-04:00,238,72.0,70.51981255100843,boost_5y_linear_aligned,True
2022-09-10 04:00:00+00:00,2022-09-20 02:00:00+00:00,2022-09-19 22:00:00-04:00,239,73.0,69.49705500213166,boost_5y_linear_aligned,True
2022-09-10 04:00:00+00:00,2022-09-20 03:00:00+00:00,2022-09-19 23:00:00-04:00,240,69.0,68.68358773198409,boost_5y_linear_aligned,True
2022-09-10 04:00:00+00:00,2022-09-20 04:00:00+00:00,2022-09-20 00:00:00-04:00,241,69.0,67.75770570697489,boost_5y_linear_aligned,True
2022-09-10 04:00:00+00:00,2022-09-20 05:00:00+00:00,2022-09-20 01:00:00-04:00,242,68.0,66.96775521589585,boost_5y_linear_aligned,True
2022-09-10 04:00:00+00:00,2022-09-20 06:00:00+00:00,2022-09-20 02:00:00-04:00,243,68.0,66.43634921406195,boost_5y_linear_aligned,True
2022-09-10 04:00:00+00:00,2022-09-20 07:00:00+00:00,2022-09-20 03:00:00-04:00,244,68.0,65.73861041217953,boost_5y_linear_aligned,True
2022-09-10 04:00:00+00:00,2022-09-20 08:00:00+00:00,2022-09-20 04:00:00-04:00,245,66.0,65.2806278031814,boost_5y_linear_aligned,True
2022-09-10 04:00:00+00:00,2022-09-20 09:00:00+00:00,2022-09-20 05:00:00-04:00,246,65.0,64.925939763602,boost_5y_linear_aligned,True
2022-09-10 04:00:00+00:00,2022-09-20 10:00:00+00:00,2022-09-20 06:00:00-04:00,247,66.0,64.67213246671984,boost_5y_linear_aligned,True
2022-09-10 04:00:00+00:00,2022-09-20 11:00:00+00:00,2022-09-20 07:00:00-04:00,248,68.0,65.80044949277834,boost_5y_linear_aligned,True
2022-09-10 04:00:00+00:00,2022-09-20 12:00:00+00:00,2022-09-20 08:00:00-04:00,249,76.0,68.94458551544413,boost_5y_linear_aligned,True
2022-09-10 04:00:00+00:00,2022-09-20 13:00:00+00:00,2022-09-20 09:00:00-04:00,250,81.0,72.09053464034682,boost_5y_linear_aligned,True
2022-09-10 04:00:00+00:00,2022-09-20 14:00:00+00:00,2022-09-20 10:00:00-04:00,251,85.0,74.72330119030468,boost_5y_linear_aligned,True
2022-09-10 04:00:00+00:00,2022-09-20 15:00:00+00:00,2022-09-20 11:00:00-04:00,252,85.0,77.16230982261561,boost_5y_linear_aligned,True
2022-09-10 04:00:00+00:00,2022-09-20 16:00:00+00:00,2022-09-20 12:00:00-04:00,253,88.0,78.53717307944775,boost_5y_linear_aligned,True
2022-09-10 04:00:00+00:00,2022-09-20 17:00:00+00:00,2022-09-20 13:00:00-04:00,254,90.0,79.86261470600851,boost_5y_linear_aligned,True
2022-09-10 04:00:00+00:00,2022-09-20 18:00:00+00:00,2022-09-20 14:00:00-04:00,255,90.0,80.6306006437548,boost_5y_linear_aligned,True
2022-09-10 04:00:00+00:00,2022-09-20 19:00:00+00:00,2022-09-20 15:00:00-04:00,256,89.0,80.49748519750814,boost_5y_linear_aligned,True
2022-09-10 04:00:00+00:00,2022-09-20 20:00:00+00:00,2022-09-20 16:00:00-04:00,257,90.0,80.12092129382158,boost_5y_linear_aligned,True
2022-09-10 04:00:00+00:00,2022-09-20 21:00:00+00:00,2022-09-20 17:00:00-04:00,258,88.0,79.00582467209928,boost_5y_linear_aligned,True
2022-09-10 04:00:00+00:00,2022-09-20 22:00:00+00:00,2022-09-20 18:00:00-04:00,259,84.0,76.28774046863744,boost_5y_linear_aligned,True
2022-09-10 04:00:00+00:00,2022-09-20 23:00:00+00:00,2022-09-20 19:00:00-04:00,260,80.0,73.21283914530905,boost_5y_linear_aligned,True
2022-09-10 04:00:00+00:00,2022-09-21 00:00:00+00:00,2022-09-20 20:00:00-04:00,261,76.0,71.37450298790309,boost_5y_linear_aligned,True
2022-09-10 04:00:00+00:00,2022-09-21 01:00:00+00:00,2022-09-20 21:00:00-04:00,262,75.0,70.03067157937056,boost_5y_linear_aligned,True
2022-09-10 04:00:00+00:00,2022-09-21 02:00:00+00:00,2022-09-20 22:00:00-04:00,263,71.0,69.05058301849559,boost_5y_linear_aligned,True
2022-09-10 04:00:00+00:00,2022-09-21 03:00:00+00:00,2022-09-20 23:00:00-04:00,264,70.0,68.31856208516929,boost_5y_linear_aligned,True
2022-09-10 04:00:00+00:00,2022-09-21 04:00:00+00:00,2022-09-21 00:00:00-04:00,265,68.0,67.39432481603815,boost_5y_linear_aligned,True
2022-09-10 04:00:00+00:00,2022-09-21 05:00:00+00:00,2022-09-21 01:00:00-04:00,266,67.0,66.59636360249574,boost_5y_linear_aligned,True
2022-09-10 04:00:00+00:00,2022-09-21 06:00:00+00:00,2022-09-21 02:00:00-04:00,267,66.0,66.14505213632782,boost_5y_linear_aligned,True
2022-09-10 04:00:00+00:00,2022-09-21 07:00:00+00:00,2022-09-21 03:00:00-04:00,268,66.0,65.48261201062093,boost_5y_linear_aligned,True
2022-09-10 04:00:00+00:00,2022-09-21 08:00:00+00:00,2022-09-21 04:00:00-04:00,269,66.0,65.0388183476986,boost_5y_linear_aligned,True
2022-09-10 04:00:00+00:00,2022-09-21 09:00:00+00:00,2022-09-21 05:00:00-04:00,270,65.0,64.66622524905732,boost_5y_linear_aligned,True
2022-09-10 04:00:00+00:00,2022-09-21 10:00:00+00:00,2022-09-21 06:00:00-04:00,271,65.0,64.38803047959502,boost_5y_linear_aligned,True
2022-09-10 04:00:00+00:00,2022-09-21 11:00:00+00:00,2022-09-21 07:00:00-04:00,272,67.0,65.5257807773643,boost_5y_linear_aligned,True
2022-09-10 04:00:00+00:00,2022-09-21 12:00:00+00:00,2022-09-21 08:00:00-04:00,273,72.0,68.85831936853688,boost_5y_linear_aligned,True
2022-09-10 04:00:00+00:00,2022-09-21 13:00:00+00:00,2022-09-21 09:00:00-04:00,274,77.0,72.37278445404388,boost_5y_linear_aligned,True
2022-09-10 04:00:00+00:00,2022-09-21 14:00:00+00:00,2022-09-21 10:00:00-04:00,275,82.0,75.14953736603817,boost_5y_linear_aligned,True
2022-09-10 04:00:00+00:00,2022-09-21 15:00:00+00:00,2022-09-21 11:00:00-04:00,276,86.0,77.57585667195511,boost_5y_linear_aligned,True
2022-09-10 04:00:00+00:00,2022-09-21 16:00:00+00:00,2022-09-21 12:00:00-04:00,277,91.0,79.00589868626467,boost_5y_linear_aligned,True
2022-09-10 04:00:00+00:00,2022-09-21 17:00:00+00:00,2022-09-21 13:00:00-04:00,278,91.0,80.32832915205033,boost_5y_linear_aligned,True
2022-09-10 04:00:00+00:00,2022-09-21 18:00:00+00:00,2022-09-21 14:00:00-04:00,279,94.0,81.0377003899814,boost_5y_linear_aligned,True
2022-09-10 04:00:00+00:00,2022-09-21 19:00:00+00:00,2022-09-21 15:00:00-04:00,280,96.0,80.97761952199868,boost_5y_linear_aligned,True
2022-09-10 04:00:00+00:00,2022-09-21 20:00:00+00:00,2022-09-21 16:00:00-04:00,281,94.0,80.61051522778607,boost_5y_linear_aligned,True
2022-09-10 04:00:00+00:00,2022-09-21 21:00:00+00:00,2022-09-21 17:00:00-04:00,282,90.0,79.41494387136908,boost_5y_linear_aligned,True
2022-09-10 04:00:00+00:00,2022-09-21 22:00:00+00:00,2022-09-21 18:00:00-04:00,283,87.0,76.63269336739957,boost_5y_linear_aligned,True
2022-09-10 04:00:00+00:00,2022-09-21 23:00:00+00:00,2022-09-21 19:00:00-04:00,284,83.0,73.5279935863102,boost_5y_linear_aligned,True
2022-09-10 04:00:00+00:00,2022-09-22 00:00:00+00:00,2022-09-21 20:00:00-04:00,285,78.0,71.63370872109147,boost_5y_linear_aligned,True
2022-09-10 04:00:00+00:00,2022-09-22 01:00:00+00:00,2022-09-21 21:00:00-04:00,286,75.0,70.29359181277354,boost_5y_linear_aligned,True
2022-09-10 04:00:00+00:00,2022-09-22 02:00:00+00:00,2022-09-21 22:00:00-04:00,287,71.0,69.31097592777475,boost_5y_linear_aligned,True
2022-09-10 04:00:00+00:00,2022-09-22 03:00:00+00:00,2022-09-21 23:00:00-04:00,288,71.0,68.48834474084562,boost_5y_linear_aligned,True
2022-09-10 04:00:00+00:00,2022-09-22 04:00:00+00:00,2022-09-22 00:00:00-04:00,289,70.0,67.63045868835813,boost_5y_linear_aligned,True
2022-09-10 04:00:00+00:00,2022-09-22 05:00:00+00:00,2022-09-22 01:00:00-04:00,290,72.0,66.72309665622424,boost_5y_linear_aligned,True
2022-09-10 04:00:00+00:00,2022-09-22 06:00:00+00:00,2022-09-22 02:00:00-04:00,291,68.0,66.25574039472488,boost_5y_linear_aligned,True
2022-09-10 04:00:00+00:00,2022-09-22 07:00:00+00:00,2022-09-22 03:00:00-04:00,292,68.0,65.57687529426215,boost_5y_linear_aligned,True
2022-09-10 04:00:00+00:00,2022-09-22 08:00:00+00:00,2022-09-22 04:00:00-04:00,293,68.0,65.11812977154186,boost_5y_linear_aligned,True
2022-09-10 04:00:00+00:00,2022-09-22 09:00:00+00:00,2022-09-22 05:00:00-04:00,294,67.0,64.67207599002623,boost_5y_linear_aligned,True
2022-09-10 04:00:00+00:00,2022-09-22 10:00:00+00:00,2022-09-22 06:00:00-04:00,295,69.0,64.35683840000502,boost_5y_linear_aligned,True
2022-09-10 04:00:00+00:00,2022-09-22 11:00:00+00:00,2022-09-22 07:00:00-04:00,296,70.0,65.53545041957243,boost_5y_linear_aligned,True
2022-09-10 04:00:00+00:00,2022-09-22 12:00:00+00:00,2022-09-22 08:00:00-04:00,297,75.0,68.91686722881455,boost_5y_linear_aligned,True
2022-09-10 04:00:00+00:00,2022-09-22 13:00:00+00:00,2022-09-22 09:00:00-04:00,298,83.0,72.30549958609508,boost_5y_linear_aligned,True
2022-09-10 04:00:00+00:00,2022-09-22 14:00:00+00:00,2022-09-22 10:00:00-04:00,299,87.0,75.13729036917917,boost_5y_linear_aligned,True
2022-09-10 04:00:00+00:00,2022-09-22 15:00:00+00:00,2022-09-22 11:00:00-04:00,300,92.0,77.48576625766252,boost_5y_linear_aligned,True
2022-09-10 04:00:00+00:00,2022-09-22 16:00:00+00:00,2022-09-22 12:00:00-04:00,301,96.0,78.99871362111737,boost_5y_linear_aligned,True
2022-09-10 04:00:00+00:00,2022-09-22 17:00:00+00:00,2022-09-22 13:00:00-04:00,302,97.0,80.29586808205674,boost_5y_linear_aligned,True
2022-09-10 04:00:00+00:00,2022-09-22 18:00:00+00:00,2022-09-22 14:00:00-04:00,303,94.0,80.95390899367182,boost_5y_linear_aligned,True
2022-09-10 04:00:00+00:00,2022-09-22 19:00:00+00:00,2022-09-22 15:00:00-04:00,304,91.0,80.92377808745462,boost_5y_linear_aligned,True
2022-09-10 04:00:00+00:00,2022-09-22 20:00:00+00:00,2022-09-22 16:00:00-04:00,305,80.0,80.47959177279526,boost_5y_linear_aligned,True
2022-09-10 04:00:00+00:00,2022-09-22 21:00:00+00:00,2022-09-22 17:00:00-04:00,306,84.0,79.2094273101018,boost_5y_linear_aligned,True
2022-09-10 04:00:00+00:00,2022-09-22 22:00:00+00:00,2022-09-22 18:00:00-04:00,307,80.0,76.4221320046981,boost_5y_linear_aligned,True
2022-09-10 04:00:00+00:00,2022-09-22 23:00:00+00:00,2022-09-22 19:00:00-04:00,308,76.0,73.28784210187752,boost_5y_linear_aligned,True
2022-09-10 04:00:00+00:00,2022-09-23 00:00:00+00:00,2022-09-22 20:00:00-04:00,309,73.0,71.487334424843,boost_5y_linear_aligned,True
2022-09-10 04:00:00+00:00,2022-09-23 01:00:00+00:00,2022-09-22 21:00:00-04:00,310,72.0,70.1650842812763,boost_5y_linear_aligned,True
2022-09-10 04:00:00+00:00,2022-09-23 02:00:00+00:00,2022-09-22 22:00:00-04:00,311,70.0,69.10439273969244,boost_5y_linear_aligned,True
2022-09-10 04:00:00+00:00,2022-09-23 03:00:00+00:00,2022-09-22 23:00:00-04:00,312,68.0,68.35098469512859,boost_5y_linear_aligned,True
2022-09-10 04:00:00+00:00,2022-09-23 04:00:00+00:00,2022-09-23 00:00:00-04:00,313,66.0,67.48127640039606,boost_5y_linear_aligned,True
2022-09-10 04:00:00+00:00,2022-09-23 05:00:00+00:00,2022-09-23 01:00:00-04:00,314,65.0,66.54760052629491,boost_5y_linear_aligned,True
2022-09-10 04:00:00+00:00,2022-09-23 06:00:00+00:00,2022-09-23 02:00:00-04:00,315,62.0,66.03539574931072,boost_5y_linear_aligned,True
2022-09-10 04:00:00+00:00,2022-09-23 07:00:00+00:00,2022-09-23 03:00:00-04:00,316,60.0,65.26539878475221,boost_5y_linear_aligned,True
2022-09-10 04:00:00+00:00,2022-09-23 08:00:00+00:00,2022-09-23 04:00:00-04:00,317,58.0,64.8077698676594,boost_5y_linear_aligned,True
2022-09-10 04:00:00+00:00,2022-09-23 09:00:00+00:00,2022-09-23 05:00:00-04:00,318,55.0,64.33739696254086,boost_5y_linear_aligned,True
2022-09-10 04:00:00+00:00,2022-09-23 10:00:00+00:00,2022-09-23 06:00:00-04:00,319,55.0,63.99036966255236,boost_5y_linear_aligned,True
2022-09-10 04:00:00+00:00,2022-09-23 11:00:00+00:00,2022-09-23 07:00:00-04:00,320,56.0,65.19975514705662,boost_5y_linear_aligned,True
2022-09-10 04:00:00+00:00,2022-09-23 12:00:00+00:00,2022-09-23 08:00:00-04:00,321,60.0,68.46004534070781,boost_5y_linear_aligned,True
2022-09-10 04:00:00+00:00,2022-09-23 13:00:00+00:00,2022-09-23 09:00:00-04:00,322,63.0,71.81682777565224,boost_5y_linear_aligned,True
2022-09-10 04:00:00+00:00,2022-09-23 14:00:00+00:00,2022-09-23 10:00:00-04:00,323,66.0,74.73287942006675,boost_5y_linear_aligned,True
2022-09-10 04:00:00+00:00,2022-09-23 15:00:00+00:00,2022-09-23 11:00:00-04:00,324,68.0,77.1107474125511,boost_5y_linear_aligned,True
2022-09-10 04:00:00+00:00,2022-09-23 16:00:00+00:00,2022-09-23 12:00:00-04:00,325,70.0,78.69839545806451,boost_5y_linear_aligned,True
2022-09-10 04:00:00+00:00,2022-09-23 17:00:00+00:00,2022-09-23 13:00:00-04:00,326,72.0,80.08745752464493,boost_5y_linear_aligned,True
2022-09-10 04:00:00+00:00,2022-09-23 18:00:00+00:00,2022-09-23 14:00:00-04:00,327,74.0,80.7597194321929,boost_5y_linear_aligned,True
2022-09-10 04:00:00+00:00,2022-09-23 19:00:00+00:00,2022-09-23 15:00:00-04:00,328,74.0,80.71205152006098,boost_5y_linear_aligned,True
2022-09-10 04:00:00+00:00,2022-09-23 20:00:00+00:00,2022-09-23 16:00:00-04:00,329,74.0,80.34555862911385,boost_5y_linear_aligned,True
2022-09-10 04:00:00+00:00,2022-09-23 21:00:00+00:00,2022-09-23 17:00:00-04:00,330,73.0,79.05591656294634,boost_5y_linear_aligned,True
2022-09-10 04:00:00+00:00,2022-09-23 22:00:00+00:00,2022-09-23 18:00:00-04:00,331,69.0,76.08767373494062,boost_5y_linear_aligned,True
2022-09-10 04:00:00+00:00,2022-09-23 23:00:00+00:00,2022-09-23 19:00:00-04:00,332,60.0,72.70083876718581,boost_5y_linear_aligned,True
2022-09-10 04:00:00+00:00,2022-09-24 00:00:00+00:00,2022-09-23 20:00:00-04:00,333,58.0,70.9534459185311,boost_5y_linear_aligned,True
2022-09-10 04:00:00+00:00,2022-09-24 01:00:00+00:00,2022-09-23 21:00:00-04:00,334,58.0,69.67272576291488,boost_5y_linear_aligned,True
2022-09-10 04:00:00+00:00,2022-09-24 02:00:00+00:00,2022-09-23 22:00:00-04:00,335,56.0,68.658678250326,boost_5y_linear_aligned,True
2022-09-10 04:00:00+00:00,2022-09-24 03:00:00+00:00,2022-09-23 23:00:00-04:00,336,52.0,67.82602638030643,boost_5y_linear_aligned,True
2022-09-17 04:00:00+00:00,2022-09-17 04:00:00+00:00,2022-09-17 00:00:00-04:00,1,64.0,65.29784100462034,boost_5y_linear_aligned,True
2022-09-17 04:00:00+00:00,2022-09-17 05:00:00+00:00,2022-09-17 01:00:00-04:00,2,63.0,64.55205044675074,boost_5y_linear_aligned,True
2022-09-17 04:00:00+00:00,2022-09-17 06:00:00+00:00,2022-09-17 02:00:00-04:00,3,66.0,64.03488249987427,boost_5y_linear_aligned,True
2022-09-17 04:00:00+00:00,2022-09-17 07:00:00+00:00,2022-09-17 03:00:00-04:00,4,64.0,63.668481627714954,boost_5y_linear_aligned,True
2022-09-17 04:00:00+00:00,2022-09-17 08:00:00+00:00,2022-09-17 04:00:00-04:00,5,62.0,63.148687711067716,boost_5y_linear_aligned,True
2022-09-17 04:00:00+00:00,2022-09-17 09:00:00+00:00,2022-09-17 05:00:00-04:00,6,59.0,62.99101312767443,boost_5y_linear_aligned,True
2022-09-17 04:00:00+00:00,2022-09-17 10:00:00+00:00,2022-09-17 06:00:00-04:00,7,60.0,62.47029003264131,boost_5y_linear_aligned,True
2022-09-17 04:00:00+00:00,2022-09-17 11:00:00+00:00,2022-09-17 07:00:00-04:00,8,62.0,64.43522950573163,boost_5y_linear_aligned,True
2022-09-17 04:00:00+00:00,2022-09-17 12:00:00+00:00,2022-09-17 08:00:00-04:00,9,69.0,67.5814721105076,boost_5y_linear_aligned,True
2022-09-17 04:00:00+00:00,2022-09-17 13:00:00+00:00,2022-09-17 09:00:00-04:00,10,73.0,70.98021484367415,boost_5y_linear_aligned,True
2022-09-17 04:00:00+00:00,2022-09-17 14:00:00+00:00,2022-09-17 10:00:00-04:00,11,77.0,73.86206401086818,boost_5y_linear_aligned,True
2022-09-17 04:00:00+00:00,2022-09-17 15:00:00+00:00,2022-09-17 11:00:00-04:00,12,80.0,76.56558094284463,boost_5y_linear_aligned,True
2022-09-17 04:00:00+00:00,2022-09-17 16:00:00+00:00,2022-09-17 12:00:00-04:00,13,81.0,78.07535472685728,boost_5y_linear_aligned,True
2022-09-17 04:00:00+00:00,2022-09-17 17:00:00+00:00,2022-09-17 13:00:00-04:00,14,82.0,78.65572960251457,boost_5y_linear_aligned,True
2022-09-17 04:00:00+00:00,2022-09-17 18:00:00+00:00,2022-09-17 14:00:00-04:00,15,82.0,79.34660030284452,boost_5y_linear_aligned,True
2022-09-17 04:00:00+00:00,2022-09-17 19:00:00+00:00,2022-09-17 15:00:00-04:00,16,83.0,79.18859683077466,boost_5y_linear_aligned,True
2022-09-17 04:00:00+00:00,2022-09-17 20:00:00+00:00,2022-09-17 16:00:00-04:00,17,83.0,78.81737941657867,boost_5y_linear_aligned,True
2022-09-17 04:00:00+00:00,2022-09-17 21:00:00+00:00,2022-09-17 17:00:00-04:00,18,82.0,77.64766529800211,boost_5y_linear_aligned,True
2022-09-17 04:00:00+00:00,2022-09-17 22:00:00+00:00,2022-09-17 18:00:00-04:00,19,79.0,74.5922039058284,boost_5y_linear_aligned,True
2022-09-17 04:00:00+00:00,2022-09-17 23:00:00+00:00,2022-09-17 19:00:00-04:00,20,72.0,71.39757958501292,boost_5y_linear_aligned,True
2022-09-17 04:00:00+00:00,2022-09-18 00:00:00+00:00,2022-09-17 20:00:00-04:00,21,70.0,69.60343121949604,boost_5y_linear_aligned,True
2022-09-17 04:00:00+00:00,2022-09-18 01:00:00+00:00,2022-09-17 21:00:00-04:00,22,69.0,68.26305069843055,boost_5y_linear_aligned,True
2022-09-17 04:00:00+00:00,2022-09-18 02:00:00+00:00,2022-09-17 22:00:00-04:00,23,66.0,67.10741127115115,boost_5y_linear_aligned,True
2022-09-17 04:00:00+00:00,2022-09-18 03:00:00+00:00,2022-09-17 23:00:00-04:00,24,65.0,67.0536914817093,boost_5y_linear_aligned,True
2022-09-17 04:00:00+00:00,2022-09-18 04:00:00+00:00,2022-09-18 00:00:00-04:00,25,66.0,66.27172436687222,boost_5y_linear_aligned,True
2022-09-17 04:00:00+00:00,2022-09-18 05:00:00+00:00,2022-09-18 01:00:00-04:00,26,66.0,65.50294093573167,boost_5y_linear_aligned,True
2022-09-17 04:00:00+00:00,2022-09-18 06:00:00+00:00,2022-09-18 02:00:00-04:00,27,64.0,65.0140090968528,boost_5y_linear_aligned,True
2022-09-17 04:00:00+00:00,2022-09-18 07:00:00+00:00,2022-09-18 03:00:00-04:00,28,63.0,64.40493008182801,boost_5y_linear_aligned,True
2022-09-17 04:00:00+00:00,2022-09-18 08:00:00+00:00,2022-09-18 04:00:00-04:00,29,64.0,63.5483606857353,boost_5y_linear_aligned,True
2022-09-17 04:00:00+00:00,2022-09-18 09:00:00+00:00,2022-09-18 05:00:00-04:00,30,62.0,63.488712923710985,boost_5y_linear_aligned,True
2022-09-17 04:00:00+00:00,2022-09-18 10:00:00+00:00,2022-09-18 06:00:00-04:00,31,61.0,63.28424740331243,boost_5y_linear_aligned,True
2022-09-17 04:00:00+00:00,2022-09-18 11:00:00+00:00,2022-09-18 07:00:00-04:00,32,63.0,65.14505772454302,boost_5y_linear_aligned,True
2022-09-17 04:00:00+00:00,2022-09-18 12:00:00+00:00,2022-09-18 08:00:00-04:00,33,71.0,68.27823835902919,boost_5y_linear_aligned,True
2022-09-17 04:00:00+00:00,2022-09-18 13:00:00+00:00,2022-09-18 09:00:00-04:00,34,77.0,71.63485690931456,boost_5y_linear_aligned,True
2022-09-17 04:00:00+00:00,2022-09-18 14:00:00+00:00,2022-09-18 10:00:00-04:00,35,81.0,74.3952977273734,boost_5y_linear_aligned,True
2022-09-17 04:00:00+00:00,2022-09-18 15:00:00+00:00,2022-09-18 11:00:00-04:00,36,81.0,76.852807423148,boost_5y_linear_aligned,True
2022-09-17 04:00:00+00:00,2022-09-18 16:00:00+00:00,2022-09-18 12:00:00-04:00,37,82.0,78.33131794335792,boost_5y_linear_aligned,True
2022-09-17 04:00:00+00:00,2022-09-18 17:00:00+00:00,2022-09-18 13:00:00-04:00,38,83.0,79.34077821600027,boost_5y_linear_aligned,True
2022-09-17 04:00:00+00:00,2022-09-18 18:00:00+00:00,2022-09-18 14:00:00-04:00,39,87.0,80.06114661765018,boost_5y_linear_aligned,True
2022-09-17 04:00:00+00:00,2022-09-18 19:00:00+00:00,2022-09-18 15:00:00-04:00,40,84.0,79.90537957357223,boost_5y_linear_aligned,True
2022-09-17 04:00:00+00:00,2022-09-18 20:00:00+00:00,2022-09-18 16:00:00-04:00,41,85.0,79.52611536129366,boost_5y_linear_aligned,True
2022-09-17 04:00:00+00:00,2022-09-18 21:00:00+00:00,2022-09-18 17:00:00-04:00,42,84.0,78.34578731923084,boost_5y_linear_aligned,True
2022-09-17 04:00:00+00:00,2022-09-18 22:00:00+00:00,2022-09-18 18:00:00-04:00,43,79.0,75.50226472785903,boost_5y_linear_aligned,True
2022-09-17 04:00:00+00:00,2022-09-18 23:00:00+00:00,2022-09-18 19:00:00-04:00,44,76.0,72.26524932945702,boost_5y_linear_aligned,True
2022-09-17 04:00:00+00:00,2022-09-19 00:00:00+00:00,2022-09-18 20:00:00-04:00,45,72.0,70.72951507863252,boost_5y_linear_aligned,True
2022-09-17 04:00:00+00:00,2022-09-19 01:00:00+00:00,2022-09-18 21:00:00-04:00,46,70.0,69.541054306085,boost_5y_linear_aligned,True
2022-09-17 04:00:00+00:00,2022-09-19 02:00:00+00:00,2022-09-18 22:00:00-04:00,47,71.0,68.4724977728657,boost_5y_linear_aligned,True
2022-09-17 04:00:00+00:00,2022-09-19 03:00:00+00:00,2022-09-18 23:00:00-04:00,48,68.0,67.65728191067392,boost_5y_linear_aligned,True
2022-09-17 04:00:00+00:00,2022-09-19 04:00:00+00:00,2022-09-19 00:00:00-04:00,49,67.0,66.80197936736202,boost_5y_linear_aligned,True
2022-09-17 04:00:00+00:00,2022-09-19 05:00:00+00:00,2022-09-19 01:00:00-04:00,50,67.0,66.02658251651599,boost_5y_linear_aligned,True
2022-09-17 04:00:00+00:00,2022-09-19 06:00:00+00:00,2022-09-19 02:00:00-04:00,51,66.0,65.53109214076643,boost_5y_linear_aligned,True
2022-09-17 04:00:00+00:00,2022-09-19 07:00:00+00:00,2022-09-19 03:00:00-04:00,52,66.0,64.8755090162492,boost_5y_linear_aligned,True
2022-09-17 04:00:00+00:00,2022-09-19 08:00:00+00:00,2022-09-19 04:00:00-04:00,53,65.0,64.17190542614718,boost_5y_linear_aligned,True
2022-09-17 04:00:00+00:00,2022-09-19 09:00:00+00:00,2022-09-19 05:00:00-04:00,54,64.0,63.9233395806074,boost_5y_linear_aligned,True
2022-09-17 04:00:00+00:00,2022-09-19 10:00:00+00:00,2022-09-19 06:00:00-04:00,55,63.0,63.71683203695247,boost_5y_linear_aligned,True
2022-09-17 04:00:00+00:00,2022-09-19 11:00:00+00:00,2022-09-19 07:00:00-04:00,56,67.0,65.22442481334527,boost_5y_linear_aligned,True
2022-09-17 04:00:00+00:00,2022-09-19 12:00:00+00:00,2022-09-19 08:00:00-04:00,57,73.0,68.34084723446696,boost_5y_linear_aligned,True
2022-09-17 04:00:00+00:00,2022-09-19 13:00:00+00:00,2022-09-19 09:00:00-04:00,58,79.0,71.70438297602303,boost_5y_linear_aligned,True
2022-09-17 04:00:00+00:00,2022-09-19 14:00:00+00:00,2022-09-19 10:00:00-04:00,59,84.0,74.3273195240952,boost_5y_linear_aligned,True
2022-09-17 04:00:00+00:00,2022-09-19 15:00:00+00:00,2022-09-19 11:00:00-04:00,60,86.0,76.6674732236805,boost_5y_linear_aligned,True
2022-09-17 04:00:00+00:00,2022-09-19 16:00:00+00:00,2022-09-19 12:00:00-04:00,61,87.0,78.02832725510126,boost_5y_linear_aligned,True
2022-09-17 04:00:00+00:00,2022-09-19 17:00:00+00:00,2022-09-19 13:00:00-04:00,62,90.0,79.11812758669149,boost_5y_linear_aligned,True
2022-09-17 04:00:00+00:00,2022-09-19 18:00:00+00:00,2022-09-19 14:00:00-04:00,63,88.0,79.84978510257196,boost_5y_linear_aligned,True
2022-09-17 04:00:00+00:00,2022-09-19 19:00:00+00:00,2022-09-19 15:00:00-04:00,64,89.0,79.72743550868405,boost_5y_linear_aligned,True
2022-09-17 04:00:00+00:00,2022-09-19 20:00:00+00:00,2022-09-19 16:00:00-04:00,65,88.0,79.4872325663089,boost_5y_linear_aligned,True
2022-09-17 04:00:00+00:00,2022-09-19 21:00:00+00:00,2022-09-19 17:00:00-04:00,66,87.0,78.1862955544446,boost_5y_linear_aligned,True
2022-09-17 04:00:00+00:00,2022-09-19 22:00:00+00:00,2022-09-19 18:00:00-04:00,67,85.0,75.35502234564679,boost_5y_linear_aligned,True
2022-09-17 04:00:00+00:00,2022-09-19 23:00:00+00:00,2022-09-19 19:00:00-04:00,68,80.0,72.2235725526901,boost_5y_linear_aligned,True
2022-09-17 04:00:00+00:00,2022-09-20 00:00:00+00:00,2022-09-19 20:00:00-04:00,69,76.0,70.4081071557495,boost_5y_linear_aligned,True
2022-09-17 04:00:00+00:00,2022-09-20 01:00:00+00:00,2022-09-19 21:00:00-04:00,70,72.0,69.24588213608273,boost_5y_linear_aligned,True
2022-09-17 04:00:00+00:00,2022-09-20 02:00:00+00:00,2022-09-19 22:00:00-04:00,71,73.0,68.17915281578422,boost_5y_linear_aligned,True
2022-09-17 04:00:00+00:00,2022-09-20 03:00:00+00:00,2022-09-19 23:00:00-04:00,72,69.0,67.32600348054204,boost_5y_linear_aligned,True
2022-09-17 04:00:00+00:00,2022-09-20 04:00:00+00:00,2022-09-20 00:00:00-04:00,73,69.0,66.47035193589537,boost_5y_linear_aligned,True
2022-09-17 04:00:00+00:00,2022-09-20 05:00:00+00:00,2022-09-20 01:00:00-04:00,74,68.0,65.77460897997452,boost_5y_linear_aligned,True
2022-09-17 04:00:00+00:00,2022-09-20 06:00:00+00:00,2022-09-20 02:00:00-04:00,75,68.0,65.22544203804155,boost_5y_linear_aligned,True
2022-09-17 04:00:00+00:00,2022-09-20 07:00:00+00:00,2022-09-20 03:00:00-04:00,76,68.0,64.54285186239652,boost_5y_linear_aligned,True
2022-09-17 04:00:00+00:00,2022-09-20 08:00:00+00:00,2022-09-20 04:00:00-04:00,77,66.0,64.09523101861589,boost_5y_linear_aligned,True
2022-09-17 04:00:00+00:00,2022-09-20 09:00:00+00:00,2022-09-20 05:00:00-04:00,78,65.0,63.85921770103968,boost_5y_linear_aligned,True
2022-09-17 04:00:00+00:00,2022-09-20 10:00:00+00:00,2022-09-20 06:00:00-04:00,79,66.0,63.62848061304316,boost_5y_linear_aligned,True
2022-09-17 04:00:00+00:00,2022-09-20 11:00:00+00:00,2022-09-20 07:00:00-04:00,80,68.0,64.88457374247318,boost_5y_linear_aligned,True
2022-09-17 04:00:00+00:00,2022-09-20 12:00:00+00:00,2022-09-20 08:00:00-04:00,81,76.0,68.04016505693953,boost_5y_linear_aligned,True
2022-09-17 04:00:00+00:00,2022-09-20 13:00:00+00:00,2022-09-20 09:00:00-04:00,82,81.0,71.30935493146758,boost_5y_linear_aligned,True
2022-09-17 04:00:00+00:00,2022-09-20 14:00:00+00:00,2022-09-20 10:00:00-04:00,83,85.0,74.03256854420712,boost_5y_linear_aligned,True
2022-09-17 04:00:00+00:00,2022-09-20 15:00:00+00:00,2022-09-20 11:00:00-04:00,84,85.0,76.0167749613443,boost_5y_linear_aligned,True
2022-09-17 04:00:00+00:00,2022-09-20 16:00:00+00:00,2022-09-20 12:00:00-04:00,85,88.0,77.46930403823465,boost_5y_linear_aligned,True
2022-09-17 04:00:00+00:00,2022-09-20 17:00:00+00:00,2022-09-20 13:00:00-04:00,86,90.0,78.74657116354871,boost_5y_linear_aligned,True
2022-09-17 04:00:00+00:00,2022-09-20 18:00:00+00:00,2022-09-20 14:00:00-04:00,87,90.0,79.4489659008514,boost_5y_linear_aligned,True
2022-09-17 04:00:00+00:00,2022-09-20 19:00:00+00:00,2022-09-20 15:00:00-04:00,88,89.0,79.19237512473346,boost_5y_linear_aligned,True
2022-09-17 04:00:00+00:00,2022-09-20 20:00:00+00:00,2022-09-20 16:00:00-04:00,89,90.0,78.9119076750426,boost_5y_linear_aligned,True
2022-09-17 04:00:00+00:00,2022-09-20 21:00:00+00:00,2022-09-20 17:00:00-04:00,90,88.0,77.79516969586481,boost_5y_linear_aligned,True
2022-09-17 04:00:00+00:00,2022-09-20 22:00:00+00:00,2022-09-20 18:00:00-04:00,91,84.0,74.94339893757156,boost_5y_linear_aligned,True
2022-09-17 04:00:00+00:00,2022-09-20 23:00:00+00:00,2022-09-20 19:00:00-04:00,92,80.0,71.87739487430868,boost_5y_linear_aligned,True
2022-09-17 04:00:00+00:00,2022-09-21 00:00:00+00:00,2022-09-20 20:00:00-04:00,93,76.0,69.94325321257517,boost_5y_linear_aligned,True
2022-09-17 04:00:00+00:00,2022-09-21 01:00:00+00:00,2022-09-20 21:00:00-04:00,94,75.0,68.68900760949106,boost_5y_linear_aligned,True
2022-09-17 04:00:00+00:00,2022-09-21 02:00:00+00:00,2022-09-20 22:00:00-04:00,95,71.0,67.66132559430181,boost_5y_linear_aligned,True
2022-09-17 04:00:00+00:00,2022-09-21 03:00:00+00:00,2022-09-20 23:00:00-04:00,96,70.0,66.85133899801916,boost_5y_linear_aligned,True
2022-09-17 04:00:00+00:00,2022-09-21 04:00:00+00:00,2022-09-21 00:00:00-04:00,97,68.0,65.99686031922063,boost_5y_linear_aligned,True
2022-09-17 04:00:00+00:00,2022-09-21 05:00:00+00:00,2022-09-21 01:00:00-04:00,98,67.0,65.22228049587746,boost_5y_linear_aligned,True
2022-09-17 04:00:00+00:00,2022-09-21 06:00:00+00:00,2022-09-21 02:00:00-04:00,99,66.0,64.71426703402528,boost_5y_linear_aligned,True
2022-09-17 04:00:00+00:00,2022-09-21 07:00:00+00:00,2022-09-21 03:00:00-04:00,100,66.0,64.05454533835092,boost_5y_linear_aligned,True
2022-09-17 04:00:00+00:00,2022-09-21 08:00:00+00:00,2022-09-21 04:00:00-04:00,101,66.0,63.61841697241601,boost_5y_linear_aligned,True
2022-09-17 04:00:00+00:00,2022-09-21 09:00:00+00:00,2022-09-21 05:00:00-04:00,102,65.0,63.31790819639956,boost_5y_linear_aligned,True
2022-09-17 04:00:00+00:00,2022-09-21 10:00:00+00:00,2022-09-21 06:00:00-04:00,103,65.0,63.06703767549052,boost_5y_linear_aligned,True
2022-09-17 04:00:00+00:00,2022-09-21 11:00:00+00:00,2022-09-21 07:00:00-04:00,104,67.0,64.44663538787023,boost_5y_linear_aligned,True
2022-09-17 04:00:00+00:00,2022-09-21 12:00:00+00:00,2022-09-21 08:00:00-04:00,105,72.0,67.81598552440401,boost_5y_linear_aligned,True
2022-09-17 04:00:00+00:00,2022-09-21 13:00:00+00:00,2022-09-21 09:00:00-04:00,106,77.0,71.2575207137935,boost_5y_linear_aligned,True
2022-09-17 04:00:00+00:00,2022-09-21 14:00:00+00:00,2022-09-21 10:00:00-04:00,107,82.0,74.12525433989778,boost_5y_linear_aligned,True
2022-09-17 04:00:00+00:00,2022-09-21 15:00:00+00:00,2022-09-21 11:00:00-04:00,108,86.0,76.32160489884174,boost_5y_linear_aligned,True
2022-09-17 04:00:00+00:00,2022-09-21 16:00:00+00:00,2022-09-21 12:00:00-04:00,109,91.0,77.86041638540253,boost_5y_linear_aligned,True
2022-09-17 04:00:00+00:00,2022-09-21 17:00:00+00:00,2022-09-21 13:00:00-04:00,110,91.0,79.4141527103458,boost_5y_linear_aligned,True
2022-09-17 04:00:00+00:00,2022-09-21 18:00:00+00:00,2022-09-21 14:00:00-04:00,111,94.0,80.07457904954548,boost_5y_linear_aligned,True
2022-09-17 04:00:00+00:00,2022-09-21 19:00:00+00:00,2022-09-21 15:00:00-04:00,112,96.0,80.39146683304729,boost_5y_linear_aligned,True
2022-09-17 04:00:00+00:00,2022-09-21 20:00:00+00:00,2022-09-21 16:00:00-04:00,113,94.0,80.30678114742895,boost_5y_linear_aligned,True
2022-09-17 04:00:00+00:00,2022-09-21 21:00:00+00:00,2022-09-21 17:00:00-04:00,114,90.0,79.09115509132408,boost_5y_linear_aligned,True
2022-09-17 04:00:00+00:00,2022-09-21 22:00:00+00:00,2022-09-21 18:00:00-04:00,115,87.0,76.30474520924726,boost_5y_linear_aligned,True
2022-09-17 04:00:00+00:00,2022-09-21 23:00:00+00:00,2022-09-21 19:00:00-04:00,116,83.0,73.01932419862743,boost_5y_linear_aligned,True
2022-09-17 04:00:00+00:00,2022-09-22 00:00:00+00:00,2022-09-21 20:00:00-04:00,117,78.0,71.102372666271,boost_5y_linear_aligned,True
2022-09-17 04:00:00+00:00,2022-09-22 01:00:00+00:00,2022-09-21 21:00:00-04:00,118,75.0,69.774941585384,boost_5y_linear_aligned,True
2022-09-17 04:00:00+00:00,2022-09-22 02:00:00+00:00,2022-09-21 22:00:00-04:00,119,71.0,68.77197942162002,boost_5y_linear_aligned,True
2022-09-17 04:00:00+00:00,2022-09-22 03:00:00+00:00,2022-09-21 23:00:00-04:00,120,71.0,67.92175550808527,boost_5y_linear_aligned,True
2022-09-17 04:00:00+00:00,2022-09-22 04:00:00+00:00,2022-09-22 00:00:00-04:00,121,70.0,67.1928380866535,boost_5y_linear_aligned,True
2022-09-17 04:00:00+00:00,2022-09-22 05:00:00+00:00,2022-09-22 01:00:00-04:00,122,72.0,66.2440558052347,boost_5y_linear_aligned,True
2022-09-17 04:00:00+00:00,2022-09-22 06:00:00+00:00,2022-09-22 02:00:00-04:00,123,68.0,65.74001106698282,boost_5y_linear_aligned,True
2022-09-17 04:00:00+00:00,2022-09-22 07:00:00+00:00,2022-09-22 03:00:00-04:00,124,68.0,65.03594457011432,boost_5y_linear_aligned,True
2022-09-17 04:00:00+00:00,2022-09-22 08:00:00+00:00,2022-09-22 04:00:00-04:00,125,68.0,64.53185649519759,boost_5y_linear_aligned,True
2022-09-17 04:00:00+00:00,2022-09-22 09:00:00+00:00,2022-09-22 05:00:00-04:00,126,67.0,64.1268461204016,boost_5y_linear_aligned,True
2022-09-17 04:00:00+00:00,2022-09-22 10:00:00+00:00,2022-09-22 06:00:00-04:00,127,69.0,63.843616326012935,boost_5y_linear_aligned,True
2022-09-17 04:00:00+00:00,2022-09-22 11:00:00+00:00,2022-09-22 07:00:00-04:00,128,70.0,65.24188261848482,boost_5y_linear_aligned,True
2022-09-17 04:00:00+00:00,2022-09-22 12:00:00+00:00,2022-09-22 08:00:00-04:00,129,75.0,68.60308413893124,boost_5y_linear_aligned,True
2022-09-17 04:00:00+00:00,2022-09-22 13:00:00+00:00,2022-09-22 09:00:00-04:00,130,83.0,72.07801789111498,boost_5y_linear_aligned,True
2022-09-17 04:00:00+00:00,2022-09-22 14:00:00+00:00,2022-09-22 10:00:00-04:00,131,87.0,75.0109777550913,boost_5y_linear_aligned,True
2022-09-17 04:00:00+00:00,2022-09-22 15:00:00+00:00,2022-09-22 11:00:00-04:00,132,92.0,77.21591678055017,boost_5y_linear_aligned,True
2022-09-17 04:00:00+00:00,2022-09-22 16:00:00+00:00,2022-09-22 12:00:00-04:00,133,96.0,78.88372657230632,boost_5y_linear_aligned,True
2022-09-17 04:00:00+00:00,2022-09-22 17:00:00+00:00,2022-09-22 13:00:00-04:00,134,97.0,80.15069426153438,boost_5y_linear_aligned,True
2022-09-17 04:00:00+00:00,2022-09-22 18:00:00+00:00,2022-09-22 14:00:00-04:00,135,94.0,80.72305599155841,boost_5y_linear_aligned,True
2022-09-17 04:00:00+00:00,2022-09-22 19:00:00+00:00,2022-09-22 15:00:00-04:00,136,91.0,80.67102509062323,boost_5y_linear_aligned,True
2022-09-17 04:00:00+00:00,2022-09-22 20:00:00+00:00,2022-09-22 16:00:00-04:00,137,80.0,80.3063858121451,boost_5y_linear_aligned,True
2022-09-17 04:00:00+00:00,2022-09-22 21:00:00+00:00,2022-09-22 17:00:00-04:00,138,84.0,78.98957316244208,boost_5y_linear_aligned,True
2022-09-17 04:00:00+00:00,2022-09-22 22:00:00+00:00,2022-09-22 18:00:00-04:00,139,80.0,76.17649070775269,boost_5y_linear_aligned,True
2022-09-17 04:00:00+00:00,2022-09-22 23:00:00+00:00,2022-09-22 19:00:00-04:00,140,76.0,72.9424583745739,boost_5y_linear_aligned,True
2022-09-17 04:00:00+00:00,2022-09-23 00:00:00+00:00,2022-09-22 20:00:00-04:00,141,73.0,71.10492758545108,boost_5y_linear_aligned,True
2022-09-17 04:00:00+00:00,2022-09-23 01:00:00+00:00,2022-09-22 21:00:00-04:00,142,72.0,69.816982865854,boost_5y_linear_aligned,True
2022-09-17 04:00:00+00:00,2022-09-23 02:00:00+00:00,2022-09-22 22:00:00-04:00,143,70.0,68.75249890141458,boost_5y_linear_aligned,True
2022-09-17 04:00:00+00:00,2022-09-23 03:00:00+00:00,2022-09-22 23:00:00-04:00,144,68.0,68.45352029754807,boost_5y_linear_aligned,True
2022-09-17 04:00:00+00:00,2022-09-23 04:00:00+00:00,2022-09-23 00:00:00-04:00,145,66.0,67.61656535879007,boost_5y_linear_aligned,True
2022-09-17 04:00:00+00:00,2022-09-23 05:00:00+00:00,2022-09-23 01:00:00-04:00,146,65.0,66.5903682863048,boost_5y_linear_aligned,True
2022-09-17 04:00:00+00:00,2022-09-23 06:00:00+00:00,2022-09-23 02:00:00-04:00,147,62.0,66.10515389327936,boost_5y_linear_aligned,True
2022-09-17 04:00:00+00:00,2022-09-23 07:00:00+00:00,2022-09-23 03:00:00-04:00,148,60.0,65.4525272204415,boost_5y_linear_aligned,True
2022-09-17 04:00:00+00:00,2022-09-23 08:00:00+00:00,2022-09-23 04:00:00-04:00,149,58.0,64.99030100214154,boost_5y_linear_aligned,True
2022-09-17 04:00:00+00:00,2022-09-23 09:00:00+00:00,2022-09-23 05:00:00-04:00,150,55.0,64.56448266168765,boost_5y_linear_aligned,True
2022-09-17 04:00:00+00:00,2022-09-23 10:00:00+00:00,2022-09-23 06:00:00-04:00,151,55.0,64.2442829515044,boost_5y_linear_aligned,True
2022-09-17 04:00:00+00:00,2022-09-23 11:00:00+00:00,2022-09-23 07:00:00-04:00,152,56.0,65.5824435890095,boost_5y_linear_aligned,True
2022-09-17 04:00:00+00:00,2022-09-23 12:00:00+00:00,2022-09-23 08:00:00-04:00,153,60.0,68.8682246567771,boost_5y_linear_aligned,True
2022-09-17 04:00:00+00:00,2022-09-23 13:00:00+00:00,2022-09-23 09:00:00-04:00,154,63.0,72.21071051169872,boost_5y_linear_aligned,True
2022-09-17 04:00:00+00:00,2022-09-23 14:00:00+00:00,2022-09-23 10:00:00-04:00,155,66.0,74.95479461992905,boost_5y_linear_aligned,True
2022-09-17 04:00:00+00:00,2022-09-23 15:00:00+00:00,2022-09-23 11:00:00-04:00,156,68.0,77.24995651243282,boost_5y_linear_aligned,True
2022-09-17 04:00:00+00:00,2022-09-23 16:00:00+00:00,2022-09-23 12:00:00-04:00,157,70.0,78.86265951290758,boost_5y_linear_aligned,True
2022-09-17 04:00:00+00:00,2022-09-23 17:00:00+00:00,2022-09-23 13:00:00-04:00,158,72.0,80.28027293494206,boost_5y_linear_aligned,True
2022-09-17 04:00:00+00:00,2022-09-23 18:00:00+00:00,2022-09-23 14:00:00-04:00,159,74.0,80.88233094011011,boost_5y_linear_aligned,True
2022-09-17 04:00:00+00:00,2022-09-23 19:00:00+00:00,2022-09-23 15:00:00-04:00,160,74.0,80.87845720078629,boost_5y_linear_aligned,True
2022-09-17 04:00:00+00:00,2022-09-23 20:00:00+00:00,2022-09-23 16:00:00-04:00,161,74.0,80.59567712108397,boost_5y_linear_aligned,True
2022-09-17 04:00:00+00:00,2022-09-23 21:00:00+00:00,2022-09-23 17:00:00-04:00,162,73.0,79.19761383112055,boost_5y_linear_aligned,True
2022-09-17 04:00:00+00:00,2022-09-23 22:00:00+00:00,2022-09-23 18:00:00-04:00,163,69.0,76.20835467787428,boost_5y_linear_aligned,True
2022-09-17 04:00:00+00:00,2022-09-23 23:00:00+00:00,2022-09-23 19:00:00-04:00,164,60.0,72.8109067326113,boost_5y_linear_aligned,True
2022-09-17 04:00:00+00:00,2022-09-24 00:00:00+00:00,2022-09-23 20:00:00-04:00,165,58.0,70.99626574374946,boost_5y_linear_aligned,True
2022-09-17 04:00:00+00:00,2022-09-24 01:00:00+00:00,2022-09-23 21:00:00-04:00,166,58.0,69.81396338596454,boost_5y_linear_aligned,True
2022-09-17 04:00:00+00:00,2022-09-24 02:00:00+00:00,2022-09-23 22:00:00-04:00,167,56.0,68.88818425695806,boost_5y_linear_aligned,True
2022-09-17 04:00:00+00:00,2022-09-24 03:00:00+00:00,2022-09-23 23:00:00-04:00,168,52.0,68.12255332131524,boost_5y_linear_aligned,True
2022-09-17 04:00:00+00:00,2022-09-24 04:00:00+00:00,2022-09-24 00:00:00-04:00,169,48.0,67.30576866633957,boost_5y_linear_aligned,True
2022-09-17 04:00:00+00:00,2022-09-24 05:00:00+00:00,2022-09-24 01:00:00-04:00,170,52.0,66.12719528596422,boost_5y_linear_aligned,True
2022-09-17 04:00:00+00:00,2022-09-24 06:00:00+00:00,2022-09-24 02:00:00-04:00,171,49.0,65.71119952279673,boost_5y_linear_aligned,True
2022-09-17 04:00:00+00:00,2022-09-24 07:00:00+00:00,2022-09-24 03:00:00-04:00,172,51.0,64.86850631959464,boost_5y_linear_aligned,True
2022-09-17 04:00:00+00:00,2022-09-24 08:00:00+00:00,2022-09-24 04:00:00-04:00,173,52.0,64.15467411580572,boost_5y_linear_aligned,True
2022-09-17 04:00:00+00:00,2022-09-24 09:00:00+00:00,2022-09-24 05:00:00-04:00,174,52.0,63.750020922458525,boost_5y_linear_aligned,True
2022-09-17 04:00:00+00:00,2022-09-24 10:00:00+00:00,2022-09-24 06:00:00-04:00,175,52.0,63.41088139108787,boost_5y_linear_aligned,True
2022-09-17 04:00:00+00:00,2022-09-24 11:00:00+00:00,2022-09-24 07:00:00-04:00,176,55.0,64.61296880587481,boost_5y_linear_aligned,True
2022-09-17 04:00:00+00:00,2022-09-24 12:00:00+00:00,2022-09-24 08:00:00-04:00,177,60.0,67.87755384909045,boost_5y_linear_aligned,True
2022-09-17 04:00:00+00:00,2022-09-24 13:00:00+00:00,2022-09-24 09:00:00-04:00,178,63.0,71.22142425015572,boost_5y_linear_aligned,True
2022-09-17 04:00:00+00:00,2022-09-24 14:00:00+00:00,2022-09-24 10:00:00-04:00,179,65.0,74.13900135867924,boost_5y_linear_aligned,True
2022-09-17 04:00:00+00:00,2022-09-24 15:00:00+00:00,2022-09-24 11:00:00-04:00,180,69.0,76.57448314629445,boost_5y_linear_aligned,True
2022-09-17 04:00:00+00:00,2022-09-24 16:00:00+00:00,2022-09-24 12:00:00-04:00,181,74.0,78.26940134868103,boost_5y_linear_aligned,True
2022-09-17 04:00:00+00:00,2022-09-24 17:00:00+00:00,2022-09-24 13:00:00-04:00,182,74.0,79.68348858252212,boost_5y_linear_aligned,True
2022-09-17 04:00:00+00:00,2022-09-24 18:00:00+00:00,2022-09-24 14:00:00-04:00,183,72.0,80.39067954562074,boost_5y_linear_aligned,True
2022-09-17 04:00:00+00:00,2022-09-24 19:00:00+00:00,2022-09-24 15:00:00-04:00,184,73.0,80.40453282440336,boost_5y_linear_aligned,True
2022-09-17 04:00:00+00:00,2022-09-24 20:00:00+00:00,2022-09-24 16:00:00-04:00,185,75.0,80.11454361613224,boost_5y_linear_aligned,True
2022-09-17 04:00:00+00:00,2022-09-24 21:00:00+00:00,2022-09-24 17:00:00-04:00,186,72.0,78.67681894414041,boost_5y_linear_aligned,True
2022-09-17 04:00:00+00:00,2022-09-24 22:00:00+00:00,2022-09-24 18:00:00-04:00,187,70.0,75.59661871024294,boost_5y_linear_aligned,True
2022-09-17 04:00:00+00:00,2022-09-24 23:00:00+00:00,2022-09-24 19:00:00-04:00,188,69.0,72.1933193367065,boost_5y_linear_aligned,True
2022-09-17 04:00:00+00:00,2022-09-25 00:00:00+00:00,2022-09-24 20:00:00-04:00,189,69.0,70.37785903823114,boost_5y_linear_aligned,True
2022-09-17 04:00:00+00:00,2022-09-25 01:00:00+00:00,2022-09-24 21:00:00-04:00,190,68.0,69.14444466801659,boost_5y_linear_aligned,True
2022-09-17 04:00:00+00:00,2022-09-25 02:00:00+00:00,2022-09-24 22:00:00-04:00,191,67.0,68.14435245830165,boost_5y_linear_aligned,True
2022-09-17 04:00:00+00:00,2022-09-25 03:00:00+00:00,2022-09-24 23:00:00-04:00,192,66.0,67.29092768047482,boost_5y_linear_aligned,True
2022-09-17 04:00:00+00:00,2022-09-25 04:00:00+00:00,2022-09-25 00:00:00-04:00,193,64.0,66.41083699485243,boost_5y_linear_aligned,True
2022-09-17 04:00:00+00:00,2022-09-25 05:00:00+00:00,2022-09-25 01:00:00-04:00,194,62.0,65.43336323450966,boost_5y_linear_aligned,True
2022-09-17 04:00:00+00:00,2022-09-25 06:00:00+00:00,2022-09-25 02:00:00-04:00,195,65.0,64.91297571335835,boost_5y_linear_aligned,True
2022-09-17 04:00:00+00:00,2022-09-25 07:00:00+00:00,2022-09-25 03:00:00-04:00,196,66.0,64.04592474146503,boost_5y_linear_aligned,True
2022-09-17 04:00:00+00:00,2022-09-25 08:00:00+00:00,2022-09-25 04:00:00-04:00,197,65.0,63.63688825169467,boost_5y_linear_aligned,True
2022-09-17 04:00:00+00:00,2022-09-25 09:00:00+00:00,2022-09-25 05:00:00-04:00,198,62.0,63.24666148958637,boost_5y_linear_aligned,True
2022-09-17 04:00:00+00:00,2022-09-25 10:00:00+00:00,2022-09-25 06:00:00-04:00,199,61.0,62.883662021261486,boost_5y_linear_aligned,True
2022-09-17 04:00:00+00:00,2022-09-25 11:00:00+00:00,2022-09-25 07:00:00-04:00,200,64.0,64.05875829056741,boost_5y_linear_aligned,True
2022-09-17 04:00:00+00:00,2022-09-25 12:00:00+00:00,2022-09-25 08:00:00-04:00,201,68.0,67.43769156258976,boost_5y_linear_aligned,True
2022-09-17 04:00:00+00:00,2022-09-25 13:00:00+00:00,2022-09-25 09:00:00-04:00,202,71.0,70.93845621476662,boost_5y_linear_aligned,True
2022-09-17 04:00:00+00:00,2022-09-25 14:00:00+00:00,2022-09-25 10:00:00-04:00,203,77.0,74.00363443002425,boost_5y_linear_aligned,True
2022-09-17 04:00:00+00:00,2022-09-25 15:00:00+00:00,2022-09-25 11:00:00-04:00,204,82.0,76.50173561766654,boost_5y_linear_aligned,True
2022-09-17 04:00:00+00:00,2022-09-25 16:00:00+00:00,2022-09-25 12:00:00-04:00,205,83.0,78.24966770150732,boost_5y_linear_aligned,True
2022-09-17 04:00:00+00:00,2022-09-25 17:00:00+00:00,2022-09-25 13:00:00-04:00,206,81.0,79.69122158477886,boost_5y_linear_aligned,True
2022-09-17 04:00:00+00:00,2022-09-25 18:00:00+00:00,2022-09-25 14:00:00-04:00,207,83.0,80.51812707509175,boost_5y_linear_aligned,True
2022-09-17 04:00:00+00:00,2022-09-25 19:00:00+00:00,2022-09-25 15:00:00-04:00,208,79.0,80.46503058347712,boost_5y_linear_aligned,True
2022-09-17 04:00:00+00:00,2022-09-25 20:00:00+00:00,2022-09-25 16:00:00-04:00,209,80.0,80.11730327308943,boost_5y_linear_aligned,True
2022-09-17 04:00:00+00:00,2022-09-25 21:00:00+00:00,2022-09-25 17:00:00-04:00,210,78.0,78.67280134244339,boost_5y_linear_aligned,True
2022-09-17 04:00:00+00:00,2022-09-25 22:00:00+00:00,2022-09-25 18:00:00-04:00,211,77.0,75.4727758176538,boost_5y_linear_aligned,True
2022-09-17 04:00:00+00:00,2022-09-25 23:00:00+00:00,2022-09-25 19:00:00-04:00,212,74.0,71.91374794467632,boost_5y_linear_aligned,True
2022-09-17 04:00:00+00:00,2022-09-26 00:00:00+00:00,2022-09-25 20:00:00-04:00,213,74.0,70.03653344127738,boost_5y_linear_aligned,True
2022-09-17 04:00:00+00:00,2022-09-26 01:00:00+00:00,2022-09-25 21:00:00-04:00,214,70.0,68.81078073801896,boost_5y_linear_aligned,True
2022-09-17 04:00:00+00:00,2022-09-26 02:00:00+00:00,2022-09-25 22:00:00-04:00,215,70.0,67.83835378337902,boost_5y_linear_aligned,True
2022-09-17 04:00:00+00:00,2022-09-26 03:00:00+00:00,2022-09-25 23:00:00-04:00,216,70.0,67.01962944078427,boost_5y_linear_aligned,True
2022-09-17 04:00:00+00:00,2022-09-26 04:00:00+00:00,2022-09-26 00:00:00-04:00,217,68.0,66.62060841431295,boost_5y_linear_aligned,True
2022-09-17 04:00:00+00:00,2022-09-26 05:00:00+00:00,2022-09-26 01:00:00-04:00,218,66.0,65.54989799434486,boost_5y_linear_aligned,True
2022-09-17 04:00:00+00:00,2022-09-26 06:00:00+00:00,2022-09-26 02:00:00-04:00,219,63.0,64.98588779896873,boost_5y_linear_aligned,True
2022-09-17 04:00:00+00:00,2022-09-26 07:00:00+00:00,2022-09-26 03:00:00-04:00,220,64.0,64.06191088303049,boost_5y_linear_aligned,True
2022-09-17 04:00:00+00:00,2022-09-26 08:00:00+00:00,2022-09-26 04:00:00-04:00,221,64.0,63.65140447819767,boost_5y_linear_aligned,True
2022-09-17 04:00:00+00:00,2022-09-26 09:00:00+00:00,2022-09-26 05:00:00-04:00,222,62.0,63.22088108843346,boost_5y_linear_aligned,True
2022-09-17 04:00:00+00:00,2022-09-26 10:00:00+00:00,2022-09-26 06:00:00-04:00,223,60.0,62.8843006871345,boost_5y_linear_aligned,True
2022-09-17 04:00:00+00:00,2022-09-26 11:00:00+00:00,2022-09-26 07:00:00-04:00,224,63.0,63.99877613765911,boost_5y_linear_aligned,True
2022-09-17 04:00:00+00:00,2022-09-26 12:00:00+00:00,2022-09-26 08:00:00-04:00,225,68.0,67.58180152956228,boost_5y_linear_aligned,True
2022-09-17 04:00:00+00:00,2022-09-26 13:00:00+00:00,2022-09-26 09:00:00-04:00,226,74.0,71.36885722794564,boost_5y_linear_aligned,True
2022-09-17 04:00:00+00:00,2022-09-26 14:00:00+00:00,2022-09-26 10:00:00-04:00,227,75.0,74.53073912469223,boost_5y_linear_aligned,True
2022-09-17 04:00:00+00:00,2022-09-26 15:00:00+00:00,2022-09-26 11:00:00-04:00,228,78.0,77.08765448854386,boost_5y_linear_aligned,True
2022-09-17 04:00:00+00:00,2022-09-26 16:00:00+00:00,2022-09-26 12:00:00-04:00,229,79.0,78.9108238252574,boost_5y_linear_aligned,True
2022-09-17 04:00:00+00:00,2022-09-26 17:00:00+00:00,2022-09-26 13:00:00-04:00,230,84.0,80.28640761242373,boost_5y_linear_aligned,True
2022-09-17 04:00:00+00:00,2022-09-26 18:00:00+00:00,2022-09-26 14:00:00-04:00,231,86.0,81.18959097181408,boost_5y_linear_aligned,True
2022-09-17 04:00:00+00:00,2022-09-26 19:00:00+00:00,2022-09-26 15:00:00-04:00,232,83.0,81.06258271683461,boost_5y_linear_aligned,True
2022-09-17 04:00:00+00:00,2022-09-26 20:00:00+00:00,2022-09-26 16:00:00-04:00,233,85.0,80.74914244634293,boost_5y_linear_aligned,True
2022-09-17 04:00:00+00:00,2022-09-26 21:00:00+00:00,2022-09-26 17:00:00-04:00,234,82.0,79.22120396099122,boost_5y_linear_aligned,True
2022-09-17 04:00:00+00:00,2022-09-26 22:00:00+00:00,2022-09-26 18:00:00-04:00,235,79.0,75.75046757849,boost_5y_linear_aligned,True
2022-09-17 04:00:00+00:00,2022-09-26 23:00:00+00:00,2022-09-26 19:00:00-04:00,236,75.0,72.25801333244176,boost_5y_linear_aligned,True
2022-09-17 04:00:00+00:00,2022-09-27 00:00:00+00:00,2022-09-26 20:00:00-04:00,237,68.0,70.30804297362057,boost_5y_linear_aligned,True
2022-09-17 04:00:00+00:00,2022-09-27 01:00:00+00:00,2022-09-26 21:00:00-04:00,238,66.0,68.89171068406857,boost_5y_linear_aligned,True
2022-09-17 04:00:00+00:00,2022-09-27 02:00:00+00:00,2022-09-26 22:00:00-04:00,239,62.0,68.0220699486433,boost_5y_linear_aligned,True
2022-09-17 04:00:00+00:00,2022-09-27 03:00:00+00:00,2022-09-26 23:00:00-04:00,240,60.0,67.23245389414433,boost_5y_linear_aligned,True
2022-09-17 04:00:00+00:00,2022-09-27 04:00:00+00:00,2022-09-27 00:00:00-04:00,241,59.0,66.26952898241854,boost_5y_linear_aligned,True
2022-09-17 04:00:00+00:00,2022-09-27 05:00:00+00:00,2022-09-27 01:00:00-04:00,242,58.0,65.15996167701255,boost_5y_linear_aligned,True
2022-09-17 04:00:00+00:00,2022-09-27 06:00:00+00:00,2022-09-27 02:00:00-04:00,243,56.0,64.67708510982527,boost_5y_linear_aligned,True
2022-09-17 04:00:00+00:00,2022-09-27 07:00:00+00:00,2022-09-27 03:00:00-04:00,244,57.0,63.74089908109397,boost_5y_linear_aligned,True
2022-09-17 04:00:00+00:00,2022-09-27 08:00:00+00:00,2022-09-27 04:00:00-04:00,245,56.0,63.38768006590558,boost_5y_linear_aligned,True
2022-09-17 04:00:00+00:00,2022-09-27 09:00:00+00:00,2022-09-27 05:00:00-04:00,246,55.0,62.92961276122533,boost_5y_linear_aligned,True
2022-09-17 04:00:00+00:00,2022-09-27 10:00:00+00:00,2022-09-27 06:00:00-04:00,247,55.0,62.61490620336442,boost_5y_linear_aligned,True
2022-09-17 04:00:00+00:00,2022-09-27 11:00:00+00:00,2022-09-27 07:00:00-04:00,248,57.0,63.62994072008451,boost_5y_linear_aligned,True
2022-09-17 04:00:00+00:00,2022-09-27 12:00:00+00:00,2022-09-27 08:00:00-04:00,249,64.0,67.23118569418261,boost_5y_linear_aligned,True
2022-09-17 04:00:00+00:00,2022-09-27 13:00:00+00:00,2022-09-27 09:00:00-04:00,250,69.0,71.05484913825124,boost_5y_linear_aligned,True
2022-09-17 04:00:00+00:00,2022-09-27 14:00:00+00:00,2022-09-27 10:00:00-04:00,251,73.0,74.4129854738749,boost_5y_linear_aligned,True
2022-09-17 04:00:00+00:00,2022-09-27 15:00:00+00:00,2022-09-27 11:00:00-04:00,252,74.0,76.98163543878901,boost_5y_linear_aligned,True
2022-09-17 04:00:00+00:00,2022-09-27 16:00:00+00:00,2022-09-27 12:00:00-04:00,253,76.0,78.8285623006941,boost_5y_linear_aligned,True
2022-09-17 04:00:00+00:00,2022-09-27 17:00:00+00:00,2022-09-27 13:00:00-04:00,254,77.0,80.31889236806536,boost_5y_linear_aligned,True
2022-09-17 04:00:00+00:00,2022-09-27 18:00:00+00:00,2022-09-27 14:00:00-04:00,255,79.0,81.19591402532866,boost_5y_linear_aligned,True
2022-09-17 04:00:00+00:00,2022-09-27 19:00:00+00:00,2022-09-27 15:00:00-04:00,256,79.0,81.03436991535575,boost_5y_linear_aligned,True
2022-09-17 04:00:00+00:00,2022-09-27 20:00:00+00:00,2022-09-27 16:00:00-04:00,257,79.0,80.55922835662368,boost_5y_linear_aligned,True
2022-09-17 04:00:00+00:00,2022-09-27 21:00:00+00:00,2022-09-27 17:00:00-04:00,258,76.0,79.0309721973384,boost_5y_linear_aligned,True
2022-09-17 04:00:00+00:00,2022-09-27 22:00:00+00:00,2022-09-27 18:00:00-04:00,259,73.0,75.46763157472309,boost_5y_linear_aligned,True
2022-09-17 04:00:00+00:00,2022-09-27 23:00:00+00:00,2022-09-27 19:00:00-04:00,260,68.0,71.99035515253767,boost_5y_linear_aligned,True
2022-09-17 04:00:00+00:00,2022-09-28 00:00:00+00:00,2022-09-27 20:00:00-04:00,261,65.0,69.99815707498105,boost_5y_linear_aligned,True
2022-09-17 04:00:00+00:00,2022-09-28 01:00:00+00:00,2022-09-27 21:00:00-04:00,262,59.0,68.62196215032462,boost_5y_linear_aligned,True
2022-09-17 04:00:00+00:00,2022-09-28 02:00:00+00:00,2022-09-27 22:00:00-04:00,263,63.0,67.80579097317715,boost_5y_linear_aligned,True
2022-09-17 04:00:00+00:00,2022-09-28 03:00:00+00:00,2022-09-27 23:00:00-04:00,264,60.0,67.10268802768879,boost_5y_linear_aligned,True
2022-09-17 04:00:00+00:00,2022-09-28 04:00:00+00:00,2022-09-28 00:00:00-04:00,265,58.0,66.13887582825578,boost_5y_linear_aligned,True
2022-09-17 04:00:00+00:00,2022-09-28 05:00:00+00:00,2022-09-28 01:00:00-04:00,266,58.0,65.04228766586607,boost_5y_linear_aligned,True
2022-09-17 04:00:00+00:00,2022-09-28 06:00:00+00:00,2022-09-28 02:00:00-04:00,267,57.0,64.51905984768354,boost_5y_linear_aligned,True
2022-09-17 04:00:00+00:00,2022-09-28 07:00:00+00:00,2022-09-28 03:00:00-04:00,268,52.0,63.68379266478655,boost_5y_linear_aligned,True
2022-09-17 04:00:00+00:00,2022-09-28 08:00:00+00:00,2022-09-28 04:00:00-04:00,269,53.0,63.33388569039173,boost_5y_linear_aligned,True
2022-09-17 04:00:00+00:00,2022-09-28 09:00:00+00:00,2022-09-28 05:00:00-04:00,270,48.0,62.83663537631081,boost_5y_linear_aligned,True
2022-09-17 04:00:00+00:00,2022-09-28 10:00:00+00:00,2022-09-28 06:00:00-04:00,271,48.0,62.469915507808885,boost_5y_linear_aligned,True
2022-09-17 04:00:00+00:00,2022-09-28 11:00:00+00:00,2022-09-28 07:00:00-04:00,272,51.0,63.49069890882021,boost_5y_linear_aligned,True
2022-09-17 04:00:00+00:00,2022-09-28 12:00:00+00:00,2022-09-28 08:00:00-04:00,273,58.0,67.07990187372553,boost_5y_linear_aligned,True
2022-09-17 04:00:00+00:00,2022-09-28 13:00:00+00:00,2022-09-28 09:00:00-04:00,274,60.0,70.92267191723842,boost_5y_linear_aligned,True
2022-09-17 04:00:00+00:00,2022-09-28 14:00:00+00:00,2022-09-28 10:00:00-04:00,275,65.0,74.37124233840211,boost_5y_linear_aligned,True
2022-09-17 04:00:00+00:00,2022-09-28 15:00:00+00:00,2022-09-28 11:00:00-04:00,276,68.0,76.8973551738646,boost_5y_linear_aligned,True
2022-09-17 04:00:00+00:00,2022-09-28 16:00:00+00:00,2022-09-28 12:00:00-04:00,277,69.0,78.69426005449958,boost_5y_linear_aligned,True
2022-09-17 04:00:00+00:00,2022-09-28 17:00:00+00:00,2022-09-28 13:00:00-04:00,278,71.0,80.19748889820254,boost_5y_linear_aligned,True
2022-09-17 04:00:00+00:00,2022-09-28 18:00:00+00:00,2022-09-28 14:00:00-04:00,279,71.0,81.12741293805892,boost_5y_linear_aligned,True
2022-09-17 04:00:00+00:00,2022-09-28 19:00:00+00:00,2022-09-28 15:00:00-04:00,280,71.0,80.85854828460671,boost_5y_linear_aligned,True
2022-09-17 04:00:00+00:00,2022-09-28 20:00:00+00:00,2022-09-28 16:00:00-04:00,281,70.0,80.34193338136302,boost_5y_linear_aligned,True
2022-09-17 04:00:00+00:00,2022-09-28 21:00:00+00:00,2022-09-28 17:00:00-04:00,282,68.0,78.77092042946754,boost_5y_linear_aligned,True
2022-09-17 04:00:00+00:00,2022-09-28 22:00:00+00:00,2022-09-28 18:00:00-04:00,283,65.0,75.1542691629266,boost_5y_linear_aligned,True
2022-09-17 04:00:00+00:00,2022-09-28 23:00:00+00:00,2022-09-28 19:00:00-04:00,284,63.0,71.74500460407003,boost_5y_linear_aligned,True
2022-09-17 04:00:00+00:00,2022-09-29 00:00:00+00:00,2022-09-28 20:00:00-04:00,285,61.0,69.76415238237652,boost_5y_linear_aligned,True
2022-09-17 04:00:00+00:00,2022-09-29 01:00:00+00:00,2022-09-28 21:00:00-04:00,286,60.0,68.43589155638384,boost_5y_linear_aligned,True
2022-09-17 04:00:00+00:00,2022-09-29 02:00:00+00:00,2022-09-28 22:00:00-04:00,287,60.0,67.68638209926992,boost_5y_linear_aligned,True
2022-09-17 04:00:00+00:00,2022-09-29 03:00:00+00:00,2022-09-28 23:00:00-04:00,288,58.0,66.97396958167371,boost_5y_linear_aligned,True
2022-09-17 04:00:00+00:00,2022-09-29 04:00:00+00:00,2022-09-29 00:00:00-04:00,289,59.0,65.97974714906863,boost_5y_linear_aligned,True
2022-09-17 04:00:00+00:00,2022-09-29 05:00:00+00:00,2022-09-29 01:00:00-04:00,290,57.0,64.89737028462766,boost_5y_linear_aligned,True
2022-09-17 04:00:00+00:00,2022-09-29 06:00:00+00:00,2022-09-29 02:00:00-04:00,291,56.0,64.38834647842246,boost_5y_linear_aligned,True
2022-09-17 04:00:00+00:00,2022-09-29 07:00:00+00:00,2022-09-29 03:00:00-04:00,292,57.0,63.51250458590725,boost_5y_linear_aligned,True
2022-09-17 04:00:00+00:00,2022-09-29 08:00:00+00:00,2022-09-29 04:00:00-04:00,293,56.0,63.15207617867781,boost_5y_linear_aligned,True
2022-09-17 04:00:00+00:00,2022-09-29 09:00:00+00:00,2022-09-29 05:00:00-04:00,294,55.0,62.628910320816516,boost_5y_linear_aligned,True
2022-09-17 04:00:00+00:00,2022-09-29 10:00:00+00:00,2022-09-29 06:00:00-04:00,295,54.0,62.26103238822784,boost_5y_linear_aligned,True
2022-09-17 04:00:00+00:00,2022-09-29 11:00:00+00:00,2022-09-29 07:00:00-04:00,296,55.0,63.26270294737436,boost_5y_linear_aligned,True
2022-09-17 04:00:00+00:00,2022-09-29 12:00:00+00:00,2022-09-29 08:00:00-04:00,297,57.0,66.88062697751576,boost_5y_linear_aligned,True
2022-09-17 04:00:00+00:00,2022-09-29 13:00:00+00:00,2022-09-29 09:00:00-04:00,298,60.0,70.6428713304556,boost_5y_linear_aligned,True
2022-09-17 04:00:00+00:00,2022-09-29 14:00:00+00:00,2022-09-29 10:00:00-04:00,299,64.0,74.13986411211349,boost_5y_linear_aligned,True
2022-09-17 04:00:00+00:00,2022-09-29 15:00:00+00:00,2022-09-29 11:00:00-04:00,300,65.0,76.6569773220435,boost_5y_linear_aligned,True
2022-09-17 04:00:00+00:00,2022-09-29 16:00:00+00:00,2022-09-29 12:00:00-04:00,301,66.0,78.46814773896419,boost_5y_linear_aligned,True
2022-09-17 04:00:00+00:00,2022-09-29 17:00:00+00:00,2022-09-29 13:00:00-04:00,302,67.0,79.95903449381936,boost_5y_linear_aligned,True
2022-09-17 04:00:00+00:00,2022-09-29 18:00:00+00:00,2022-09-29 14:00:00-04:00,303,67.0,80.86327488544669,boost_5y_linear_aligned,True
2022-09-17 04:00:00+00:00,2022-09-29 19:00:00+00:00,2022-09-29 15:00:00-04:00,304,67.0,80.78401823625777,boost_5y_linear_aligned,True
2022-09-17 04:00:00+00:00,2022-09-29 20:00:00+00:00,2022-09-29 16:00:00-04:00,305,66.0,80.40046393873595,boost_5y_linear_aligned,True
2022-09-17 04:00:00+00:00,2022-09-29 21:00:00+00:00,2022-09-29 17:00:00-04:00,306,65.0,78.74782447383497,boost_5y_linear_aligned,True
2022-09-17 04:00:00+00:00,2022-09-29 22:00:00+00:00,2022-09-29 18:00:00-04:00,307,64.0,75.01528365204368,boost_5y_linear_aligned,True
2022-09-17 04:00:00+00:00,2022-09-29 23:00:00+00:00,2022-09-29 19:00:00-04:00,308,63.0,71.5146536639931,boost_5y_linear_aligned,True
2022-09-17 04:00:00+00:00,2022-09-30 00:00:00+00:00,2022-09-29 20:00:00-04:00,309,63.0,69.5997002590564,boost_5y_linear_aligned,True
2022-09-17 04:00:00+00:00,2022-09-30 01:00:00+00:00,2022-09-29 21:00:00-04:00,310,62.0,68.19760040732064,boost_5y_linear_aligned,True
2022-09-17 04:00:00+00:00,2022-09-30 02:00:00+00:00,2022-09-29 22:00:00-04:00,311,62.0,67.55537107475796,boost_5y_linear_aligned,True
2022-09-17 04:00:00+00:00,2022-09-30 03:00:00+00:00,2022-09-29 23:00:00-04:00,312,62.0,66.82355429318395,boost_5y_linear_aligned,True
2022-09-17 04:00:00+00:00,2022-09-30 04:00:00+00:00,2022-09-30 00:00:00-04:00,313,61.0,65.75967195662314,boost_5y_linear_aligned,True
2022-09-17 04:00:00+00:00,2022-09-30 05:00:00+00:00,2022-09-30 01:00:00-04:00,314,61.0,64.62479225358504,boost_5y_linear_aligned,True
2022-09-17 04:00:00+00:00,2022-09-30 06:00:00+00:00,2022-09-30 02:00:00-04:00,315,61.0,64.10325871674993,boost_5y_linear_aligned,True
2022-09-17 04:00:00+00:00,2022-09-30 07:00:00+00:00,2022-09-30 03:00:00-04:00,316,58.0,63.22705612402495,boost_5y_linear_aligned,True
2022-09-17 04:00:00+00:00,2022-09-30 08:00:00+00:00,2022-09-30 04:00:00-04:00,317,57.0,62.90502824082455,boost_5y_linear_aligned,True
2022-09-17 04:00:00+00:00,2022-09-30 09:00:00+00:00,2022-09-30 05:00:00-04:00,318,56.0,62.33677971903932,boost_5y_linear_aligned,True
2022-09-17 04:00:00+00:00,2022-09-30 10:00:00+00:00,2022-09-30 06:00:00-04:00,319,56.0,61.97520202645215,boost_5y_linear_aligned,True
2022-09-17 04:00:00+00:00,2022-09-30 11:00:00+00:00,2022-09-30 07:00:00-04:00,320,56.0,62.92622468341741,boost_5y_linear_aligned,True
2022-09-17 04:00:00+00:00,2022-09-30 12:00:00+00:00,2022-09-30 08:00:00-04:00,321,57.0,66.57296673893174,boost_5y_linear_aligned,True
2022-09-17 04:00:00+00:00,2022-09-30 13:00:00+00:00,2022-09-30 09:00:00-04:00,322,57.0,70.25820191956637,boost_5y_linear_aligned,True
2022-09-17 04:00:00+00:00,2022-09-30 14:00:00+00:00,2022-09-30 10:00:00-04:00,323,58.0,73.80269824080567,boost_5y_linear_aligned,True
2022-09-17 04:00:00+00:00,2022-09-30 15:00:00+00:00,2022-09-30 11:00:00-04:00,324,59.0,76.36156935458001,boost_5y_linear_aligned,True
2022-09-17 04:00:00+00:00,2022-09-30 16:00:00+00:00,2022-09-30 12:00:00-04:00,325,59.0,78.25277022817795,boost_5y_linear_aligned,True
2022-09-17 04:00:00+00:00,2022-09-30 17:00:00+00:00,2022-09-30 13:00:00-04:00,326,59.0,79.82500174024135,boost_5y_linear_aligned,True
2022-09-17 04:00:00+00:00,2022-09-30 18:00:00+00:00,2022-09-30 14:00:00-04:00,327,60.0,80.60273920963667,boost_5y_linear_aligned,True
2022-09-17 04:00:00+00:00,2022-09-30 19:00:00+00:00,2022-09-30 15:00:00-04:00,328,60.0,80.60194193171712,boost_5y_linear_aligned,True
2022-09-17 04:00:00+00:00,2022-09-30 20:00:00+00:00,2022-09-30 16:00:00-04:00,329,61.0,80.11234116069232,boost_5y_linear_aligned,True
2022-09-17 04:00:00+00:00,2022-09-30 21:00:00+00:00,2022-09-30 17:00:00-04:00,330,61.0,78.45225097326926,boost_5y_linear_aligned,True
2022-09-17 04:00:00+00:00,2022-09-30 22:00:00+00:00,2022-09-30 18:00:00-04:00,331,61.0,74.70469449694953,boost_5y_linear_aligned,True
2022-09-17 04:00:00+00:00,2022-09-30 23:00:00+00:00,2022-09-30 19:00:00-04:00,332,61.0,71.2863158612632,boost_5y_linear_aligned,True
2022-09-17 04:00:00+00:00,2022-10-01 00:00:00+00:00,2022-09-30 20:00:00-04:00,333,60.0,69.42441766337804,boost_5y_linear_aligned,True
2022-09-17 04:00:00+00:00,2022-10-01 01:00:00+00:00,2022-09-30 21:00:00-04:00,334,62.0,68.13075068237521,boost_5y_linear_aligned,True
2022-09-17 04:00:00+00:00,2022-10-01 02:00:00+00:00,2022-09-30 22:00:00-04:00,335,65.0,67.43683066043947,boost_5y_linear_aligned,True
2022-09-17 04:00:00+00:00,2022-10-01 03:00:00+00:00,2022-09-30 23:00:00-04:00,336,67.0,66.79541851925174,boost_5y_linear_aligned,True
2022-09-24 04:00:00+00:00,2022-09-24 04:00:00+00:00,2022-09-24 00:00:00-04:00,1,48.0,56.97718828818815,boost_5y_linear_aligned,True
2022-09-24 04:00:00+00:00,2022-09-24 05:00:00+00:00,2022-09-24 01:00:00-04:00,2,52.0,56.165482244146055,boost_5y_linear_aligned,True
2022-09-24 04:00:00+00:00,2022-09-24 06:00:00+00:00,2022-09-24 02:00:00-04:00,3,49.0,55.65801764159447,boost_5y_linear_aligned,True
2022-09-24 04:00:00+00:00,2022-09-24 07:00:00+00:00,2022-09-24 03:00:00-04:00,4,51.0,55.02237657551225,boost_5y_linear_aligned,True
2022-09-24 04:00:00+00:00,2022-09-24 08:00:00+00:00,2022-09-24 04:00:00-04:00,5,52.0,54.6621043373336,boost_5y_linear_aligned,True
2022-09-24 04:00:00+00:00,2022-09-24 09:00:00+00:00,2022-09-24 05:00:00-04:00,6,52.0,54.226083287293264,boost_5y_linear_aligned,True
2022-09-24 04:00:00+00:00,2022-09-24 10:00:00+00:00,2022-09-24 06:00:00-04:00,7,52.0,54.052552113992924,boost_5y_linear_aligned,True
2022-09-24 04:00:00+00:00,2022-09-24 11:00:00+00:00,2022-09-24 07:00:00-04:00,8,55.0,55.68670827372165,boost_5y_linear_aligned,True
2022-09-24 04:00:00+00:00,2022-09-24 12:00:00+00:00,2022-09-24 08:00:00-04:00,9,60.0,59.293746654510805,boost_5y_linear_aligned,True
2022-09-24 04:00:00+00:00,2022-09-24 13:00:00+00:00,2022-09-24 09:00:00-04:00,10,63.0,63.61561580977244,boost_5y_linear_aligned,True
2022-09-24 04:00:00+00:00,2022-09-24 14:00:00+00:00,2022-09-24 10:00:00-04:00,11,65.0,68.24849184470399,boost_5y_linear_aligned,True
2022-09-24 04:00:00+00:00,2022-09-24 15:00:00+00:00,2022-09-24 11:00:00-04:00,12,69.0,70.71250458012456,boost_5y_linear_aligned,True
2022-09-24 04:00:00+00:00,2022-09-24 16:00:00+00:00,2022-09-24 12:00:00-04:00,13,74.0,72.81611303443579,boost_5y_linear_aligned,True
2022-09-24 04:00:00+00:00,2022-09-24 17:00:00+00:00,2022-09-24 13:00:00-04:00,14,74.0,74.26842826403684,boost_5y_linear_aligned,True
2022-09-24 04:00:00+00:00,2022-09-24 18:00:00+00:00,2022-09-24 14:00:00-04:00,15,72.0,75.02517738267146,boost_5y_linear_aligned,True
2022-09-24 04:00:00+00:00,2022-09-24 19:00:00+00:00,2022-09-24 15:00:00-04:00,16,73.0,75.05799722139803,boost_5y_linear_aligned,True
2022-09-24 04:00:00+00:00,2022-09-24 20:00:00+00:00,2022-09-24 16:00:00-04:00,17,75.0,74.7046277781951,boost_5y_linear_aligned,True
2022-09-24 04:00:00+00:00,2022-09-24 21:00:00+00:00,2022-09-24 17:00:00-04:00,18,72.0,72.87068041502401,boost_5y_linear_aligned,True
2022-09-24 04:00:00+00:00,2022-09-24 22:00:00+00:00,2022-09-24 18:00:00-04:00,19,70.0,69.61875013109803,boost_5y_linear_aligned,True
2022-09-24 04:00:00+00:00,2022-09-24 23:00:00+00:00,2022-09-24 19:00:00-04:00,20,69.0,64.95480445283943,boost_5y_linear_aligned,True
2022-09-24 04:00:00+00:00,2022-09-25 00:00:00+00:00,2022-09-24 20:00:00-04:00,21,69.0,62.711549376559255,boost_5y_linear_aligned,True
2022-09-24 04:00:00+00:00,2022-09-25 01:00:00+00:00,2022-09-24 21:00:00-04:00,22,68.0,61.587801716225115,boost_5y_linear_aligned,True
2022-09-24 04:00:00+00:00,2022-09-25 02:00:00+00:00,2022-09-24 22:00:00-04:00,23,67.0,60.45756911329959,boost_5y_linear_aligned,True
2022-09-24 04:00:00+00:00,2022-09-25 03:00:00+00:00,2022-09-24 23:00:00-04:00,24,66.0,59.38933085533538,boost_5y_linear_aligned,True
2022-09-24 04:00:00+00:00,2022-09-25 04:00:00+00:00,2022-09-25 00:00:00-04:00,25,64.0,58.763397990942245,boost_5y_linear_aligned,True
2022-09-24 04:00:00+00:00,2022-09-25 05:00:00+00:00,2022-09-25 01:00:00-04:00,26,62.0,57.91999460015064,boost_5y_linear_aligned,True
2022-09-24 04:00:00+00:00,2022-09-25 06:00:00+00:00,2022-09-25 02:00:00-04:00,27,65.0,57.39019101112412,boost_5y_linear_aligned,True
2022-09-24 04:00:00+00:00,2022-09-25 07:00:00+00:00,2022-09-25 03:00:00-04:00,28,66.0,56.68679433428629,boost_5y_linear_aligned,True
2022-09-24 04:00:00+00:00,2022-09-25 08:00:00+00:00,2022-09-25 04:00:00-04:00,29,65.0,56.20412035787836,boost_5y_linear_aligned,True
2022-09-24 04:00:00+00:00,2022-09-25 09:00:00+00:00,2022-09-25 05:00:00-04:00,30,62.0,55.83498225169447,boost_5y_linear_aligned,True
2022-09-24 04:00:00+00:00,2022-09-25 10:00:00+00:00,2022-09-25 06:00:00-04:00,31,61.0,55.651023874677136,boost_5y_linear_aligned,True
2022-09-24 04:00:00+00:00,2022-09-25 11:00:00+00:00,2022-09-25 07:00:00-04:00,32,64.0,57.316463664225566,boost_5y_linear_aligned,True
2022-09-24 04:00:00+00:00,2022-09-25 12:00:00+00:00,2022-09-25 08:00:00-04:00,33,68.0,60.877820497059886,boost_5y_linear_aligned,True
2022-09-24 04:00:00+00:00,2022-09-25 13:00:00+00:00,2022-09-25 09:00:00-04:00,34,71.0,64.45690466534593,boost_5y_linear_aligned,True
2022-09-24 04:00:00+00:00,2022-09-25 14:00:00+00:00,2022-09-25 10:00:00-04:00,35,77.0,68.94157830753933,boost_5y_linear_aligned,True
2022-09-24 04:00:00+00:00,2022-09-25 15:00:00+00:00,2022-09-25 11:00:00-04:00,36,82.0,71.61060883062697,boost_5y_linear_aligned,True
2022-09-24 04:00:00+00:00,2022-09-25 16:00:00+00:00,2022-09-25 12:00:00-04:00,37,83.0,73.7156916158685,boost_5y_linear_aligned,True
2022-09-24 04:00:00+00:00,2022-09-25 17:00:00+00:00,2022-09-25 13:00:00-04:00,38,81.0,74.978160953964,boost_5y_linear_aligned,True
2022-09-24 04:00:00+00:00,2022-09-25 18:00:00+00:00,2022-09-25 14:00:00-04:00,39,83.0,75.91389181636292,boost_5y_linear_aligned,True
2022-09-24 04:00:00+00:00,2022-09-25 19:00:00+00:00,2022-09-25 15:00:00-04:00,40,79.0,75.96426793821533,boost_5y_linear_aligned,True
2022-09-24 04:00:00+00:00,2022-09-25 20:00:00+00:00,2022-09-25 16:00:00-04:00,41,80.0,75.64604998952431,boost_5y_linear_aligned,True
2022-09-24 04:00:00+00:00,2022-09-25 21:00:00+00:00,2022-09-25 17:00:00-04:00,42,78.0,73.87322168299191,boost_5y_linear_aligned,True
2022-09-24 04:00:00+00:00,2022-09-25 22:00:00+00:00,2022-09-25 18:00:00-04:00,43,77.0,70.5318280940469,boost_5y_linear_aligned,True
2022-09-24 04:00:00+00:00,2022-09-25 23:00:00+00:00,2022-09-25 19:00:00-04:00,44,74.0,65.62530773358328,boost_5y_linear_aligned,True
2022-09-24 04:00:00+00:00,2022-09-26 00:00:00+00:00,2022-09-25 20:00:00-04:00,45,74.0,63.98093659711965,boost_5y_linear_aligned,True
2022-09-24 04:00:00+00:00,2022-09-26 01:00:00+00:00,2022-09-25 21:00:00-04:00,46,70.0,62.73867672984686,boost_5y_linear_aligned,True
2022-09-24 04:00:00+00:00,2022-09-26 02:00:00+00:00,2022-09-25 22:00:00-04:00,47,70.0,61.76308575724073,boost_5y_linear_aligned,True
2022-09-24 04:00:00+00:00,2022-09-26 03:00:00+00:00,2022-09-25 23:00:00-04:00,48,70.0,60.68702540309109,boost_5y_linear_aligned,True
2022-09-24 04:00:00+00:00,2022-09-26 04:00:00+00:00,2022-09-26 00:00:00-04:00,49,68.0,60.26450442497879,boost_5y_linear_aligned,True
2022-09-24 04:00:00+00:00,2022-09-26 05:00:00+00:00,2022-09-26 01:00:00-04:00,50,66.0,59.326652101406545,boost_5y_linear_aligned,True
2022-09-24 04:00:00+00:00,2022-09-26 06:00:00+00:00,2022-09-26 02:00:00-04:00,51,63.0,58.7161606809085,boost_5y_linear_aligned,True
2022-09-24 04:00:00+00:00,2022-09-26 07:00:00+00:00,2022-09-26 03:00:00-04:00,52,64.0,57.94067539156989,boost_5y_linear_aligned,True
2022-09-24 04:00:00+00:00,2022-09-26 08:00:00+00:00,2022-09-26 04:00:00-04:00,53,64.0,57.6260692033567,boost_5y_linear_aligned,True
2022-09-24 04:00:00+00:00,2022-09-26 09:00:00+00:00,2022-09-26 05:00:00-04:00,54,62.0,57.54581832189713,boost_5y_linear_aligned,True
2022-09-24 04:00:00+00:00,2022-09-26 10:00:00+00:00,2022-09-26 06:00:00-04:00,55,60.0,57.01043935565899,boost_5y_linear_aligned,True
2022-09-24 04:00:00+00:00,2022-09-26 11:00:00+00:00,2022-09-26 07:00:00-04:00,56,63.0,58.503474961210046,boost_5y_linear_aligned,True
2022-09-24 04:00:00+00:00,2022-09-26 12:00:00+00:00,2022-09-26 08:00:00-04:00,57,68.0,62.145216283908205,boost_5y_linear_aligned,True
2022-09-24 04:00:00+00:00,2022-09-26 13:00:00+00:00,2022-09-26 09:00:00-04:00,58,74.0,66.43672750592188,boost_5y_linear_aligned,True
2022-09-24 04:00:00+00:00,2022-09-26 14:00:00+00:00,2022-09-26 10:00:00-04:00,59,75.0,70.71669210126608,boost_5y_linear_aligned,True
2022-09-24 04:00:00+00:00,2022-09-26 15:00:00+00:00,2022-09-26 11:00:00-04:00,60,78.0,73.3006930036079,boost_5y_linear_aligned,True
2022-09-24 04:00:00+00:00,2022-09-26 16:00:00+00:00,2022-09-26 12:00:00-04:00,61,79.0,75.38180708215127,boost_5y_linear_aligned,True
2022-09-24 04:00:00+00:00,2022-09-26 17:00:00+00:00,2022-09-26 13:00:00-04:00,62,84.0,76.86173660731,boost_5y_linear_aligned,True
2022-09-24 04:00:00+00:00,2022-09-26 18:00:00+00:00,2022-09-26 14:00:00-04:00,63,86.0,77.7481178457957,boost_5y_linear_aligned,True
2022-09-24 04:00:00+00:00,2022-09-26 19:00:00+00:00,2022-09-26 15:00:00-04:00,64,83.0,77.68055378708668,boost_5y_linear_aligned,True
2022-09-24 04:00:00+00:00,2022-09-26 20:00:00+00:00,2022-09-26 16:00:00-04:00,65,85.0,76.88136725048423,boost_5y_linear_aligned,True
2022-09-24 04:00:00+00:00,2022-09-26 21:00:00+00:00,2022-09-26 17:00:00-04:00,66,82.0,75.08687747549484,boost_5y_linear_aligned,True
2022-09-24 04:00:00+00:00,2022-09-26 22:00:00+00:00,2022-09-26 18:00:00-04:00,67,79.0,71.41468750720757,boost_5y_linear_aligned,True
2022-09-24 04:00:00+00:00,2022-09-26 23:00:00+00:00,2022-09-26 19:00:00-04:00,68,75.0,66.9776797640499,boost_5y_linear_aligned,True
2022-09-24 04:00:00+00:00,2022-09-27 00:00:00+00:00,2022-09-26 20:00:00-04:00,69,68.0,64.81292080102196,boost_5y_linear_aligned,True
2022-09-24 04:00:00+00:00,2022-09-27 01:00:00+00:00,2022-09-26 21:00:00-04:00,70,66.0,63.40561876088361,boost_5y_linear_aligned,True
2022-09-24 04:00:00+00:00,2022-09-27 02:00:00+00:00,2022-09-26 22:00:00-04:00,71,62.0,62.50139484745361,boost_5y_linear_aligned,True
2022-09-24 04:00:00+00:00,2022-09-27 03:00:00+00:00,2022-09-26 23:00:00-04:00,72,60.0,61.57549247388223,boost_5y_linear_aligned,True
2022-09-24 04:00:00+00:00,2022-09-27 04:00:00+00:00,2022-09-27 00:00:00-04:00,73,59.0,61.01775154027009,boost_5y_linear_aligned,True
2022-09-24 04:00:00+00:00,2022-09-27 05:00:00+00:00,2022-09-27 01:00:00-04:00,74,58.0,60.01865516451187,boost_5y_linear_aligned,True
2022-09-24 04:00:00+00:00,2022-09-27 06:00:00+00:00,2022-09-27 02:00:00-04:00,75,56.0,59.47891093710753,boost_5y_linear_aligned,True
2022-09-24 04:00:00+00:00,2022-09-27 07:00:00+00:00,2022-09-27 03:00:00-04:00,76,57.0,58.66723548450911,boost_5y_linear_aligned,True
2022-09-24 04:00:00+00:00,2022-09-27 08:00:00+00:00,2022-09-27 04:00:00-04:00,77,56.0,58.286105560872066,boost_5y_linear_aligned,True
2022-09-24 04:00:00+00:00,2022-09-27 09:00:00+00:00,2022-09-27 05:00:00-04:00,78,55.0,57.87512769476533,boost_5y_linear_aligned,True
2022-09-24 04:00:00+00:00,2022-09-27 10:00:00+00:00,2022-09-27 06:00:00-04:00,79,55.0,57.71565001577566,boost_5y_linear_aligned,True
2022-09-24 04:00:00+00:00,2022-09-27 11:00:00+00:00,2022-09-27 07:00:00-04:00,80,57.0,58.84746475522988,boost_5y_linear_aligned,True
2022-09-24 04:00:00+00:00,2022-09-27 12:00:00+00:00,2022-09-27 08:00:00-04:00,81,64.0,62.45747175199595,boost_5y_linear_aligned,True
2022-09-24 04:00:00+00:00,2022-09-27 13:00:00+00:00,2022-09-27 09:00:00-04:00,82,69.0,66.66844769079495,boost_5y_linear_aligned,True
2022-09-24 04:00:00+00:00,2022-09-27 14:00:00+00:00,2022-09-27 10:00:00-04:00,83,73.0,70.85885331739672,boost_5y_linear_aligned,True
2022-09-24 04:00:00+00:00,2022-09-27 15:00:00+00:00,2022-09-27 11:00:00-04:00,84,74.0,73.42225901438006,boost_5y_linear_aligned,True
2022-09-24 04:00:00+00:00,2022-09-27 16:00:00+00:00,2022-09-27 12:00:00-04:00,85,76.0,75.56672836190624,boost_5y_linear_aligned,True
2022-09-24 04:00:00+00:00,2022-09-27 17:00:00+00:00,2022-09-27 13:00:00-04:00,86,77.0,77.07145799785167,boost_5y_linear_aligned,True
2022-09-24 04:00:00+00:00,2022-09-27 18:00:00+00:00,2022-09-27 14:00:00-04:00,87,79.0,77.97419456136916,boost_5y_linear_aligned,True
2022-09-24 04:00:00+00:00,2022-09-27 19:00:00+00:00,2022-09-27 15:00:00-04:00,88,79.0,77.81153167425458,boost_5y_linear_aligned,True
2022-09-24 04:00:00+00:00,2022-09-27 20:00:00+00:00,2022-09-27 16:00:00-04:00,89,79.0,77.3058876732842,boost_5y_linear_aligned,True
2022-09-24 04:00:00+00:00,2022-09-27 21:00:00+00:00,2022-09-27 17:00:00-04:00,90,76.0,75.54773024677928,boost_5y_linear_aligned,True
2022-09-24 04:00:00+00:00,2022-09-27 22:00:00+00:00,2022-09-27 18:00:00-04:00,91,73.0,71.97667315746264,boost_5y_linear_aligned,True
2022-09-24 04:00:00+00:00,2022-09-27 23:00:00+00:00,2022-09-27 19:00:00-04:00,92,68.0,67.77643358899272,boost_5y_linear_aligned,True
2022-09-24 04:00:00+00:00,2022-09-28 00:00:00+00:00,2022-09-27 20:00:00-04:00,93,65.0,65.62119175477662,boost_5y_linear_aligned,True
2022-09-24 04:00:00+00:00,2022-09-28 01:00:00+00:00,2022-09-27 21:00:00-04:00,94,59.0,64.28455054178733,boost_5y_linear_aligned,True
2022-09-24 04:00:00+00:00,2022-09-28 02:00:00+00:00,2022-09-27 22:00:00-04:00,95,63.0,63.397154360459794,boost_5y_linear_aligned,True
2022-09-24 04:00:00+00:00,2022-09-28 03:00:00+00:00,2022-09-27 23:00:00-04:00,96,60.0,62.62600569077033,boost_5y_linear_aligned,True
2022-09-24 04:00:00+00:00,2022-09-28 04:00:00+00:00,2022-09-28 00:00:00-04:00,97,58.0,61.83980493248921,boost_5y_linear_aligned,True
2022-09-24 04:00:00+00:00,2022-09-28 05:00:00+00:00,2022-09-28 01:00:00-04:00,98,58.0,60.83200553585856,boost_5y_linear_aligned,True
2022-09-24 04:00:00+00:00,2022-09-28 06:00:00+00:00,2022-09-28 02:00:00-04:00,99,57.0,60.25581128733267,boost_5y_linear_aligned,True
2022-09-24 04:00:00+00:00,2022-09-28 07:00:00+00:00,2022-09-28 03:00:00-04:00,100,52.0,59.73712911877335,boost_5y_linear_aligned,True
2022-09-24 04:00:00+00:00,2022-09-28 08:00:00+00:00,2022-09-28 04:00:00-04:00,101,53.0,59.653466870899436,boost_5y_linear_aligned,True
2022-09-24 04:00:00+00:00,2022-09-28 09:00:00+00:00,2022-09-28 05:00:00-04:00,102,48.0,59.193264953185285,boost_5y_linear_aligned,True
2022-09-24 04:00:00+00:00,2022-09-28 10:00:00+00:00,2022-09-28 06:00:00-04:00,103,48.0,58.999520818259775,boost_5y_linear_aligned,True
2022-09-24 04:00:00+00:00,2022-09-28 11:00:00+00:00,2022-09-28 07:00:00-04:00,104,51.0,59.83732329027328,boost_5y_linear_aligned,True
2022-09-24 04:00:00+00:00,2022-09-28 12:00:00+00:00,2022-09-28 08:00:00-04:00,105,58.0,63.350380634772684,boost_5y_linear_aligned,True
2022-09-24 04:00:00+00:00,2022-09-28 13:00:00+00:00,2022-09-28 09:00:00-04:00,106,60.0,67.49829433109207,boost_5y_linear_aligned,True
2022-09-24 04:00:00+00:00,2022-09-28 14:00:00+00:00,2022-09-28 10:00:00-04:00,107,65.0,71.9834212786572,boost_5y_linear_aligned,True
2022-09-24 04:00:00+00:00,2022-09-28 15:00:00+00:00,2022-09-28 11:00:00-04:00,108,68.0,74.51832626175857,boost_5y_linear_aligned,True
2022-09-24 04:00:00+00:00,2022-09-28 16:00:00+00:00,2022-09-28 12:00:00-04:00,109,69.0,76.5488191550714,boost_5y_linear_aligned,True
2022-09-24 04:00:00+00:00,2022-09-28 17:00:00+00:00,2022-09-28 13:00:00-04:00,110,71.0,78.21199799712124,boost_5y_linear_aligned,True
2022-09-24 04:00:00+00:00,2022-09-28 18:00:00+00:00,2022-09-28 14:00:00-04:00,111,71.0,79.15431354113429,boost_5y_linear_aligned,True
2022-09-24 04:00:00+00:00,2022-09-28 19:00:00+00:00,2022-09-28 15:00:00-04:00,112,71.0,78.92797792821212,boost_5y_linear_aligned,True
2022-09-24 04:00:00+00:00,2022-09-28 20:00:00+00:00,2022-09-28 16:00:00-04:00,113,70.0,78.40034205539604,boost_5y_linear_aligned,True
2022-09-24 04:00:00+00:00,2022-09-28 21:00:00+00:00,2022-09-28 17:00:00-04:00,114,68.0,76.66297494973385,boost_5y_linear_aligned,True
2022-09-24 04:00:00+00:00,2022-09-28 22:00:00+00:00,2022-09-28 18:00:00-04:00,115,65.0,72.97620337637974,boost_5y_linear_aligned,True
2022-09-24 04:00:00+00:00,2022-09-28 23:00:00+00:00,2022-09-28 19:00:00-04:00,116,63.0,68.991910571948,boost_5y_linear_aligned,True
2022-09-24 04:00:00+00:00,2022-09-29 00:00:00+00:00,2022-09-28 20:00:00-04:00,117,61.0,66.97239522202749,boost_5y_linear_aligned,True
2022-09-24 04:00:00+00:00,2022-09-29 01:00:00+00:00,2022-09-28 21:00:00-04:00,118,60.0,65.66062483558287,boost_5y_linear_aligned,True
2022-09-24 04:00:00+00:00,2022-09-29 02:00:00+00:00,2022-09-28 22:00:00-04:00,119,60.0,64.90557246482523,boost_5y_linear_aligned,True
2022-09-24 04:00:00+00:00,2022-09-29 03:00:00+00:00,2022-09-28 23:00:00-04:00,120,58.0,64.18451062671825,boost_5y_linear_aligned,True
2022-09-24 04:00:00+00:00,2022-09-29 04:00:00+00:00,2022-09-29 00:00:00-04:00,121,59.0,63.40271884682787,boost_5y_linear_aligned,True
2022-09-24 04:00:00+00:00,2022-09-29 05:00:00+00:00,2022-09-29 01:00:00-04:00,122,57.0,62.39506131946187,boost_5y_linear_aligned,True
2022-09-24 04:00:00+00:00,2022-09-29 06:00:00+00:00,2022-09-29 02:00:00-04:00,123,56.0,61.818174778107746,boost_5y_linear_aligned,True
2022-09-24 04:00:00+00:00,2022-09-29 07:00:00+00:00,2022-09-29 03:00:00-04:00,124,57.0,60.99108330824115,boost_5y_linear_aligned,True
2022-09-24 04:00:00+00:00,2022-09-29 08:00:00+00:00,2022-09-29 04:00:00-04:00,125,56.0,60.649414461451165,boost_5y_linear_aligned,True
2022-09-24 04:00:00+00:00,2022-09-29 09:00:00+00:00,2022-09-29 05:00:00-04:00,126,55.0,60.207602452628905,boost_5y_linear_aligned,True
2022-09-24 04:00:00+00:00,2022-09-29 10:00:00+00:00,2022-09-29 06:00:00-04:00,127,54.0,59.902814300209165,boost_5y_linear_aligned,True
2022-09-24 04:00:00+00:00,2022-09-29 11:00:00+00:00,2022-09-29 07:00:00-04:00,128,55.0,60.785928555884404,boost_5y_linear_aligned,True
2022-09-24 04:00:00+00:00,2022-09-29 12:00:00+00:00,2022-09-29 08:00:00-04:00,129,57.0,64.33610354380549,boost_5y_linear_aligned,True
2022-09-24 04:00:00+00:00,2022-09-29 13:00:00+00:00,2022-09-29 09:00:00-04:00,130,60.0,68.44856367095375,boost_5y_linear_aligned,True
2022-09-24 04:00:00+00:00,2022-09-29 14:00:00+00:00,2022-09-29 10:00:00-04:00,131,64.0,72.48691047937866,boost_5y_linear_aligned,True
2022-09-24 04:00:00+00:00,2022-09-29 15:00:00+00:00,2022-09-29 11:00:00-04:00,132,65.0,75.0330991554336,boost_5y_linear_aligned,True
2022-09-24 04:00:00+00:00,2022-09-29 16:00:00+00:00,2022-09-29 12:00:00-04:00,133,66.0,76.92170787509497,boost_5y_linear_aligned,True
2022-09-24 04:00:00+00:00,2022-09-29 17:00:00+00:00,2022-09-29 13:00:00-04:00,134,67.0,79.12975681980403,boost_5y_linear_aligned,True
2022-09-24 04:00:00+00:00,2022-09-29 18:00:00+00:00,2022-09-29 14:00:00-04:00,135,67.0,79.97244029251924,boost_5y_linear_aligned,True
2022-09-24 04:00:00+00:00,2022-09-29 19:00:00+00:00,2022-09-29 15:00:00-04:00,136,67.0,79.88642303605252,boost_5y_linear_aligned,True
2022-09-24 04:00:00+00:00,2022-09-29 20:00:00+00:00,2022-09-29 16:00:00-04:00,137,66.0,79.3510965157513,boost_5y_linear_aligned,True
2022-09-24 04:00:00+00:00,2022-09-29 21:00:00+00:00,2022-09-29 17:00:00-04:00,138,65.0,77.62864581678367,boost_5y_linear_aligned,True
2022-09-24 04:00:00+00:00,2022-09-29 22:00:00+00:00,2022-09-29 18:00:00-04:00,139,64.0,73.95308319866203,boost_5y_linear_aligned,True
2022-09-24 04:00:00+00:00,2022-09-29 23:00:00+00:00,2022-09-29 19:00:00-04:00,140,63.0,70.1574914136202,boost_5y_linear_aligned,True
2022-09-24 04:00:00+00:00,2022-09-30 00:00:00+00:00,2022-09-29 20:00:00-04:00,141,63.0,68.27115102813802,boost_5y_linear_aligned,True
2022-09-24 04:00:00+00:00,2022-09-30 01:00:00+00:00,2022-09-29 21:00:00-04:00,142,62.0,66.92952662141887,boost_5y_linear_aligned,True
2022-09-24 04:00:00+00:00,2022-09-30 02:00:00+00:00,2022-09-29 22:00:00-04:00,143,62.0,66.17253393767083,boost_5y_linear_aligned,True
2022-09-24 04:00:00+00:00,2022-09-30 03:00:00+00:00,2022-09-29 23:00:00-04:00,144,62.0,65.35724887427506,boost_5y_linear_aligned,True
2022-09-24 04:00:00+00:00,2022-09-30 04:00:00+00:00,2022-09-30 00:00:00-04:00,145,61.0,64.69486043789304,boost_5y_linear_aligned,True
2022-09-24 04:00:00+00:00,2022-09-30 05:00:00+00:00,2022-09-30 01:00:00-04:00,146,61.0,63.56837469631772,boost_5y_linear_aligned,True
2022-09-24 04:00:00+00:00,2022-09-30 06:00:00+00:00,2022-09-30 02:00:00-04:00,147,61.0,63.01865495021174,boost_5y_linear_aligned,True
2022-09-24 04:00:00+00:00,2022-09-30 07:00:00+00:00,2022-09-30 03:00:00-04:00,148,58.0,62.219598078689415,boost_5y_linear_aligned,True
2022-09-24 04:00:00+00:00,2022-09-30 08:00:00+00:00,2022-09-30 04:00:00-04:00,149,57.0,61.96212093431346,boost_5y_linear_aligned,True
2022-09-24 04:00:00+00:00,2022-09-30 09:00:00+00:00,2022-09-30 05:00:00-04:00,150,56.0,61.43257965236591,boost_5y_linear_aligned,True
2022-09-24 04:00:00+00:00,2022-09-30 10:00:00+00:00,2022-09-30 06:00:00-04:00,151,56.0,61.0777311055076,boost_5y_linear_aligned,True
2022-09-24 04:00:00+00:00,2022-09-30 11:00:00+00:00,2022-09-30 07:00:00-04:00,152,56.0,61.95404868923913,boost_5y_linear_aligned,True
2022-09-24 04:00:00+00:00,2022-09-30 12:00:00+00:00,2022-09-30 08:00:00-04:00,153,57.0,65.52124646081398,boost_5y_linear_aligned,True
2022-09-24 04:00:00+00:00,2022-09-30 13:00:00+00:00,2022-09-30 09:00:00-04:00,154,57.0,69.20942569500953,boost_5y_linear_aligned,True
2022-09-24 04:00:00+00:00,2022-09-30 14:00:00+00:00,2022-09-30 10:00:00-04:00,155,58.0,72.94312632125002,boost_5y_linear_aligned,True
2022-09-24 04:00:00+00:00,2022-09-30 15:00:00+00:00,2022-09-30 11:00:00-04:00,156,59.0,75.57317479822088,boost_5y_linear_aligned,True
2022-09-24 04:00:00+00:00,2022-09-30 16:00:00+00:00,2022-09-30 12:00:00-04:00,157,59.0,77.55602884530892,boost_5y_linear_aligned,True
2022-09-24 04:00:00+00:00,2022-09-30 17:00:00+00:00,2022-09-30 13:00:00-04:00,158,59.0,79.13260396760587,boost_5y_linear_aligned,True
2022-09-24 04:00:00+00:00,2022-09-30 18:00:00+00:00,2022-09-30 14:00:00-04:00,159,60.0,79.96103457823236,boost_5y_linear_aligned,True
2022-09-24 04:00:00+00:00,2022-09-30 19:00:00+00:00,2022-09-30 15:00:00-04:00,160,60.0,79.96423482608333,boost_5y_linear_aligned,True
2022-09-24 04:00:00+00:00,2022-09-30 20:00:00+00:00,2022-09-30 16:00:00-04:00,161,61.0,79.37205855910562,boost_5y_linear_aligned,True
2022-09-24 04:00:00+00:00,2022-09-30 21:00:00+00:00,2022-09-30 17:00:00-04:00,162,61.0,77.69857621095946,boost_5y_linear_aligned,True
2022-09-24 04:00:00+00:00,2022-09-30 22:00:00+00:00,2022-09-30 18:00:00-04:00,163,61.0,73.81315569942593,boost_5y_linear_aligned,True
2022-09-24 04:00:00+00:00,2022-09-30 23:00:00+00:00,2022-09-30 19:00:00-04:00,164,61.0,70.03380990702797,boost_5y_linear_aligned,True
2022-09-24 04:00:00+00:00,2022-10-01 00:00:00+00:00,2022-09-30 20:00:00-04:00,165,60.0,68.24176506813885,boost_5y_linear_aligned,True
2022-09-24 04:00:00+00:00,2022-10-01 01:00:00+00:00,2022-09-30 21:00:00-04:00,166,62.0,67.09803300603532,boost_5y_linear_aligned,True
2022-09-24 04:00:00+00:00,2022-10-01 02:00:00+00:00,2022-09-30 22:00:00-04:00,167,65.0,66.39719175802874,boost_5y_linear_aligned,True
2022-09-24 04:00:00+00:00,2022-10-01 03:00:00+00:00,2022-09-30 23:00:00-04:00,168,67.0,65.68360199095595,boost_5y_linear_aligned,True
2022-09-24 04:00:00+00:00,2022-10-01 04:00:00+00:00,2022-10-01 00:00:00-04:00,169,66.0,64.77138029302253,boost_5y_linear_aligned,True
2022-09-24 04:00:00+00:00,2022-10-01 05:00:00+00:00,2022-10-01 01:00:00-04:00,170,64.0,63.78002715638811,boost_5y_linear_aligned,True
2022-09-24 04:00:00+00:00,2022-10-01 06:00:00+00:00,2022-10-01 02:00:00-04:00,171,63.0,62.72173330617082,boost_5y_linear_aligned,True
2022-09-24 04:00:00+00:00,2022-10-01 07:00:00+00:00,2022-10-01 03:00:00-04:00,172,61.0,62.09989615910148,boost_5y_linear_aligned,True
2022-09-24 04:00:00+00:00,2022-10-01 08:00:00+00:00,2022-10-01 04:00:00-04:00,173,60.0,61.85054279212409,boost_5y_linear_aligned,True
2022-09-24 04:00:00+00:00,2022-10-01 09:00:00+00:00,2022-10-01 05:00:00-04:00,174,59.0,61.37768892406446,boost_5y_linear_aligned,True
2022-09-24 04:00:00+00:00,2022-10-01 10:00:00+00:00,2022-10-01 06:00:00-04:00,175,59.0,61.01139128230161,boost_5y_linear_aligned,True
2022-09-24 04:00:00+00:00,2022-10-01 11:00:00+00:00,2022-10-01 07:00:00-04:00,176,58.0,61.9297160534807,boost_5y_linear_aligned,True
2022-09-24 04:00:00+00:00,2022-10-01 12:00:00+00:00,2022-10-01 08:00:00-04:00,177,58.0,65.36901634351061,boost_5y_linear_aligned,True
2022-09-24 04:00:00+00:00,2022-10-01 13:00:00+00:00,2022-10-01 09:00:00-04:00,178,60.0,69.14147297143458,boost_5y_linear_aligned,True
2022-09-24 04:00:00+00:00,2022-10-01 14:00:00+00:00,2022-10-01 10:00:00-04:00,179,61.0,72.7578176710305,boost_5y_linear_aligned,True
2022-09-24 04:00:00+00:00,2022-10-01 15:00:00+00:00,2022-10-01 11:00:00-04:00,180,62.0,75.32309747057684,boost_5y_linear_aligned,True
2022-09-24 04:00:00+00:00,2022-10-01 16:00:00+00:00,2022-10-01 12:00:00-04:00,181,62.0,77.231677212886,boost_5y_linear_aligned,True
2022-09-24 04:00:00+00:00,2022-10-01 17:00:00+00:00,2022-10-01 13:00:00-04:00,182,64.0,78.74680598261565,boost_5y_linear_aligned,True
2022-09-24 04:00:00+00:00,2022-10-01 18:00:00+00:00,2022-10-01 14:00:00-04:00,183,66.0,79.49820729639333,boost_5y_linear_aligned,True
2022-09-24 04:00:00+00:00,2022-10-01 19:00:00+00:00,2022-10-01 15:00:00-04:00,184,64.0,79.55813914802243,boost_5y_linear_aligned,True
2022-09-24 04:00:00+00:00,2022-10-01 20:00:00+00:00,2022-10-01 16:00:00-04:00,185,63.0,79.0366182833411,boost_5y_linear_aligned,True
2022-09-24 04:00:00+00:00,2022-10-01 21:00:00+00:00,2022-10-01 17:00:00-04:00,186,62.0,77.30485667800133,boost_5y_linear_aligned,True
2022-09-24 04:00:00+00:00,2022-10-01 22:00:00+00:00,2022-10-01 18:00:00-04:00,187,62.0,73.50311164946807,boost_5y_linear_aligned,True
2022-09-24 04:00:00+00:00,2022-10-01 23:00:00+00:00,2022-10-01 19:00:00-04:00,188,62.0,69.97936487508859,boost_5y_linear_aligned,True
2022-09-24 04:00:00+00:00,2022-10-02 00:00:00+00:00,2022-10-01 20:00:00-04:00,189,61.0,68.2387562203652,boost_5y_linear_aligned,True
2022-09-24 04:00:00+00:00,2022-10-02 01:00:00+00:00,2022-10-01 21:00:00-04:00,190,61.0,67.0308127837546,boost_5y_linear_aligned,True
2022-09-24 04:00:00+00:00,2022-10-02 02:00:00+00:00,2022-10-01 22:00:00-04:00,191,60.0,66.36073682517554,boost_5y_linear_aligned,True
2022-09-24 04:00:00+00:00,2022-10-02 03:00:00+00:00,2022-10-01 23:00:00-04:00,192,60.0,65.6879637302386,boost_5y_linear_aligned,True
2022-09-24 04:00:00+00:00,2022-10-02 04:00:00+00:00,2022-10-02 00:00:00-04:00,193,58.0,64.84731979457689,boost_5y_linear_aligned,True
2022-09-24 04:00:00+00:00,2022-10-02 05:00:00+00:00,2022-10-02 01:00:00-04:00,194,57.0,63.90049223128568,boost_5y_linear_aligned,True
2022-09-24 04:00:00+00:00,2022-10-02 06:00:00+00:00,2022-10-02 02:00:00-04:00,195,56.0,63.444127380053345,boost_5y_linear_aligned,True
2022-09-24 04:00:00+00:00,2022-10-02 07:00:00+00:00,2022-10-02 03:00:00-04:00,196,55.0,62.78488648288998,boost_5y_linear_aligned,True
2022-09-24 04:00:00+00:00,2022-10-02 08:00:00+00:00,2022-10-02 04:00:00-04:00,197,54.0,62.540198578436424,boost_5y_linear_aligned,True
2022-09-24 04:00:00+00:00,2022-10-02 09:00:00+00:00,2022-10-02 05:00:00-04:00,198,54.0,62.05692547555105,boost_5y_linear_aligned,True
2022-09-24 04:00:00+00:00,2022-10-02 10:00:00+00:00,2022-10-02 06:00:00-04:00,199,55.0,61.548276082947815,boost_5y_linear_aligned,True
2022-09-24 04:00:00+00:00,2022-10-02 11:00:00+00:00,2022-10-02 07:00:00-04:00,200,55.0,62.48283060968584,boost_5y_linear_aligned,True
2022-09-24 04:00:00+00:00,2022-10-02 12:00:00+00:00,2022-10-02 08:00:00-04:00,201,56.0,65.90198859652928,boost_5y_linear_aligned,True
2022-09-24 04:00:00+00:00,2022-10-02 13:00:00+00:00,2022-10-02 09:00:00-04:00,202,60.0,69.76119796379248,boost_5y_linear_aligned,True
2022-09-24 04:00:00+00:00,2022-10-02 14:00:00+00:00,2022-10-02 10:00:00-04:00,203,64.0,73.20227266269788,boost_5y_linear_aligned,True
2022-09-24 04:00:00+00:00,2022-10-02 15:00:00+00:00,2022-10-02 11:00:00-04:00,204,63.0,75.6749986041265,boost_5y_linear_aligned,True
2022-09-24 04:00:00+00:00,2022-10-02 16:00:00+00:00,2022-10-02 12:00:00-04:00,205,64.0,77.66042295573436,boost_5y_linear_aligned,True
2022-09-24 04:00:00+00:00,2022-10-02 17:00:00+00:00,2022-10-02 13:00:00-04:00,206,62.0,79.14512097790028,boost_5y_linear_aligned,True
2022-09-24 04:00:00+00:00,2022-10-02 18:00:00+00:00,2022-10-02 14:00:00-04:00,207,62.0,79.97087327450362,boost_5y_linear_aligned,True
2022-09-24 04:00:00+00:00,2022-10-02 19:00:00+00:00,2022-10-02 15:00:00-04:00,208,62.0,79.97321732787306,boost_5y_linear_aligned,True
2022-09-24 04:00:00+00:00,2022-10-02 20:00:00+00:00,2022-10-02 16:00:00-04:00,209,61.0,79.45890810692752,boost_5y_linear_aligned,True
2022-09-24 04:00:00+00:00,2022-10-02 21:00:00+00:00,2022-10-02 17:00:00-04:00,210,59.0,77.82823428029457,boost_5y_linear_aligned,True
2022-09-24 04:00:00+00:00,2022-10-02 22:00:00+00:00,2022-10-02 18:00:00-04:00,211,59.0,74.0222370312637,boost_5y_linear_aligned,True
2022-09-24 04:00:00+00:00,2022-10-02 23:00:00+00:00,2022-10-02 19:00:00-04:00,212,58.0,70.74329193208926,boost_5y_linear_aligned,True
2022-09-24 04:00:00+00:00,2022-10-03 00:00:00+00:00,2022-10-02 20:00:00-04:00,213,57.0,69.0795691990052,boost_5y_linear_aligned,True
2022-09-24 04:00:00+00:00,2022-10-03 01:00:00+00:00,2022-10-02 21:00:00-04:00,214,57.0,67.74356679804825,boost_5y_linear_aligned,True
2022-09-24 04:00:00+00:00,2022-10-03 02:00:00+00:00,2022-10-02 22:00:00-04:00,215,57.0,67.10846109793597,boost_5y_linear_aligned,True
2022-09-24 04:00:00+00:00,2022-10-03 03:00:00+00:00,2022-10-02 23:00:00-04:00,216,57.0,66.41417500745801,boost_5y_linear_aligned,True
2022-09-24 04:00:00+00:00,2022-10-03 04:00:00+00:00,2022-10-03 00:00:00-04:00,217,57.0,65.55677025936754,boost_5y_linear_aligned,True
2022-09-24 04:00:00+00:00,2022-10-03 05:00:00+00:00,2022-10-03 01:00:00-04:00,218,56.0,64.60244018304547,boost_5y_linear_aligned,True
2022-09-24 04:00:00+00:00,2022-10-03 06:00:00+00:00,2022-10-03 02:00:00-04:00,219,55.0,64.06040543587204,boost_5y_linear_aligned,True
2022-09-24 04:00:00+00:00,2022-10-03 07:00:00+00:00,2022-10-03 03:00:00-04:00,220,54.0,63.36408496174134,boost_5y_linear_aligned,True
2022-09-24 04:00:00+00:00,2022-10-03 08:00:00+00:00,2022-10-03 04:00:00-04:00,221,54.0,63.10269556788372,boost_5y_linear_aligned,True
2022-09-24 04:00:00+00:00,2022-10-03 09:00:00+00:00,2022-10-03 05:00:00-04:00,222,53.0,62.548214741660175,boost_5y_linear_aligned,True
2022-09-24 04:00:00+00:00,2022-10-03 10:00:00+00:00,2022-10-03 06:00:00-04:00,223,53.0,62.089076372526385,boost_5y_linear_aligned,True
2022-09-24 04:00:00+00:00,2022-10-03 11:00:00+00:00,2022-10-03 07:00:00-04:00,224,53.0,62.94304407489201,boost_5y_linear_aligned,True
2022-09-24 04:00:00+00:00,2022-10-03 12:00:00+00:00,2022-10-03 08:00:00-04:00,225,54.0,66.25531178462285,boost_5y_linear_aligned,True
2022-09-24 04:00:00+00:00,2022-10-03 13:00:00+00:00,2022-10-03 09:00:00-04:00,226,55.0,69.67764398345628,boost_5y_linear_aligned,True
2022-09-24 04:00:00+00:00,2022-10-03 14:00:00+00:00,2022-10-03 10:00:00-04:00,227,55.0,73.0006094223255,boost_5y_linear_aligned,True
2022-09-24 04:00:00+00:00,2022-10-03 15:00:00+00:00,2022-10-03 11:00:00-04:00,228,57.0,75.41970323072555,boost_5y_linear_aligned,True
2022-09-24 04:00:00+00:00,2022-10-03 16:00:00+00:00,2022-10-03 12:00:00-04:00,229,60.0,77.37825016596612,boost_5y_linear_aligned,True
2022-09-24 04:00:00+00:00,2022-10-03 17:00:00+00:00,2022-10-03 13:00:00-04:00,230,65.0,78.84974340374959,boost_5y_linear_aligned,True
2022-09-24 04:00:00+00:00,2022-10-03 18:00:00+00:00,2022-10-03 14:00:00-04:00,231,66.0,79.43062549045594,boost_5y_linear_aligned,True
2022-09-24 04:00:00+00:00,2022-10-03 19:00:00+00:00,2022-10-03 15:00:00-04:00,232,67.0,79.47512926402658,boost_5y_linear_aligned,True
2022-09-24 04:00:00+00:00,2022-10-03 20:00:00+00:00,2022-10-03 16:00:00-04:00,233,64.0,79.06770913899797,boost_5y_linear_aligned,True
2022-09-24 04:00:00+00:00,2022-10-03 21:00:00+00:00,2022-10-03 17:00:00-04:00,234,62.0,77.43726918804491,boost_5y_linear_aligned,True
2022-09-24 04:00:00+00:00,2022-10-03 22:00:00+00:00,2022-10-03 18:00:00-04:00,235,56.0,73.62490629520144,boost_5y_linear_aligned,True
2022-09-24 04:00:00+00:00,2022-10-03 23:00:00+00:00,2022-10-03 19:00:00-04:00,236,55.0,70.5737793435769,boost_5y_linear_aligned,True
2022-09-24 04:00:00+00:00,2022-10-04 00:00:00+00:00,2022-10-03 20:00:00-04:00,237,53.0,68.90045896113699,boost_5y_linear_aligned,True
2022-09-24 04:00:00+00:00,2022-10-04 01:00:00+00:00,2022-10-03 21:00:00-04:00,238,52.0,67.71915573779155,boost_5y_linear_aligned,True
2022-09-24 04:00:00+00:00,2022-10-04 02:00:00+00:00,2022-10-03 22:00:00-04:00,239,51.0,67.15036603743395,boost_5y_linear_aligned,True
2022-09-24 04:00:00+00:00,2022-10-04 03:00:00+00:00,2022-10-03 23:00:00-04:00,240,53.0,66.49070215579718,boost_5y_linear_aligned,True
2022-09-24 04:00:00+00:00,2022-10-04 04:00:00+00:00,2022-10-04 00:00:00-04:00,241,52.0,65.56913164778297,boost_5y_linear_aligned,True
2022-09-24 04:00:00+00:00,2022-10-04 05:00:00+00:00,2022-10-04 01:00:00-04:00,242,52.0,64.61514158564177,boost_5y_linear_aligned,True
2022-09-24 04:00:00+00:00,2022-10-04 06:00:00+00:00,2022-10-04 02:00:00-04:00,243,51.0,64.14030302101239,boost_5y_linear_aligned,True
2022-09-24 04:00:00+00:00,2022-10-04 07:00:00+00:00,2022-10-04 03:00:00-04:00,244,51.0,63.43850768826955,boost_5y_linear_aligned,True
2022-09-24 04:00:00+00:00,2022-10-04 08:00:00+00:00,2022-10-04 04:00:00-04:00,245,50.0,63.16405254410198,boost_5y_linear_aligned,True
2022-09-24 04:00:00+00:00,2022-10-04 09:00:00+00:00,2022-10-04 05:00:00-04:00,246,50.0,62.649551384798485,boost_5y_linear_aligned,True
2022-09-24 04:00:00+00:00,2022-10-04 10:00:00+00:00,2022-10-04 06:00:00-04:00,247,50.0,62.20705297892779,boost_5y_linear_aligned,True
2022-09-24 04:00:00+00:00,2022-10-04 11:00:00+00:00,2022-10-04 07:00:00-04:00,248,50.0,63.06130819267517,boost_5y_linear_aligned,True
2022-09-24 04:00:00+00:00,2022-10-04 12:00:00+00:00,2022-10-04 08:00:00-04:00,249,54.0,66.32256663081195,boost_5y_linear_aligned,True
2022-09-24 04:00:00+00:00,2022-10-04 13:00:00+00:00,2022-10-04 09:00:00-04:00,250,57.0,69.61503034304395,boost_5y_linear_aligned,True
2022-09-24 04:00:00+00:00,2022-10-04 14:00:00+00:00,2022-10-04 10:00:00-04:00,251,61.0,72.88420926512431,boost_5y_linear_aligned,True
2022-09-24 04:00:00+00:00,2022-10-04 15:00:00+00:00,2022-10-04 11:00:00-04:00,252,65.0,75.28269732691066,boost_5y_linear_aligned,True
2022-09-24 04:00:00+00:00,2022-10-04 16:00:00+00:00,2022-10-04 12:00:00-04:00,253,68.0,77.20891244838361,boost_5y_linear_aligned,True
2022-09-24 04:00:00+00:00,2022-10-04 17:00:00+00:00,2022-10-04 13:00:00-04:00,254,69.0,78.67744996162035,boost_5y_linear_aligned,True
2022-09-24 04:00:00+00:00,2022-10-04 18:00:00+00:00,2022-10-04 14:00:00-04:00,255,71.0,79.1442645663975,boost_5y_linear_aligned,True
2022-09-24 04:00:00+00:00,2022-10-04 19:00:00+00:00,2022-10-04 15:00:00-04:00,256,69.0,79.17559844351359,boost_5y_linear_aligned,True
2022-09-24 04:00:00+00:00,2022-10-04 20:00:00+00:00,2022-10-04 16:00:00-04:00,257,67.0,78.65143366799121,boost_5y_linear_aligned,True
2022-09-24 04:00:00+00:00,2022-10-04 21:00:00+00:00,2022-10-04 17:00:00-04:00,258,66.0,76.91912725282212,boost_5y_linear_aligned,True
2022-09-24 04:00:00+00:00,2022-10-04 22:00:00+00:00,2022-10-04 18:00:00-04:00,259,64.0,73.14578521728589,boost_5y_linear_aligned,True
2022-09-24 04:00:00+00:00,2022-10-04 23:00:00+00:00,2022-10-04 19:00:00-04:00,260,62.0,70.16100715292586,boost_5y_linear_aligned,True
2022-09-24 04:00:00+00:00,2022-10-05 00:00:00+00:00,2022-10-04 20:00:00-04:00,261,59.0,68.64769776648102,boost_5y_linear_aligned,True
2022-09-24 04:00:00+00:00,2022-10-05 01:00:00+00:00,2022-10-04 21:00:00-04:00,262,56.0,67.53166269888271,boost_5y_linear_aligned,True
2022-09-24 04:00:00+00:00,2022-10-05 02:00:00+00:00,2022-10-04 22:00:00-04:00,263,52.0,66.97946130321257,boost_5y_linear_aligned,True
2022-09-24 04:00:00+00:00,2022-10-05 03:00:00+00:00,2022-10-04 23:00:00-04:00,264,51.0,66.29488958438577,boost_5y_linear_aligned,True
2022-09-24 04:00:00+00:00,2022-10-05 04:00:00+00:00,2022-10-05 00:00:00-04:00,265,49.0,65.478073726315,boost_5y_linear_aligned,True
2022-09-24 04:00:00+00:00,2022-10-05 05:00:00+00:00,2022-10-05 01:00:00-04:00,266,47.0,64.43878957718125,boost_5y_linear_aligned,True
2022-09-24 04:00:00+00:00,2022-10-05 06:00:00+00:00,2022-10-05 02:00:00-04:00,267,47.0,63.97828524144889,boost_5y_linear_aligned,True
2022-09-24 04:00:00+00:00,2022-10-05 07:00:00+00:00,2022-10-05 03:00:00-04:00,268,48.0,63.342673809110345,boost_5y_linear_aligned,True
2022-09-24 04:00:00+00:00,2022-10-05 08:00:00+00:00,2022-10-05 04:00:00-04:00,269,47.0,63.053688939161184,boost_5y_linear_aligned,True
2022-09-24 04:00:00+00:00,2022-10-05 09:00:00+00:00,2022-10-05 05:00:00-04:00,270,47.0,62.540118794088954,boost_5y_linear_aligned,True
2022-09-24 04:00:00+00:00,2022-10-05 10:00:00+00:00,2022-10-05 06:00:00-04:00,271,46.0,62.180617609398446,boost_5y_linear_aligned,True
2022-09-24 04:00:00+00:00,2022-10-05 11:00:00+00:00,2022-10-05 07:00:00-04:00,272,49.0,62.93465680169739,boost_5y_linear_aligned,True
2022-09-24 04:00:00+00:00,2022-10-05 12:00:00+00:00,2022-10-05 08:00:00-04:00,273,54.0,66.07185188205592,boost_5y_linear_aligned,True
2022-09-24 04:00:00+00:00,2022-10-05 13:00:00+00:00,2022-10-05 09:00:00-04:00,274,59.0,69.4168583539694,boost_5y_linear_aligned,True
2022-09-24 04:00:00+00:00,2022-10-05 14:00:00+00:00,2022-10-05 10:00:00-04:00,275,64.0,72.7612008376561,boost_5y_linear_aligned,True
2022-09-24 04:00:00+00:00,2022-10-05 15:00:00+00:00,2022-10-05 11:00:00-04:00,276,68.0,75.11203384233217,boost_5y_linear_aligned,True
2022-09-24 04:00:00+00:00,2022-10-05 16:00:00+00:00,2022-10-05 12:00:00-04:00,277,70.0,76.87480560616856,boost_5y_linear_aligned,True
2022-09-24 04:00:00+00:00,2022-10-05 17:00:00+00:00,2022-10-05 13:00:00-04:00,278,71.0,78.25645331560594,boost_5y_linear_aligned,True
2022-09-24 04:00:00+00:00,2022-10-05 18:00:00+00:00,2022-10-05 14:00:00-04:00,279,74.0,78.70519885223524,boost_5y_linear_aligned,True
2022-09-24 04:00:00+00:00,2022-10-05 19:00:00+00:00,2022-10-05 15:00:00-04:00,280,75.0,78.69519718280878,boost_5y_linear_aligned,True
2022-09-24 04:00:00+00:00,2022-10-05 20:00:00+00:00,2022-10-05 16:00:00-04:00,281,75.0,78.2150320078372,boost_5y_linear_aligned,True
2022-09-24 04:00:00+00:00,2022-10-05 21:00:00+00:00,2022-10-05 17:00:00-04:00,282,74.0,76.51577367024369,boost_5y_linear_aligned,True
2022-09-24 04:00:00+00:00,2022-10-05 22:00:00+00:00,2022-10-05 18:00:00-04:00,283,68.0,72.68805024600798,boost_5y_linear_aligned,True
2022-09-24 04:00:00+00:00,2022-10-05 23:00:00+00:00,2022-10-05 19:00:00-04:00,284,63.0,69.82000794928649,boost_5y_linear_aligned,True
2022-09-24 04:00:00+00:00,2022-10-06 00:00:00+00:00,2022-10-05 20:00:00-04:00,285,62.0,68.4282389728423,boost_5y_linear_aligned,True
2022-09-24 04:00:00+00:00,2022-10-06 01:00:00+00:00,2022-10-05 21:00:00-04:00,286,57.0,67.29843337320753,boost_5y_linear_aligned,True
2022-09-24 04:00:00+00:00,2022-10-06 02:00:00+00:00,2022-10-05 22:00:00-04:00,287,60.0,66.67526516460983,boost_5y_linear_aligned,True
2022-09-24 04:00:00+00:00,2022-10-06 03:00:00+00:00,2022-10-05 23:00:00-04:00,288,57.0,65.96026214901808,boost_5y_linear_aligned,True
2022-09-24 04:00:00+00:00,2022-10-06 04:00:00+00:00,2022-10-06 00:00:00-04:00,289,55.0,65.2107955793212,boost_5y_linear_aligned,True
2022-09-24 04:00:00+00:00,2022-10-06 05:00:00+00:00,2022-10-06 01:00:00-04:00,290,55.0,64.26769075453984,boost_5y_linear_aligned,True
2022-09-24 04:00:00+00:00,2022-10-06 06:00:00+00:00,2022-10-06 02:00:00-04:00,291,54.0,63.77894071808569,boost_5y_linear_aligned,True
2022-09-24 04:00:00+00:00,2022-10-06 07:00:00+00:00,2022-10-06 03:00:00-04:00,292,53.0,63.09761368049351,boost_5y_linear_aligned,True
2022-09-24 04:00:00+00:00,2022-10-06 08:00:00+00:00,2022-10-06 04:00:00-04:00,293,53.0,62.85003840351708,boost_5y_linear_aligned,True
2022-09-24 04:00:00+00:00,2022-10-06 09:00:00+00:00,2022-10-06 05:00:00-04:00,294,52.0,62.34290510034308,boost_5y_linear_aligned,True
2022-09-24 04:00:00+00:00,2022-10-06 10:00:00+00:00,2022-10-06 06:00:00-04:00,295,52.0,62.014563539757006,boost_5y_linear_aligned,True
2022-09-24 04:00:00+00:00,2022-10-06 11:00:00+00:00,2022-10-06 07:00:00-04:00,296,53.0,62.703321134474834,boost_5y_linear_aligned,True
2022-09-24 04:00:00+00:00,2022-10-06 12:00:00+00:00,2022-10-06 08:00:00-04:00,297,60.0,65.73039244375411,boost_5y_linear_aligned,True
2022-09-24 04:00:00+00:00,2022-10-06 13:00:00+00:00,2022-10-06 09:00:00-04:00,298,66.0,68.93752996980044,boost_5y_linear_aligned,True
2022-09-24 04:00:00+00:00,2022-10-06 14:00:00+00:00,2022-10-06 10:00:00-04:00,299,73.0,72.18518261964479,boost_5y_linear_aligned,True
2022-09-24 04:00:00+00:00,2022-10-06 15:00:00+00:00,2022-10-06 11:00:00-04:00,300,77.0,74.4278505216723,boost_5y_linear_aligned,True
2022-09-24 04:00:00+00:00,2022-10-06 16:00:00+00:00,2022-10-06 12:00:00-04:00,301,80.0,76.15003426242772,boost_5y_linear_aligned,True
2022-09-24 04:00:00+00:00,2022-10-06 17:00:00+00:00,2022-10-06 13:00:00-04:00,302,79.0,77.5044478978366,boost_5y_linear_aligned,True
2022-09-24 04:00:00+00:00,2022-10-06 18:00:00+00:00,2022-10-06 14:00:00-04:00,303,82.0,77.92562032180405,boost_5y_linear_aligned,True
2022-09-24 04:00:00+00:00,2022-10-06 19:00:00+00:00,2022-10-06 15:00:00-04:00,304,80.0,77.94112000236109,boost_5y_linear_aligned,True
2022-09-24 04:00:00+00:00,2022-10-06 20:00:00+00:00,2022-10-06 16:00:00-04:00,305,81.0,77.49064241289351,boost_5y_linear_aligned,True
2022-09-24 04:00:00+00:00,2022-10-06 21:00:00+00:00,2022-10-06 17:00:00-04:00,306,79.0,75.8027613642521,boost_5y_linear_aligned,True
2022-09-24 04:00:00+00:00,2022-10-06 22:00:00+00:00,2022-10-06 18:00:00-04:00,307,73.0,72.05109244650409,boost_5y_linear_aligned,True
2022-09-24 04:00:00+00:00,2022-10-06 23:00:00+00:00,2022-10-06 19:00:00-04:00,308,68.0,69.2259675634211,boost_5y_linear_aligned,True
2022-09-24 04:00:00+00:00,2022-10-07 00:00:00+00:00,2022-10-06 20:00:00-04:00,309,66.0,67.89005851322246,boost_5y_linear_aligned,True
2022-09-24 04:00:00+00:00,2022-10-07 01:00:00+00:00,2022-10-06 21:00:00-04:00,310,63.0,66.82596396025363,boost_5y_linear_aligned,True
2022-09-24 04:00:00+00:00,2022-10-07 02:00:00+00:00,2022-10-06 22:00:00-04:00,311,62.0,66.22851472873259,boost_5y_linear_aligned,True
2022-09-24 04:00:00+00:00,2022-10-07 03:00:00+00:00,2022-10-06 23:00:00-04:00,312,60.0,65.57046216859432,boost_5y_linear_aligned,True
2022-09-24 04:00:00+00:00,2022-10-07 04:00:00+00:00,2022-10-07 00:00:00-04:00,313,59.0,64.83887493706838,boost_5y_linear_aligned,True
2022-09-24 04:00:00+00:00,2022-10-07 05:00:00+00:00,2022-10-07 01:00:00-04:00,314,58.0,63.974541245030856,boost_5y_linear_aligned,True
2022-09-24 04:00:00+00:00,2022-10-07 06:00:00+00:00,2022-10-07 02:00:00-04:00,315,58.0,63.47104868953915,boost_5y_linear_aligned,True
2022-09-24 04:00:00+00:00,2022-10-07 07:00:00+00:00,2022-10-07 03:00:00-04:00,316,57.0,62.796258250239646,boost_5y_linear_aligned,True
2022-09-24 04:00:00+00:00,2022-10-07 08:00:00+00:00,2022-10-07 04:00:00-04:00,317,56.0,62.57172497445741,boost_5y_linear_aligned,True
2022-09-24 04:00:00+00:00,2022-10-07 09:00:00+00:00,2022-10-07 05:00:00-04:00,318,56.0,62.15294603393038,boost_5y_linear_aligned,True
2022-09-24 04:00:00+00:00,2022-10-07 10:00:00+00:00,2022-10-07 06:00:00-04:00,319,55.0,61.790595712080645,boost_5y_linear_aligned,True
2022-09-24 04:00:00+00:00,2022-10-07 11:00:00+00:00,2022-10-07 07:00:00-04:00,320,56.0,62.34369564033739,boost_5y_linear_aligned,True
2022-09-24 04:00:00+00:00,2022-10-07 12:00:00+00:00,2022-10-07 08:00:00-04:00,321,62.0,65.31221675639782,boost_5y_linear_aligned,True
2022-09-24 04:00:00+00:00,2022-10-07 13:00:00+00:00,2022-10-07 09:00:00-04:00,322,67.0,68.42389072218172,boost_5y_linear_aligned,True
2022-09-24 04:00:00+00:00,2022-10-07 14:00:00+00:00,2022-10-07 10:00:00-04:00,323,74.0,71.6553673881208,boost_5y_linear_aligned,True
2022-09-24 04:00:00+00:00,2022-10-07 15:00:00+00:00,2022-10-07 11:00:00-04:00,324,79.0,73.91723377975632,boost_5y_linear_aligned,True
2022-09-24 04:00:00+00:00,2022-10-07 16:00:00+00:00,2022-10-07 12:00:00-04:00,325,80.0,75.59716956746955,boost_5y_linear_aligned,True
2022-09-24 04:00:00+00:00,2022-10-07 17:00:00+00:00,2022-10-07 13:00:00-04:00,326,83.0,77.03885279787305,boost_5y_linear_aligned,True
2022-09-24 04:00:00+00:00,2022-10-07 18:00:00+00:00,2022-10-07 14:00:00-04:00,327,84.0,77.54892762056377,boost_5y_linear_aligned,True
2022-09-24 04:00:00+00:00,2022-10-07 19:00:00+00:00,2022-10-07 15:00:00-04:00,328,82.0,77.6437912829431,boost_5y_linear_aligned,True
2022-09-24 04:00:00+00:00,2022-10-07 20:00:00+00:00,2022-10-07 16:00:00-04:00,329,83.0,77.2086560756474,boost_5y_linear_aligned,True
2022-09-24 04:00:00+00:00,2022-10-07 21:00:00+00:00,2022-10-07 17:00:00-04:00,330,79.0,75.50881891309575,boost_5y_linear_aligned,True
2022-09-24 04:00:00+00:00,2022-10-07 22:00:00+00:00,2022-10-07 18:00:00-04:00,331,73.0,71.57608849981403,boost_5y_linear_aligned,True
2022-09-24 04:00:00+00:00,2022-10-07 23:00:00+00:00,2022-10-07 19:00:00-04:00,332,68.0,68.79891731512794,boost_5y_linear_aligned,True
2022-09-24 04:00:00+00:00,2022-10-08 00:00:00+00:00,2022-10-07 20:00:00-04:00,333,66.0,67.3874740070147,boost_5y_linear_aligned,True
2022-09-24 04:00:00+00:00,2022-10-08 01:00:00+00:00,2022-10-07 21:00:00-04:00,334,64.0,66.24268168080194,boost_5y_linear_aligned,True
2022-09-24 04:00:00+00:00,2022-10-08 02:00:00+00:00,2022-10-07 22:00:00-04:00,335,63.0,65.63572811718106,boost_5y_linear_aligned,True
2022-09-24 04:00:00+00:00,2022-10-08 03:00:00+00:00,2022-10-07 23:00:00-04:00,336,62.0,64.94091490416028,boost_5y_linear_aligned,True
2022-10-01 04:00:00+00:00,2022-10-01 04:00:00+00:00,2022-10-01 00:00:00-04:00,1,66.0,63.83520007992398,boost_5y_linear_aligned,True
2022-10-01 04:00:00+00:00,2022-10-01 05:00:00+00:00,2022-10-01 01:00:00-04:00,2,64.0,63.0795013825055,boost_5y_linear_aligned,True
2022-10-01 04:00:00+00:00,2022-10-01 06:00:00+00:00,2022-10-01 02:00:00-04:00,3,63.0,62.55369634839359,boost_5y_linear_aligned,True
2022-10-01 04:00:00+00:00,2022-10-01 07:00:00+00:00,2022-10-01 03:00:00-04:00,4,61.0,61.6624812020371,boost_5y_linear_aligned,True
2022-10-01 04:00:00+00:00,2022-10-01 08:00:00+00:00,2022-10-01 04:00:00-04:00,5,60.0,61.43136789050176,boost_5y_linear_aligned,True
2022-10-01 04:00:00+00:00,2022-10-01 09:00:00+00:00,2022-10-01 05:00:00-04:00,6,59.0,60.972487262766336,boost_5y_linear_aligned,True
2022-10-01 04:00:00+00:00,2022-10-01 10:00:00+00:00,2022-10-01 06:00:00-04:00,7,59.0,60.69113222544645,boost_5y_linear_aligned,True
2022-10-01 04:00:00+00:00,2022-10-01 11:00:00+00:00,2022-10-01 07:00:00-04:00,8,58.0,61.15113407492199,boost_5y_linear_aligned,True
2022-10-01 04:00:00+00:00,2022-10-01 12:00:00+00:00,2022-10-01 08:00:00-04:00,9,58.0,63.47844460681778,boost_5y_linear_aligned,True
2022-10-01 04:00:00+00:00,2022-10-01 13:00:00+00:00,2022-10-01 09:00:00-04:00,10,60.0,66.18133869405847,boost_5y_linear_aligned,True
2022-10-01 04:00:00+00:00,2022-10-01 14:00:00+00:00,2022-10-01 10:00:00-04:00,11,61.0,69.15698432427419,boost_5y_linear_aligned,True
2022-10-01 04:00:00+00:00,2022-10-01 15:00:00+00:00,2022-10-01 11:00:00-04:00,12,62.0,70.4854813957026,boost_5y_linear_aligned,True
2022-10-01 04:00:00+00:00,2022-10-01 16:00:00+00:00,2022-10-01 12:00:00-04:00,13,62.0,70.16087102870678,boost_5y_linear_aligned,True
2022-10-01 04:00:00+00:00,2022-10-01 17:00:00+00:00,2022-10-01 13:00:00-04:00,14,64.0,71.96166689048826,boost_5y_linear_aligned,True
2022-10-01 04:00:00+00:00,2022-10-01 18:00:00+00:00,2022-10-01 14:00:00-04:00,15,66.0,72.77841621580198,boost_5y_linear_aligned,True
2022-10-01 04:00:00+00:00,2022-10-01 19:00:00+00:00,2022-10-01 15:00:00-04:00,16,64.0,72.76802792840533,boost_5y_linear_aligned,True
2022-10-01 04:00:00+00:00,2022-10-01 20:00:00+00:00,2022-10-01 16:00:00-04:00,17,63.0,72.47629696826303,boost_5y_linear_aligned,True
2022-10-01 04:00:00+00:00,2022-10-01 21:00:00+00:00,2022-10-01 17:00:00-04:00,18,62.0,70.86387925339909,boost_5y_linear_aligned,True
2022-10-01 04:00:00+00:00,2022-10-01 22:00:00+00:00,2022-10-01 18:00:00-04:00,19,62.0,67.66787167020038,boost_5y_linear_aligned,True
2022-10-01 04:00:00+00:00,2022-10-01 23:00:00+00:00,2022-10-01 19:00:00-04:00,20,62.0,65.75577386868333,boost_5y_linear_aligned,True
2022-10-01 04:00:00+00:00,2022-10-02 00:00:00+00:00,2022-10-01 20:00:00-04:00,21,61.0,65.04045533923028,boost_5y_linear_aligned,True
2022-10-01 04:00:00+00:00,2022-10-02 01:00:00+00:00,2022-10-01 21:00:00-04:00,22,61.0,63.988884748225324,boost_5y_linear_aligned,True
2022-10-01 04:00:00+00:00,2022-10-02 02:00:00+00:00,2022-10-01 22:00:00-04:00,23,60.0,63.424423033431005,boost_5y_linear_aligned,True
2022-10-01 04:00:00+00:00,2022-10-02 03:00:00+00:00,2022-10-01 23:00:00-04:00,24,60.0,63.039856901139174,boost_5y_linear_aligned,True
2022-10-01 04:00:00+00:00,2022-10-02 04:00:00+00:00,2022-10-02 00:00:00-04:00,25,58.0,61.98739132942987,boost_5y_linear_aligned,True
2022-10-01 04:00:00+00:00,2022-10-02 05:00:00+00:00,2022-10-02 01:00:00-04:00,26,57.0,61.02959815061571,boost_5y_linear_aligned,True
2022-10-01 04:00:00+00:00,2022-10-02 06:00:00+00:00,2022-10-02 02:00:00-04:00,27,56.0,60.69921994819257,boost_5y_linear_aligned,True
2022-10-01 04:00:00+00:00,2022-10-02 07:00:00+00:00,2022-10-02 03:00:00-04:00,28,55.0,59.86841574251463,boost_5y_linear_aligned,True
2022-10-01 04:00:00+00:00,2022-10-02 08:00:00+00:00,2022-10-02 04:00:00-04:00,29,54.0,60.78452531268345,boost_5y_linear_aligned,True
2022-10-01 04:00:00+00:00,2022-10-02 09:00:00+00:00,2022-10-02 05:00:00-04:00,30,54.0,60.30156654017698,boost_5y_linear_aligned,True
2022-10-01 04:00:00+00:00,2022-10-02 10:00:00+00:00,2022-10-02 06:00:00-04:00,31,55.0,60.053654222175524,boost_5y_linear_aligned,True
2022-10-01 04:00:00+00:00,2022-10-02 11:00:00+00:00,2022-10-02 07:00:00-04:00,32,55.0,60.5952261120994,boost_5y_linear_aligned,True
2022-10-01 04:00:00+00:00,2022-10-02 12:00:00+00:00,2022-10-02 08:00:00-04:00,33,56.0,64.50005134441021,boost_5y_linear_aligned,True
2022-10-01 04:00:00+00:00,2022-10-02 13:00:00+00:00,2022-10-02 09:00:00-04:00,34,60.0,67.21126602352855,boost_5y_linear_aligned,True
2022-10-01 04:00:00+00:00,2022-10-02 14:00:00+00:00,2022-10-02 10:00:00-04:00,35,64.0,70.37252471257477,boost_5y_linear_aligned,True
2022-10-01 04:00:00+00:00,2022-10-02 15:00:00+00:00,2022-10-02 11:00:00-04:00,36,63.0,72.09692314022263,boost_5y_linear_aligned,True
2022-10-01 04:00:00+00:00,2022-10-02 16:00:00+00:00,2022-10-02 12:00:00-04:00,37,64.0,73.88654739710285,boost_5y_linear_aligned,True
2022-10-01 04:00:00+00:00,2022-10-02 17:00:00+00:00,2022-10-02 13:00:00-04:00,38,62.0,75.35694487151206,boost_5y_linear_aligned,True
2022-10-01 04:00:00+00:00,2022-10-02 18:00:00+00:00,2022-10-02 14:00:00-04:00,39,62.0,76.2525163934127,boost_5y_linear_aligned,True
2022-10-01 04:00:00+00:00,2022-10-02 19:00:00+00:00,2022-10-02 15:00:00-04:00,40,62.0,75.9081105067478,boost_5y_linear_aligned,True
2022-10-01 04:00:00+00:00,2022-10-02 20:00:00+00:00,2022-10-02 16:00:00-04:00,41,61.0,75.5121698764766,boost_5y_linear_aligned,True
2022-10-01 04:00:00+00:00,2022-10-02 21:00:00+00:00,2022-10-02 17:00:00-04:00,42,59.0,74.12376578906617,boost_5y_linear_aligned,True
2022-10-01 04:00:00+00:00,2022-10-02 22:00:00+00:00,2022-10-02 18:00:00-04:00,43,59.0,70.7660461065769,boost_5y_linear_aligned,True
2022-10-01 04:00:00+00:00,2022-10-02 23:00:00+00:00,2022-10-02 19:00:00-04:00,44,58.0,68.17206823417283,boost_5y_linear_aligned,True
2022-10-01 04:00:00+00:00,2022-10-03 00:00:00+00:00,2022-10-02 20:00:00-04:00,45,57.0,66.95329339554617,boost_5y_linear_aligned,True
2022-10-01 04:00:00+00:00,2022-10-03 01:00:00+00:00,2022-10-02 21:00:00-04:00,46,57.0,65.99497082314299,boost_5y_linear_aligned,True
2022-10-01 04:00:00+00:00,2022-10-03 02:00:00+00:00,2022-10-02 22:00:00-04:00,47,57.0,65.55388983949942,boost_5y_linear_aligned,True
2022-10-01 04:00:00+00:00,2022-10-03 03:00:00+00:00,2022-10-02 23:00:00-04:00,48,57.0,64.80158020228625,boost_5y_linear_aligned,True
2022-10-01 04:00:00+00:00,2022-10-03 04:00:00+00:00,2022-10-03 00:00:00-04:00,49,57.0,63.7132316759735,boost_5y_linear_aligned,True
2022-10-01 04:00:00+00:00,2022-10-03 05:00:00+00:00,2022-10-03 01:00:00-04:00,50,56.0,62.76966396017322,boost_5y_linear_aligned,True
2022-10-01 04:00:00+00:00,2022-10-03 06:00:00+00:00,2022-10-03 02:00:00-04:00,51,55.0,62.172432461087496,boost_5y_linear_aligned,True
2022-10-01 04:00:00+00:00,2022-10-03 07:00:00+00:00,2022-10-03 03:00:00-04:00,52,54.0,61.456171773777896,boost_5y_linear_aligned,True
2022-10-01 04:00:00+00:00,2022-10-03 08:00:00+00:00,2022-10-03 04:00:00-04:00,53,54.0,61.21919100091723,boost_5y_linear_aligned,True
2022-10-01 04:00:00+00:00,2022-10-03 09:00:00+00:00,2022-10-03 05:00:00-04:00,54,53.0,60.60874118960927,boost_5y_linear_aligned,True
2022-10-01 04:00:00+00:00,2022-10-03 10:00:00+00:00,2022-10-03 06:00:00-04:00,55,53.0,58.398785924106235,boost_5y_linear_aligned,True
2022-10-01 04:00:00+00:00,2022-10-03 11:00:00+00:00,2022-10-03 07:00:00-04:00,56,53.0,58.94707551716352,boost_5y_linear_aligned,True
2022-10-01 04:00:00+00:00,2022-10-03 12:00:00+00:00,2022-10-03 08:00:00-04:00,57,54.0,62.09638395249449,boost_5y_linear_aligned,True
2022-10-01 04:00:00+00:00,2022-10-03 13:00:00+00:00,2022-10-03 09:00:00-04:00,58,55.0,64.63596904433538,boost_5y_linear_aligned,True
2022-10-01 04:00:00+00:00,2022-10-03 14:00:00+00:00,2022-10-03 10:00:00-04:00,59,55.0,67.49203332732637,boost_5y_linear_aligned,True
2022-10-01 04:00:00+00:00,2022-10-03 15:00:00+00:00,2022-10-03 11:00:00-04:00,60,57.0,69.64690153005994,boost_5y_linear_aligned,True
2022-10-01 04:00:00+00:00,2022-10-03 16:00:00+00:00,2022-10-03 12:00:00-04:00,61,60.0,71.60261650316957,boost_5y_linear_aligned,True
2022-10-01 04:00:00+00:00,2022-10-03 17:00:00+00:00,2022-10-03 13:00:00-04:00,62,65.0,73.16584258645949,boost_5y_linear_aligned,True
2022-10-01 04:00:00+00:00,2022-10-03 18:00:00+00:00,2022-10-03 14:00:00-04:00,63,66.0,73.71623241480897,boost_5y_linear_aligned,True
2022-10-01 04:00:00+00:00,2022-10-03 19:00:00+00:00,2022-10-03 15:00:00-04:00,64,67.0,73.72340033870711,boost_5y_linear_aligned,True
2022-10-01 04:00:00+00:00,2022-10-03 20:00:00+00:00,2022-10-03 16:00:00-04:00,65,64.0,73.2756937115042,boost_5y_linear_aligned,True
2022-10-01 04:00:00+00:00,2022-10-03 21:00:00+00:00,2022-10-03 17:00:00-04:00,66,62.0,71.67451219530093,boost_5y_linear_aligned,True
2022-10-01 04:00:00+00:00,2022-10-03 22:00:00+00:00,2022-10-03 18:00:00-04:00,67,56.0,67.98979622129991,boost_5y_linear_aligned,True
2022-10-01 04:00:00+00:00,2022-10-03 23:00:00+00:00,2022-10-03 19:00:00-04:00,68,55.0,65.46937509181625,boost_5y_linear_aligned,True
2022-10-01 04:00:00+00:00,2022-10-04 00:00:00+00:00,2022-10-03 20:00:00-04:00,69,53.0,63.80395474155232,boost_5y_linear_aligned,True
2022-10-01 04:00:00+00:00,2022-10-04 01:00:00+00:00,2022-10-03 21:00:00-04:00,70,52.0,63.15943413403088,boost_5y_linear_aligned,True
2022-10-01 04:00:00+00:00,2022-10-04 02:00:00+00:00,2022-10-03 22:00:00-04:00,71,51.0,62.77061426888702,boost_5y_linear_aligned,True
2022-10-01 04:00:00+00:00,2022-10-04 03:00:00+00:00,2022-10-03 23:00:00-04:00,72,53.0,62.163110691089244,boost_5y_linear_aligned,True
2022-10-01 04:00:00+00:00,2022-10-04 04:00:00+00:00,2022-10-04 00:00:00-04:00,73,52.0,61.18271256716441,boost_5y_linear_aligned,True
2022-10-01 04:00:00+00:00,2022-10-04 05:00:00+00:00,2022-10-04 01:00:00-04:00,74,52.0,60.27425276827356,boost_5y_linear_aligned,True
2022-10-01 04:00:00+00:00,2022-10-04 06:00:00+00:00,2022-10-04 02:00:00-04:00,75,51.0,59.852453793276574,boost_5y_linear_aligned,True
2022-10-01 04:00:00+00:00,2022-10-04 07:00:00+00:00,2022-10-04 03:00:00-04:00,76,51.0,59.143556841745855,boost_5y_linear_aligned,True
2022-10-01 04:00:00+00:00,2022-10-04 08:00:00+00:00,2022-10-04 04:00:00-04:00,77,50.0,58.81594877197797,boost_5y_linear_aligned,True
2022-10-01 04:00:00+00:00,2022-10-04 09:00:00+00:00,2022-10-04 05:00:00-04:00,78,50.0,58.266770557823655,boost_5y_linear_aligned,True
2022-10-01 04:00:00+00:00,2022-10-04 10:00:00+00:00,2022-10-04 06:00:00-04:00,79,50.0,57.964983685091646,boost_5y_linear_aligned,True
2022-10-01 04:00:00+00:00,2022-10-04 11:00:00+00:00,2022-10-04 07:00:00-04:00,80,50.0,58.85603703937439,boost_5y_linear_aligned,True
2022-10-01 04:00:00+00:00,2022-10-04 12:00:00+00:00,2022-10-04 08:00:00-04:00,81,54.0,62.26142471689931,boost_5y_linear_aligned,True
2022-10-01 04:00:00+00:00,2022-10-04 13:00:00+00:00,2022-10-04 09:00:00-04:00,82,57.0,65.07356163561528,boost_5y_linear_aligned,True
2022-10-01 04:00:00+00:00,2022-10-04 14:00:00+00:00,2022-10-04 10:00:00-04:00,83,61.0,68.42430160228,boost_5y_linear_aligned,True
2022-10-01 04:00:00+00:00,2022-10-04 15:00:00+00:00,2022-10-04 11:00:00-04:00,84,65.0,70.80650182150143,boost_5y_linear_aligned,True
2022-10-01 04:00:00+00:00,2022-10-04 16:00:00+00:00,2022-10-04 12:00:00-04:00,85,68.0,72.73902486980592,boost_5y_linear_aligned,True
2022-10-01 04:00:00+00:00,2022-10-04 17:00:00+00:00,2022-10-04 13:00:00-04:00,86,69.0,74.6061905683573,boost_5y_linear_aligned,True
2022-10-01 04:00:00+00:00,2022-10-04 18:00:00+00:00,2022-10-04 14:00:00-04:00,87,71.0,75.15900207579216,boost_5y_linear_aligned,True
2022-10-01 04:00:00+00:00,2022-10-04 19:00:00+00:00,2022-10-04 15:00:00-04:00,88,69.0,75.31645190407212,boost_5y_linear_aligned,True
2022-10-01 04:00:00+00:00,2022-10-04 20:00:00+00:00,2022-10-04 16:00:00-04:00,89,67.0,74.7292552403332,boost_5y_linear_aligned,True
2022-10-01 04:00:00+00:00,2022-10-04 21:00:00+00:00,2022-10-04 17:00:00-04:00,90,66.0,72.95087801597697,boost_5y_linear_aligned,True
2022-10-01 04:00:00+00:00,2022-10-04 22:00:00+00:00,2022-10-04 18:00:00-04:00,91,64.0,69.343111790049,boost_5y_linear_aligned,True
2022-10-01 04:00:00+00:00,2022-10-04 23:00:00+00:00,2022-10-04 19:00:00-04:00,92,62.0,66.27630343661357,boost_5y_linear_aligned,True
2022-10-01 04:00:00+00:00,2022-10-05 00:00:00+00:00,2022-10-04 20:00:00-04:00,93,59.0,64.81209207463348,boost_5y_linear_aligned,True
2022-10-01 04:00:00+00:00,2022-10-05 01:00:00+00:00,2022-10-04 21:00:00-04:00,94,56.0,63.8102545000858,boost_5y_linear_aligned,True
2022-10-01 04:00:00+00:00,2022-10-05 02:00:00+00:00,2022-10-04 22:00:00-04:00,95,52.0,63.39820526981667,boost_5y_linear_aligned,True
2022-10-01 04:00:00+00:00,2022-10-05 03:00:00+00:00,2022-10-04 23:00:00-04:00,96,51.0,62.77263619598715,boost_5y_linear_aligned,True
2022-10-01 04:00:00+00:00,2022-10-05 04:00:00+00:00,2022-10-05 00:00:00-04:00,97,49.0,61.87172893141676,boost_5y_linear_aligned,True
2022-10-01 04:00:00+00:00,2022-10-05 05:00:00+00:00,2022-10-05 01:00:00-04:00,98,47.0,60.87721923905751,boost_5y_linear_aligned,True
2022-10-01 04:00:00+00:00,2022-10-05 06:00:00+00:00,2022-10-05 02:00:00-04:00,99,47.0,60.49665518649744,boost_5y_linear_aligned,True
2022-10-01 04:00:00+00:00,2022-10-05 07:00:00+00:00,2022-10-05 03:00:00-04:00,100,48.0,59.947078937141285,boost_5y_linear_aligned,True
2022-10-01 04:00:00+00:00,2022-10-05 08:00:00+00:00,2022-10-05 04:00:00-04:00,101,47.0,59.668928481024665,boost_5y_linear_aligned,True
2022-10-01 04:00:00+00:00,2022-10-05 09:00:00+00:00,2022-10-05 05:00:00-04:00,102,47.0,59.05457979965281,boost_5y_linear_aligned,True
2022-10-01 04:00:00+00:00,2022-10-05 10:00:00+00:00,2022-10-05 06:00:00-04:00,103,46.0,58.794164517672414,boost_5y_linear_aligned,True
2022-10-01 04:00:00+00:00,2022-10-05 11:00:00+00:00,2022-10-05 07:00:00-04:00,104,49.0,59.705670583366576,boost_5y_linear_aligned,True
2022-10-01 04:00:00+00:00,2022-10-05 12:00:00+00:00,2022-10-05 08:00:00-04:00,105,54.0,62.68167696955547,boost_5y_linear_aligned,True
2022-10-01 04:00:00+00:00,2022-10-05 13:00:00+00:00,2022-10-05 09:00:00-04:00,106,59.0,65.91311024455192,boost_5y_linear_aligned,True
2022-10-01 04:00:00+00:00,2022-10-05 14:00:00+00:00,2022-10-05 10:00:00-04:00,107,64.0,69.2984776657338,boost_5y_linear_aligned,True
2022-10-01 04:00:00+00:00,2022-10-05 15:00:00+00:00,2022-10-05 11:00:00-04:00,108,68.0,71.5549071227927,boost_5y_linear_aligned,True
2022-10-01 04:00:00+00:00,2022-10-05 16:00:00+00:00,2022-10-05 12:00:00-04:00,109,70.0,73.32791396356727,boost_5y_linear_aligned,True
2022-10-01 04:00:00+00:00,2022-10-05 17:00:00+00:00,2022-10-05 13:00:00-04:00,110,71.0,74.82847443366734,boost_5y_linear_aligned,True
2022-10-01 04:00:00+00:00,2022-10-05 18:00:00+00:00,2022-10-05 14:00:00-04:00,111,74.0,75.30945512274177,boost_5y_linear_aligned,True
2022-10-01 04:00:00+00:00,2022-10-05 19:00:00+00:00,2022-10-05 15:00:00-04:00,112,75.0,75.6079592176623,boost_5y_linear_aligned,True
2022-10-01 04:00:00+00:00,2022-10-05 20:00:00+00:00,2022-10-05 16:00:00-04:00,113,75.0,75.07365975979337,boost_5y_linear_aligned,True
2022-10-01 04:00:00+00:00,2022-10-05 21:00:00+00:00,2022-10-05 17:00:00-04:00,114,74.0,73.310168970815,boost_5y_linear_aligned,True
2022-10-01 04:00:00+00:00,2022-10-05 22:00:00+00:00,2022-10-05 18:00:00-04:00,115,68.0,69.64627051276895,boost_5y_linear_aligned,True
2022-10-01 04:00:00+00:00,2022-10-05 23:00:00+00:00,2022-10-05 19:00:00-04:00,116,63.0,66.71812632971356,boost_5y_linear_aligned,True
2022-10-01 04:00:00+00:00,2022-10-06 00:00:00+00:00,2022-10-05 20:00:00-04:00,117,62.0,65.36077400631133,boost_5y_linear_aligned,True
2022-10-01 04:00:00+00:00,2022-10-06 01:00:00+00:00,2022-10-05 21:00:00-04:00,118,57.0,64.36841153019131,boost_5y_linear_aligned,True
2022-10-01 04:00:00+00:00,2022-10-06 02:00:00+00:00,2022-10-05 22:00:00-04:00,119,60.0,63.93021068612252,boost_5y_linear_aligned,True
2022-10-01 04:00:00+00:00,2022-10-06 03:00:00+00:00,2022-10-05 23:00:00-04:00,120,57.0,63.3512865073302,boost_5y_linear_aligned,True
2022-10-01 04:00:00+00:00,2022-10-06 04:00:00+00:00,2022-10-06 00:00:00-04:00,121,55.0,62.46132301626244,boost_5y_linear_aligned,True
2022-10-01 04:00:00+00:00,2022-10-06 05:00:00+00:00,2022-10-06 01:00:00-04:00,122,55.0,61.55293015040342,boost_5y_linear_aligned,True
2022-10-01 04:00:00+00:00,2022-10-06 06:00:00+00:00,2022-10-06 02:00:00-04:00,123,54.0,61.17560529301678,boost_5y_linear_aligned,True
2022-10-01 04:00:00+00:00,2022-10-06 07:00:00+00:00,2022-10-06 03:00:00-04:00,124,53.0,60.504777274560944,boost_5y_linear_aligned,True
2022-10-01 04:00:00+00:00,2022-10-06 08:00:00+00:00,2022-10-06 04:00:00-04:00,125,53.0,60.290798676768915,boost_5y_linear_aligned,True
2022-10-01 04:00:00+00:00,2022-10-06 09:00:00+00:00,2022-10-06 05:00:00-04:00,126,52.0,59.93405572990163,boost_5y_linear_aligned,True
2022-10-01 04:00:00+00:00,2022-10-06 10:00:00+00:00,2022-10-06 06:00:00-04:00,127,52.0,59.60962360400505,boost_5y_linear_aligned,True
2022-10-01 04:00:00+00:00,2022-10-06 11:00:00+00:00,2022-10-06 07:00:00-04:00,128,53.0,60.536596793066,boost_5y_linear_aligned,True
2022-10-01 04:00:00+00:00,2022-10-06 12:00:00+00:00,2022-10-06 08:00:00-04:00,129,60.0,63.499944653730054,boost_5y_linear_aligned,True
2022-10-01 04:00:00+00:00,2022-10-06 13:00:00+00:00,2022-10-06 09:00:00-04:00,130,66.0,66.74997650872419,boost_5y_linear_aligned,True
2022-10-01 04:00:00+00:00,2022-10-06 14:00:00+00:00,2022-10-06 10:00:00-04:00,131,73.0,70.0490424833493,boost_5y_linear_aligned,True
2022-10-01 04:00:00+00:00,2022-10-06 15:00:00+00:00,2022-10-06 11:00:00-04:00,132,77.0,72.23230228804755,boost_5y_linear_aligned,True
2022-10-01 04:00:00+00:00,2022-10-06 16:00:00+00:00,2022-10-06 12:00:00-04:00,133,80.0,73.94190260706631,boost_5y_linear_aligned,True
2022-10-01 04:00:00+00:00,2022-10-06 17:00:00+00:00,2022-10-06 13:00:00-04:00,134,79.0,75.34512720738553,boost_5y_linear_aligned,True
2022-10-01 04:00:00+00:00,2022-10-06 18:00:00+00:00,2022-10-06 14:00:00-04:00,135,82.0,75.7577683425124,boost_5y_linear_aligned,True
2022-10-01 04:00:00+00:00,2022-10-06 19:00:00+00:00,2022-10-06 15:00:00-04:00,136,80.0,75.76136120258022,boost_5y_linear_aligned,True
2022-10-01 04:00:00+00:00,2022-10-06 20:00:00+00:00,2022-10-06 16:00:00-04:00,137,81.0,75.2330213092928,boost_5y_linear_aligned,True
2022-10-01 04:00:00+00:00,2022-10-06 21:00:00+00:00,2022-10-06 17:00:00-04:00,138,79.0,73.6100699851137,boost_5y_linear_aligned,True
2022-10-01 04:00:00+00:00,2022-10-06 22:00:00+00:00,2022-10-06 18:00:00-04:00,139,73.0,69.97129832831833,boost_5y_linear_aligned,True
2022-10-01 04:00:00+00:00,2022-10-06 23:00:00+00:00,2022-10-06 19:00:00-04:00,140,68.0,67.36739398550385,boost_5y_linear_aligned,True
2022-10-01 04:00:00+00:00,2022-10-07 00:00:00+00:00,2022-10-06 20:00:00-04:00,141,66.0,66.22883971178432,boost_5y_linear_aligned,True
2022-10-01 04:00:00+00:00,2022-10-07 01:00:00+00:00,2022-10-06 21:00:00-04:00,142,63.0,65.24085639148497,boost_5y_linear_aligned,True
2022-10-01 04:00:00+00:00,2022-10-07 02:00:00+00:00,2022-10-06 22:00:00-04:00,143,62.0,64.80898342076699,boost_5y_linear_aligned,True
2022-10-01 04:00:00+00:00,2022-10-07 03:00:00+00:00,2022-10-06 23:00:00-04:00,144,60.0,64.29095006953328,boost_5y_linear_aligned,True
2022-10-01 04:00:00+00:00,2022-10-07 04:00:00+00:00,2022-10-07 00:00:00-04:00,145,59.0,63.32447781910092,boost_5y_linear_aligned,True
2022-10-01 04:00:00+00:00,2022-10-07 05:00:00+00:00,2022-10-07 01:00:00-04:00,146,58.0,62.50466403788096,boost_5y_linear_aligned,True
2022-10-01 04:00:00+00:00,2022-10-07 06:00:00+00:00,2022-10-07 02:00:00-04:00,147,58.0,62.039286382066784,boost_5y_linear_aligned,True
2022-10-01 04:00:00+00:00,2022-10-07 07:00:00+00:00,2022-10-07 03:00:00-04:00,148,57.0,61.32733200099881,boost_5y_linear_aligned,True
2022-10-01 04:00:00+00:00,2022-10-07 08:00:00+00:00,2022-10-07 04:00:00-04:00,149,56.0,61.12452530273794,boost_5y_linear_aligned,True
2022-10-01 04:00:00+00:00,2022-10-07 09:00:00+00:00,2022-10-07 05:00:00-04:00,150,56.0,60.71198420913778,boost_5y_linear_aligned,True
2022-10-01 04:00:00+00:00,2022-10-07 10:00:00+00:00,2022-10-07 06:00:00-04:00,151,55.0,60.469064465415755,boost_5y_linear_aligned,True
2022-10-01 04:00:00+00:00,2022-10-07 11:00:00+00:00,2022-10-07 07:00:00-04:00,152,56.0,60.88311109038271,boost_5y_linear_aligned,True
2022-10-01 04:00:00+00:00,2022-10-07 12:00:00+00:00,2022-10-07 08:00:00-04:00,153,62.0,63.82601911844948,boost_5y_linear_aligned,True
2022-10-01 04:00:00+00:00,2022-10-07 13:00:00+00:00,2022-10-07 09:00:00-04:00,154,67.0,66.82516250829973,boost_5y_linear_aligned,True
2022-10-01 04:00:00+00:00,2022-10-07 14:00:00+00:00,2022-10-07 10:00:00-04:00,155,74.0,69.944375617335,boost_5y_linear_aligned,True
2022-10-01 04:00:00+00:00,2022-10-07 15:00:00+00:00,2022-10-07 11:00:00-04:00,156,79.0,71.92861334684896,boost_5y_linear_aligned,True
2022-10-01 04:00:00+00:00,2022-10-07 16:00:00+00:00,2022-10-07 12:00:00-04:00,157,80.0,73.64225937622162,boost_5y_linear_aligned,True
2022-10-01 04:00:00+00:00,2022-10-07 17:00:00+00:00,2022-10-07 13:00:00-04:00,158,83.0,75.07183942608067,boost_5y_linear_aligned,True
2022-10-01 04:00:00+00:00,2022-10-07 18:00:00+00:00,2022-10-07 14:00:00-04:00,159,84.0,75.41195085065088,boost_5y_linear_aligned,True
2022-10-01 04:00:00+00:00,2022-10-07 19:00:00+00:00,2022-10-07 15:00:00-04:00,160,82.0,75.54510133985998,boost_5y_linear_aligned,True
2022-10-01 04:00:00+00:00,2022-10-07 20:00:00+00:00,2022-10-07 16:00:00-04:00,161,83.0,75.15990524505696,boost_5y_linear_aligned,True
2022-10-01 04:00:00+00:00,2022-10-07 21:00:00+00:00,2022-10-07 17:00:00-04:00,162,79.0,73.58304572714549,boost_5y_linear_aligned,True
2022-10-01 04:00:00+00:00,2022-10-07 22:00:00+00:00,2022-10-07 18:00:00-04:00,163,73.0,69.98976152375052,boost_5y_linear_aligned,True
2022-10-01 04:00:00+00:00,2022-10-07 23:00:00+00:00,2022-10-07 19:00:00-04:00,164,68.0,67.48032494937956,boost_5y_linear_aligned,True
2022-10-01 04:00:00+00:00,2022-10-08 00:00:00+00:00,2022-10-07 20:00:00-04:00,165,66.0,66.18500242545925,boost_5y_linear_aligned,True
2022-10-01 04:00:00+00:00,2022-10-08 01:00:00+00:00,2022-10-07 21:00:00-04:00,166,64.0,65.10330109348224,boost_5y_linear_aligned,True
2022-10-01 04:00:00+00:00,2022-10-08 02:00:00+00:00,2022-10-07 22:00:00-04:00,167,63.0,64.59483656426328,boost_5y_linear_aligned,True
2022-10-01 04:00:00+00:00,2022-10-08 03:00:00+00:00,2022-10-07 23:00:00-04:00,168,62.0,63.98701326490521,boost_5y_linear_aligned,True
2022-10-01 04:00:00+00:00,2022-10-08 04:00:00+00:00,2022-10-08 00:00:00-04:00,169,61.0,64.03892386629747,boost_5y_linear_aligned,True
2022-10-01 04:00:00+00:00,2022-10-08 05:00:00+00:00,2022-10-08 01:00:00-04:00,170,60.0,63.215143015368,boost_5y_linear_aligned,True
2022-10-01 04:00:00+00:00,2022-10-08 06:00:00+00:00,2022-10-08 02:00:00-04:00,171,63.0,62.76467154923157,boost_5y_linear_aligned,True
2022-10-01 04:00:00+00:00,2022-10-08 07:00:00+00:00,2022-10-08 03:00:00-04:00,172,63.0,62.22311131100286,boost_5y_linear_aligned,True
2022-10-01 04:00:00+00:00,2022-10-08 08:00:00+00:00,2022-10-08 04:00:00-04:00,173,61.0,61.95879778725353,boost_5y_linear_aligned,True
2022-10-01 04:00:00+00:00,2022-10-08 09:00:00+00:00,2022-10-08 05:00:00-04:00,174,60.0,61.52113140212641,boost_5y_linear_aligned,True
2022-10-01 04:00:00+00:00,2022-10-08 10:00:00+00:00,2022-10-08 06:00:00-04:00,175,59.0,61.210837081637486,boost_5y_linear_aligned,True
2022-10-01 04:00:00+00:00,2022-10-08 11:00:00+00:00,2022-10-08 07:00:00-04:00,176,58.0,61.59422121208524,boost_5y_linear_aligned,True
2022-10-01 04:00:00+00:00,2022-10-08 12:00:00+00:00,2022-10-08 08:00:00-04:00,177,59.0,64.71598855113244,boost_5y_linear_aligned,True
2022-10-01 04:00:00+00:00,2022-10-08 13:00:00+00:00,2022-10-08 09:00:00-04:00,178,61.0,67.89188684668684,boost_5y_linear_aligned,True
2022-10-01 04:00:00+00:00,2022-10-08 14:00:00+00:00,2022-10-08 10:00:00-04:00,179,63.0,70.93892194732337,boost_5y_linear_aligned,True
2022-10-01 04:00:00+00:00,2022-10-08 15:00:00+00:00,2022-10-08 11:00:00-04:00,180,65.0,73.07107312063145,boost_5y_linear_aligned,True
2022-10-01 04:00:00+00:00,2022-10-08 16:00:00+00:00,2022-10-08 12:00:00-04:00,181,65.0,74.8097379981163,boost_5y_linear_aligned,True
2022-10-01 04:00:00+00:00,2022-10-08 17:00:00+00:00,2022-10-08 13:00:00-04:00,182,65.0,76.32329476616965,boost_5y_linear_aligned,True
2022-10-01 04:00:00+00:00,2022-10-08 18:00:00+00:00,2022-10-08 14:00:00-04:00,183,65.0,76.84786014951462,boost_5y_linear_aligned,True
2022-10-01 04:00:00+00:00,2022-10-08 19:00:00+00:00,2022-10-08 15:00:00-04:00,184,65.0,76.96098990355807,boost_5y_linear_aligned,True
2022-10-01 04:00:00+00:00,2022-10-08 20:00:00+00:00,2022-10-08 16:00:00-04:00,185,64.0,76.562959842946,boost_5y_linear_aligned,True
2022-10-01 04:00:00+00:00,2022-10-08 21:00:00+00:00,2022-10-08 17:00:00-04:00,186,62.0,74.9403188594256,boost_5y_linear_aligned,True
2022-10-01 04:00:00+00:00,2022-10-08 22:00:00+00:00,2022-10-08 18:00:00-04:00,187,58.0,71.18078950739705,boost_5y_linear_aligned,True
2022-10-01 04:00:00+00:00,2022-10-08 23:00:00+00:00,2022-10-08 19:00:00-04:00,188,56.0,68.7828096556561,boost_5y_linear_aligned,True
2022-10-01 04:00:00+00:00,2022-10-09 00:00:00+00:00,2022-10-08 20:00:00-04:00,189,55.0,67.55902925127813,boost_5y_linear_aligned,True
2022-10-01 04:00:00+00:00,2022-10-09 01:00:00+00:00,2022-10-08 21:00:00-04:00,190,52.0,66.36855436282929,boost_5y_linear_aligned,True
2022-10-01 04:00:00+00:00,2022-10-09 02:00:00+00:00,2022-10-08 22:00:00-04:00,191,50.0,65.8497005164218,boost_5y_linear_aligned,True
2022-10-01 04:00:00+00:00,2022-10-09 03:00:00+00:00,2022-10-08 23:00:00-04:00,192,49.0,65.16652067966498,boost_5y_linear_aligned,True
2022-10-01 04:00:00+00:00,2022-10-09 04:00:00+00:00,2022-10-09 00:00:00-04:00,193,47.0,64.04984320486807,boost_5y_linear_aligned,True
2022-10-01 04:00:00+00:00,2022-10-09 05:00:00+00:00,2022-10-09 01:00:00-04:00,194,48.0,63.42578301586076,boost_5y_linear_aligned,True
2022-10-01 04:00:00+00:00,2022-10-09 06:00:00+00:00,2022-10-09 02:00:00-04:00,195,48.0,62.989109831964655,boost_5y_linear_aligned,True
2022-10-01 04:00:00+00:00,2022-10-09 07:00:00+00:00,2022-10-09 03:00:00-04:00,196,47.0,62.45126514929828,boost_5y_linear_aligned,True
2022-10-01 04:00:00+00:00,2022-10-09 08:00:00+00:00,2022-10-09 04:00:00-04:00,197,45.0,62.17415919777089,boost_5y_linear_aligned,True
2022-10-01 04:00:00+00:00,2022-10-09 09:00:00+00:00,2022-10-09 05:00:00-04:00,198,43.0,61.73702922938212,boost_5y_linear_aligned,True
2022-10-01 04:00:00+00:00,2022-10-09 10:00:00+00:00,2022-10-09 06:00:00-04:00,199,42.0,61.47151899932333,boost_5y_linear_aligned,True
2022-10-01 04:00:00+00:00,2022-10-09 11:00:00+00:00,2022-10-09 07:00:00-04:00,200,44.0,61.69169557858281,boost_5y_linear_aligned,True
2022-10-01 04:00:00+00:00,2022-10-09 12:00:00+00:00,2022-10-09 08:00:00-04:00,201,49.0,64.73714173230768,boost_5y_linear_aligned,True
2022-10-01 04:00:00+00:00,2022-10-09 13:00:00+00:00,2022-10-09 09:00:00-04:00,202,54.0,67.65618420446522,boost_5y_linear_aligned,True
2022-10-01 04:00:00+00:00,2022-10-09 14:00:00+00:00,2022-10-09 10:00:00-04:00,203,57.0,70.81143426264086,boost_5y_linear_aligned,True
2022-10-01 04:00:00+00:00,2022-10-09 15:00:00+00:00,2022-10-09 11:00:00-04:00,204,62.0,72.93908439398619,boost_5y_linear_aligned,True
2022-10-01 04:00:00+00:00,2022-10-09 16:00:00+00:00,2022-10-09 12:00:00-04:00,205,66.0,74.45019328826379,boost_5y_linear_aligned,True
2022-10-01 04:00:00+00:00,2022-10-09 17:00:00+00:00,2022-10-09 13:00:00-04:00,206,66.0,75.91791408989754,boost_5y_linear_aligned,True
2022-10-01 04:00:00+00:00,2022-10-09 18:00:00+00:00,2022-10-09 14:00:00-04:00,207,71.0,76.42162048966773,boost_5y_linear_aligned,True
2022-10-01 04:00:00+00:00,2022-10-09 19:00:00+00:00,2022-10-09 15:00:00-04:00,208,71.0,76.32640912021111,boost_5y_linear_aligned,True
2022-10-01 04:00:00+00:00,2022-10-09 20:00:00+00:00,2022-10-09 16:00:00-04:00,209,71.0,76.0345441892304,boost_5y_linear_aligned,True
2022-10-01 04:00:00+00:00,2022-10-09 21:00:00+00:00,2022-10-09 17:00:00-04:00,210,69.0,74.43652749695728,boost_5y_linear_aligned,True
2022-10-01 04:00:00+00:00,2022-10-09 22:00:00+00:00,2022-10-09 18:00:00-04:00,211,64.0,70.76409288227383,boost_5y_linear_aligned,True
2022-10-01 04:00:00+00:00,2022-10-09 23:00:00+00:00,2022-10-09 19:00:00-04:00,212,59.0,68.49314075309924,boost_5y_linear_aligned,True
2022-10-01 04:00:00+00:00,2022-10-10 00:00:00+00:00,2022-10-09 20:00:00-04:00,213,59.0,67.20588735123489,boost_5y_linear_aligned,True
2022-10-01 04:00:00+00:00,2022-10-10 01:00:00+00:00,2022-10-09 21:00:00-04:00,214,55.0,65.9686047296169,boost_5y_linear_aligned,True
2022-10-01 04:00:00+00:00,2022-10-10 02:00:00+00:00,2022-10-09 22:00:00-04:00,215,55.0,65.38463289060427,boost_5y_linear_aligned,True
2022-10-01 04:00:00+00:00,2022-10-10 03:00:00+00:00,2022-10-09 23:00:00-04:00,216,52.0,64.70098224182199,boost_5y_linear_aligned,True
2022-10-01 04:00:00+00:00,2022-10-10 04:00:00+00:00,2022-10-10 00:00:00-04:00,217,52.0,63.831357170786816,boost_5y_linear_aligned,True
2022-10-01 04:00:00+00:00,2022-10-10 05:00:00+00:00,2022-10-10 01:00:00-04:00,218,55.0,63.493174285027514,boost_5y_linear_aligned,True
2022-10-01 04:00:00+00:00,2022-10-10 06:00:00+00:00,2022-10-10 02:00:00-04:00,219,56.0,63.014282099237676,boost_5y_linear_aligned,True
2022-10-01 04:00:00+00:00,2022-10-10 07:00:00+00:00,2022-10-10 03:00:00-04:00,220,55.0,62.492651616837506,boost_5y_linear_aligned,True
2022-10-01 04:00:00+00:00,2022-10-10 08:00:00+00:00,2022-10-10 04:00:00-04:00,221,54.0,62.09947298565101,boost_5y_linear_aligned,True
2022-10-01 04:00:00+00:00,2022-10-10 09:00:00+00:00,2022-10-10 05:00:00-04:00,222,54.0,61.65993573643792,boost_5y_linear_aligned,True
2022-10-01 04:00:00+00:00,2022-10-10 10:00:00+00:00,2022-10-10 06:00:00-04:00,223,53.0,60.90811183534681,boost_5y_linear_aligned,True
2022-10-01 04:00:00+00:00,2022-10-10 11:00:00+00:00,2022-10-10 07:00:00-04:00,224,55.0,61.106822950395824,boost_5y_linear_aligned,True
2022-10-01 04:00:00+00:00,2022-10-10 12:00:00+00:00,2022-10-10 08:00:00-04:00,225,56.0,63.895784727876084,boost_5y_linear_aligned,True
2022-10-01 04:00:00+00:00,2022-10-10 13:00:00+00:00,2022-10-10 09:00:00-04:00,226,57.0,66.65457940858865,boost_5y_linear_aligned,True
2022-10-01 04:00:00+00:00,2022-10-10 14:00:00+00:00,2022-10-10 10:00:00-04:00,227,62.0,69.65301156107739,boost_5y_linear_aligned,True
2022-10-01 04:00:00+00:00,2022-10-10 15:00:00+00:00,2022-10-10 11:00:00-04:00,228,67.0,71.79232263400452,boost_5y_linear_aligned,True
2022-10-01 04:00:00+00:00,2022-10-10 16:00:00+00:00,2022-10-10 12:00:00-04:00,229,69.0,73.22085175282088,boost_5y_linear_aligned,True
2022-10-01 04:00:00+00:00,2022-10-10 17:00:00+00:00,2022-10-10 13:00:00-04:00,230,71.0,74.73254705535575,boost_5y_linear_aligned,True
2022-10-01 04:00:00+00:00,2022-10-10 18:00:00+00:00,2022-10-10 14:00:00-04:00,231,72.0,75.24858000974257,boost_5y_linear_aligned,True
2022-10-01 04:00:00+00:00,2022-10-10 19:00:00+00:00,2022-10-10 15:00:00-04:00,232,72.0,75.14870240483775,boost_5y_linear_aligned,True
2022-10-01 04:00:00+00:00,2022-10-10 20:00:00+00:00,2022-10-10 16:00:00-04:00,233,71.0,74.79714675222738,boost_5y_linear_aligned,True
2022-10-01 04:00:00+00:00,2022-10-10 21:00:00+00:00,2022-10-10 17:00:00-04:00,234,70.0,73.23634300600919,boost_5y_linear_aligned,True
2022-10-01 04:00:00+00:00,2022-10-10 22:00:00+00:00,2022-10-10 18:00:00-04:00,235,64.0,69.51746351610983,boost_5y_linear_aligned,True
2022-10-01 04:00:00+00:00,2022-10-10 23:00:00+00:00,2022-10-10 19:00:00-04:00,236,59.0,67.15714226113366,boost_5y_linear_aligned,True
2022-10-01 04:00:00+00:00,2022-10-11 00:00:00+00:00,2022-10-10 20:00:00-04:00,237,59.0,65.88170260336298,boost_5y_linear_aligned,True
2022-10-01 04:00:00+00:00,2022-10-11 01:00:00+00:00,2022-10-10 21:00:00-04:00,238,56.0,64.67289176731335,boost_5y_linear_aligned,True
2022-10-01 04:00:00+00:00,2022-10-11 02:00:00+00:00,2022-10-10 22:00:00-04:00,239,53.0,64.11737673371553,boost_5y_linear_aligned,True
2022-10-01 04:00:00+00:00,2022-10-11 03:00:00+00:00,2022-10-10 23:00:00-04:00,240,51.0,63.410936535916605,boost_5y_linear_aligned,True
2022-10-01 04:00:00+00:00,2022-10-11 04:00:00+00:00,2022-10-11 00:00:00-04:00,241,50.0,62.53910298274912,boost_5y_linear_aligned,True
2022-10-01 04:00:00+00:00,2022-10-11 05:00:00+00:00,2022-10-11 01:00:00-04:00,242,49.0,61.98436627482817,boost_5y_linear_aligned,True
2022-10-01 04:00:00+00:00,2022-10-11 06:00:00+00:00,2022-10-11 02:00:00-04:00,243,48.0,61.421920905966694,boost_5y_linear_aligned,True
2022-10-01 04:00:00+00:00,2022-10-11 07:00:00+00:00,2022-10-11 03:00:00-04:00,244,45.0,60.8674706410066,boost_5y_linear_aligned,True
2022-10-01 04:00:00+00:00,2022-10-11 08:00:00+00:00,2022-10-11 04:00:00-04:00,245,46.0,60.302663902294334,boost_5y_linear_aligned,True
2022-10-01 04:00:00+00:00,2022-10-11 09:00:00+00:00,2022-10-11 05:00:00-04:00,246,43.0,59.88514682896099,boost_5y_linear_aligned,True
2022-10-01 04:00:00+00:00,2022-10-11 10:00:00+00:00,2022-10-11 06:00:00-04:00,247,44.0,59.51807780119473,boost_5y_linear_aligned,True
2022-10-01 04:00:00+00:00,2022-10-11 11:00:00+00:00,2022-10-11 07:00:00-04:00,248,46.0,59.816059749255466,boost_5y_linear_aligned,True
2022-10-01 04:00:00+00:00,2022-10-11 12:00:00+00:00,2022-10-11 08:00:00-04:00,249,53.0,62.651199704186986,boost_5y_linear_aligned,True
2022-10-01 04:00:00+00:00,2022-10-11 13:00:00+00:00,2022-10-11 09:00:00-04:00,250,60.0,65.3294276635107,boost_5y_linear_aligned,True
2022-10-01 04:00:00+00:00,2022-10-11 14:00:00+00:00,2022-10-11 10:00:00-04:00,251,66.0,68.37068111174128,boost_5y_linear_aligned,True
2022-10-01 04:00:00+00:00,2022-10-11 15:00:00+00:00,2022-10-11 11:00:00-04:00,252,67.0,70.45789533479842,boost_5y_linear_aligned,True
2022-10-01 04:00:00+00:00,2022-10-11 16:00:00+00:00,2022-10-11 12:00:00-04:00,253,70.0,72.11610425828745,boost_5y_linear_aligned,True
2022-10-01 04:00:00+00:00,2022-10-11 17:00:00+00:00,2022-10-11 13:00:00-04:00,254,72.0,73.41560975101967,boost_5y_linear_aligned,True
2022-10-01 04:00:00+00:00,2022-10-11 18:00:00+00:00,2022-10-11 14:00:00-04:00,255,72.0,73.86560403454166,boost_5y_linear_aligned,True
2022-10-01 04:00:00+00:00,2022-10-11 19:00:00+00:00,2022-10-11 15:00:00-04:00,256,72.0,73.92098695839468,boost_5y_linear_aligned,True
2022-10-01 04:00:00+00:00,2022-10-11 20:00:00+00:00,2022-10-11 16:00:00-04:00,257,72.0,73.49430486458954,boost_5y_linear_aligned,True
2022-10-01 04:00:00+00:00,2022-10-11 21:00:00+00:00,2022-10-11 17:00:00-04:00,258,68.0,72.04777990671535,boost_5y_linear_aligned,True
2022-10-01 04:00:00+00:00,2022-10-11 22:00:00+00:00,2022-10-11 18:00:00-04:00,259,64.0,68.15690613829474,boost_5y_linear_aligned,True
2022-10-01 04:00:00+00:00,2022-10-11 23:00:00+00:00,2022-10-11 19:00:00-04:00,260,60.0,65.69113612282538,boost_5y_linear_aligned,True
2022-10-01 04:00:00+00:00,2022-10-12 00:00:00+00:00,2022-10-11 20:00:00-04:00,261,56.0,64.43948276856635,boost_5y_linear_aligned,True
2022-10-01 04:00:00+00:00,2022-10-12 01:00:00+00:00,2022-10-11 21:00:00-04:00,262,52.0,63.30058125688467,boost_5y_linear_aligned,True
2022-10-01 04:00:00+00:00,2022-10-12 02:00:00+00:00,2022-10-11 22:00:00-04:00,263,52.0,62.686182468206155,boost_5y_linear_aligned,True
2022-10-01 04:00:00+00:00,2022-10-12 03:00:00+00:00,2022-10-11 23:00:00-04:00,264,52.0,61.92543479255297,boost_5y_linear_aligned,True
2022-10-01 04:00:00+00:00,2022-10-12 04:00:00+00:00,2022-10-12 00:00:00-04:00,265,53.0,61.09745911648877,boost_5y_linear_aligned,True
2022-10-01 04:00:00+00:00,2022-10-12 05:00:00+00:00,2022-10-12 01:00:00-04:00,266,53.0,60.66646360870093,boost_5y_linear_aligned,True
2022-10-01 04:00:00+00:00,2022-10-12 06:00:00+00:00,2022-10-12 02:00:00-04:00,267,53.0,59.9793283286492,boost_5y_linear_aligned,True
2022-10-01 04:00:00+00:00,2022-10-12 07:00:00+00:00,2022-10-12 03:00:00-04:00,268,53.0,59.41122270284054,boost_5y_linear_aligned,True
2022-10-01 04:00:00+00:00,2022-10-12 08:00:00+00:00,2022-10-12 04:00:00-04:00,269,51.0,59.02564092064073,boost_5y_linear_aligned,True
2022-10-01 04:00:00+00:00,2022-10-12 09:00:00+00:00,2022-10-12 05:00:00-04:00,270,50.0,58.589701940107624,boost_5y_linear_aligned,True
2022-10-01 04:00:00+00:00,2022-10-12 10:00:00+00:00,2022-10-12 06:00:00-04:00,271,51.0,58.155132887492435,boost_5y_linear_aligned,True
2022-10-01 04:00:00+00:00,2022-10-12 11:00:00+00:00,2022-10-12 07:00:00-04:00,272,52.0,58.39592412238659,boost_5y_linear_aligned,True
2022-10-01 04:00:00+00:00,2022-10-12 12:00:00+00:00,2022-10-12 08:00:00-04:00,273,58.0,61.4511030458348,boost_5y_linear_aligned,True
2022-10-01 04:00:00+00:00,2022-10-12 13:00:00+00:00,2022-10-12 09:00:00-04:00,274,62.0,64.77263407657055,boost_5y_linear_aligned,True
2022-10-01 04:00:00+00:00,2022-10-12 14:00:00+00:00,2022-10-12 10:00:00-04:00,275,67.0,67.7299352238528,boost_5y_linear_aligned,True
2022-10-01 04:00:00+00:00,2022-10-12 15:00:00+00:00,2022-10-12 11:00:00-04:00,276,69.0,69.85554235627394,boost_5y_linear_aligned,True
2022-10-01 04:00:00+00:00,2022-10-12 16:00:00+00:00,2022-10-12 12:00:00-04:00,277,72.0,71.53995000149827,boost_5y_linear_aligned,True
2022-10-01 04:00:00+00:00,2022-10-12 17:00:00+00:00,2022-10-12 13:00:00-04:00,278,74.0,73.02606532265234,boost_5y_linear_aligned,True
2022-10-01 04:00:00+00:00,2022-10-12 18:00:00+00:00,2022-10-12 14:00:00-04:00,279,76.0,73.42717663911914,boost_5y_linear_aligned,True
2022-10-01 04:00:00+00:00,2022-10-12 19:00:00+00:00,2022-10-12 15:00:00-04:00,280,76.0,73.48548496475699,boost_5y_linear_aligned,True
2022-10-01 04:00:00+00:00,2022-10-12 20:00:00+00:00,2022-10-12 16:00:00-04:00,281,75.0,73.24277454287963,boost_5y_linear_aligned,True
2022-10-01 04:00:00+00:00,2022-10-12 21:00:00+00:00,2022-10-12 17:00:00-04:00,282,73.0,71.67519391632798,boost_5y_linear_aligned,True
2022-10-01 04:00:00+00:00,2022-10-12 22:00:00+00:00,2022-10-12 18:00:00-04:00,283,71.0,67.71973619297056,boost_5y_linear_aligned,True
2022-10-01 04:00:00+00:00,2022-10-12 23:00:00+00:00,2022-10-12 19:00:00-04:00,284,69.0,65.32955182215088,boost_5y_linear_aligned,True
2022-10-01 04:00:00+00:00,2022-10-13 00:00:00+00:00,2022-10-12 20:00:00-04:00,285,69.0,64.19968000284814,boost_5y_linear_aligned,True
2022-10-01 04:00:00+00:00,2022-10-13 01:00:00+00:00,2022-10-12 21:00:00-04:00,286,69.0,63.00882641737688,boost_5y_linear_aligned,True
2022-10-01 04:00:00+00:00,2022-10-13 02:00:00+00:00,2022-10-12 22:00:00-04:00,287,68.0,62.332183301897956,boost_5y_linear_aligned,True
2022-10-01 04:00:00+00:00,2022-10-13 03:00:00+00:00,2022-10-12 23:00:00-04:00,288,67.0,61.487290932662,boost_5y_linear_aligned,True
2022-10-01 04:00:00+00:00,2022-10-13 04:00:00+00:00,2022-10-13 00:00:00-04:00,289,66.0,60.76426950174417,boost_5y_linear_aligned,True
2022-10-01 04:00:00+00:00,2022-10-13 05:00:00+00:00,2022-10-13 01:00:00-04:00,290,66.0,60.3808868866764,boost_5y_linear_aligned,True
2022-10-01 04:00:00+00:00,2022-10-13 06:00:00+00:00,2022-10-13 02:00:00-04:00,291,66.0,59.76703994144687,boost_5y_linear_aligned,True
2022-10-01 04:00:00+00:00,2022-10-13 07:00:00+00:00,2022-10-13 03:00:00-04:00,292,67.0,59.20847751068927,boost_5y_linear_aligned,True
2022-10-01 04:00:00+00:00,2022-10-13 08:00:00+00:00,2022-10-13 04:00:00-04:00,293,66.0,58.88109778760419,boost_5y_linear_aligned,True
2022-10-01 04:00:00+00:00,2022-10-13 09:00:00+00:00,2022-10-13 05:00:00-04:00,294,65.0,58.509239986881596,boost_5y_linear_aligned,True
2022-10-01 04:00:00+00:00,2022-10-13 10:00:00+00:00,2022-10-13 06:00:00-04:00,295,66.0,58.12598209735945,boost_5y_linear_aligned,True
2022-10-01 04:00:00+00:00,2022-10-13 11:00:00+00:00,2022-10-13 07:00:00-04:00,296,66.0,58.36938501832438,boost_5y_linear_aligned,True
2022-10-01 04:00:00+00:00,2022-10-13 12:00:00+00:00,2022-10-13 08:00:00-04:00,297,67.0,61.364986185569464,boost_5y_linear_aligned,True
2022-10-01 04:00:00+00:00,2022-10-13 13:00:00+00:00,2022-10-13 09:00:00-04:00,298,69.0,64.51077889830223,boost_5y_linear_aligned,True
2022-10-01 04:00:00+00:00,2022-10-13 14:00:00+00:00,2022-10-13 10:00:00-04:00,299,70.0,67.42594497642759,boost_5y_linear_aligned,True
2022-10-01 04:00:00+00:00,2022-10-13 15:00:00+00:00,2022-10-13 11:00:00-04:00,300,71.0,69.54726042719139,boost_5y_linear_aligned,True
2022-10-01 04:00:00+00:00,2022-10-13 16:00:00+00:00,2022-10-13 12:00:00-04:00,301,74.0,71.2935607717807,boost_5y_linear_aligned,True
2022-10-01 04:00:00+00:00,2022-10-13 17:00:00+00:00,2022-10-13 13:00:00-04:00,302,76.0,72.74844830543594,boost_5y_linear_aligned,True
2022-10-01 04:00:00+00:00,2022-10-13 18:00:00+00:00,2022-10-13 14:00:00-04:00,303,79.0,73.23223956114929,boost_5y_linear_aligned,True
2022-10-01 04:00:00+00:00,2022-10-13 19:00:00+00:00,2022-10-13 15:00:00-04:00,304,76.0,73.41318550173568,boost_5y_linear_aligned,True
2022-10-01 04:00:00+00:00,2022-10-13 20:00:00+00:00,2022-10-13 16:00:00-04:00,305,75.0,73.25257016011454,boost_5y_linear_aligned,True
2022-10-01 04:00:00+00:00,2022-10-13 21:00:00+00:00,2022-10-13 17:00:00-04:00,306,75.0,71.38686561637746,boost_5y_linear_aligned,True
2022-10-01 04:00:00+00:00,2022-10-13 22:00:00+00:00,2022-10-13 18:00:00-04:00,307,70.0,67.35059868545622,boost_5y_linear_aligned,True
2022-10-01 04:00:00+00:00,2022-10-13 23:00:00+00:00,2022-10-13 19:00:00-04:00,308,68.0,65.02487882262554,boost_5y_linear_aligned,True
2022-10-01 04:00:00+00:00,2022-10-14 00:00:00+00:00,2022-10-13 20:00:00-04:00,309,66.0,63.853418767234125,boost_5y_linear_aligned,True
2022-10-01 04:00:00+00:00,2022-10-14 01:00:00+00:00,2022-10-13 21:00:00-04:00,310,65.0,62.62940697793208,boost_5y_linear_aligned,True
2022-10-01 04:00:00+00:00,2022-10-14 02:00:00+00:00,2022-10-13 22:00:00-04:00,311,63.0,61.91203982324637,boost_5y_linear_aligned,True
2022-10-01 04:00:00+00:00,2022-10-14 03:00:00+00:00,2022-10-13 23:00:00-04:00,312,67.0,61.00520299240015,boost_5y_linear_aligned,True
2022-10-01 04:00:00+00:00,2022-10-14 04:00:00+00:00,2022-10-14 00:00:00-04:00,313,65.0,60.2851190893551,boost_5y_linear_aligned,True
2022-10-01 04:00:00+00:00,2022-10-14 05:00:00+00:00,2022-10-14 01:00:00-04:00,314,65.0,59.87157959704345,boost_5y_linear_aligned,True
2022-10-01 04:00:00+00:00,2022-10-14 06:00:00+00:00,2022-10-14 02:00:00-04:00,315,64.0,59.223455618530245,boost_5y_linear_aligned,True
2022-10-01 04:00:00+00:00,2022-10-14 07:00:00+00:00,2022-10-14 03:00:00-04:00,316,62.0,58.60145701354225,boost_5y_linear_aligned,True
2022-10-01 04:00:00+00:00,2022-10-14 08:00:00+00:00,2022-10-14 04:00:00-04:00,317,61.0,58.29481282648752,boost_5y_linear_aligned,True
2022-10-01 04:00:00+00:00,2022-10-14 09:00:00+00:00,2022-10-14 05:00:00-04:00,318,58.0,57.91056816943272,boost_5y_linear_aligned,True
2022-10-01 04:00:00+00:00,2022-10-14 10:00:00+00:00,2022-10-14 06:00:00-04:00,319,57.0,57.4941309569205,boost_5y_linear_aligned,True
2022-10-01 04:00:00+00:00,2022-10-14 11:00:00+00:00,2022-10-14 07:00:00-04:00,320,56.0,57.67397367442376,boost_5y_linear_aligned,True
2022-10-01 04:00:00+00:00,2022-10-14 12:00:00+00:00,2022-10-14 08:00:00-04:00,321,59.0,60.72924928834595,boost_5y_linear_aligned,True
2022-10-01 04:00:00+00:00,2022-10-14 13:00:00+00:00,2022-10-14 09:00:00-04:00,322,63.0,63.975181964075894,boost_5y_linear_aligned,True
2022-10-01 04:00:00+00:00,2022-10-14 14:00:00+00:00,2022-10-14 10:00:00-04:00,323,65.0,66.96786138868846,boost_5y_linear_aligned,True
2022-10-01 04:00:00+00:00,2022-10-14 15:00:00+00:00,2022-10-14 11:00:00-04:00,324,68.0,69.13296153759921,boost_5y_linear_aligned,True
2022-10-01 04:00:00+00:00,2022-10-14 16:00:00+00:00,2022-10-14 12:00:00-04:00,325,70.0,70.93257680976586,boost_5y_linear_aligned,True
2022-10-01 04:00:00+00:00,2022-10-14 17:00:00+00:00,2022-10-14 13:00:00-04:00,326,71.0,72.40124767333,boost_5y_linear_aligned,True
2022-10-01 04:00:00+00:00,2022-10-14 18:00:00+00:00,2022-10-14 14:00:00-04:00,327,71.0,72.91079747361663,boost_5y_linear_aligned,True
2022-10-01 04:00:00+00:00,2022-10-14 19:00:00+00:00,2022-10-14 15:00:00-04:00,328,72.0,73.04586691749562,boost_5y_linear_aligned,True
2022-10-01 04:00:00+00:00,2022-10-14 20:00:00+00:00,2022-10-14 16:00:00-04:00,329,71.0,72.79146298174018,boost_5y_linear_aligned,True
2022-10-01 04:00:00+00:00,2022-10-14 21:00:00+00:00,2022-10-14 17:00:00-04:00,330,70.0,70.88542700936598,boost_5y_linear_aligned,True
2022-10-01 04:00:00+00:00,2022-10-14 22:00:00+00:00,2022-10-14 18:00:00-04:00,331,65.0,66.82849247054511,boost_5y_linear_aligned,True
2022-10-01 04:00:00+00:00,2022-10-14 23:00:00+00:00,2022-10-14 19:00:00-04:00,332,58.0,64.59876164314014,boost_5y_linear_aligned,True
2022-10-01 04:00:00+00:00,2022-10-15 00:00:00+00:00,2022-10-14 20:00:00-04:00,333,57.0,63.38715192756303,boost_5y_linear_aligned,True
2022-10-01 04:00:00+00:00,2022-10-15 01:00:00+00:00,2022-10-14 21:00:00-04:00,334,55.0,62.20225162476189,boost_5y_linear_aligned,True
2022-10-01 04:00:00+00:00,2022-10-15 02:00:00+00:00,2022-10-14 22:00:00-04:00,335,55.0,61.37733666342395,boost_5y_linear_aligned,True
2022-10-01 04:00:00+00:00,2022-10-15 03:00:00+00:00,2022-10-14 23:00:00-04:00,336,52.0,60.61311889010313,boost_5y_linear_aligned,True
2022-10-08 04:00:00+00:00,2022-10-08 04:00:00+00:00,2022-10-08 00:00:00-04:00,1,61.0,62.09974985650851,boost_5y_linear_aligned,True
2022-10-08 04:00:00+00:00,2022-10-08 05:00:00+00:00,2022-10-08 01:00:00-04:00,2,60.0,62.20531081860415,boost_5y_linear_aligned,True
2022-10-08 04:00:00+00:00,2022-10-08 06:00:00+00:00,2022-10-08 02:00:00-04:00,3,63.0,61.07281911337614,boost_5y_linear_aligned,True
2022-10-08 04:00:00+00:00,2022-10-08 07:00:00+00:00,2022-10-08 03:00:00-04:00,4,63.0,60.53351773018652,boost_5y_linear_aligned,True
2022-10-08 04:00:00+00:00,2022-10-08 08:00:00+00:00,2022-10-08 04:00:00-04:00,5,61.0,61.28611586704247,boost_5y_linear_aligned,True
2022-10-08 04:00:00+00:00,2022-10-08 09:00:00+00:00,2022-10-08 05:00:00-04:00,6,60.0,60.32737949114955,boost_5y_linear_aligned,True
2022-10-08 04:00:00+00:00,2022-10-08 10:00:00+00:00,2022-10-08 06:00:00-04:00,7,59.0,60.01926838951204,boost_5y_linear_aligned,True
2022-10-08 04:00:00+00:00,2022-10-08 11:00:00+00:00,2022-10-08 07:00:00-04:00,8,58.0,61.01055132130118,boost_5y_linear_aligned,True
2022-10-08 04:00:00+00:00,2022-10-08 12:00:00+00:00,2022-10-08 08:00:00-04:00,9,59.0,63.24542200622663,boost_5y_linear_aligned,True
2022-10-08 04:00:00+00:00,2022-10-08 13:00:00+00:00,2022-10-08 09:00:00-04:00,10,61.0,66.67273941461237,boost_5y_linear_aligned,True
2022-10-08 04:00:00+00:00,2022-10-08 14:00:00+00:00,2022-10-08 10:00:00-04:00,11,63.0,70.57445111966977,boost_5y_linear_aligned,True
2022-10-08 04:00:00+00:00,2022-10-08 15:00:00+00:00,2022-10-08 11:00:00-04:00,12,65.0,73.14712679722061,boost_5y_linear_aligned,True
2022-10-08 04:00:00+00:00,2022-10-08 16:00:00+00:00,2022-10-08 12:00:00-04:00,13,65.0,75.46264226476782,boost_5y_linear_aligned,True
2022-10-08 04:00:00+00:00,2022-10-08 17:00:00+00:00,2022-10-08 13:00:00-04:00,14,65.0,78.01368490393902,boost_5y_linear_aligned,True
2022-10-08 04:00:00+00:00,2022-10-08 18:00:00+00:00,2022-10-08 14:00:00-04:00,15,65.0,78.32803822954268,boost_5y_linear_aligned,True
2022-10-08 04:00:00+00:00,2022-10-08 19:00:00+00:00,2022-10-08 15:00:00-04:00,16,65.0,78.27745982663727,boost_5y_linear_aligned,True
2022-10-08 04:00:00+00:00,2022-10-08 20:00:00+00:00,2022-10-08 16:00:00-04:00,17,64.0,77.75223510904465,boost_5y_linear_aligned,True
2022-10-08 04:00:00+00:00,2022-10-08 21:00:00+00:00,2022-10-08 17:00:00-04:00,18,62.0,74.99904973873407,boost_5y_linear_aligned,True
2022-10-08 04:00:00+00:00,2022-10-08 22:00:00+00:00,2022-10-08 18:00:00-04:00,19,58.0,70.65229513600545,boost_5y_linear_aligned,True
2022-10-08 04:00:00+00:00,2022-10-08 23:00:00+00:00,2022-10-08 19:00:00-04:00,20,56.0,67.39936938246278,boost_5y_linear_aligned,True
2022-10-08 04:00:00+00:00,2022-10-09 00:00:00+00:00,2022-10-08 20:00:00-04:00,21,55.0,65.95656046389438,boost_5y_linear_aligned,True
2022-10-08 04:00:00+00:00,2022-10-09 01:00:00+00:00,2022-10-08 21:00:00-04:00,22,52.0,64.67376737025539,boost_5y_linear_aligned,True
2022-10-08 04:00:00+00:00,2022-10-09 02:00:00+00:00,2022-10-08 22:00:00-04:00,23,50.0,64.084220139585,boost_5y_linear_aligned,True
2022-10-08 04:00:00+00:00,2022-10-09 03:00:00+00:00,2022-10-08 23:00:00-04:00,24,49.0,63.366017886473195,boost_5y_linear_aligned,True
2022-10-08 04:00:00+00:00,2022-10-09 04:00:00+00:00,2022-10-09 00:00:00-04:00,25,47.0,63.36162880654848,boost_5y_linear_aligned,True
2022-10-08 04:00:00+00:00,2022-10-09 05:00:00+00:00,2022-10-09 01:00:00-04:00,26,48.0,62.945463347107996,boost_5y_linear_aligned,True
2022-10-08 04:00:00+00:00,2022-10-09 06:00:00+00:00,2022-10-09 02:00:00-04:00,27,48.0,62.480932825078206,boost_5y_linear_aligned,True
2022-10-08 04:00:00+00:00,2022-10-09 07:00:00+00:00,2022-10-09 03:00:00-04:00,28,47.0,62.76664884859978,boost_5y_linear_aligned,True
2022-10-08 04:00:00+00:00,2022-10-09 08:00:00+00:00,2022-10-09 04:00:00-04:00,29,45.0,62.511379298082446,boost_5y_linear_aligned,True
2022-10-08 04:00:00+00:00,2022-10-09 09:00:00+00:00,2022-10-09 05:00:00-04:00,30,43.0,62.10213588702579,boost_5y_linear_aligned,True
2022-10-08 04:00:00+00:00,2022-10-09 10:00:00+00:00,2022-10-09 06:00:00-04:00,31,42.0,61.01459253893502,boost_5y_linear_aligned,True
2022-10-08 04:00:00+00:00,2022-10-09 11:00:00+00:00,2022-10-09 07:00:00-04:00,32,44.0,61.34098683741394,boost_5y_linear_aligned,True
2022-10-08 04:00:00+00:00,2022-10-09 12:00:00+00:00,2022-10-09 08:00:00-04:00,33,49.0,63.97793744886901,boost_5y_linear_aligned,True
2022-10-08 04:00:00+00:00,2022-10-09 13:00:00+00:00,2022-10-09 09:00:00-04:00,34,54.0,67.24177047504202,boost_5y_linear_aligned,True
2022-10-08 04:00:00+00:00,2022-10-09 14:00:00+00:00,2022-10-09 10:00:00-04:00,35,57.0,70.83589004532988,boost_5y_linear_aligned,True
2022-10-08 04:00:00+00:00,2022-10-09 15:00:00+00:00,2022-10-09 11:00:00-04:00,36,62.0,72.51877856623794,boost_5y_linear_aligned,True
2022-10-08 04:00:00+00:00,2022-10-09 16:00:00+00:00,2022-10-09 12:00:00-04:00,37,66.0,74.36846430403862,boost_5y_linear_aligned,True
2022-10-08 04:00:00+00:00,2022-10-09 17:00:00+00:00,2022-10-09 13:00:00-04:00,38,66.0,75.68743358087032,boost_5y_linear_aligned,True
2022-10-08 04:00:00+00:00,2022-10-09 18:00:00+00:00,2022-10-09 14:00:00-04:00,39,71.0,76.96399518751475,boost_5y_linear_aligned,True
2022-10-08 04:00:00+00:00,2022-10-09 19:00:00+00:00,2022-10-09 15:00:00-04:00,40,71.0,76.64407312405397,boost_5y_linear_aligned,True
2022-10-08 04:00:00+00:00,2022-10-09 20:00:00+00:00,2022-10-09 16:00:00-04:00,41,71.0,75.4710415113399,boost_5y_linear_aligned,True
2022-10-08 04:00:00+00:00,2022-10-09 21:00:00+00:00,2022-10-09 17:00:00-04:00,42,69.0,73.42165576957383,boost_5y_linear_aligned,True
2022-10-08 04:00:00+00:00,2022-10-09 22:00:00+00:00,2022-10-09 18:00:00-04:00,43,64.0,69.55540226189544,boost_5y_linear_aligned,True
2022-10-08 04:00:00+00:00,2022-10-09 23:00:00+00:00,2022-10-09 19:00:00-04:00,44,59.0,67.06383922707211,boost_5y_linear_aligned,True
2022-10-08 04:00:00+00:00,2022-10-10 00:00:00+00:00,2022-10-09 20:00:00-04:00,45,59.0,65.75795595084554,boost_5y_linear_aligned,True
2022-10-08 04:00:00+00:00,2022-10-10 01:00:00+00:00,2022-10-09 21:00:00-04:00,46,55.0,64.42236238981488,boost_5y_linear_aligned,True
2022-10-08 04:00:00+00:00,2022-10-10 02:00:00+00:00,2022-10-09 22:00:00-04:00,47,55.0,63.689497765476176,boost_5y_linear_aligned,True
2022-10-08 04:00:00+00:00,2022-10-10 03:00:00+00:00,2022-10-09 23:00:00-04:00,48,52.0,62.889969945959365,boost_5y_linear_aligned,True
2022-10-08 04:00:00+00:00,2022-10-10 04:00:00+00:00,2022-10-10 00:00:00-04:00,49,52.0,62.379083691067706,boost_5y_linear_aligned,True
2022-10-08 04:00:00+00:00,2022-10-10 05:00:00+00:00,2022-10-10 01:00:00-04:00,50,55.0,61.87010091367982,boost_5y_linear_aligned,True
2022-10-08 04:00:00+00:00,2022-10-10 06:00:00+00:00,2022-10-10 02:00:00-04:00,51,56.0,61.469559161104605,boost_5y_linear_aligned,True
2022-10-08 04:00:00+00:00,2022-10-10 07:00:00+00:00,2022-10-10 03:00:00-04:00,52,55.0,60.880500839585814,boost_5y_linear_aligned,True
2022-10-08 04:00:00+00:00,2022-10-10 08:00:00+00:00,2022-10-10 04:00:00-04:00,53,54.0,60.572004224138745,boost_5y_linear_aligned,True
2022-10-08 04:00:00+00:00,2022-10-10 09:00:00+00:00,2022-10-10 05:00:00-04:00,54,54.0,60.09084104750404,boost_5y_linear_aligned,True
2022-10-08 04:00:00+00:00,2022-10-10 10:00:00+00:00,2022-10-10 06:00:00-04:00,55,53.0,59.729921133247416,boost_5y_linear_aligned,True
2022-10-08 04:00:00+00:00,2022-10-10 11:00:00+00:00,2022-10-10 07:00:00-04:00,56,55.0,60.13239838055135,boost_5y_linear_aligned,True
2022-10-08 04:00:00+00:00,2022-10-10 12:00:00+00:00,2022-10-10 08:00:00-04:00,57,56.0,62.73004239417066,boost_5y_linear_aligned,True
2022-10-08 04:00:00+00:00,2022-10-10 13:00:00+00:00,2022-10-10 09:00:00-04:00,58,57.0,65.30474943916369,boost_5y_linear_aligned,True
2022-10-08 04:00:00+00:00,2022-10-10 14:00:00+00:00,2022-10-10 10:00:00-04:00,59,62.0,68.35819208094225,boost_5y_linear_aligned,True
2022-10-08 04:00:00+00:00,2022-10-10 15:00:00+00:00,2022-10-10 11:00:00-04:00,60,67.0,70.70065445199408,boost_5y_linear_aligned,True
2022-10-08 04:00:00+00:00,2022-10-10 16:00:00+00:00,2022-10-10 12:00:00-04:00,61,69.0,72.38205014007305,boost_5y_linear_aligned,True
2022-10-08 04:00:00+00:00,2022-10-10 17:00:00+00:00,2022-10-10 13:00:00-04:00,62,71.0,74.05987885689231,boost_5y_linear_aligned,True
2022-10-08 04:00:00+00:00,2022-10-10 18:00:00+00:00,2022-10-10 14:00:00-04:00,63,72.0,74.68798978178484,boost_5y_linear_aligned,True
2022-10-08 04:00:00+00:00,2022-10-10 19:00:00+00:00,2022-10-10 15:00:00-04:00,64,72.0,74.46798603272855,boost_5y_linear_aligned,True
2022-10-08 04:00:00+00:00,2022-10-10 20:00:00+00:00,2022-10-10 16:00:00-04:00,65,71.0,74.16089525433429,boost_5y_linear_aligned,True
2022-10-08 04:00:00+00:00,2022-10-10 21:00:00+00:00,2022-10-10 17:00:00-04:00,66,70.0,72.49258301293493,boost_5y_linear_aligned,True
2022-10-08 04:00:00+00:00,2022-10-10 22:00:00+00:00,2022-10-10 18:00:00-04:00,67,64.0,68.38149617697877,boost_5y_linear_aligned,True
2022-10-08 04:00:00+00:00,2022-10-10 23:00:00+00:00,2022-10-10 19:00:00-04:00,68,59.0,65.83542812483547,boost_5y_linear_aligned,True
2022-10-08 04:00:00+00:00,2022-10-11 00:00:00+00:00,2022-10-10 20:00:00-04:00,69,59.0,64.60531881750269,boost_5y_linear_aligned,True
2022-10-08 04:00:00+00:00,2022-10-11 01:00:00+00:00,2022-10-10 21:00:00-04:00,70,56.0,63.31022620183164,boost_5y_linear_aligned,True
2022-10-08 04:00:00+00:00,2022-10-11 02:00:00+00:00,2022-10-10 22:00:00-04:00,71,53.0,62.64170420316506,boost_5y_linear_aligned,True
2022-10-08 04:00:00+00:00,2022-10-11 03:00:00+00:00,2022-10-10 23:00:00-04:00,72,51.0,61.907723583511945,boost_5y_linear_aligned,True
2022-10-08 04:00:00+00:00,2022-10-11 04:00:00+00:00,2022-10-11 00:00:00-04:00,73,50.0,62.53158820182301,boost_5y_linear_aligned,True
2022-10-08 04:00:00+00:00,2022-10-11 05:00:00+00:00,2022-10-11 01:00:00-04:00,74,49.0,62.052819827905026,boost_5y_linear_aligned,True
2022-10-08 04:00:00+00:00,2022-10-11 06:00:00+00:00,2022-10-11 02:00:00-04:00,75,48.0,61.45809269787225,boost_5y_linear_aligned,True
2022-10-08 04:00:00+00:00,2022-10-11 07:00:00+00:00,2022-10-11 03:00:00-04:00,76,45.0,60.97148675824706,boost_5y_linear_aligned,True
2022-10-08 04:00:00+00:00,2022-10-11 08:00:00+00:00,2022-10-11 04:00:00-04:00,77,46.0,60.625831260649996,boost_5y_linear_aligned,True
2022-10-08 04:00:00+00:00,2022-10-11 09:00:00+00:00,2022-10-11 05:00:00-04:00,78,43.0,60.23761416488943,boost_5y_linear_aligned,True
2022-10-08 04:00:00+00:00,2022-10-11 10:00:00+00:00,2022-10-11 06:00:00-04:00,79,44.0,59.85218444131646,boost_5y_linear_aligned,True
2022-10-08 04:00:00+00:00,2022-10-11 11:00:00+00:00,2022-10-11 07:00:00-04:00,80,46.0,60.24238529386861,boost_5y_linear_aligned,True
2022-10-08 04:00:00+00:00,2022-10-11 12:00:00+00:00,2022-10-11 08:00:00-04:00,81,53.0,63.030306896875,boost_5y_linear_aligned,True
2022-10-08 04:00:00+00:00,2022-10-11 13:00:00+00:00,2022-10-11 09:00:00-04:00,82,60.0,65.7870891651002,boost_5y_linear_aligned,True
2022-10-08 04:00:00+00:00,2022-10-11 14:00:00+00:00,2022-10-11 10:00:00-04:00,83,66.0,68.83205402179442,boost_5y_linear_aligned,True
2022-10-08 04:00:00+00:00,2022-10-11 15:00:00+00:00,2022-10-11 11:00:00-04:00,84,67.0,71.1065456991889,boost_5y_linear_aligned,True
2022-10-08 04:00:00+00:00,2022-10-11 16:00:00+00:00,2022-10-11 12:00:00-04:00,85,70.0,72.79017079682555,boost_5y_linear_aligned,True
2022-10-08 04:00:00+00:00,2022-10-11 17:00:00+00:00,2022-10-11 13:00:00-04:00,86,72.0,74.10947782048592,boost_5y_linear_aligned,True
2022-10-08 04:00:00+00:00,2022-10-11 18:00:00+00:00,2022-10-11 14:00:00-04:00,87,72.0,74.67628467665854,boost_5y_linear_aligned,True
2022-10-08 04:00:00+00:00,2022-10-11 19:00:00+00:00,2022-10-11 15:00:00-04:00,88,72.0,74.56898494578415,boost_5y_linear_aligned,True
2022-10-08 04:00:00+00:00,2022-10-11 20:00:00+00:00,2022-10-11 16:00:00-04:00,89,72.0,74.2422919919466,boost_5y_linear_aligned,True
2022-10-08 04:00:00+00:00,2022-10-11 21:00:00+00:00,2022-10-11 17:00:00-04:00,90,68.0,72.76114453429344,boost_5y_linear_aligned,True
2022-10-08 04:00:00+00:00,2022-10-11 22:00:00+00:00,2022-10-11 18:00:00-04:00,91,64.0,68.627214501423,boost_5y_linear_aligned,True
2022-10-08 04:00:00+00:00,2022-10-11 23:00:00+00:00,2022-10-11 19:00:00-04:00,92,60.0,66.11095567596979,boost_5y_linear_aligned,True
2022-10-08 04:00:00+00:00,2022-10-12 00:00:00+00:00,2022-10-11 20:00:00-04:00,93,56.0,64.98825733973973,boost_5y_linear_aligned,True
2022-10-08 04:00:00+00:00,2022-10-12 01:00:00+00:00,2022-10-11 21:00:00-04:00,94,52.0,63.83607340547163,boost_5y_linear_aligned,True
2022-10-08 04:00:00+00:00,2022-10-12 02:00:00+00:00,2022-10-11 22:00:00-04:00,95,52.0,63.21063615823182,boost_5y_linear_aligned,True
2022-10-08 04:00:00+00:00,2022-10-12 03:00:00+00:00,2022-10-11 23:00:00-04:00,96,52.0,62.375836260356905,boost_5y_linear_aligned,True
2022-10-08 04:00:00+00:00,2022-10-12 04:00:00+00:00,2022-10-12 00:00:00-04:00,97,53.0,62.7440098871616,boost_5y_linear_aligned,True
2022-10-08 04:00:00+00:00,2022-10-12 05:00:00+00:00,2022-10-12 01:00:00-04:00,98,53.0,62.30674292290833,boost_5y_linear_aligned,True
2022-10-08 04:00:00+00:00,2022-10-12 06:00:00+00:00,2022-10-12 02:00:00-04:00,99,53.0,61.572547316698405,boost_5y_linear_aligned,True
2022-10-08 04:00:00+00:00,2022-10-12 07:00:00+00:00,2022-10-12 03:00:00-04:00,100,53.0,61.068660068074145,boost_5y_linear_aligned,True
2022-10-08 04:00:00+00:00,2022-10-12 08:00:00+00:00,2022-10-12 04:00:00-04:00,101,51.0,60.698353128291416,boost_5y_linear_aligned,True
2022-10-08 04:00:00+00:00,2022-10-12 09:00:00+00:00,2022-10-12 05:00:00-04:00,102,50.0,60.12649093429909,boost_5y_linear_aligned,True
2022-10-08 04:00:00+00:00,2022-10-12 10:00:00+00:00,2022-10-12 06:00:00-04:00,103,51.0,59.73102909618112,boost_5y_linear_aligned,True
2022-10-08 04:00:00+00:00,2022-10-12 11:00:00+00:00,2022-10-12 07:00:00-04:00,104,52.0,60.09152742122785,boost_5y_linear_aligned,True
2022-10-08 04:00:00+00:00,2022-10-12 12:00:00+00:00,2022-10-12 08:00:00-04:00,105,58.0,63.1597870694871,boost_5y_linear_aligned,True
2022-10-08 04:00:00+00:00,2022-10-12 13:00:00+00:00,2022-10-12 09:00:00-04:00,106,62.0,65.95888302698636,boost_5y_linear_aligned,True
2022-10-08 04:00:00+00:00,2022-10-12 14:00:00+00:00,2022-10-12 10:00:00-04:00,107,67.0,69.00187183788096,boost_5y_linear_aligned,True
2022-10-08 04:00:00+00:00,2022-10-12 15:00:00+00:00,2022-10-12 11:00:00-04:00,108,69.0,71.15258871790333,boost_5y_linear_aligned,True
2022-10-08 04:00:00+00:00,2022-10-12 16:00:00+00:00,2022-10-12 12:00:00-04:00,109,72.0,72.90726637912367,boost_5y_linear_aligned,True
2022-10-08 04:00:00+00:00,2022-10-12 17:00:00+00:00,2022-10-12 13:00:00-04:00,110,74.0,74.37183354856099,boost_5y_linear_aligned,True
2022-10-08 04:00:00+00:00,2022-10-12 18:00:00+00:00,2022-10-12 14:00:00-04:00,111,76.0,75.01980058075347,boost_5y_linear_aligned,True
2022-10-08 04:00:00+00:00,2022-10-12 19:00:00+00:00,2022-10-12 15:00:00-04:00,112,76.0,75.14808806612163,boost_5y_linear_aligned,True
2022-10-08 04:00:00+00:00,2022-10-12 20:00:00+00:00,2022-10-12 16:00:00-04:00,113,75.0,74.9631524607505,boost_5y_linear_aligned,True
2022-10-08 04:00:00+00:00,2022-10-12 21:00:00+00:00,2022-10-12 17:00:00-04:00,114,73.0,73.32011214607554,boost_5y_linear_aligned,True
2022-10-08 04:00:00+00:00,2022-10-12 22:00:00+00:00,2022-10-12 18:00:00-04:00,115,71.0,69.22620454788053,boost_5y_linear_aligned,True
2022-10-08 04:00:00+00:00,2022-10-12 23:00:00+00:00,2022-10-12 19:00:00-04:00,116,69.0,66.72119070177521,boost_5y_linear_aligned,True
2022-10-08 04:00:00+00:00,2022-10-13 00:00:00+00:00,2022-10-12 20:00:00-04:00,117,69.0,65.50494245192509,boost_5y_linear_aligned,True
2022-10-08 04:00:00+00:00,2022-10-13 01:00:00+00:00,2022-10-12 21:00:00-04:00,118,69.0,64.26350617190366,boost_5y_linear_aligned,True
2022-10-08 04:00:00+00:00,2022-10-13 02:00:00+00:00,2022-10-12 22:00:00-04:00,119,68.0,63.60391869271995,boost_5y_linear_aligned,True
2022-10-08 04:00:00+00:00,2022-10-13 03:00:00+00:00,2022-10-12 23:00:00-04:00,120,67.0,62.6550411963612,boost_5y_linear_aligned,True
2022-10-08 04:00:00+00:00,2022-10-13 04:00:00+00:00,2022-10-13 00:00:00-04:00,121,66.0,62.13217476493743,boost_5y_linear_aligned,True
2022-10-08 04:00:00+00:00,2022-10-13 05:00:00+00:00,2022-10-13 01:00:00-04:00,122,66.0,61.77533796519453,boost_5y_linear_aligned,True
2022-10-08 04:00:00+00:00,2022-10-13 06:00:00+00:00,2022-10-13 02:00:00-04:00,123,66.0,61.100403798522365,boost_5y_linear_aligned,True
2022-10-08 04:00:00+00:00,2022-10-13 07:00:00+00:00,2022-10-13 03:00:00-04:00,124,67.0,60.58285084361611,boost_5y_linear_aligned,True
2022-10-08 04:00:00+00:00,2022-10-13 08:00:00+00:00,2022-10-13 04:00:00-04:00,125,66.0,60.19551678439316,boost_5y_linear_aligned,True
2022-10-08 04:00:00+00:00,2022-10-13 09:00:00+00:00,2022-10-13 05:00:00-04:00,126,65.0,59.780390841399424,boost_5y_linear_aligned,True
2022-10-08 04:00:00+00:00,2022-10-13 10:00:00+00:00,2022-10-13 06:00:00-04:00,127,66.0,59.398700232510826,boost_5y_linear_aligned,True
2022-10-08 04:00:00+00:00,2022-10-13 11:00:00+00:00,2022-10-13 07:00:00-04:00,128,66.0,59.76416688116164,boost_5y_linear_aligned,True
2022-10-08 04:00:00+00:00,2022-10-13 12:00:00+00:00,2022-10-13 08:00:00-04:00,129,67.0,62.763388637335055,boost_5y_linear_aligned,True
2022-10-08 04:00:00+00:00,2022-10-13 13:00:00+00:00,2022-10-13 09:00:00-04:00,130,69.0,65.84549756975632,boost_5y_linear_aligned,True
2022-10-08 04:00:00+00:00,2022-10-13 14:00:00+00:00,2022-10-13 10:00:00-04:00,131,70.0,68.83990403470891,boost_5y_linear_aligned,True
2022-10-08 04:00:00+00:00,2022-10-13 15:00:00+00:00,2022-10-13 11:00:00-04:00,132,71.0,70.99803970424573,boost_5y_linear_aligned,True
2022-10-08 04:00:00+00:00,2022-10-13 16:00:00+00:00,2022-10-13 12:00:00-04:00,133,74.0,72.7479868739017,boost_5y_linear_aligned,True
2022-10-08 04:00:00+00:00,2022-10-13 17:00:00+00:00,2022-10-13 13:00:00-04:00,134,76.0,74.16087863728309,boost_5y_linear_aligned,True
2022-10-08 04:00:00+00:00,2022-10-13 18:00:00+00:00,2022-10-13 14:00:00-04:00,135,79.0,74.70688808004384,boost_5y_linear_aligned,True
2022-10-08 04:00:00+00:00,2022-10-13 19:00:00+00:00,2022-10-13 15:00:00-04:00,136,76.0,74.7730486901839,boost_5y_linear_aligned,True
2022-10-08 04:00:00+00:00,2022-10-13 20:00:00+00:00,2022-10-13 16:00:00-04:00,137,75.0,74.6005324977664,boost_5y_linear_aligned,True
2022-10-08 04:00:00+00:00,2022-10-13 21:00:00+00:00,2022-10-13 17:00:00-04:00,138,75.0,72.66734746562011,boost_5y_linear_aligned,True
2022-10-08 04:00:00+00:00,2022-10-13 22:00:00+00:00,2022-10-13 18:00:00-04:00,139,70.0,68.50271575000563,boost_5y_linear_aligned,True
2022-10-08 04:00:00+00:00,2022-10-13 23:00:00+00:00,2022-10-13 19:00:00-04:00,140,68.0,66.08103904714064,boost_5y_linear_aligned,True
2022-10-08 04:00:00+00:00,2022-10-14 00:00:00+00:00,2022-10-13 20:00:00-04:00,141,66.0,64.81920828977363,boost_5y_linear_aligned,True
2022-10-08 04:00:00+00:00,2022-10-14 01:00:00+00:00,2022-10-13 21:00:00-04:00,142,65.0,63.58116307365903,boost_5y_linear_aligned,True
2022-10-08 04:00:00+00:00,2022-10-14 02:00:00+00:00,2022-10-13 22:00:00-04:00,143,63.0,62.814016533320526,boost_5y_linear_aligned,True
2022-10-08 04:00:00+00:00,2022-10-14 03:00:00+00:00,2022-10-13 23:00:00-04:00,144,67.0,61.83657194205558,boost_5y_linear_aligned,True
2022-10-08 04:00:00+00:00,2022-10-14 04:00:00+00:00,2022-10-14 00:00:00-04:00,145,65.0,61.215030269328395,boost_5y_linear_aligned,True
2022-10-08 04:00:00+00:00,2022-10-14 05:00:00+00:00,2022-10-14 01:00:00-04:00,146,65.0,60.848266571632784,boost_5y_linear_aligned,True
2022-10-08 04:00:00+00:00,2022-10-14 06:00:00+00:00,2022-10-14 02:00:00-04:00,147,64.0,60.207881494653826,boost_5y_linear_aligned,True
2022-10-08 04:00:00+00:00,2022-10-14 07:00:00+00:00,2022-10-14 03:00:00-04:00,148,62.0,59.57004991915086,boost_5y_linear_aligned,True
2022-10-08 04:00:00+00:00,2022-10-14 08:00:00+00:00,2022-10-14 04:00:00-04:00,149,61.0,59.24388079908133,boost_5y_linear_aligned,True
2022-10-08 04:00:00+00:00,2022-10-14 09:00:00+00:00,2022-10-14 05:00:00-04:00,150,58.0,58.80486150727985,boost_5y_linear_aligned,True
2022-10-08 04:00:00+00:00,2022-10-14 10:00:00+00:00,2022-10-14 06:00:00-04:00,151,57.0,58.39928869147952,boost_5y_linear_aligned,True
2022-10-08 04:00:00+00:00,2022-10-14 11:00:00+00:00,2022-10-14 07:00:00-04:00,152,56.0,58.66405761620756,boost_5y_linear_aligned,True
2022-10-08 04:00:00+00:00,2022-10-14 12:00:00+00:00,2022-10-14 08:00:00-04:00,153,59.0,61.7365049132624,boost_5y_linear_aligned,True
2022-10-08 04:00:00+00:00,2022-10-14 13:00:00+00:00,2022-10-14 09:00:00-04:00,154,63.0,64.9117426050634,boost_5y_linear_aligned,True
2022-10-08 04:00:00+00:00,2022-10-14 14:00:00+00:00,2022-10-14 10:00:00-04:00,155,65.0,67.94640639814172,boost_5y_linear_aligned,True
2022-10-08 04:00:00+00:00,2022-10-14 15:00:00+00:00,2022-10-14 11:00:00-04:00,156,68.0,70.15502603726596,boost_5y_linear_aligned,True
2022-10-08 04:00:00+00:00,2022-10-14 16:00:00+00:00,2022-10-14 12:00:00-04:00,157,70.0,71.9484283488382,boost_5y_linear_aligned,True
2022-10-08 04:00:00+00:00,2022-10-14 17:00:00+00:00,2022-10-14 13:00:00-04:00,158,71.0,73.23766218294405,boost_5y_linear_aligned,True
2022-10-08 04:00:00+00:00,2022-10-14 18:00:00+00:00,2022-10-14 14:00:00-04:00,159,71.0,73.74916576185251,boost_5y_linear_aligned,True
2022-10-08 04:00:00+00:00,2022-10-14 19:00:00+00:00,2022-10-14 15:00:00-04:00,160,72.0,73.86394449931325,boost_5y_linear_aligned,True
2022-10-08 04:00:00+00:00,2022-10-14 20:00:00+00:00,2022-10-14 16:00:00-04:00,161,71.0,73.64511997450407,boost_5y_linear_aligned,True
2022-10-08 04:00:00+00:00,2022-10-14 21:00:00+00:00,2022-10-14 17:00:00-04:00,162,70.0,71.69239381021927,boost_5y_linear_aligned,True
2022-10-08 04:00:00+00:00,2022-10-14 22:00:00+00:00,2022-10-14 18:00:00-04:00,163,65.0,67.62130896312073,boost_5y_linear_aligned,True
2022-10-08 04:00:00+00:00,2022-10-14 23:00:00+00:00,2022-10-14 19:00:00-04:00,164,58.0,65.20538595407025,boost_5y_linear_aligned,True
2022-10-08 04:00:00+00:00,2022-10-15 00:00:00+00:00,2022-10-14 20:00:00-04:00,165,57.0,63.90786063695281,boost_5y_linear_aligned,True
2022-10-08 04:00:00+00:00,2022-10-15 01:00:00+00:00,2022-10-14 21:00:00-04:00,166,55.0,62.7295122996179,boost_5y_linear_aligned,True
2022-10-08 04:00:00+00:00,2022-10-15 02:00:00+00:00,2022-10-14 22:00:00-04:00,167,55.0,61.88567127915667,boost_5y_linear_aligned,True
2022-10-08 04:00:00+00:00,2022-10-15 03:00:00+00:00,2022-10-14 23:00:00-04:00,168,52.0,60.96642759373178,boost_5y_linear_aligned,True
2022-10-08 04:00:00+00:00,2022-10-15 04:00:00+00:00,2022-10-15 00:00:00-04:00,169,50.0,60.254915312248734,boost_5y_linear_aligned,True
2022-10-08 04:00:00+00:00,2022-10-15 05:00:00+00:00,2022-10-15 01:00:00-04:00,170,52.0,59.86785928155955,boost_5y_linear_aligned,True
2022-10-08 04:00:00+00:00,2022-10-15 06:00:00+00:00,2022-10-15 02:00:00-04:00,171,49.0,59.20954830952802,boost_5y_linear_aligned,True
2022-10-08 04:00:00+00:00,2022-10-15 07:00:00+00:00,2022-10-15 03:00:00-04:00,172,48.0,58.60989789055645,boost_5y_linear_aligned,True
2022-10-08 04:00:00+00:00,2022-10-15 08:00:00+00:00,2022-10-15 04:00:00-04:00,173,48.0,58.23570787150552,boost_5y_linear_aligned,True
2022-10-08 04:00:00+00:00,2022-10-15 09:00:00+00:00,2022-10-15 05:00:00-04:00,174,47.0,57.892754780403614,boost_5y_linear_aligned,True
2022-10-08 04:00:00+00:00,2022-10-15 10:00:00+00:00,2022-10-15 06:00:00-04:00,175,47.0,57.53231698391914,boost_5y_linear_aligned,True
2022-10-08 04:00:00+00:00,2022-10-15 11:00:00+00:00,2022-10-15 07:00:00-04:00,176,50.0,57.75324248380062,boost_5y_linear_aligned,True
2022-10-08 04:00:00+00:00,2022-10-15 12:00:00+00:00,2022-10-15 08:00:00-04:00,177,56.0,60.678213964330666,boost_5y_linear_aligned,True
2022-10-08 04:00:00+00:00,2022-10-15 13:00:00+00:00,2022-10-15 09:00:00-04:00,178,63.0,63.96069631849743,boost_5y_linear_aligned,True
2022-10-08 04:00:00+00:00,2022-10-15 14:00:00+00:00,2022-10-15 10:00:00-04:00,179,70.0,66.91677929914479,boost_5y_linear_aligned,True
2022-10-08 04:00:00+00:00,2022-10-15 15:00:00+00:00,2022-10-15 11:00:00-04:00,180,74.0,69.0648509644957,boost_5y_linear_aligned,True
2022-10-08 04:00:00+00:00,2022-10-15 16:00:00+00:00,2022-10-15 12:00:00-04:00,181,77.0,70.92931971051372,boost_5y_linear_aligned,True
2022-10-08 04:00:00+00:00,2022-10-15 17:00:00+00:00,2022-10-15 13:00:00-04:00,182,79.0,72.27920700473678,boost_5y_linear_aligned,True
2022-10-08 04:00:00+00:00,2022-10-15 18:00:00+00:00,2022-10-15 14:00:00-04:00,183,80.0,72.87679389334464,boost_5y_linear_aligned,True
2022-10-08 04:00:00+00:00,2022-10-15 19:00:00+00:00,2022-10-15 15:00:00-04:00,184,80.0,73.0271442845346,boost_5y_linear_aligned,True
2022-10-08 04:00:00+00:00,2022-10-15 20:00:00+00:00,2022-10-15 16:00:00-04:00,185,79.0,72.66170256729356,boost_5y_linear_aligned,True
2022-10-08 04:00:00+00:00,2022-10-15 21:00:00+00:00,2022-10-15 17:00:00-04:00,186,77.0,70.79104195017607,boost_5y_linear_aligned,True
2022-10-08 04:00:00+00:00,2022-10-15 22:00:00+00:00,2022-10-15 18:00:00-04:00,187,71.0,66.7497884972323,boost_5y_linear_aligned,True
2022-10-08 04:00:00+00:00,2022-10-15 23:00:00+00:00,2022-10-15 19:00:00-04:00,188,69.0,64.34762709484674,boost_5y_linear_aligned,True
2022-10-08 04:00:00+00:00,2022-10-16 00:00:00+00:00,2022-10-15 20:00:00-04:00,189,67.0,63.09362189461211,boost_5y_linear_aligned,True
2022-10-08 04:00:00+00:00,2022-10-16 01:00:00+00:00,2022-10-15 21:00:00-04:00,190,64.0,61.87117262140015,boost_5y_linear_aligned,True
2022-10-08 04:00:00+00:00,2022-10-16 02:00:00+00:00,2022-10-15 22:00:00-04:00,191,61.0,61.22841021394648,boost_5y_linear_aligned,True
2022-10-08 04:00:00+00:00,2022-10-16 03:00:00+00:00,2022-10-15 23:00:00-04:00,192,62.0,60.37389344173927,boost_5y_linear_aligned,True
2022-10-08 04:00:00+00:00,2022-10-16 04:00:00+00:00,2022-10-16 00:00:00-04:00,193,61.0,59.5131711561898,boost_5y_linear_aligned,True
2022-10-08 04:00:00+00:00,2022-10-16 05:00:00+00:00,2022-10-16 01:00:00-04:00,194,60.0,59.077749246921336,boost_5y_linear_aligned,True
2022-10-08 04:00:00+00:00,2022-10-16 06:00:00+00:00,2022-10-16 02:00:00-04:00,195,60.0,58.46236042543435,boost_5y_linear_aligned,True
2022-10-08 04:00:00+00:00,2022-10-16 07:00:00+00:00,2022-10-16 03:00:00-04:00,196,58.0,57.792547470632236,boost_5y_linear_aligned,True
2022-10-08 04:00:00+00:00,2022-10-16 08:00:00+00:00,2022-10-16 04:00:00-04:00,197,57.0,57.33333346883646,boost_5y_linear_aligned,True
2022-10-08 04:00:00+00:00,2022-10-16 09:00:00+00:00,2022-10-16 05:00:00-04:00,198,57.0,56.985851958219364,boost_5y_linear_aligned,True
2022-10-08 04:00:00+00:00,2022-10-16 10:00:00+00:00,2022-10-16 06:00:00-04:00,199,55.0,56.638638805422275,boost_5y_linear_aligned,True
2022-10-08 04:00:00+00:00,2022-10-16 11:00:00+00:00,2022-10-16 07:00:00-04:00,200,56.0,56.88225467666307,boost_5y_linear_aligned,True
2022-10-08 04:00:00+00:00,2022-10-16 12:00:00+00:00,2022-10-16 08:00:00-04:00,201,61.0,60.02438809845719,boost_5y_linear_aligned,True
2022-10-08 04:00:00+00:00,2022-10-16 13:00:00+00:00,2022-10-16 09:00:00-04:00,202,68.0,63.40010797586395,boost_5y_linear_aligned,True
2022-10-08 04:00:00+00:00,2022-10-16 14:00:00+00:00,2022-10-16 10:00:00-04:00,203,72.0,66.41965899393871,boost_5y_linear_aligned,True
2022-10-08 04:00:00+00:00,2022-10-16 15:00:00+00:00,2022-10-16 11:00:00-04:00,204,76.0,68.63640947104838,boost_5y_linear_aligned,True
2022-10-08 04:00:00+00:00,2022-10-16 16:00:00+00:00,2022-10-16 12:00:00-04:00,205,78.0,70.60733831363815,boost_5y_linear_aligned,True
2022-10-08 04:00:00+00:00,2022-10-16 17:00:00+00:00,2022-10-16 13:00:00-04:00,206,80.0,72.0214586967822,boost_5y_linear_aligned,True
2022-10-08 04:00:00+00:00,2022-10-16 18:00:00+00:00,2022-10-16 14:00:00-04:00,207,81.0,72.6305847697093,boost_5y_linear_aligned,True
2022-10-08 04:00:00+00:00,2022-10-16 19:00:00+00:00,2022-10-16 15:00:00-04:00,208,80.0,72.77477422342912,boost_5y_linear_aligned,True
2022-10-08 04:00:00+00:00,2022-10-16 20:00:00+00:00,2022-10-16 16:00:00-04:00,209,79.0,72.36407224056855,boost_5y_linear_aligned,True
2022-10-08 04:00:00+00:00,2022-10-16 21:00:00+00:00,2022-10-16 17:00:00-04:00,210,78.0,70.47108906827522,boost_5y_linear_aligned,True
2022-10-08 04:00:00+00:00,2022-10-16 22:00:00+00:00,2022-10-16 18:00:00-04:00,211,74.0,66.25605929325287,boost_5y_linear_aligned,True
2022-10-08 04:00:00+00:00,2022-10-16 23:00:00+00:00,2022-10-16 19:00:00-04:00,212,72.0,63.835619820532436,boost_5y_linear_aligned,True
2022-10-08 04:00:00+00:00,2022-10-17 00:00:00+00:00,2022-10-16 20:00:00-04:00,213,71.0,62.47112069452178,boost_5y_linear_aligned,True
2022-10-08 04:00:00+00:00,2022-10-17 01:00:00+00:00,2022-10-16 21:00:00-04:00,214,70.0,61.16342122029803,boost_5y_linear_aligned,True
2022-10-08 04:00:00+00:00,2022-10-17 02:00:00+00:00,2022-10-16 22:00:00-04:00,215,71.0,60.29573031704196,boost_5y_linear_aligned,True
2022-10-08 04:00:00+00:00,2022-10-17 03:00:00+00:00,2022-10-16 23:00:00-04:00,216,70.0,59.30106203142147,boost_5y_linear_aligned,True
2022-10-08 04:00:00+00:00,2022-10-17 04:00:00+00:00,2022-10-17 00:00:00-04:00,217,67.0,58.03944976161098,boost_5y_linear_aligned,True
2022-10-08 04:00:00+00:00,2022-10-17 05:00:00+00:00,2022-10-17 01:00:00-04:00,218,65.0,57.615775195861694,boost_5y_linear_aligned,True
2022-10-08 04:00:00+00:00,2022-10-17 06:00:00+00:00,2022-10-17 02:00:00-04:00,219,63.0,56.877939731282275,boost_5y_linear_aligned,True
2022-10-08 04:00:00+00:00,2022-10-17 07:00:00+00:00,2022-10-17 03:00:00-04:00,220,64.0,56.27783434754025,boost_5y_linear_aligned,True
2022-10-08 04:00:00+00:00,2022-10-17 08:00:00+00:00,2022-10-17 04:00:00-04:00,221,63.0,55.90148878024749,boost_5y_linear_aligned,True
2022-10-08 04:00:00+00:00,2022-10-17 09:00:00+00:00,2022-10-17 05:00:00-04:00,222,63.0,55.39690134791379,boost_5y_linear_aligned,True
2022-10-08 04:00:00+00:00,2022-10-17 10:00:00+00:00,2022-10-17 06:00:00-04:00,223,62.0,55.041847853165386,boost_5y_linear_aligned,True
2022-10-08 04:00:00+00:00,2022-10-17 11:00:00+00:00,2022-10-17 07:00:00-04:00,224,62.0,55.13676930624678,boost_5y_linear_aligned,True
2022-10-08 04:00:00+00:00,2022-10-17 12:00:00+00:00,2022-10-17 08:00:00-04:00,225,63.0,58.538917893890094,boost_5y_linear_aligned,True
2022-10-08 04:00:00+00:00,2022-10-17 13:00:00+00:00,2022-10-17 09:00:00-04:00,226,64.0,62.222634510084525,boost_5y_linear_aligned,True
2022-10-08 04:00:00+00:00,2022-10-17 14:00:00+00:00,2022-10-17 10:00:00-04:00,227,71.0,65.40679726568075,boost_5y_linear_aligned,True
2022-10-08 04:00:00+00:00,2022-10-17 15:00:00+00:00,2022-10-17 11:00:00-04:00,228,74.0,67.65814804632063,boost_5y_linear_aligned,True
2022-10-08 04:00:00+00:00,2022-10-17 16:00:00+00:00,2022-10-17 12:00:00-04:00,229,76.0,69.70213581949896,boost_5y_linear_aligned,True
2022-10-08 04:00:00+00:00,2022-10-17 17:00:00+00:00,2022-10-17 13:00:00-04:00,230,79.0,71.1835012128515,boost_5y_linear_aligned,True
2022-10-08 04:00:00+00:00,2022-10-17 18:00:00+00:00,2022-10-17 14:00:00-04:00,231,76.0,71.76976319307829,boost_5y_linear_aligned,True
2022-10-08 04:00:00+00:00,2022-10-17 19:00:00+00:00,2022-10-17 15:00:00-04:00,232,77.0,72.01112061380528,boost_5y_linear_aligned,True
2022-10-08 04:00:00+00:00,2022-10-17 20:00:00+00:00,2022-10-17 16:00:00-04:00,233,71.0,71.59605042554507,boost_5y_linear_aligned,True
2022-10-08 04:00:00+00:00,2022-10-17 21:00:00+00:00,2022-10-17 17:00:00-04:00,234,69.0,69.64428787998467,boost_5y_linear_aligned,True
2022-10-08 04:00:00+00:00,2022-10-17 22:00:00+00:00,2022-10-17 18:00:00-04:00,235,68.0,65.2993560203605,boost_5y_linear_aligned,True
2022-10-08 04:00:00+00:00,2022-10-17 23:00:00+00:00,2022-10-17 19:00:00-04:00,236,62.0,62.75880725009537,boost_5y_linear_aligned,True
2022-10-08 04:00:00+00:00,2022-10-18 00:00:00+00:00,2022-10-17 20:00:00-04:00,237,61.0,61.42673855756761,boost_5y_linear_aligned,True
2022-10-08 04:00:00+00:00,2022-10-18 01:00:00+00:00,2022-10-17 21:00:00-04:00,238,61.0,60.13371972594048,boost_5y_linear_aligned,True
2022-10-08 04:00:00+00:00,2022-10-18 02:00:00+00:00,2022-10-17 22:00:00-04:00,239,62.0,59.22937349077575,boost_5y_linear_aligned,True
2022-10-08 04:00:00+00:00,2022-10-18 03:00:00+00:00,2022-10-17 23:00:00-04:00,240,60.0,58.24562326517386,boost_5y_linear_aligned,True
2022-10-08 04:00:00+00:00,2022-10-18 04:00:00+00:00,2022-10-18 00:00:00-04:00,241,59.0,57.32085971043908,boost_5y_linear_aligned,True
2022-10-08 04:00:00+00:00,2022-10-18 05:00:00+00:00,2022-10-18 01:00:00-04:00,242,56.0,56.79068787982806,boost_5y_linear_aligned,True
2022-10-08 04:00:00+00:00,2022-10-18 06:00:00+00:00,2022-10-18 02:00:00-04:00,243,53.0,56.06245230555687,boost_5y_linear_aligned,True
2022-10-08 04:00:00+00:00,2022-10-18 07:00:00+00:00,2022-10-18 03:00:00-04:00,244,51.0,55.36433301969407,boost_5y_linear_aligned,True
2022-10-08 04:00:00+00:00,2022-10-18 08:00:00+00:00,2022-10-18 04:00:00-04:00,245,50.0,54.979077114502346,boost_5y_linear_aligned,True
2022-10-08 04:00:00+00:00,2022-10-18 09:00:00+00:00,2022-10-18 05:00:00-04:00,246,47.0,54.53936026572653,boost_5y_linear_aligned,True
2022-10-08 04:00:00+00:00,2022-10-18 10:00:00+00:00,2022-10-18 06:00:00-04:00,247,46.0,54.09880437269938,boost_5y_linear_aligned,True
2022-10-08 04:00:00+00:00,2022-10-18 11:00:00+00:00,2022-10-18 07:00:00-04:00,248,45.0,54.18796548961844,boost_5y_linear_aligned,True
2022-10-08 04:00:00+00:00,2022-10-18 12:00:00+00:00,2022-10-18 08:00:00-04:00,249,47.0,57.752868249324855,boost_5y_linear_aligned,True
2022-10-08 04:00:00+00:00,2022-10-18 13:00:00+00:00,2022-10-18 09:00:00-04:00,250,49.0,61.579933228462366,boost_5y_linear_aligned,True
2022-10-08 04:00:00+00:00,2022-10-18 14:00:00+00:00,2022-10-18 10:00:00-04:00,251,51.0,64.81661027967968,boost_5y_linear_aligned,True
2022-10-08 04:00:00+00:00,2022-10-18 15:00:00+00:00,2022-10-18 11:00:00-04:00,252,53.0,67.09128776599097,boost_5y_linear_aligned,True
2022-10-08 04:00:00+00:00,2022-10-18 16:00:00+00:00,2022-10-18 12:00:00-04:00,253,54.0,69.14278598108548,boost_5y_linear_aligned,True
2022-10-08 04:00:00+00:00,2022-10-18 17:00:00+00:00,2022-10-18 13:00:00-04:00,254,56.0,70.58514182382059,boost_5y_linear_aligned,True
2022-10-08 04:00:00+00:00,2022-10-18 18:00:00+00:00,2022-10-18 14:00:00-04:00,255,57.0,71.29270484104956,boost_5y_linear_aligned,True
2022-10-08 04:00:00+00:00,2022-10-18 19:00:00+00:00,2022-10-18 15:00:00-04:00,256,55.0,71.48170036145088,boost_5y_linear_aligned,True
2022-10-08 04:00:00+00:00,2022-10-18 20:00:00+00:00,2022-10-18 16:00:00-04:00,257,58.0,71.03787807966289,boost_5y_linear_aligned,True
2022-10-08 04:00:00+00:00,2022-10-18 21:00:00+00:00,2022-10-18 17:00:00-04:00,258,53.0,68.9730098218568,boost_5y_linear_aligned,True
2022-10-08 04:00:00+00:00,2022-10-18 22:00:00+00:00,2022-10-18 18:00:00-04:00,259,50.0,64.58889077684128,boost_5y_linear_aligned,True
2022-10-08 04:00:00+00:00,2022-10-18 23:00:00+00:00,2022-10-18 19:00:00-04:00,260,49.0,61.926311119271034,boost_5y_linear_aligned,True
2022-10-08 04:00:00+00:00,2022-10-19 00:00:00+00:00,2022-10-18 20:00:00-04:00,261,47.0,60.635912946455754,boost_5y_linear_aligned,True
2022-10-08 04:00:00+00:00,2022-10-19 01:00:00+00:00,2022-10-18 21:00:00-04:00,262,45.0,59.34635347772207,boost_5y_linear_aligned,True
2022-10-08 04:00:00+00:00,2022-10-19 02:00:00+00:00,2022-10-18 22:00:00-04:00,263,44.0,58.39722930498777,boost_5y_linear_aligned,True
2022-10-08 04:00:00+00:00,2022-10-19 03:00:00+00:00,2022-10-18 23:00:00-04:00,264,42.0,57.38765239729193,boost_5y_linear_aligned,True
2022-10-08 04:00:00+00:00,2022-10-19 04:00:00+00:00,2022-10-19 00:00:00-04:00,265,40.0,56.44812221322138,boost_5y_linear_aligned,True
2022-10-08 04:00:00+00:00,2022-10-19 05:00:00+00:00,2022-10-19 01:00:00-04:00,266,38.0,56.0242246798034,boost_5y_linear_aligned,True
2022-10-08 04:00:00+00:00,2022-10-19 06:00:00+00:00,2022-10-19 02:00:00-04:00,267,37.0,55.28676043113536,boost_5y_linear_aligned,True
2022-10-08 04:00:00+00:00,2022-10-19 07:00:00+00:00,2022-10-19 03:00:00-04:00,268,36.0,54.569066433828404,boost_5y_linear_aligned,True
2022-10-08 04:00:00+00:00,2022-10-19 08:00:00+00:00,2022-10-19 04:00:00-04:00,269,36.0,54.226750504739854,boost_5y_linear_aligned,True
2022-10-08 04:00:00+00:00,2022-10-19 09:00:00+00:00,2022-10-19 05:00:00-04:00,270,36.0,53.77794658691479,boost_5y_linear_aligned,True
2022-10-08 04:00:00+00:00,2022-10-19 10:00:00+00:00,2022-10-19 06:00:00-04:00,271,34.0,53.39622086062334,boost_5y_linear_aligned,True
2022-10-08 04:00:00+00:00,2022-10-19 11:00:00+00:00,2022-10-19 07:00:00-04:00,272,34.0,53.41238584183081,boost_5y_linear_aligned,True
2022-10-08 04:00:00+00:00,2022-10-19 12:00:00+00:00,2022-10-19 08:00:00-04:00,273,41.0,56.901237828848416,boost_5y_linear_aligned,True
2022-10-08 04:00:00+00:00,2022-10-19 13:00:00+00:00,2022-10-19 09:00:00-04:00,274,46.0,60.85380567551882,boost_5y_linear_aligned,True
2022-10-08 04:00:00+00:00,2022-10-19 14:00:00+00:00,2022-10-19 10:00:00-04:00,275,51.0,64.1125882412574,boost_5y_linear_aligned,True
2022-10-08 04:00:00+00:00,2022-10-19 15:00:00+00:00,2022-10-19 11:00:00-04:00,276,53.0,66.40207920512758,boost_5y_linear_aligned,True
2022-10-08 04:00:00+00:00,2022-10-19 16:00:00+00:00,2022-10-19 12:00:00-04:00,277,57.0,68.39668888209121,boost_5y_linear_aligned,True
2022-10-08 04:00:00+00:00,2022-10-19 17:00:00+00:00,2022-10-19 13:00:00-04:00,278,57.0,69.83499505742215,boost_5y_linear_aligned,True
2022-10-08 04:00:00+00:00,2022-10-19 18:00:00+00:00,2022-10-19 14:00:00-04:00,279,58.0,70.58074563293401,boost_5y_linear_aligned,True
2022-10-08 04:00:00+00:00,2022-10-19 19:00:00+00:00,2022-10-19 15:00:00-04:00,280,59.0,70.80038305660696,boost_5y_linear_aligned,True
2022-10-08 04:00:00+00:00,2022-10-19 20:00:00+00:00,2022-10-19 16:00:00-04:00,281,59.0,70.3689142092898,boost_5y_linear_aligned,True
2022-10-08 04:00:00+00:00,2022-10-19 21:00:00+00:00,2022-10-19 17:00:00-04:00,282,57.0,68.36307709135674,boost_5y_linear_aligned,True
2022-10-08 04:00:00+00:00,2022-10-19 22:00:00+00:00,2022-10-19 18:00:00-04:00,283,51.0,63.99027146930012,boost_5y_linear_aligned,True
2022-10-08 04:00:00+00:00,2022-10-19 23:00:00+00:00,2022-10-19 19:00:00-04:00,284,47.0,61.348352737625646,boost_5y_linear_aligned,True
2022-10-08 04:00:00+00:00,2022-10-20 00:00:00+00:00,2022-10-19 20:00:00-04:00,285,44.0,60.00233597533838,boost_5y_linear_aligned,True
2022-10-08 04:00:00+00:00,2022-10-20 01:00:00+00:00,2022-10-19 21:00:00-04:00,286,44.0,58.6439321248183,boost_5y_linear_aligned,True
2022-10-08 04:00:00+00:00,2022-10-20 02:00:00+00:00,2022-10-19 22:00:00-04:00,287,41.0,57.694879898663494,boost_5y_linear_aligned,True
2022-10-08 04:00:00+00:00,2022-10-20 03:00:00+00:00,2022-10-19 23:00:00-04:00,288,41.0,56.711897285592634,boost_5y_linear_aligned,True
2022-10-08 04:00:00+00:00,2022-10-20 04:00:00+00:00,2022-10-20 00:00:00-04:00,289,39.0,56.235034543337235,boost_5y_linear_aligned,True
2022-10-08 04:00:00+00:00,2022-10-20 05:00:00+00:00,2022-10-20 01:00:00-04:00,290,38.0,55.87319470987381,boost_5y_linear_aligned,True
2022-10-08 04:00:00+00:00,2022-10-20 06:00:00+00:00,2022-10-20 02:00:00-04:00,291,39.0,55.147671807388605,boost_5y_linear_aligned,True
2022-10-08 04:00:00+00:00,2022-10-20 07:00:00+00:00,2022-10-20 03:00:00-04:00,292,37.0,54.509049733773786,boost_5y_linear_aligned,True
2022-10-08 04:00:00+00:00,2022-10-20 08:00:00+00:00,2022-10-20 04:00:00-04:00,293,37.0,54.1474808653565,boost_5y_linear_aligned,True
2022-10-08 04:00:00+00:00,2022-10-20 09:00:00+00:00,2022-10-20 05:00:00-04:00,294,36.0,53.82097847332985,boost_5y_linear_aligned,True
2022-10-08 04:00:00+00:00,2022-10-20 10:00:00+00:00,2022-10-20 06:00:00-04:00,295,36.0,53.406475200902136,boost_5y_linear_aligned,True
2022-10-08 04:00:00+00:00,2022-10-20 11:00:00+00:00,2022-10-20 07:00:00-04:00,296,35.0,53.40625580691315,boost_5y_linear_aligned,True
2022-10-08 04:00:00+00:00,2022-10-20 12:00:00+00:00,2022-10-20 08:00:00-04:00,297,43.0,56.782134371075564,boost_5y_linear_aligned,True
2022-10-08 04:00:00+00:00,2022-10-20 13:00:00+00:00,2022-10-20 09:00:00-04:00,298,51.0,60.663165974410724,boost_5y_linear_aligned,True
2022-10-08 04:00:00+00:00,2022-10-20 14:00:00+00:00,2022-10-20 10:00:00-04:00,299,56.0,63.89208036590368,boost_5y_linear_aligned,True
2022-10-08 04:00:00+00:00,2022-10-20 15:00:00+00:00,2022-10-20 11:00:00-04:00,300,62.0,66.15586730785161,boost_5y_linear_aligned,True
2022-10-08 04:00:00+00:00,2022-10-20 16:00:00+00:00,2022-10-20 12:00:00-04:00,301,64.0,68.25731397147918,boost_5y_linear_aligned,True
2022-10-08 04:00:00+00:00,2022-10-20 17:00:00+00:00,2022-10-20 13:00:00-04:00,302,65.0,69.81094149953394,boost_5y_linear_aligned,True
2022-10-08 04:00:00+00:00,2022-10-20 18:00:00+00:00,2022-10-20 14:00:00-04:00,303,66.0,70.66132093412016,boost_5y_linear_aligned,True
2022-10-08 04:00:00+00:00,2022-10-20 19:00:00+00:00,2022-10-20 15:00:00-04:00,304,66.0,70.93074305456673,boost_5y_linear_aligned,True
2022-10-08 04:00:00+00:00,2022-10-20 20:00:00+00:00,2022-10-20 16:00:00-04:00,305,65.0,70.43143990234103,boost_5y_linear_aligned,True
2022-10-08 04:00:00+00:00,2022-10-20 21:00:00+00:00,2022-10-20 17:00:00-04:00,306,63.0,68.36280684219633,boost_5y_linear_aligned,True
2022-10-08 04:00:00+00:00,2022-10-20 22:00:00+00:00,2022-10-20 18:00:00-04:00,307,59.0,63.8869339645021,boost_5y_linear_aligned,True
2022-10-08 04:00:00+00:00,2022-10-20 23:00:00+00:00,2022-10-20 19:00:00-04:00,308,55.0,61.21907819355008,boost_5y_linear_aligned,True
2022-10-08 04:00:00+00:00,2022-10-21 00:00:00+00:00,2022-10-20 20:00:00-04:00,309,50.0,59.83092540936039,boost_5y_linear_aligned,True
2022-10-08 04:00:00+00:00,2022-10-21 01:00:00+00:00,2022-10-20 21:00:00-04:00,310,50.0,58.555064606954915,boost_5y_linear_aligned,True
2022-10-08 04:00:00+00:00,2022-10-21 02:00:00+00:00,2022-10-20 22:00:00-04:00,311,49.0,57.52711110449306,boost_5y_linear_aligned,True
2022-10-08 04:00:00+00:00,2022-10-21 03:00:00+00:00,2022-10-20 23:00:00-04:00,312,46.0,56.5510678317465,boost_5y_linear_aligned,True
2022-10-08 04:00:00+00:00,2022-10-21 04:00:00+00:00,2022-10-21 00:00:00-04:00,313,45.0,55.88468194129232,boost_5y_linear_aligned,True
2022-10-08 04:00:00+00:00,2022-10-21 05:00:00+00:00,2022-10-21 01:00:00-04:00,314,42.0,55.46329593240163,boost_5y_linear_aligned,True
2022-10-08 04:00:00+00:00,2022-10-21 06:00:00+00:00,2022-10-21 02:00:00-04:00,315,39.0,54.7315362160243,boost_5y_linear_aligned,True
2022-10-08 04:00:00+00:00,2022-10-21 07:00:00+00:00,2022-10-21 03:00:00-04:00,316,39.0,54.0818927990144,boost_5y_linear_aligned,True
2022-10-08 04:00:00+00:00,2022-10-21 08:00:00+00:00,2022-10-21 04:00:00-04:00,317,38.0,53.69189094161817,boost_5y_linear_aligned,True
2022-10-08 04:00:00+00:00,2022-10-21 09:00:00+00:00,2022-10-21 05:00:00-04:00,318,37.0,53.44695059506861,boost_5y_linear_aligned,True
2022-10-08 04:00:00+00:00,2022-10-21 10:00:00+00:00,2022-10-21 06:00:00-04:00,319,37.0,52.984003294949176,boost_5y_linear_aligned,True
2022-10-08 04:00:00+00:00,2022-10-21 11:00:00+00:00,2022-10-21 07:00:00-04:00,320,37.0,53.07114184835979,boost_5y_linear_aligned,True
2022-10-08 04:00:00+00:00,2022-10-21 12:00:00+00:00,2022-10-21 08:00:00-04:00,321,45.0,56.457855403017035,boost_5y_linear_aligned,True
2022-10-08 04:00:00+00:00,2022-10-21 13:00:00+00:00,2022-10-21 09:00:00-04:00,322,52.0,60.38251229249436,boost_5y_linear_aligned,True
2022-10-08 04:00:00+00:00,2022-10-21 14:00:00+00:00,2022-10-21 10:00:00-04:00,323,58.0,63.78878924676875,boost_5y_linear_aligned,True
2022-10-08 04:00:00+00:00,2022-10-21 15:00:00+00:00,2022-10-21 11:00:00-04:00,324,64.0,66.238067004778,boost_5y_linear_aligned,True
2022-10-08 04:00:00+00:00,2022-10-21 16:00:00+00:00,2022-10-21 12:00:00-04:00,325,66.0,68.47365706888043,boost_5y_linear_aligned,True
2022-10-08 04:00:00+00:00,2022-10-21 17:00:00+00:00,2022-10-21 13:00:00-04:00,326,67.0,70.02928372975032,boost_5y_linear_aligned,True
2022-10-08 04:00:00+00:00,2022-10-21 18:00:00+00:00,2022-10-21 14:00:00-04:00,327,70.0,70.90414264250656,boost_5y_linear_aligned,True
2022-10-08 04:00:00+00:00,2022-10-21 19:00:00+00:00,2022-10-21 15:00:00-04:00,328,69.0,71.19318159414998,boost_5y_linear_aligned,True
2022-10-08 04:00:00+00:00,2022-10-21 20:00:00+00:00,2022-10-21 16:00:00-04:00,329,68.0,70.5855576421217,boost_5y_linear_aligned,True
2022-10-08 04:00:00+00:00,2022-10-21 21:00:00+00:00,2022-10-21 17:00:00-04:00,330,67.0,68.44955663770568,boost_5y_linear_aligned,True
2022-10-08 04:00:00+00:00,2022-10-21 22:00:00+00:00,2022-10-21 18:00:00-04:00,331,57.0,63.97882728376601,boost_5y_linear_aligned,True
2022-10-08 04:00:00+00:00,2022-10-21 23:00:00+00:00,2022-10-21 19:00:00-04:00,332,52.0,61.36641361771195,boost_5y_linear_aligned,True
2022-10-08 04:00:00+00:00,2022-10-22 00:00:00+00:00,2022-10-21 20:00:00-04:00,333,52.0,59.93559969734394,boost_5y_linear_aligned,True
2022-10-08 04:00:00+00:00,2022-10-22 01:00:00+00:00,2022-10-21 21:00:00-04:00,334,50.0,58.66091622826732,boost_5y_linear_aligned,True
2022-10-08 04:00:00+00:00,2022-10-22 02:00:00+00:00,2022-10-21 22:00:00-04:00,335,46.0,57.65698056993945,boost_5y_linear_aligned,True
2022-10-08 04:00:00+00:00,2022-10-22 03:00:00+00:00,2022-10-21 23:00:00-04:00,336,46.0,56.6457622392297,boost_5y_linear_aligned,True
2023-08-27 04:00:00+00:00,2023-08-27 04:00:00+00:00,2023-08-27 00:00:00-04:00,1,81.0,75.13101166539585,boost_5y_linear_aligned,True
2023-08-27 04:00:00+00:00,2023-08-27 05:00:00+00:00,2023-08-27 01:00:00-04:00,2,81.0,73.03058568865315,boost_5y_linear_aligned,True
2023-08-27 04:00:00+00:00,2023-08-27 06:00:00+00:00,2023-08-27 02:00:00-04:00,3,79.0,72.26520421159428,boost_5y_linear_aligned,True
2023-08-27 04:00:00+00:00,2023-08-27 07:00:00+00:00,2023-08-27 03:00:00-04:00,4,80.0,71.629285336323,boost_5y_linear_aligned,True
2023-08-27 04:00:00+00:00,2023-08-27 08:00:00+00:00,2023-08-27 04:00:00-04:00,5,78.0,71.16016265059058,boost_5y_linear_aligned,True
2023-08-27 04:00:00+00:00,2023-08-27 09:00:00+00:00,2023-08-27 05:00:00-04:00,6,76.0,70.61974046316287,boost_5y_linear_aligned,True
2023-08-27 04:00:00+00:00,2023-08-27 10:00:00+00:00,2023-08-27 06:00:00-04:00,7,76.0,70.4601298899933,boost_5y_linear_aligned,True
2023-08-27 04:00:00+00:00,2023-08-27 11:00:00+00:00,2023-08-27 07:00:00-04:00,8,77.0,73.29921569310338,boost_5y_linear_aligned,True
2023-08-27 04:00:00+00:00,2023-08-27 12:00:00+00:00,2023-08-27 08:00:00-04:00,9,78.0,77.10247022764597,boost_5y_linear_aligned,True
2023-08-27 04:00:00+00:00,2023-08-27 13:00:00+00:00,2023-08-27 09:00:00-04:00,10,81.0,80.91315579565402,boost_5y_linear_aligned,True
2023-08-27 04:00:00+00:00,2023-08-27 14:00:00+00:00,2023-08-27 10:00:00-04:00,11,83.0,83.76914052435625,boost_5y_linear_aligned,True
2023-08-27 04:00:00+00:00,2023-08-27 15:00:00+00:00,2023-08-27 11:00:00-04:00,12,87.0,86.16401956670717,boost_5y_linear_aligned,True
2023-08-27 04:00:00+00:00,2023-08-27 16:00:00+00:00,2023-08-27 12:00:00-04:00,13,89.0,87.91004732366095,boost_5y_linear_aligned,True
2023-08-27 04:00:00+00:00,2023-08-27 17:00:00+00:00,2023-08-27 13:00:00-04:00,14,89.0,89.30019768672658,boost_5y_linear_aligned,True
2023-08-27 04:00:00+00:00,2023-08-27 18:00:00+00:00,2023-08-27 14:00:00-04:00,15,90.0,90.27141126238858,boost_5y_linear_aligned,True
2023-08-27 04:00:00+00:00,2023-08-27 19:00:00+00:00,2023-08-27 15:00:00-04:00,16,93.0,90.0077098823615,boost_5y_linear_aligned,True
2023-08-27 04:00:00+00:00,2023-08-27 20:00:00+00:00,2023-08-27 16:00:00-04:00,17,92.0,89.59738931004507,boost_5y_linear_aligned,True
2023-08-27 04:00:00+00:00,2023-08-27 21:00:00+00:00,2023-08-27 17:00:00-04:00,18,89.0,88.32590499821046,boost_5y_linear_aligned,True
2023-08-27 04:00:00+00:00,2023-08-27 22:00:00+00:00,2023-08-27 18:00:00-04:00,19,88.0,86.53921521414964,boost_5y_linear_aligned,True
2023-08-27 04:00:00+00:00,2023-08-27 23:00:00+00:00,2023-08-27 19:00:00-04:00,20,85.0,82.33056627572671,boost_5y_linear_aligned,True
2023-08-27 04:00:00+00:00,2023-08-28 00:00:00+00:00,2023-08-27 20:00:00-04:00,21,84.0,79.62244542707784,boost_5y_linear_aligned,True
2023-08-27 04:00:00+00:00,2023-08-28 01:00:00+00:00,2023-08-27 21:00:00-04:00,22,78.0,78.53179095832317,boost_5y_linear_aligned,True
2023-08-27 04:00:00+00:00,2023-08-28 02:00:00+00:00,2023-08-27 22:00:00-04:00,23,77.0,77.26286885486978,boost_5y_linear_aligned,True
2023-08-27 04:00:00+00:00,2023-08-28 03:00:00+00:00,2023-08-27 23:00:00-04:00,24,76.0,76.25248346002492,boost_5y_linear_aligned,True
2023-08-27 04:00:00+00:00,2023-08-28 04:00:00+00:00,2023-08-28 00:00:00-04:00,25,76.0,75.17003406962448,boost_5y_linear_aligned,True
2023-08-27 04:00:00+00:00,2023-08-28 05:00:00+00:00,2023-08-28 01:00:00-04:00,26,76.0,74.37222097865839,boost_5y_linear_aligned,True
2023-08-27 04:00:00+00:00,2023-08-28 06:00:00+00:00,2023-08-28 02:00:00-04:00,27,76.0,73.4647294870541,boost_5y_linear_aligned,True
2023-08-27 04:00:00+00:00,2023-08-28 07:00:00+00:00,2023-08-28 03:00:00-04:00,28,76.0,72.65431430335748,boost_5y_linear_aligned,True
2023-08-27 04:00:00+00:00,2023-08-28 08:00:00+00:00,2023-08-28 04:00:00-04:00,29,76.0,72.14464824548243,boost_5y_linear_aligned,True
2023-08-27 04:00:00+00:00,2023-08-28 09:00:00+00:00,2023-08-28 05:00:00-04:00,30,75.0,71.50704422092495,boost_5y_linear_aligned,True
2023-08-27 04:00:00+00:00,2023-08-28 10:00:00+00:00,2023-08-28 06:00:00-04:00,31,76.0,71.29995952409783,boost_5y_linear_aligned,True
2023-08-27 04:00:00+00:00,2023-08-28 11:00:00+00:00,2023-08-28 07:00:00-04:00,32,76.0,74.23569280401661,boost_5y_linear_aligned,True
2023-08-27 04:00:00+00:00,2023-08-28 12:00:00+00:00,2023-08-28 08:00:00-04:00,33,77.0,77.96709283591417,boost_5y_linear_aligned,True
2023-08-27 04:00:00+00:00,2023-08-28 13:00:00+00:00,2023-08-28 09:00:00-04:00,34,80.0,80.93934146403456,boost_5y_linear_aligned,True
2023-08-27 04:00:00+00:00,2023-08-28 14:00:00+00:00,2023-08-28 10:00:00-04:00,35,81.0,83.83949008915903,boost_5y_linear_aligned,True
2023-08-27 04:00:00+00:00,2023-08-28 15:00:00+00:00,2023-08-28 11:00:00-04:00,36,80.0,86.3566299723797,boost_5y_linear_aligned,True
2023-08-27 04:00:00+00:00,2023-08-28 16:00:00+00:00,2023-08-28 12:00:00-04:00,37,87.0,88.27385980927284,boost_5y_linear_aligned,True
2023-08-27 04:00:00+00:00,2023-08-28 17:00:00+00:00,2023-08-28 13:00:00-04:00,38,86.0,89.60331612027434,boost_5y_linear_aligned,True
2023-08-27 04:00:00+00:00,2023-08-28 18:00:00+00:00,2023-08-28 14:00:00-04:00,39,88.0,90.52594073744785,boost_5y_linear_aligned,True
2023-08-27 04:00:00+00:00,2023-08-28 19:00:00+00:00,2023-08-28 15:00:00-04:00,40,88.0,90.19287524081551,boost_5y_linear_aligned,True
2023-08-27 04:00:00+00:00,2023-08-28 20:00:00+00:00,2023-08-28 16:00:00-04:00,41,86.0,89.92093493113113,boost_5y_linear_aligned,True
2023-08-27 04:00:00+00:00,2023-08-28 21:00:00+00:00,2023-08-28 17:00:00-04:00,42,84.0,88.35497038236365,boost_5y_linear_aligned,True
2023-08-27 04:00:00+00:00,2023-08-28 22:00:00+00:00,2023-08-28 18:00:00-04:00,43,81.0,86.50550265592764,boost_5y_linear_aligned,True
2023-08-27 04:00:00+00:00,2023-08-28 23:00:00+00:00,2023-08-28 19:00:00-04:00,44,80.0,82.47993938356541,boost_5y_linear_aligned,True
2023-08-27 04:00:00+00:00,2023-08-29 00:00:00+00:00,2023-08-28 20:00:00-04:00,45,78.0,79.81794838219325,boost_5y_linear_aligned,True
2023-08-27 04:00:00+00:00,2023-08-29 01:00:00+00:00,2023-08-28 21:00:00-04:00,46,77.0,78.40901950770962,boost_5y_linear_aligned,True
2023-08-27 04:00:00+00:00,2023-08-29 02:00:00+00:00,2023-08-28 22:00:00-04:00,47,77.0,77.1550028290879,boost_5y_linear_aligned,True
2023-08-27 04:00:00+00:00,2023-08-29 03:00:00+00:00,2023-08-28 23:00:00-04:00,48,76.0,76.2777251738697,boost_5y_linear_aligned,True
2023-08-27 04:00:00+00:00,2023-08-29 04:00:00+00:00,2023-08-29 00:00:00-04:00,49,75.0,75.29663737617216,boost_5y_linear_aligned,True
2023-08-27 04:00:00+00:00,2023-08-29 05:00:00+00:00,2023-08-29 01:00:00-04:00,50,75.0,74.54986237583772,boost_5y_linear_aligned,True
2023-08-27 04:00:00+00:00,2023-08-29 06:00:00+00:00,2023-08-29 02:00:00-04:00,51,74.0,73.64955037903488,boost_5y_linear_aligned,True
2023-08-27 04:00:00+00:00,2023-08-29 07:00:00+00:00,2023-08-29 03:00:00-04:00,52,74.0,72.94643171310881,boost_5y_linear_aligned,True
2023-08-27 04:00:00+00:00,2023-08-29 08:00:00+00:00,2023-08-29 04:00:00-04:00,53,74.0,72.4002649955344,boost_5y_linear_aligned,True
2023-08-27 04:00:00+00:00,2023-08-29 09:00:00+00:00,2023-08-29 05:00:00-04:00,54,74.0,71.70794148070648,boost_5y_linear_aligned,True
2023-08-27 04:00:00+00:00,2023-08-29 10:00:00+00:00,2023-08-29 06:00:00-04:00,55,74.0,71.51152708476077,boost_5y_linear_aligned,True
2023-08-27 04:00:00+00:00,2023-08-29 11:00:00+00:00,2023-08-29 07:00:00-04:00,56,74.0,74.31711901520832,boost_5y_linear_aligned,True
2023-08-27 04:00:00+00:00,2023-08-29 12:00:00+00:00,2023-08-29 08:00:00-04:00,57,75.0,78.11841012795293,boost_5y_linear_aligned,True
2023-08-27 04:00:00+00:00,2023-08-29 13:00:00+00:00,2023-08-29 09:00:00-04:00,58,76.0,81.76424593990042,boost_5y_linear_aligned,True
2023-08-27 04:00:00+00:00,2023-08-29 14:00:00+00:00,2023-08-29 10:00:00-04:00,59,78.0,84.62470555428258,boost_5y_linear_aligned,True
2023-08-27 04:00:00+00:00,2023-08-29 15:00:00+00:00,2023-08-29 11:00:00-04:00,60,80.0,86.80954338087362,boost_5y_linear_aligned,True
2023-08-27 04:00:00+00:00,2023-08-29 16:00:00+00:00,2023-08-29 12:00:00-04:00,61,83.0,88.58889167908174,boost_5y_linear_aligned,True
2023-08-27 04:00:00+00:00,2023-08-29 17:00:00+00:00,2023-08-29 13:00:00-04:00,62,86.0,90.00906696611962,boost_5y_linear_aligned,True
2023-08-27 04:00:00+00:00,2023-08-29 18:00:00+00:00,2023-08-29 14:00:00-04:00,63,90.0,90.41679432460901,boost_5y_linear_aligned,True
2023-08-27 04:00:00+00:00,2023-08-29 19:00:00+00:00,2023-08-29 15:00:00-04:00,64,92.0,89.62846026801014,boost_5y_linear_aligned,True
2023-08-27 04:00:00+00:00,2023-08-29 20:00:00+00:00,2023-08-29 16:00:00-04:00,65,91.0,89.03425159602865,boost_5y_linear_aligned,True
2023-08-27 04:00:00+00:00,2023-08-29 21:00:00+00:00,2023-08-29 17:00:00-04:00,66,90.0,87.55585814691655,boost_5y_linear_aligned,True
2023-08-27 04:00:00+00:00,2023-08-29 22:00:00+00:00,2023-08-29 18:00:00-04:00,67,88.0,85.61387279015663,boost_5y_linear_aligned,True
2023-08-27 04:00:00+00:00,2023-08-29 23:00:00+00:00,2023-08-29 19:00:00-04:00,68,81.0,82.18322925558074,boost_5y_linear_aligned,True
2023-08-27 04:00:00+00:00,2023-08-30 00:00:00+00:00,2023-08-29 20:00:00-04:00,69,75.0,79.50559720197126,boost_5y_linear_aligned,True
2023-08-27 04:00:00+00:00,2023-08-30 01:00:00+00:00,2023-08-29 21:00:00-04:00,70,76.0,78.3432178600654,boost_5y_linear_aligned,True
2023-08-27 04:00:00+00:00,2023-08-30 02:00:00+00:00,2023-08-29 22:00:00-04:00,71,77.0,76.89068165135225,boost_5y_linear_aligned,True
2023-08-27 04:00:00+00:00,2023-08-30 03:00:00+00:00,2023-08-29 23:00:00-04:00,72,76.0,75.9664581735902,boost_5y_linear_aligned,True
2023-08-27 04:00:00+00:00,2023-08-30 04:00:00+00:00,2023-08-30 00:00:00-04:00,73,75.0,74.94103993645687,boost_5y_linear_aligned,True
2023-08-27 04:00:00+00:00,2023-08-30 05:00:00+00:00,2023-08-30 01:00:00-04:00,74,75.0,74.1128838614926,boost_5y_linear_aligned,True
2023-08-27 04:00:00+00:00,2023-08-30 06:00:00+00:00,2023-08-30 02:00:00-04:00,75,74.0,73.16642202518764,boost_5y_linear_aligned,True
2023-08-27 04:00:00+00:00,2023-08-30 07:00:00+00:00,2023-08-30 03:00:00-04:00,76,74.0,72.52891269555936,boost_5y_linear_aligned,True
2023-08-27 04:00:00+00:00,2023-08-30 08:00:00+00:00,2023-08-30 04:00:00-04:00,77,74.0,72.03943353003118,boost_5y_linear_aligned,True
2023-08-27 04:00:00+00:00,2023-08-30 09:00:00+00:00,2023-08-30 05:00:00-04:00,78,74.0,71.21436474007001,boost_5y_linear_aligned,True
2023-08-27 04:00:00+00:00,2023-08-30 10:00:00+00:00,2023-08-30 06:00:00-04:00,79,74.0,70.98248899078102,boost_5y_linear_aligned,True
2023-08-27 04:00:00+00:00,2023-08-30 11:00:00+00:00,2023-08-30 07:00:00-04:00,80,75.0,73.28964915117383,boost_5y_linear_aligned,True
2023-08-27 04:00:00+00:00,2023-08-30 12:00:00+00:00,2023-08-30 08:00:00-04:00,81,76.0,77.1231111438977,boost_5y_linear_aligned,True
2023-08-27 04:00:00+00:00,2023-08-30 13:00:00+00:00,2023-08-30 09:00:00-04:00,82,78.0,80.56983066910135,boost_5y_linear_aligned,True
2023-08-27 04:00:00+00:00,2023-08-30 14:00:00+00:00,2023-08-30 10:00:00-04:00,83,83.0,83.43924370665744,boost_5y_linear_aligned,True
2023-08-27 04:00:00+00:00,2023-08-30 15:00:00+00:00,2023-08-30 11:00:00-04:00,84,84.0,85.59890300901415,boost_5y_linear_aligned,True
2023-08-27 04:00:00+00:00,2023-08-30 16:00:00+00:00,2023-08-30 12:00:00-04:00,85,86.0,87.2690020540965,boost_5y_linear_aligned,True
2023-08-27 04:00:00+00:00,2023-08-30 17:00:00+00:00,2023-08-30 13:00:00-04:00,86,87.0,88.50593399777577,boost_5y_linear_aligned,True
2023-08-27 04:00:00+00:00,2023-08-30 18:00:00+00:00,2023-08-30 14:00:00-04:00,87,86.0,89.18288325231156,boost_5y_linear_aligned,True
2023-08-27 04:00:00+00:00,2023-08-30 19:00:00+00:00,2023-08-30 15:00:00-04:00,88,83.0,89.05159738928722,boost_5y_linear_aligned,True
2023-08-27 04:00:00+00:00,2023-08-30 20:00:00+00:00,2023-08-30 16:00:00-04:00,89,81.0,88.40281639565798,boost_5y_linear_aligned,True
2023-08-27 04:00:00+00:00,2023-08-30 21:00:00+00:00,2023-08-30 17:00:00-04:00,90,80.0,86.8825844523363,boost_5y_linear_aligned,True
2023-08-27 04:00:00+00:00,2023-08-30 22:00:00+00:00,2023-08-30 18:00:00-04:00,91,79.0,84.93414948972475,boost_5y_linear_aligned,True
2023-08-27 04:00:00+00:00,2023-08-30 23:00:00+00:00,2023-08-30 19:00:00-04:00,92,78.0,81.42337455828515,boost_5y_linear_aligned,True
2023-08-27 04:00:00+00:00,2023-08-31 00:00:00+00:00,2023-08-30 20:00:00-04:00,93,77.0,78.76574438165842,boost_5y_linear_aligned,True
2023-08-27 04:00:00+00:00,2023-08-31 01:00:00+00:00,2023-08-30 21:00:00-04:00,94,76.0,77.54479276084705,boost_5y_linear_aligned,True
2023-08-27 04:00:00+00:00,2023-08-31 02:00:00+00:00,2023-08-30 22:00:00-04:00,95,75.0,76.20778168014604,boost_5y_linear_aligned,True
2023-08-27 04:00:00+00:00,2023-08-31 03:00:00+00:00,2023-08-30 23:00:00-04:00,96,74.0,75.36226259059137,boost_5y_linear_aligned,True
2023-08-27 04:00:00+00:00,2023-08-31 04:00:00+00:00,2023-08-31 00:00:00-04:00,97,74.0,74.10360649044064,boost_5y_linear_aligned,True
2023-08-27 04:00:00+00:00,2023-08-31 05:00:00+00:00,2023-08-31 01:00:00-04:00,98,73.0,73.27322227356828,boost_5y_linear_aligned,True
2023-08-27 04:00:00+00:00,2023-08-31 06:00:00+00:00,2023-08-31 02:00:00-04:00,99,72.0,72.17747226628242,boost_5y_linear_aligned,True
2023-08-27 04:00:00+00:00,2023-08-31 07:00:00+00:00,2023-08-31 03:00:00-04:00,100,70.0,71.6434362426708,boost_5y_linear_aligned,True
2023-08-27 04:00:00+00:00,2023-08-31 08:00:00+00:00,2023-08-31 04:00:00-04:00,101,68.0,71.01162483677753,boost_5y_linear_aligned,True
2023-08-27 04:00:00+00:00,2023-08-31 09:00:00+00:00,2023-08-31 05:00:00-04:00,102,66.0,70.49623108682063,boost_5y_linear_aligned,True
2023-08-27 04:00:00+00:00,2023-08-31 10:00:00+00:00,2023-08-31 06:00:00-04:00,103,66.0,70.38351437718966,boost_5y_linear_aligned,True
2023-08-27 04:00:00+00:00,2023-08-31 11:00:00+00:00,2023-08-31 07:00:00-04:00,104,67.0,72.78128283741924,boost_5y_linear_aligned,True
2023-08-27 04:00:00+00:00,2023-08-31 12:00:00+00:00,2023-08-31 08:00:00-04:00,105,69.0,76.84795206545517,boost_5y_linear_aligned,True
2023-08-27 04:00:00+00:00,2023-08-31 13:00:00+00:00,2023-08-31 09:00:00-04:00,106,70.0,80.28293084047506,boost_5y_linear_aligned,True
2023-08-27 04:00:00+00:00,2023-08-31 14:00:00+00:00,2023-08-31 10:00:00-04:00,107,73.0,83.17004782567327,boost_5y_linear_aligned,True
2023-08-27 04:00:00+00:00,2023-08-31 15:00:00+00:00,2023-08-31 11:00:00-04:00,108,76.0,85.37428796132521,boost_5y_linear_aligned,True
2023-08-27 04:00:00+00:00,2023-08-31 16:00:00+00:00,2023-08-31 12:00:00-04:00,109,80.0,86.96124794398492,boost_5y_linear_aligned,True
2023-08-27 04:00:00+00:00,2023-08-31 17:00:00+00:00,2023-08-31 13:00:00-04:00,110,80.0,88.0842603974328,boost_5y_linear_aligned,True
2023-08-27 04:00:00+00:00,2023-08-31 18:00:00+00:00,2023-08-31 14:00:00-04:00,111,81.0,88.76045009008944,boost_5y_linear_aligned,True
2023-08-27 04:00:00+00:00,2023-08-31 19:00:00+00:00,2023-08-31 15:00:00-04:00,112,82.0,88.76593509803396,boost_5y_linear_aligned,True
2023-08-27 04:00:00+00:00,2023-08-31 20:00:00+00:00,2023-08-31 16:00:00-04:00,113,81.0,88.06505324399144,boost_5y_linear_aligned,True
2023-08-27 04:00:00+00:00,2023-08-31 21:00:00+00:00,2023-08-31 17:00:00-04:00,114,81.0,86.58489184956618,boost_5y_linear_aligned,True
2023-08-27 04:00:00+00:00,2023-08-31 22:00:00+00:00,2023-08-31 18:00:00-04:00,115,79.0,84.50201437830341,boost_5y_linear_aligned,True
2023-08-27 04:00:00+00:00,2023-08-31 23:00:00+00:00,2023-08-31 19:00:00-04:00,116,72.0,80.95353047148832,boost_5y_linear_aligned,True
2023-08-27 04:00:00+00:00,2023-09-01 00:00:00+00:00,2023-08-31 20:00:00-04:00,117,71.0,78.32561802524678,boost_5y_linear_aligned,True
2023-08-27 04:00:00+00:00,2023-09-01 01:00:00+00:00,2023-08-31 21:00:00-04:00,118,69.0,77.28818879588047,boost_5y_linear_aligned,True
2023-08-27 04:00:00+00:00,2023-09-01 02:00:00+00:00,2023-08-31 22:00:00-04:00,119,65.0,76.0160938782599,boost_5y_linear_aligned,True
2023-08-27 04:00:00+00:00,2023-09-01 03:00:00+00:00,2023-08-31 23:00:00-04:00,120,64.0,75.28133509362847,boost_5y_linear_aligned,True
2023-08-27 04:00:00+00:00,2023-09-01 04:00:00+00:00,2023-09-01 00:00:00-04:00,121,62.0,73.98632628236183,boost_5y_linear_aligned,True
2023-08-27 04:00:00+00:00,2023-09-01 05:00:00+00:00,2023-09-01 01:00:00-04:00,122,61.0,73.09793138413401,boost_5y_linear_aligned,True
2023-08-27 04:00:00+00:00,2023-09-01 06:00:00+00:00,2023-09-01 02:00:00-04:00,123,62.0,72.00241712670478,boost_5y_linear_aligned,True
2023-08-27 04:00:00+00:00,2023-09-01 07:00:00+00:00,2023-09-01 03:00:00-04:00,124,61.0,71.4783030387128,boost_5y_linear_aligned,True
2023-08-27 04:00:00+00:00,2023-09-01 08:00:00+00:00,2023-09-01 04:00:00-04:00,125,59.0,70.96907664981381,boost_5y_linear_aligned,True
2023-08-27 04:00:00+00:00,2023-09-01 09:00:00+00:00,2023-09-01 05:00:00-04:00,126,58.0,70.44079029206036,boost_5y_linear_aligned,True
2023-08-27 04:00:00+00:00,2023-09-01 10:00:00+00:00,2023-09-01 06:00:00-04:00,127,61.0,70.19939659494761,boost_5y_linear_aligned,True
2023-08-27 04:00:00+00:00,2023-09-01 11:00:00+00:00,2023-09-01 07:00:00-04:00,128,62.0,72.38692575131422,boost_5y_linear_aligned,True
2023-08-27 04:00:00+00:00,2023-09-01 12:00:00+00:00,2023-09-01 08:00:00-04:00,129,66.0,76.4551480361604,boost_5y_linear_aligned,True
2023-08-27 04:00:00+00:00,2023-09-01 13:00:00+00:00,2023-09-01 09:00:00-04:00,130,72.0,79.65670948674241,boost_5y_linear_aligned,True
2023-08-27 04:00:00+00:00,2023-09-01 14:00:00+00:00,2023-09-01 10:00:00-04:00,131,75.0,82.35786189545196,boost_5y_linear_aligned,True
2023-08-27 04:00:00+00:00,2023-09-01 15:00:00+00:00,2023-09-01 11:00:00-04:00,132,78.0,84.50124690632587,boost_5y_linear_aligned,True
2023-08-27 04:00:00+00:00,2023-09-01 16:00:00+00:00,2023-09-01 12:00:00-04:00,133,79.0,86.05972167805483,boost_5y_linear_aligned,True
2023-08-27 04:00:00+00:00,2023-09-01 17:00:00+00:00,2023-09-01 13:00:00-04:00,134,81.0,87.30643105766542,boost_5y_linear_aligned,True
2023-08-27 04:00:00+00:00,2023-09-01 18:00:00+00:00,2023-09-01 14:00:00-04:00,135,82.0,88.20980044375868,boost_5y_linear_aligned,True
2023-08-27 04:00:00+00:00,2023-09-01 19:00:00+00:00,2023-09-01 15:00:00-04:00,136,82.0,88.25482273577454,boost_5y_linear_aligned,True
2023-08-27 04:00:00+00:00,2023-09-01 20:00:00+00:00,2023-09-01 16:00:00-04:00,137,82.0,87.53081728836816,boost_5y_linear_aligned,True
2023-08-27 04:00:00+00:00,2023-09-01 21:00:00+00:00,2023-09-01 17:00:00-04:00,138,82.0,86.31950060782661,boost_5y_linear_aligned,True
2023-08-27 04:00:00+00:00,2023-09-01 22:00:00+00:00,2023-09-01 18:00:00-04:00,139,79.0,84.20349258207993,boost_5y_linear_aligned,True
2023-08-27 04:00:00+00:00,2023-09-01 23:00:00+00:00,2023-09-01 19:00:00-04:00,140,76.0,80.5247632411171,boost_5y_linear_aligned,True
2023-08-27 04:00:00+00:00,2023-09-02 00:00:00+00:00,2023-09-01 20:00:00-04:00,141,73.0,77.77746916873977,boost_5y_linear_aligned,True
2023-08-27 04:00:00+00:00,2023-09-02 01:00:00+00:00,2023-09-01 21:00:00-04:00,142,67.0,76.64785740605927,boost_5y_linear_aligned,True
2023-08-27 04:00:00+00:00,2023-09-02 02:00:00+00:00,2023-09-01 22:00:00-04:00,143,67.0,75.52421673646582,boost_5y_linear_aligned,True
2023-08-27 04:00:00+00:00,2023-09-02 03:00:00+00:00,2023-09-01 23:00:00-04:00,144,65.0,74.56782496227571,boost_5y_linear_aligned,True
2023-08-27 04:00:00+00:00,2023-09-02 04:00:00+00:00,2023-09-02 00:00:00-04:00,145,67.0,73.48345630490009,boost_5y_linear_aligned,True
2023-08-27 04:00:00+00:00,2023-09-02 05:00:00+00:00,2023-09-02 01:00:00-04:00,146,65.0,72.59992170954303,boost_5y_linear_aligned,True
2023-08-27 04:00:00+00:00,2023-09-02 06:00:00+00:00,2023-09-02 02:00:00-04:00,147,62.0,71.47108922991217,boost_5y_linear_aligned,True
2023-08-27 04:00:00+00:00,2023-09-02 07:00:00+00:00,2023-09-02 03:00:00-04:00,148,60.0,70.97672335013735,boost_5y_linear_aligned,True
2023-08-27 04:00:00+00:00,2023-09-02 08:00:00+00:00,2023-09-02 04:00:00-04:00,149,59.0,70.48236603916327,boost_5y_linear_aligned,True
2023-08-27 04:00:00+00:00,2023-09-02 09:00:00+00:00,2023-09-02 05:00:00-04:00,150,59.0,70.02585666914256,boost_5y_linear_aligned,True
2023-08-27 04:00:00+00:00,2023-09-02 10:00:00+00:00,2023-09-02 06:00:00-04:00,151,58.0,69.8131174019689,boost_5y_linear_aligned,True
2023-08-27 04:00:00+00:00,2023-09-02 11:00:00+00:00,2023-09-02 07:00:00-04:00,152,63.0,72.00984421720754,boost_5y_linear_aligned,True
2023-08-27 04:00:00+00:00,2023-09-02 12:00:00+00:00,2023-09-02 08:00:00-04:00,153,68.0,75.77548882350392,boost_5y_linear_aligned,True
2023-08-27 04:00:00+00:00,2023-09-02 13:00:00+00:00,2023-09-02 09:00:00-04:00,154,72.0,78.89803288196538,boost_5y_linear_aligned,True
2023-08-27 04:00:00+00:00,2023-09-02 14:00:00+00:00,2023-09-02 10:00:00-04:00,155,76.0,81.5016944167709,boost_5y_linear_aligned,True
2023-08-27 04:00:00+00:00,2023-09-02 15:00:00+00:00,2023-09-02 11:00:00-04:00,156,79.0,83.66575160685566,boost_5y_linear_aligned,True
2023-08-27 04:00:00+00:00,2023-09-02 16:00:00+00:00,2023-09-02 12:00:00-04:00,157,81.0,85.14903757824922,boost_5y_linear_aligned,True
2023-08-27 04:00:00+00:00,2023-09-02 17:00:00+00:00,2023-09-02 13:00:00-04:00,158,83.0,86.30438151034625,boost_5y_linear_aligned,True
2023-08-27 04:00:00+00:00,2023-09-02 18:00:00+00:00,2023-09-02 14:00:00-04:00,159,84.0,86.97582252630163,boost_5y_linear_aligned,True
2023-08-27 04:00:00+00:00,2023-09-02 19:00:00+00:00,2023-09-02 15:00:00-04:00,160,85.0,87.31911995510218,boost_5y_linear_aligned,True
2023-08-27 04:00:00+00:00,2023-09-02 20:00:00+00:00,2023-09-02 16:00:00-04:00,161,85.0,86.82551284233509,boost_5y_linear_aligned,True
2023-08-27 04:00:00+00:00,2023-09-02 21:00:00+00:00,2023-09-02 17:00:00-04:00,162,85.0,85.50243204739935,boost_5y_linear_aligned,True
2023-08-27 04:00:00+00:00,2023-09-02 22:00:00+00:00,2023-09-02 18:00:00-04:00,163,83.0,83.39490615371997,boost_5y_linear_aligned,True
2023-08-27 04:00:00+00:00,2023-09-02 23:00:00+00:00,2023-09-02 19:00:00-04:00,164,74.0,79.62381431694284,boost_5y_linear_aligned,True
2023-08-27 04:00:00+00:00,2023-09-03 00:00:00+00:00,2023-09-02 20:00:00-04:00,165,74.0,76.9862693848339,boost_5y_linear_aligned,True
2023-08-27 04:00:00+00:00,2023-09-03 01:00:00+00:00,2023-09-02 21:00:00-04:00,166,71.0,75.9789732997273,boost_5y_linear_aligned,True
2023-08-27 04:00:00+00:00,2023-09-03 02:00:00+00:00,2023-09-02 22:00:00-04:00,167,70.0,74.83115333431518,boost_5y_linear_aligned,True
2023-08-27 04:00:00+00:00,2023-09-03 03:00:00+00:00,2023-09-02 23:00:00-04:00,168,69.0,73.95024112955966,boost_5y_linear_aligned,True
2023-08-27 04:00:00+00:00,2023-09-03 04:00:00+00:00,2023-09-03 00:00:00-04:00,169,65.0,73.03858256502009,boost_5y_linear_aligned,True
2023-08-27 04:00:00+00:00,2023-09-03 05:00:00+00:00,2023-09-03 01:00:00-04:00,170,63.0,72.16448054454726,boost_5y_linear_aligned,True
2023-08-27 04:00:00+00:00,2023-09-03 06:00:00+00:00,2023-09-03 02:00:00-04:00,171,63.0,71.12095731120844,boost_5y_linear_aligned,True
2023-08-27 04:00:00+00:00,2023-09-03 07:00:00+00:00,2023-09-03 03:00:00-04:00,172,62.0,70.64094936676287,boost_5y_linear_aligned,True
2023-08-27 04:00:00+00:00,2023-09-03 08:00:00+00:00,2023-09-03 04:00:00-04:00,173,62.0,70.16094148824591,boost_5y_linear_aligned,True
2023-08-27 04:00:00+00:00,2023-09-03 09:00:00+00:00,2023-09-03 05:00:00-04:00,174,62.0,69.70260731929443,boost_5y_linear_aligned,True
2023-08-27 04:00:00+00:00,2023-09-03 10:00:00+00:00,2023-09-03 06:00:00-04:00,175,62.0,69.3970808342785,boost_5y_linear_aligned,True
2023-08-27 04:00:00+00:00,2023-09-03 11:00:00+00:00,2023-09-03 07:00:00-04:00,176,65.0,71.50032842283194,boost_5y_linear_aligned,True
2023-08-27 04:00:00+00:00,2023-09-03 12:00:00+00:00,2023-09-03 08:00:00-04:00,177,72.0,75.13806841752053,boost_5y_linear_aligned,True
2023-08-27 04:00:00+00:00,2023-09-03 13:00:00+00:00,2023-09-03 09:00:00-04:00,178,78.0,78.14134187923865,boost_5y_linear_aligned,True
2023-08-27 04:00:00+00:00,2023-09-03 14:00:00+00:00,2023-09-03 10:00:00-04:00,179,83.0,80.69865679565444,boost_5y_linear_aligned,True
2023-08-27 04:00:00+00:00,2023-09-03 15:00:00+00:00,2023-09-03 11:00:00-04:00,180,87.0,83.00490176957418,boost_5y_linear_aligned,True
2023-08-27 04:00:00+00:00,2023-09-03 16:00:00+00:00,2023-09-03 12:00:00-04:00,181,89.0,84.54596544889108,boost_5y_linear_aligned,True
2023-08-27 04:00:00+00:00,2023-09-03 17:00:00+00:00,2023-09-03 13:00:00-04:00,182,94.0,85.61440832566257,boost_5y_linear_aligned,True
2023-08-27 04:00:00+00:00,2023-09-03 18:00:00+00:00,2023-09-03 14:00:00-04:00,183,94.0,86.49926762723811,boost_5y_linear_aligned,True
2023-08-27 04:00:00+00:00,2023-09-03 19:00:00+00:00,2023-09-03 15:00:00-04:00,184,95.0,86.86437121000274,boost_5y_linear_aligned,True
2023-08-27 04:00:00+00:00,2023-09-03 20:00:00+00:00,2023-09-03 16:00:00-04:00,185,93.0,86.32179223590636,boost_5y_linear_aligned,True
2023-08-27 04:00:00+00:00,2023-09-03 21:00:00+00:00,2023-09-03 17:00:00-04:00,186,93.0,85.06825074700878,boost_5y_linear_aligned,True
2023-08-27 04:00:00+00:00,2023-09-03 22:00:00+00:00,2023-09-03 18:00:00-04:00,187,89.0,83.00462930448106,boost_5y_linear_aligned,True
2023-08-27 04:00:00+00:00,2023-09-03 23:00:00+00:00,2023-09-03 19:00:00-04:00,188,82.0,79.19175803415776,boost_5y_linear_aligned,True
2023-08-27 04:00:00+00:00,2023-09-04 00:00:00+00:00,2023-09-03 20:00:00-04:00,189,80.0,76.6252932429359,boost_5y_linear_aligned,True
2023-08-27 04:00:00+00:00,2023-09-04 01:00:00+00:00,2023-09-03 21:00:00-04:00,190,79.0,75.56940966805475,boost_5y_linear_aligned,True
2023-08-27 04:00:00+00:00,2023-09-04 02:00:00+00:00,2023-09-03 22:00:00-04:00,191,77.0,74.47489175232504,boost_5y_linear_aligned,True
2023-08-27 04:00:00+00:00,2023-09-04 03:00:00+00:00,2023-09-03 23:00:00-04:00,192,76.0,73.65272202850336,boost_5y_linear_aligned,True
2023-08-27 04:00:00+00:00,2023-09-04 04:00:00+00:00,2023-09-04 00:00:00-04:00,193,71.0,72.89074691217166,boost_5y_linear_aligned,True
2023-08-27 04:00:00+00:00,2023-09-04 05:00:00+00:00,2023-09-04 01:00:00-04:00,194,73.0,72.0934804685382,boost_5y_linear_aligned,True
2023-08-27 04:00:00+00:00,2023-09-04 06:00:00+00:00,2023-09-04 02:00:00-04:00,195,73.0,71.12829272462575,boost_5y_linear_aligned,True
2023-08-27 04:00:00+00:00,2023-09-04 07:00:00+00:00,2023-09-04 03:00:00-04:00,196,71.0,70.71367342865122,boost_5y_linear_aligned,True
2023-08-27 04:00:00+00:00,2023-09-04 08:00:00+00:00,2023-09-04 04:00:00-04:00,197,71.0,70.19239813783767,boost_5y_linear_aligned,True
2023-08-27 04:00:00+00:00,2023-09-04 09:00:00+00:00,2023-09-04 05:00:00-04:00,198,70.0,69.86822161606452,boost_5y_linear_aligned,True
2023-08-27 04:00:00+00:00,2023-09-04 10:00:00+00:00,2023-09-04 06:00:00-04:00,199,68.0,69.61376888434636,boost_5y_linear_aligned,True
2023-08-27 04:00:00+00:00,2023-09-04 11:00:00+00:00,2023-09-04 07:00:00-04:00,200,71.0,71.60249677425571,boost_5y_linear_aligned,True
2023-08-27 04:00:00+00:00,2023-09-04 12:00:00+00:00,2023-09-04 08:00:00-04:00,201,80.0,75.19410076316453,boost_5y_linear_aligned,True
2023-08-27 04:00:00+00:00,2023-09-04 13:00:00+00:00,2023-09-04 09:00:00-04:00,202,84.0,78.09671255801067,boost_5y_linear_aligned,True
2023-08-27 04:00:00+00:00,2023-09-04 14:00:00+00:00,2023-09-04 10:00:00-04:00,203,88.0,80.72555041013825,boost_5y_linear_aligned,True
2023-08-27 04:00:00+00:00,2023-09-04 15:00:00+00:00,2023-09-04 11:00:00-04:00,204,89.0,83.11128427893918,boost_5y_linear_aligned,True
2023-08-27 04:00:00+00:00,2023-09-04 16:00:00+00:00,2023-09-04 12:00:00-04:00,205,93.0,84.61470763289212,boost_5y_linear_aligned,True
2023-08-27 04:00:00+00:00,2023-09-04 17:00:00+00:00,2023-09-04 13:00:00-04:00,206,95.0,85.80114033523994,boost_5y_linear_aligned,True
2023-08-27 04:00:00+00:00,2023-09-04 18:00:00+00:00,2023-09-04 14:00:00-04:00,207,97.0,86.71967975074287,boost_5y_linear_aligned,True
2023-08-27 04:00:00+00:00,2023-09-04 19:00:00+00:00,2023-09-04 15:00:00-04:00,208,98.0,86.94215693681284,boost_5y_linear_aligned,True
2023-08-27 04:00:00+00:00,2023-09-04 20:00:00+00:00,2023-09-04 16:00:00-04:00,209,98.0,86.44144526676963,boost_5y_linear_aligned,True
2023-08-27 04:00:00+00:00,2023-09-04 21:00:00+00:00,2023-09-04 17:00:00-04:00,210,94.0,85.27784579939747,boost_5y_linear_aligned,True
2023-08-27 04:00:00+00:00,2023-09-04 22:00:00+00:00,2023-09-04 18:00:00-04:00,211,91.0,83.03672389637508,boost_5y_linear_aligned,True
2023-08-27 04:00:00+00:00,2023-09-04 23:00:00+00:00,2023-09-04 19:00:00-04:00,212,86.0,79.14277083211415,boost_5y_linear_aligned,True
2023-08-27 04:00:00+00:00,2023-09-05 00:00:00+00:00,2023-09-04 20:00:00-04:00,213,83.0,76.59841823034483,boost_5y_linear_aligned,True
2023-08-27 04:00:00+00:00,2023-09-05 01:00:00+00:00,2023-09-04 21:00:00-04:00,214,80.0,75.38365091211308,boost_5y_linear_aligned,True
2023-08-27 04:00:00+00:00,2023-09-05 02:00:00+00:00,2023-09-04 22:00:00-04:00,215,79.0,74.32934676076094,boost_5y_linear_aligned,True
2023-08-27 04:00:00+00:00,2023-09-05 03:00:00+00:00,2023-09-04 23:00:00-04:00,216,78.0,73.57492315944046,boost_5y_linear_aligned,True
2023-08-27 04:00:00+00:00,2023-09-05 04:00:00+00:00,2023-09-05 00:00:00-04:00,217,77.0,72.78593953384842,boost_5y_linear_aligned,True
2023-08-27 04:00:00+00:00,2023-09-05 05:00:00+00:00,2023-09-05 01:00:00-04:00,218,75.0,71.98706777105102,boost_5y_linear_aligned,True
2023-08-27 04:00:00+00:00,2023-09-05 06:00:00+00:00,2023-09-05 02:00:00-04:00,219,74.0,71.04815734460017,boost_5y_linear_aligned,True
2023-08-27 04:00:00+00:00,2023-09-05 07:00:00+00:00,2023-09-05 03:00:00-04:00,220,72.0,70.62064843649745,boost_5y_linear_aligned,True
2023-08-27 04:00:00+00:00,2023-09-05 08:00:00+00:00,2023-09-05 04:00:00-04:00,221,73.0,70.08647985124327,boost_5y_linear_aligned,True
2023-08-27 04:00:00+00:00,2023-09-05 09:00:00+00:00,2023-09-05 05:00:00-04:00,222,72.0,69.7863691424568,boost_5y_linear_aligned,True
2023-08-27 04:00:00+00:00,2023-09-05 10:00:00+00:00,2023-09-05 06:00:00-04:00,223,72.0,69.54581836436574,boost_5y_linear_aligned,True
2023-08-27 04:00:00+00:00,2023-09-05 11:00:00+00:00,2023-09-05 07:00:00-04:00,224,76.0,71.4129867108476,boost_5y_linear_aligned,True
2023-08-27 04:00:00+00:00,2023-09-05 12:00:00+00:00,2023-09-05 08:00:00-04:00,225,80.0,74.95836844310735,boost_5y_linear_aligned,True
2023-08-27 04:00:00+00:00,2023-09-05 13:00:00+00:00,2023-09-05 09:00:00-04:00,226,85.0,77.99613441017085,boost_5y_linear_aligned,True
2023-08-27 04:00:00+00:00,2023-09-05 14:00:00+00:00,2023-09-05 10:00:00-04:00,227,87.0,80.64202066628529,boost_5y_linear_aligned,True
2023-08-27 04:00:00+00:00,2023-09-05 15:00:00+00:00,2023-09-05 11:00:00-04:00,228,89.0,83.06754716028404,boost_5y_linear_aligned,True
2023-08-27 04:00:00+00:00,2023-09-05 16:00:00+00:00,2023-09-05 12:00:00-04:00,229,93.0,84.39834434196572,boost_5y_linear_aligned,True
2023-08-27 04:00:00+00:00,2023-09-05 17:00:00+00:00,2023-09-05 13:00:00-04:00,230,94.0,85.45631209003835,boost_5y_linear_aligned,True
2023-08-27 04:00:00+00:00,2023-09-05 18:00:00+00:00,2023-09-05 14:00:00-04:00,231,97.0,86.29901061890145,boost_5y_linear_aligned,True
2023-08-27 04:00:00+00:00,2023-09-05 19:00:00+00:00,2023-09-05 15:00:00-04:00,232,96.0,86.58751289950729,boost_5y_linear_aligned,True
2023-08-27 04:00:00+00:00,2023-09-05 20:00:00+00:00,2023-09-05 16:00:00-04:00,233,96.0,86.03545156570058,boost_5y_linear_aligned,True
2023-08-27 04:00:00+00:00,2023-09-05 21:00:00+00:00,2023-09-05 17:00:00-04:00,234,95.0,84.76742048859938,boost_5y_linear_aligned,True
2023-08-27 04:00:00+00:00,2023-09-05 22:00:00+00:00,2023-09-05 18:00:00-04:00,235,94.0,82.39951931579076,boost_5y_linear_aligned,True
2023-08-27 04:00:00+00:00,2023-09-05 23:00:00+00:00,2023-09-05 19:00:00-04:00,236,89.0,78.51521160010762,boost_5y_linear_aligned,True
2023-08-27 04:00:00+00:00,2023-09-06 00:00:00+00:00,2023-09-05 20:00:00-04:00,237,82.0,76.12373473220474,boost_5y_linear_aligned,True
2023-08-27 04:00:00+00:00,2023-09-06 01:00:00+00:00,2023-09-05 21:00:00-04:00,238,82.0,74.92663561902575,boost_5y_linear_aligned,True
2023-08-27 04:00:00+00:00,2023-09-06 02:00:00+00:00,2023-09-05 22:00:00-04:00,239,80.0,73.91402176465233,boost_5y_linear_aligned,True
2023-08-27 04:00:00+00:00,2023-09-06 03:00:00+00:00,2023-09-05 23:00:00-04:00,240,79.0,73.14637492502563,boost_5y_linear_aligned,True
2023-08-27 04:00:00+00:00,2023-09-06 04:00:00+00:00,2023-09-06 00:00:00-04:00,241,77.0,72.32674156272506,boost_5y_linear_aligned,True
2023-08-27 04:00:00+00:00,2023-09-06 05:00:00+00:00,2023-09-06 01:00:00-04:00,242,77.0,71.50099142465899,boost_5y_linear_aligned,True
2023-08-27 04:00:00+00:00,2023-09-06 06:00:00+00:00,2023-09-06 02:00:00-04:00,243,75.0,70.606795845179,boost_5y_linear_aligned,True
2023-08-27 04:00:00+00:00,2023-09-06 07:00:00+00:00,2023-09-06 03:00:00-04:00,244,76.0,70.28259815377633,boost_5y_linear_aligned,True
2023-08-27 04:00:00+00:00,2023-09-06 08:00:00+00:00,2023-09-06 04:00:00-04:00,245,74.0,69.73410040632098,boost_5y_linear_aligned,True
2023-08-27 04:00:00+00:00,2023-09-06 09:00:00+00:00,2023-09-06 05:00:00-04:00,246,74.0,69.41383074407244,boost_5y_linear_aligned,True
2023-08-27 04:00:00+00:00,2023-09-06 10:00:00+00:00,2023-09-06 06:00:00-04:00,247,74.0,69.22643273267654,boost_5y_linear_aligned,True
2023-08-27 04:00:00+00:00,2023-09-06 11:00:00+00:00,2023-09-06 07:00:00-04:00,248,76.0,71.0231464218453,boost_5y_linear_aligned,True
2023-08-27 04:00:00+00:00,2023-09-06 12:00:00+00:00,2023-09-06 08:00:00-04:00,249,84.0,74.49944143552459,boost_5y_linear_aligned,True
2023-08-27 04:00:00+00:00,2023-09-06 13:00:00+00:00,2023-09-06 09:00:00-04:00,250,88.0,77.46447366159026,boost_5y_linear_aligned,True
2023-08-27 04:00:00+00:00,2023-09-06 14:00:00+00:00,2023-09-06 10:00:00-04:00,251,91.0,79.99026658009993,boost_5y_linear_aligned,True
2023-08-27 04:00:00+00:00,2023-09-06 15:00:00+00:00,2023-09-06 11:00:00-04:00,252,95.0,82.41051406328083,boost_5y_linear_aligned,True
2023-08-27 04:00:00+00:00,2023-09-06 16:00:00+00:00,2023-09-06 12:00:00-04:00,253,97.0,83.83635062976475,boost_5y_linear_aligned,True
2023-08-27 04:00:00+00:00,2023-09-06 17:00:00+00:00,2023-09-06 13:00:00-04:00,254,97.0,84.99693416197779,boost_5y_linear_aligned,True
2023-08-27 04:00:00+00:00,2023-09-06 18:00:00+00:00,2023-09-06 14:00:00-04:00,255,98.0,85.77740425046706,boost_5y_linear_aligned,True
2023-08-27 04:00:00+00:00,2023-09-06 19:00:00+00:00,2023-09-06 15:00:00-04:00,256,100.0,85.93948106754299,boost_5y_linear_aligned,True
2023-08-27 04:00:00+00:00,2023-09-06 20:00:00+00:00,2023-09-06 16:00:00-04:00,257,100.0,85.51547549268253,boost_5y_linear_aligned,True
2023-08-27 04:00:00+00:00,2023-09-06 21:00:00+00:00,2023-09-06 17:00:00-04:00,258,98.0,84.17398210543776,boost_5y_linear_aligned,True
2023-08-27 04:00:00+00:00,2023-09-06 22:00:00+00:00,2023-09-06 18:00:00-04:00,259,95.0,81.8024726406007,boost_5y_linear_aligned,True
2023-08-27 04:00:00+00:00,2023-09-06 23:00:00+00:00,2023-09-06 19:00:00-04:00,260,89.0,77.91462666811027,boost_5y_linear_aligned,True
2023-08-27 04:00:00+00:00,2023-09-07 00:00:00+00:00,2023-09-06 20:00:00-04:00,261,88.0,75.62297598777874,boost_5y_linear_aligned,True
2023-08-27 04:00:00+00:00,2023-09-07 01:00:00+00:00,2023-09-06 21:00:00-04:00,262,86.0,74.48441219456276,boost_5y_linear_aligned,True
2023-08-27 04:00:00+00:00,2023-09-07 02:00:00+00:00,2023-09-06 22:00:00-04:00,263,85.0,73.44820709008138,boost_5y_linear_aligned,True
2023-08-27 04:00:00+00:00,2023-09-07 03:00:00+00:00,2023-09-06 23:00:00-04:00,264,83.0,72.69961353295422,boost_5y_linear_aligned,True
2023-08-27 04:00:00+00:00,2023-09-07 04:00:00+00:00,2023-09-07 00:00:00-04:00,265,78.0,71.84503143273574,boost_5y_linear_aligned,True
2023-08-27 04:00:00+00:00,2023-09-07 05:00:00+00:00,2023-09-07 01:00:00-04:00,266,78.0,71.15301900869125,boost_5y_linear_aligned,True
2023-08-27 04:00:00+00:00,2023-09-07 06:00:00+00:00,2023-09-07 02:00:00-04:00,267,74.0,70.25892440482316,boost_5y_linear_aligned,True
2023-08-27 04:00:00+00:00,2023-09-07 07:00:00+00:00,2023-09-07 03:00:00-04:00,268,75.0,69.92237745072879,boost_5y_linear_aligned,True
2023-08-27 04:00:00+00:00,2023-09-07 08:00:00+00:00,2023-09-07 04:00:00-04:00,269,76.0,69.31156932455166,boost_5y_linear_aligned,True
2023-08-27 04:00:00+00:00,2023-09-07 09:00:00+00:00,2023-09-07 05:00:00-04:00,270,76.0,69.06191893277335,boost_5y_linear_aligned,True
2023-08-27 04:00:00+00:00,2023-09-07 10:00:00+00:00,2023-09-07 06:00:00-04:00,271,77.0,68.87805790194794,boost_5y_linear_aligned,True
2023-08-27 04:00:00+00:00,2023-09-07 11:00:00+00:00,2023-09-07 07:00:00-04:00,272,80.0,70.58025484056085,boost_5y_linear_aligned,True
2023-08-27 04:00:00+00:00,2023-09-07 12:00:00+00:00,2023-09-07 08:00:00-04:00,273,85.0,73.96158889951619,boost_5y_linear_aligned,True
2023-08-27 04:00:00+00:00,2023-09-07 13:00:00+00:00,2023-09-07 09:00:00-04:00,274,89.0,76.96691144892722,boost_5y_linear_aligned,True
2023-08-27 04:00:00+00:00,2023-09-07 14:00:00+00:00,2023-09-07 10:00:00-04:00,275,91.0,79.42535396581253,boost_5y_linear_aligned,True
2023-08-27 04:00:00+00:00,2023-09-07 15:00:00+00:00,2023-09-07 11:00:00-04:00,276,95.0,81.8689792497466,boost_5y_linear_aligned,True
2023-08-27 04:00:00+00:00,2023-09-07 16:00:00+00:00,2023-09-07 12:00:00-04:00,277,99.0,83.27765496626577,boost_5y_linear_aligned,True
2023-08-27 04:00:00+00:00,2023-09-07 17:00:00+00:00,2023-09-07 13:00:00-04:00,278,100.0,84.33156300672123,boost_5y_linear_aligned,True
2023-08-27 04:00:00+00:00,2023-09-07 18:00:00+00:00,2023-09-07 14:00:00-04:00,279,98.0,85.04970520886826,boost_5y_linear_aligned,True
2023-08-27 04:00:00+00:00,2023-09-07 19:00:00+00:00,2023-09-07 15:00:00-04:00,280,99.0,85.18005407907985,boost_5y_linear_aligned,True
2023-08-27 04:00:00+00:00,2023-09-07 20:00:00+00:00,2023-09-07 16:00:00-04:00,281,96.0,84.71942995482505,boost_5y_linear_aligned,True
2023-08-27 04:00:00+00:00,2023-09-07 21:00:00+00:00,2023-09-07 17:00:00-04:00,282,96.0,83.36625189144549,boost_5y_linear_aligned,True
2023-08-27 04:00:00+00:00,2023-09-07 22:00:00+00:00,2023-09-07 18:00:00-04:00,283,93.0,81.04797039973164,boost_5y_linear_aligned,True
2023-08-27 04:00:00+00:00,2023-09-07 23:00:00+00:00,2023-09-07 19:00:00-04:00,284,89.0,77.25807977730034,boost_5y_linear_aligned,True
2023-08-27 04:00:00+00:00,2023-09-08 00:00:00+00:00,2023-09-07 20:00:00-04:00,285,86.0,75.10950187945419,boost_5y_linear_aligned,True
2023-08-27 04:00:00+00:00,2023-09-08 01:00:00+00:00,2023-09-07 21:00:00-04:00,286,84.0,73.97327537766333,boost_5y_linear_aligned,True
2023-08-27 04:00:00+00:00,2023-09-08 02:00:00+00:00,2023-09-07 22:00:00-04:00,287,82.0,72.97167745345935,boost_5y_linear_aligned,True
2023-08-27 04:00:00+00:00,2023-09-08 03:00:00+00:00,2023-09-07 23:00:00-04:00,288,81.0,72.21913015745055,boost_5y_linear_aligned,True
2023-08-27 04:00:00+00:00,2023-09-08 04:00:00+00:00,2023-09-08 00:00:00-04:00,289,79.0,71.53720662725071,boost_5y_linear_aligned,True
2023-08-27 04:00:00+00:00,2023-09-08 05:00:00+00:00,2023-09-08 01:00:00-04:00,290,76.0,70.95228603223309,boost_5y_linear_aligned,True
2023-08-27 04:00:00+00:00,2023-09-08 06:00:00+00:00,2023-09-08 02:00:00-04:00,291,74.0,70.13898851055134,boost_5y_linear_aligned,True
2023-08-27 04:00:00+00:00,2023-09-08 07:00:00+00:00,2023-09-08 03:00:00-04:00,292,76.0,69.80139169879523,boost_5y_linear_aligned,True
2023-08-27 04:00:00+00:00,2023-09-08 08:00:00+00:00,2023-09-08 04:00:00-04:00,293,74.0,69.27048471336838,boost_5y_linear_aligned,True
2023-08-27 04:00:00+00:00,2023-09-08 09:00:00+00:00,2023-09-08 05:00:00-04:00,294,71.0,69.01432579982863,boost_5y_linear_aligned,True
2023-08-27 04:00:00+00:00,2023-09-08 10:00:00+00:00,2023-09-08 06:00:00-04:00,295,72.0,68.87523721277991,boost_5y_linear_aligned,True
2023-08-27 04:00:00+00:00,2023-09-08 11:00:00+00:00,2023-09-08 07:00:00-04:00,296,75.0,70.50450952306281,boost_5y_linear_aligned,True
2023-08-27 04:00:00+00:00,2023-09-08 12:00:00+00:00,2023-09-08 08:00:00-04:00,297,78.0,73.71481636176226,boost_5y_linear_aligned,True
2023-08-27 04:00:00+00:00,2023-09-08 13:00:00+00:00,2023-09-08 09:00:00-04:00,298,84.0,76.65965512375111,boost_5y_linear_aligned,True
2023-08-27 04:00:00+00:00,2023-09-08 14:00:00+00:00,2023-09-08 10:00:00-04:00,299,90.0,79.08407222730918,boost_5y_linear_aligned,True
2023-08-27 04:00:00+00:00,2023-09-08 15:00:00+00:00,2023-09-08 11:00:00-04:00,300,92.0,81.4824205485735,boost_5y_linear_aligned,True
2023-08-27 04:00:00+00:00,2023-09-08 16:00:00+00:00,2023-09-08 12:00:00-04:00,301,96.0,82.86408935571002,boost_5y_linear_aligned,True
2023-08-27 04:00:00+00:00,2023-09-08 17:00:00+00:00,2023-09-08 13:00:00-04:00,302,94.0,83.87543210761918,boost_5y_linear_aligned,True
2023-08-27 04:00:00+00:00,2023-09-08 18:00:00+00:00,2023-09-08 14:00:00-04:00,303,95.0,84.65258147378684,boost_5y_linear_aligned,True
2023-08-27 04:00:00+00:00,2023-09-08 19:00:00+00:00,2023-09-08 15:00:00-04:00,304,93.0,84.83282178934428,boost_5y_linear_aligned,True
2023-08-27 04:00:00+00:00,2023-09-08 20:00:00+00:00,2023-09-08 16:00:00-04:00,305,71.0,84.2485543247655,boost_5y_linear_aligned,True
2023-08-27 04:00:00+00:00,2023-09-08 21:00:00+00:00,2023-09-08 17:00:00-04:00,306,78.0,82.89669392654665,boost_5y_linear_aligned,True
2023-08-27 04:00:00+00:00,2023-09-08 22:00:00+00:00,2023-09-08 18:00:00-04:00,307,77.0,80.59121651504664,boost_5y_linear_aligned,True
2023-08-27 04:00:00+00:00,2023-09-08 23:00:00+00:00,2023-09-08 19:00:00-04:00,308,76.0,76.99269167045055,boost_5y_linear_aligned,True
2023-08-27 04:00:00+00:00,2023-09-09 00:00:00+00:00,2023-09-08 20:00:00-04:00,309,75.0,74.91088650110787,boost_5y_linear_aligned,True
2023-08-27 04:00:00+00:00,2023-09-09 01:00:00+00:00,2023-09-08 21:00:00-04:00,310,75.0,73.7392885395071,boost_5y_linear_aligned,True
2023-08-27 04:00:00+00:00,2023-09-09 02:00:00+00:00,2023-09-08 22:00:00-04:00,311,74.0,72.79664864442817,boost_5y_linear_aligned,True
2023-08-27 04:00:00+00:00,2023-09-09 03:00:00+00:00,2023-09-08 23:00:00-04:00,312,73.0,72.06372864387416,boost_5y_linear_aligned,True
2023-08-27 04:00:00+00:00,2023-09-09 04:00:00+00:00,2023-09-09 00:00:00-04:00,313,72.0,71.4640492201939,boost_5y_linear_aligned,True
2023-08-27 04:00:00+00:00,2023-09-09 05:00:00+00:00,2023-09-09 01:00:00-04:00,314,73.0,70.8310733475355,boost_5y_linear_aligned,True
2023-08-27 04:00:00+00:00,2023-09-09 06:00:00+00:00,2023-09-09 02:00:00-04:00,315,73.0,69.98520402766057,boost_5y_linear_aligned,True
2023-08-27 04:00:00+00:00,2023-09-09 07:00:00+00:00,2023-09-09 03:00:00-04:00,316,73.0,69.67858349840293,boost_5y_linear_aligned,True
2023-08-27 04:00:00+00:00,2023-09-09 08:00:00+00:00,2023-09-09 04:00:00-04:00,317,72.0,69.18717783051238,boost_5y_linear_aligned,True
2023-08-27 04:00:00+00:00,2023-09-09 09:00:00+00:00,2023-09-09 05:00:00-04:00,318,72.0,68.88236803019045,boost_5y_linear_aligned,True
2023-08-27 04:00:00+00:00,2023-09-09 10:00:00+00:00,2023-09-09 06:00:00-04:00,319,74.0,68.6928724330076,boost_5y_linear_aligned,True
2023-08-27 04:00:00+00:00,2023-09-09 11:00:00+00:00,2023-09-09 07:00:00-04:00,320,74.0,70.29726275730314,boost_5y_linear_aligned,True
2023-08-27 04:00:00+00:00,2023-09-09 12:00:00+00:00,2023-09-09 08:00:00-04:00,321,74.0,73.44424996263145,boost_5y_linear_aligned,True
2023-08-27 04:00:00+00:00,2023-09-09 13:00:00+00:00,2023-09-09 09:00:00-04:00,322,70.0,76.44205553235084,boost_5y_linear_aligned,True
2023-08-27 04:00:00+00:00,2023-09-09 14:00:00+00:00,2023-09-09 10:00:00-04:00,323,70.0,78.87256344990627,boost_5y_linear_aligned,True
2023-08-27 04:00:00+00:00,2023-09-09 15:00:00+00:00,2023-09-09 11:00:00-04:00,324,72.0,81.2874914439784,boost_5y_linear_aligned,True
2023-08-27 04:00:00+00:00,2023-09-09 16:00:00+00:00,2023-09-09 12:00:00-04:00,325,72.0,82.56885923246796,boost_5y_linear_aligned,True
2023-08-27 04:00:00+00:00,2023-09-09 17:00:00+00:00,2023-09-09 13:00:00-04:00,326,69.0,83.5362364460473,boost_5y_linear_aligned,True
2023-08-27 04:00:00+00:00,2023-09-09 18:00:00+00:00,2023-09-09 14:00:00-04:00,327,70.0,84.2888463311067,boost_5y_linear_aligned,True
2023-08-27 04:00:00+00:00,2023-09-09 19:00:00+00:00,2023-09-09 15:00:00-04:00,328,73.0,84.72449434951749,boost_5y_linear_aligned,True
2023-08-27 04:00:00+00:00,2023-09-09 20:00:00+00:00,2023-09-09 16:00:00-04:00,329,75.0,84.22437748312933,boost_5y_linear_aligned,True
2023-08-27 04:00:00+00:00,2023-09-09 21:00:00+00:00,2023-09-09 17:00:00-04:00,330,74.0,82.93787413308628,boost_5y_linear_aligned,True
2023-08-27 04:00:00+00:00,2023-09-09 22:00:00+00:00,2023-09-09 18:00:00-04:00,331,73.0,80.48746762335517,boost_5y_linear_aligned,True
2023-08-27 04:00:00+00:00,2023-09-09 23:00:00+00:00,2023-09-09 19:00:00-04:00,332,72.0,76.9313424887797,boost_5y_linear_aligned,True
2023-08-27 04:00:00+00:00,2023-09-10 00:00:00+00:00,2023-09-09 20:00:00-04:00,333,72.0,74.8846447373933,boost_5y_linear_aligned,True
2023-08-27 04:00:00+00:00,2023-09-10 01:00:00+00:00,2023-09-09 21:00:00-04:00,334,71.0,73.69478559138189,boost_5y_linear_aligned,True
2023-08-27 04:00:00+00:00,2023-09-10 02:00:00+00:00,2023-09-09 22:00:00-04:00,335,72.0,72.73532678667473,boost_5y_linear_aligned,True
2023-08-27 04:00:00+00:00,2023-09-10 03:00:00+00:00,2023-09-09 23:00:00-04:00,336,71.0,72.0963370608398,boost_5y_linear_aligned,True
2023-09-03 04:00:00+00:00,2023-09-03 04:00:00+00:00,2023-09-03 00:00:00-04:00,1,65.0,68.97657029176192,boost_5y_linear_aligned,True
2023-09-03 04:00:00+00:00,2023-09-03 05:00:00+00:00,2023-09-03 01:00:00-04:00,2,63.0,69.02023261362892,boost_5y_linear_aligned,True
2023-09-03 04:00:00+00:00,2023-09-03 06:00:00+00:00,2023-09-03 02:00:00-04:00,3,63.0,68.11492042421519,boost_5y_linear_aligned,True
2023-09-03 04:00:00+00:00,2023-09-03 07:00:00+00:00,2023-09-03 03:00:00-04:00,4,62.0,67.74078006115013,boost_5y_linear_aligned,True
2023-09-03 04:00:00+00:00,2023-09-03 08:00:00+00:00,2023-09-03 04:00:00-04:00,5,62.0,67.21684537915374,boost_5y_linear_aligned,True
2023-09-03 04:00:00+00:00,2023-09-03 09:00:00+00:00,2023-09-03 05:00:00-04:00,6,62.0,66.72102893768738,boost_5y_linear_aligned,True
2023-09-03 04:00:00+00:00,2023-09-03 10:00:00+00:00,2023-09-03 06:00:00-04:00,7,62.0,66.49136604383835,boost_5y_linear_aligned,True
2023-09-03 04:00:00+00:00,2023-09-03 11:00:00+00:00,2023-09-03 07:00:00-04:00,8,65.0,68.90266042915842,boost_5y_linear_aligned,True
2023-09-03 04:00:00+00:00,2023-09-03 12:00:00+00:00,2023-09-03 08:00:00-04:00,9,72.0,71.87750619710059,boost_5y_linear_aligned,True
2023-09-03 04:00:00+00:00,2023-09-03 13:00:00+00:00,2023-09-03 09:00:00-04:00,10,78.0,75.31425931027479,boost_5y_linear_aligned,True
2023-09-03 04:00:00+00:00,2023-09-03 14:00:00+00:00,2023-09-03 10:00:00-04:00,11,83.0,78.6332105918438,boost_5y_linear_aligned,True
2023-09-03 04:00:00+00:00,2023-09-03 15:00:00+00:00,2023-09-03 11:00:00-04:00,12,87.0,81.0044672919269,boost_5y_linear_aligned,True
2023-09-03 04:00:00+00:00,2023-09-03 16:00:00+00:00,2023-09-03 12:00:00-04:00,13,89.0,82.36054926716027,boost_5y_linear_aligned,True
2023-09-03 04:00:00+00:00,2023-09-03 17:00:00+00:00,2023-09-03 13:00:00-04:00,14,94.0,83.4027751039765,boost_5y_linear_aligned,True
2023-09-03 04:00:00+00:00,2023-09-03 18:00:00+00:00,2023-09-03 14:00:00-04:00,15,94.0,85.77941911740606,boost_5y_linear_aligned,True
2023-09-03 04:00:00+00:00,2023-09-03 19:00:00+00:00,2023-09-03 15:00:00-04:00,16,95.0,86.15558415564908,boost_5y_linear_aligned,True
2023-09-03 04:00:00+00:00,2023-09-03 20:00:00+00:00,2023-09-03 16:00:00-04:00,17,93.0,85.33590313844554,boost_5y_linear_aligned,True
2023-09-03 04:00:00+00:00,2023-09-03 21:00:00+00:00,2023-09-03 17:00:00-04:00,18,93.0,83.10630983207592,boost_5y_linear_aligned,True
2023-09-03 04:00:00+00:00,2023-09-03 22:00:00+00:00,2023-09-03 18:00:00-04:00,19,89.0,81.16822090743814,boost_5y_linear_aligned,True
2023-09-03 04:00:00+00:00,2023-09-03 23:00:00+00:00,2023-09-03 19:00:00-04:00,20,82.0,77.17562193666562,boost_5y_linear_aligned,True
2023-09-03 04:00:00+00:00,2023-09-04 00:00:00+00:00,2023-09-03 20:00:00-04:00,21,80.0,74.67639453969969,boost_5y_linear_aligned,True
2023-09-03 04:00:00+00:00,2023-09-04 01:00:00+00:00,2023-09-03 21:00:00-04:00,22,79.0,73.22735878196033,boost_5y_linear_aligned,True
2023-09-03 04:00:00+00:00,2023-09-04 02:00:00+00:00,2023-09-03 22:00:00-04:00,23,77.0,72.24539000590777,boost_5y_linear_aligned,True
2023-09-03 04:00:00+00:00,2023-09-04 03:00:00+00:00,2023-09-03 23:00:00-04:00,24,76.0,71.47031171632185,boost_5y_linear_aligned,True
2023-09-03 04:00:00+00:00,2023-09-04 04:00:00+00:00,2023-09-04 00:00:00-04:00,25,71.0,70.75928954319639,boost_5y_linear_aligned,True
2023-09-03 04:00:00+00:00,2023-09-04 05:00:00+00:00,2023-09-04 01:00:00-04:00,26,73.0,70.83573892449552,boost_5y_linear_aligned,True
2023-09-03 04:00:00+00:00,2023-09-04 06:00:00+00:00,2023-09-04 02:00:00-04:00,27,73.0,69.92943689960971,boost_5y_linear_aligned,True
2023-09-03 04:00:00+00:00,2023-09-04 07:00:00+00:00,2023-09-04 03:00:00-04:00,28,71.0,69.47208576715991,boost_5y_linear_aligned,True
2023-09-03 04:00:00+00:00,2023-09-04 08:00:00+00:00,2023-09-04 04:00:00-04:00,29,71.0,68.93212374428447,boost_5y_linear_aligned,True
2023-09-03 04:00:00+00:00,2023-09-04 09:00:00+00:00,2023-09-04 05:00:00-04:00,30,70.0,68.61664183033206,boost_5y_linear_aligned,True
2023-09-03 04:00:00+00:00,2023-09-04 10:00:00+00:00,2023-09-04 06:00:00-04:00,31,68.0,68.3964760238744,boost_5y_linear_aligned,True
2023-09-03 04:00:00+00:00,2023-09-04 11:00:00+00:00,2023-09-04 07:00:00-04:00,32,71.0,70.6598593038199,boost_5y_linear_aligned,True
2023-09-03 04:00:00+00:00,2023-09-04 12:00:00+00:00,2023-09-04 08:00:00-04:00,33,80.0,73.70269160118495,boost_5y_linear_aligned,True
2023-09-03 04:00:00+00:00,2023-09-04 13:00:00+00:00,2023-09-04 09:00:00-04:00,34,84.0,76.9593946930836,boost_5y_linear_aligned,True
2023-09-03 04:00:00+00:00,2023-09-04 14:00:00+00:00,2023-09-04 10:00:00-04:00,35,88.0,79.85700672838801,boost_5y_linear_aligned,True
2023-09-03 04:00:00+00:00,2023-09-04 15:00:00+00:00,2023-09-04 11:00:00-04:00,36,89.0,82.22130846365395,boost_5y_linear_aligned,True
2023-09-03 04:00:00+00:00,2023-09-04 16:00:00+00:00,2023-09-04 12:00:00-04:00,37,93.0,83.66711424052968,boost_5y_linear_aligned,True
2023-09-03 04:00:00+00:00,2023-09-04 17:00:00+00:00,2023-09-04 13:00:00-04:00,38,95.0,84.79361170690697,boost_5y_linear_aligned,True
2023-09-03 04:00:00+00:00,2023-09-04 18:00:00+00:00,2023-09-04 14:00:00-04:00,39,97.0,86.1866277480288,boost_5y_linear_aligned,True
2023-09-03 04:00:00+00:00,2023-09-04 19:00:00+00:00,2023-09-04 15:00:00-04:00,40,98.0,86.53888732299401,boost_5y_linear_aligned,True
2023-09-03 04:00:00+00:00,2023-09-04 20:00:00+00:00,2023-09-04 16:00:00-04:00,41,98.0,85.92594971079055,boost_5y_linear_aligned,True
2023-09-03 04:00:00+00:00,2023-09-04 21:00:00+00:00,2023-09-04 17:00:00-04:00,42,94.0,84.05363519254864,boost_5y_linear_aligned,True
2023-09-03 04:00:00+00:00,2023-09-04 22:00:00+00:00,2023-09-04 18:00:00-04:00,43,91.0,81.87892811546548,boost_5y_linear_aligned,True
2023-09-03 04:00:00+00:00,2023-09-04 23:00:00+00:00,2023-09-04 19:00:00-04:00,44,86.0,77.52312006213455,boost_5y_linear_aligned,True
2023-09-03 04:00:00+00:00,2023-09-05 00:00:00+00:00,2023-09-04 20:00:00-04:00,45,83.0,75.0040289040756,boost_5y_linear_aligned,True
2023-09-03 04:00:00+00:00,2023-09-05 01:00:00+00:00,2023-09-04 21:00:00-04:00,46,80.0,73.6032848903641,boost_5y_linear_aligned,True
2023-09-03 04:00:00+00:00,2023-09-05 02:00:00+00:00,2023-09-04 22:00:00-04:00,47,79.0,72.53670528870755,boost_5y_linear_aligned,True
2023-09-03 04:00:00+00:00,2023-09-05 03:00:00+00:00,2023-09-04 23:00:00-04:00,48,78.0,72.51584815986453,boost_5y_linear_aligned,True
2023-09-03 04:00:00+00:00,2023-09-05 04:00:00+00:00,2023-09-05 00:00:00-04:00,49,77.0,72.2374818630789,boost_5y_linear_aligned,True
2023-09-03 04:00:00+00:00,2023-09-05 05:00:00+00:00,2023-09-05 01:00:00-04:00,50,75.0,70.862146537635,boost_5y_linear_aligned,True
2023-09-03 04:00:00+00:00,2023-09-05 06:00:00+00:00,2023-09-05 02:00:00-04:00,51,74.0,70.00973232388674,boost_5y_linear_aligned,True
2023-09-03 04:00:00+00:00,2023-09-05 07:00:00+00:00,2023-09-05 03:00:00-04:00,52,72.0,69.57198313677671,boost_5y_linear_aligned,True
2023-09-03 04:00:00+00:00,2023-09-05 08:00:00+00:00,2023-09-05 04:00:00-04:00,53,73.0,69.00386153160912,boost_5y_linear_aligned,True
2023-09-03 04:00:00+00:00,2023-09-05 09:00:00+00:00,2023-09-05 05:00:00-04:00,54,72.0,68.60954494078258,boost_5y_linear_aligned,True
2023-09-03 04:00:00+00:00,2023-09-05 10:00:00+00:00,2023-09-05 06:00:00-04:00,55,72.0,68.20548283666587,boost_5y_linear_aligned,True
2023-09-03 04:00:00+00:00,2023-09-05 11:00:00+00:00,2023-09-05 07:00:00-04:00,56,76.0,70.37973807428988,boost_5y_linear_aligned,True
2023-09-03 04:00:00+00:00,2023-09-05 12:00:00+00:00,2023-09-05 08:00:00-04:00,57,80.0,73.56356972088898,boost_5y_linear_aligned,True
2023-09-03 04:00:00+00:00,2023-09-05 13:00:00+00:00,2023-09-05 09:00:00-04:00,58,85.0,76.79280268665075,boost_5y_linear_aligned,True
2023-09-03 04:00:00+00:00,2023-09-05 14:00:00+00:00,2023-09-05 10:00:00-04:00,59,87.0,79.66126122390195,boost_5y_linear_aligned,True
2023-09-03 04:00:00+00:00,2023-09-05 15:00:00+00:00,2023-09-05 11:00:00-04:00,60,89.0,81.95939771546303,boost_5y_linear_aligned,True
2023-09-03 04:00:00+00:00,2023-09-05 16:00:00+00:00,2023-09-05 12:00:00-04:00,61,93.0,83.41350864347513,boost_5y_linear_aligned,True
2023-09-03 04:00:00+00:00,2023-09-05 17:00:00+00:00,2023-09-05 13:00:00-04:00,62,94.0,84.50706328083739,boost_5y_linear_aligned,True
2023-09-03 04:00:00+00:00,2023-09-05 18:00:00+00:00,2023-09-05 14:00:00-04:00,63,97.0,85.93556487395355,boost_5y_linear_aligned,True
2023-09-03 04:00:00+00:00,2023-09-05 19:00:00+00:00,2023-09-05 15:00:00-04:00,64,96.0,86.45147196449058,boost_5y_linear_aligned,True
2023-09-03 04:00:00+00:00,2023-09-05 20:00:00+00:00,2023-09-05 16:00:00-04:00,65,96.0,85.83967431505425,boost_5y_linear_aligned,True
2023-09-03 04:00:00+00:00,2023-09-05 21:00:00+00:00,2023-09-05 17:00:00-04:00,66,95.0,83.94974231014601,boost_5y_linear_aligned,True
2023-09-03 04:00:00+00:00,2023-09-05 22:00:00+00:00,2023-09-05 18:00:00-04:00,67,94.0,81.66657348614615,boost_5y_linear_aligned,True
2023-09-03 04:00:00+00:00,2023-09-05 23:00:00+00:00,2023-09-05 19:00:00-04:00,68,89.0,76.87267133084744,boost_5y_linear_aligned,True
2023-09-03 04:00:00+00:00,2023-09-06 00:00:00+00:00,2023-09-05 20:00:00-04:00,69,82.0,74.45823692012439,boost_5y_linear_aligned,True
2023-09-03 04:00:00+00:00,2023-09-06 01:00:00+00:00,2023-09-05 21:00:00-04:00,70,82.0,73.03151365205035,boost_5y_linear_aligned,True
2023-09-03 04:00:00+00:00,2023-09-06 02:00:00+00:00,2023-09-05 22:00:00-04:00,71,80.0,71.9364269400466,boost_5y_linear_aligned,True
2023-09-03 04:00:00+00:00,2023-09-06 03:00:00+00:00,2023-09-05 23:00:00-04:00,72,79.0,70.93052685305175,boost_5y_linear_aligned,True
2023-09-03 04:00:00+00:00,2023-09-06 04:00:00+00:00,2023-09-06 00:00:00-04:00,73,77.0,70.58142502822534,boost_5y_linear_aligned,True
2023-09-03 04:00:00+00:00,2023-09-06 05:00:00+00:00,2023-09-06 01:00:00-04:00,74,77.0,69.87315181832678,boost_5y_linear_aligned,True
2023-09-03 04:00:00+00:00,2023-09-06 06:00:00+00:00,2023-09-06 02:00:00-04:00,75,75.0,68.99787894932491,boost_5y_linear_aligned,True
2023-09-03 04:00:00+00:00,2023-09-06 07:00:00+00:00,2023-09-06 03:00:00-04:00,76,76.0,68.663580001584,boost_5y_linear_aligned,True
2023-09-03 04:00:00+00:00,2023-09-06 08:00:00+00:00,2023-09-06 04:00:00-04:00,77,74.0,67.85118496893227,boost_5y_linear_aligned,True
2023-09-03 04:00:00+00:00,2023-09-06 09:00:00+00:00,2023-09-06 05:00:00-04:00,78,74.0,67.71074430770798,boost_5y_linear_aligned,True
2023-09-03 04:00:00+00:00,2023-09-06 10:00:00+00:00,2023-09-06 06:00:00-04:00,79,74.0,67.55032311870828,boost_5y_linear_aligned,True
2023-09-03 04:00:00+00:00,2023-09-06 11:00:00+00:00,2023-09-06 07:00:00-04:00,80,76.0,69.3580074720426,boost_5y_linear_aligned,True
2023-09-03 04:00:00+00:00,2023-09-06 12:00:00+00:00,2023-09-06 08:00:00-04:00,81,84.0,72.30079539969677,boost_5y_linear_aligned,True
2023-09-03 04:00:00+00:00,2023-09-06 13:00:00+00:00,2023-09-06 09:00:00-04:00,82,88.0,75.45588473166912,boost_5y_linear_aligned,True
2023-09-03 04:00:00+00:00,2023-09-06 14:00:00+00:00,2023-09-06 10:00:00-04:00,83,91.0,78.08664366642425,boost_5y_linear_aligned,True
2023-09-03 04:00:00+00:00,2023-09-06 15:00:00+00:00,2023-09-06 11:00:00-04:00,84,95.0,80.56318002119323,boost_5y_linear_aligned,True
2023-09-03 04:00:00+00:00,2023-09-06 16:00:00+00:00,2023-09-06 12:00:00-04:00,85,97.0,81.88126736092117,boost_5y_linear_aligned,True
2023-09-03 04:00:00+00:00,2023-09-06 17:00:00+00:00,2023-09-06 13:00:00-04:00,86,97.0,82.96676872736634,boost_5y_linear_aligned,True
2023-09-03 04:00:00+00:00,2023-09-06 18:00:00+00:00,2023-09-06 14:00:00-04:00,87,98.0,84.08040925777924,boost_5y_linear_aligned,True
2023-09-03 04:00:00+00:00,2023-09-06 19:00:00+00:00,2023-09-06 15:00:00-04:00,88,100.0,84.42721465248763,boost_5y_linear_aligned,True
2023-09-03 04:00:00+00:00,2023-09-06 20:00:00+00:00,2023-09-06 16:00:00-04:00,89,100.0,83.78879491773786,boost_5y_linear_aligned,True
2023-09-03 04:00:00+00:00,2023-09-06 21:00:00+00:00,2023-09-06 17:00:00-04:00,90,98.0,82.16715350197828,boost_5y_linear_aligned,True
2023-09-03 04:00:00+00:00,2023-09-06 22:00:00+00:00,2023-09-06 18:00:00-04:00,91,95.0,79.89635140313878,boost_5y_linear_aligned,True
2023-09-03 04:00:00+00:00,2023-09-06 23:00:00+00:00,2023-09-06 19:00:00-04:00,92,89.0,75.52986583675252,boost_5y_linear_aligned,True
2023-09-03 04:00:00+00:00,2023-09-07 00:00:00+00:00,2023-09-06 20:00:00-04:00,93,88.0,73.23517592059775,boost_5y_linear_aligned,True
2023-09-03 04:00:00+00:00,2023-09-07 01:00:00+00:00,2023-09-06 21:00:00-04:00,94,86.0,71.85204284379358,boost_5y_linear_aligned,True
2023-09-03 04:00:00+00:00,2023-09-07 02:00:00+00:00,2023-09-06 22:00:00-04:00,95,85.0,70.76815544212111,boost_5y_linear_aligned,True
2023-09-03 04:00:00+00:00,2023-09-07 03:00:00+00:00,2023-09-06 23:00:00-04:00,96,83.0,69.91736805812727,boost_5y_linear_aligned,True
2023-09-03 04:00:00+00:00,2023-09-07 04:00:00+00:00,2023-09-07 00:00:00-04:00,97,78.0,69.21668537001081,boost_5y_linear_aligned,True
2023-09-03 04:00:00+00:00,2023-09-07 05:00:00+00:00,2023-09-07 01:00:00-04:00,98,78.0,68.5394557471069,boost_5y_linear_aligned,True
2023-09-03 04:00:00+00:00,2023-09-07 06:00:00+00:00,2023-09-07 02:00:00-04:00,99,74.0,67.69697671812503,boost_5y_linear_aligned,True
2023-09-03 04:00:00+00:00,2023-09-07 07:00:00+00:00,2023-09-07 03:00:00-04:00,100,75.0,67.34733484639538,boost_5y_linear_aligned,True
2023-09-03 04:00:00+00:00,2023-09-07 08:00:00+00:00,2023-09-07 04:00:00-04:00,101,76.0,66.69427402281204,boost_5y_linear_aligned,True
2023-09-03 04:00:00+00:00,2023-09-07 09:00:00+00:00,2023-09-07 05:00:00-04:00,102,76.0,66.43403416782778,boost_5y_linear_aligned,True
2023-09-03 04:00:00+00:00,2023-09-07 10:00:00+00:00,2023-09-07 06:00:00-04:00,103,77.0,66.29521771793613,boost_5y_linear_aligned,True
2023-09-03 04:00:00+00:00,2023-09-07 11:00:00+00:00,2023-09-07 07:00:00-04:00,104,80.0,68.2275826236904,boost_5y_linear_aligned,True
2023-09-03 04:00:00+00:00,2023-09-07 12:00:00+00:00,2023-09-07 08:00:00-04:00,105,85.0,71.24675125949784,boost_5y_linear_aligned,True
2023-09-03 04:00:00+00:00,2023-09-07 13:00:00+00:00,2023-09-07 09:00:00-04:00,106,89.0,74.49552379973177,boost_5y_linear_aligned,True
2023-09-03 04:00:00+00:00,2023-09-07 14:00:00+00:00,2023-09-07 10:00:00-04:00,107,91.0,77.30245187064466,boost_5y_linear_aligned,True
2023-09-03 04:00:00+00:00,2023-09-07 15:00:00+00:00,2023-09-07 11:00:00-04:00,108,95.0,79.8549071555508,boost_5y_linear_aligned,True
2023-09-03 04:00:00+00:00,2023-09-07 16:00:00+00:00,2023-09-07 12:00:00-04:00,109,99.0,81.32920106247572,boost_5y_linear_aligned,True
2023-09-03 04:00:00+00:00,2023-09-07 17:00:00+00:00,2023-09-07 13:00:00-04:00,110,100.0,82.27926688937826,boost_5y_linear_aligned,True
2023-09-03 04:00:00+00:00,2023-09-07 18:00:00+00:00,2023-09-07 14:00:00-04:00,111,98.0,83.01242859981386,boost_5y_linear_aligned,True
2023-09-03 04:00:00+00:00,2023-09-07 19:00:00+00:00,2023-09-07 15:00:00-04:00,112,99.0,83.63938961944633,boost_5y_linear_aligned,True
2023-09-03 04:00:00+00:00,2023-09-07 20:00:00+00:00,2023-09-07 16:00:00-04:00,113,96.0,82.92798073684703,boost_5y_linear_aligned,True
2023-09-03 04:00:00+00:00,2023-09-07 21:00:00+00:00,2023-09-07 17:00:00-04:00,114,96.0,81.67393954265009,boost_5y_linear_aligned,True
2023-09-03 04:00:00+00:00,2023-09-07 22:00:00+00:00,2023-09-07 18:00:00-04:00,115,93.0,79.4105347454724,boost_5y_linear_aligned,True
2023-09-03 04:00:00+00:00,2023-09-07 23:00:00+00:00,2023-09-07 19:00:00-04:00,116,89.0,75.25783334222544,boost_5y_linear_aligned,True
2023-09-03 04:00:00+00:00,2023-09-08 00:00:00+00:00,2023-09-07 20:00:00-04:00,117,86.0,73.01953518658154,boost_5y_linear_aligned,True
2023-09-03 04:00:00+00:00,2023-09-08 01:00:00+00:00,2023-09-07 21:00:00-04:00,118,84.0,71.7646251251264,boost_5y_linear_aligned,True
2023-09-03 04:00:00+00:00,2023-09-08 02:00:00+00:00,2023-09-07 22:00:00-04:00,119,82.0,70.73783926929369,boost_5y_linear_aligned,True
2023-09-03 04:00:00+00:00,2023-09-08 03:00:00+00:00,2023-09-07 23:00:00-04:00,120,81.0,70.30848266190763,boost_5y_linear_aligned,True
2023-09-03 04:00:00+00:00,2023-09-08 04:00:00+00:00,2023-09-08 00:00:00-04:00,121,79.0,69.70185967839417,boost_5y_linear_aligned,True
2023-09-03 04:00:00+00:00,2023-09-08 05:00:00+00:00,2023-09-08 01:00:00-04:00,122,76.0,69.10091817144004,boost_5y_linear_aligned,True
2023-09-03 04:00:00+00:00,2023-09-08 06:00:00+00:00,2023-09-08 02:00:00-04:00,123,74.0,68.29196943323677,boost_5y_linear_aligned,True
2023-09-03 04:00:00+00:00,2023-09-08 07:00:00+00:00,2023-09-08 03:00:00-04:00,124,76.0,67.96589472906808,boost_5y_linear_aligned,True
2023-09-03 04:00:00+00:00,2023-09-08 08:00:00+00:00,2023-09-08 04:00:00-04:00,125,74.0,67.3943381158829,boost_5y_linear_aligned,True
2023-09-03 04:00:00+00:00,2023-09-08 09:00:00+00:00,2023-09-08 05:00:00-04:00,126,71.0,67.14637149556536,boost_5y_linear_aligned,True
2023-09-03 04:00:00+00:00,2023-09-08 10:00:00+00:00,2023-09-08 06:00:00-04:00,127,72.0,67.04142226778546,boost_5y_linear_aligned,True
2023-09-03 04:00:00+00:00,2023-09-08 11:00:00+00:00,2023-09-08 07:00:00-04:00,128,75.0,68.87517357265827,boost_5y_linear_aligned,True
2023-09-03 04:00:00+00:00,2023-09-08 12:00:00+00:00,2023-09-08 08:00:00-04:00,129,78.0,71.8356936099707,boost_5y_linear_aligned,True
2023-09-03 04:00:00+00:00,2023-09-08 13:00:00+00:00,2023-09-08 09:00:00-04:00,130,84.0,75.01298855180022,boost_5y_linear_aligned,True
2023-09-03 04:00:00+00:00,2023-09-08 14:00:00+00:00,2023-09-08 10:00:00-04:00,131,90.0,77.60214019763853,boost_5y_linear_aligned,True
2023-09-03 04:00:00+00:00,2023-09-08 15:00:00+00:00,2023-09-08 11:00:00-04:00,132,92.0,79.93041285263627,boost_5y_linear_aligned,True
2023-09-03 04:00:00+00:00,2023-09-08 16:00:00+00:00,2023-09-08 12:00:00-04:00,133,96.0,81.27878834883441,boost_5y_linear_aligned,True
2023-09-03 04:00:00+00:00,2023-09-08 17:00:00+00:00,2023-09-08 13:00:00-04:00,134,94.0,82.21673768385098,boost_5y_linear_aligned,True
2023-09-03 04:00:00+00:00,2023-09-08 18:00:00+00:00,2023-09-08 14:00:00-04:00,135,95.0,83.06472102001209,boost_5y_linear_aligned,True
2023-09-03 04:00:00+00:00,2023-09-08 19:00:00+00:00,2023-09-08 15:00:00-04:00,136,93.0,83.43905402729808,boost_5y_linear_aligned,True
2023-09-03 04:00:00+00:00,2023-09-08 20:00:00+00:00,2023-09-08 16:00:00-04:00,137,71.0,82.98188338437048,boost_5y_linear_aligned,True
2023-09-03 04:00:00+00:00,2023-09-08 21:00:00+00:00,2023-09-08 17:00:00-04:00,138,78.0,81.80931086804316,boost_5y_linear_aligned,True
2023-09-03 04:00:00+00:00,2023-09-08 22:00:00+00:00,2023-09-08 18:00:00-04:00,139,77.0,79.47950281983178,boost_5y_linear_aligned,True
2023-09-03 04:00:00+00:00,2023-09-08 23:00:00+00:00,2023-09-08 19:00:00-04:00,140,76.0,75.47997806642196,boost_5y_linear_aligned,True
2023-09-03 04:00:00+00:00,2023-09-09 00:00:00+00:00,2023-09-08 20:00:00-04:00,141,75.0,73.42669956952264,boost_5y_linear_aligned,True
2023-09-03 04:00:00+00:00,2023-09-09 01:00:00+00:00,2023-09-08 21:00:00-04:00,142,75.0,72.12682249778524,boost_5y_linear_aligned,True
2023-09-03 04:00:00+00:00,2023-09-09 02:00:00+00:00,2023-09-08 22:00:00-04:00,143,74.0,71.18115030596525,boost_5y_linear_aligned,True
2023-09-03 04:00:00+00:00,2023-09-09 03:00:00+00:00,2023-09-08 23:00:00-04:00,144,73.0,70.68676830640864,boost_5y_linear_aligned,True
2023-09-03 04:00:00+00:00,2023-09-09 04:00:00+00:00,2023-09-09 00:00:00-04:00,145,72.0,70.17523683758021,boost_5y_linear_aligned,True
2023-09-03 04:00:00+00:00,2023-09-09 05:00:00+00:00,2023-09-09 01:00:00-04:00,146,73.0,69.53106662047637,boost_5y_linear_aligned,True
2023-09-03 04:00:00+00:00,2023-09-09 06:00:00+00:00,2023-09-09 02:00:00-04:00,147,73.0,68.70119279067262,boost_5y_linear_aligned,True
2023-09-03 04:00:00+00:00,2023-09-09 07:00:00+00:00,2023-09-09 03:00:00-04:00,148,73.0,68.38466476622625,boost_5y_linear_aligned,True
2023-09-03 04:00:00+00:00,2023-09-09 08:00:00+00:00,2023-09-09 04:00:00-04:00,149,72.0,67.96304757094636,boost_5y_linear_aligned,True
2023-09-03 04:00:00+00:00,2023-09-09 09:00:00+00:00,2023-09-09 05:00:00-04:00,150,72.0,67.61249580614333,boost_5y_linear_aligned,True
2023-09-03 04:00:00+00:00,2023-09-09 10:00:00+00:00,2023-09-09 06:00:00-04:00,151,74.0,67.44990241805678,boost_5y_linear_aligned,True
2023-09-03 04:00:00+00:00,2023-09-09 11:00:00+00:00,2023-09-09 07:00:00-04:00,152,74.0,69.10040327121168,boost_5y_linear_aligned,True
2023-09-03 04:00:00+00:00,2023-09-09 12:00:00+00:00,2023-09-09 08:00:00-04:00,153,74.0,72.06278247479682,boost_5y_linear_aligned,True
2023-09-03 04:00:00+00:00,2023-09-09 13:00:00+00:00,2023-09-09 09:00:00-04:00,154,70.0,75.19963526757437,boost_5y_linear_aligned,True
2023-09-03 04:00:00+00:00,2023-09-09 14:00:00+00:00,2023-09-09 10:00:00-04:00,155,70.0,77.7223615140113,boost_5y_linear_aligned,True
2023-09-03 04:00:00+00:00,2023-09-09 15:00:00+00:00,2023-09-09 11:00:00-04:00,156,72.0,80.00221680321621,boost_5y_linear_aligned,True
2023-09-03 04:00:00+00:00,2023-09-09 16:00:00+00:00,2023-09-09 12:00:00-04:00,157,72.0,81.3185696506714,boost_5y_linear_aligned,True
2023-09-03 04:00:00+00:00,2023-09-09 17:00:00+00:00,2023-09-09 13:00:00-04:00,158,69.0,82.17444975396602,boost_5y_linear_aligned,True
2023-09-03 04:00:00+00:00,2023-09-09 18:00:00+00:00,2023-09-09 14:00:00-04:00,159,70.0,82.94939986548134,boost_5y_linear_aligned,True
2023-09-03 04:00:00+00:00,2023-09-09 19:00:00+00:00,2023-09-09 15:00:00-04:00,160,73.0,83.48428824788893,boost_5y_linear_aligned,True
2023-09-03 04:00:00+00:00,2023-09-09 20:00:00+00:00,2023-09-09 16:00:00-04:00,161,75.0,82.98944978467286,boost_5y_linear_aligned,True
2023-09-03 04:00:00+00:00,2023-09-09 21:00:00+00:00,2023-09-09 17:00:00-04:00,162,74.0,81.85472281021755,boost_5y_linear_aligned,True
2023-09-03 04:00:00+00:00,2023-09-09 22:00:00+00:00,2023-09-09 18:00:00-04:00,163,73.0,79.42186719104376,boost_5y_linear_aligned,True
2023-09-03 04:00:00+00:00,2023-09-09 23:00:00+00:00,2023-09-09 19:00:00-04:00,164,72.0,75.50494444555207,boost_5y_linear_aligned,True
2023-09-03 04:00:00+00:00,2023-09-10 00:00:00+00:00,2023-09-09 20:00:00-04:00,165,72.0,73.45954574512612,boost_5y_linear_aligned,True
2023-09-03 04:00:00+00:00,2023-09-10 01:00:00+00:00,2023-09-09 21:00:00-04:00,166,71.0,72.17856304859264,boost_5y_linear_aligned,True
2023-09-03 04:00:00+00:00,2023-09-10 02:00:00+00:00,2023-09-09 22:00:00-04:00,167,72.0,71.23146563219946,boost_5y_linear_aligned,True
2023-09-03 04:00:00+00:00,2023-09-10 03:00:00+00:00,2023-09-09 23:00:00-04:00,168,71.0,70.8104241096085,boost_5y_linear_aligned,True
2023-09-03 04:00:00+00:00,2023-09-10 04:00:00+00:00,2023-09-10 00:00:00-04:00,169,71.0,70.18909995082187,boost_5y_linear_aligned,True
2023-09-03 04:00:00+00:00,2023-09-10 05:00:00+00:00,2023-09-10 01:00:00-04:00,170,71.0,69.55774510634447,boost_5y_linear_aligned,True
2023-09-03 04:00:00+00:00,2023-09-10 06:00:00+00:00,2023-09-10 02:00:00-04:00,171,70.0,68.80995764437216,boost_5y_linear_aligned,True
2023-09-03 04:00:00+00:00,2023-09-10 07:00:00+00:00,2023-09-10 03:00:00-04:00,172,69.0,68.41586157650907,boost_5y_linear_aligned,True
2023-09-03 04:00:00+00:00,2023-09-10 08:00:00+00:00,2023-09-10 04:00:00-04:00,173,69.0,67.96921535252258,boost_5y_linear_aligned,True
2023-09-03 04:00:00+00:00,2023-09-10 09:00:00+00:00,2023-09-10 05:00:00-04:00,174,70.0,67.60747408473551,boost_5y_linear_aligned,True
2023-09-03 04:00:00+00:00,2023-09-10 10:00:00+00:00,2023-09-10 06:00:00-04:00,175,70.0,67.47103578995461,boost_5y_linear_aligned,True
2023-09-03 04:00:00+00:00,2023-09-10 11:00:00+00:00,2023-09-10 07:00:00-04:00,176,71.0,69.20157842992238,boost_5y_linear_aligned,True
2023-09-03 04:00:00+00:00,2023-09-10 12:00:00+00:00,2023-09-10 08:00:00-04:00,177,72.0,72.27759342490458,boost_5y_linear_aligned,True
2023-09-03 04:00:00+00:00,2023-09-10 13:00:00+00:00,2023-09-10 09:00:00-04:00,178,73.0,75.42914685938048,boost_5y_linear_aligned,True
2023-09-03 04:00:00+00:00,2023-09-10 14:00:00+00:00,2023-09-10 10:00:00-04:00,179,77.0,77.95788764898818,boost_5y_linear_aligned,True
2023-09-03 04:00:00+00:00,2023-09-10 15:00:00+00:00,2023-09-10 11:00:00-04:00,180,77.0,80.29518060188272,boost_5y_linear_aligned,True
2023-09-03 04:00:00+00:00,2023-09-10 16:00:00+00:00,2023-09-10 12:00:00-04:00,181,83.0,81.61980257595795,boost_5y_linear_aligned,True
2023-09-03 04:00:00+00:00,2023-09-10 17:00:00+00:00,2023-09-10 13:00:00-04:00,182,85.0,82.47021675811783,boost_5y_linear_aligned,True
2023-09-03 04:00:00+00:00,2023-09-10 18:00:00+00:00,2023-09-10 14:00:00-04:00,183,86.0,83.07983768429989,boost_5y_linear_aligned,True
2023-09-03 04:00:00+00:00,2023-09-10 19:00:00+00:00,2023-09-10 15:00:00-04:00,184,87.0,83.63643633095522,boost_5y_linear_aligned,True
2023-09-03 04:00:00+00:00,2023-09-10 20:00:00+00:00,2023-09-10 16:00:00-04:00,185,87.0,83.14371644170424,boost_5y_linear_aligned,True
2023-09-03 04:00:00+00:00,2023-09-10 21:00:00+00:00,2023-09-10 17:00:00-04:00,186,85.0,81.8992304562541,boost_5y_linear_aligned,True
2023-09-03 04:00:00+00:00,2023-09-10 22:00:00+00:00,2023-09-10 18:00:00-04:00,187,80.0,79.4405617694554,boost_5y_linear_aligned,True
2023-09-03 04:00:00+00:00,2023-09-10 23:00:00+00:00,2023-09-10 19:00:00-04:00,188,77.0,75.71482183886914,boost_5y_linear_aligned,True
2023-09-03 04:00:00+00:00,2023-09-11 00:00:00+00:00,2023-09-10 20:00:00-04:00,189,74.0,73.77622787460373,boost_5y_linear_aligned,True
2023-09-03 04:00:00+00:00,2023-09-11 01:00:00+00:00,2023-09-10 21:00:00-04:00,190,75.0,72.56000768712804,boost_5y_linear_aligned,True
2023-09-03 04:00:00+00:00,2023-09-11 02:00:00+00:00,2023-09-10 22:00:00-04:00,191,73.0,71.55044562698161,boost_5y_linear_aligned,True
2023-09-03 04:00:00+00:00,2023-09-11 03:00:00+00:00,2023-09-10 23:00:00-04:00,192,73.0,71.11586712615218,boost_5y_linear_aligned,True
2023-09-03 04:00:00+00:00,2023-09-11 04:00:00+00:00,2023-09-11 00:00:00-04:00,193,71.0,70.62547843557859,boost_5y_linear_aligned,True
2023-09-03 04:00:00+00:00,2023-09-11 05:00:00+00:00,2023-09-11 01:00:00-04:00,194,72.0,70.00434105453427,boost_5y_linear_aligned,True
2023-09-03 04:00:00+00:00,2023-09-11 06:00:00+00:00,2023-09-11 02:00:00-04:00,195,71.0,69.31947058536947,boost_5y_linear_aligned,True
2023-09-03 04:00:00+00:00,2023-09-11 07:00:00+00:00,2023-09-11 03:00:00-04:00,196,70.0,68.90813951959791,boost_5y_linear_aligned,True
2023-09-03 04:00:00+00:00,2023-09-11 08:00:00+00:00,2023-09-11 04:00:00-04:00,197,70.0,68.3286528432021,boost_5y_linear_aligned,True
2023-09-03 04:00:00+00:00,2023-09-11 09:00:00+00:00,2023-09-11 05:00:00-04:00,198,68.0,67.99604524342767,boost_5y_linear_aligned,True
2023-09-03 04:00:00+00:00,2023-09-11 10:00:00+00:00,2023-09-11 06:00:00-04:00,199,70.0,67.64973235510104,boost_5y_linear_aligned,True
2023-09-03 04:00:00+00:00,2023-09-11 11:00:00+00:00,2023-09-11 07:00:00-04:00,200,70.0,69.41115102167622,boost_5y_linear_aligned,True
2023-09-03 04:00:00+00:00,2023-09-11 12:00:00+00:00,2023-09-11 08:00:00-04:00,201,71.0,72.40373530089418,boost_5y_linear_aligned,True
2023-09-03 04:00:00+00:00,2023-09-11 13:00:00+00:00,2023-09-11 09:00:00-04:00,202,76.0,75.4168053314882,boost_5y_linear_aligned,True
2023-09-03 04:00:00+00:00,2023-09-11 14:00:00+00:00,2023-09-11 10:00:00-04:00,203,81.0,77.84665628862872,boost_5y_linear_aligned,True
2023-09-03 04:00:00+00:00,2023-09-11 15:00:00+00:00,2023-09-11 11:00:00-04:00,204,83.0,80.15800747125473,boost_5y_linear_aligned,True
2023-09-03 04:00:00+00:00,2023-09-11 16:00:00+00:00,2023-09-11 12:00:00-04:00,205,86.0,81.46487905285161,boost_5y_linear_aligned,True
2023-09-03 04:00:00+00:00,2023-09-11 17:00:00+00:00,2023-09-11 13:00:00-04:00,206,87.0,82.2855861289991,boost_5y_linear_aligned,True
2023-09-03 04:00:00+00:00,2023-09-11 18:00:00+00:00,2023-09-11 14:00:00-04:00,207,89.0,82.92251133356417,boost_5y_linear_aligned,True
2023-09-03 04:00:00+00:00,2023-09-11 19:00:00+00:00,2023-09-11 15:00:00-04:00,208,88.0,83.32695083934794,boost_5y_linear_aligned,True
2023-09-03 04:00:00+00:00,2023-09-11 20:00:00+00:00,2023-09-11 16:00:00-04:00,209,90.0,82.83102675694613,boost_5y_linear_aligned,True
2023-09-03 04:00:00+00:00,2023-09-11 21:00:00+00:00,2023-09-11 17:00:00-04:00,210,88.0,81.63760639123149,boost_5y_linear_aligned,True
2023-09-03 04:00:00+00:00,2023-09-11 22:00:00+00:00,2023-09-11 18:00:00-04:00,211,85.0,79.1746140101695,boost_5y_linear_aligned,True
2023-09-03 04:00:00+00:00,2023-09-11 23:00:00+00:00,2023-09-11 19:00:00-04:00,212,79.0,75.56838160434397,boost_5y_linear_aligned,True
2023-09-03 04:00:00+00:00,2023-09-12 00:00:00+00:00,2023-09-11 20:00:00-04:00,213,76.0,73.65708687714863,boost_5y_linear_aligned,True
2023-09-03 04:00:00+00:00,2023-09-12 01:00:00+00:00,2023-09-11 21:00:00-04:00,214,73.0,72.45073932456718,boost_5y_linear_aligned,True
2023-09-03 04:00:00+00:00,2023-09-12 02:00:00+00:00,2023-09-11 22:00:00-04:00,215,72.0,71.56195421694663,boost_5y_linear_aligned,True
2023-09-03 04:00:00+00:00,2023-09-12 03:00:00+00:00,2023-09-11 23:00:00-04:00,216,73.0,70.96133273970756,boost_5y_linear_aligned,True
2023-09-03 04:00:00+00:00,2023-09-12 04:00:00+00:00,2023-09-12 00:00:00-04:00,217,71.0,70.3158480946121,boost_5y_linear_aligned,True
2023-09-03 04:00:00+00:00,2023-09-12 05:00:00+00:00,2023-09-12 01:00:00-04:00,218,70.0,69.69439469404209,boost_5y_linear_aligned,True
2023-09-03 04:00:00+00:00,2023-09-12 06:00:00+00:00,2023-09-12 02:00:00-04:00,219,69.0,69.03533740929123,boost_5y_linear_aligned,True
2023-09-03 04:00:00+00:00,2023-09-12 07:00:00+00:00,2023-09-12 03:00:00-04:00,220,69.0,68.6109849875244,boost_5y_linear_aligned,True
2023-09-03 04:00:00+00:00,2023-09-12 08:00:00+00:00,2023-09-12 04:00:00-04:00,221,69.0,68.01753279221647,boost_5y_linear_aligned,True
2023-09-03 04:00:00+00:00,2023-09-12 09:00:00+00:00,2023-09-12 05:00:00-04:00,222,69.0,67.68979670587487,boost_5y_linear_aligned,True
2023-09-03 04:00:00+00:00,2023-09-12 10:00:00+00:00,2023-09-12 06:00:00-04:00,223,70.0,67.4231870125825,boost_5y_linear_aligned,True
2023-09-03 04:00:00+00:00,2023-09-12 11:00:00+00:00,2023-09-12 07:00:00-04:00,224,73.0,69.01426970101933,boost_5y_linear_aligned,True
2023-09-03 04:00:00+00:00,2023-09-12 12:00:00+00:00,2023-09-12 08:00:00-04:00,225,78.0,72.02710577778748,boost_5y_linear_aligned,True
2023-09-03 04:00:00+00:00,2023-09-12 13:00:00+00:00,2023-09-12 09:00:00-04:00,226,83.0,74.99348262921663,boost_5y_linear_aligned,True
2023-09-03 04:00:00+00:00,2023-09-12 14:00:00+00:00,2023-09-12 10:00:00-04:00,227,85.0,77.50553281130792,boost_5y_linear_aligned,True
2023-09-03 04:00:00+00:00,2023-09-12 15:00:00+00:00,2023-09-12 11:00:00-04:00,228,89.0,79.81903627941522,boost_5y_linear_aligned,True
2023-09-03 04:00:00+00:00,2023-09-12 16:00:00+00:00,2023-09-12 12:00:00-04:00,229,91.0,81.13647293171395,boost_5y_linear_aligned,True
2023-09-03 04:00:00+00:00,2023-09-12 17:00:00+00:00,2023-09-12 13:00:00-04:00,230,93.0,81.86288134645751,boost_5y_linear_aligned,True
2023-09-03 04:00:00+00:00,2023-09-12 18:00:00+00:00,2023-09-12 14:00:00-04:00,231,92.0,82.59021799279141,boost_5y_linear_aligned,True
2023-09-03 04:00:00+00:00,2023-09-12 19:00:00+00:00,2023-09-12 15:00:00-04:00,232,89.0,82.9447179807344,boost_5y_linear_aligned,True
2023-09-03 04:00:00+00:00,2023-09-12 20:00:00+00:00,2023-09-12 16:00:00-04:00,233,89.0,82.45784977275143,boost_5y_linear_aligned,True
2023-09-03 04:00:00+00:00,2023-09-12 21:00:00+00:00,2023-09-12 17:00:00-04:00,234,87.0,81.25641349829752,boost_5y_linear_aligned,True
2023-09-03 04:00:00+00:00,2023-09-12 22:00:00+00:00,2023-09-12 18:00:00-04:00,235,85.0,78.7289739685629,boost_5y_linear_aligned,True
2023-09-03 04:00:00+00:00,2023-09-12 23:00:00+00:00,2023-09-12 19:00:00-04:00,236,78.0,75.21769550815726,boost_5y_linear_aligned,True
2023-09-03 04:00:00+00:00,2023-09-13 00:00:00+00:00,2023-09-12 20:00:00-04:00,237,78.0,73.29067289333206,boost_5y_linear_aligned,True
2023-09-03 04:00:00+00:00,2023-09-13 01:00:00+00:00,2023-09-12 21:00:00-04:00,238,74.0,72.04648686713011,boost_5y_linear_aligned,True
2023-09-03 04:00:00+00:00,2023-09-13 02:00:00+00:00,2023-09-12 22:00:00-04:00,239,73.0,71.28320662877113,boost_5y_linear_aligned,True
2023-09-03 04:00:00+00:00,2023-09-13 03:00:00+00:00,2023-09-12 23:00:00-04:00,240,73.0,70.48874903558092,boost_5y_linear_aligned,True
2023-09-03 04:00:00+00:00,2023-09-13 04:00:00+00:00,2023-09-13 00:00:00-04:00,241,73.0,69.93692293890685,boost_5y_linear_aligned,True
2023-09-03 04:00:00+00:00,2023-09-13 05:00:00+00:00,2023-09-13 01:00:00-04:00,242,72.0,69.29637289813749,boost_5y_linear_aligned,True
2023-09-03 04:00:00+00:00,2023-09-13 06:00:00+00:00,2023-09-13 02:00:00-04:00,243,72.0,68.70234991771937,boost_5y_linear_aligned,True
2023-09-03 04:00:00+00:00,2023-09-13 07:00:00+00:00,2023-09-13 03:00:00-04:00,244,72.0,68.21066041215201,boost_5y_linear_aligned,True
2023-09-03 04:00:00+00:00,2023-09-13 08:00:00+00:00,2023-09-13 04:00:00-04:00,245,71.0,67.61577246779085,boost_5y_linear_aligned,True
2023-09-03 04:00:00+00:00,2023-09-13 09:00:00+00:00,2023-09-13 05:00:00-04:00,246,71.0,67.33256022014224,boost_5y_linear_aligned,True
2023-09-03 04:00:00+00:00,2023-09-13 10:00:00+00:00,2023-09-13 06:00:00-04:00,247,69.0,67.03163654734813,boost_5y_linear_aligned,True
2023-09-03 04:00:00+00:00,2023-09-13 11:00:00+00:00,2023-09-13 07:00:00-04:00,248,72.0,68.53928244596999,boost_5y_linear_aligned,True
2023-09-03 04:00:00+00:00,2023-09-13 12:00:00+00:00,2023-09-13 08:00:00-04:00,249,73.0,71.78524450534726,boost_5y_linear_aligned,True
2023-09-03 04:00:00+00:00,2023-09-13 13:00:00+00:00,2023-09-13 09:00:00-04:00,250,77.0,74.64383005655117,boost_5y_linear_aligned,True
2023-09-03 04:00:00+00:00,2023-09-13 14:00:00+00:00,2023-09-13 10:00:00-04:00,251,82.0,77.18724718216082,boost_5y_linear_aligned,True
2023-09-03 04:00:00+00:00,2023-09-13 15:00:00+00:00,2023-09-13 11:00:00-04:00,252,82.0,79.52014169915967,boost_5y_linear_aligned,True
2023-09-03 04:00:00+00:00,2023-09-13 16:00:00+00:00,2023-09-13 12:00:00-04:00,253,83.0,80.89840353222807,boost_5y_linear_aligned,True
2023-09-03 04:00:00+00:00,2023-09-13 17:00:00+00:00,2023-09-13 13:00:00-04:00,254,86.0,81.67345400720343,boost_5y_linear_aligned,True
2023-09-03 04:00:00+00:00,2023-09-13 18:00:00+00:00,2023-09-13 14:00:00-04:00,255,85.0,82.31660651456352,boost_5y_linear_aligned,True
2023-09-03 04:00:00+00:00,2023-09-13 19:00:00+00:00,2023-09-13 15:00:00-04:00,256,85.0,82.765407866615,boost_5y_linear_aligned,True
2023-09-03 04:00:00+00:00,2023-09-13 20:00:00+00:00,2023-09-13 16:00:00-04:00,257,85.0,82.25007582548938,boost_5y_linear_aligned,True
2023-09-03 04:00:00+00:00,2023-09-13 21:00:00+00:00,2023-09-13 17:00:00-04:00,258,84.0,81.01300388835332,boost_5y_linear_aligned,True
2023-09-03 04:00:00+00:00,2023-09-13 22:00:00+00:00,2023-09-13 18:00:00-04:00,259,80.0,78.43043885519843,boost_5y_linear_aligned,True
2023-09-03 04:00:00+00:00,2023-09-13 23:00:00+00:00,2023-09-13 19:00:00-04:00,260,79.0,74.90796799155345,boost_5y_linear_aligned,True
2023-09-03 04:00:00+00:00,2023-09-14 00:00:00+00:00,2023-09-13 20:00:00-04:00,261,78.0,72.91405711782765,boost_5y_linear_aligned,True
2023-09-03 04:00:00+00:00,2023-09-14 01:00:00+00:00,2023-09-13 21:00:00-04:00,262,76.0,71.73868547388072,boost_5y_linear_aligned,True
2023-09-03 04:00:00+00:00,2023-09-14 02:00:00+00:00,2023-09-13 22:00:00-04:00,263,75.0,70.89525427076941,boost_5y_linear_aligned,True
2023-09-03 04:00:00+00:00,2023-09-14 03:00:00+00:00,2023-09-13 23:00:00-04:00,264,73.0,70.0208992776504,boost_5y_linear_aligned,True
2023-09-03 04:00:00+00:00,2023-09-14 04:00:00+00:00,2023-09-14 00:00:00-04:00,265,72.0,69.34597148550102,boost_5y_linear_aligned,True
2023-09-03 04:00:00+00:00,2023-09-14 05:00:00+00:00,2023-09-14 01:00:00-04:00,266,72.0,68.69653372493022,boost_5y_linear_aligned,True
2023-09-03 04:00:00+00:00,2023-09-14 06:00:00+00:00,2023-09-14 02:00:00-04:00,267,71.0,68.1153654675779,boost_5y_linear_aligned,True
2023-09-03 04:00:00+00:00,2023-09-14 07:00:00+00:00,2023-09-14 03:00:00-04:00,268,72.0,67.6088512255643,boost_5y_linear_aligned,True
2023-09-03 04:00:00+00:00,2023-09-14 08:00:00+00:00,2023-09-14 04:00:00-04:00,269,70.0,67.02686903072059,boost_5y_linear_aligned,True
2023-09-03 04:00:00+00:00,2023-09-14 09:00:00+00:00,2023-09-14 05:00:00-04:00,270,69.0,66.68622779918185,boost_5y_linear_aligned,True
2023-09-03 04:00:00+00:00,2023-09-14 10:00:00+00:00,2023-09-14 06:00:00-04:00,271,68.0,66.44740295764616,boost_5y_linear_aligned,True
2023-09-03 04:00:00+00:00,2023-09-14 11:00:00+00:00,2023-09-14 07:00:00-04:00,272,69.0,67.96482819168085,boost_5y_linear_aligned,True
2023-09-03 04:00:00+00:00,2023-09-14 12:00:00+00:00,2023-09-14 08:00:00-04:00,273,71.0,71.26637048747008,boost_5y_linear_aligned,True
2023-09-03 04:00:00+00:00,2023-09-14 13:00:00+00:00,2023-09-14 09:00:00-04:00,274,75.0,74.3586591338467,boost_5y_linear_aligned,True
2023-09-03 04:00:00+00:00,2023-09-14 14:00:00+00:00,2023-09-14 10:00:00-04:00,275,78.0,76.87180798564536,boost_5y_linear_aligned,True
2023-09-03 04:00:00+00:00,2023-09-14 15:00:00+00:00,2023-09-14 11:00:00-04:00,276,81.0,79.21794865130619,boost_5y_linear_aligned,True
2023-09-03 04:00:00+00:00,2023-09-14 16:00:00+00:00,2023-09-14 12:00:00-04:00,277,82.0,80.65209388213289,boost_5y_linear_aligned,True
2023-09-03 04:00:00+00:00,2023-09-14 17:00:00+00:00,2023-09-14 13:00:00-04:00,278,82.0,81.66913450764368,boost_5y_linear_aligned,True
2023-09-03 04:00:00+00:00,2023-09-14 18:00:00+00:00,2023-09-14 14:00:00-04:00,279,82.0,82.2308911464344,boost_5y_linear_aligned,True
2023-09-03 04:00:00+00:00,2023-09-14 19:00:00+00:00,2023-09-14 15:00:00-04:00,280,84.0,82.51207541389822,boost_5y_linear_aligned,True
2023-09-03 04:00:00+00:00,2023-09-14 20:00:00+00:00,2023-09-14 16:00:00-04:00,281,82.0,81.99133153499899,boost_5y_linear_aligned,True
2023-09-03 04:00:00+00:00,2023-09-14 21:00:00+00:00,2023-09-14 17:00:00-04:00,282,81.0,80.69213053127737,boost_5y_linear_aligned,True
2023-09-03 04:00:00+00:00,2023-09-14 22:00:00+00:00,2023-09-14 18:00:00-04:00,283,79.0,78.13154877823816,boost_5y_linear_aligned,True
2023-09-03 04:00:00+00:00,2023-09-14 23:00:00+00:00,2023-09-14 19:00:00-04:00,284,74.0,74.71609900136912,boost_5y_linear_aligned,True
2023-09-03 04:00:00+00:00,2023-09-15 00:00:00+00:00,2023-09-14 20:00:00-04:00,285,73.0,72.74441691210977,boost_5y_linear_aligned,True
2023-09-03 04:00:00+00:00,2023-09-15 01:00:00+00:00,2023-09-14 21:00:00-04:00,286,72.0,71.73112781858981,boost_5y_linear_aligned,True
2023-09-03 04:00:00+00:00,2023-09-15 02:00:00+00:00,2023-09-14 22:00:00-04:00,287,68.0,70.76935654637339,boost_5y_linear_aligned,True
2023-09-03 04:00:00+00:00,2023-09-15 03:00:00+00:00,2023-09-14 23:00:00-04:00,288,68.0,69.82582637490661,boost_5y_linear_aligned,True
2023-09-03 04:00:00+00:00,2023-09-15 04:00:00+00:00,2023-09-15 00:00:00-04:00,289,66.0,69.25502221791206,boost_5y_linear_aligned,True
2023-09-03 04:00:00+00:00,2023-09-15 05:00:00+00:00,2023-09-15 01:00:00-04:00,290,65.0,68.63163421446508,boost_5y_linear_aligned,True
2023-09-03 04:00:00+00:00,2023-09-15 06:00:00+00:00,2023-09-15 02:00:00-04:00,291,63.0,68.07439510967599,boost_5y_linear_aligned,True
2023-09-03 04:00:00+00:00,2023-09-15 07:00:00+00:00,2023-09-15 03:00:00-04:00,292,63.0,67.55220592514173,boost_5y_linear_aligned,True
2023-09-03 04:00:00+00:00,2023-09-15 08:00:00+00:00,2023-09-15 04:00:00-04:00,293,62.0,67.00947666932333,boost_5y_linear_aligned,True
2023-09-03 04:00:00+00:00,2023-09-15 09:00:00+00:00,2023-09-15 05:00:00-04:00,294,61.0,66.71488020680182,boost_5y_linear_aligned,True
2023-09-03 04:00:00+00:00,2023-09-15 10:00:00+00:00,2023-09-15 06:00:00-04:00,295,59.0,66.49919912791263,boost_5y_linear_aligned,True
2023-09-03 04:00:00+00:00,2023-09-15 11:00:00+00:00,2023-09-15 07:00:00-04:00,296,61.0,67.91131246224226,boost_5y_linear_aligned,True
2023-09-03 04:00:00+00:00,2023-09-15 12:00:00+00:00,2023-09-15 08:00:00-04:00,297,64.0,71.06812168095001,boost_5y_linear_aligned,True
2023-09-03 04:00:00+00:00,2023-09-15 13:00:00+00:00,2023-09-15 09:00:00-04:00,298,68.0,74.21205045548078,boost_5y_linear_aligned,True
2023-09-03 04:00:00+00:00,2023-09-15 14:00:00+00:00,2023-09-15 10:00:00-04:00,299,72.0,76.76439821069674,boost_5y_linear_aligned,True
2023-09-03 04:00:00+00:00,2023-09-15 15:00:00+00:00,2023-09-15 11:00:00-04:00,300,73.0,78.98907408026167,boost_5y_linear_aligned,True
2023-09-03 04:00:00+00:00,2023-09-15 16:00:00+00:00,2023-09-15 12:00:00-04:00,301,75.0,80.57357617998893,boost_5y_linear_aligned,True
2023-09-03 04:00:00+00:00,2023-09-15 17:00:00+00:00,2023-09-15 13:00:00-04:00,302,77.0,81.5503251348359,boost_5y_linear_aligned,True
2023-09-03 04:00:00+00:00,2023-09-15 18:00:00+00:00,2023-09-15 14:00:00-04:00,303,79.0,82.1396170273014,boost_5y_linear_aligned,True
2023-09-03 04:00:00+00:00,2023-09-15 19:00:00+00:00,2023-09-15 15:00:00-04:00,304,78.0,82.18587840251449,boost_5y_linear_aligned,True
2023-09-03 04:00:00+00:00,2023-09-15 20:00:00+00:00,2023-09-15 16:00:00-04:00,305,78.0,81.65393841420277,boost_5y_linear_aligned,True
2023-09-03 04:00:00+00:00,2023-09-15 21:00:00+00:00,2023-09-15 17:00:00-04:00,306,78.0,80.35858494222288,boost_5y_linear_aligned,True
2023-09-03 04:00:00+00:00,2023-09-15 22:00:00+00:00,2023-09-15 18:00:00-04:00,307,75.0,77.8949175533566,boost_5y_linear_aligned,True
2023-09-03 04:00:00+00:00,2023-09-15 23:00:00+00:00,2023-09-15 19:00:00-04:00,308,68.0,74.50914514677034,boost_5y_linear_aligned,True
2023-09-03 04:00:00+00:00,2023-09-16 00:00:00+00:00,2023-09-15 20:00:00-04:00,309,61.0,72.71362739866991,boost_5y_linear_aligned,True
2023-09-03 04:00:00+00:00,2023-09-16 01:00:00+00:00,2023-09-15 21:00:00-04:00,310,63.0,71.5832859344442,boost_5y_linear_aligned,True
2023-09-03 04:00:00+00:00,2023-09-16 02:00:00+00:00,2023-09-15 22:00:00-04:00,311,60.0,70.55807977458304,boost_5y_linear_aligned,True
2023-09-03 04:00:00+00:00,2023-09-16 03:00:00+00:00,2023-09-15 23:00:00-04:00,312,58.0,69.65586320368179,boost_5y_linear_aligned,True
2023-09-03 04:00:00+00:00,2023-09-16 04:00:00+00:00,2023-09-16 00:00:00-04:00,313,56.0,68.86656558398444,boost_5y_linear_aligned,True
2023-09-03 04:00:00+00:00,2023-09-16 05:00:00+00:00,2023-09-16 01:00:00-04:00,314,56.0,68.30126827768845,boost_5y_linear_aligned,True
2023-09-03 04:00:00+00:00,2023-09-16 06:00:00+00:00,2023-09-16 02:00:00-04:00,315,55.0,67.67014972982956,boost_5y_linear_aligned,True
2023-09-03 04:00:00+00:00,2023-09-16 07:00:00+00:00,2023-09-16 03:00:00-04:00,316,55.0,67.09120099399027,boost_5y_linear_aligned,True
2023-09-03 04:00:00+00:00,2023-09-16 08:00:00+00:00,2023-09-16 04:00:00-04:00,317,54.0,66.51128315301555,boost_5y_linear_aligned,True
2023-09-03 04:00:00+00:00,2023-09-16 09:00:00+00:00,2023-09-16 05:00:00-04:00,318,54.0,66.16835479166377,boost_5y_linear_aligned,True
2023-09-03 04:00:00+00:00,2023-09-16 10:00:00+00:00,2023-09-16 06:00:00-04:00,319,54.0,65.92410017409826,boost_5y_linear_aligned,True
2023-09-03 04:00:00+00:00,2023-09-16 11:00:00+00:00,2023-09-16 07:00:00-04:00,320,57.0,67.29770721027326,boost_5y_linear_aligned,True
2023-09-03 04:00:00+00:00,2023-09-16 12:00:00+00:00,2023-09-16 08:00:00-04:00,321,65.0,70.39924191938037,boost_5y_linear_aligned,True
2023-09-03 04:00:00+00:00,2023-09-16 13:00:00+00:00,2023-09-16 09:00:00-04:00,322,71.0,73.5459076682104,boost_5y_linear_aligned,True
2023-09-03 04:00:00+00:00,2023-09-16 14:00:00+00:00,2023-09-16 10:00:00-04:00,323,77.0,76.18152796937247,boost_5y_linear_aligned,True
2023-09-03 04:00:00+00:00,2023-09-16 15:00:00+00:00,2023-09-16 11:00:00-04:00,324,79.0,78.4920166059674,boost_5y_linear_aligned,True
2023-09-03 04:00:00+00:00,2023-09-16 16:00:00+00:00,2023-09-16 12:00:00-04:00,325,82.0,80.07240039524493,boost_5y_linear_aligned,True
2023-09-03 04:00:00+00:00,2023-09-16 17:00:00+00:00,2023-09-16 13:00:00-04:00,326,82.0,81.04434664156656,boost_5y_linear_aligned,True
2023-09-03 04:00:00+00:00,2023-09-16 18:00:00+00:00,2023-09-16 14:00:00-04:00,327,84.0,81.66946506401996,boost_5y_linear_aligned,True
2023-09-03 04:00:00+00:00,2023-09-16 19:00:00+00:00,2023-09-16 15:00:00-04:00,328,84.0,81.63585052597155,boost_5y_linear_aligned,True
2023-09-03 04:00:00+00:00,2023-09-16 20:00:00+00:00,2023-09-16 16:00:00-04:00,329,85.0,81.24338844634237,boost_5y_linear_aligned,True
2023-09-03 04:00:00+00:00,2023-09-16 21:00:00+00:00,2023-09-16 17:00:00-04:00,330,84.0,79.88087472610364,boost_5y_linear_aligned,True
2023-09-03 04:00:00+00:00,2023-09-16 22:00:00+00:00,2023-09-16 18:00:00-04:00,331,80.0,77.30958827069315,boost_5y_linear_aligned,True
2023-09-03 04:00:00+00:00,2023-09-16 23:00:00+00:00,2023-09-16 19:00:00-04:00,332,77.0,73.98685264669555,boost_5y_linear_aligned,True
2023-09-03 04:00:00+00:00,2023-09-17 00:00:00+00:00,2023-09-16 20:00:00-04:00,333,74.0,72.21639465518692,boost_5y_linear_aligned,True
2023-09-03 04:00:00+00:00,2023-09-17 01:00:00+00:00,2023-09-16 21:00:00-04:00,334,73.0,71.11374645336639,boost_5y_linear_aligned,True
2023-09-03 04:00:00+00:00,2023-09-17 02:00:00+00:00,2023-09-16 22:00:00-04:00,335,71.0,70.05719404318698,boost_5y_linear_aligned,True
2023-09-03 04:00:00+00:00,2023-09-17 03:00:00+00:00,2023-09-16 23:00:00-04:00,336,70.0,69.07498934207591,boost_5y_linear_aligned,True
2023-09-10 04:00:00+00:00,2023-09-10 04:00:00+00:00,2023-09-10 00:00:00-04:00,1,71.0,72.44562365141797,boost_5y_linear_aligned,True
2023-09-10 04:00:00+00:00,2023-09-10 05:00:00+00:00,2023-09-10 01:00:00-04:00,2,71.0,71.46390988372995,boost_5y_linear_aligned,True
2023-09-10 04:00:00+00:00,2023-09-10 06:00:00+00:00,2023-09-10 02:00:00-04:00,3,70.0,70.6464495621195,boost_5y_linear_aligned,True
2023-09-10 04:00:00+00:00,2023-09-10 07:00:00+00:00,2023-09-10 03:00:00-04:00,4,69.0,70.33408625141864,boost_5y_linear_aligned,True
2023-09-10 04:00:00+00:00,2023-09-10 08:00:00+00:00,2023-09-10 04:00:00-04:00,5,69.0,69.76843688216621,boost_5y_linear_aligned,True
2023-09-10 04:00:00+00:00,2023-09-10 09:00:00+00:00,2023-09-10 05:00:00-04:00,6,70.0,69.29892759791326,boost_5y_linear_aligned,True
2023-09-10 04:00:00+00:00,2023-09-10 10:00:00+00:00,2023-09-10 06:00:00-04:00,7,70.0,69.17467649435231,boost_5y_linear_aligned,True
2023-09-10 04:00:00+00:00,2023-09-10 11:00:00+00:00,2023-09-10 07:00:00-04:00,8,71.0,70.21519848802475,boost_5y_linear_aligned,True
2023-09-10 04:00:00+00:00,2023-09-10 12:00:00+00:00,2023-09-10 08:00:00-04:00,9,72.0,72.82060860534709,boost_5y_linear_aligned,True
2023-09-10 04:00:00+00:00,2023-09-10 13:00:00+00:00,2023-09-10 09:00:00-04:00,10,73.0,74.67345939951154,boost_5y_linear_aligned,True
2023-09-10 04:00:00+00:00,2023-09-10 14:00:00+00:00,2023-09-10 10:00:00-04:00,11,77.0,75.97079633520217,boost_5y_linear_aligned,True
2023-09-10 04:00:00+00:00,2023-09-10 15:00:00+00:00,2023-09-10 11:00:00-04:00,12,77.0,78.32224029255862,boost_5y_linear_aligned,True
2023-09-10 04:00:00+00:00,2023-09-10 16:00:00+00:00,2023-09-10 12:00:00-04:00,13,83.0,80.01866972541917,boost_5y_linear_aligned,True
2023-09-10 04:00:00+00:00,2023-09-10 17:00:00+00:00,2023-09-10 13:00:00-04:00,14,85.0,80.43388205658216,boost_5y_linear_aligned,True
2023-09-10 04:00:00+00:00,2023-09-10 18:00:00+00:00,2023-09-10 14:00:00-04:00,15,86.0,81.8476417498554,boost_5y_linear_aligned,True
2023-09-10 04:00:00+00:00,2023-09-10 19:00:00+00:00,2023-09-10 15:00:00-04:00,16,87.0,83.38514801225442,boost_5y_linear_aligned,True
2023-09-10 04:00:00+00:00,2023-09-10 20:00:00+00:00,2023-09-10 16:00:00-04:00,17,87.0,82.07196318560713,boost_5y_linear_aligned,True
2023-09-10 04:00:00+00:00,2023-09-10 21:00:00+00:00,2023-09-10 17:00:00-04:00,18,85.0,81.8342249157155,boost_5y_linear_aligned,True
2023-09-10 04:00:00+00:00,2023-09-10 22:00:00+00:00,2023-09-10 18:00:00-04:00,19,80.0,79.40959759200084,boost_5y_linear_aligned,True
2023-09-10 04:00:00+00:00,2023-09-10 23:00:00+00:00,2023-09-10 19:00:00-04:00,20,77.0,75.8928532224747,boost_5y_linear_aligned,True
2023-09-10 04:00:00+00:00,2023-09-11 00:00:00+00:00,2023-09-10 20:00:00-04:00,21,74.0,74.1280584664713,boost_5y_linear_aligned,True
2023-09-10 04:00:00+00:00,2023-09-11 01:00:00+00:00,2023-09-10 21:00:00-04:00,22,75.0,72.96384216109591,boost_5y_linear_aligned,True
2023-09-10 04:00:00+00:00,2023-09-11 02:00:00+00:00,2023-09-10 22:00:00-04:00,23,73.0,72.30563180704225,boost_5y_linear_aligned,True
2023-09-10 04:00:00+00:00,2023-09-11 03:00:00+00:00,2023-09-10 23:00:00-04:00,24,73.0,71.40535198755687,boost_5y_linear_aligned,True
2023-09-10 04:00:00+00:00,2023-09-11 04:00:00+00:00,2023-09-11 00:00:00-04:00,25,71.0,71.34902915247913,boost_5y_linear_aligned,True
2023-09-10 04:00:00+00:00,2023-09-11 05:00:00+00:00,2023-09-11 01:00:00-04:00,26,72.0,70.48685216407384,boost_5y_linear_aligned,True
2023-09-10 04:00:00+00:00,2023-09-11 06:00:00+00:00,2023-09-11 02:00:00-04:00,27,71.0,69.74966566346284,boost_5y_linear_aligned,True
2023-09-10 04:00:00+00:00,2023-09-11 07:00:00+00:00,2023-09-11 03:00:00-04:00,28,70.0,69.41962692527716,boost_5y_linear_aligned,True
2023-09-10 04:00:00+00:00,2023-09-11 08:00:00+00:00,2023-09-11 04:00:00-04:00,29,70.0,68.82289417954382,boost_5y_linear_aligned,True
2023-09-10 04:00:00+00:00,2023-09-11 09:00:00+00:00,2023-09-11 05:00:00-04:00,30,68.0,68.36283301217965,boost_5y_linear_aligned,True
2023-09-10 04:00:00+00:00,2023-09-11 10:00:00+00:00,2023-09-11 06:00:00-04:00,31,70.0,68.11512751864896,boost_5y_linear_aligned,True
2023-09-10 04:00:00+00:00,2023-09-11 11:00:00+00:00,2023-09-11 07:00:00-04:00,32,70.0,69.9985887181152,boost_5y_linear_aligned,True
2023-09-10 04:00:00+00:00,2023-09-11 12:00:00+00:00,2023-09-11 08:00:00-04:00,33,71.0,72.93501323193617,boost_5y_linear_aligned,True
2023-09-10 04:00:00+00:00,2023-09-11 13:00:00+00:00,2023-09-11 09:00:00-04:00,34,76.0,75.21398859196387,boost_5y_linear_aligned,True
2023-09-10 04:00:00+00:00,2023-09-11 14:00:00+00:00,2023-09-11 10:00:00-04:00,35,81.0,77.53260784884924,boost_5y_linear_aligned,True
2023-09-10 04:00:00+00:00,2023-09-11 15:00:00+00:00,2023-09-11 11:00:00-04:00,36,83.0,79.74256529801973,boost_5y_linear_aligned,True
2023-09-10 04:00:00+00:00,2023-09-11 16:00:00+00:00,2023-09-11 12:00:00-04:00,37,86.0,81.46778578784864,boost_5y_linear_aligned,True
2023-09-10 04:00:00+00:00,2023-09-11 17:00:00+00:00,2023-09-11 13:00:00-04:00,38,87.0,82.19934712479666,boost_5y_linear_aligned,True
2023-09-10 04:00:00+00:00,2023-09-11 18:00:00+00:00,2023-09-11 14:00:00-04:00,39,89.0,82.91544654251706,boost_5y_linear_aligned,True
2023-09-10 04:00:00+00:00,2023-09-11 19:00:00+00:00,2023-09-11 15:00:00-04:00,40,88.0,83.36175876742548,boost_5y_linear_aligned,True
2023-09-10 04:00:00+00:00,2023-09-11 20:00:00+00:00,2023-09-11 16:00:00-04:00,41,90.0,82.69443827265825,boost_5y_linear_aligned,True
2023-09-10 04:00:00+00:00,2023-09-11 21:00:00+00:00,2023-09-11 17:00:00-04:00,42,88.0,81.91255488908659,boost_5y_linear_aligned,True
2023-09-10 04:00:00+00:00,2023-09-11 22:00:00+00:00,2023-09-11 18:00:00-04:00,43,85.0,79.15447839164632,boost_5y_linear_aligned,True
2023-09-10 04:00:00+00:00,2023-09-11 23:00:00+00:00,2023-09-11 19:00:00-04:00,44,79.0,75.59805890252024,boost_5y_linear_aligned,True
2023-09-10 04:00:00+00:00,2023-09-12 00:00:00+00:00,2023-09-11 20:00:00-04:00,45,76.0,73.6611454944239,boost_5y_linear_aligned,True
2023-09-10 04:00:00+00:00,2023-09-12 01:00:00+00:00,2023-09-11 21:00:00-04:00,46,73.0,72.63127895402366,boost_5y_linear_aligned,True
2023-09-10 04:00:00+00:00,2023-09-12 02:00:00+00:00,2023-09-11 22:00:00-04:00,47,72.0,71.6934259658525,boost_5y_linear_aligned,True
2023-09-10 04:00:00+00:00,2023-09-12 03:00:00+00:00,2023-09-11 23:00:00-04:00,48,73.0,71.00460954170975,boost_5y_linear_aligned,True
2023-09-10 04:00:00+00:00,2023-09-12 04:00:00+00:00,2023-09-12 00:00:00-04:00,49,71.0,70.15751885736704,boost_5y_linear_aligned,True
2023-09-10 04:00:00+00:00,2023-09-12 05:00:00+00:00,2023-09-12 01:00:00-04:00,50,70.0,69.47131636520864,boost_5y_linear_aligned,True
2023-09-10 04:00:00+00:00,2023-09-12 06:00:00+00:00,2023-09-12 02:00:00-04:00,51,69.0,68.7833346709777,boost_5y_linear_aligned,True
2023-09-10 04:00:00+00:00,2023-09-12 07:00:00+00:00,2023-09-12 03:00:00-04:00,52,69.0,68.45843834569412,boost_5y_linear_aligned,True
2023-09-10 04:00:00+00:00,2023-09-12 08:00:00+00:00,2023-09-12 04:00:00-04:00,53,69.0,67.85347200414974,boost_5y_linear_aligned,True
2023-09-10 04:00:00+00:00,2023-09-12 09:00:00+00:00,2023-09-12 05:00:00-04:00,54,69.0,67.65070293285635,boost_5y_linear_aligned,True
2023-09-10 04:00:00+00:00,2023-09-12 10:00:00+00:00,2023-09-12 06:00:00-04:00,55,70.0,67.4506080856098,boost_5y_linear_aligned,True
2023-09-10 04:00:00+00:00,2023-09-12 11:00:00+00:00,2023-09-12 07:00:00-04:00,56,73.0,69.156912317028,boost_5y_linear_aligned,True
2023-09-10 04:00:00+00:00,2023-09-12 12:00:00+00:00,2023-09-12 08:00:00-04:00,57,78.0,72.40391607020403,boost_5y_linear_aligned,True
2023-09-10 04:00:00+00:00,2023-09-12 13:00:00+00:00,2023-09-12 09:00:00-04:00,58,83.0,75.07149538262108,boost_5y_linear_aligned,True
2023-09-10 04:00:00+00:00,2023-09-12 14:00:00+00:00,2023-09-12 10:00:00-04:00,59,85.0,77.58117230108299,boost_5y_linear_aligned,True
2023-09-10 04:00:00+00:00,2023-09-12 15:00:00+00:00,2023-09-12 11:00:00-04:00,60,89.0,79.82128449921997,boost_5y_linear_aligned,True
2023-09-10 04:00:00+00:00,2023-09-12 16:00:00+00:00,2023-09-12 12:00:00-04:00,61,91.0,81.35413731005256,boost_5y_linear_aligned,True
2023-09-10 04:00:00+00:00,2023-09-12 17:00:00+00:00,2023-09-12 13:00:00-04:00,62,93.0,82.02027587401022,boost_5y_linear_aligned,True
2023-09-10 04:00:00+00:00,2023-09-12 18:00:00+00:00,2023-09-12 14:00:00-04:00,63,92.0,82.83265475558082,boost_5y_linear_aligned,True
2023-09-10 04:00:00+00:00,2023-09-12 19:00:00+00:00,2023-09-12 15:00:00-04:00,64,89.0,83.0785509709731,boost_5y_linear_aligned,True
2023-09-10 04:00:00+00:00,2023-09-12 20:00:00+00:00,2023-09-12 16:00:00-04:00,65,89.0,82.6253185726278,boost_5y_linear_aligned,True
2023-09-10 04:00:00+00:00,2023-09-12 21:00:00+00:00,2023-09-12 17:00:00-04:00,66,87.0,81.79774060907802,boost_5y_linear_aligned,True
2023-09-10 04:00:00+00:00,2023-09-12 22:00:00+00:00,2023-09-12 18:00:00-04:00,67,85.0,79.32052559488913,boost_5y_linear_aligned,True
2023-09-10 04:00:00+00:00,2023-09-12 23:00:00+00:00,2023-09-12 19:00:00-04:00,68,78.0,75.7864350028316,boost_5y_linear_aligned,True
2023-09-10 04:00:00+00:00,2023-09-13 00:00:00+00:00,2023-09-12 20:00:00-04:00,69,78.0,73.85885149175229,boost_5y_linear_aligned,True
2023-09-10 04:00:00+00:00,2023-09-13 01:00:00+00:00,2023-09-12 21:00:00-04:00,70,74.0,72.76709782700846,boost_5y_linear_aligned,True
2023-09-10 04:00:00+00:00,2023-09-13 02:00:00+00:00,2023-09-12 22:00:00-04:00,71,73.0,71.90859424828956,boost_5y_linear_aligned,True
2023-09-10 04:00:00+00:00,2023-09-13 03:00:00+00:00,2023-09-12 23:00:00-04:00,72,73.0,71.00234876179819,boost_5y_linear_aligned,True
2023-09-10 04:00:00+00:00,2023-09-13 04:00:00+00:00,2023-09-13 00:00:00-04:00,73,73.0,69.84175087351642,boost_5y_linear_aligned,True
2023-09-10 04:00:00+00:00,2023-09-13 05:00:00+00:00,2023-09-13 01:00:00-04:00,74,72.0,69.21612741998366,boost_5y_linear_aligned,True
2023-09-10 04:00:00+00:00,2023-09-13 06:00:00+00:00,2023-09-13 02:00:00-04:00,75,72.0,68.57723063779893,boost_5y_linear_aligned,True
2023-09-10 04:00:00+00:00,2023-09-13 07:00:00+00:00,2023-09-13 03:00:00-04:00,76,72.0,68.1966173472745,boost_5y_linear_aligned,True
2023-09-10 04:00:00+00:00,2023-09-13 08:00:00+00:00,2023-09-13 04:00:00-04:00,77,71.0,67.54928715488624,boost_5y_linear_aligned,True
2023-09-10 04:00:00+00:00,2023-09-13 09:00:00+00:00,2023-09-13 05:00:00-04:00,78,71.0,67.36899162429526,boost_5y_linear_aligned,True
2023-09-10 04:00:00+00:00,2023-09-13 10:00:00+00:00,2023-09-13 06:00:00-04:00,79,69.0,67.14735740502266,boost_5y_linear_aligned,True
2023-09-10 04:00:00+00:00,2023-09-13 11:00:00+00:00,2023-09-13 07:00:00-04:00,80,72.0,68.67486818470637,boost_5y_linear_aligned,True
2023-09-10 04:00:00+00:00,2023-09-13 12:00:00+00:00,2023-09-13 08:00:00-04:00,81,73.0,72.10858568642874,boost_5y_linear_aligned,True
2023-09-10 04:00:00+00:00,2023-09-13 13:00:00+00:00,2023-09-13 09:00:00-04:00,82,77.0,74.81450220063313,boost_5y_linear_aligned,True
2023-09-10 04:00:00+00:00,2023-09-13 14:00:00+00:00,2023-09-13 10:00:00-04:00,83,82.0,77.39395544820123,boost_5y_linear_aligned,True
2023-09-10 04:00:00+00:00,2023-09-13 15:00:00+00:00,2023-09-13 11:00:00-04:00,84,82.0,79.88842315254847,boost_5y_linear_aligned,True
2023-09-10 04:00:00+00:00,2023-09-13 16:00:00+00:00,2023-09-13 12:00:00-04:00,85,83.0,81.45503346998211,boost_5y_linear_aligned,True
2023-09-10 04:00:00+00:00,2023-09-13 17:00:00+00:00,2023-09-13 13:00:00-04:00,86,86.0,82.04356706804744,boost_5y_linear_aligned,True
2023-09-10 04:00:00+00:00,2023-09-13 18:00:00+00:00,2023-09-13 14:00:00-04:00,87,85.0,82.74296439382336,boost_5y_linear_aligned,True
2023-09-10 04:00:00+00:00,2023-09-13 19:00:00+00:00,2023-09-13 15:00:00-04:00,88,85.0,83.07502051471471,boost_5y_linear_aligned,True
2023-09-10 04:00:00+00:00,2023-09-13 20:00:00+00:00,2023-09-13 16:00:00-04:00,89,85.0,82.30494161157239,boost_5y_linear_aligned,True
2023-09-10 04:00:00+00:00,2023-09-13 21:00:00+00:00,2023-09-13 17:00:00-04:00,90,84.0,81.51553970519721,boost_5y_linear_aligned,True
2023-09-10 04:00:00+00:00,2023-09-13 22:00:00+00:00,2023-09-13 18:00:00-04:00,91,80.0,78.96957394980075,boost_5y_linear_aligned,True
2023-09-10 04:00:00+00:00,2023-09-13 23:00:00+00:00,2023-09-13 19:00:00-04:00,92,79.0,75.0877243518799,boost_5y_linear_aligned,True
2023-09-10 04:00:00+00:00,2023-09-14 00:00:00+00:00,2023-09-13 20:00:00-04:00,93,78.0,73.11322863135244,boost_5y_linear_aligned,True
2023-09-10 04:00:00+00:00,2023-09-14 01:00:00+00:00,2023-09-13 21:00:00-04:00,94,76.0,71.84067034441756,boost_5y_linear_aligned,True
2023-09-10 04:00:00+00:00,2023-09-14 02:00:00+00:00,2023-09-13 22:00:00-04:00,95,75.0,70.94362174462094,boost_5y_linear_aligned,True
2023-09-10 04:00:00+00:00,2023-09-14 03:00:00+00:00,2023-09-13 23:00:00-04:00,96,73.0,69.8066192804937,boost_5y_linear_aligned,True
2023-09-10 04:00:00+00:00,2023-09-14 04:00:00+00:00,2023-09-14 00:00:00-04:00,97,72.0,68.95099215997642,boost_5y_linear_aligned,True
2023-09-10 04:00:00+00:00,2023-09-14 05:00:00+00:00,2023-09-14 01:00:00-04:00,98,72.0,68.28860245318018,boost_5y_linear_aligned,True
2023-09-10 04:00:00+00:00,2023-09-14 06:00:00+00:00,2023-09-14 02:00:00-04:00,99,71.0,67.67714987887908,boost_5y_linear_aligned,True
2023-09-10 04:00:00+00:00,2023-09-14 07:00:00+00:00,2023-09-14 03:00:00-04:00,100,72.0,67.24547223856132,boost_5y_linear_aligned,True
2023-09-10 04:00:00+00:00,2023-09-14 08:00:00+00:00,2023-09-14 04:00:00-04:00,101,70.0,66.65372553341601,boost_5y_linear_aligned,True
2023-09-10 04:00:00+00:00,2023-09-14 09:00:00+00:00,2023-09-14 05:00:00-04:00,102,69.0,66.43161905408003,boost_5y_linear_aligned,True
2023-09-10 04:00:00+00:00,2023-09-14 10:00:00+00:00,2023-09-14 06:00:00-04:00,103,68.0,66.26123362524764,boost_5y_linear_aligned,True
2023-09-10 04:00:00+00:00,2023-09-14 11:00:00+00:00,2023-09-14 07:00:00-04:00,104,69.0,67.82536919104183,boost_5y_linear_aligned,True
2023-09-10 04:00:00+00:00,2023-09-14 12:00:00+00:00,2023-09-14 08:00:00-04:00,105,71.0,71.21205712729217,boost_5y_linear_aligned,True
2023-09-10 04:00:00+00:00,2023-09-14 13:00:00+00:00,2023-09-14 09:00:00-04:00,106,75.0,74.25193527118455,boost_5y_linear_aligned,True
2023-09-10 04:00:00+00:00,2023-09-14 14:00:00+00:00,2023-09-14 10:00:00-04:00,107,78.0,76.87056955007615,boost_5y_linear_aligned,True
2023-09-10 04:00:00+00:00,2023-09-14 15:00:00+00:00,2023-09-14 11:00:00-04:00,108,81.0,79.22421429521617,boost_5y_linear_aligned,True
2023-09-10 04:00:00+00:00,2023-09-14 16:00:00+00:00,2023-09-14 12:00:00-04:00,109,82.0,80.80539000242986,boost_5y_linear_aligned,True
2023-09-10 04:00:00+00:00,2023-09-14 17:00:00+00:00,2023-09-14 13:00:00-04:00,110,82.0,81.95760234982767,boost_5y_linear_aligned,True
2023-09-10 04:00:00+00:00,2023-09-14 18:00:00+00:00,2023-09-14 14:00:00-04:00,111,82.0,82.52887106053558,boost_5y_linear_aligned,True
2023-09-10 04:00:00+00:00,2023-09-14 19:00:00+00:00,2023-09-14 15:00:00-04:00,112,84.0,82.81638209444107,boost_5y_linear_aligned,True
2023-09-10 04:00:00+00:00,2023-09-14 20:00:00+00:00,2023-09-14 16:00:00-04:00,113,82.0,82.03494885967224,boost_5y_linear_aligned,True
2023-09-10 04:00:00+00:00,2023-09-14 21:00:00+00:00,2023-09-14 17:00:00-04:00,114,81.0,81.04357171446347,boost_5y_linear_aligned,True
2023-09-10 04:00:00+00:00,2023-09-14 22:00:00+00:00,2023-09-14 18:00:00-04:00,115,79.0,78.52398467157629,boost_5y_linear_aligned,True
2023-09-10 04:00:00+00:00,2023-09-14 23:00:00+00:00,2023-09-14 19:00:00-04:00,116,74.0,75.19225396949747,boost_5y_linear_aligned,True
2023-09-10 04:00:00+00:00,2023-09-15 00:00:00+00:00,2023-09-14 20:00:00-04:00,117,73.0,73.25165116996969,boost_5y_linear_aligned,True
2023-09-10 04:00:00+00:00,2023-09-15 01:00:00+00:00,2023-09-14 21:00:00-04:00,118,72.0,72.14665820455673,boost_5y_linear_aligned,True
2023-09-10 04:00:00+00:00,2023-09-15 02:00:00+00:00,2023-09-14 22:00:00-04:00,119,68.0,71.20204043084658,boost_5y_linear_aligned,True
2023-09-10 04:00:00+00:00,2023-09-15 03:00:00+00:00,2023-09-14 23:00:00-04:00,120,68.0,70.09493049249882,boost_5y_linear_aligned,True
2023-09-10 04:00:00+00:00,2023-09-15 04:00:00+00:00,2023-09-15 00:00:00-04:00,121,66.0,69.47036420999521,boost_5y_linear_aligned,True
2023-09-10 04:00:00+00:00,2023-09-15 05:00:00+00:00,2023-09-15 01:00:00-04:00,122,65.0,68.84265662261632,boost_5y_linear_aligned,True
2023-09-10 04:00:00+00:00,2023-09-15 06:00:00+00:00,2023-09-15 02:00:00-04:00,123,63.0,68.27727463299719,boost_5y_linear_aligned,True
2023-09-10 04:00:00+00:00,2023-09-15 07:00:00+00:00,2023-09-15 03:00:00-04:00,124,63.0,67.98934688893671,boost_5y_linear_aligned,True
2023-09-10 04:00:00+00:00,2023-09-15 08:00:00+00:00,2023-09-15 04:00:00-04:00,125,62.0,67.41676585924345,boost_5y_linear_aligned,True
2023-09-10 04:00:00+00:00,2023-09-15 09:00:00+00:00,2023-09-15 05:00:00-04:00,126,61.0,67.1502853525339,boost_5y_linear_aligned,True
2023-09-10 04:00:00+00:00,2023-09-15 10:00:00+00:00,2023-09-15 06:00:00-04:00,127,59.0,67.01720194392196,boost_5y_linear_aligned,True
2023-09-10 04:00:00+00:00,2023-09-15 11:00:00+00:00,2023-09-15 07:00:00-04:00,128,61.0,68.36731383206359,boost_5y_linear_aligned,True
2023-09-10 04:00:00+00:00,2023-09-15 12:00:00+00:00,2023-09-15 08:00:00-04:00,129,64.0,71.37039877479896,boost_5y_linear_aligned,True
2023-09-10 04:00:00+00:00,2023-09-15 13:00:00+00:00,2023-09-15 09:00:00-04:00,130,68.0,74.3063789801148,boost_5y_linear_aligned,True
2023-09-10 04:00:00+00:00,2023-09-15 14:00:00+00:00,2023-09-15 10:00:00-04:00,131,72.0,76.83731769791996,boost_5y_linear_aligned,True
2023-09-10 04:00:00+00:00,2023-09-15 15:00:00+00:00,2023-09-15 11:00:00-04:00,132,73.0,79.01697725924035,boost_5y_linear_aligned,True
2023-09-10 04:00:00+00:00,2023-09-15 16:00:00+00:00,2023-09-15 12:00:00-04:00,133,75.0,80.53605912176796,boost_5y_linear_aligned,True
2023-09-10 04:00:00+00:00,2023-09-15 17:00:00+00:00,2023-09-15 13:00:00-04:00,134,77.0,81.41946663362334,boost_5y_linear_aligned,True
2023-09-10 04:00:00+00:00,2023-09-15 18:00:00+00:00,2023-09-15 14:00:00-04:00,135,79.0,82.10190957176333,boost_5y_linear_aligned,True
2023-09-10 04:00:00+00:00,2023-09-15 19:00:00+00:00,2023-09-15 15:00:00-04:00,136,78.0,82.21593805702817,boost_5y_linear_aligned,True
2023-09-10 04:00:00+00:00,2023-09-15 20:00:00+00:00,2023-09-15 16:00:00-04:00,137,78.0,81.42367405995095,boost_5y_linear_aligned,True
2023-09-10 04:00:00+00:00,2023-09-15 21:00:00+00:00,2023-09-15 17:00:00-04:00,138,78.0,80.42457255022751,boost_5y_linear_aligned,True
2023-09-10 04:00:00+00:00,2023-09-15 22:00:00+00:00,2023-09-15 18:00:00-04:00,139,75.0,77.95980430235554,boost_5y_linear_aligned,True
2023-09-10 04:00:00+00:00,2023-09-15 23:00:00+00:00,2023-09-15 19:00:00-04:00,140,68.0,74.62734687726869,boost_5y_linear_aligned,True
2023-09-10 04:00:00+00:00,2023-09-16 00:00:00+00:00,2023-09-15 20:00:00-04:00,141,61.0,72.93582652005573,boost_5y_linear_aligned,True
2023-09-10 04:00:00+00:00,2023-09-16 01:00:00+00:00,2023-09-15 21:00:00-04:00,142,63.0,71.76501743341946,boost_5y_linear_aligned,True
2023-09-10 04:00:00+00:00,2023-09-16 02:00:00+00:00,2023-09-15 22:00:00-04:00,143,60.0,70.64738058321741,boost_5y_linear_aligned,True
2023-09-10 04:00:00+00:00,2023-09-16 03:00:00+00:00,2023-09-15 23:00:00-04:00,144,58.0,69.64321252560612,boost_5y_linear_aligned,True
2023-09-10 04:00:00+00:00,2023-09-16 04:00:00+00:00,2023-09-16 00:00:00-04:00,145,56.0,68.75791620593934,boost_5y_linear_aligned,True
2023-09-10 04:00:00+00:00,2023-09-16 05:00:00+00:00,2023-09-16 01:00:00-04:00,146,56.0,68.1459847065828,boost_5y_linear_aligned,True
2023-09-10 04:00:00+00:00,2023-09-16 06:00:00+00:00,2023-09-16 02:00:00-04:00,147,55.0,67.56416899083585,boost_5y_linear_aligned,True
2023-09-10 04:00:00+00:00,2023-09-16 07:00:00+00:00,2023-09-16 03:00:00-04:00,148,55.0,66.98374970192259,boost_5y_linear_aligned,True
2023-09-10 04:00:00+00:00,2023-09-16 08:00:00+00:00,2023-09-16 04:00:00-04:00,149,54.0,66.35186476270592,boost_5y_linear_aligned,True
2023-09-10 04:00:00+00:00,2023-09-16 09:00:00+00:00,2023-09-16 05:00:00-04:00,150,54.0,65.99073386391765,boost_5y_linear_aligned,True
2023-09-10 04:00:00+00:00,2023-09-16 10:00:00+00:00,2023-09-16 06:00:00-04:00,151,54.0,65.7878171994805,boost_5y_linear_aligned,True
2023-09-10 04:00:00+00:00,2023-09-16 11:00:00+00:00,2023-09-16 07:00:00-04:00,152,57.0,67.18366123991767,boost_5y_linear_aligned,True
2023-09-10 04:00:00+00:00,2023-09-16 12:00:00+00:00,2023-09-16 08:00:00-04:00,153,65.0,70.30104476125344,boost_5y_linear_aligned,True
2023-09-10 04:00:00+00:00,2023-09-16 13:00:00+00:00,2023-09-16 09:00:00-04:00,154,71.0,73.36065722255597,boost_5y_linear_aligned,True
2023-09-10 04:00:00+00:00,2023-09-16 14:00:00+00:00,2023-09-16 10:00:00-04:00,155,77.0,76.03314359276527,boost_5y_linear_aligned,True
2023-09-10 04:00:00+00:00,2023-09-16 15:00:00+00:00,2023-09-16 11:00:00-04:00,156,79.0,78.28797817848077,boost_5y_linear_aligned,True
2023-09-10 04:00:00+00:00,2023-09-16 16:00:00+00:00,2023-09-16 12:00:00-04:00,157,82.0,79.8274698537257,boost_5y_linear_aligned,True
2023-09-10 04:00:00+00:00,2023-09-16 17:00:00+00:00,2023-09-16 13:00:00-04:00,158,82.0,80.7643373034521,boost_5y_linear_aligned,True
2023-09-10 04:00:00+00:00,2023-09-16 18:00:00+00:00,2023-09-16 14:00:00-04:00,159,84.0,81.46165756731037,boost_5y_linear_aligned,True
2023-09-10 04:00:00+00:00,2023-09-16 19:00:00+00:00,2023-09-16 15:00:00-04:00,160,84.0,81.50204763015444,boost_5y_linear_aligned,True
2023-09-10 04:00:00+00:00,2023-09-16 20:00:00+00:00,2023-09-16 16:00:00-04:00,161,85.0,81.05917053575642,boost_5y_linear_aligned,True
2023-09-10 04:00:00+00:00,2023-09-16 21:00:00+00:00,2023-09-16 17:00:00-04:00,162,84.0,79.89498280407153,boost_5y_linear_aligned,True
2023-09-10 04:00:00+00:00,2023-09-16 22:00:00+00:00,2023-09-16 18:00:00-04:00,163,80.0,77.33316535229612,boost_5y_linear_aligned,True
2023-09-10 04:00:00+00:00,2023-09-16 23:00:00+00:00,2023-09-16 19:00:00-04:00,164,77.0,74.00142440095159,boost_5y_linear_aligned,True
2023-09-10 04:00:00+00:00,2023-09-17 00:00:00+00:00,2023-09-16 20:00:00-04:00,165,74.0,72.29474645686473,boost_5y_linear_aligned,True
2023-09-10 04:00:00+00:00,2023-09-17 01:00:00+00:00,2023-09-16 21:00:00-04:00,166,73.0,71.16213963235356,boost_5y_linear_aligned,True
2023-09-10 04:00:00+00:00,2023-09-17 02:00:00+00:00,2023-09-16 22:00:00-04:00,167,71.0,70.03997858610057,boost_5y_linear_aligned,True
2023-09-10 04:00:00+00:00,2023-09-17 03:00:00+00:00,2023-09-16 23:00:00-04:00,168,70.0,68.96846844880896,boost_5y_linear_aligned,True
2023-09-10 04:00:00+00:00,2023-09-17 04:00:00+00:00,2023-09-17 00:00:00-04:00,169,69.0,67.991550007276,boost_5y_linear_aligned,True
2023-09-10 04:00:00+00:00,2023-09-17 05:00:00+00:00,2023-09-17 01:00:00-04:00,170,68.0,67.49775584829695,boost_5y_linear_aligned,True
2023-09-10 04:00:00+00:00,2023-09-17 06:00:00+00:00,2023-09-17 02:00:00-04:00,171,68.0,66.88108966598065,boost_5y_linear_aligned,True
2023-09-10 04:00:00+00:00,2023-09-17 07:00:00+00:00,2023-09-17 03:00:00-04:00,172,64.0,66.16374733475983,boost_5y_linear_aligned,True
2023-09-10 04:00:00+00:00,2023-09-17 08:00:00+00:00,2023-09-17 04:00:00-04:00,173,63.0,65.59392651744346,boost_5y_linear_aligned,True
2023-09-10 04:00:00+00:00,2023-09-17 09:00:00+00:00,2023-09-17 05:00:00-04:00,174,63.0,65.15070266818634,boost_5y_linear_aligned,True
2023-09-10 04:00:00+00:00,2023-09-17 10:00:00+00:00,2023-09-17 06:00:00-04:00,175,67.0,64.94669343395049,boost_5y_linear_aligned,True
2023-09-10 04:00:00+00:00,2023-09-17 11:00:00+00:00,2023-09-17 07:00:00-04:00,176,68.0,66.4816985452114,boost_5y_linear_aligned,True
2023-09-10 04:00:00+00:00,2023-09-17 12:00:00+00:00,2023-09-17 08:00:00-04:00,177,70.0,69.57653163290072,boost_5y_linear_aligned,True
2023-09-10 04:00:00+00:00,2023-09-17 13:00:00+00:00,2023-09-17 09:00:00-04:00,178,73.0,72.78977015490764,boost_5y_linear_aligned,True
2023-09-10 04:00:00+00:00,2023-09-17 14:00:00+00:00,2023-09-17 10:00:00-04:00,179,77.0,75.59692008092249,boost_5y_linear_aligned,True
2023-09-10 04:00:00+00:00,2023-09-17 15:00:00+00:00,2023-09-17 11:00:00-04:00,180,77.0,78.00897170236841,boost_5y_linear_aligned,True
2023-09-10 04:00:00+00:00,2023-09-17 16:00:00+00:00,2023-09-17 12:00:00-04:00,181,75.0,79.71733543085415,boost_5y_linear_aligned,True
2023-09-10 04:00:00+00:00,2023-09-17 17:00:00+00:00,2023-09-17 13:00:00-04:00,182,75.0,80.67162698304084,boost_5y_linear_aligned,True
2023-09-10 04:00:00+00:00,2023-09-17 18:00:00+00:00,2023-09-17 14:00:00-04:00,183,73.0,81.26618560083962,boost_5y_linear_aligned,True
2023-09-10 04:00:00+00:00,2023-09-17 19:00:00+00:00,2023-09-17 15:00:00-04:00,184,70.0,81.22020829165604,boost_5y_linear_aligned,True
2023-09-10 04:00:00+00:00,2023-09-17 20:00:00+00:00,2023-09-17 16:00:00-04:00,185,70.0,81.04232690582693,boost_5y_linear_aligned,True
2023-09-10 04:00:00+00:00,2023-09-17 21:00:00+00:00,2023-09-17 17:00:00-04:00,186,69.0,79.88125769962912,boost_5y_linear_aligned,True
2023-09-10 04:00:00+00:00,2023-09-17 22:00:00+00:00,2023-09-17 18:00:00-04:00,187,69.0,77.22572954425668,boost_5y_linear_aligned,True
2023-09-10 04:00:00+00:00,2023-09-17 23:00:00+00:00,2023-09-17 19:00:00-04:00,188,66.0,73.91076865594981,boost_5y_linear_aligned,True
2023-09-10 04:00:00+00:00,2023-09-18 00:00:00+00:00,2023-09-17 20:00:00-04:00,189,66.0,72.15168625337252,boost_5y_linear_aligned,True
2023-09-10 04:00:00+00:00,2023-09-18 01:00:00+00:00,2023-09-17 21:00:00-04:00,190,66.0,70.9086726912536,boost_5y_linear_aligned,True
2023-09-10 04:00:00+00:00,2023-09-18 02:00:00+00:00,2023-09-17 22:00:00-04:00,191,66.0,69.78498789056378,boost_5y_linear_aligned,True
2023-09-10 04:00:00+00:00,2023-09-18 03:00:00+00:00,2023-09-17 23:00:00-04:00,192,65.0,68.82501028227175,boost_5y_linear_aligned,True
2023-09-10 04:00:00+00:00,2023-09-18 04:00:00+00:00,2023-09-18 00:00:00-04:00,193,65.0,68.23858243994827,boost_5y_linear_aligned,True
2023-09-10 04:00:00+00:00,2023-09-18 05:00:00+00:00,2023-09-18 01:00:00-04:00,194,65.0,67.60815610235358,boost_5y_linear_aligned,True
2023-09-10 04:00:00+00:00,2023-09-18 06:00:00+00:00,2023-09-18 02:00:00-04:00,195,65.0,67.05594316137164,boost_5y_linear_aligned,True
2023-09-10 04:00:00+00:00,2023-09-18 07:00:00+00:00,2023-09-18 03:00:00-04:00,196,65.0,66.45963070975114,boost_5y_linear_aligned,True
2023-09-10 04:00:00+00:00,2023-09-18 08:00:00+00:00,2023-09-18 04:00:00-04:00,197,64.0,65.85875444277484,boost_5y_linear_aligned,True
2023-09-10 04:00:00+00:00,2023-09-18 09:00:00+00:00,2023-09-18 05:00:00-04:00,198,64.0,65.49670317187915,boost_5y_linear_aligned,True
2023-09-10 04:00:00+00:00,2023-09-18 10:00:00+00:00,2023-09-18 06:00:00-04:00,199,63.0,65.29101636142984,boost_5y_linear_aligned,True
2023-09-10 04:00:00+00:00,2023-09-18 11:00:00+00:00,2023-09-18 07:00:00-04:00,200,63.0,66.69215113264532,boost_5y_linear_aligned,True
2023-09-10 04:00:00+00:00,2023-09-18 12:00:00+00:00,2023-09-18 08:00:00-04:00,201,65.0,69.95682941192905,boost_5y_linear_aligned,True
2023-09-10 04:00:00+00:00,2023-09-18 13:00:00+00:00,2023-09-18 09:00:00-04:00,202,69.0,73.25705775129258,boost_5y_linear_aligned,True
2023-09-10 04:00:00+00:00,2023-09-18 14:00:00+00:00,2023-09-18 10:00:00-04:00,203,73.0,76.08974457419562,boost_5y_linear_aligned,True
2023-09-10 04:00:00+00:00,2023-09-18 15:00:00+00:00,2023-09-18 11:00:00-04:00,204,76.0,78.46823649767059,boost_5y_linear_aligned,True
2023-09-10 04:00:00+00:00,2023-09-18 16:00:00+00:00,2023-09-18 12:00:00-04:00,205,76.0,80.08151122594032,boost_5y_linear_aligned,True
2023-09-10 04:00:00+00:00,2023-09-18 17:00:00+00:00,2023-09-18 13:00:00-04:00,206,78.0,81.07575384048779,boost_5y_linear_aligned,True
2023-09-10 04:00:00+00:00,2023-09-18 18:00:00+00:00,2023-09-18 14:00:00-04:00,207,80.0,81.7434714214903,boost_5y_linear_aligned,True
2023-09-10 04:00:00+00:00,2023-09-18 19:00:00+00:00,2023-09-18 15:00:00-04:00,208,81.0,81.4869063487944,boost_5y_linear_aligned,True
2023-09-10 04:00:00+00:00,2023-09-18 20:00:00+00:00,2023-09-18 16:00:00-04:00,209,81.0,81.19784223592283,boost_5y_linear_aligned,True
2023-09-10 04:00:00+00:00,2023-09-18 21:00:00+00:00,2023-09-18 17:00:00-04:00,210,79.0,79.98827171827851,boost_5y_linear_aligned,True
2023-09-10 04:00:00+00:00,2023-09-18 22:00:00+00:00,2023-09-18 18:00:00-04:00,211,76.0,77.26173367056342,boost_5y_linear_aligned,True
2023-09-10 04:00:00+00:00,2023-09-18 23:00:00+00:00,2023-09-18 19:00:00-04:00,212,69.0,73.99626420334089,boost_5y_linear_aligned,True
2023-09-10 04:00:00+00:00,2023-09-19 00:00:00+00:00,2023-09-18 20:00:00-04:00,213,66.0,72.20831782072891,boost_5y_linear_aligned,True
2023-09-10 04:00:00+00:00,2023-09-19 01:00:00+00:00,2023-09-18 21:00:00-04:00,214,64.0,70.96665900928954,boost_5y_linear_aligned,True
2023-09-10 04:00:00+00:00,2023-09-19 02:00:00+00:00,2023-09-18 22:00:00-04:00,215,63.0,69.81871993770717,boost_5y_linear_aligned,True
2023-09-10 04:00:00+00:00,2023-09-19 03:00:00+00:00,2023-09-18 23:00:00-04:00,216,62.0,68.87184167444518,boost_5y_linear_aligned,True
2023-09-10 04:00:00+00:00,2023-09-19 04:00:00+00:00,2023-09-19 00:00:00-04:00,217,60.0,67.81248315199497,boost_5y_linear_aligned,True
2023-09-10 04:00:00+00:00,2023-09-19 05:00:00+00:00,2023-09-19 01:00:00-04:00,218,59.0,67.17005728782938,boost_5y_linear_aligned,True
2023-09-10 04:00:00+00:00,2023-09-19 06:00:00+00:00,2023-09-19 02:00:00-04:00,219,59.0,66.58634602691441,boost_5y_linear_aligned,True
2023-09-10 04:00:00+00:00,2023-09-19 07:00:00+00:00,2023-09-19 03:00:00-04:00,220,57.0,65.91789197478695,boost_5y_linear_aligned,True
2023-09-10 04:00:00+00:00,2023-09-19 08:00:00+00:00,2023-09-19 04:00:00-04:00,221,56.0,65.39757752037687,boost_5y_linear_aligned,True
2023-09-10 04:00:00+00:00,2023-09-19 09:00:00+00:00,2023-09-19 05:00:00-04:00,222,55.0,64.94519190480102,boost_5y_linear_aligned,True
2023-09-10 04:00:00+00:00,2023-09-19 10:00:00+00:00,2023-09-19 06:00:00-04:00,223,55.0,64.7334090440729,boost_5y_linear_aligned,True
2023-09-10 04:00:00+00:00,2023-09-19 11:00:00+00:00,2023-09-19 07:00:00-04:00,224,57.0,66.10331343867337,boost_5y_linear_aligned,True
2023-09-10 04:00:00+00:00,2023-09-19 12:00:00+00:00,2023-09-19 08:00:00-04:00,225,65.0,69.46935845097875,boost_5y_linear_aligned,True
2023-09-10 04:00:00+00:00,2023-09-19 13:00:00+00:00,2023-09-19 09:00:00-04:00,226,70.0,72.86707499255385,boost_5y_linear_aligned,True
2023-09-10 04:00:00+00:00,2023-09-19 14:00:00+00:00,2023-09-19 10:00:00-04:00,227,75.0,75.62414536696157,boost_5y_linear_aligned,True
2023-09-10 04:00:00+00:00,2023-09-19 15:00:00+00:00,2023-09-19 11:00:00-04:00,228,77.0,78.02031908864326,boost_5y_linear_aligned,True
2023-09-10 04:00:00+00:00,2023-09-19 16:00:00+00:00,2023-09-19 12:00:00-04:00,229,81.0,79.64783602000905,boost_5y_linear_aligned,True
2023-09-10 04:00:00+00:00,2023-09-19 17:00:00+00:00,2023-09-19 13:00:00-04:00,230,80.0,80.77955523246472,boost_5y_linear_aligned,True
2023-09-10 04:00:00+00:00,2023-09-19 18:00:00+00:00,2023-09-19 14:00:00-04:00,231,81.0,81.38291995577131,boost_5y_linear_aligned,True
2023-09-10 04:00:00+00:00,2023-09-19 19:00:00+00:00,2023-09-19 15:00:00-04:00,232,79.0,81.08001971461674,boost_5y_linear_aligned,True
2023-09-10 04:00:00+00:00,2023-09-19 20:00:00+00:00,2023-09-19 16:00:00-04:00,233,81.0,80.85585363595811,boost_5y_linear_aligned,True
2023-09-10 04:00:00+00:00,2023-09-19 21:00:00+00:00,2023-09-19 17:00:00-04:00,234,81.0,79.56466969755574,boost_5y_linear_aligned,True
2023-09-10 04:00:00+00:00,2023-09-19 22:00:00+00:00,2023-09-19 18:00:00-04:00,235,77.0,76.85641518639486,boost_5y_linear_aligned,True
2023-09-10 04:00:00+00:00,2023-09-19 23:00:00+00:00,2023-09-19 19:00:00-04:00,236,69.0,73.66993782542673,boost_5y_linear_aligned,True
2023-09-10 04:00:00+00:00,2023-09-20 00:00:00+00:00,2023-09-19 20:00:00-04:00,237,68.0,71.66335704399066,boost_5y_linear_aligned,True
2023-09-10 04:00:00+00:00,2023-09-20 01:00:00+00:00,2023-09-19 21:00:00-04:00,238,65.0,70.44253209612584,boost_5y_linear_aligned,True
2023-09-10 04:00:00+00:00,2023-09-20 02:00:00+00:00,2023-09-19 22:00:00-04:00,239,65.0,69.27952599499675,boost_5y_linear_aligned,True
2023-09-10 04:00:00+00:00,2023-09-20 03:00:00+00:00,2023-09-19 23:00:00-04:00,240,66.0,68.29609555840086,boost_5y_linear_aligned,True
2023-09-10 04:00:00+00:00,2023-09-20 04:00:00+00:00,2023-09-20 00:00:00-04:00,241,67.0,67.2437430821435,boost_5y_linear_aligned,True
2023-09-10 04:00:00+00:00,2023-09-20 05:00:00+00:00,2023-09-20 01:00:00-04:00,242,63.0,66.66309462636163,boost_5y_linear_aligned,True
2023-09-10 04:00:00+00:00,2023-09-20 06:00:00+00:00,2023-09-20 02:00:00-04:00,243,65.0,65.9410002655476,boost_5y_linear_aligned,True
2023-09-10 04:00:00+00:00,2023-09-20 07:00:00+00:00,2023-09-20 03:00:00-04:00,244,63.0,65.32926167798776,boost_5y_linear_aligned,True
2023-09-10 04:00:00+00:00,2023-09-20 08:00:00+00:00,2023-09-20 04:00:00-04:00,245,64.0,64.79334969313499,boost_5y_linear_aligned,True
2023-09-10 04:00:00+00:00,2023-09-20 09:00:00+00:00,2023-09-20 05:00:00-04:00,246,62.0,64.2915902224253,boost_5y_linear_aligned,True
2023-09-10 04:00:00+00:00,2023-09-20 10:00:00+00:00,2023-09-20 06:00:00-04:00,247,62.0,64.04760558431948,boost_5y_linear_aligned,True
2023-09-10 04:00:00+00:00,2023-09-20 11:00:00+00:00,2023-09-20 07:00:00-04:00,248,63.0,65.40667448308595,boost_5y_linear_aligned,True
2023-09-10 04:00:00+00:00,2023-09-20 12:00:00+00:00,2023-09-20 08:00:00-04:00,249,70.0,68.9119263224059,boost_5y_linear_aligned,True
2023-09-10 04:00:00+00:00,2023-09-20 13:00:00+00:00,2023-09-20 09:00:00-04:00,250,74.0,72.23175048482722,boost_5y_linear_aligned,True
2023-09-10 04:00:00+00:00,2023-09-20 14:00:00+00:00,2023-09-20 10:00:00-04:00,251,78.0,74.98644278589619,boost_5y_linear_aligned,True
2023-09-10 04:00:00+00:00,2023-09-20 15:00:00+00:00,2023-09-20 11:00:00-04:00,252,81.0,77.32475352046296,boost_5y_linear_aligned,True
2023-09-10 04:00:00+00:00,2023-09-20 16:00:00+00:00,2023-09-20 12:00:00-04:00,253,83.0,78.89809708840941,boost_5y_linear_aligned,True
2023-09-10 04:00:00+00:00,2023-09-20 17:00:00+00:00,2023-09-20 13:00:00-04:00,254,83.0,80.09532573576315,boost_5y_linear_aligned,True
2023-09-10 04:00:00+00:00,2023-09-20 18:00:00+00:00,2023-09-20 14:00:00-04:00,255,84.0,80.80208337382847,boost_5y_linear_aligned,True
2023-09-10 04:00:00+00:00,2023-09-20 19:00:00+00:00,2023-09-20 15:00:00-04:00,256,81.0,80.46228775272564,boost_5y_linear_aligned,True
2023-09-10 04:00:00+00:00,2023-09-20 20:00:00+00:00,2023-09-20 16:00:00-04:00,257,83.0,80.26285123343429,boost_5y_linear_aligned,True
2023-09-10 04:00:00+00:00,2023-09-20 21:00:00+00:00,2023-09-20 17:00:00-04:00,258,82.0,79.05575703362213,boost_5y_linear_aligned,True
2023-09-10 04:00:00+00:00,2023-09-20 22:00:00+00:00,2023-09-20 18:00:00-04:00,259,79.0,76.4410757935316,boost_5y_linear_aligned,True
2023-09-10 04:00:00+00:00,2023-09-20 23:00:00+00:00,2023-09-20 19:00:00-04:00,260,74.0,73.24616422738124,boost_5y_linear_aligned,True
2023-09-10 04:00:00+00:00,2023-09-21 00:00:00+00:00,2023-09-20 20:00:00-04:00,261,67.0,71.07191751274496,boost_5y_linear_aligned,True
2023-09-10 04:00:00+00:00,2023-09-21 01:00:00+00:00,2023-09-20 21:00:00-04:00,262,69.0,69.8315419892155,boost_5y_linear_aligned,True
2023-09-10 04:00:00+00:00,2023-09-21 02:00:00+00:00,2023-09-20 22:00:00-04:00,263,64.0,68.73701281639923,boost_5y_linear_aligned,True
2023-09-10 04:00:00+00:00,2023-09-21 03:00:00+00:00,2023-09-20 23:00:00-04:00,264,65.0,67.77213211969158,boost_5y_linear_aligned,True
2023-09-10 04:00:00+00:00,2023-09-21 04:00:00+00:00,2023-09-21 00:00:00-04:00,265,67.0,66.55105871001811,boost_5y_linear_aligned,True
2023-09-10 04:00:00+00:00,2023-09-21 05:00:00+00:00,2023-09-21 01:00:00-04:00,266,67.0,65.88483279972718,boost_5y_linear_aligned,True
2023-09-10 04:00:00+00:00,2023-09-21 06:00:00+00:00,2023-09-21 02:00:00-04:00,267,64.0,65.27710463150913,boost_5y_linear_aligned,True
2023-09-10 04:00:00+00:00,2023-09-21 07:00:00+00:00,2023-09-21 03:00:00-04:00,268,65.0,64.57193927539137,boost_5y_linear_aligned,True
2023-09-10 04:00:00+00:00,2023-09-21 08:00:00+00:00,2023-09-21 04:00:00-04:00,269,64.0,64.12472523931584,boost_5y_linear_aligned,True
2023-09-10 04:00:00+00:00,2023-09-21 09:00:00+00:00,2023-09-21 05:00:00-04:00,270,64.0,63.517375339049075,boost_5y_linear_aligned,True
2023-09-10 04:00:00+00:00,2023-09-21 10:00:00+00:00,2023-09-21 06:00:00-04:00,271,62.0,63.31381905016217,boost_5y_linear_aligned,True
2023-09-10 04:00:00+00:00,2023-09-21 11:00:00+00:00,2023-09-21 07:00:00-04:00,272,65.0,64.72731490271174,boost_5y_linear_aligned,True
2023-09-10 04:00:00+00:00,2023-09-21 12:00:00+00:00,2023-09-21 08:00:00-04:00,273,68.0,68.36601722725028,boost_5y_linear_aligned,True
2023-09-10 04:00:00+00:00,2023-09-21 13:00:00+00:00,2023-09-21 09:00:00-04:00,274,71.0,71.93969396959413,boost_5y_linear_aligned,True
2023-09-10 04:00:00+00:00,2023-09-21 14:00:00+00:00,2023-09-21 10:00:00-04:00,275,75.0,74.87068943403277,boost_5y_linear_aligned,True
2023-09-10 04:00:00+00:00,2023-09-21 15:00:00+00:00,2023-09-21 11:00:00-04:00,276,76.0,77.2677417310868,boost_5y_linear_aligned,True
2023-09-10 04:00:00+00:00,2023-09-21 16:00:00+00:00,2023-09-21 12:00:00-04:00,277,81.0,78.88727579330538,boost_5y_linear_aligned,True
2023-09-10 04:00:00+00:00,2023-09-21 17:00:00+00:00,2023-09-21 13:00:00-04:00,278,82.0,80.01941811269732,boost_5y_linear_aligned,True
2023-09-10 04:00:00+00:00,2023-09-21 18:00:00+00:00,2023-09-21 14:00:00-04:00,279,80.0,80.70927198939233,boost_5y_linear_aligned,True
2023-09-10 04:00:00+00:00,2023-09-21 19:00:00+00:00,2023-09-21 15:00:00-04:00,280,82.0,80.40278227952815,boost_5y_linear_aligned,True
2023-09-10 04:00:00+00:00,2023-09-21 20:00:00+00:00,2023-09-21 16:00:00-04:00,281,82.0,80.09969479121175,boost_5y_linear_aligned,True
2023-09-10 04:00:00+00:00,2023-09-21 21:00:00+00:00,2023-09-21 17:00:00-04:00,282,79.0,78.73074012550907,boost_5y_linear_aligned,True
2023-09-10 04:00:00+00:00,2023-09-21 22:00:00+00:00,2023-09-21 18:00:00-04:00,283,78.0,76.03782581086742,boost_5y_linear_aligned,True
2023-09-10 04:00:00+00:00,2023-09-21 23:00:00+00:00,2023-09-21 19:00:00-04:00,284,73.0,72.7849925382727,boost_5y_linear_aligned,True
2023-09-10 04:00:00+00:00,2023-09-22 00:00:00+00:00,2023-09-21 20:00:00-04:00,285,71.0,70.63015968863935,boost_5y_linear_aligned,True
2023-09-10 04:00:00+00:00,2023-09-22 01:00:00+00:00,2023-09-21 21:00:00-04:00,286,70.0,69.33823581034812,boost_5y_linear_aligned,True
2023-09-10 04:00:00+00:00,2023-09-22 02:00:00+00:00,2023-09-21 22:00:00-04:00,287,69.0,68.29154548618052,boost_5y_linear_aligned,True
2023-09-10 04:00:00+00:00,2023-09-22 03:00:00+00:00,2023-09-21 23:00:00-04:00,288,68.0,67.30272349072715,boost_5y_linear_aligned,True
2023-09-10 04:00:00+00:00,2023-09-22 04:00:00+00:00,2023-09-22 00:00:00-04:00,289,67.0,66.33631538855143,boost_5y_linear_aligned,True
2023-09-10 04:00:00+00:00,2023-09-22 05:00:00+00:00,2023-09-22 01:00:00-04:00,290,65.0,65.58418018416644,boost_5y_linear_aligned,True
2023-09-10 04:00:00+00:00,2023-09-22 06:00:00+00:00,2023-09-22 02:00:00-04:00,291,65.0,64.987353807904,boost_5y_linear_aligned,True
2023-09-10 04:00:00+00:00,2023-09-22 07:00:00+00:00,2023-09-22 03:00:00-04:00,292,64.0,64.33534256536441,boost_5y_linear_aligned,True
2023-09-10 04:00:00+00:00,2023-09-22 08:00:00+00:00,2023-09-22 04:00:00-04:00,293,64.0,63.86998701784688,boost_5y_linear_aligned,True
2023-09-10 04:00:00+00:00,2023-09-22 09:00:00+00:00,2023-09-22 05:00:00-04:00,294,63.0,63.18341383500133,boost_5y_linear_aligned,True
2023-09-10 04:00:00+00:00,2023-09-22 10:00:00+00:00,2023-09-22 06:00:00-04:00,295,63.0,62.900054779133676,boost_5y_linear_aligned,True
2023-09-10 04:00:00+00:00,2023-09-22 11:00:00+00:00,2023-09-22 07:00:00-04:00,296,64.0,64.3290430901163,boost_5y_linear_aligned,True
2023-09-10 04:00:00+00:00,2023-09-22 12:00:00+00:00,2023-09-22 08:00:00-04:00,297,65.0,68.00883578082322,boost_5y_linear_aligned,True
2023-09-10 04:00:00+00:00,2023-09-22 13:00:00+00:00,2023-09-22 09:00:00-04:00,298,66.0,71.61398666418648,boost_5y_linear_aligned,True
2023-09-10 04:00:00+00:00,2023-09-22 14:00:00+00:00,2023-09-22 10:00:00-04:00,299,67.0,74.67386184267717,boost_5y_linear_aligned,True
2023-09-10 04:00:00+00:00,2023-09-22 15:00:00+00:00,2023-09-22 11:00:00-04:00,300,68.0,77.00914266668457,boost_5y_linear_aligned,True
2023-09-10 04:00:00+00:00,2023-09-22 16:00:00+00:00,2023-09-22 12:00:00-04:00,301,69.0,78.66951546933281,boost_5y_linear_aligned,True
2023-09-10 04:00:00+00:00,2023-09-22 17:00:00+00:00,2023-09-22 13:00:00-04:00,302,68.0,79.89582654632538,boost_5y_linear_aligned,True
2023-09-10 04:00:00+00:00,2023-09-22 18:00:00+00:00,2023-09-22 14:00:00-04:00,303,69.0,80.55164097792067,boost_5y_linear_aligned,True
2023-09-10 04:00:00+00:00,2023-09-22 19:00:00+00:00,2023-09-22 15:00:00-04:00,304,69.0,80.32530765954999,boost_5y_linear_aligned,True
2023-09-10 04:00:00+00:00,2023-09-22 20:00:00+00:00,2023-09-22 16:00:00-04:00,305,69.0,79.96432443001244,boost_5y_linear_aligned,True
2023-09-10 04:00:00+00:00,2023-09-22 21:00:00+00:00,2023-09-22 17:00:00-04:00,306,68.0,78.5702955829644,boost_5y_linear_aligned,True
2023-09-10 04:00:00+00:00,2023-09-22 22:00:00+00:00,2023-09-22 18:00:00-04:00,307,66.0,75.85512807749656,boost_5y_linear_aligned,True
2023-09-10 04:00:00+00:00,2023-09-22 23:00:00+00:00,2023-09-22 19:00:00-04:00,308,65.0,72.67291300883467,boost_5y_linear_aligned,True
2023-09-10 04:00:00+00:00,2023-09-23 00:00:00+00:00,2023-09-22 20:00:00-04:00,309,65.0,70.65607040199491,boost_5y_linear_aligned,True
2023-09-10 04:00:00+00:00,2023-09-23 01:00:00+00:00,2023-09-22 21:00:00-04:00,310,64.0,69.37626898672602,boost_5y_linear_aligned,True
2023-09-10 04:00:00+00:00,2023-09-23 02:00:00+00:00,2023-09-22 22:00:00-04:00,311,64.0,68.32313259012723,boost_5y_linear_aligned,True
2023-09-10 04:00:00+00:00,2023-09-23 03:00:00+00:00,2023-09-22 23:00:00-04:00,312,63.0,67.40126828911406,boost_5y_linear_aligned,True
2023-09-10 04:00:00+00:00,2023-09-23 04:00:00+00:00,2023-09-23 00:00:00-04:00,313,62.0,65.93700443398679,boost_5y_linear_aligned,True
2023-09-10 04:00:00+00:00,2023-09-23 05:00:00+00:00,2023-09-23 01:00:00-04:00,314,62.0,65.15990434389047,boost_5y_linear_aligned,True
2023-09-10 04:00:00+00:00,2023-09-23 06:00:00+00:00,2023-09-23 02:00:00-04:00,315,61.0,64.55971821188211,boost_5y_linear_aligned,True
2023-09-10 04:00:00+00:00,2023-09-23 07:00:00+00:00,2023-09-23 03:00:00-04:00,316,60.0,63.82010322573606,boost_5y_linear_aligned,True
2023-09-10 04:00:00+00:00,2023-09-23 08:00:00+00:00,2023-09-23 04:00:00-04:00,317,60.0,63.37091838944312,boost_5y_linear_aligned,True
2023-09-10 04:00:00+00:00,2023-09-23 09:00:00+00:00,2023-09-23 05:00:00-04:00,318,59.0,62.667101748740315,boost_5y_linear_aligned,True
2023-09-10 04:00:00+00:00,2023-09-23 10:00:00+00:00,2023-09-23 06:00:00-04:00,319,60.0,62.36231324592244,boost_5y_linear_aligned,True
2023-09-10 04:00:00+00:00,2023-09-23 11:00:00+00:00,2023-09-23 07:00:00-04:00,320,60.0,63.65369004416883,boost_5y_linear_aligned,True
2023-09-10 04:00:00+00:00,2023-09-23 12:00:00+00:00,2023-09-23 08:00:00-04:00,321,60.0,67.17073163871697,boost_5y_linear_aligned,True
2023-09-10 04:00:00+00:00,2023-09-23 13:00:00+00:00,2023-09-23 09:00:00-04:00,322,60.0,70.55120966218402,boost_5y_linear_aligned,True
2023-09-10 04:00:00+00:00,2023-09-23 14:00:00+00:00,2023-09-23 10:00:00-04:00,323,60.0,73.61217650475524,boost_5y_linear_aligned,True
2023-09-10 04:00:00+00:00,2023-09-23 15:00:00+00:00,2023-09-23 11:00:00-04:00,324,60.0,75.8790518500775,boost_5y_linear_aligned,True
2023-09-10 04:00:00+00:00,2023-09-23 16:00:00+00:00,2023-09-23 12:00:00-04:00,325,60.0,77.55847352188069,boost_5y_linear_aligned,True
2023-09-10 04:00:00+00:00,2023-09-23 17:00:00+00:00,2023-09-23 13:00:00-04:00,326,61.0,78.88357606352406,boost_5y_linear_aligned,True
2023-09-10 04:00:00+00:00,2023-09-23 18:00:00+00:00,2023-09-23 14:00:00-04:00,327,62.0,79.57830293054985,boost_5y_linear_aligned,True
2023-09-10 04:00:00+00:00,2023-09-23 19:00:00+00:00,2023-09-23 15:00:00-04:00,328,62.0,79.37664921846861,boost_5y_linear_aligned,True
2023-09-10 04:00:00+00:00,2023-09-23 20:00:00+00:00,2023-09-23 16:00:00-04:00,329,63.0,79.11769188019139,boost_5y_linear_aligned,True
2023-09-10 04:00:00+00:00,2023-09-23 21:00:00+00:00,2023-09-23 17:00:00-04:00,330,63.0,77.70760103960316,boost_5y_linear_aligned,True
2023-09-10 04:00:00+00:00,2023-09-23 22:00:00+00:00,2023-09-23 18:00:00-04:00,331,63.0,74.95735373225332,boost_5y_linear_aligned,True
2023-09-10 04:00:00+00:00,2023-09-23 23:00:00+00:00,2023-09-23 19:00:00-04:00,332,62.0,71.62202143002443,boost_5y_linear_aligned,True
2023-09-10 04:00:00+00:00,2023-09-24 00:00:00+00:00,2023-09-23 20:00:00-04:00,333,62.0,69.64146181516074,boost_5y_linear_aligned,True
2023-09-10 04:00:00+00:00,2023-09-24 01:00:00+00:00,2023-09-23 21:00:00-04:00,334,62.0,68.47187843132154,boost_5y_linear_aligned,True
2023-09-10 04:00:00+00:00,2023-09-24 02:00:00+00:00,2023-09-23 22:00:00-04:00,335,63.0,67.54226392774888,boost_5y_linear_aligned,True
2023-09-10 04:00:00+00:00,2023-09-24 03:00:00+00:00,2023-09-23 23:00:00-04:00,336,63.0,66.63121287207535,boost_5y_linear_aligned,True
2023-09-17 04:00:00+00:00,2023-09-17 04:00:00+00:00,2023-09-17 00:00:00-04:00,1,69.0,68.45545260592975,boost_5y_linear_aligned,True
2023-09-17 04:00:00+00:00,2023-09-17 05:00:00+00:00,2023-09-17 01:00:00-04:00,2,68.0,67.54067853672414,boost_5y_linear_aligned,True
2023-09-17 04:00:00+00:00,2023-09-17 06:00:00+00:00,2023-09-17 02:00:00-04:00,3,68.0,66.31017810976633,boost_5y_linear_aligned,True
2023-09-17 04:00:00+00:00,2023-09-17 07:00:00+00:00,2023-09-17 03:00:00-04:00,4,64.0,65.70057771666465,boost_5y_linear_aligned,True
2023-09-17 04:00:00+00:00,2023-09-17 08:00:00+00:00,2023-09-17 04:00:00-04:00,5,63.0,64.83821393373869,boost_5y_linear_aligned,True
2023-09-17 04:00:00+00:00,2023-09-17 09:00:00+00:00,2023-09-17 05:00:00-04:00,6,63.0,64.61228473404324,boost_5y_linear_aligned,True
2023-09-17 04:00:00+00:00,2023-09-17 10:00:00+00:00,2023-09-17 06:00:00-04:00,7,67.0,64.38788310610262,boost_5y_linear_aligned,True
2023-09-17 04:00:00+00:00,2023-09-17 11:00:00+00:00,2023-09-17 07:00:00-04:00,8,68.0,65.88757420867692,boost_5y_linear_aligned,True
2023-09-17 04:00:00+00:00,2023-09-17 12:00:00+00:00,2023-09-17 08:00:00-04:00,9,70.0,68.77883279329664,boost_5y_linear_aligned,True
2023-09-17 04:00:00+00:00,2023-09-17 13:00:00+00:00,2023-09-17 09:00:00-04:00,10,73.0,72.48482656768574,boost_5y_linear_aligned,True
2023-09-17 04:00:00+00:00,2023-09-17 14:00:00+00:00,2023-09-17 10:00:00-04:00,11,77.0,76.01252187059801,boost_5y_linear_aligned,True
2023-09-17 04:00:00+00:00,2023-09-17 15:00:00+00:00,2023-09-17 11:00:00-04:00,12,77.0,78.85898635570923,boost_5y_linear_aligned,True
2023-09-17 04:00:00+00:00,2023-09-17 16:00:00+00:00,2023-09-17 12:00:00-04:00,13,75.0,80.62048327095408,boost_5y_linear_aligned,True
2023-09-17 04:00:00+00:00,2023-09-17 17:00:00+00:00,2023-09-17 13:00:00-04:00,14,75.0,81.63346636312447,boost_5y_linear_aligned,True
2023-09-17 04:00:00+00:00,2023-09-17 18:00:00+00:00,2023-09-17 14:00:00-04:00,15,73.0,82.69620134968186,boost_5y_linear_aligned,True
2023-09-17 04:00:00+00:00,2023-09-17 19:00:00+00:00,2023-09-17 15:00:00-04:00,16,70.0,82.70712049660831,boost_5y_linear_aligned,True
2023-09-17 04:00:00+00:00,2023-09-17 20:00:00+00:00,2023-09-17 16:00:00-04:00,17,70.0,82.05811250759986,boost_5y_linear_aligned,True
2023-09-17 04:00:00+00:00,2023-09-17 21:00:00+00:00,2023-09-17 17:00:00-04:00,18,69.0,80.7120367366293,boost_5y_linear_aligned,True
2023-09-17 04:00:00+00:00,2023-09-17 22:00:00+00:00,2023-09-17 18:00:00-04:00,19,69.0,77.73975507289046,boost_5y_linear_aligned,True
2023-09-17 04:00:00+00:00,2023-09-17 23:00:00+00:00,2023-09-17 19:00:00-04:00,20,66.0,73.94863566427834,boost_5y_linear_aligned,True
2023-09-17 04:00:00+00:00,2023-09-18 00:00:00+00:00,2023-09-17 20:00:00-04:00,21,66.0,71.70829395854543,boost_5y_linear_aligned,True
2023-09-17 04:00:00+00:00,2023-09-18 01:00:00+00:00,2023-09-17 21:00:00-04:00,22,66.0,70.46931561498732,boost_5y_linear_aligned,True
2023-09-17 04:00:00+00:00,2023-09-18 02:00:00+00:00,2023-09-17 22:00:00-04:00,23,66.0,69.22327691860548,boost_5y_linear_aligned,True
2023-09-17 04:00:00+00:00,2023-09-18 03:00:00+00:00,2023-09-17 23:00:00-04:00,24,65.0,68.44086313409532,boost_5y_linear_aligned,True
2023-09-17 04:00:00+00:00,2023-09-18 04:00:00+00:00,2023-09-18 00:00:00-04:00,25,65.0,67.20451692304417,boost_5y_linear_aligned,True
2023-09-17 04:00:00+00:00,2023-09-18 05:00:00+00:00,2023-09-18 01:00:00-04:00,26,65.0,66.64642453472796,boost_5y_linear_aligned,True
2023-09-17 04:00:00+00:00,2023-09-18 06:00:00+00:00,2023-09-18 02:00:00-04:00,27,65.0,66.01395666217188,boost_5y_linear_aligned,True
2023-09-17 04:00:00+00:00,2023-09-18 07:00:00+00:00,2023-09-18 03:00:00-04:00,28,65.0,65.82382144517686,boost_5y_linear_aligned,True
2023-09-17 04:00:00+00:00,2023-09-18 08:00:00+00:00,2023-09-18 04:00:00-04:00,29,64.0,65.23640384415035,boost_5y_linear_aligned,True
2023-09-17 04:00:00+00:00,2023-09-18 09:00:00+00:00,2023-09-18 05:00:00-04:00,30,64.0,64.78295941895287,boost_5y_linear_aligned,True
2023-09-17 04:00:00+00:00,2023-09-18 10:00:00+00:00,2023-09-18 06:00:00-04:00,31,63.0,64.58646146237324,boost_5y_linear_aligned,True
2023-09-17 04:00:00+00:00,2023-09-18 11:00:00+00:00,2023-09-18 07:00:00-04:00,32,63.0,65.91911992614145,boost_5y_linear_aligned,True
2023-09-17 04:00:00+00:00,2023-09-18 12:00:00+00:00,2023-09-18 08:00:00-04:00,33,65.0,69.12542346784173,boost_5y_linear_aligned,True
2023-09-17 04:00:00+00:00,2023-09-18 13:00:00+00:00,2023-09-18 09:00:00-04:00,34,69.0,73.03365548216648,boost_5y_linear_aligned,True
2023-09-17 04:00:00+00:00,2023-09-18 14:00:00+00:00,2023-09-18 10:00:00-04:00,35,73.0,76.54982006362117,boost_5y_linear_aligned,True
2023-09-17 04:00:00+00:00,2023-09-18 15:00:00+00:00,2023-09-18 11:00:00-04:00,36,76.0,79.23993985955481,boost_5y_linear_aligned,True
2023-09-17 04:00:00+00:00,2023-09-18 16:00:00+00:00,2023-09-18 12:00:00-04:00,37,76.0,80.91374399047977,boost_5y_linear_aligned,True
2023-09-17 04:00:00+00:00,2023-09-18 17:00:00+00:00,2023-09-18 13:00:00-04:00,38,78.0,82.07965375089906,boost_5y_linear_aligned,True
2023-09-17 04:00:00+00:00,2023-09-18 18:00:00+00:00,2023-09-18 14:00:00-04:00,39,80.0,82.76629593418693,boost_5y_linear_aligned,True
2023-09-17 04:00:00+00:00,2023-09-18 19:00:00+00:00,2023-09-18 15:00:00-04:00,40,81.0,82.5822043092842,boost_5y_linear_aligned,True
2023-09-17 04:00:00+00:00,2023-09-18 20:00:00+00:00,2023-09-18 16:00:00-04:00,41,81.0,82.0596383715015,boost_5y_linear_aligned,True
2023-09-17 04:00:00+00:00,2023-09-18 21:00:00+00:00,2023-09-18 17:00:00-04:00,42,79.0,80.64265156304309,boost_5y_linear_aligned,True
2023-09-17 04:00:00+00:00,2023-09-18 22:00:00+00:00,2023-09-18 18:00:00-04:00,43,76.0,77.50402201746874,boost_5y_linear_aligned,True
2023-09-17 04:00:00+00:00,2023-09-18 23:00:00+00:00,2023-09-18 19:00:00-04:00,44,69.0,73.90319550634514,boost_5y_linear_aligned,True
2023-09-17 04:00:00+00:00,2023-09-19 00:00:00+00:00,2023-09-18 20:00:00-04:00,45,66.0,71.91844175417243,boost_5y_linear_aligned,True
2023-09-17 04:00:00+00:00,2023-09-19 01:00:00+00:00,2023-09-18 21:00:00-04:00,46,64.0,70.49904828540629,boost_5y_linear_aligned,True
2023-09-17 04:00:00+00:00,2023-09-19 02:00:00+00:00,2023-09-18 22:00:00-04:00,47,63.0,69.30108401149081,boost_5y_linear_aligned,True
2023-09-17 04:00:00+00:00,2023-09-19 03:00:00+00:00,2023-09-18 23:00:00-04:00,48,62.0,68.48894094243386,boost_5y_linear_aligned,True
2023-09-17 04:00:00+00:00,2023-09-19 04:00:00+00:00,2023-09-19 00:00:00-04:00,49,60.0,67.43887454113414,boost_5y_linear_aligned,True
2023-09-17 04:00:00+00:00,2023-09-19 05:00:00+00:00,2023-09-19 01:00:00-04:00,50,59.0,66.79242023676477,boost_5y_linear_aligned,True
2023-09-17 04:00:00+00:00,2023-09-19 06:00:00+00:00,2023-09-19 02:00:00-04:00,51,59.0,66.14643067059494,boost_5y_linear_aligned,True
2023-09-17 04:00:00+00:00,2023-09-19 07:00:00+00:00,2023-09-19 03:00:00-04:00,52,57.0,65.54488353701655,boost_5y_linear_aligned,True
2023-09-17 04:00:00+00:00,2023-09-19 08:00:00+00:00,2023-09-19 04:00:00-04:00,53,56.0,64.95668257598028,boost_5y_linear_aligned,True
2023-09-17 04:00:00+00:00,2023-09-19 09:00:00+00:00,2023-09-19 05:00:00-04:00,54,55.0,64.2801544448481,boost_5y_linear_aligned,True
2023-09-17 04:00:00+00:00,2023-09-19 10:00:00+00:00,2023-09-19 06:00:00-04:00,55,55.0,64.03653685085828,boost_5y_linear_aligned,True
2023-09-17 04:00:00+00:00,2023-09-19 11:00:00+00:00,2023-09-19 07:00:00-04:00,56,57.0,65.42202363957392,boost_5y_linear_aligned,True
2023-09-17 04:00:00+00:00,2023-09-19 12:00:00+00:00,2023-09-19 08:00:00-04:00,57,65.0,68.75613922763874,boost_5y_linear_aligned,True
2023-09-17 04:00:00+00:00,2023-09-19 13:00:00+00:00,2023-09-19 09:00:00-04:00,58,70.0,72.54304805276992,boost_5y_linear_aligned,True
2023-09-17 04:00:00+00:00,2023-09-19 14:00:00+00:00,2023-09-19 10:00:00-04:00,59,75.0,75.82466252827167,boost_5y_linear_aligned,True
2023-09-17 04:00:00+00:00,2023-09-19 15:00:00+00:00,2023-09-19 11:00:00-04:00,60,77.0,78.51558178610212,boost_5y_linear_aligned,True
2023-09-17 04:00:00+00:00,2023-09-19 16:00:00+00:00,2023-09-19 12:00:00-04:00,61,81.0,80.15218831919039,boost_5y_linear_aligned,True
2023-09-17 04:00:00+00:00,2023-09-19 17:00:00+00:00,2023-09-19 13:00:00-04:00,62,80.0,81.39627524427178,boost_5y_linear_aligned,True
2023-09-17 04:00:00+00:00,2023-09-19 18:00:00+00:00,2023-09-19 14:00:00-04:00,63,81.0,82.03486544280625,boost_5y_linear_aligned,True
2023-09-17 04:00:00+00:00,2023-09-19 19:00:00+00:00,2023-09-19 15:00:00-04:00,64,79.0,82.81474692020389,boost_5y_linear_aligned,True
2023-09-17 04:00:00+00:00,2023-09-19 20:00:00+00:00,2023-09-19 16:00:00-04:00,65,81.0,82.40829515102716,boost_5y_linear_aligned,True
2023-09-17 04:00:00+00:00,2023-09-19 21:00:00+00:00,2023-09-19 17:00:00-04:00,66,81.0,80.92709104156486,boost_5y_linear_aligned,True
2023-09-17 04:00:00+00:00,2023-09-19 22:00:00+00:00,2023-09-19 18:00:00-04:00,67,77.0,77.83843393477461,boost_5y_linear_aligned,True
2023-09-17 04:00:00+00:00,2023-09-19 23:00:00+00:00,2023-09-19 19:00:00-04:00,68,69.0,74.28880199507152,boost_5y_linear_aligned,True
2023-09-17 04:00:00+00:00,2023-09-20 00:00:00+00:00,2023-09-19 20:00:00-04:00,69,68.0,72.08032846443032,boost_5y_linear_aligned,True
2023-09-17 04:00:00+00:00,2023-09-20 01:00:00+00:00,2023-09-19 21:00:00-04:00,70,65.0,70.93902207106096,boost_5y_linear_aligned,True
2023-09-17 04:00:00+00:00,2023-09-20 02:00:00+00:00,2023-09-19 22:00:00-04:00,71,65.0,69.61222524657092,boost_5y_linear_aligned,True
2023-09-17 04:00:00+00:00,2023-09-20 03:00:00+00:00,2023-09-19 23:00:00-04:00,72,66.0,68.76049802075039,boost_5y_linear_aligned,True
2023-09-17 04:00:00+00:00,2023-09-20 04:00:00+00:00,2023-09-20 00:00:00-04:00,73,67.0,67.70159424873928,boost_5y_linear_aligned,True
2023-09-17 04:00:00+00:00,2023-09-20 05:00:00+00:00,2023-09-20 01:00:00-04:00,74,63.0,67.08044690028274,boost_5y_linear_aligned,True
2023-09-17 04:00:00+00:00,2023-09-20 06:00:00+00:00,2023-09-20 02:00:00-04:00,75,65.0,66.3782754528045,boost_5y_linear_aligned,True
2023-09-17 04:00:00+00:00,2023-09-20 07:00:00+00:00,2023-09-20 03:00:00-04:00,76,63.0,65.80841378717845,boost_5y_linear_aligned,True
2023-09-17 04:00:00+00:00,2023-09-20 08:00:00+00:00,2023-09-20 04:00:00-04:00,77,64.0,65.21382118731898,boost_5y_linear_aligned,True
2023-09-17 04:00:00+00:00,2023-09-20 09:00:00+00:00,2023-09-20 05:00:00-04:00,78,62.0,64.69034347504493,boost_5y_linear_aligned,True
2023-09-17 04:00:00+00:00,2023-09-20 10:00:00+00:00,2023-09-20 06:00:00-04:00,79,62.0,64.42412324031406,boost_5y_linear_aligned,True
2023-09-17 04:00:00+00:00,2023-09-20 11:00:00+00:00,2023-09-20 07:00:00-04:00,80,63.0,65.81725867473986,boost_5y_linear_aligned,True
2023-09-17 04:00:00+00:00,2023-09-20 12:00:00+00:00,2023-09-20 08:00:00-04:00,81,70.0,69.23784449125688,boost_5y_linear_aligned,True
2023-09-17 04:00:00+00:00,2023-09-20 13:00:00+00:00,2023-09-20 09:00:00-04:00,82,74.0,72.79655841561365,boost_5y_linear_aligned,True
2023-09-17 04:00:00+00:00,2023-09-20 14:00:00+00:00,2023-09-20 10:00:00-04:00,83,78.0,75.93816459818355,boost_5y_linear_aligned,True
2023-09-17 04:00:00+00:00,2023-09-20 15:00:00+00:00,2023-09-20 11:00:00-04:00,84,81.0,78.28897871864984,boost_5y_linear_aligned,True
2023-09-17 04:00:00+00:00,2023-09-20 16:00:00+00:00,2023-09-20 12:00:00-04:00,85,83.0,80.46882395535134,boost_5y_linear_aligned,True
2023-09-17 04:00:00+00:00,2023-09-20 17:00:00+00:00,2023-09-20 13:00:00-04:00,86,83.0,81.84377296715695,boost_5y_linear_aligned,True
2023-09-17 04:00:00+00:00,2023-09-20 18:00:00+00:00,2023-09-20 14:00:00-04:00,87,84.0,82.55460003955511,boost_5y_linear_aligned,True
2023-09-17 04:00:00+00:00,2023-09-20 19:00:00+00:00,2023-09-20 15:00:00-04:00,88,81.0,82.25822718633304,boost_5y_linear_aligned,True
2023-09-17 04:00:00+00:00,2023-09-20 20:00:00+00:00,2023-09-20 16:00:00-04:00,89,83.0,81.97253388111714,boost_5y_linear_aligned,True
2023-09-17 04:00:00+00:00,2023-09-20 21:00:00+00:00,2023-09-20 17:00:00-04:00,90,82.0,80.52346032079551,boost_5y_linear_aligned,True
2023-09-17 04:00:00+00:00,2023-09-20 22:00:00+00:00,2023-09-20 18:00:00-04:00,91,79.0,77.55949242427651,boost_5y_linear_aligned,True
2023-09-17 04:00:00+00:00,2023-09-20 23:00:00+00:00,2023-09-20 19:00:00-04:00,92,74.0,74.12753913707598,boost_5y_linear_aligned,True
2023-09-17 04:00:00+00:00,2023-09-21 00:00:00+00:00,2023-09-20 20:00:00-04:00,93,67.0,71.79418066364491,boost_5y_linear_aligned,True
2023-09-17 04:00:00+00:00,2023-09-21 01:00:00+00:00,2023-09-20 21:00:00-04:00,94,69.0,70.64101339055503,boost_5y_linear_aligned,True
2023-09-17 04:00:00+00:00,2023-09-21 02:00:00+00:00,2023-09-20 22:00:00-04:00,95,64.0,69.41724418188414,boost_5y_linear_aligned,True
2023-09-17 04:00:00+00:00,2023-09-21 03:00:00+00:00,2023-09-20 23:00:00-04:00,96,65.0,68.30720136218298,boost_5y_linear_aligned,True
2023-09-17 04:00:00+00:00,2023-09-21 04:00:00+00:00,2023-09-21 00:00:00-04:00,97,67.0,67.09008696157372,boost_5y_linear_aligned,True
2023-09-17 04:00:00+00:00,2023-09-21 05:00:00+00:00,2023-09-21 01:00:00-04:00,98,67.0,66.41669762027588,boost_5y_linear_aligned,True
2023-09-17 04:00:00+00:00,2023-09-21 06:00:00+00:00,2023-09-21 02:00:00-04:00,99,64.0,65.80462571800938,boost_5y_linear_aligned,True
2023-09-17 04:00:00+00:00,2023-09-21 07:00:00+00:00,2023-09-21 03:00:00-04:00,100,65.0,65.10450438187557,boost_5y_linear_aligned,True
2023-09-17 04:00:00+00:00,2023-09-21 08:00:00+00:00,2023-09-21 04:00:00-04:00,101,64.0,64.5777727107239,boost_5y_linear_aligned,True
2023-09-17 04:00:00+00:00,2023-09-21 09:00:00+00:00,2023-09-21 05:00:00-04:00,102,64.0,63.9269127316382,boost_5y_linear_aligned,True
2023-09-17 04:00:00+00:00,2023-09-21 10:00:00+00:00,2023-09-21 06:00:00-04:00,103,62.0,63.65788467994725,boost_5y_linear_aligned,True
2023-09-17 04:00:00+00:00,2023-09-21 11:00:00+00:00,2023-09-21 07:00:00-04:00,104,65.0,65.0924465330977,boost_5y_linear_aligned,True
2023-09-17 04:00:00+00:00,2023-09-21 12:00:00+00:00,2023-09-21 08:00:00-04:00,105,68.0,68.81340644245353,boost_5y_linear_aligned,True
2023-09-17 04:00:00+00:00,2023-09-21 13:00:00+00:00,2023-09-21 09:00:00-04:00,106,71.0,72.45151722602047,boost_5y_linear_aligned,True
2023-09-17 04:00:00+00:00,2023-09-21 14:00:00+00:00,2023-09-21 10:00:00-04:00,107,75.0,75.17253383562792,boost_5y_linear_aligned,True
2023-09-17 04:00:00+00:00,2023-09-21 15:00:00+00:00,2023-09-21 11:00:00-04:00,108,76.0,77.54767319378331,boost_5y_linear_aligned,True
2023-09-17 04:00:00+00:00,2023-09-21 16:00:00+00:00,2023-09-21 12:00:00-04:00,109,81.0,79.36310570709108,boost_5y_linear_aligned,True
2023-09-17 04:00:00+00:00,2023-09-21 17:00:00+00:00,2023-09-21 13:00:00-04:00,110,82.0,80.48963192246404,boost_5y_linear_aligned,True
2023-09-17 04:00:00+00:00,2023-09-21 18:00:00+00:00,2023-09-21 14:00:00-04:00,111,80.0,81.21252974875492,boost_5y_linear_aligned,True
2023-09-17 04:00:00+00:00,2023-09-21 19:00:00+00:00,2023-09-21 15:00:00-04:00,112,82.0,80.9338065154148,boost_5y_linear_aligned,True
2023-09-17 04:00:00+00:00,2023-09-21 20:00:00+00:00,2023-09-21 16:00:00-04:00,113,82.0,80.50622154684693,boost_5y_linear_aligned,True
2023-09-17 04:00:00+00:00,2023-09-21 21:00:00+00:00,2023-09-21 17:00:00-04:00,114,79.0,79.06719632972312,boost_5y_linear_aligned,True
2023-09-17 04:00:00+00:00,2023-09-21 22:00:00+00:00,2023-09-21 18:00:00-04:00,115,78.0,76.13725696039187,boost_5y_linear_aligned,True
2023-09-17 04:00:00+00:00,2023-09-21 23:00:00+00:00,2023-09-21 19:00:00-04:00,116,73.0,72.59399927184555,boost_5y_linear_aligned,True
2023-09-17 04:00:00+00:00,2023-09-22 00:00:00+00:00,2023-09-21 20:00:00-04:00,117,71.0,70.33233225946582,boost_5y_linear_aligned,True
2023-09-17 04:00:00+00:00,2023-09-22 01:00:00+00:00,2023-09-21 21:00:00-04:00,118,70.0,69.05455355571452,boost_5y_linear_aligned,True
2023-09-17 04:00:00+00:00,2023-09-22 02:00:00+00:00,2023-09-21 22:00:00-04:00,119,69.0,67.91470121138359,boost_5y_linear_aligned,True
2023-09-17 04:00:00+00:00,2023-09-22 03:00:00+00:00,2023-09-21 23:00:00-04:00,120,68.0,66.96615581957424,boost_5y_linear_aligned,True
2023-09-17 04:00:00+00:00,2023-09-22 04:00:00+00:00,2023-09-22 00:00:00-04:00,121,67.0,65.78246501728204,boost_5y_linear_aligned,True
2023-09-17 04:00:00+00:00,2023-09-22 05:00:00+00:00,2023-09-22 01:00:00-04:00,122,65.0,64.99904205238703,boost_5y_linear_aligned,True
2023-09-17 04:00:00+00:00,2023-09-22 06:00:00+00:00,2023-09-22 02:00:00-04:00,123,65.0,64.36592462651865,boost_5y_linear_aligned,True
2023-09-17 04:00:00+00:00,2023-09-22 07:00:00+00:00,2023-09-22 03:00:00-04:00,124,64.0,63.62627764995966,boost_5y_linear_aligned,True
2023-09-17 04:00:00+00:00,2023-09-22 08:00:00+00:00,2023-09-22 04:00:00-04:00,125,64.0,63.113761623953,boost_5y_linear_aligned,True
2023-09-17 04:00:00+00:00,2023-09-22 09:00:00+00:00,2023-09-22 05:00:00-04:00,126,63.0,62.21847890562289,boost_5y_linear_aligned,True
2023-09-17 04:00:00+00:00,2023-09-22 10:00:00+00:00,2023-09-22 06:00:00-04:00,127,63.0,61.91870606673167,boost_5y_linear_aligned,True
2023-09-17 04:00:00+00:00,2023-09-22 11:00:00+00:00,2023-09-22 07:00:00-04:00,128,64.0,63.1168299714828,boost_5y_linear_aligned,True
2023-09-17 04:00:00+00:00,2023-09-22 12:00:00+00:00,2023-09-22 08:00:00-04:00,129,65.0,66.93708634361775,boost_5y_linear_aligned,True
2023-09-17 04:00:00+00:00,2023-09-22 13:00:00+00:00,2023-09-22 09:00:00-04:00,130,66.0,70.58734255183832,boost_5y_linear_aligned,True
2023-09-17 04:00:00+00:00,2023-09-22 14:00:00+00:00,2023-09-22 10:00:00-04:00,131,67.0,73.98133112981071,boost_5y_linear_aligned,True
2023-09-17 04:00:00+00:00,2023-09-22 15:00:00+00:00,2023-09-22 11:00:00-04:00,132,68.0,76.4840375743029,boost_5y_linear_aligned,True
2023-09-17 04:00:00+00:00,2023-09-22 16:00:00+00:00,2023-09-22 12:00:00-04:00,133,69.0,78.42398981294052,boost_5y_linear_aligned,True
2023-09-17 04:00:00+00:00,2023-09-22 17:00:00+00:00,2023-09-22 13:00:00-04:00,134,68.0,79.7177430247791,boost_5y_linear_aligned,True
2023-09-17 04:00:00+00:00,2023-09-22 18:00:00+00:00,2023-09-22 14:00:00-04:00,135,69.0,80.3938097975836,boost_5y_linear_aligned,True
2023-09-17 04:00:00+00:00,2023-09-22 19:00:00+00:00,2023-09-22 15:00:00-04:00,136,69.0,80.06736213495616,boost_5y_linear_aligned,True
2023-09-17 04:00:00+00:00,2023-09-22 20:00:00+00:00,2023-09-22 16:00:00-04:00,137,69.0,79.61634506644909,boost_5y_linear_aligned,True
2023-09-17 04:00:00+00:00,2023-09-22 21:00:00+00:00,2023-09-22 17:00:00-04:00,138,68.0,78.15224366939599,boost_5y_linear_aligned,True
2023-09-17 04:00:00+00:00,2023-09-22 22:00:00+00:00,2023-09-22 18:00:00-04:00,139,66.0,75.12254921253722,boost_5y_linear_aligned,True
2023-09-17 04:00:00+00:00,2023-09-22 23:00:00+00:00,2023-09-22 19:00:00-04:00,140,65.0,71.73205936598657,boost_5y_linear_aligned,True
2023-09-17 04:00:00+00:00,2023-09-23 00:00:00+00:00,2023-09-22 20:00:00-04:00,141,65.0,69.58913610438378,boost_5y_linear_aligned,True
2023-09-17 04:00:00+00:00,2023-09-23 01:00:00+00:00,2023-09-22 21:00:00-04:00,142,64.0,68.2793567655139,boost_5y_linear_aligned,True
2023-09-17 04:00:00+00:00,2023-09-23 02:00:00+00:00,2023-09-22 22:00:00-04:00,143,64.0,67.19293722677519,boost_5y_linear_aligned,True
2023-09-17 04:00:00+00:00,2023-09-23 03:00:00+00:00,2023-09-22 23:00:00-04:00,144,63.0,66.29451538518589,boost_5y_linear_aligned,True
2023-09-17 04:00:00+00:00,2023-09-23 04:00:00+00:00,2023-09-23 00:00:00-04:00,145,62.0,64.49652951984966,boost_5y_linear_aligned,True
2023-09-17 04:00:00+00:00,2023-09-23 05:00:00+00:00,2023-09-23 01:00:00-04:00,146,62.0,63.75089910305903,boost_5y_linear_aligned,True
2023-09-17 04:00:00+00:00,2023-09-23 06:00:00+00:00,2023-09-23 02:00:00-04:00,147,61.0,63.151171498296975,boost_5y_linear_aligned,True
2023-09-17 04:00:00+00:00,2023-09-23 07:00:00+00:00,2023-09-23 03:00:00-04:00,148,60.0,62.405075942384244,boost_5y_linear_aligned,True
2023-09-17 04:00:00+00:00,2023-09-23 08:00:00+00:00,2023-09-23 04:00:00-04:00,149,60.0,61.98433386725894,boost_5y_linear_aligned,True
2023-09-17 04:00:00+00:00,2023-09-23 09:00:00+00:00,2023-09-23 05:00:00-04:00,150,59.0,61.57725605814363,boost_5y_linear_aligned,True
2023-09-17 04:00:00+00:00,2023-09-23 10:00:00+00:00,2023-09-23 06:00:00-04:00,151,60.0,61.28287257550302,boost_5y_linear_aligned,True
2023-09-17 04:00:00+00:00,2023-09-23 11:00:00+00:00,2023-09-23 07:00:00-04:00,152,60.0,62.39799813209301,boost_5y_linear_aligned,True
2023-09-17 04:00:00+00:00,2023-09-23 12:00:00+00:00,2023-09-23 08:00:00-04:00,153,60.0,66.05048725572885,boost_5y_linear_aligned,True
2023-09-17 04:00:00+00:00,2023-09-23 13:00:00+00:00,2023-09-23 09:00:00-04:00,154,60.0,69.5359245729684,boost_5y_linear_aligned,True
2023-09-17 04:00:00+00:00,2023-09-23 14:00:00+00:00,2023-09-23 10:00:00-04:00,155,60.0,72.88690910853843,boost_5y_linear_aligned,True
2023-09-17 04:00:00+00:00,2023-09-23 15:00:00+00:00,2023-09-23 11:00:00-04:00,156,60.0,75.34941642749058,boost_5y_linear_aligned,True
2023-09-17 04:00:00+00:00,2023-09-23 16:00:00+00:00,2023-09-23 12:00:00-04:00,157,60.0,77.25601865225747,boost_5y_linear_aligned,True
2023-09-17 04:00:00+00:00,2023-09-23 17:00:00+00:00,2023-09-23 13:00:00-04:00,158,61.0,78.64594656082433,boost_5y_linear_aligned,True
2023-09-17 04:00:00+00:00,2023-09-23 18:00:00+00:00,2023-09-23 14:00:00-04:00,159,62.0,79.30214987373708,boost_5y_linear_aligned,True
2023-09-17 04:00:00+00:00,2023-09-23 19:00:00+00:00,2023-09-23 15:00:00-04:00,160,62.0,79.03499528309646,boost_5y_linear_aligned,True
2023-09-17 04:00:00+00:00,2023-09-23 20:00:00+00:00,2023-09-23 16:00:00-04:00,161,63.0,78.66111323631361,boost_5y_linear_aligned,True
2023-09-17 04:00:00+00:00,2023-09-23 21:00:00+00:00,2023-09-23 17:00:00-04:00,162,63.0,77.23747918296802,boost_5y_linear_aligned,True
2023-09-17 04:00:00+00:00,2023-09-23 22:00:00+00:00,2023-09-23 18:00:00-04:00,163,63.0,74.14744624876506,boost_5y_linear_aligned,True
2023-09-17 04:00:00+00:00,2023-09-23 23:00:00+00:00,2023-09-23 19:00:00-04:00,164,62.0,70.70472492818293,boost_5y_linear_aligned,True
2023-09-17 04:00:00+00:00,2023-09-24 00:00:00+00:00,2023-09-23 20:00:00-04:00,165,62.0,68.65776124745457,boost_5y_linear_aligned,True
2023-09-17 04:00:00+00:00,2023-09-24 01:00:00+00:00,2023-09-23 21:00:00-04:00,166,62.0,67.51358138737702,boost_5y_linear_aligned,True
2023-09-17 04:00:00+00:00,2023-09-24 02:00:00+00:00,2023-09-23 22:00:00-04:00,167,63.0,66.5859979002975,boost_5y_linear_aligned,True
2023-09-17 04:00:00+00:00,2023-09-24 03:00:00+00:00,2023-09-23 23:00:00-04:00,168,63.0,65.66859455001325,boost_5y_linear_aligned,True
2023-09-17 04:00:00+00:00,2023-09-24 04:00:00+00:00,2023-09-24 00:00:00-04:00,169,62.0,64.73737911217408,boost_5y_linear_aligned,True
2023-09-17 04:00:00+00:00,2023-09-24 05:00:00+00:00,2023-09-24 01:00:00-04:00,170,62.0,63.948410480587604,boost_5y_linear_aligned,True
2023-09-17 04:00:00+00:00,2023-09-24 06:00:00+00:00,2023-09-24 02:00:00-04:00,171,62.0,63.36436974564356,boost_5y_linear_aligned,True
2023-09-17 04:00:00+00:00,2023-09-24 07:00:00+00:00,2023-09-24 03:00:00-04:00,172,62.0,62.561954442786565,boost_5y_linear_aligned,True
2023-09-17 04:00:00+00:00,2023-09-24 08:00:00+00:00,2023-09-24 04:00:00-04:00,173,63.0,62.21351775171595,boost_5y_linear_aligned,True
2023-09-17 04:00:00+00:00,2023-09-24 09:00:00+00:00,2023-09-24 05:00:00-04:00,174,62.0,61.64712815827907,boost_5y_linear_aligned,True
2023-09-17 04:00:00+00:00,2023-09-24 10:00:00+00:00,2023-09-24 06:00:00-04:00,175,62.0,61.32631458669339,boost_5y_linear_aligned,True
2023-09-17 04:00:00+00:00,2023-09-24 11:00:00+00:00,2023-09-24 07:00:00-04:00,176,63.0,62.21763995645461,boost_5y_linear_aligned,True
2023-09-17 04:00:00+00:00,2023-09-24 12:00:00+00:00,2023-09-24 08:00:00-04:00,177,68.0,65.762791875887,boost_5y_linear_aligned,True
2023-09-17 04:00:00+00:00,2023-09-24 13:00:00+00:00,2023-09-24 09:00:00-04:00,178,71.0,69.23227414385985,boost_5y_linear_aligned,True
2023-09-17 04:00:00+00:00,2023-09-24 14:00:00+00:00,2023-09-24 10:00:00-04:00,179,74.0,72.42997690148508,boost_5y_linear_aligned,True
2023-09-17 04:00:00+00:00,2023-09-24 15:00:00+00:00,2023-09-24 11:00:00-04:00,180,76.0,74.9491028900307,boost_5y_linear_aligned,True
2023-09-17 04:00:00+00:00,2023-09-24 16:00:00+00:00,2023-09-24 12:00:00-04:00,181,78.0,76.97648289551701,boost_5y_linear_aligned,True
2023-09-17 04:00:00+00:00,2023-09-24 17:00:00+00:00,2023-09-24 13:00:00-04:00,182,80.0,78.35780841556921,boost_5y_linear_aligned,True
2023-09-17 04:00:00+00:00,2023-09-24 18:00:00+00:00,2023-09-24 14:00:00-04:00,183,78.0,79.0336253845046,boost_5y_linear_aligned,True
2023-09-17 04:00:00+00:00,2023-09-24 19:00:00+00:00,2023-09-24 15:00:00-04:00,184,82.0,78.81623477325188,boost_5y_linear_aligned,True
2023-09-17 04:00:00+00:00,2023-09-24 20:00:00+00:00,2023-09-24 16:00:00-04:00,185,79.0,78.45396630662347,boost_5y_linear_aligned,True
2023-09-17 04:00:00+00:00,2023-09-24 21:00:00+00:00,2023-09-24 17:00:00-04:00,186,79.0,76.99165205157637,boost_5y_linear_aligned,True
2023-09-17 04:00:00+00:00,2023-09-24 22:00:00+00:00,2023-09-24 18:00:00-04:00,187,76.0,73.99448170950524,boost_5y_linear_aligned,True
2023-09-17 04:00:00+00:00,2023-09-24 23:00:00+00:00,2023-09-24 19:00:00-04:00,188,75.0,70.59672558119124,boost_5y_linear_aligned,True
2023-09-17 04:00:00+00:00,2023-09-25 00:00:00+00:00,2023-09-24 20:00:00-04:00,189,73.0,68.51323748794485,boost_5y_linear_aligned,True
2023-09-17 04:00:00+00:00,2023-09-25 01:00:00+00:00,2023-09-24 21:00:00-04:00,190,73.0,67.44513024193319,boost_5y_linear_aligned,True
2023-09-17 04:00:00+00:00,2023-09-25 02:00:00+00:00,2023-09-24 22:00:00-04:00,191,73.0,66.50737911817444,boost_5y_linear_aligned,True
2023-09-17 04:00:00+00:00,2023-09-25 03:00:00+00:00,2023-09-24 23:00:00-04:00,192,72.0,65.69302295962027,boost_5y_linear_aligned,True
2023-09-17 04:00:00+00:00,2023-09-25 04:00:00+00:00,2023-09-25 00:00:00-04:00,193,72.0,64.8247751632903,boost_5y_linear_aligned,True
2023-09-17 04:00:00+00:00,2023-09-25 05:00:00+00:00,2023-09-25 01:00:00-04:00,194,70.0,64.01864974003627,boost_5y_linear_aligned,True
2023-09-17 04:00:00+00:00,2023-09-25 06:00:00+00:00,2023-09-25 02:00:00-04:00,195,68.0,63.37899099587321,boost_5y_linear_aligned,True
2023-09-17 04:00:00+00:00,2023-09-25 07:00:00+00:00,2023-09-25 03:00:00-04:00,196,69.0,62.58485221140936,boost_5y_linear_aligned,True
2023-09-17 04:00:00+00:00,2023-09-25 08:00:00+00:00,2023-09-25 04:00:00-04:00,197,69.0,62.275620344517684,boost_5y_linear_aligned,True
2023-09-17 04:00:00+00:00,2023-09-25 09:00:00+00:00,2023-09-25 05:00:00-04:00,198,68.0,61.63954047376443,boost_5y_linear_aligned,True
2023-09-17 04:00:00+00:00,2023-09-25 10:00:00+00:00,2023-09-25 06:00:00-04:00,199,68.0,61.34672310191986,boost_5y_linear_aligned,True
2023-09-17 04:00:00+00:00,2023-09-25 11:00:00+00:00,2023-09-25 07:00:00-04:00,200,68.0,62.61632182822071,boost_5y_linear_aligned,True
2023-09-17 04:00:00+00:00,2023-09-25 12:00:00+00:00,2023-09-25 08:00:00-04:00,201,70.0,66.00070660595928,boost_5y_linear_aligned,True
2023-09-17 04:00:00+00:00,2023-09-25 13:00:00+00:00,2023-09-25 09:00:00-04:00,202,73.0,69.55311661747768,boost_5y_linear_aligned,True
2023-09-17 04:00:00+00:00,2023-09-25 14:00:00+00:00,2023-09-25 10:00:00-04:00,203,76.0,72.83708174829613,boost_5y_linear_aligned,True
2023-09-17 04:00:00+00:00,2023-09-25 15:00:00+00:00,2023-09-25 11:00:00-04:00,204,80.0,75.26183747246755,boost_5y_linear_aligned,True
2023-09-17 04:00:00+00:00,2023-09-25 16:00:00+00:00,2023-09-25 12:00:00-04:00,205,80.0,77.09592702288347,boost_5y_linear_aligned,True
2023-09-17 04:00:00+00:00,2023-09-25 17:00:00+00:00,2023-09-25 13:00:00-04:00,206,81.0,78.46537626514909,boost_5y_linear_aligned,True
2023-09-17 04:00:00+00:00,2023-09-25 18:00:00+00:00,2023-09-25 14:00:00-04:00,207,82.0,79.26598695935498,boost_5y_linear_aligned,True
2023-09-17 04:00:00+00:00,2023-09-25 19:00:00+00:00,2023-09-25 15:00:00-04:00,208,83.0,79.00194061149536,boost_5y_linear_aligned,True
2023-09-17 04:00:00+00:00,2023-09-25 20:00:00+00:00,2023-09-25 16:00:00-04:00,209,82.0,78.59028608845337,boost_5y_linear_aligned,True
2023-09-17 04:00:00+00:00,2023-09-25 21:00:00+00:00,2023-09-25 17:00:00-04:00,210,81.0,77.10916410054972,boost_5y_linear_aligned,True
2023-09-17 04:00:00+00:00,2023-09-25 22:00:00+00:00,2023-09-25 18:00:00-04:00,211,77.0,74.1268307926334,boost_5y_linear_aligned,True
2023-09-17 04:00:00+00:00,2023-09-25 23:00:00+00:00,2023-09-25 19:00:00-04:00,212,74.0,70.72773084811196,boost_5y_linear_aligned,True
2023-09-17 04:00:00+00:00,2023-09-26 00:00:00+00:00,2023-09-25 20:00:00-04:00,213,72.0,68.67726016650086,boost_5y_linear_aligned,True
2023-09-17 04:00:00+00:00,2023-09-26 01:00:00+00:00,2023-09-25 21:00:00-04:00,214,70.0,67.52303667401434,boost_5y_linear_aligned,True
2023-09-17 04:00:00+00:00,2023-09-26 02:00:00+00:00,2023-09-25 22:00:00-04:00,215,69.0,66.68017149177017,boost_5y_linear_aligned,True
2023-09-17 04:00:00+00:00,2023-09-26 03:00:00+00:00,2023-09-25 23:00:00-04:00,216,67.0,65.7686919166424,boost_5y_linear_aligned,True
2023-09-17 04:00:00+00:00,2023-09-26 04:00:00+00:00,2023-09-26 00:00:00-04:00,217,67.0,64.71055814331044,boost_5y_linear_aligned,True
2023-09-17 04:00:00+00:00,2023-09-26 05:00:00+00:00,2023-09-26 01:00:00-04:00,218,66.0,63.8363902689531,boost_5y_linear_aligned,True
2023-09-17 04:00:00+00:00,2023-09-26 06:00:00+00:00,2023-09-26 02:00:00-04:00,219,65.0,63.223267694633634,boost_5y_linear_aligned,True
2023-09-17 04:00:00+00:00,2023-09-26 07:00:00+00:00,2023-09-26 03:00:00-04:00,220,65.0,62.46661854980074,boost_5y_linear_aligned,True
2023-09-17 04:00:00+00:00,2023-09-26 08:00:00+00:00,2023-09-26 04:00:00-04:00,221,66.0,62.09815419076039,boost_5y_linear_aligned,True
2023-09-17 04:00:00+00:00,2023-09-26 09:00:00+00:00,2023-09-26 05:00:00-04:00,222,66.0,61.48647277337463,boost_5y_linear_aligned,True
2023-09-17 04:00:00+00:00,2023-09-26 10:00:00+00:00,2023-09-26 06:00:00-04:00,223,65.0,61.19773300051148,boost_5y_linear_aligned,True
2023-09-17 04:00:00+00:00,2023-09-26 11:00:00+00:00,2023-09-26 07:00:00-04:00,224,66.0,62.42537149880429,boost_5y_linear_aligned,True
2023-09-17 04:00:00+00:00,2023-09-26 12:00:00+00:00,2023-09-26 08:00:00-04:00,225,67.0,65.88524192708901,boost_5y_linear_aligned,True
2023-09-17 04:00:00+00:00,2023-09-26 13:00:00+00:00,2023-09-26 09:00:00-04:00,226,68.0,69.5338703033819,boost_5y_linear_aligned,True
2023-09-17 04:00:00+00:00,2023-09-26 14:00:00+00:00,2023-09-26 10:00:00-04:00,227,69.0,72.8618239427568,boost_5y_linear_aligned,True
2023-09-17 04:00:00+00:00,2023-09-26 15:00:00+00:00,2023-09-26 11:00:00-04:00,228,70.0,75.35429778011749,boost_5y_linear_aligned,True
2023-09-17 04:00:00+00:00,2023-09-26 16:00:00+00:00,2023-09-26 12:00:00-04:00,229,71.0,77.26941153132458,boost_5y_linear_aligned,True
2023-09-17 04:00:00+00:00,2023-09-26 17:00:00+00:00,2023-09-26 13:00:00-04:00,230,72.0,78.69274431637145,boost_5y_linear_aligned,True
2023-09-17 04:00:00+00:00,2023-09-26 18:00:00+00:00,2023-09-26 14:00:00-04:00,231,72.0,79.5249367851902,boost_5y_linear_aligned,True
2023-09-17 04:00:00+00:00,2023-09-26 19:00:00+00:00,2023-09-26 15:00:00-04:00,232,72.0,79.25301767795517,boost_5y_linear_aligned,True
2023-09-17 04:00:00+00:00,2023-09-26 20:00:00+00:00,2023-09-26 16:00:00-04:00,233,70.0,78.8785969636947,boost_5y_linear_aligned,True
2023-09-17 04:00:00+00:00,2023-09-26 21:00:00+00:00,2023-09-26 17:00:00-04:00,234,69.0,77.30760316956804,boost_5y_linear_aligned,True
2023-09-17 04:00:00+00:00,2023-09-26 22:00:00+00:00,2023-09-26 18:00:00-04:00,235,68.0,74.11984441490763,boost_5y_linear_aligned,True
2023-09-17 04:00:00+00:00,2023-09-26 23:00:00+00:00,2023-09-26 19:00:00-04:00,236,68.0,70.69461557216661,boost_5y_linear_aligned,True
2023-09-17 04:00:00+00:00,2023-09-27 00:00:00+00:00,2023-09-26 20:00:00-04:00,237,67.0,68.67523705127559,boost_5y_linear_aligned,True
2023-09-17 04:00:00+00:00,2023-09-27 01:00:00+00:00,2023-09-26 21:00:00-04:00,238,66.0,67.37212287028035,boost_5y_linear_aligned,True
2023-09-17 04:00:00+00:00,2023-09-27 02:00:00+00:00,2023-09-26 22:00:00-04:00,239,66.0,66.55850561422629,boost_5y_linear_aligned,True
2023-09-17 04:00:00+00:00,2023-09-27 03:00:00+00:00,2023-09-26 23:00:00-04:00,240,65.0,65.75369029555299,boost_5y_linear_aligned,True
2023-09-17 04:00:00+00:00,2023-09-27 04:00:00+00:00,2023-09-27 00:00:00-04:00,241,65.0,64.6843410467058,boost_5y_linear_aligned,True
2023-09-17 04:00:00+00:00,2023-09-27 05:00:00+00:00,2023-09-27 01:00:00-04:00,242,65.0,63.85141938831135,boost_5y_linear_aligned,True
2023-09-17 04:00:00+00:00,2023-09-27 06:00:00+00:00,2023-09-27 02:00:00-04:00,243,64.0,63.303414678528846,boost_5y_linear_aligned,True
2023-09-17 04:00:00+00:00,2023-09-27 07:00:00+00:00,2023-09-27 03:00:00-04:00,244,64.0,62.41905594093242,boost_5y_linear_aligned,True
2023-09-17 04:00:00+00:00,2023-09-27 08:00:00+00:00,2023-09-27 04:00:00-04:00,245,63.0,62.08910524972921,boost_5y_linear_aligned,True
2023-09-17 04:00:00+00:00,2023-09-27 09:00:00+00:00,2023-09-27 05:00:00-04:00,246,63.0,61.47018868558144,boost_5y_linear_aligned,True
2023-09-17 04:00:00+00:00,2023-09-27 10:00:00+00:00,2023-09-27 06:00:00-04:00,247,63.0,61.16681227365493,boost_5y_linear_aligned,True
2023-09-17 04:00:00+00:00,2023-09-27 11:00:00+00:00,2023-09-27 07:00:00-04:00,248,62.0,62.262921463455505,boost_5y_linear_aligned,True
2023-09-17 04:00:00+00:00,2023-09-27 12:00:00+00:00,2023-09-27 08:00:00-04:00,249,64.0,65.75777981575926,boost_5y_linear_aligned,True
2023-09-17 04:00:00+00:00,2023-09-27 13:00:00+00:00,2023-09-27 09:00:00-04:00,250,65.0,69.42674658300244,boost_5y_linear_aligned,True
2023-09-17 04:00:00+00:00,2023-09-27 14:00:00+00:00,2023-09-27 10:00:00-04:00,251,65.0,72.8580635965326,boost_5y_linear_aligned,True
2023-09-17 04:00:00+00:00,2023-09-27 15:00:00+00:00,2023-09-27 11:00:00-04:00,252,66.0,75.36053778628668,boost_5y_linear_aligned,True
2023-09-17 04:00:00+00:00,2023-09-27 16:00:00+00:00,2023-09-27 12:00:00-04:00,253,67.0,77.29288797066005,boost_5y_linear_aligned,True
2023-09-17 04:00:00+00:00,2023-09-27 17:00:00+00:00,2023-09-27 13:00:00-04:00,254,67.0,78.6822647621816,boost_5y_linear_aligned,True
2023-09-17 04:00:00+00:00,2023-09-27 18:00:00+00:00,2023-09-27 14:00:00-04:00,255,67.0,79.5823089687555,boost_5y_linear_aligned,True
2023-09-17 04:00:00+00:00,2023-09-27 19:00:00+00:00,2023-09-27 15:00:00-04:00,256,67.0,79.14216672429458,boost_5y_linear_aligned,True
2023-09-17 04:00:00+00:00,2023-09-27 20:00:00+00:00,2023-09-27 16:00:00-04:00,257,66.0,78.55482391077963,boost_5y_linear_aligned,True
2023-09-17 04:00:00+00:00,2023-09-27 21:00:00+00:00,2023-09-27 17:00:00-04:00,258,65.0,76.93882033185665,boost_5y_linear_aligned,True
2023-09-17 04:00:00+00:00,2023-09-27 22:00:00+00:00,2023-09-27 18:00:00-04:00,259,64.0,73.75409981996161,boost_5y_linear_aligned,True
2023-09-17 04:00:00+00:00,2023-09-27 23:00:00+00:00,2023-09-27 19:00:00-04:00,260,64.0,70.34339488989531,boost_5y_linear_aligned,True
2023-09-17 04:00:00+00:00,2023-09-28 00:00:00+00:00,2023-09-27 20:00:00-04:00,261,63.0,68.32833092585042,boost_5y_linear_aligned,True
2023-09-17 04:00:00+00:00,2023-09-28 01:00:00+00:00,2023-09-27 21:00:00-04:00,262,63.0,67.0228735309143,boost_5y_linear_aligned,True
2023-09-17 04:00:00+00:00,2023-09-28 02:00:00+00:00,2023-09-27 22:00:00-04:00,263,63.0,66.20073537689713,boost_5y_linear_aligned,True
2023-09-17 04:00:00+00:00,2023-09-28 03:00:00+00:00,2023-09-27 23:00:00-04:00,264,63.0,65.4926860503439,boost_5y_linear_aligned,True
2023-09-17 04:00:00+00:00,2023-09-28 04:00:00+00:00,2023-09-28 00:00:00-04:00,265,63.0,64.3681500150036,boost_5y_linear_aligned,True
2023-09-17 04:00:00+00:00,2023-09-28 05:00:00+00:00,2023-09-28 01:00:00-04:00,266,63.0,63.467823047875186,boost_5y_linear_aligned,True
2023-09-17 04:00:00+00:00,2023-09-28 06:00:00+00:00,2023-09-28 02:00:00-04:00,267,63.0,62.89000892200396,boost_5y_linear_aligned,True
2023-09-17 04:00:00+00:00,2023-09-28 07:00:00+00:00,2023-09-28 03:00:00-04:00,268,63.0,62.146689326598505,boost_5y_linear_aligned,True
2023-09-17 04:00:00+00:00,2023-09-28 08:00:00+00:00,2023-09-28 04:00:00-04:00,269,62.0,61.84334195482815,boost_5y_linear_aligned,True
2023-09-17 04:00:00+00:00,2023-09-28 09:00:00+00:00,2023-09-28 05:00:00-04:00,270,62.0,61.216288952088966,boost_5y_linear_aligned,True
2023-09-17 04:00:00+00:00,2023-09-28 10:00:00+00:00,2023-09-28 06:00:00-04:00,271,62.0,60.899583907218286,boost_5y_linear_aligned,True
2023-09-17 04:00:00+00:00,2023-09-28 11:00:00+00:00,2023-09-28 07:00:00-04:00,272,61.0,61.963363384486016,boost_5y_linear_aligned,True
2023-09-17 04:00:00+00:00,2023-09-28 12:00:00+00:00,2023-09-28 08:00:00-04:00,273,62.0,65.35588796983123,boost_5y_linear_aligned,True
2023-09-17 04:00:00+00:00,2023-09-28 13:00:00+00:00,2023-09-28 09:00:00-04:00,274,64.0,69.04173553716674,boost_5y_linear_aligned,True
2023-09-17 04:00:00+00:00,2023-09-28 14:00:00+00:00,2023-09-28 10:00:00-04:00,275,67.0,72.53503707994471,boost_5y_linear_aligned,True
2023-09-17 04:00:00+00:00,2023-09-28 15:00:00+00:00,2023-09-28 11:00:00-04:00,276,69.0,75.03961749529081,boost_5y_linear_aligned,True
2023-09-17 04:00:00+00:00,2023-09-28 16:00:00+00:00,2023-09-28 12:00:00-04:00,277,70.0,76.86955704127635,boost_5y_linear_aligned,True
2023-09-17 04:00:00+00:00,2023-09-28 17:00:00+00:00,2023-09-28 13:00:00-04:00,278,71.0,78.34116138953989,boost_5y_linear_aligned,True
2023-09-17 04:00:00+00:00,2023-09-28 18:00:00+00:00,2023-09-28 14:00:00-04:00,279,74.0,79.34317319699933,boost_5y_linear_aligned,True
2023-09-17 04:00:00+00:00,2023-09-28 19:00:00+00:00,2023-09-28 15:00:00-04:00,280,75.0,78.85215506238161,boost_5y_linear_aligned,True
2023-09-17 04:00:00+00:00,2023-09-28 20:00:00+00:00,2023-09-28 16:00:00-04:00,281,76.0,78.2636436125344,boost_5y_linear_aligned,True
2023-09-17 04:00:00+00:00,2023-09-28 21:00:00+00:00,2023-09-28 17:00:00-04:00,282,75.0,76.67484495946518,boost_5y_linear_aligned,True
2023-09-17 04:00:00+00:00,2023-09-28 22:00:00+00:00,2023-09-28 18:00:00-04:00,283,72.0,73.38343171498906,boost_5y_linear_aligned,True
2023-09-17 04:00:00+00:00,2023-09-28 23:00:00+00:00,2023-09-28 19:00:00-04:00,284,69.0,70.05820203617735,boost_5y_linear_aligned,True
2023-09-17 04:00:00+00:00,2023-09-29 00:00:00+00:00,2023-09-28 20:00:00-04:00,285,66.0,68.08693063810203,boost_5y_linear_aligned,True
2023-09-17 04:00:00+00:00,2023-09-29 01:00:00+00:00,2023-09-28 21:00:00-04:00,286,65.0,66.72505503820769,boost_5y_linear_aligned,True
2023-09-17 04:00:00+00:00,2023-09-29 02:00:00+00:00,2023-09-28 22:00:00-04:00,287,65.0,66.03433534094711,boost_5y_linear_aligned,True
2023-09-17 04:00:00+00:00,2023-09-29 03:00:00+00:00,2023-09-28 23:00:00-04:00,288,65.0,65.3772832119363,boost_5y_linear_aligned,True
2023-09-17 04:00:00+00:00,2023-09-29 04:00:00+00:00,2023-09-29 00:00:00-04:00,289,65.0,64.28685565653363,boost_5y_linear_aligned,True
2023-09-17 04:00:00+00:00,2023-09-29 05:00:00+00:00,2023-09-29 01:00:00-04:00,290,65.0,63.41959481063976,boost_5y_linear_aligned,True
2023-09-17 04:00:00+00:00,2023-09-29 06:00:00+00:00,2023-09-29 02:00:00-04:00,291,65.0,62.858918626539364,boost_5y_linear_aligned,True
2023-09-17 04:00:00+00:00,2023-09-29 07:00:00+00:00,2023-09-29 03:00:00-04:00,292,64.0,62.11463989665145,boost_5y_linear_aligned,True
2023-09-17 04:00:00+00:00,2023-09-29 08:00:00+00:00,2023-09-29 04:00:00-04:00,293,64.0,61.8137289096344,boost_5y_linear_aligned,True
2023-09-17 04:00:00+00:00,2023-09-29 09:00:00+00:00,2023-09-29 05:00:00-04:00,294,64.0,61.15957486164877,boost_5y_linear_aligned,True
2023-09-17 04:00:00+00:00,2023-09-29 10:00:00+00:00,2023-09-29 06:00:00-04:00,295,64.0,60.823417267209884,boost_5y_linear_aligned,True
2023-09-17 04:00:00+00:00,2023-09-29 11:00:00+00:00,2023-09-29 07:00:00-04:00,296,64.0,61.86439438667105,boost_5y_linear_aligned,True
2023-09-17 04:00:00+00:00,2023-09-29 12:00:00+00:00,2023-09-29 08:00:00-04:00,297,64.0,65.24979393386286,boost_5y_linear_aligned,True
2023-09-17 04:00:00+00:00,2023-09-29 13:00:00+00:00,2023-09-29 09:00:00-04:00,298,66.0,68.85172859377691,boost_5y_linear_aligned,True
2023-09-17 04:00:00+00:00,2023-09-29 14:00:00+00:00,2023-09-29 10:00:00-04:00,299,67.0,72.40606650404473,boost_5y_linear_aligned,True
2023-09-17 04:00:00+00:00,2023-09-29 15:00:00+00:00,2023-09-29 11:00:00-04:00,300,68.0,74.8935121784215,boost_5y_linear_aligned,True
2023-09-17 04:00:00+00:00,2023-09-29 16:00:00+00:00,2023-09-29 12:00:00-04:00,301,70.0,76.69517043571068,boost_5y_linear_aligned,True
2023-09-17 04:00:00+00:00,2023-09-29 17:00:00+00:00,2023-09-29 13:00:00-04:00,302,71.0,78.0898094425754,boost_5y_linear_aligned,True
2023-09-17 04:00:00+00:00,2023-09-29 18:00:00+00:00,2023-09-29 14:00:00-04:00,303,71.0,79.04146418254079,boost_5y_linear_aligned,True
2023-09-17 04:00:00+00:00,2023-09-29 19:00:00+00:00,2023-09-29 15:00:00-04:00,304,73.0,78.67460691701166,boost_5y_linear_aligned,True
2023-09-17 04:00:00+00:00,2023-09-29 20:00:00+00:00,2023-09-29 16:00:00-04:00,305,73.0,78.0173230811095,boost_5y_linear_aligned,True
2023-09-17 04:00:00+00:00,2023-09-29 21:00:00+00:00,2023-09-29 17:00:00-04:00,306,74.0,76.4867608850805,boost_5y_linear_aligned,True
2023-09-17 04:00:00+00:00,2023-09-29 22:00:00+00:00,2023-09-29 18:00:00-04:00,307,70.0,72.99123587373433,boost_5y_linear_aligned,True
2023-09-17 04:00:00+00:00,2023-09-29 23:00:00+00:00,2023-09-29 19:00:00-04:00,308,66.0,69.64589826932664,boost_5y_linear_aligned,True
2023-09-17 04:00:00+00:00,2023-09-30 00:00:00+00:00,2023-09-29 20:00:00-04:00,309,64.0,67.75986054828645,boost_5y_linear_aligned,True
2023-09-17 04:00:00+00:00,2023-09-30 01:00:00+00:00,2023-09-29 21:00:00-04:00,310,64.0,66.43601418718944,boost_5y_linear_aligned,True
2023-09-17 04:00:00+00:00,2023-09-30 02:00:00+00:00,2023-09-29 22:00:00-04:00,311,63.0,65.83848155177616,boost_5y_linear_aligned,True
2023-09-17 04:00:00+00:00,2023-09-30 03:00:00+00:00,2023-09-29 23:00:00-04:00,312,61.0,65.09768465639904,boost_5y_linear_aligned,True
2023-09-17 04:00:00+00:00,2023-09-30 04:00:00+00:00,2023-09-30 00:00:00-04:00,313,60.0,63.94069607043228,boost_5y_linear_aligned,True
2023-09-17 04:00:00+00:00,2023-09-30 05:00:00+00:00,2023-09-30 01:00:00-04:00,314,59.0,62.99695583721505,boost_5y_linear_aligned,True
2023-09-17 04:00:00+00:00,2023-09-30 06:00:00+00:00,2023-09-30 02:00:00-04:00,315,59.0,62.46046115984051,boost_5y_linear_aligned,True
2023-09-17 04:00:00+00:00,2023-09-30 07:00:00+00:00,2023-09-30 03:00:00-04:00,316,62.0,61.69862049776659,boost_5y_linear_aligned,True
2023-09-17 04:00:00+00:00,2023-09-30 08:00:00+00:00,2023-09-30 04:00:00-04:00,317,63.0,61.44845212131583,boost_5y_linear_aligned,True
2023-09-17 04:00:00+00:00,2023-09-30 09:00:00+00:00,2023-09-30 05:00:00-04:00,318,64.0,60.7148528897473,boost_5y_linear_aligned,True
2023-09-17 04:00:00+00:00,2023-09-30 10:00:00+00:00,2023-09-30 06:00:00-04:00,319,64.0,60.35305961179166,boost_5y_linear_aligned,True
2023-09-17 04:00:00+00:00,2023-09-30 11:00:00+00:00,2023-09-30 07:00:00-04:00,320,65.0,61.36586914703951,boost_5y_linear_aligned,True
2023-09-17 04:00:00+00:00,2023-09-30 12:00:00+00:00,2023-09-30 08:00:00-04:00,321,66.0,64.82158311400183,boost_5y_linear_aligned,True
2023-09-17 04:00:00+00:00,2023-09-30 13:00:00+00:00,2023-09-30 09:00:00-04:00,322,67.0,68.36151186548432,boost_5y_linear_aligned,True
2023-09-17 04:00:00+00:00,2023-09-30 14:00:00+00:00,2023-09-30 10:00:00-04:00,323,69.0,71.96487609993649,boost_5y_linear_aligned,True
2023-09-17 04:00:00+00:00,2023-09-30 15:00:00+00:00,2023-09-30 11:00:00-04:00,324,70.0,74.50261750835986,boost_5y_linear_aligned,True
2023-09-17 04:00:00+00:00,2023-09-30 16:00:00+00:00,2023-09-30 12:00:00-04:00,325,73.0,76.33208401359342,boost_5y_linear_aligned,True
2023-09-17 04:00:00+00:00,2023-09-30 17:00:00+00:00,2023-09-30 13:00:00-04:00,326,75.0,77.68019460930671,boost_5y_linear_aligned,True
2023-09-17 04:00:00+00:00,2023-09-30 18:00:00+00:00,2023-09-30 14:00:00-04:00,327,76.0,78.65153311412453,boost_5y_linear_aligned,True
2023-09-17 04:00:00+00:00,2023-09-30 19:00:00+00:00,2023-09-30 15:00:00-04:00,328,77.0,78.39711669853166,boost_5y_linear_aligned,True
2023-09-17 04:00:00+00:00,2023-09-30 20:00:00+00:00,2023-09-30 16:00:00-04:00,329,75.0,77.882951502736,boost_5y_linear_aligned,True
2023-09-17 04:00:00+00:00,2023-09-30 21:00:00+00:00,2023-09-30 17:00:00-04:00,330,73.0,76.29777813756458,boost_5y_linear_aligned,True
2023-09-17 04:00:00+00:00,2023-09-30 22:00:00+00:00,2023-09-30 18:00:00-04:00,331,69.0,72.74275505674352,boost_5y_linear_aligned,True
2023-09-17 04:00:00+00:00,2023-09-30 23:00:00+00:00,2023-09-30 19:00:00-04:00,332,67.0,69.39031173859215,boost_5y_linear_aligned,True
2023-09-17 04:00:00+00:00,2023-10-01 00:00:00+00:00,2023-09-30 20:00:00-04:00,333,64.0,67.51371162158287,boost_5y_linear_aligned,True
2023-09-17 04:00:00+00:00,2023-10-01 01:00:00+00:00,2023-09-30 21:00:00-04:00,334,62.0,66.20635373828914,boost_5y_linear_aligned,True
2023-09-17 04:00:00+00:00,2023-10-01 02:00:00+00:00,2023-09-30 22:00:00-04:00,335,61.0,65.58295382675222,boost_5y_linear_aligned,True
2023-09-17 04:00:00+00:00,2023-10-01 03:00:00+00:00,2023-09-30 23:00:00-04:00,336,60.0,64.89423930563756,boost_5y_linear_aligned,True
2023-09-24 04:00:00+00:00,2023-09-24 04:00:00+00:00,2023-09-24 00:00:00-04:00,1,62.0,62.996167195233795,boost_5y_linear_aligned,True
2023-09-24 04:00:00+00:00,2023-09-24 05:00:00+00:00,2023-09-24 01:00:00-04:00,2,62.0,62.22613578518706,boost_5y_linear_aligned,True
2023-09-24 04:00:00+00:00,2023-09-24 06:00:00+00:00,2023-09-24 02:00:00-04:00,3,62.0,61.638615783276336,boost_5y_linear_aligned,True
2023-09-24 04:00:00+00:00,2023-09-24 07:00:00+00:00,2023-09-24 03:00:00-04:00,4,62.0,60.4816246260821,boost_5y_linear_aligned,True
2023-09-24 04:00:00+00:00,2023-09-24 08:00:00+00:00,2023-09-24 04:00:00-04:00,5,63.0,59.84943779577149,boost_5y_linear_aligned,True
2023-09-24 04:00:00+00:00,2023-09-24 09:00:00+00:00,2023-09-24 05:00:00-04:00,6,62.0,59.636413004673116,boost_5y_linear_aligned,True
2023-09-24 04:00:00+00:00,2023-09-24 10:00:00+00:00,2023-09-24 06:00:00-04:00,7,62.0,59.34956516126156,boost_5y_linear_aligned,True
2023-09-24 04:00:00+00:00,2023-09-24 11:00:00+00:00,2023-09-24 07:00:00-04:00,8,63.0,59.99936851543525,boost_5y_linear_aligned,True
2023-09-24 04:00:00+00:00,2023-09-24 12:00:00+00:00,2023-09-24 08:00:00-04:00,9,68.0,63.0209899580638,boost_5y_linear_aligned,True
2023-09-24 04:00:00+00:00,2023-09-24 13:00:00+00:00,2023-09-24 09:00:00-04:00,10,71.0,65.08334114910322,boost_5y_linear_aligned,True
2023-09-24 04:00:00+00:00,2023-09-24 14:00:00+00:00,2023-09-24 10:00:00-04:00,11,74.0,68.24991068530466,boost_5y_linear_aligned,True
2023-09-24 04:00:00+00:00,2023-09-24 15:00:00+00:00,2023-09-24 11:00:00-04:00,12,76.0,69.52363840173062,boost_5y_linear_aligned,True
2023-09-24 04:00:00+00:00,2023-09-24 16:00:00+00:00,2023-09-24 12:00:00-04:00,13,78.0,71.34838144280018,boost_5y_linear_aligned,True
2023-09-24 04:00:00+00:00,2023-09-24 17:00:00+00:00,2023-09-24 13:00:00-04:00,14,80.0,72.63419229537966,boost_5y_linear_aligned,True
2023-09-24 04:00:00+00:00,2023-09-24 18:00:00+00:00,2023-09-24 14:00:00-04:00,15,78.0,73.36078482050257,boost_5y_linear_aligned,True
2023-09-24 04:00:00+00:00,2023-09-24 19:00:00+00:00,2023-09-24 15:00:00-04:00,16,82.0,73.65603102916641,boost_5y_linear_aligned,True
2023-09-24 04:00:00+00:00,2023-09-24 20:00:00+00:00,2023-09-24 16:00:00-04:00,17,79.0,73.76946302167477,boost_5y_linear_aligned,True
2023-09-24 04:00:00+00:00,2023-09-24 21:00:00+00:00,2023-09-24 17:00:00-04:00,18,79.0,72.4044050651872,boost_5y_linear_aligned,True
2023-09-24 04:00:00+00:00,2023-09-24 22:00:00+00:00,2023-09-24 18:00:00-04:00,19,76.0,69.86769956831318,boost_5y_linear_aligned,True
2023-09-24 04:00:00+00:00,2023-09-24 23:00:00+00:00,2023-09-24 19:00:00-04:00,20,75.0,67.38737073218394,boost_5y_linear_aligned,True
2023-09-24 04:00:00+00:00,2023-09-25 00:00:00+00:00,2023-09-24 20:00:00-04:00,21,73.0,65.27574976439278,boost_5y_linear_aligned,True
2023-09-24 04:00:00+00:00,2023-09-25 01:00:00+00:00,2023-09-24 21:00:00-04:00,22,73.0,63.93372502161166,boost_5y_linear_aligned,True
2023-09-24 04:00:00+00:00,2023-09-25 02:00:00+00:00,2023-09-24 22:00:00-04:00,23,73.0,63.05391333430895,boost_5y_linear_aligned,True
2023-09-24 04:00:00+00:00,2023-09-25 03:00:00+00:00,2023-09-24 23:00:00-04:00,24,72.0,60.868150472041336,boost_5y_linear_aligned,True
2023-09-24 04:00:00+00:00,2023-09-25 04:00:00+00:00,2023-09-25 00:00:00-04:00,25,72.0,59.962885052206616,boost_5y_linear_aligned,True
2023-09-24 04:00:00+00:00,2023-09-25 05:00:00+00:00,2023-09-25 01:00:00-04:00,26,70.0,59.201630590035975,boost_5y_linear_aligned,True
2023-09-24 04:00:00+00:00,2023-09-25 06:00:00+00:00,2023-09-25 02:00:00-04:00,27,68.0,58.58575896364641,boost_5y_linear_aligned,True
2023-09-24 04:00:00+00:00,2023-09-25 07:00:00+00:00,2023-09-25 03:00:00-04:00,28,69.0,57.814147998743394,boost_5y_linear_aligned,True
2023-09-24 04:00:00+00:00,2023-09-25 08:00:00+00:00,2023-09-25 04:00:00-04:00,29,69.0,57.20933172531439,boost_5y_linear_aligned,True
2023-09-24 04:00:00+00:00,2023-09-25 09:00:00+00:00,2023-09-25 05:00:00-04:00,30,68.0,56.96011680693556,boost_5y_linear_aligned,True
2023-09-24 04:00:00+00:00,2023-09-25 10:00:00+00:00,2023-09-25 06:00:00-04:00,31,68.0,56.67003673456404,boost_5y_linear_aligned,True
2023-09-24 04:00:00+00:00,2023-09-25 11:00:00+00:00,2023-09-25 07:00:00-04:00,32,68.0,57.4284809632904,boost_5y_linear_aligned,True
2023-09-24 04:00:00+00:00,2023-09-25 12:00:00+00:00,2023-09-25 08:00:00-04:00,33,70.0,60.522488657994046,boost_5y_linear_aligned,True
2023-09-24 04:00:00+00:00,2023-09-25 13:00:00+00:00,2023-09-25 09:00:00-04:00,34,73.0,63.9206181468688,boost_5y_linear_aligned,True
2023-09-24 04:00:00+00:00,2023-09-25 14:00:00+00:00,2023-09-25 10:00:00-04:00,35,76.0,67.02645825367239,boost_5y_linear_aligned,True
2023-09-24 04:00:00+00:00,2023-09-25 15:00:00+00:00,2023-09-25 11:00:00-04:00,36,80.0,68.58713030283884,boost_5y_linear_aligned,True
2023-09-24 04:00:00+00:00,2023-09-25 16:00:00+00:00,2023-09-25 12:00:00-04:00,37,80.0,70.50196968453955,boost_5y_linear_aligned,True
2023-09-24 04:00:00+00:00,2023-09-25 17:00:00+00:00,2023-09-25 13:00:00-04:00,38,81.0,71.76953358580316,boost_5y_linear_aligned,True
2023-09-24 04:00:00+00:00,2023-09-25 18:00:00+00:00,2023-09-25 14:00:00-04:00,39,82.0,72.59869607408002,boost_5y_linear_aligned,True
2023-09-24 04:00:00+00:00,2023-09-25 19:00:00+00:00,2023-09-25 15:00:00-04:00,40,83.0,72.92816178936089,boost_5y_linear_aligned,True
2023-09-24 04:00:00+00:00,2023-09-25 20:00:00+00:00,2023-09-25 16:00:00-04:00,41,82.0,72.07927336018095,boost_5y_linear_aligned,True
2023-09-24 04:00:00+00:00,2023-09-25 21:00:00+00:00,2023-09-25 17:00:00-04:00,42,81.0,70.64930532029108,boost_5y_linear_aligned,True
2023-09-24 04:00:00+00:00,2023-09-25 22:00:00+00:00,2023-09-25 18:00:00-04:00,43,77.0,68.02272005059844,boost_5y_linear_aligned,True
2023-09-24 04:00:00+00:00,2023-09-25 23:00:00+00:00,2023-09-25 19:00:00-04:00,44,74.0,65.7465576544254,boost_5y_linear_aligned,True
2023-09-24 04:00:00+00:00,2023-09-26 00:00:00+00:00,2023-09-25 20:00:00-04:00,45,72.0,63.97976000403622,boost_5y_linear_aligned,True
2023-09-24 04:00:00+00:00,2023-09-26 01:00:00+00:00,2023-09-25 21:00:00-04:00,46,70.0,63.15966140837413,boost_5y_linear_aligned,True
2023-09-24 04:00:00+00:00,2023-09-26 02:00:00+00:00,2023-09-25 22:00:00-04:00,47,69.0,62.350063226558376,boost_5y_linear_aligned,True
2023-09-24 04:00:00+00:00,2023-09-26 03:00:00+00:00,2023-09-25 23:00:00-04:00,48,67.0,61.32704547270583,boost_5y_linear_aligned,True
2023-09-24 04:00:00+00:00,2023-09-26 04:00:00+00:00,2023-09-26 00:00:00-04:00,49,67.0,60.38451234793404,boost_5y_linear_aligned,True
2023-09-24 04:00:00+00:00,2023-09-26 05:00:00+00:00,2023-09-26 01:00:00-04:00,50,66.0,59.54044474377887,boost_5y_linear_aligned,True
2023-09-24 04:00:00+00:00,2023-09-26 06:00:00+00:00,2023-09-26 02:00:00-04:00,51,65.0,58.878133242749925,boost_5y_linear_aligned,True
2023-09-24 04:00:00+00:00,2023-09-26 07:00:00+00:00,2023-09-26 03:00:00-04:00,52,65.0,58.0758801905573,boost_5y_linear_aligned,True
2023-09-24 04:00:00+00:00,2023-09-26 08:00:00+00:00,2023-09-26 04:00:00-04:00,53,66.0,57.82820772844766,boost_5y_linear_aligned,True
2023-09-24 04:00:00+00:00,2023-09-26 09:00:00+00:00,2023-09-26 05:00:00-04:00,54,66.0,57.62015670912288,boost_5y_linear_aligned,True
2023-09-24 04:00:00+00:00,2023-09-26 10:00:00+00:00,2023-09-26 06:00:00-04:00,55,65.0,57.332631016779594,boost_5y_linear_aligned,True
2023-09-24 04:00:00+00:00,2023-09-26 11:00:00+00:00,2023-09-26 07:00:00-04:00,56,66.0,58.18166820792154,boost_5y_linear_aligned,True
2023-09-24 04:00:00+00:00,2023-09-26 12:00:00+00:00,2023-09-26 08:00:00-04:00,57,67.0,61.35842975407379,boost_5y_linear_aligned,True
2023-09-24 04:00:00+00:00,2023-09-26 13:00:00+00:00,2023-09-26 09:00:00-04:00,58,68.0,64.73859141134392,boost_5y_linear_aligned,True
2023-09-24 04:00:00+00:00,2023-09-26 14:00:00+00:00,2023-09-26 10:00:00-04:00,59,69.0,68.11042078049174,boost_5y_linear_aligned,True
2023-09-24 04:00:00+00:00,2023-09-26 15:00:00+00:00,2023-09-26 11:00:00-04:00,60,70.0,69.93196037958369,boost_5y_linear_aligned,True
2023-09-24 04:00:00+00:00,2023-09-26 16:00:00+00:00,2023-09-26 12:00:00-04:00,61,71.0,71.99562212398517,boost_5y_linear_aligned,True
2023-09-24 04:00:00+00:00,2023-09-26 17:00:00+00:00,2023-09-26 13:00:00-04:00,62,72.0,73.28993887182523,boost_5y_linear_aligned,True
2023-09-24 04:00:00+00:00,2023-09-26 18:00:00+00:00,2023-09-26 14:00:00-04:00,63,72.0,74.1495260300027,boost_5y_linear_aligned,True
2023-09-24 04:00:00+00:00,2023-09-26 19:00:00+00:00,2023-09-26 15:00:00-04:00,64,72.0,74.27798768443303,boost_5y_linear_aligned,True
2023-09-24 04:00:00+00:00,2023-09-26 20:00:00+00:00,2023-09-26 16:00:00-04:00,65,70.0,74.09457280418732,boost_5y_linear_aligned,True
2023-09-24 04:00:00+00:00,2023-09-26 21:00:00+00:00,2023-09-26 17:00:00-04:00,66,69.0,72.65672777595799,boost_5y_linear_aligned,True
2023-09-24 04:00:00+00:00,2023-09-26 22:00:00+00:00,2023-09-26 18:00:00-04:00,67,68.0,69.69770120451712,boost_5y_linear_aligned,True
2023-09-24 04:00:00+00:00,2023-09-26 23:00:00+00:00,2023-09-26 19:00:00-04:00,68,68.0,66.75700271963413,boost_5y_linear_aligned,True
2023-09-24 04:00:00+00:00,2023-09-27 00:00:00+00:00,2023-09-26 20:00:00-04:00,69,67.0,64.79354791616964,boost_5y_linear_aligned,True
2023-09-24 04:00:00+00:00,2023-09-27 01:00:00+00:00,2023-09-26 21:00:00-04:00,70,66.0,63.20733578097602,boost_5y_linear_aligned,True
2023-09-24 04:00:00+00:00,2023-09-27 02:00:00+00:00,2023-09-26 22:00:00-04:00,71,66.0,62.34640336568416,boost_5y_linear_aligned,True
2023-09-24 04:00:00+00:00,2023-09-27 03:00:00+00:00,2023-09-26 23:00:00-04:00,72,65.0,61.71003116299129,boost_5y_linear_aligned,True
2023-09-24 04:00:00+00:00,2023-09-27 04:00:00+00:00,2023-09-27 00:00:00-04:00,73,65.0,60.782183907335835,boost_5y_linear_aligned,True
2023-09-24 04:00:00+00:00,2023-09-27 05:00:00+00:00,2023-09-27 01:00:00-04:00,74,65.0,59.90603252140357,boost_5y_linear_aligned,True
2023-09-24 04:00:00+00:00,2023-09-27 06:00:00+00:00,2023-09-27 02:00:00-04:00,75,64.0,59.49866185185257,boost_5y_linear_aligned,True
2023-09-24 04:00:00+00:00,2023-09-27 07:00:00+00:00,2023-09-27 03:00:00-04:00,76,64.0,58.82485952238009,boost_5y_linear_aligned,True
2023-09-24 04:00:00+00:00,2023-09-27 08:00:00+00:00,2023-09-27 04:00:00-04:00,77,63.0,58.650181142393514,boost_5y_linear_aligned,True
2023-09-24 04:00:00+00:00,2023-09-27 09:00:00+00:00,2023-09-27 05:00:00-04:00,78,63.0,58.29403101881052,boost_5y_linear_aligned,True
2023-09-24 04:00:00+00:00,2023-09-27 10:00:00+00:00,2023-09-27 06:00:00-04:00,79,63.0,57.98735840857666,boost_5y_linear_aligned,True
2023-09-24 04:00:00+00:00,2023-09-27 11:00:00+00:00,2023-09-27 07:00:00-04:00,80,62.0,59.123870879246674,boost_5y_linear_aligned,True
2023-09-24 04:00:00+00:00,2023-09-27 12:00:00+00:00,2023-09-27 08:00:00-04:00,81,64.0,62.243174227211966,boost_5y_linear_aligned,True
2023-09-24 04:00:00+00:00,2023-09-27 13:00:00+00:00,2023-09-27 09:00:00-04:00,82,65.0,65.88750532747167,boost_5y_linear_aligned,True
2023-09-24 04:00:00+00:00,2023-09-27 14:00:00+00:00,2023-09-27 10:00:00-04:00,83,65.0,69.70129609173117,boost_5y_linear_aligned,True
2023-09-24 04:00:00+00:00,2023-09-27 15:00:00+00:00,2023-09-27 11:00:00-04:00,84,66.0,72.49279895419278,boost_5y_linear_aligned,True
2023-09-24 04:00:00+00:00,2023-09-27 16:00:00+00:00,2023-09-27 12:00:00-04:00,85,67.0,74.46134805348451,boost_5y_linear_aligned,True
2023-09-24 04:00:00+00:00,2023-09-27 17:00:00+00:00,2023-09-27 13:00:00-04:00,86,67.0,75.75804046335733,boost_5y_linear_aligned,True
2023-09-24 04:00:00+00:00,2023-09-27 18:00:00+00:00,2023-09-27 14:00:00-04:00,87,67.0,76.64707281628894,boost_5y_linear_aligned,True
2023-09-24 04:00:00+00:00,2023-09-27 19:00:00+00:00,2023-09-27 15:00:00-04:00,88,67.0,76.12645542006923,boost_5y_linear_aligned,True
2023-09-24 04:00:00+00:00,2023-09-27 20:00:00+00:00,2023-09-27 16:00:00-04:00,89,66.0,75.58057110468435,boost_5y_linear_aligned,True
2023-09-24 04:00:00+00:00,2023-09-27 21:00:00+00:00,2023-09-27 17:00:00-04:00,90,65.0,74.1374053517651,boost_5y_linear_aligned,True
2023-09-24 04:00:00+00:00,2023-09-27 22:00:00+00:00,2023-09-27 18:00:00-04:00,91,64.0,70.8134820951621,boost_5y_linear_aligned,True
2023-09-24 04:00:00+00:00,2023-09-27 23:00:00+00:00,2023-09-27 19:00:00-04:00,92,64.0,67.40009335067896,boost_5y_linear_aligned,True
2023-09-24 04:00:00+00:00,2023-09-28 00:00:00+00:00,2023-09-27 20:00:00-04:00,93,63.0,65.49114065439896,boost_5y_linear_aligned,True
2023-09-24 04:00:00+00:00,2023-09-28 01:00:00+00:00,2023-09-27 21:00:00-04:00,94,63.0,64.00839175936272,boost_5y_linear_aligned,True
2023-09-24 04:00:00+00:00,2023-09-28 02:00:00+00:00,2023-09-27 22:00:00-04:00,95,63.0,63.10905670412698,boost_5y_linear_aligned,True
2023-09-24 04:00:00+00:00,2023-09-28 03:00:00+00:00,2023-09-27 23:00:00-04:00,96,63.0,62.40560988927015,boost_5y_linear_aligned,True
2023-09-24 04:00:00+00:00,2023-09-28 04:00:00+00:00,2023-09-28 00:00:00-04:00,97,63.0,60.6459058527705,boost_5y_linear_aligned,True
2023-09-24 04:00:00+00:00,2023-09-28 05:00:00+00:00,2023-09-28 01:00:00-04:00,98,63.0,59.922188413694904,boost_5y_linear_aligned,True
2023-09-24 04:00:00+00:00,2023-09-28 06:00:00+00:00,2023-09-28 02:00:00-04:00,99,63.0,59.35347416690742,boost_5y_linear_aligned,True
2023-09-24 04:00:00+00:00,2023-09-28 07:00:00+00:00,2023-09-28 03:00:00-04:00,100,63.0,58.786975127055825,boost_5y_linear_aligned,True
2023-09-24 04:00:00+00:00,2023-09-28 08:00:00+00:00,2023-09-28 04:00:00-04:00,101,62.0,58.54234474924598,boost_5y_linear_aligned,True
2023-09-24 04:00:00+00:00,2023-09-28 09:00:00+00:00,2023-09-28 05:00:00-04:00,102,62.0,58.26299239138317,boost_5y_linear_aligned,True
2023-09-24 04:00:00+00:00,2023-09-28 10:00:00+00:00,2023-09-28 06:00:00-04:00,103,62.0,57.95513891902596,boost_5y_linear_aligned,True
2023-09-24 04:00:00+00:00,2023-09-28 11:00:00+00:00,2023-09-28 07:00:00-04:00,104,61.0,58.98648116929789,boost_5y_linear_aligned,True
2023-09-24 04:00:00+00:00,2023-09-28 12:00:00+00:00,2023-09-28 08:00:00-04:00,105,62.0,62.044308678185416,boost_5y_linear_aligned,True
2023-09-24 04:00:00+00:00,2023-09-28 13:00:00+00:00,2023-09-28 09:00:00-04:00,106,64.0,65.77368041014202,boost_5y_linear_aligned,True
2023-09-24 04:00:00+00:00,2023-09-28 14:00:00+00:00,2023-09-28 10:00:00-04:00,107,67.0,69.64413280334632,boost_5y_linear_aligned,True
2023-09-24 04:00:00+00:00,2023-09-28 15:00:00+00:00,2023-09-28 11:00:00-04:00,108,69.0,72.3796240449993,boost_5y_linear_aligned,True
2023-09-24 04:00:00+00:00,2023-09-28 16:00:00+00:00,2023-09-28 12:00:00-04:00,109,70.0,74.78318336415744,boost_5y_linear_aligned,True
2023-09-24 04:00:00+00:00,2023-09-28 17:00:00+00:00,2023-09-28 13:00:00-04:00,110,71.0,76.39097296572666,boost_5y_linear_aligned,True
2023-09-24 04:00:00+00:00,2023-09-28 18:00:00+00:00,2023-09-28 14:00:00-04:00,111,74.0,77.35473881663016,boost_5y_linear_aligned,True
2023-09-24 04:00:00+00:00,2023-09-28 19:00:00+00:00,2023-09-28 15:00:00-04:00,112,75.0,76.83155231598195,boost_5y_linear_aligned,True
2023-09-24 04:00:00+00:00,2023-09-28 20:00:00+00:00,2023-09-28 16:00:00-04:00,113,76.0,76.1915126782068,boost_5y_linear_aligned,True
2023-09-24 04:00:00+00:00,2023-09-28 21:00:00+00:00,2023-09-28 17:00:00-04:00,114,75.0,74.69853768279998,boost_5y_linear_aligned,True
2023-09-24 04:00:00+00:00,2023-09-28 22:00:00+00:00,2023-09-28 18:00:00-04:00,115,72.0,71.33291998932201,boost_5y_linear_aligned,True
2023-09-24 04:00:00+00:00,2023-09-28 23:00:00+00:00,2023-09-28 19:00:00-04:00,116,69.0,67.84552391864416,boost_5y_linear_aligned,True
2023-09-24 04:00:00+00:00,2023-09-29 00:00:00+00:00,2023-09-28 20:00:00-04:00,117,66.0,65.97282392720324,boost_5y_linear_aligned,True
2023-09-24 04:00:00+00:00,2023-09-29 01:00:00+00:00,2023-09-28 21:00:00-04:00,118,65.0,64.67329758409882,boost_5y_linear_aligned,True
2023-09-24 04:00:00+00:00,2023-09-29 02:00:00+00:00,2023-09-28 22:00:00-04:00,119,65.0,64.40745598729262,boost_5y_linear_aligned,True
2023-09-24 04:00:00+00:00,2023-09-29 03:00:00+00:00,2023-09-28 23:00:00-04:00,120,65.0,63.78417631323455,boost_5y_linear_aligned,True
2023-09-24 04:00:00+00:00,2023-09-29 04:00:00+00:00,2023-09-29 00:00:00-04:00,121,65.0,62.65619127124722,boost_5y_linear_aligned,True
2023-09-24 04:00:00+00:00,2023-09-29 05:00:00+00:00,2023-09-29 01:00:00-04:00,122,65.0,61.78001359337934,boost_5y_linear_aligned,True
2023-09-24 04:00:00+00:00,2023-09-29 06:00:00+00:00,2023-09-29 02:00:00-04:00,123,65.0,61.26614075821188,boost_5y_linear_aligned,True
2023-09-24 04:00:00+00:00,2023-09-29 07:00:00+00:00,2023-09-29 03:00:00-04:00,124,64.0,60.73477092542525,boost_5y_linear_aligned,True
2023-09-24 04:00:00+00:00,2023-09-29 08:00:00+00:00,2023-09-29 04:00:00-04:00,125,64.0,60.369256539656014,boost_5y_linear_aligned,True
2023-09-24 04:00:00+00:00,2023-09-29 09:00:00+00:00,2023-09-29 05:00:00-04:00,126,64.0,59.814355331595664,boost_5y_linear_aligned,True
2023-09-24 04:00:00+00:00,2023-09-29 10:00:00+00:00,2023-09-29 06:00:00-04:00,127,64.0,59.44233450936202,boost_5y_linear_aligned,True
2023-09-24 04:00:00+00:00,2023-09-29 11:00:00+00:00,2023-09-29 07:00:00-04:00,128,64.0,60.59505611241849,boost_5y_linear_aligned,True
2023-09-24 04:00:00+00:00,2023-09-29 12:00:00+00:00,2023-09-29 08:00:00-04:00,129,64.0,63.78532374997533,boost_5y_linear_aligned,True
2023-09-24 04:00:00+00:00,2023-09-29 13:00:00+00:00,2023-09-29 09:00:00-04:00,130,66.0,67.49786295246555,boost_5y_linear_aligned,True
2023-09-24 04:00:00+00:00,2023-09-29 14:00:00+00:00,2023-09-29 10:00:00-04:00,131,67.0,71.15591260924728,boost_5y_linear_aligned,True
2023-09-24 04:00:00+00:00,2023-09-29 15:00:00+00:00,2023-09-29 11:00:00-04:00,132,68.0,73.86013261283601,boost_5y_linear_aligned,True
2023-09-24 04:00:00+00:00,2023-09-29 16:00:00+00:00,2023-09-29 12:00:00-04:00,133,70.0,75.6759581020491,boost_5y_linear_aligned,True
2023-09-24 04:00:00+00:00,2023-09-29 17:00:00+00:00,2023-09-29 13:00:00-04:00,134,71.0,76.98584755884397,boost_5y_linear_aligned,True
2023-09-24 04:00:00+00:00,2023-09-29 18:00:00+00:00,2023-09-29 14:00:00-04:00,135,71.0,77.9786977133845,boost_5y_linear_aligned,True
2023-09-24 04:00:00+00:00,2023-09-29 19:00:00+00:00,2023-09-29 15:00:00-04:00,136,73.0,77.52381611737148,boost_5y_linear_aligned,True
2023-09-24 04:00:00+00:00,2023-09-29 20:00:00+00:00,2023-09-29 16:00:00-04:00,137,73.0,76.88723743286303,boost_5y_linear_aligned,True
2023-09-24 04:00:00+00:00,2023-09-29 21:00:00+00:00,2023-09-29 17:00:00-04:00,138,74.0,75.36866675015462,boost_5y_linear_aligned,True
2023-09-24 04:00:00+00:00,2023-09-29 22:00:00+00:00,2023-09-29 18:00:00-04:00,139,70.0,71.5951144633099,boost_5y_linear_aligned,True
2023-09-24 04:00:00+00:00,2023-09-29 23:00:00+00:00,2023-09-29 19:00:00-04:00,140,66.0,67.01148658056444,boost_5y_linear_aligned,True
2023-09-24 04:00:00+00:00,2023-09-30 00:00:00+00:00,2023-09-29 20:00:00-04:00,141,64.0,65.09551278503783,boost_5y_linear_aligned,True
2023-09-24 04:00:00+00:00,2023-09-30 01:00:00+00:00,2023-09-29 21:00:00-04:00,142,64.0,63.77281460746333,boost_5y_linear_aligned,True
2023-09-24 04:00:00+00:00,2023-09-30 02:00:00+00:00,2023-09-29 22:00:00-04:00,143,63.0,63.10537952092075,boost_5y_linear_aligned,True
2023-09-24 04:00:00+00:00,2023-09-30 03:00:00+00:00,2023-09-29 23:00:00-04:00,144,61.0,62.070827923464165,boost_5y_linear_aligned,True
2023-09-24 04:00:00+00:00,2023-09-30 04:00:00+00:00,2023-09-30 00:00:00-04:00,145,60.0,61.23700828624602,boost_5y_linear_aligned,True
2023-09-24 04:00:00+00:00,2023-09-30 05:00:00+00:00,2023-09-30 01:00:00-04:00,146,59.0,60.26907127863708,boost_5y_linear_aligned,True
2023-09-24 04:00:00+00:00,2023-09-30 06:00:00+00:00,2023-09-30 02:00:00-04:00,147,59.0,59.7343669660899,boost_5y_linear_aligned,True
2023-09-24 04:00:00+00:00,2023-09-30 07:00:00+00:00,2023-09-30 03:00:00-04:00,148,62.0,59.025478579298245,boost_5y_linear_aligned,True
2023-09-24 04:00:00+00:00,2023-09-30 08:00:00+00:00,2023-09-30 04:00:00-04:00,149,63.0,58.65999552416205,boost_5y_linear_aligned,True
2023-09-24 04:00:00+00:00,2023-09-30 09:00:00+00:00,2023-09-30 05:00:00-04:00,150,64.0,57.84108830062729,boost_5y_linear_aligned,True
2023-09-24 04:00:00+00:00,2023-09-30 10:00:00+00:00,2023-09-30 06:00:00-04:00,151,64.0,57.52074716716483,boost_5y_linear_aligned,True
2023-09-24 04:00:00+00:00,2023-09-30 11:00:00+00:00,2023-09-30 07:00:00-04:00,152,65.0,58.613116490734754,boost_5y_linear_aligned,True
2023-09-24 04:00:00+00:00,2023-09-30 12:00:00+00:00,2023-09-30 08:00:00-04:00,153,66.0,62.33060684257582,boost_5y_linear_aligned,True
2023-09-24 04:00:00+00:00,2023-09-30 13:00:00+00:00,2023-09-30 09:00:00-04:00,154,67.0,65.97877183398772,boost_5y_linear_aligned,True
2023-09-24 04:00:00+00:00,2023-09-30 14:00:00+00:00,2023-09-30 10:00:00-04:00,155,69.0,69.89742456901344,boost_5y_linear_aligned,True
2023-09-24 04:00:00+00:00,2023-09-30 15:00:00+00:00,2023-09-30 11:00:00-04:00,156,70.0,72.43764551764549,boost_5y_linear_aligned,True
2023-09-24 04:00:00+00:00,2023-09-30 16:00:00+00:00,2023-09-30 12:00:00-04:00,157,73.0,74.31982054129618,boost_5y_linear_aligned,True
2023-09-24 04:00:00+00:00,2023-09-30 17:00:00+00:00,2023-09-30 13:00:00-04:00,158,75.0,75.73975669460343,boost_5y_linear_aligned,True
2023-09-24 04:00:00+00:00,2023-09-30 18:00:00+00:00,2023-09-30 14:00:00-04:00,159,76.0,76.75065512852134,boost_5y_linear_aligned,True
2023-09-24 04:00:00+00:00,2023-09-30 19:00:00+00:00,2023-09-30 15:00:00-04:00,160,77.0,76.49019664002721,boost_5y_linear_aligned,True
2023-09-24 04:00:00+00:00,2023-09-30 20:00:00+00:00,2023-09-30 16:00:00-04:00,161,75.0,75.99898986087948,boost_5y_linear_aligned,True
2023-09-24 04:00:00+00:00,2023-09-30 21:00:00+00:00,2023-09-30 17:00:00-04:00,162,73.0,74.38459118602859,boost_5y_linear_aligned,True
2023-09-24 04:00:00+00:00,2023-09-30 22:00:00+00:00,2023-09-30 18:00:00-04:00,163,69.0,70.81427676536327,boost_5y_linear_aligned,True
2023-09-24 04:00:00+00:00,2023-09-30 23:00:00+00:00,2023-09-30 19:00:00-04:00,164,67.0,67.26946971145804,boost_5y_linear_aligned,True
2023-09-24 04:00:00+00:00,2023-10-01 00:00:00+00:00,2023-09-30 20:00:00-04:00,165,64.0,65.5278786454098,boost_5y_linear_aligned,True
2023-09-24 04:00:00+00:00,2023-10-01 01:00:00+00:00,2023-09-30 21:00:00-04:00,166,62.0,64.29020680520136,boost_5y_linear_aligned,True
2023-09-24 04:00:00+00:00,2023-10-01 02:00:00+00:00,2023-09-30 22:00:00-04:00,167,61.0,63.498363210971526,boost_5y_linear_aligned,True
2023-09-24 04:00:00+00:00,2023-10-01 03:00:00+00:00,2023-09-30 23:00:00-04:00,168,60.0,62.85501316424135,boost_5y_linear_aligned,True
2023-09-24 04:00:00+00:00,2023-10-01 04:00:00+00:00,2023-10-01 00:00:00-04:00,169,58.0,61.86827678941277,boost_5y_linear_aligned,True
2023-09-24 04:00:00+00:00,2023-10-01 05:00:00+00:00,2023-10-01 01:00:00-04:00,170,60.0,61.138491547915855,boost_5y_linear_aligned,True
2023-09-24 04:00:00+00:00,2023-10-01 06:00:00+00:00,2023-10-01 02:00:00-04:00,171,58.0,60.64674479207044,boost_5y_linear_aligned,True
2023-09-24 04:00:00+00:00,2023-10-01 07:00:00+00:00,2023-10-01 03:00:00-04:00,172,60.0,60.12490046963483,boost_5y_linear_aligned,True
2023-09-24 04:00:00+00:00,2023-10-01 08:00:00+00:00,2023-10-01 04:00:00-04:00,173,61.0,59.848748867794626,boost_5y_linear_aligned,True
2023-09-24 04:00:00+00:00,2023-10-01 09:00:00+00:00,2023-10-01 05:00:00-04:00,174,60.0,59.14474968366578,boost_5y_linear_aligned,True
2023-09-24 04:00:00+00:00,2023-10-01 10:00:00+00:00,2023-10-01 06:00:00-04:00,175,60.0,58.765125087539346,boost_5y_linear_aligned,True
2023-09-24 04:00:00+00:00,2023-10-01 11:00:00+00:00,2023-10-01 07:00:00-04:00,176,60.0,59.74901591669177,boost_5y_linear_aligned,True
2023-09-24 04:00:00+00:00,2023-10-01 12:00:00+00:00,2023-10-01 08:00:00-04:00,177,66.0,63.14786252368408,boost_5y_linear_aligned,True
2023-09-24 04:00:00+00:00,2023-10-01 13:00:00+00:00,2023-10-01 09:00:00-04:00,178,69.0,66.77061992917157,boost_5y_linear_aligned,True
2023-09-24 04:00:00+00:00,2023-10-01 14:00:00+00:00,2023-10-01 10:00:00-04:00,179,73.0,70.4996445711281,boost_5y_linear_aligned,True
2023-09-24 04:00:00+00:00,2023-10-01 15:00:00+00:00,2023-10-01 11:00:00-04:00,180,75.0,73.13366509160274,boost_5y_linear_aligned,True
2023-09-24 04:00:00+00:00,2023-10-01 16:00:00+00:00,2023-10-01 12:00:00-04:00,181,78.0,74.92676645163701,boost_5y_linear_aligned,True
2023-09-24 04:00:00+00:00,2023-10-01 17:00:00+00:00,2023-10-01 13:00:00-04:00,182,79.0,76.2960441038221,boost_5y_linear_aligned,True
2023-09-24 04:00:00+00:00,2023-10-01 18:00:00+00:00,2023-10-01 14:00:00-04:00,183,81.0,77.22006900050343,boost_5y_linear_aligned,True
2023-09-24 04:00:00+00:00,2023-10-01 19:00:00+00:00,2023-10-01 15:00:00-04:00,184,80.0,76.91264361331274,boost_5y_linear_aligned,True
2023-09-24 04:00:00+00:00,2023-10-01 20:00:00+00:00,2023-10-01 16:00:00-04:00,185,79.0,76.35881601475663,boost_5y_linear_aligned,True
2023-09-24 04:00:00+00:00,2023-10-01 21:00:00+00:00,2023-10-01 17:00:00-04:00,186,80.0,74.70179435021693,boost_5y_linear_aligned,True
2023-09-24 04:00:00+00:00,2023-10-01 22:00:00+00:00,2023-10-01 18:00:00-04:00,187,74.0,71.13397877408227,boost_5y_linear_aligned,True
2023-09-24 04:00:00+00:00,2023-10-01 23:00:00+00:00,2023-10-01 19:00:00-04:00,188,69.0,67.84636707224631,boost_5y_linear_aligned,True
2023-09-24 04:00:00+00:00,2023-10-02 00:00:00+00:00,2023-10-01 20:00:00-04:00,189,66.0,66.1116678305667,boost_5y_linear_aligned,True
2023-09-24 04:00:00+00:00,2023-10-02 01:00:00+00:00,2023-10-01 21:00:00-04:00,190,64.0,64.74202435895072,boost_5y_linear_aligned,True
2023-09-24 04:00:00+00:00,2023-10-02 02:00:00+00:00,2023-10-01 22:00:00-04:00,191,63.0,64.14806597500665,boost_5y_linear_aligned,True
2023-09-24 04:00:00+00:00,2023-10-02 03:00:00+00:00,2023-10-01 23:00:00-04:00,192,61.0,63.38951260731011,boost_5y_linear_aligned,True
2023-09-24 04:00:00+00:00,2023-10-02 04:00:00+00:00,2023-10-02 00:00:00-04:00,193,61.0,62.505401665587236,boost_5y_linear_aligned,True
2023-09-24 04:00:00+00:00,2023-10-02 05:00:00+00:00,2023-10-02 01:00:00-04:00,194,60.0,61.607392930126935,boost_5y_linear_aligned,True
2023-09-24 04:00:00+00:00,2023-10-02 06:00:00+00:00,2023-10-02 02:00:00-04:00,195,60.0,61.132097435148815,boost_5y_linear_aligned,True
2023-09-24 04:00:00+00:00,2023-10-02 07:00:00+00:00,2023-10-02 03:00:00-04:00,196,59.0,60.576482186518035,boost_5y_linear_aligned,True
2023-09-24 04:00:00+00:00,2023-10-02 08:00:00+00:00,2023-10-02 04:00:00-04:00,197,61.0,60.1995776724738,boost_5y_linear_aligned,True
2023-09-24 04:00:00+00:00,2023-10-02 09:00:00+00:00,2023-10-02 05:00:00-04:00,198,62.0,59.59867200759334,boost_5y_linear_aligned,True
2023-09-24 04:00:00+00:00,2023-10-02 10:00:00+00:00,2023-10-02 06:00:00-04:00,199,60.0,59.14927767285817,boost_5y_linear_aligned,True
2023-09-24 04:00:00+00:00,2023-10-02 11:00:00+00:00,2023-10-02 07:00:00-04:00,200,61.0,60.11692825297099,boost_5y_linear_aligned,True
2023-09-24 04:00:00+00:00,2023-10-02 12:00:00+00:00,2023-10-02 08:00:00-04:00,201,66.0,63.494935129891715,boost_5y_linear_aligned,True
2023-09-24 04:00:00+00:00,2023-10-02 13:00:00+00:00,2023-10-02 09:00:00-04:00,202,70.0,66.88480752063695,boost_5y_linear_aligned,True
2023-09-24 04:00:00+00:00,2023-10-02 14:00:00+00:00,2023-10-02 10:00:00-04:00,203,75.0,70.41322429904787,boost_5y_linear_aligned,True
2023-09-24 04:00:00+00:00,2023-10-02 15:00:00+00:00,2023-10-02 11:00:00-04:00,204,79.0,72.9098658490571,boost_5y_linear_aligned,True
2023-09-24 04:00:00+00:00,2023-10-02 16:00:00+00:00,2023-10-02 12:00:00-04:00,205,81.0,74.71161712574401,boost_5y_linear_aligned,True
2023-09-24 04:00:00+00:00,2023-10-02 17:00:00+00:00,2023-10-02 13:00:00-04:00,206,82.0,75.9852405844517,boost_5y_linear_aligned,True
2023-09-24 04:00:00+00:00,2023-10-02 18:00:00+00:00,2023-10-02 14:00:00-04:00,207,83.0,76.99979732005475,boost_5y_linear_aligned,True
2023-09-24 04:00:00+00:00,2023-10-02 19:00:00+00:00,2023-10-02 15:00:00-04:00,208,83.0,76.69907424050301,boost_5y_linear_aligned,True
2023-09-24 04:00:00+00:00,2023-10-02 20:00:00+00:00,2023-10-02 16:00:00-04:00,209,83.0,76.11660142241386,boost_5y_linear_aligned,True
2023-09-24 04:00:00+00:00,2023-10-02 21:00:00+00:00,2023-10-02 17:00:00-04:00,210,81.0,74.44765888549553,boost_5y_linear_aligned,True
2023-09-24 04:00:00+00:00,2023-10-02 22:00:00+00:00,2023-10-02 18:00:00-04:00,211,76.0,70.84540443340948,boost_5y_linear_aligned,True
2023-09-24 04:00:00+00:00,2023-10-02 23:00:00+00:00,2023-10-02 19:00:00-04:00,212,73.0,67.6674838083331,boost_5y_linear_aligned,True
2023-09-24 04:00:00+00:00,2023-10-03 00:00:00+00:00,2023-10-02 20:00:00-04:00,213,71.0,65.9508368969504,boost_5y_linear_aligned,True
2023-09-24 04:00:00+00:00,2023-10-03 01:00:00+00:00,2023-10-02 21:00:00-04:00,214,66.0,64.62059194209678,boost_5y_linear_aligned,True
2023-09-24 04:00:00+00:00,2023-10-03 02:00:00+00:00,2023-10-02 22:00:00-04:00,215,66.0,64.0634505529965,boost_5y_linear_aligned,True
2023-09-24 04:00:00+00:00,2023-10-03 03:00:00+00:00,2023-10-02 23:00:00-04:00,216,65.0,63.40634296459244,boost_5y_linear_aligned,True
2023-09-24 04:00:00+00:00,2023-10-03 04:00:00+00:00,2023-10-03 00:00:00-04:00,217,64.0,62.47953440284073,boost_5y_linear_aligned,True
2023-09-24 04:00:00+00:00,2023-10-03 05:00:00+00:00,2023-10-03 01:00:00-04:00,218,64.0,61.728130847071235,boost_5y_linear_aligned,True
2023-09-24 04:00:00+00:00,2023-10-03 06:00:00+00:00,2023-10-03 02:00:00-04:00,219,62.0,61.204458541198896,boost_5y_linear_aligned,True
2023-09-24 04:00:00+00:00,2023-10-03 07:00:00+00:00,2023-10-03 03:00:00-04:00,220,62.0,60.55402034083137,boost_5y_linear_aligned,True
2023-09-24 04:00:00+00:00,2023-10-03 08:00:00+00:00,2023-10-03 04:00:00-04:00,221,60.0,60.26705555861609,boost_5y_linear_aligned,True
2023-09-24 04:00:00+00:00,2023-10-03 09:00:00+00:00,2023-10-03 05:00:00-04:00,222,59.0,59.62646205346499,boost_5y_linear_aligned,True
2023-09-24 04:00:00+00:00,2023-10-03 10:00:00+00:00,2023-10-03 06:00:00-04:00,223,59.0,59.16272921791788,boost_5y_linear_aligned,True
2023-09-24 04:00:00+00:00,2023-10-03 11:00:00+00:00,2023-10-03 07:00:00-04:00,224,60.0,60.04730951897574,boost_5y_linear_aligned,True
2023-09-24 04:00:00+00:00,2023-10-03 12:00:00+00:00,2023-10-03 08:00:00-04:00,225,67.0,63.24937136038171,boost_5y_linear_aligned,True
2023-09-24 04:00:00+00:00,2023-10-03 13:00:00+00:00,2023-10-03 09:00:00-04:00,226,72.0,66.70098817565845,boost_5y_linear_aligned,True
2023-09-24 04:00:00+00:00,2023-10-03 14:00:00+00:00,2023-10-03 10:00:00-04:00,227,76.0,70.12952980103658,boost_5y_linear_aligned,True
2023-09-24 04:00:00+00:00,2023-10-03 15:00:00+00:00,2023-10-03 11:00:00-04:00,228,79.0,72.67734375483003,boost_5y_linear_aligned,True
2023-09-24 04:00:00+00:00,2023-10-03 16:00:00+00:00,2023-10-03 12:00:00-04:00,229,80.0,74.55393987364499,boost_5y_linear_aligned,True
2023-09-24 04:00:00+00:00,2023-10-03 17:00:00+00:00,2023-10-03 13:00:00-04:00,230,80.0,75.90752110375577,boost_5y_linear_aligned,True
2023-09-24 04:00:00+00:00,2023-10-03 18:00:00+00:00,2023-10-03 14:00:00-04:00,231,82.0,76.76438671523947,boost_5y_linear_aligned,True
2023-09-24 04:00:00+00:00,2023-10-03 19:00:00+00:00,2023-10-03 15:00:00-04:00,232,81.0,76.5861743023467,boost_5y_linear_aligned,True
2023-09-24 04:00:00+00:00,2023-10-03 20:00:00+00:00,2023-10-03 16:00:00-04:00,233,82.0,76.07899867952895,boost_5y_linear_aligned,True
2023-09-24 04:00:00+00:00,2023-10-03 21:00:00+00:00,2023-10-03 17:00:00-04:00,234,78.0,74.38217695939123,boost_5y_linear_aligned,True
2023-09-24 04:00:00+00:00,2023-10-03 22:00:00+00:00,2023-10-03 18:00:00-04:00,235,77.0,70.68504510171066,boost_5y_linear_aligned,True
2023-09-24 04:00:00+00:00,2023-10-03 23:00:00+00:00,2023-10-03 19:00:00-04:00,236,73.0,67.60188724894847,boost_5y_linear_aligned,True
2023-09-24 04:00:00+00:00,2023-10-04 00:00:00+00:00,2023-10-03 20:00:00-04:00,237,70.0,65.83538766474811,boost_5y_linear_aligned,True
2023-09-24 04:00:00+00:00,2023-10-04 01:00:00+00:00,2023-10-03 21:00:00-04:00,238,67.0,64.49284711371465,boost_5y_linear_aligned,True
2023-09-24 04:00:00+00:00,2023-10-04 02:00:00+00:00,2023-10-03 22:00:00-04:00,239,68.0,63.94734622423308,boost_5y_linear_aligned,True
2023-09-24 04:00:00+00:00,2023-10-04 03:00:00+00:00,2023-10-03 23:00:00-04:00,240,64.0,63.31179975487053,boost_5y_linear_aligned,True
2023-09-24 04:00:00+00:00,2023-10-04 04:00:00+00:00,2023-10-04 00:00:00-04:00,241,64.0,62.52085449956649,boost_5y_linear_aligned,True
2023-09-24 04:00:00+00:00,2023-10-04 05:00:00+00:00,2023-10-04 01:00:00-04:00,242,67.0,61.75464616303894,boost_5y_linear_aligned,True
2023-09-24 04:00:00+00:00,2023-10-04 06:00:00+00:00,2023-10-04 02:00:00-04:00,243,63.0,61.30737388520188,boost_5y_linear_aligned,True
2023-09-24 04:00:00+00:00,2023-10-04 07:00:00+00:00,2023-10-04 03:00:00-04:00,244,60.0,60.586120311524226,boost_5y_linear_aligned,True
2023-09-24 04:00:00+00:00,2023-10-04 08:00:00+00:00,2023-10-04 04:00:00-04:00,245,61.0,60.23680678159015,boost_5y_linear_aligned,True
2023-09-24 04:00:00+00:00,2023-10-04 09:00:00+00:00,2023-10-04 05:00:00-04:00,246,60.0,59.604829287783616,boost_5y_linear_aligned,True
2023-09-24 04:00:00+00:00,2023-10-04 10:00:00+00:00,2023-10-04 06:00:00-04:00,247,59.0,59.19272826922645,boost_5y_linear_aligned,True
2023-09-24 04:00:00+00:00,2023-10-04 11:00:00+00:00,2023-10-04 07:00:00-04:00,248,60.0,60.077553469297094,boost_5y_linear_aligned,True
2023-09-24 04:00:00+00:00,2023-10-04 12:00:00+00:00,2023-10-04 08:00:00-04:00,249,65.0,63.30694204091521,boost_5y_linear_aligned,True
2023-09-24 04:00:00+00:00,2023-10-04 13:00:00+00:00,2023-10-04 09:00:00-04:00,250,70.0,66.63241298707987,boost_5y_linear_aligned,True
2023-09-24 04:00:00+00:00,2023-10-04 14:00:00+00:00,2023-10-04 10:00:00-04:00,251,75.0,70.11195711700996,boost_5y_linear_aligned,True
2023-09-24 04:00:00+00:00,2023-10-04 15:00:00+00:00,2023-10-04 11:00:00-04:00,252,76.0,72.59879144216919,boost_5y_linear_aligned,True
2023-09-24 04:00:00+00:00,2023-10-04 16:00:00+00:00,2023-10-04 12:00:00-04:00,253,77.0,74.43784073775417,boost_5y_linear_aligned,True
2023-09-24 04:00:00+00:00,2023-10-04 17:00:00+00:00,2023-10-04 13:00:00-04:00,254,79.0,75.75497247953548,boost_5y_linear_aligned,True
2023-09-24 04:00:00+00:00,2023-10-04 18:00:00+00:00,2023-10-04 14:00:00-04:00,255,80.0,76.54933599032724,boost_5y_linear_aligned,True
2023-09-24 04:00:00+00:00,2023-10-04 19:00:00+00:00,2023-10-04 15:00:00-04:00,256,80.0,76.44406631316717,boost_5y_linear_aligned,True
2023-09-24 04:00:00+00:00,2023-10-04 20:00:00+00:00,2023-10-04 16:00:00-04:00,257,79.0,75.80609611914592,boost_5y_linear_aligned,True
2023-09-24 04:00:00+00:00,2023-10-04 21:00:00+00:00,2023-10-04 17:00:00-04:00,258,78.0,74.06977990912971,boost_5y_linear_aligned,True
2023-09-24 04:00:00+00:00,2023-10-04 22:00:00+00:00,2023-10-04 18:00:00-04:00,259,74.0,70.29895196982022,boost_5y_linear_aligned,True
2023-09-24 04:00:00+00:00,2023-10-04 23:00:00+00:00,2023-10-04 19:00:00-04:00,260,70.0,67.41906560992342,boost_5y_linear_aligned,True
2023-09-24 04:00:00+00:00,2023-10-05 00:00:00+00:00,2023-10-04 20:00:00-04:00,261,64.0,65.83638087605961,boost_5y_linear_aligned,True
2023-09-24 04:00:00+00:00,2023-10-05 01:00:00+00:00,2023-10-04 21:00:00-04:00,262,61.0,64.50606439322816,boost_5y_linear_aligned,True
2023-09-24 04:00:00+00:00,2023-10-05 02:00:00+00:00,2023-10-04 22:00:00-04:00,263,62.0,64.03509332454443,boost_5y_linear_aligned,True
2023-09-24 04:00:00+00:00,2023-10-05 03:00:00+00:00,2023-10-04 23:00:00-04:00,264,62.0,63.34280582889637,boost_5y_linear_aligned,True
2023-09-24 04:00:00+00:00,2023-10-05 04:00:00+00:00,2023-10-05 00:00:00-04:00,265,60.0,62.56212203426559,boost_5y_linear_aligned,True
2023-09-24 04:00:00+00:00,2023-10-05 05:00:00+00:00,2023-10-05 01:00:00-04:00,266,60.0,61.72834024502107,boost_5y_linear_aligned,True
2023-09-24 04:00:00+00:00,2023-10-05 06:00:00+00:00,2023-10-05 02:00:00-04:00,267,61.0,61.32966439246708,boost_5y_linear_aligned,True
2023-09-24 04:00:00+00:00,2023-10-05 07:00:00+00:00,2023-10-05 03:00:00-04:00,268,61.0,60.546925787429515,boost_5y_linear_aligned,True
2023-09-24 04:00:00+00:00,2023-10-05 08:00:00+00:00,2023-10-05 04:00:00-04:00,269,58.0,60.209390452085216,boost_5y_linear_aligned,True
2023-09-24 04:00:00+00:00,2023-10-05 09:00:00+00:00,2023-10-05 05:00:00-04:00,270,59.0,59.57855148322372,boost_5y_linear_aligned,True
2023-09-24 04:00:00+00:00,2023-10-05 10:00:00+00:00,2023-10-05 06:00:00-04:00,271,58.0,59.23056896735631,boost_5y_linear_aligned,True
2023-09-24 04:00:00+00:00,2023-10-05 11:00:00+00:00,2023-10-05 07:00:00-04:00,272,60.0,60.065934160496056,boost_5y_linear_aligned,True
2023-09-24 04:00:00+00:00,2023-10-05 12:00:00+00:00,2023-10-05 08:00:00-04:00,273,66.0,63.162518965904184,boost_5y_linear_aligned,True
2023-09-24 04:00:00+00:00,2023-10-05 13:00:00+00:00,2023-10-05 09:00:00-04:00,274,71.0,66.534578073021,boost_5y_linear_aligned,True
2023-09-24 04:00:00+00:00,2023-10-05 14:00:00+00:00,2023-10-05 10:00:00-04:00,275,75.0,70.12422538009557,boost_5y_linear_aligned,True
2023-09-24 04:00:00+00:00,2023-10-05 15:00:00+00:00,2023-10-05 11:00:00-04:00,276,77.0,72.60485312742136,boost_5y_linear_aligned,True
2023-09-24 04:00:00+00:00,2023-10-05 16:00:00+00:00,2023-10-05 12:00:00-04:00,277,77.0,74.33764894935562,boost_5y_linear_aligned,True
2023-09-24 04:00:00+00:00,2023-10-05 17:00:00+00:00,2023-10-05 13:00:00-04:00,278,81.0,75.61736987781806,boost_5y_linear_aligned,True
2023-09-24 04:00:00+00:00,2023-10-05 18:00:00+00:00,2023-10-05 14:00:00-04:00,279,80.0,76.36472681057984,boost_5y_linear_aligned,True
2023-09-24 04:00:00+00:00,2023-10-05 19:00:00+00:00,2023-10-05 15:00:00-04:00,280,80.0,76.24923589622695,boost_5y_linear_aligned,True
2023-09-24 04:00:00+00:00,2023-10-05 20:00:00+00:00,2023-10-05 16:00:00-04:00,281,81.0,75.64446869634598,boost_5y_linear_aligned,True
2023-09-24 04:00:00+00:00,2023-10-05 21:00:00+00:00,2023-10-05 17:00:00-04:00,282,79.0,73.91928633653903,boost_5y_linear_aligned,True
2023-09-24 04:00:00+00:00,2023-10-05 22:00:00+00:00,2023-10-05 18:00:00-04:00,283,77.0,70.10556854851511,boost_5y_linear_aligned,True
2023-09-24 04:00:00+00:00,2023-10-05 23:00:00+00:00,2023-10-05 19:00:00-04:00,284,71.0,67.3105101322904,boost_5y_linear_aligned,True
2023-09-24 04:00:00+00:00,2023-10-06 00:00:00+00:00,2023-10-05 20:00:00-04:00,285,68.0,65.95325715886241,boost_5y_linear_aligned,True
2023-09-24 04:00:00+00:00,2023-10-06 01:00:00+00:00,2023-10-05 21:00:00-04:00,286,67.0,64.65648436422273,boost_5y_linear_aligned,True
2023-09-24 04:00:00+00:00,2023-10-06 02:00:00+00:00,2023-10-05 22:00:00-04:00,287,68.0,64.09482661116638,boost_5y_linear_aligned,True
2023-09-24 04:00:00+00:00,2023-10-06 03:00:00+00:00,2023-10-05 23:00:00-04:00,288,67.0,63.38096009027954,boost_5y_linear_aligned,True
2023-09-24 04:00:00+00:00,2023-10-06 04:00:00+00:00,2023-10-06 00:00:00-04:00,289,67.0,62.8388053534062,boost_5y_linear_aligned,True
2023-09-24 04:00:00+00:00,2023-10-06 05:00:00+00:00,2023-10-06 01:00:00-04:00,290,66.0,62.11637053401725,boost_5y_linear_aligned,True
2023-09-24 04:00:00+00:00,2023-10-06 06:00:00+00:00,2023-10-06 02:00:00-04:00,291,64.0,61.674779019997345,boost_5y_linear_aligned,True
2023-09-24 04:00:00+00:00,2023-10-06 07:00:00+00:00,2023-10-06 03:00:00-04:00,292,65.0,61.05446269831031,boost_5y_linear_aligned,True
2023-09-24 04:00:00+00:00,2023-10-06 08:00:00+00:00,2023-10-06 04:00:00-04:00,293,64.0,60.73332695674365,boost_5y_linear_aligned,True
2023-09-24 04:00:00+00:00,2023-10-06 09:00:00+00:00,2023-10-06 05:00:00-04:00,294,65.0,60.20508719001271,boost_5y_linear_aligned,True
2023-09-24 04:00:00+00:00,2023-10-06 10:00:00+00:00,2023-10-06 06:00:00-04:00,295,64.0,59.89135199050596,boost_5y_linear_aligned,True
2023-09-24 04:00:00+00:00,2023-10-06 11:00:00+00:00,2023-10-06 07:00:00-04:00,296,65.0,60.57335214258321,boost_5y_linear_aligned,True
2023-09-24 04:00:00+00:00,2023-10-06 12:00:00+00:00,2023-10-06 08:00:00-04:00,297,67.0,63.486155855697675,boost_5y_linear_aligned,True
2023-09-24 04:00:00+00:00,2023-10-06 13:00:00+00:00,2023-10-06 09:00:00-04:00,298,69.0,66.76629695035861,boost_5y_linear_aligned,True
2023-09-24 04:00:00+00:00,2023-10-06 14:00:00+00:00,2023-10-06 10:00:00-04:00,299,71.0,70.17127982395951,boost_5y_linear_aligned,True
2023-09-24 04:00:00+00:00,2023-10-06 15:00:00+00:00,2023-10-06 11:00:00-04:00,300,76.0,72.53226091135744,boost_5y_linear_aligned,True
2023-09-24 04:00:00+00:00,2023-10-06 16:00:00+00:00,2023-10-06 12:00:00-04:00,301,78.0,74.21014075927415,boost_5y_linear_aligned,True
2023-09-24 04:00:00+00:00,2023-10-06 17:00:00+00:00,2023-10-06 13:00:00-04:00,302,79.0,75.54190113068991,boost_5y_linear_aligned,True
2023-09-24 04:00:00+00:00,2023-10-06 18:00:00+00:00,2023-10-06 14:00:00-04:00,303,79.0,76.284354388173,boost_5y_linear_aligned,True
2023-09-24 04:00:00+00:00,2023-10-06 19:00:00+00:00,2023-10-06 15:00:00-04:00,304,79.0,76.1609937962265,boost_5y_linear_aligned,True
2023-09-24 04:00:00+00:00,2023-10-06 20:00:00+00:00,2023-10-06 16:00:00-04:00,305,78.0,75.64723500249822,boost_5y_linear_aligned,True
2023-09-24 04:00:00+00:00,2023-10-06 21:00:00+00:00,2023-10-06 17:00:00-04:00,306,76.0,73.91663908416895,boost_5y_linear_aligned,True
2023-09-24 04:00:00+00:00,2023-10-06 22:00:00+00:00,2023-10-06 18:00:00-04:00,307,74.0,70.13948087336256,boost_5y_linear_aligned,True
2023-09-24 04:00:00+00:00,2023-10-06 23:00:00+00:00,2023-10-06 19:00:00-04:00,308,72.0,67.36335702332838,boost_5y_linear_aligned,True
2023-09-24 04:00:00+00:00,2023-10-07 00:00:00+00:00,2023-10-06 20:00:00-04:00,309,72.0,66.04883707668989,boost_5y_linear_aligned,True
2023-09-24 04:00:00+00:00,2023-10-07 01:00:00+00:00,2023-10-06 21:00:00-04:00,310,69.0,64.75988570253921,boost_5y_linear_aligned,True
2023-09-24 04:00:00+00:00,2023-10-07 02:00:00+00:00,2023-10-06 22:00:00-04:00,311,67.0,64.14898557235881,boost_5y_linear_aligned,True
2023-09-24 04:00:00+00:00,2023-10-07 03:00:00+00:00,2023-10-06 23:00:00-04:00,312,66.0,63.52551629317229,boost_5y_linear_aligned,True
2023-09-24 04:00:00+00:00,2023-10-07 04:00:00+00:00,2023-10-07 00:00:00-04:00,313,66.0,62.782597928270775,boost_5y_linear_aligned,True
2023-09-24 04:00:00+00:00,2023-10-07 05:00:00+00:00,2023-10-07 01:00:00-04:00,314,65.0,62.138712744029434,boost_5y_linear_aligned,True
2023-09-24 04:00:00+00:00,2023-10-07 06:00:00+00:00,2023-10-07 02:00:00-04:00,315,64.0,61.683056391344536,boost_5y_linear_aligned,True
2023-09-24 04:00:00+00:00,2023-10-07 07:00:00+00:00,2023-10-07 03:00:00-04:00,316,63.0,61.01100697637436,boost_5y_linear_aligned,True
2023-09-24 04:00:00+00:00,2023-10-07 08:00:00+00:00,2023-10-07 04:00:00-04:00,317,64.0,60.68672809478626,boost_5y_linear_aligned,True
2023-09-24 04:00:00+00:00,2023-10-07 09:00:00+00:00,2023-10-07 05:00:00-04:00,318,65.0,60.168681789819466,boost_5y_linear_aligned,True
2023-09-24 04:00:00+00:00,2023-10-07 10:00:00+00:00,2023-10-07 06:00:00-04:00,319,65.0,59.8662584033475,boost_5y_linear_aligned,True
2023-09-24 04:00:00+00:00,2023-10-07 11:00:00+00:00,2023-10-07 07:00:00-04:00,320,66.0,60.37865075910422,boost_5y_linear_aligned,True
2023-09-24 04:00:00+00:00,2023-10-07 12:00:00+00:00,2023-10-07 08:00:00-04:00,321,63.0,63.24713350875147,boost_5y_linear_aligned,True
2023-09-24 04:00:00+00:00,2023-10-07 13:00:00+00:00,2023-10-07 09:00:00-04:00,322,63.0,66.41995531590344,boost_5y_linear_aligned,True
2023-09-24 04:00:00+00:00,2023-10-07 14:00:00+00:00,2023-10-07 10:00:00-04:00,323,64.0,69.75583165802334,boost_5y_linear_aligned,True
2023-09-24 04:00:00+00:00,2023-10-07 15:00:00+00:00,2023-10-07 11:00:00-04:00,324,69.0,72.02046196900957,boost_5y_linear_aligned,True
2023-09-24 04:00:00+00:00,2023-10-07 16:00:00+00:00,2023-10-07 12:00:00-04:00,325,73.0,73.70372191100942,boost_5y_linear_aligned,True
2023-09-24 04:00:00+00:00,2023-10-07 17:00:00+00:00,2023-10-07 13:00:00-04:00,326,74.0,75.0633739029534,boost_5y_linear_aligned,True
2023-09-24 04:00:00+00:00,2023-10-07 18:00:00+00:00,2023-10-07 14:00:00-04:00,327,73.0,75.89213303291058,boost_5y_linear_aligned,True
2023-09-24 04:00:00+00:00,2023-10-07 19:00:00+00:00,2023-10-07 15:00:00-04:00,328,71.0,75.87944719413063,boost_5y_linear_aligned,True
2023-09-24 04:00:00+00:00,2023-10-07 20:00:00+00:00,2023-10-07 16:00:00-04:00,329,70.0,75.42539917276339,boost_5y_linear_aligned,True
2023-09-24 04:00:00+00:00,2023-10-07 21:00:00+00:00,2023-10-07 17:00:00-04:00,330,69.0,73.66037288704536,boost_5y_linear_aligned,True
2023-09-24 04:00:00+00:00,2023-10-07 22:00:00+00:00,2023-10-07 18:00:00-04:00,331,66.0,69.72659445411128,boost_5y_linear_aligned,True
2023-09-24 04:00:00+00:00,2023-10-07 23:00:00+00:00,2023-10-07 19:00:00-04:00,332,64.0,66.93540999623445,boost_5y_linear_aligned,True
2023-09-24 04:00:00+00:00,2023-10-08 00:00:00+00:00,2023-10-07 20:00:00-04:00,333,61.0,65.5262543629955,boost_5y_linear_aligned,True
2023-09-24 04:00:00+00:00,2023-10-08 01:00:00+00:00,2023-10-07 21:00:00-04:00,334,59.0,64.17205012237802,boost_5y_linear_aligned,True
2023-09-24 04:00:00+00:00,2023-10-08 02:00:00+00:00,2023-10-07 22:00:00-04:00,335,56.0,63.506960253452384,boost_5y_linear_aligned,True
2023-09-24 04:00:00+00:00,2023-10-08 03:00:00+00:00,2023-10-07 23:00:00-04:00,336,55.0,62.79877125652931,boost_5y_linear_aligned,True
2023-10-01 04:00:00+00:00,2023-10-01 04:00:00+00:00,2023-10-01 00:00:00-04:00,1,58.0,57.30373755802272,boost_5y_linear_aligned,True
2023-10-01 04:00:00+00:00,2023-10-01 05:00:00+00:00,2023-10-01 01:00:00-04:00,2,60.0,57.49653851352886,boost_5y_linear_aligned,True
2023-10-01 04:00:00+00:00,2023-10-01 06:00:00+00:00,2023-10-01 02:00:00-04:00,3,58.0,57.050647187448675,boost_5y_linear_aligned,True
2023-10-01 04:00:00+00:00,2023-10-01 07:00:00+00:00,2023-10-01 03:00:00-04:00,4,60.0,56.643421002320245,boost_5y_linear_aligned,True
2023-10-01 04:00:00+00:00,2023-10-01 08:00:00+00:00,2023-10-01 04:00:00-04:00,5,61.0,56.32603418128287,boost_5y_linear_aligned,True
2023-10-01 04:00:00+00:00,2023-10-01 09:00:00+00:00,2023-10-01 05:00:00-04:00,6,60.0,55.75522250488929,boost_5y_linear_aligned,True
2023-10-01 04:00:00+00:00,2023-10-01 10:00:00+00:00,2023-10-01 06:00:00-04:00,7,60.0,55.62922898761126,boost_5y_linear_aligned,True
2023-10-01 04:00:00+00:00,2023-10-01 11:00:00+00:00,2023-10-01 07:00:00-04:00,8,60.0,56.630827158612526,boost_5y_linear_aligned,True
2023-10-01 04:00:00+00:00,2023-10-01 12:00:00+00:00,2023-10-01 08:00:00-04:00,9,66.0,59.97226387840014,boost_5y_linear_aligned,True
2023-10-01 04:00:00+00:00,2023-10-01 13:00:00+00:00,2023-10-01 09:00:00-04:00,10,69.0,63.66260644223348,boost_5y_linear_aligned,True
2023-10-01 04:00:00+00:00,2023-10-01 14:00:00+00:00,2023-10-01 10:00:00-04:00,11,73.0,67.14466697743495,boost_5y_linear_aligned,True
2023-10-01 04:00:00+00:00,2023-10-01 15:00:00+00:00,2023-10-01 11:00:00-04:00,12,75.0,70.0713695344774,boost_5y_linear_aligned,True
2023-10-01 04:00:00+00:00,2023-10-01 16:00:00+00:00,2023-10-01 12:00:00-04:00,13,78.0,71.97712136822699,boost_5y_linear_aligned,True
2023-10-01 04:00:00+00:00,2023-10-01 17:00:00+00:00,2023-10-01 13:00:00-04:00,14,79.0,73.55957806364732,boost_5y_linear_aligned,True
2023-10-01 04:00:00+00:00,2023-10-01 18:00:00+00:00,2023-10-01 14:00:00-04:00,15,81.0,74.39075256583176,boost_5y_linear_aligned,True
2023-10-01 04:00:00+00:00,2023-10-01 19:00:00+00:00,2023-10-01 15:00:00-04:00,16,80.0,74.36991625767256,boost_5y_linear_aligned,True
2023-10-01 04:00:00+00:00,2023-10-01 20:00:00+00:00,2023-10-01 16:00:00-04:00,17,79.0,73.78881026621133,boost_5y_linear_aligned,True
2023-10-01 04:00:00+00:00,2023-10-01 21:00:00+00:00,2023-10-01 17:00:00-04:00,18,80.0,71.81981546007454,boost_5y_linear_aligned,True
2023-10-01 04:00:00+00:00,2023-10-01 22:00:00+00:00,2023-10-01 18:00:00-04:00,19,74.0,68.07671042799984,boost_5y_linear_aligned,True
2023-10-01 04:00:00+00:00,2023-10-01 23:00:00+00:00,2023-10-01 19:00:00-04:00,20,69.0,65.02029008805805,boost_5y_linear_aligned,True
2023-10-01 04:00:00+00:00,2023-10-02 00:00:00+00:00,2023-10-01 20:00:00-04:00,21,66.0,63.16973785158505,boost_5y_linear_aligned,True
2023-10-01 04:00:00+00:00,2023-10-02 01:00:00+00:00,2023-10-01 21:00:00-04:00,22,64.0,61.84049894648779,boost_5y_linear_aligned,True
2023-10-01 04:00:00+00:00,2023-10-02 02:00:00+00:00,2023-10-01 22:00:00-04:00,23,63.0,61.26478227924733,boost_5y_linear_aligned,True
2023-10-01 04:00:00+00:00,2023-10-02 03:00:00+00:00,2023-10-01 23:00:00-04:00,24,61.0,60.41201020242059,boost_5y_linear_aligned,True
2023-10-01 04:00:00+00:00,2023-10-02 04:00:00+00:00,2023-10-02 00:00:00-04:00,25,61.0,61.30301224662437,boost_5y_linear_aligned,True
2023-10-01 04:00:00+00:00,2023-10-02 05:00:00+00:00,2023-10-02 01:00:00-04:00,26,60.0,60.39775968955502,boost_5y_linear_aligned,True
2023-10-01 04:00:00+00:00,2023-10-02 06:00:00+00:00,2023-10-02 02:00:00-04:00,27,60.0,59.95589708722103,boost_5y_linear_aligned,True
2023-10-01 04:00:00+00:00,2023-10-02 07:00:00+00:00,2023-10-02 03:00:00-04:00,28,59.0,59.289738075355515,boost_5y_linear_aligned,True
2023-10-01 04:00:00+00:00,2023-10-02 08:00:00+00:00,2023-10-02 04:00:00-04:00,29,61.0,58.920289216743406,boost_5y_linear_aligned,True
2023-10-01 04:00:00+00:00,2023-10-02 09:00:00+00:00,2023-10-02 05:00:00-04:00,30,62.0,58.37747297868886,boost_5y_linear_aligned,True
2023-10-01 04:00:00+00:00,2023-10-02 10:00:00+00:00,2023-10-02 06:00:00-04:00,31,60.0,57.94988660918536,boost_5y_linear_aligned,True
2023-10-01 04:00:00+00:00,2023-10-02 11:00:00+00:00,2023-10-02 07:00:00-04:00,32,61.0,58.924748612483135,boost_5y_linear_aligned,True
2023-10-01 04:00:00+00:00,2023-10-02 12:00:00+00:00,2023-10-02 08:00:00-04:00,33,66.0,62.2093109181325,boost_5y_linear_aligned,True
2023-10-01 04:00:00+00:00,2023-10-02 13:00:00+00:00,2023-10-02 09:00:00-04:00,34,70.0,65.9899886239054,boost_5y_linear_aligned,True
2023-10-01 04:00:00+00:00,2023-10-02 14:00:00+00:00,2023-10-02 10:00:00-04:00,35,75.0,70.34642263056196,boost_5y_linear_aligned,True
2023-10-01 04:00:00+00:00,2023-10-02 15:00:00+00:00,2023-10-02 11:00:00-04:00,36,79.0,73.50111717174222,boost_5y_linear_aligned,True
2023-10-01 04:00:00+00:00,2023-10-02 16:00:00+00:00,2023-10-02 12:00:00-04:00,37,81.0,75.60593866092556,boost_5y_linear_aligned,True
2023-10-01 04:00:00+00:00,2023-10-02 17:00:00+00:00,2023-10-02 13:00:00-04:00,38,82.0,76.78558281518112,boost_5y_linear_aligned,True
2023-10-01 04:00:00+00:00,2023-10-02 18:00:00+00:00,2023-10-02 14:00:00-04:00,39,83.0,78.05263810299401,boost_5y_linear_aligned,True
2023-10-01 04:00:00+00:00,2023-10-02 19:00:00+00:00,2023-10-02 15:00:00-04:00,40,83.0,78.00168014676139,boost_5y_linear_aligned,True
2023-10-01 04:00:00+00:00,2023-10-02 20:00:00+00:00,2023-10-02 16:00:00-04:00,41,83.0,77.08951831275907,boost_5y_linear_aligned,True
2023-10-01 04:00:00+00:00,2023-10-02 21:00:00+00:00,2023-10-02 17:00:00-04:00,42,81.0,75.45015702354382,boost_5y_linear_aligned,True
2023-10-01 04:00:00+00:00,2023-10-02 22:00:00+00:00,2023-10-02 18:00:00-04:00,43,76.0,71.65123759898114,boost_5y_linear_aligned,True
2023-10-01 04:00:00+00:00,2023-10-02 23:00:00+00:00,2023-10-02 19:00:00-04:00,44,73.0,68.22447664292152,boost_5y_linear_aligned,True
2023-10-01 04:00:00+00:00,2023-10-03 00:00:00+00:00,2023-10-02 20:00:00-04:00,45,71.0,66.55445883455515,boost_5y_linear_aligned,True
2023-10-01 04:00:00+00:00,2023-10-03 01:00:00+00:00,2023-10-02 21:00:00-04:00,46,66.0,65.24490020359364,boost_5y_linear_aligned,True
2023-10-01 04:00:00+00:00,2023-10-03 02:00:00+00:00,2023-10-02 22:00:00-04:00,47,66.0,64.55657723156183,boost_5y_linear_aligned,True
2023-10-01 04:00:00+00:00,2023-10-03 03:00:00+00:00,2023-10-02 23:00:00-04:00,48,65.0,63.702644806733616,boost_5y_linear_aligned,True
2023-10-01 04:00:00+00:00,2023-10-03 04:00:00+00:00,2023-10-03 00:00:00-04:00,49,64.0,63.25078372269628,boost_5y_linear_aligned,True
2023-10-01 04:00:00+00:00,2023-10-03 05:00:00+00:00,2023-10-03 01:00:00-04:00,50,64.0,62.52433181258738,boost_5y_linear_aligned,True
2023-10-01 04:00:00+00:00,2023-10-03 06:00:00+00:00,2023-10-03 02:00:00-04:00,51,62.0,62.0378227955609,boost_5y_linear_aligned,True
2023-10-01 04:00:00+00:00,2023-10-03 07:00:00+00:00,2023-10-03 03:00:00-04:00,52,62.0,61.63994725691644,boost_5y_linear_aligned,True
2023-10-01 04:00:00+00:00,2023-10-03 08:00:00+00:00,2023-10-03 04:00:00-04:00,53,60.0,61.26861609700105,boost_5y_linear_aligned,True
2023-10-01 04:00:00+00:00,2023-10-03 09:00:00+00:00,2023-10-03 05:00:00-04:00,54,59.0,60.50001089910251,boost_5y_linear_aligned,True
2023-10-01 04:00:00+00:00,2023-10-03 10:00:00+00:00,2023-10-03 06:00:00-04:00,55,59.0,60.04092362804388,boost_5y_linear_aligned,True
2023-10-01 04:00:00+00:00,2023-10-03 11:00:00+00:00,2023-10-03 07:00:00-04:00,56,60.0,60.92703448820986,boost_5y_linear_aligned,True
2023-10-01 04:00:00+00:00,2023-10-03 12:00:00+00:00,2023-10-03 08:00:00-04:00,57,67.0,64.3967477783914,boost_5y_linear_aligned,True
2023-10-01 04:00:00+00:00,2023-10-03 13:00:00+00:00,2023-10-03 09:00:00-04:00,58,72.0,67.83196163174338,boost_5y_linear_aligned,True
2023-10-01 04:00:00+00:00,2023-10-03 14:00:00+00:00,2023-10-03 10:00:00-04:00,59,76.0,71.65323305523864,boost_5y_linear_aligned,True
2023-10-01 04:00:00+00:00,2023-10-03 15:00:00+00:00,2023-10-03 11:00:00-04:00,60,79.0,74.56110568582129,boost_5y_linear_aligned,True
2023-10-01 04:00:00+00:00,2023-10-03 16:00:00+00:00,2023-10-03 12:00:00-04:00,61,80.0,76.44074223113124,boost_5y_linear_aligned,True
2023-10-01 04:00:00+00:00,2023-10-03 17:00:00+00:00,2023-10-03 13:00:00-04:00,62,80.0,77.75510840775308,boost_5y_linear_aligned,True
2023-10-01 04:00:00+00:00,2023-10-03 18:00:00+00:00,2023-10-03 14:00:00-04:00,63,82.0,78.81167501356177,boost_5y_linear_aligned,True
2023-10-01 04:00:00+00:00,2023-10-03 19:00:00+00:00,2023-10-03 15:00:00-04:00,64,81.0,78.77572755656115,boost_5y_linear_aligned,True
2023-10-01 04:00:00+00:00,2023-10-03 20:00:00+00:00,2023-10-03 16:00:00-04:00,65,82.0,78.0689361762528,boost_5y_linear_aligned,True
2023-10-01 04:00:00+00:00,2023-10-03 21:00:00+00:00,2023-10-03 17:00:00-04:00,66,78.0,76.3412203128804,boost_5y_linear_aligned,True
2023-10-01 04:00:00+00:00,2023-10-03 22:00:00+00:00,2023-10-03 18:00:00-04:00,67,77.0,72.4700438751881,boost_5y_linear_aligned,True
2023-10-01 04:00:00+00:00,2023-10-03 23:00:00+00:00,2023-10-03 19:00:00-04:00,68,73.0,69.40772603705295,boost_5y_linear_aligned,True
2023-10-01 04:00:00+00:00,2023-10-04 00:00:00+00:00,2023-10-03 20:00:00-04:00,69,70.0,67.6600802572422,boost_5y_linear_aligned,True
2023-10-01 04:00:00+00:00,2023-10-04 01:00:00+00:00,2023-10-03 21:00:00-04:00,70,67.0,66.31814918537157,boost_5y_linear_aligned,True
2023-10-01 04:00:00+00:00,2023-10-04 02:00:00+00:00,2023-10-03 22:00:00-04:00,71,68.0,65.75473441236461,boost_5y_linear_aligned,True
2023-10-01 04:00:00+00:00,2023-10-04 03:00:00+00:00,2023-10-03 23:00:00-04:00,72,64.0,65.00543003194187,boost_5y_linear_aligned,True
2023-10-01 04:00:00+00:00,2023-10-04 04:00:00+00:00,2023-10-04 00:00:00-04:00,73,64.0,64.15930815360963,boost_5y_linear_aligned,True
2023-10-01 04:00:00+00:00,2023-10-04 05:00:00+00:00,2023-10-04 01:00:00-04:00,74,67.0,63.46784726097962,boost_5y_linear_aligned,True
2023-10-01 04:00:00+00:00,2023-10-04 06:00:00+00:00,2023-10-04 02:00:00-04:00,75,63.0,62.87221451522283,boost_5y_linear_aligned,True
2023-10-01 04:00:00+00:00,2023-10-04 07:00:00+00:00,2023-10-04 03:00:00-04:00,76,60.0,62.162836813142924,boost_5y_linear_aligned,True
2023-10-01 04:00:00+00:00,2023-10-04 08:00:00+00:00,2023-10-04 04:00:00-04:00,77,61.0,62.0651481850066,boost_5y_linear_aligned,True
2023-10-01 04:00:00+00:00,2023-10-04 09:00:00+00:00,2023-10-04 05:00:00-04:00,78,60.0,61.50766726161368,boost_5y_linear_aligned,True
2023-10-01 04:00:00+00:00,2023-10-04 10:00:00+00:00,2023-10-04 06:00:00-04:00,79,59.0,61.10511402104495,boost_5y_linear_aligned,True
2023-10-01 04:00:00+00:00,2023-10-04 11:00:00+00:00,2023-10-04 07:00:00-04:00,80,60.0,61.936595204452026,boost_5y_linear_aligned,True
2023-10-01 04:00:00+00:00,2023-10-04 12:00:00+00:00,2023-10-04 08:00:00-04:00,81,65.0,64.98712764689328,boost_5y_linear_aligned,True
2023-10-01 04:00:00+00:00,2023-10-04 13:00:00+00:00,2023-10-04 09:00:00-04:00,82,70.0,68.14902116487168,boost_5y_linear_aligned,True
2023-10-01 04:00:00+00:00,2023-10-04 14:00:00+00:00,2023-10-04 10:00:00-04:00,83,75.0,71.76297917454518,boost_5y_linear_aligned,True
2023-10-01 04:00:00+00:00,2023-10-04 15:00:00+00:00,2023-10-04 11:00:00-04:00,84,76.0,74.27054970007015,boost_5y_linear_aligned,True
2023-10-01 04:00:00+00:00,2023-10-04 16:00:00+00:00,2023-10-04 12:00:00-04:00,85,77.0,76.44438341562888,boost_5y_linear_aligned,True
2023-10-01 04:00:00+00:00,2023-10-04 17:00:00+00:00,2023-10-04 13:00:00-04:00,86,79.0,77.86175826438752,boost_5y_linear_aligned,True
2023-10-01 04:00:00+00:00,2023-10-04 18:00:00+00:00,2023-10-04 14:00:00-04:00,87,80.0,78.6112873017909,boost_5y_linear_aligned,True
2023-10-01 04:00:00+00:00,2023-10-04 19:00:00+00:00,2023-10-04 15:00:00-04:00,88,80.0,78.64090323464865,boost_5y_linear_aligned,True
2023-10-01 04:00:00+00:00,2023-10-04 20:00:00+00:00,2023-10-04 16:00:00-04:00,89,79.0,77.97727200850748,boost_5y_linear_aligned,True
2023-10-01 04:00:00+00:00,2023-10-04 21:00:00+00:00,2023-10-04 17:00:00-04:00,90,78.0,76.23243894842462,boost_5y_linear_aligned,True
2023-10-01 04:00:00+00:00,2023-10-04 22:00:00+00:00,2023-10-04 18:00:00-04:00,91,74.0,72.37951832152838,boost_5y_linear_aligned,True
2023-10-01 04:00:00+00:00,2023-10-04 23:00:00+00:00,2023-10-04 19:00:00-04:00,92,70.0,69.51999756215564,boost_5y_linear_aligned,True
2023-10-01 04:00:00+00:00,2023-10-05 00:00:00+00:00,2023-10-04 20:00:00-04:00,93,64.0,67.89188437552362,boost_5y_linear_aligned,True
2023-10-01 04:00:00+00:00,2023-10-05 01:00:00+00:00,2023-10-04 21:00:00-04:00,94,61.0,66.35514323395097,boost_5y_linear_aligned,True
2023-10-01 04:00:00+00:00,2023-10-05 02:00:00+00:00,2023-10-04 22:00:00-04:00,95,62.0,65.82909782009965,boost_5y_linear_aligned,True
2023-10-01 04:00:00+00:00,2023-10-05 03:00:00+00:00,2023-10-04 23:00:00-04:00,96,62.0,65.00313655415354,boost_5y_linear_aligned,True
2023-10-01 04:00:00+00:00,2023-10-05 04:00:00+00:00,2023-10-05 00:00:00-04:00,97,60.0,64.34340296056942,boost_5y_linear_aligned,True
2023-10-01 04:00:00+00:00,2023-10-05 05:00:00+00:00,2023-10-05 01:00:00-04:00,98,60.0,63.550788309144565,boost_5y_linear_aligned,True
2023-10-01 04:00:00+00:00,2023-10-05 06:00:00+00:00,2023-10-05 02:00:00-04:00,99,61.0,63.232792754642865,boost_5y_linear_aligned,True
2023-10-01 04:00:00+00:00,2023-10-05 07:00:00+00:00,2023-10-05 03:00:00-04:00,100,61.0,62.54897130479119,boost_5y_linear_aligned,True
2023-10-01 04:00:00+00:00,2023-10-05 08:00:00+00:00,2023-10-05 04:00:00-04:00,101,58.0,62.1068544803235,boost_5y_linear_aligned,True
2023-10-01 04:00:00+00:00,2023-10-05 09:00:00+00:00,2023-10-05 05:00:00-04:00,102,59.0,61.52207159130687,boost_5y_linear_aligned,True
2023-10-01 04:00:00+00:00,2023-10-05 10:00:00+00:00,2023-10-05 06:00:00-04:00,103,58.0,61.18407379032127,boost_5y_linear_aligned,True
2023-10-01 04:00:00+00:00,2023-10-05 11:00:00+00:00,2023-10-05 07:00:00-04:00,104,60.0,62.00567026273268,boost_5y_linear_aligned,True
2023-10-01 04:00:00+00:00,2023-10-05 12:00:00+00:00,2023-10-05 08:00:00-04:00,105,66.0,64.93254148511612,boost_5y_linear_aligned,True
2023-10-01 04:00:00+00:00,2023-10-05 13:00:00+00:00,2023-10-05 09:00:00-04:00,106,71.0,68.24395227392482,boost_5y_linear_aligned,True
2023-10-01 04:00:00+00:00,2023-10-05 14:00:00+00:00,2023-10-05 10:00:00-04:00,107,75.0,71.85805496160029,boost_5y_linear_aligned,True
2023-10-01 04:00:00+00:00,2023-10-05 15:00:00+00:00,2023-10-05 11:00:00-04:00,108,77.0,74.44029133037857,boost_5y_linear_aligned,True
2023-10-01 04:00:00+00:00,2023-10-05 16:00:00+00:00,2023-10-05 12:00:00-04:00,109,77.0,76.32279578843111,boost_5y_linear_aligned,True
2023-10-01 04:00:00+00:00,2023-10-05 17:00:00+00:00,2023-10-05 13:00:00-04:00,110,81.0,77.52958444303896,boost_5y_linear_aligned,True
2023-10-01 04:00:00+00:00,2023-10-05 18:00:00+00:00,2023-10-05 14:00:00-04:00,111,80.0,78.26632377181575,boost_5y_linear_aligned,True
2023-10-01 04:00:00+00:00,2023-10-05 19:00:00+00:00,2023-10-05 15:00:00-04:00,112,80.0,78.28314548466459,boost_5y_linear_aligned,True
2023-10-01 04:00:00+00:00,2023-10-05 20:00:00+00:00,2023-10-05 16:00:00-04:00,113,81.0,77.70966841316842,boost_5y_linear_aligned,True
2023-10-01 04:00:00+00:00,2023-10-05 21:00:00+00:00,2023-10-05 17:00:00-04:00,114,79.0,75.92288729591047,boost_5y_linear_aligned,True
2023-10-01 04:00:00+00:00,2023-10-05 22:00:00+00:00,2023-10-05 18:00:00-04:00,115,77.0,71.93336670628348,boost_5y_linear_aligned,True
2023-10-01 04:00:00+00:00,2023-10-05 23:00:00+00:00,2023-10-05 19:00:00-04:00,116,71.0,69.03537584484127,boost_5y_linear_aligned,True
2023-10-01 04:00:00+00:00,2023-10-06 00:00:00+00:00,2023-10-05 20:00:00-04:00,117,68.0,67.59719092495415,boost_5y_linear_aligned,True
2023-10-01 04:00:00+00:00,2023-10-06 01:00:00+00:00,2023-10-05 21:00:00-04:00,118,67.0,66.26923995381044,boost_5y_linear_aligned,True
2023-10-01 04:00:00+00:00,2023-10-06 02:00:00+00:00,2023-10-05 22:00:00-04:00,119,68.0,65.66313288012199,boost_5y_linear_aligned,True
2023-10-01 04:00:00+00:00,2023-10-06 03:00:00+00:00,2023-10-05 23:00:00-04:00,120,67.0,64.92374315391757,boost_5y_linear_aligned,True
2023-10-01 04:00:00+00:00,2023-10-06 04:00:00+00:00,2023-10-06 00:00:00-04:00,121,67.0,64.21107035461192,boost_5y_linear_aligned,True
2023-10-01 04:00:00+00:00,2023-10-06 05:00:00+00:00,2023-10-06 01:00:00-04:00,122,66.0,63.48511406511009,boost_5y_linear_aligned,True
2023-10-01 04:00:00+00:00,2023-10-06 06:00:00+00:00,2023-10-06 02:00:00-04:00,123,64.0,63.11842692141877,boost_5y_linear_aligned,True
2023-10-01 04:00:00+00:00,2023-10-06 07:00:00+00:00,2023-10-06 03:00:00-04:00,124,65.0,62.50814708611022,boost_5y_linear_aligned,True
2023-10-01 04:00:00+00:00,2023-10-06 08:00:00+00:00,2023-10-06 04:00:00-04:00,125,64.0,62.07619021051757,boost_5y_linear_aligned,True
2023-10-01 04:00:00+00:00,2023-10-06 09:00:00+00:00,2023-10-06 05:00:00-04:00,126,65.0,61.58576523513601,boost_5y_linear_aligned,True
2023-10-01 04:00:00+00:00,2023-10-06 10:00:00+00:00,2023-10-06 06:00:00-04:00,127,64.0,61.28757080753396,boost_5y_linear_aligned,True
2023-10-01 04:00:00+00:00,2023-10-06 11:00:00+00:00,2023-10-06 07:00:00-04:00,128,65.0,62.06213135794829,boost_5y_linear_aligned,True
2023-10-01 04:00:00+00:00,2023-10-06 12:00:00+00:00,2023-10-06 08:00:00-04:00,129,67.0,64.9099627856871,boost_5y_linear_aligned,True
2023-10-01 04:00:00+00:00,2023-10-06 13:00:00+00:00,2023-10-06 09:00:00-04:00,130,69.0,68.18119359690601,boost_5y_linear_aligned,True
2023-10-01 04:00:00+00:00,2023-10-06 14:00:00+00:00,2023-10-06 10:00:00-04:00,131,71.0,71.64012633999012,boost_5y_linear_aligned,True
2023-10-01 04:00:00+00:00,2023-10-06 15:00:00+00:00,2023-10-06 11:00:00-04:00,132,76.0,73.96039273751754,boost_5y_linear_aligned,True
2023-10-01 04:00:00+00:00,2023-10-06 16:00:00+00:00,2023-10-06 12:00:00-04:00,133,78.0,75.85676755220611,boost_5y_linear_aligned,True
2023-10-01 04:00:00+00:00,2023-10-06 17:00:00+00:00,2023-10-06 13:00:00-04:00,134,79.0,77.06888013514774,boost_5y_linear_aligned,True
2023-10-01 04:00:00+00:00,2023-10-06 18:00:00+00:00,2023-10-06 14:00:00-04:00,135,79.0,77.80556998405388,boost_5y_linear_aligned,True
2023-10-01 04:00:00+00:00,2023-10-06 19:00:00+00:00,2023-10-06 15:00:00-04:00,136,79.0,77.76900929431768,boost_5y_linear_aligned,True
2023-10-01 04:00:00+00:00,2023-10-06 20:00:00+00:00,2023-10-06 16:00:00-04:00,137,78.0,77.21253071218355,boost_5y_linear_aligned,True
2023-10-01 04:00:00+00:00,2023-10-06 21:00:00+00:00,2023-10-06 17:00:00-04:00,138,76.0,75.51916100853083,boost_5y_linear_aligned,True
2023-10-01 04:00:00+00:00,2023-10-06 22:00:00+00:00,2023-10-06 18:00:00-04:00,139,74.0,71.58265912665294,boost_5y_linear_aligned,True
2023-10-01 04:00:00+00:00,2023-10-06 23:00:00+00:00,2023-10-06 19:00:00-04:00,140,72.0,68.61932905426643,boost_5y_linear_aligned,True
2023-10-01 04:00:00+00:00,2023-10-07 00:00:00+00:00,2023-10-06 20:00:00-04:00,141,72.0,67.18644054982349,boost_5y_linear_aligned,True
2023-10-01 04:00:00+00:00,2023-10-07 01:00:00+00:00,2023-10-06 21:00:00-04:00,142,69.0,65.85170516600029,boost_5y_linear_aligned,True
2023-10-01 04:00:00+00:00,2023-10-07 02:00:00+00:00,2023-10-06 22:00:00-04:00,143,67.0,65.23162077161088,boost_5y_linear_aligned,True
2023-10-01 04:00:00+00:00,2023-10-07 03:00:00+00:00,2023-10-06 23:00:00-04:00,144,66.0,64.28437565002118,boost_5y_linear_aligned,True
2023-10-01 04:00:00+00:00,2023-10-07 04:00:00+00:00,2023-10-07 00:00:00-04:00,145,66.0,63.495017084759915,boost_5y_linear_aligned,True
2023-10-01 04:00:00+00:00,2023-10-07 05:00:00+00:00,2023-10-07 01:00:00-04:00,146,65.0,62.88472661792463,boost_5y_linear_aligned,True
2023-10-01 04:00:00+00:00,2023-10-07 06:00:00+00:00,2023-10-07 02:00:00-04:00,147,64.0,62.455143841220476,boost_5y_linear_aligned,True
2023-10-01 04:00:00+00:00,2023-10-07 07:00:00+00:00,2023-10-07 03:00:00-04:00,148,63.0,61.74094588727578,boost_5y_linear_aligned,True
2023-10-01 04:00:00+00:00,2023-10-07 08:00:00+00:00,2023-10-07 04:00:00-04:00,149,64.0,61.34383146817935,boost_5y_linear_aligned,True
2023-10-01 04:00:00+00:00,2023-10-07 09:00:00+00:00,2023-10-07 05:00:00-04:00,150,65.0,60.803568418923184,boost_5y_linear_aligned,True
2023-10-01 04:00:00+00:00,2023-10-07 10:00:00+00:00,2023-10-07 06:00:00-04:00,151,65.0,60.50932027687361,boost_5y_linear_aligned,True
2023-10-01 04:00:00+00:00,2023-10-07 11:00:00+00:00,2023-10-07 07:00:00-04:00,152,66.0,61.159035614513165,boost_5y_linear_aligned,True
2023-10-01 04:00:00+00:00,2023-10-07 12:00:00+00:00,2023-10-07 08:00:00-04:00,153,63.0,63.969199270882136,boost_5y_linear_aligned,True
2023-10-01 04:00:00+00:00,2023-10-07 13:00:00+00:00,2023-10-07 09:00:00-04:00,154,63.0,66.964622009507,boost_5y_linear_aligned,True
2023-10-01 04:00:00+00:00,2023-10-07 14:00:00+00:00,2023-10-07 10:00:00-04:00,155,64.0,70.33791727099927,boost_5y_linear_aligned,True
2023-10-01 04:00:00+00:00,2023-10-07 15:00:00+00:00,2023-10-07 11:00:00-04:00,156,69.0,72.61956718531174,boost_5y_linear_aligned,True
2023-10-01 04:00:00+00:00,2023-10-07 16:00:00+00:00,2023-10-07 12:00:00-04:00,157,73.0,74.45822040343593,boost_5y_linear_aligned,True
2023-10-01 04:00:00+00:00,2023-10-07 17:00:00+00:00,2023-10-07 13:00:00-04:00,158,74.0,75.71753394348761,boost_5y_linear_aligned,True
2023-10-01 04:00:00+00:00,2023-10-07 18:00:00+00:00,2023-10-07 14:00:00-04:00,159,73.0,76.56867475327265,boost_5y_linear_aligned,True
2023-10-01 04:00:00+00:00,2023-10-07 19:00:00+00:00,2023-10-07 15:00:00-04:00,160,71.0,76.49948867005254,boost_5y_linear_aligned,True
2023-10-01 04:00:00+00:00,2023-10-07 20:00:00+00:00,2023-10-07 16:00:00-04:00,161,70.0,75.99100053114401,boost_5y_linear_aligned,True
2023-10-01 04:00:00+00:00,2023-10-07 21:00:00+00:00,2023-10-07 17:00:00-04:00,162,69.0,74.23631958950307,boost_5y_linear_aligned,True
2023-10-01 04:00:00+00:00,2023-10-07 22:00:00+00:00,2023-10-07 18:00:00-04:00,163,66.0,70.26555510545789,boost_5y_linear_aligned,True
2023-10-01 04:00:00+00:00,2023-10-07 23:00:00+00:00,2023-10-07 19:00:00-04:00,164,64.0,67.40682333303161,boost_5y_linear_aligned,True
2023-10-01 04:00:00+00:00,2023-10-08 00:00:00+00:00,2023-10-07 20:00:00-04:00,165,61.0,65.98913702967225,boost_5y_linear_aligned,True
2023-10-01 04:00:00+00:00,2023-10-08 01:00:00+00:00,2023-10-07 21:00:00-04:00,166,59.0,64.58878458055814,boost_5y_linear_aligned,True
2023-10-01 04:00:00+00:00,2023-10-08 02:00:00+00:00,2023-10-07 22:00:00-04:00,167,56.0,63.92176838964943,boost_5y_linear_aligned,True
2023-10-01 04:00:00+00:00,2023-10-08 03:00:00+00:00,2023-10-07 23:00:00-04:00,168,55.0,63.21475509934011,boost_5y_linear_aligned,True
2023-10-01 04:00:00+00:00,2023-10-08 04:00:00+00:00,2023-10-08 00:00:00-04:00,169,52.0,62.59152950969552,boost_5y_linear_aligned,True
2023-10-01 04:00:00+00:00,2023-10-08 05:00:00+00:00,2023-10-08 01:00:00-04:00,170,52.0,61.989608114049084,boost_5y_linear_aligned,True
2023-10-01 04:00:00+00:00,2023-10-08 06:00:00+00:00,2023-10-08 02:00:00-04:00,171,48.0,61.53436933016952,boost_5y_linear_aligned,True
2023-10-01 04:00:00+00:00,2023-10-08 07:00:00+00:00,2023-10-08 03:00:00-04:00,172,47.0,60.95914635906643,boost_5y_linear_aligned,True
2023-10-01 04:00:00+00:00,2023-10-08 08:00:00+00:00,2023-10-08 04:00:00-04:00,173,47.0,60.55081961775159,boost_5y_linear_aligned,True
2023-10-01 04:00:00+00:00,2023-10-08 09:00:00+00:00,2023-10-08 05:00:00-04:00,174,44.0,60.01576026107037,boost_5y_linear_aligned,True
2023-10-01 04:00:00+00:00,2023-10-08 10:00:00+00:00,2023-10-08 06:00:00-04:00,175,43.0,59.52385528652424,boost_5y_linear_aligned,True
2023-10-01 04:00:00+00:00,2023-10-08 11:00:00+00:00,2023-10-08 07:00:00-04:00,176,45.0,60.07702502403999,boost_5y_linear_aligned,True
2023-10-01 04:00:00+00:00,2023-10-08 12:00:00+00:00,2023-10-08 08:00:00-04:00,177,51.0,63.23891503392395,boost_5y_linear_aligned,True
2023-10-01 04:00:00+00:00,2023-10-08 13:00:00+00:00,2023-10-08 09:00:00-04:00,178,57.0,66.73755455522361,boost_5y_linear_aligned,True
2023-10-01 04:00:00+00:00,2023-10-08 14:00:00+00:00,2023-10-08 10:00:00-04:00,179,59.0,70.33198445296334,boost_5y_linear_aligned,True
2023-10-01 04:00:00+00:00,2023-10-08 15:00:00+00:00,2023-10-08 11:00:00-04:00,180,61.0,72.78618880203581,boost_5y_linear_aligned,True
2023-10-01 04:00:00+00:00,2023-10-08 16:00:00+00:00,2023-10-08 12:00:00-04:00,181,63.0,74.71263347827336,boost_5y_linear_aligned,True
2023-10-01 04:00:00+00:00,2023-10-08 17:00:00+00:00,2023-10-08 13:00:00-04:00,182,64.0,76.03921004570186,boost_5y_linear_aligned,True
2023-10-01 04:00:00+00:00,2023-10-08 18:00:00+00:00,2023-10-08 14:00:00-04:00,183,65.0,76.82983577877228,boost_5y_linear_aligned,True
2023-10-01 04:00:00+00:00,2023-10-08 19:00:00+00:00,2023-10-08 15:00:00-04:00,184,65.0,76.82814080889062,boost_5y_linear_aligned,True
2023-10-01 04:00:00+00:00,2023-10-08 20:00:00+00:00,2023-10-08 16:00:00-04:00,185,65.0,76.30469844303977,boost_5y_linear_aligned,True
2023-10-01 04:00:00+00:00,2023-10-08 21:00:00+00:00,2023-10-08 17:00:00-04:00,186,64.0,74.5594361540788,boost_5y_linear_aligned,True
2023-10-01 04:00:00+00:00,2023-10-08 22:00:00+00:00,2023-10-08 18:00:00-04:00,187,60.0,70.22874203707549,boost_5y_linear_aligned,True
2023-10-01 04:00:00+00:00,2023-10-08 23:00:00+00:00,2023-10-08 19:00:00-04:00,188,55.0,67.5188097148787,boost_5y_linear_aligned,True
2023-10-01 04:00:00+00:00,2023-10-09 00:00:00+00:00,2023-10-08 20:00:00-04:00,189,52.0,66.11863188143266,boost_5y_linear_aligned,True
2023-10-01 04:00:00+00:00,2023-10-09 01:00:00+00:00,2023-10-08 21:00:00-04:00,190,49.0,64.63775803959643,boost_5y_linear_aligned,True
2023-10-01 04:00:00+00:00,2023-10-09 02:00:00+00:00,2023-10-08 22:00:00-04:00,191,49.0,63.923683134948945,boost_5y_linear_aligned,True
2023-10-01 04:00:00+00:00,2023-10-09 03:00:00+00:00,2023-10-08 23:00:00-04:00,192,52.0,63.20276737423798,boost_5y_linear_aligned,True
2023-10-01 04:00:00+00:00,2023-10-09 04:00:00+00:00,2023-10-09 00:00:00-04:00,193,47.0,62.28850651745726,boost_5y_linear_aligned,True
2023-10-01 04:00:00+00:00,2023-10-09 05:00:00+00:00,2023-10-09 01:00:00-04:00,194,47.0,61.82110536110266,boost_5y_linear_aligned,True
2023-10-01 04:00:00+00:00,2023-10-09 06:00:00+00:00,2023-10-09 02:00:00-04:00,195,47.0,61.39371030006304,boost_5y_linear_aligned,True
2023-10-01 04:00:00+00:00,2023-10-09 07:00:00+00:00,2023-10-09 03:00:00-04:00,196,46.0,60.88040410762149,boost_5y_linear_aligned,True
2023-10-01 04:00:00+00:00,2023-10-09 08:00:00+00:00,2023-10-09 04:00:00-04:00,197,44.0,60.55693815543711,boost_5y_linear_aligned,True
2023-10-01 04:00:00+00:00,2023-10-09 09:00:00+00:00,2023-10-09 05:00:00-04:00,198,42.0,59.961133091962246,boost_5y_linear_aligned,True
2023-10-01 04:00:00+00:00,2023-10-09 10:00:00+00:00,2023-10-09 06:00:00-04:00,199,44.0,59.65401442437105,boost_5y_linear_aligned,True
2023-10-01 04:00:00+00:00,2023-10-09 11:00:00+00:00,2023-10-09 07:00:00-04:00,200,45.0,60.12243925468493,boost_5y_linear_aligned,True
2023-10-01 04:00:00+00:00,2023-10-09 12:00:00+00:00,2023-10-09 08:00:00-04:00,201,50.0,63.31408624220695,boost_5y_linear_aligned,True
2023-10-01 04:00:00+00:00,2023-10-09 13:00:00+00:00,2023-10-09 09:00:00-04:00,202,58.0,66.78755588688873,boost_5y_linear_aligned,True
2023-10-01 04:00:00+00:00,2023-10-09 14:00:00+00:00,2023-10-09 10:00:00-04:00,203,63.0,70.28624741118712,boost_5y_linear_aligned,True
2023-10-01 04:00:00+00:00,2023-10-09 15:00:00+00:00,2023-10-09 11:00:00-04:00,204,66.0,72.79928527072347,boost_5y_linear_aligned,True
2023-10-01 04:00:00+00:00,2023-10-09 16:00:00+00:00,2023-10-09 12:00:00-04:00,205,69.0,74.66123184386,boost_5y_linear_aligned,True
2023-10-01 04:00:00+00:00,2023-10-09 17:00:00+00:00,2023-10-09 13:00:00-04:00,206,70.0,75.93628188261901,boost_5y_linear_aligned,True
2023-10-01 04:00:00+00:00,2023-10-09 18:00:00+00:00,2023-10-09 14:00:00-04:00,207,72.0,76.72037914321393,boost_5y_linear_aligned,True
2023-10-01 04:00:00+00:00,2023-10-09 19:00:00+00:00,2023-10-09 15:00:00-04:00,208,72.0,76.44650914039762,boost_5y_linear_aligned,True
2023-10-01 04:00:00+00:00,2023-10-09 20:00:00+00:00,2023-10-09 16:00:00-04:00,209,72.0,76.0353767797382,boost_5y_linear_aligned,True
2023-10-01 04:00:00+00:00,2023-10-09 21:00:00+00:00,2023-10-09 17:00:00-04:00,210,70.0,74.21468039892154,boost_5y_linear_aligned,True
2023-10-01 04:00:00+00:00,2023-10-09 22:00:00+00:00,2023-10-09 18:00:00-04:00,211,67.0,70.12481680160884,boost_5y_linear_aligned,True
2023-10-01 04:00:00+00:00,2023-10-09 23:00:00+00:00,2023-10-09 19:00:00-04:00,212,63.0,67.47065352777742,boost_5y_linear_aligned,True
2023-10-01 04:00:00+00:00,2023-10-10 00:00:00+00:00,2023-10-09 20:00:00-04:00,213,64.0,66.14094663444321,boost_5y_linear_aligned,True
2023-10-01 04:00:00+00:00,2023-10-10 01:00:00+00:00,2023-10-09 21:00:00-04:00,214,62.0,64.60633297680562,boost_5y_linear_aligned,True
2023-10-01 04:00:00+00:00,2023-10-10 02:00:00+00:00,2023-10-09 22:00:00-04:00,215,62.0,63.87172994420475,boost_5y_linear_aligned,True
2023-10-01 04:00:00+00:00,2023-10-10 03:00:00+00:00,2023-10-09 23:00:00-04:00,216,60.0,63.177137448466546,boost_5y_linear_aligned,True
2023-10-01 04:00:00+00:00,2023-10-10 04:00:00+00:00,2023-10-10 00:00:00-04:00,217,56.0,62.30047412712304,boost_5y_linear_aligned,True
2023-10-01 04:00:00+00:00,2023-10-10 05:00:00+00:00,2023-10-10 01:00:00-04:00,218,52.0,61.870262007502426,boost_5y_linear_aligned,True
2023-10-01 04:00:00+00:00,2023-10-10 06:00:00+00:00,2023-10-10 02:00:00-04:00,219,52.0,61.37534974544689,boost_5y_linear_aligned,True
2023-10-01 04:00:00+00:00,2023-10-10 07:00:00+00:00,2023-10-10 03:00:00-04:00,220,54.0,60.89804717340322,boost_5y_linear_aligned,True
2023-10-01 04:00:00+00:00,2023-10-10 08:00:00+00:00,2023-10-10 04:00:00-04:00,221,54.0,60.57350826866264,boost_5y_linear_aligned,True
2023-10-01 04:00:00+00:00,2023-10-10 09:00:00+00:00,2023-10-10 05:00:00-04:00,222,54.0,60.14163156115224,boost_5y_linear_aligned,True
2023-10-01 04:00:00+00:00,2023-10-10 10:00:00+00:00,2023-10-10 06:00:00-04:00,223,52.0,59.73890711023239,boost_5y_linear_aligned,True
2023-10-01 04:00:00+00:00,2023-10-10 11:00:00+00:00,2023-10-10 07:00:00-04:00,224,53.0,60.13801172735948,boost_5y_linear_aligned,True
2023-10-01 04:00:00+00:00,2023-10-10 12:00:00+00:00,2023-10-10 08:00:00-04:00,225,57.0,63.03694988599585,boost_5y_linear_aligned,True
2023-10-01 04:00:00+00:00,2023-10-10 13:00:00+00:00,2023-10-10 09:00:00-04:00,226,61.0,66.2869684296311,boost_5y_linear_aligned,True
2023-10-01 04:00:00+00:00,2023-10-10 14:00:00+00:00,2023-10-10 10:00:00-04:00,227,64.0,69.6441653676231,boost_5y_linear_aligned,True
2023-10-01 04:00:00+00:00,2023-10-10 15:00:00+00:00,2023-10-10 11:00:00-04:00,228,68.0,72.01106351956676,boost_5y_linear_aligned,True
2023-10-01 04:00:00+00:00,2023-10-10 16:00:00+00:00,2023-10-10 12:00:00-04:00,229,71.0,73.6852827856529,boost_5y_linear_aligned,True
2023-10-01 04:00:00+00:00,2023-10-10 17:00:00+00:00,2023-10-10 13:00:00-04:00,230,73.0,75.021734174464,boost_5y_linear_aligned,True
2023-10-01 04:00:00+00:00,2023-10-10 18:00:00+00:00,2023-10-10 14:00:00-04:00,231,76.0,75.79289545247704,boost_5y_linear_aligned,True
2023-10-01 04:00:00+00:00,2023-10-10 19:00:00+00:00,2023-10-10 15:00:00-04:00,232,74.0,75.56407475574157,boost_5y_linear_aligned,True
2023-10-01 04:00:00+00:00,2023-10-10 20:00:00+00:00,2023-10-10 16:00:00-04:00,233,72.0,75.01388799161974,boost_5y_linear_aligned,True
2023-10-01 04:00:00+00:00,2023-10-10 21:00:00+00:00,2023-10-10 17:00:00-04:00,234,70.0,73.28047175945724,boost_5y_linear_aligned,True
2023-10-01 04:00:00+00:00,2023-10-10 22:00:00+00:00,2023-10-10 18:00:00-04:00,235,67.0,69.28715265636866,boost_5y_linear_aligned,True
2023-10-01 04:00:00+00:00,2023-10-10 23:00:00+00:00,2023-10-10 19:00:00-04:00,236,67.0,66.64616014474734,boost_5y_linear_aligned,True
2023-10-01 04:00:00+00:00,2023-10-11 00:00:00+00:00,2023-10-10 20:00:00-04:00,237,66.0,65.36603813567999,boost_5y_linear_aligned,True
2023-10-01 04:00:00+00:00,2023-10-11 01:00:00+00:00,2023-10-10 21:00:00-04:00,238,67.0,63.89126908638793,boost_5y_linear_aligned,True
2023-10-01 04:00:00+00:00,2023-10-11 02:00:00+00:00,2023-10-10 22:00:00-04:00,239,65.0,63.1827385099674,boost_5y_linear_aligned,True
2023-10-01 04:00:00+00:00,2023-10-11 03:00:00+00:00,2023-10-10 23:00:00-04:00,240,65.0,62.4424837750982,boost_5y_linear_aligned,True
2023-10-01 04:00:00+00:00,2023-10-11 04:00:00+00:00,2023-10-11 00:00:00-04:00,241,60.0,61.67023424195298,boost_5y_linear_aligned,True
2023-10-01 04:00:00+00:00,2023-10-11 05:00:00+00:00,2023-10-11 01:00:00-04:00,242,60.0,61.21410506656932,boost_5y_linear_aligned,True
2023-10-01 04:00:00+00:00,2023-10-11 06:00:00+00:00,2023-10-11 02:00:00-04:00,243,57.0,60.571332426393994,boost_5y_linear_aligned,True
2023-10-01 04:00:00+00:00,2023-10-11 07:00:00+00:00,2023-10-11 03:00:00-04:00,244,60.0,60.04231001750649,boost_5y_linear_aligned,True
2023-10-01 04:00:00+00:00,2023-10-11 08:00:00+00:00,2023-10-11 04:00:00-04:00,245,59.0,59.588152650429734,boost_5y_linear_aligned,True
2023-10-01 04:00:00+00:00,2023-10-11 09:00:00+00:00,2023-10-11 05:00:00-04:00,246,56.0,59.07729795944232,boost_5y_linear_aligned,True
2023-10-01 04:00:00+00:00,2023-10-11 10:00:00+00:00,2023-10-11 06:00:00-04:00,247,54.0,58.635276544281496,boost_5y_linear_aligned,True
2023-10-01 04:00:00+00:00,2023-10-11 11:00:00+00:00,2023-10-11 07:00:00-04:00,248,55.0,59.00620468018487,boost_5y_linear_aligned,True
2023-10-01 04:00:00+00:00,2023-10-11 12:00:00+00:00,2023-10-11 08:00:00-04:00,249,61.0,62.01810488060028,boost_5y_linear_aligned,True
2023-10-01 04:00:00+00:00,2023-10-11 13:00:00+00:00,2023-10-11 09:00:00-04:00,250,68.0,65.2081498609132,boost_5y_linear_aligned,True
2023-10-01 04:00:00+00:00,2023-10-11 14:00:00+00:00,2023-10-11 10:00:00-04:00,251,69.0,68.59439978671529,boost_5y_linear_aligned,True
2023-10-01 04:00:00+00:00,2023-10-11 15:00:00+00:00,2023-10-11 11:00:00-04:00,252,71.0,70.90317523628653,boost_5y_linear_aligned,True
2023-10-01 04:00:00+00:00,2023-10-11 16:00:00+00:00,2023-10-11 12:00:00-04:00,253,70.0,72.5741641845607,boost_5y_linear_aligned,True
2023-10-01 04:00:00+00:00,2023-10-11 17:00:00+00:00,2023-10-11 13:00:00-04:00,254,72.0,73.81596823462539,boost_5y_linear_aligned,True
2023-10-01 04:00:00+00:00,2023-10-11 18:00:00+00:00,2023-10-11 14:00:00-04:00,255,71.0,74.56623134884056,boost_5y_linear_aligned,True
2023-10-01 04:00:00+00:00,2023-10-11 19:00:00+00:00,2023-10-11 15:00:00-04:00,256,71.0,74.4142378818669,boost_5y_linear_aligned,True
2023-10-01 04:00:00+00:00,2023-10-11 20:00:00+00:00,2023-10-11 16:00:00-04:00,257,69.0,73.89994500165896,boost_5y_linear_aligned,True
2023-10-01 04:00:00+00:00,2023-10-11 21:00:00+00:00,2023-10-11 17:00:00-04:00,258,66.0,72.167389215051,boost_5y_linear_aligned,True
2023-10-01 04:00:00+00:00,2023-10-11 22:00:00+00:00,2023-10-11 18:00:00-04:00,259,65.0,68.16075156455241,boost_5y_linear_aligned,True
2023-10-01 04:00:00+00:00,2023-10-11 23:00:00+00:00,2023-10-11 19:00:00-04:00,260,62.0,65.55118134915887,boost_5y_linear_aligned,True
2023-10-01 04:00:00+00:00,2023-10-12 00:00:00+00:00,2023-10-11 20:00:00-04:00,261,61.0,64.25282061538164,boost_5y_linear_aligned,True
2023-10-01 04:00:00+00:00,2023-10-12 01:00:00+00:00,2023-10-11 21:00:00-04:00,262,60.0,62.836039263683105,boost_5y_linear_aligned,True
2023-10-01 04:00:00+00:00,2023-10-12 02:00:00+00:00,2023-10-11 22:00:00-04:00,263,60.0,62.14019386241733,boost_5y_linear_aligned,True
2023-10-01 04:00:00+00:00,2023-10-12 03:00:00+00:00,2023-10-11 23:00:00-04:00,264,60.0,61.315640279848324,boost_5y_linear_aligned,True
2023-10-01 04:00:00+00:00,2023-10-12 04:00:00+00:00,2023-10-12 00:00:00-04:00,265,62.0,60.547710000244116,boost_5y_linear_aligned,True
2023-10-01 04:00:00+00:00,2023-10-12 05:00:00+00:00,2023-10-12 01:00:00-04:00,266,60.0,60.13027397962592,boost_5y_linear_aligned,True
2023-10-01 04:00:00+00:00,2023-10-12 06:00:00+00:00,2023-10-12 02:00:00-04:00,267,59.0,59.36620533934224,boost_5y_linear_aligned,True
2023-10-01 04:00:00+00:00,2023-10-12 07:00:00+00:00,2023-10-12 03:00:00-04:00,268,61.0,58.80510322884073,boost_5y_linear_aligned,True
2023-10-01 04:00:00+00:00,2023-10-12 08:00:00+00:00,2023-10-12 04:00:00-04:00,269,60.0,58.291567273754325,boost_5y_linear_aligned,True
2023-10-01 04:00:00+00:00,2023-10-12 09:00:00+00:00,2023-10-12 05:00:00-04:00,270,60.0,57.67212601285918,boost_5y_linear_aligned,True
2023-10-01 04:00:00+00:00,2023-10-12 10:00:00+00:00,2023-10-12 06:00:00-04:00,271,59.0,57.11529543199591,boost_5y_linear_aligned,True
2023-10-01 04:00:00+00:00,2023-10-12 11:00:00+00:00,2023-10-12 07:00:00-04:00,272,60.0,57.48252374050973,boost_5y_linear_aligned,True
2023-10-01 04:00:00+00:00,2023-10-12 12:00:00+00:00,2023-10-12 08:00:00-04:00,273,62.0,60.820086814197545,boost_5y_linear_aligned,True
2023-10-01 04:00:00+00:00,2023-10-12 13:00:00+00:00,2023-10-12 09:00:00-04:00,274,63.0,64.25308664416745,boost_5y_linear_aligned,True
2023-10-01 04:00:00+00:00,2023-10-12 14:00:00+00:00,2023-10-12 10:00:00-04:00,275,64.0,67.6666116026619,boost_5y_linear_aligned,True
2023-10-01 04:00:00+00:00,2023-10-12 15:00:00+00:00,2023-10-12 11:00:00-04:00,276,68.0,69.90321188471529,boost_5y_linear_aligned,True
2023-10-01 04:00:00+00:00,2023-10-12 16:00:00+00:00,2023-10-12 12:00:00-04:00,277,70.0,71.64495896346027,boost_5y_linear_aligned,True
2023-10-01 04:00:00+00:00,2023-10-12 17:00:00+00:00,2023-10-12 13:00:00-04:00,278,72.0,72.99110917862241,boost_5y_linear_aligned,True
2023-10-01 04:00:00+00:00,2023-10-12 18:00:00+00:00,2023-10-12 14:00:00-04:00,279,74.0,73.72141811019907,boost_5y_linear_aligned,True
2023-10-01 04:00:00+00:00,2023-10-12 19:00:00+00:00,2023-10-12 15:00:00-04:00,280,76.0,73.69175214040084,boost_5y_linear_aligned,True
2023-10-01 04:00:00+00:00,2023-10-12 20:00:00+00:00,2023-10-12 16:00:00-04:00,281,75.0,73.36182377650088,boost_5y_linear_aligned,True
2023-10-01 04:00:00+00:00,2023-10-12 21:00:00+00:00,2023-10-12 17:00:00-04:00,282,74.0,71.50089631592714,boost_5y_linear_aligned,True
2023-10-01 04:00:00+00:00,2023-10-12 22:00:00+00:00,2023-10-12 18:00:00-04:00,283,70.0,67.44597504738704,boost_5y_linear_aligned,True
2023-10-01 04:00:00+00:00,2023-10-12 23:00:00+00:00,2023-10-12 19:00:00-04:00,284,65.0,64.84880752684099,boost_5y_linear_aligned,True
2023-10-01 04:00:00+00:00,2023-10-13 00:00:00+00:00,2023-10-12 20:00:00-04:00,285,63.0,63.636558485449015,boost_5y_linear_aligned,True
2023-10-01 04:00:00+00:00,2023-10-13 01:00:00+00:00,2023-10-12 21:00:00-04:00,286,60.0,62.25668384974593,boost_5y_linear_aligned,True
2023-10-01 04:00:00+00:00,2023-10-13 02:00:00+00:00,2023-10-12 22:00:00-04:00,287,61.0,61.53111735791142,boost_5y_linear_aligned,True
2023-10-01 04:00:00+00:00,2023-10-13 03:00:00+00:00,2023-10-12 23:00:00-04:00,288,59.0,60.60792691413,boost_5y_linear_aligned,True
2023-10-01 04:00:00+00:00,2023-10-13 04:00:00+00:00,2023-10-13 00:00:00-04:00,289,56.0,59.75694597664307,boost_5y_linear_aligned,True
2023-10-01 04:00:00+00:00,2023-10-13 05:00:00+00:00,2023-10-13 01:00:00-04:00,290,57.0,59.42031850481139,boost_5y_linear_aligned,True
2023-10-01 04:00:00+00:00,2023-10-13 06:00:00+00:00,2023-10-13 02:00:00-04:00,291,54.0,58.71502447772889,boost_5y_linear_aligned,True
2023-10-01 04:00:00+00:00,2023-10-13 07:00:00+00:00,2023-10-13 03:00:00-04:00,292,54.0,58.095372614121295,boost_5y_linear_aligned,True
2023-10-01 04:00:00+00:00,2023-10-13 08:00:00+00:00,2023-10-13 04:00:00-04:00,293,55.0,57.71579513552737,boost_5y_linear_aligned,True
2023-10-01 04:00:00+00:00,2023-10-13 09:00:00+00:00,2023-10-13 05:00:00-04:00,294,53.0,57.113578254540656,boost_5y_linear_aligned,True
2023-10-01 04:00:00+00:00,2023-10-13 10:00:00+00:00,2023-10-13 06:00:00-04:00,295,53.0,56.68744793569345,boost_5y_linear_aligned,True
2023-10-01 04:00:00+00:00,2023-10-13 11:00:00+00:00,2023-10-13 07:00:00-04:00,296,55.0,57.071500193728944,boost_5y_linear_aligned,True
2023-10-01 04:00:00+00:00,2023-10-13 12:00:00+00:00,2023-10-13 08:00:00-04:00,297,61.0,60.35692441300288,boost_5y_linear_aligned,True
2023-10-01 04:00:00+00:00,2023-10-13 13:00:00+00:00,2023-10-13 09:00:00-04:00,298,68.0,63.758276395394475,boost_5y_linear_aligned,True
2023-10-01 04:00:00+00:00,2023-10-13 14:00:00+00:00,2023-10-13 10:00:00-04:00,299,73.0,67.0767100470776,boost_5y_linear_aligned,True
2023-10-01 04:00:00+00:00,2023-10-13 15:00:00+00:00,2023-10-13 11:00:00-04:00,300,76.0,69.39442989665291,boost_5y_linear_aligned,True
2023-10-01 04:00:00+00:00,2023-10-13 16:00:00+00:00,2023-10-13 12:00:00-04:00,301,77.0,71.02275383353864,boost_5y_linear_aligned,True
2023-10-01 04:00:00+00:00,2023-10-13 17:00:00+00:00,2023-10-13 13:00:00-04:00,302,78.0,72.3213684626367,boost_5y_linear_aligned,True
2023-10-01 04:00:00+00:00,2023-10-13 18:00:00+00:00,2023-10-13 14:00:00-04:00,303,80.0,73.00435309384966,boost_5y_linear_aligned,True
2023-10-01 04:00:00+00:00,2023-10-13 19:00:00+00:00,2023-10-13 15:00:00-04:00,304,80.0,73.12298917561989,boost_5y_linear_aligned,True
2023-10-01 04:00:00+00:00,2023-10-13 20:00:00+00:00,2023-10-13 16:00:00-04:00,305,79.0,72.86400073721825,boost_5y_linear_aligned,True
2023-10-01 04:00:00+00:00,2023-10-13 21:00:00+00:00,2023-10-13 17:00:00-04:00,306,78.0,70.89596682130825,boost_5y_linear_aligned,True
2023-10-01 04:00:00+00:00,2023-10-13 22:00:00+00:00,2023-10-13 18:00:00-04:00,307,74.0,66.90501741378729,boost_5y_linear_aligned,True
2023-10-01 04:00:00+00:00,2023-10-13 23:00:00+00:00,2023-10-13 19:00:00-04:00,308,72.0,64.27894879428051,boost_5y_linear_aligned,True
2023-10-01 04:00:00+00:00,2023-10-14 00:00:00+00:00,2023-10-13 20:00:00-04:00,309,71.0,62.9704098109273,boost_5y_linear_aligned,True
2023-10-01 04:00:00+00:00,2023-10-14 01:00:00+00:00,2023-10-13 21:00:00-04:00,310,70.0,61.63014158972873,boost_5y_linear_aligned,True
2023-10-01 04:00:00+00:00,2023-10-14 02:00:00+00:00,2023-10-13 22:00:00-04:00,311,69.0,60.864586128484675,boost_5y_linear_aligned,True
2023-10-01 04:00:00+00:00,2023-10-14 03:00:00+00:00,2023-10-13 23:00:00-04:00,312,69.0,59.88184550514114,boost_5y_linear_aligned,True
2023-10-01 04:00:00+00:00,2023-10-14 04:00:00+00:00,2023-10-14 00:00:00-04:00,313,67.0,58.93142599830197,boost_5y_linear_aligned,True
2023-10-01 04:00:00+00:00,2023-10-14 05:00:00+00:00,2023-10-14 01:00:00-04:00,314,67.0,58.522250829175974,boost_5y_linear_aligned,True
2023-10-01 04:00:00+00:00,2023-10-14 06:00:00+00:00,2023-10-14 02:00:00-04:00,315,67.0,57.79240112881745,boost_5y_linear_aligned,True
2023-10-01 04:00:00+00:00,2023-10-14 07:00:00+00:00,2023-10-14 03:00:00-04:00,316,66.0,57.081248476596365,boost_5y_linear_aligned,True
2023-10-01 04:00:00+00:00,2023-10-14 08:00:00+00:00,2023-10-14 04:00:00-04:00,317,63.0,56.67855670547331,boost_5y_linear_aligned,True
2023-10-01 04:00:00+00:00,2023-10-14 09:00:00+00:00,2023-10-14 05:00:00-04:00,318,65.0,56.13117368341989,boost_5y_linear_aligned,True
2023-10-01 04:00:00+00:00,2023-10-14 10:00:00+00:00,2023-10-14 06:00:00-04:00,319,65.0,55.677636973526226,boost_5y_linear_aligned,True
2023-10-01 04:00:00+00:00,2023-10-14 11:00:00+00:00,2023-10-14 07:00:00-04:00,320,61.0,56.00861763451651,boost_5y_linear_aligned,True
2023-10-01 04:00:00+00:00,2023-10-14 12:00:00+00:00,2023-10-14 08:00:00-04:00,321,61.0,59.33892971266602,boost_5y_linear_aligned,True
2023-10-01 04:00:00+00:00,2023-10-14 13:00:00+00:00,2023-10-14 09:00:00-04:00,322,62.0,62.9465857482978,boost_5y_linear_aligned,True
2023-10-01 04:00:00+00:00,2023-10-14 14:00:00+00:00,2023-10-14 10:00:00-04:00,323,64.0,66.32588374659406,boost_5y_linear_aligned,True
2023-10-01 04:00:00+00:00,2023-10-14 15:00:00+00:00,2023-10-14 11:00:00-04:00,324,62.0,68.7629264255479,boost_5y_linear_aligned,True
2023-10-01 04:00:00+00:00,2023-10-14 16:00:00+00:00,2023-10-14 12:00:00-04:00,325,62.0,70.51938502660484,boost_5y_linear_aligned,True
2023-10-01 04:00:00+00:00,2023-10-14 17:00:00+00:00,2023-10-14 13:00:00-04:00,326,63.0,71.87970065271412,boost_5y_linear_aligned,True
2023-10-01 04:00:00+00:00,2023-10-14 18:00:00+00:00,2023-10-14 14:00:00-04:00,327,65.0,72.57066476763937,boost_5y_linear_aligned,True
2023-10-01 04:00:00+00:00,2023-10-14 19:00:00+00:00,2023-10-14 15:00:00-04:00,328,65.0,72.6355831890481,boost_5y_linear_aligned,True
2023-10-01 04:00:00+00:00,2023-10-14 20:00:00+00:00,2023-10-14 16:00:00-04:00,329,67.0,72.29768451359625,boost_5y_linear_aligned,True
2023-10-01 04:00:00+00:00,2023-10-14 21:00:00+00:00,2023-10-14 17:00:00-04:00,330,67.0,70.30773822726519,boost_5y_linear_aligned,True
2023-10-01 04:00:00+00:00,2023-10-14 22:00:00+00:00,2023-10-14 18:00:00-04:00,331,65.0,66.2369481782531,boost_5y_linear_aligned,True
2023-10-01 04:00:00+00:00,2023-10-14 23:00:00+00:00,2023-10-14 19:00:00-04:00,332,62.0,63.74532958586368,boost_5y_linear_aligned,True
2023-10-01 04:00:00+00:00,2023-10-15 00:00:00+00:00,2023-10-14 20:00:00-04:00,333,63.0,62.433525650656186,boost_5y_linear_aligned,True
2023-10-01 04:00:00+00:00,2023-10-15 01:00:00+00:00,2023-10-14 21:00:00-04:00,334,64.0,61.137349689019636,boost_5y_linear_aligned,True
2023-10-01 04:00:00+00:00,2023-10-15 02:00:00+00:00,2023-10-14 22:00:00-04:00,335,64.0,60.25639113929037,boost_5y_linear_aligned,True
2023-10-01 04:00:00+00:00,2023-10-15 03:00:00+00:00,2023-10-14 23:00:00-04:00,336,63.0,59.40017198382348,boost_5y_linear_aligned,True
2023-10-08 04:00:00+00:00,2023-10-08 04:00:00+00:00,2023-10-08 00:00:00-04:00,1,52.0,52.552952838695305,boost_5y_linear_aligned,True
2023-10-08 04:00:00+00:00,2023-10-08 05:00:00+00:00,2023-10-08 01:00:00-04:00,2,52.0,52.13657934257111,boost_5y_linear_aligned,True
2023-10-08 04:00:00+00:00,2023-10-08 06:00:00+00:00,2023-10-08 02:00:00-04:00,3,48.0,51.66623384594603,boost_5y_linear_aligned,True
2023-10-08 04:00:00+00:00,2023-10-08 07:00:00+00:00,2023-10-08 03:00:00-04:00,4,47.0,51.20858831559865,boost_5y_linear_aligned,True
2023-10-08 04:00:00+00:00,2023-10-08 08:00:00+00:00,2023-10-08 04:00:00-04:00,5,47.0,50.936981340990144,boost_5y_linear_aligned,True
2023-10-08 04:00:00+00:00,2023-10-08 09:00:00+00:00,2023-10-08 05:00:00-04:00,6,44.0,50.54563086204156,boost_5y_linear_aligned,True
2023-10-08 04:00:00+00:00,2023-10-08 10:00:00+00:00,2023-10-08 06:00:00-04:00,7,43.0,50.262335192150246,boost_5y_linear_aligned,True
2023-10-08 04:00:00+00:00,2023-10-08 11:00:00+00:00,2023-10-08 07:00:00-04:00,8,45.0,51.67728908230668,boost_5y_linear_aligned,True
2023-10-08 04:00:00+00:00,2023-10-08 12:00:00+00:00,2023-10-08 08:00:00-04:00,9,51.0,54.606948488172286,boost_5y_linear_aligned,True
2023-10-08 04:00:00+00:00,2023-10-08 13:00:00+00:00,2023-10-08 09:00:00-04:00,10,57.0,58.222730501460035,boost_5y_linear_aligned,True
2023-10-08 04:00:00+00:00,2023-10-08 14:00:00+00:00,2023-10-08 10:00:00-04:00,11,59.0,61.93314938306213,boost_5y_linear_aligned,True
2023-10-08 04:00:00+00:00,2023-10-08 15:00:00+00:00,2023-10-08 11:00:00-04:00,12,61.0,65.05158636958959,boost_5y_linear_aligned,True
2023-10-08 04:00:00+00:00,2023-10-08 16:00:00+00:00,2023-10-08 12:00:00-04:00,13,63.0,67.25142488787723,boost_5y_linear_aligned,True
2023-10-08 04:00:00+00:00,2023-10-08 17:00:00+00:00,2023-10-08 13:00:00-04:00,14,64.0,68.43725838015921,boost_5y_linear_aligned,True
2023-10-08 04:00:00+00:00,2023-10-08 18:00:00+00:00,2023-10-08 14:00:00-04:00,15,65.0,69.3072669743119,boost_5y_linear_aligned,True
2023-10-08 04:00:00+00:00,2023-10-08 19:00:00+00:00,2023-10-08 15:00:00-04:00,16,65.0,68.91588487884087,boost_5y_linear_aligned,True
2023-10-08 04:00:00+00:00,2023-10-08 20:00:00+00:00,2023-10-08 16:00:00-04:00,17,65.0,68.52100859551611,boost_5y_linear_aligned,True
2023-10-08 04:00:00+00:00,2023-10-08 21:00:00+00:00,2023-10-08 17:00:00-04:00,18,64.0,66.95987855547855,boost_5y_linear_aligned,True
2023-10-08 04:00:00+00:00,2023-10-08 22:00:00+00:00,2023-10-08 18:00:00-04:00,19,60.0,62.488117535099555,boost_5y_linear_aligned,True
2023-10-08 04:00:00+00:00,2023-10-08 23:00:00+00:00,2023-10-08 19:00:00-04:00,20,55.0,59.628904165907485,boost_5y_linear_aligned,True
2023-10-08 04:00:00+00:00,2023-10-09 00:00:00+00:00,2023-10-08 20:00:00-04:00,21,52.0,58.15912533664576,boost_5y_linear_aligned,True
2023-10-08 04:00:00+00:00,2023-10-09 01:00:00+00:00,2023-10-08 21:00:00-04:00,22,49.0,56.341897506331634,boost_5y_linear_aligned,True
2023-10-08 04:00:00+00:00,2023-10-09 02:00:00+00:00,2023-10-08 22:00:00-04:00,23,49.0,55.68355310504012,boost_5y_linear_aligned,True
2023-10-08 04:00:00+00:00,2023-10-09 03:00:00+00:00,2023-10-08 23:00:00-04:00,24,52.0,54.98537263141279,boost_5y_linear_aligned,True
2023-10-08 04:00:00+00:00,2023-10-09 04:00:00+00:00,2023-10-09 00:00:00-04:00,25,47.0,54.555735794979185,boost_5y_linear_aligned,True
2023-10-08 04:00:00+00:00,2023-10-09 05:00:00+00:00,2023-10-09 01:00:00-04:00,26,47.0,54.22885520870221,boost_5y_linear_aligned,True
2023-10-08 04:00:00+00:00,2023-10-09 06:00:00+00:00,2023-10-09 02:00:00-04:00,27,47.0,53.76814514190647,boost_5y_linear_aligned,True
2023-10-08 04:00:00+00:00,2023-10-09 07:00:00+00:00,2023-10-09 03:00:00-04:00,28,46.0,53.26694304530562,boost_5y_linear_aligned,True
2023-10-08 04:00:00+00:00,2023-10-09 08:00:00+00:00,2023-10-09 04:00:00-04:00,29,44.0,52.965253002111,boost_5y_linear_aligned,True
2023-10-08 04:00:00+00:00,2023-10-09 09:00:00+00:00,2023-10-09 05:00:00-04:00,30,42.0,52.5425948220436,boost_5y_linear_aligned,True
2023-10-08 04:00:00+00:00,2023-10-09 10:00:00+00:00,2023-10-09 06:00:00-04:00,31,44.0,52.22206109435117,boost_5y_linear_aligned,True
2023-10-08 04:00:00+00:00,2023-10-09 11:00:00+00:00,2023-10-09 07:00:00-04:00,32,45.0,52.955839788854895,boost_5y_linear_aligned,True
2023-10-08 04:00:00+00:00,2023-10-09 12:00:00+00:00,2023-10-09 08:00:00-04:00,33,50.0,56.07389133616641,boost_5y_linear_aligned,True
2023-10-08 04:00:00+00:00,2023-10-09 13:00:00+00:00,2023-10-09 09:00:00-04:00,34,58.0,59.84620017920029,boost_5y_linear_aligned,True
2023-10-08 04:00:00+00:00,2023-10-09 14:00:00+00:00,2023-10-09 10:00:00-04:00,35,63.0,63.610661628978036,boost_5y_linear_aligned,True
2023-10-08 04:00:00+00:00,2023-10-09 15:00:00+00:00,2023-10-09 11:00:00-04:00,36,66.0,66.82935366399785,boost_5y_linear_aligned,True
2023-10-08 04:00:00+00:00,2023-10-09 16:00:00+00:00,2023-10-09 12:00:00-04:00,37,69.0,68.87523611610425,boost_5y_linear_aligned,True
2023-10-08 04:00:00+00:00,2023-10-09 17:00:00+00:00,2023-10-09 13:00:00-04:00,38,70.0,70.09339690902581,boost_5y_linear_aligned,True
2023-10-08 04:00:00+00:00,2023-10-09 18:00:00+00:00,2023-10-09 14:00:00-04:00,39,72.0,70.91587474708784,boost_5y_linear_aligned,True
2023-10-08 04:00:00+00:00,2023-10-09 19:00:00+00:00,2023-10-09 15:00:00-04:00,40,72.0,70.35685945812648,boost_5y_linear_aligned,True
2023-10-08 04:00:00+00:00,2023-10-09 20:00:00+00:00,2023-10-09 16:00:00-04:00,41,72.0,70.04125594258859,boost_5y_linear_aligned,True
2023-10-08 04:00:00+00:00,2023-10-09 21:00:00+00:00,2023-10-09 17:00:00-04:00,42,70.0,68.3424588741184,boost_5y_linear_aligned,True
2023-10-08 04:00:00+00:00,2023-10-09 22:00:00+00:00,2023-10-09 18:00:00-04:00,43,67.0,64.36018757442608,boost_5y_linear_aligned,True
2023-10-08 04:00:00+00:00,2023-10-09 23:00:00+00:00,2023-10-09 19:00:00-04:00,44,63.0,61.38079761365306,boost_5y_linear_aligned,True
2023-10-08 04:00:00+00:00,2023-10-10 00:00:00+00:00,2023-10-09 20:00:00-04:00,45,64.0,59.924428336492134,boost_5y_linear_aligned,True
2023-10-08 04:00:00+00:00,2023-10-10 01:00:00+00:00,2023-10-09 21:00:00-04:00,46,62.0,58.64854940138676,boost_5y_linear_aligned,True
2023-10-08 04:00:00+00:00,2023-10-10 02:00:00+00:00,2023-10-09 22:00:00-04:00,47,62.0,57.991377278026384,boost_5y_linear_aligned,True
2023-10-08 04:00:00+00:00,2023-10-10 03:00:00+00:00,2023-10-09 23:00:00-04:00,48,60.0,57.23482341261351,boost_5y_linear_aligned,True
2023-10-08 04:00:00+00:00,2023-10-10 04:00:00+00:00,2023-10-10 00:00:00-04:00,49,56.0,56.89216308191223,boost_5y_linear_aligned,True
2023-10-08 04:00:00+00:00,2023-10-10 05:00:00+00:00,2023-10-10 01:00:00-04:00,50,52.0,56.572338537114156,boost_5y_linear_aligned,True
2023-10-08 04:00:00+00:00,2023-10-10 06:00:00+00:00,2023-10-10 02:00:00-04:00,51,52.0,56.02551392130359,boost_5y_linear_aligned,True
2023-10-08 04:00:00+00:00,2023-10-10 07:00:00+00:00,2023-10-10 03:00:00-04:00,52,54.0,55.545025334638964,boost_5y_linear_aligned,True
2023-10-08 04:00:00+00:00,2023-10-10 08:00:00+00:00,2023-10-10 04:00:00-04:00,53,54.0,55.17087552098432,boost_5y_linear_aligned,True
2023-10-08 04:00:00+00:00,2023-10-10 09:00:00+00:00,2023-10-10 05:00:00-04:00,54,54.0,54.73658817612021,boost_5y_linear_aligned,True
2023-10-08 04:00:00+00:00,2023-10-10 10:00:00+00:00,2023-10-10 06:00:00-04:00,55,52.0,54.47753887900468,boost_5y_linear_aligned,True
2023-10-08 04:00:00+00:00,2023-10-10 11:00:00+00:00,2023-10-10 07:00:00-04:00,56,53.0,55.22723049873195,boost_5y_linear_aligned,True
2023-10-08 04:00:00+00:00,2023-10-10 12:00:00+00:00,2023-10-10 08:00:00-04:00,57,57.0,58.06990987173317,boost_5y_linear_aligned,True
2023-10-08 04:00:00+00:00,2023-10-10 13:00:00+00:00,2023-10-10 09:00:00-04:00,58,61.0,61.496519127832876,boost_5y_linear_aligned,True
2023-10-08 04:00:00+00:00,2023-10-10 14:00:00+00:00,2023-10-10 10:00:00-04:00,59,64.0,65.20827086914412,boost_5y_linear_aligned,True
2023-10-08 04:00:00+00:00,2023-10-10 15:00:00+00:00,2023-10-10 11:00:00-04:00,60,68.0,68.01412965271939,boost_5y_linear_aligned,True
2023-10-08 04:00:00+00:00,2023-10-10 16:00:00+00:00,2023-10-10 12:00:00-04:00,61,71.0,69.95593762510998,boost_5y_linear_aligned,True
2023-10-08 04:00:00+00:00,2023-10-10 17:00:00+00:00,2023-10-10 13:00:00-04:00,62,73.0,71.29963265226218,boost_5y_linear_aligned,True
2023-10-08 04:00:00+00:00,2023-10-10 18:00:00+00:00,2023-10-10 14:00:00-04:00,63,76.0,72.07213900969118,boost_5y_linear_aligned,True
2023-10-08 04:00:00+00:00,2023-10-10 19:00:00+00:00,2023-10-10 15:00:00-04:00,64,74.0,71.59829985050992,boost_5y_linear_aligned,True
2023-10-08 04:00:00+00:00,2023-10-10 20:00:00+00:00,2023-10-10 16:00:00-04:00,65,72.0,71.17186843806971,boost_5y_linear_aligned,True
2023-10-08 04:00:00+00:00,2023-10-10 21:00:00+00:00,2023-10-10 17:00:00-04:00,66,70.0,69.50741205602253,boost_5y_linear_aligned,True
2023-10-08 04:00:00+00:00,2023-10-10 22:00:00+00:00,2023-10-10 18:00:00-04:00,67,67.0,65.38496584003637,boost_5y_linear_aligned,True
2023-10-08 04:00:00+00:00,2023-10-10 23:00:00+00:00,2023-10-10 19:00:00-04:00,68,67.0,62.205556527248305,boost_5y_linear_aligned,True
2023-10-08 04:00:00+00:00,2023-10-11 00:00:00+00:00,2023-10-10 20:00:00-04:00,69,66.0,61.91661027513195,boost_5y_linear_aligned,True
2023-10-08 04:00:00+00:00,2023-10-11 01:00:00+00:00,2023-10-10 21:00:00-04:00,70,67.0,58.94924608986667,boost_5y_linear_aligned,True
2023-10-08 04:00:00+00:00,2023-10-11 02:00:00+00:00,2023-10-10 22:00:00-04:00,71,65.0,58.30277355045191,boost_5y_linear_aligned,True
2023-10-08 04:00:00+00:00,2023-10-11 03:00:00+00:00,2023-10-10 23:00:00-04:00,72,65.0,57.711592815995324,boost_5y_linear_aligned,True
2023-10-08 04:00:00+00:00,2023-10-11 04:00:00+00:00,2023-10-11 00:00:00-04:00,73,60.0,57.01935643450596,boost_5y_linear_aligned,True
2023-10-08 04:00:00+00:00,2023-10-11 05:00:00+00:00,2023-10-11 01:00:00-04:00,74,60.0,56.652279981133454,boost_5y_linear_aligned,True
2023-10-08 04:00:00+00:00,2023-10-11 06:00:00+00:00,2023-10-11 02:00:00-04:00,75,57.0,55.991596971548866,boost_5y_linear_aligned,True
2023-10-08 04:00:00+00:00,2023-10-11 07:00:00+00:00,2023-10-11 03:00:00-04:00,76,60.0,55.45064300648224,boost_5y_linear_aligned,True
2023-10-08 04:00:00+00:00,2023-10-11 08:00:00+00:00,2023-10-11 04:00:00-04:00,77,59.0,55.02942033451383,boost_5y_linear_aligned,True
2023-10-08 04:00:00+00:00,2023-10-11 09:00:00+00:00,2023-10-11 05:00:00-04:00,78,56.0,54.567460454874485,boost_5y_linear_aligned,True
2023-10-08 04:00:00+00:00,2023-10-11 10:00:00+00:00,2023-10-11 06:00:00-04:00,79,54.0,54.06494618265864,boost_5y_linear_aligned,True
2023-10-08 04:00:00+00:00,2023-10-11 11:00:00+00:00,2023-10-11 07:00:00-04:00,80,55.0,54.81276451192101,boost_5y_linear_aligned,True
2023-10-08 04:00:00+00:00,2023-10-11 12:00:00+00:00,2023-10-11 08:00:00-04:00,81,61.0,57.953074508443365,boost_5y_linear_aligned,True
2023-10-08 04:00:00+00:00,2023-10-11 13:00:00+00:00,2023-10-11 09:00:00-04:00,82,68.0,60.997240615449456,boost_5y_linear_aligned,True
2023-10-08 04:00:00+00:00,2023-10-11 14:00:00+00:00,2023-10-11 10:00:00-04:00,83,69.0,64.54921204213491,boost_5y_linear_aligned,True
2023-10-08 04:00:00+00:00,2023-10-11 15:00:00+00:00,2023-10-11 11:00:00-04:00,84,71.0,67.26732255812712,boost_5y_linear_aligned,True
2023-10-08 04:00:00+00:00,2023-10-11 16:00:00+00:00,2023-10-11 12:00:00-04:00,85,70.0,69.2100674666908,boost_5y_linear_aligned,True
2023-10-08 04:00:00+00:00,2023-10-11 17:00:00+00:00,2023-10-11 13:00:00-04:00,86,72.0,70.63417069231026,boost_5y_linear_aligned,True
2023-10-08 04:00:00+00:00,2023-10-11 18:00:00+00:00,2023-10-11 14:00:00-04:00,87,71.0,71.40033886280499,boost_5y_linear_aligned,True
2023-10-08 04:00:00+00:00,2023-10-11 19:00:00+00:00,2023-10-11 15:00:00-04:00,88,71.0,71.05340148870526,boost_5y_linear_aligned,True
2023-10-08 04:00:00+00:00,2023-10-11 20:00:00+00:00,2023-10-11 16:00:00-04:00,89,69.0,70.55893968431978,boost_5y_linear_aligned,True
2023-10-08 04:00:00+00:00,2023-10-11 21:00:00+00:00,2023-10-11 17:00:00-04:00,90,66.0,68.64548619390287,boost_5y_linear_aligned,True
2023-10-08 04:00:00+00:00,2023-10-11 22:00:00+00:00,2023-10-11 18:00:00-04:00,91,65.0,64.38444334160967,boost_5y_linear_aligned,True
2023-10-08 04:00:00+00:00,2023-10-11 23:00:00+00:00,2023-10-11 19:00:00-04:00,92,62.0,61.439925489627456,boost_5y_linear_aligned,True
2023-10-08 04:00:00+00:00,2023-10-12 00:00:00+00:00,2023-10-11 20:00:00-04:00,93,61.0,60.00258873384012,boost_5y_linear_aligned,True
2023-10-08 04:00:00+00:00,2023-10-12 01:00:00+00:00,2023-10-11 21:00:00-04:00,94,60.0,58.59219632567464,boost_5y_linear_aligned,True
2023-10-08 04:00:00+00:00,2023-10-12 02:00:00+00:00,2023-10-11 22:00:00-04:00,95,60.0,58.0564035389428,boost_5y_linear_aligned,True
2023-10-08 04:00:00+00:00,2023-10-12 03:00:00+00:00,2023-10-11 23:00:00-04:00,96,60.0,57.16415106750681,boost_5y_linear_aligned,True
2023-10-08 04:00:00+00:00,2023-10-12 04:00:00+00:00,2023-10-12 00:00:00-04:00,97,62.0,58.06910016344532,boost_5y_linear_aligned,True
2023-10-08 04:00:00+00:00,2023-10-12 05:00:00+00:00,2023-10-12 01:00:00-04:00,98,60.0,57.66990976246401,boost_5y_linear_aligned,True
2023-10-08 04:00:00+00:00,2023-10-12 06:00:00+00:00,2023-10-12 02:00:00-04:00,99,59.0,56.93726866009255,boost_5y_linear_aligned,True
2023-10-08 04:00:00+00:00,2023-10-12 07:00:00+00:00,2023-10-12 03:00:00-04:00,100,61.0,56.40451116366743,boost_5y_linear_aligned,True
2023-10-08 04:00:00+00:00,2023-10-12 08:00:00+00:00,2023-10-12 04:00:00-04:00,101,60.0,55.912274706891175,boost_5y_linear_aligned,True
2023-10-08 04:00:00+00:00,2023-10-12 09:00:00+00:00,2023-10-12 05:00:00-04:00,102,60.0,55.50555566378835,boost_5y_linear_aligned,True
2023-10-08 04:00:00+00:00,2023-10-12 10:00:00+00:00,2023-10-12 06:00:00-04:00,103,59.0,55.04582727028527,boost_5y_linear_aligned,True
2023-10-08 04:00:00+00:00,2023-10-12 11:00:00+00:00,2023-10-12 07:00:00-04:00,104,60.0,55.78449588984243,boost_5y_linear_aligned,True
2023-10-08 04:00:00+00:00,2023-10-12 12:00:00+00:00,2023-10-12 08:00:00-04:00,105,62.0,58.87681983936405,boost_5y_linear_aligned,True
2023-10-08 04:00:00+00:00,2023-10-12 13:00:00+00:00,2023-10-12 09:00:00-04:00,106,63.0,62.2482541067828,boost_5y_linear_aligned,True
2023-10-08 04:00:00+00:00,2023-10-12 14:00:00+00:00,2023-10-12 10:00:00-04:00,107,64.0,65.84288813417102,boost_5y_linear_aligned,True
2023-10-08 04:00:00+00:00,2023-10-12 15:00:00+00:00,2023-10-12 11:00:00-04:00,108,68.0,68.48801961764161,boost_5y_linear_aligned,True
2023-10-08 04:00:00+00:00,2023-10-12 16:00:00+00:00,2023-10-12 12:00:00-04:00,109,70.0,70.45343847613897,boost_5y_linear_aligned,True
2023-10-08 04:00:00+00:00,2023-10-12 17:00:00+00:00,2023-10-12 13:00:00-04:00,110,72.0,71.86403928659352,boost_5y_linear_aligned,True
2023-10-08 04:00:00+00:00,2023-10-12 18:00:00+00:00,2023-10-12 14:00:00-04:00,111,74.0,72.56813609253456,boost_5y_linear_aligned,True
2023-10-08 04:00:00+00:00,2023-10-12 19:00:00+00:00,2023-10-12 15:00:00-04:00,112,76.0,72.35326048564697,boost_5y_linear_aligned,True
2023-10-08 04:00:00+00:00,2023-10-12 20:00:00+00:00,2023-10-12 16:00:00-04:00,113,75.0,72.0319052927517,boost_5y_linear_aligned,True
2023-10-08 04:00:00+00:00,2023-10-12 21:00:00+00:00,2023-10-12 17:00:00-04:00,114,74.0,70.07358559047096,boost_5y_linear_aligned,True
2023-10-08 04:00:00+00:00,2023-10-12 22:00:00+00:00,2023-10-12 18:00:00-04:00,115,70.0,65.80193980377581,boost_5y_linear_aligned,True
2023-10-08 04:00:00+00:00,2023-10-12 23:00:00+00:00,2023-10-12 19:00:00-04:00,116,65.0,63.07958557933362,boost_5y_linear_aligned,True
2023-10-08 04:00:00+00:00,2023-10-13 00:00:00+00:00,2023-10-12 20:00:00-04:00,117,63.0,61.73305825697057,boost_5y_linear_aligned,True
2023-10-08 04:00:00+00:00,2023-10-13 01:00:00+00:00,2023-10-12 21:00:00-04:00,118,60.0,60.553183540701156,boost_5y_linear_aligned,True
2023-10-08 04:00:00+00:00,2023-10-13 02:00:00+00:00,2023-10-12 22:00:00-04:00,119,61.0,59.867873534235464,boost_5y_linear_aligned,True
2023-10-08 04:00:00+00:00,2023-10-13 03:00:00+00:00,2023-10-12 23:00:00-04:00,120,59.0,58.902496944528025,boost_5y_linear_aligned,True
2023-10-08 04:00:00+00:00,2023-10-13 04:00:00+00:00,2023-10-13 00:00:00-04:00,121,56.0,58.76100612406815,boost_5y_linear_aligned,True
2023-10-08 04:00:00+00:00,2023-10-13 05:00:00+00:00,2023-10-13 01:00:00-04:00,122,57.0,58.41820383797413,boost_5y_linear_aligned,True
2023-10-08 04:00:00+00:00,2023-10-13 06:00:00+00:00,2023-10-13 02:00:00-04:00,123,54.0,57.72870281584994,boost_5y_linear_aligned,True
2023-10-08 04:00:00+00:00,2023-10-13 07:00:00+00:00,2023-10-13 03:00:00-04:00,124,54.0,57.15101325974147,boost_5y_linear_aligned,True
2023-10-08 04:00:00+00:00,2023-10-13 08:00:00+00:00,2023-10-13 04:00:00-04:00,125,55.0,56.78162723483753,boost_5y_linear_aligned,True
2023-10-08 04:00:00+00:00,2023-10-13 09:00:00+00:00,2023-10-13 05:00:00-04:00,126,53.0,56.428331383979206,boost_5y_linear_aligned,True
2023-10-08 04:00:00+00:00,2023-10-13 10:00:00+00:00,2023-10-13 06:00:00-04:00,127,53.0,56.02052837867232,boost_5y_linear_aligned,True
2023-10-08 04:00:00+00:00,2023-10-13 11:00:00+00:00,2023-10-13 07:00:00-04:00,128,55.0,56.48037382561333,boost_5y_linear_aligned,True
2023-10-08 04:00:00+00:00,2023-10-13 12:00:00+00:00,2023-10-13 08:00:00-04:00,129,61.0,59.54606310481999,boost_5y_linear_aligned,True
2023-10-08 04:00:00+00:00,2023-10-13 13:00:00+00:00,2023-10-13 09:00:00-04:00,130,68.0,64.47422088262974,boost_5y_linear_aligned,True
2023-10-08 04:00:00+00:00,2023-10-13 14:00:00+00:00,2023-10-13 10:00:00-04:00,131,73.0,67.86158262957123,boost_5y_linear_aligned,True
2023-10-08 04:00:00+00:00,2023-10-13 15:00:00+00:00,2023-10-13 11:00:00-04:00,132,76.0,70.38271877101094,boost_5y_linear_aligned,True
2023-10-08 04:00:00+00:00,2023-10-13 16:00:00+00:00,2023-10-13 12:00:00-04:00,133,77.0,72.38162721854094,boost_5y_linear_aligned,True
2023-10-08 04:00:00+00:00,2023-10-13 17:00:00+00:00,2023-10-13 13:00:00-04:00,134,78.0,73.60222054991218,boost_5y_linear_aligned,True
2023-10-08 04:00:00+00:00,2023-10-13 18:00:00+00:00,2023-10-13 14:00:00-04:00,135,80.0,74.36073939858753,boost_5y_linear_aligned,True
2023-10-08 04:00:00+00:00,2023-10-13 19:00:00+00:00,2023-10-13 15:00:00-04:00,136,80.0,74.33924683687391,boost_5y_linear_aligned,True
2023-10-08 04:00:00+00:00,2023-10-13 20:00:00+00:00,2023-10-13 16:00:00-04:00,137,79.0,74.00361681780348,boost_5y_linear_aligned,True
2023-10-08 04:00:00+00:00,2023-10-13 21:00:00+00:00,2023-10-13 17:00:00-04:00,138,78.0,71.76790116344577,boost_5y_linear_aligned,True
2023-10-08 04:00:00+00:00,2023-10-13 22:00:00+00:00,2023-10-13 18:00:00-04:00,139,74.0,67.60353509791314,boost_5y_linear_aligned,True
2023-10-08 04:00:00+00:00,2023-10-13 23:00:00+00:00,2023-10-13 19:00:00-04:00,140,72.0,64.91972776628998,boost_5y_linear_aligned,True
2023-10-08 04:00:00+00:00,2023-10-14 00:00:00+00:00,2023-10-13 20:00:00-04:00,141,71.0,63.50239230159405,boost_5y_linear_aligned,True
2023-10-08 04:00:00+00:00,2023-10-14 01:00:00+00:00,2023-10-13 21:00:00-04:00,142,70.0,62.162821845625125,boost_5y_linear_aligned,True
2023-10-08 04:00:00+00:00,2023-10-14 02:00:00+00:00,2023-10-13 22:00:00-04:00,143,69.0,61.38127703669109,boost_5y_linear_aligned,True
2023-10-08 04:00:00+00:00,2023-10-14 03:00:00+00:00,2023-10-13 23:00:00-04:00,144,69.0,60.27461889538442,boost_5y_linear_aligned,True
2023-10-08 04:00:00+00:00,2023-10-14 04:00:00+00:00,2023-10-14 00:00:00-04:00,145,67.0,59.560872296105565,boost_5y_linear_aligned,True
2023-10-08 04:00:00+00:00,2023-10-14 05:00:00+00:00,2023-10-14 01:00:00-04:00,146,67.0,59.1804501602273,boost_5y_linear_aligned,True
2023-10-08 04:00:00+00:00,2023-10-14 06:00:00+00:00,2023-10-14 02:00:00-04:00,147,67.0,58.52142986025745,boost_5y_linear_aligned,True
2023-10-08 04:00:00+00:00,2023-10-14 07:00:00+00:00,2023-10-14 03:00:00-04:00,148,66.0,57.50810973369828,boost_5y_linear_aligned,True
2023-10-08 04:00:00+00:00,2023-10-14 08:00:00+00:00,2023-10-14 04:00:00-04:00,149,63.0,57.117903381164275,boost_5y_linear_aligned,True
2023-10-08 04:00:00+00:00,2023-10-14 09:00:00+00:00,2023-10-14 05:00:00-04:00,150,65.0,56.48564178414977,boost_5y_linear_aligned,True
2023-10-08 04:00:00+00:00,2023-10-14 10:00:00+00:00,2023-10-14 06:00:00-04:00,151,65.0,56.02863845630601,boost_5y_linear_aligned,True
2023-10-08 04:00:00+00:00,2023-10-14 11:00:00+00:00,2023-10-14 07:00:00-04:00,152,61.0,56.18112183678612,boost_5y_linear_aligned,True
2023-10-08 04:00:00+00:00,2023-10-14 12:00:00+00:00,2023-10-14 08:00:00-04:00,153,61.0,59.298459401493865,boost_5y_linear_aligned,True
2023-10-08 04:00:00+00:00,2023-10-14 13:00:00+00:00,2023-10-14 09:00:00-04:00,154,62.0,62.79714162614134,boost_5y_linear_aligned,True
2023-10-08 04:00:00+00:00,2023-10-14 14:00:00+00:00,2023-10-14 10:00:00-04:00,155,64.0,66.12187502263318,boost_5y_linear_aligned,True
2023-10-08 04:00:00+00:00,2023-10-14 15:00:00+00:00,2023-10-14 11:00:00-04:00,156,62.0,68.65960819586033,boost_5y_linear_aligned,True
2023-10-08 04:00:00+00:00,2023-10-14 16:00:00+00:00,2023-10-14 12:00:00-04:00,157,62.0,70.49725652068128,boost_5y_linear_aligned,True
2023-10-08 04:00:00+00:00,2023-10-14 17:00:00+00:00,2023-10-14 13:00:00-04:00,158,63.0,71.8717373448551,boost_5y_linear_aligned,True
2023-10-08 04:00:00+00:00,2023-10-14 18:00:00+00:00,2023-10-14 14:00:00-04:00,159,65.0,72.54892902899367,boost_5y_linear_aligned,True
2023-10-08 04:00:00+00:00,2023-10-14 19:00:00+00:00,2023-10-14 15:00:00-04:00,160,65.0,72.49217212599154,boost_5y_linear_aligned,True
2023-10-08 04:00:00+00:00,2023-10-14 20:00:00+00:00,2023-10-14 16:00:00-04:00,161,67.0,72.14307988876762,boost_5y_linear_aligned,True
2023-10-08 04:00:00+00:00,2023-10-14 21:00:00+00:00,2023-10-14 17:00:00-04:00,162,67.0,70.24451368875958,boost_5y_linear_aligned,True
2023-10-08 04:00:00+00:00,2023-10-14 22:00:00+00:00,2023-10-14 18:00:00-04:00,163,65.0,66.15668344483792,boost_5y_linear_aligned,True
2023-10-08 04:00:00+00:00,2023-10-14 23:00:00+00:00,2023-10-14 19:00:00-04:00,164,62.0,63.69176484153471,boost_5y_linear_aligned,True
2023-10-08 04:00:00+00:00,2023-10-15 00:00:00+00:00,2023-10-14 20:00:00-04:00,165,63.0,62.52168265413192,boost_5y_linear_aligned,True
2023-10-08 04:00:00+00:00,2023-10-15 01:00:00+00:00,2023-10-14 21:00:00-04:00,166,64.0,61.35825016710309,boost_5y_linear_aligned,True
2023-10-08 04:00:00+00:00,2023-10-15 02:00:00+00:00,2023-10-14 22:00:00-04:00,167,64.0,60.41518800748966,boost_5y_linear_aligned,True
2023-10-08 04:00:00+00:00,2023-10-15 03:00:00+00:00,2023-10-14 23:00:00-04:00,168,63.0,59.516417460615656,boost_5y_linear_aligned,True
2023-10-08 04:00:00+00:00,2023-10-15 04:00:00+00:00,2023-10-15 00:00:00-04:00,169,61.0,58.870424804845136,boost_5y_linear_aligned,True
2023-10-08 04:00:00+00:00,2023-10-15 05:00:00+00:00,2023-10-15 01:00:00-04:00,170,59.0,58.513076303996776,boost_5y_linear_aligned,True
2023-10-08 04:00:00+00:00,2023-10-15 06:00:00+00:00,2023-10-15 02:00:00-04:00,171,55.0,57.8388296673698,boost_5y_linear_aligned,True
2023-10-08 04:00:00+00:00,2023-10-15 07:00:00+00:00,2023-10-15 03:00:00-04:00,172,54.0,57.132782816049726,boost_5y_linear_aligned,True
2023-10-08 04:00:00+00:00,2023-10-15 08:00:00+00:00,2023-10-15 04:00:00-04:00,173,52.0,56.688029459077846,boost_5y_linear_aligned,True
2023-10-08 04:00:00+00:00,2023-10-15 09:00:00+00:00,2023-10-15 05:00:00-04:00,174,54.0,56.322932618000046,boost_5y_linear_aligned,True
2023-10-08 04:00:00+00:00,2023-10-15 10:00:00+00:00,2023-10-15 06:00:00-04:00,175,53.0,55.611671317007136,boost_5y_linear_aligned,True
2023-10-08 04:00:00+00:00,2023-10-15 11:00:00+00:00,2023-10-15 07:00:00-04:00,176,54.0,55.769027242332726,boost_5y_linear_aligned,True
2023-10-08 04:00:00+00:00,2023-10-15 12:00:00+00:00,2023-10-15 08:00:00-04:00,177,57.0,58.949057782083095,boost_5y_linear_aligned,True
2023-10-08 04:00:00+00:00,2023-10-15 13:00:00+00:00,2023-10-15 09:00:00-04:00,178,57.0,62.36797227788368,boost_5y_linear_aligned,True
2023-10-08 04:00:00+00:00,2023-10-15 14:00:00+00:00,2023-10-15 10:00:00-04:00,179,58.0,65.93929272258445,boost_5y_linear_aligned,True
2023-10-08 04:00:00+00:00,2023-10-15 15:00:00+00:00,2023-10-15 11:00:00-04:00,180,61.0,68.40902036170924,boost_5y_linear_aligned,True
2023-10-08 04:00:00+00:00,2023-10-15 16:00:00+00:00,2023-10-15 12:00:00-04:00,181,61.0,70.30910600469483,boost_5y_linear_aligned,True
2023-10-08 04:00:00+00:00,2023-10-15 17:00:00+00:00,2023-10-15 13:00:00-04:00,182,63.0,71.69443706724937,boost_5y_linear_aligned,True
2023-10-08 04:00:00+00:00,2023-10-15 18:00:00+00:00,2023-10-15 14:00:00-04:00,183,63.0,72.41098312182466,boost_5y_linear_aligned,True
2023-10-08 04:00:00+00:00,2023-10-15 19:00:00+00:00,2023-10-15 15:00:00-04:00,184,62.0,72.51027178996446,boost_5y_linear_aligned,True
2023-10-08 04:00:00+00:00,2023-10-15 20:00:00+00:00,2023-10-15 16:00:00-04:00,185,62.0,72.01429500733718,boost_5y_linear_aligned,True
2023-10-08 04:00:00+00:00,2023-10-15 21:00:00+00:00,2023-10-15 17:00:00-04:00,186,60.0,69.93105761249741,boost_5y_linear_aligned,True
2023-10-08 04:00:00+00:00,2023-10-15 22:00:00+00:00,2023-10-15 18:00:00-04:00,187,58.0,65.79035595977864,boost_5y_linear_aligned,True
2023-10-08 04:00:00+00:00,2023-10-15 23:00:00+00:00,2023-10-15 19:00:00-04:00,188,57.0,63.125011819109076,boost_5y_linear_aligned,True
2023-10-08 04:00:00+00:00,2023-10-16 00:00:00+00:00,2023-10-15 20:00:00-04:00,189,57.0,61.77067157765178,boost_5y_linear_aligned,True
2023-10-08 04:00:00+00:00,2023-10-16 01:00:00+00:00,2023-10-15 21:00:00-04:00,190,56.0,60.33217512646742,boost_5y_linear_aligned,True
2023-10-08 04:00:00+00:00,2023-10-16 02:00:00+00:00,2023-10-15 22:00:00-04:00,191,58.0,59.544190278242816,boost_5y_linear_aligned,True
2023-10-08 04:00:00+00:00,2023-10-16 03:00:00+00:00,2023-10-15 23:00:00-04:00,192,57.0,58.60954970255455,boost_5y_linear_aligned,True
2023-10-08 04:00:00+00:00,2023-10-16 04:00:00+00:00,2023-10-16 00:00:00-04:00,193,56.0,57.6494940782612,boost_5y_linear_aligned,True
2023-10-08 04:00:00+00:00,2023-10-16 05:00:00+00:00,2023-10-16 01:00:00-04:00,194,55.0,57.21329416266717,boost_5y_linear_aligned,True
2023-10-08 04:00:00+00:00,2023-10-16 06:00:00+00:00,2023-10-16 02:00:00-04:00,195,54.0,56.47928083948695,boost_5y_linear_aligned,True
2023-10-08 04:00:00+00:00,2023-10-16 07:00:00+00:00,2023-10-16 03:00:00-04:00,196,52.0,55.811402997176614,boost_5y_linear_aligned,True
2023-10-08 04:00:00+00:00,2023-10-16 08:00:00+00:00,2023-10-16 04:00:00-04:00,197,51.0,55.3702018727252,boost_5y_linear_aligned,True
2023-10-08 04:00:00+00:00,2023-10-16 09:00:00+00:00,2023-10-16 05:00:00-04:00,198,50.0,54.9395611889664,boost_5y_linear_aligned,True
2023-10-08 04:00:00+00:00,2023-10-16 10:00:00+00:00,2023-10-16 06:00:00-04:00,199,50.0,54.540980365703035,boost_5y_linear_aligned,True
2023-10-08 04:00:00+00:00,2023-10-16 11:00:00+00:00,2023-10-16 07:00:00-04:00,200,49.0,54.93409436518887,boost_5y_linear_aligned,True
2023-10-08 04:00:00+00:00,2023-10-16 12:00:00+00:00,2023-10-16 08:00:00-04:00,201,53.0,58.29089178033003,boost_5y_linear_aligned,True
2023-10-08 04:00:00+00:00,2023-10-16 13:00:00+00:00,2023-10-16 09:00:00-04:00,202,57.0,62.041209591492006,boost_5y_linear_aligned,True
2023-10-08 04:00:00+00:00,2023-10-16 14:00:00+00:00,2023-10-16 10:00:00-04:00,203,60.0,65.75413248036863,boost_5y_linear_aligned,True
2023-10-08 04:00:00+00:00,2023-10-16 15:00:00+00:00,2023-10-16 11:00:00-04:00,204,60.0,68.19622539894308,boost_5y_linear_aligned,True
2023-10-08 04:00:00+00:00,2023-10-16 16:00:00+00:00,2023-10-16 12:00:00-04:00,205,62.0,70.17052750204094,boost_5y_linear_aligned,True
2023-10-08 04:00:00+00:00,2023-10-16 17:00:00+00:00,2023-10-16 13:00:00-04:00,206,61.0,71.54199296869608,boost_5y_linear_aligned,True
2023-10-08 04:00:00+00:00,2023-10-16 18:00:00+00:00,2023-10-16 14:00:00-04:00,207,61.0,72.39650646228706,boost_5y_linear_aligned,True
2023-10-08 04:00:00+00:00,2023-10-16 19:00:00+00:00,2023-10-16 15:00:00-04:00,208,62.0,72.40295210992348,boost_5y_linear_aligned,True
2023-10-08 04:00:00+00:00,2023-10-16 20:00:00+00:00,2023-10-16 16:00:00-04:00,209,60.0,71.93479042826243,boost_5y_linear_aligned,True
2023-10-08 04:00:00+00:00,2023-10-16 21:00:00+00:00,2023-10-16 17:00:00-04:00,210,59.0,69.919019428924,boost_5y_linear_aligned,True
2023-10-08 04:00:00+00:00,2023-10-16 22:00:00+00:00,2023-10-16 18:00:00-04:00,211,57.0,65.61694204183864,boost_5y_linear_aligned,True
2023-10-08 04:00:00+00:00,2023-10-16 23:00:00+00:00,2023-10-16 19:00:00-04:00,212,52.0,62.7387677780219,boost_5y_linear_aligned,True
2023-10-08 04:00:00+00:00,2023-10-17 00:00:00+00:00,2023-10-16 20:00:00-04:00,213,49.0,61.332770614064444,boost_5y_linear_aligned,True
2023-10-08 04:00:00+00:00,2023-10-17 01:00:00+00:00,2023-10-16 21:00:00-04:00,214,50.0,59.93105799631749,boost_5y_linear_aligned,True
2023-10-08 04:00:00+00:00,2023-10-17 02:00:00+00:00,2023-10-16 22:00:00-04:00,215,49.0,59.12808934402353,boost_5y_linear_aligned,True
2023-10-08 04:00:00+00:00,2023-10-17 03:00:00+00:00,2023-10-16 23:00:00-04:00,216,49.0,58.08849525791916,boost_5y_linear_aligned,True
2023-10-08 04:00:00+00:00,2023-10-17 04:00:00+00:00,2023-10-17 00:00:00-04:00,217,49.0,57.399589214180985,boost_5y_linear_aligned,True
2023-10-08 04:00:00+00:00,2023-10-17 05:00:00+00:00,2023-10-17 01:00:00-04:00,218,47.0,56.94004866009439,boost_5y_linear_aligned,True
2023-10-08 04:00:00+00:00,2023-10-17 06:00:00+00:00,2023-10-17 02:00:00-04:00,219,46.0,56.18956418422572,boost_5y_linear_aligned,True
2023-10-08 04:00:00+00:00,2023-10-17 07:00:00+00:00,2023-10-17 03:00:00-04:00,220,48.0,55.482923226970115,boost_5y_linear_aligned,True
2023-10-08 04:00:00+00:00,2023-10-17 08:00:00+00:00,2023-10-17 04:00:00-04:00,221,50.0,55.01324476664827,boost_5y_linear_aligned,True
2023-10-08 04:00:00+00:00,2023-10-17 09:00:00+00:00,2023-10-17 05:00:00-04:00,222,50.0,54.61843831426588,boost_5y_linear_aligned,True
2023-10-08 04:00:00+00:00,2023-10-17 10:00:00+00:00,2023-10-17 06:00:00-04:00,223,50.0,54.235278594103676,boost_5y_linear_aligned,True
2023-10-08 04:00:00+00:00,2023-10-17 11:00:00+00:00,2023-10-17 07:00:00-04:00,224,49.0,54.45489174391494,boost_5y_linear_aligned,True
2023-10-08 04:00:00+00:00,2023-10-17 12:00:00+00:00,2023-10-17 08:00:00-04:00,225,54.0,57.96578014837734,boost_5y_linear_aligned,True
2023-10-08 04:00:00+00:00,2023-10-17 13:00:00+00:00,2023-10-17 09:00:00-04:00,226,58.0,61.90013979900995,boost_5y_linear_aligned,True
2023-10-08 04:00:00+00:00,2023-10-17 14:00:00+00:00,2023-10-17 10:00:00-04:00,227,61.0,65.55062217585852,boost_5y_linear_aligned,True
2023-10-08 04:00:00+00:00,2023-10-17 15:00:00+00:00,2023-10-17 11:00:00-04:00,228,64.0,67.9999809393857,boost_5y_linear_aligned,True
2023-10-08 04:00:00+00:00,2023-10-17 16:00:00+00:00,2023-10-17 12:00:00-04:00,229,66.0,70.01934282700611,boost_5y_linear_aligned,True
2023-10-08 04:00:00+00:00,2023-10-17 17:00:00+00:00,2023-10-17 13:00:00-04:00,230,66.0,71.44605699672705,boost_5y_linear_aligned,True
2023-10-08 04:00:00+00:00,2023-10-17 18:00:00+00:00,2023-10-17 14:00:00-04:00,231,68.0,72.21369694381148,boost_5y_linear_aligned,True
2023-10-08 04:00:00+00:00,2023-10-17 19:00:00+00:00,2023-10-17 15:00:00-04:00,232,67.0,72.14633016878079,boost_5y_linear_aligned,True
2023-10-08 04:00:00+00:00,2023-10-17 20:00:00+00:00,2023-10-17 16:00:00-04:00,233,66.0,71.66796144596876,boost_5y_linear_aligned,True
2023-10-08 04:00:00+00:00,2023-10-17 21:00:00+00:00,2023-10-17 17:00:00-04:00,234,63.0,69.58881730789172,boost_5y_linear_aligned,True
2023-10-08 04:00:00+00:00,2023-10-17 22:00:00+00:00,2023-10-17 18:00:00-04:00,235,61.0,65.14208940522983,boost_5y_linear_aligned,True
2023-10-08 04:00:00+00:00,2023-10-17 23:00:00+00:00,2023-10-17 19:00:00-04:00,236,62.0,62.32821722865113,boost_5y_linear_aligned,True
2023-10-08 04:00:00+00:00,2023-10-18 00:00:00+00:00,2023-10-17 20:00:00-04:00,237,58.0,60.825850772022335,boost_5y_linear_aligned,True
2023-10-08 04:00:00+00:00,2023-10-18 01:00:00+00:00,2023-10-17 21:00:00-04:00,238,57.0,59.50862546993783,boost_5y_linear_aligned,True
2023-10-08 04:00:00+00:00,2023-10-18 02:00:00+00:00,2023-10-17 22:00:00-04:00,239,58.0,58.679508260243445,boost_5y_linear_aligned,True
2023-10-08 04:00:00+00:00,2023-10-18 03:00:00+00:00,2023-10-17 23:00:00-04:00,240,58.0,57.70890433440015,boost_5y_linear_aligned,True
2023-10-08 04:00:00+00:00,2023-10-18 04:00:00+00:00,2023-10-18 00:00:00-04:00,241,57.0,55.29943761330919,boost_5y_linear_aligned,True
2023-10-08 04:00:00+00:00,2023-10-18 05:00:00+00:00,2023-10-18 01:00:00-04:00,242,57.0,54.83958638577691,boost_5y_linear_aligned,True
2023-10-08 04:00:00+00:00,2023-10-18 06:00:00+00:00,2023-10-18 02:00:00-04:00,243,56.0,54.125826829050645,boost_5y_linear_aligned,True
2023-10-08 04:00:00+00:00,2023-10-18 07:00:00+00:00,2023-10-18 03:00:00-04:00,244,57.0,53.39544430462573,boost_5y_linear_aligned,True
2023-10-08 04:00:00+00:00,2023-10-18 08:00:00+00:00,2023-10-18 04:00:00-04:00,245,56.0,53.00244224477931,boost_5y_linear_aligned,True
2023-10-08 04:00:00+00:00,2023-10-18 09:00:00+00:00,2023-10-18 05:00:00-04:00,246,56.0,52.646993311564316,boost_5y_linear_aligned,True
2023-10-08 04:00:00+00:00,2023-10-18 10:00:00+00:00,2023-10-18 06:00:00-04:00,247,55.0,52.32881202168685,boost_5y_linear_aligned,True
2023-10-08 04:00:00+00:00,2023-10-18 11:00:00+00:00,2023-10-18 07:00:00-04:00,248,55.0,52.41952921231791,boost_5y_linear_aligned,True
2023-10-08 04:00:00+00:00,2023-10-18 12:00:00+00:00,2023-10-18 08:00:00-04:00,249,57.0,56.04361556334441,boost_5y_linear_aligned,True
2023-10-08 04:00:00+00:00,2023-10-18 13:00:00+00:00,2023-10-18 09:00:00-04:00,250,60.0,60.07725251356869,boost_5y_linear_aligned,True
2023-10-08 04:00:00+00:00,2023-10-18 14:00:00+00:00,2023-10-18 10:00:00-04:00,251,64.0,63.732601704498784,boost_5y_linear_aligned,True
2023-10-08 04:00:00+00:00,2023-10-18 15:00:00+00:00,2023-10-18 11:00:00-04:00,252,67.0,66.22997391626684,boost_5y_linear_aligned,True
2023-10-08 04:00:00+00:00,2023-10-18 16:00:00+00:00,2023-10-18 12:00:00-04:00,253,68.0,68.32330836805853,boost_5y_linear_aligned,True
2023-10-08 04:00:00+00:00,2023-10-18 17:00:00+00:00,2023-10-18 13:00:00-04:00,254,68.0,69.69943467840042,boost_5y_linear_aligned,True
2023-10-08 04:00:00+00:00,2023-10-18 18:00:00+00:00,2023-10-18 14:00:00-04:00,255,69.0,70.54622259761017,boost_5y_linear_aligned,True
2023-10-08 04:00:00+00:00,2023-10-18 19:00:00+00:00,2023-10-18 15:00:00-04:00,256,67.0,70.58374127281809,boost_5y_linear_aligned,True
2023-10-08 04:00:00+00:00,2023-10-18 20:00:00+00:00,2023-10-18 16:00:00-04:00,257,69.0,70.09159445891584,boost_5y_linear_aligned,True
2023-10-08 04:00:00+00:00,2023-10-18 21:00:00+00:00,2023-10-18 17:00:00-04:00,258,67.0,67.96654443871546,boost_5y_linear_aligned,True
2023-10-08 04:00:00+00:00,2023-10-18 22:00:00+00:00,2023-10-18 18:00:00-04:00,259,63.0,63.543096125761835,boost_5y_linear_aligned,True
2023-10-08 04:00:00+00:00,2023-10-18 23:00:00+00:00,2023-10-18 19:00:00-04:00,260,58.0,60.70666618583163,boost_5y_linear_aligned,True
2023-10-08 04:00:00+00:00,2023-10-19 00:00:00+00:00,2023-10-18 20:00:00-04:00,261,57.0,59.23946654972999,boost_5y_linear_aligned,True
2023-10-08 04:00:00+00:00,2023-10-19 01:00:00+00:00,2023-10-18 21:00:00-04:00,262,57.0,57.94228108714841,boost_5y_linear_aligned,True
2023-10-08 04:00:00+00:00,2023-10-19 02:00:00+00:00,2023-10-18 22:00:00-04:00,263,54.0,57.110394890287594,boost_5y_linear_aligned,True
2023-10-08 04:00:00+00:00,2023-10-19 03:00:00+00:00,2023-10-18 23:00:00-04:00,264,55.0,56.182804903554185,boost_5y_linear_aligned,True
2023-10-08 04:00:00+00:00,2023-10-19 04:00:00+00:00,2023-10-19 00:00:00-04:00,265,52.0,55.331605038570956,boost_5y_linear_aligned,True
2023-10-08 04:00:00+00:00,2023-10-19 05:00:00+00:00,2023-10-19 01:00:00-04:00,266,50.0,54.83291947358344,boost_5y_linear_aligned,True
2023-10-08 04:00:00+00:00,2023-10-19 06:00:00+00:00,2023-10-19 02:00:00-04:00,267,50.0,53.912335577419206,boost_5y_linear_aligned,True
2023-10-08 04:00:00+00:00,2023-10-19 07:00:00+00:00,2023-10-19 03:00:00-04:00,268,48.0,53.29480576893412,boost_5y_linear_aligned,True
2023-10-08 04:00:00+00:00,2023-10-19 08:00:00+00:00,2023-10-19 04:00:00-04:00,269,49.0,52.93053346967013,boost_5y_linear_aligned,True
2023-10-08 04:00:00+00:00,2023-10-19 09:00:00+00:00,2023-10-19 05:00:00-04:00,270,47.0,52.605618218721915,boost_5y_linear_aligned,True
2023-10-08 04:00:00+00:00,2023-10-19 10:00:00+00:00,2023-10-19 06:00:00-04:00,271,47.0,52.2716243186717,boost_5y_linear_aligned,True
2023-10-08 04:00:00+00:00,2023-10-19 11:00:00+00:00,2023-10-19 07:00:00-04:00,272,48.0,52.234661863457504,boost_5y_linear_aligned,True
2023-10-08 04:00:00+00:00,2023-10-19 12:00:00+00:00,2023-10-19 08:00:00-04:00,273,55.0,55.768415013960194,boost_5y_linear_aligned,True
2023-10-08 04:00:00+00:00,2023-10-19 13:00:00+00:00,2023-10-19 09:00:00-04:00,274,62.0,59.74838586728911,boost_5y_linear_aligned,True
2023-10-08 04:00:00+00:00,2023-10-19 14:00:00+00:00,2023-10-19 10:00:00-04:00,275,66.0,63.28375270665962,boost_5y_linear_aligned,True
2023-10-08 04:00:00+00:00,2023-10-19 15:00:00+00:00,2023-10-19 11:00:00-04:00,276,70.0,65.77851407871108,boost_5y_linear_aligned,True
2023-10-08 04:00:00+00:00,2023-10-19 16:00:00+00:00,2023-10-19 12:00:00-04:00,277,71.0,67.87747256427724,boost_5y_linear_aligned,True
2023-10-08 04:00:00+00:00,2023-10-19 17:00:00+00:00,2023-10-19 13:00:00-04:00,278,72.0,69.12971597792047,boost_5y_linear_aligned,True
2023-10-08 04:00:00+00:00,2023-10-19 18:00:00+00:00,2023-10-19 14:00:00-04:00,279,73.0,69.97155040259038,boost_5y_linear_aligned,True
2023-10-08 04:00:00+00:00,2023-10-19 19:00:00+00:00,2023-10-19 15:00:00-04:00,280,72.0,70.03036057780889,boost_5y_linear_aligned,True
2023-10-08 04:00:00+00:00,2023-10-19 20:00:00+00:00,2023-10-19 16:00:00-04:00,281,72.0,69.56876678342232,boost_5y_linear_aligned,True
2023-10-08 04:00:00+00:00,2023-10-19 21:00:00+00:00,2023-10-19 17:00:00-04:00,282,70.0,67.57364934214327,boost_5y_linear_aligned,True
2023-10-08 04:00:00+00:00,2023-10-19 22:00:00+00:00,2023-10-19 18:00:00-04:00,283,65.0,63.20057188499584,boost_5y_linear_aligned,True
2023-10-08 04:00:00+00:00,2023-10-19 23:00:00+00:00,2023-10-19 19:00:00-04:00,284,63.0,60.379817044848316,boost_5y_linear_aligned,True
2023-10-08 04:00:00+00:00,2023-10-20 00:00:00+00:00,2023-10-19 20:00:00-04:00,285,62.0,58.969682976214855,boost_5y_linear_aligned,True
2023-10-08 04:00:00+00:00,2023-10-20 01:00:00+00:00,2023-10-19 21:00:00-04:00,286,59.0,57.68613893372211,boost_5y_linear_aligned,True
2023-10-08 04:00:00+00:00,2023-10-20 02:00:00+00:00,2023-10-19 22:00:00-04:00,287,58.0,56.82640718319582,boost_5y_linear_aligned,True
2023-10-08 04:00:00+00:00,2023-10-20 03:00:00+00:00,2023-10-19 23:00:00-04:00,288,58.0,55.97802342414555,boost_5y_linear_aligned,True
2023-10-08 04:00:00+00:00,2023-10-20 04:00:00+00:00,2023-10-20 00:00:00-04:00,289,59.0,55.12007213146065,boost_5y_linear_aligned,True
2023-10-08 04:00:00+00:00,2023-10-20 05:00:00+00:00,2023-10-20 01:00:00-04:00,290,59.0,54.64626790102574,boost_5y_linear_aligned,True
2023-10-08 04:00:00+00:00,2023-10-20 06:00:00+00:00,2023-10-20 02:00:00-04:00,291,59.0,53.84820380640076,boost_5y_linear_aligned,True
2023-10-08 04:00:00+00:00,2023-10-20 07:00:00+00:00,2023-10-20 03:00:00-04:00,292,59.0,53.24708429632525,boost_5y_linear_aligned,True
2023-10-08 04:00:00+00:00,2023-10-20 08:00:00+00:00,2023-10-20 04:00:00-04:00,293,58.0,52.90699780504542,boost_5y_linear_aligned,True
2023-10-08 04:00:00+00:00,2023-10-20 09:00:00+00:00,2023-10-20 05:00:00-04:00,294,58.0,52.545574527024684,boost_5y_linear_aligned,True
2023-10-08 04:00:00+00:00,2023-10-20 10:00:00+00:00,2023-10-20 06:00:00-04:00,295,57.0,52.201813572862264,boost_5y_linear_aligned,True
2023-10-08 04:00:00+00:00,2023-10-20 11:00:00+00:00,2023-10-20 07:00:00-04:00,296,57.0,52.135111156477166,boost_5y_linear_aligned,True
2023-10-08 04:00:00+00:00,2023-10-20 12:00:00+00:00,2023-10-20 08:00:00-04:00,297,59.0,55.552375583674475,boost_5y_linear_aligned,True
2023-10-08 04:00:00+00:00,2023-10-20 13:00:00+00:00,2023-10-20 09:00:00-04:00,298,64.0,59.469835396172726,boost_5y_linear_aligned,True
2023-10-08 04:00:00+00:00,2023-10-20 14:00:00+00:00,2023-10-20 10:00:00-04:00,299,69.0,62.88884005378188,boost_5y_linear_aligned,True
2023-10-08 04:00:00+00:00,2023-10-20 15:00:00+00:00,2023-10-20 11:00:00-04:00,300,71.0,65.37726039424172,boost_5y_linear_aligned,True
2023-10-08 04:00:00+00:00,2023-10-20 16:00:00+00:00,2023-10-20 12:00:00-04:00,301,69.0,67.56426332105985,boost_5y_linear_aligned,True
2023-10-08 04:00:00+00:00,2023-10-20 17:00:00+00:00,2023-10-20 13:00:00-04:00,302,65.0,68.90083159029575,boost_5y_linear_aligned,True
2023-10-08 04:00:00+00:00,2023-10-20 18:00:00+00:00,2023-10-20 14:00:00-04:00,303,67.0,69.77389076736975,boost_5y_linear_aligned,True
2023-10-08 04:00:00+00:00,2023-10-20 19:00:00+00:00,2023-10-20 15:00:00-04:00,304,70.0,69.9573757692985,boost_5y_linear_aligned,True
2023-10-08 04:00:00+00:00,2023-10-20 20:00:00+00:00,2023-10-20 16:00:00-04:00,305,67.0,69.43670076489425,boost_5y_linear_aligned,True
2023-10-08 04:00:00+00:00,2023-10-20 21:00:00+00:00,2023-10-20 17:00:00-04:00,306,67.0,67.41189594780899,boost_5y_linear_aligned,True
2023-10-08 04:00:00+00:00,2023-10-20 22:00:00+00:00,2023-10-20 18:00:00-04:00,307,63.0,62.8845621640679,boost_5y_linear_aligned,True
2023-10-08 04:00:00+00:00,2023-10-20 23:00:00+00:00,2023-10-20 19:00:00-04:00,308,56.0,60.107686871370426,boost_5y_linear_aligned,True
2023-10-08 04:00:00+00:00,2023-10-21 00:00:00+00:00,2023-10-20 20:00:00-04:00,309,55.0,58.57427769007858,boost_5y_linear_aligned,True
2023-10-08 04:00:00+00:00,2023-10-21 01:00:00+00:00,2023-10-20 21:00:00-04:00,310,55.0,57.348195086639876,boost_5y_linear_aligned,True
2023-10-08 04:00:00+00:00,2023-10-21 02:00:00+00:00,2023-10-20 22:00:00-04:00,311,54.0,56.399014357520116,boost_5y_linear_aligned,True
2023-10-08 04:00:00+00:00,2023-10-21 03:00:00+00:00,2023-10-20 23:00:00-04:00,312,54.0,55.47861783232643,boost_5y_linear_aligned,True
2023-10-08 04:00:00+00:00,2023-10-21 04:00:00+00:00,2023-10-21 00:00:00-04:00,313,53.0,55.089082467276,boost_5y_linear_aligned,True
2023-10-08 04:00:00+00:00,2023-10-21 05:00:00+00:00,2023-10-21 01:00:00-04:00,314,53.0,54.44914591676086,boost_5y_linear_aligned,True
2023-10-08 04:00:00+00:00,2023-10-21 06:00:00+00:00,2023-10-21 02:00:00-04:00,315,53.0,53.717949672770416,boost_5y_linear_aligned,True
2023-10-08 04:00:00+00:00,2023-10-21 07:00:00+00:00,2023-10-21 03:00:00-04:00,316,52.0,53.106735693700905,boost_5y_linear_aligned,True
2023-10-08 04:00:00+00:00,2023-10-21 08:00:00+00:00,2023-10-21 04:00:00-04:00,317,52.0,52.73550412673057,boost_5y_linear_aligned,True
2023-10-08 04:00:00+00:00,2023-10-21 09:00:00+00:00,2023-10-21 05:00:00-04:00,318,50.0,52.36209279162872,boost_5y_linear_aligned,True
2023-10-08 04:00:00+00:00,2023-10-21 10:00:00+00:00,2023-10-21 06:00:00-04:00,319,50.0,51.961184348318625,boost_5y_linear_aligned,True
2023-10-08 04:00:00+00:00,2023-10-21 11:00:00+00:00,2023-10-21 07:00:00-04:00,320,51.0,51.939637427563206,boost_5y_linear_aligned,True
2023-10-08 04:00:00+00:00,2023-10-21 12:00:00+00:00,2023-10-21 08:00:00-04:00,321,54.0,55.43877806483493,boost_5y_linear_aligned,True
2023-10-08 04:00:00+00:00,2023-10-21 13:00:00+00:00,2023-10-21 09:00:00-04:00,322,58.0,59.36880952787088,boost_5y_linear_aligned,True
2023-10-08 04:00:00+00:00,2023-10-21 14:00:00+00:00,2023-10-21 10:00:00-04:00,323,62.0,62.886035209952674,boost_5y_linear_aligned,True
2023-10-08 04:00:00+00:00,2023-10-21 15:00:00+00:00,2023-10-21 11:00:00-04:00,324,64.0,65.59155013142244,boost_5y_linear_aligned,True
2023-10-08 04:00:00+00:00,2023-10-21 16:00:00+00:00,2023-10-21 12:00:00-04:00,325,64.0,67.83725175831451,boost_5y_linear_aligned,True
2023-10-08 04:00:00+00:00,2023-10-21 17:00:00+00:00,2023-10-21 13:00:00-04:00,326,67.0,69.17195106418032,boost_5y_linear_aligned,True
2023-10-08 04:00:00+00:00,2023-10-21 18:00:00+00:00,2023-10-21 14:00:00-04:00,327,68.0,70.02729851883282,boost_5y_linear_aligned,True
2023-10-08 04:00:00+00:00,2023-10-21 19:00:00+00:00,2023-10-21 15:00:00-04:00,328,69.0,70.20893705732047,boost_5y_linear_aligned,True
2023-10-08 04:00:00+00:00,2023-10-21 20:00:00+00:00,2023-10-21 16:00:00-04:00,329,69.0,69.61872304086967,boost_5y_linear_aligned,True
2023-10-08 04:00:00+00:00,2023-10-21 21:00:00+00:00,2023-10-21 17:00:00-04:00,330,67.0,67.50743068469713,boost_5y_linear_aligned,True
2023-10-08 04:00:00+00:00,2023-10-21 22:00:00+00:00,2023-10-21 18:00:00-04:00,331,62.0,63.05716121722866,boost_5y_linear_aligned,True
2023-10-08 04:00:00+00:00,2023-10-21 23:00:00+00:00,2023-10-21 19:00:00-04:00,332,57.0,60.32385210458131,boost_5y_linear_aligned,True
2023-10-08 04:00:00+00:00,2023-10-22 00:00:00+00:00,2023-10-21 20:00:00-04:00,333,57.0,58.794047969210354,boost_5y_linear_aligned,True
2023-10-08 04:00:00+00:00,2023-10-22 01:00:00+00:00,2023-10-21 21:00:00-04:00,334,55.0,57.59803198028677,boost_5y_linear_aligned,True
2023-10-08 04:00:00+00:00,2023-10-22 02:00:00+00:00,2023-10-21 22:00:00-04:00,335,55.0,56.65338368369085,boost_5y_linear_aligned,True
2023-10-08 04:00:00+00:00,2023-10-22 03:00:00+00:00,2023-10-21 23:00:00-04:00,336,57.0,55.654600409594266,boost_5y_linear_aligned,True
