origin_utc,time_utc,time_local,lead,observed_f,predicted_f,model,scored
2021-08-27 04:00:00+00:00,2021-08-27 04:00:00+00:00,2021-08-27 00:00:00-04:00,1,77.0,75.49712008669289,boost_5y_absolute,True
2021-08-27 04:00:00+00:00,2021-08-27 05:00:00+00:00,2021-08-27 01:00:00-04:00,2,77.0,74.65701184478318,boost_5y_absolute,True
2021-08-27 04:00:00+00:00,2021-08-27 06:00:00+00:00,2021-08-27 02:00:00-04:00,3,75.0,73.82662361742705,boost_5y_absolute,True
2021-08-27 04:00:00+00:00,2021-08-27 07:00:00+00:00,2021-08-27 03:00:00-04:00,4,73.0,73.88140574761015,boost_5y_absolute,True
2021-08-27 04:00:00+00:00,2021-08-27 08:00:00+00:00,2021-08-27 04:00:00-04:00,5,72.0,73.44642308340686,boost_5y_absolute,True
2021-08-27 04:00:00+00:00,2021-08-27 09:00:00+00:00,2021-08-27 05:00:00-04:00,6,73.0,72.76208389740754,boost_5y_absolute,True
2021-08-27 04:00:00+00:00,2021-08-27 10:00:00+00:00,2021-08-27 06:00:00-04:00,7,72.0,72.42501198654135,boost_5y_absolute,True
2021-08-27 04:00:00+00:00,2021-08-27 11:00:00+00:00,2021-08-27 07:00:00-04:00,8,74.0,74.36847903604802,boost_5y_absolute,True
2021-08-27 04:00:00+00:00,2021-08-27 12:00:00+00:00,2021-08-27 08:00:00-04:00,9,78.0,78.74029469063065,boost_5y_absolute,True
2021-08-27 04:00:00+00:00,2021-08-27 13:00:00+00:00,2021-08-27 09:00:00-04:00,10,83.0,81.61624091653682,boost_5y_absolute,True
2021-08-27 04:00:00+00:00,2021-08-27 14:00:00+00:00,2021-08-27 10:00:00-04:00,11,85.0,84.09634110605852,boost_5y_absolute,True
2021-08-27 04:00:00+00:00,2021-08-27 15:00:00+00:00,2021-08-27 11:00:00-04:00,12,87.0,86.13792754278454,boost_5y_absolute,True
2021-08-27 04:00:00+00:00,2021-08-27 16:00:00+00:00,2021-08-27 12:00:00-04:00,13,89.0,87.30594466786343,boost_5y_absolute,True
2021-08-27 04:00:00+00:00,2021-08-27 17:00:00+00:00,2021-08-27 13:00:00-04:00,14,90.0,88.8373301478653,boost_5y_absolute,True
2021-08-27 04:00:00+00:00,2021-08-27 18:00:00+00:00,2021-08-27 14:00:00-04:00,15,92.0,89.2432703592594,boost_5y_absolute,True
2021-08-27 04:00:00+00:00,2021-08-27 19:00:00+00:00,2021-08-27 15:00:00-04:00,16,93.0,88.8385880478756,boost_5y_absolute,True
2021-08-27 04:00:00+00:00,2021-08-27 20:00:00+00:00,2021-08-27 16:00:00-04:00,17,92.0,88.44856474932823,boost_5y_absolute,True
2021-08-27 04:00:00+00:00,2021-08-27 21:00:00+00:00,2021-08-27 17:00:00-04:00,18,90.0,87.65652859649752,boost_5y_absolute,True
2021-08-27 04:00:00+00:00,2021-08-27 22:00:00+00:00,2021-08-27 18:00:00-04:00,19,88.0,85.54237128507283,boost_5y_absolute,True
2021-08-27 04:00:00+00:00,2021-08-27 23:00:00+00:00,2021-08-27 19:00:00-04:00,20,85.0,82.31081415329115,boost_5y_absolute,True
2021-08-27 04:00:00+00:00,2021-08-28 00:00:00+00:00,2021-08-27 20:00:00-04:00,21,82.0,79.94965261225565,boost_5y_absolute,True
2021-08-27 04:00:00+00:00,2021-08-28 01:00:00+00:00,2021-08-27 21:00:00-04:00,22,81.0,79.06481041536063,boost_5y_absolute,True
2021-08-27 04:00:00+00:00,2021-08-28 02:00:00+00:00,2021-08-27 22:00:00-04:00,23,78.0,78.15851195037772,boost_5y_absolute,True
2021-08-27 04:00:00+00:00,2021-08-28 03:00:00+00:00,2021-08-27 23:00:00-04:00,24,78.0,77.23129183862854,boost_5y_absolute,True
2021-08-27 04:00:00+00:00,2021-08-28 04:00:00+00:00,2021-08-28 00:00:00-04:00,25,76.0,77.80428677091547,boost_5y_absolute,True
2021-08-27 04:00:00+00:00,2021-08-28 05:00:00+00:00,2021-08-28 01:00:00-04:00,26,76.0,76.85818585908368,boost_5y_absolute,True
2021-08-27 04:00:00+00:00,2021-08-28 06:00:00+00:00,2021-08-28 02:00:00-04:00,27,76.0,76.0643873206696,boost_5y_absolute,True
2021-08-27 04:00:00+00:00,2021-08-28 07:00:00+00:00,2021-08-28 03:00:00-04:00,28,75.0,75.60389433331346,boost_5y_absolute,True
2021-08-27 04:00:00+00:00,2021-08-28 08:00:00+00:00,2021-08-28 04:00:00-04:00,29,74.0,75.11401882476096,boost_5y_absolute,True
2021-08-27 04:00:00+00:00,2021-08-28 09:00:00+00:00,2021-08-28 05:00:00-04:00,30,73.0,74.50012002953578,boost_5y_absolute,True
2021-08-27 04:00:00+00:00,2021-08-28 10:00:00+00:00,2021-08-28 06:00:00-04:00,31,73.0,74.15109798020362,boost_5y_absolute,True
2021-08-27 04:00:00+00:00,2021-08-28 11:00:00+00:00,2021-08-28 07:00:00-04:00,32,76.0,75.85760772584348,boost_5y_absolute,True
2021-08-27 04:00:00+00:00,2021-08-28 12:00:00+00:00,2021-08-28 08:00:00-04:00,33,80.0,79.21875661228253,boost_5y_absolute,True
2021-08-27 04:00:00+00:00,2021-08-28 13:00:00+00:00,2021-08-28 09:00:00-04:00,34,84.0,82.14449916478371,boost_5y_absolute,True
2021-08-27 04:00:00+00:00,2021-08-28 14:00:00+00:00,2021-08-28 10:00:00-04:00,35,87.0,84.4132612067862,boost_5y_absolute,True
2021-08-27 04:00:00+00:00,2021-08-28 15:00:00+00:00,2021-08-28 11:00:00-04:00,36,89.0,86.45784314118347,boost_5y_absolute,True
2021-08-27 04:00:00+00:00,2021-08-28 16:00:00+00:00,2021-08-28 12:00:00-04:00,37,92.0,87.5509308479118,boost_5y_absolute,True
2021-08-27 04:00:00+00:00,2021-08-28 17:00:00+00:00,2021-08-28 13:00:00-04:00,38,94.0,89.01488002799464,boost_5y_absolute,True
2021-08-27 04:00:00+00:00,2021-08-28 18:00:00+00:00,2021-08-28 14:00:00-04:00,39,94.0,89.25348019839213,boost_5y_absolute,True
2021-08-27 04:00:00+00:00,2021-08-28 19:00:00+00:00,2021-08-28 15:00:00-04:00,40,94.0,88.94769231782173,boost_5y_absolute,True
2021-08-27 04:00:00+00:00,2021-08-28 20:00:00+00:00,2021-08-28 16:00:00-04:00,41,93.0,88.43321664069238,boost_5y_absolute,True
2021-08-27 04:00:00+00:00,2021-08-28 21:00:00+00:00,2021-08-28 17:00:00-04:00,42,92.0,87.51847908457883,boost_5y_absolute,True
2021-08-27 04:00:00+00:00,2021-08-28 22:00:00+00:00,2021-08-28 18:00:00-04:00,43,90.0,85.32322107220612,boost_5y_absolute,True
2021-08-27 04:00:00+00:00,2021-08-28 23:00:00+00:00,2021-08-28 19:00:00-04:00,44,86.0,82.12406108899056,boost_5y_absolute,True
2021-08-27 04:00:00+00:00,2021-08-29 00:00:00+00:00,2021-08-28 20:00:00-04:00,45,82.0,79.76206148789329,boost_5y_absolute,True
2021-08-27 04:00:00+00:00,2021-08-29 01:00:00+00:00,2021-08-28 21:00:00-04:00,46,79.0,78.90649874757388,boost_5y_absolute,True
2021-08-27 04:00:00+00:00,2021-08-29 02:00:00+00:00,2021-08-28 22:00:00-04:00,47,80.0,78.06191054550317,boost_5y_absolute,True
2021-08-27 04:00:00+00:00,2021-08-29 03:00:00+00:00,2021-08-28 23:00:00-04:00,48,78.0,77.17905378113772,boost_5y_absolute,True
2021-08-27 04:00:00+00:00,2021-08-29 04:00:00+00:00,2021-08-29 00:00:00-04:00,49,77.0,76.04714776363072,boost_5y_absolute,True
2021-08-27 04:00:00+00:00,2021-08-29 05:00:00+00:00,2021-08-29 01:00:00-04:00,50,78.0,75.20355653637034,boost_5y_absolute,True
2021-08-27 04:00:00+00:00,2021-08-29 06:00:00+00:00,2021-08-29 02:00:00-04:00,51,76.0,74.42098665812267,boost_5y_absolute,True
2021-08-27 04:00:00+00:00,2021-08-29 07:00:00+00:00,2021-08-29 03:00:00-04:00,52,73.0,74.0470429011926,boost_5y_absolute,True
2021-08-27 04:00:00+00:00,2021-08-29 08:00:00+00:00,2021-08-29 04:00:00-04:00,53,74.0,73.49625504940941,boost_5y_absolute,True
2021-08-27 04:00:00+00:00,2021-08-29 09:00:00+00:00,2021-08-29 05:00:00-04:00,54,75.0,72.92576413874313,boost_5y_absolute,True
2021-08-27 04:00:00+00:00,2021-08-29 10:00:00+00:00,2021-08-29 06:00:00-04:00,55,72.0,72.63582890161413,boost_5y_absolute,True
2021-08-27 04:00:00+00:00,2021-08-29 11:00:00+00:00,2021-08-29 07:00:00-04:00,56,75.0,74.28972421521158,boost_5y_absolute,True
2021-08-27 04:00:00+00:00,2021-08-29 12:00:00+00:00,2021-08-29 08:00:00-04:00,57,79.0,77.39583819251285,boost_5y_absolute,True
2021-08-27 04:00:00+00:00,2021-08-29 13:00:00+00:00,2021-08-29 09:00:00-04:00,58,82.0,79.30853603997812,boost_5y_absolute,True
2021-08-27 04:00:00+00:00,2021-08-29 14:00:00+00:00,2021-08-29 10:00:00-04:00,59,86.0,81.82320908589965,boost_5y_absolute,True
2021-08-27 04:00:00+00:00,2021-08-29 15:00:00+00:00,2021-08-29 11:00:00-04:00,60,89.0,83.97530512497987,boost_5y_absolute,True
2021-08-27 04:00:00+00:00,2021-08-29 16:00:00+00:00,2021-08-29 12:00:00-04:00,61,92.0,85.2741228215264,boost_5y_absolute,True
2021-08-27 04:00:00+00:00,2021-08-29 17:00:00+00:00,2021-08-29 13:00:00-04:00,62,92.0,86.75456072985442,boost_5y_absolute,True
2021-08-27 04:00:00+00:00,2021-08-29 18:00:00+00:00,2021-08-29 14:00:00-04:00,63,94.0,86.96604643512046,boost_5y_absolute,True
2021-08-27 04:00:00+00:00,2021-08-29 19:00:00+00:00,2021-08-29 15:00:00-04:00,64,94.0,86.49337601094514,boost_5y_absolute,True
2021-08-27 04:00:00+00:00,2021-08-29 20:00:00+00:00,2021-08-29 16:00:00-04:00,65,92.0,85.95101404765916,boost_5y_absolute,True
2021-08-27 04:00:00+00:00,2021-08-29 21:00:00+00:00,2021-08-29 17:00:00-04:00,66,93.0,85.00282163124444,boost_5y_absolute,True
2021-08-27 04:00:00+00:00,2021-08-29 22:00:00+00:00,2021-08-29 18:00:00-04:00,67,91.0,82.84590793313383,boost_5y_absolute,True
2021-08-27 04:00:00+00:00,2021-08-29 23:00:00+00:00,2021-08-29 19:00:00-04:00,68,85.0,79.83876477075204,boost_5y_absolute,True
2021-08-27 04:00:00+00:00,2021-08-30 00:00:00+00:00,2021-08-29 20:00:00-04:00,69,81.0,77.43891506401414,boost_5y_absolute,True
2021-08-27 04:00:00+00:00,2021-08-30 01:00:00+00:00,2021-08-29 21:00:00-04:00,70,80.0,76.43919037045885,boost_5y_absolute,True
2021-08-27 04:00:00+00:00,2021-08-30 02:00:00+00:00,2021-08-29 22:00:00-04:00,71,78.0,75.65184666357766,boost_5y_absolute,True
2021-08-27 04:00:00+00:00,2021-08-30 03:00:00+00:00,2021-08-29 23:00:00-04:00,72,77.0,74.75781878935727,boost_5y_absolute,True
2021-08-27 04:00:00+00:00,2021-08-30 04:00:00+00:00,2021-08-30 00:00:00-04:00,73,76.0,73.73695823155705,boost_5y_absolute,True
2021-08-27 04:00:00+00:00,2021-08-30 05:00:00+00:00,2021-08-30 01:00:00-04:00,74,76.0,72.90397515717778,boost_5y_absolute,True
2021-08-27 04:00:00+00:00,2021-08-30 06:00:00+00:00,2021-08-30 02:00:00-04:00,75,75.0,72.22171524013993,boost_5y_absolute,True
2021-08-27 04:00:00+00:00,2021-08-30 07:00:00+00:00,2021-08-30 03:00:00-04:00,76,74.0,71.67205913769105,boost_5y_absolute,True
2021-08-27 04:00:00+00:00,2021-08-30 08:00:00+00:00,2021-08-30 04:00:00-04:00,77,74.0,71.02238848493057,boost_5y_absolute,True
2021-08-27 04:00:00+00:00,2021-08-30 09:00:00+00:00,2021-08-30 05:00:00-04:00,78,73.0,70.55138736094422,boost_5y_absolute,True
2021-08-27 04:00:00+00:00,2021-08-30 10:00:00+00:00,2021-08-30 06:00:00-04:00,79,73.0,70.27714669603269,boost_5y_absolute,True
2021-08-27 04:00:00+00:00,2021-08-30 11:00:00+00:00,2021-08-30 07:00:00-04:00,80,75.0,72.01093577521407,boost_5y_absolute,True
2021-08-27 04:00:00+00:00,2021-08-30 12:00:00+00:00,2021-08-30 08:00:00-04:00,81,80.0,75.28191840842459,boost_5y_absolute,True
2021-08-27 04:00:00+00:00,2021-08-30 13:00:00+00:00,2021-08-30 09:00:00-04:00,82,84.0,78.23605342194172,boost_5y_absolute,True
2021-08-27 04:00:00+00:00,2021-08-30 14:00:00+00:00,2021-08-30 10:00:00-04:00,83,88.0,80.82465982448277,boost_5y_absolute,True
2021-08-27 04:00:00+00:00,2021-08-30 15:00:00+00:00,2021-08-30 11:00:00-04:00,84,90.0,83.0268169062693,boost_5y_absolute,True
2021-08-27 04:00:00+00:00,2021-08-30 16:00:00+00:00,2021-08-30 12:00:00-04:00,85,93.0,84.3111142206834,boost_5y_absolute,True
2021-08-27 04:00:00+00:00,2021-08-30 17:00:00+00:00,2021-08-30 13:00:00-04:00,86,95.0,85.76620411062514,boost_5y_absolute,True
2021-08-27 04:00:00+00:00,2021-08-30 18:00:00+00:00,2021-08-30 14:00:00-04:00,87,96.0,85.9660106879388,boost_5y_absolute,True
2021-08-27 04:00:00+00:00,2021-08-30 19:00:00+00:00,2021-08-30 15:00:00-04:00,88,96.0,85.7425241978764,boost_5y_absolute,True
2021-08-27 04:00:00+00:00,2021-08-30 20:00:00+00:00,2021-08-30 16:00:00-04:00,89,95.0,85.19476224035073,boost_5y_absolute,True
2021-08-27 04:00:00+00:00,2021-08-30 21:00:00+00:00,2021-08-30 17:00:00-04:00,90,94.0,84.13892280064205,boost_5y_absolute,True
2021-08-27 04:00:00+00:00,2021-08-30 22:00:00+00:00,2021-08-30 18:00:00-04:00,91,91.0,81.97488944520212,boost_5y_absolute,True
2021-08-27 04:00:00+00:00,2021-08-30 23:00:00+00:00,2021-08-30 19:00:00-04:00,92,84.0,78.78959110845746,boost_5y_absolute,True
2021-08-27 04:00:00+00:00,2021-08-31 00:00:00+00:00,2021-08-30 20:00:00-04:00,93,82.0,76.384685829354,boost_5y_absolute,True
2021-08-27 04:00:00+00:00,2021-08-31 01:00:00+00:00,2021-08-30 21:00:00-04:00,94,80.0,75.34656262155052,boost_5y_absolute,True
2021-08-27 04:00:00+00:00,2021-08-31 02:00:00+00:00,2021-08-30 22:00:00-04:00,95,80.0,74.46621726005887,boost_5y_absolute,True
2021-08-27 04:00:00+00:00,2021-08-31 03:00:00+00:00,2021-08-30 23:00:00-04:00,96,79.0,73.58208023842879,boost_5y_absolute,True
2021-08-27 04:00:00+00:00,2021-08-31 04:00:00+00:00,2021-08-31 00:00:00-04:00,97,76.0,72.16231461063076,boost_5y_absolute,True
2021-08-27 04:00:00+00:00,2021-08-31 05:00:00+00:00,2021-08-31 01:00:00-04:00,98,74.0,71.46439309294153,boost_5y_absolute,True
2021-08-27 04:00:00+00:00,2021-08-31 06:00:00+00:00,2021-08-31 02:00:00-04:00,99,73.0,70.86332618479152,boost_5y_absolute,True
2021-08-27 04:00:00+00:00,2021-08-31 07:00:00+00:00,2021-08-31 03:00:00-04:00,100,72.0,70.29829632503008,boost_5y_absolute,True
2021-08-27 04:00:00+00:00,2021-08-31 08:00:00+00:00,2021-08-31 04:00:00-04:00,101,73.0,69.80098542084296,boost_5y_absolute,True
2021-08-27 04:00:00+00:00,2021-08-31 09:00:00+00:00,2021-08-31 05:00:00-04:00,102,73.0,69.32942086653678,boost_5y_absolute,True
2021-08-27 04:00:00+00:00,2021-08-31 10:00:00+00:00,2021-08-31 06:00:00-04:00,103,72.0,69.00937402725985,boost_5y_absolute,True
2021-08-27 04:00:00+00:00,2021-08-31 11:00:00+00:00,2021-08-31 07:00:00-04:00,104,75.0,70.95128426108961,boost_5y_absolute,True
2021-08-27 04:00:00+00:00,2021-08-31 12:00:00+00:00,2021-08-31 08:00:00-04:00,105,79.0,74.09452028633225,boost_5y_absolute,True
2021-08-27 04:00:00+00:00,2021-08-31 13:00:00+00:00,2021-08-31 09:00:00-04:00,106,83.0,77.17335456253477,boost_5y_absolute,True
2021-08-27 04:00:00+00:00,2021-08-31 14:00:00+00:00,2021-08-31 10:00:00-04:00,107,88.0,79.8390340389583,boost_5y_absolute,True
2021-08-27 04:00:00+00:00,2021-08-31 15:00:00+00:00,2021-08-31 11:00:00-04:00,108,88.0,82.11952594547179,boost_5y_absolute,True
2021-08-27 04:00:00+00:00,2021-08-31 16:00:00+00:00,2021-08-31 12:00:00-04:00,109,93.0,83.37221301165893,boost_5y_absolute,True
2021-08-27 04:00:00+00:00,2021-08-31 17:00:00+00:00,2021-08-31 13:00:00-04:00,110,94.0,84.84385931064936,boost_5y_absolute,True
2021-08-27 04:00:00+00:00,2021-08-31 18:00:00+00:00,2021-08-31 14:00:00-04:00,111,92.0,85.03453862400677,boost_5y_absolute,True
2021-08-27 04:00:00+00:00,2021-08-31 19:00:00+00:00,2021-08-31 15:00:00-04:00,112,90.0,85.0042695293368,boost_5y_absolute,True
2021-08-27 04:00:00+00:00,2021-08-31 20:00:00+00:00,2021-08-31 16:00:00-04:00,113,92.0,84.40718768271091,boost_5y_absolute,True
2021-08-27 04:00:00+00:00,2021-08-31 21:00:00+00:00,2021-08-31 17:00:00-04:00,114,88.0,83.35083332764289,boost_5y_absolute,True
2021-08-27 04:00:00+00:00,2021-08-31 22:00:00+00:00,2021-08-31 18:00:00-04:00,115,87.0,81.10285509056352,boost_5y_absolute,True
2021-08-27 04:00:00+00:00,2021-08-31 23:00:00+00:00,2021-08-31 19:00:00-04:00,116,84.0,77.90368504322072,boost_5y_absolute,True
2021-08-27 04:00:00+00:00,2021-09-01 00:00:00+00:00,2021-08-31 20:00:00-04:00,117,83.0,75.43975198265476,boost_5y_absolute,True
2021-08-27 04:00:00+00:00,2021-09-01 01:00:00+00:00,2021-08-31 21:00:00-04:00,118,82.0,74.48680860820292,boost_5y_absolute,True
2021-08-27 04:00:00+00:00,2021-09-01 02:00:00+00:00,2021-08-31 22:00:00-04:00,119,80.0,73.56303909812571,boost_5y_absolute,True
2021-08-27 04:00:00+00:00,2021-09-01 03:00:00+00:00,2021-08-31 23:00:00-04:00,120,79.0,72.686008645561,boost_5y_absolute,True
2021-08-27 04:00:00+00:00,2021-09-01 04:00:00+00:00,2021-09-01 00:00:00-04:00,121,78.0,71.85534480002278,boost_5y_absolute,True
2021-08-27 04:00:00+00:00,2021-09-01 05:00:00+00:00,2021-09-01 01:00:00-04:00,122,77.0,71.13446366858297,boost_5y_absolute,True
2021-08-27 04:00:00+00:00,2021-09-01 06:00:00+00:00,2021-09-01 02:00:00-04:00,123,77.0,70.40347654459845,boost_5y_absolute,True
2021-08-27 04:00:00+00:00,2021-09-01 07:00:00+00:00,2021-09-01 03:00:00-04:00,124,77.0,69.81422089424134,boost_5y_absolute,True
2021-08-27 04:00:00+00:00,2021-09-01 08:00:00+00:00,2021-09-01 04:00:00-04:00,125,78.0,69.34669961638558,boost_5y_absolute,True
2021-08-27 04:00:00+00:00,2021-09-01 09:00:00+00:00,2021-09-01 05:00:00-04:00,126,78.0,68.83751194909055,boost_5y_absolute,True
2021-08-27 04:00:00+00:00,2021-09-01 10:00:00+00:00,2021-09-01 06:00:00-04:00,127,78.0,68.60314291340474,boost_5y_absolute,True
2021-08-27 04:00:00+00:00,2021-09-01 11:00:00+00:00,2021-09-01 07:00:00-04:00,128,78.0,70.52401805721087,boost_5y_absolute,True
2021-08-27 04:00:00+00:00,2021-09-01 12:00:00+00:00,2021-09-01 08:00:00-04:00,129,80.0,73.998728606865,boost_5y_absolute,True
2021-08-27 04:00:00+00:00,2021-09-01 13:00:00+00:00,2021-09-01 09:00:00-04:00,130,80.0,77.1896049685238,boost_5y_absolute,True
2021-08-27 04:00:00+00:00,2021-09-01 14:00:00+00:00,2021-09-01 10:00:00-04:00,131,83.0,79.85232229717035,boost_5y_absolute,True
2021-08-27 04:00:00+00:00,2021-09-01 15:00:00+00:00,2021-09-01 11:00:00-04:00,132,83.0,82.16056732133003,boost_5y_absolute,True
2021-08-27 04:00:00+00:00,2021-09-01 16:00:00+00:00,2021-09-01 12:00:00-04:00,133,84.0,83.4475193333336,boost_5y_absolute,True
2021-08-27 04:00:00+00:00,2021-09-01 17:00:00+00:00,2021-09-01 13:00:00-04:00,134,82.0,84.90953807865908,boost_5y_absolute,True
2021-08-27 04:00:00+00:00,2021-09-01 18:00:00+00:00,2021-09-01 14:00:00-04:00,135,84.0,85.0318034445978,boost_5y_absolute,True
2021-08-27 04:00:00+00:00,2021-09-01 19:00:00+00:00,2021-09-01 15:00:00-04:00,136,80.0,84.93381400730229,boost_5y_absolute,True
2021-08-27 04:00:00+00:00,2021-09-01 20:00:00+00:00,2021-09-01 16:00:00-04:00,137,81.0,84.30685474308352,boost_5y_absolute,True
2021-08-27 04:00:00+00:00,2021-09-01 21:00:00+00:00,2021-09-01 17:00:00-04:00,138,80.0,83.24700041252056,boost_5y_absolute,True
2021-08-27 04:00:00+00:00,2021-09-01 22:00:00+00:00,2021-09-01 18:00:00-04:00,139,80.0,80.9973435515121,boost_5y_absolute,True
2021-08-27 04:00:00+00:00,2021-09-01 23:00:00+00:00,2021-09-01 19:00:00-04:00,140,79.0,77.63195004589981,boost_5y_absolute,True
2021-08-27 04:00:00+00:00,2021-09-02 00:00:00+00:00,2021-09-01 20:00:00-04:00,141,75.0,75.14501186896088,boost_5y_absolute,True
2021-08-27 04:00:00+00:00,2021-09-02 01:00:00+00:00,2021-09-01 21:00:00-04:00,142,73.0,74.13888313655666,boost_5y_absolute,True
2021-08-27 04:00:00+00:00,2021-09-02 02:00:00+00:00,2021-09-01 22:00:00-04:00,143,73.0,73.26361996110944,boost_5y_absolute,True
2021-08-27 04:00:00+00:00,2021-09-02 03:00:00+00:00,2021-09-01 23:00:00-04:00,144,69.0,72.30092541657486,boost_5y_absolute,True
2021-08-27 04:00:00+00:00,2021-09-02 04:00:00+00:00,2021-09-02 00:00:00-04:00,145,68.0,71.66319766792604,boost_5y_absolute,True
2021-08-27 04:00:00+00:00,2021-09-02 05:00:00+00:00,2021-09-02 01:00:00-04:00,146,68.0,70.84080739171208,boost_5y_absolute,True
2021-08-27 04:00:00+00:00,2021-09-02 06:00:00+00:00,2021-09-02 02:00:00-04:00,147,68.0,70.05195011073306,boost_5y_absolute,True
2021-08-27 04:00:00+00:00,2021-09-02 07:00:00+00:00,2021-09-02 03:00:00-04:00,148,69.0,69.43883848358422,boost_5y_absolute,True
2021-08-27 04:00:00+00:00,2021-09-02 08:00:00+00:00,2021-09-02 04:00:00-04:00,149,68.0,69.00147154506506,boost_5y_absolute,True
2021-08-27 04:00:00+00:00,2021-09-02 09:00:00+00:00,2021-09-02 05:00:00-04:00,150,68.0,68.51487200866896,boost_5y_absolute,True
2021-08-27 04:00:00+00:00,2021-09-02 10:00:00+00:00,2021-09-02 06:00:00-04:00,151,68.0,68.24586861390867,boost_5y_absolute,True
2021-08-27 04:00:00+00:00,2021-09-02 11:00:00+00:00,2021-09-02 07:00:00-04:00,152,68.0,70.17088610790015,boost_5y_absolute,True
2021-08-27 04:00:00+00:00,2021-09-02 12:00:00+00:00,2021-09-02 08:00:00-04:00,153,70.0,73.77208004986255,boost_5y_absolute,True
2021-08-27 04:00:00+00:00,2021-09-02 13:00:00+00:00,2021-09-02 09:00:00-04:00,154,72.0,77.01900151031876,boost_5y_absolute,True
2021-08-27 04:00:00+00:00,2021-09-02 14:00:00+00:00,2021-09-02 10:00:00-04:00,155,73.0,79.71894405558236,boost_5y_absolute,True
2021-08-27 04:00:00+00:00,2021-09-02 15:00:00+00:00,2021-09-02 11:00:00-04:00,156,75.0,82.15015604431787,boost_5y_absolute,True
2021-08-27 04:00:00+00:00,2021-09-02 16:00:00+00:00,2021-09-02 12:00:00-04:00,157,78.0,83.44180043524811,boost_5y_absolute,True
2021-08-27 04:00:00+00:00,2021-09-02 17:00:00+00:00,2021-09-02 13:00:00-04:00,158,79.0,84.85583245969062,boost_5y_absolute,True
2021-08-27 04:00:00+00:00,2021-09-02 18:00:00+00:00,2021-09-02 14:00:00-04:00,159,80.0,85.03272468665651,boost_5y_absolute,True
2021-08-27 04:00:00+00:00,2021-09-02 19:00:00+00:00,2021-09-02 15:00:00-04:00,160,80.0,85.16435418655277,boost_5y_absolute,True
2021-08-27 04:00:00+00:00,2021-09-02 20:00:00+00:00,2021-09-02 16:00:00-04:00,161,80.0,84.52123523740215,boost_5y_absolute,True
2021-08-27 04:00:00+00:00,2021-09-02 21:00:00+00:00,2021-09-02 17:00:00-04:00,162,80.0,83.28285253728039,boost_5y_absolute,True
2021-08-27 04:00:00+00:00,2021-09-02 22:00:00+00:00,2021-09-02 18:00:00-04:00,163,76.0,80.94249163884331,boost_5y_absolute,True
2021-08-27 04:00:00+00:00,2021-09-02 23:00:00+00:00,2021-09-02 19:00:00-04:00,164,69.0,77.58966104230248,boost_5y_absolute,True
2021-08-27 04:00:00+00:00,2021-09-03 00:00:00+00:00,2021-09-02 20:00:00-04:00,165,66.0,75.10035600199377,boost_5y_absolute,True
2021-08-27 04:00:00+00:00,2021-09-03 01:00:00+00:00,2021-09-02 21:00:00-04:00,166,67.0,74.1056177894973,boost_5y_absolute,True
2021-08-27 04:00:00+00:00,2021-09-03 02:00:00+00:00,2021-09-02 22:00:00-04:00,167,62.0,73.17042385102467,boost_5y_absolute,True
2021-08-27 04:00:00+00:00,2021-09-03 03:00:00+00:00,2021-09-02 23:00:00-04:00,168,60.0,72.24866341616278,boost_5y_absolute,True
2021-08-27 04:00:00+00:00,2021-09-03 04:00:00+00:00,2021-09-03 00:00:00-04:00,169,60.0,71.66127762871872,boost_5y_absolute,True
2021-08-27 04:00:00+00:00,2021-09-03 05:00:00+00:00,2021-09-03 01:00:00-04:00,170,59.0,70.78065688147528,boost_5y_absolute,True
2021-08-27 04:00:00+00:00,2021-09-03 06:00:00+00:00,2021-09-03 02:00:00-04:00,171,55.0,70.05833291388662,boost_5y_absolute,True
2021-08-27 04:00:00+00:00,2021-09-03 07:00:00+00:00,2021-09-03 03:00:00-04:00,172,55.0,69.44420129790768,boost_5y_absolute,True
2021-08-27 04:00:00+00:00,2021-09-03 08:00:00+00:00,2021-09-03 04:00:00-04:00,173,55.0,68.99231492563176,boost_5y_absolute,True
2021-08-27 04:00:00+00:00,2021-09-03 09:00:00+00:00,2021-09-03 05:00:00-04:00,174,57.0,68.6683072055604,boost_5y_absolute,True
2021-08-27 04:00:00+00:00,2021-09-03 10:00:00+00:00,2021-09-03 06:00:00-04:00,175,57.0,68.28952577129097,boost_5y_absolute,True
2021-08-27 04:00:00+00:00,2021-09-03 11:00:00+00:00,2021-09-03 07:00:00-04:00,176,60.0,70.16610862194743,boost_5y_absolute,True
2021-08-27 04:00:00+00:00,2021-09-03 12:00:00+00:00,2021-09-03 08:00:00-04:00,177,66.0,73.71814973444184,boost_5y_absolute,True
2021-08-27 04:00:00+00:00,2021-09-03 13:00:00+00:00,2021-09-03 09:00:00-04:00,178,70.0,76.91537073798631,boost_5y_absolute,True
2021-08-27 04:00:00+00:00,2021-09-03 14:00:00+00:00,2021-09-03 10:00:00-04:00,179,74.0,79.6151402138197,boost_5y_absolute,True
2021-08-27 04:00:00+00:00,2021-09-03 15:00:00+00:00,2021-09-03 11:00:00-04:00,180,77.0,81.98555791924687,boost_5y_absolute,True
2021-08-27 04:00:00+00:00,2021-09-03 16:00:00+00:00,2021-09-03 12:00:00-04:00,181,79.0,83.33829203045532,boost_5y_absolute,True
2021-08-27 04:00:00+00:00,2021-09-03 17:00:00+00:00,2021-09-03 13:00:00-04:00,182,79.0,84.77279249888423,boost_5y_absolute,True
2021-08-27 04:00:00+00:00,2021-09-03 18:00:00+00:00,2021-09-03 14:00:00-04:00,183,81.0,85.04802980909142,boost_5y_absolute,True
2021-08-27 04:00:00+00:00,2021-09-03 19:00:00+00:00,2021-09-03 15:00:00-04:00,184,83.0,85.22281490500471,boost_5y_absolute,True
2021-08-27 04:00:00+00:00,2021-09-03 20:00:00+00:00,2021-09-03 16:00:00-04:00,185,81.0,84.62886966792608,boost_5y_absolute,True
2021-08-27 04:00:00+00:00,2021-09-03 21:00:00+00:00,2021-09-03 17:00:00-04:00,186,80.0,83.31967414016839,boost_5y_absolute,True
2021-08-27 04:00:00+00:00,2021-09-03 22:00:00+00:00,2021-09-03 18:00:00-04:00,187,78.0,80.99108596569181,boost_5y_absolute,True
2021-08-27 04:00:00+00:00,2021-09-03 23:00:00+00:00,2021-09-03 19:00:00-04:00,188,71.0,77.63967060860917,boost_5y_absolute,True
2021-08-27 04:00:00+00:00,2021-09-04 00:00:00+00:00,2021-09-03 20:00:00-04:00,189,69.0,75.1789875593342,boost_5y_absolute,True
2021-08-27 04:00:00+00:00,2021-09-04 01:00:00+00:00,2021-09-03 21:00:00-04:00,190,68.0,74.02978197549457,boost_5y_absolute,True
2021-08-27 04:00:00+00:00,2021-09-04 02:00:00+00:00,2021-09-03 22:00:00-04:00,191,63.0,73.11788146283027,boost_5y_absolute,True
2021-08-27 04:00:00+00:00,2021-09-04 03:00:00+00:00,2021-09-03 23:00:00-04:00,192,67.0,72.22910077599016,boost_5y_absolute,True
2021-08-27 04:00:00+00:00,2021-09-04 04:00:00+00:00,2021-09-04 00:00:00-04:00,193,62.0,71.53837330234691,boost_5y_absolute,True
2021-08-27 04:00:00+00:00,2021-09-04 05:00:00+00:00,2021-09-04 01:00:00-04:00,194,61.0,70.74493533352398,boost_5y_absolute,True
2021-08-27 04:00:00+00:00,2021-09-04 06:00:00+00:00,2021-09-04 02:00:00-04:00,195,58.0,70.01999377562771,boost_5y_absolute,True
2021-08-27 04:00:00+00:00,2021-09-04 07:00:00+00:00,2021-09-04 03:00:00-04:00,196,57.0,69.41679714604585,boost_5y_absolute,True
2021-08-27 04:00:00+00:00,2021-09-04 08:00:00+00:00,2021-09-04 04:00:00-04:00,197,56.0,68.94530117055271,boost_5y_absolute,True
2021-08-27 04:00:00+00:00,2021-09-04 09:00:00+00:00,2021-09-04 05:00:00-04:00,198,56.0,68.635226669538,boost_5y_absolute,True
2021-08-27 04:00:00+00:00,2021-09-04 10:00:00+00:00,2021-09-04 06:00:00-04:00,199,55.0,68.31364415216676,boost_5y_absolute,True
2021-08-27 04:00:00+00:00,2021-09-04 11:00:00+00:00,2021-09-04 07:00:00-04:00,200,59.0,70.11647935938352,boost_5y_absolute,True
2021-08-27 04:00:00+00:00,2021-09-04 12:00:00+00:00,2021-09-04 08:00:00-04:00,201,67.0,73.50062725455915,boost_5y_absolute,True
2021-08-27 04:00:00+00:00,2021-09-04 13:00:00+00:00,2021-09-04 09:00:00-04:00,202,73.0,76.72299487249109,boost_5y_absolute,True
2021-08-27 04:00:00+00:00,2021-09-04 14:00:00+00:00,2021-09-04 10:00:00-04:00,203,75.0,79.31374118678114,boost_5y_absolute,True
2021-08-27 04:00:00+00:00,2021-09-04 15:00:00+00:00,2021-09-04 11:00:00-04:00,204,79.0,81.67208907120649,boost_5y_absolute,True
2021-08-27 04:00:00+00:00,2021-09-04 16:00:00+00:00,2021-09-04 12:00:00-04:00,205,80.0,83.001244945829,boost_5y_absolute,True
2021-08-27 04:00:00+00:00,2021-09-04 17:00:00+00:00,2021-09-04 13:00:00-04:00,206,85.0,84.48841691440987,boost_5y_absolute,True
2021-08-27 04:00:00+00:00,2021-09-04 18:00:00+00:00,2021-09-04 14:00:00-04:00,207,85.0,84.7770341636003,boost_5y_absolute,True
2021-08-27 04:00:00+00:00,2021-09-04 19:00:00+00:00,2021-09-04 15:00:00-04:00,208,85.0,84.94376263257675,boost_5y_absolute,True
2021-08-27 04:00:00+00:00,2021-09-04 20:00:00+00:00,2021-09-04 16:00:00-04:00,209,83.0,84.38559874320832,boost_5y_absolute,True
2021-08-27 04:00:00+00:00,2021-09-04 21:00:00+00:00,2021-09-04 17:00:00-04:00,210,82.0,83.11355100005068,boost_5y_absolute,True
2021-08-27 04:00:00+00:00,2021-09-04 22:00:00+00:00,2021-09-04 18:00:00-04:00,211,81.0,80.73101554797961,boost_5y_absolute,True
2021-08-27 04:00:00+00:00,2021-09-04 23:00:00+00:00,2021-09-04 19:00:00-04:00,212,75.0,77.43102128943747,boost_5y_absolute,True
2021-08-27 04:00:00+00:00,2021-09-05 00:00:00+00:00,2021-09-04 20:00:00-04:00,213,74.0,75.02860459141554,boost_5y_absolute,True
2021-08-27 04:00:00+00:00,2021-09-05 01:00:00+00:00,2021-09-04 21:00:00-04:00,214,71.0,73.86655490563483,boost_5y_absolute,True
2021-08-27 04:00:00+00:00,2021-09-05 02:00:00+00:00,2021-09-04 22:00:00-04:00,215,70.0,72.9845334909308,boost_5y_absolute,True
2021-08-27 04:00:00+00:00,2021-09-05 03:00:00+00:00,2021-09-04 23:00:00-04:00,216,69.0,72.18967280688456,boost_5y_absolute,True
2021-08-27 04:00:00+00:00,2021-09-05 04:00:00+00:00,2021-09-05 00:00:00-04:00,217,69.0,71.32215775803591,boost_5y_absolute,True
2021-08-27 04:00:00+00:00,2021-09-05 05:00:00+00:00,2021-09-05 01:00:00-04:00,218,69.0,70.62180010754997,boost_5y_absolute,True
2021-08-27 04:00:00+00:00,2021-09-05 06:00:00+00:00,2021-09-05 02:00:00-04:00,219,67.0,69.89984427522083,boost_5y_absolute,True
2021-08-27 04:00:00+00:00,2021-09-05 07:00:00+00:00,2021-09-05 03:00:00-04:00,220,68.0,69.28458208612534,boost_5y_absolute,True
2021-08-27 04:00:00+00:00,2021-09-05 08:00:00+00:00,2021-09-05 04:00:00-04:00,221,66.0,68.82934650151219,boost_5y_absolute,True
2021-08-27 04:00:00+00:00,2021-09-05 09:00:00+00:00,2021-09-05 05:00:00-04:00,222,64.0,68.48933378890077,boost_5y_absolute,True
2021-08-27 04:00:00+00:00,2021-09-05 10:00:00+00:00,2021-09-05 06:00:00-04:00,223,64.0,68.18878517811761,boost_5y_absolute,True
2021-08-27 04:00:00+00:00,2021-09-05 11:00:00+00:00,2021-09-05 07:00:00-04:00,224,67.0,69.94866809983498,boost_5y_absolute,True
2021-08-27 04:00:00+00:00,2021-09-05 12:00:00+00:00,2021-09-05 08:00:00-04:00,225,71.0,73.26015292344786,boost_5y_absolute,True
2021-08-27 04:00:00+00:00,2021-09-05 13:00:00+00:00,2021-09-05 09:00:00-04:00,226,76.0,76.370985898562,boost_5y_absolute,True
2021-08-27 04:00:00+00:00,2021-09-05 14:00:00+00:00,2021-09-05 10:00:00-04:00,227,80.0,78.93515095375807,boost_5y_absolute,True
2021-08-27 04:00:00+00:00,2021-09-05 15:00:00+00:00,2021-09-05 11:00:00-04:00,228,83.0,81.36137479647482,boost_5y_absolute,True
2021-08-27 04:00:00+00:00,2021-09-05 16:00:00+00:00,2021-09-05 12:00:00-04:00,229,86.0,82.68363307271066,boost_5y_absolute,True
2021-08-27 04:00:00+00:00,2021-09-05 17:00:00+00:00,2021-09-05 13:00:00-04:00,230,86.0,84.18320996905562,boost_5y_absolute,True
2021-08-27 04:00:00+00:00,2021-09-05 18:00:00+00:00,2021-09-05 14:00:00-04:00,231,89.0,84.53228943015823,boost_5y_absolute,True
2021-08-27 04:00:00+00:00,2021-09-05 19:00:00+00:00,2021-09-05 15:00:00-04:00,232,88.0,84.88878918509775,boost_5y_absolute,True
2021-08-27 04:00:00+00:00,2021-09-05 20:00:00+00:00,2021-09-05 16:00:00-04:00,233,88.0,84.30450169533479,boost_5y_absolute,True
2021-08-27 04:00:00+00:00,2021-09-05 21:00:00+00:00,2021-09-05 17:00:00-04:00,234,86.0,82.95124861313074,boost_5y_absolute,True
2021-08-27 04:00:00+00:00,2021-09-05 22:00:00+00:00,2021-09-05 18:00:00-04:00,235,83.0,80.57227134955428,boost_5y_absolute,True
2021-08-27 04:00:00+00:00,2021-09-05 23:00:00+00:00,2021-09-05 19:00:00-04:00,236,77.0,77.3151865657256,boost_5y_absolute,True
2021-08-27 04:00:00+00:00,2021-09-06 00:00:00+00:00,2021-09-05 20:00:00-04:00,237,76.0,74.95446215007578,boost_5y_absolute,True
2021-08-27 04:00:00+00:00,2021-09-06 01:00:00+00:00,2021-09-05 21:00:00-04:00,238,74.0,73.7806534843297,boost_5y_absolute,True
2021-08-27 04:00:00+00:00,2021-09-06 02:00:00+00:00,2021-09-05 22:00:00-04:00,239,71.0,72.82018470812142,boost_5y_absolute,True
2021-08-27 04:00:00+00:00,2021-09-06 03:00:00+00:00,2021-09-05 23:00:00-04:00,240,71.0,72.1323739214099,boost_5y_absolute,True
2021-08-27 04:00:00+00:00,2021-09-06 04:00:00+00:00,2021-09-06 00:00:00-04:00,241,69.0,71.20219347135881,boost_5y_absolute,True
2021-08-27 04:00:00+00:00,2021-09-06 05:00:00+00:00,2021-09-06 01:00:00-04:00,242,69.0,70.47695877151858,boost_5y_absolute,True
2021-08-27 04:00:00+00:00,2021-09-06 06:00:00+00:00,2021-09-06 02:00:00-04:00,243,67.0,69.73033405216133,boost_5y_absolute,True
2021-08-27 04:00:00+00:00,2021-09-06 07:00:00+00:00,2021-09-06 03:00:00-04:00,244,68.0,69.18370875422971,boost_5y_absolute,True
2021-08-27 04:00:00+00:00,2021-09-06 08:00:00+00:00,2021-09-06 04:00:00-04:00,245,66.0,68.75708288570397,boost_5y_absolute,True
2021-08-27 04:00:00+00:00,2021-09-06 09:00:00+00:00,2021-09-06 05:00:00-04:00,246,68.0,68.42412760851622,boost_5y_absolute,True
2021-08-27 04:00:00+00:00,2021-09-06 10:00:00+00:00,2021-09-06 06:00:00-04:00,247,68.0,68.12321008279012,boost_5y_absolute,True
2021-08-27 04:00:00+00:00,2021-09-06 11:00:00+00:00,2021-09-06 07:00:00-04:00,248,69.0,69.84825230511731,boost_5y_absolute,True
2021-08-27 04:00:00+00:00,2021-09-06 12:00:00+00:00,2021-09-06 08:00:00-04:00,249,73.0,73.11929619209484,boost_5y_absolute,True
2021-08-27 04:00:00+00:00,2021-09-06 13:00:00+00:00,2021-09-06 09:00:00-04:00,250,77.0,76.22353202544429,boost_5y_absolute,True
2021-08-27 04:00:00+00:00,2021-09-06 14:00:00+00:00,2021-09-06 10:00:00-04:00,251,79.0,78.7375619294794,boost_5y_absolute,True
2021-08-27 04:00:00+00:00,2021-09-06 15:00:00+00:00,2021-09-06 11:00:00-04:00,252,80.0,81.17783562908262,boost_5y_absolute,True
2021-08-27 04:00:00+00:00,2021-09-06 16:00:00+00:00,2021-09-06 12:00:00-04:00,253,81.0,82.55605137729667,boost_5y_absolute,True
2021-08-27 04:00:00+00:00,2021-09-06 17:00:00+00:00,2021-09-06 13:00:00-04:00,254,80.0,83.984588732698,boost_5y_absolute,True
2021-08-27 04:00:00+00:00,2021-09-06 18:00:00+00:00,2021-09-06 14:00:00-04:00,255,81.0,84.28919778414294,boost_5y_absolute,True
2021-08-27 04:00:00+00:00,2021-09-06 19:00:00+00:00,2021-09-06 15:00:00-04:00,256,83.0,84.51460637033705,boost_5y_absolute,True
2021-08-27 04:00:00+00:00,2021-09-06 20:00:00+00:00,2021-09-06 16:00:00-04:00,257,83.0,83.90358650190595,boost_5y_absolute,True
2021-08-27 04:00:00+00:00,2021-09-06 21:00:00+00:00,2021-09-06 17:00:00-04:00,258,84.0,82.52298923128315,boost_5y_absolute,True
2021-08-27 04:00:00+00:00,2021-09-06 22:00:00+00:00,2021-09-06 18:00:00-04:00,259,82.0,80.20289160717059,boost_5y_absolute,True
2021-08-27 04:00:00+00:00,2021-09-06 23:00:00+00:00,2021-09-06 19:00:00-04:00,260,76.0,76.96073242262874,boost_5y_absolute,True
2021-08-27 04:00:00+00:00,2021-09-07 00:00:00+00:00,2021-09-06 20:00:00-04:00,261,74.0,74.74814770779048,boost_5y_absolute,True
2021-08-27 04:00:00+00:00,2021-09-07 01:00:00+00:00,2021-09-06 21:00:00-04:00,262,72.0,73.57497785173992,boost_5y_absolute,True
2021-08-27 04:00:00+00:00,2021-09-07 02:00:00+00:00,2021-09-06 22:00:00-04:00,263,71.0,72.66847240753293,boost_5y_absolute,True
2021-08-27 04:00:00+00:00,2021-09-07 03:00:00+00:00,2021-09-06 23:00:00-04:00,264,70.0,71.9649889835274,boost_5y_absolute,True
2021-08-27 04:00:00+00:00,2021-09-07 04:00:00+00:00,2021-09-07 00:00:00-04:00,265,72.0,71.12615258190841,boost_5y_absolute,True
2021-08-27 04:00:00+00:00,2021-09-07 05:00:00+00:00,2021-09-07 01:00:00-04:00,266,69.0,70.39365295587382,boost_5y_absolute,True
2021-08-27 04:00:00+00:00,2021-09-07 06:00:00+00:00,2021-09-07 02:00:00-04:00,267,66.0,69.70095888190939,boost_5y_absolute,True
2021-08-27 04:00:00+00:00,2021-09-07 07:00:00+00:00,2021-09-07 03:00:00-04:00,268,65.0,69.18158932404845,boost_5y_absolute,True
2021-08-27 04:00:00+00:00,2021-09-07 08:00:00+00:00,2021-09-07 04:00:00-04:00,269,63.0,68.67554440390599,boost_5y_absolute,True
2021-08-27 04:00:00+00:00,2021-09-07 09:00:00+00:00,2021-09-07 05:00:00-04:00,270,63.0,68.41351254974145,boost_5y_absolute,True
2021-08-27 04:00:00+00:00,2021-09-07 10:00:00+00:00,2021-09-07 06:00:00-04:00,271,62.0,68.13424569827079,boost_5y_absolute,True
2021-08-27 04:00:00+00:00,2021-09-07 11:00:00+00:00,2021-09-07 07:00:00-04:00,272,66.0,69.7616354012347,boost_5y_absolute,True
2021-08-27 04:00:00+00:00,2021-09-07 12:00:00+00:00,2021-09-07 08:00:00-04:00,273,72.0,72.91692024144902,boost_5y_absolute,True
2021-08-27 04:00:00+00:00,2021-09-07 13:00:00+00:00,2021-09-07 09:00:00-04:00,274,77.0,76.02748837181032,boost_5y_absolute,True
2021-08-27 04:00:00+00:00,2021-09-07 14:00:00+00:00,2021-09-07 10:00:00-04:00,275,,78.52003008766634,boost_5y_absolute,False
2021-08-27 04:00:00+00:00,2021-09-07 15:00:00+00:00,2021-09-07 11:00:00-04:00,276,84.0,80.9600353969528,boost_5y_absolute,True
2021-08-27 04:00:00+00:00,2021-09-07 16:00:00+00:00,2021-09-07 12:00:00-04:00,277,85.0,82.32099831615898,boost_5y_absolute,True
2021-08-27 04:00:00+00:00,2021-09-07 17:00:00+00:00,2021-09-07 13:00:00-04:00,278,86.0,83.74869456467879,boost_5y_absolute,True
2021-08-27 04:00:00+00:00,2021-09-07 18:00:00+00:00,2021-09-07 14:00:00-04:00,279,88.0,83.97654997716036,boost_5y_absolute,True
2021-08-27 04:00:00+00:00,2021-09-07 19:00:00+00:00,2021-09-07 15:00:00-04:00,280,88.0,84.16539443998975,boost_5y_absolute,True
2021-08-27 04:00:00+00:00,2021-09-07 20:00:00+00:00,2021-09-07 16:00:00-04:00,281,90.0,83.56822604022544,boost_5y_absolute,True
2021-08-27 04:00:00+00:00,2021-09-07 21:00:00+00:00,2021-09-07 17:00:00-04:00,282,88.0,82.13870853768596,boost_5y_absolute,True
2021-08-27 04:00:00+00:00,2021-09-07 22:00:00+00:00,2021-09-07 18:00:00-04:00,283,85.0,79.84566887500668,boost_5y_absolute,True
2021-08-27 04:00:00+00:00,2021-09-07 23:00:00+00:00,2021-09-07 19:00:00-04:00,284,80.0,76.65537726758757,boost_5y_absolute,True
2021-08-27 04:00:00+00:00,2021-09-08 00:00:00+00:00,2021-09-07 20:00:00-04:00,285,77.0,74.5506642890124,boost_5y_absolute,True
2021-08-27 04:00:00+00:00,2021-09-08 01:00:00+00:00,2021-09-07 21:00:00-04:00,286,77.0,73.30038620459375,boost_5y_absolute,True
2021-08-27 04:00:00+00:00,2021-09-08 02:00:00+00:00,2021-09-07 22:00:00-04:00,287,75.0,72.420656735384,boost_5y_absolute,True
2021-08-27 04:00:00+00:00,2021-09-08 03:00:00+00:00,2021-09-07 23:00:00-04:00,288,74.0,71.77917180736452,boost_5y_absolute,True
2021-08-27 04:00:00+00:00,2021-09-08 04:00:00+00:00,2021-09-08 00:00:00-04:00,289,74.0,70.95555248942031,boost_5y_absolute,True
2021-08-27 04:00:00+00:00,2021-09-08 05:00:00+00:00,2021-09-08 01:00:00-04:00,290,74.0,70.31592882699809,boost_5y_absolute,True
2021-08-27 04:00:00+00:00,2021-09-08 06:00:00+00:00,2021-09-08 02:00:00-04:00,291,74.0,69.72950221865544,boost_5y_absolute,True
2021-08-27 04:00:00+00:00,2021-09-08 07:00:00+00:00,2021-09-08 03:00:00-04:00,292,74.0,69.14307229921634,boost_5y_absolute,True
2021-08-27 04:00:00+00:00,2021-09-08 08:00:00+00:00,2021-09-08 04:00:00-04:00,293,73.0,68.74330578101706,boost_5y_absolute,True
2021-08-27 04:00:00+00:00,2021-09-08 09:00:00+00:00,2021-09-08 05:00:00-04:00,294,72.0,68.48353059045535,boost_5y_absolute,True
2021-08-27 04:00:00+00:00,2021-09-08 10:00:00+00:00,2021-09-08 06:00:00-04:00,295,74.0,68.19051637032021,boost_5y_absolute,True
2021-08-27 04:00:00+00:00,2021-09-08 11:00:00+00:00,2021-09-08 07:00:00-04:00,296,74.0,69.71083108202731,boost_5y_absolute,True
2021-08-27 04:00:00+00:00,2021-09-08 12:00:00+00:00,2021-09-08 08:00:00-04:00,297,76.0,72.85222600000328,boost_5y_absolute,True
2021-08-27 04:00:00+00:00,2021-09-08 13:00:00+00:00,2021-09-08 09:00:00-04:00,298,78.0,75.9394860734266,boost_5y_absolute,True
2021-08-27 04:00:00+00:00,2021-09-08 14:00:00+00:00,2021-09-08 10:00:00-04:00,299,78.0,78.40373114672244,boost_5y_absolute,True
2021-08-27 04:00:00+00:00,2021-09-08 15:00:00+00:00,2021-09-08 11:00:00-04:00,300,78.0,80.77712138109307,boost_5y_absolute,True
2021-08-27 04:00:00+00:00,2021-09-08 16:00:00+00:00,2021-09-08 12:00:00-04:00,301,84.0,82.03077027654604,boost_5y_absolute,True
2021-08-27 04:00:00+00:00,2021-09-08 17:00:00+00:00,2021-09-08 13:00:00-04:00,302,86.0,83.47489635504066,boost_5y_absolute,True
2021-08-27 04:00:00+00:00,2021-09-08 18:00:00+00:00,2021-09-08 14:00:00-04:00,303,89.0,83.64171794267007,boost_5y_absolute,True
2021-08-27 04:00:00+00:00,2021-09-08 19:00:00+00:00,2021-09-08 15:00:00-04:00,304,92.0,83.847833133703,boost_5y_absolute,True
2021-08-27 04:00:00+00:00,2021-09-08 20:00:00+00:00,2021-09-08 16:00:00-04:00,305,88.0,83.23915748373862,boost_5y_absolute,True
2021-08-27 04:00:00+00:00,2021-09-08 21:00:00+00:00,2021-09-08 17:00:00-04:00,306,86.0,81.75458440342686,boost_5y_absolute,True
2021-08-27 04:00:00+00:00,2021-09-08 22:00:00+00:00,2021-09-08 18:00:00-04:00,307,84.0,79.50150967189491,boost_5y_absolute,True
2021-08-27 04:00:00+00:00,2021-09-08 23:00:00+00:00,2021-09-08 19:00:00-04:00,308,78.0,76.47408441078699,boost_5y_absolute,True
2021-08-27 04:00:00+00:00,2021-09-09 00:00:00+00:00,2021-09-08 20:00:00-04:00,309,75.0,74.36883977368046,boost_5y_absolute,True
2021-08-27 04:00:00+00:00,2021-09-09 01:00:00+00:00,2021-09-08 21:00:00-04:00,310,73.0,73.06825039282734,boost_5y_absolute,True
2021-08-27 04:00:00+00:00,2021-09-09 02:00:00+00:00,2021-09-08 22:00:00-04:00,311,73.0,72.14910338732572,boost_5y_absolute,True
2021-08-27 04:00:00+00:00,2021-09-09 03:00:00+00:00,2021-09-08 23:00:00-04:00,312,73.0,71.4890626015608,boost_5y_absolute,True
2021-08-27 04:00:00+00:00,2021-09-09 04:00:00+00:00,2021-09-09 00:00:00-04:00,313,74.0,70.7374964302263,boost_5y_absolute,True
2021-08-27 04:00:00+00:00,2021-09-09 05:00:00+00:00,2021-09-09 01:00:00-04:00,314,73.0,70.08419960477924,boost_5y_absolute,True
2021-08-27 04:00:00+00:00,2021-09-09 06:00:00+00:00,2021-09-09 02:00:00-04:00,315,74.0,69.48414168012081,boost_5y_absolute,True
2021-08-27 04:00:00+00:00,2021-09-09 07:00:00+00:00,2021-09-09 03:00:00-04:00,316,74.0,68.94791589824267,boost_5y_absolute,True
2021-08-27 04:00:00+00:00,2021-09-09 08:00:00+00:00,2021-09-09 04:00:00-04:00,317,74.0,68.56159981129088,boost_5y_absolute,True
2021-08-27 04:00:00+00:00,2021-09-09 09:00:00+00:00,2021-09-09 05:00:00-04:00,318,73.0,68.25370283690073,boost_5y_absolute,True
2021-08-27 04:00:00+00:00,2021-09-09 10:00:00+00:00,2021-09-09 06:00:00-04:00,319,73.0,67.94943333630081,boost_5y_absolute,True
2021-08-27 04:00:00+00:00,2021-09-09 11:00:00+00:00,2021-09-09 07:00:00-04:00,320,74.0,69.44108992810085,boost_5y_absolute,True
2021-08-27 04:00:00+00:00,2021-09-09 12:00:00+00:00,2021-09-09 08:00:00-04:00,321,75.0,72.58024660549576,boost_5y_absolute,True
2021-08-27 04:00:00+00:00,2021-09-09 13:00:00+00:00,2021-09-09 09:00:00-04:00,322,74.0,75.71392582201054,boost_5y_absolute,True
2021-08-27 04:00:00+00:00,2021-09-09 14:00:00+00:00,2021-09-09 10:00:00-04:00,323,72.0,78.17526612785521,boost_5y_absolute,True
2021-08-27 04:00:00+00:00,2021-09-09 15:00:00+00:00,2021-09-09 11:00:00-04:00,324,71.0,80.56621609265451,boost_5y_absolute,True
2021-08-27 04:00:00+00:00,2021-09-09 16:00:00+00:00,2021-09-09 12:00:00-04:00,325,70.0,81.79316483170103,boost_5y_absolute,True
2021-08-27 04:00:00+00:00,2021-09-09 17:00:00+00:00,2021-09-09 13:00:00-04:00,326,70.0,83.15438639098893,boost_5y_absolute,True
2021-08-27 04:00:00+00:00,2021-09-09 18:00:00+00:00,2021-09-09 14:00:00-04:00,327,71.0,83.3873312672431,boost_5y_absolute,True
2021-08-27 04:00:00+00:00,2021-09-09 19:00:00+00:00,2021-09-09 15:00:00-04:00,328,72.0,83.72982927444997,boost_5y_absolute,True
2021-08-27 04:00:00+00:00,2021-09-09 20:00:00+00:00,2021-09-09 16:00:00-04:00,329,72.0,83.23965502125488,boost_5y_absolute,True
2021-08-27 04:00:00+00:00,2021-09-09 21:00:00+00:00,2021-09-09 17:00:00-04:00,330,73.0,81.87865705092223,boost_5y_absolute,True
2021-08-27 04:00:00+00:00,2021-09-09 22:00:00+00:00,2021-09-09 18:00:00-04:00,331,73.0,79.53219281250549,boost_5y_absolute,True
2021-08-27 04:00:00+00:00,2021-09-09 23:00:00+00:00,2021-09-09 19:00:00-04:00,332,69.0,76.40122374043695,boost_5y_absolute,True
2021-08-27 04:00:00+00:00,2021-09-10 00:00:00+00:00,2021-09-09 20:00:00-04:00,333,67.0,74.30888612427785,boost_5y_absolute,True
2021-08-27 04:00:00+00:00,2021-09-10 01:00:00+00:00,2021-09-09 21:00:00-04:00,334,65.0,72.90903941666822,boost_5y_absolute,True
2021-08-27 04:00:00+00:00,2021-09-10 02:00:00+00:00,2021-09-09 22:00:00-04:00,335,64.0,71.96301900356161,boost_5y_absolute,True
2021-08-27 04:00:00+00:00,2021-09-10 03:00:00+00:00,2021-09-09 23:00:00-04:00,336,63.0,71.31286893090817,boost_5y_absolute,True
2021-09-03 04:00:00+00:00,2021-09-03 04:00:00+00:00,2021-09-03 00:00:00-04:00,1,60.0,70.69860959337132,boost_5y_absolute,True
2021-09-03 04:00:00+00:00,2021-09-03 05:00:00+00:00,2021-09-03 01:00:00-04:00,2,59.0,69.88086538582566,boost_5y_absolute,True
2021-09-03 04:00:00+00:00,2021-09-03 06:00:00+00:00,2021-09-03 02:00:00-04:00,3,55.0,69.1317578806351,boost_5y_absolute,True
2021-09-03 04:00:00+00:00,2021-09-03 07:00:00+00:00,2021-09-03 03:00:00-04:00,4,55.0,68.60350982278753,boost_5y_absolute,True
2021-09-03 04:00:00+00:00,2021-09-03 08:00:00+00:00,2021-09-03 04:00:00-04:00,5,55.0,68.54050575008536,boost_5y_absolute,True
2021-09-03 04:00:00+00:00,2021-09-03 09:00:00+00:00,2021-09-03 05:00:00-04:00,6,57.0,68.2084880381938,boost_5y_absolute,True
2021-09-03 04:00:00+00:00,2021-09-03 10:00:00+00:00,2021-09-03 06:00:00-04:00,7,57.0,68.12754000436831,boost_5y_absolute,True
2021-09-03 04:00:00+00:00,2021-09-03 11:00:00+00:00,2021-09-03 07:00:00-04:00,8,60.0,69.74920836697906,boost_5y_absolute,True
2021-09-03 04:00:00+00:00,2021-09-03 12:00:00+00:00,2021-09-03 08:00:00-04:00,9,66.0,73.91712461257065,boost_5y_absolute,True
2021-09-03 04:00:00+00:00,2021-09-03 13:00:00+00:00,2021-09-03 09:00:00-04:00,10,70.0,76.47528454860452,boost_5y_absolute,True
2021-09-03 04:00:00+00:00,2021-09-03 14:00:00+00:00,2021-09-03 10:00:00-04:00,11,74.0,79.59733036477685,boost_5y_absolute,True
2021-09-03 04:00:00+00:00,2021-09-03 15:00:00+00:00,2021-09-03 11:00:00-04:00,12,77.0,81.95954803108317,boost_5y_absolute,True
2021-09-03 04:00:00+00:00,2021-09-03 16:00:00+00:00,2021-09-03 12:00:00-04:00,13,79.0,83.35120329301905,boost_5y_absolute,True
2021-09-03 04:00:00+00:00,2021-09-03 17:00:00+00:00,2021-09-03 13:00:00-04:00,14,79.0,84.78500017718045,boost_5y_absolute,True
2021-09-03 04:00:00+00:00,2021-09-03 18:00:00+00:00,2021-09-03 14:00:00-04:00,15,81.0,85.391335263541,boost_5y_absolute,True
2021-09-03 04:00:00+00:00,2021-09-03 19:00:00+00:00,2021-09-03 15:00:00-04:00,16,83.0,85.99491446448518,boost_5y_absolute,True
2021-09-03 04:00:00+00:00,2021-09-03 20:00:00+00:00,2021-09-03 16:00:00-04:00,17,81.0,85.93260907971944,boost_5y_absolute,True
2021-09-03 04:00:00+00:00,2021-09-03 21:00:00+00:00,2021-09-03 17:00:00-04:00,18,80.0,84.76574304115701,boost_5y_absolute,True
2021-09-03 04:00:00+00:00,2021-09-03 22:00:00+00:00,2021-09-03 18:00:00-04:00,19,78.0,82.69726777401982,boost_5y_absolute,True
2021-09-03 04:00:00+00:00,2021-09-03 23:00:00+00:00,2021-09-03 19:00:00-04:00,20,71.0,79.24862944253736,boost_5y_absolute,True
2021-09-03 04:00:00+00:00,2021-09-04 00:00:00+00:00,2021-09-03 20:00:00-04:00,21,69.0,76.86461647647324,boost_5y_absolute,True
2021-09-03 04:00:00+00:00,2021-09-04 01:00:00+00:00,2021-09-03 21:00:00-04:00,22,68.0,75.58828502329824,boost_5y_absolute,True
2021-09-03 04:00:00+00:00,2021-09-04 02:00:00+00:00,2021-09-03 22:00:00-04:00,23,63.0,74.49971491741533,boost_5y_absolute,True
2021-09-03 04:00:00+00:00,2021-09-04 03:00:00+00:00,2021-09-03 23:00:00-04:00,24,67.0,73.502634692573,boost_5y_absolute,True
2021-09-03 04:00:00+00:00,2021-09-04 04:00:00+00:00,2021-09-04 00:00:00-04:00,25,62.0,72.71327432158967,boost_5y_absolute,True
2021-09-03 04:00:00+00:00,2021-09-04 05:00:00+00:00,2021-09-04 01:00:00-04:00,26,61.0,71.90009818569943,boost_5y_absolute,True
2021-09-03 04:00:00+00:00,2021-09-04 06:00:00+00:00,2021-09-04 02:00:00-04:00,27,58.0,71.22324305463312,boost_5y_absolute,True
2021-09-03 04:00:00+00:00,2021-09-04 07:00:00+00:00,2021-09-04 03:00:00-04:00,28,57.0,70.59272747499455,boost_5y_absolute,True
2021-09-03 04:00:00+00:00,2021-09-04 08:00:00+00:00,2021-09-04 04:00:00-04:00,29,56.0,70.15239942289708,boost_5y_absolute,True
2021-09-03 04:00:00+00:00,2021-09-04 09:00:00+00:00,2021-09-04 05:00:00-04:00,30,56.0,69.79024766551095,boost_5y_absolute,True
2021-09-03 04:00:00+00:00,2021-09-04 10:00:00+00:00,2021-09-04 06:00:00-04:00,31,55.0,69.57143882590924,boost_5y_absolute,True
2021-09-03 04:00:00+00:00,2021-09-04 11:00:00+00:00,2021-09-04 07:00:00-04:00,32,59.0,71.10212393116853,boost_5y_absolute,True
2021-09-03 04:00:00+00:00,2021-09-04 12:00:00+00:00,2021-09-04 08:00:00-04:00,33,67.0,74.61037280731864,boost_5y_absolute,True
2021-09-03 04:00:00+00:00,2021-09-04 13:00:00+00:00,2021-09-04 09:00:00-04:00,34,73.0,77.72090316216698,boost_5y_absolute,True
2021-09-03 04:00:00+00:00,2021-09-04 14:00:00+00:00,2021-09-04 10:00:00-04:00,35,75.0,80.23738040373823,boost_5y_absolute,True
2021-09-03 04:00:00+00:00,2021-09-04 15:00:00+00:00,2021-09-04 11:00:00-04:00,36,79.0,82.58416050691831,boost_5y_absolute,True
2021-09-03 04:00:00+00:00,2021-09-04 16:00:00+00:00,2021-09-04 12:00:00-04:00,37,80.0,83.94389901639204,boost_5y_absolute,True
2021-09-03 04:00:00+00:00,2021-09-04 17:00:00+00:00,2021-09-04 13:00:00-04:00,38,85.0,85.50098820291868,boost_5y_absolute,True
2021-09-03 04:00:00+00:00,2021-09-04 18:00:00+00:00,2021-09-04 14:00:00-04:00,39,85.0,85.89861027476464,boost_5y_absolute,True
2021-09-03 04:00:00+00:00,2021-09-04 19:00:00+00:00,2021-09-04 15:00:00-04:00,40,85.0,86.1530305125173,boost_5y_absolute,True
2021-09-03 04:00:00+00:00,2021-09-04 20:00:00+00:00,2021-09-04 16:00:00-04:00,41,83.0,85.74344467554445,boost_5y_absolute,True
2021-09-03 04:00:00+00:00,2021-09-04 21:00:00+00:00,2021-09-04 17:00:00-04:00,42,82.0,84.56264782209753,boost_5y_absolute,True
2021-09-03 04:00:00+00:00,2021-09-04 22:00:00+00:00,2021-09-04 18:00:00-04:00,43,81.0,82.35738948981901,boost_5y_absolute,True
2021-09-03 04:00:00+00:00,2021-09-04 23:00:00+00:00,2021-09-04 19:00:00-04:00,44,75.0,78.84475029770498,boost_5y_absolute,True
2021-09-03 04:00:00+00:00,2021-09-05 00:00:00+00:00,2021-09-04 20:00:00-04:00,45,74.0,76.41101792120124,boost_5y_absolute,True
2021-09-03 04:00:00+00:00,2021-09-05 01:00:00+00:00,2021-09-04 21:00:00-04:00,46,71.0,75.14813755803951,boost_5y_absolute,True
2021-09-03 04:00:00+00:00,2021-09-05 02:00:00+00:00,2021-09-04 22:00:00-04:00,47,70.0,74.03890427357058,boost_5y_absolute,True
2021-09-03 04:00:00+00:00,2021-09-05 03:00:00+00:00,2021-09-04 23:00:00-04:00,48,69.0,73.11654392155579,boost_5y_absolute,True
2021-09-03 04:00:00+00:00,2021-09-05 04:00:00+00:00,2021-09-05 00:00:00-04:00,49,69.0,71.86312852483962,boost_5y_absolute,True
2021-09-03 04:00:00+00:00,2021-09-05 05:00:00+00:00,2021-09-05 01:00:00-04:00,50,69.0,71.20406596772702,boost_5y_absolute,True
2021-09-03 04:00:00+00:00,2021-09-05 06:00:00+00:00,2021-09-05 02:00:00-04:00,51,67.0,70.51449908951413,boost_5y_absolute,True
2021-09-03 04:00:00+00:00,2021-09-05 07:00:00+00:00,2021-09-05 03:00:00-04:00,52,68.0,69.88842083780311,boost_5y_absolute,True
2021-09-03 04:00:00+00:00,2021-09-05 08:00:00+00:00,2021-09-05 04:00:00-04:00,53,66.0,69.47281184095661,boost_5y_absolute,True
2021-09-03 04:00:00+00:00,2021-09-05 09:00:00+00:00,2021-09-05 05:00:00-04:00,54,64.0,69.1808610950244,boost_5y_absolute,True
2021-09-03 04:00:00+00:00,2021-09-05 10:00:00+00:00,2021-09-05 06:00:00-04:00,55,64.0,68.92399357418653,boost_5y_absolute,True
2021-09-03 04:00:00+00:00,2021-09-05 11:00:00+00:00,2021-09-05 07:00:00-04:00,56,67.0,70.53031110409462,boost_5y_absolute,True
2021-09-03 04:00:00+00:00,2021-09-05 12:00:00+00:00,2021-09-05 08:00:00-04:00,57,71.0,73.93545340017027,boost_5y_absolute,True
2021-09-03 04:00:00+00:00,2021-09-05 13:00:00+00:00,2021-09-05 09:00:00-04:00,58,76.0,77.11793140566853,boost_5y_absolute,True
2021-09-03 04:00:00+00:00,2021-09-05 14:00:00+00:00,2021-09-05 10:00:00-04:00,59,80.0,79.63503722077814,boost_5y_absolute,True
2021-09-03 04:00:00+00:00,2021-09-05 15:00:00+00:00,2021-09-05 11:00:00-04:00,60,83.0,81.88419420894556,boost_5y_absolute,True
2021-09-03 04:00:00+00:00,2021-09-05 16:00:00+00:00,2021-09-05 12:00:00-04:00,61,86.0,83.33103775697423,boost_5y_absolute,True
2021-09-03 04:00:00+00:00,2021-09-05 17:00:00+00:00,2021-09-05 13:00:00-04:00,62,86.0,84.73836318452118,boost_5y_absolute,True
2021-09-03 04:00:00+00:00,2021-09-05 18:00:00+00:00,2021-09-05 14:00:00-04:00,63,89.0,85.16316946048019,boost_5y_absolute,True
2021-09-03 04:00:00+00:00,2021-09-05 19:00:00+00:00,2021-09-05 15:00:00-04:00,64,88.0,85.46154212525776,boost_5y_absolute,True
2021-09-03 04:00:00+00:00,2021-09-05 20:00:00+00:00,2021-09-05 16:00:00-04:00,65,88.0,85.04978697523589,boost_5y_absolute,True
2021-09-03 04:00:00+00:00,2021-09-05 21:00:00+00:00,2021-09-05 17:00:00-04:00,66,86.0,83.76451782708281,boost_5y_absolute,True
2021-09-03 04:00:00+00:00,2021-09-05 22:00:00+00:00,2021-09-05 18:00:00-04:00,67,83.0,81.32116759600828,boost_5y_absolute,True
2021-09-03 04:00:00+00:00,2021-09-05 23:00:00+00:00,2021-09-05 19:00:00-04:00,68,77.0,77.86743679724806,boost_5y_absolute,True
2021-09-03 04:00:00+00:00,2021-09-06 00:00:00+00:00,2021-09-05 20:00:00-04:00,69,76.0,75.51302207411872,boost_5y_absolute,True
2021-09-03 04:00:00+00:00,2021-09-06 01:00:00+00:00,2021-09-05 21:00:00-04:00,70,74.0,74.21130350156368,boost_5y_absolute,True
2021-09-03 04:00:00+00:00,2021-09-06 02:00:00+00:00,2021-09-05 22:00:00-04:00,71,71.0,73.09034357270446,boost_5y_absolute,True
2021-09-03 04:00:00+00:00,2021-09-06 03:00:00+00:00,2021-09-05 23:00:00-04:00,72,71.0,72.34139719313158,boost_5y_absolute,True
2021-09-03 04:00:00+00:00,2021-09-06 04:00:00+00:00,2021-09-06 00:00:00-04:00,73,69.0,71.3126869328803,boost_5y_absolute,True
2021-09-03 04:00:00+00:00,2021-09-06 05:00:00+00:00,2021-09-06 01:00:00-04:00,74,69.0,70.62784654084548,boost_5y_absolute,True
2021-09-03 04:00:00+00:00,2021-09-06 06:00:00+00:00,2021-09-06 02:00:00-04:00,75,67.0,69.92699136448103,boost_5y_absolute,True
2021-09-03 04:00:00+00:00,2021-09-06 07:00:00+00:00,2021-09-06 03:00:00-04:00,76,68.0,69.40354562820127,boost_5y_absolute,True
2021-09-03 04:00:00+00:00,2021-09-06 08:00:00+00:00,2021-09-06 04:00:00-04:00,77,66.0,68.99518362945739,boost_5y_absolute,True
2021-09-03 04:00:00+00:00,2021-09-06 09:00:00+00:00,2021-09-06 05:00:00-04:00,78,68.0,68.6759631765377,boost_5y_absolute,True
2021-09-03 04:00:00+00:00,2021-09-06 10:00:00+00:00,2021-09-06 06:00:00-04:00,79,68.0,68.38975235320255,boost_5y_absolute,True
2021-09-03 04:00:00+00:00,2021-09-06 11:00:00+00:00,2021-09-06 07:00:00-04:00,80,69.0,70.00214799557703,boost_5y_absolute,True
2021-09-03 04:00:00+00:00,2021-09-06 12:00:00+00:00,2021-09-06 08:00:00-04:00,81,73.0,73.31742657221123,boost_5y_absolute,True
2021-09-03 04:00:00+00:00,2021-09-06 13:00:00+00:00,2021-09-06 09:00:00-04:00,82,77.0,76.46427930149,boost_5y_absolute,True
2021-09-03 04:00:00+00:00,2021-09-06 14:00:00+00:00,2021-09-06 10:00:00-04:00,83,79.0,78.95488767361121,boost_5y_absolute,True
2021-09-03 04:00:00+00:00,2021-09-06 15:00:00+00:00,2021-09-06 11:00:00-04:00,84,80.0,81.3712601862388,boost_5y_absolute,True
2021-09-03 04:00:00+00:00,2021-09-06 16:00:00+00:00,2021-09-06 12:00:00-04:00,85,81.0,82.84661851471463,boost_5y_absolute,True
2021-09-03 04:00:00+00:00,2021-09-06 17:00:00+00:00,2021-09-06 13:00:00-04:00,86,80.0,84.27516434335494,boost_5y_absolute,True
2021-09-03 04:00:00+00:00,2021-09-06 18:00:00+00:00,2021-09-06 14:00:00-04:00,87,81.0,84.65482411225838,boost_5y_absolute,True
2021-09-03 04:00:00+00:00,2021-09-06 19:00:00+00:00,2021-09-06 15:00:00-04:00,88,83.0,84.8202042366656,boost_5y_absolute,True
2021-09-03 04:00:00+00:00,2021-09-06 20:00:00+00:00,2021-09-06 16:00:00-04:00,89,83.0,84.3715569399418,boost_5y_absolute,True
2021-09-03 04:00:00+00:00,2021-09-06 21:00:00+00:00,2021-09-06 17:00:00-04:00,90,84.0,82.950818063002,boost_5y_absolute,True
2021-09-03 04:00:00+00:00,2021-09-06 22:00:00+00:00,2021-09-06 18:00:00-04:00,91,82.0,80.65094627685238,boost_5y_absolute,True
2021-09-03 04:00:00+00:00,2021-09-06 23:00:00+00:00,2021-09-06 19:00:00-04:00,92,76.0,77.23265337394213,boost_5y_absolute,True
2021-09-03 04:00:00+00:00,2021-09-07 00:00:00+00:00,2021-09-06 20:00:00-04:00,93,74.0,75.0063316258663,boost_5y_absolute,True
2021-09-03 04:00:00+00:00,2021-09-07 01:00:00+00:00,2021-09-06 21:00:00-04:00,94,72.0,73.81444564090093,boost_5y_absolute,True
2021-09-03 04:00:00+00:00,2021-09-07 02:00:00+00:00,2021-09-06 22:00:00-04:00,95,71.0,72.77977547407855,boost_5y_absolute,True
2021-09-03 04:00:00+00:00,2021-09-07 03:00:00+00:00,2021-09-06 23:00:00-04:00,96,70.0,72.02668431497999,boost_5y_absolute,True
2021-09-03 04:00:00+00:00,2021-09-07 04:00:00+00:00,2021-09-07 00:00:00-04:00,97,72.0,71.24195651954287,boost_5y_absolute,True
2021-09-03 04:00:00+00:00,2021-09-07 05:00:00+00:00,2021-09-07 01:00:00-04:00,98,69.0,70.4968671207867,boost_5y_absolute,True
2021-09-03 04:00:00+00:00,2021-09-07 06:00:00+00:00,2021-09-07 02:00:00-04:00,99,66.0,69.84978642942383,boost_5y_absolute,True
2021-09-03 04:00:00+00:00,2021-09-07 07:00:00+00:00,2021-09-07 03:00:00-04:00,100,65.0,69.35793994663202,boost_5y_absolute,True
2021-09-03 04:00:00+00:00,2021-09-07 08:00:00+00:00,2021-09-07 04:00:00-04:00,101,63.0,68.85598516776378,boost_5y_absolute,True
2021-09-03 04:00:00+00:00,2021-09-07 09:00:00+00:00,2021-09-07 05:00:00-04:00,102,63.0,68.58751189630166,boost_5y_absolute,True
2021-09-03 04:00:00+00:00,2021-09-07 10:00:00+00:00,2021-09-07 06:00:00-04:00,103,62.0,68.34268883106068,boost_5y_absolute,True
2021-09-03 04:00:00+00:00,2021-09-07 11:00:00+00:00,2021-09-07 07:00:00-04:00,104,66.0,70.00647716463374,boost_5y_absolute,True
2021-09-03 04:00:00+00:00,2021-09-07 12:00:00+00:00,2021-09-07 08:00:00-04:00,105,72.0,73.20094165077029,boost_5y_absolute,True
2021-09-03 04:00:00+00:00,2021-09-07 13:00:00+00:00,2021-09-07 09:00:00-04:00,106,77.0,76.35712650783309,boost_5y_absolute,True
2021-09-03 04:00:00+00:00,2021-09-07 14:00:00+00:00,2021-09-07 10:00:00-04:00,107,,78.82951509811535,boost_5y_absolute,False
2021-09-03 04:00:00+00:00,2021-09-07 15:00:00+00:00,2021-09-07 11:00:00-04:00,108,84.0,81.20902946045344,boost_5y_absolute,True
2021-09-03 04:00:00+00:00,2021-09-07 16:00:00+00:00,2021-09-07 12:00:00-04:00,109,85.0,82.609315456184,boost_5y_absolute,True
2021-09-03 04:00:00+00:00,2021-09-07 17:00:00+00:00,2021-09-07 13:00:00-04:00,110,86.0,83.96192371443061,boost_5y_absolute,True
2021-09-03 04:00:00+00:00,2021-09-07 18:00:00+00:00,2021-09-07 14:00:00-04:00,111,88.0,84.29155633572336,boost_5y_absolute,True
2021-09-03 04:00:00+00:00,2021-09-07 19:00:00+00:00,2021-09-07 15:00:00-04:00,112,88.0,84.41785496357319,boost_5y_absolute,True
2021-09-03 04:00:00+00:00,2021-09-07 20:00:00+00:00,2021-09-07 16:00:00-04:00,113,90.0,83.97641656443322,boost_5y_absolute,True
2021-09-03 04:00:00+00:00,2021-09-07 21:00:00+00:00,2021-09-07 17:00:00-04:00,114,88.0,82.58407207715447,boost_5y_absolute,True
2021-09-03 04:00:00+00:00,2021-09-07 22:00:00+00:00,2021-09-07 18:00:00-04:00,115,85.0,80.29447663266181,boost_5y_absolute,True
2021-09-03 04:00:00+00:00,2021-09-07 23:00:00+00:00,2021-09-07 19:00:00-04:00,116,80.0,77.00551282517645,boost_5y_absolute,True
2021-09-03 04:00:00+00:00,2021-09-08 00:00:00+00:00,2021-09-07 20:00:00-04:00,117,77.0,74.88933009914095,boost_5y_absolute,True
2021-09-03 04:00:00+00:00,2021-09-08 01:00:00+00:00,2021-09-07 21:00:00-04:00,118,77.0,73.61443540552224,boost_5y_absolute,True
2021-09-03 04:00:00+00:00,2021-09-08 02:00:00+00:00,2021-09-07 22:00:00-04:00,119,75.0,72.59279038990817,boost_5y_absolute,True
2021-09-03 04:00:00+00:00,2021-09-08 03:00:00+00:00,2021-09-07 23:00:00-04:00,120,74.0,71.85683252596515,boost_5y_absolute,True
2021-09-03 04:00:00+00:00,2021-09-08 04:00:00+00:00,2021-09-08 00:00:00-04:00,121,74.0,71.10568806806809,boost_5y_absolute,True
2021-09-03 04:00:00+00:00,2021-09-08 05:00:00+00:00,2021-09-08 01:00:00-04:00,122,74.0,70.47100058361333,boost_5y_absolute,True
2021-09-03 04:00:00+00:00,2021-09-08 06:00:00+00:00,2021-09-08 02:00:00-04:00,123,74.0,69.92510256838354,boost_5y_absolute,True
2021-09-03 04:00:00+00:00,2021-09-08 07:00:00+00:00,2021-09-08 03:00:00-04:00,124,74.0,69.37075310869608,boost_5y_absolute,True
2021-09-03 04:00:00+00:00,2021-09-08 08:00:00+00:00,2021-09-08 04:00:00-04:00,125,73.0,68.97523858497327,boost_5y_absolute,True
2021-09-03 04:00:00+00:00,2021-09-08 09:00:00+00:00,2021-09-08 05:00:00-04:00,126,72.0,68.69821239885889,boost_5y_absolute,True
2021-09-03 04:00:00+00:00,2021-09-08 10:00:00+00:00,2021-09-08 06:00:00-04:00,127,74.0,68.43816255068197,boost_5y_absolute,True
2021-09-03 04:00:00+00:00,2021-09-08 11:00:00+00:00,2021-09-08 07:00:00-04:00,128,74.0,69.8538337994062,boost_5y_absolute,True
2021-09-03 04:00:00+00:00,2021-09-08 12:00:00+00:00,2021-09-08 08:00:00-04:00,129,76.0,73.04096512108487,boost_5y_absolute,True
2021-09-03 04:00:00+00:00,2021-09-08 13:00:00+00:00,2021-09-08 09:00:00-04:00,130,78.0,76.10969762866995,boost_5y_absolute,True
2021-09-03 04:00:00+00:00,2021-09-08 14:00:00+00:00,2021-09-08 10:00:00-04:00,131,78.0,78.54737302755763,boost_5y_absolute,True
2021-09-03 04:00:00+00:00,2021-09-08 15:00:00+00:00,2021-09-08 11:00:00-04:00,132,78.0,80.92211575026906,boost_5y_absolute,True
2021-09-03 04:00:00+00:00,2021-09-08 16:00:00+00:00,2021-09-08 12:00:00-04:00,133,84.0,82.17528699753306,boost_5y_absolute,True
2021-09-03 04:00:00+00:00,2021-09-08 17:00:00+00:00,2021-09-08 13:00:00-04:00,134,86.0,83.58899793242075,boost_5y_absolute,True
2021-09-03 04:00:00+00:00,2021-09-08 18:00:00+00:00,2021-09-08 14:00:00-04:00,135,89.0,83.87719836233828,boost_5y_absolute,True
2021-09-03 04:00:00+00:00,2021-09-08 19:00:00+00:00,2021-09-08 15:00:00-04:00,136,92.0,84.0607042618099,boost_5y_absolute,True
2021-09-03 04:00:00+00:00,2021-09-08 20:00:00+00:00,2021-09-08 16:00:00-04:00,137,88.0,83.55945300043254,boost_5y_absolute,True
2021-09-03 04:00:00+00:00,2021-09-08 21:00:00+00:00,2021-09-08 17:00:00-04:00,138,86.0,82.1500088471099,boost_5y_absolute,True
2021-09-03 04:00:00+00:00,2021-09-08 22:00:00+00:00,2021-09-08 18:00:00-04:00,139,84.0,79.87580561918135,boost_5y_absolute,True
2021-09-03 04:00:00+00:00,2021-09-08 23:00:00+00:00,2021-09-08 19:00:00-04:00,140,78.0,76.73679177321375,boost_5y_absolute,True
2021-09-03 04:00:00+00:00,2021-09-09 00:00:00+00:00,2021-09-08 20:00:00-04:00,141,75.0,74.56282693950386,boost_5y_absolute,True
2021-09-03 04:00:00+00:00,2021-09-09 01:00:00+00:00,2021-09-08 21:00:00-04:00,142,73.0,73.2215130726243,boost_5y_absolute,True
2021-09-03 04:00:00+00:00,2021-09-09 02:00:00+00:00,2021-09-08 22:00:00-04:00,143,73.0,72.40992349135314,boost_5y_absolute,True
2021-09-03 04:00:00+00:00,2021-09-09 03:00:00+00:00,2021-09-08 23:00:00-04:00,144,73.0,71.71146373778389,boost_5y_absolute,True
2021-09-03 04:00:00+00:00,2021-09-09 04:00:00+00:00,2021-09-09 00:00:00-04:00,145,74.0,71.01475727579464,boost_5y_absolute,True
2021-09-03 04:00:00+00:00,2021-09-09 05:00:00+00:00,2021-09-09 01:00:00-04:00,146,73.0,70.35934555607356,boost_5y_absolute,True
2021-09-03 04:00:00+00:00,2021-09-09 06:00:00+00:00,2021-09-09 02:00:00-04:00,147,74.0,69.76174324660623,boost_5y_absolute,True
2021-09-03 04:00:00+00:00,2021-09-09 07:00:00+00:00,2021-09-09 03:00:00-04:00,148,74.0,69.27198325387064,boost_5y_absolute,True
2021-09-03 04:00:00+00:00,2021-09-09 08:00:00+00:00,2021-09-09 04:00:00-04:00,149,74.0,68.86096251205427,boost_5y_absolute,True
2021-09-03 04:00:00+00:00,2021-09-09 09:00:00+00:00,2021-09-09 05:00:00-04:00,150,73.0,68.54967793716375,boost_5y_absolute,True
2021-09-03 04:00:00+00:00,2021-09-09 10:00:00+00:00,2021-09-09 06:00:00-04:00,151,73.0,68.26036280322121,boost_5y_absolute,True
2021-09-03 04:00:00+00:00,2021-09-09 11:00:00+00:00,2021-09-09 07:00:00-04:00,152,74.0,69.69780581843582,boost_5y_absolute,True
2021-09-03 04:00:00+00:00,2021-09-09 12:00:00+00:00,2021-09-09 08:00:00-04:00,153,75.0,72.81156598912246,boost_5y_absolute,True
2021-09-03 04:00:00+00:00,2021-09-09 13:00:00+00:00,2021-09-09 09:00:00-04:00,154,74.0,75.94603108400774,boost_5y_absolute,True
2021-09-03 04:00:00+00:00,2021-09-09 14:00:00+00:00,2021-09-09 10:00:00-04:00,155,72.0,78.37579060984125,boost_5y_absolute,True
2021-09-03 04:00:00+00:00,2021-09-09 15:00:00+00:00,2021-09-09 11:00:00-04:00,156,71.0,80.79064463463553,boost_5y_absolute,True
2021-09-03 04:00:00+00:00,2021-09-09 16:00:00+00:00,2021-09-09 12:00:00-04:00,157,70.0,82.04339256387775,boost_5y_absolute,True
2021-09-03 04:00:00+00:00,2021-09-09 17:00:00+00:00,2021-09-09 13:00:00-04:00,158,70.0,83.44338635976229,boost_5y_absolute,True
2021-09-03 04:00:00+00:00,2021-09-09 18:00:00+00:00,2021-09-09 14:00:00-04:00,159,71.0,83.77386891081402,boost_5y_absolute,True
2021-09-03 04:00:00+00:00,2021-09-09 19:00:00+00:00,2021-09-09 15:00:00-04:00,160,72.0,84.17320970243989,boost_5y_absolute,True
2021-09-03 04:00:00+00:00,2021-09-09 20:00:00+00:00,2021-09-09 16:00:00-04:00,161,72.0,83.73668605809667,boost_5y_absolute,True
2021-09-03 04:00:00+00:00,2021-09-09 21:00:00+00:00,2021-09-09 17:00:00-04:00,162,73.0,82.39363771496565,boost_5y_absolute,True
2021-09-03 04:00:00+00:00,2021-09-09 22:00:00+00:00,2021-09-09 18:00:00-04:00,163,73.0,80.00399400114622,boost_5y_absolute,True
2021-09-03 04:00:00+00:00,2021-09-09 23:00:00+00:00,2021-09-09 19:00:00-04:00,164,69.0,76.7478848727151,boost_5y_absolute,True
2021-09-03 04:00:00+00:00,2021-09-10 00:00:00+00:00,2021-09-09 20:00:00-04:00,165,67.0,74.6230669123989,boost_5y_absolute,True
2021-09-03 04:00:00+00:00,2021-09-10 01:00:00+00:00,2021-09-09 21:00:00-04:00,166,65.0,73.22130282878493,boost_5y_absolute,True
2021-09-03 04:00:00+00:00,2021-09-10 02:00:00+00:00,2021-09-09 22:00:00-04:00,167,64.0,72.20323216770547,boost_5y_absolute,True
2021-09-03 04:00:00+00:00,2021-09-10 03:00:00+00:00,2021-09-09 23:00:00-04:00,168,63.0,71.5259818085227,boost_5y_absolute,True
2021-09-03 04:00:00+00:00,2021-09-10 04:00:00+00:00,2021-09-10 00:00:00-04:00,169,64.0,70.81281264916723,boost_5y_absolute,True
2021-09-03 04:00:00+00:00,2021-09-10 05:00:00+00:00,2021-09-10 01:00:00-04:00,170,64.0,70.13231530480017,boost_5y_absolute,True
2021-09-03 04:00:00+00:00,2021-09-10 06:00:00+00:00,2021-09-10 02:00:00-04:00,171,63.0,69.54044429798081,boost_5y_absolute,True
2021-09-03 04:00:00+00:00,2021-09-10 07:00:00+00:00,2021-09-10 03:00:00-04:00,172,62.0,68.99751484479309,boost_5y_absolute,True
2021-09-03 04:00:00+00:00,2021-09-10 08:00:00+00:00,2021-09-10 04:00:00-04:00,173,59.0,68.5771466469622,boost_5y_absolute,True
2021-09-03 04:00:00+00:00,2021-09-10 09:00:00+00:00,2021-09-10 05:00:00-04:00,174,60.0,68.26000951867522,boost_5y_absolute,True
2021-09-03 04:00:00+00:00,2021-09-10 10:00:00+00:00,2021-09-10 06:00:00-04:00,175,58.0,67.99715238329668,boost_5y_absolute,True
2021-09-03 04:00:00+00:00,2021-09-10 11:00:00+00:00,2021-09-10 07:00:00-04:00,176,62.0,69.49666579682203,boost_5y_absolute,True
2021-09-03 04:00:00+00:00,2021-09-10 12:00:00+00:00,2021-09-10 08:00:00-04:00,177,67.0,72.77186445616087,boost_5y_absolute,True
2021-09-03 04:00:00+00:00,2021-09-10 13:00:00+00:00,2021-09-10 09:00:00-04:00,178,70.0,75.97145469364905,boost_5y_absolute,True
2021-09-03 04:00:00+00:00,2021-09-10 14:00:00+00:00,2021-09-10 10:00:00-04:00,179,73.0,78.48047789495244,boost_5y_absolute,True
2021-09-03 04:00:00+00:00,2021-09-10 15:00:00+00:00,2021-09-10 11:00:00-04:00,180,75.0,80.88242476018824,boost_5y_absolute,True
2021-09-03 04:00:00+00:00,2021-09-10 16:00:00+00:00,2021-09-10 12:00:00-04:00,181,76.0,82.14928419352972,boost_5y_absolute,True
2021-09-03 04:00:00+00:00,2021-09-10 17:00:00+00:00,2021-09-10 13:00:00-04:00,182,78.0,83.4498342585013,boost_5y_absolute,True
2021-09-03 04:00:00+00:00,2021-09-10 18:00:00+00:00,2021-09-10 14:00:00-04:00,183,79.0,83.79126163284285,boost_5y_absolute,True
2021-09-03 04:00:00+00:00,2021-09-10 19:00:00+00:00,2021-09-10 15:00:00-04:00,184,79.0,84.18909825338727,boost_5y_absolute,True
2021-09-03 04:00:00+00:00,2021-09-10 20:00:00+00:00,2021-09-10 16:00:00-04:00,185,77.0,83.72756830004592,boost_5y_absolute,True
2021-09-03 04:00:00+00:00,2021-09-10 21:00:00+00:00,2021-09-10 17:00:00-04:00,186,78.0,82.3463338699008,boost_5y_absolute,True
2021-09-03 04:00:00+00:00,2021-09-10 22:00:00+00:00,2021-09-10 18:00:00-04:00,187,75.0,79.90105643999576,boost_5y_absolute,True
2021-09-03 04:00:00+00:00,2021-09-10 23:00:00+00:00,2021-09-10 19:00:00-04:00,188,67.0,76.70782664866476,boost_5y_absolute,True
2021-09-03 04:00:00+00:00,2021-09-11 00:00:00+00:00,2021-09-10 20:00:00-04:00,189,64.0,74.7585896276683,boost_5y_absolute,True
2021-09-03 04:00:00+00:00,2021-09-11 01:00:00+00:00,2021-09-10 21:00:00-04:00,190,64.0,73.28167717752113,boost_5y_absolute,True
2021-09-03 04:00:00+00:00,2021-09-11 02:00:00+00:00,2021-09-10 22:00:00-04:00,191,63.0,72.25062169572092,boost_5y_absolute,True
2021-09-03 04:00:00+00:00,2021-09-11 03:00:00+00:00,2021-09-10 23:00:00-04:00,192,61.0,71.61611130613896,boost_5y_absolute,True
2021-09-03 04:00:00+00:00,2021-09-11 04:00:00+00:00,2021-09-11 00:00:00-04:00,193,62.0,70.7817488921131,boost_5y_absolute,True
2021-09-03 04:00:00+00:00,2021-09-11 05:00:00+00:00,2021-09-11 01:00:00-04:00,194,60.0,70.07079115498802,boost_5y_absolute,True
2021-09-03 04:00:00+00:00,2021-09-11 06:00:00+00:00,2021-09-11 02:00:00-04:00,195,58.0,69.4951061088872,boost_5y_absolute,True
2021-09-03 04:00:00+00:00,2021-09-11 07:00:00+00:00,2021-09-11 03:00:00-04:00,196,58.0,68.91929573870325,boost_5y_absolute,True
2021-09-03 04:00:00+00:00,2021-09-11 08:00:00+00:00,2021-09-11 04:00:00-04:00,197,57.0,68.48896068362882,boost_5y_absolute,True
2021-09-03 04:00:00+00:00,2021-09-11 09:00:00+00:00,2021-09-11 05:00:00-04:00,198,57.0,68.22073569190229,boost_5y_absolute,True
2021-09-03 04:00:00+00:00,2021-09-11 10:00:00+00:00,2021-09-11 06:00:00-04:00,199,57.0,67.86595456919864,boost_5y_absolute,True
2021-09-03 04:00:00+00:00,2021-09-11 11:00:00+00:00,2021-09-11 07:00:00-04:00,200,60.0,69.29894886698933,boost_5y_absolute,True
2021-09-03 04:00:00+00:00,2021-09-11 12:00:00+00:00,2021-09-11 08:00:00-04:00,201,66.0,72.41570922473822,boost_5y_absolute,True
2021-09-03 04:00:00+00:00,2021-09-11 13:00:00+00:00,2021-09-11 09:00:00-04:00,202,68.0,75.5799117293402,boost_5y_absolute,True
2021-09-03 04:00:00+00:00,2021-09-11 14:00:00+00:00,2021-09-11 10:00:00-04:00,203,75.0,78.09496033637126,boost_5y_absolute,True
2021-09-03 04:00:00+00:00,2021-09-11 15:00:00+00:00,2021-09-11 11:00:00-04:00,204,79.0,80.38697951620944,boost_5y_absolute,True
2021-09-03 04:00:00+00:00,2021-09-11 16:00:00+00:00,2021-09-11 12:00:00-04:00,205,80.0,81.67773386290442,boost_5y_absolute,True
2021-09-03 04:00:00+00:00,2021-09-11 17:00:00+00:00,2021-09-11 13:00:00-04:00,206,80.0,82.90236480800344,boost_5y_absolute,True
2021-09-03 04:00:00+00:00,2021-09-11 18:00:00+00:00,2021-09-11 14:00:00-04:00,207,82.0,83.22362846577292,boost_5y_absolute,True
2021-09-03 04:00:00+00:00,2021-09-11 19:00:00+00:00,2021-09-11 15:00:00-04:00,208,82.0,83.60658383192013,boost_5y_absolute,True
2021-09-03 04:00:00+00:00,2021-09-11 20:00:00+00:00,2021-09-11 16:00:00-04:00,209,82.0,83.11840607823504,boost_5y_absolute,True
2021-09-03 04:00:00+00:00,2021-09-11 21:00:00+00:00,2021-09-11 17:00:00-04:00,210,81.0,81.80461958083148,boost_5y_absolute,True
2021-09-03 04:00:00+00:00,2021-09-11 22:00:00+00:00,2021-09-11 18:00:00-04:00,211,78.0,79.42901566883808,boost_5y_absolute,True
2021-09-03 04:00:00+00:00,2021-09-11 23:00:00+00:00,2021-09-11 19:00:00-04:00,212,71.0,76.18327714255415,boost_5y_absolute,True
2021-09-03 04:00:00+00:00,2021-09-12 00:00:00+00:00,2021-09-11 20:00:00-04:00,213,70.0,74.28383348943345,boost_5y_absolute,True
2021-09-03 04:00:00+00:00,2021-09-12 01:00:00+00:00,2021-09-11 21:00:00-04:00,214,69.0,72.86842432501699,boost_5y_absolute,True
2021-09-03 04:00:00+00:00,2021-09-12 02:00:00+00:00,2021-09-11 22:00:00-04:00,215,69.0,71.91761191194915,boost_5y_absolute,True
2021-09-03 04:00:00+00:00,2021-09-12 03:00:00+00:00,2021-09-11 23:00:00-04:00,216,68.0,71.28074372366785,boost_5y_absolute,True
2021-09-03 04:00:00+00:00,2021-09-12 04:00:00+00:00,2021-09-12 00:00:00-04:00,217,67.0,70.56361842645788,boost_5y_absolute,True
2021-09-03 04:00:00+00:00,2021-09-12 05:00:00+00:00,2021-09-12 01:00:00-04:00,218,62.0,69.84661665402732,boost_5y_absolute,True
2021-09-03 04:00:00+00:00,2021-09-12 06:00:00+00:00,2021-09-12 02:00:00-04:00,219,64.0,69.22988176597597,boost_5y_absolute,True
2021-09-03 04:00:00+00:00,2021-09-12 07:00:00+00:00,2021-09-12 03:00:00-04:00,220,63.0,68.6140719165006,boost_5y_absolute,True
2021-09-03 04:00:00+00:00,2021-09-12 08:00:00+00:00,2021-09-12 04:00:00-04:00,221,62.0,68.19741810399441,boost_5y_absolute,True
2021-09-03 04:00:00+00:00,2021-09-12 09:00:00+00:00,2021-09-12 05:00:00-04:00,222,62.0,67.9401724674622,boost_5y_absolute,True
2021-09-03 04:00:00+00:00,2021-09-12 10:00:00+00:00,2021-09-12 06:00:00-04:00,223,62.0,67.57638696126337,boost_5y_absolute,True
2021-09-03 04:00:00+00:00,2021-09-12 11:00:00+00:00,2021-09-12 07:00:00-04:00,224,64.0,68.95678163009033,boost_5y_absolute,True
2021-09-03 04:00:00+00:00,2021-09-12 12:00:00+00:00,2021-09-12 08:00:00-04:00,225,68.0,71.9451615112584,boost_5y_absolute,True
2021-09-03 04:00:00+00:00,2021-09-12 13:00:00+00:00,2021-09-12 09:00:00-04:00,226,75.0,74.96882294754813,boost_5y_absolute,True
2021-09-03 04:00:00+00:00,2021-09-12 14:00:00+00:00,2021-09-12 10:00:00-04:00,227,79.0,77.54550101979538,boost_5y_absolute,True
2021-09-03 04:00:00+00:00,2021-09-12 15:00:00+00:00,2021-09-12 11:00:00-04:00,228,82.0,79.86288364409255,boost_5y_absolute,True
2021-09-03 04:00:00+00:00,2021-09-12 16:00:00+00:00,2021-09-12 12:00:00-04:00,229,84.0,81.20192115059604,boost_5y_absolute,True
2021-09-03 04:00:00+00:00,2021-09-12 17:00:00+00:00,2021-09-12 13:00:00-04:00,230,86.0,82.41153802182613,boost_5y_absolute,True
2021-09-03 04:00:00+00:00,2021-09-12 18:00:00+00:00,2021-09-12 14:00:00-04:00,231,87.0,82.87088014906045,boost_5y_absolute,True
2021-09-03 04:00:00+00:00,2021-09-12 19:00:00+00:00,2021-09-12 15:00:00-04:00,232,87.0,83.21820992282741,boost_5y_absolute,True
2021-09-03 04:00:00+00:00,2021-09-12 20:00:00+00:00,2021-09-12 16:00:00-04:00,233,86.0,82.7595163639541,boost_5y_absolute,True
2021-09-03 04:00:00+00:00,2021-09-12 21:00:00+00:00,2021-09-12 17:00:00-04:00,234,84.0,81.50893704833987,boost_5y_absolute,True
2021-09-03 04:00:00+00:00,2021-09-12 22:00:00+00:00,2021-09-12 18:00:00-04:00,235,80.0,79.08113563590337,boost_5y_absolute,True
2021-09-03 04:00:00+00:00,2021-09-12 23:00:00+00:00,2021-09-12 19:00:00-04:00,236,77.0,75.6719681976973,boost_5y_absolute,True
2021-09-03 04:00:00+00:00,2021-09-13 00:00:00+00:00,2021-09-12 20:00:00-04:00,237,76.0,73.78324332067245,boost_5y_absolute,True
2021-09-03 04:00:00+00:00,2021-09-13 01:00:00+00:00,2021-09-12 21:00:00-04:00,238,73.0,72.32848596427012,boost_5y_absolute,True
2021-09-03 04:00:00+00:00,2021-09-13 02:00:00+00:00,2021-09-12 22:00:00-04:00,239,73.0,71.41398610949173,boost_5y_absolute,True
2021-09-03 04:00:00+00:00,2021-09-13 03:00:00+00:00,2021-09-12 23:00:00-04:00,240,70.0,70.74558096493564,boost_5y_absolute,True
2021-09-03 04:00:00+00:00,2021-09-13 04:00:00+00:00,2021-09-13 00:00:00-04:00,241,69.0,69.95536973789284,boost_5y_absolute,True
2021-09-03 04:00:00+00:00,2021-09-13 05:00:00+00:00,2021-09-13 01:00:00-04:00,242,68.0,69.24843782170488,boost_5y_absolute,True
2021-09-03 04:00:00+00:00,2021-09-13 06:00:00+00:00,2021-09-13 02:00:00-04:00,243,67.0,68.70055134248803,boost_5y_absolute,True
2021-09-03 04:00:00+00:00,2021-09-13 07:00:00+00:00,2021-09-13 03:00:00-04:00,244,67.0,68.04664422276319,boost_5y_absolute,True
2021-09-03 04:00:00+00:00,2021-09-13 08:00:00+00:00,2021-09-13 04:00:00-04:00,245,65.0,67.6713049035991,boost_5y_absolute,True
2021-09-03 04:00:00+00:00,2021-09-13 09:00:00+00:00,2021-09-13 05:00:00-04:00,246,65.0,67.3952759412743,boost_5y_absolute,True
2021-09-03 04:00:00+00:00,2021-09-13 10:00:00+00:00,2021-09-13 06:00:00-04:00,247,65.0,67.00328769251162,boost_5y_absolute,True
2021-09-03 04:00:00+00:00,2021-09-13 11:00:00+00:00,2021-09-13 07:00:00-04:00,248,66.0,68.32218678627076,boost_5y_absolute,True
2021-09-03 04:00:00+00:00,2021-09-13 12:00:00+00:00,2021-09-13 08:00:00-04:00,249,70.0,71.38094604755923,boost_5y_absolute,True
2021-09-03 04:00:00+00:00,2021-09-13 13:00:00+00:00,2021-09-13 09:00:00-04:00,250,75.0,74.4685669102095,boost_5y_absolute,True
2021-09-03 04:00:00+00:00,2021-09-13 14:00:00+00:00,2021-09-13 10:00:00-04:00,251,80.0,77.00027385919469,boost_5y_absolute,True
2021-09-03 04:00:00+00:00,2021-09-13 15:00:00+00:00,2021-09-13 11:00:00-04:00,252,85.0,79.25397122544028,boost_5y_absolute,True
2021-09-03 04:00:00+00:00,2021-09-13 16:00:00+00:00,2021-09-13 12:00:00-04:00,253,85.0,80.60099690395575,boost_5y_absolute,True
2021-09-03 04:00:00+00:00,2021-09-13 17:00:00+00:00,2021-09-13 13:00:00-04:00,254,87.0,81.85468429732936,boost_5y_absolute,True
2021-09-03 04:00:00+00:00,2021-09-13 18:00:00+00:00,2021-09-13 14:00:00-04:00,255,89.0,82.26764093266145,boost_5y_absolute,True
2021-09-03 04:00:00+00:00,2021-09-13 19:00:00+00:00,2021-09-13 15:00:00-04:00,256,89.0,82.6487022715306,boost_5y_absolute,True
2021-09-03 04:00:00+00:00,2021-09-13 20:00:00+00:00,2021-09-13 16:00:00-04:00,257,88.0,82.2048532313393,boost_5y_absolute,True
2021-09-03 04:00:00+00:00,2021-09-13 21:00:00+00:00,2021-09-13 17:00:00-04:00,258,87.0,81.02024061184129,boost_5y_absolute,True
2021-09-03 04:00:00+00:00,2021-09-13 22:00:00+00:00,2021-09-13 18:00:00-04:00,259,82.0,78.54051315077537,boost_5y_absolute,True
2021-09-03 04:00:00+00:00,2021-09-13 23:00:00+00:00,2021-09-13 19:00:00-04:00,260,80.0,75.14456879105107,boost_5y_absolute,True
2021-09-03 04:00:00+00:00,2021-09-14 00:00:00+00:00,2021-09-13 20:00:00-04:00,261,78.0,73.34640862371752,boost_5y_absolute,True
2021-09-03 04:00:00+00:00,2021-09-14 01:00:00+00:00,2021-09-13 21:00:00-04:00,262,75.0,72.0037289962407,boost_5y_absolute,True
2021-09-03 04:00:00+00:00,2021-09-14 02:00:00+00:00,2021-09-13 22:00:00-04:00,263,73.0,71.05271512069663,boost_5y_absolute,True
2021-09-03 04:00:00+00:00,2021-09-14 03:00:00+00:00,2021-09-13 23:00:00-04:00,264,73.0,70.3181869221567,boost_5y_absolute,True
2021-09-03 04:00:00+00:00,2021-09-14 04:00:00+00:00,2021-09-14 00:00:00-04:00,265,70.0,69.53938668363907,boost_5y_absolute,True
2021-09-03 04:00:00+00:00,2021-09-14 05:00:00+00:00,2021-09-14 01:00:00-04:00,266,72.0,68.82393759020513,boost_5y_absolute,True
2021-09-03 04:00:00+00:00,2021-09-14 06:00:00+00:00,2021-09-14 02:00:00-04:00,267,71.0,68.26379132692809,boost_5y_absolute,True
2021-09-03 04:00:00+00:00,2021-09-14 07:00:00+00:00,2021-09-14 03:00:00-04:00,268,70.0,67.63931508069362,boost_5y_absolute,True
2021-09-03 04:00:00+00:00,2021-09-14 08:00:00+00:00,2021-09-14 04:00:00-04:00,269,68.0,67.27048717933444,boost_5y_absolute,True
2021-09-03 04:00:00+00:00,2021-09-14 09:00:00+00:00,2021-09-14 05:00:00-04:00,270,68.0,66.98241754388856,boost_5y_absolute,True
2021-09-03 04:00:00+00:00,2021-09-14 10:00:00+00:00,2021-09-14 06:00:00-04:00,271,68.0,66.59597475958414,boost_5y_absolute,True
2021-09-03 04:00:00+00:00,2021-09-14 11:00:00+00:00,2021-09-14 07:00:00-04:00,272,69.0,67.91572916481505,boost_5y_absolute,True
2021-09-03 04:00:00+00:00,2021-09-14 12:00:00+00:00,2021-09-14 08:00:00-04:00,273,73.0,71.01927640521559,boost_5y_absolute,True
2021-09-03 04:00:00+00:00,2021-09-14 13:00:00+00:00,2021-09-14 09:00:00-04:00,274,78.0,74.23101925438415,boost_5y_absolute,True
2021-09-03 04:00:00+00:00,2021-09-14 14:00:00+00:00,2021-09-14 10:00:00-04:00,275,82.0,76.73961158076715,boost_5y_absolute,True
2021-09-03 04:00:00+00:00,2021-09-14 15:00:00+00:00,2021-09-14 11:00:00-04:00,276,86.0,78.98898853257352,boost_5y_absolute,True
2021-09-03 04:00:00+00:00,2021-09-14 16:00:00+00:00,2021-09-14 12:00:00-04:00,277,88.0,80.34914041245821,boost_5y_absolute,True
2021-09-03 04:00:00+00:00,2021-09-14 17:00:00+00:00,2021-09-14 13:00:00-04:00,278,88.0,81.56262353081472,boost_5y_absolute,True
2021-09-03 04:00:00+00:00,2021-09-14 18:00:00+00:00,2021-09-14 14:00:00-04:00,279,90.0,82.10891780470698,boost_5y_absolute,True
2021-09-03 04:00:00+00:00,2021-09-14 19:00:00+00:00,2021-09-14 15:00:00-04:00,280,88.0,82.49146701509017,boost_5y_absolute,True
2021-09-03 04:00:00+00:00,2021-09-14 20:00:00+00:00,2021-09-14 16:00:00-04:00,281,87.0,81.89943691387846,boost_5y_absolute,True
2021-09-03 04:00:00+00:00,2021-09-14 21:00:00+00:00,2021-09-14 17:00:00-04:00,282,87.0,80.73953663301465,boost_5y_absolute,True
2021-09-03 04:00:00+00:00,2021-09-14 22:00:00+00:00,2021-09-14 18:00:00-04:00,283,85.0,78.23296831006975,boost_5y_absolute,True
2021-09-03 04:00:00+00:00,2021-09-14 23:00:00+00:00,2021-09-14 19:00:00-04:00,284,81.0,74.9278664969208,boost_5y_absolute,True
2021-09-03 04:00:00+00:00,2021-09-15 00:00:00+00:00,2021-09-14 20:00:00-04:00,285,78.0,73.19826948398263,boost_5y_absolute,True
2021-09-03 04:00:00+00:00,2021-09-15 01:00:00+00:00,2021-09-14 21:00:00-04:00,286,78.0,71.90538755273575,boost_5y_absolute,True
2021-09-03 04:00:00+00:00,2021-09-15 02:00:00+00:00,2021-09-14 22:00:00-04:00,287,78.0,70.94628182273786,boost_5y_absolute,True
2021-09-03 04:00:00+00:00,2021-09-15 03:00:00+00:00,2021-09-14 23:00:00-04:00,288,76.0,70.1468634257645,boost_5y_absolute,True
2021-09-03 04:00:00+00:00,2021-09-15 04:00:00+00:00,2021-09-15 00:00:00-04:00,289,76.0,69.50705524744261,boost_5y_absolute,True
2021-09-03 04:00:00+00:00,2021-09-15 05:00:00+00:00,2021-09-15 01:00:00-04:00,290,75.0,68.77353264934992,boost_5y_absolute,True
2021-09-03 04:00:00+00:00,2021-09-15 06:00:00+00:00,2021-09-15 02:00:00-04:00,291,74.0,68.26667932843061,boost_5y_absolute,True
2021-09-03 04:00:00+00:00,2021-09-15 07:00:00+00:00,2021-09-15 03:00:00-04:00,292,74.0,67.6582990682522,boost_5y_absolute,True
2021-09-03 04:00:00+00:00,2021-09-15 08:00:00+00:00,2021-09-15 04:00:00-04:00,293,73.0,67.28806662577355,boost_5y_absolute,True
2021-09-03 04:00:00+00:00,2021-09-15 09:00:00+00:00,2021-09-15 05:00:00-04:00,294,73.0,67.03834312301404,boost_5y_absolute,True
2021-09-03 04:00:00+00:00,2021-09-15 10:00:00+00:00,2021-09-15 06:00:00-04:00,295,73.0,66.67782047092872,boost_5y_absolute,True
2021-09-03 04:00:00+00:00,2021-09-15 11:00:00+00:00,2021-09-15 07:00:00-04:00,296,74.0,67.89637899803704,boost_5y_absolute,True
2021-09-03 04:00:00+00:00,2021-09-15 12:00:00+00:00,2021-09-15 08:00:00-04:00,297,75.0,70.88399096987114,boost_5y_absolute,True
2021-09-03 04:00:00+00:00,2021-09-15 13:00:00+00:00,2021-09-15 09:00:00-04:00,298,77.0,74.03035392315176,boost_5y_absolute,True
2021-09-03 04:00:00+00:00,2021-09-15 14:00:00+00:00,2021-09-15 10:00:00-04:00,299,79.0,76.54589957787812,boost_5y_absolute,True
2021-09-03 04:00:00+00:00,2021-09-15 15:00:00+00:00,2021-09-15 11:00:00-04:00,300,83.0,78.7325768249109,boost_5y_absolute,True
2021-09-03 04:00:00+00:00,2021-09-15 16:00:00+00:00,2021-09-15 12:00:00-04:00,301,87.0,80.19925392600992,boost_5y_absolute,True
2021-09-03 04:00:00+00:00,2021-09-15 17:00:00+00:00,2021-09-15 13:00:00-04:00,302,84.0,81.27926421652136,boost_5y_absolute,True
2021-09-03 04:00:00+00:00,2021-09-15 18:00:00+00:00,2021-09-15 14:00:00-04:00,303,88.0,81.91984009671202,boost_5y_absolute,True
2021-09-03 04:00:00+00:00,2021-09-15 19:00:00+00:00,2021-09-15 15:00:00-04:00,304,88.0,82.1195204352881,boost_5y_absolute,True
2021-09-03 04:00:00+00:00,2021-09-15 20:00:00+00:00,2021-09-15 16:00:00-04:00,305,86.0,81.60147463245312,boost_5y_absolute,True
2021-09-03 04:00:00+00:00,2021-09-15 21:00:00+00:00,2021-09-15 17:00:00-04:00,306,84.0,80.41478762635319,boost_5y_absolute,True
2021-09-03 04:00:00+00:00,2021-09-15 22:00:00+00:00,2021-09-15 18:00:00-04:00,307,82.0,77.94810090079268,boost_5y_absolute,True
2021-09-03 04:00:00+00:00,2021-09-15 23:00:00+00:00,2021-09-15 19:00:00-04:00,308,81.0,74.77481344016725,boost_5y_absolute,True
2021-09-03 04:00:00+00:00,2021-09-16 00:00:00+00:00,2021-09-15 20:00:00-04:00,309,80.0,73.24127578678308,boost_5y_absolute,True
2021-09-03 04:00:00+00:00,2021-09-16 01:00:00+00:00,2021-09-15 21:00:00-04:00,310,78.0,71.82817906631323,boost_5y_absolute,True
2021-09-03 04:00:00+00:00,2021-09-16 02:00:00+00:00,2021-09-15 22:00:00-04:00,311,75.0,70.92206753888607,boost_5y_absolute,True
2021-09-03 04:00:00+00:00,2021-09-16 03:00:00+00:00,2021-09-15 23:00:00-04:00,312,76.0,70.14957772230456,boost_5y_absolute,True
2021-09-03 04:00:00+00:00,2021-09-16 04:00:00+00:00,2021-09-16 00:00:00-04:00,313,74.0,69.45667505814912,boost_5y_absolute,True
2021-09-03 04:00:00+00:00,2021-09-16 05:00:00+00:00,2021-09-16 01:00:00-04:00,314,73.0,68.76311172768546,boost_5y_absolute,True
2021-09-03 04:00:00+00:00,2021-09-16 06:00:00+00:00,2021-09-16 02:00:00-04:00,315,72.0,68.21621823621201,boost_5y_absolute,True
2021-09-03 04:00:00+00:00,2021-09-16 07:00:00+00:00,2021-09-16 03:00:00-04:00,316,72.0,67.56585853273624,boost_5y_absolute,True
2021-09-03 04:00:00+00:00,2021-09-16 08:00:00+00:00,2021-09-16 04:00:00-04:00,317,73.0,67.14132989057967,boost_5y_absolute,True
2021-09-03 04:00:00+00:00,2021-09-16 09:00:00+00:00,2021-09-16 05:00:00-04:00,318,71.0,66.94252066171526,boost_5y_absolute,True
2021-09-03 04:00:00+00:00,2021-09-16 10:00:00+00:00,2021-09-16 06:00:00-04:00,319,71.0,66.56994287337997,boost_5y_absolute,True
2021-09-03 04:00:00+00:00,2021-09-16 11:00:00+00:00,2021-09-16 07:00:00-04:00,320,72.0,67.7813448155153,boost_5y_absolute,True
2021-09-03 04:00:00+00:00,2021-09-16 12:00:00+00:00,2021-09-16 08:00:00-04:00,321,75.0,70.58829903806668,boost_5y_absolute,True
2021-09-03 04:00:00+00:00,2021-09-16 13:00:00+00:00,2021-09-16 09:00:00-04:00,322,79.0,73.64018989038622,boost_5y_absolute,True
2021-09-03 04:00:00+00:00,2021-09-16 14:00:00+00:00,2021-09-16 10:00:00-04:00,323,81.0,76.14670152624325,boost_5y_absolute,True
2021-09-03 04:00:00+00:00,2021-09-16 15:00:00+00:00,2021-09-16 11:00:00-04:00,324,84.0,78.33105241085873,boost_5y_absolute,True
2021-09-03 04:00:00+00:00,2021-09-16 16:00:00+00:00,2021-09-16 12:00:00-04:00,325,84.0,79.78441720468946,boost_5y_absolute,True
2021-09-03 04:00:00+00:00,2021-09-16 17:00:00+00:00,2021-09-16 13:00:00-04:00,326,84.0,80.94449903079922,boost_5y_absolute,True
2021-09-03 04:00:00+00:00,2021-09-16 18:00:00+00:00,2021-09-16 14:00:00-04:00,327,84.0,81.62493429316324,boost_5y_absolute,True
2021-09-03 04:00:00+00:00,2021-09-16 19:00:00+00:00,2021-09-16 15:00:00-04:00,328,84.0,81.71872401758941,boost_5y_absolute,True
2021-09-03 04:00:00+00:00,2021-09-16 20:00:00+00:00,2021-09-16 16:00:00-04:00,329,83.0,81.26614980961641,boost_5y_absolute,True
2021-09-03 04:00:00+00:00,2021-09-16 21:00:00+00:00,2021-09-16 17:00:00-04:00,330,82.0,79.98615693856536,boost_5y_absolute,True
2021-09-03 04:00:00+00:00,2021-09-16 22:00:00+00:00,2021-09-16 18:00:00-04:00,331,80.0,77.42616396918555,boost_5y_absolute,True
2021-09-03 04:00:00+00:00,2021-09-16 23:00:00+00:00,2021-09-16 19:00:00-04:00,332,79.0,74.46307784456829,boost_5y_absolute,True
2021-09-03 04:00:00+00:00,2021-09-17 00:00:00+00:00,2021-09-16 20:00:00-04:00,333,78.0,72.95627677299578,boost_5y_absolute,True
2021-09-03 04:00:00+00:00,2021-09-17 01:00:00+00:00,2021-09-16 21:00:00-04:00,334,77.0,71.55662364452098,boost_5y_absolute,True
2021-09-03 04:00:00+00:00,2021-09-17 02:00:00+00:00,2021-09-16 22:00:00-04:00,335,76.0,70.69057235795307,boost_5y_absolute,True
2021-09-03 04:00:00+00:00,2021-09-17 03:00:00+00:00,2021-09-16 23:00:00-04:00,336,75.0,69.94408748396201,boost_5y_absolute,True
2021-09-10 04:00:00+00:00,2021-09-10 04:00:00+00:00,2021-09-10 00:00:00-04:00,1,64.0,74.02577311174915,boost_5y_absolute,True
2021-09-10 04:00:00+00:00,2021-09-10 05:00:00+00:00,2021-09-10 01:00:00-04:00,2,64.0,73.32868027649698,boost_5y_absolute,True
2021-09-10 04:00:00+00:00,2021-09-10 06:00:00+00:00,2021-09-10 02:00:00-04:00,3,63.0,72.44138313332176,boost_5y_absolute,True
2021-09-10 04:00:00+00:00,2021-09-10 07:00:00+00:00,2021-09-10 03:00:00-04:00,4,62.0,72.04119951799633,boost_5y_absolute,True
2021-09-10 04:00:00+00:00,2021-09-10 08:00:00+00:00,2021-09-10 04:00:00-04:00,5,59.0,71.5575325188316,boost_5y_absolute,True
2021-09-10 04:00:00+00:00,2021-09-10 09:00:00+00:00,2021-09-10 05:00:00-04:00,6,60.0,71.26514984116125,boost_5y_absolute,True
2021-09-10 04:00:00+00:00,2021-09-10 10:00:00+00:00,2021-09-10 06:00:00-04:00,7,58.0,71.01498823380027,boost_5y_absolute,True
2021-09-10 04:00:00+00:00,2021-09-10 11:00:00+00:00,2021-09-10 07:00:00-04:00,8,62.0,72.48003527721511,boost_5y_absolute,True
2021-09-10 04:00:00+00:00,2021-09-10 12:00:00+00:00,2021-09-10 08:00:00-04:00,9,67.0,75.7283181264088,boost_5y_absolute,True
2021-09-10 04:00:00+00:00,2021-09-10 13:00:00+00:00,2021-09-10 09:00:00-04:00,10,70.0,78.16698069202054,boost_5y_absolute,True
2021-09-10 04:00:00+00:00,2021-09-10 14:00:00+00:00,2021-09-10 10:00:00-04:00,11,73.0,79.8452053271891,boost_5y_absolute,True
2021-09-10 04:00:00+00:00,2021-09-10 15:00:00+00:00,2021-09-10 11:00:00-04:00,12,75.0,82.1521357610311,boost_5y_absolute,True
2021-09-10 04:00:00+00:00,2021-09-10 16:00:00+00:00,2021-09-10 12:00:00-04:00,13,76.0,83.23086791809911,boost_5y_absolute,True
2021-09-10 04:00:00+00:00,2021-09-10 17:00:00+00:00,2021-09-10 13:00:00-04:00,14,78.0,84.52451890642898,boost_5y_absolute,True
2021-09-10 04:00:00+00:00,2021-09-10 18:00:00+00:00,2021-09-10 14:00:00-04:00,15,79.0,85.63615754955632,boost_5y_absolute,True
2021-09-10 04:00:00+00:00,2021-09-10 19:00:00+00:00,2021-09-10 15:00:00-04:00,16,79.0,86.06406690729149,boost_5y_absolute,True
2021-09-10 04:00:00+00:00,2021-09-10 20:00:00+00:00,2021-09-10 16:00:00-04:00,17,77.0,85.50316512726558,boost_5y_absolute,True
2021-09-10 04:00:00+00:00,2021-09-10 21:00:00+00:00,2021-09-10 17:00:00-04:00,18,78.0,84.26007837868086,boost_5y_absolute,True
2021-09-10 04:00:00+00:00,2021-09-10 22:00:00+00:00,2021-09-10 18:00:00-04:00,19,75.0,82.55453114420489,boost_5y_absolute,True
2021-09-10 04:00:00+00:00,2021-09-10 23:00:00+00:00,2021-09-10 19:00:00-04:00,20,67.0,79.34107447292818,boost_5y_absolute,True
2021-09-10 04:00:00+00:00,2021-09-11 00:00:00+00:00,2021-09-10 20:00:00-04:00,21,64.0,77.64960767477103,boost_5y_absolute,True
2021-09-10 04:00:00+00:00,2021-09-11 01:00:00+00:00,2021-09-10 21:00:00-04:00,22,64.0,76.08985613558288,boost_5y_absolute,True
2021-09-10 04:00:00+00:00,2021-09-11 02:00:00+00:00,2021-09-10 22:00:00-04:00,23,63.0,74.707654433624,boost_5y_absolute,True
2021-09-10 04:00:00+00:00,2021-09-11 03:00:00+00:00,2021-09-10 23:00:00-04:00,24,61.0,74.1447811169846,boost_5y_absolute,True
2021-09-10 04:00:00+00:00,2021-09-11 04:00:00+00:00,2021-09-11 00:00:00-04:00,25,62.0,73.70549195611342,boost_5y_absolute,True
2021-09-10 04:00:00+00:00,2021-09-11 05:00:00+00:00,2021-09-11 01:00:00-04:00,26,60.0,72.98765359756574,boost_5y_absolute,True
2021-09-10 04:00:00+00:00,2021-09-11 06:00:00+00:00,2021-09-11 02:00:00-04:00,27,58.0,72.1899186814091,boost_5y_absolute,True
2021-09-10 04:00:00+00:00,2021-09-11 07:00:00+00:00,2021-09-11 03:00:00-04:00,28,58.0,71.78398336492722,boost_5y_absolute,True
2021-09-10 04:00:00+00:00,2021-09-11 08:00:00+00:00,2021-09-11 04:00:00-04:00,29,57.0,71.27054242442574,boost_5y_absolute,True
2021-09-10 04:00:00+00:00,2021-09-11 09:00:00+00:00,2021-09-11 05:00:00-04:00,30,57.0,70.8907881432907,boost_5y_absolute,True
2021-09-10 04:00:00+00:00,2021-09-11 10:00:00+00:00,2021-09-11 06:00:00-04:00,31,57.0,70.55361088864937,boost_5y_absolute,True
2021-09-10 04:00:00+00:00,2021-09-11 11:00:00+00:00,2021-09-11 07:00:00-04:00,32,60.0,71.94696642492517,boost_5y_absolute,True
2021-09-10 04:00:00+00:00,2021-09-11 12:00:00+00:00,2021-09-11 08:00:00-04:00,33,66.0,74.85609573895677,boost_5y_absolute,True
2021-09-10 04:00:00+00:00,2021-09-11 13:00:00+00:00,2021-09-11 09:00:00-04:00,34,68.0,77.41094891236564,boost_5y_absolute,True
2021-09-10 04:00:00+00:00,2021-09-11 14:00:00+00:00,2021-09-11 10:00:00-04:00,35,75.0,79.6357725124249,boost_5y_absolute,True
2021-09-10 04:00:00+00:00,2021-09-11 15:00:00+00:00,2021-09-11 11:00:00-04:00,36,79.0,81.61475357082695,boost_5y_absolute,True
2021-09-10 04:00:00+00:00,2021-09-11 16:00:00+00:00,2021-09-11 12:00:00-04:00,37,80.0,82.77478537246395,boost_5y_absolute,True
2021-09-10 04:00:00+00:00,2021-09-11 17:00:00+00:00,2021-09-11 13:00:00-04:00,38,80.0,84.01995903230012,boost_5y_absolute,True
2021-09-10 04:00:00+00:00,2021-09-11 18:00:00+00:00,2021-09-11 14:00:00-04:00,39,82.0,84.44160859555983,boost_5y_absolute,True
2021-09-10 04:00:00+00:00,2021-09-11 19:00:00+00:00,2021-09-11 15:00:00-04:00,40,82.0,84.82452578394896,boost_5y_absolute,True
2021-09-10 04:00:00+00:00,2021-09-11 20:00:00+00:00,2021-09-11 16:00:00-04:00,41,82.0,84.30307563513846,boost_5y_absolute,True
2021-09-10 04:00:00+00:00,2021-09-11 21:00:00+00:00,2021-09-11 17:00:00-04:00,42,81.0,83.12577860230024,boost_5y_absolute,True
2021-09-10 04:00:00+00:00,2021-09-11 22:00:00+00:00,2021-09-11 18:00:00-04:00,43,78.0,80.96958214382158,boost_5y_absolute,True
2021-09-10 04:00:00+00:00,2021-09-11 23:00:00+00:00,2021-09-11 19:00:00-04:00,44,71.0,77.80599803184006,boost_5y_absolute,True
2021-09-10 04:00:00+00:00,2021-09-12 00:00:00+00:00,2021-09-11 20:00:00-04:00,45,70.0,76.24611044146387,boost_5y_absolute,True
2021-09-10 04:00:00+00:00,2021-09-12 01:00:00+00:00,2021-09-11 21:00:00-04:00,46,69.0,74.70040933725471,boost_5y_absolute,True
2021-09-10 04:00:00+00:00,2021-09-12 02:00:00+00:00,2021-09-11 22:00:00-04:00,47,69.0,73.67946381034784,boost_5y_absolute,True
2021-09-10 04:00:00+00:00,2021-09-12 03:00:00+00:00,2021-09-11 23:00:00-04:00,48,68.0,73.17970962060346,boost_5y_absolute,True
2021-09-10 04:00:00+00:00,2021-09-12 04:00:00+00:00,2021-09-12 00:00:00-04:00,49,67.0,72.99766282904505,boost_5y_absolute,True
2021-09-10 04:00:00+00:00,2021-09-12 05:00:00+00:00,2021-09-12 01:00:00-04:00,50,62.0,72.36699230860303,boost_5y_absolute,True
2021-09-10 04:00:00+00:00,2021-09-12 06:00:00+00:00,2021-09-12 02:00:00-04:00,51,64.0,71.6562694616043,boost_5y_absolute,True
2021-09-10 04:00:00+00:00,2021-09-12 07:00:00+00:00,2021-09-12 03:00:00-04:00,52,63.0,71.09843648599946,boost_5y_absolute,True
2021-09-10 04:00:00+00:00,2021-09-12 08:00:00+00:00,2021-09-12 04:00:00-04:00,53,62.0,70.6035264402309,boost_5y_absolute,True
2021-09-10 04:00:00+00:00,2021-09-12 09:00:00+00:00,2021-09-12 05:00:00-04:00,54,62.0,70.41386258998601,boost_5y_absolute,True
2021-09-10 04:00:00+00:00,2021-09-12 10:00:00+00:00,2021-09-12 06:00:00-04:00,55,62.0,70.13742325079413,boost_5y_absolute,True
2021-09-10 04:00:00+00:00,2021-09-12 11:00:00+00:00,2021-09-12 07:00:00-04:00,56,64.0,71.34605647460367,boost_5y_absolute,True
2021-09-10 04:00:00+00:00,2021-09-12 12:00:00+00:00,2021-09-12 08:00:00-04:00,57,68.0,74.01657131596939,boost_5y_absolute,True
2021-09-10 04:00:00+00:00,2021-09-12 13:00:00+00:00,2021-09-12 09:00:00-04:00,58,75.0,76.61188190681779,boost_5y_absolute,True
2021-09-10 04:00:00+00:00,2021-09-12 14:00:00+00:00,2021-09-12 10:00:00-04:00,59,79.0,78.48658368281654,boost_5y_absolute,True
2021-09-10 04:00:00+00:00,2021-09-12 15:00:00+00:00,2021-09-12 11:00:00-04:00,60,82.0,80.70582355090285,boost_5y_absolute,True
2021-09-10 04:00:00+00:00,2021-09-12 16:00:00+00:00,2021-09-12 12:00:00-04:00,61,84.0,81.91193861450049,boost_5y_absolute,True
2021-09-10 04:00:00+00:00,2021-09-12 17:00:00+00:00,2021-09-12 13:00:00-04:00,62,86.0,83.05667636564507,boost_5y_absolute,True
2021-09-10 04:00:00+00:00,2021-09-12 18:00:00+00:00,2021-09-12 14:00:00-04:00,63,87.0,83.61460782350692,boost_5y_absolute,True
2021-09-10 04:00:00+00:00,2021-09-12 19:00:00+00:00,2021-09-12 15:00:00-04:00,64,87.0,83.96059211206956,boost_5y_absolute,True
2021-09-10 04:00:00+00:00,2021-09-12 20:00:00+00:00,2021-09-12 16:00:00-04:00,65,86.0,83.53114503785373,boost_5y_absolute,True
2021-09-10 04:00:00+00:00,2021-09-12 21:00:00+00:00,2021-09-12 17:00:00-04:00,66,84.0,82.37139288342215,boost_5y_absolute,True
2021-09-10 04:00:00+00:00,2021-09-12 22:00:00+00:00,2021-09-12 18:00:00-04:00,67,80.0,80.03762162351279,boost_5y_absolute,True
2021-09-10 04:00:00+00:00,2021-09-12 23:00:00+00:00,2021-09-12 19:00:00-04:00,68,77.0,76.65610105524746,boost_5y_absolute,True
2021-09-10 04:00:00+00:00,2021-09-13 00:00:00+00:00,2021-09-12 20:00:00-04:00,69,76.0,75.11773479113815,boost_5y_absolute,True
2021-09-10 04:00:00+00:00,2021-09-13 01:00:00+00:00,2021-09-12 21:00:00-04:00,70,73.0,73.69481343187229,boost_5y_absolute,True
2021-09-10 04:00:00+00:00,2021-09-13 02:00:00+00:00,2021-09-12 22:00:00-04:00,71,73.0,72.66762811858707,boost_5y_absolute,True
2021-09-10 04:00:00+00:00,2021-09-13 03:00:00+00:00,2021-09-12 23:00:00-04:00,72,70.0,71.97140200712445,boost_5y_absolute,True
2021-09-10 04:00:00+00:00,2021-09-13 04:00:00+00:00,2021-09-13 00:00:00-04:00,73,69.0,70.82513818327637,boost_5y_absolute,True
2021-09-10 04:00:00+00:00,2021-09-13 05:00:00+00:00,2021-09-13 01:00:00-04:00,74,68.0,70.12438156914084,boost_5y_absolute,True
2021-09-10 04:00:00+00:00,2021-09-13 06:00:00+00:00,2021-09-13 02:00:00-04:00,75,67.0,69.52438172509572,boost_5y_absolute,True
2021-09-10 04:00:00+00:00,2021-09-13 07:00:00+00:00,2021-09-13 03:00:00-04:00,76,67.0,68.99307126642657,boost_5y_absolute,True
2021-09-10 04:00:00+00:00,2021-09-13 08:00:00+00:00,2021-09-13 04:00:00-04:00,77,65.0,68.53529190758056,boost_5y_absolute,True
2021-09-10 04:00:00+00:00,2021-09-13 09:00:00+00:00,2021-09-13 05:00:00-04:00,78,65.0,68.39728413845086,boost_5y_absolute,True
2021-09-10 04:00:00+00:00,2021-09-13 10:00:00+00:00,2021-09-13 06:00:00-04:00,79,65.0,68.06731173314328,boost_5y_absolute,True
2021-09-10 04:00:00+00:00,2021-09-13 11:00:00+00:00,2021-09-13 07:00:00-04:00,80,66.0,69.24062883787732,boost_5y_absolute,True
2021-09-10 04:00:00+00:00,2021-09-13 12:00:00+00:00,2021-09-13 08:00:00-04:00,81,70.0,72.06083171781351,boost_5y_absolute,True
2021-09-10 04:00:00+00:00,2021-09-13 13:00:00+00:00,2021-09-13 09:00:00-04:00,82,75.0,74.84993710097339,boost_5y_absolute,True
2021-09-10 04:00:00+00:00,2021-09-13 14:00:00+00:00,2021-09-13 10:00:00-04:00,83,80.0,76.9674712891098,boost_5y_absolute,True
2021-09-10 04:00:00+00:00,2021-09-13 15:00:00+00:00,2021-09-13 11:00:00-04:00,84,85.0,78.97307899063763,boost_5y_absolute,True
2021-09-10 04:00:00+00:00,2021-09-13 16:00:00+00:00,2021-09-13 12:00:00-04:00,85,85.0,80.26739258061731,boost_5y_absolute,True
2021-09-10 04:00:00+00:00,2021-09-13 17:00:00+00:00,2021-09-13 13:00:00-04:00,86,87.0,81.49169069478651,boost_5y_absolute,True
2021-09-10 04:00:00+00:00,2021-09-13 18:00:00+00:00,2021-09-13 14:00:00-04:00,87,89.0,81.97117783562929,boost_5y_absolute,True
2021-09-10 04:00:00+00:00,2021-09-13 19:00:00+00:00,2021-09-13 15:00:00-04:00,88,89.0,82.33679066738189,boost_5y_absolute,True
2021-09-10 04:00:00+00:00,2021-09-13 20:00:00+00:00,2021-09-13 16:00:00-04:00,89,88.0,81.87510896765102,boost_5y_absolute,True
2021-09-10 04:00:00+00:00,2021-09-13 21:00:00+00:00,2021-09-13 17:00:00-04:00,90,87.0,80.72426872983159,boost_5y_absolute,True
2021-09-10 04:00:00+00:00,2021-09-13 22:00:00+00:00,2021-09-13 18:00:00-04:00,91,82.0,78.36047117512763,boost_5y_absolute,True
2021-09-10 04:00:00+00:00,2021-09-13 23:00:00+00:00,2021-09-13 19:00:00-04:00,92,80.0,75.32550016535208,boost_5y_absolute,True
2021-09-10 04:00:00+00:00,2021-09-14 00:00:00+00:00,2021-09-13 20:00:00-04:00,93,78.0,73.49444957147595,boost_5y_absolute,True
2021-09-10 04:00:00+00:00,2021-09-14 01:00:00+00:00,2021-09-13 21:00:00-04:00,94,75.0,72.32525745489833,boost_5y_absolute,True
2021-09-10 04:00:00+00:00,2021-09-14 02:00:00+00:00,2021-09-13 22:00:00-04:00,95,73.0,71.37250444154128,boost_5y_absolute,True
2021-09-10 04:00:00+00:00,2021-09-14 03:00:00+00:00,2021-09-13 23:00:00-04:00,96,73.0,70.6976018647605,boost_5y_absolute,True
2021-09-10 04:00:00+00:00,2021-09-14 04:00:00+00:00,2021-09-14 00:00:00-04:00,97,70.0,70.26913319346082,boost_5y_absolute,True
2021-09-10 04:00:00+00:00,2021-09-14 05:00:00+00:00,2021-09-14 01:00:00-04:00,98,72.0,69.55638109735514,boost_5y_absolute,True
2021-09-10 04:00:00+00:00,2021-09-14 06:00:00+00:00,2021-09-14 02:00:00-04:00,99,71.0,68.98658013408655,boost_5y_absolute,True
2021-09-10 04:00:00+00:00,2021-09-14 07:00:00+00:00,2021-09-14 03:00:00-04:00,100,70.0,68.4128758475833,boost_5y_absolute,True
2021-09-10 04:00:00+00:00,2021-09-14 08:00:00+00:00,2021-09-14 04:00:00-04:00,101,68.0,67.9973023262704,boost_5y_absolute,True
2021-09-10 04:00:00+00:00,2021-09-14 09:00:00+00:00,2021-09-14 05:00:00-04:00,102,68.0,67.79230759168424,boost_5y_absolute,True
2021-09-10 04:00:00+00:00,2021-09-14 10:00:00+00:00,2021-09-14 06:00:00-04:00,103,68.0,67.47055326682731,boost_5y_absolute,True
2021-09-10 04:00:00+00:00,2021-09-14 11:00:00+00:00,2021-09-14 07:00:00-04:00,104,69.0,68.75955715134896,boost_5y_absolute,True
2021-09-10 04:00:00+00:00,2021-09-14 12:00:00+00:00,2021-09-14 08:00:00-04:00,105,73.0,71.5238199031211,boost_5y_absolute,True
2021-09-10 04:00:00+00:00,2021-09-14 13:00:00+00:00,2021-09-14 09:00:00-04:00,106,78.0,74.46201666466149,boost_5y_absolute,True
2021-09-10 04:00:00+00:00,2021-09-14 14:00:00+00:00,2021-09-14 10:00:00-04:00,107,82.0,76.63261446625194,boost_5y_absolute,True
2021-09-10 04:00:00+00:00,2021-09-14 15:00:00+00:00,2021-09-14 11:00:00-04:00,108,86.0,78.70456497319124,boost_5y_absolute,True
2021-09-10 04:00:00+00:00,2021-09-14 16:00:00+00:00,2021-09-14 12:00:00-04:00,109,88.0,80.02532219546497,boost_5y_absolute,True
2021-09-10 04:00:00+00:00,2021-09-14 17:00:00+00:00,2021-09-14 13:00:00-04:00,110,88.0,81.24591987482252,boost_5y_absolute,True
2021-09-10 04:00:00+00:00,2021-09-14 18:00:00+00:00,2021-09-14 14:00:00-04:00,111,90.0,81.88395571818539,boost_5y_absolute,True
2021-09-10 04:00:00+00:00,2021-09-14 19:00:00+00:00,2021-09-14 15:00:00-04:00,112,88.0,82.24570221760008,boost_5y_absolute,True
2021-09-10 04:00:00+00:00,2021-09-14 20:00:00+00:00,2021-09-14 16:00:00-04:00,113,87.0,81.63439155780313,boost_5y_absolute,True
2021-09-10 04:00:00+00:00,2021-09-14 21:00:00+00:00,2021-09-14 17:00:00-04:00,114,87.0,80.51181027413494,boost_5y_absolute,True
2021-09-10 04:00:00+00:00,2021-09-14 22:00:00+00:00,2021-09-14 18:00:00-04:00,115,85.0,78.07604630862753,boost_5y_absolute,True
2021-09-10 04:00:00+00:00,2021-09-14 23:00:00+00:00,2021-09-14 19:00:00-04:00,116,81.0,74.97181931370136,boost_5y_absolute,True
2021-09-10 04:00:00+00:00,2021-09-15 00:00:00+00:00,2021-09-14 20:00:00-04:00,117,78.0,73.18264612309135,boost_5y_absolute,True
2021-09-10 04:00:00+00:00,2021-09-15 01:00:00+00:00,2021-09-14 21:00:00-04:00,118,78.0,71.93828994418567,boost_5y_absolute,True
2021-09-10 04:00:00+00:00,2021-09-15 02:00:00+00:00,2021-09-14 22:00:00-04:00,119,78.0,70.9942524457757,boost_5y_absolute,True
2021-09-10 04:00:00+00:00,2021-09-15 03:00:00+00:00,2021-09-14 23:00:00-04:00,120,76.0,70.28349941631095,boost_5y_absolute,True
2021-09-10 04:00:00+00:00,2021-09-15 04:00:00+00:00,2021-09-15 00:00:00-04:00,121,76.0,69.96800539441735,boost_5y_absolute,True
2021-09-10 04:00:00+00:00,2021-09-15 05:00:00+00:00,2021-09-15 01:00:00-04:00,122,75.0,69.24458847317561,boost_5y_absolute,True
2021-09-10 04:00:00+00:00,2021-09-15 06:00:00+00:00,2021-09-15 02:00:00-04:00,123,74.0,68.76235388632352,boost_5y_absolute,True
2021-09-10 04:00:00+00:00,2021-09-15 07:00:00+00:00,2021-09-15 03:00:00-04:00,124,74.0,68.19038916749435,boost_5y_absolute,True
2021-09-10 04:00:00+00:00,2021-09-15 08:00:00+00:00,2021-09-15 04:00:00-04:00,125,73.0,67.80472501569872,boost_5y_absolute,True
2021-09-10 04:00:00+00:00,2021-09-15 09:00:00+00:00,2021-09-15 05:00:00-04:00,126,73.0,67.55924600930868,boost_5y_absolute,True
2021-09-10 04:00:00+00:00,2021-09-15 10:00:00+00:00,2021-09-15 06:00:00-04:00,127,73.0,67.26774861060706,boost_5y_absolute,True
2021-09-10 04:00:00+00:00,2021-09-15 11:00:00+00:00,2021-09-15 07:00:00-04:00,128,74.0,68.44579235508725,boost_5y_absolute,True
2021-09-10 04:00:00+00:00,2021-09-15 12:00:00+00:00,2021-09-15 08:00:00-04:00,129,75.0,71.19401790969974,boost_5y_absolute,True
2021-09-10 04:00:00+00:00,2021-09-15 13:00:00+00:00,2021-09-15 09:00:00-04:00,130,77.0,74.13036824315199,boost_5y_absolute,True
2021-09-10 04:00:00+00:00,2021-09-15 14:00:00+00:00,2021-09-15 10:00:00-04:00,131,79.0,76.45509498960405,boost_5y_absolute,True
2021-09-10 04:00:00+00:00,2021-09-15 15:00:00+00:00,2021-09-15 11:00:00-04:00,132,83.0,78.43057774646019,boost_5y_absolute,True
2021-09-10 04:00:00+00:00,2021-09-15 16:00:00+00:00,2021-09-15 12:00:00-04:00,133,87.0,79.87930918144878,boost_5y_absolute,True
2021-09-10 04:00:00+00:00,2021-09-15 17:00:00+00:00,2021-09-15 13:00:00-04:00,134,84.0,80.9761960539763,boost_5y_absolute,True
2021-09-10 04:00:00+00:00,2021-09-15 18:00:00+00:00,2021-09-15 14:00:00-04:00,135,88.0,81.68014171237469,boost_5y_absolute,True
2021-09-10 04:00:00+00:00,2021-09-15 19:00:00+00:00,2021-09-15 15:00:00-04:00,136,88.0,81.86042032877712,boost_5y_absolute,True
2021-09-10 04:00:00+00:00,2021-09-15 20:00:00+00:00,2021-09-15 16:00:00-04:00,137,86.0,81.31677245586137,boost_5y_absolute,True
2021-09-10 04:00:00+00:00,2021-09-15 21:00:00+00:00,2021-09-15 17:00:00-04:00,138,84.0,80.1461915554311,boost_5y_absolute,True
2021-09-10 04:00:00+00:00,2021-09-15 22:00:00+00:00,2021-09-15 18:00:00-04:00,139,82.0,77.75780442522513,boost_5y_absolute,True
2021-09-10 04:00:00+00:00,2021-09-15 23:00:00+00:00,2021-09-15 19:00:00-04:00,140,81.0,74.67949895887423,boost_5y_absolute,True
2021-09-10 04:00:00+00:00,2021-09-16 00:00:00+00:00,2021-09-15 20:00:00-04:00,141,80.0,73.1212915838074,boost_5y_absolute,True
2021-09-10 04:00:00+00:00,2021-09-16 01:00:00+00:00,2021-09-15 21:00:00-04:00,142,78.0,71.724483961013,boost_5y_absolute,True
2021-09-10 04:00:00+00:00,2021-09-16 02:00:00+00:00,2021-09-15 22:00:00-04:00,143,75.0,70.89672623354683,boost_5y_absolute,True
2021-09-10 04:00:00+00:00,2021-09-16 03:00:00+00:00,2021-09-15 23:00:00-04:00,144,76.0,70.13482040168547,boost_5y_absolute,True
2021-09-10 04:00:00+00:00,2021-09-16 04:00:00+00:00,2021-09-16 00:00:00-04:00,145,74.0,69.77442470863961,boost_5y_absolute,True
2021-09-10 04:00:00+00:00,2021-09-16 05:00:00+00:00,2021-09-16 01:00:00-04:00,146,73.0,69.07958650833886,boost_5y_absolute,True
2021-09-10 04:00:00+00:00,2021-09-16 06:00:00+00:00,2021-09-16 02:00:00-04:00,147,72.0,68.56480622692243,boost_5y_absolute,True
2021-09-10 04:00:00+00:00,2021-09-16 07:00:00+00:00,2021-09-16 03:00:00-04:00,148,72.0,67.9216160828369,boost_5y_absolute,True
2021-09-10 04:00:00+00:00,2021-09-16 08:00:00+00:00,2021-09-16 04:00:00-04:00,149,73.0,67.49725464313707,boost_5y_absolute,True
2021-09-10 04:00:00+00:00,2021-09-16 09:00:00+00:00,2021-09-16 05:00:00-04:00,150,71.0,67.27938783251727,boost_5y_absolute,True
2021-09-10 04:00:00+00:00,2021-09-16 10:00:00+00:00,2021-09-16 06:00:00-04:00,151,71.0,66.95117167460812,boost_5y_absolute,True
2021-09-10 04:00:00+00:00,2021-09-16 11:00:00+00:00,2021-09-16 07:00:00-04:00,152,72.0,68.13599248706248,boost_5y_absolute,True
2021-09-10 04:00:00+00:00,2021-09-16 12:00:00+00:00,2021-09-16 08:00:00-04:00,153,75.0,70.79525953256041,boost_5y_absolute,True
2021-09-10 04:00:00+00:00,2021-09-16 13:00:00+00:00,2021-09-16 09:00:00-04:00,154,79.0,73.6549372447368,boost_5y_absolute,True
2021-09-10 04:00:00+00:00,2021-09-16 14:00:00+00:00,2021-09-16 10:00:00-04:00,155,81.0,76.01681600369987,boost_5y_absolute,True
2021-09-10 04:00:00+00:00,2021-09-16 15:00:00+00:00,2021-09-16 11:00:00-04:00,156,84.0,78.0648655452638,boost_5y_absolute,True
2021-09-10 04:00:00+00:00,2021-09-16 16:00:00+00:00,2021-09-16 12:00:00-04:00,157,84.0,79.44160367949192,boost_5y_absolute,True
2021-09-10 04:00:00+00:00,2021-09-16 17:00:00+00:00,2021-09-16 13:00:00-04:00,158,84.0,80.57917686317249,boost_5y_absolute,True
2021-09-10 04:00:00+00:00,2021-09-16 18:00:00+00:00,2021-09-16 14:00:00-04:00,159,84.0,81.31502155896428,boost_5y_absolute,True
2021-09-10 04:00:00+00:00,2021-09-16 19:00:00+00:00,2021-09-16 15:00:00-04:00,160,84.0,81.3672340943183,boost_5y_absolute,True
2021-09-10 04:00:00+00:00,2021-09-16 20:00:00+00:00,2021-09-16 16:00:00-04:00,161,83.0,80.93327786086644,boost_5y_absolute,True
2021-09-10 04:00:00+00:00,2021-09-16 21:00:00+00:00,2021-09-16 17:00:00-04:00,162,82.0,79.6846953357204,boost_5y_absolute,True
2021-09-10 04:00:00+00:00,2021-09-16 22:00:00+00:00,2021-09-16 18:00:00-04:00,163,80.0,77.21400007278051,boost_5y_absolute,True
2021-09-10 04:00:00+00:00,2021-09-16 23:00:00+00:00,2021-09-16 19:00:00-04:00,164,79.0,74.3096763670851,boost_5y_absolute,True
2021-09-10 04:00:00+00:00,2021-09-17 00:00:00+00:00,2021-09-16 20:00:00-04:00,165,78.0,72.82414641203898,boost_5y_absolute,True
2021-09-10 04:00:00+00:00,2021-09-17 01:00:00+00:00,2021-09-16 21:00:00-04:00,166,77.0,71.47320681573763,boost_5y_absolute,True
2021-09-10 04:00:00+00:00,2021-09-17 02:00:00+00:00,2021-09-16 22:00:00-04:00,167,76.0,70.65377135573208,boost_5y_absolute,True
2021-09-10 04:00:00+00:00,2021-09-17 03:00:00+00:00,2021-09-16 23:00:00-04:00,168,75.0,69.9160807402682,boost_5y_absolute,True
2021-09-10 04:00:00+00:00,2021-09-17 04:00:00+00:00,2021-09-17 00:00:00-04:00,169,74.0,69.55123058682607,boost_5y_absolute,True
2021-09-10 04:00:00+00:00,2021-09-17 05:00:00+00:00,2021-09-17 01:00:00-04:00,170,74.0,68.88444761056097,boost_5y_absolute,True
2021-09-10 04:00:00+00:00,2021-09-17 06:00:00+00:00,2021-09-17 02:00:00-04:00,171,74.0,68.33860351740967,boost_5y_absolute,True
2021-09-10 04:00:00+00:00,2021-09-17 07:00:00+00:00,2021-09-17 03:00:00-04:00,172,74.0,67.68679875647757,boost_5y_absolute,True
2021-09-10 04:00:00+00:00,2021-09-17 08:00:00+00:00,2021-09-17 04:00:00-04:00,173,73.0,67.23622602363416,boost_5y_absolute,True
2021-09-10 04:00:00+00:00,2021-09-17 09:00:00+00:00,2021-09-17 05:00:00-04:00,174,73.0,67.00340042130742,boost_5y_absolute,True
2021-09-10 04:00:00+00:00,2021-09-17 10:00:00+00:00,2021-09-17 06:00:00-04:00,175,72.0,66.72058973278746,boost_5y_absolute,True
2021-09-10 04:00:00+00:00,2021-09-17 11:00:00+00:00,2021-09-17 07:00:00-04:00,176,73.0,67.86506514937373,boost_5y_absolute,True
2021-09-10 04:00:00+00:00,2021-09-17 12:00:00+00:00,2021-09-17 08:00:00-04:00,177,74.0,70.59700928219313,boost_5y_absolute,True
2021-09-10 04:00:00+00:00,2021-09-17 13:00:00+00:00,2021-09-17 09:00:00-04:00,178,75.0,73.57447991277515,boost_5y_absolute,True
2021-09-10 04:00:00+00:00,2021-09-17 14:00:00+00:00,2021-09-17 10:00:00-04:00,179,77.0,76.06850821935127,boost_5y_absolute,True
2021-09-10 04:00:00+00:00,2021-09-17 15:00:00+00:00,2021-09-17 11:00:00-04:00,180,78.0,78.23698550278426,boost_5y_absolute,True
2021-09-10 04:00:00+00:00,2021-09-17 16:00:00+00:00,2021-09-17 12:00:00-04:00,181,79.0,79.65244931801561,boost_5y_absolute,True
2021-09-10 04:00:00+00:00,2021-09-17 17:00:00+00:00,2021-09-17 13:00:00-04:00,182,82.0,80.86816410020963,boost_5y_absolute,True
2021-09-10 04:00:00+00:00,2021-09-17 18:00:00+00:00,2021-09-17 14:00:00-04:00,183,75.0,81.6120923178721,boost_5y_absolute,True
2021-09-10 04:00:00+00:00,2021-09-17 19:00:00+00:00,2021-09-17 15:00:00-04:00,184,81.0,81.630624237667,boost_5y_absolute,True
2021-09-10 04:00:00+00:00,2021-09-17 20:00:00+00:00,2021-09-17 16:00:00-04:00,185,82.0,81.15379928637648,boost_5y_absolute,True
2021-09-10 04:00:00+00:00,2021-09-17 21:00:00+00:00,2021-09-17 17:00:00-04:00,186,81.0,80.0256298450314,boost_5y_absolute,True
2021-09-10 04:00:00+00:00,2021-09-17 22:00:00+00:00,2021-09-17 18:00:00-04:00,187,79.0,77.42489578272826,boost_5y_absolute,True
2021-09-10 04:00:00+00:00,2021-09-17 23:00:00+00:00,2021-09-17 19:00:00-04:00,188,76.0,74.48122834028655,boost_5y_absolute,True
2021-09-10 04:00:00+00:00,2021-09-18 00:00:00+00:00,2021-09-17 20:00:00-04:00,189,74.0,72.93520366435331,boost_5y_absolute,True
2021-09-10 04:00:00+00:00,2021-09-18 01:00:00+00:00,2021-09-17 21:00:00-04:00,190,75.0,71.49900520235708,boost_5y_absolute,True
2021-09-10 04:00:00+00:00,2021-09-18 02:00:00+00:00,2021-09-17 22:00:00-04:00,191,74.0,70.580736935523,boost_5y_absolute,True
2021-09-10 04:00:00+00:00,2021-09-18 03:00:00+00:00,2021-09-17 23:00:00-04:00,192,74.0,69.89904787757291,boost_5y_absolute,True
2021-09-10 04:00:00+00:00,2021-09-18 04:00:00+00:00,2021-09-18 00:00:00-04:00,193,73.0,69.30561911895397,boost_5y_absolute,True
2021-09-10 04:00:00+00:00,2021-09-18 05:00:00+00:00,2021-09-18 01:00:00-04:00,194,72.0,68.5834267063363,boost_5y_absolute,True
2021-09-10 04:00:00+00:00,2021-09-18 06:00:00+00:00,2021-09-18 02:00:00-04:00,195,72.0,68.04877610026722,boost_5y_absolute,True
2021-09-10 04:00:00+00:00,2021-09-18 07:00:00+00:00,2021-09-18 03:00:00-04:00,196,71.0,67.43419983425603,boost_5y_absolute,True
2021-09-10 04:00:00+00:00,2021-09-18 08:00:00+00:00,2021-09-18 04:00:00-04:00,197,71.0,66.99188906883396,boost_5y_absolute,True
2021-09-10 04:00:00+00:00,2021-09-18 09:00:00+00:00,2021-09-18 05:00:00-04:00,198,71.0,66.72268710302107,boost_5y_absolute,True
2021-09-10 04:00:00+00:00,2021-09-18 10:00:00+00:00,2021-09-18 06:00:00-04:00,199,71.0,66.47296135940798,boost_5y_absolute,True
2021-09-10 04:00:00+00:00,2021-09-18 11:00:00+00:00,2021-09-18 07:00:00-04:00,200,72.0,67.60060774191405,boost_5y_absolute,True
2021-09-10 04:00:00+00:00,2021-09-18 12:00:00+00:00,2021-09-18 08:00:00-04:00,201,76.0,70.42145482133999,boost_5y_absolute,True
2021-09-10 04:00:00+00:00,2021-09-18 13:00:00+00:00,2021-09-18 09:00:00-04:00,202,78.0,73.4596571731002,boost_5y_absolute,True
2021-09-10 04:00:00+00:00,2021-09-18 14:00:00+00:00,2021-09-18 10:00:00-04:00,203,79.0,75.94819595187882,boost_5y_absolute,True
2021-09-10 04:00:00+00:00,2021-09-18 15:00:00+00:00,2021-09-18 11:00:00-04:00,204,83.0,78.10784457520911,boost_5y_absolute,True
2021-09-10 04:00:00+00:00,2021-09-18 16:00:00+00:00,2021-09-18 12:00:00-04:00,205,83.0,79.52024213623703,boost_5y_absolute,True
2021-09-10 04:00:00+00:00,2021-09-18 17:00:00+00:00,2021-09-18 13:00:00-04:00,206,84.0,80.72956404410125,boost_5y_absolute,True
2021-09-10 04:00:00+00:00,2021-09-18 18:00:00+00:00,2021-09-18 14:00:00-04:00,207,85.0,81.53640071849601,boost_5y_absolute,True
2021-09-10 04:00:00+00:00,2021-09-18 19:00:00+00:00,2021-09-18 15:00:00-04:00,208,85.0,81.46192910119873,boost_5y_absolute,True
2021-09-10 04:00:00+00:00,2021-09-18 20:00:00+00:00,2021-09-18 16:00:00-04:00,209,85.0,80.99440825366908,boost_5y_absolute,True
2021-09-10 04:00:00+00:00,2021-09-18 21:00:00+00:00,2021-09-18 17:00:00-04:00,210,84.0,79.88984869073172,boost_5y_absolute,True
2021-09-10 04:00:00+00:00,2021-09-18 22:00:00+00:00,2021-09-18 18:00:00-04:00,211,81.0,77.22056872246769,boost_5y_absolute,True
2021-09-10 04:00:00+00:00,2021-09-18 23:00:00+00:00,2021-09-18 19:00:00-04:00,212,78.0,74.23705698305258,boost_5y_absolute,True
2021-09-10 04:00:00+00:00,2021-09-19 00:00:00+00:00,2021-09-18 20:00:00-04:00,213,77.0,72.72699227630123,boost_5y_absolute,True
2021-09-10 04:00:00+00:00,2021-09-19 01:00:00+00:00,2021-09-18 21:00:00-04:00,214,76.0,71.399758790378,boost_5y_absolute,True
2021-09-10 04:00:00+00:00,2021-09-19 02:00:00+00:00,2021-09-18 22:00:00-04:00,215,74.0,70.49876996870873,boost_5y_absolute,True
2021-09-10 04:00:00+00:00,2021-09-19 03:00:00+00:00,2021-09-18 23:00:00-04:00,216,73.0,69.78220266486383,boost_5y_absolute,True
2021-09-10 04:00:00+00:00,2021-09-19 04:00:00+00:00,2021-09-19 00:00:00-04:00,217,71.0,69.14136064800086,boost_5y_absolute,True
2021-09-10 04:00:00+00:00,2021-09-19 05:00:00+00:00,2021-09-19 01:00:00-04:00,218,70.0,68.3938476410798,boost_5y_absolute,True
2021-09-10 04:00:00+00:00,2021-09-19 06:00:00+00:00,2021-09-19 02:00:00-04:00,219,70.0,67.84666314147252,boost_5y_absolute,True
2021-09-10 04:00:00+00:00,2021-09-19 07:00:00+00:00,2021-09-19 03:00:00-04:00,220,68.0,67.20679694174984,boost_5y_absolute,True
2021-09-10 04:00:00+00:00,2021-09-19 08:00:00+00:00,2021-09-19 04:00:00-04:00,221,67.0,66.77910797958972,boost_5y_absolute,True
2021-09-10 04:00:00+00:00,2021-09-19 09:00:00+00:00,2021-09-19 05:00:00-04:00,222,68.0,66.51453167257438,boost_5y_absolute,True
2021-09-10 04:00:00+00:00,2021-09-19 10:00:00+00:00,2021-09-19 06:00:00-04:00,223,67.0,66.28097306504135,boost_5y_absolute,True
2021-09-10 04:00:00+00:00,2021-09-19 11:00:00+00:00,2021-09-19 07:00:00-04:00,224,70.0,67.31810625035891,boost_5y_absolute,True
2021-09-10 04:00:00+00:00,2021-09-19 12:00:00+00:00,2021-09-19 08:00:00-04:00,225,77.0,70.12535265436027,boost_5y_absolute,True
2021-09-10 04:00:00+00:00,2021-09-19 13:00:00+00:00,2021-09-19 09:00:00-04:00,226,80.0,73.08862084520602,boost_5y_absolute,True
2021-09-10 04:00:00+00:00,2021-09-19 14:00:00+00:00,2021-09-19 10:00:00-04:00,227,82.0,75.6554142687057,boost_5y_absolute,True
2021-09-10 04:00:00+00:00,2021-09-19 15:00:00+00:00,2021-09-19 11:00:00-04:00,228,84.0,77.83224734798394,boost_5y_absolute,True
2021-09-10 04:00:00+00:00,2021-09-19 16:00:00+00:00,2021-09-19 12:00:00-04:00,229,87.0,79.24513589741122,boost_5y_absolute,True
2021-09-10 04:00:00+00:00,2021-09-19 17:00:00+00:00,2021-09-19 13:00:00-04:00,230,87.0,80.4461892456028,boost_5y_absolute,True
2021-09-10 04:00:00+00:00,2021-09-19 18:00:00+00:00,2021-09-19 14:00:00-04:00,231,87.0,81.22680297893089,boost_5y_absolute,True
2021-09-10 04:00:00+00:00,2021-09-19 19:00:00+00:00,2021-09-19 15:00:00-04:00,232,89.0,81.13793989860471,boost_5y_absolute,True
2021-09-10 04:00:00+00:00,2021-09-19 20:00:00+00:00,2021-09-19 16:00:00-04:00,233,88.0,80.73732464545746,boost_5y_absolute,True
2021-09-10 04:00:00+00:00,2021-09-19 21:00:00+00:00,2021-09-19 17:00:00-04:00,234,87.0,79.65883128965754,boost_5y_absolute,True
2021-09-10 04:00:00+00:00,2021-09-19 22:00:00+00:00,2021-09-19 18:00:00-04:00,235,84.0,77.0594343647356,boost_5y_absolute,True
2021-09-10 04:00:00+00:00,2021-09-19 23:00:00+00:00,2021-09-19 19:00:00-04:00,236,81.0,74.11716440782261,boost_5y_absolute,True
2021-09-10 04:00:00+00:00,2021-09-20 00:00:00+00:00,2021-09-19 20:00:00-04:00,237,78.0,72.50146131961007,boost_5y_absolute,True
2021-09-10 04:00:00+00:00,2021-09-20 01:00:00+00:00,2021-09-19 21:00:00-04:00,238,76.0,71.20746416258066,boost_5y_absolute,True
2021-09-10 04:00:00+00:00,2021-09-20 02:00:00+00:00,2021-09-19 22:00:00-04:00,239,74.0,70.34313925009582,boost_5y_absolute,True
2021-09-10 04:00:00+00:00,2021-09-20 03:00:00+00:00,2021-09-19 23:00:00-04:00,240,76.0,69.5946979344585,boost_5y_absolute,True
2021-09-10 04:00:00+00:00,2021-09-20 04:00:00+00:00,2021-09-20 00:00:00-04:00,241,73.0,68.93371435231437,boost_5y_absolute,True
2021-09-10 04:00:00+00:00,2021-09-20 05:00:00+00:00,2021-09-20 01:00:00-04:00,242,73.0,68.20000795341055,boost_5y_absolute,True
2021-09-10 04:00:00+00:00,2021-09-20 06:00:00+00:00,2021-09-20 02:00:00-04:00,243,73.0,67.62129861589852,boost_5y_absolute,True
2021-09-10 04:00:00+00:00,2021-09-20 07:00:00+00:00,2021-09-20 03:00:00-04:00,244,72.0,66.9815618920178,boost_5y_absolute,True
2021-09-10 04:00:00+00:00,2021-09-20 08:00:00+00:00,2021-09-20 04:00:00-04:00,245,72.0,66.54099448033502,boost_5y_absolute,True
2021-09-10 04:00:00+00:00,2021-09-20 09:00:00+00:00,2021-09-20 05:00:00-04:00,246,73.0,66.26723188128958,boost_5y_absolute,True
2021-09-10 04:00:00+00:00,2021-09-20 10:00:00+00:00,2021-09-20 06:00:00-04:00,247,72.0,66.03698488876152,boost_5y_absolute,True
2021-09-10 04:00:00+00:00,2021-09-20 11:00:00+00:00,2021-09-20 07:00:00-04:00,248,72.0,67.01636351630448,boost_5y_absolute,True
2021-09-10 04:00:00+00:00,2021-09-20 12:00:00+00:00,2021-09-20 08:00:00-04:00,249,72.0,69.7930915779677,boost_5y_absolute,True
2021-09-10 04:00:00+00:00,2021-09-20 13:00:00+00:00,2021-09-20 09:00:00-04:00,250,74.0,72.67951599277677,boost_5y_absolute,True
2021-09-10 04:00:00+00:00,2021-09-20 14:00:00+00:00,2021-09-20 10:00:00-04:00,251,76.0,75.20523141063265,boost_5y_absolute,True
2021-09-10 04:00:00+00:00,2021-09-20 15:00:00+00:00,2021-09-20 11:00:00-04:00,252,79.0,77.31038232089512,boost_5y_absolute,True
2021-09-10 04:00:00+00:00,2021-09-20 16:00:00+00:00,2021-09-20 12:00:00-04:00,253,81.0,78.77662992775663,boost_5y_absolute,True
2021-09-10 04:00:00+00:00,2021-09-20 17:00:00+00:00,2021-09-20 13:00:00-04:00,254,82.0,80.04288331466111,boost_5y_absolute,True
2021-09-10 04:00:00+00:00,2021-09-20 18:00:00+00:00,2021-09-20 14:00:00-04:00,255,82.0,80.82252720421911,boost_5y_absolute,True
2021-09-10 04:00:00+00:00,2021-09-20 19:00:00+00:00,2021-09-20 15:00:00-04:00,256,82.0,80.72567570905106,boost_5y_absolute,True
2021-09-10 04:00:00+00:00,2021-09-20 20:00:00+00:00,2021-09-20 16:00:00-04:00,257,82.0,80.29753751406132,boost_5y_absolute,True
2021-09-10 04:00:00+00:00,2021-09-20 21:00:00+00:00,2021-09-20 17:00:00-04:00,258,79.0,79.30350693974025,boost_5y_absolute,True
2021-09-10 04:00:00+00:00,2021-09-20 22:00:00+00:00,2021-09-20 18:00:00-04:00,259,77.0,76.79799306123752,boost_5y_absolute,True
2021-09-10 04:00:00+00:00,2021-09-20 23:00:00+00:00,2021-09-20 19:00:00-04:00,260,74.0,73.83517927123705,boost_5y_absolute,True
2021-09-10 04:00:00+00:00,2021-09-21 00:00:00+00:00,2021-09-20 20:00:00-04:00,261,73.0,72.11842684965747,boost_5y_absolute,True
2021-09-10 04:00:00+00:00,2021-09-21 01:00:00+00:00,2021-09-20 21:00:00-04:00,262,71.0,70.74511521460316,boost_5y_absolute,True
2021-09-10 04:00:00+00:00,2021-09-21 02:00:00+00:00,2021-09-20 22:00:00-04:00,263,71.0,69.9837395605433,boost_5y_absolute,True
2021-09-10 04:00:00+00:00,2021-09-21 03:00:00+00:00,2021-09-20 23:00:00-04:00,264,71.0,69.26005931355134,boost_5y_absolute,True
2021-09-10 04:00:00+00:00,2021-09-21 04:00:00+00:00,2021-09-21 00:00:00-04:00,265,70.0,68.59516792191403,boost_5y_absolute,True
2021-09-10 04:00:00+00:00,2021-09-21 05:00:00+00:00,2021-09-21 01:00:00-04:00,266,68.0,67.86208514197969,boost_5y_absolute,True
2021-09-10 04:00:00+00:00,2021-09-21 06:00:00+00:00,2021-09-21 02:00:00-04:00,267,68.0,67.30741055584527,boost_5y_absolute,True
2021-09-10 04:00:00+00:00,2021-09-21 07:00:00+00:00,2021-09-21 03:00:00-04:00,268,68.0,66.66816724618934,boost_5y_absolute,True
2021-09-10 04:00:00+00:00,2021-09-21 08:00:00+00:00,2021-09-21 04:00:00-04:00,269,67.0,66.21498755440554,boost_5y_absolute,True
2021-09-10 04:00:00+00:00,2021-09-21 09:00:00+00:00,2021-09-21 05:00:00-04:00,270,67.0,65.93121690279769,boost_5y_absolute,True
2021-09-10 04:00:00+00:00,2021-09-21 10:00:00+00:00,2021-09-21 06:00:00-04:00,271,68.0,65.70547411282435,boost_5y_absolute,True
2021-09-10 04:00:00+00:00,2021-09-21 11:00:00+00:00,2021-09-21 07:00:00-04:00,272,68.0,66.67619110056546,boost_5y_absolute,True
2021-09-10 04:00:00+00:00,2021-09-21 12:00:00+00:00,2021-09-21 08:00:00-04:00,273,71.0,69.62869839910017,boost_5y_absolute,True
2021-09-10 04:00:00+00:00,2021-09-21 13:00:00+00:00,2021-09-21 09:00:00-04:00,274,73.0,72.64242400164329,boost_5y_absolute,True
2021-09-10 04:00:00+00:00,2021-09-21 14:00:00+00:00,2021-09-21 10:00:00-04:00,275,75.0,75.3153177886187,boost_5y_absolute,True
2021-09-10 04:00:00+00:00,2021-09-21 15:00:00+00:00,2021-09-21 11:00:00-04:00,276,77.0,77.34968490592684,boost_5y_absolute,True
2021-09-10 04:00:00+00:00,2021-09-21 16:00:00+00:00,2021-09-21 12:00:00-04:00,277,78.0,78.80334441925858,boost_5y_absolute,True
2021-09-10 04:00:00+00:00,2021-09-21 17:00:00+00:00,2021-09-21 13:00:00-04:00,278,80.0,80.09699943362769,boost_5y_absolute,True
2021-09-10 04:00:00+00:00,2021-09-21 18:00:00+00:00,2021-09-21 14:00:00-04:00,279,77.0,80.8586117055468,boost_5y_absolute,True
2021-09-10 04:00:00+00:00,2021-09-21 19:00:00+00:00,2021-09-21 15:00:00-04:00,280,75.0,80.81674024955086,boost_5y_absolute,True
2021-09-10 04:00:00+00:00,2021-09-21 20:00:00+00:00,2021-09-21 16:00:00-04:00,281,75.0,80.44372773524003,boost_5y_absolute,True
2021-09-10 04:00:00+00:00,2021-09-21 21:00:00+00:00,2021-09-21 17:00:00-04:00,282,74.0,79.38863660286273,boost_5y_absolute,True
2021-09-10 04:00:00+00:00,2021-09-21 22:00:00+00:00,2021-09-21 18:00:00-04:00,283,74.0,76.80050387245458,boost_5y_absolute,True
2021-09-10 04:00:00+00:00,2021-09-21 23:00:00+00:00,2021-09-21 19:00:00-04:00,284,74.0,73.81636125380331,boost_5y_absolute,True
2021-09-10 04:00:00+00:00,2021-09-22 00:00:00+00:00,2021-09-21 20:00:00-04:00,285,74.0,72.09808511102304,boost_5y_absolute,True
2021-09-10 04:00:00+00:00,2021-09-22 01:00:00+00:00,2021-09-21 21:00:00-04:00,286,75.0,70.6975760303465,boost_5y_absolute,True
2021-09-10 04:00:00+00:00,2021-09-22 02:00:00+00:00,2021-09-21 22:00:00-04:00,287,73.0,69.89954450707869,boost_5y_absolute,True
2021-09-10 04:00:00+00:00,2021-09-22 03:00:00+00:00,2021-09-21 23:00:00-04:00,288,73.0,69.16935155296673,boost_5y_absolute,True
2021-09-10 04:00:00+00:00,2021-09-22 04:00:00+00:00,2021-09-22 00:00:00-04:00,289,73.0,68.49094266851692,boost_5y_absolute,True
2021-09-10 04:00:00+00:00,2021-09-22 05:00:00+00:00,2021-09-22 01:00:00-04:00,290,73.0,67.74467678623114,boost_5y_absolute,True
2021-09-10 04:00:00+00:00,2021-09-22 06:00:00+00:00,2021-09-22 02:00:00-04:00,291,73.0,67.16582373114738,boost_5y_absolute,True
2021-09-10 04:00:00+00:00,2021-09-22 07:00:00+00:00,2021-09-22 03:00:00-04:00,292,74.0,66.5132477837664,boost_5y_absolute,True
2021-09-10 04:00:00+00:00,2021-09-22 08:00:00+00:00,2021-09-22 04:00:00-04:00,293,74.0,66.07208415420209,boost_5y_absolute,True
2021-09-10 04:00:00+00:00,2021-09-22 09:00:00+00:00,2021-09-22 05:00:00-04:00,294,74.0,65.7190100943199,boost_5y_absolute,True
2021-09-10 04:00:00+00:00,2021-09-22 10:00:00+00:00,2021-09-22 06:00:00-04:00,295,74.0,65.4694406395381,boost_5y_absolute,True
2021-09-10 04:00:00+00:00,2021-09-22 11:00:00+00:00,2021-09-22 07:00:00-04:00,296,74.0,66.44328742711772,boost_5y_absolute,True
2021-09-10 04:00:00+00:00,2021-09-22 12:00:00+00:00,2021-09-22 08:00:00-04:00,297,76.0,69.4232615794299,boost_5y_absolute,True
2021-09-10 04:00:00+00:00,2021-09-22 13:00:00+00:00,2021-09-22 09:00:00-04:00,298,75.0,72.55494377498833,boost_5y_absolute,True
2021-09-10 04:00:00+00:00,2021-09-22 14:00:00+00:00,2021-09-22 10:00:00-04:00,299,76.0,75.33934473997304,boost_5y_absolute,True
2021-09-10 04:00:00+00:00,2021-09-22 15:00:00+00:00,2021-09-22 11:00:00-04:00,300,77.0,77.32145494881934,boost_5y_absolute,True
2021-09-10 04:00:00+00:00,2021-09-22 16:00:00+00:00,2021-09-22 12:00:00-04:00,301,76.0,78.89476821421346,boost_5y_absolute,True
2021-09-10 04:00:00+00:00,2021-09-22 17:00:00+00:00,2021-09-22 13:00:00-04:00,302,76.0,80.16141508973566,boost_5y_absolute,True
2021-09-10 04:00:00+00:00,2021-09-22 18:00:00+00:00,2021-09-22 14:00:00-04:00,303,78.0,80.886504557474,boost_5y_absolute,True
2021-09-10 04:00:00+00:00,2021-09-22 19:00:00+00:00,2021-09-22 15:00:00-04:00,304,78.0,80.81819583617418,boost_5y_absolute,True
2021-09-10 04:00:00+00:00,2021-09-22 20:00:00+00:00,2021-09-22 16:00:00-04:00,305,80.0,80.32479543490683,boost_5y_absolute,True
2021-09-10 04:00:00+00:00,2021-09-22 21:00:00+00:00,2021-09-22 17:00:00-04:00,306,78.0,79.23217343924284,boost_5y_absolute,True
2021-09-10 04:00:00+00:00,2021-09-22 22:00:00+00:00,2021-09-22 18:00:00-04:00,307,76.0,76.61746959246895,boost_5y_absolute,True
2021-09-10 04:00:00+00:00,2021-09-22 23:00:00+00:00,2021-09-22 19:00:00-04:00,308,75.0,73.63229586654418,boost_5y_absolute,True
2021-09-10 04:00:00+00:00,2021-09-23 00:00:00+00:00,2021-09-22 20:00:00-04:00,309,75.0,72.03321979881832,boost_5y_absolute,True
2021-09-10 04:00:00+00:00,2021-09-23 01:00:00+00:00,2021-09-22 21:00:00-04:00,310,75.0,70.67312941223159,boost_5y_absolute,True
2021-09-10 04:00:00+00:00,2021-09-23 02:00:00+00:00,2021-09-22 22:00:00-04:00,311,74.0,69.8208957973902,boost_5y_absolute,True
2021-09-10 04:00:00+00:00,2021-09-23 03:00:00+00:00,2021-09-22 23:00:00-04:00,312,74.0,69.12950617360643,boost_5y_absolute,True
2021-09-10 04:00:00+00:00,2021-09-23 04:00:00+00:00,2021-09-23 00:00:00-04:00,313,63.0,68.43261722015782,boost_5y_absolute,True
2021-09-10 04:00:00+00:00,2021-09-23 05:00:00+00:00,2021-09-23 01:00:00-04:00,314,62.0,67.63253514486821,boost_5y_absolute,True
2021-09-10 04:00:00+00:00,2021-09-23 06:00:00+00:00,2021-09-23 02:00:00-04:00,315,61.0,67.02821593458111,boost_5y_absolute,True
2021-09-10 04:00:00+00:00,2021-09-23 07:00:00+00:00,2021-09-23 03:00:00-04:00,316,61.0,66.36173282460884,boost_5y_absolute,True
2021-09-10 04:00:00+00:00,2021-09-23 08:00:00+00:00,2021-09-23 04:00:00-04:00,317,61.0,65.92054486703152,boost_5y_absolute,True
2021-09-10 04:00:00+00:00,2021-09-23 09:00:00+00:00,2021-09-23 05:00:00-04:00,318,60.0,65.56549592668316,boost_5y_absolute,True
2021-09-10 04:00:00+00:00,2021-09-23 10:00:00+00:00,2021-09-23 06:00:00-04:00,319,61.0,65.30604773301292,boost_5y_absolute,True
2021-09-10 04:00:00+00:00,2021-09-23 11:00:00+00:00,2021-09-23 07:00:00-04:00,320,60.0,66.29131844613418,boost_5y_absolute,True
2021-09-10 04:00:00+00:00,2021-09-23 12:00:00+00:00,2021-09-23 08:00:00-04:00,321,63.0,69.08014732446505,boost_5y_absolute,True
2021-09-10 04:00:00+00:00,2021-09-23 13:00:00+00:00,2021-09-23 09:00:00-04:00,322,67.0,72.10590912856586,boost_5y_absolute,True
2021-09-10 04:00:00+00:00,2021-09-23 14:00:00+00:00,2021-09-23 10:00:00-04:00,323,69.0,74.91688593845996,boost_5y_absolute,True
2021-09-10 04:00:00+00:00,2021-09-23 15:00:00+00:00,2021-09-23 11:00:00-04:00,324,71.0,76.95960330689628,boost_5y_absolute,True
2021-09-10 04:00:00+00:00,2021-09-23 16:00:00+00:00,2021-09-23 12:00:00-04:00,325,74.0,78.63916707893193,boost_5y_absolute,True
2021-09-10 04:00:00+00:00,2021-09-23 17:00:00+00:00,2021-09-23 13:00:00-04:00,326,74.0,79.91973583272627,boost_5y_absolute,True
2021-09-10 04:00:00+00:00,2021-09-23 18:00:00+00:00,2021-09-23 14:00:00-04:00,327,75.0,80.7210904693219,boost_5y_absolute,True
2021-09-10 04:00:00+00:00,2021-09-23 19:00:00+00:00,2021-09-23 15:00:00-04:00,328,75.0,80.55996312980184,boost_5y_absolute,True
2021-09-10 04:00:00+00:00,2021-09-23 20:00:00+00:00,2021-09-23 16:00:00-04:00,329,75.0,80.13225242833698,boost_5y_absolute,True
2021-09-10 04:00:00+00:00,2021-09-23 21:00:00+00:00,2021-09-23 17:00:00-04:00,330,74.0,78.9998631257612,boost_5y_absolute,True
2021-09-10 04:00:00+00:00,2021-09-23 22:00:00+00:00,2021-09-23 18:00:00-04:00,331,71.0,76.25382370548286,boost_5y_absolute,True
2021-09-10 04:00:00+00:00,2021-09-23 23:00:00+00:00,2021-09-23 19:00:00-04:00,332,67.0,73.08159422607447,boost_5y_absolute,True
2021-09-10 04:00:00+00:00,2021-09-24 00:00:00+00:00,2021-09-23 20:00:00-04:00,333,63.0,71.58895656373684,boost_5y_absolute,True
2021-09-10 04:00:00+00:00,2021-09-24 01:00:00+00:00,2021-09-23 21:00:00-04:00,334,62.0,70.29559164612054,boost_5y_absolute,True
2021-09-10 04:00:00+00:00,2021-09-24 02:00:00+00:00,2021-09-23 22:00:00-04:00,335,59.0,69.45641235173406,boost_5y_absolute,True
2021-09-10 04:00:00+00:00,2021-09-24 03:00:00+00:00,2021-09-23 23:00:00-04:00,336,57.0,68.75117068535667,boost_5y_absolute,True
2021-09-17 04:00:00+00:00,2021-09-17 04:00:00+00:00,2021-09-17 00:00:00-04:00,1,74.0,71.30354625658698,boost_5y_absolute,True
2021-09-17 04:00:00+00:00,2021-09-17 05:00:00+00:00,2021-09-17 01:00:00-04:00,2,74.0,70.77681385458803,boost_5y_absolute,True
2021-09-17 04:00:00+00:00,2021-09-17 06:00:00+00:00,2021-09-17 02:00:00-04:00,3,74.0,70.10520462911808,boost_5y_absolute,True
2021-09-17 04:00:00+00:00,2021-09-17 07:00:00+00:00,2021-09-17 03:00:00-04:00,4,74.0,69.47486314153012,boost_5y_absolute,True
2021-09-17 04:00:00+00:00,2021-09-17 08:00:00+00:00,2021-09-17 04:00:00-04:00,5,73.0,68.85654157798281,boost_5y_absolute,True
2021-09-17 04:00:00+00:00,2021-09-17 09:00:00+00:00,2021-09-17 05:00:00-04:00,6,73.0,68.70737710375455,boost_5y_absolute,True
2021-09-17 04:00:00+00:00,2021-09-17 10:00:00+00:00,2021-09-17 06:00:00-04:00,7,72.0,68.41333138843437,boost_5y_absolute,True
2021-09-17 04:00:00+00:00,2021-09-17 11:00:00+00:00,2021-09-17 07:00:00-04:00,8,73.0,69.47629190166614,boost_5y_absolute,True
2021-09-17 04:00:00+00:00,2021-09-17 12:00:00+00:00,2021-09-17 08:00:00-04:00,9,74.0,71.75117387391238,boost_5y_absolute,True
2021-09-17 04:00:00+00:00,2021-09-17 13:00:00+00:00,2021-09-17 09:00:00-04:00,10,75.0,75.00821268021203,boost_5y_absolute,True
2021-09-17 04:00:00+00:00,2021-09-17 14:00:00+00:00,2021-09-17 10:00:00-04:00,11,77.0,77.92004045166286,boost_5y_absolute,True
2021-09-17 04:00:00+00:00,2021-09-17 15:00:00+00:00,2021-09-17 11:00:00-04:00,12,78.0,80.5817930656554,boost_5y_absolute,True
2021-09-17 04:00:00+00:00,2021-09-17 16:00:00+00:00,2021-09-17 12:00:00-04:00,13,79.0,81.91635805489663,boost_5y_absolute,True
2021-09-17 04:00:00+00:00,2021-09-17 17:00:00+00:00,2021-09-17 13:00:00-04:00,14,82.0,82.77460377479682,boost_5y_absolute,True
2021-09-17 04:00:00+00:00,2021-09-17 18:00:00+00:00,2021-09-17 14:00:00-04:00,15,75.0,83.67268019789617,boost_5y_absolute,True
2021-09-17 04:00:00+00:00,2021-09-17 19:00:00+00:00,2021-09-17 15:00:00-04:00,16,81.0,83.62470946614278,boost_5y_absolute,True
2021-09-17 04:00:00+00:00,2021-09-17 20:00:00+00:00,2021-09-17 16:00:00-04:00,17,82.0,83.14259529206096,boost_5y_absolute,True
2021-09-17 04:00:00+00:00,2021-09-17 21:00:00+00:00,2021-09-17 17:00:00-04:00,18,81.0,82.04878813168203,boost_5y_absolute,True
2021-09-17 04:00:00+00:00,2021-09-17 22:00:00+00:00,2021-09-17 18:00:00-04:00,19,79.0,79.8360338231133,boost_5y_absolute,True
2021-09-17 04:00:00+00:00,2021-09-17 23:00:00+00:00,2021-09-17 19:00:00-04:00,20,76.0,76.40945377663841,boost_5y_absolute,True
2021-09-17 04:00:00+00:00,2021-09-18 00:00:00+00:00,2021-09-17 20:00:00-04:00,21,74.0,74.82587218613071,boost_5y_absolute,True
2021-09-17 04:00:00+00:00,2021-09-18 01:00:00+00:00,2021-09-17 21:00:00-04:00,22,75.0,73.43964449653343,boost_5y_absolute,True
2021-09-17 04:00:00+00:00,2021-09-18 02:00:00+00:00,2021-09-17 22:00:00-04:00,23,74.0,72.4612140235578,boost_5y_absolute,True
2021-09-17 04:00:00+00:00,2021-09-18 03:00:00+00:00,2021-09-17 23:00:00-04:00,24,74.0,71.7089767001844,boost_5y_absolute,True
2021-09-17 04:00:00+00:00,2021-09-18 04:00:00+00:00,2021-09-18 00:00:00-04:00,25,73.0,69.91914394540622,boost_5y_absolute,True
2021-09-17 04:00:00+00:00,2021-09-18 05:00:00+00:00,2021-09-18 01:00:00-04:00,26,72.0,69.10360545908563,boost_5y_absolute,True
2021-09-17 04:00:00+00:00,2021-09-18 06:00:00+00:00,2021-09-18 02:00:00-04:00,27,72.0,68.3385650662175,boost_5y_absolute,True
2021-09-17 04:00:00+00:00,2021-09-18 07:00:00+00:00,2021-09-18 03:00:00-04:00,28,71.0,67.77238561115968,boost_5y_absolute,True
2021-09-17 04:00:00+00:00,2021-09-18 08:00:00+00:00,2021-09-18 04:00:00-04:00,29,71.0,67.27590425805239,boost_5y_absolute,True
2021-09-17 04:00:00+00:00,2021-09-18 09:00:00+00:00,2021-09-18 05:00:00-04:00,30,71.0,67.04152582296427,boost_5y_absolute,True
2021-09-17 04:00:00+00:00,2021-09-18 10:00:00+00:00,2021-09-18 06:00:00-04:00,31,71.0,66.83801691348404,boost_5y_absolute,True
2021-09-17 04:00:00+00:00,2021-09-18 11:00:00+00:00,2021-09-18 07:00:00-04:00,32,72.0,67.8817790919545,boost_5y_absolute,True
2021-09-17 04:00:00+00:00,2021-09-18 12:00:00+00:00,2021-09-18 08:00:00-04:00,33,76.0,70.37654334099169,boost_5y_absolute,True
2021-09-17 04:00:00+00:00,2021-09-18 13:00:00+00:00,2021-09-18 09:00:00-04:00,34,78.0,73.58406994729572,boost_5y_absolute,True
2021-09-17 04:00:00+00:00,2021-09-18 14:00:00+00:00,2021-09-18 10:00:00-04:00,35,79.0,76.03670515220129,boost_5y_absolute,True
2021-09-17 04:00:00+00:00,2021-09-18 15:00:00+00:00,2021-09-18 11:00:00-04:00,36,83.0,78.22476887403631,boost_5y_absolute,True
2021-09-17 04:00:00+00:00,2021-09-18 16:00:00+00:00,2021-09-18 12:00:00-04:00,37,83.0,79.32644732467959,boost_5y_absolute,True
2021-09-17 04:00:00+00:00,2021-09-18 17:00:00+00:00,2021-09-18 13:00:00-04:00,38,84.0,79.95933076047805,boost_5y_absolute,True
2021-09-17 04:00:00+00:00,2021-09-18 18:00:00+00:00,2021-09-18 14:00:00-04:00,39,85.0,80.76609784239044,boost_5y_absolute,True
2021-09-17 04:00:00+00:00,2021-09-18 19:00:00+00:00,2021-09-18 15:00:00-04:00,40,85.0,80.63870895667232,boost_5y_absolute,True
2021-09-17 04:00:00+00:00,2021-09-18 20:00:00+00:00,2021-09-18 16:00:00-04:00,41,85.0,80.22626440544965,boost_5y_absolute,True
2021-09-17 04:00:00+00:00,2021-09-18 21:00:00+00:00,2021-09-18 17:00:00-04:00,42,84.0,79.19729589162236,boost_5y_absolute,True
2021-09-17 04:00:00+00:00,2021-09-18 22:00:00+00:00,2021-09-18 18:00:00-04:00,43,81.0,76.60341914597657,boost_5y_absolute,True
2021-09-17 04:00:00+00:00,2021-09-18 23:00:00+00:00,2021-09-18 19:00:00-04:00,44,78.0,73.97573527238201,boost_5y_absolute,True
2021-09-17 04:00:00+00:00,2021-09-19 00:00:00+00:00,2021-09-18 20:00:00-04:00,45,77.0,72.49130031208374,boost_5y_absolute,True
2021-09-17 04:00:00+00:00,2021-09-19 01:00:00+00:00,2021-09-18 21:00:00-04:00,46,76.0,71.22032580098076,boost_5y_absolute,True
2021-09-17 04:00:00+00:00,2021-09-19 02:00:00+00:00,2021-09-18 22:00:00-04:00,47,74.0,70.34255747547331,boost_5y_absolute,True
2021-09-17 04:00:00+00:00,2021-09-19 03:00:00+00:00,2021-09-18 23:00:00-04:00,48,73.0,69.73822140206951,boost_5y_absolute,True
2021-09-17 04:00:00+00:00,2021-09-19 04:00:00+00:00,2021-09-19 00:00:00-04:00,49,71.0,68.39090058781811,boost_5y_absolute,True
2021-09-17 04:00:00+00:00,2021-09-19 05:00:00+00:00,2021-09-19 01:00:00-04:00,50,70.0,67.6066729672356,boost_5y_absolute,True
2021-09-17 04:00:00+00:00,2021-09-19 06:00:00+00:00,2021-09-19 02:00:00-04:00,51,70.0,66.80726820418427,boost_5y_absolute,True
2021-09-17 04:00:00+00:00,2021-09-19 07:00:00+00:00,2021-09-19 03:00:00-04:00,52,68.0,66.1994929274915,boost_5y_absolute,True
2021-09-17 04:00:00+00:00,2021-09-19 08:00:00+00:00,2021-09-19 04:00:00-04:00,53,67.0,65.75484981677785,boost_5y_absolute,True
2021-09-17 04:00:00+00:00,2021-09-19 09:00:00+00:00,2021-09-19 05:00:00-04:00,54,68.0,65.46974003004973,boost_5y_absolute,True
2021-09-17 04:00:00+00:00,2021-09-19 10:00:00+00:00,2021-09-19 06:00:00-04:00,55,67.0,65.30146618883877,boost_5y_absolute,True
2021-09-17 04:00:00+00:00,2021-09-19 11:00:00+00:00,2021-09-19 07:00:00-04:00,56,70.0,66.27984316631533,boost_5y_absolute,True
2021-09-17 04:00:00+00:00,2021-09-19 12:00:00+00:00,2021-09-19 08:00:00-04:00,57,77.0,68.95094964997426,boost_5y_absolute,True
2021-09-17 04:00:00+00:00,2021-09-19 13:00:00+00:00,2021-09-19 09:00:00-04:00,58,80.0,71.94786698332413,boost_5y_absolute,True
2021-09-17 04:00:00+00:00,2021-09-19 14:00:00+00:00,2021-09-19 10:00:00-04:00,59,82.0,74.39267249447049,boost_5y_absolute,True
2021-09-17 04:00:00+00:00,2021-09-19 15:00:00+00:00,2021-09-19 11:00:00-04:00,60,84.0,76.77823745746724,boost_5y_absolute,True
2021-09-17 04:00:00+00:00,2021-09-19 16:00:00+00:00,2021-09-19 12:00:00-04:00,61,87.0,78.22995515705159,boost_5y_absolute,True
2021-09-17 04:00:00+00:00,2021-09-19 17:00:00+00:00,2021-09-19 13:00:00-04:00,62,87.0,79.03638596351452,boost_5y_absolute,True
2021-09-17 04:00:00+00:00,2021-09-19 18:00:00+00:00,2021-09-19 14:00:00-04:00,63,87.0,79.94910774778684,boost_5y_absolute,True
2021-09-17 04:00:00+00:00,2021-09-19 19:00:00+00:00,2021-09-19 15:00:00-04:00,64,89.0,79.80935141751894,boost_5y_absolute,True
2021-09-17 04:00:00+00:00,2021-09-19 20:00:00+00:00,2021-09-19 16:00:00-04:00,65,88.0,79.48907804571019,boost_5y_absolute,True
2021-09-17 04:00:00+00:00,2021-09-19 21:00:00+00:00,2021-09-19 17:00:00-04:00,66,87.0,78.43375672529584,boost_5y_absolute,True
2021-09-17 04:00:00+00:00,2021-09-19 22:00:00+00:00,2021-09-19 18:00:00-04:00,67,84.0,75.89512251034779,boost_5y_absolute,True
2021-09-17 04:00:00+00:00,2021-09-19 23:00:00+00:00,2021-09-19 19:00:00-04:00,68,81.0,73.25086348054981,boost_5y_absolute,True
2021-09-17 04:00:00+00:00,2021-09-20 00:00:00+00:00,2021-09-19 20:00:00-04:00,69,78.0,71.67211889933589,boost_5y_absolute,True
2021-09-17 04:00:00+00:00,2021-09-20 01:00:00+00:00,2021-09-19 21:00:00-04:00,70,76.0,70.43673299250067,boost_5y_absolute,True
2021-09-17 04:00:00+00:00,2021-09-20 02:00:00+00:00,2021-09-19 22:00:00-04:00,71,74.0,69.3659124156757,boost_5y_absolute,True
2021-09-17 04:00:00+00:00,2021-09-20 03:00:00+00:00,2021-09-19 23:00:00-04:00,72,76.0,68.66386983422453,boost_5y_absolute,True
2021-09-17 04:00:00+00:00,2021-09-20 04:00:00+00:00,2021-09-20 00:00:00-04:00,73,73.0,68.15436962613144,boost_5y_absolute,True
2021-09-17 04:00:00+00:00,2021-09-20 05:00:00+00:00,2021-09-20 01:00:00-04:00,74,73.0,67.45997518704598,boost_5y_absolute,True
2021-09-17 04:00:00+00:00,2021-09-20 06:00:00+00:00,2021-09-20 02:00:00-04:00,75,73.0,66.63329478764065,boost_5y_absolute,True
2021-09-17 04:00:00+00:00,2021-09-20 07:00:00+00:00,2021-09-20 03:00:00-04:00,76,72.0,66.03451947199052,boost_5y_absolute,True
2021-09-17 04:00:00+00:00,2021-09-20 08:00:00+00:00,2021-09-20 04:00:00-04:00,77,72.0,65.58884590014554,boost_5y_absolute,True
2021-09-17 04:00:00+00:00,2021-09-20 09:00:00+00:00,2021-09-20 05:00:00-04:00,78,73.0,65.24220696242716,boost_5y_absolute,True
2021-09-17 04:00:00+00:00,2021-09-20 10:00:00+00:00,2021-09-20 06:00:00-04:00,79,72.0,65.0635426368102,boost_5y_absolute,True
2021-09-17 04:00:00+00:00,2021-09-20 11:00:00+00:00,2021-09-20 07:00:00-04:00,80,72.0,66.01195023789782,boost_5y_absolute,True
2021-09-17 04:00:00+00:00,2021-09-20 12:00:00+00:00,2021-09-20 08:00:00-04:00,81,72.0,68.71243223525381,boost_5y_absolute,True
2021-09-17 04:00:00+00:00,2021-09-20 13:00:00+00:00,2021-09-20 09:00:00-04:00,82,74.0,71.71275512232089,boost_5y_absolute,True
2021-09-17 04:00:00+00:00,2021-09-20 14:00:00+00:00,2021-09-20 10:00:00-04:00,83,76.0,74.36739519107023,boost_5y_absolute,True
2021-09-17 04:00:00+00:00,2021-09-20 15:00:00+00:00,2021-09-20 11:00:00-04:00,84,79.0,76.54767687247842,boost_5y_absolute,True
2021-09-17 04:00:00+00:00,2021-09-20 16:00:00+00:00,2021-09-20 12:00:00-04:00,85,81.0,77.94911381726857,boost_5y_absolute,True
2021-09-17 04:00:00+00:00,2021-09-20 17:00:00+00:00,2021-09-20 13:00:00-04:00,86,82.0,78.97580367342704,boost_5y_absolute,True
2021-09-17 04:00:00+00:00,2021-09-20 18:00:00+00:00,2021-09-20 14:00:00-04:00,87,82.0,79.86606269809735,boost_5y_absolute,True
2021-09-17 04:00:00+00:00,2021-09-20 19:00:00+00:00,2021-09-20 15:00:00-04:00,88,82.0,79.75462108135335,boost_5y_absolute,True
2021-09-17 04:00:00+00:00,2021-09-20 20:00:00+00:00,2021-09-20 16:00:00-04:00,89,82.0,79.36061494224002,boost_5y_absolute,True
2021-09-17 04:00:00+00:00,2021-09-20 21:00:00+00:00,2021-09-20 17:00:00-04:00,90,79.0,78.45141161952307,boost_5y_absolute,True
2021-09-17 04:00:00+00:00,2021-09-20 22:00:00+00:00,2021-09-20 18:00:00-04:00,91,77.0,75.87927298530543,boost_5y_absolute,True
2021-09-17 04:00:00+00:00,2021-09-20 23:00:00+00:00,2021-09-20 19:00:00-04:00,92,74.0,73.1290971812566,boost_5y_absolute,True
2021-09-17 04:00:00+00:00,2021-09-21 00:00:00+00:00,2021-09-20 20:00:00-04:00,93,73.0,71.44374292097487,boost_5y_absolute,True
2021-09-17 04:00:00+00:00,2021-09-21 01:00:00+00:00,2021-09-20 21:00:00-04:00,94,71.0,70.13119636259411,boost_5y_absolute,True
2021-09-17 04:00:00+00:00,2021-09-21 02:00:00+00:00,2021-09-20 22:00:00-04:00,95,71.0,69.26782490008273,boost_5y_absolute,True
2021-09-17 04:00:00+00:00,2021-09-21 03:00:00+00:00,2021-09-20 23:00:00-04:00,96,71.0,68.62280391314967,boost_5y_absolute,True
2021-09-17 04:00:00+00:00,2021-09-21 04:00:00+00:00,2021-09-21 00:00:00-04:00,97,70.0,68.39075724391535,boost_5y_absolute,True
2021-09-17 04:00:00+00:00,2021-09-21 05:00:00+00:00,2021-09-21 01:00:00-04:00,98,68.0,67.51198457870775,boost_5y_absolute,True
2021-09-17 04:00:00+00:00,2021-09-21 06:00:00+00:00,2021-09-21 02:00:00-04:00,99,68.0,66.73385258737854,boost_5y_absolute,True
2021-09-17 04:00:00+00:00,2021-09-21 07:00:00+00:00,2021-09-21 03:00:00-04:00,100,68.0,66.12237739941446,boost_5y_absolute,True
2021-09-17 04:00:00+00:00,2021-09-21 08:00:00+00:00,2021-09-21 04:00:00-04:00,101,67.0,65.69360445073627,boost_5y_absolute,True
2021-09-17 04:00:00+00:00,2021-09-21 09:00:00+00:00,2021-09-21 05:00:00-04:00,102,67.0,65.35114999253152,boost_5y_absolute,True
2021-09-17 04:00:00+00:00,2021-09-21 10:00:00+00:00,2021-09-21 06:00:00-04:00,103,68.0,65.1774613463062,boost_5y_absolute,True
2021-09-17 04:00:00+00:00,2021-09-21 11:00:00+00:00,2021-09-21 07:00:00-04:00,104,68.0,66.08742634931778,boost_5y_absolute,True
2021-09-17 04:00:00+00:00,2021-09-21 12:00:00+00:00,2021-09-21 08:00:00-04:00,105,71.0,68.98428127724266,boost_5y_absolute,True
2021-09-17 04:00:00+00:00,2021-09-21 13:00:00+00:00,2021-09-21 09:00:00-04:00,106,73.0,72.18073482694707,boost_5y_absolute,True
2021-09-17 04:00:00+00:00,2021-09-21 14:00:00+00:00,2021-09-21 10:00:00-04:00,107,75.0,75.02840418457461,boost_5y_absolute,True
2021-09-17 04:00:00+00:00,2021-09-21 15:00:00+00:00,2021-09-21 11:00:00-04:00,108,77.0,77.53221874237943,boost_5y_absolute,True
2021-09-17 04:00:00+00:00,2021-09-21 16:00:00+00:00,2021-09-21 12:00:00-04:00,109,78.0,79.0052037776129,boost_5y_absolute,True
2021-09-17 04:00:00+00:00,2021-09-21 17:00:00+00:00,2021-09-21 13:00:00-04:00,110,80.0,80.28002664145113,boost_5y_absolute,True
2021-09-17 04:00:00+00:00,2021-09-21 18:00:00+00:00,2021-09-21 14:00:00-04:00,111,77.0,81.27450899989847,boost_5y_absolute,True
2021-09-17 04:00:00+00:00,2021-09-21 19:00:00+00:00,2021-09-21 15:00:00-04:00,112,75.0,81.20824285847706,boost_5y_absolute,True
2021-09-17 04:00:00+00:00,2021-09-21 20:00:00+00:00,2021-09-21 16:00:00-04:00,113,75.0,80.75162754913246,boost_5y_absolute,True
2021-09-17 04:00:00+00:00,2021-09-21 21:00:00+00:00,2021-09-21 17:00:00-04:00,114,74.0,79.7640057737198,boost_5y_absolute,True
2021-09-17 04:00:00+00:00,2021-09-21 22:00:00+00:00,2021-09-21 18:00:00-04:00,115,74.0,77.19042475286427,boost_5y_absolute,True
2021-09-17 04:00:00+00:00,2021-09-21 23:00:00+00:00,2021-09-21 19:00:00-04:00,116,74.0,73.93044862417706,boost_5y_absolute,True
2021-09-17 04:00:00+00:00,2021-09-22 00:00:00+00:00,2021-09-21 20:00:00-04:00,117,74.0,72.21502918011744,boost_5y_absolute,True
2021-09-17 04:00:00+00:00,2021-09-22 01:00:00+00:00,2021-09-21 21:00:00-04:00,118,75.0,70.88123405525404,boost_5y_absolute,True
2021-09-17 04:00:00+00:00,2021-09-22 02:00:00+00:00,2021-09-21 22:00:00-04:00,119,73.0,70.05569120829473,boost_5y_absolute,True
2021-09-17 04:00:00+00:00,2021-09-22 03:00:00+00:00,2021-09-21 23:00:00-04:00,120,73.0,69.20412347631786,boost_5y_absolute,True
2021-09-17 04:00:00+00:00,2021-09-22 04:00:00+00:00,2021-09-22 00:00:00-04:00,121,73.0,68.38719414262803,boost_5y_absolute,True
2021-09-17 04:00:00+00:00,2021-09-22 05:00:00+00:00,2021-09-22 01:00:00-04:00,122,73.0,67.4910232965844,boost_5y_absolute,True
2021-09-17 04:00:00+00:00,2021-09-22 06:00:00+00:00,2021-09-22 02:00:00-04:00,123,73.0,66.75497696358875,boost_5y_absolute,True
2021-09-17 04:00:00+00:00,2021-09-22 07:00:00+00:00,2021-09-22 03:00:00-04:00,124,74.0,66.13122673546141,boost_5y_absolute,True
2021-09-17 04:00:00+00:00,2021-09-22 08:00:00+00:00,2021-09-22 04:00:00-04:00,125,74.0,65.70552718998161,boost_5y_absolute,True
2021-09-17 04:00:00+00:00,2021-09-22 09:00:00+00:00,2021-09-22 05:00:00-04:00,126,74.0,65.30196835623916,boost_5y_absolute,True
2021-09-17 04:00:00+00:00,2021-09-22 10:00:00+00:00,2021-09-22 06:00:00-04:00,127,74.0,65.06830705817406,boost_5y_absolute,True
2021-09-17 04:00:00+00:00,2021-09-22 11:00:00+00:00,2021-09-22 07:00:00-04:00,128,74.0,65.9988868875501,boost_5y_absolute,True
2021-09-17 04:00:00+00:00,2021-09-22 12:00:00+00:00,2021-09-22 08:00:00-04:00,129,76.0,68.94713047153556,boost_5y_absolute,True
2021-09-17 04:00:00+00:00,2021-09-22 13:00:00+00:00,2021-09-22 09:00:00-04:00,130,75.0,72.15997766034056,boost_5y_absolute,True
2021-09-17 04:00:00+00:00,2021-09-22 14:00:00+00:00,2021-09-22 10:00:00-04:00,131,76.0,75.03239200191264,boost_5y_absolute,True
2021-09-17 04:00:00+00:00,2021-09-22 15:00:00+00:00,2021-09-22 11:00:00-04:00,132,77.0,77.38713752838913,boost_5y_absolute,True
2021-09-17 04:00:00+00:00,2021-09-22 16:00:00+00:00,2021-09-22 12:00:00-04:00,133,76.0,78.96276305804007,boost_5y_absolute,True
2021-09-17 04:00:00+00:00,2021-09-22 17:00:00+00:00,2021-09-22 13:00:00-04:00,134,76.0,80.23082878794804,boost_5y_absolute,True
2021-09-17 04:00:00+00:00,2021-09-22 18:00:00+00:00,2021-09-22 14:00:00-04:00,135,78.0,81.11288046333804,boost_5y_absolute,True
2021-09-17 04:00:00+00:00,2021-09-22 19:00:00+00:00,2021-09-22 15:00:00-04:00,136,78.0,81.04253902135751,boost_5y_absolute,True
2021-09-17 04:00:00+00:00,2021-09-22 20:00:00+00:00,2021-09-22 16:00:00-04:00,137,80.0,80.5001158811057,boost_5y_absolute,True
2021-09-17 04:00:00+00:00,2021-09-22 21:00:00+00:00,2021-09-22 17:00:00-04:00,138,78.0,79.4550520790397,boost_5y_absolute,True
2021-09-17 04:00:00+00:00,2021-09-22 22:00:00+00:00,2021-09-22 18:00:00-04:00,139,76.0,76.84275434277048,boost_5y_absolute,True
2021-09-17 04:00:00+00:00,2021-09-22 23:00:00+00:00,2021-09-22 19:00:00-04:00,140,75.0,73.66808283576088,boost_5y_absolute,True
2021-09-17 04:00:00+00:00,2021-09-23 00:00:00+00:00,2021-09-22 20:00:00-04:00,141,75.0,72.08970994738631,boost_5y_absolute,True
2021-09-17 04:00:00+00:00,2021-09-23 01:00:00+00:00,2021-09-22 21:00:00-04:00,142,75.0,70.75578704997719,boost_5y_absolute,True
2021-09-17 04:00:00+00:00,2021-09-23 02:00:00+00:00,2021-09-22 22:00:00-04:00,143,74.0,69.84255747796023,boost_5y_absolute,True
2021-09-17 04:00:00+00:00,2021-09-23 03:00:00+00:00,2021-09-22 23:00:00-04:00,144,74.0,69.11672811858428,boost_5y_absolute,True
2021-09-17 04:00:00+00:00,2021-09-23 04:00:00+00:00,2021-09-23 00:00:00-04:00,145,63.0,68.27999285680602,boost_5y_absolute,True
2021-09-17 04:00:00+00:00,2021-09-23 05:00:00+00:00,2021-09-23 01:00:00-04:00,146,62.0,67.39248385494784,boost_5y_absolute,True
2021-09-17 04:00:00+00:00,2021-09-23 06:00:00+00:00,2021-09-23 02:00:00-04:00,147,61.0,66.68099960772243,boost_5y_absolute,True
2021-09-17 04:00:00+00:00,2021-09-23 07:00:00+00:00,2021-09-23 03:00:00-04:00,148,61.0,65.990285205324,boost_5y_absolute,True
2021-09-17 04:00:00+00:00,2021-09-23 08:00:00+00:00,2021-09-23 04:00:00-04:00,149,61.0,65.58002126868242,boost_5y_absolute,True
2021-09-17 04:00:00+00:00,2021-09-23 09:00:00+00:00,2021-09-23 05:00:00-04:00,150,60.0,65.17926827595194,boost_5y_absolute,True
2021-09-17 04:00:00+00:00,2021-09-23 10:00:00+00:00,2021-09-23 06:00:00-04:00,151,61.0,64.93370931260075,boost_5y_absolute,True
2021-09-17 04:00:00+00:00,2021-09-23 11:00:00+00:00,2021-09-23 07:00:00-04:00,152,60.0,65.88215846841595,boost_5y_absolute,True
2021-09-17 04:00:00+00:00,2021-09-23 12:00:00+00:00,2021-09-23 08:00:00-04:00,153,63.0,68.69280649047508,boost_5y_absolute,True
2021-09-17 04:00:00+00:00,2021-09-23 13:00:00+00:00,2021-09-23 09:00:00-04:00,154,67.0,71.83821056001358,boost_5y_absolute,True
2021-09-17 04:00:00+00:00,2021-09-23 14:00:00+00:00,2021-09-23 10:00:00-04:00,155,69.0,74.73463902510032,boost_5y_absolute,True
2021-09-17 04:00:00+00:00,2021-09-23 15:00:00+00:00,2021-09-23 11:00:00-04:00,156,71.0,77.02968499556903,boost_5y_absolute,True
2021-09-17 04:00:00+00:00,2021-09-23 16:00:00+00:00,2021-09-23 12:00:00-04:00,157,74.0,78.68612896596767,boost_5y_absolute,True
2021-09-17 04:00:00+00:00,2021-09-23 17:00:00+00:00,2021-09-23 13:00:00-04:00,158,74.0,80.02975706923945,boost_5y_absolute,True
2021-09-17 04:00:00+00:00,2021-09-23 18:00:00+00:00,2021-09-23 14:00:00-04:00,159,75.0,80.90300559000764,boost_5y_absolute,True
2021-09-17 04:00:00+00:00,2021-09-23 19:00:00+00:00,2021-09-23 15:00:00-04:00,160,75.0,80.74603709164472,boost_5y_absolute,True
2021-09-17 04:00:00+00:00,2021-09-23 20:00:00+00:00,2021-09-23 16:00:00-04:00,161,75.0,80.29506884802433,boost_5y_absolute,True
2021-09-17 04:00:00+00:00,2021-09-23 21:00:00+00:00,2021-09-23 17:00:00-04:00,162,74.0,79.16549359748836,boost_5y_absolute,True
2021-09-17 04:00:00+00:00,2021-09-23 22:00:00+00:00,2021-09-23 18:00:00-04:00,163,71.0,76.38838063294548,boost_5y_absolute,True
2021-09-17 04:00:00+00:00,2021-09-23 23:00:00+00:00,2021-09-23 19:00:00-04:00,164,67.0,73.08326661947385,boost_5y_absolute,True
2021-09-17 04:00:00+00:00,2021-09-24 00:00:00+00:00,2021-09-23 20:00:00-04:00,165,63.0,71.5702296914356,boost_5y_absolute,True
2021-09-17 04:00:00+00:00,2021-09-24 01:00:00+00:00,2021-09-23 21:00:00-04:00,166,62.0,70.3069388093833,boost_5y_absolute,True
2021-09-17 04:00:00+00:00,2021-09-24 02:00:00+00:00,2021-09-23 22:00:00-04:00,167,59.0,69.43483454759058,boost_5y_absolute,True
2021-09-17 04:00:00+00:00,2021-09-24 03:00:00+00:00,2021-09-23 23:00:00-04:00,168,57.0,68.70797168634384,boost_5y_absolute,True
2021-09-17 04:00:00+00:00,2021-09-24 04:00:00+00:00,2021-09-24 00:00:00-04:00,169,56.0,67.89531793399267,boost_5y_absolute,True
2021-09-17 04:00:00+00:00,2021-09-24 05:00:00+00:00,2021-09-24 01:00:00-04:00,170,54.0,66.97977070907024,boost_5y_absolute,True
2021-09-17 04:00:00+00:00,2021-09-24 06:00:00+00:00,2021-09-24 02:00:00-04:00,171,54.0,66.37684027191729,boost_5y_absolute,True
2021-09-17 04:00:00+00:00,2021-09-24 07:00:00+00:00,2021-09-24 03:00:00-04:00,172,52.0,65.64501303528364,boost_5y_absolute,True
2021-09-17 04:00:00+00:00,2021-09-24 08:00:00+00:00,2021-09-24 04:00:00-04:00,173,53.0,65.2491038157228,boost_5y_absolute,True
2021-09-17 04:00:00+00:00,2021-09-24 09:00:00+00:00,2021-09-24 05:00:00-04:00,174,53.0,64.91403404972354,boost_5y_absolute,True
2021-09-17 04:00:00+00:00,2021-09-24 10:00:00+00:00,2021-09-24 06:00:00-04:00,175,51.0,64.6585012811107,boost_5y_absolute,True
2021-09-17 04:00:00+00:00,2021-09-24 11:00:00+00:00,2021-09-24 07:00:00-04:00,176,54.0,65.55398652262107,boost_5y_absolute,True
2021-09-17 04:00:00+00:00,2021-09-24 12:00:00+00:00,2021-09-24 08:00:00-04:00,177,57.0,68.3707117400062,boost_5y_absolute,True
2021-09-17 04:00:00+00:00,2021-09-24 13:00:00+00:00,2021-09-24 09:00:00-04:00,178,63.0,71.46897660609824,boost_5y_absolute,True
2021-09-17 04:00:00+00:00,2021-09-24 14:00:00+00:00,2021-09-24 10:00:00-04:00,179,67.0,74.34027109039376,boost_5y_absolute,True
2021-09-17 04:00:00+00:00,2021-09-24 15:00:00+00:00,2021-09-24 11:00:00-04:00,180,70.0,76.57530059628273,boost_5y_absolute,True
2021-09-17 04:00:00+00:00,2021-09-24 16:00:00+00:00,2021-09-24 12:00:00-04:00,181,71.0,78.33070256422367,boost_5y_absolute,True
2021-09-17 04:00:00+00:00,2021-09-24 17:00:00+00:00,2021-09-24 13:00:00-04:00,182,74.0,79.68510469494002,boost_5y_absolute,True
2021-09-17 04:00:00+00:00,2021-09-24 18:00:00+00:00,2021-09-24 14:00:00-04:00,183,74.0,80.49322539983525,boost_5y_absolute,True
2021-09-17 04:00:00+00:00,2021-09-24 19:00:00+00:00,2021-09-24 15:00:00-04:00,184,75.0,80.4548234169249,boost_5y_absolute,True
2021-09-17 04:00:00+00:00,2021-09-24 20:00:00+00:00,2021-09-24 16:00:00-04:00,185,75.0,80.05220574670359,boost_5y_absolute,True
2021-09-17 04:00:00+00:00,2021-09-24 21:00:00+00:00,2021-09-24 17:00:00-04:00,186,73.0,78.83485110205571,boost_5y_absolute,True
2021-09-17 04:00:00+00:00,2021-09-24 22:00:00+00:00,2021-09-24 18:00:00-04:00,187,69.0,75.99081327512658,boost_5y_absolute,True
2021-09-17 04:00:00+00:00,2021-09-24 23:00:00+00:00,2021-09-24 19:00:00-04:00,188,62.0,72.71401813034417,boost_5y_absolute,True
2021-09-17 04:00:00+00:00,2021-09-25 00:00:00+00:00,2021-09-24 20:00:00-04:00,189,59.0,71.15852366387438,boost_5y_absolute,True
2021-09-17 04:00:00+00:00,2021-09-25 01:00:00+00:00,2021-09-24 21:00:00-04:00,190,58.0,69.93465664966858,boost_5y_absolute,True
2021-09-17 04:00:00+00:00,2021-09-25 02:00:00+00:00,2021-09-24 22:00:00-04:00,191,57.0,69.06233093475339,boost_5y_absolute,True
2021-09-17 04:00:00+00:00,2021-09-25 03:00:00+00:00,2021-09-24 23:00:00-04:00,192,55.0,68.37324249256551,boost_5y_absolute,True
2021-09-17 04:00:00+00:00,2021-09-25 04:00:00+00:00,2021-09-25 00:00:00-04:00,193,53.0,67.83935412308907,boost_5y_absolute,True
2021-09-17 04:00:00+00:00,2021-09-25 05:00:00+00:00,2021-09-25 01:00:00-04:00,194,53.0,66.9638269196198,boost_5y_absolute,True
2021-09-17 04:00:00+00:00,2021-09-25 06:00:00+00:00,2021-09-25 02:00:00-04:00,195,52.0,66.32476263741798,boost_5y_absolute,True
2021-09-17 04:00:00+00:00,2021-09-25 07:00:00+00:00,2021-09-25 03:00:00-04:00,196,51.0,65.56040316760377,boost_5y_absolute,True
2021-09-17 04:00:00+00:00,2021-09-25 08:00:00+00:00,2021-09-25 04:00:00-04:00,197,50.0,65.18459358039613,boost_5y_absolute,True
2021-09-17 04:00:00+00:00,2021-09-25 09:00:00+00:00,2021-09-25 05:00:00-04:00,198,50.0,64.88810012049989,boost_5y_absolute,True
2021-09-17 04:00:00+00:00,2021-09-25 10:00:00+00:00,2021-09-25 06:00:00-04:00,199,50.0,64.61587671280205,boost_5y_absolute,True
2021-09-17 04:00:00+00:00,2021-09-25 11:00:00+00:00,2021-09-25 07:00:00-04:00,200,52.0,65.43614371236805,boost_5y_absolute,True
2021-09-17 04:00:00+00:00,2021-09-25 12:00:00+00:00,2021-09-25 08:00:00-04:00,201,59.0,68.28504646007296,boost_5y_absolute,True
2021-09-17 04:00:00+00:00,2021-09-25 13:00:00+00:00,2021-09-25 09:00:00-04:00,202,65.0,71.38533801984582,boost_5y_absolute,True
2021-09-17 04:00:00+00:00,2021-09-25 14:00:00+00:00,2021-09-25 10:00:00-04:00,203,70.0,74.2941678826385,boost_5y_absolute,True
2021-09-17 04:00:00+00:00,2021-09-25 15:00:00+00:00,2021-09-25 11:00:00-04:00,204,72.0,76.51600392411706,boost_5y_absolute,True
2021-09-17 04:00:00+00:00,2021-09-25 16:00:00+00:00,2021-09-25 12:00:00-04:00,205,74.0,78.30454380111759,boost_5y_absolute,True
2021-09-17 04:00:00+00:00,2021-09-25 17:00:00+00:00,2021-09-25 13:00:00-04:00,206,76.0,79.69113918989625,boost_5y_absolute,True
2021-09-17 04:00:00+00:00,2021-09-25 18:00:00+00:00,2021-09-25 14:00:00-04:00,207,78.0,80.47555890785043,boost_5y_absolute,True
2021-09-17 04:00:00+00:00,2021-09-25 19:00:00+00:00,2021-09-25 15:00:00-04:00,208,78.0,80.47809539248713,boost_5y_absolute,True
2021-09-17 04:00:00+00:00,2021-09-25 20:00:00+00:00,2021-09-25 16:00:00-04:00,209,74.0,80.05295352170924,boost_5y_absolute,True
2021-09-17 04:00:00+00:00,2021-09-25 21:00:00+00:00,2021-09-25 17:00:00-04:00,210,76.0,78.8686554295016,boost_5y_absolute,True
2021-09-17 04:00:00+00:00,2021-09-25 22:00:00+00:00,2021-09-25 18:00:00-04:00,211,71.0,75.95799466099315,boost_5y_absolute,True
2021-09-17 04:00:00+00:00,2021-09-25 23:00:00+00:00,2021-09-25 19:00:00-04:00,212,64.0,72.63876269563097,boost_5y_absolute,True
2021-09-17 04:00:00+00:00,2021-09-26 00:00:00+00:00,2021-09-25 20:00:00-04:00,213,62.0,71.0229213630611,boost_5y_absolute,True
2021-09-17 04:00:00+00:00,2021-09-26 01:00:00+00:00,2021-09-25 21:00:00-04:00,214,61.0,69.87875596883912,boost_5y_absolute,True
2021-09-17 04:00:00+00:00,2021-09-26 02:00:00+00:00,2021-09-25 22:00:00-04:00,215,59.0,69.02281517827765,boost_5y_absolute,True
2021-09-17 04:00:00+00:00,2021-09-26 03:00:00+00:00,2021-09-25 23:00:00-04:00,216,58.0,68.3078115119974,boost_5y_absolute,True
2021-09-17 04:00:00+00:00,2021-09-26 04:00:00+00:00,2021-09-26 00:00:00-04:00,217,57.0,67.68230296677685,boost_5y_absolute,True
2021-09-17 04:00:00+00:00,2021-09-26 05:00:00+00:00,2021-09-26 01:00:00-04:00,218,57.0,66.7624267235226,boost_5y_absolute,True
2021-09-17 04:00:00+00:00,2021-09-26 06:00:00+00:00,2021-09-26 02:00:00-04:00,219,56.0,66.11942396556636,boost_5y_absolute,True
2021-09-17 04:00:00+00:00,2021-09-26 07:00:00+00:00,2021-09-26 03:00:00-04:00,220,55.0,65.31392408987158,boost_5y_absolute,True
2021-09-17 04:00:00+00:00,2021-09-26 08:00:00+00:00,2021-09-26 04:00:00-04:00,221,54.0,64.92436320526717,boost_5y_absolute,True
2021-09-17 04:00:00+00:00,2021-09-26 09:00:00+00:00,2021-09-26 05:00:00-04:00,222,53.0,64.54351706190366,boost_5y_absolute,True
2021-09-17 04:00:00+00:00,2021-09-26 10:00:00+00:00,2021-09-26 06:00:00-04:00,223,51.0,64.27780458437213,boost_5y_absolute,True
2021-09-17 04:00:00+00:00,2021-09-26 11:00:00+00:00,2021-09-26 07:00:00-04:00,224,55.0,65.08937135394706,boost_5y_absolute,True
2021-09-17 04:00:00+00:00,2021-09-26 12:00:00+00:00,2021-09-26 08:00:00-04:00,225,61.0,68.11032875078422,boost_5y_absolute,True
2021-09-17 04:00:00+00:00,2021-09-26 13:00:00+00:00,2021-09-26 09:00:00-04:00,226,68.0,71.30354700102862,boost_5y_absolute,True
2021-09-17 04:00:00+00:00,2021-09-26 14:00:00+00:00,2021-09-26 10:00:00-04:00,227,71.0,74.2233696371732,boost_5y_absolute,True
2021-09-17 04:00:00+00:00,2021-09-26 15:00:00+00:00,2021-09-26 11:00:00-04:00,228,72.0,76.51127846162218,boost_5y_absolute,True
2021-09-17 04:00:00+00:00,2021-09-26 16:00:00+00:00,2021-09-26 12:00:00-04:00,229,74.0,78.32094327207469,boost_5y_absolute,True
2021-09-17 04:00:00+00:00,2021-09-26 17:00:00+00:00,2021-09-26 13:00:00-04:00,230,75.0,79.74768554699837,boost_5y_absolute,True
2021-09-17 04:00:00+00:00,2021-09-26 18:00:00+00:00,2021-09-26 14:00:00-04:00,231,77.0,80.66153192897977,boost_5y_absolute,True
2021-09-17 04:00:00+00:00,2021-09-26 19:00:00+00:00,2021-09-26 15:00:00-04:00,232,76.0,80.5756693689292,boost_5y_absolute,True
2021-09-17 04:00:00+00:00,2021-09-26 20:00:00+00:00,2021-09-26 16:00:00-04:00,233,77.0,80.21532218134591,boost_5y_absolute,True
2021-09-17 04:00:00+00:00,2021-09-26 21:00:00+00:00,2021-09-26 17:00:00-04:00,234,75.0,78.96195431515548,boost_5y_absolute,True
2021-09-17 04:00:00+00:00,2021-09-26 22:00:00+00:00,2021-09-26 18:00:00-04:00,235,70.0,75.7708979674442,boost_5y_absolute,True
2021-09-17 04:00:00+00:00,2021-09-26 23:00:00+00:00,2021-09-26 19:00:00-04:00,236,64.0,72.4671511672863,boost_5y_absolute,True
2021-09-17 04:00:00+00:00,2021-09-27 00:00:00+00:00,2021-09-26 20:00:00-04:00,237,62.0,70.82399862005171,boost_5y_absolute,True
2021-09-17 04:00:00+00:00,2021-09-27 01:00:00+00:00,2021-09-26 21:00:00-04:00,238,59.0,69.46740814702558,boost_5y_absolute,True
2021-09-17 04:00:00+00:00,2021-09-27 02:00:00+00:00,2021-09-26 22:00:00-04:00,239,57.0,68.69495561403656,boost_5y_absolute,True
2021-09-17 04:00:00+00:00,2021-09-27 03:00:00+00:00,2021-09-26 23:00:00-04:00,240,56.0,68.07689834761266,boost_5y_absolute,True
2021-09-17 04:00:00+00:00,2021-09-27 04:00:00+00:00,2021-09-27 00:00:00-04:00,241,56.0,67.30995757510676,boost_5y_absolute,True
2021-09-17 04:00:00+00:00,2021-09-27 05:00:00+00:00,2021-09-27 01:00:00-04:00,242,55.0,66.37325151454306,boost_5y_absolute,True
2021-09-17 04:00:00+00:00,2021-09-27 06:00:00+00:00,2021-09-27 02:00:00-04:00,243,55.0,65.82803724335187,boost_5y_absolute,True
2021-09-17 04:00:00+00:00,2021-09-27 07:00:00+00:00,2021-09-27 03:00:00-04:00,244,52.0,65.0002482418205,boost_5y_absolute,True
2021-09-17 04:00:00+00:00,2021-09-27 08:00:00+00:00,2021-09-27 04:00:00-04:00,245,53.0,64.60001998456904,boost_5y_absolute,True
2021-09-17 04:00:00+00:00,2021-09-27 09:00:00+00:00,2021-09-27 05:00:00-04:00,246,53.0,64.19521392435553,boost_5y_absolute,True
2021-09-17 04:00:00+00:00,2021-09-27 10:00:00+00:00,2021-09-27 06:00:00-04:00,247,52.0,63.91436041258773,boost_5y_absolute,True
2021-09-17 04:00:00+00:00,2021-09-27 11:00:00+00:00,2021-09-27 07:00:00-04:00,248,54.0,64.66594836478885,boost_5y_absolute,True
2021-09-17 04:00:00+00:00,2021-09-27 12:00:00+00:00,2021-09-27 08:00:00-04:00,249,63.0,67.86757008692234,boost_5y_absolute,True
2021-09-17 04:00:00+00:00,2021-09-27 13:00:00+00:00,2021-09-27 09:00:00-04:00,250,69.0,71.1226775470087,boost_5y_absolute,True
2021-09-17 04:00:00+00:00,2021-09-27 14:00:00+00:00,2021-09-27 10:00:00-04:00,251,75.0,74.12643525440333,boost_5y_absolute,True
2021-09-17 04:00:00+00:00,2021-09-27 15:00:00+00:00,2021-09-27 11:00:00-04:00,252,79.0,76.37552126310466,boost_5y_absolute,True
2021-09-17 04:00:00+00:00,2021-09-27 16:00:00+00:00,2021-09-27 12:00:00-04:00,253,81.0,78.23606157477401,boost_5y_absolute,True
2021-09-17 04:00:00+00:00,2021-09-27 17:00:00+00:00,2021-09-27 13:00:00-04:00,254,83.0,79.71261411959495,boost_5y_absolute,True
2021-09-17 04:00:00+00:00,2021-09-27 18:00:00+00:00,2021-09-27 14:00:00-04:00,255,83.0,80.58102606301745,boost_5y_absolute,True
2021-09-17 04:00:00+00:00,2021-09-27 19:00:00+00:00,2021-09-27 15:00:00-04:00,256,83.0,80.48302025711295,boost_5y_absolute,True
2021-09-17 04:00:00+00:00,2021-09-27 20:00:00+00:00,2021-09-27 16:00:00-04:00,257,83.0,80.02979317396102,boost_5y_absolute,True
2021-09-17 04:00:00+00:00,2021-09-27 21:00:00+00:00,2021-09-27 17:00:00-04:00,258,80.0,78.72709233065459,boost_5y_absolute,True
2021-09-17 04:00:00+00:00,2021-09-27 22:00:00+00:00,2021-09-27 18:00:00-04:00,259,75.0,75.4329342708428,boost_5y_absolute,True
2021-09-17 04:00:00+00:00,2021-09-27 23:00:00+00:00,2021-09-27 19:00:00-04:00,260,72.0,72.24721018141192,boost_5y_absolute,True
2021-09-17 04:00:00+00:00,2021-09-28 00:00:00+00:00,2021-09-27 20:00:00-04:00,261,70.0,70.48509843987874,boost_5y_absolute,True
2021-09-17 04:00:00+00:00,2021-09-28 01:00:00+00:00,2021-09-27 21:00:00-04:00,262,66.0,69.1862755280024,boost_5y_absolute,True
2021-09-17 04:00:00+00:00,2021-09-28 02:00:00+00:00,2021-09-27 22:00:00-04:00,263,66.0,68.44593581687548,boost_5y_absolute,True
2021-09-17 04:00:00+00:00,2021-09-28 03:00:00+00:00,2021-09-27 23:00:00-04:00,264,63.0,67.87233596490708,boost_5y_absolute,True
2021-09-17 04:00:00+00:00,2021-09-28 04:00:00+00:00,2021-09-28 00:00:00-04:00,265,63.0,67.07106710152274,boost_5y_absolute,True
2021-09-17 04:00:00+00:00,2021-09-28 05:00:00+00:00,2021-09-28 01:00:00-04:00,266,60.0,66.1327536229418,boost_5y_absolute,True
2021-09-17 04:00:00+00:00,2021-09-28 06:00:00+00:00,2021-09-28 02:00:00-04:00,267,62.0,65.5448786288433,boost_5y_absolute,True
2021-09-17 04:00:00+00:00,2021-09-28 07:00:00+00:00,2021-09-28 03:00:00-04:00,268,61.0,64.77065043215651,boost_5y_absolute,True
2021-09-17 04:00:00+00:00,2021-09-28 08:00:00+00:00,2021-09-28 04:00:00-04:00,269,61.0,64.37660532621823,boost_5y_absolute,True
2021-09-17 04:00:00+00:00,2021-09-28 09:00:00+00:00,2021-09-28 05:00:00-04:00,270,60.0,63.949509277813796,boost_5y_absolute,True
2021-09-17 04:00:00+00:00,2021-09-28 10:00:00+00:00,2021-09-28 06:00:00-04:00,271,59.0,63.64225168801319,boost_5y_absolute,True
2021-09-17 04:00:00+00:00,2021-09-28 11:00:00+00:00,2021-09-28 07:00:00-04:00,272,61.0,64.29432671707384,boost_5y_absolute,True
2021-09-17 04:00:00+00:00,2021-09-28 12:00:00+00:00,2021-09-28 08:00:00-04:00,273,66.0,67.4877460659905,boost_5y_absolute,True
2021-09-17 04:00:00+00:00,2021-09-28 13:00:00+00:00,2021-09-28 09:00:00-04:00,274,73.0,70.76484790897344,boost_5y_absolute,True
2021-09-17 04:00:00+00:00,2021-09-28 14:00:00+00:00,2021-09-28 10:00:00-04:00,275,78.0,73.89341869946657,boost_5y_absolute,True
2021-09-17 04:00:00+00:00,2021-09-28 15:00:00+00:00,2021-09-28 11:00:00-04:00,276,82.0,76.19024278660162,boost_5y_absolute,True
2021-09-17 04:00:00+00:00,2021-09-28 16:00:00+00:00,2021-09-28 12:00:00-04:00,277,85.0,78.01795227662319,boost_5y_absolute,True
2021-09-17 04:00:00+00:00,2021-09-28 17:00:00+00:00,2021-09-28 13:00:00-04:00,278,86.0,79.50514271525591,boost_5y_absolute,True
2021-09-17 04:00:00+00:00,2021-09-28 18:00:00+00:00,2021-09-28 14:00:00-04:00,279,86.0,80.41278266380105,boost_5y_absolute,True
2021-09-17 04:00:00+00:00,2021-09-28 19:00:00+00:00,2021-09-28 15:00:00-04:00,280,86.0,80.29624605237049,boost_5y_absolute,True
2021-09-17 04:00:00+00:00,2021-09-28 20:00:00+00:00,2021-09-28 16:00:00-04:00,281,84.0,79.77248656275793,boost_5y_absolute,True
2021-09-17 04:00:00+00:00,2021-09-28 21:00:00+00:00,2021-09-28 17:00:00-04:00,282,82.0,78.38498263788274,boost_5y_absolute,True
2021-09-17 04:00:00+00:00,2021-09-28 22:00:00+00:00,2021-09-28 18:00:00-04:00,283,77.0,75.01168561835871,boost_5y_absolute,True
2021-09-17 04:00:00+00:00,2021-09-28 23:00:00+00:00,2021-09-28 19:00:00-04:00,284,73.0,71.85058947663835,boost_5y_absolute,True
2021-09-17 04:00:00+00:00,2021-09-29 00:00:00+00:00,2021-09-28 20:00:00-04:00,285,70.0,70.08833416896621,boost_5y_absolute,True
2021-09-17 04:00:00+00:00,2021-09-29 01:00:00+00:00,2021-09-28 21:00:00-04:00,286,69.0,68.83097232892911,boost_5y_absolute,True
2021-09-17 04:00:00+00:00,2021-09-29 02:00:00+00:00,2021-09-28 22:00:00-04:00,287,69.0,68.17287402311588,boost_5y_absolute,True
2021-09-17 04:00:00+00:00,2021-09-29 03:00:00+00:00,2021-09-28 23:00:00-04:00,288,67.0,67.68380158999881,boost_5y_absolute,True
2021-09-17 04:00:00+00:00,2021-09-29 04:00:00+00:00,2021-09-29 00:00:00-04:00,289,68.0,66.84949434107189,boost_5y_absolute,True
2021-09-17 04:00:00+00:00,2021-09-29 05:00:00+00:00,2021-09-29 01:00:00-04:00,290,64.0,65.93090162694745,boost_5y_absolute,True
2021-09-17 04:00:00+00:00,2021-09-29 06:00:00+00:00,2021-09-29 02:00:00-04:00,291,65.0,65.35683745363879,boost_5y_absolute,True
2021-09-17 04:00:00+00:00,2021-09-29 07:00:00+00:00,2021-09-29 03:00:00-04:00,292,65.0,64.51679426118844,boost_5y_absolute,True
2021-09-17 04:00:00+00:00,2021-09-29 08:00:00+00:00,2021-09-29 04:00:00-04:00,293,64.0,64.08545278403302,boost_5y_absolute,True
2021-09-17 04:00:00+00:00,2021-09-29 09:00:00+00:00,2021-09-29 05:00:00-04:00,294,63.0,63.64266782069096,boost_5y_absolute,True
2021-09-17 04:00:00+00:00,2021-09-29 10:00:00+00:00,2021-09-29 06:00:00-04:00,295,62.0,63.36244711864154,boost_5y_absolute,True
2021-09-17 04:00:00+00:00,2021-09-29 11:00:00+00:00,2021-09-29 07:00:00-04:00,296,65.0,64.00233534635306,boost_5y_absolute,True
2021-09-17 04:00:00+00:00,2021-09-29 12:00:00+00:00,2021-09-29 08:00:00-04:00,297,69.0,67.2323113773897,boost_5y_absolute,True
2021-09-17 04:00:00+00:00,2021-09-29 13:00:00+00:00,2021-09-29 09:00:00-04:00,298,72.0,70.48405004457464,boost_5y_absolute,True
2021-09-17 04:00:00+00:00,2021-09-29 14:00:00+00:00,2021-09-29 10:00:00-04:00,299,76.0,73.63985947327357,boost_5y_absolute,True
2021-09-17 04:00:00+00:00,2021-09-29 15:00:00+00:00,2021-09-29 11:00:00-04:00,300,79.0,75.99252737733622,boost_5y_absolute,True
2021-09-17 04:00:00+00:00,2021-09-29 16:00:00+00:00,2021-09-29 12:00:00-04:00,301,80.0,77.81757243567631,boost_5y_absolute,True
2021-09-17 04:00:00+00:00,2021-09-29 17:00:00+00:00,2021-09-29 13:00:00-04:00,302,81.0,79.34066531234065,boost_5y_absolute,True
2021-09-17 04:00:00+00:00,2021-09-29 18:00:00+00:00,2021-09-29 14:00:00-04:00,303,81.0,80.18904514342927,boost_5y_absolute,True
2021-09-17 04:00:00+00:00,2021-09-29 19:00:00+00:00,2021-09-29 15:00:00-04:00,304,83.0,80.2180784365167,boost_5y_absolute,True
2021-09-17 04:00:00+00:00,2021-09-29 20:00:00+00:00,2021-09-29 16:00:00-04:00,305,82.0,79.81518717834744,boost_5y_absolute,True
2021-09-17 04:00:00+00:00,2021-09-29 21:00:00+00:00,2021-09-29 17:00:00-04:00,306,79.0,78.30566033070119,boost_5y_absolute,True
2021-09-17 04:00:00+00:00,2021-09-29 22:00:00+00:00,2021-09-29 18:00:00-04:00,307,76.0,74.87522288222648,boost_5y_absolute,True
2021-09-17 04:00:00+00:00,2021-09-29 23:00:00+00:00,2021-09-29 19:00:00-04:00,308,73.0,71.64695257553984,boost_5y_absolute,True
2021-09-17 04:00:00+00:00,2021-09-30 00:00:00+00:00,2021-09-29 20:00:00-04:00,309,71.0,69.9376131181572,boost_5y_absolute,True
2021-09-17 04:00:00+00:00,2021-09-30 01:00:00+00:00,2021-09-29 21:00:00-04:00,310,71.0,68.61575185753902,boost_5y_absolute,True
2021-09-17 04:00:00+00:00,2021-09-30 02:00:00+00:00,2021-09-29 22:00:00-04:00,311,70.0,67.99898884655674,boost_5y_absolute,True
2021-09-17 04:00:00+00:00,2021-09-30 03:00:00+00:00,2021-09-29 23:00:00-04:00,312,69.0,67.49961881614914,boost_5y_absolute,True
2021-09-17 04:00:00+00:00,2021-09-30 04:00:00+00:00,2021-09-30 00:00:00-04:00,313,70.0,66.64093506620051,boost_5y_absolute,True
2021-09-17 04:00:00+00:00,2021-09-30 05:00:00+00:00,2021-09-30 01:00:00-04:00,314,69.0,65.64259872915102,boost_5y_absolute,True
2021-09-17 04:00:00+00:00,2021-09-30 06:00:00+00:00,2021-09-30 02:00:00-04:00,315,68.0,65.07048708525608,boost_5y_absolute,True
2021-09-17 04:00:00+00:00,2021-09-30 07:00:00+00:00,2021-09-30 03:00:00-04:00,316,66.0,64.2569496422629,boost_5y_absolute,True
2021-09-17 04:00:00+00:00,2021-09-30 08:00:00+00:00,2021-09-30 04:00:00-04:00,317,65.0,63.92487435556552,boost_5y_absolute,True
2021-09-17 04:00:00+00:00,2021-09-30 09:00:00+00:00,2021-09-30 05:00:00-04:00,318,64.0,63.403887928894434,boost_5y_absolute,True
2021-09-17 04:00:00+00:00,2021-09-30 10:00:00+00:00,2021-09-30 06:00:00-04:00,319,63.0,63.12365039803501,boost_5y_absolute,True
2021-09-17 04:00:00+00:00,2021-09-30 11:00:00+00:00,2021-09-30 07:00:00-04:00,320,64.0,63.72349201378978,boost_5y_absolute,True
2021-09-17 04:00:00+00:00,2021-09-30 12:00:00+00:00,2021-09-30 08:00:00-04:00,321,65.0,67.01533981181196,boost_5y_absolute,True
2021-09-17 04:00:00+00:00,2021-09-30 13:00:00+00:00,2021-09-30 09:00:00-04:00,322,67.0,70.24313736623544,boost_5y_absolute,True
2021-09-17 04:00:00+00:00,2021-09-30 14:00:00+00:00,2021-09-30 10:00:00-04:00,323,71.0,73.47399069723703,boost_5y_absolute,True
2021-09-17 04:00:00+00:00,2021-09-30 15:00:00+00:00,2021-09-30 11:00:00-04:00,324,72.0,75.8609903817615,boost_5y_absolute,True
2021-09-17 04:00:00+00:00,2021-09-30 16:00:00+00:00,2021-09-30 12:00:00-04:00,325,74.0,77.72782997786264,boost_5y_absolute,True
2021-09-17 04:00:00+00:00,2021-09-30 17:00:00+00:00,2021-09-30 13:00:00-04:00,326,78.0,79.30167938221649,boost_5y_absolute,True
2021-09-17 04:00:00+00:00,2021-09-30 18:00:00+00:00,2021-09-30 14:00:00-04:00,327,77.0,80.08473264944207,boost_5y_absolute,True
2021-09-17 04:00:00+00:00,2021-09-30 19:00:00+00:00,2021-09-30 15:00:00-04:00,328,79.0,80.19024435557742,boost_5y_absolute,True
2021-09-17 04:00:00+00:00,2021-09-30 20:00:00+00:00,2021-09-30 16:00:00-04:00,329,79.0,79.69332580743826,boost_5y_absolute,True
2021-09-17 04:00:00+00:00,2021-09-30 21:00:00+00:00,2021-09-30 17:00:00-04:00,330,77.0,78.17145410848522,boost_5y_absolute,True
2021-09-17 04:00:00+00:00,2021-09-30 22:00:00+00:00,2021-09-30 18:00:00-04:00,331,73.0,74.70170853666662,boost_5y_absolute,True
2021-09-17 04:00:00+00:00,2021-09-30 23:00:00+00:00,2021-09-30 19:00:00-04:00,332,68.0,71.50073993773645,boost_5y_absolute,True
2021-09-17 04:00:00+00:00,2021-10-01 00:00:00+00:00,2021-09-30 20:00:00-04:00,333,65.0,69.8597486301602,boost_5y_absolute,True
2021-09-17 04:00:00+00:00,2021-10-01 01:00:00+00:00,2021-09-30 21:00:00-04:00,334,64.0,68.6461429062766,boost_5y_absolute,True
2021-09-17 04:00:00+00:00,2021-10-01 02:00:00+00:00,2021-09-30 22:00:00-04:00,335,64.0,67.96691171081658,boost_5y_absolute,True
2021-09-17 04:00:00+00:00,2021-10-01 03:00:00+00:00,2021-09-30 23:00:00-04:00,336,62.0,67.56802458009759,boost_5y_absolute,True
2021-09-24 04:00:00+00:00,2021-09-24 04:00:00+00:00,2021-09-24 00:00:00-04:00,1,56.0,56.87481414423061,boost_5y_absolute,True
2021-09-24 04:00:00+00:00,2021-09-24 05:00:00+00:00,2021-09-24 01:00:00-04:00,2,54.0,56.08270432299025,boost_5y_absolute,True
2021-09-24 04:00:00+00:00,2021-09-24 06:00:00+00:00,2021-09-24 02:00:00-04:00,3,54.0,55.71227899361118,boost_5y_absolute,True
2021-09-24 04:00:00+00:00,2021-09-24 07:00:00+00:00,2021-09-24 03:00:00-04:00,4,52.0,55.52603485291989,boost_5y_absolute,True
2021-09-24 04:00:00+00:00,2021-09-24 08:00:00+00:00,2021-09-24 04:00:00-04:00,5,53.0,55.225874799199296,boost_5y_absolute,True
2021-09-24 04:00:00+00:00,2021-09-24 09:00:00+00:00,2021-09-24 05:00:00-04:00,6,53.0,55.02565255235451,boost_5y_absolute,True
2021-09-24 04:00:00+00:00,2021-09-24 10:00:00+00:00,2021-09-24 06:00:00-04:00,7,51.0,54.859029281618746,boost_5y_absolute,True
2021-09-24 04:00:00+00:00,2021-09-24 11:00:00+00:00,2021-09-24 07:00:00-04:00,8,54.0,55.85440383027047,boost_5y_absolute,True
2021-09-24 04:00:00+00:00,2021-09-24 12:00:00+00:00,2021-09-24 08:00:00-04:00,9,57.0,58.34099897714403,boost_5y_absolute,True
2021-09-24 04:00:00+00:00,2021-09-24 13:00:00+00:00,2021-09-24 09:00:00-04:00,10,63.0,60.95447560702456,boost_5y_absolute,True
2021-09-24 04:00:00+00:00,2021-09-24 14:00:00+00:00,2021-09-24 10:00:00-04:00,11,67.0,63.942408115296544,boost_5y_absolute,True
2021-09-24 04:00:00+00:00,2021-09-24 15:00:00+00:00,2021-09-24 11:00:00-04:00,12,70.0,65.60094765125139,boost_5y_absolute,True
2021-09-24 04:00:00+00:00,2021-09-24 16:00:00+00:00,2021-09-24 12:00:00-04:00,13,71.0,67.55865614121711,boost_5y_absolute,True
2021-09-24 04:00:00+00:00,2021-09-24 17:00:00+00:00,2021-09-24 13:00:00-04:00,14,74.0,69.39314500465753,boost_5y_absolute,True
2021-09-24 04:00:00+00:00,2021-09-24 18:00:00+00:00,2021-09-24 14:00:00-04:00,15,74.0,70.11670411983707,boost_5y_absolute,True
2021-09-24 04:00:00+00:00,2021-09-24 19:00:00+00:00,2021-09-24 15:00:00-04:00,16,75.0,70.26738582020285,boost_5y_absolute,True
2021-09-24 04:00:00+00:00,2021-09-24 20:00:00+00:00,2021-09-24 16:00:00-04:00,17,75.0,70.04309903718166,boost_5y_absolute,True
2021-09-24 04:00:00+00:00,2021-09-24 21:00:00+00:00,2021-09-24 17:00:00-04:00,18,73.0,69.16429968954131,boost_5y_absolute,True
2021-09-24 04:00:00+00:00,2021-09-24 22:00:00+00:00,2021-09-24 18:00:00-04:00,19,69.0,66.49937711225354,boost_5y_absolute,True
2021-09-24 04:00:00+00:00,2021-09-24 23:00:00+00:00,2021-09-24 19:00:00-04:00,20,62.0,64.37023304046582,boost_5y_absolute,True
2021-09-24 04:00:00+00:00,2021-09-25 00:00:00+00:00,2021-09-24 20:00:00-04:00,21,59.0,63.585776767155586,boost_5y_absolute,True
2021-09-24 04:00:00+00:00,2021-09-25 01:00:00+00:00,2021-09-24 21:00:00-04:00,22,58.0,62.52774202362131,boost_5y_absolute,True
2021-09-24 04:00:00+00:00,2021-09-25 02:00:00+00:00,2021-09-24 22:00:00-04:00,23,57.0,61.695695279645584,boost_5y_absolute,True
2021-09-24 04:00:00+00:00,2021-09-25 03:00:00+00:00,2021-09-24 23:00:00-04:00,24,55.0,61.12209479582605,boost_5y_absolute,True
2021-09-24 04:00:00+00:00,2021-09-25 04:00:00+00:00,2021-09-25 00:00:00-04:00,25,53.0,62.32546445897032,boost_5y_absolute,True
2021-09-24 04:00:00+00:00,2021-09-25 05:00:00+00:00,2021-09-25 01:00:00-04:00,26,53.0,61.468171176501286,boost_5y_absolute,True
2021-09-24 04:00:00+00:00,2021-09-25 06:00:00+00:00,2021-09-25 02:00:00-04:00,27,52.0,61.09020200106325,boost_5y_absolute,True
2021-09-24 04:00:00+00:00,2021-09-25 07:00:00+00:00,2021-09-25 03:00:00-04:00,28,51.0,60.36137053563333,boost_5y_absolute,True
2021-09-24 04:00:00+00:00,2021-09-25 08:00:00+00:00,2021-09-25 04:00:00-04:00,29,50.0,59.967595196116946,boost_5y_absolute,True
2021-09-24 04:00:00+00:00,2021-09-25 09:00:00+00:00,2021-09-25 05:00:00-04:00,30,50.0,59.71785149860839,boost_5y_absolute,True
2021-09-24 04:00:00+00:00,2021-09-25 10:00:00+00:00,2021-09-25 06:00:00-04:00,31,50.0,59.496010397576626,boost_5y_absolute,True
2021-09-24 04:00:00+00:00,2021-09-25 11:00:00+00:00,2021-09-25 07:00:00-04:00,32,52.0,60.3575972140675,boost_5y_absolute,True
2021-09-24 04:00:00+00:00,2021-09-25 12:00:00+00:00,2021-09-25 08:00:00-04:00,33,59.0,63.025722827973276,boost_5y_absolute,True
2021-09-24 04:00:00+00:00,2021-09-25 13:00:00+00:00,2021-09-25 09:00:00-04:00,34,65.0,66.12378468243931,boost_5y_absolute,True
2021-09-24 04:00:00+00:00,2021-09-25 14:00:00+00:00,2021-09-25 10:00:00-04:00,35,70.0,68.72792071846276,boost_5y_absolute,True
2021-09-24 04:00:00+00:00,2021-09-25 15:00:00+00:00,2021-09-25 11:00:00-04:00,36,72.0,70.29121680312946,boost_5y_absolute,True
2021-09-24 04:00:00+00:00,2021-09-25 16:00:00+00:00,2021-09-25 12:00:00-04:00,37,74.0,72.16719637143315,boost_5y_absolute,True
2021-09-24 04:00:00+00:00,2021-09-25 17:00:00+00:00,2021-09-25 13:00:00-04:00,38,76.0,73.6496144688101,boost_5y_absolute,True
2021-09-24 04:00:00+00:00,2021-09-25 18:00:00+00:00,2021-09-25 14:00:00-04:00,39,78.0,74.44504234948037,boost_5y_absolute,True
2021-09-24 04:00:00+00:00,2021-09-25 19:00:00+00:00,2021-09-25 15:00:00-04:00,40,78.0,74.58563978598433,boost_5y_absolute,True
2021-09-24 04:00:00+00:00,2021-09-25 20:00:00+00:00,2021-09-25 16:00:00-04:00,41,74.0,74.26143767991672,boost_5y_absolute,True
2021-09-24 04:00:00+00:00,2021-09-25 21:00:00+00:00,2021-09-25 17:00:00-04:00,42,76.0,73.3812181357638,boost_5y_absolute,True
2021-09-24 04:00:00+00:00,2021-09-25 22:00:00+00:00,2021-09-25 18:00:00-04:00,43,71.0,70.64742487306555,boost_5y_absolute,True
2021-09-24 04:00:00+00:00,2021-09-25 23:00:00+00:00,2021-09-25 19:00:00-04:00,44,64.0,68.22196511093911,boost_5y_absolute,True
2021-09-24 04:00:00+00:00,2021-09-26 00:00:00+00:00,2021-09-25 20:00:00-04:00,45,62.0,67.01381490724556,boost_5y_absolute,True
2021-09-24 04:00:00+00:00,2021-09-26 01:00:00+00:00,2021-09-25 21:00:00-04:00,46,61.0,65.95863749130197,boost_5y_absolute,True
2021-09-24 04:00:00+00:00,2021-09-26 02:00:00+00:00,2021-09-25 22:00:00-04:00,47,59.0,65.0191340097531,boost_5y_absolute,True
2021-09-24 04:00:00+00:00,2021-09-26 03:00:00+00:00,2021-09-25 23:00:00-04:00,48,58.0,64.35951954317746,boost_5y_absolute,True
2021-09-24 04:00:00+00:00,2021-09-26 04:00:00+00:00,2021-09-26 00:00:00-04:00,49,57.0,64.36951636672086,boost_5y_absolute,True
2021-09-24 04:00:00+00:00,2021-09-26 05:00:00+00:00,2021-09-26 01:00:00-04:00,50,57.0,63.484088723745984,boost_5y_absolute,True
2021-09-24 04:00:00+00:00,2021-09-26 06:00:00+00:00,2021-09-26 02:00:00-04:00,51,56.0,62.955329997183725,boost_5y_absolute,True
2021-09-24 04:00:00+00:00,2021-09-26 07:00:00+00:00,2021-09-26 03:00:00-04:00,52,55.0,62.17565108379445,boost_5y_absolute,True
2021-09-24 04:00:00+00:00,2021-09-26 08:00:00+00:00,2021-09-26 04:00:00-04:00,53,54.0,61.76728973429433,boost_5y_absolute,True
2021-09-24 04:00:00+00:00,2021-09-26 09:00:00+00:00,2021-09-26 05:00:00-04:00,54,53.0,61.42604413864073,boost_5y_absolute,True
2021-09-24 04:00:00+00:00,2021-09-26 10:00:00+00:00,2021-09-26 06:00:00-04:00,55,51.0,61.11547485763508,boost_5y_absolute,True
2021-09-24 04:00:00+00:00,2021-09-26 11:00:00+00:00,2021-09-26 07:00:00-04:00,56,55.0,62.005497766928386,boost_5y_absolute,True
2021-09-24 04:00:00+00:00,2021-09-26 12:00:00+00:00,2021-09-26 08:00:00-04:00,57,61.0,64.79699553026192,boost_5y_absolute,True
2021-09-24 04:00:00+00:00,2021-09-26 13:00:00+00:00,2021-09-26 09:00:00-04:00,58,68.0,68.15374652124184,boost_5y_absolute,True
2021-09-24 04:00:00+00:00,2021-09-26 14:00:00+00:00,2021-09-26 10:00:00-04:00,59,71.0,71.00045223476549,boost_5y_absolute,True
2021-09-24 04:00:00+00:00,2021-09-26 15:00:00+00:00,2021-09-26 11:00:00-04:00,60,72.0,72.88470253231105,boost_5y_absolute,True
2021-09-24 04:00:00+00:00,2021-09-26 16:00:00+00:00,2021-09-26 12:00:00-04:00,61,74.0,74.8027967869719,boost_5y_absolute,True
2021-09-24 04:00:00+00:00,2021-09-26 17:00:00+00:00,2021-09-26 13:00:00-04:00,62,75.0,76.28743929074179,boost_5y_absolute,True
2021-09-24 04:00:00+00:00,2021-09-26 18:00:00+00:00,2021-09-26 14:00:00-04:00,63,77.0,77.17410213418415,boost_5y_absolute,True
2021-09-24 04:00:00+00:00,2021-09-26 19:00:00+00:00,2021-09-26 15:00:00-04:00,64,76.0,77.21086382378653,boost_5y_absolute,True
2021-09-24 04:00:00+00:00,2021-09-26 20:00:00+00:00,2021-09-26 16:00:00-04:00,65,77.0,76.95406405372438,boost_5y_absolute,True
2021-09-24 04:00:00+00:00,2021-09-26 21:00:00+00:00,2021-09-26 17:00:00-04:00,66,75.0,75.7686964894965,boost_5y_absolute,True
2021-09-24 04:00:00+00:00,2021-09-26 22:00:00+00:00,2021-09-26 18:00:00-04:00,67,70.0,72.7012133919562,boost_5y_absolute,True
2021-09-24 04:00:00+00:00,2021-09-26 23:00:00+00:00,2021-09-26 19:00:00-04:00,68,64.0,69.96112964776584,boost_5y_absolute,True
2021-09-24 04:00:00+00:00,2021-09-27 00:00:00+00:00,2021-09-26 20:00:00-04:00,69,62.0,68.47130115971832,boost_5y_absolute,True
2021-09-24 04:00:00+00:00,2021-09-27 01:00:00+00:00,2021-09-26 21:00:00-04:00,70,59.0,67.17589039323111,boost_5y_absolute,True
2021-09-24 04:00:00+00:00,2021-09-27 02:00:00+00:00,2021-09-26 22:00:00-04:00,71,57.0,66.33580169651438,boost_5y_absolute,True
2021-09-24 04:00:00+00:00,2021-09-27 03:00:00+00:00,2021-09-26 23:00:00-04:00,72,56.0,65.70255728203381,boost_5y_absolute,True
2021-09-24 04:00:00+00:00,2021-09-27 04:00:00+00:00,2021-09-27 00:00:00-04:00,73,56.0,64.76992230675748,boost_5y_absolute,True
2021-09-24 04:00:00+00:00,2021-09-27 05:00:00+00:00,2021-09-27 01:00:00-04:00,74,55.0,63.98671072110944,boost_5y_absolute,True
2021-09-24 04:00:00+00:00,2021-09-27 06:00:00+00:00,2021-09-27 02:00:00-04:00,75,55.0,63.48283045225498,boost_5y_absolute,True
2021-09-24 04:00:00+00:00,2021-09-27 07:00:00+00:00,2021-09-27 03:00:00-04:00,76,52.0,62.67225602755411,boost_5y_absolute,True
2021-09-24 04:00:00+00:00,2021-09-27 08:00:00+00:00,2021-09-27 04:00:00-04:00,77,53.0,62.27855589344962,boost_5y_absolute,True
2021-09-24 04:00:00+00:00,2021-09-27 09:00:00+00:00,2021-09-27 05:00:00-04:00,78,53.0,61.85148291120834,boost_5y_absolute,True
2021-09-24 04:00:00+00:00,2021-09-27 10:00:00+00:00,2021-09-27 06:00:00-04:00,79,52.0,61.595763043765416,boost_5y_absolute,True
2021-09-24 04:00:00+00:00,2021-09-27 11:00:00+00:00,2021-09-27 07:00:00-04:00,80,54.0,62.364806776539844,boost_5y_absolute,True
2021-09-24 04:00:00+00:00,2021-09-27 12:00:00+00:00,2021-09-27 08:00:00-04:00,81,63.0,65.359682581509,boost_5y_absolute,True
2021-09-24 04:00:00+00:00,2021-09-27 13:00:00+00:00,2021-09-27 09:00:00-04:00,82,69.0,68.84983010593176,boost_5y_absolute,True
2021-09-24 04:00:00+00:00,2021-09-27 14:00:00+00:00,2021-09-27 10:00:00-04:00,83,75.0,71.89289856128065,boost_5y_absolute,True
2021-09-24 04:00:00+00:00,2021-09-27 15:00:00+00:00,2021-09-27 11:00:00-04:00,84,79.0,73.86152918245185,boost_5y_absolute,True
2021-09-24 04:00:00+00:00,2021-09-27 16:00:00+00:00,2021-09-27 12:00:00-04:00,85,81.0,75.8322372654923,boost_5y_absolute,True
2021-09-24 04:00:00+00:00,2021-09-27 17:00:00+00:00,2021-09-27 13:00:00-04:00,86,83.0,77.33523220933671,boost_5y_absolute,True
2021-09-24 04:00:00+00:00,2021-09-27 18:00:00+00:00,2021-09-27 14:00:00-04:00,87,83.0,78.03444942565753,boost_5y_absolute,True
2021-09-24 04:00:00+00:00,2021-09-27 19:00:00+00:00,2021-09-27 15:00:00-04:00,88,83.0,78.06369843025074,boost_5y_absolute,True
2021-09-24 04:00:00+00:00,2021-09-27 20:00:00+00:00,2021-09-27 16:00:00-04:00,89,83.0,77.67838313445999,boost_5y_absolute,True
2021-09-24 04:00:00+00:00,2021-09-27 21:00:00+00:00,2021-09-27 17:00:00-04:00,90,80.0,76.4035769210113,boost_5y_absolute,True
2021-09-24 04:00:00+00:00,2021-09-27 22:00:00+00:00,2021-09-27 18:00:00-04:00,91,75.0,73.30142026239537,boost_5y_absolute,True
2021-09-24 04:00:00+00:00,2021-09-27 23:00:00+00:00,2021-09-27 19:00:00-04:00,92,72.0,70.38357145194942,boost_5y_absolute,True
2021-09-24 04:00:00+00:00,2021-09-28 00:00:00+00:00,2021-09-27 20:00:00-04:00,93,70.0,68.73029247679389,boost_5y_absolute,True
2021-09-24 04:00:00+00:00,2021-09-28 01:00:00+00:00,2021-09-27 21:00:00-04:00,94,66.0,67.481262940446,boost_5y_absolute,True
2021-09-24 04:00:00+00:00,2021-09-28 02:00:00+00:00,2021-09-27 22:00:00-04:00,95,66.0,66.68872107697615,boost_5y_absolute,True
2021-09-24 04:00:00+00:00,2021-09-28 03:00:00+00:00,2021-09-27 23:00:00-04:00,96,63.0,66.18790168654402,boost_5y_absolute,True
2021-09-24 04:00:00+00:00,2021-09-28 04:00:00+00:00,2021-09-28 00:00:00-04:00,97,63.0,65.50403878722577,boost_5y_absolute,True
2021-09-24 04:00:00+00:00,2021-09-28 05:00:00+00:00,2021-09-28 01:00:00-04:00,98,60.0,64.55400720867347,boost_5y_absolute,True
2021-09-24 04:00:00+00:00,2021-09-28 06:00:00+00:00,2021-09-28 02:00:00-04:00,99,62.0,63.99663190165951,boost_5y_absolute,True
2021-09-24 04:00:00+00:00,2021-09-28 07:00:00+00:00,2021-09-28 03:00:00-04:00,100,61.0,63.24336960577514,boost_5y_absolute,True
2021-09-24 04:00:00+00:00,2021-09-28 08:00:00+00:00,2021-09-28 04:00:00-04:00,101,61.0,62.86120330667337,boost_5y_absolute,True
2021-09-24 04:00:00+00:00,2021-09-28 09:00:00+00:00,2021-09-28 05:00:00-04:00,102,60.0,62.393443322405425,boost_5y_absolute,True
2021-09-24 04:00:00+00:00,2021-09-28 10:00:00+00:00,2021-09-28 06:00:00-04:00,103,59.0,62.11766137599436,boost_5y_absolute,True
2021-09-24 04:00:00+00:00,2021-09-28 11:00:00+00:00,2021-09-28 07:00:00-04:00,104,61.0,62.79208919063244,boost_5y_absolute,True
2021-09-24 04:00:00+00:00,2021-09-28 12:00:00+00:00,2021-09-28 08:00:00-04:00,105,66.0,66.08029071668666,boost_5y_absolute,True
2021-09-24 04:00:00+00:00,2021-09-28 13:00:00+00:00,2021-09-28 09:00:00-04:00,106,73.0,69.6509401115109,boost_5y_absolute,True
2021-09-24 04:00:00+00:00,2021-09-28 14:00:00+00:00,2021-09-28 10:00:00-04:00,107,78.0,72.75309731035863,boost_5y_absolute,True
2021-09-24 04:00:00+00:00,2021-09-28 15:00:00+00:00,2021-09-28 11:00:00-04:00,108,82.0,75.07416352144277,boost_5y_absolute,True
2021-09-24 04:00:00+00:00,2021-09-28 16:00:00+00:00,2021-09-28 12:00:00-04:00,109,85.0,76.93653000244528,boost_5y_absolute,True
2021-09-24 04:00:00+00:00,2021-09-28 17:00:00+00:00,2021-09-28 13:00:00-04:00,110,86.0,78.42493709092498,boost_5y_absolute,True
2021-09-24 04:00:00+00:00,2021-09-28 18:00:00+00:00,2021-09-28 14:00:00-04:00,111,86.0,79.22778845366729,boost_5y_absolute,True
2021-09-24 04:00:00+00:00,2021-09-28 19:00:00+00:00,2021-09-28 15:00:00-04:00,112,86.0,79.10788112044052,boost_5y_absolute,True
2021-09-24 04:00:00+00:00,2021-09-28 20:00:00+00:00,2021-09-28 16:00:00-04:00,113,84.0,78.58660236186299,boost_5y_absolute,True
2021-09-24 04:00:00+00:00,2021-09-28 21:00:00+00:00,2021-09-28 17:00:00-04:00,114,82.0,77.22919872162383,boost_5y_absolute,True
2021-09-24 04:00:00+00:00,2021-09-28 22:00:00+00:00,2021-09-28 18:00:00-04:00,115,77.0,73.75766882128482,boost_5y_absolute,True
2021-09-24 04:00:00+00:00,2021-09-28 23:00:00+00:00,2021-09-28 19:00:00-04:00,116,73.0,70.82137401145559,boost_5y_absolute,True
2021-09-24 04:00:00+00:00,2021-09-29 00:00:00+00:00,2021-09-28 20:00:00-04:00,117,70.0,69.03660555853544,boost_5y_absolute,True
2021-09-24 04:00:00+00:00,2021-09-29 01:00:00+00:00,2021-09-28 21:00:00-04:00,118,69.0,67.81923186429505,boost_5y_absolute,True
2021-09-24 04:00:00+00:00,2021-09-29 02:00:00+00:00,2021-09-28 22:00:00-04:00,119,69.0,67.09741710299957,boost_5y_absolute,True
2021-09-24 04:00:00+00:00,2021-09-29 03:00:00+00:00,2021-09-28 23:00:00-04:00,120,67.0,66.64020575595485,boost_5y_absolute,True
2021-09-24 04:00:00+00:00,2021-09-29 04:00:00+00:00,2021-09-29 00:00:00-04:00,121,68.0,66.30817357873833,boost_5y_absolute,True
2021-09-24 04:00:00+00:00,2021-09-29 05:00:00+00:00,2021-09-29 01:00:00-04:00,122,64.0,65.36489885768162,boost_5y_absolute,True
2021-09-24 04:00:00+00:00,2021-09-29 06:00:00+00:00,2021-09-29 02:00:00-04:00,123,65.0,64.80618269672624,boost_5y_absolute,True
2021-09-24 04:00:00+00:00,2021-09-29 07:00:00+00:00,2021-09-29 03:00:00-04:00,124,65.0,63.98602279435315,boost_5y_absolute,True
2021-09-24 04:00:00+00:00,2021-09-29 08:00:00+00:00,2021-09-29 04:00:00-04:00,125,64.0,63.53822256490156,boost_5y_absolute,True
2021-09-24 04:00:00+00:00,2021-09-29 09:00:00+00:00,2021-09-29 05:00:00-04:00,126,63.0,63.06975493103848,boost_5y_absolute,True
2021-09-24 04:00:00+00:00,2021-09-29 10:00:00+00:00,2021-09-29 06:00:00-04:00,127,62.0,62.80187283489119,boost_5y_absolute,True
2021-09-24 04:00:00+00:00,2021-09-29 11:00:00+00:00,2021-09-29 07:00:00-04:00,128,65.0,63.436740759442934,boost_5y_absolute,True
2021-09-24 04:00:00+00:00,2021-09-29 12:00:00+00:00,2021-09-29 08:00:00-04:00,129,69.0,66.75444565559661,boost_5y_absolute,True
2021-09-24 04:00:00+00:00,2021-09-29 13:00:00+00:00,2021-09-29 09:00:00-04:00,130,72.0,70.14368037216417,boost_5y_absolute,True
2021-09-24 04:00:00+00:00,2021-09-29 14:00:00+00:00,2021-09-29 10:00:00-04:00,131,76.0,73.35070246545577,boost_5y_absolute,True
2021-09-24 04:00:00+00:00,2021-09-29 15:00:00+00:00,2021-09-29 11:00:00-04:00,132,79.0,75.8207250899758,boost_5y_absolute,True
2021-09-24 04:00:00+00:00,2021-09-29 16:00:00+00:00,2021-09-29 12:00:00-04:00,133,80.0,77.71332253784013,boost_5y_absolute,True
2021-09-24 04:00:00+00:00,2021-09-29 17:00:00+00:00,2021-09-29 13:00:00-04:00,134,81.0,79.13915548843076,boost_5y_absolute,True
2021-09-24 04:00:00+00:00,2021-09-29 18:00:00+00:00,2021-09-29 14:00:00-04:00,135,81.0,79.87190951556995,boost_5y_absolute,True
2021-09-24 04:00:00+00:00,2021-09-29 19:00:00+00:00,2021-09-29 15:00:00-04:00,136,83.0,79.90599156500951,boost_5y_absolute,True
2021-09-24 04:00:00+00:00,2021-09-29 20:00:00+00:00,2021-09-29 16:00:00-04:00,137,82.0,79.42872873626351,boost_5y_absolute,True
2021-09-24 04:00:00+00:00,2021-09-29 21:00:00+00:00,2021-09-29 17:00:00-04:00,138,79.0,77.89399786175993,boost_5y_absolute,True
2021-09-24 04:00:00+00:00,2021-09-29 22:00:00+00:00,2021-09-29 18:00:00-04:00,139,76.0,74.35666147642713,boost_5y_absolute,True
2021-09-24 04:00:00+00:00,2021-09-29 23:00:00+00:00,2021-09-29 19:00:00-04:00,140,73.0,71.01861110042235,boost_5y_absolute,True
2021-09-24 04:00:00+00:00,2021-09-30 00:00:00+00:00,2021-09-29 20:00:00-04:00,141,71.0,69.28219398838603,boost_5y_absolute,True
2021-09-24 04:00:00+00:00,2021-09-30 01:00:00+00:00,2021-09-29 21:00:00-04:00,142,71.0,67.9781151567513,boost_5y_absolute,True
2021-09-24 04:00:00+00:00,2021-09-30 02:00:00+00:00,2021-09-29 22:00:00-04:00,143,70.0,67.28425471887682,boost_5y_absolute,True
2021-09-24 04:00:00+00:00,2021-09-30 03:00:00+00:00,2021-09-29 23:00:00-04:00,144,69.0,66.80839969922006,boost_5y_absolute,True
2021-09-24 04:00:00+00:00,2021-09-30 04:00:00+00:00,2021-09-30 00:00:00-04:00,145,70.0,65.94422782520284,boost_5y_absolute,True
2021-09-24 04:00:00+00:00,2021-09-30 05:00:00+00:00,2021-09-30 01:00:00-04:00,146,69.0,64.98287477222746,boost_5y_absolute,True
2021-09-24 04:00:00+00:00,2021-09-30 06:00:00+00:00,2021-09-30 02:00:00-04:00,147,68.0,64.41070610904826,boost_5y_absolute,True
2021-09-24 04:00:00+00:00,2021-09-30 07:00:00+00:00,2021-09-30 03:00:00-04:00,148,66.0,63.60541389567908,boost_5y_absolute,True
2021-09-24 04:00:00+00:00,2021-09-30 08:00:00+00:00,2021-09-30 04:00:00-04:00,149,65.0,63.262286948932115,boost_5y_absolute,True
2021-09-24 04:00:00+00:00,2021-09-30 09:00:00+00:00,2021-09-30 05:00:00-04:00,150,64.0,62.70633989459202,boost_5y_absolute,True
2021-09-24 04:00:00+00:00,2021-09-30 10:00:00+00:00,2021-09-30 06:00:00-04:00,151,63.0,62.44013867779783,boost_5y_absolute,True
2021-09-24 04:00:00+00:00,2021-09-30 11:00:00+00:00,2021-09-30 07:00:00-04:00,152,64.0,63.05925525626416,boost_5y_absolute,True
2021-09-24 04:00:00+00:00,2021-09-30 12:00:00+00:00,2021-09-30 08:00:00-04:00,153,65.0,66.33395161598646,boost_5y_absolute,True
2021-09-24 04:00:00+00:00,2021-09-30 13:00:00+00:00,2021-09-30 09:00:00-04:00,154,67.0,69.71626042091376,boost_5y_absolute,True
2021-09-24 04:00:00+00:00,2021-09-30 14:00:00+00:00,2021-09-30 10:00:00-04:00,155,71.0,72.99097063742765,boost_5y_absolute,True
2021-09-24 04:00:00+00:00,2021-09-30 15:00:00+00:00,2021-09-30 11:00:00-04:00,156,72.0,75.46339382987051,boost_5y_absolute,True
2021-09-24 04:00:00+00:00,2021-09-30 16:00:00+00:00,2021-09-30 12:00:00-04:00,157,74.0,77.35176749192598,boost_5y_absolute,True
2021-09-24 04:00:00+00:00,2021-09-30 17:00:00+00:00,2021-09-30 13:00:00-04:00,158,78.0,78.87676877568578,boost_5y_absolute,True
2021-09-24 04:00:00+00:00,2021-09-30 18:00:00+00:00,2021-09-30 14:00:00-04:00,159,77.0,79.60307166860302,boost_5y_absolute,True
2021-09-24 04:00:00+00:00,2021-09-30 19:00:00+00:00,2021-09-30 15:00:00-04:00,160,79.0,79.74918678348612,boost_5y_absolute,True
2021-09-24 04:00:00+00:00,2021-09-30 20:00:00+00:00,2021-09-30 16:00:00-04:00,161,79.0,79.18194863153659,boost_5y_absolute,True
2021-09-24 04:00:00+00:00,2021-09-30 21:00:00+00:00,2021-09-30 17:00:00-04:00,162,77.0,77.64648019289068,boost_5y_absolute,True
2021-09-24 04:00:00+00:00,2021-09-30 22:00:00+00:00,2021-09-30 18:00:00-04:00,163,73.0,74.1366717516894,boost_5y_absolute,True
2021-09-24 04:00:00+00:00,2021-09-30 23:00:00+00:00,2021-09-30 19:00:00-04:00,164,68.0,70.85186117290446,boost_5y_absolute,True
2021-09-24 04:00:00+00:00,2021-10-01 00:00:00+00:00,2021-09-30 20:00:00-04:00,165,65.0,69.18288851663338,boost_5y_absolute,True
2021-09-24 04:00:00+00:00,2021-10-01 01:00:00+00:00,2021-09-30 21:00:00-04:00,166,64.0,67.97328286585767,boost_5y_absolute,True
2021-09-24 04:00:00+00:00,2021-10-01 02:00:00+00:00,2021-09-30 22:00:00-04:00,167,64.0,67.2613934157665,boost_5y_absolute,True
2021-09-24 04:00:00+00:00,2021-10-01 03:00:00+00:00,2021-09-30 23:00:00-04:00,168,62.0,66.88412510669018,boost_5y_absolute,True
2021-09-24 04:00:00+00:00,2021-10-01 04:00:00+00:00,2021-10-01 00:00:00-04:00,169,61.0,65.59500302580079,boost_5y_absolute,True
2021-09-24 04:00:00+00:00,2021-10-01 05:00:00+00:00,2021-10-01 01:00:00-04:00,170,60.0,64.71199318702128,boost_5y_absolute,True
2021-09-24 04:00:00+00:00,2021-10-01 06:00:00+00:00,2021-10-01 02:00:00-04:00,171,60.0,64.12026629713675,boost_5y_absolute,True
2021-09-24 04:00:00+00:00,2021-10-01 07:00:00+00:00,2021-10-01 03:00:00-04:00,172,59.0,63.45840219854955,boost_5y_absolute,True
2021-09-24 04:00:00+00:00,2021-10-01 08:00:00+00:00,2021-10-01 04:00:00-04:00,173,58.0,63.167161895071,boost_5y_absolute,True
2021-09-24 04:00:00+00:00,2021-10-01 09:00:00+00:00,2021-10-01 05:00:00-04:00,174,59.0,62.73287373805361,boost_5y_absolute,True
2021-09-24 04:00:00+00:00,2021-10-01 10:00:00+00:00,2021-10-01 06:00:00-04:00,175,58.0,62.43262599840226,boost_5y_absolute,True
2021-09-24 04:00:00+00:00,2021-10-01 11:00:00+00:00,2021-10-01 07:00:00-04:00,176,62.0,62.94427422662975,boost_5y_absolute,True
2021-09-24 04:00:00+00:00,2021-10-01 12:00:00+00:00,2021-10-01 08:00:00-04:00,177,63.0,66.07480836098568,boost_5y_absolute,True
2021-09-24 04:00:00+00:00,2021-10-01 13:00:00+00:00,2021-10-01 09:00:00-04:00,178,67.0,69.39490820426727,boost_5y_absolute,True
2021-09-24 04:00:00+00:00,2021-10-01 14:00:00+00:00,2021-10-01 10:00:00-04:00,179,72.0,72.57368885253284,boost_5y_absolute,True
2021-09-24 04:00:00+00:00,2021-10-01 15:00:00+00:00,2021-10-01 11:00:00-04:00,180,74.0,74.97994664403791,boost_5y_absolute,True
2021-09-24 04:00:00+00:00,2021-10-01 16:00:00+00:00,2021-10-01 12:00:00-04:00,181,77.0,76.84687329193018,boost_5y_absolute,True
2021-09-24 04:00:00+00:00,2021-10-01 17:00:00+00:00,2021-10-01 13:00:00-04:00,182,75.0,78.3044602675852,boost_5y_absolute,True
2021-09-24 04:00:00+00:00,2021-10-01 18:00:00+00:00,2021-10-01 14:00:00-04:00,183,79.0,78.99700805897172,boost_5y_absolute,True
2021-09-24 04:00:00+00:00,2021-10-01 19:00:00+00:00,2021-10-01 15:00:00-04:00,184,78.0,79.17771963963763,boost_5y_absolute,True
2021-09-24 04:00:00+00:00,2021-10-01 20:00:00+00:00,2021-10-01 16:00:00-04:00,185,79.0,78.68775652445197,boost_5y_absolute,True
2021-09-24 04:00:00+00:00,2021-10-01 21:00:00+00:00,2021-10-01 17:00:00-04:00,186,79.0,77.1745684431201,boost_5y_absolute,True
2021-09-24 04:00:00+00:00,2021-10-01 22:00:00+00:00,2021-10-01 18:00:00-04:00,187,73.0,73.7384208140364,boost_5y_absolute,True
2021-09-24 04:00:00+00:00,2021-10-01 23:00:00+00:00,2021-10-01 19:00:00-04:00,188,71.0,70.62455291812847,boost_5y_absolute,True
2021-09-24 04:00:00+00:00,2021-10-02 00:00:00+00:00,2021-10-01 20:00:00-04:00,189,66.0,69.0908689850948,boost_5y_absolute,True
2021-09-24 04:00:00+00:00,2021-10-02 01:00:00+00:00,2021-10-01 21:00:00-04:00,190,64.0,67.94612187519876,boost_5y_absolute,True
2021-09-24 04:00:00+00:00,2021-10-02 02:00:00+00:00,2021-10-01 22:00:00-04:00,191,67.0,67.261987389981,boost_5y_absolute,True
2021-09-24 04:00:00+00:00,2021-10-02 03:00:00+00:00,2021-10-01 23:00:00-04:00,192,63.0,66.90586298343284,boost_5y_absolute,True
2021-09-24 04:00:00+00:00,2021-10-02 04:00:00+00:00,2021-10-02 00:00:00-04:00,193,61.0,66.16324415526262,boost_5y_absolute,True
2021-09-24 04:00:00+00:00,2021-10-02 05:00:00+00:00,2021-10-02 01:00:00-04:00,194,60.0,65.28299156608246,boost_5y_absolute,True
2021-09-24 04:00:00+00:00,2021-10-02 06:00:00+00:00,2021-10-02 02:00:00-04:00,195,61.0,64.6975441831634,boost_5y_absolute,True
2021-09-24 04:00:00+00:00,2021-10-02 07:00:00+00:00,2021-10-02 03:00:00-04:00,196,61.0,64.09261240513368,boost_5y_absolute,True
2021-09-24 04:00:00+00:00,2021-10-02 08:00:00+00:00,2021-10-02 04:00:00-04:00,197,61.0,63.84214484398751,boost_5y_absolute,True
2021-09-24 04:00:00+00:00,2021-10-02 09:00:00+00:00,2021-10-02 05:00:00-04:00,198,60.0,63.38236037092421,boost_5y_absolute,True
2021-09-24 04:00:00+00:00,2021-10-02 10:00:00+00:00,2021-10-02 06:00:00-04:00,199,59.0,63.00518057611687,boost_5y_absolute,True
2021-09-24 04:00:00+00:00,2021-10-02 11:00:00+00:00,2021-10-02 07:00:00-04:00,200,61.0,63.55912298675882,boost_5y_absolute,True
2021-09-24 04:00:00+00:00,2021-10-02 12:00:00+00:00,2021-10-02 08:00:00-04:00,201,65.0,66.65308809999158,boost_5y_absolute,True
2021-09-24 04:00:00+00:00,2021-10-02 13:00:00+00:00,2021-10-02 09:00:00-04:00,202,71.0,69.96533442101193,boost_5y_absolute,True
2021-09-24 04:00:00+00:00,2021-10-02 14:00:00+00:00,2021-10-02 10:00:00-04:00,203,76.0,73.0434906798756,boost_5y_absolute,True
2021-09-24 04:00:00+00:00,2021-10-02 15:00:00+00:00,2021-10-02 11:00:00-04:00,204,80.0,75.50751685189871,boost_5y_absolute,True
2021-09-24 04:00:00+00:00,2021-10-02 16:00:00+00:00,2021-10-02 12:00:00-04:00,205,81.0,77.3505705721482,boost_5y_absolute,True
2021-09-24 04:00:00+00:00,2021-10-02 17:00:00+00:00,2021-10-02 13:00:00-04:00,206,83.0,78.75330294848897,boost_5y_absolute,True
2021-09-24 04:00:00+00:00,2021-10-02 18:00:00+00:00,2021-10-02 14:00:00-04:00,207,84.0,79.50667756283362,boost_5y_absolute,True
2021-09-24 04:00:00+00:00,2021-10-02 19:00:00+00:00,2021-10-02 15:00:00-04:00,208,84.0,79.6245155247834,boost_5y_absolute,True
2021-09-24 04:00:00+00:00,2021-10-02 20:00:00+00:00,2021-10-02 16:00:00-04:00,209,83.0,79.10871498815514,boost_5y_absolute,True
2021-09-24 04:00:00+00:00,2021-10-02 21:00:00+00:00,2021-10-02 17:00:00-04:00,210,80.0,77.56000299162277,boost_5y_absolute,True
2021-09-24 04:00:00+00:00,2021-10-02 22:00:00+00:00,2021-10-02 18:00:00-04:00,211,74.0,73.99396507382905,boost_5y_absolute,True
2021-09-24 04:00:00+00:00,2021-10-02 23:00:00+00:00,2021-10-02 19:00:00-04:00,212,73.0,70.94180091912189,boost_5y_absolute,True
2021-09-24 04:00:00+00:00,2021-10-03 00:00:00+00:00,2021-10-02 20:00:00-04:00,213,72.0,69.45619556910925,boost_5y_absolute,True
2021-09-24 04:00:00+00:00,2021-10-03 01:00:00+00:00,2021-10-02 21:00:00-04:00,214,70.0,68.26782335457483,boost_5y_absolute,True
2021-09-24 04:00:00+00:00,2021-10-03 02:00:00+00:00,2021-10-02 22:00:00-04:00,215,69.0,67.606452905525,boost_5y_absolute,True
2021-09-24 04:00:00+00:00,2021-10-03 03:00:00+00:00,2021-10-02 23:00:00-04:00,216,69.0,67.18765077577672,boost_5y_absolute,True
2021-09-24 04:00:00+00:00,2021-10-03 04:00:00+00:00,2021-10-03 00:00:00-04:00,217,67.0,66.34465533254516,boost_5y_absolute,True
2021-09-24 04:00:00+00:00,2021-10-03 05:00:00+00:00,2021-10-03 01:00:00-04:00,218,65.0,65.50528502744068,boost_5y_absolute,True
2021-09-24 04:00:00+00:00,2021-10-03 06:00:00+00:00,2021-10-03 02:00:00-04:00,219,65.0,64.91165672142412,boost_5y_absolute,True
2021-09-24 04:00:00+00:00,2021-10-03 07:00:00+00:00,2021-10-03 03:00:00-04:00,220,64.0,64.19673723726368,boost_5y_absolute,True
2021-09-24 04:00:00+00:00,2021-10-03 08:00:00+00:00,2021-10-03 04:00:00-04:00,221,63.0,63.95914784438517,boost_5y_absolute,True
2021-09-24 04:00:00+00:00,2021-10-03 09:00:00+00:00,2021-10-03 05:00:00-04:00,222,63.0,63.463286777547744,boost_5y_absolute,True
2021-09-24 04:00:00+00:00,2021-10-03 10:00:00+00:00,2021-10-03 06:00:00-04:00,223,63.0,63.05423989721332,boost_5y_absolute,True
2021-09-24 04:00:00+00:00,2021-10-03 11:00:00+00:00,2021-10-03 07:00:00-04:00,224,64.0,63.54207748039457,boost_5y_absolute,True
2021-09-24 04:00:00+00:00,2021-10-03 12:00:00+00:00,2021-10-03 08:00:00-04:00,225,69.0,66.57534841125478,boost_5y_absolute,True
2021-09-24 04:00:00+00:00,2021-10-03 13:00:00+00:00,2021-10-03 09:00:00-04:00,226,73.0,69.71992682031512,boost_5y_absolute,True
2021-09-24 04:00:00+00:00,2021-10-03 14:00:00+00:00,2021-10-03 10:00:00-04:00,227,76.0,72.73093683322129,boost_5y_absolute,True
2021-09-24 04:00:00+00:00,2021-10-03 15:00:00+00:00,2021-10-03 11:00:00-04:00,228,80.0,74.98721967561092,boost_5y_absolute,True
2021-09-24 04:00:00+00:00,2021-10-03 16:00:00+00:00,2021-10-03 12:00:00-04:00,229,82.0,76.88683842533183,boost_5y_absolute,True
2021-09-24 04:00:00+00:00,2021-10-03 17:00:00+00:00,2021-10-03 13:00:00-04:00,230,84.0,78.34258985948068,boost_5y_absolute,True
2021-09-24 04:00:00+00:00,2021-10-03 18:00:00+00:00,2021-10-03 14:00:00-04:00,231,86.0,78.87945323318571,boost_5y_absolute,True
2021-09-24 04:00:00+00:00,2021-10-03 19:00:00+00:00,2021-10-03 15:00:00-04:00,232,84.0,79.04035172134125,boost_5y_absolute,True
2021-09-24 04:00:00+00:00,2021-10-03 20:00:00+00:00,2021-10-03 16:00:00-04:00,233,84.0,78.4912170022651,boost_5y_absolute,True
2021-09-24 04:00:00+00:00,2021-10-03 21:00:00+00:00,2021-10-03 17:00:00-04:00,234,82.0,76.9728513451076,boost_5y_absolute,True
2021-09-24 04:00:00+00:00,2021-10-03 22:00:00+00:00,2021-10-03 18:00:00-04:00,235,76.0,73.49694842245023,boost_5y_absolute,True
2021-09-24 04:00:00+00:00,2021-10-03 23:00:00+00:00,2021-10-03 19:00:00-04:00,236,74.0,70.59516796768028,boost_5y_absolute,True
2021-09-24 04:00:00+00:00,2021-10-04 00:00:00+00:00,2021-10-03 20:00:00-04:00,237,73.0,69.06631500464657,boost_5y_absolute,True
2021-09-24 04:00:00+00:00,2021-10-04 01:00:00+00:00,2021-10-03 21:00:00-04:00,238,73.0,67.9507335777217,boost_5y_absolute,True
2021-09-24 04:00:00+00:00,2021-10-04 02:00:00+00:00,2021-10-03 22:00:00-04:00,239,72.0,67.34095125257532,boost_5y_absolute,True
2021-09-24 04:00:00+00:00,2021-10-04 03:00:00+00:00,2021-10-03 23:00:00-04:00,240,72.0,66.92976096065313,boost_5y_absolute,True
2021-09-24 04:00:00+00:00,2021-10-04 04:00:00+00:00,2021-10-04 00:00:00-04:00,241,70.0,66.07773693665938,boost_5y_absolute,True
2021-09-24 04:00:00+00:00,2021-10-04 05:00:00+00:00,2021-10-04 01:00:00-04:00,242,69.0,65.17803836114487,boost_5y_absolute,True
2021-09-24 04:00:00+00:00,2021-10-04 06:00:00+00:00,2021-10-04 02:00:00-04:00,243,68.0,64.60951452670163,boost_5y_absolute,True
2021-09-24 04:00:00+00:00,2021-10-04 07:00:00+00:00,2021-10-04 03:00:00-04:00,244,67.0,63.907130349920884,boost_5y_absolute,True
2021-09-24 04:00:00+00:00,2021-10-04 08:00:00+00:00,2021-10-04 04:00:00-04:00,245,68.0,63.65615757630181,boost_5y_absolute,True
2021-09-24 04:00:00+00:00,2021-10-04 09:00:00+00:00,2021-10-04 05:00:00-04:00,246,68.0,63.14452467632769,boost_5y_absolute,True
2021-09-24 04:00:00+00:00,2021-10-04 10:00:00+00:00,2021-10-04 06:00:00-04:00,247,68.0,62.71836103201288,boost_5y_absolute,True
2021-09-24 04:00:00+00:00,2021-10-04 11:00:00+00:00,2021-10-04 07:00:00-04:00,248,69.0,63.30567569752014,boost_5y_absolute,True
2021-09-24 04:00:00+00:00,2021-10-04 12:00:00+00:00,2021-10-04 08:00:00-04:00,249,70.0,66.423559522006,boost_5y_absolute,True
2021-09-24 04:00:00+00:00,2021-10-04 13:00:00+00:00,2021-10-04 09:00:00-04:00,250,72.0,69.55880426757328,boost_5y_absolute,True
2021-09-24 04:00:00+00:00,2021-10-04 14:00:00+00:00,2021-10-04 10:00:00-04:00,251,79.0,72.56366721922069,boost_5y_absolute,True
2021-09-24 04:00:00+00:00,2021-10-04 15:00:00+00:00,2021-10-04 11:00:00-04:00,252,82.0,74.81401278684987,boost_5y_absolute,True
2021-09-24 04:00:00+00:00,2021-10-04 16:00:00+00:00,2021-10-04 12:00:00-04:00,253,82.0,76.73656885006389,boost_5y_absolute,True
2021-09-24 04:00:00+00:00,2021-10-04 17:00:00+00:00,2021-10-04 13:00:00-04:00,254,83.0,78.16524599398355,boost_5y_absolute,True
2021-09-24 04:00:00+00:00,2021-10-04 18:00:00+00:00,2021-10-04 14:00:00-04:00,255,84.0,78.69162626461659,boost_5y_absolute,True
2021-09-24 04:00:00+00:00,2021-10-04 19:00:00+00:00,2021-10-04 15:00:00-04:00,256,80.0,78.84889030790397,boost_5y_absolute,True
2021-09-24 04:00:00+00:00,2021-10-04 20:00:00+00:00,2021-10-04 16:00:00-04:00,257,72.0,78.22957649337351,boost_5y_absolute,True
2021-09-24 04:00:00+00:00,2021-10-04 21:00:00+00:00,2021-10-04 17:00:00-04:00,258,72.0,76.5867788885995,boost_5y_absolute,True
2021-09-24 04:00:00+00:00,2021-10-04 22:00:00+00:00,2021-10-04 18:00:00-04:00,259,72.0,72.98814404156833,boost_5y_absolute,True
2021-09-24 04:00:00+00:00,2021-10-04 23:00:00+00:00,2021-10-04 19:00:00-04:00,260,66.0,70.06669869917765,boost_5y_absolute,True
2021-09-24 04:00:00+00:00,2021-10-05 00:00:00+00:00,2021-10-04 20:00:00-04:00,261,66.0,68.62982464422835,boost_5y_absolute,True
2021-09-24 04:00:00+00:00,2021-10-05 01:00:00+00:00,2021-10-04 21:00:00-04:00,262,66.0,67.51290747348388,boost_5y_absolute,True
2021-09-24 04:00:00+00:00,2021-10-05 02:00:00+00:00,2021-10-04 22:00:00-04:00,263,67.0,66.88910423791057,boost_5y_absolute,True
2021-09-24 04:00:00+00:00,2021-10-05 03:00:00+00:00,2021-10-04 23:00:00-04:00,264,68.0,66.42010707584585,boost_5y_absolute,True
2021-09-24 04:00:00+00:00,2021-10-05 04:00:00+00:00,2021-10-05 00:00:00-04:00,265,67.0,65.54025526382715,boost_5y_absolute,True
2021-09-24 04:00:00+00:00,2021-10-05 05:00:00+00:00,2021-10-05 01:00:00-04:00,266,67.0,64.56215488092508,boost_5y_absolute,True
2021-09-24 04:00:00+00:00,2021-10-05 06:00:00+00:00,2021-10-05 02:00:00-04:00,267,66.0,64.00539772668293,boost_5y_absolute,True
2021-09-24 04:00:00+00:00,2021-10-05 07:00:00+00:00,2021-10-05 03:00:00-04:00,268,68.0,63.325760595132955,boost_5y_absolute,True
2021-09-24 04:00:00+00:00,2021-10-05 08:00:00+00:00,2021-10-05 04:00:00-04:00,269,68.0,63.054765764199814,boost_5y_absolute,True
2021-09-24 04:00:00+00:00,2021-10-05 09:00:00+00:00,2021-10-05 05:00:00-04:00,270,68.0,62.564171250165984,boost_5y_absolute,True
2021-09-24 04:00:00+00:00,2021-10-05 10:00:00+00:00,2021-10-05 06:00:00-04:00,271,69.0,62.16600553040475,boost_5y_absolute,True
2021-09-24 04:00:00+00:00,2021-10-05 11:00:00+00:00,2021-10-05 07:00:00-04:00,272,70.0,62.742869414496674,boost_5y_absolute,True
2021-09-24 04:00:00+00:00,2021-10-05 12:00:00+00:00,2021-10-05 08:00:00-04:00,273,72.0,65.88915156024068,boost_5y_absolute,True
2021-09-24 04:00:00+00:00,2021-10-05 13:00:00+00:00,2021-10-05 09:00:00-04:00,274,74.0,69.1259427684941,boost_5y_absolute,True
2021-09-24 04:00:00+00:00,2021-10-05 14:00:00+00:00,2021-10-05 10:00:00-04:00,275,78.0,72.30290430015435,boost_5y_absolute,True
2021-09-24 04:00:00+00:00,2021-10-05 15:00:00+00:00,2021-10-05 11:00:00-04:00,276,82.0,74.58011089894522,boost_5y_absolute,True
2021-09-24 04:00:00+00:00,2021-10-05 16:00:00+00:00,2021-10-05 12:00:00-04:00,277,82.0,76.393170242143,boost_5y_absolute,True
2021-09-24 04:00:00+00:00,2021-10-05 17:00:00+00:00,2021-10-05 13:00:00-04:00,278,85.0,77.7333726108776,boost_5y_absolute,True
2021-09-24 04:00:00+00:00,2021-10-05 18:00:00+00:00,2021-10-05 14:00:00-04:00,279,85.0,78.24033991221454,boost_5y_absolute,True
2021-09-24 04:00:00+00:00,2021-10-05 19:00:00+00:00,2021-10-05 15:00:00-04:00,280,82.0,78.30750438827826,boost_5y_absolute,True
2021-09-24 04:00:00+00:00,2021-10-05 20:00:00+00:00,2021-10-05 16:00:00-04:00,281,82.0,77.75801091687543,boost_5y_absolute,True
2021-09-24 04:00:00+00:00,2021-10-05 21:00:00+00:00,2021-10-05 17:00:00-04:00,282,79.0,76.10258855298402,boost_5y_absolute,True
2021-09-24 04:00:00+00:00,2021-10-05 22:00:00+00:00,2021-10-05 18:00:00-04:00,283,74.0,72.32389201133404,boost_5y_absolute,True
2021-09-24 04:00:00+00:00,2021-10-05 23:00:00+00:00,2021-10-05 19:00:00-04:00,284,72.0,69.44482629486764,boost_5y_absolute,True
2021-09-24 04:00:00+00:00,2021-10-06 00:00:00+00:00,2021-10-05 20:00:00-04:00,285,72.0,68.08678268255686,boost_5y_absolute,True
2021-09-24 04:00:00+00:00,2021-10-06 01:00:00+00:00,2021-10-05 21:00:00-04:00,286,72.0,66.99481705130108,boost_5y_absolute,True
2021-09-24 04:00:00+00:00,2021-10-06 02:00:00+00:00,2021-10-05 22:00:00-04:00,287,70.0,66.31714540198712,boost_5y_absolute,True
2021-09-24 04:00:00+00:00,2021-10-06 03:00:00+00:00,2021-10-05 23:00:00-04:00,288,70.0,65.77650684991666,boost_5y_absolute,True
2021-09-24 04:00:00+00:00,2021-10-06 04:00:00+00:00,2021-10-06 00:00:00-04:00,289,70.0,64.93745712388206,boost_5y_absolute,True
2021-09-24 04:00:00+00:00,2021-10-06 05:00:00+00:00,2021-10-06 01:00:00-04:00,290,69.0,64.07160142209815,boost_5y_absolute,True
2021-09-24 04:00:00+00:00,2021-10-06 06:00:00+00:00,2021-10-06 02:00:00-04:00,291,68.0,63.52189500990547,boost_5y_absolute,True
2021-09-24 04:00:00+00:00,2021-10-06 07:00:00+00:00,2021-10-06 03:00:00-04:00,292,68.0,62.80352401824581,boost_5y_absolute,True
2021-09-24 04:00:00+00:00,2021-10-06 08:00:00+00:00,2021-10-06 04:00:00-04:00,293,69.0,62.56410300826069,boost_5y_absolute,True
2021-09-24 04:00:00+00:00,2021-10-06 09:00:00+00:00,2021-10-06 05:00:00-04:00,294,68.0,62.12570156193748,boost_5y_absolute,True
2021-09-24 04:00:00+00:00,2021-10-06 10:00:00+00:00,2021-10-06 06:00:00-04:00,295,68.0,61.7837139139079,boost_5y_absolute,True
2021-09-24 04:00:00+00:00,2021-10-06 11:00:00+00:00,2021-10-06 07:00:00-04:00,296,69.0,62.27549949407965,boost_5y_absolute,True
2021-09-24 04:00:00+00:00,2021-10-06 12:00:00+00:00,2021-10-06 08:00:00-04:00,297,70.0,65.32969753313503,boost_5y_absolute,True
2021-09-24 04:00:00+00:00,2021-10-06 13:00:00+00:00,2021-10-06 09:00:00-04:00,298,73.0,68.46275422391653,boost_5y_absolute,True
2021-09-24 04:00:00+00:00,2021-10-06 14:00:00+00:00,2021-10-06 10:00:00-04:00,299,76.0,71.57347916313991,boost_5y_absolute,True
2021-09-24 04:00:00+00:00,2021-10-06 15:00:00+00:00,2021-10-06 11:00:00-04:00,300,78.0,73.8591422589125,boost_5y_absolute,True
2021-09-24 04:00:00+00:00,2021-10-06 16:00:00+00:00,2021-10-06 12:00:00-04:00,301,78.0,75.57129022573196,boost_5y_absolute,True
2021-09-24 04:00:00+00:00,2021-10-06 17:00:00+00:00,2021-10-06 13:00:00-04:00,302,81.0,76.89731573527196,boost_5y_absolute,True
2021-09-24 04:00:00+00:00,2021-10-06 18:00:00+00:00,2021-10-06 14:00:00-04:00,303,79.0,77.37950921726943,boost_5y_absolute,True
2021-09-24 04:00:00+00:00,2021-10-06 19:00:00+00:00,2021-10-06 15:00:00-04:00,304,82.0,77.46085835798696,boost_5y_absolute,True
2021-09-24 04:00:00+00:00,2021-10-06 20:00:00+00:00,2021-10-06 16:00:00-04:00,305,82.0,76.92870856863766,boost_5y_absolute,True
2021-09-24 04:00:00+00:00,2021-10-06 21:00:00+00:00,2021-10-06 17:00:00-04:00,306,80.0,75.2838143407532,boost_5y_absolute,True
2021-09-24 04:00:00+00:00,2021-10-06 22:00:00+00:00,2021-10-06 18:00:00-04:00,307,74.0,71.49428379236213,boost_5y_absolute,True
2021-09-24 04:00:00+00:00,2021-10-06 23:00:00+00:00,2021-10-06 19:00:00-04:00,308,72.0,68.62649543084034,boost_5y_absolute,True
2021-09-24 04:00:00+00:00,2021-10-07 00:00:00+00:00,2021-10-06 20:00:00-04:00,309,73.0,67.32111846177999,boost_5y_absolute,True
2021-09-24 04:00:00+00:00,2021-10-07 01:00:00+00:00,2021-10-06 21:00:00-04:00,310,72.0,66.26686483538577,boost_5y_absolute,True
2021-09-24 04:00:00+00:00,2021-10-07 02:00:00+00:00,2021-10-06 22:00:00-04:00,311,73.0,65.5749513713131,boost_5y_absolute,True
2021-09-24 04:00:00+00:00,2021-10-07 03:00:00+00:00,2021-10-06 23:00:00-04:00,312,71.0,65.08585643941225,boost_5y_absolute,True
2021-09-24 04:00:00+00:00,2021-10-07 04:00:00+00:00,2021-10-07 00:00:00-04:00,313,70.0,64.28316729660736,boost_5y_absolute,True
2021-09-24 04:00:00+00:00,2021-10-07 05:00:00+00:00,2021-10-07 01:00:00-04:00,314,70.0,63.48092400707222,boost_5y_absolute,True
2021-09-24 04:00:00+00:00,2021-10-07 06:00:00+00:00,2021-10-07 02:00:00-04:00,315,70.0,62.93296913175297,boost_5y_absolute,True
2021-09-24 04:00:00+00:00,2021-10-07 07:00:00+00:00,2021-10-07 03:00:00-04:00,316,69.0,62.252833350690125,boost_5y_absolute,True
2021-09-24 04:00:00+00:00,2021-10-07 08:00:00+00:00,2021-10-07 04:00:00-04:00,317,68.0,62.015398376493124,boost_5y_absolute,True
2021-09-24 04:00:00+00:00,2021-10-07 09:00:00+00:00,2021-10-07 05:00:00-04:00,318,68.0,61.62943884736755,boost_5y_absolute,True
2021-09-24 04:00:00+00:00,2021-10-07 10:00:00+00:00,2021-10-07 06:00:00-04:00,319,68.0,61.25635788722656,boost_5y_absolute,True
2021-09-24 04:00:00+00:00,2021-10-07 11:00:00+00:00,2021-10-07 07:00:00-04:00,320,68.0,61.67082399658152,boost_5y_absolute,True
2021-09-24 04:00:00+00:00,2021-10-07 12:00:00+00:00,2021-10-07 08:00:00-04:00,321,68.0,64.71105873463455,boost_5y_absolute,True
2021-09-24 04:00:00+00:00,2021-10-07 13:00:00+00:00,2021-10-07 09:00:00-04:00,322,69.0,67.76568073504576,boost_5y_absolute,True
2021-09-24 04:00:00+00:00,2021-10-07 14:00:00+00:00,2021-10-07 10:00:00-04:00,323,70.0,70.8767945955044,boost_5y_absolute,True
2021-09-24 04:00:00+00:00,2021-10-07 15:00:00+00:00,2021-10-07 11:00:00-04:00,324,72.0,73.1880895124957,boost_5y_absolute,True
2021-09-24 04:00:00+00:00,2021-10-07 16:00:00+00:00,2021-10-07 12:00:00-04:00,325,76.0,74.86893262451008,boost_5y_absolute,True
2021-09-24 04:00:00+00:00,2021-10-07 17:00:00+00:00,2021-10-07 13:00:00-04:00,326,76.0,76.29940170152055,boost_5y_absolute,True
2021-09-24 04:00:00+00:00,2021-10-07 18:00:00+00:00,2021-10-07 14:00:00-04:00,327,76.0,76.9052706997467,boost_5y_absolute,True
2021-09-24 04:00:00+00:00,2021-10-07 19:00:00+00:00,2021-10-07 15:00:00-04:00,328,76.0,77.11947753010487,boost_5y_absolute,True
2021-09-24 04:00:00+00:00,2021-10-07 20:00:00+00:00,2021-10-07 16:00:00-04:00,329,76.0,76.71941440487412,boost_5y_absolute,True
2021-09-24 04:00:00+00:00,2021-10-07 21:00:00+00:00,2021-10-07 17:00:00-04:00,330,74.0,75.02308122019988,boost_5y_absolute,True
2021-09-24 04:00:00+00:00,2021-10-07 22:00:00+00:00,2021-10-07 18:00:00-04:00,331,72.0,71.0236578169822,boost_5y_absolute,True
2021-09-24 04:00:00+00:00,2021-10-07 23:00:00+00:00,2021-10-07 19:00:00-04:00,332,71.0,68.19568370879438,boost_5y_absolute,True
2021-09-24 04:00:00+00:00,2021-10-08 00:00:00+00:00,2021-10-07 20:00:00-04:00,333,70.0,66.72915196602108,boost_5y_absolute,True
2021-09-24 04:00:00+00:00,2021-10-08 01:00:00+00:00,2021-10-07 21:00:00-04:00,334,70.0,65.6482950550736,boost_5y_absolute,True
2021-09-24 04:00:00+00:00,2021-10-08 02:00:00+00:00,2021-10-07 22:00:00-04:00,335,69.0,64.9552171867088,boost_5y_absolute,True
2021-09-24 04:00:00+00:00,2021-10-08 03:00:00+00:00,2021-10-07 23:00:00-04:00,336,66.0,64.4076271991095,boost_5y_absolute,True
2021-10-01 04:00:00+00:00,2021-10-01 04:00:00+00:00,2021-10-01 00:00:00-04:00,1,61.0,66.34467287878651,boost_5y_absolute,True
2021-10-01 04:00:00+00:00,2021-10-01 05:00:00+00:00,2021-10-01 01:00:00-04:00,2,60.0,65.00059570977693,boost_5y_absolute,True
2021-10-01 04:00:00+00:00,2021-10-01 06:00:00+00:00,2021-10-01 02:00:00-04:00,3,60.0,64.01629909737194,boost_5y_absolute,True
2021-10-01 04:00:00+00:00,2021-10-01 07:00:00+00:00,2021-10-01 03:00:00-04:00,4,59.0,63.26099504189639,boost_5y_absolute,True
2021-10-01 04:00:00+00:00,2021-10-01 08:00:00+00:00,2021-10-01 04:00:00-04:00,5,58.0,62.95161689542762,boost_5y_absolute,True
2021-10-01 04:00:00+00:00,2021-10-01 09:00:00+00:00,2021-10-01 05:00:00-04:00,6,59.0,62.324988223303755,boost_5y_absolute,True
2021-10-01 04:00:00+00:00,2021-10-01 10:00:00+00:00,2021-10-01 06:00:00-04:00,7,58.0,62.348837776675545,boost_5y_absolute,True
2021-10-01 04:00:00+00:00,2021-10-01 11:00:00+00:00,2021-10-01 07:00:00-04:00,8,62.0,62.68613972061685,boost_5y_absolute,True
2021-10-01 04:00:00+00:00,2021-10-01 12:00:00+00:00,2021-10-01 08:00:00-04:00,9,63.0,66.20111433464727,boost_5y_absolute,True
2021-10-01 04:00:00+00:00,2021-10-01 13:00:00+00:00,2021-10-01 09:00:00-04:00,10,67.0,69.81159832754612,boost_5y_absolute,True
2021-10-01 04:00:00+00:00,2021-10-01 14:00:00+00:00,2021-10-01 10:00:00-04:00,11,72.0,73.2032586711893,boost_5y_absolute,True
2021-10-01 04:00:00+00:00,2021-10-01 15:00:00+00:00,2021-10-01 11:00:00-04:00,12,74.0,76.54314720561324,boost_5y_absolute,True
2021-10-01 04:00:00+00:00,2021-10-01 16:00:00+00:00,2021-10-01 12:00:00-04:00,13,77.0,78.42013504920114,boost_5y_absolute,True
2021-10-01 04:00:00+00:00,2021-10-01 17:00:00+00:00,2021-10-01 13:00:00-04:00,14,75.0,79.92039807645838,boost_5y_absolute,True
2021-10-01 04:00:00+00:00,2021-10-01 18:00:00+00:00,2021-10-01 14:00:00-04:00,15,79.0,80.5519250014865,boost_5y_absolute,True
2021-10-01 04:00:00+00:00,2021-10-01 19:00:00+00:00,2021-10-01 15:00:00-04:00,16,78.0,80.70036296506738,boost_5y_absolute,True
2021-10-01 04:00:00+00:00,2021-10-01 20:00:00+00:00,2021-10-01 16:00:00-04:00,17,79.0,80.20347089270975,boost_5y_absolute,True
2021-10-01 04:00:00+00:00,2021-10-01 21:00:00+00:00,2021-10-01 17:00:00-04:00,18,79.0,78.73595714372969,boost_5y_absolute,True
2021-10-01 04:00:00+00:00,2021-10-01 22:00:00+00:00,2021-10-01 18:00:00-04:00,19,73.0,74.96252318595108,boost_5y_absolute,True
2021-10-01 04:00:00+00:00,2021-10-01 23:00:00+00:00,2021-10-01 19:00:00-04:00,20,71.0,71.30761602061412,boost_5y_absolute,True
2021-10-01 04:00:00+00:00,2021-10-02 00:00:00+00:00,2021-10-01 20:00:00-04:00,21,66.0,69.46379041850157,boost_5y_absolute,True
2021-10-01 04:00:00+00:00,2021-10-02 01:00:00+00:00,2021-10-01 21:00:00-04:00,22,64.0,68.22553434521843,boost_5y_absolute,True
2021-10-01 04:00:00+00:00,2021-10-02 02:00:00+00:00,2021-10-01 22:00:00-04:00,23,67.0,67.49176189502352,boost_5y_absolute,True
2021-10-01 04:00:00+00:00,2021-10-02 03:00:00+00:00,2021-10-01 23:00:00-04:00,24,63.0,66.87240214167164,boost_5y_absolute,True
2021-10-01 04:00:00+00:00,2021-10-02 04:00:00+00:00,2021-10-02 00:00:00-04:00,25,61.0,67.49909723176341,boost_5y_absolute,True
2021-10-01 04:00:00+00:00,2021-10-02 05:00:00+00:00,2021-10-02 01:00:00-04:00,26,60.0,66.27474639832127,boost_5y_absolute,True
2021-10-01 04:00:00+00:00,2021-10-02 06:00:00+00:00,2021-10-02 02:00:00-04:00,27,61.0,64.85922459328907,boost_5y_absolute,True
2021-10-01 04:00:00+00:00,2021-10-02 07:00:00+00:00,2021-10-02 03:00:00-04:00,28,61.0,64.18903221988488,boost_5y_absolute,True
2021-10-01 04:00:00+00:00,2021-10-02 08:00:00+00:00,2021-10-02 04:00:00-04:00,29,61.0,63.899658891732244,boost_5y_absolute,True
2021-10-01 04:00:00+00:00,2021-10-02 09:00:00+00:00,2021-10-02 05:00:00-04:00,30,60.0,63.2778147315688,boost_5y_absolute,True
2021-10-01 04:00:00+00:00,2021-10-02 10:00:00+00:00,2021-10-02 06:00:00-04:00,31,59.0,62.835824141378126,boost_5y_absolute,True
2021-10-01 04:00:00+00:00,2021-10-02 11:00:00+00:00,2021-10-02 07:00:00-04:00,32,61.0,63.707030137140286,boost_5y_absolute,True
2021-10-01 04:00:00+00:00,2021-10-02 12:00:00+00:00,2021-10-02 08:00:00-04:00,33,65.0,67.12380707234838,boost_5y_absolute,True
2021-10-01 04:00:00+00:00,2021-10-02 13:00:00+00:00,2021-10-02 09:00:00-04:00,34,71.0,71.60740961706829,boost_5y_absolute,True
2021-10-01 04:00:00+00:00,2021-10-02 14:00:00+00:00,2021-10-02 10:00:00-04:00,35,76.0,74.8235074923229,boost_5y_absolute,True
2021-10-01 04:00:00+00:00,2021-10-02 15:00:00+00:00,2021-10-02 11:00:00-04:00,36,80.0,78.46454256459405,boost_5y_absolute,True
2021-10-01 04:00:00+00:00,2021-10-02 16:00:00+00:00,2021-10-02 12:00:00-04:00,37,81.0,80.30965185559701,boost_5y_absolute,True
2021-10-01 04:00:00+00:00,2021-10-02 17:00:00+00:00,2021-10-02 13:00:00-04:00,38,83.0,81.70239913642361,boost_5y_absolute,True
2021-10-01 04:00:00+00:00,2021-10-02 18:00:00+00:00,2021-10-02 14:00:00-04:00,39,84.0,82.64929765724018,boost_5y_absolute,True
2021-10-01 04:00:00+00:00,2021-10-02 19:00:00+00:00,2021-10-02 15:00:00-04:00,40,84.0,82.75809620935134,boost_5y_absolute,True
2021-10-01 04:00:00+00:00,2021-10-02 20:00:00+00:00,2021-10-02 16:00:00-04:00,41,83.0,82.2139344367609,boost_5y_absolute,True
2021-10-01 04:00:00+00:00,2021-10-02 21:00:00+00:00,2021-10-02 17:00:00-04:00,42,80.0,80.90928179353763,boost_5y_absolute,True
2021-10-01 04:00:00+00:00,2021-10-02 22:00:00+00:00,2021-10-02 18:00:00-04:00,43,74.0,76.84035542898015,boost_5y_absolute,True
2021-10-01 04:00:00+00:00,2021-10-02 23:00:00+00:00,2021-10-02 19:00:00-04:00,44,73.0,73.2183096687668,boost_5y_absolute,True
2021-10-01 04:00:00+00:00,2021-10-03 00:00:00+00:00,2021-10-02 20:00:00-04:00,45,72.0,71.52387310748907,boost_5y_absolute,True
2021-10-01 04:00:00+00:00,2021-10-03 01:00:00+00:00,2021-10-02 21:00:00-04:00,46,70.0,69.52992216768484,boost_5y_absolute,True
2021-10-01 04:00:00+00:00,2021-10-03 02:00:00+00:00,2021-10-02 22:00:00-04:00,47,69.0,68.80667659807517,boost_5y_absolute,True
2021-10-01 04:00:00+00:00,2021-10-03 03:00:00+00:00,2021-10-02 23:00:00-04:00,48,69.0,67.97714617070109,boost_5y_absolute,True
2021-10-01 04:00:00+00:00,2021-10-03 04:00:00+00:00,2021-10-03 00:00:00-04:00,49,67.0,67.79365790496401,boost_5y_absolute,True
2021-10-01 04:00:00+00:00,2021-10-03 05:00:00+00:00,2021-10-03 01:00:00-04:00,50,65.0,66.8939824997049,boost_5y_absolute,True
2021-10-01 04:00:00+00:00,2021-10-03 06:00:00+00:00,2021-10-03 02:00:00-04:00,51,65.0,66.6712451989516,boost_5y_absolute,True
2021-10-01 04:00:00+00:00,2021-10-03 07:00:00+00:00,2021-10-03 03:00:00-04:00,52,64.0,65.89314423822438,boost_5y_absolute,True
2021-10-01 04:00:00+00:00,2021-10-03 08:00:00+00:00,2021-10-03 04:00:00-04:00,53,63.0,65.59471175703236,boost_5y_absolute,True
2021-10-01 04:00:00+00:00,2021-10-03 09:00:00+00:00,2021-10-03 05:00:00-04:00,54,63.0,64.95035841096747,boost_5y_absolute,True
2021-10-01 04:00:00+00:00,2021-10-03 10:00:00+00:00,2021-10-03 06:00:00-04:00,55,63.0,64.41566201451339,boost_5y_absolute,True
2021-10-01 04:00:00+00:00,2021-10-03 11:00:00+00:00,2021-10-03 07:00:00-04:00,56,64.0,65.08648672144636,boost_5y_absolute,True
2021-10-01 04:00:00+00:00,2021-10-03 12:00:00+00:00,2021-10-03 08:00:00-04:00,57,69.0,68.33727400847788,boost_5y_absolute,True
2021-10-01 04:00:00+00:00,2021-10-03 13:00:00+00:00,2021-10-03 09:00:00-04:00,58,73.0,72.18629077364984,boost_5y_absolute,True
2021-10-01 04:00:00+00:00,2021-10-03 14:00:00+00:00,2021-10-03 10:00:00-04:00,59,76.0,75.3040386076366,boost_5y_absolute,True
2021-10-01 04:00:00+00:00,2021-10-03 15:00:00+00:00,2021-10-03 11:00:00-04:00,60,80.0,77.6235212111682,boost_5y_absolute,True
2021-10-01 04:00:00+00:00,2021-10-03 16:00:00+00:00,2021-10-03 12:00:00-04:00,61,82.0,79.77920762698741,boost_5y_absolute,True
2021-10-01 04:00:00+00:00,2021-10-03 17:00:00+00:00,2021-10-03 13:00:00-04:00,62,84.0,81.11783340435197,boost_5y_absolute,True
2021-10-01 04:00:00+00:00,2021-10-03 18:00:00+00:00,2021-10-03 14:00:00-04:00,63,86.0,81.52903306843224,boost_5y_absolute,True
2021-10-01 04:00:00+00:00,2021-10-03 19:00:00+00:00,2021-10-03 15:00:00-04:00,64,84.0,81.48938045420631,boost_5y_absolute,True
2021-10-01 04:00:00+00:00,2021-10-03 20:00:00+00:00,2021-10-03 16:00:00-04:00,65,84.0,80.95885247881344,boost_5y_absolute,True
2021-10-01 04:00:00+00:00,2021-10-03 21:00:00+00:00,2021-10-03 17:00:00-04:00,66,82.0,79.2677514853078,boost_5y_absolute,True
2021-10-01 04:00:00+00:00,2021-10-03 22:00:00+00:00,2021-10-03 18:00:00-04:00,67,76.0,75.12777182939469,boost_5y_absolute,True
2021-10-01 04:00:00+00:00,2021-10-03 23:00:00+00:00,2021-10-03 19:00:00-04:00,68,74.0,71.87736753615363,boost_5y_absolute,True
2021-10-01 04:00:00+00:00,2021-10-04 00:00:00+00:00,2021-10-03 20:00:00-04:00,69,73.0,70.18567623587941,boost_5y_absolute,True
2021-10-01 04:00:00+00:00,2021-10-04 01:00:00+00:00,2021-10-03 21:00:00-04:00,70,73.0,68.9401517831915,boost_5y_absolute,True
2021-10-01 04:00:00+00:00,2021-10-04 02:00:00+00:00,2021-10-03 22:00:00-04:00,71,72.0,68.3122112462301,boost_5y_absolute,True
2021-10-01 04:00:00+00:00,2021-10-04 03:00:00+00:00,2021-10-03 23:00:00-04:00,72,72.0,67.92642110596341,boost_5y_absolute,True
2021-10-01 04:00:00+00:00,2021-10-04 04:00:00+00:00,2021-10-04 00:00:00-04:00,73,70.0,67.2135236116896,boost_5y_absolute,True
2021-10-01 04:00:00+00:00,2021-10-04 05:00:00+00:00,2021-10-04 01:00:00-04:00,74,69.0,66.21570690805356,boost_5y_absolute,True
2021-10-01 04:00:00+00:00,2021-10-04 06:00:00+00:00,2021-10-04 02:00:00-04:00,75,68.0,65.60538011135749,boost_5y_absolute,True
2021-10-01 04:00:00+00:00,2021-10-04 07:00:00+00:00,2021-10-04 03:00:00-04:00,76,67.0,64.85420599935894,boost_5y_absolute,True
2021-10-01 04:00:00+00:00,2021-10-04 08:00:00+00:00,2021-10-04 04:00:00-04:00,77,68.0,64.56437240608875,boost_5y_absolute,True
2021-10-01 04:00:00+00:00,2021-10-04 09:00:00+00:00,2021-10-04 05:00:00-04:00,78,68.0,63.946446266588595,boost_5y_absolute,True
2021-10-01 04:00:00+00:00,2021-10-04 10:00:00+00:00,2021-10-04 06:00:00-04:00,79,68.0,63.430012426240495,boost_5y_absolute,True
2021-10-01 04:00:00+00:00,2021-10-04 11:00:00+00:00,2021-10-04 07:00:00-04:00,80,69.0,64.27003138039801,boost_5y_absolute,True
2021-10-01 04:00:00+00:00,2021-10-04 12:00:00+00:00,2021-10-04 08:00:00-04:00,81,70.0,67.64323037594352,boost_5y_absolute,True
2021-10-01 04:00:00+00:00,2021-10-04 13:00:00+00:00,2021-10-04 09:00:00-04:00,82,72.0,71.38646560389827,boost_5y_absolute,True
2021-10-01 04:00:00+00:00,2021-10-04 14:00:00+00:00,2021-10-04 10:00:00-04:00,83,79.0,74.55884332035949,boost_5y_absolute,True
2021-10-01 04:00:00+00:00,2021-10-04 15:00:00+00:00,2021-10-04 11:00:00-04:00,84,82.0,77.0897453168324,boost_5y_absolute,True
2021-10-01 04:00:00+00:00,2021-10-04 16:00:00+00:00,2021-10-04 12:00:00-04:00,85,82.0,79.19555936065721,boost_5y_absolute,True
2021-10-01 04:00:00+00:00,2021-10-04 17:00:00+00:00,2021-10-04 13:00:00-04:00,86,83.0,80.53092252784262,boost_5y_absolute,True
2021-10-01 04:00:00+00:00,2021-10-04 18:00:00+00:00,2021-10-04 14:00:00-04:00,87,84.0,81.01181840263729,boost_5y_absolute,True
2021-10-01 04:00:00+00:00,2021-10-04 19:00:00+00:00,2021-10-04 15:00:00-04:00,88,80.0,81.11733511834892,boost_5y_absolute,True
2021-10-01 04:00:00+00:00,2021-10-04 20:00:00+00:00,2021-10-04 16:00:00-04:00,89,72.0,80.43997551324357,boost_5y_absolute,True
2021-10-01 04:00:00+00:00,2021-10-04 21:00:00+00:00,2021-10-04 17:00:00-04:00,90,72.0,78.62819844253693,boost_5y_absolute,True
2021-10-01 04:00:00+00:00,2021-10-04 22:00:00+00:00,2021-10-04 18:00:00-04:00,91,72.0,74.44361922427812,boost_5y_absolute,True
2021-10-01 04:00:00+00:00,2021-10-04 23:00:00+00:00,2021-10-04 19:00:00-04:00,92,66.0,71.28374447645331,boost_5y_absolute,True
2021-10-01 04:00:00+00:00,2021-10-05 00:00:00+00:00,2021-10-04 20:00:00-04:00,93,66.0,69.7008934452769,boost_5y_absolute,True
2021-10-01 04:00:00+00:00,2021-10-05 01:00:00+00:00,2021-10-04 21:00:00-04:00,94,66.0,68.49663159550819,boost_5y_absolute,True
2021-10-01 04:00:00+00:00,2021-10-05 02:00:00+00:00,2021-10-04 22:00:00-04:00,95,67.0,67.82426714647984,boost_5y_absolute,True
2021-10-01 04:00:00+00:00,2021-10-05 03:00:00+00:00,2021-10-04 23:00:00-04:00,96,68.0,67.26915533139868,boost_5y_absolute,True
2021-10-01 04:00:00+00:00,2021-10-05 04:00:00+00:00,2021-10-05 00:00:00-04:00,97,67.0,66.27934507151937,boost_5y_absolute,True
2021-10-01 04:00:00+00:00,2021-10-05 05:00:00+00:00,2021-10-05 01:00:00-04:00,98,67.0,65.1499959032819,boost_5y_absolute,True
2021-10-01 04:00:00+00:00,2021-10-05 06:00:00+00:00,2021-10-05 02:00:00-04:00,99,66.0,64.49347624186868,boost_5y_absolute,True
2021-10-01 04:00:00+00:00,2021-10-05 07:00:00+00:00,2021-10-05 03:00:00-04:00,100,68.0,63.753622151921554,boost_5y_absolute,True
2021-10-01 04:00:00+00:00,2021-10-05 08:00:00+00:00,2021-10-05 04:00:00-04:00,101,68.0,63.43577174440698,boost_5y_absolute,True
2021-10-01 04:00:00+00:00,2021-10-05 09:00:00+00:00,2021-10-05 05:00:00-04:00,102,68.0,62.856916302199,boost_5y_absolute,True
2021-10-01 04:00:00+00:00,2021-10-05 10:00:00+00:00,2021-10-05 06:00:00-04:00,103,69.0,62.54741575504536,boost_5y_absolute,True
2021-10-01 04:00:00+00:00,2021-10-05 11:00:00+00:00,2021-10-05 07:00:00-04:00,104,70.0,63.161857405061504,boost_5y_absolute,True
2021-10-01 04:00:00+00:00,2021-10-05 12:00:00+00:00,2021-10-05 08:00:00-04:00,105,72.0,66.40991448823085,boost_5y_absolute,True
2021-10-01 04:00:00+00:00,2021-10-05 13:00:00+00:00,2021-10-05 09:00:00-04:00,106,74.0,69.77954554138316,boost_5y_absolute,True
2021-10-01 04:00:00+00:00,2021-10-05 14:00:00+00:00,2021-10-05 10:00:00-04:00,107,78.0,73.02834597220887,boost_5y_absolute,True
2021-10-01 04:00:00+00:00,2021-10-05 15:00:00+00:00,2021-10-05 11:00:00-04:00,108,82.0,75.44095701385724,boost_5y_absolute,True
2021-10-01 04:00:00+00:00,2021-10-05 16:00:00+00:00,2021-10-05 12:00:00-04:00,109,82.0,77.47555548294899,boost_5y_absolute,True
2021-10-01 04:00:00+00:00,2021-10-05 17:00:00+00:00,2021-10-05 13:00:00-04:00,110,85.0,78.82752379587052,boost_5y_absolute,True
2021-10-01 04:00:00+00:00,2021-10-05 18:00:00+00:00,2021-10-05 14:00:00-04:00,111,85.0,79.33745445831897,boost_5y_absolute,True
2021-10-01 04:00:00+00:00,2021-10-05 19:00:00+00:00,2021-10-05 15:00:00-04:00,112,82.0,79.39129553651647,boost_5y_absolute,True
2021-10-01 04:00:00+00:00,2021-10-05 20:00:00+00:00,2021-10-05 16:00:00-04:00,113,82.0,78.90849188200359,boost_5y_absolute,True
2021-10-01 04:00:00+00:00,2021-10-05 21:00:00+00:00,2021-10-05 17:00:00-04:00,114,79.0,77.13248039922928,boost_5y_absolute,True
2021-10-01 04:00:00+00:00,2021-10-05 22:00:00+00:00,2021-10-05 18:00:00-04:00,115,74.0,73.06904713719409,boost_5y_absolute,True
2021-10-01 04:00:00+00:00,2021-10-05 23:00:00+00:00,2021-10-05 19:00:00-04:00,116,72.0,70.06063916552074,boost_5y_absolute,True
2021-10-01 04:00:00+00:00,2021-10-06 00:00:00+00:00,2021-10-05 20:00:00-04:00,117,72.0,68.59288770455966,boost_5y_absolute,True
2021-10-01 04:00:00+00:00,2021-10-06 01:00:00+00:00,2021-10-05 21:00:00-04:00,118,72.0,67.46308845204507,boost_5y_absolute,True
2021-10-01 04:00:00+00:00,2021-10-06 02:00:00+00:00,2021-10-05 22:00:00-04:00,119,70.0,66.79509927523381,boost_5y_absolute,True
2021-10-01 04:00:00+00:00,2021-10-06 03:00:00+00:00,2021-10-05 23:00:00-04:00,120,70.0,66.1277264389239,boost_5y_absolute,True
2021-10-01 04:00:00+00:00,2021-10-06 04:00:00+00:00,2021-10-06 00:00:00-04:00,121,70.0,65.86138820731266,boost_5y_absolute,True
2021-10-01 04:00:00+00:00,2021-10-06 05:00:00+00:00,2021-10-06 01:00:00-04:00,122,69.0,64.84010910207533,boost_5y_absolute,True
2021-10-01 04:00:00+00:00,2021-10-06 06:00:00+00:00,2021-10-06 02:00:00-04:00,123,68.0,64.09004083562088,boost_5y_absolute,True
2021-10-01 04:00:00+00:00,2021-10-06 07:00:00+00:00,2021-10-06 03:00:00-04:00,124,68.0,63.32477293387355,boost_5y_absolute,True
2021-10-01 04:00:00+00:00,2021-10-06 08:00:00+00:00,2021-10-06 04:00:00-04:00,125,69.0,63.04159789332542,boost_5y_absolute,True
2021-10-01 04:00:00+00:00,2021-10-06 09:00:00+00:00,2021-10-06 05:00:00-04:00,126,68.0,62.653362536813546,boost_5y_absolute,True
2021-10-01 04:00:00+00:00,2021-10-06 10:00:00+00:00,2021-10-06 06:00:00-04:00,127,68.0,62.24882692520508,boost_5y_absolute,True
2021-10-01 04:00:00+00:00,2021-10-06 11:00:00+00:00,2021-10-06 07:00:00-04:00,128,69.0,62.88693171477664,boost_5y_absolute,True
2021-10-01 04:00:00+00:00,2021-10-06 12:00:00+00:00,2021-10-06 08:00:00-04:00,129,70.0,65.906378845918,boost_5y_absolute,True
2021-10-01 04:00:00+00:00,2021-10-06 13:00:00+00:00,2021-10-06 09:00:00-04:00,130,73.0,69.12819844490677,boost_5y_absolute,True
2021-10-01 04:00:00+00:00,2021-10-06 14:00:00+00:00,2021-10-06 10:00:00-04:00,131,76.0,72.18437260074236,boost_5y_absolute,True
2021-10-01 04:00:00+00:00,2021-10-06 15:00:00+00:00,2021-10-06 11:00:00-04:00,132,78.0,74.58298924808989,boost_5y_absolute,True
2021-10-01 04:00:00+00:00,2021-10-06 16:00:00+00:00,2021-10-06 12:00:00-04:00,133,78.0,76.42323035011282,boost_5y_absolute,True
2021-10-01 04:00:00+00:00,2021-10-06 17:00:00+00:00,2021-10-06 13:00:00-04:00,134,81.0,77.89921388093093,boost_5y_absolute,True
2021-10-01 04:00:00+00:00,2021-10-06 18:00:00+00:00,2021-10-06 14:00:00-04:00,135,79.0,78.37093695673168,boost_5y_absolute,True
2021-10-01 04:00:00+00:00,2021-10-06 19:00:00+00:00,2021-10-06 15:00:00-04:00,136,82.0,78.49951879341783,boost_5y_absolute,True
2021-10-01 04:00:00+00:00,2021-10-06 20:00:00+00:00,2021-10-06 16:00:00-04:00,137,82.0,78.01294596472927,boost_5y_absolute,True
2021-10-01 04:00:00+00:00,2021-10-06 21:00:00+00:00,2021-10-06 17:00:00-04:00,138,80.0,76.18769296203509,boost_5y_absolute,True
2021-10-01 04:00:00+00:00,2021-10-06 22:00:00+00:00,2021-10-06 18:00:00-04:00,139,74.0,72.2166989891137,boost_5y_absolute,True
2021-10-01 04:00:00+00:00,2021-10-06 23:00:00+00:00,2021-10-06 19:00:00-04:00,140,72.0,69.24809974542474,boost_5y_absolute,True
2021-10-01 04:00:00+00:00,2021-10-07 00:00:00+00:00,2021-10-06 20:00:00-04:00,141,73.0,67.8607076467937,boost_5y_absolute,True
2021-10-01 04:00:00+00:00,2021-10-07 01:00:00+00:00,2021-10-06 21:00:00-04:00,142,72.0,66.78425068416463,boost_5y_absolute,True
2021-10-01 04:00:00+00:00,2021-10-07 02:00:00+00:00,2021-10-06 22:00:00-04:00,143,73.0,66.08756906360392,boost_5y_absolute,True
2021-10-01 04:00:00+00:00,2021-10-07 03:00:00+00:00,2021-10-06 23:00:00-04:00,144,71.0,65.51010070311459,boost_5y_absolute,True
2021-10-01 04:00:00+00:00,2021-10-07 04:00:00+00:00,2021-10-07 00:00:00-04:00,145,70.0,64.97908985858359,boost_5y_absolute,True
2021-10-01 04:00:00+00:00,2021-10-07 05:00:00+00:00,2021-10-07 01:00:00-04:00,146,70.0,64.09407189481084,boost_5y_absolute,True
2021-10-01 04:00:00+00:00,2021-10-07 06:00:00+00:00,2021-10-07 02:00:00-04:00,147,70.0,63.38137237579444,boost_5y_absolute,True
2021-10-01 04:00:00+00:00,2021-10-07 07:00:00+00:00,2021-10-07 03:00:00-04:00,148,69.0,62.72986240945539,boost_5y_absolute,True
2021-10-01 04:00:00+00:00,2021-10-07 08:00:00+00:00,2021-10-07 04:00:00-04:00,149,68.0,62.46527542946327,boost_5y_absolute,True
2021-10-01 04:00:00+00:00,2021-10-07 09:00:00+00:00,2021-10-07 05:00:00-04:00,150,68.0,62.042878160648286,boost_5y_absolute,True
2021-10-01 04:00:00+00:00,2021-10-07 10:00:00+00:00,2021-10-07 06:00:00-04:00,151,68.0,61.64088062957535,boost_5y_absolute,True
2021-10-01 04:00:00+00:00,2021-10-07 11:00:00+00:00,2021-10-07 07:00:00-04:00,152,68.0,62.08205978362927,boost_5y_absolute,True
2021-10-01 04:00:00+00:00,2021-10-07 12:00:00+00:00,2021-10-07 08:00:00-04:00,153,68.0,65.07193463277387,boost_5y_absolute,True
2021-10-01 04:00:00+00:00,2021-10-07 13:00:00+00:00,2021-10-07 09:00:00-04:00,154,69.0,68.20841202840316,boost_5y_absolute,True
2021-10-01 04:00:00+00:00,2021-10-07 14:00:00+00:00,2021-10-07 10:00:00-04:00,155,70.0,71.40689705864294,boost_5y_absolute,True
2021-10-01 04:00:00+00:00,2021-10-07 15:00:00+00:00,2021-10-07 11:00:00-04:00,156,72.0,73.76283943051556,boost_5y_absolute,True
2021-10-01 04:00:00+00:00,2021-10-07 16:00:00+00:00,2021-10-07 12:00:00-04:00,157,76.0,75.45869140200799,boost_5y_absolute,True
2021-10-01 04:00:00+00:00,2021-10-07 17:00:00+00:00,2021-10-07 13:00:00-04:00,158,76.0,77.06234396091034,boost_5y_absolute,True
2021-10-01 04:00:00+00:00,2021-10-07 18:00:00+00:00,2021-10-07 14:00:00-04:00,159,76.0,77.66720086343271,boost_5y_absolute,True
2021-10-01 04:00:00+00:00,2021-10-07 19:00:00+00:00,2021-10-07 15:00:00-04:00,160,76.0,77.87746439826478,boost_5y_absolute,True
2021-10-01 04:00:00+00:00,2021-10-07 20:00:00+00:00,2021-10-07 16:00:00-04:00,161,76.0,77.4881015977654,boost_5y_absolute,True
2021-10-01 04:00:00+00:00,2021-10-07 21:00:00+00:00,2021-10-07 17:00:00-04:00,162,74.0,75.64340175568749,boost_5y_absolute,True
2021-10-01 04:00:00+00:00,2021-10-07 22:00:00+00:00,2021-10-07 18:00:00-04:00,163,72.0,71.58065972664474,boost_5y_absolute,True
2021-10-01 04:00:00+00:00,2021-10-07 23:00:00+00:00,2021-10-07 19:00:00-04:00,164,71.0,68.68019969198892,boost_5y_absolute,True
2021-10-01 04:00:00+00:00,2021-10-08 00:00:00+00:00,2021-10-07 20:00:00-04:00,165,70.0,67.17174972861785,boost_5y_absolute,True
2021-10-01 04:00:00+00:00,2021-10-08 01:00:00+00:00,2021-10-07 21:00:00-04:00,166,70.0,66.06276023511626,boost_5y_absolute,True
2021-10-01 04:00:00+00:00,2021-10-08 02:00:00+00:00,2021-10-07 22:00:00-04:00,167,69.0,65.36524978876014,boost_5y_absolute,True
2021-10-01 04:00:00+00:00,2021-10-08 03:00:00+00:00,2021-10-07 23:00:00-04:00,168,66.0,64.75171748295644,boost_5y_absolute,True
2021-10-01 04:00:00+00:00,2021-10-08 04:00:00+00:00,2021-10-08 00:00:00-04:00,169,67.0,64.0421617578032,boost_5y_absolute,True
2021-10-01 04:00:00+00:00,2021-10-08 05:00:00+00:00,2021-10-08 01:00:00-04:00,170,68.0,63.24508768902972,boost_5y_absolute,True
2021-10-01 04:00:00+00:00,2021-10-08 06:00:00+00:00,2021-10-08 02:00:00-04:00,171,68.0,62.70232906743855,boost_5y_absolute,True
2021-10-01 04:00:00+00:00,2021-10-08 07:00:00+00:00,2021-10-08 03:00:00-04:00,172,67.0,62.07400254801074,boost_5y_absolute,True
2021-10-01 04:00:00+00:00,2021-10-08 08:00:00+00:00,2021-10-08 04:00:00-04:00,173,67.0,61.76350471073085,boost_5y_absolute,True
2021-10-01 04:00:00+00:00,2021-10-08 09:00:00+00:00,2021-10-08 05:00:00-04:00,174,67.0,61.30430004165058,boost_5y_absolute,True
2021-10-01 04:00:00+00:00,2021-10-08 10:00:00+00:00,2021-10-08 06:00:00-04:00,175,67.0,60.87033587300296,boost_5y_absolute,True
2021-10-01 04:00:00+00:00,2021-10-08 11:00:00+00:00,2021-10-08 07:00:00-04:00,176,67.0,61.26449403864464,boost_5y_absolute,True
2021-10-01 04:00:00+00:00,2021-10-08 12:00:00+00:00,2021-10-08 08:00:00-04:00,177,68.0,64.37307934947269,boost_5y_absolute,True
2021-10-01 04:00:00+00:00,2021-10-08 13:00:00+00:00,2021-10-08 09:00:00-04:00,178,69.0,67.53702225266991,boost_5y_absolute,True
2021-10-01 04:00:00+00:00,2021-10-08 14:00:00+00:00,2021-10-08 10:00:00-04:00,179,71.0,70.78643385261857,boost_5y_absolute,True
2021-10-01 04:00:00+00:00,2021-10-08 15:00:00+00:00,2021-10-08 11:00:00-04:00,180,73.0,73.21211211096521,boost_5y_absolute,True
2021-10-01 04:00:00+00:00,2021-10-08 16:00:00+00:00,2021-10-08 12:00:00-04:00,181,73.0,74.921319131094,boost_5y_absolute,True
2021-10-01 04:00:00+00:00,2021-10-08 17:00:00+00:00,2021-10-08 13:00:00-04:00,182,74.0,76.5441488277244,boost_5y_absolute,True
2021-10-01 04:00:00+00:00,2021-10-08 18:00:00+00:00,2021-10-08 14:00:00-04:00,183,73.0,77.15010788587155,boost_5y_absolute,True
2021-10-01 04:00:00+00:00,2021-10-08 19:00:00+00:00,2021-10-08 15:00:00-04:00,184,75.0,77.36195342181496,boost_5y_absolute,True
2021-10-01 04:00:00+00:00,2021-10-08 20:00:00+00:00,2021-10-08 16:00:00-04:00,185,74.0,77.00262744414403,boost_5y_absolute,True
2021-10-01 04:00:00+00:00,2021-10-08 21:00:00+00:00,2021-10-08 17:00:00-04:00,186,73.0,75.20044406072711,boost_5y_absolute,True
2021-10-01 04:00:00+00:00,2021-10-08 22:00:00+00:00,2021-10-08 18:00:00-04:00,187,72.0,71.10280642066292,boost_5y_absolute,True
2021-10-01 04:00:00+00:00,2021-10-08 23:00:00+00:00,2021-10-08 19:00:00-04:00,188,71.0,68.38032605931747,boost_5y_absolute,True
2021-10-01 04:00:00+00:00,2021-10-09 00:00:00+00:00,2021-10-08 20:00:00-04:00,189,70.0,66.91468885535123,boost_5y_absolute,True
2021-10-01 04:00:00+00:00,2021-10-09 01:00:00+00:00,2021-10-08 21:00:00-04:00,190,70.0,65.73647703486252,boost_5y_absolute,True
2021-10-01 04:00:00+00:00,2021-10-09 02:00:00+00:00,2021-10-08 22:00:00-04:00,191,70.0,65.10879785839222,boost_5y_absolute,True
2021-10-01 04:00:00+00:00,2021-10-09 03:00:00+00:00,2021-10-08 23:00:00-04:00,192,69.0,64.54332982906755,boost_5y_absolute,True
2021-10-01 04:00:00+00:00,2021-10-09 04:00:00+00:00,2021-10-09 00:00:00-04:00,193,67.0,63.508572599752064,boost_5y_absolute,True
2021-10-01 04:00:00+00:00,2021-10-09 05:00:00+00:00,2021-10-09 01:00:00-04:00,194,66.0,62.94204689846942,boost_5y_absolute,True
2021-10-01 04:00:00+00:00,2021-10-09 06:00:00+00:00,2021-10-09 02:00:00-04:00,195,66.0,62.39335715934521,boost_5y_absolute,True
2021-10-01 04:00:00+00:00,2021-10-09 07:00:00+00:00,2021-10-09 03:00:00-04:00,196,64.0,61.803960750959945,boost_5y_absolute,True
2021-10-01 04:00:00+00:00,2021-10-09 08:00:00+00:00,2021-10-09 04:00:00-04:00,197,64.0,61.4605465679492,boost_5y_absolute,True
2021-10-01 04:00:00+00:00,2021-10-09 09:00:00+00:00,2021-10-09 05:00:00-04:00,198,64.0,61.04069940467381,boost_5y_absolute,True
2021-10-01 04:00:00+00:00,2021-10-09 10:00:00+00:00,2021-10-09 06:00:00-04:00,199,63.0,60.63286428059114,boost_5y_absolute,True
2021-10-01 04:00:00+00:00,2021-10-09 11:00:00+00:00,2021-10-09 07:00:00-04:00,200,64.0,60.98405944803769,boost_5y_absolute,True
2021-10-01 04:00:00+00:00,2021-10-09 12:00:00+00:00,2021-10-09 08:00:00-04:00,201,65.0,64.02263588785695,boost_5y_absolute,True
2021-10-01 04:00:00+00:00,2021-10-09 13:00:00+00:00,2021-10-09 09:00:00-04:00,202,66.0,66.97534702735453,boost_5y_absolute,True
2021-10-01 04:00:00+00:00,2021-10-09 14:00:00+00:00,2021-10-09 10:00:00-04:00,203,66.0,70.14526700800901,boost_5y_absolute,True
2021-10-01 04:00:00+00:00,2021-10-09 15:00:00+00:00,2021-10-09 11:00:00-04:00,204,66.0,72.4181833317763,boost_5y_absolute,True
2021-10-01 04:00:00+00:00,2021-10-09 16:00:00+00:00,2021-10-09 12:00:00-04:00,205,67.0,74.09551765729024,boost_5y_absolute,True
2021-10-01 04:00:00+00:00,2021-10-09 17:00:00+00:00,2021-10-09 13:00:00-04:00,206,67.0,75.53176329605455,boost_5y_absolute,True
2021-10-01 04:00:00+00:00,2021-10-09 18:00:00+00:00,2021-10-09 14:00:00-04:00,207,67.0,76.23906992736461,boost_5y_absolute,True
2021-10-01 04:00:00+00:00,2021-10-09 19:00:00+00:00,2021-10-09 15:00:00-04:00,208,67.0,76.38521457464964,boost_5y_absolute,True
2021-10-01 04:00:00+00:00,2021-10-09 20:00:00+00:00,2021-10-09 16:00:00-04:00,209,67.0,76.089694408531,boost_5y_absolute,True
2021-10-01 04:00:00+00:00,2021-10-09 21:00:00+00:00,2021-10-09 17:00:00-04:00,210,67.0,74.41541736161712,boost_5y_absolute,True
2021-10-01 04:00:00+00:00,2021-10-09 22:00:00+00:00,2021-10-09 18:00:00-04:00,211,66.0,70.33407747182561,boost_5y_absolute,True
2021-10-01 04:00:00+00:00,2021-10-09 23:00:00+00:00,2021-10-09 19:00:00-04:00,212,66.0,67.73567376701575,boost_5y_absolute,True
2021-10-01 04:00:00+00:00,2021-10-10 00:00:00+00:00,2021-10-09 20:00:00-04:00,213,66.0,66.32083691147324,boost_5y_absolute,True
2021-10-01 04:00:00+00:00,2021-10-10 01:00:00+00:00,2021-10-09 21:00:00-04:00,214,65.0,65.12935441965452,boost_5y_absolute,True
2021-10-01 04:00:00+00:00,2021-10-10 02:00:00+00:00,2021-10-09 22:00:00-04:00,215,65.0,64.50108748768898,boost_5y_absolute,True
2021-10-01 04:00:00+00:00,2021-10-10 03:00:00+00:00,2021-10-09 23:00:00-04:00,216,64.0,63.915218292005214,boost_5y_absolute,True
2021-10-01 04:00:00+00:00,2021-10-10 04:00:00+00:00,2021-10-10 00:00:00-04:00,217,64.0,63.0157773477681,boost_5y_absolute,True
2021-10-01 04:00:00+00:00,2021-10-10 05:00:00+00:00,2021-10-10 01:00:00-04:00,218,64.0,62.45487741322819,boost_5y_absolute,True
2021-10-01 04:00:00+00:00,2021-10-10 06:00:00+00:00,2021-10-10 02:00:00-04:00,219,65.0,61.95661357654661,boost_5y_absolute,True
2021-10-01 04:00:00+00:00,2021-10-10 07:00:00+00:00,2021-10-10 03:00:00-04:00,220,65.0,61.37076861894364,boost_5y_absolute,True
2021-10-01 04:00:00+00:00,2021-10-10 08:00:00+00:00,2021-10-10 04:00:00-04:00,221,64.0,60.98376951686298,boost_5y_absolute,True
2021-10-01 04:00:00+00:00,2021-10-10 09:00:00+00:00,2021-10-10 05:00:00-04:00,222,64.0,60.614125571966404,boost_5y_absolute,True
2021-10-01 04:00:00+00:00,2021-10-10 10:00:00+00:00,2021-10-10 06:00:00-04:00,223,64.0,60.18938804721958,boost_5y_absolute,True
2021-10-01 04:00:00+00:00,2021-10-10 11:00:00+00:00,2021-10-10 07:00:00-04:00,224,65.0,60.484150365409214,boost_5y_absolute,True
2021-10-01 04:00:00+00:00,2021-10-10 12:00:00+00:00,2021-10-10 08:00:00-04:00,225,65.0,63.31520724884685,boost_5y_absolute,True
2021-10-01 04:00:00+00:00,2021-10-10 13:00:00+00:00,2021-10-10 09:00:00-04:00,226,67.0,66.12622139849621,boost_5y_absolute,True
2021-10-01 04:00:00+00:00,2021-10-10 14:00:00+00:00,2021-10-10 10:00:00-04:00,227,69.0,69.19921038647993,boost_5y_absolute,True
2021-10-01 04:00:00+00:00,2021-10-10 15:00:00+00:00,2021-10-10 11:00:00-04:00,228,69.0,71.34618624903459,boost_5y_absolute,True
2021-10-01 04:00:00+00:00,2021-10-10 16:00:00+00:00,2021-10-10 12:00:00-04:00,229,70.0,72.94426761511755,boost_5y_absolute,True
2021-10-01 04:00:00+00:00,2021-10-10 17:00:00+00:00,2021-10-10 13:00:00-04:00,230,72.0,74.39926042969982,boost_5y_absolute,True
2021-10-01 04:00:00+00:00,2021-10-10 18:00:00+00:00,2021-10-10 14:00:00-04:00,231,73.0,75.11499817459229,boost_5y_absolute,True
2021-10-01 04:00:00+00:00,2021-10-10 19:00:00+00:00,2021-10-10 15:00:00-04:00,232,74.0,75.27419929749809,boost_5y_absolute,True
2021-10-01 04:00:00+00:00,2021-10-10 20:00:00+00:00,2021-10-10 16:00:00-04:00,233,76.0,74.900476991253,boost_5y_absolute,True
2021-10-01 04:00:00+00:00,2021-10-10 21:00:00+00:00,2021-10-10 17:00:00-04:00,234,74.0,73.33740847169655,boost_5y_absolute,True
2021-10-01 04:00:00+00:00,2021-10-10 22:00:00+00:00,2021-10-10 18:00:00-04:00,235,72.0,69.22994997668187,boost_5y_absolute,True
2021-10-01 04:00:00+00:00,2021-10-10 23:00:00+00:00,2021-10-10 19:00:00-04:00,236,70.0,66.70916906992981,boost_5y_absolute,True
2021-10-01 04:00:00+00:00,2021-10-11 00:00:00+00:00,2021-10-10 20:00:00-04:00,237,70.0,65.34218458964264,boost_5y_absolute,True
2021-10-01 04:00:00+00:00,2021-10-11 01:00:00+00:00,2021-10-10 21:00:00-04:00,238,69.0,64.10132688485739,boost_5y_absolute,True
2021-10-01 04:00:00+00:00,2021-10-11 02:00:00+00:00,2021-10-10 22:00:00-04:00,239,68.0,63.529459386736036,boost_5y_absolute,True
2021-10-01 04:00:00+00:00,2021-10-11 03:00:00+00:00,2021-10-10 23:00:00-04:00,240,68.0,62.987768410596104,boost_5y_absolute,True
2021-10-01 04:00:00+00:00,2021-10-11 04:00:00+00:00,2021-10-11 00:00:00-04:00,241,67.0,62.10441352478493,boost_5y_absolute,True
2021-10-01 04:00:00+00:00,2021-10-11 05:00:00+00:00,2021-10-11 01:00:00-04:00,242,67.0,61.665400883112355,boost_5y_absolute,True
2021-10-01 04:00:00+00:00,2021-10-11 06:00:00+00:00,2021-10-11 02:00:00-04:00,243,67.0,61.03436231114434,boost_5y_absolute,True
2021-10-01 04:00:00+00:00,2021-10-11 07:00:00+00:00,2021-10-11 03:00:00-04:00,244,67.0,60.419819402024665,boost_5y_absolute,True
2021-10-01 04:00:00+00:00,2021-10-11 08:00:00+00:00,2021-10-11 04:00:00-04:00,245,66.0,60.10541331593585,boost_5y_absolute,True
2021-10-01 04:00:00+00:00,2021-10-11 09:00:00+00:00,2021-10-11 05:00:00-04:00,246,66.0,59.709735580509985,boost_5y_absolute,True
2021-10-01 04:00:00+00:00,2021-10-11 10:00:00+00:00,2021-10-11 06:00:00-04:00,247,66.0,59.29334292234783,boost_5y_absolute,True
2021-10-01 04:00:00+00:00,2021-10-11 11:00:00+00:00,2021-10-11 07:00:00-04:00,248,65.0,59.560062650236304,boost_5y_absolute,True
2021-10-01 04:00:00+00:00,2021-10-11 12:00:00+00:00,2021-10-11 08:00:00-04:00,249,66.0,62.411373466277034,boost_5y_absolute,True
2021-10-01 04:00:00+00:00,2021-10-11 13:00:00+00:00,2021-10-11 09:00:00-04:00,250,66.0,65.29962185767438,boost_5y_absolute,True
2021-10-01 04:00:00+00:00,2021-10-11 14:00:00+00:00,2021-10-11 10:00:00-04:00,251,68.0,68.37973866646975,boost_5y_absolute,True
2021-10-01 04:00:00+00:00,2021-10-11 15:00:00+00:00,2021-10-11 11:00:00-04:00,252,69.0,70.45983091986614,boost_5y_absolute,True
2021-10-01 04:00:00+00:00,2021-10-11 16:00:00+00:00,2021-10-11 12:00:00-04:00,253,70.0,72.116866804565,boost_5y_absolute,True
2021-10-01 04:00:00+00:00,2021-10-11 17:00:00+00:00,2021-10-11 13:00:00-04:00,254,71.0,73.50320887681038,boost_5y_absolute,True
2021-10-01 04:00:00+00:00,2021-10-11 18:00:00+00:00,2021-10-11 14:00:00-04:00,255,70.0,74.12589197974684,boost_5y_absolute,True
2021-10-01 04:00:00+00:00,2021-10-11 19:00:00+00:00,2021-10-11 15:00:00-04:00,256,71.0,74.32697480225391,boost_5y_absolute,True
2021-10-01 04:00:00+00:00,2021-10-11 20:00:00+00:00,2021-10-11 16:00:00-04:00,257,70.0,73.92669469451062,boost_5y_absolute,True
2021-10-01 04:00:00+00:00,2021-10-11 21:00:00+00:00,2021-10-11 17:00:00-04:00,258,70.0,72.33815078933786,boost_5y_absolute,True
2021-10-01 04:00:00+00:00,2021-10-11 22:00:00+00:00,2021-10-11 18:00:00-04:00,259,69.0,68.21790043761952,boost_5y_absolute,True
2021-10-01 04:00:00+00:00,2021-10-11 23:00:00+00:00,2021-10-11 19:00:00-04:00,260,68.0,65.71615919191234,boost_5y_absolute,True
2021-10-01 04:00:00+00:00,2021-10-12 00:00:00+00:00,2021-10-11 20:00:00-04:00,261,67.0,64.39584435750974,boost_5y_absolute,True
2021-10-01 04:00:00+00:00,2021-10-12 01:00:00+00:00,2021-10-11 21:00:00-04:00,262,67.0,63.25933411515124,boost_5y_absolute,True
2021-10-01 04:00:00+00:00,2021-10-12 02:00:00+00:00,2021-10-11 22:00:00-04:00,263,66.0,62.578403887069975,boost_5y_absolute,True
2021-10-01 04:00:00+00:00,2021-10-12 03:00:00+00:00,2021-10-11 23:00:00-04:00,264,65.0,62.01290663267913,boost_5y_absolute,True
2021-10-01 04:00:00+00:00,2021-10-12 04:00:00+00:00,2021-10-12 00:00:00-04:00,265,64.0,61.02090815944009,boost_5y_absolute,True
2021-10-01 04:00:00+00:00,2021-10-12 05:00:00+00:00,2021-10-12 01:00:00-04:00,266,64.0,60.66431448573083,boost_5y_absolute,True
2021-10-01 04:00:00+00:00,2021-10-12 06:00:00+00:00,2021-10-12 02:00:00-04:00,267,64.0,59.95617132289194,boost_5y_absolute,True
2021-10-01 04:00:00+00:00,2021-10-12 07:00:00+00:00,2021-10-12 03:00:00-04:00,268,63.0,59.329189654501484,boost_5y_absolute,True
2021-10-01 04:00:00+00:00,2021-10-12 08:00:00+00:00,2021-10-12 04:00:00-04:00,269,63.0,58.99554566422638,boost_5y_absolute,True
2021-10-01 04:00:00+00:00,2021-10-12 09:00:00+00:00,2021-10-12 05:00:00-04:00,270,61.0,58.62099179217912,boost_5y_absolute,True
2021-10-01 04:00:00+00:00,2021-10-12 10:00:00+00:00,2021-10-12 06:00:00-04:00,271,61.0,58.206261339810155,boost_5y_absolute,True
2021-10-01 04:00:00+00:00,2021-10-12 11:00:00+00:00,2021-10-12 07:00:00-04:00,272,62.0,58.460416711056105,boost_5y_absolute,True
2021-10-01 04:00:00+00:00,2021-10-12 12:00:00+00:00,2021-10-12 08:00:00-04:00,273,63.0,61.40971584608067,boost_5y_absolute,True
2021-10-01 04:00:00+00:00,2021-10-12 13:00:00+00:00,2021-10-12 09:00:00-04:00,274,65.0,64.52721819313167,boost_5y_absolute,True
2021-10-01 04:00:00+00:00,2021-10-12 14:00:00+00:00,2021-10-12 10:00:00-04:00,275,67.0,67.5963664606123,boost_5y_absolute,True
2021-10-01 04:00:00+00:00,2021-10-12 15:00:00+00:00,2021-10-12 11:00:00-04:00,276,69.0,69.74130980129456,boost_5y_absolute,True
2021-10-01 04:00:00+00:00,2021-10-12 16:00:00+00:00,2021-10-12 12:00:00-04:00,277,70.0,71.39756600485883,boost_5y_absolute,True
2021-10-01 04:00:00+00:00,2021-10-12 17:00:00+00:00,2021-10-12 13:00:00-04:00,278,70.0,72.83377477947045,boost_5y_absolute,True
2021-10-01 04:00:00+00:00,2021-10-12 18:00:00+00:00,2021-10-12 14:00:00-04:00,279,70.0,73.50249670060802,boost_5y_absolute,True
2021-10-01 04:00:00+00:00,2021-10-12 19:00:00+00:00,2021-10-12 15:00:00-04:00,280,70.0,73.70352009709131,boost_5y_absolute,True
2021-10-01 04:00:00+00:00,2021-10-12 20:00:00+00:00,2021-10-12 16:00:00-04:00,281,70.0,73.34356349735812,boost_5y_absolute,True
2021-10-01 04:00:00+00:00,2021-10-12 21:00:00+00:00,2021-10-12 17:00:00-04:00,282,69.0,71.69027296567678,boost_5y_absolute,True
2021-10-01 04:00:00+00:00,2021-10-12 22:00:00+00:00,2021-10-12 18:00:00-04:00,283,69.0,67.52990615066578,boost_5y_absolute,True
2021-10-01 04:00:00+00:00,2021-10-12 23:00:00+00:00,2021-10-12 19:00:00-04:00,284,67.0,65.0669928836754,boost_5y_absolute,True
2021-10-01 04:00:00+00:00,2021-10-13 00:00:00+00:00,2021-10-12 20:00:00-04:00,285,66.0,63.92618290517571,boost_5y_absolute,True
2021-10-01 04:00:00+00:00,2021-10-13 01:00:00+00:00,2021-10-12 21:00:00-04:00,286,63.0,62.766031544471545,boost_5y_absolute,True
2021-10-01 04:00:00+00:00,2021-10-13 02:00:00+00:00,2021-10-12 22:00:00-04:00,287,61.0,62.070792812702834,boost_5y_absolute,True
2021-10-01 04:00:00+00:00,2021-10-13 03:00:00+00:00,2021-10-12 23:00:00-04:00,288,60.0,61.41438025360847,boost_5y_absolute,True
2021-10-01 04:00:00+00:00,2021-10-13 04:00:00+00:00,2021-10-13 00:00:00-04:00,289,59.0,60.56494980136493,boost_5y_absolute,True
2021-10-01 04:00:00+00:00,2021-10-13 05:00:00+00:00,2021-10-13 01:00:00-04:00,290,59.0,60.254004812519725,boost_5y_absolute,True
2021-10-01 04:00:00+00:00,2021-10-13 06:00:00+00:00,2021-10-13 02:00:00-04:00,291,59.0,59.63465025600687,boost_5y_absolute,True
2021-10-01 04:00:00+00:00,2021-10-13 07:00:00+00:00,2021-10-13 03:00:00-04:00,292,59.0,59.04732175729423,boost_5y_absolute,True
2021-10-01 04:00:00+00:00,2021-10-13 08:00:00+00:00,2021-10-13 04:00:00-04:00,293,58.0,58.753335720487065,boost_5y_absolute,True
2021-10-01 04:00:00+00:00,2021-10-13 09:00:00+00:00,2021-10-13 05:00:00-04:00,294,58.0,58.52688521826195,boost_5y_absolute,True
2021-10-01 04:00:00+00:00,2021-10-13 10:00:00+00:00,2021-10-13 06:00:00-04:00,295,57.0,58.11331828231154,boost_5y_absolute,True
2021-10-01 04:00:00+00:00,2021-10-13 11:00:00+00:00,2021-10-13 07:00:00-04:00,296,57.0,58.419275564262136,boost_5y_absolute,True
2021-10-01 04:00:00+00:00,2021-10-13 12:00:00+00:00,2021-10-13 08:00:00-04:00,297,63.0,61.252664115894056,boost_5y_absolute,True
2021-10-01 04:00:00+00:00,2021-10-13 13:00:00+00:00,2021-10-13 09:00:00-04:00,298,68.0,64.3398757719845,boost_5y_absolute,True
2021-10-01 04:00:00+00:00,2021-10-13 14:00:00+00:00,2021-10-13 10:00:00-04:00,299,72.0,67.32851184550388,boost_5y_absolute,True
2021-10-01 04:00:00+00:00,2021-10-13 15:00:00+00:00,2021-10-13 11:00:00-04:00,300,74.0,69.43547925359464,boost_5y_absolute,True
2021-10-01 04:00:00+00:00,2021-10-13 16:00:00+00:00,2021-10-13 12:00:00-04:00,301,76.0,71.19156973098343,boost_5y_absolute,True
2021-10-01 04:00:00+00:00,2021-10-13 17:00:00+00:00,2021-10-13 13:00:00-04:00,302,79.0,72.61816877025637,boost_5y_absolute,True
2021-10-01 04:00:00+00:00,2021-10-13 18:00:00+00:00,2021-10-13 14:00:00-04:00,303,79.0,73.28828030128597,boost_5y_absolute,True
2021-10-01 04:00:00+00:00,2021-10-13 19:00:00+00:00,2021-10-13 15:00:00-04:00,304,79.0,73.55552484243609,boost_5y_absolute,True
2021-10-01 04:00:00+00:00,2021-10-13 20:00:00+00:00,2021-10-13 16:00:00-04:00,305,82.0,73.28873599598518,boost_5y_absolute,True
2021-10-01 04:00:00+00:00,2021-10-13 21:00:00+00:00,2021-10-13 17:00:00-04:00,306,79.0,71.51528216807908,boost_5y_absolute,True
2021-10-01 04:00:00+00:00,2021-10-13 22:00:00+00:00,2021-10-13 18:00:00-04:00,307,72.0,67.27778482319233,boost_5y_absolute,True
2021-10-01 04:00:00+00:00,2021-10-13 23:00:00+00:00,2021-10-13 19:00:00-04:00,308,68.0,64.93167622171042,boost_5y_absolute,True
2021-10-01 04:00:00+00:00,2021-10-14 00:00:00+00:00,2021-10-13 20:00:00-04:00,309,66.0,63.79818183961416,boost_5y_absolute,True
2021-10-01 04:00:00+00:00,2021-10-14 01:00:00+00:00,2021-10-13 21:00:00-04:00,310,67.0,62.59767756705478,boost_5y_absolute,True
2021-10-01 04:00:00+00:00,2021-10-14 02:00:00+00:00,2021-10-13 22:00:00-04:00,311,69.0,61.86428581243056,boost_5y_absolute,True
2021-10-01 04:00:00+00:00,2021-10-14 03:00:00+00:00,2021-10-13 23:00:00-04:00,312,66.0,61.11538213909352,boost_5y_absolute,True
2021-10-01 04:00:00+00:00,2021-10-14 04:00:00+00:00,2021-10-14 00:00:00-04:00,313,65.0,60.22936457593936,boost_5y_absolute,True
2021-10-01 04:00:00+00:00,2021-10-14 05:00:00+00:00,2021-10-14 01:00:00-04:00,314,63.0,59.86177017929787,boost_5y_absolute,True
2021-10-01 04:00:00+00:00,2021-10-14 06:00:00+00:00,2021-10-14 02:00:00-04:00,315,62.0,59.25581584761079,boost_5y_absolute,True
2021-10-01 04:00:00+00:00,2021-10-14 07:00:00+00:00,2021-10-14 03:00:00-04:00,316,61.0,58.652119036308015,boost_5y_absolute,True
2021-10-01 04:00:00+00:00,2021-10-14 08:00:00+00:00,2021-10-14 04:00:00-04:00,317,60.0,58.33195187985505,boost_5y_absolute,True
2021-10-01 04:00:00+00:00,2021-10-14 09:00:00+00:00,2021-10-14 05:00:00-04:00,318,60.0,58.02490124670374,boost_5y_absolute,True
2021-10-01 04:00:00+00:00,2021-10-14 10:00:00+00:00,2021-10-14 06:00:00-04:00,319,60.0,57.57170434304839,boost_5y_absolute,True
2021-10-01 04:00:00+00:00,2021-10-14 11:00:00+00:00,2021-10-14 07:00:00-04:00,320,60.0,57.8501049026789,boost_5y_absolute,True
2021-10-01 04:00:00+00:00,2021-10-14 12:00:00+00:00,2021-10-14 08:00:00-04:00,321,65.0,60.76403599619269,boost_5y_absolute,True
2021-10-01 04:00:00+00:00,2021-10-14 13:00:00+00:00,2021-10-14 09:00:00-04:00,322,71.0,64.01934877484955,boost_5y_absolute,True
2021-10-01 04:00:00+00:00,2021-10-14 14:00:00+00:00,2021-10-14 10:00:00-04:00,323,75.0,67.07788033095288,boost_5y_absolute,True
2021-10-01 04:00:00+00:00,2021-10-14 15:00:00+00:00,2021-10-14 11:00:00-04:00,324,77.0,69.1841556214331,boost_5y_absolute,True
2021-10-01 04:00:00+00:00,2021-10-14 16:00:00+00:00,2021-10-14 12:00:00-04:00,325,80.0,70.98628833660293,boost_5y_absolute,True
2021-10-01 04:00:00+00:00,2021-10-14 17:00:00+00:00,2021-10-14 13:00:00-04:00,326,82.0,72.43962688819866,boost_5y_absolute,True
2021-10-01 04:00:00+00:00,2021-10-14 18:00:00+00:00,2021-10-14 14:00:00-04:00,327,82.0,73.09651565266829,boost_5y_absolute,True
2021-10-01 04:00:00+00:00,2021-10-14 19:00:00+00:00,2021-10-14 15:00:00-04:00,328,83.0,73.28363432562539,boost_5y_absolute,True
2021-10-01 04:00:00+00:00,2021-10-14 20:00:00+00:00,2021-10-14 16:00:00-04:00,329,80.0,72.97691753112964,boost_5y_absolute,True
2021-10-01 04:00:00+00:00,2021-10-14 21:00:00+00:00,2021-10-14 17:00:00-04:00,330,77.0,71.16353476137454,boost_5y_absolute,True
2021-10-01 04:00:00+00:00,2021-10-14 22:00:00+00:00,2021-10-14 18:00:00-04:00,331,73.0,66.86987847275994,boost_5y_absolute,True
2021-10-01 04:00:00+00:00,2021-10-14 23:00:00+00:00,2021-10-14 19:00:00-04:00,332,69.0,64.51174169491716,boost_5y_absolute,True
2021-10-01 04:00:00+00:00,2021-10-15 00:00:00+00:00,2021-10-14 20:00:00-04:00,333,67.0,63.33833836231165,boost_5y_absolute,True
2021-10-01 04:00:00+00:00,2021-10-15 01:00:00+00:00,2021-10-14 21:00:00-04:00,334,66.0,62.16217091931604,boost_5y_absolute,True
2021-10-01 04:00:00+00:00,2021-10-15 02:00:00+00:00,2021-10-14 22:00:00-04:00,335,64.0,61.38773964003524,boost_5y_absolute,True
2021-10-01 04:00:00+00:00,2021-10-15 03:00:00+00:00,2021-10-14 23:00:00-04:00,336,64.0,60.69284082393058,boost_5y_absolute,True
2021-10-08 04:00:00+00:00,2021-10-08 04:00:00+00:00,2021-10-08 00:00:00-04:00,1,67.0,61.22298616791408,boost_5y_absolute,True
2021-10-08 04:00:00+00:00,2021-10-08 05:00:00+00:00,2021-10-08 01:00:00-04:00,2,68.0,60.42027081382634,boost_5y_absolute,True
2021-10-08 04:00:00+00:00,2021-10-08 06:00:00+00:00,2021-10-08 02:00:00-04:00,3,68.0,59.750863748538954,boost_5y_absolute,True
2021-10-08 04:00:00+00:00,2021-10-08 07:00:00+00:00,2021-10-08 03:00:00-04:00,4,67.0,59.312715020576285,boost_5y_absolute,True
2021-10-08 04:00:00+00:00,2021-10-08 08:00:00+00:00,2021-10-08 04:00:00-04:00,5,67.0,59.05552194843144,boost_5y_absolute,True
2021-10-08 04:00:00+00:00,2021-10-08 09:00:00+00:00,2021-10-08 05:00:00-04:00,6,67.0,58.84857868227753,boost_5y_absolute,True
2021-10-08 04:00:00+00:00,2021-10-08 10:00:00+00:00,2021-10-08 06:00:00-04:00,7,67.0,58.36850752189348,boost_5y_absolute,True
2021-10-08 04:00:00+00:00,2021-10-08 11:00:00+00:00,2021-10-08 07:00:00-04:00,8,67.0,58.995491643374336,boost_5y_absolute,True
2021-10-08 04:00:00+00:00,2021-10-08 12:00:00+00:00,2021-10-08 08:00:00-04:00,9,68.0,61.736999468095455,boost_5y_absolute,True
2021-10-08 04:00:00+00:00,2021-10-08 13:00:00+00:00,2021-10-08 09:00:00-04:00,10,69.0,64.7937658831881,boost_5y_absolute,True
2021-10-08 04:00:00+00:00,2021-10-08 14:00:00+00:00,2021-10-08 10:00:00-04:00,11,71.0,68.0267913139751,boost_5y_absolute,True
2021-10-08 04:00:00+00:00,2021-10-08 15:00:00+00:00,2021-10-08 11:00:00-04:00,12,73.0,70.89484512441938,boost_5y_absolute,True
2021-10-08 04:00:00+00:00,2021-10-08 16:00:00+00:00,2021-10-08 12:00:00-04:00,13,73.0,72.94192552994689,boost_5y_absolute,True
2021-10-08 04:00:00+00:00,2021-10-08 17:00:00+00:00,2021-10-08 13:00:00-04:00,14,74.0,74.1708045226746,boost_5y_absolute,True
2021-10-08 04:00:00+00:00,2021-10-08 18:00:00+00:00,2021-10-08 14:00:00-04:00,15,73.0,74.81144564254794,boost_5y_absolute,True
2021-10-08 04:00:00+00:00,2021-10-08 19:00:00+00:00,2021-10-08 15:00:00-04:00,16,75.0,74.95755695257745,boost_5y_absolute,True
2021-10-08 04:00:00+00:00,2021-10-08 20:00:00+00:00,2021-10-08 16:00:00-04:00,17,74.0,74.65744845288668,boost_5y_absolute,True
2021-10-08 04:00:00+00:00,2021-10-08 21:00:00+00:00,2021-10-08 17:00:00-04:00,18,73.0,73.38407540972267,boost_5y_absolute,True
2021-10-08 04:00:00+00:00,2021-10-08 22:00:00+00:00,2021-10-08 18:00:00-04:00,19,72.0,68.51846677200753,boost_5y_absolute,True
2021-10-08 04:00:00+00:00,2021-10-08 23:00:00+00:00,2021-10-08 19:00:00-04:00,20,71.0,65.92971323808767,boost_5y_absolute,True
2021-10-08 04:00:00+00:00,2021-10-09 00:00:00+00:00,2021-10-08 20:00:00-04:00,21,70.0,64.76309527800977,boost_5y_absolute,True
2021-10-08 04:00:00+00:00,2021-10-09 01:00:00+00:00,2021-10-08 21:00:00-04:00,22,70.0,63.55031356738434,boost_5y_absolute,True
2021-10-08 04:00:00+00:00,2021-10-09 02:00:00+00:00,2021-10-08 22:00:00-04:00,23,70.0,63.07058117799508,boost_5y_absolute,True
2021-10-08 04:00:00+00:00,2021-10-09 03:00:00+00:00,2021-10-08 23:00:00-04:00,24,69.0,62.342438935594934,boost_5y_absolute,True
2021-10-08 04:00:00+00:00,2021-10-09 04:00:00+00:00,2021-10-09 00:00:00-04:00,25,67.0,59.863805275741505,boost_5y_absolute,True
2021-10-08 04:00:00+00:00,2021-10-09 05:00:00+00:00,2021-10-09 01:00:00-04:00,26,66.0,59.22850553516724,boost_5y_absolute,True
2021-10-08 04:00:00+00:00,2021-10-09 06:00:00+00:00,2021-10-09 02:00:00-04:00,27,66.0,58.48358743295398,boost_5y_absolute,True
2021-10-08 04:00:00+00:00,2021-10-09 07:00:00+00:00,2021-10-09 03:00:00-04:00,28,64.0,58.0225429659688,boost_5y_absolute,True
2021-10-08 04:00:00+00:00,2021-10-09 08:00:00+00:00,2021-10-09 04:00:00-04:00,29,64.0,57.75949676096899,boost_5y_absolute,True
2021-10-08 04:00:00+00:00,2021-10-09 09:00:00+00:00,2021-10-09 05:00:00-04:00,30,64.0,57.53429406144165,boost_5y_absolute,True
2021-10-08 04:00:00+00:00,2021-10-09 10:00:00+00:00,2021-10-09 06:00:00-04:00,31,63.0,57.122678976882305,boost_5y_absolute,True
2021-10-08 04:00:00+00:00,2021-10-09 11:00:00+00:00,2021-10-09 07:00:00-04:00,32,64.0,57.64592847195491,boost_5y_absolute,True
2021-10-08 04:00:00+00:00,2021-10-09 12:00:00+00:00,2021-10-09 08:00:00-04:00,33,65.0,60.21669496048536,boost_5y_absolute,True
2021-10-08 04:00:00+00:00,2021-10-09 13:00:00+00:00,2021-10-09 09:00:00-04:00,34,66.0,63.26914692638144,boost_5y_absolute,True
2021-10-08 04:00:00+00:00,2021-10-09 14:00:00+00:00,2021-10-09 10:00:00-04:00,35,66.0,66.82920154950273,boost_5y_absolute,True
2021-10-08 04:00:00+00:00,2021-10-09 15:00:00+00:00,2021-10-09 11:00:00-04:00,36,66.0,69.50510041352304,boost_5y_absolute,True
2021-10-08 04:00:00+00:00,2021-10-09 16:00:00+00:00,2021-10-09 12:00:00-04:00,37,67.0,71.58214790328078,boost_5y_absolute,True
2021-10-08 04:00:00+00:00,2021-10-09 17:00:00+00:00,2021-10-09 13:00:00-04:00,38,67.0,73.25042260627062,boost_5y_absolute,True
2021-10-08 04:00:00+00:00,2021-10-09 18:00:00+00:00,2021-10-09 14:00:00-04:00,39,67.0,73.71186325954737,boost_5y_absolute,True
2021-10-08 04:00:00+00:00,2021-10-09 19:00:00+00:00,2021-10-09 15:00:00-04:00,40,67.0,73.88998451778066,boost_5y_absolute,True
2021-10-08 04:00:00+00:00,2021-10-09 20:00:00+00:00,2021-10-09 16:00:00-04:00,41,67.0,73.71591088953296,boost_5y_absolute,True
2021-10-08 04:00:00+00:00,2021-10-09 21:00:00+00:00,2021-10-09 17:00:00-04:00,42,67.0,71.99328147206438,boost_5y_absolute,True
2021-10-08 04:00:00+00:00,2021-10-09 22:00:00+00:00,2021-10-09 18:00:00-04:00,43,66.0,67.4964892708368,boost_5y_absolute,True
2021-10-08 04:00:00+00:00,2021-10-09 23:00:00+00:00,2021-10-09 19:00:00-04:00,44,66.0,64.8844942200667,boost_5y_absolute,True
2021-10-08 04:00:00+00:00,2021-10-10 00:00:00+00:00,2021-10-09 20:00:00-04:00,45,66.0,63.59663076184617,boost_5y_absolute,True
2021-10-08 04:00:00+00:00,2021-10-10 01:00:00+00:00,2021-10-09 21:00:00-04:00,46,65.0,62.47406650467702,boost_5y_absolute,True
2021-10-08 04:00:00+00:00,2021-10-10 02:00:00+00:00,2021-10-09 22:00:00-04:00,47,65.0,61.87787186226949,boost_5y_absolute,True
2021-10-08 04:00:00+00:00,2021-10-10 03:00:00+00:00,2021-10-09 23:00:00-04:00,48,64.0,61.22258968591284,boost_5y_absolute,True
2021-10-08 04:00:00+00:00,2021-10-10 04:00:00+00:00,2021-10-10 00:00:00-04:00,49,64.0,60.20011009057227,boost_5y_absolute,True
2021-10-08 04:00:00+00:00,2021-10-10 05:00:00+00:00,2021-10-10 01:00:00-04:00,50,64.0,59.589830693794596,boost_5y_absolute,True
2021-10-08 04:00:00+00:00,2021-10-10 06:00:00+00:00,2021-10-10 02:00:00-04:00,51,65.0,58.84690842474297,boost_5y_absolute,True
2021-10-08 04:00:00+00:00,2021-10-10 07:00:00+00:00,2021-10-10 03:00:00-04:00,52,65.0,58.42834716968934,boost_5y_absolute,True
2021-10-08 04:00:00+00:00,2021-10-10 08:00:00+00:00,2021-10-10 04:00:00-04:00,53,64.0,58.058749960980954,boost_5y_absolute,True
2021-10-08 04:00:00+00:00,2021-10-10 09:00:00+00:00,2021-10-10 05:00:00-04:00,54,64.0,57.65622769776524,boost_5y_absolute,True
2021-10-08 04:00:00+00:00,2021-10-10 10:00:00+00:00,2021-10-10 06:00:00-04:00,55,64.0,57.251398182208916,boost_5y_absolute,True
2021-10-08 04:00:00+00:00,2021-10-10 11:00:00+00:00,2021-10-10 07:00:00-04:00,56,65.0,57.672057628434764,boost_5y_absolute,True
2021-10-08 04:00:00+00:00,2021-10-10 12:00:00+00:00,2021-10-10 08:00:00-04:00,57,65.0,60.53850917892779,boost_5y_absolute,True
2021-10-08 04:00:00+00:00,2021-10-10 13:00:00+00:00,2021-10-10 09:00:00-04:00,58,67.0,63.73101946770503,boost_5y_absolute,True
2021-10-08 04:00:00+00:00,2021-10-10 14:00:00+00:00,2021-10-10 10:00:00-04:00,59,69.0,66.99804491733616,boost_5y_absolute,True
2021-10-08 04:00:00+00:00,2021-10-10 15:00:00+00:00,2021-10-10 11:00:00-04:00,60,69.0,69.43890566325527,boost_5y_absolute,True
2021-10-08 04:00:00+00:00,2021-10-10 16:00:00+00:00,2021-10-10 12:00:00-04:00,61,70.0,71.4339400583825,boost_5y_absolute,True
2021-10-08 04:00:00+00:00,2021-10-10 17:00:00+00:00,2021-10-10 13:00:00-04:00,62,72.0,73.06454087902642,boost_5y_absolute,True
2021-10-08 04:00:00+00:00,2021-10-10 18:00:00+00:00,2021-10-10 14:00:00-04:00,63,73.0,73.91528820614488,boost_5y_absolute,True
2021-10-08 04:00:00+00:00,2021-10-10 19:00:00+00:00,2021-10-10 15:00:00-04:00,64,74.0,74.00238485313535,boost_5y_absolute,True
2021-10-08 04:00:00+00:00,2021-10-10 20:00:00+00:00,2021-10-10 16:00:00-04:00,65,76.0,73.63282690495514,boost_5y_absolute,True
2021-10-08 04:00:00+00:00,2021-10-10 21:00:00+00:00,2021-10-10 17:00:00-04:00,66,74.0,71.93531319283166,boost_5y_absolute,True
2021-10-08 04:00:00+00:00,2021-10-10 22:00:00+00:00,2021-10-10 18:00:00-04:00,67,72.0,67.55201925007961,boost_5y_absolute,True
2021-10-08 04:00:00+00:00,2021-10-10 23:00:00+00:00,2021-10-10 19:00:00-04:00,68,70.0,64.97408879905639,boost_5y_absolute,True
2021-10-08 04:00:00+00:00,2021-10-11 00:00:00+00:00,2021-10-10 20:00:00-04:00,69,70.0,63.6361191641644,boost_5y_absolute,True
2021-10-08 04:00:00+00:00,2021-10-11 01:00:00+00:00,2021-10-10 21:00:00-04:00,70,69.0,62.47074741912526,boost_5y_absolute,True
2021-10-08 04:00:00+00:00,2021-10-11 02:00:00+00:00,2021-10-10 22:00:00-04:00,71,68.0,61.90134621376171,boost_5y_absolute,True
2021-10-08 04:00:00+00:00,2021-10-11 03:00:00+00:00,2021-10-10 23:00:00-04:00,72,68.0,61.26322971988063,boost_5y_absolute,True
2021-10-08 04:00:00+00:00,2021-10-11 04:00:00+00:00,2021-10-11 00:00:00-04:00,73,67.0,61.13676732907525,boost_5y_absolute,True
2021-10-08 04:00:00+00:00,2021-10-11 05:00:00+00:00,2021-10-11 01:00:00-04:00,74,67.0,60.69906840730134,boost_5y_absolute,True
2021-10-08 04:00:00+00:00,2021-10-11 06:00:00+00:00,2021-10-11 02:00:00-04:00,75,67.0,59.90526408406441,boost_5y_absolute,True
2021-10-08 04:00:00+00:00,2021-10-11 07:00:00+00:00,2021-10-11 03:00:00-04:00,76,67.0,59.31467861472657,boost_5y_absolute,True
2021-10-08 04:00:00+00:00,2021-10-11 08:00:00+00:00,2021-10-11 04:00:00-04:00,77,66.0,59.04359237517191,boost_5y_absolute,True
2021-10-08 04:00:00+00:00,2021-10-11 09:00:00+00:00,2021-10-11 05:00:00-04:00,78,66.0,59.085198289302426,boost_5y_absolute,True
2021-10-08 04:00:00+00:00,2021-10-11 10:00:00+00:00,2021-10-11 06:00:00-04:00,79,66.0,58.70534618718785,boost_5y_absolute,True
2021-10-08 04:00:00+00:00,2021-10-11 11:00:00+00:00,2021-10-11 07:00:00-04:00,80,65.0,58.958029021244194,boost_5y_absolute,True
2021-10-08 04:00:00+00:00,2021-10-11 12:00:00+00:00,2021-10-11 08:00:00-04:00,81,66.0,61.4439746315406,boost_5y_absolute,True
2021-10-08 04:00:00+00:00,2021-10-11 13:00:00+00:00,2021-10-11 09:00:00-04:00,82,66.0,64.22715977259352,boost_5y_absolute,True
2021-10-08 04:00:00+00:00,2021-10-11 14:00:00+00:00,2021-10-11 10:00:00-04:00,83,68.0,67.5318390836503,boost_5y_absolute,True
2021-10-08 04:00:00+00:00,2021-10-11 15:00:00+00:00,2021-10-11 11:00:00-04:00,84,69.0,69.83278780338964,boost_5y_absolute,True
2021-10-08 04:00:00+00:00,2021-10-11 16:00:00+00:00,2021-10-11 12:00:00-04:00,85,70.0,71.60329676940535,boost_5y_absolute,True
2021-10-08 04:00:00+00:00,2021-10-11 17:00:00+00:00,2021-10-11 13:00:00-04:00,86,71.0,73.15924001190908,boost_5y_absolute,True
2021-10-08 04:00:00+00:00,2021-10-11 18:00:00+00:00,2021-10-11 14:00:00-04:00,87,70.0,73.78458119412895,boost_5y_absolute,True
2021-10-08 04:00:00+00:00,2021-10-11 19:00:00+00:00,2021-10-11 15:00:00-04:00,88,71.0,73.90190808219154,boost_5y_absolute,True
2021-10-08 04:00:00+00:00,2021-10-11 20:00:00+00:00,2021-10-11 16:00:00-04:00,89,70.0,73.4929160880998,boost_5y_absolute,True
2021-10-08 04:00:00+00:00,2021-10-11 21:00:00+00:00,2021-10-11 17:00:00-04:00,90,70.0,71.82148465620268,boost_5y_absolute,True
2021-10-08 04:00:00+00:00,2021-10-11 22:00:00+00:00,2021-10-11 18:00:00-04:00,91,69.0,67.6609930683105,boost_5y_absolute,True
2021-10-08 04:00:00+00:00,2021-10-11 23:00:00+00:00,2021-10-11 19:00:00-04:00,92,68.0,65.2124761874132,boost_5y_absolute,True
2021-10-08 04:00:00+00:00,2021-10-12 00:00:00+00:00,2021-10-11 20:00:00-04:00,93,67.0,63.951428229580955,boost_5y_absolute,True
2021-10-08 04:00:00+00:00,2021-10-12 01:00:00+00:00,2021-10-11 21:00:00-04:00,94,67.0,62.84414776696886,boost_5y_absolute,True
2021-10-08 04:00:00+00:00,2021-10-12 02:00:00+00:00,2021-10-11 22:00:00-04:00,95,66.0,62.16232715823467,boost_5y_absolute,True
2021-10-08 04:00:00+00:00,2021-10-12 03:00:00+00:00,2021-10-11 23:00:00-04:00,96,65.0,61.57518821266666,boost_5y_absolute,True
2021-10-08 04:00:00+00:00,2021-10-12 04:00:00+00:00,2021-10-12 00:00:00-04:00,97,64.0,60.8637292490756,boost_5y_absolute,True
2021-10-08 04:00:00+00:00,2021-10-12 05:00:00+00:00,2021-10-12 01:00:00-04:00,98,64.0,60.47118117696217,boost_5y_absolute,True
2021-10-08 04:00:00+00:00,2021-10-12 06:00:00+00:00,2021-10-12 02:00:00-04:00,99,64.0,59.60001636817453,boost_5y_absolute,True
2021-10-08 04:00:00+00:00,2021-10-12 07:00:00+00:00,2021-10-12 03:00:00-04:00,100,63.0,59.16605860373268,boost_5y_absolute,True
2021-10-08 04:00:00+00:00,2021-10-12 08:00:00+00:00,2021-10-12 04:00:00-04:00,101,63.0,58.844704898587786,boost_5y_absolute,True
2021-10-08 04:00:00+00:00,2021-10-12 09:00:00+00:00,2021-10-12 05:00:00-04:00,102,61.0,58.54192267755338,boost_5y_absolute,True
2021-10-08 04:00:00+00:00,2021-10-12 10:00:00+00:00,2021-10-12 06:00:00-04:00,103,61.0,58.14638762167535,boost_5y_absolute,True
2021-10-08 04:00:00+00:00,2021-10-12 11:00:00+00:00,2021-10-12 07:00:00-04:00,104,62.0,58.34568808484924,boost_5y_absolute,True
2021-10-08 04:00:00+00:00,2021-10-12 12:00:00+00:00,2021-10-12 08:00:00-04:00,105,63.0,61.12940841948431,boost_5y_absolute,True
2021-10-08 04:00:00+00:00,2021-10-12 13:00:00+00:00,2021-10-12 09:00:00-04:00,106,65.0,64.3077271984366,boost_5y_absolute,True
2021-10-08 04:00:00+00:00,2021-10-12 14:00:00+00:00,2021-10-12 10:00:00-04:00,107,67.0,67.41084374952874,boost_5y_absolute,True
2021-10-08 04:00:00+00:00,2021-10-12 15:00:00+00:00,2021-10-12 11:00:00-04:00,108,69.0,69.84343422464467,boost_5y_absolute,True
2021-10-08 04:00:00+00:00,2021-10-12 16:00:00+00:00,2021-10-12 12:00:00-04:00,109,70.0,71.61437647966929,boost_5y_absolute,True
2021-10-08 04:00:00+00:00,2021-10-12 17:00:00+00:00,2021-10-12 13:00:00-04:00,110,70.0,73.1242297585241,boost_5y_absolute,True
2021-10-08 04:00:00+00:00,2021-10-12 18:00:00+00:00,2021-10-12 14:00:00-04:00,111,70.0,73.74558691631785,boost_5y_absolute,True
2021-10-08 04:00:00+00:00,2021-10-12 19:00:00+00:00,2021-10-12 15:00:00-04:00,112,70.0,73.88374229740711,boost_5y_absolute,True
2021-10-08 04:00:00+00:00,2021-10-12 20:00:00+00:00,2021-10-12 16:00:00-04:00,113,70.0,73.58804852902931,boost_5y_absolute,True
2021-10-08 04:00:00+00:00,2021-10-12 21:00:00+00:00,2021-10-12 17:00:00-04:00,114,69.0,71.88692723795889,boost_5y_absolute,True
2021-10-08 04:00:00+00:00,2021-10-12 22:00:00+00:00,2021-10-12 18:00:00-04:00,115,69.0,67.63142859064513,boost_5y_absolute,True
2021-10-08 04:00:00+00:00,2021-10-12 23:00:00+00:00,2021-10-12 19:00:00-04:00,116,67.0,65.20673585055141,boost_5y_absolute,True
2021-10-08 04:00:00+00:00,2021-10-13 00:00:00+00:00,2021-10-12 20:00:00-04:00,117,66.0,64.04489084028036,boost_5y_absolute,True
2021-10-08 04:00:00+00:00,2021-10-13 01:00:00+00:00,2021-10-12 21:00:00-04:00,118,63.0,62.8830414555703,boost_5y_absolute,True
2021-10-08 04:00:00+00:00,2021-10-13 02:00:00+00:00,2021-10-12 22:00:00-04:00,119,61.0,62.153620189189795,boost_5y_absolute,True
2021-10-08 04:00:00+00:00,2021-10-13 03:00:00+00:00,2021-10-12 23:00:00-04:00,120,60.0,61.47657481519643,boost_5y_absolute,True
2021-10-08 04:00:00+00:00,2021-10-13 04:00:00+00:00,2021-10-13 00:00:00-04:00,121,59.0,60.6924529407629,boost_5y_absolute,True
2021-10-08 04:00:00+00:00,2021-10-13 05:00:00+00:00,2021-10-13 01:00:00-04:00,122,59.0,60.36424298800366,boost_5y_absolute,True
2021-10-08 04:00:00+00:00,2021-10-13 06:00:00+00:00,2021-10-13 02:00:00-04:00,123,59.0,59.802016802152515,boost_5y_absolute,True
2021-10-08 04:00:00+00:00,2021-10-13 07:00:00+00:00,2021-10-13 03:00:00-04:00,124,59.0,59.20605237977852,boost_5y_absolute,True
2021-10-08 04:00:00+00:00,2021-10-13 08:00:00+00:00,2021-10-13 04:00:00-04:00,125,58.0,58.91280102671237,boost_5y_absolute,True
2021-10-08 04:00:00+00:00,2021-10-13 09:00:00+00:00,2021-10-13 05:00:00-04:00,126,58.0,58.717139815107345,boost_5y_absolute,True
2021-10-08 04:00:00+00:00,2021-10-13 10:00:00+00:00,2021-10-13 06:00:00-04:00,127,57.0,58.297276407923924,boost_5y_absolute,True
2021-10-08 04:00:00+00:00,2021-10-13 11:00:00+00:00,2021-10-13 07:00:00-04:00,128,57.0,58.54947361992515,boost_5y_absolute,True
2021-10-08 04:00:00+00:00,2021-10-13 12:00:00+00:00,2021-10-13 08:00:00-04:00,129,63.0,61.276897193085965,boost_5y_absolute,True
2021-10-08 04:00:00+00:00,2021-10-13 13:00:00+00:00,2021-10-13 09:00:00-04:00,130,68.0,64.31427871907927,boost_5y_absolute,True
2021-10-08 04:00:00+00:00,2021-10-13 14:00:00+00:00,2021-10-13 10:00:00-04:00,131,72.0,67.31908998140646,boost_5y_absolute,True
2021-10-08 04:00:00+00:00,2021-10-13 15:00:00+00:00,2021-10-13 11:00:00-04:00,132,74.0,69.46149668263756,boost_5y_absolute,True
2021-10-08 04:00:00+00:00,2021-10-13 16:00:00+00:00,2021-10-13 12:00:00-04:00,133,76.0,71.25044726823471,boost_5y_absolute,True
2021-10-08 04:00:00+00:00,2021-10-13 17:00:00+00:00,2021-10-13 13:00:00-04:00,134,79.0,72.73110492294175,boost_5y_absolute,True
2021-10-08 04:00:00+00:00,2021-10-13 18:00:00+00:00,2021-10-13 14:00:00-04:00,135,79.0,73.33764245106013,boost_5y_absolute,True
2021-10-08 04:00:00+00:00,2021-10-13 19:00:00+00:00,2021-10-13 15:00:00-04:00,136,79.0,73.60123358314861,boost_5y_absolute,True
2021-10-08 04:00:00+00:00,2021-10-13 20:00:00+00:00,2021-10-13 16:00:00-04:00,137,82.0,73.38697608959532,boost_5y_absolute,True
2021-10-08 04:00:00+00:00,2021-10-13 21:00:00+00:00,2021-10-13 17:00:00-04:00,138,79.0,71.59161049852791,boost_5y_absolute,True
2021-10-08 04:00:00+00:00,2021-10-13 22:00:00+00:00,2021-10-13 18:00:00-04:00,139,72.0,67.33885453064444,boost_5y_absolute,True
2021-10-08 04:00:00+00:00,2021-10-13 23:00:00+00:00,2021-10-13 19:00:00-04:00,140,68.0,64.98789012505213,boost_5y_absolute,True
2021-10-08 04:00:00+00:00,2021-10-14 00:00:00+00:00,2021-10-13 20:00:00-04:00,141,66.0,63.839222116180615,boost_5y_absolute,True
2021-10-08 04:00:00+00:00,2021-10-14 01:00:00+00:00,2021-10-13 21:00:00-04:00,142,67.0,62.62298680677482,boost_5y_absolute,True
2021-10-08 04:00:00+00:00,2021-10-14 02:00:00+00:00,2021-10-13 22:00:00-04:00,143,69.0,61.895537408067284,boost_5y_absolute,True
2021-10-08 04:00:00+00:00,2021-10-14 03:00:00+00:00,2021-10-13 23:00:00-04:00,144,66.0,61.11030047114796,boost_5y_absolute,True
2021-10-08 04:00:00+00:00,2021-10-14 04:00:00+00:00,2021-10-14 00:00:00-04:00,145,65.0,60.25861689462784,boost_5y_absolute,True
2021-10-08 04:00:00+00:00,2021-10-14 05:00:00+00:00,2021-10-14 01:00:00-04:00,146,63.0,59.97079729389373,boost_5y_absolute,True
2021-10-08 04:00:00+00:00,2021-10-14 06:00:00+00:00,2021-10-14 02:00:00-04:00,147,62.0,59.326906331882526,boost_5y_absolute,True
2021-10-08 04:00:00+00:00,2021-10-14 07:00:00+00:00,2021-10-14 03:00:00-04:00,148,61.0,58.70431714536073,boost_5y_absolute,True
2021-10-08 04:00:00+00:00,2021-10-14 08:00:00+00:00,2021-10-14 04:00:00-04:00,149,60.0,58.379074975844446,boost_5y_absolute,True
2021-10-08 04:00:00+00:00,2021-10-14 09:00:00+00:00,2021-10-14 05:00:00-04:00,150,60.0,58.11195950514089,boost_5y_absolute,True
2021-10-08 04:00:00+00:00,2021-10-14 10:00:00+00:00,2021-10-14 06:00:00-04:00,151,60.0,57.6624855438861,boost_5y_absolute,True
2021-10-08 04:00:00+00:00,2021-10-14 11:00:00+00:00,2021-10-14 07:00:00-04:00,152,60.0,57.89549901152501,boost_5y_absolute,True
2021-10-08 04:00:00+00:00,2021-10-14 12:00:00+00:00,2021-10-14 08:00:00-04:00,153,65.0,60.731753240775575,boost_5y_absolute,True
2021-10-08 04:00:00+00:00,2021-10-14 13:00:00+00:00,2021-10-14 09:00:00-04:00,154,71.0,63.941660073040175,boost_5y_absolute,True
2021-10-08 04:00:00+00:00,2021-10-14 14:00:00+00:00,2021-10-14 10:00:00-04:00,155,75.0,67.01698157269944,boost_5y_absolute,True
2021-10-08 04:00:00+00:00,2021-10-14 15:00:00+00:00,2021-10-14 11:00:00-04:00,156,77.0,69.2101190380196,boost_5y_absolute,True
2021-10-08 04:00:00+00:00,2021-10-14 16:00:00+00:00,2021-10-14 12:00:00-04:00,157,80.0,71.09730882588131,boost_5y_absolute,True
2021-10-08 04:00:00+00:00,2021-10-14 17:00:00+00:00,2021-10-14 13:00:00-04:00,158,82.0,72.57374076824922,boost_5y_absolute,True
2021-10-08 04:00:00+00:00,2021-10-14 18:00:00+00:00,2021-10-14 14:00:00-04:00,159,82.0,73.21298038807927,boost_5y_absolute,True
2021-10-08 04:00:00+00:00,2021-10-14 19:00:00+00:00,2021-10-14 15:00:00-04:00,160,83.0,73.39515896948639,boost_5y_absolute,True
2021-10-08 04:00:00+00:00,2021-10-14 20:00:00+00:00,2021-10-14 16:00:00-04:00,161,80.0,73.12409807553918,boost_5y_absolute,True
2021-10-08 04:00:00+00:00,2021-10-14 21:00:00+00:00,2021-10-14 17:00:00-04:00,162,77.0,71.28548051900448,boost_5y_absolute,True
2021-10-08 04:00:00+00:00,2021-10-14 22:00:00+00:00,2021-10-14 18:00:00-04:00,163,73.0,66.88792172698888,boost_5y_absolute,True
2021-10-08 04:00:00+00:00,2021-10-14 23:00:00+00:00,2021-10-14 19:00:00-04:00,164,69.0,64.50510025890108,boost_5y_absolute,True
2021-10-08 04:00:00+00:00,2021-10-15 00:00:00+00:00,2021-10-14 20:00:00-04:00,165,67.0,63.30214081860851,boost_5y_absolute,True
2021-10-08 04:00:00+00:00,2021-10-15 01:00:00+00:00,2021-10-14 21:00:00-04:00,166,66.0,62.112698432981055,boost_5y_absolute,True
2021-10-08 04:00:00+00:00,2021-10-15 02:00:00+00:00,2021-10-14 22:00:00-04:00,167,64.0,61.30737854861282,boost_5y_absolute,True
2021-10-08 04:00:00+00:00,2021-10-15 03:00:00+00:00,2021-10-14 23:00:00-04:00,168,64.0,60.589163118279394,boost_5y_absolute,True
2021-10-08 04:00:00+00:00,2021-10-15 04:00:00+00:00,2021-10-15 00:00:00-04:00,169,64.0,59.60055022870275,boost_5y_absolute,True
2021-10-08 04:00:00+00:00,2021-10-15 05:00:00+00:00,2021-10-15 01:00:00-04:00,170,62.0,59.29066768166217,boost_5y_absolute,True
2021-10-08 04:00:00+00:00,2021-10-15 06:00:00+00:00,2021-10-15 02:00:00-04:00,171,62.0,58.679952870345424,boost_5y_absolute,True
2021-10-08 04:00:00+00:00,2021-10-15 07:00:00+00:00,2021-10-15 03:00:00-04:00,172,61.0,58.03422747187837,boost_5y_absolute,True
2021-10-08 04:00:00+00:00,2021-10-15 08:00:00+00:00,2021-10-15 04:00:00-04:00,173,60.0,57.6414139154065,boost_5y_absolute,True
2021-10-08 04:00:00+00:00,2021-10-15 09:00:00+00:00,2021-10-15 05:00:00-04:00,174,60.0,57.47956997751283,boost_5y_absolute,True
2021-10-08 04:00:00+00:00,2021-10-15 10:00:00+00:00,2021-10-15 06:00:00-04:00,175,60.0,57.087533263739395,boost_5y_absolute,True
2021-10-08 04:00:00+00:00,2021-10-15 11:00:00+00:00,2021-10-15 07:00:00-04:00,176,60.0,57.2681149796587,boost_5y_absolute,True
2021-10-08 04:00:00+00:00,2021-10-15 12:00:00+00:00,2021-10-15 08:00:00-04:00,177,67.0,60.012913513463296,boost_5y_absolute,True
2021-10-08 04:00:00+00:00,2021-10-15 13:00:00+00:00,2021-10-15 09:00:00-04:00,178,72.0,63.44076205473138,boost_5y_absolute,True
2021-10-08 04:00:00+00:00,2021-10-15 14:00:00+00:00,2021-10-15 10:00:00-04:00,179,76.0,66.60889696223798,boost_5y_absolute,True
2021-10-08 04:00:00+00:00,2021-10-15 15:00:00+00:00,2021-10-15 11:00:00-04:00,180,80.0,68.73587306715135,boost_5y_absolute,True
2021-10-08 04:00:00+00:00,2021-10-15 16:00:00+00:00,2021-10-15 12:00:00-04:00,181,82.0,70.61587176700502,boost_5y_absolute,True
2021-10-08 04:00:00+00:00,2021-10-15 17:00:00+00:00,2021-10-15 13:00:00-04:00,182,84.0,72.0634454002053,boost_5y_absolute,True
2021-10-08 04:00:00+00:00,2021-10-15 18:00:00+00:00,2021-10-15 14:00:00-04:00,183,84.0,72.75473654318014,boost_5y_absolute,True
2021-10-08 04:00:00+00:00,2021-10-15 19:00:00+00:00,2021-10-15 15:00:00-04:00,184,84.0,72.92456143361512,boost_5y_absolute,True
2021-10-08 04:00:00+00:00,2021-10-15 20:00:00+00:00,2021-10-15 16:00:00-04:00,185,83.0,72.54480049649038,boost_5y_absolute,True
2021-10-08 04:00:00+00:00,2021-10-15 21:00:00+00:00,2021-10-15 17:00:00-04:00,186,82.0,70.73262619640457,boost_5y_absolute,True
2021-10-08 04:00:00+00:00,2021-10-15 22:00:00+00:00,2021-10-15 18:00:00-04:00,187,77.0,66.36301559844145,boost_5y_absolute,True
2021-10-08 04:00:00+00:00,2021-10-15 23:00:00+00:00,2021-10-15 19:00:00-04:00,188,75.0,63.95670374818059,boost_5y_absolute,True
2021-10-08 04:00:00+00:00,2021-10-16 00:00:00+00:00,2021-10-15 20:00:00-04:00,189,73.0,62.699053049056424,boost_5y_absolute,True
2021-10-08 04:00:00+00:00,2021-10-16 01:00:00+00:00,2021-10-15 21:00:00-04:00,190,72.0,61.383951664333765,boost_5y_absolute,True
2021-10-08 04:00:00+00:00,2021-10-16 02:00:00+00:00,2021-10-15 22:00:00-04:00,191,71.0,60.69449921314777,boost_5y_absolute,True
2021-10-08 04:00:00+00:00,2021-10-16 03:00:00+00:00,2021-10-15 23:00:00-04:00,192,70.0,59.87826524734198,boost_5y_absolute,True
2021-10-08 04:00:00+00:00,2021-10-16 04:00:00+00:00,2021-10-16 00:00:00-04:00,193,69.0,59.264898122680925,boost_5y_absolute,True
2021-10-08 04:00:00+00:00,2021-10-16 05:00:00+00:00,2021-10-16 01:00:00-04:00,194,68.0,58.92815334430141,boost_5y_absolute,True
2021-10-08 04:00:00+00:00,2021-10-16 06:00:00+00:00,2021-10-16 02:00:00-04:00,195,67.0,58.32226521245747,boost_5y_absolute,True
2021-10-08 04:00:00+00:00,2021-10-16 07:00:00+00:00,2021-10-16 03:00:00-04:00,196,67.0,57.61782421205884,boost_5y_absolute,True
2021-10-08 04:00:00+00:00,2021-10-16 08:00:00+00:00,2021-10-16 04:00:00-04:00,197,67.0,57.23481210805249,boost_5y_absolute,True
2021-10-08 04:00:00+00:00,2021-10-16 09:00:00+00:00,2021-10-16 05:00:00-04:00,198,66.0,56.997179839193386,boost_5y_absolute,True
2021-10-08 04:00:00+00:00,2021-10-16 10:00:00+00:00,2021-10-16 06:00:00-04:00,199,66.0,56.58633664944802,boost_5y_absolute,True
2021-10-08 04:00:00+00:00,2021-10-16 11:00:00+00:00,2021-10-16 07:00:00-04:00,200,66.0,56.77963307198102,boost_5y_absolute,True
2021-10-08 04:00:00+00:00,2021-10-16 12:00:00+00:00,2021-10-16 08:00:00-04:00,201,69.0,59.66066416161812,boost_5y_absolute,True
2021-10-08 04:00:00+00:00,2021-10-16 13:00:00+00:00,2021-10-16 09:00:00-04:00,202,73.0,62.945270895126114,boost_5y_absolute,True
2021-10-08 04:00:00+00:00,2021-10-16 14:00:00+00:00,2021-10-16 10:00:00-04:00,203,78.0,65.95497565881473,boost_5y_absolute,True
2021-10-08 04:00:00+00:00,2021-10-16 15:00:00+00:00,2021-10-16 11:00:00-04:00,204,81.0,68.08261433547432,boost_5y_absolute,True
2021-10-08 04:00:00+00:00,2021-10-16 16:00:00+00:00,2021-10-16 12:00:00-04:00,205,83.0,70.03775269510753,boost_5y_absolute,True
2021-10-08 04:00:00+00:00,2021-10-16 17:00:00+00:00,2021-10-16 13:00:00-04:00,206,84.0,71.47334262841451,boost_5y_absolute,True
2021-10-08 04:00:00+00:00,2021-10-16 18:00:00+00:00,2021-10-16 14:00:00-04:00,207,84.0,72.14410617246608,boost_5y_absolute,True
2021-10-08 04:00:00+00:00,2021-10-16 19:00:00+00:00,2021-10-16 15:00:00-04:00,208,70.0,72.3396810136663,boost_5y_absolute,True
2021-10-08 04:00:00+00:00,2021-10-16 20:00:00+00:00,2021-10-16 16:00:00-04:00,209,73.0,71.8879152735099,boost_5y_absolute,True
2021-10-08 04:00:00+00:00,2021-10-16 21:00:00+00:00,2021-10-16 17:00:00-04:00,210,68.0,70.03211490988399,boost_5y_absolute,True
2021-10-08 04:00:00+00:00,2021-10-16 22:00:00+00:00,2021-10-16 18:00:00-04:00,211,67.0,65.62809707728377,boost_5y_absolute,True
2021-10-08 04:00:00+00:00,2021-10-16 23:00:00+00:00,2021-10-16 19:00:00-04:00,212,66.0,63.185110876130466,boost_5y_absolute,True
2021-10-08 04:00:00+00:00,2021-10-17 00:00:00+00:00,2021-10-16 20:00:00-04:00,213,64.0,61.87139559575373,boost_5y_absolute,True
2021-10-08 04:00:00+00:00,2021-10-17 01:00:00+00:00,2021-10-16 21:00:00-04:00,214,62.0,60.57928437262414,boost_5y_absolute,True
2021-10-08 04:00:00+00:00,2021-10-17 02:00:00+00:00,2021-10-16 22:00:00-04:00,215,59.0,59.76474811268632,boost_5y_absolute,True
2021-10-08 04:00:00+00:00,2021-10-17 03:00:00+00:00,2021-10-16 23:00:00-04:00,216,58.0,58.81233742084408,boost_5y_absolute,True
2021-10-08 04:00:00+00:00,2021-10-17 04:00:00+00:00,2021-10-17 00:00:00-04:00,217,56.0,57.873854190718426,boost_5y_absolute,True
2021-10-08 04:00:00+00:00,2021-10-17 05:00:00+00:00,2021-10-17 01:00:00-04:00,218,55.0,57.501322711078714,boost_5y_absolute,True
2021-10-08 04:00:00+00:00,2021-10-17 06:00:00+00:00,2021-10-17 02:00:00-04:00,219,54.0,56.82708960874499,boost_5y_absolute,True
2021-10-08 04:00:00+00:00,2021-10-17 07:00:00+00:00,2021-10-17 03:00:00-04:00,220,53.0,56.14197377769686,boost_5y_absolute,True
2021-10-08 04:00:00+00:00,2021-10-17 08:00:00+00:00,2021-10-17 04:00:00-04:00,221,52.0,55.73486979671615,boost_5y_absolute,True
2021-10-08 04:00:00+00:00,2021-10-17 09:00:00+00:00,2021-10-17 05:00:00-04:00,222,51.0,55.479254490447246,boost_5y_absolute,True
2021-10-08 04:00:00+00:00,2021-10-17 10:00:00+00:00,2021-10-17 06:00:00-04:00,223,47.0,55.132209098901804,boost_5y_absolute,True
2021-10-08 04:00:00+00:00,2021-10-17 11:00:00+00:00,2021-10-17 07:00:00-04:00,224,48.0,55.23471609585777,boost_5y_absolute,True
2021-10-08 04:00:00+00:00,2021-10-17 12:00:00+00:00,2021-10-17 08:00:00-04:00,225,52.0,58.258147708392784,boost_5y_absolute,True
2021-10-08 04:00:00+00:00,2021-10-17 13:00:00+00:00,2021-10-17 09:00:00-04:00,226,57.0,61.83913349642727,boost_5y_absolute,True
2021-10-08 04:00:00+00:00,2021-10-17 14:00:00+00:00,2021-10-17 10:00:00-04:00,227,60.0,65.07500150212165,boost_5y_absolute,True
2021-10-08 04:00:00+00:00,2021-10-17 15:00:00+00:00,2021-10-17 11:00:00-04:00,228,62.0,67.24133590355146,boost_5y_absolute,True
2021-10-08 04:00:00+00:00,2021-10-17 16:00:00+00:00,2021-10-17 12:00:00-04:00,229,63.0,69.25554878724849,boost_5y_absolute,True
2021-10-08 04:00:00+00:00,2021-10-17 17:00:00+00:00,2021-10-17 13:00:00-04:00,230,64.0,70.79234576017616,boost_5y_absolute,True
2021-10-08 04:00:00+00:00,2021-10-17 18:00:00+00:00,2021-10-17 14:00:00-04:00,231,65.0,71.47548022684155,boost_5y_absolute,True
2021-10-08 04:00:00+00:00,2021-10-17 19:00:00+00:00,2021-10-17 15:00:00-04:00,232,66.0,71.79436995328666,boost_5y_absolute,True
2021-10-08 04:00:00+00:00,2021-10-17 20:00:00+00:00,2021-10-17 16:00:00-04:00,233,65.0,71.31775789984516,boost_5y_absolute,True
2021-10-08 04:00:00+00:00,2021-10-17 21:00:00+00:00,2021-10-17 17:00:00-04:00,234,64.0,69.40109911685231,boost_5y_absolute,True
2021-10-08 04:00:00+00:00,2021-10-17 22:00:00+00:00,2021-10-17 18:00:00-04:00,235,59.0,64.84581167139183,boost_5y_absolute,True
2021-10-08 04:00:00+00:00,2021-10-17 23:00:00+00:00,2021-10-17 19:00:00-04:00,236,57.0,62.30028918611861,boost_5y_absolute,True
2021-10-08 04:00:00+00:00,2021-10-18 00:00:00+00:00,2021-10-17 20:00:00-04:00,237,52.0,60.963397702452184,boost_5y_absolute,True
2021-10-08 04:00:00+00:00,2021-10-18 01:00:00+00:00,2021-10-17 21:00:00-04:00,238,55.0,59.67295998676689,boost_5y_absolute,True
2021-10-08 04:00:00+00:00,2021-10-18 02:00:00+00:00,2021-10-17 22:00:00-04:00,239,54.0,58.860228168130746,boost_5y_absolute,True
2021-10-08 04:00:00+00:00,2021-10-18 03:00:00+00:00,2021-10-17 23:00:00-04:00,240,50.0,57.933731290045124,boost_5y_absolute,True
2021-10-08 04:00:00+00:00,2021-10-18 04:00:00+00:00,2021-10-18 00:00:00-04:00,241,48.0,56.99555140123867,boost_5y_absolute,True
2021-10-08 04:00:00+00:00,2021-10-18 05:00:00+00:00,2021-10-18 01:00:00-04:00,242,47.0,56.62431260567384,boost_5y_absolute,True
2021-10-08 04:00:00+00:00,2021-10-18 06:00:00+00:00,2021-10-18 02:00:00-04:00,243,47.0,55.90920639332516,boost_5y_absolute,True
2021-10-08 04:00:00+00:00,2021-10-18 07:00:00+00:00,2021-10-18 03:00:00-04:00,244,46.0,55.23906079949551,boost_5y_absolute,True
2021-10-08 04:00:00+00:00,2021-10-18 08:00:00+00:00,2021-10-18 04:00:00-04:00,245,44.0,54.82267342006021,boost_5y_absolute,True
2021-10-08 04:00:00+00:00,2021-10-18 09:00:00+00:00,2021-10-18 05:00:00-04:00,246,45.0,54.59362634618569,boost_5y_absolute,True
2021-10-08 04:00:00+00:00,2021-10-18 10:00:00+00:00,2021-10-18 06:00:00-04:00,247,43.0,54.266381922739555,boost_5y_absolute,True
2021-10-08 04:00:00+00:00,2021-10-18 11:00:00+00:00,2021-10-18 07:00:00-04:00,248,44.0,54.38562899066186,boost_5y_absolute,True
2021-10-08 04:00:00+00:00,2021-10-18 12:00:00+00:00,2021-10-18 08:00:00-04:00,249,51.0,57.557204462962865,boost_5y_absolute,True
2021-10-08 04:00:00+00:00,2021-10-18 13:00:00+00:00,2021-10-18 09:00:00-04:00,250,57.0,61.35949869839711,boost_5y_absolute,True
2021-10-08 04:00:00+00:00,2021-10-18 14:00:00+00:00,2021-10-18 10:00:00-04:00,251,62.0,64.71494047985809,boost_5y_absolute,True
2021-10-08 04:00:00+00:00,2021-10-18 15:00:00+00:00,2021-10-18 11:00:00-04:00,252,66.0,66.97851220067055,boost_5y_absolute,True
2021-10-08 04:00:00+00:00,2021-10-18 16:00:00+00:00,2021-10-18 12:00:00-04:00,253,67.0,68.9663199320438,boost_5y_absolute,True
2021-10-08 04:00:00+00:00,2021-10-18 17:00:00+00:00,2021-10-18 13:00:00-04:00,254,69.0,70.42214076683341,boost_5y_absolute,True
2021-10-08 04:00:00+00:00,2021-10-18 18:00:00+00:00,2021-10-18 14:00:00-04:00,255,69.0,71.23738632136858,boost_5y_absolute,True
2021-10-08 04:00:00+00:00,2021-10-18 19:00:00+00:00,2021-10-18 15:00:00-04:00,256,70.0,71.49390210397395,boost_5y_absolute,True
2021-10-08 04:00:00+00:00,2021-10-18 20:00:00+00:00,2021-10-18 16:00:00-04:00,257,70.0,71.01628502541796,boost_5y_absolute,True
2021-10-08 04:00:00+00:00,2021-10-18 21:00:00+00:00,2021-10-18 17:00:00-04:00,258,68.0,68.93863507950468,boost_5y_absolute,True
2021-10-08 04:00:00+00:00,2021-10-18 22:00:00+00:00,2021-10-18 18:00:00-04:00,259,61.0,64.31822639279717,boost_5y_absolute,True
2021-10-08 04:00:00+00:00,2021-10-18 23:00:00+00:00,2021-10-18 19:00:00-04:00,260,57.0,61.60444588443537,boost_5y_absolute,True
2021-10-08 04:00:00+00:00,2021-10-19 00:00:00+00:00,2021-10-18 20:00:00-04:00,261,54.0,60.353441995968105,boost_5y_absolute,True
2021-10-08 04:00:00+00:00,2021-10-19 01:00:00+00:00,2021-10-18 21:00:00-04:00,262,51.0,59.15233876511276,boost_5y_absolute,True
2021-10-08 04:00:00+00:00,2021-10-19 02:00:00+00:00,2021-10-18 22:00:00-04:00,263,50.0,58.314102708462094,boost_5y_absolute,True
2021-10-08 04:00:00+00:00,2021-10-19 03:00:00+00:00,2021-10-18 23:00:00-04:00,264,49.0,57.3439550340363,boost_5y_absolute,True
2021-10-08 04:00:00+00:00,2021-10-19 04:00:00+00:00,2021-10-19 00:00:00-04:00,265,47.0,56.434425084834594,boost_5y_absolute,True
2021-10-08 04:00:00+00:00,2021-10-19 05:00:00+00:00,2021-10-19 01:00:00-04:00,266,48.0,56.06267183156819,boost_5y_absolute,True
2021-10-08 04:00:00+00:00,2021-10-19 06:00:00+00:00,2021-10-19 02:00:00-04:00,267,46.0,55.30625656834766,boost_5y_absolute,True
2021-10-08 04:00:00+00:00,2021-10-19 07:00:00+00:00,2021-10-19 03:00:00-04:00,268,44.0,54.62384091441576,boost_5y_absolute,True
2021-10-08 04:00:00+00:00,2021-10-19 08:00:00+00:00,2021-10-19 04:00:00-04:00,269,45.0,54.18172863754904,boost_5y_absolute,True
2021-10-08 04:00:00+00:00,2021-10-19 09:00:00+00:00,2021-10-19 05:00:00-04:00,270,43.0,53.896318412666965,boost_5y_absolute,True
2021-10-08 04:00:00+00:00,2021-10-19 10:00:00+00:00,2021-10-19 06:00:00-04:00,271,42.0,53.55408860013904,boost_5y_absolute,True
2021-10-08 04:00:00+00:00,2021-10-19 11:00:00+00:00,2021-10-19 07:00:00-04:00,272,44.0,53.55362204017239,boost_5y_absolute,True
2021-10-08 04:00:00+00:00,2021-10-19 12:00:00+00:00,2021-10-19 08:00:00-04:00,273,51.0,56.74323332896245,boost_5y_absolute,True
2021-10-08 04:00:00+00:00,2021-10-19 13:00:00+00:00,2021-10-19 09:00:00-04:00,274,59.0,60.6302536929415,boost_5y_absolute,True
2021-10-08 04:00:00+00:00,2021-10-19 14:00:00+00:00,2021-10-19 10:00:00-04:00,275,65.0,63.9276286038327,boost_5y_absolute,True
2021-10-08 04:00:00+00:00,2021-10-19 15:00:00+00:00,2021-10-19 11:00:00-04:00,276,68.0,66.17906339785284,boost_5y_absolute,True
2021-10-08 04:00:00+00:00,2021-10-19 16:00:00+00:00,2021-10-19 12:00:00-04:00,277,71.0,68.10091346422504,boost_5y_absolute,True
2021-10-08 04:00:00+00:00,2021-10-19 17:00:00+00:00,2021-10-19 13:00:00-04:00,278,73.0,69.55506177124833,boost_5y_absolute,True
2021-10-08 04:00:00+00:00,2021-10-19 18:00:00+00:00,2021-10-19 14:00:00-04:00,279,74.0,70.36881121517827,boost_5y_absolute,True
2021-10-08 04:00:00+00:00,2021-10-19 19:00:00+00:00,2021-10-19 15:00:00-04:00,280,74.0,70.68730760785982,boost_5y_absolute,True
2021-10-08 04:00:00+00:00,2021-10-19 20:00:00+00:00,2021-10-19 16:00:00-04:00,281,73.0,70.20812634042814,boost_5y_absolute,True
2021-10-08 04:00:00+00:00,2021-10-19 21:00:00+00:00,2021-10-19 17:00:00-04:00,282,70.0,68.22226711364705,boost_5y_absolute,True
2021-10-08 04:00:00+00:00,2021-10-19 22:00:00+00:00,2021-10-19 18:00:00-04:00,283,64.0,63.663099737351835,boost_5y_absolute,True
2021-10-08 04:00:00+00:00,2021-10-19 23:00:00+00:00,2021-10-19 19:00:00-04:00,284,61.0,61.008073142878295,boost_5y_absolute,True
2021-10-08 04:00:00+00:00,2021-10-20 00:00:00+00:00,2021-10-19 20:00:00-04:00,285,58.0,59.7238287048564,boost_5y_absolute,True
2021-10-08 04:00:00+00:00,2021-10-20 01:00:00+00:00,2021-10-19 21:00:00-04:00,286,55.0,58.49015520217649,boost_5y_absolute,True
2021-10-08 04:00:00+00:00,2021-10-20 02:00:00+00:00,2021-10-19 22:00:00-04:00,287,53.0,57.63033230914518,boost_5y_absolute,True
2021-10-08 04:00:00+00:00,2021-10-20 03:00:00+00:00,2021-10-19 23:00:00-04:00,288,52.0,56.727208571975126,boost_5y_absolute,True
2021-10-08 04:00:00+00:00,2021-10-20 04:00:00+00:00,2021-10-20 00:00:00-04:00,289,49.0,55.889136263850546,boost_5y_absolute,True
2021-10-08 04:00:00+00:00,2021-10-20 05:00:00+00:00,2021-10-20 01:00:00-04:00,290,50.0,55.55512057829362,boost_5y_absolute,True
2021-10-08 04:00:00+00:00,2021-10-20 06:00:00+00:00,2021-10-20 02:00:00-04:00,291,50.0,54.819494633913656,boost_5y_absolute,True
2021-10-08 04:00:00+00:00,2021-10-20 07:00:00+00:00,2021-10-20 03:00:00-04:00,292,49.0,54.191587442945675,boost_5y_absolute,True
2021-10-08 04:00:00+00:00,2021-10-20 08:00:00+00:00,2021-10-20 04:00:00-04:00,293,49.0,53.735011381830944,boost_5y_absolute,True
2021-10-08 04:00:00+00:00,2021-10-20 09:00:00+00:00,2021-10-20 05:00:00-04:00,294,48.0,53.5108266572895,boost_5y_absolute,True
2021-10-08 04:00:00+00:00,2021-10-20 10:00:00+00:00,2021-10-20 06:00:00-04:00,295,48.0,53.123555329611484,boost_5y_absolute,True
2021-10-08 04:00:00+00:00,2021-10-20 11:00:00+00:00,2021-10-20 07:00:00-04:00,296,46.0,53.16370515832574,boost_5y_absolute,True
2021-10-08 04:00:00+00:00,2021-10-20 12:00:00+00:00,2021-10-20 08:00:00-04:00,297,52.0,56.408138291659384,boost_5y_absolute,True
2021-10-08 04:00:00+00:00,2021-10-20 13:00:00+00:00,2021-10-20 09:00:00-04:00,298,59.0,60.261138796187225,boost_5y_absolute,True
2021-10-08 04:00:00+00:00,2021-10-20 14:00:00+00:00,2021-10-20 10:00:00-04:00,299,67.0,63.523630931865604,boost_5y_absolute,True
2021-10-08 04:00:00+00:00,2021-10-20 15:00:00+00:00,2021-10-20 11:00:00-04:00,300,72.0,65.77848830302042,boost_5y_absolute,True
2021-10-08 04:00:00+00:00,2021-10-20 16:00:00+00:00,2021-10-20 12:00:00-04:00,301,74.0,67.81783113537175,boost_5y_absolute,True
2021-10-08 04:00:00+00:00,2021-10-20 17:00:00+00:00,2021-10-20 13:00:00-04:00,302,77.0,69.39091852593657,boost_5y_absolute,True
2021-10-08 04:00:00+00:00,2021-10-20 18:00:00+00:00,2021-10-20 14:00:00-04:00,303,76.0,70.27146193932865,boost_5y_absolute,True
2021-10-08 04:00:00+00:00,2021-10-20 19:00:00+00:00,2021-10-20 15:00:00-04:00,304,79.0,70.64289605787354,boost_5y_absolute,True
2021-10-08 04:00:00+00:00,2021-10-20 20:00:00+00:00,2021-10-20 16:00:00-04:00,305,78.0,70.06933887444197,boost_5y_absolute,True
2021-10-08 04:00:00+00:00,2021-10-20 21:00:00+00:00,2021-10-20 17:00:00-04:00,306,74.0,68.04245144521535,boost_5y_absolute,True
2021-10-08 04:00:00+00:00,2021-10-20 22:00:00+00:00,2021-10-20 18:00:00-04:00,307,67.0,63.495593085890725,boost_5y_absolute,True
2021-10-08 04:00:00+00:00,2021-10-20 23:00:00+00:00,2021-10-20 19:00:00-04:00,308,63.0,60.78911297601049,boost_5y_absolute,True
2021-10-08 04:00:00+00:00,2021-10-21 00:00:00+00:00,2021-10-20 20:00:00-04:00,309,57.0,59.51783324044491,boost_5y_absolute,True
2021-10-08 04:00:00+00:00,2021-10-21 01:00:00+00:00,2021-10-20 21:00:00-04:00,310,57.0,58.308337634075805,boost_5y_absolute,True
2021-10-08 04:00:00+00:00,2021-10-21 02:00:00+00:00,2021-10-20 22:00:00-04:00,311,54.0,57.36313140088526,boost_5y_absolute,True
2021-10-08 04:00:00+00:00,2021-10-21 03:00:00+00:00,2021-10-20 23:00:00-04:00,312,53.0,56.378365032992505,boost_5y_absolute,True
2021-10-08 04:00:00+00:00,2021-10-21 04:00:00+00:00,2021-10-21 00:00:00-04:00,313,52.0,55.47404618236337,boost_5y_absolute,True
2021-10-08 04:00:00+00:00,2021-10-21 05:00:00+00:00,2021-10-21 01:00:00-04:00,314,51.0,55.073309728375754,boost_5y_absolute,True
2021-10-08 04:00:00+00:00,2021-10-21 06:00:00+00:00,2021-10-21 02:00:00-04:00,315,50.0,54.309888399596396,boost_5y_absolute,True
2021-10-08 04:00:00+00:00,2021-10-21 07:00:00+00:00,2021-10-21 03:00:00-04:00,316,50.0,53.69544661065805,boost_5y_absolute,True
2021-10-08 04:00:00+00:00,2021-10-21 08:00:00+00:00,2021-10-21 04:00:00-04:00,317,51.0,53.197345711720445,boost_5y_absolute,True
2021-10-08 04:00:00+00:00,2021-10-21 09:00:00+00:00,2021-10-21 05:00:00-04:00,318,52.0,52.931509050198265,boost_5y_absolute,True
2021-10-08 04:00:00+00:00,2021-10-21 10:00:00+00:00,2021-10-21 06:00:00-04:00,319,51.0,52.49086856732094,boost_5y_absolute,True
2021-10-08 04:00:00+00:00,2021-10-21 11:00:00+00:00,2021-10-21 07:00:00-04:00,320,50.0,52.55696869313306,boost_5y_absolute,True
2021-10-08 04:00:00+00:00,2021-10-21 12:00:00+00:00,2021-10-21 08:00:00-04:00,321,56.0,55.96734078241829,boost_5y_absolute,True
2021-10-08 04:00:00+00:00,2021-10-21 13:00:00+00:00,2021-10-21 09:00:00-04:00,322,61.0,59.93942725639915,boost_5y_absolute,True
2021-10-08 04:00:00+00:00,2021-10-21 14:00:00+00:00,2021-10-21 10:00:00-04:00,323,68.0,63.355245621475284,boost_5y_absolute,True
2021-10-08 04:00:00+00:00,2021-10-21 15:00:00+00:00,2021-10-21 11:00:00-04:00,324,73.0,65.74422391465892,boost_5y_absolute,True
2021-10-08 04:00:00+00:00,2021-10-21 16:00:00+00:00,2021-10-21 12:00:00-04:00,325,75.0,67.9169349696724,boost_5y_absolute,True
2021-10-08 04:00:00+00:00,2021-10-21 17:00:00+00:00,2021-10-21 13:00:00-04:00,326,77.0,69.47660943505771,boost_5y_absolute,True
2021-10-08 04:00:00+00:00,2021-10-21 18:00:00+00:00,2021-10-21 14:00:00-04:00,327,78.0,70.3968515582478,boost_5y_absolute,True
2021-10-08 04:00:00+00:00,2021-10-21 19:00:00+00:00,2021-10-21 15:00:00-04:00,328,78.0,70.80867882619522,boost_5y_absolute,True
2021-10-08 04:00:00+00:00,2021-10-21 20:00:00+00:00,2021-10-21 16:00:00-04:00,329,77.0,70.16837521504863,boost_5y_absolute,True
2021-10-08 04:00:00+00:00,2021-10-21 21:00:00+00:00,2021-10-21 17:00:00-04:00,330,74.0,68.03474245824181,boost_5y_absolute,True
2021-10-08 04:00:00+00:00,2021-10-21 22:00:00+00:00,2021-10-21 18:00:00-04:00,331,72.0,63.51446581237271,boost_5y_absolute,True
2021-10-08 04:00:00+00:00,2021-10-21 23:00:00+00:00,2021-10-21 19:00:00-04:00,332,70.0,60.84779544864642,boost_5y_absolute,True
2021-10-08 04:00:00+00:00,2021-10-22 00:00:00+00:00,2021-10-21 20:00:00-04:00,333,70.0,59.51502226202934,boost_5y_absolute,True
2021-10-08 04:00:00+00:00,2021-10-22 01:00:00+00:00,2021-10-21 21:00:00-04:00,334,70.0,58.27472310916788,boost_5y_absolute,True
2021-10-08 04:00:00+00:00,2021-10-22 02:00:00+00:00,2021-10-21 22:00:00-04:00,335,66.0,57.409087923897566,boost_5y_absolute,True
2021-10-08 04:00:00+00:00,2021-10-22 03:00:00+00:00,2021-10-21 23:00:00-04:00,336,68.0,56.34376812229492,boost_5y_absolute,True
2022-08-27 04:00:00+00:00,2022-08-27 04:00:00+00:00,2022-08-27 00:00:00-04:00,1,74.0,73.03754102191412,boost_5y_absolute,True
2022-08-27 04:00:00+00:00,2022-08-27 05:00:00+00:00,2022-08-27 01:00:00-04:00,2,73.0,72.07398962484609,boost_5y_absolute,True
2022-08-27 04:00:00+00:00,2022-08-27 06:00:00+00:00,2022-08-27 02:00:00-04:00,3,71.0,71.2907594442503,boost_5y_absolute,True
2022-08-27 04:00:00+00:00,2022-08-27 07:00:00+00:00,2022-08-27 03:00:00-04:00,4,70.0,70.65976918872481,boost_5y_absolute,True
2022-08-27 04:00:00+00:00,2022-08-27 08:00:00+00:00,2022-08-27 04:00:00-04:00,5,71.0,70.15553735904416,boost_5y_absolute,True
2022-08-27 04:00:00+00:00,2022-08-27 09:00:00+00:00,2022-08-27 05:00:00-04:00,6,70.0,70.1378253060388,boost_5y_absolute,True
2022-08-27 04:00:00+00:00,2022-08-27 10:00:00+00:00,2022-08-27 06:00:00-04:00,7,71.0,69.81189632294688,boost_5y_absolute,True
2022-08-27 04:00:00+00:00,2022-08-27 11:00:00+00:00,2022-08-27 07:00:00-04:00,8,74.0,71.73496353933935,boost_5y_absolute,True
2022-08-27 04:00:00+00:00,2022-08-27 12:00:00+00:00,2022-08-27 08:00:00-04:00,9,77.0,75.52272411016413,boost_5y_absolute,True
2022-08-27 04:00:00+00:00,2022-08-27 13:00:00+00:00,2022-08-27 09:00:00-04:00,10,84.0,78.88191134033309,boost_5y_absolute,True
2022-08-27 04:00:00+00:00,2022-08-27 14:00:00+00:00,2022-08-27 10:00:00-04:00,11,88.0,81.79225114131567,boost_5y_absolute,True
2022-08-27 04:00:00+00:00,2022-08-27 15:00:00+00:00,2022-08-27 11:00:00-04:00,12,90.0,83.90038163461595,boost_5y_absolute,True
2022-08-27 04:00:00+00:00,2022-08-27 16:00:00+00:00,2022-08-27 12:00:00-04:00,13,95.0,85.79769175953943,boost_5y_absolute,True
2022-08-27 04:00:00+00:00,2022-08-27 17:00:00+00:00,2022-08-27 13:00:00-04:00,14,91.0,86.99350281132303,boost_5y_absolute,True
2022-08-27 04:00:00+00:00,2022-08-27 18:00:00+00:00,2022-08-27 14:00:00-04:00,15,90.0,87.70628268288631,boost_5y_absolute,True
2022-08-27 04:00:00+00:00,2022-08-27 19:00:00+00:00,2022-08-27 15:00:00-04:00,16,94.0,87.44633448753841,boost_5y_absolute,True
2022-08-27 04:00:00+00:00,2022-08-27 20:00:00+00:00,2022-08-27 16:00:00-04:00,17,89.0,86.97351200709687,boost_5y_absolute,True
2022-08-27 04:00:00+00:00,2022-08-27 21:00:00+00:00,2022-08-27 17:00:00-04:00,18,79.0,85.93348508595909,boost_5y_absolute,True
2022-08-27 04:00:00+00:00,2022-08-27 22:00:00+00:00,2022-08-27 18:00:00-04:00,19,82.0,83.91511711806429,boost_5y_absolute,True
2022-08-27 04:00:00+00:00,2022-08-27 23:00:00+00:00,2022-08-27 19:00:00-04:00,20,81.0,80.49430895402243,boost_5y_absolute,True
2022-08-27 04:00:00+00:00,2022-08-28 00:00:00+00:00,2022-08-27 20:00:00-04:00,21,77.0,77.56633242087739,boost_5y_absolute,True
2022-08-27 04:00:00+00:00,2022-08-28 01:00:00+00:00,2022-08-27 21:00:00-04:00,22,76.0,76.4551551295779,boost_5y_absolute,True
2022-08-27 04:00:00+00:00,2022-08-28 02:00:00+00:00,2022-08-27 22:00:00-04:00,23,76.0,75.22064758076232,boost_5y_absolute,True
2022-08-27 04:00:00+00:00,2022-08-28 03:00:00+00:00,2022-08-27 23:00:00-04:00,24,74.0,74.22373146042406,boost_5y_absolute,True
2022-08-27 04:00:00+00:00,2022-08-28 04:00:00+00:00,2022-08-28 00:00:00-04:00,25,73.0,73.86072789050063,boost_5y_absolute,True
2022-08-27 04:00:00+00:00,2022-08-28 05:00:00+00:00,2022-08-28 01:00:00-04:00,26,73.0,72.93721728796214,boost_5y_absolute,True
2022-08-27 04:00:00+00:00,2022-08-28 06:00:00+00:00,2022-08-28 02:00:00-04:00,27,71.0,72.1783348937008,boost_5y_absolute,True
2022-08-27 04:00:00+00:00,2022-08-28 07:00:00+00:00,2022-08-28 03:00:00-04:00,28,71.0,71.53929416848665,boost_5y_absolute,True
2022-08-27 04:00:00+00:00,2022-08-28 08:00:00+00:00,2022-08-28 04:00:00-04:00,29,72.0,71.02731996837626,boost_5y_absolute,True
2022-08-27 04:00:00+00:00,2022-08-28 09:00:00+00:00,2022-08-28 05:00:00-04:00,30,70.0,70.86051890425689,boost_5y_absolute,True
2022-08-27 04:00:00+00:00,2022-08-28 10:00:00+00:00,2022-08-28 06:00:00-04:00,31,69.0,70.52102306623804,boost_5y_absolute,True
2022-08-27 04:00:00+00:00,2022-08-28 11:00:00+00:00,2022-08-28 07:00:00-04:00,32,73.0,72.41308908293075,boost_5y_absolute,True
2022-08-27 04:00:00+00:00,2022-08-28 12:00:00+00:00,2022-08-28 08:00:00-04:00,33,78.0,75.52935045388493,boost_5y_absolute,True
2022-08-27 04:00:00+00:00,2022-08-28 13:00:00+00:00,2022-08-28 09:00:00-04:00,34,83.0,78.85703825812512,boost_5y_absolute,True
2022-08-27 04:00:00+00:00,2022-08-28 14:00:00+00:00,2022-08-28 10:00:00-04:00,35,85.0,81.70654734495226,boost_5y_absolute,True
2022-08-27 04:00:00+00:00,2022-08-28 15:00:00+00:00,2022-08-28 11:00:00-04:00,36,86.0,83.95647631634564,boost_5y_absolute,True
2022-08-27 04:00:00+00:00,2022-08-28 16:00:00+00:00,2022-08-28 12:00:00-04:00,37,90.0,85.79752173662646,boost_5y_absolute,True
2022-08-27 04:00:00+00:00,2022-08-28 17:00:00+00:00,2022-08-28 13:00:00-04:00,38,91.0,87.03815393538498,boost_5y_absolute,True
2022-08-27 04:00:00+00:00,2022-08-28 18:00:00+00:00,2022-08-28 14:00:00-04:00,39,92.0,87.45569054453654,boost_5y_absolute,True
2022-08-27 04:00:00+00:00,2022-08-28 19:00:00+00:00,2022-08-28 15:00:00-04:00,40,90.0,87.29662689741149,boost_5y_absolute,True
2022-08-27 04:00:00+00:00,2022-08-28 20:00:00+00:00,2022-08-28 16:00:00-04:00,41,91.0,86.67083475425531,boost_5y_absolute,True
2022-08-27 04:00:00+00:00,2022-08-28 21:00:00+00:00,2022-08-28 17:00:00-04:00,42,90.0,85.55268894780893,boost_5y_absolute,True
2022-08-27 04:00:00+00:00,2022-08-28 22:00:00+00:00,2022-08-28 18:00:00-04:00,43,88.0,83.53002884135472,boost_5y_absolute,True
2022-08-27 04:00:00+00:00,2022-08-28 23:00:00+00:00,2022-08-28 19:00:00-04:00,44,85.0,80.03464932173287,boost_5y_absolute,True
2022-08-27 04:00:00+00:00,2022-08-29 00:00:00+00:00,2022-08-28 20:00:00-04:00,45,80.0,77.39194711518894,boost_5y_absolute,True
2022-08-27 04:00:00+00:00,2022-08-29 01:00:00+00:00,2022-08-28 21:00:00-04:00,46,81.0,76.39115577339803,boost_5y_absolute,True
2022-08-27 04:00:00+00:00,2022-08-29 02:00:00+00:00,2022-08-28 22:00:00-04:00,47,80.0,75.18456543711753,boost_5y_absolute,True
2022-08-27 04:00:00+00:00,2022-08-29 03:00:00+00:00,2022-08-28 23:00:00-04:00,48,78.0,74.26744398190209,boost_5y_absolute,True
2022-08-27 04:00:00+00:00,2022-08-29 04:00:00+00:00,2022-08-29 00:00:00-04:00,49,77.0,73.38090974397495,boost_5y_absolute,True
2022-08-27 04:00:00+00:00,2022-08-29 05:00:00+00:00,2022-08-29 01:00:00-04:00,50,73.0,72.50961746989628,boost_5y_absolute,True
2022-08-27 04:00:00+00:00,2022-08-29 06:00:00+00:00,2022-08-29 02:00:00-04:00,51,73.0,71.6507356821887,boost_5y_absolute,True
2022-08-27 04:00:00+00:00,2022-08-29 07:00:00+00:00,2022-08-29 03:00:00-04:00,52,72.0,70.87773995612366,boost_5y_absolute,True
2022-08-27 04:00:00+00:00,2022-08-29 08:00:00+00:00,2022-08-29 04:00:00-04:00,53,72.0,70.26935416050289,boost_5y_absolute,True
2022-08-27 04:00:00+00:00,2022-08-29 09:00:00+00:00,2022-08-29 05:00:00-04:00,54,71.0,69.97318911941043,boost_5y_absolute,True
2022-08-27 04:00:00+00:00,2022-08-29 10:00:00+00:00,2022-08-29 06:00:00-04:00,55,71.0,69.75749610300025,boost_5y_absolute,True
2022-08-27 04:00:00+00:00,2022-08-29 11:00:00+00:00,2022-08-29 07:00:00-04:00,56,75.0,71.57082532945776,boost_5y_absolute,True
2022-08-27 04:00:00+00:00,2022-08-29 12:00:00+00:00,2022-08-29 08:00:00-04:00,57,78.0,74.96759158851678,boost_5y_absolute,True
2022-08-27 04:00:00+00:00,2022-08-29 13:00:00+00:00,2022-08-29 09:00:00-04:00,58,80.0,78.0849087648821,boost_5y_absolute,True
2022-08-27 04:00:00+00:00,2022-08-29 14:00:00+00:00,2022-08-29 10:00:00-04:00,59,83.0,80.91488013654435,boost_5y_absolute,True
2022-08-27 04:00:00+00:00,2022-08-29 15:00:00+00:00,2022-08-29 11:00:00-04:00,60,85.0,83.09594488195722,boost_5y_absolute,True
2022-08-27 04:00:00+00:00,2022-08-29 16:00:00+00:00,2022-08-29 12:00:00-04:00,61,88.0,84.80450400491719,boost_5y_absolute,True
2022-08-27 04:00:00+00:00,2022-08-29 17:00:00+00:00,2022-08-29 13:00:00-04:00,62,87.0,86.21241920195237,boost_5y_absolute,True
2022-08-27 04:00:00+00:00,2022-08-29 18:00:00+00:00,2022-08-29 14:00:00-04:00,63,91.0,86.59266690805646,boost_5y_absolute,True
2022-08-27 04:00:00+00:00,2022-08-29 19:00:00+00:00,2022-08-29 15:00:00-04:00,64,91.0,86.33104099670282,boost_5y_absolute,True
2022-08-27 04:00:00+00:00,2022-08-29 20:00:00+00:00,2022-08-29 16:00:00-04:00,65,91.0,85.67403658023696,boost_5y_absolute,True
2022-08-27 04:00:00+00:00,2022-08-29 21:00:00+00:00,2022-08-29 17:00:00-04:00,66,90.0,84.57512262738393,boost_5y_absolute,True
2022-08-27 04:00:00+00:00,2022-08-29 22:00:00+00:00,2022-08-29 18:00:00-04:00,67,87.0,82.56960182724876,boost_5y_absolute,True
2022-08-27 04:00:00+00:00,2022-08-29 23:00:00+00:00,2022-08-29 19:00:00-04:00,68,84.0,79.2811384222513,boost_5y_absolute,True
2022-08-27 04:00:00+00:00,2022-08-30 00:00:00+00:00,2022-08-29 20:00:00-04:00,69,81.0,76.89725016321945,boost_5y_absolute,True
2022-08-27 04:00:00+00:00,2022-08-30 01:00:00+00:00,2022-08-29 21:00:00-04:00,70,81.0,75.55743016568385,boost_5y_absolute,True
2022-08-27 04:00:00+00:00,2022-08-30 02:00:00+00:00,2022-08-29 22:00:00-04:00,71,78.0,74.33438530694093,boost_5y_absolute,True
2022-08-27 04:00:00+00:00,2022-08-30 03:00:00+00:00,2022-08-29 23:00:00-04:00,72,76.0,73.47754693611684,boost_5y_absolute,True
2022-08-27 04:00:00+00:00,2022-08-30 04:00:00+00:00,2022-08-30 00:00:00-04:00,73,75.0,72.55302143097019,boost_5y_absolute,True
2022-08-27 04:00:00+00:00,2022-08-30 05:00:00+00:00,2022-08-30 01:00:00-04:00,74,75.0,71.71204854811099,boost_5y_absolute,True
2022-08-27 04:00:00+00:00,2022-08-30 06:00:00+00:00,2022-08-30 02:00:00-04:00,75,73.0,70.83255589315704,boost_5y_absolute,True
2022-08-27 04:00:00+00:00,2022-08-30 07:00:00+00:00,2022-08-30 03:00:00-04:00,76,74.0,70.22688518712117,boost_5y_absolute,True
2022-08-27 04:00:00+00:00,2022-08-30 08:00:00+00:00,2022-08-30 04:00:00-04:00,77,73.0,69.68883492204775,boost_5y_absolute,True
2022-08-27 04:00:00+00:00,2022-08-30 09:00:00+00:00,2022-08-30 05:00:00-04:00,78,73.0,69.4401868604619,boost_5y_absolute,True
2022-08-27 04:00:00+00:00,2022-08-30 10:00:00+00:00,2022-08-30 06:00:00-04:00,79,73.0,69.21497780877144,boost_5y_absolute,True
2022-08-27 04:00:00+00:00,2022-08-30 11:00:00+00:00,2022-08-30 07:00:00-04:00,80,73.0,71.09662074611195,boost_5y_absolute,True
2022-08-27 04:00:00+00:00,2022-08-30 12:00:00+00:00,2022-08-30 08:00:00-04:00,81,77.0,74.4347633215774,boost_5y_absolute,True
2022-08-27 04:00:00+00:00,2022-08-30 13:00:00+00:00,2022-08-30 09:00:00-04:00,82,82.0,77.80090883590418,boost_5y_absolute,True
2022-08-27 04:00:00+00:00,2022-08-30 14:00:00+00:00,2022-08-30 10:00:00-04:00,83,85.0,81.0517399811169,boost_5y_absolute,True
2022-08-27 04:00:00+00:00,2022-08-30 15:00:00+00:00,2022-08-30 11:00:00-04:00,84,88.0,83.29062359776526,boost_5y_absolute,True
2022-08-27 04:00:00+00:00,2022-08-30 16:00:00+00:00,2022-08-30 12:00:00-04:00,85,90.0,84.81554131985757,boost_5y_absolute,True
2022-08-27 04:00:00+00:00,2022-08-30 17:00:00+00:00,2022-08-30 13:00:00-04:00,86,92.0,86.2297183996213,boost_5y_absolute,True
2022-08-27 04:00:00+00:00,2022-08-30 18:00:00+00:00,2022-08-30 14:00:00-04:00,87,94.0,86.57620110507821,boost_5y_absolute,True
2022-08-27 04:00:00+00:00,2022-08-30 19:00:00+00:00,2022-08-30 15:00:00-04:00,88,90.0,86.56741018432285,boost_5y_absolute,True
2022-08-27 04:00:00+00:00,2022-08-30 20:00:00+00:00,2022-08-30 16:00:00-04:00,89,93.0,85.87241166259899,boost_5y_absolute,True
2022-08-27 04:00:00+00:00,2022-08-30 21:00:00+00:00,2022-08-30 17:00:00-04:00,90,91.0,84.71924059932306,boost_5y_absolute,True
2022-08-27 04:00:00+00:00,2022-08-30 22:00:00+00:00,2022-08-30 18:00:00-04:00,91,87.0,82.80441409401801,boost_5y_absolute,True
2022-08-27 04:00:00+00:00,2022-08-30 23:00:00+00:00,2022-08-30 19:00:00-04:00,92,83.0,79.38597270657579,boost_5y_absolute,True
2022-08-27 04:00:00+00:00,2022-08-31 00:00:00+00:00,2022-08-30 20:00:00-04:00,93,78.0,76.86903572577201,boost_5y_absolute,True
2022-08-27 04:00:00+00:00,2022-08-31 01:00:00+00:00,2022-08-30 21:00:00-04:00,94,77.0,75.49405173768933,boost_5y_absolute,True
2022-08-27 04:00:00+00:00,2022-08-31 02:00:00+00:00,2022-08-30 22:00:00-04:00,95,76.0,74.2083929407031,boost_5y_absolute,True
2022-08-27 04:00:00+00:00,2022-08-31 03:00:00+00:00,2022-08-30 23:00:00-04:00,96,76.0,73.42682069199232,boost_5y_absolute,True
2022-08-27 04:00:00+00:00,2022-08-31 04:00:00+00:00,2022-08-31 00:00:00-04:00,97,73.0,72.38904087059777,boost_5y_absolute,True
2022-08-27 04:00:00+00:00,2022-08-31 05:00:00+00:00,2022-08-31 01:00:00-04:00,98,72.0,71.6110637886428,boost_5y_absolute,True
2022-08-27 04:00:00+00:00,2022-08-31 06:00:00+00:00,2022-08-31 02:00:00-04:00,99,72.0,70.5781863323535,boost_5y_absolute,True
2022-08-27 04:00:00+00:00,2022-08-31 07:00:00+00:00,2022-08-31 03:00:00-04:00,100,72.0,70.00130258031302,boost_5y_absolute,True
2022-08-27 04:00:00+00:00,2022-08-31 08:00:00+00:00,2022-08-31 04:00:00-04:00,101,72.0,69.41737200668997,boost_5y_absolute,True
2022-08-27 04:00:00+00:00,2022-08-31 09:00:00+00:00,2022-08-31 05:00:00-04:00,102,72.0,69.16009645944064,boost_5y_absolute,True
2022-08-27 04:00:00+00:00,2022-08-31 10:00:00+00:00,2022-08-31 06:00:00-04:00,103,71.0,68.86058506812986,boost_5y_absolute,True
2022-08-27 04:00:00+00:00,2022-08-31 11:00:00+00:00,2022-08-31 07:00:00-04:00,104,73.0,70.9177229862239,boost_5y_absolute,True
2022-08-27 04:00:00+00:00,2022-08-31 12:00:00+00:00,2022-08-31 08:00:00-04:00,105,78.0,74.47821686626597,boost_5y_absolute,True
2022-08-27 04:00:00+00:00,2022-08-31 13:00:00+00:00,2022-08-31 09:00:00-04:00,106,82.0,77.79163739667064,boost_5y_absolute,True
2022-08-27 04:00:00+00:00,2022-08-31 14:00:00+00:00,2022-08-31 10:00:00-04:00,107,85.0,80.65265073569479,boost_5y_absolute,True
2022-08-27 04:00:00+00:00,2022-08-31 15:00:00+00:00,2022-08-31 11:00:00-04:00,108,87.0,83.03464586701178,boost_5y_absolute,True
2022-08-27 04:00:00+00:00,2022-08-31 16:00:00+00:00,2022-08-31 12:00:00-04:00,109,89.0,84.46387289695768,boost_5y_absolute,True
2022-08-27 04:00:00+00:00,2022-08-31 17:00:00+00:00,2022-08-31 13:00:00-04:00,110,90.0,85.90889717028982,boost_5y_absolute,True
2022-08-27 04:00:00+00:00,2022-08-31 18:00:00+00:00,2022-08-31 14:00:00-04:00,111,91.0,86.29524364320073,boost_5y_absolute,True
2022-08-27 04:00:00+00:00,2022-08-31 19:00:00+00:00,2022-08-31 15:00:00-04:00,112,90.0,86.29090434633204,boost_5y_absolute,True
2022-08-27 04:00:00+00:00,2022-08-31 20:00:00+00:00,2022-08-31 16:00:00-04:00,113,91.0,85.57231735024423,boost_5y_absolute,True
2022-08-27 04:00:00+00:00,2022-08-31 21:00:00+00:00,2022-08-31 17:00:00-04:00,114,90.0,84.32271307368423,boost_5y_absolute,True
2022-08-27 04:00:00+00:00,2022-08-31 22:00:00+00:00,2022-08-31 18:00:00-04:00,115,87.0,82.29476843116008,boost_5y_absolute,True
2022-08-27 04:00:00+00:00,2022-08-31 23:00:00+00:00,2022-08-31 19:00:00-04:00,116,83.0,78.87283429888423,boost_5y_absolute,True
2022-08-27 04:00:00+00:00,2022-09-01 00:00:00+00:00,2022-08-31 20:00:00-04:00,117,78.0,76.29983879587522,boost_5y_absolute,True
2022-08-27 04:00:00+00:00,2022-09-01 01:00:00+00:00,2022-08-31 21:00:00-04:00,118,73.0,75.19685595130751,boost_5y_absolute,True
2022-08-27 04:00:00+00:00,2022-09-01 02:00:00+00:00,2022-08-31 22:00:00-04:00,119,72.0,73.90759939463005,boost_5y_absolute,True
2022-08-27 04:00:00+00:00,2022-09-01 03:00:00+00:00,2022-08-31 23:00:00-04:00,120,70.0,73.05991257695001,boost_5y_absolute,True
2022-08-27 04:00:00+00:00,2022-09-01 04:00:00+00:00,2022-09-01 00:00:00-04:00,121,69.0,72.00430302723032,boost_5y_absolute,True
2022-08-27 04:00:00+00:00,2022-09-01 05:00:00+00:00,2022-09-01 01:00:00-04:00,122,70.0,71.17938400325303,boost_5y_absolute,True
2022-08-27 04:00:00+00:00,2022-09-01 06:00:00+00:00,2022-09-01 02:00:00-04:00,123,68.0,70.22049413541465,boost_5y_absolute,True
2022-08-27 04:00:00+00:00,2022-09-01 07:00:00+00:00,2022-09-01 03:00:00-04:00,124,68.0,69.66927210163695,boost_5y_absolute,True
2022-08-27 04:00:00+00:00,2022-09-01 08:00:00+00:00,2022-09-01 04:00:00-04:00,125,66.0,69.10517915116249,boost_5y_absolute,True
2022-08-27 04:00:00+00:00,2022-09-01 09:00:00+00:00,2022-09-01 05:00:00-04:00,126,67.0,68.7572976319832,boost_5y_absolute,True
2022-08-27 04:00:00+00:00,2022-09-01 10:00:00+00:00,2022-09-01 06:00:00-04:00,127,66.0,68.5205406190091,boost_5y_absolute,True
2022-08-27 04:00:00+00:00,2022-09-01 11:00:00+00:00,2022-09-01 07:00:00-04:00,128,68.0,70.49796822227427,boost_5y_absolute,True
2022-08-27 04:00:00+00:00,2022-09-01 12:00:00+00:00,2022-09-01 08:00:00-04:00,129,73.0,74.15842683345095,boost_5y_absolute,True
2022-08-27 04:00:00+00:00,2022-09-01 13:00:00+00:00,2022-09-01 09:00:00-04:00,130,76.0,77.44769716188405,boost_5y_absolute,True
2022-08-27 04:00:00+00:00,2022-09-01 14:00:00+00:00,2022-09-01 10:00:00-04:00,131,81.0,80.10057581260219,boost_5y_absolute,True
2022-08-27 04:00:00+00:00,2022-09-01 15:00:00+00:00,2022-09-01 11:00:00-04:00,132,83.0,82.44298301495985,boost_5y_absolute,True
2022-08-27 04:00:00+00:00,2022-09-01 16:00:00+00:00,2022-09-01 12:00:00-04:00,133,86.0,83.89329212268477,boost_5y_absolute,True
2022-08-27 04:00:00+00:00,2022-09-01 17:00:00+00:00,2022-09-01 13:00:00-04:00,134,89.0,85.35112137282478,boost_5y_absolute,True
2022-08-27 04:00:00+00:00,2022-09-01 18:00:00+00:00,2022-09-01 14:00:00-04:00,135,90.0,85.75572921288567,boost_5y_absolute,True
2022-08-27 04:00:00+00:00,2022-09-01 19:00:00+00:00,2022-09-01 15:00:00-04:00,136,88.0,85.82524194962036,boost_5y_absolute,True
2022-08-27 04:00:00+00:00,2022-09-01 20:00:00+00:00,2022-09-01 16:00:00-04:00,137,88.0,84.96843407015137,boost_5y_absolute,True
2022-08-27 04:00:00+00:00,2022-09-01 21:00:00+00:00,2022-09-01 17:00:00-04:00,138,88.0,83.93575003694885,boost_5y_absolute,True
2022-08-27 04:00:00+00:00,2022-09-01 22:00:00+00:00,2022-09-01 18:00:00-04:00,139,86.0,81.8843805532127,boost_5y_absolute,True
2022-08-27 04:00:00+00:00,2022-09-01 23:00:00+00:00,2022-09-01 19:00:00-04:00,140,83.0,78.29269671008007,boost_5y_absolute,True
2022-08-27 04:00:00+00:00,2022-09-02 00:00:00+00:00,2022-09-01 20:00:00-04:00,141,78.0,75.7738436026077,boost_5y_absolute,True
2022-08-27 04:00:00+00:00,2022-09-02 01:00:00+00:00,2022-09-01 21:00:00-04:00,142,75.0,74.6452306473533,boost_5y_absolute,True
2022-08-27 04:00:00+00:00,2022-09-02 02:00:00+00:00,2022-09-01 22:00:00-04:00,143,73.0,73.42827441316891,boost_5y_absolute,True
2022-08-27 04:00:00+00:00,2022-09-02 03:00:00+00:00,2022-09-01 23:00:00-04:00,144,68.0,72.70150431610979,boost_5y_absolute,True
2022-08-27 04:00:00+00:00,2022-09-02 04:00:00+00:00,2022-09-02 00:00:00-04:00,145,69.0,71.84882964668132,boost_5y_absolute,True
2022-08-27 04:00:00+00:00,2022-09-02 05:00:00+00:00,2022-09-02 01:00:00-04:00,146,67.0,71.02036214173545,boost_5y_absolute,True
2022-08-27 04:00:00+00:00,2022-09-02 06:00:00+00:00,2022-09-02 02:00:00-04:00,147,65.0,70.10310293431867,boost_5y_absolute,True
2022-08-27 04:00:00+00:00,2022-09-02 07:00:00+00:00,2022-09-02 03:00:00-04:00,148,65.0,69.5592465083448,boost_5y_absolute,True
2022-08-27 04:00:00+00:00,2022-09-02 08:00:00+00:00,2022-09-02 04:00:00-04:00,149,63.0,69.08136933961677,boost_5y_absolute,True
2022-08-27 04:00:00+00:00,2022-09-02 09:00:00+00:00,2022-09-02 05:00:00-04:00,150,64.0,68.78857507210576,boost_5y_absolute,True
2022-08-27 04:00:00+00:00,2022-09-02 10:00:00+00:00,2022-09-02 06:00:00-04:00,151,64.0,68.54201177421399,boost_5y_absolute,True
2022-08-27 04:00:00+00:00,2022-09-02 11:00:00+00:00,2022-09-02 07:00:00-04:00,152,70.0,70.44500895278051,boost_5y_absolute,True
2022-08-27 04:00:00+00:00,2022-09-02 12:00:00+00:00,2022-09-02 08:00:00-04:00,153,75.0,74.0378125675305,boost_5y_absolute,True
2022-08-27 04:00:00+00:00,2022-09-02 13:00:00+00:00,2022-09-02 09:00:00-04:00,154,79.0,77.2398397684809,boost_5y_absolute,True
2022-08-27 04:00:00+00:00,2022-09-02 14:00:00+00:00,2022-09-02 10:00:00-04:00,155,85.0,79.80554144201743,boost_5y_absolute,True
2022-08-27 04:00:00+00:00,2022-09-02 15:00:00+00:00,2022-09-02 11:00:00-04:00,156,87.0,82.17252634353453,boost_5y_absolute,True
2022-08-27 04:00:00+00:00,2022-09-02 16:00:00+00:00,2022-09-02 12:00:00-04:00,157,87.0,83.65420797091389,boost_5y_absolute,True
2022-08-27 04:00:00+00:00,2022-09-02 17:00:00+00:00,2022-09-02 13:00:00-04:00,158,92.0,85.03149180894131,boost_5y_absolute,True
2022-08-27 04:00:00+00:00,2022-09-02 18:00:00+00:00,2022-09-02 14:00:00-04:00,159,91.0,85.44741262616255,boost_5y_absolute,True
2022-08-27 04:00:00+00:00,2022-09-02 19:00:00+00:00,2022-09-02 15:00:00-04:00,160,93.0,85.70793302324562,boost_5y_absolute,True
2022-08-27 04:00:00+00:00,2022-09-02 20:00:00+00:00,2022-09-02 16:00:00-04:00,161,92.0,85.0219237596458,boost_5y_absolute,True
2022-08-27 04:00:00+00:00,2022-09-02 21:00:00+00:00,2022-09-02 17:00:00-04:00,162,91.0,83.84128234188582,boost_5y_absolute,True
2022-08-27 04:00:00+00:00,2022-09-02 22:00:00+00:00,2022-09-02 18:00:00-04:00,163,89.0,81.76457461621973,boost_5y_absolute,True
2022-08-27 04:00:00+00:00,2022-09-02 23:00:00+00:00,2022-09-02 19:00:00-04:00,164,85.0,78.1049258382587,boost_5y_absolute,True
2022-08-27 04:00:00+00:00,2022-09-03 00:00:00+00:00,2022-09-02 20:00:00-04:00,165,80.0,75.61454473954315,boost_5y_absolute,True
2022-08-27 04:00:00+00:00,2022-09-03 01:00:00+00:00,2022-09-02 21:00:00-04:00,166,78.0,74.45845141717295,boost_5y_absolute,True
2022-08-27 04:00:00+00:00,2022-09-03 02:00:00+00:00,2022-09-02 22:00:00-04:00,167,78.0,73.20623267625294,boost_5y_absolute,True
2022-08-27 04:00:00+00:00,2022-09-03 03:00:00+00:00,2022-09-02 23:00:00-04:00,168,78.0,72.37523716282571,boost_5y_absolute,True
2022-08-27 04:00:00+00:00,2022-09-03 04:00:00+00:00,2022-09-03 00:00:00-04:00,169,76.0,71.53381341641756,boost_5y_absolute,True
2022-08-27 04:00:00+00:00,2022-09-03 05:00:00+00:00,2022-09-03 01:00:00-04:00,170,75.0,70.72571593634994,boost_5y_absolute,True
2022-08-27 04:00:00+00:00,2022-09-03 06:00:00+00:00,2022-09-03 02:00:00-04:00,171,72.0,69.8637740085619,boost_5y_absolute,True
2022-08-27 04:00:00+00:00,2022-09-03 07:00:00+00:00,2022-09-03 03:00:00-04:00,172,72.0,69.32189589343038,boost_5y_absolute,True
2022-08-27 04:00:00+00:00,2022-09-03 08:00:00+00:00,2022-09-03 04:00:00-04:00,173,72.0,68.7715192398087,boost_5y_absolute,True
2022-08-27 04:00:00+00:00,2022-09-03 09:00:00+00:00,2022-09-03 05:00:00-04:00,174,70.0,68.53980307445008,boost_5y_absolute,True
2022-08-27 04:00:00+00:00,2022-09-03 10:00:00+00:00,2022-09-03 06:00:00-04:00,175,71.0,68.19202837756748,boost_5y_absolute,True
2022-08-27 04:00:00+00:00,2022-09-03 11:00:00+00:00,2022-09-03 07:00:00-04:00,176,73.0,70.08866762335579,boost_5y_absolute,True
2022-08-27 04:00:00+00:00,2022-09-03 12:00:00+00:00,2022-09-03 08:00:00-04:00,177,78.0,73.56333439528225,boost_5y_absolute,True
2022-08-27 04:00:00+00:00,2022-09-03 13:00:00+00:00,2022-09-03 09:00:00-04:00,178,82.0,76.74505266174742,boost_5y_absolute,True
2022-08-27 04:00:00+00:00,2022-09-03 14:00:00+00:00,2022-09-03 10:00:00-04:00,179,85.0,79.35175897238825,boost_5y_absolute,True
2022-08-27 04:00:00+00:00,2022-09-03 15:00:00+00:00,2022-09-03 11:00:00-04:00,180,87.0,81.68254350508451,boost_5y_absolute,True
2022-08-27 04:00:00+00:00,2022-09-03 16:00:00+00:00,2022-09-03 12:00:00-04:00,181,89.0,83.1016334468538,boost_5y_absolute,True
2022-08-27 04:00:00+00:00,2022-09-03 17:00:00+00:00,2022-09-03 13:00:00-04:00,182,90.0,84.48011866057627,boost_5y_absolute,True
2022-08-27 04:00:00+00:00,2022-09-03 18:00:00+00:00,2022-09-03 14:00:00-04:00,183,91.0,85.03184792683118,boost_5y_absolute,True
2022-08-27 04:00:00+00:00,2022-09-03 19:00:00+00:00,2022-09-03 15:00:00-04:00,184,90.0,85.3112223480717,boost_5y_absolute,True
2022-08-27 04:00:00+00:00,2022-09-03 20:00:00+00:00,2022-09-03 16:00:00-04:00,185,91.0,84.67860788190066,boost_5y_absolute,True
2022-08-27 04:00:00+00:00,2022-09-03 21:00:00+00:00,2022-09-03 17:00:00-04:00,186,90.0,83.43141198716965,boost_5y_absolute,True
2022-08-27 04:00:00+00:00,2022-09-03 22:00:00+00:00,2022-09-03 18:00:00-04:00,187,87.0,81.38805902496668,boost_5y_absolute,True
2022-08-27 04:00:00+00:00,2022-09-03 23:00:00+00:00,2022-09-03 19:00:00-04:00,188,80.0,77.6307280687757,boost_5y_absolute,True
2022-08-27 04:00:00+00:00,2022-09-04 00:00:00+00:00,2022-09-03 20:00:00-04:00,189,78.0,75.10022059933812,boost_5y_absolute,True
2022-08-27 04:00:00+00:00,2022-09-04 01:00:00+00:00,2022-09-03 21:00:00-04:00,190,78.0,73.89516016610996,boost_5y_absolute,True
2022-08-27 04:00:00+00:00,2022-09-04 02:00:00+00:00,2022-09-03 22:00:00-04:00,191,78.0,72.69510374025525,boost_5y_absolute,True
2022-08-27 04:00:00+00:00,2022-09-04 03:00:00+00:00,2022-09-03 23:00:00-04:00,192,77.0,71.7938669938735,boost_5y_absolute,True
2022-08-27 04:00:00+00:00,2022-09-04 04:00:00+00:00,2022-09-04 00:00:00-04:00,193,76.0,71.09829924150014,boost_5y_absolute,True
2022-08-27 04:00:00+00:00,2022-09-04 05:00:00+00:00,2022-09-04 01:00:00-04:00,194,75.0,70.34924508514169,boost_5y_absolute,True
2022-08-27 04:00:00+00:00,2022-09-04 06:00:00+00:00,2022-09-04 02:00:00-04:00,195,74.0,69.49406302890742,boost_5y_absolute,True
2022-08-27 04:00:00+00:00,2022-09-04 07:00:00+00:00,2022-09-04 03:00:00-04:00,196,72.0,68.99418757190661,boost_5y_absolute,True
2022-08-27 04:00:00+00:00,2022-09-04 08:00:00+00:00,2022-09-04 04:00:00-04:00,197,73.0,68.44023052382856,boost_5y_absolute,True
2022-08-27 04:00:00+00:00,2022-09-04 09:00:00+00:00,2022-09-04 05:00:00-04:00,198,72.0,68.21901786616462,boost_5y_absolute,True
2022-08-27 04:00:00+00:00,2022-09-04 10:00:00+00:00,2022-09-04 06:00:00-04:00,199,70.0,67.95486186869078,boost_5y_absolute,True
2022-08-27 04:00:00+00:00,2022-09-04 11:00:00+00:00,2022-09-04 07:00:00-04:00,200,74.0,69.7783112182196,boost_5y_absolute,True
2022-08-27 04:00:00+00:00,2022-09-04 12:00:00+00:00,2022-09-04 08:00:00-04:00,201,78.0,73.1735726116561,boost_5y_absolute,True
2022-08-27 04:00:00+00:00,2022-09-04 13:00:00+00:00,2022-09-04 09:00:00-04:00,202,81.0,76.32572380765053,boost_5y_absolute,True
2022-08-27 04:00:00+00:00,2022-09-04 14:00:00+00:00,2022-09-04 10:00:00-04:00,203,83.0,78.94956999585104,boost_5y_absolute,True
2022-08-27 04:00:00+00:00,2022-09-04 15:00:00+00:00,2022-09-04 11:00:00-04:00,204,87.0,81.30347750723855,boost_5y_absolute,True
2022-08-27 04:00:00+00:00,2022-09-04 16:00:00+00:00,2022-09-04 12:00:00-04:00,205,88.0,82.67643249412697,boost_5y_absolute,True
2022-08-27 04:00:00+00:00,2022-09-04 17:00:00+00:00,2022-09-04 13:00:00-04:00,206,92.0,84.12417041560961,boost_5y_absolute,True
2022-08-27 04:00:00+00:00,2022-09-04 18:00:00+00:00,2022-09-04 14:00:00-04:00,207,92.0,84.63777294664624,boost_5y_absolute,True
2022-08-27 04:00:00+00:00,2022-09-04 19:00:00+00:00,2022-09-04 15:00:00-04:00,208,92.0,84.88046083882752,boost_5y_absolute,True
2022-08-27 04:00:00+00:00,2022-09-04 20:00:00+00:00,2022-09-04 16:00:00-04:00,209,90.0,84.31604075988942,boost_5y_absolute,True
2022-08-27 04:00:00+00:00,2022-09-04 21:00:00+00:00,2022-09-04 17:00:00-04:00,210,90.0,83.1373952316452,boost_5y_absolute,True
2022-08-27 04:00:00+00:00,2022-09-04 22:00:00+00:00,2022-09-04 18:00:00-04:00,211,88.0,80.98695608993175,boost_5y_absolute,True
2022-08-27 04:00:00+00:00,2022-09-04 23:00:00+00:00,2022-09-04 19:00:00-04:00,212,84.0,77.19852005683794,boost_5y_absolute,True
2022-08-27 04:00:00+00:00,2022-09-05 00:00:00+00:00,2022-09-04 20:00:00-04:00,213,81.0,74.77929853168884,boost_5y_absolute,True
2022-08-27 04:00:00+00:00,2022-09-05 01:00:00+00:00,2022-09-04 21:00:00-04:00,214,80.0,73.56597368648299,boost_5y_absolute,True
2022-08-27 04:00:00+00:00,2022-09-05 02:00:00+00:00,2022-09-04 22:00:00-04:00,215,78.0,72.41256897782229,boost_5y_absolute,True
2022-08-27 04:00:00+00:00,2022-09-05 03:00:00+00:00,2022-09-04 23:00:00-04:00,216,77.0,71.59828330742039,boost_5y_absolute,True
2022-08-27 04:00:00+00:00,2022-09-05 04:00:00+00:00,2022-09-05 00:00:00-04:00,217,76.0,70.86630407270164,boost_5y_absolute,True
2022-08-27 04:00:00+00:00,2022-09-05 05:00:00+00:00,2022-09-05 01:00:00-04:00,218,75.0,70.13972024413287,boost_5y_absolute,True
2022-08-27 04:00:00+00:00,2022-09-05 06:00:00+00:00,2022-09-05 02:00:00-04:00,219,75.0,69.30070915043645,boost_5y_absolute,True
2022-08-27 04:00:00+00:00,2022-09-05 07:00:00+00:00,2022-09-05 03:00:00-04:00,220,74.0,68.78997999784295,boost_5y_absolute,True
2022-08-27 04:00:00+00:00,2022-09-05 08:00:00+00:00,2022-09-05 04:00:00-04:00,221,73.0,68.24270633725196,boost_5y_absolute,True
2022-08-27 04:00:00+00:00,2022-09-05 09:00:00+00:00,2022-09-05 05:00:00-04:00,222,72.0,68.02068439292277,boost_5y_absolute,True
2022-08-27 04:00:00+00:00,2022-09-05 10:00:00+00:00,2022-09-05 06:00:00-04:00,223,73.0,67.75313687915727,boost_5y_absolute,True
2022-08-27 04:00:00+00:00,2022-09-05 11:00:00+00:00,2022-09-05 07:00:00-04:00,224,73.0,69.53669070634385,boost_5y_absolute,True
2022-08-27 04:00:00+00:00,2022-09-05 12:00:00+00:00,2022-09-05 08:00:00-04:00,225,77.0,72.87123387293859,boost_5y_absolute,True
2022-08-27 04:00:00+00:00,2022-09-05 13:00:00+00:00,2022-09-05 09:00:00-04:00,226,81.0,75.98174553818453,boost_5y_absolute,True
2022-08-27 04:00:00+00:00,2022-09-05 14:00:00+00:00,2022-09-05 10:00:00-04:00,227,83.0,78.54349269808023,boost_5y_absolute,True
2022-08-27 04:00:00+00:00,2022-09-05 15:00:00+00:00,2022-09-05 11:00:00-04:00,228,83.0,80.9472971083827,boost_5y_absolute,True
2022-08-27 04:00:00+00:00,2022-09-05 16:00:00+00:00,2022-09-05 12:00:00-04:00,229,86.0,82.29879434497961,boost_5y_absolute,True
2022-08-27 04:00:00+00:00,2022-09-05 17:00:00+00:00,2022-09-05 13:00:00-04:00,230,88.0,83.7321662818218,boost_5y_absolute,True
2022-08-27 04:00:00+00:00,2022-09-05 18:00:00+00:00,2022-09-05 14:00:00-04:00,231,88.0,84.28827790812987,boost_5y_absolute,True
2022-08-27 04:00:00+00:00,2022-09-05 19:00:00+00:00,2022-09-05 15:00:00-04:00,232,86.0,84.57769094913786,boost_5y_absolute,True
2022-08-27 04:00:00+00:00,2022-09-05 20:00:00+00:00,2022-09-05 16:00:00-04:00,233,86.0,84.0420906503975,boost_5y_absolute,True
2022-08-27 04:00:00+00:00,2022-09-05 21:00:00+00:00,2022-09-05 17:00:00-04:00,234,85.0,82.81138209125982,boost_5y_absolute,True
2022-08-27 04:00:00+00:00,2022-09-05 22:00:00+00:00,2022-09-05 18:00:00-04:00,235,84.0,80.56956998727708,boost_5y_absolute,True
2022-08-27 04:00:00+00:00,2022-09-05 23:00:00+00:00,2022-09-05 19:00:00-04:00,236,80.0,76.85561153158609,boost_5y_absolute,True
2022-08-27 04:00:00+00:00,2022-09-06 00:00:00+00:00,2022-09-05 20:00:00-04:00,237,79.0,74.54354474737485,boost_5y_absolute,True
2022-08-27 04:00:00+00:00,2022-09-06 01:00:00+00:00,2022-09-05 21:00:00-04:00,238,78.0,73.33098416109007,boost_5y_absolute,True
2022-08-27 04:00:00+00:00,2022-09-06 02:00:00+00:00,2022-09-05 22:00:00-04:00,239,76.0,72.20917751184776,boost_5y_absolute,True
2022-08-27 04:00:00+00:00,2022-09-06 03:00:00+00:00,2022-09-05 23:00:00-04:00,240,76.0,71.48530449641095,boost_5y_absolute,True
2022-08-27 04:00:00+00:00,2022-09-06 04:00:00+00:00,2022-09-06 00:00:00-04:00,241,77.0,70.6371376816571,boost_5y_absolute,True
2022-08-27 04:00:00+00:00,2022-09-06 05:00:00+00:00,2022-09-06 01:00:00-04:00,242,77.0,69.85467668966275,boost_5y_absolute,True
2022-08-27 04:00:00+00:00,2022-09-06 06:00:00+00:00,2022-09-06 02:00:00-04:00,243,77.0,68.98802156790637,boost_5y_absolute,True
2022-08-27 04:00:00+00:00,2022-09-06 07:00:00+00:00,2022-09-06 03:00:00-04:00,244,77.0,68.60015913798507,boost_5y_absolute,True
2022-08-27 04:00:00+00:00,2022-09-06 08:00:00+00:00,2022-09-06 04:00:00-04:00,245,77.0,68.02912263705394,boost_5y_absolute,True
2022-08-27 04:00:00+00:00,2022-09-06 09:00:00+00:00,2022-09-06 05:00:00-04:00,246,77.0,67.79268656969795,boost_5y_absolute,True
2022-08-27 04:00:00+00:00,2022-09-06 10:00:00+00:00,2022-09-06 06:00:00-04:00,247,76.0,67.5893533326308,boost_5y_absolute,True
2022-08-27 04:00:00+00:00,2022-09-06 11:00:00+00:00,2022-09-06 07:00:00-04:00,248,76.0,69.31252165130671,boost_5y_absolute,True
2022-08-27 04:00:00+00:00,2022-09-06 12:00:00+00:00,2022-09-06 08:00:00-04:00,249,78.0,72.59950610351385,boost_5y_absolute,True
2022-08-27 04:00:00+00:00,2022-09-06 13:00:00+00:00,2022-09-06 09:00:00-04:00,250,77.0,75.66636208761633,boost_5y_absolute,True
2022-08-27 04:00:00+00:00,2022-09-06 14:00:00+00:00,2022-09-06 10:00:00-04:00,251,82.0,78.16298297761433,boost_5y_absolute,True
2022-08-27 04:00:00+00:00,2022-09-06 15:00:00+00:00,2022-09-06 11:00:00-04:00,252,87.0,80.61255115873806,boost_5y_absolute,True
2022-08-27 04:00:00+00:00,2022-09-06 16:00:00+00:00,2022-09-06 12:00:00-04:00,253,89.0,82.00567287835644,boost_5y_absolute,True
2022-08-27 04:00:00+00:00,2022-09-06 17:00:00+00:00,2022-09-06 13:00:00-04:00,254,76.0,83.38848499923809,boost_5y_absolute,True
2022-08-27 04:00:00+00:00,2022-09-06 18:00:00+00:00,2022-09-06 14:00:00-04:00,255,84.0,83.92752350402186,boost_5y_absolute,True
2022-08-27 04:00:00+00:00,2022-09-06 19:00:00+00:00,2022-09-06 15:00:00-04:00,256,88.0,84.07918035564228,boost_5y_absolute,True
2022-08-27 04:00:00+00:00,2022-09-06 20:00:00+00:00,2022-09-06 16:00:00-04:00,257,89.0,83.55882385068107,boost_5y_absolute,True
2022-08-27 04:00:00+00:00,2022-09-06 21:00:00+00:00,2022-09-06 17:00:00-04:00,258,86.0,82.28275551656934,boost_5y_absolute,True
2022-08-27 04:00:00+00:00,2022-09-06 22:00:00+00:00,2022-09-06 18:00:00-04:00,259,83.0,80.04477461155979,boost_5y_absolute,True
2022-08-27 04:00:00+00:00,2022-09-06 23:00:00+00:00,2022-09-06 19:00:00-04:00,260,79.0,76.42300691467722,boost_5y_absolute,True
2022-08-27 04:00:00+00:00,2022-09-07 00:00:00+00:00,2022-09-06 20:00:00-04:00,261,77.0,74.28787258555191,boost_5y_absolute,True
2022-08-27 04:00:00+00:00,2022-09-07 01:00:00+00:00,2022-09-06 21:00:00-04:00,262,75.0,73.06275400924214,boost_5y_absolute,True
2022-08-27 04:00:00+00:00,2022-09-07 02:00:00+00:00,2022-09-06 22:00:00-04:00,263,73.0,71.99577349918238,boost_5y_absolute,True
2022-08-27 04:00:00+00:00,2022-09-07 03:00:00+00:00,2022-09-06 23:00:00-04:00,264,75.0,71.27390310876957,boost_5y_absolute,True
2022-08-27 04:00:00+00:00,2022-09-07 04:00:00+00:00,2022-09-07 00:00:00-04:00,265,73.0,70.54534731627096,boost_5y_absolute,True
2022-08-27 04:00:00+00:00,2022-09-07 05:00:00+00:00,2022-09-07 01:00:00-04:00,266,72.0,69.80554328140396,boost_5y_absolute,True
2022-08-27 04:00:00+00:00,2022-09-07 06:00:00+00:00,2022-09-07 02:00:00-04:00,267,72.0,68.99228681273115,boost_5y_absolute,True
2022-08-27 04:00:00+00:00,2022-09-07 07:00:00+00:00,2022-09-07 03:00:00-04:00,268,72.0,68.62543417596261,boost_5y_absolute,True
2022-08-27 04:00:00+00:00,2022-09-07 08:00:00+00:00,2022-09-07 04:00:00-04:00,269,72.0,67.98365637197409,boost_5y_absolute,True
2022-08-27 04:00:00+00:00,2022-09-07 09:00:00+00:00,2022-09-07 05:00:00-04:00,270,70.0,67.7836902142716,boost_5y_absolute,True
2022-08-27 04:00:00+00:00,2022-09-07 10:00:00+00:00,2022-09-07 06:00:00-04:00,271,72.0,67.62140239430641,boost_5y_absolute,True
2022-08-27 04:00:00+00:00,2022-09-07 11:00:00+00:00,2022-09-07 07:00:00-04:00,272,73.0,69.22377175574131,boost_5y_absolute,True
2022-08-27 04:00:00+00:00,2022-09-07 12:00:00+00:00,2022-09-07 08:00:00-04:00,273,76.0,72.38675491944653,boost_5y_absolute,True
2022-08-27 04:00:00+00:00,2022-09-07 13:00:00+00:00,2022-09-07 09:00:00-04:00,274,78.0,75.43365355807275,boost_5y_absolute,True
2022-08-27 04:00:00+00:00,2022-09-07 14:00:00+00:00,2022-09-07 10:00:00-04:00,275,81.0,77.88980362678065,boost_5y_absolute,True
2022-08-27 04:00:00+00:00,2022-09-07 15:00:00+00:00,2022-09-07 11:00:00-04:00,276,83.0,80.32806977559841,boost_5y_absolute,True
2022-08-27 04:00:00+00:00,2022-09-07 16:00:00+00:00,2022-09-07 12:00:00-04:00,277,85.0,81.66585718941266,boost_5y_absolute,True
2022-08-27 04:00:00+00:00,2022-09-07 17:00:00+00:00,2022-09-07 13:00:00-04:00,278,80.0,83.02426704337553,boost_5y_absolute,True
2022-08-27 04:00:00+00:00,2022-09-07 18:00:00+00:00,2022-09-07 14:00:00-04:00,279,79.0,83.54258725596357,boost_5y_absolute,True
2022-08-27 04:00:00+00:00,2022-09-07 19:00:00+00:00,2022-09-07 15:00:00-04:00,280,81.0,83.62867273171462,boost_5y_absolute,True
2022-08-27 04:00:00+00:00,2022-09-07 20:00:00+00:00,2022-09-07 16:00:00-04:00,281,79.0,83.12161058540678,boost_5y_absolute,True
2022-08-27 04:00:00+00:00,2022-09-07 21:00:00+00:00,2022-09-07 17:00:00-04:00,282,79.0,81.80543349759601,boost_5y_absolute,True
2022-08-27 04:00:00+00:00,2022-09-07 22:00:00+00:00,2022-09-07 18:00:00-04:00,283,72.0,79.60560019427263,boost_5y_absolute,True
2022-08-27 04:00:00+00:00,2022-09-07 23:00:00+00:00,2022-09-07 19:00:00-04:00,284,72.0,76.09275572417353,boost_5y_absolute,True
2022-08-27 04:00:00+00:00,2022-09-08 00:00:00+00:00,2022-09-07 20:00:00-04:00,285,71.0,74.02022074009611,boost_5y_absolute,True
2022-08-27 04:00:00+00:00,2022-09-08 01:00:00+00:00,2022-09-07 21:00:00-04:00,286,71.0,72.75459400512437,boost_5y_absolute,True
2022-08-27 04:00:00+00:00,2022-09-08 02:00:00+00:00,2022-09-07 22:00:00-04:00,287,73.0,71.71430075916041,boost_5y_absolute,True
2022-08-27 04:00:00+00:00,2022-09-08 03:00:00+00:00,2022-09-07 23:00:00-04:00,288,72.0,71.02989665374362,boost_5y_absolute,True
2022-08-27 04:00:00+00:00,2022-09-08 04:00:00+00:00,2022-09-08 00:00:00-04:00,289,72.0,70.34975067285878,boost_5y_absolute,True
2022-08-27 04:00:00+00:00,2022-09-08 05:00:00+00:00,2022-09-08 01:00:00-04:00,290,71.0,69.69167317141417,boost_5y_absolute,True
2022-08-27 04:00:00+00:00,2022-09-08 06:00:00+00:00,2022-09-08 02:00:00-04:00,291,71.0,68.98495535842436,boost_5y_absolute,True
2022-08-27 04:00:00+00:00,2022-09-08 07:00:00+00:00,2022-09-08 03:00:00-04:00,292,71.0,68.62428514663199,boost_5y_absolute,True
2022-08-27 04:00:00+00:00,2022-09-08 08:00:00+00:00,2022-09-08 04:00:00-04:00,293,71.0,68.07618138991528,boost_5y_absolute,True
2022-08-27 04:00:00+00:00,2022-09-08 09:00:00+00:00,2022-09-08 05:00:00-04:00,294,71.0,67.86271131933982,boost_5y_absolute,True
2022-08-27 04:00:00+00:00,2022-09-08 10:00:00+00:00,2022-09-08 06:00:00-04:00,295,71.0,67.68757992552592,boost_5y_absolute,True
2022-08-27 04:00:00+00:00,2022-09-08 11:00:00+00:00,2022-09-08 07:00:00-04:00,296,71.0,69.1957877378429,boost_5y_absolute,True
2022-08-27 04:00:00+00:00,2022-09-08 12:00:00+00:00,2022-09-08 08:00:00-04:00,297,73.0,72.30207184988203,boost_5y_absolute,True
2022-08-27 04:00:00+00:00,2022-09-08 13:00:00+00:00,2022-09-08 09:00:00-04:00,298,73.0,75.29278429265196,boost_5y_absolute,True
2022-08-27 04:00:00+00:00,2022-09-08 14:00:00+00:00,2022-09-08 10:00:00-04:00,299,74.0,77.66494523343047,boost_5y_absolute,True
2022-08-27 04:00:00+00:00,2022-09-08 15:00:00+00:00,2022-09-08 11:00:00-04:00,300,76.0,80.09775886896219,boost_5y_absolute,True
2022-08-27 04:00:00+00:00,2022-09-08 16:00:00+00:00,2022-09-08 12:00:00-04:00,301,76.0,81.2927692081354,boost_5y_absolute,True
2022-08-27 04:00:00+00:00,2022-09-08 17:00:00+00:00,2022-09-08 13:00:00-04:00,302,79.0,82.62324611593151,boost_5y_absolute,True
2022-08-27 04:00:00+00:00,2022-09-08 18:00:00+00:00,2022-09-08 14:00:00-04:00,303,79.0,83.1748940306977,boost_5y_absolute,True
2022-08-27 04:00:00+00:00,2022-09-08 19:00:00+00:00,2022-09-08 15:00:00-04:00,304,80.0,83.30587717242435,boost_5y_absolute,True
2022-08-27 04:00:00+00:00,2022-09-08 20:00:00+00:00,2022-09-08 16:00:00-04:00,305,80.0,82.73200301316268,boost_5y_absolute,True
2022-08-27 04:00:00+00:00,2022-09-08 21:00:00+00:00,2022-09-08 17:00:00-04:00,306,78.0,81.43895193778268,boost_5y_absolute,True
2022-08-27 04:00:00+00:00,2022-09-08 22:00:00+00:00,2022-09-08 18:00:00-04:00,307,76.0,79.2648983641167,boost_5y_absolute,True
2022-08-27 04:00:00+00:00,2022-09-08 23:00:00+00:00,2022-09-08 19:00:00-04:00,308,72.0,75.92985061493204,boost_5y_absolute,True
2022-08-27 04:00:00+00:00,2022-09-09 00:00:00+00:00,2022-09-08 20:00:00-04:00,309,71.0,73.82497290417663,boost_5y_absolute,True
2022-08-27 04:00:00+00:00,2022-09-09 01:00:00+00:00,2022-09-08 21:00:00-04:00,310,69.0,72.49205620323754,boost_5y_absolute,True
2022-08-27 04:00:00+00:00,2022-09-09 02:00:00+00:00,2022-09-08 22:00:00-04:00,311,69.0,71.46485543654694,boost_5y_absolute,True
2022-08-27 04:00:00+00:00,2022-09-09 03:00:00+00:00,2022-09-08 23:00:00-04:00,312,67.0,70.77788301138834,boost_5y_absolute,True
2022-08-27 04:00:00+00:00,2022-09-09 04:00:00+00:00,2022-09-09 00:00:00-04:00,313,67.0,70.15307914460159,boost_5y_absolute,True
2022-08-27 04:00:00+00:00,2022-09-09 05:00:00+00:00,2022-09-09 01:00:00-04:00,314,66.0,69.49444060868541,boost_5y_absolute,True
2022-08-27 04:00:00+00:00,2022-09-09 06:00:00+00:00,2022-09-09 02:00:00-04:00,315,65.0,68.74746957767196,boost_5y_absolute,True
2022-08-27 04:00:00+00:00,2022-09-09 07:00:00+00:00,2022-09-09 03:00:00-04:00,316,66.0,68.44005865944762,boost_5y_absolute,True
2022-08-27 04:00:00+00:00,2022-09-09 08:00:00+00:00,2022-09-09 04:00:00-04:00,317,64.0,67.90597689918918,boost_5y_absolute,True
2022-08-27 04:00:00+00:00,2022-09-09 09:00:00+00:00,2022-09-09 05:00:00-04:00,318,63.0,67.61228132732384,boost_5y_absolute,True
2022-08-27 04:00:00+00:00,2022-09-09 10:00:00+00:00,2022-09-09 06:00:00-04:00,319,63.0,67.42406567694296,boost_5y_absolute,True
2022-08-27 04:00:00+00:00,2022-09-09 11:00:00+00:00,2022-09-09 07:00:00-04:00,320,67.0,68.94439336443082,boost_5y_absolute,True
2022-08-27 04:00:00+00:00,2022-09-09 12:00:00+00:00,2022-09-09 08:00:00-04:00,321,70.0,72.01067856086682,boost_5y_absolute,True
2022-08-27 04:00:00+00:00,2022-09-09 13:00:00+00:00,2022-09-09 09:00:00-04:00,322,73.0,75.08818754884261,boost_5y_absolute,True
2022-08-27 04:00:00+00:00,2022-09-09 14:00:00+00:00,2022-09-09 10:00:00-04:00,323,76.0,77.42849022621373,boost_5y_absolute,True
2022-08-27 04:00:00+00:00,2022-09-09 15:00:00+00:00,2022-09-09 11:00:00-04:00,324,77.0,79.89892260561633,boost_5y_absolute,True
2022-08-27 04:00:00+00:00,2022-09-09 16:00:00+00:00,2022-09-09 12:00:00-04:00,325,78.0,81.03634079605759,boost_5y_absolute,True
2022-08-27 04:00:00+00:00,2022-09-09 17:00:00+00:00,2022-09-09 13:00:00-04:00,326,80.0,82.34237732461148,boost_5y_absolute,True
2022-08-27 04:00:00+00:00,2022-09-09 18:00:00+00:00,2022-09-09 14:00:00-04:00,327,82.0,82.92889528128504,boost_5y_absolute,True
2022-08-27 04:00:00+00:00,2022-09-09 19:00:00+00:00,2022-09-09 15:00:00-04:00,328,82.0,83.28983875956469,boost_5y_absolute,True
2022-08-27 04:00:00+00:00,2022-09-09 20:00:00+00:00,2022-09-09 16:00:00-04:00,329,82.0,82.80970305470262,boost_5y_absolute,True
2022-08-27 04:00:00+00:00,2022-09-09 21:00:00+00:00,2022-09-09 17:00:00-04:00,330,81.0,81.60071015198922,boost_5y_absolute,True
2022-08-27 04:00:00+00:00,2022-09-09 22:00:00+00:00,2022-09-09 18:00:00-04:00,331,80.0,79.32082935415288,boost_5y_absolute,True
2022-08-27 04:00:00+00:00,2022-09-09 23:00:00+00:00,2022-09-09 19:00:00-04:00,332,73.0,75.90131253222881,boost_5y_absolute,True
2022-08-27 04:00:00+00:00,2022-09-10 00:00:00+00:00,2022-09-09 20:00:00-04:00,333,72.0,73.8226613153723,boost_5y_absolute,True
2022-08-27 04:00:00+00:00,2022-09-10 01:00:00+00:00,2022-09-09 21:00:00-04:00,334,73.0,72.43635919578227,boost_5y_absolute,True
2022-08-27 04:00:00+00:00,2022-09-10 02:00:00+00:00,2022-09-09 22:00:00-04:00,335,73.0,71.38270826941633,boost_5y_absolute,True
2022-08-27 04:00:00+00:00,2022-09-10 03:00:00+00:00,2022-09-09 23:00:00-04:00,336,72.0,70.74995923663461,boost_5y_absolute,True
2022-09-03 04:00:00+00:00,2022-09-03 04:00:00+00:00,2022-09-03 00:00:00-04:00,1,76.0,74.23978509024893,boost_5y_absolute,True
2022-09-03 04:00:00+00:00,2022-09-03 05:00:00+00:00,2022-09-03 01:00:00-04:00,2,75.0,73.36155042841568,boost_5y_absolute,True
2022-09-03 04:00:00+00:00,2022-09-03 06:00:00+00:00,2022-09-03 02:00:00-04:00,3,72.0,72.28875353440442,boost_5y_absolute,True
2022-09-03 04:00:00+00:00,2022-09-03 07:00:00+00:00,2022-09-03 03:00:00-04:00,4,72.0,71.80120308341651,boost_5y_absolute,True
2022-09-03 04:00:00+00:00,2022-09-03 08:00:00+00:00,2022-09-03 04:00:00-04:00,5,72.0,71.17630689142165,boost_5y_absolute,True
2022-09-03 04:00:00+00:00,2022-09-03 09:00:00+00:00,2022-09-03 05:00:00-04:00,6,70.0,70.98257863433285,boost_5y_absolute,True
2022-09-03 04:00:00+00:00,2022-09-03 10:00:00+00:00,2022-09-03 06:00:00-04:00,7,71.0,70.74791925462642,boost_5y_absolute,True
2022-09-03 04:00:00+00:00,2022-09-03 11:00:00+00:00,2022-09-03 07:00:00-04:00,8,73.0,72.56371377207083,boost_5y_absolute,True
2022-09-03 04:00:00+00:00,2022-09-03 12:00:00+00:00,2022-09-03 08:00:00-04:00,9,78.0,76.3185117188028,boost_5y_absolute,True
2022-09-03 04:00:00+00:00,2022-09-03 13:00:00+00:00,2022-09-03 09:00:00-04:00,10,82.0,79.62280528331293,boost_5y_absolute,True
2022-09-03 04:00:00+00:00,2022-09-03 14:00:00+00:00,2022-09-03 10:00:00-04:00,11,85.0,83.27460835386802,boost_5y_absolute,True
2022-09-03 04:00:00+00:00,2022-09-03 15:00:00+00:00,2022-09-03 11:00:00-04:00,12,87.0,85.70377772493902,boost_5y_absolute,True
2022-09-03 04:00:00+00:00,2022-09-03 16:00:00+00:00,2022-09-03 12:00:00-04:00,13,89.0,87.12724230475567,boost_5y_absolute,True
2022-09-03 04:00:00+00:00,2022-09-03 17:00:00+00:00,2022-09-03 13:00:00-04:00,14,90.0,88.8951090908674,boost_5y_absolute,True
2022-09-03 04:00:00+00:00,2022-09-03 18:00:00+00:00,2022-09-03 14:00:00-04:00,15,91.0,89.57890122211379,boost_5y_absolute,True
2022-09-03 04:00:00+00:00,2022-09-03 19:00:00+00:00,2022-09-03 15:00:00-04:00,16,90.0,89.78992596076868,boost_5y_absolute,True
2022-09-03 04:00:00+00:00,2022-09-03 20:00:00+00:00,2022-09-03 16:00:00-04:00,17,91.0,89.19707041291785,boost_5y_absolute,True
2022-09-03 04:00:00+00:00,2022-09-03 21:00:00+00:00,2022-09-03 17:00:00-04:00,18,90.0,87.82101505042374,boost_5y_absolute,True
2022-09-03 04:00:00+00:00,2022-09-03 22:00:00+00:00,2022-09-03 18:00:00-04:00,19,87.0,85.65634266656009,boost_5y_absolute,True
2022-09-03 04:00:00+00:00,2022-09-03 23:00:00+00:00,2022-09-03 19:00:00-04:00,20,80.0,81.73367450075621,boost_5y_absolute,True
2022-09-03 04:00:00+00:00,2022-09-04 00:00:00+00:00,2022-09-03 20:00:00-04:00,21,78.0,78.21830075765774,boost_5y_absolute,True
2022-09-03 04:00:00+00:00,2022-09-04 01:00:00+00:00,2022-09-03 21:00:00-04:00,22,78.0,76.75274321622688,boost_5y_absolute,True
2022-09-03 04:00:00+00:00,2022-09-04 02:00:00+00:00,2022-09-03 22:00:00-04:00,23,78.0,75.70059391795552,boost_5y_absolute,True
2022-09-03 04:00:00+00:00,2022-09-04 03:00:00+00:00,2022-09-03 23:00:00-04:00,24,77.0,74.66256412620731,boost_5y_absolute,True
2022-09-03 04:00:00+00:00,2022-09-04 04:00:00+00:00,2022-09-04 00:00:00-04:00,25,76.0,73.77576170325375,boost_5y_absolute,True
2022-09-03 04:00:00+00:00,2022-09-04 05:00:00+00:00,2022-09-04 01:00:00-04:00,26,75.0,72.93829976953002,boost_5y_absolute,True
2022-09-03 04:00:00+00:00,2022-09-04 06:00:00+00:00,2022-09-04 02:00:00-04:00,27,74.0,71.95674933863634,boost_5y_absolute,True
2022-09-03 04:00:00+00:00,2022-09-04 07:00:00+00:00,2022-09-04 03:00:00-04:00,28,72.0,71.49254769681784,boost_5y_absolute,True
2022-09-03 04:00:00+00:00,2022-09-04 08:00:00+00:00,2022-09-04 04:00:00-04:00,29,73.0,70.81473536180906,boost_5y_absolute,True
2022-09-03 04:00:00+00:00,2022-09-04 09:00:00+00:00,2022-09-04 05:00:00-04:00,30,72.0,70.6162336853903,boost_5y_absolute,True
2022-09-03 04:00:00+00:00,2022-09-04 10:00:00+00:00,2022-09-04 06:00:00-04:00,31,70.0,70.28577856310443,boost_5y_absolute,True
2022-09-03 04:00:00+00:00,2022-09-04 11:00:00+00:00,2022-09-04 07:00:00-04:00,32,74.0,72.21378021743551,boost_5y_absolute,True
2022-09-03 04:00:00+00:00,2022-09-04 12:00:00+00:00,2022-09-04 08:00:00-04:00,33,78.0,75.87030218899329,boost_5y_absolute,True
2022-09-03 04:00:00+00:00,2022-09-04 13:00:00+00:00,2022-09-04 09:00:00-04:00,34,81.0,79.68802802224036,boost_5y_absolute,True
2022-09-03 04:00:00+00:00,2022-09-04 14:00:00+00:00,2022-09-04 10:00:00-04:00,35,83.0,82.85156333130416,boost_5y_absolute,True
2022-09-03 04:00:00+00:00,2022-09-04 15:00:00+00:00,2022-09-04 11:00:00-04:00,36,87.0,85.3829846318519,boost_5y_absolute,True
2022-09-03 04:00:00+00:00,2022-09-04 16:00:00+00:00,2022-09-04 12:00:00-04:00,37,88.0,86.67878690421043,boost_5y_absolute,True
2022-09-03 04:00:00+00:00,2022-09-04 17:00:00+00:00,2022-09-04 13:00:00-04:00,38,92.0,88.29655576765393,boost_5y_absolute,True
2022-09-03 04:00:00+00:00,2022-09-04 18:00:00+00:00,2022-09-04 14:00:00-04:00,39,92.0,88.79955270670878,boost_5y_absolute,True
2022-09-03 04:00:00+00:00,2022-09-04 19:00:00+00:00,2022-09-04 15:00:00-04:00,40,92.0,88.92791552176794,boost_5y_absolute,True
2022-09-03 04:00:00+00:00,2022-09-04 20:00:00+00:00,2022-09-04 16:00:00-04:00,41,90.0,88.41553120993349,boost_5y_absolute,True
2022-09-03 04:00:00+00:00,2022-09-04 21:00:00+00:00,2022-09-04 17:00:00-04:00,42,90.0,86.9498712660394,boost_5y_absolute,True
2022-09-03 04:00:00+00:00,2022-09-04 22:00:00+00:00,2022-09-04 18:00:00-04:00,43,88.0,84.9434055335666,boost_5y_absolute,True
2022-09-03 04:00:00+00:00,2022-09-04 23:00:00+00:00,2022-09-04 19:00:00-04:00,44,84.0,80.55325918303272,boost_5y_absolute,True
2022-09-03 04:00:00+00:00,2022-09-05 00:00:00+00:00,2022-09-04 20:00:00-04:00,45,81.0,77.69420043524671,boost_5y_absolute,True
2022-09-03 04:00:00+00:00,2022-09-05 01:00:00+00:00,2022-09-04 21:00:00-04:00,46,80.0,76.25402407334063,boost_5y_absolute,True
2022-09-03 04:00:00+00:00,2022-09-05 02:00:00+00:00,2022-09-04 22:00:00-04:00,47,78.0,75.00660241077338,boost_5y_absolute,True
2022-09-03 04:00:00+00:00,2022-09-05 03:00:00+00:00,2022-09-04 23:00:00-04:00,48,77.0,74.1392501662072,boost_5y_absolute,True
2022-09-03 04:00:00+00:00,2022-09-05 04:00:00+00:00,2022-09-05 00:00:00-04:00,49,76.0,73.13745746885778,boost_5y_absolute,True
2022-09-03 04:00:00+00:00,2022-09-05 05:00:00+00:00,2022-09-05 01:00:00-04:00,50,75.0,72.32735018085451,boost_5y_absolute,True
2022-09-03 04:00:00+00:00,2022-09-05 06:00:00+00:00,2022-09-05 02:00:00-04:00,51,75.0,71.38959382012996,boost_5y_absolute,True
2022-09-03 04:00:00+00:00,2022-09-05 07:00:00+00:00,2022-09-05 03:00:00-04:00,52,74.0,70.90731683666176,boost_5y_absolute,True
2022-09-03 04:00:00+00:00,2022-09-05 08:00:00+00:00,2022-09-05 04:00:00-04:00,53,73.0,70.24757437941423,boost_5y_absolute,True
2022-09-03 04:00:00+00:00,2022-09-05 09:00:00+00:00,2022-09-05 05:00:00-04:00,54,72.0,70.08093590866864,boost_5y_absolute,True
2022-09-03 04:00:00+00:00,2022-09-05 10:00:00+00:00,2022-09-05 06:00:00-04:00,55,73.0,69.7742383234185,boost_5y_absolute,True
2022-09-03 04:00:00+00:00,2022-09-05 11:00:00+00:00,2022-09-05 07:00:00-04:00,56,73.0,71.60341073266596,boost_5y_absolute,True
2022-09-03 04:00:00+00:00,2022-09-05 12:00:00+00:00,2022-09-05 08:00:00-04:00,57,77.0,75.16223942325615,boost_5y_absolute,True
2022-09-03 04:00:00+00:00,2022-09-05 13:00:00+00:00,2022-09-05 09:00:00-04:00,58,81.0,77.89048272869843,boost_5y_absolute,True
2022-09-03 04:00:00+00:00,2022-09-05 14:00:00+00:00,2022-09-05 10:00:00-04:00,59,83.0,80.88481601541346,boost_5y_absolute,True
2022-09-03 04:00:00+00:00,2022-09-05 15:00:00+00:00,2022-09-05 11:00:00-04:00,60,83.0,83.41707286484437,boost_5y_absolute,True
2022-09-03 04:00:00+00:00,2022-09-05 16:00:00+00:00,2022-09-05 12:00:00-04:00,61,86.0,84.74985035829607,boost_5y_absolute,True
2022-09-03 04:00:00+00:00,2022-09-05 17:00:00+00:00,2022-09-05 13:00:00-04:00,62,88.0,86.3234396785968,boost_5y_absolute,True
2022-09-03 04:00:00+00:00,2022-09-05 18:00:00+00:00,2022-09-05 14:00:00-04:00,63,88.0,86.88030050705208,boost_5y_absolute,True
2022-09-03 04:00:00+00:00,2022-09-05 19:00:00+00:00,2022-09-05 15:00:00-04:00,64,86.0,87.07291781318838,boost_5y_absolute,True
2022-09-03 04:00:00+00:00,2022-09-05 20:00:00+00:00,2022-09-05 16:00:00-04:00,65,86.0,86.58170554554674,boost_5y_absolute,True
2022-09-03 04:00:00+00:00,2022-09-05 21:00:00+00:00,2022-09-05 17:00:00-04:00,66,85.0,85.1299142907734,boost_5y_absolute,True
2022-09-03 04:00:00+00:00,2022-09-05 22:00:00+00:00,2022-09-05 18:00:00-04:00,67,84.0,82.94877774853147,boost_5y_absolute,True
2022-09-03 04:00:00+00:00,2022-09-05 23:00:00+00:00,2022-09-05 19:00:00-04:00,68,80.0,78.78242077675341,boost_5y_absolute,True
2022-09-03 04:00:00+00:00,2022-09-06 00:00:00+00:00,2022-09-05 20:00:00-04:00,69,79.0,76.12138645624584,boost_5y_absolute,True
2022-09-03 04:00:00+00:00,2022-09-06 01:00:00+00:00,2022-09-05 21:00:00-04:00,70,78.0,74.69907497463392,boost_5y_absolute,True
2022-09-03 04:00:00+00:00,2022-09-06 02:00:00+00:00,2022-09-05 22:00:00-04:00,71,76.0,73.52557070780983,boost_5y_absolute,True
2022-09-03 04:00:00+00:00,2022-09-06 03:00:00+00:00,2022-09-05 23:00:00-04:00,72,76.0,72.72921100890002,boost_5y_absolute,True
2022-09-03 04:00:00+00:00,2022-09-06 04:00:00+00:00,2022-09-06 00:00:00-04:00,73,77.0,71.76166927731273,boost_5y_absolute,True
2022-09-03 04:00:00+00:00,2022-09-06 05:00:00+00:00,2022-09-06 01:00:00-04:00,74,77.0,70.96029287325813,boost_5y_absolute,True
2022-09-03 04:00:00+00:00,2022-09-06 06:00:00+00:00,2022-09-06 02:00:00-04:00,75,77.0,70.02330593317218,boost_5y_absolute,True
2022-09-03 04:00:00+00:00,2022-09-06 07:00:00+00:00,2022-09-06 03:00:00-04:00,76,77.0,69.66600741972806,boost_5y_absolute,True
2022-09-03 04:00:00+00:00,2022-09-06 08:00:00+00:00,2022-09-06 04:00:00-04:00,77,77.0,69.00407299592604,boost_5y_absolute,True
2022-09-03 04:00:00+00:00,2022-09-06 09:00:00+00:00,2022-09-06 05:00:00-04:00,78,77.0,68.80427518898537,boost_5y_absolute,True
2022-09-03 04:00:00+00:00,2022-09-06 10:00:00+00:00,2022-09-06 06:00:00-04:00,79,76.0,68.27445002919094,boost_5y_absolute,True
2022-09-03 04:00:00+00:00,2022-09-06 11:00:00+00:00,2022-09-06 07:00:00-04:00,80,76.0,70.0664018831669,boost_5y_absolute,True
2022-09-03 04:00:00+00:00,2022-09-06 12:00:00+00:00,2022-09-06 08:00:00-04:00,81,78.0,73.52867353159843,boost_5y_absolute,True
2022-09-03 04:00:00+00:00,2022-09-06 13:00:00+00:00,2022-09-06 09:00:00-04:00,82,77.0,76.53770953756496,boost_5y_absolute,True
2022-09-03 04:00:00+00:00,2022-09-06 14:00:00+00:00,2022-09-06 10:00:00-04:00,83,82.0,79.2279590164076,boost_5y_absolute,True
2022-09-03 04:00:00+00:00,2022-09-06 15:00:00+00:00,2022-09-06 11:00:00-04:00,84,87.0,81.75313336801747,boost_5y_absolute,True
2022-09-03 04:00:00+00:00,2022-09-06 16:00:00+00:00,2022-09-06 12:00:00-04:00,85,89.0,83.09938625118099,boost_5y_absolute,True
2022-09-03 04:00:00+00:00,2022-09-06 17:00:00+00:00,2022-09-06 13:00:00-04:00,86,76.0,84.48190376239594,boost_5y_absolute,True
2022-09-03 04:00:00+00:00,2022-09-06 18:00:00+00:00,2022-09-06 14:00:00-04:00,87,84.0,85.14855187781436,boost_5y_absolute,True
2022-09-03 04:00:00+00:00,2022-09-06 19:00:00+00:00,2022-09-06 15:00:00-04:00,88,88.0,85.1153329306416,boost_5y_absolute,True
2022-09-03 04:00:00+00:00,2022-09-06 20:00:00+00:00,2022-09-06 16:00:00-04:00,89,89.0,84.68211005235483,boost_5y_absolute,True
2022-09-03 04:00:00+00:00,2022-09-06 21:00:00+00:00,2022-09-06 17:00:00-04:00,90,86.0,83.37717893021194,boost_5y_absolute,True
2022-09-03 04:00:00+00:00,2022-09-06 22:00:00+00:00,2022-09-06 18:00:00-04:00,91,83.0,81.11097702385379,boost_5y_absolute,True
2022-09-03 04:00:00+00:00,2022-09-06 23:00:00+00:00,2022-09-06 19:00:00-04:00,92,79.0,77.27241911126131,boost_5y_absolute,True
2022-09-03 04:00:00+00:00,2022-09-07 00:00:00+00:00,2022-09-06 20:00:00-04:00,93,77.0,74.95947586729848,boost_5y_absolute,True
2022-09-03 04:00:00+00:00,2022-09-07 01:00:00+00:00,2022-09-06 21:00:00-04:00,94,75.0,73.60950613795151,boost_5y_absolute,True
2022-09-03 04:00:00+00:00,2022-09-07 02:00:00+00:00,2022-09-06 22:00:00-04:00,95,73.0,72.52624863402916,boost_5y_absolute,True
2022-09-03 04:00:00+00:00,2022-09-07 03:00:00+00:00,2022-09-06 23:00:00-04:00,96,75.0,71.7518390850128,boost_5y_absolute,True
2022-09-03 04:00:00+00:00,2022-09-07 04:00:00+00:00,2022-09-07 00:00:00-04:00,97,73.0,70.7887461688995,boost_5y_absolute,True
2022-09-03 04:00:00+00:00,2022-09-07 05:00:00+00:00,2022-09-07 01:00:00-04:00,98,72.0,70.04185214218663,boost_5y_absolute,True
2022-09-03 04:00:00+00:00,2022-09-07 06:00:00+00:00,2022-09-07 02:00:00-04:00,99,72.0,69.18279006972303,boost_5y_absolute,True
2022-09-03 04:00:00+00:00,2022-09-07 07:00:00+00:00,2022-09-07 03:00:00-04:00,100,72.0,68.83485942060867,boost_5y_absolute,True
2022-09-03 04:00:00+00:00,2022-09-07 08:00:00+00:00,2022-09-07 04:00:00-04:00,101,72.0,68.13585539609784,boost_5y_absolute,True
2022-09-03 04:00:00+00:00,2022-09-07 09:00:00+00:00,2022-09-07 05:00:00-04:00,102,70.0,67.9630727677646,boost_5y_absolute,True
2022-09-03 04:00:00+00:00,2022-09-07 10:00:00+00:00,2022-09-07 06:00:00-04:00,103,72.0,67.75425175757007,boost_5y_absolute,True
2022-09-03 04:00:00+00:00,2022-09-07 11:00:00+00:00,2022-09-07 07:00:00-04:00,104,73.0,69.48081187761731,boost_5y_absolute,True
2022-09-03 04:00:00+00:00,2022-09-07 12:00:00+00:00,2022-09-07 08:00:00-04:00,105,76.0,72.78191653782977,boost_5y_absolute,True
2022-09-03 04:00:00+00:00,2022-09-07 13:00:00+00:00,2022-09-07 09:00:00-04:00,106,78.0,75.96960831722647,boost_5y_absolute,True
2022-09-03 04:00:00+00:00,2022-09-07 14:00:00+00:00,2022-09-07 10:00:00-04:00,107,81.0,78.59982379835287,boost_5y_absolute,True
2022-09-03 04:00:00+00:00,2022-09-07 15:00:00+00:00,2022-09-07 11:00:00-04:00,108,83.0,81.10928563278986,boost_5y_absolute,True
2022-09-03 04:00:00+00:00,2022-09-07 16:00:00+00:00,2022-09-07 12:00:00-04:00,109,85.0,82.41878862684436,boost_5y_absolute,True
2022-09-03 04:00:00+00:00,2022-09-07 17:00:00+00:00,2022-09-07 13:00:00-04:00,110,80.0,83.7826894574201,boost_5y_absolute,True
2022-09-03 04:00:00+00:00,2022-09-07 18:00:00+00:00,2022-09-07 14:00:00-04:00,111,79.0,84.27547579173499,boost_5y_absolute,True
2022-09-03 04:00:00+00:00,2022-09-07 19:00:00+00:00,2022-09-07 15:00:00-04:00,112,81.0,84.39431781508546,boost_5y_absolute,True
2022-09-03 04:00:00+00:00,2022-09-07 20:00:00+00:00,2022-09-07 16:00:00-04:00,113,79.0,83.94998246615668,boost_5y_absolute,True
2022-09-03 04:00:00+00:00,2022-09-07 21:00:00+00:00,2022-09-07 17:00:00-04:00,114,79.0,82.70169936142878,boost_5y_absolute,True
2022-09-03 04:00:00+00:00,2022-09-07 22:00:00+00:00,2022-09-07 18:00:00-04:00,115,72.0,80.45655316377618,boost_5y_absolute,True
2022-09-03 04:00:00+00:00,2022-09-07 23:00:00+00:00,2022-09-07 19:00:00-04:00,116,72.0,76.80038467812543,boost_5y_absolute,True
2022-09-03 04:00:00+00:00,2022-09-08 00:00:00+00:00,2022-09-07 20:00:00-04:00,117,71.0,74.5932173260598,boost_5y_absolute,True
2022-09-03 04:00:00+00:00,2022-09-08 01:00:00+00:00,2022-09-07 21:00:00-04:00,118,71.0,73.25685115848492,boost_5y_absolute,True
2022-09-03 04:00:00+00:00,2022-09-08 02:00:00+00:00,2022-09-07 22:00:00-04:00,119,73.0,72.18719348910531,boost_5y_absolute,True
2022-09-03 04:00:00+00:00,2022-09-08 03:00:00+00:00,2022-09-07 23:00:00-04:00,120,72.0,71.41048681120424,boost_5y_absolute,True
2022-09-03 04:00:00+00:00,2022-09-08 04:00:00+00:00,2022-09-08 00:00:00-04:00,121,72.0,70.53482024644136,boost_5y_absolute,True
2022-09-03 04:00:00+00:00,2022-09-08 05:00:00+00:00,2022-09-08 01:00:00-04:00,122,71.0,69.88463733678314,boost_5y_absolute,True
2022-09-03 04:00:00+00:00,2022-09-08 06:00:00+00:00,2022-09-08 02:00:00-04:00,123,71.0,69.11615859086822,boost_5y_absolute,True
2022-09-03 04:00:00+00:00,2022-09-08 07:00:00+00:00,2022-09-08 03:00:00-04:00,124,71.0,68.75503732466395,boost_5y_absolute,True
2022-09-03 04:00:00+00:00,2022-09-08 08:00:00+00:00,2022-09-08 04:00:00-04:00,125,71.0,68.1823252299321,boost_5y_absolute,True
2022-09-03 04:00:00+00:00,2022-09-08 09:00:00+00:00,2022-09-08 05:00:00-04:00,126,71.0,67.9992398422985,boost_5y_absolute,True
2022-09-03 04:00:00+00:00,2022-09-08 10:00:00+00:00,2022-09-08 06:00:00-04:00,127,71.0,67.81316883221301,boost_5y_absolute,True
2022-09-03 04:00:00+00:00,2022-09-08 11:00:00+00:00,2022-09-08 07:00:00-04:00,128,71.0,69.42154405022148,boost_5y_absolute,True
2022-09-03 04:00:00+00:00,2022-09-08 12:00:00+00:00,2022-09-08 08:00:00-04:00,129,73.0,72.63821906748421,boost_5y_absolute,True
2022-09-03 04:00:00+00:00,2022-09-08 13:00:00+00:00,2022-09-08 09:00:00-04:00,130,73.0,75.67974467305709,boost_5y_absolute,True
2022-09-03 04:00:00+00:00,2022-09-08 14:00:00+00:00,2022-09-08 10:00:00-04:00,131,74.0,78.18028580476144,boost_5y_absolute,True
2022-09-03 04:00:00+00:00,2022-09-08 15:00:00+00:00,2022-09-08 11:00:00-04:00,132,76.0,80.67806151438958,boost_5y_absolute,True
2022-09-03 04:00:00+00:00,2022-09-08 16:00:00+00:00,2022-09-08 12:00:00-04:00,133,76.0,81.88474724455656,boost_5y_absolute,True
2022-09-03 04:00:00+00:00,2022-09-08 17:00:00+00:00,2022-09-08 13:00:00-04:00,134,79.0,83.26785609305053,boost_5y_absolute,True
2022-09-03 04:00:00+00:00,2022-09-08 18:00:00+00:00,2022-09-08 14:00:00-04:00,135,79.0,83.72643559672811,boost_5y_absolute,True
2022-09-03 04:00:00+00:00,2022-09-08 19:00:00+00:00,2022-09-08 15:00:00-04:00,136,80.0,83.86521855597988,boost_5y_absolute,True
2022-09-03 04:00:00+00:00,2022-09-08 20:00:00+00:00,2022-09-08 16:00:00-04:00,137,80.0,83.3643349976521,boost_5y_absolute,True
2022-09-03 04:00:00+00:00,2022-09-08 21:00:00+00:00,2022-09-08 17:00:00-04:00,138,78.0,82.07989886559221,boost_5y_absolute,True
2022-09-03 04:00:00+00:00,2022-09-08 22:00:00+00:00,2022-09-08 18:00:00-04:00,139,76.0,79.85826379537731,boost_5y_absolute,True
2022-09-03 04:00:00+00:00,2022-09-08 23:00:00+00:00,2022-09-08 19:00:00-04:00,140,72.0,76.42097662275803,boost_5y_absolute,True
2022-09-03 04:00:00+00:00,2022-09-09 00:00:00+00:00,2022-09-08 20:00:00-04:00,141,71.0,74.25088709881582,boost_5y_absolute,True
2022-09-03 04:00:00+00:00,2022-09-09 01:00:00+00:00,2022-09-08 21:00:00-04:00,142,69.0,72.88871397812197,boost_5y_absolute,True
2022-09-03 04:00:00+00:00,2022-09-09 02:00:00+00:00,2022-09-08 22:00:00-04:00,143,69.0,71.84657083102815,boost_5y_absolute,True
2022-09-03 04:00:00+00:00,2022-09-09 03:00:00+00:00,2022-09-08 23:00:00-04:00,144,67.0,71.09866042349216,boost_5y_absolute,True
2022-09-03 04:00:00+00:00,2022-09-09 04:00:00+00:00,2022-09-09 00:00:00-04:00,145,67.0,70.30815126443844,boost_5y_absolute,True
2022-09-03 04:00:00+00:00,2022-09-09 05:00:00+00:00,2022-09-09 01:00:00-04:00,146,66.0,69.63624368469024,boost_5y_absolute,True
2022-09-03 04:00:00+00:00,2022-09-09 06:00:00+00:00,2022-09-09 02:00:00-04:00,147,65.0,68.8452258531055,boost_5y_absolute,True
2022-09-03 04:00:00+00:00,2022-09-09 07:00:00+00:00,2022-09-09 03:00:00-04:00,148,66.0,68.53775576409598,boost_5y_absolute,True
2022-09-03 04:00:00+00:00,2022-09-09 08:00:00+00:00,2022-09-09 04:00:00-04:00,149,64.0,68.00108798514626,boost_5y_absolute,True
2022-09-03 04:00:00+00:00,2022-09-09 09:00:00+00:00,2022-09-09 05:00:00-04:00,150,63.0,67.72743366623104,boost_5y_absolute,True
2022-09-03 04:00:00+00:00,2022-09-09 10:00:00+00:00,2022-09-09 06:00:00-04:00,151,63.0,67.54119380615514,boost_5y_absolute,True
2022-09-03 04:00:00+00:00,2022-09-09 11:00:00+00:00,2022-09-09 07:00:00-04:00,152,67.0,69.13764116128344,boost_5y_absolute,True
2022-09-03 04:00:00+00:00,2022-09-09 12:00:00+00:00,2022-09-09 08:00:00-04:00,153,70.0,72.27336891578221,boost_5y_absolute,True
2022-09-03 04:00:00+00:00,2022-09-09 13:00:00+00:00,2022-09-09 09:00:00-04:00,154,73.0,75.34602326492659,boost_5y_absolute,True
2022-09-03 04:00:00+00:00,2022-09-09 14:00:00+00:00,2022-09-09 10:00:00-04:00,155,76.0,77.784120486757,boost_5y_absolute,True
2022-09-03 04:00:00+00:00,2022-09-09 15:00:00+00:00,2022-09-09 11:00:00-04:00,156,77.0,80.29164311573672,boost_5y_absolute,True
2022-09-03 04:00:00+00:00,2022-09-09 16:00:00+00:00,2022-09-09 12:00:00-04:00,157,78.0,81.3943394323739,boost_5y_absolute,True
2022-09-03 04:00:00+00:00,2022-09-09 17:00:00+00:00,2022-09-09 13:00:00-04:00,158,80.0,82.67740478115373,boost_5y_absolute,True
2022-09-03 04:00:00+00:00,2022-09-09 18:00:00+00:00,2022-09-09 14:00:00-04:00,159,82.0,83.16567579835282,boost_5y_absolute,True
2022-09-03 04:00:00+00:00,2022-09-09 19:00:00+00:00,2022-09-09 15:00:00-04:00,160,82.0,83.56341549194416,boost_5y_absolute,True
2022-09-03 04:00:00+00:00,2022-09-09 20:00:00+00:00,2022-09-09 16:00:00-04:00,161,82.0,83.05523047491519,boost_5y_absolute,True
2022-09-03 04:00:00+00:00,2022-09-09 21:00:00+00:00,2022-09-09 17:00:00-04:00,162,81.0,81.86068541449133,boost_5y_absolute,True
2022-09-03 04:00:00+00:00,2022-09-09 22:00:00+00:00,2022-09-09 18:00:00-04:00,163,80.0,79.57187130593815,boost_5y_absolute,True
2022-09-03 04:00:00+00:00,2022-09-09 23:00:00+00:00,2022-09-09 19:00:00-04:00,164,73.0,76.0922905424127,boost_5y_absolute,True
2022-09-03 04:00:00+00:00,2022-09-10 00:00:00+00:00,2022-09-09 20:00:00-04:00,165,72.0,74.04652121319262,boost_5y_absolute,True
2022-09-03 04:00:00+00:00,2022-09-10 01:00:00+00:00,2022-09-09 21:00:00-04:00,166,73.0,72.65847726442314,boost_5y_absolute,True
2022-09-03 04:00:00+00:00,2022-09-10 02:00:00+00:00,2022-09-09 22:00:00-04:00,167,73.0,71.61711897901156,boost_5y_absolute,True
2022-09-03 04:00:00+00:00,2022-09-10 03:00:00+00:00,2022-09-09 23:00:00-04:00,168,72.0,70.99264166901975,boost_5y_absolute,True
2022-09-03 04:00:00+00:00,2022-09-10 04:00:00+00:00,2022-09-10 00:00:00-04:00,169,71.0,70.20285621961135,boost_5y_absolute,True
2022-09-03 04:00:00+00:00,2022-09-10 05:00:00+00:00,2022-09-10 01:00:00-04:00,170,70.0,69.51873880982188,boost_5y_absolute,True
2022-09-03 04:00:00+00:00,2022-09-10 06:00:00+00:00,2022-09-10 02:00:00-04:00,171,69.0,68.77237684314616,boost_5y_absolute,True
2022-09-03 04:00:00+00:00,2022-09-10 07:00:00+00:00,2022-09-10 03:00:00-04:00,172,69.0,68.41144895519233,boost_5y_absolute,True
2022-09-03 04:00:00+00:00,2022-09-10 08:00:00+00:00,2022-09-10 04:00:00-04:00,173,69.0,67.84606221591734,boost_5y_absolute,True
2022-09-03 04:00:00+00:00,2022-09-10 09:00:00+00:00,2022-09-10 05:00:00-04:00,174,69.0,67.53439834804898,boost_5y_absolute,True
2022-09-03 04:00:00+00:00,2022-09-10 10:00:00+00:00,2022-09-10 06:00:00-04:00,175,69.0,67.34848659490864,boost_5y_absolute,True
2022-09-03 04:00:00+00:00,2022-09-10 11:00:00+00:00,2022-09-10 07:00:00-04:00,176,70.0,68.93217752958329,boost_5y_absolute,True
2022-09-03 04:00:00+00:00,2022-09-10 12:00:00+00:00,2022-09-10 08:00:00-04:00,177,71.0,72.13390248308568,boost_5y_absolute,True
2022-09-03 04:00:00+00:00,2022-09-10 13:00:00+00:00,2022-09-10 09:00:00-04:00,178,72.0,75.25469490293078,boost_5y_absolute,True
2022-09-03 04:00:00+00:00,2022-09-10 14:00:00+00:00,2022-09-10 10:00:00-04:00,179,73.0,77.67300360510106,boost_5y_absolute,True
2022-09-03 04:00:00+00:00,2022-09-10 15:00:00+00:00,2022-09-10 11:00:00-04:00,180,79.0,80.16744732473545,boost_5y_absolute,True
2022-09-03 04:00:00+00:00,2022-09-10 16:00:00+00:00,2022-09-10 12:00:00-04:00,181,82.0,81.29747894510702,boost_5y_absolute,True
2022-09-03 04:00:00+00:00,2022-09-10 17:00:00+00:00,2022-09-10 13:00:00-04:00,182,77.0,82.50678399672745,boost_5y_absolute,True
2022-09-03 04:00:00+00:00,2022-09-10 18:00:00+00:00,2022-09-10 14:00:00-04:00,183,81.0,82.93325932745478,boost_5y_absolute,True
2022-09-03 04:00:00+00:00,2022-09-10 19:00:00+00:00,2022-09-10 15:00:00-04:00,184,81.0,83.3607658086831,boost_5y_absolute,True
2022-09-03 04:00:00+00:00,2022-09-10 20:00:00+00:00,2022-09-10 16:00:00-04:00,185,76.0,82.87928400509269,boost_5y_absolute,True
2022-09-03 04:00:00+00:00,2022-09-10 21:00:00+00:00,2022-09-10 17:00:00-04:00,186,76.0,81.67902463199282,boost_5y_absolute,True
2022-09-03 04:00:00+00:00,2022-09-10 22:00:00+00:00,2022-09-10 18:00:00-04:00,187,75.0,79.34854639664486,boost_5y_absolute,True
2022-09-03 04:00:00+00:00,2022-09-10 23:00:00+00:00,2022-09-10 19:00:00-04:00,188,75.0,75.9395616027852,boost_5y_absolute,True
2022-09-03 04:00:00+00:00,2022-09-11 00:00:00+00:00,2022-09-10 20:00:00-04:00,189,75.0,74.03152169455453,boost_5y_absolute,True
2022-09-03 04:00:00+00:00,2022-09-11 01:00:00+00:00,2022-09-10 21:00:00-04:00,190,75.0,72.61931342573973,boost_5y_absolute,True
2022-09-03 04:00:00+00:00,2022-09-11 02:00:00+00:00,2022-09-10 22:00:00-04:00,191,75.0,71.56479417902949,boost_5y_absolute,True
2022-09-03 04:00:00+00:00,2022-09-11 03:00:00+00:00,2022-09-10 23:00:00-04:00,192,75.0,70.98539254706603,boost_5y_absolute,True
2022-09-03 04:00:00+00:00,2022-09-11 04:00:00+00:00,2022-09-11 00:00:00-04:00,193,75.0,70.39641957848649,boost_5y_absolute,True
2022-09-03 04:00:00+00:00,2022-09-11 05:00:00+00:00,2022-09-11 01:00:00-04:00,194,74.0,69.68517902092799,boost_5y_absolute,True
2022-09-03 04:00:00+00:00,2022-09-11 06:00:00+00:00,2022-09-11 02:00:00-04:00,195,74.0,69.00984850843851,boost_5y_absolute,True
2022-09-03 04:00:00+00:00,2022-09-11 07:00:00+00:00,2022-09-11 03:00:00-04:00,196,75.0,68.60821841189882,boost_5y_absolute,True
2022-09-03 04:00:00+00:00,2022-09-11 08:00:00+00:00,2022-09-11 04:00:00-04:00,197,74.0,68.02110643582455,boost_5y_absolute,True
2022-09-03 04:00:00+00:00,2022-09-11 09:00:00+00:00,2022-09-11 05:00:00-04:00,198,74.0,67.72647763625775,boost_5y_absolute,True
2022-09-03 04:00:00+00:00,2022-09-11 10:00:00+00:00,2022-09-11 06:00:00-04:00,199,74.0,67.43809758884002,boost_5y_absolute,True
2022-09-03 04:00:00+00:00,2022-09-11 11:00:00+00:00,2022-09-11 07:00:00-04:00,200,74.0,68.92757062000729,boost_5y_absolute,True
2022-09-03 04:00:00+00:00,2022-09-11 12:00:00+00:00,2022-09-11 08:00:00-04:00,201,75.0,71.9687457818538,boost_5y_absolute,True
2022-09-03 04:00:00+00:00,2022-09-11 13:00:00+00:00,2022-09-11 09:00:00-04:00,202,77.0,74.99166828702599,boost_5y_absolute,True
2022-09-03 04:00:00+00:00,2022-09-11 14:00:00+00:00,2022-09-11 10:00:00-04:00,203,81.0,77.32598608784149,boost_5y_absolute,True
2022-09-03 04:00:00+00:00,2022-09-11 15:00:00+00:00,2022-09-11 11:00:00-04:00,204,82.0,79.75972549635284,boost_5y_absolute,True
2022-09-03 04:00:00+00:00,2022-09-11 16:00:00+00:00,2022-09-11 12:00:00-04:00,205,86.0,80.8611500780545,boost_5y_absolute,True
2022-09-03 04:00:00+00:00,2022-09-11 17:00:00+00:00,2022-09-11 13:00:00-04:00,206,85.0,82.07148348744293,boost_5y_absolute,True
2022-09-03 04:00:00+00:00,2022-09-11 18:00:00+00:00,2022-09-11 14:00:00-04:00,207,89.0,82.47988236464577,boost_5y_absolute,True
2022-09-03 04:00:00+00:00,2022-09-11 19:00:00+00:00,2022-09-11 15:00:00-04:00,208,87.0,82.83345591737039,boost_5y_absolute,True
2022-09-03 04:00:00+00:00,2022-09-11 20:00:00+00:00,2022-09-11 16:00:00-04:00,209,84.0,82.35262665358772,boost_5y_absolute,True
2022-09-03 04:00:00+00:00,2022-09-11 21:00:00+00:00,2022-09-11 17:00:00-04:00,210,84.0,81.20542135279386,boost_5y_absolute,True
2022-09-03 04:00:00+00:00,2022-09-11 22:00:00+00:00,2022-09-11 18:00:00-04:00,211,83.0,78.91464457285367,boost_5y_absolute,True
2022-09-03 04:00:00+00:00,2022-09-11 23:00:00+00:00,2022-09-11 19:00:00-04:00,212,80.0,75.52902219596635,boost_5y_absolute,True
2022-09-03 04:00:00+00:00,2022-09-12 00:00:00+00:00,2022-09-11 20:00:00-04:00,213,80.0,73.69932227034327,boost_5y_absolute,True
2022-09-03 04:00:00+00:00,2022-09-12 01:00:00+00:00,2022-09-11 21:00:00-04:00,214,79.0,72.3523890938575,boost_5y_absolute,True
2022-09-03 04:00:00+00:00,2022-09-12 02:00:00+00:00,2022-09-11 22:00:00-04:00,215,78.0,71.37879292664391,boost_5y_absolute,True
2022-09-03 04:00:00+00:00,2022-09-12 03:00:00+00:00,2022-09-11 23:00:00-04:00,216,78.0,70.73217611543815,boost_5y_absolute,True
2022-09-03 04:00:00+00:00,2022-09-12 04:00:00+00:00,2022-09-12 00:00:00-04:00,217,77.0,70.07894620075443,boost_5y_absolute,True
2022-09-03 04:00:00+00:00,2022-09-12 05:00:00+00:00,2022-09-12 01:00:00-04:00,218,76.0,69.3615898407399,boost_5y_absolute,True
2022-09-03 04:00:00+00:00,2022-09-12 06:00:00+00:00,2022-09-12 02:00:00-04:00,219,76.0,68.70257020979822,boost_5y_absolute,True
2022-09-03 04:00:00+00:00,2022-09-12 07:00:00+00:00,2022-09-12 03:00:00-04:00,220,75.0,68.26308281016641,boost_5y_absolute,True
2022-09-03 04:00:00+00:00,2022-09-12 08:00:00+00:00,2022-09-12 04:00:00-04:00,221,74.0,67.7031535120007,boost_5y_absolute,True
2022-09-03 04:00:00+00:00,2022-09-12 09:00:00+00:00,2022-09-12 05:00:00-04:00,222,74.0,67.43080696809592,boost_5y_absolute,True
2022-09-03 04:00:00+00:00,2022-09-12 10:00:00+00:00,2022-09-12 06:00:00-04:00,223,74.0,67.15928860123799,boost_5y_absolute,True
2022-09-03 04:00:00+00:00,2022-09-12 11:00:00+00:00,2022-09-12 07:00:00-04:00,224,75.0,68.60767067191712,boost_5y_absolute,True
2022-09-03 04:00:00+00:00,2022-09-12 12:00:00+00:00,2022-09-12 08:00:00-04:00,225,77.0,71.61111120494746,boost_5y_absolute,True
2022-09-03 04:00:00+00:00,2022-09-12 13:00:00+00:00,2022-09-12 09:00:00-04:00,226,81.0,74.52639828639846,boost_5y_absolute,True
2022-09-03 04:00:00+00:00,2022-09-12 14:00:00+00:00,2022-09-12 10:00:00-04:00,227,84.0,76.90668442632062,boost_5y_absolute,True
2022-09-03 04:00:00+00:00,2022-09-12 15:00:00+00:00,2022-09-12 11:00:00-04:00,228,87.0,79.29078163645568,boost_5y_absolute,True
2022-09-03 04:00:00+00:00,2022-09-12 16:00:00+00:00,2022-09-12 12:00:00-04:00,229,91.0,80.44241041194552,boost_5y_absolute,True
2022-09-03 04:00:00+00:00,2022-09-12 17:00:00+00:00,2022-09-12 13:00:00-04:00,230,90.0,81.54399909633742,boost_5y_absolute,True
2022-09-03 04:00:00+00:00,2022-09-12 18:00:00+00:00,2022-09-12 14:00:00-04:00,231,87.0,82.10516082402111,boost_5y_absolute,True
2022-09-03 04:00:00+00:00,2022-09-12 19:00:00+00:00,2022-09-12 15:00:00-04:00,232,91.0,82.4158738412425,boost_5y_absolute,True
2022-09-03 04:00:00+00:00,2022-09-12 20:00:00+00:00,2022-09-12 16:00:00-04:00,233,90.0,81.97040764948065,boost_5y_absolute,True
2022-09-03 04:00:00+00:00,2022-09-12 21:00:00+00:00,2022-09-12 17:00:00-04:00,234,85.0,80.84902585665672,boost_5y_absolute,True
2022-09-03 04:00:00+00:00,2022-09-12 22:00:00+00:00,2022-09-12 18:00:00-04:00,235,80.0,78.45369252955938,boost_5y_absolute,True
2022-09-03 04:00:00+00:00,2022-09-12 23:00:00+00:00,2022-09-12 19:00:00-04:00,236,75.0,75.0473305479234,boost_5y_absolute,True
2022-09-03 04:00:00+00:00,2022-09-13 00:00:00+00:00,2022-09-12 20:00:00-04:00,237,74.0,73.17384501169231,boost_5y_absolute,True
2022-09-03 04:00:00+00:00,2022-09-13 01:00:00+00:00,2022-09-12 21:00:00-04:00,238,73.0,71.8269873823957,boost_5y_absolute,True
2022-09-03 04:00:00+00:00,2022-09-13 02:00:00+00:00,2022-09-12 22:00:00-04:00,239,74.0,70.83994716965347,boost_5y_absolute,True
2022-09-03 04:00:00+00:00,2022-09-13 03:00:00+00:00,2022-09-12 23:00:00-04:00,240,73.0,70.16563761904327,boost_5y_absolute,True
2022-09-03 04:00:00+00:00,2022-09-13 04:00:00+00:00,2022-09-13 00:00:00-04:00,241,71.0,69.51151653064441,boost_5y_absolute,True
2022-09-03 04:00:00+00:00,2022-09-13 05:00:00+00:00,2022-09-13 01:00:00-04:00,242,72.0,68.79056821542164,boost_5y_absolute,True
2022-09-03 04:00:00+00:00,2022-09-13 06:00:00+00:00,2022-09-13 02:00:00-04:00,243,72.0,68.2236524125334,boost_5y_absolute,True
2022-09-03 04:00:00+00:00,2022-09-13 07:00:00+00:00,2022-09-13 03:00:00-04:00,244,71.0,67.7043838064315,boost_5y_absolute,True
2022-09-03 04:00:00+00:00,2022-09-13 08:00:00+00:00,2022-09-13 04:00:00-04:00,245,70.0,67.19835006768352,boost_5y_absolute,True
2022-09-03 04:00:00+00:00,2022-09-13 09:00:00+00:00,2022-09-13 05:00:00-04:00,246,69.0,66.946494542586,boost_5y_absolute,True
2022-09-03 04:00:00+00:00,2022-09-13 10:00:00+00:00,2022-09-13 06:00:00-04:00,247,68.0,66.62548520448496,boost_5y_absolute,True
2022-09-03 04:00:00+00:00,2022-09-13 11:00:00+00:00,2022-09-13 07:00:00-04:00,248,68.0,68.00091838399977,boost_5y_absolute,True
2022-09-03 04:00:00+00:00,2022-09-13 12:00:00+00:00,2022-09-13 08:00:00-04:00,249,71.0,71.02646082865388,boost_5y_absolute,True
2022-09-03 04:00:00+00:00,2022-09-13 13:00:00+00:00,2022-09-13 09:00:00-04:00,250,74.0,73.97981195623095,boost_5y_absolute,True
2022-09-03 04:00:00+00:00,2022-09-13 14:00:00+00:00,2022-09-13 10:00:00-04:00,251,77.0,76.34609195284139,boost_5y_absolute,True
2022-09-03 04:00:00+00:00,2022-09-13 15:00:00+00:00,2022-09-13 11:00:00-04:00,252,79.0,78.74453244996292,boost_5y_absolute,True
2022-09-03 04:00:00+00:00,2022-09-13 16:00:00+00:00,2022-09-13 12:00:00-04:00,253,81.0,79.94579197769612,boost_5y_absolute,True
2022-09-03 04:00:00+00:00,2022-09-13 17:00:00+00:00,2022-09-13 13:00:00-04:00,254,84.0,81.11071898635089,boost_5y_absolute,True
2022-09-03 04:00:00+00:00,2022-09-13 18:00:00+00:00,2022-09-13 14:00:00-04:00,255,85.0,81.59199623883167,boost_5y_absolute,True
2022-09-03 04:00:00+00:00,2022-09-13 19:00:00+00:00,2022-09-13 15:00:00-04:00,256,84.0,81.95192272866498,boost_5y_absolute,True
2022-09-03 04:00:00+00:00,2022-09-13 20:00:00+00:00,2022-09-13 16:00:00-04:00,257,85.0,81.5248445373992,boost_5y_absolute,True
2022-09-03 04:00:00+00:00,2022-09-13 21:00:00+00:00,2022-09-13 17:00:00-04:00,258,83.0,80.37952758882781,boost_5y_absolute,True
2022-09-03 04:00:00+00:00,2022-09-13 22:00:00+00:00,2022-09-13 18:00:00-04:00,259,80.0,77.90085164213849,boost_5y_absolute,True
2022-09-03 04:00:00+00:00,2022-09-13 23:00:00+00:00,2022-09-13 19:00:00-04:00,260,75.0,74.51324609742237,boost_5y_absolute,True
2022-09-03 04:00:00+00:00,2022-09-14 00:00:00+00:00,2022-09-13 20:00:00-04:00,261,67.0,72.66865754148104,boost_5y_absolute,True
2022-09-03 04:00:00+00:00,2022-09-14 01:00:00+00:00,2022-09-13 21:00:00-04:00,262,69.0,71.44214732002055,boost_5y_absolute,True
2022-09-03 04:00:00+00:00,2022-09-14 02:00:00+00:00,2022-09-13 22:00:00-04:00,263,65.0,70.4363853092457,boost_5y_absolute,True
2022-09-03 04:00:00+00:00,2022-09-14 03:00:00+00:00,2022-09-13 23:00:00-04:00,264,63.0,69.6802031603027,boost_5y_absolute,True
2022-09-03 04:00:00+00:00,2022-09-14 04:00:00+00:00,2022-09-14 00:00:00-04:00,265,63.0,69.05481382696912,boost_5y_absolute,True
2022-09-03 04:00:00+00:00,2022-09-14 05:00:00+00:00,2022-09-14 01:00:00-04:00,266,64.0,68.30746766275306,boost_5y_absolute,True
2022-09-03 04:00:00+00:00,2022-09-14 06:00:00+00:00,2022-09-14 02:00:00-04:00,267,61.0,67.75584560677919,boost_5y_absolute,True
2022-09-03 04:00:00+00:00,2022-09-14 07:00:00+00:00,2022-09-14 03:00:00-04:00,268,60.0,67.2275101874374,boost_5y_absolute,True
2022-09-03 04:00:00+00:00,2022-09-14 08:00:00+00:00,2022-09-14 04:00:00-04:00,269,59.0,66.7418379119022,boost_5y_absolute,True
2022-09-03 04:00:00+00:00,2022-09-14 09:00:00+00:00,2022-09-14 05:00:00-04:00,270,60.0,66.45618284422288,boost_5y_absolute,True
2022-09-03 04:00:00+00:00,2022-09-14 10:00:00+00:00,2022-09-14 06:00:00-04:00,271,60.0,66.15715885959825,boost_5y_absolute,True
2022-09-03 04:00:00+00:00,2022-09-14 11:00:00+00:00,2022-09-14 07:00:00-04:00,272,62.0,67.53538825721202,boost_5y_absolute,True
2022-09-03 04:00:00+00:00,2022-09-14 12:00:00+00:00,2022-09-14 08:00:00-04:00,273,66.0,70.63432188673092,boost_5y_absolute,True
2022-09-03 04:00:00+00:00,2022-09-14 13:00:00+00:00,2022-09-14 09:00:00-04:00,274,72.0,73.71774866560521,boost_5y_absolute,True
2022-09-03 04:00:00+00:00,2022-09-14 14:00:00+00:00,2022-09-14 10:00:00-04:00,275,73.0,76.09507434082578,boost_5y_absolute,True
2022-09-03 04:00:00+00:00,2022-09-14 15:00:00+00:00,2022-09-14 11:00:00-04:00,276,76.0,78.54643667434324,boost_5y_absolute,True
2022-09-03 04:00:00+00:00,2022-09-14 16:00:00+00:00,2022-09-14 12:00:00-04:00,277,78.0,79.75991895801738,boost_5y_absolute,True
2022-09-03 04:00:00+00:00,2022-09-14 17:00:00+00:00,2022-09-14 13:00:00-04:00,278,78.0,80.99975159733835,boost_5y_absolute,True
2022-09-03 04:00:00+00:00,2022-09-14 18:00:00+00:00,2022-09-14 14:00:00-04:00,279,80.0,81.56113465132636,boost_5y_absolute,True
2022-09-03 04:00:00+00:00,2022-09-14 19:00:00+00:00,2022-09-14 15:00:00-04:00,280,80.0,81.86705004743942,boost_5y_absolute,True
2022-09-03 04:00:00+00:00,2022-09-14 20:00:00+00:00,2022-09-14 16:00:00-04:00,281,80.0,81.2796424724062,boost_5y_absolute,True
2022-09-03 04:00:00+00:00,2022-09-14 21:00:00+00:00,2022-09-14 17:00:00-04:00,282,78.0,80.13109859273084,boost_5y_absolute,True
2022-09-03 04:00:00+00:00,2022-09-14 22:00:00+00:00,2022-09-14 18:00:00-04:00,283,76.0,77.59242801164467,boost_5y_absolute,True
2022-09-03 04:00:00+00:00,2022-09-14 23:00:00+00:00,2022-09-14 19:00:00-04:00,284,71.0,74.32458386360226,boost_5y_absolute,True
2022-09-03 04:00:00+00:00,2022-09-15 00:00:00+00:00,2022-09-14 20:00:00-04:00,285,67.0,72.52415282868657,boost_5y_absolute,True
2022-09-03 04:00:00+00:00,2022-09-15 01:00:00+00:00,2022-09-14 21:00:00-04:00,286,65.0,71.3903944056518,boost_5y_absolute,True
2022-09-03 04:00:00+00:00,2022-09-15 02:00:00+00:00,2022-09-14 22:00:00-04:00,287,64.0,70.37515628158283,boost_5y_absolute,True
2022-09-03 04:00:00+00:00,2022-09-15 03:00:00+00:00,2022-09-14 23:00:00-04:00,288,61.0,69.58292762326805,boost_5y_absolute,True
2022-09-03 04:00:00+00:00,2022-09-15 04:00:00+00:00,2022-09-15 00:00:00-04:00,289,62.0,69.01996758384558,boost_5y_absolute,True
2022-09-03 04:00:00+00:00,2022-09-15 05:00:00+00:00,2022-09-15 01:00:00-04:00,290,61.0,68.2456230429177,boost_5y_absolute,True
2022-09-03 04:00:00+00:00,2022-09-15 06:00:00+00:00,2022-09-15 02:00:00-04:00,291,59.0,67.80219714011868,boost_5y_absolute,True
2022-09-03 04:00:00+00:00,2022-09-15 07:00:00+00:00,2022-09-15 03:00:00-04:00,292,60.0,67.2821403884643,boost_5y_absolute,True
2022-09-03 04:00:00+00:00,2022-09-15 08:00:00+00:00,2022-09-15 04:00:00-04:00,293,59.0,66.84066922582697,boost_5y_absolute,True
2022-09-03 04:00:00+00:00,2022-09-15 09:00:00+00:00,2022-09-15 05:00:00-04:00,294,59.0,66.59673206771022,boost_5y_absolute,True
2022-09-03 04:00:00+00:00,2022-09-15 10:00:00+00:00,2022-09-15 06:00:00-04:00,295,58.0,66.3213185674599,boost_5y_absolute,True
2022-09-03 04:00:00+00:00,2022-09-15 11:00:00+00:00,2022-09-15 07:00:00-04:00,296,63.0,67.57450703683658,boost_5y_absolute,True
2022-09-03 04:00:00+00:00,2022-09-15 12:00:00+00:00,2022-09-15 08:00:00-04:00,297,67.0,70.55198053381339,boost_5y_absolute,True
2022-09-03 04:00:00+00:00,2022-09-15 13:00:00+00:00,2022-09-15 09:00:00-04:00,298,72.0,73.54667419219571,boost_5y_absolute,True
2022-09-03 04:00:00+00:00,2022-09-15 14:00:00+00:00,2022-09-15 10:00:00-04:00,299,76.0,76.00227992840934,boost_5y_absolute,True
2022-09-03 04:00:00+00:00,2022-09-15 15:00:00+00:00,2022-09-15 11:00:00-04:00,300,78.0,78.32454373681207,boost_5y_absolute,True
2022-09-03 04:00:00+00:00,2022-09-15 16:00:00+00:00,2022-09-15 12:00:00-04:00,301,80.0,79.6583435336158,boost_5y_absolute,True
2022-09-03 04:00:00+00:00,2022-09-15 17:00:00+00:00,2022-09-15 13:00:00-04:00,302,80.0,80.751719471343,boost_5y_absolute,True
2022-09-03 04:00:00+00:00,2022-09-15 18:00:00+00:00,2022-09-15 14:00:00-04:00,303,82.0,81.40723981188385,boost_5y_absolute,True
2022-09-03 04:00:00+00:00,2022-09-15 19:00:00+00:00,2022-09-15 15:00:00-04:00,304,82.0,81.52677214378359,boost_5y_absolute,True
2022-09-03 04:00:00+00:00,2022-09-15 20:00:00+00:00,2022-09-15 16:00:00-04:00,305,83.0,81.03297759284148,boost_5y_absolute,True
2022-09-03 04:00:00+00:00,2022-09-15 21:00:00+00:00,2022-09-15 17:00:00-04:00,306,81.0,79.8448509181345,boost_5y_absolute,True
2022-09-03 04:00:00+00:00,2022-09-15 22:00:00+00:00,2022-09-15 18:00:00-04:00,307,78.0,77.33779465503282,boost_5y_absolute,True
2022-09-03 04:00:00+00:00,2022-09-15 23:00:00+00:00,2022-09-15 19:00:00-04:00,308,73.0,74.16259089374707,boost_5y_absolute,True
2022-09-03 04:00:00+00:00,2022-09-16 00:00:00+00:00,2022-09-15 20:00:00-04:00,309,71.0,72.59185614762565,boost_5y_absolute,True
2022-09-03 04:00:00+00:00,2022-09-16 01:00:00+00:00,2022-09-15 21:00:00-04:00,310,69.0,71.32493399794389,boost_5y_absolute,True
2022-09-03 04:00:00+00:00,2022-09-16 02:00:00+00:00,2022-09-15 22:00:00-04:00,311,66.0,70.36880767712714,boost_5y_absolute,True
2022-09-03 04:00:00+00:00,2022-09-16 03:00:00+00:00,2022-09-15 23:00:00-04:00,312,64.0,69.60715751998109,boost_5y_absolute,True
2022-09-03 04:00:00+00:00,2022-09-16 04:00:00+00:00,2022-09-16 00:00:00-04:00,313,65.0,68.83624801191564,boost_5y_absolute,True
2022-09-03 04:00:00+00:00,2022-09-16 05:00:00+00:00,2022-09-16 01:00:00-04:00,314,64.0,68.07540473081052,boost_5y_absolute,True
2022-09-03 04:00:00+00:00,2022-09-16 06:00:00+00:00,2022-09-16 02:00:00-04:00,315,63.0,67.59283288246603,boost_5y_absolute,True
2022-09-03 04:00:00+00:00,2022-09-16 07:00:00+00:00,2022-09-16 03:00:00-04:00,316,62.0,67.0170832121391,boost_5y_absolute,True
2022-09-03 04:00:00+00:00,2022-09-16 08:00:00+00:00,2022-09-16 04:00:00-04:00,317,60.0,66.53302173286268,boost_5y_absolute,True
2022-09-03 04:00:00+00:00,2022-09-16 09:00:00+00:00,2022-09-16 05:00:00-04:00,318,61.0,66.29701475433005,boost_5y_absolute,True
2022-09-03 04:00:00+00:00,2022-09-16 10:00:00+00:00,2022-09-16 06:00:00-04:00,319,60.0,65.99670117321006,boost_5y_absolute,True
2022-09-03 04:00:00+00:00,2022-09-16 11:00:00+00:00,2022-09-16 07:00:00-04:00,320,63.0,67.23666244104638,boost_5y_absolute,True
2022-09-03 04:00:00+00:00,2022-09-16 12:00:00+00:00,2022-09-16 08:00:00-04:00,321,69.0,70.12942707010546,boost_5y_absolute,True
2022-09-03 04:00:00+00:00,2022-09-16 13:00:00+00:00,2022-09-16 09:00:00-04:00,322,74.0,73.12827040476427,boost_5y_absolute,True
2022-09-03 04:00:00+00:00,2022-09-16 14:00:00+00:00,2022-09-16 10:00:00-04:00,323,79.0,75.6360690153269,boost_5y_absolute,True
2022-09-03 04:00:00+00:00,2022-09-16 15:00:00+00:00,2022-09-16 11:00:00-04:00,324,80.0,77.98261305106243,boost_5y_absolute,True
2022-09-03 04:00:00+00:00,2022-09-16 16:00:00+00:00,2022-09-16 12:00:00-04:00,325,81.0,79.29995311820112,boost_5y_absolute,True
2022-09-03 04:00:00+00:00,2022-09-16 17:00:00+00:00,2022-09-16 13:00:00-04:00,326,83.0,80.4064435685444,boost_5y_absolute,True
2022-09-03 04:00:00+00:00,2022-09-16 18:00:00+00:00,2022-09-16 14:00:00-04:00,327,83.0,81.06020026308907,boost_5y_absolute,True
2022-09-03 04:00:00+00:00,2022-09-16 19:00:00+00:00,2022-09-16 15:00:00-04:00,328,83.0,81.0865883098852,boost_5y_absolute,True
2022-09-03 04:00:00+00:00,2022-09-16 20:00:00+00:00,2022-09-16 16:00:00-04:00,329,84.0,80.72636380458896,boost_5y_absolute,True
2022-09-03 04:00:00+00:00,2022-09-16 21:00:00+00:00,2022-09-16 17:00:00-04:00,330,82.0,79.4600493767843,boost_5y_absolute,True
2022-09-03 04:00:00+00:00,2022-09-16 22:00:00+00:00,2022-09-16 18:00:00-04:00,331,78.0,76.83691808520753,boost_5y_absolute,True
2022-09-03 04:00:00+00:00,2022-09-16 23:00:00+00:00,2022-09-16 19:00:00-04:00,332,76.0,73.8267900092109,boost_5y_absolute,True
2022-09-03 04:00:00+00:00,2022-09-17 00:00:00+00:00,2022-09-16 20:00:00-04:00,333,71.0,72.25529041827596,boost_5y_absolute,True
2022-09-03 04:00:00+00:00,2022-09-17 01:00:00+00:00,2022-09-16 21:00:00-04:00,334,69.0,70.97503001372797,boost_5y_absolute,True
2022-09-03 04:00:00+00:00,2022-09-17 02:00:00+00:00,2022-09-16 22:00:00-04:00,335,68.0,70.00449434499343,boost_5y_absolute,True
2022-09-03 04:00:00+00:00,2022-09-17 03:00:00+00:00,2022-09-16 23:00:00-04:00,336,66.0,69.22995154764244,boost_5y_absolute,True
2022-09-10 04:00:00+00:00,2022-09-10 04:00:00+00:00,2022-09-10 00:00:00-04:00,1,71.0,71.59512855781024,boost_5y_absolute,True
2022-09-10 04:00:00+00:00,2022-09-10 05:00:00+00:00,2022-09-10 01:00:00-04:00,2,70.0,71.06527626157168,boost_5y_absolute,True
2022-09-10 04:00:00+00:00,2022-09-10 06:00:00+00:00,2022-09-10 02:00:00-04:00,3,69.0,70.53001694740617,boost_5y_absolute,True
2022-09-10 04:00:00+00:00,2022-09-10 07:00:00+00:00,2022-09-10 03:00:00-04:00,4,69.0,70.11155475810459,boost_5y_absolute,True
2022-09-10 04:00:00+00:00,2022-09-10 08:00:00+00:00,2022-09-10 04:00:00-04:00,5,69.0,69.3401047853676,boost_5y_absolute,True
2022-09-10 04:00:00+00:00,2022-09-10 09:00:00+00:00,2022-09-10 05:00:00-04:00,6,69.0,68.86462757191471,boost_5y_absolute,True
2022-09-10 04:00:00+00:00,2022-09-10 10:00:00+00:00,2022-09-10 06:00:00-04:00,7,69.0,68.67339140249187,boost_5y_absolute,True
2022-09-10 04:00:00+00:00,2022-09-10 11:00:00+00:00,2022-09-10 07:00:00-04:00,8,70.0,70.04207419437894,boost_5y_absolute,True
2022-09-10 04:00:00+00:00,2022-09-10 12:00:00+00:00,2022-09-10 08:00:00-04:00,9,71.0,73.22987872426977,boost_5y_absolute,True
2022-09-10 04:00:00+00:00,2022-09-10 13:00:00+00:00,2022-09-10 09:00:00-04:00,10,72.0,76.40939231372548,boost_5y_absolute,True
2022-09-10 04:00:00+00:00,2022-09-10 14:00:00+00:00,2022-09-10 10:00:00-04:00,11,73.0,79.03655939660467,boost_5y_absolute,True
2022-09-10 04:00:00+00:00,2022-09-10 15:00:00+00:00,2022-09-10 11:00:00-04:00,12,79.0,81.4278154300021,boost_5y_absolute,True
2022-09-10 04:00:00+00:00,2022-09-10 16:00:00+00:00,2022-09-10 12:00:00-04:00,13,82.0,82.61367163428532,boost_5y_absolute,True
2022-09-10 04:00:00+00:00,2022-09-10 17:00:00+00:00,2022-09-10 13:00:00-04:00,14,77.0,83.6447568909428,boost_5y_absolute,True
2022-09-10 04:00:00+00:00,2022-09-10 18:00:00+00:00,2022-09-10 14:00:00-04:00,15,81.0,84.09779694749881,boost_5y_absolute,True
2022-09-10 04:00:00+00:00,2022-09-10 19:00:00+00:00,2022-09-10 15:00:00-04:00,16,81.0,84.60455776554281,boost_5y_absolute,True
2022-09-10 04:00:00+00:00,2022-09-10 20:00:00+00:00,2022-09-10 16:00:00-04:00,17,76.0,84.15380317293456,boost_5y_absolute,True
2022-09-10 04:00:00+00:00,2022-09-10 21:00:00+00:00,2022-09-10 17:00:00-04:00,18,76.0,82.87045942144795,boost_5y_absolute,True
2022-09-10 04:00:00+00:00,2022-09-10 22:00:00+00:00,2022-09-10 18:00:00-04:00,19,75.0,80.39129922268909,boost_5y_absolute,True
2022-09-10 04:00:00+00:00,2022-09-10 23:00:00+00:00,2022-09-10 19:00:00-04:00,20,75.0,76.9386475827278,boost_5y_absolute,True
2022-09-10 04:00:00+00:00,2022-09-11 00:00:00+00:00,2022-09-10 20:00:00-04:00,21,75.0,74.9662846666892,boost_5y_absolute,True
2022-09-10 04:00:00+00:00,2022-09-11 01:00:00+00:00,2022-09-10 21:00:00-04:00,22,75.0,74.03842702970306,boost_5y_absolute,True
2022-09-10 04:00:00+00:00,2022-09-11 02:00:00+00:00,2022-09-10 22:00:00-04:00,23,75.0,73.05919985996684,boost_5y_absolute,True
2022-09-10 04:00:00+00:00,2022-09-11 03:00:00+00:00,2022-09-10 23:00:00-04:00,24,75.0,72.40946442264898,boost_5y_absolute,True
2022-09-10 04:00:00+00:00,2022-09-11 04:00:00+00:00,2022-09-11 00:00:00-04:00,25,75.0,71.92857036577294,boost_5y_absolute,True
2022-09-10 04:00:00+00:00,2022-09-11 05:00:00+00:00,2022-09-11 01:00:00-04:00,26,74.0,71.28586878883098,boost_5y_absolute,True
2022-09-10 04:00:00+00:00,2022-09-11 06:00:00+00:00,2022-09-11 02:00:00-04:00,27,74.0,70.6754880922588,boost_5y_absolute,True
2022-09-10 04:00:00+00:00,2022-09-11 07:00:00+00:00,2022-09-11 03:00:00-04:00,28,75.0,70.35449382749039,boost_5y_absolute,True
2022-09-10 04:00:00+00:00,2022-09-11 08:00:00+00:00,2022-09-11 04:00:00-04:00,29,74.0,69.62081522935142,boost_5y_absolute,True
2022-09-10 04:00:00+00:00,2022-09-11 09:00:00+00:00,2022-09-11 05:00:00-04:00,30,74.0,69.18158362912654,boost_5y_absolute,True
2022-09-10 04:00:00+00:00,2022-09-11 10:00:00+00:00,2022-09-11 06:00:00-04:00,31,74.0,68.85891760384241,boost_5y_absolute,True
2022-09-10 04:00:00+00:00,2022-09-11 11:00:00+00:00,2022-09-11 07:00:00-04:00,32,74.0,70.28345720373784,boost_5y_absolute,True
2022-09-10 04:00:00+00:00,2022-09-11 12:00:00+00:00,2022-09-11 08:00:00-04:00,33,75.0,73.19156338838529,boost_5y_absolute,True
2022-09-10 04:00:00+00:00,2022-09-11 13:00:00+00:00,2022-09-11 09:00:00-04:00,34,77.0,76.34259267158147,boost_5y_absolute,True
2022-09-10 04:00:00+00:00,2022-09-11 14:00:00+00:00,2022-09-11 10:00:00-04:00,35,81.0,78.6561022586407,boost_5y_absolute,True
2022-09-10 04:00:00+00:00,2022-09-11 15:00:00+00:00,2022-09-11 11:00:00-04:00,36,82.0,81.1813085770066,boost_5y_absolute,True
2022-09-10 04:00:00+00:00,2022-09-11 16:00:00+00:00,2022-09-11 12:00:00-04:00,37,86.0,82.28231835065655,boost_5y_absolute,True
2022-09-10 04:00:00+00:00,2022-09-11 17:00:00+00:00,2022-09-11 13:00:00-04:00,38,85.0,83.28555490283028,boost_5y_absolute,True
2022-09-10 04:00:00+00:00,2022-09-11 18:00:00+00:00,2022-09-11 14:00:00-04:00,39,89.0,83.879057766484,boost_5y_absolute,True
2022-09-10 04:00:00+00:00,2022-09-11 19:00:00+00:00,2022-09-11 15:00:00-04:00,40,87.0,84.38687713412871,boost_5y_absolute,True
2022-09-10 04:00:00+00:00,2022-09-11 20:00:00+00:00,2022-09-11 16:00:00-04:00,41,84.0,83.87993191969623,boost_5y_absolute,True
2022-09-10 04:00:00+00:00,2022-09-11 21:00:00+00:00,2022-09-11 17:00:00-04:00,42,84.0,82.62325003468185,boost_5y_absolute,True
2022-09-10 04:00:00+00:00,2022-09-11 22:00:00+00:00,2022-09-11 18:00:00-04:00,43,83.0,80.28232291021901,boost_5y_absolute,True
2022-09-10 04:00:00+00:00,2022-09-11 23:00:00+00:00,2022-09-11 19:00:00-04:00,44,80.0,76.88575813839883,boost_5y_absolute,True
2022-09-10 04:00:00+00:00,2022-09-12 00:00:00+00:00,2022-09-11 20:00:00-04:00,45,80.0,75.00773715921822,boost_5y_absolute,True
2022-09-10 04:00:00+00:00,2022-09-12 01:00:00+00:00,2022-09-11 21:00:00-04:00,46,79.0,73.97574090366703,boost_5y_absolute,True
2022-09-10 04:00:00+00:00,2022-09-12 02:00:00+00:00,2022-09-11 22:00:00-04:00,47,78.0,73.05659986223286,boost_5y_absolute,True
2022-09-10 04:00:00+00:00,2022-09-12 03:00:00+00:00,2022-09-11 23:00:00-04:00,48,78.0,72.30873053993572,boost_5y_absolute,True
2022-09-10 04:00:00+00:00,2022-09-12 04:00:00+00:00,2022-09-12 00:00:00-04:00,49,77.0,71.71932426684484,boost_5y_absolute,True
2022-09-10 04:00:00+00:00,2022-09-12 05:00:00+00:00,2022-09-12 01:00:00-04:00,50,76.0,71.1281125459392,boost_5y_absolute,True
2022-09-10 04:00:00+00:00,2022-09-12 06:00:00+00:00,2022-09-12 02:00:00-04:00,51,76.0,70.57457995484295,boost_5y_absolute,True
2022-09-10 04:00:00+00:00,2022-09-12 07:00:00+00:00,2022-09-12 03:00:00-04:00,52,75.0,70.13511878979983,boost_5y_absolute,True
2022-09-10 04:00:00+00:00,2022-09-12 08:00:00+00:00,2022-09-12 04:00:00-04:00,53,74.0,69.4431875128792,boost_5y_absolute,True
2022-09-10 04:00:00+00:00,2022-09-12 09:00:00+00:00,2022-09-12 05:00:00-04:00,54,74.0,69.05281337120532,boost_5y_absolute,True
2022-09-10 04:00:00+00:00,2022-09-12 10:00:00+00:00,2022-09-12 06:00:00-04:00,55,74.0,68.75842245210175,boost_5y_absolute,True
2022-09-10 04:00:00+00:00,2022-09-12 11:00:00+00:00,2022-09-12 07:00:00-04:00,56,75.0,70.12496520969367,boost_5y_absolute,True
2022-09-10 04:00:00+00:00,2022-09-12 12:00:00+00:00,2022-09-12 08:00:00-04:00,57,77.0,72.92648205374547,boost_5y_absolute,True
2022-09-10 04:00:00+00:00,2022-09-12 13:00:00+00:00,2022-09-12 09:00:00-04:00,58,81.0,75.65712983336984,boost_5y_absolute,True
2022-09-10 04:00:00+00:00,2022-09-12 14:00:00+00:00,2022-09-12 10:00:00-04:00,59,84.0,78.05605491221895,boost_5y_absolute,True
2022-09-10 04:00:00+00:00,2022-09-12 15:00:00+00:00,2022-09-12 11:00:00-04:00,60,87.0,80.43677750422309,boost_5y_absolute,True
2022-09-10 04:00:00+00:00,2022-09-12 16:00:00+00:00,2022-09-12 12:00:00-04:00,61,91.0,81.59875316823943,boost_5y_absolute,True
2022-09-10 04:00:00+00:00,2022-09-12 17:00:00+00:00,2022-09-12 13:00:00-04:00,62,90.0,82.497978497202,boost_5y_absolute,True
2022-09-10 04:00:00+00:00,2022-09-12 18:00:00+00:00,2022-09-12 14:00:00-04:00,63,87.0,83.28298995856859,boost_5y_absolute,True
2022-09-10 04:00:00+00:00,2022-09-12 19:00:00+00:00,2022-09-12 15:00:00-04:00,64,91.0,83.81729374271035,boost_5y_absolute,True
2022-09-10 04:00:00+00:00,2022-09-12 20:00:00+00:00,2022-09-12 16:00:00-04:00,65,90.0,83.39736596903839,boost_5y_absolute,True
2022-09-10 04:00:00+00:00,2022-09-12 21:00:00+00:00,2022-09-12 17:00:00-04:00,66,85.0,82.20002905773016,boost_5y_absolute,True
2022-09-10 04:00:00+00:00,2022-09-12 22:00:00+00:00,2022-09-12 18:00:00-04:00,67,80.0,79.78892157128548,boost_5y_absolute,True
2022-09-10 04:00:00+00:00,2022-09-12 23:00:00+00:00,2022-09-12 19:00:00-04:00,68,75.0,76.29990550230761,boost_5y_absolute,True
2022-09-10 04:00:00+00:00,2022-09-13 00:00:00+00:00,2022-09-12 20:00:00-04:00,69,74.0,74.42978937035426,boost_5y_absolute,True
2022-09-10 04:00:00+00:00,2022-09-13 01:00:00+00:00,2022-09-12 21:00:00-04:00,70,73.0,73.35079938897246,boost_5y_absolute,True
2022-09-10 04:00:00+00:00,2022-09-13 02:00:00+00:00,2022-09-12 22:00:00-04:00,71,74.0,72.43964754094142,boost_5y_absolute,True
2022-09-10 04:00:00+00:00,2022-09-13 03:00:00+00:00,2022-09-12 23:00:00-04:00,72,73.0,71.70167630998607,boost_5y_absolute,True
2022-09-10 04:00:00+00:00,2022-09-13 04:00:00+00:00,2022-09-13 00:00:00-04:00,73,71.0,70.73441276711019,boost_5y_absolute,True
2022-09-10 04:00:00+00:00,2022-09-13 05:00:00+00:00,2022-09-13 01:00:00-04:00,74,72.0,70.06878619846074,boost_5y_absolute,True
2022-09-10 04:00:00+00:00,2022-09-13 06:00:00+00:00,2022-09-13 02:00:00-04:00,75,72.0,69.55289571029834,boost_5y_absolute,True
2022-09-10 04:00:00+00:00,2022-09-13 07:00:00+00:00,2022-09-13 03:00:00-04:00,76,71.0,69.07893619548045,boost_5y_absolute,True
2022-09-10 04:00:00+00:00,2022-09-13 08:00:00+00:00,2022-09-13 04:00:00-04:00,77,70.0,68.46058443673913,boost_5y_absolute,True
2022-09-10 04:00:00+00:00,2022-09-13 09:00:00+00:00,2022-09-13 05:00:00-04:00,78,69.0,68.11662350920126,boost_5y_absolute,True
2022-09-10 04:00:00+00:00,2022-09-13 10:00:00+00:00,2022-09-13 06:00:00-04:00,79,68.0,67.79488452193803,boost_5y_absolute,True
2022-09-10 04:00:00+00:00,2022-09-13 11:00:00+00:00,2022-09-13 07:00:00-04:00,80,68.0,69.11206777959848,boost_5y_absolute,True
2022-09-10 04:00:00+00:00,2022-09-13 12:00:00+00:00,2022-09-13 08:00:00-04:00,81,71.0,72.04188423810464,boost_5y_absolute,True
2022-09-10 04:00:00+00:00,2022-09-13 13:00:00+00:00,2022-09-13 09:00:00-04:00,82,74.0,74.91991490664387,boost_5y_absolute,True
2022-09-10 04:00:00+00:00,2022-09-13 14:00:00+00:00,2022-09-13 10:00:00-04:00,83,77.0,77.44174893372028,boost_5y_absolute,True
2022-09-10 04:00:00+00:00,2022-09-13 15:00:00+00:00,2022-09-13 11:00:00-04:00,84,79.0,79.82014705686609,boost_5y_absolute,True
2022-09-10 04:00:00+00:00,2022-09-13 16:00:00+00:00,2022-09-13 12:00:00-04:00,85,81.0,81.02382334358197,boost_5y_absolute,True
2022-09-10 04:00:00+00:00,2022-09-13 17:00:00+00:00,2022-09-13 13:00:00-04:00,86,84.0,81.93653957923648,boost_5y_absolute,True
2022-09-10 04:00:00+00:00,2022-09-13 18:00:00+00:00,2022-09-13 14:00:00-04:00,87,85.0,82.58508215063144,boost_5y_absolute,True
2022-09-10 04:00:00+00:00,2022-09-13 19:00:00+00:00,2022-09-13 15:00:00-04:00,88,84.0,83.14942598861548,boost_5y_absolute,True
2022-09-10 04:00:00+00:00,2022-09-13 20:00:00+00:00,2022-09-13 16:00:00-04:00,89,85.0,82.6605604843261,boost_5y_absolute,True
2022-09-10 04:00:00+00:00,2022-09-13 21:00:00+00:00,2022-09-13 17:00:00-04:00,90,83.0,81.4997390526466,boost_5y_absolute,True
2022-09-10 04:00:00+00:00,2022-09-13 22:00:00+00:00,2022-09-13 18:00:00-04:00,91,80.0,78.94862052960286,boost_5y_absolute,True
2022-09-10 04:00:00+00:00,2022-09-13 23:00:00+00:00,2022-09-13 19:00:00-04:00,92,75.0,75.69782060520038,boost_5y_absolute,True
2022-09-10 04:00:00+00:00,2022-09-14 00:00:00+00:00,2022-09-13 20:00:00-04:00,93,67.0,73.97449955493327,boost_5y_absolute,True
2022-09-10 04:00:00+00:00,2022-09-14 01:00:00+00:00,2022-09-13 21:00:00-04:00,94,69.0,72.77715030632352,boost_5y_absolute,True
2022-09-10 04:00:00+00:00,2022-09-14 02:00:00+00:00,2022-09-13 22:00:00-04:00,95,65.0,71.87276815857041,boost_5y_absolute,True
2022-09-10 04:00:00+00:00,2022-09-14 03:00:00+00:00,2022-09-13 23:00:00-04:00,96,63.0,71.16138989791841,boost_5y_absolute,True
2022-09-10 04:00:00+00:00,2022-09-14 04:00:00+00:00,2022-09-14 00:00:00-04:00,97,63.0,70.25572130546821,boost_5y_absolute,True
2022-09-10 04:00:00+00:00,2022-09-14 05:00:00+00:00,2022-09-14 01:00:00-04:00,98,64.0,69.51640301422947,boost_5y_absolute,True
2022-09-10 04:00:00+00:00,2022-09-14 06:00:00+00:00,2022-09-14 02:00:00-04:00,99,61.0,68.975382960661,boost_5y_absolute,True
2022-09-10 04:00:00+00:00,2022-09-14 07:00:00+00:00,2022-09-14 03:00:00-04:00,100,60.0,68.47792322683712,boost_5y_absolute,True
2022-09-10 04:00:00+00:00,2022-09-14 08:00:00+00:00,2022-09-14 04:00:00-04:00,101,59.0,67.9152539033126,boost_5y_absolute,True
2022-09-10 04:00:00+00:00,2022-09-14 09:00:00+00:00,2022-09-14 05:00:00-04:00,102,60.0,67.56552250127635,boost_5y_absolute,True
2022-09-10 04:00:00+00:00,2022-09-14 10:00:00+00:00,2022-09-14 06:00:00-04:00,103,60.0,67.28778354852277,boost_5y_absolute,True
2022-09-10 04:00:00+00:00,2022-09-14 11:00:00+00:00,2022-09-14 07:00:00-04:00,104,62.0,68.6014720344056,boost_5y_absolute,True
2022-09-10 04:00:00+00:00,2022-09-14 12:00:00+00:00,2022-09-14 08:00:00-04:00,105,66.0,71.60181792700307,boost_5y_absolute,True
2022-09-10 04:00:00+00:00,2022-09-14 13:00:00+00:00,2022-09-14 09:00:00-04:00,106,72.0,74.59692253636949,boost_5y_absolute,True
2022-09-10 04:00:00+00:00,2022-09-14 14:00:00+00:00,2022-09-14 10:00:00-04:00,107,73.0,76.9919637006745,boost_5y_absolute,True
2022-09-10 04:00:00+00:00,2022-09-14 15:00:00+00:00,2022-09-14 11:00:00-04:00,108,76.0,79.38275095763142,boost_5y_absolute,True
2022-09-10 04:00:00+00:00,2022-09-14 16:00:00+00:00,2022-09-14 12:00:00-04:00,109,78.0,80.58749475970852,boost_5y_absolute,True
2022-09-10 04:00:00+00:00,2022-09-14 17:00:00+00:00,2022-09-14 13:00:00-04:00,110,78.0,81.7660466463859,boost_5y_absolute,True
2022-09-10 04:00:00+00:00,2022-09-14 18:00:00+00:00,2022-09-14 14:00:00-04:00,111,80.0,82.28465474325041,boost_5y_absolute,True
2022-09-10 04:00:00+00:00,2022-09-14 19:00:00+00:00,2022-09-14 15:00:00-04:00,112,80.0,82.61452754743641,boost_5y_absolute,True
2022-09-10 04:00:00+00:00,2022-09-14 20:00:00+00:00,2022-09-14 16:00:00-04:00,113,80.0,81.98012039449063,boost_5y_absolute,True
2022-09-10 04:00:00+00:00,2022-09-14 21:00:00+00:00,2022-09-14 17:00:00-04:00,114,78.0,80.84482955032239,boost_5y_absolute,True
2022-09-10 04:00:00+00:00,2022-09-14 22:00:00+00:00,2022-09-14 18:00:00-04:00,115,76.0,78.26265951656042,boost_5y_absolute,True
2022-09-10 04:00:00+00:00,2022-09-14 23:00:00+00:00,2022-09-14 19:00:00-04:00,116,71.0,75.0675363638381,boost_5y_absolute,True
2022-09-10 04:00:00+00:00,2022-09-15 00:00:00+00:00,2022-09-14 20:00:00-04:00,117,67.0,73.40197609925802,boost_5y_absolute,True
2022-09-10 04:00:00+00:00,2022-09-15 01:00:00+00:00,2022-09-14 21:00:00-04:00,118,65.0,72.32755816186157,boost_5y_absolute,True
2022-09-10 04:00:00+00:00,2022-09-15 02:00:00+00:00,2022-09-14 22:00:00-04:00,119,64.0,71.4433253926864,boost_5y_absolute,True
2022-09-10 04:00:00+00:00,2022-09-15 03:00:00+00:00,2022-09-14 23:00:00-04:00,120,61.0,70.63275517870383,boost_5y_absolute,True
2022-09-10 04:00:00+00:00,2022-09-15 04:00:00+00:00,2022-09-15 00:00:00-04:00,121,62.0,69.9113876017976,boost_5y_absolute,True
2022-09-10 04:00:00+00:00,2022-09-15 05:00:00+00:00,2022-09-15 01:00:00-04:00,122,61.0,69.1422991625154,boost_5y_absolute,True
2022-09-10 04:00:00+00:00,2022-09-15 06:00:00+00:00,2022-09-15 02:00:00-04:00,123,59.0,68.68845129566594,boost_5y_absolute,True
2022-09-10 04:00:00+00:00,2022-09-15 07:00:00+00:00,2022-09-15 03:00:00-04:00,124,60.0,68.17185654781929,boost_5y_absolute,True
2022-09-10 04:00:00+00:00,2022-09-15 08:00:00+00:00,2022-09-15 04:00:00-04:00,125,59.0,67.65836109928586,boost_5y_absolute,True
2022-09-10 04:00:00+00:00,2022-09-15 09:00:00+00:00,2022-09-15 05:00:00-04:00,126,59.0,67.35508779021379,boost_5y_absolute,True
2022-09-10 04:00:00+00:00,2022-09-15 10:00:00+00:00,2022-09-15 06:00:00-04:00,127,58.0,67.07677449280436,boost_5y_absolute,True
2022-09-10 04:00:00+00:00,2022-09-15 11:00:00+00:00,2022-09-15 07:00:00-04:00,128,63.0,68.27171431078155,boost_5y_absolute,True
2022-09-10 04:00:00+00:00,2022-09-15 12:00:00+00:00,2022-09-15 08:00:00-04:00,129,67.0,71.18381065405646,boost_5y_absolute,True
2022-09-10 04:00:00+00:00,2022-09-15 13:00:00+00:00,2022-09-15 09:00:00-04:00,130,72.0,74.13839460936805,boost_5y_absolute,True
2022-09-10 04:00:00+00:00,2022-09-15 14:00:00+00:00,2022-09-15 10:00:00-04:00,131,76.0,76.5687069811711,boost_5y_absolute,True
2022-09-10 04:00:00+00:00,2022-09-15 15:00:00+00:00,2022-09-15 11:00:00-04:00,132,78.0,78.85302419390248,boost_5y_absolute,True
2022-09-10 04:00:00+00:00,2022-09-15 16:00:00+00:00,2022-09-15 12:00:00-04:00,133,80.0,80.17877194500977,boost_5y_absolute,True
2022-09-10 04:00:00+00:00,2022-09-15 17:00:00+00:00,2022-09-15 13:00:00-04:00,134,80.0,81.30995303077222,boost_5y_absolute,True
2022-09-10 04:00:00+00:00,2022-09-15 18:00:00+00:00,2022-09-15 14:00:00-04:00,135,82.0,81.96010051511016,boost_5y_absolute,True
2022-09-10 04:00:00+00:00,2022-09-15 19:00:00+00:00,2022-09-15 15:00:00-04:00,136,82.0,82.11384635497423,boost_5y_absolute,True
2022-09-10 04:00:00+00:00,2022-09-15 20:00:00+00:00,2022-09-15 16:00:00-04:00,137,83.0,81.5876784577389,boost_5y_absolute,True
2022-09-10 04:00:00+00:00,2022-09-15 21:00:00+00:00,2022-09-15 17:00:00-04:00,138,81.0,80.36470474174779,boost_5y_absolute,True
2022-09-10 04:00:00+00:00,2022-09-15 22:00:00+00:00,2022-09-15 18:00:00-04:00,139,78.0,77.88928974690063,boost_5y_absolute,True
2022-09-10 04:00:00+00:00,2022-09-15 23:00:00+00:00,2022-09-15 19:00:00-04:00,140,73.0,74.70971917527099,boost_5y_absolute,True
2022-09-10 04:00:00+00:00,2022-09-16 00:00:00+00:00,2022-09-15 20:00:00-04:00,141,71.0,73.20188483608338,boost_5y_absolute,True
2022-09-10 04:00:00+00:00,2022-09-16 01:00:00+00:00,2022-09-15 21:00:00-04:00,142,69.0,71.98282444701348,boost_5y_absolute,True
2022-09-10 04:00:00+00:00,2022-09-16 02:00:00+00:00,2022-09-15 22:00:00-04:00,143,66.0,71.0900671435484,boost_5y_absolute,True
2022-09-10 04:00:00+00:00,2022-09-16 03:00:00+00:00,2022-09-15 23:00:00-04:00,144,64.0,70.31636366323318,boost_5y_absolute,True
2022-09-10 04:00:00+00:00,2022-09-16 04:00:00+00:00,2022-09-16 00:00:00-04:00,145,65.0,69.33195323289061,boost_5y_absolute,True
2022-09-10 04:00:00+00:00,2022-09-16 05:00:00+00:00,2022-09-16 01:00:00-04:00,146,64.0,68.55367349714939,boost_5y_absolute,True
2022-09-10 04:00:00+00:00,2022-09-16 06:00:00+00:00,2022-09-16 02:00:00-04:00,147,63.0,68.07338672196263,boost_5y_absolute,True
2022-09-10 04:00:00+00:00,2022-09-16 07:00:00+00:00,2022-09-16 03:00:00-04:00,148,62.0,67.49638814070252,boost_5y_absolute,True
2022-09-10 04:00:00+00:00,2022-09-16 08:00:00+00:00,2022-09-16 04:00:00-04:00,149,60.0,66.96745006739864,boost_5y_absolute,True
2022-09-10 04:00:00+00:00,2022-09-16 09:00:00+00:00,2022-09-16 05:00:00-04:00,150,61.0,66.67847529362187,boost_5y_absolute,True
2022-09-10 04:00:00+00:00,2022-09-16 10:00:00+00:00,2022-09-16 06:00:00-04:00,151,60.0,66.36890981959998,boost_5y_absolute,True
2022-09-10 04:00:00+00:00,2022-09-16 11:00:00+00:00,2022-09-16 07:00:00-04:00,152,63.0,67.59181221902409,boost_5y_absolute,True
2022-09-10 04:00:00+00:00,2022-09-16 12:00:00+00:00,2022-09-16 08:00:00-04:00,153,69.0,70.4814781458048,boost_5y_absolute,True
2022-09-10 04:00:00+00:00,2022-09-16 13:00:00+00:00,2022-09-16 09:00:00-04:00,154,74.0,73.48378195052435,boost_5y_absolute,True
2022-09-10 04:00:00+00:00,2022-09-16 14:00:00+00:00,2022-09-16 10:00:00-04:00,155,79.0,75.99115289735732,boost_5y_absolute,True
2022-09-10 04:00:00+00:00,2022-09-16 15:00:00+00:00,2022-09-16 11:00:00-04:00,156,80.0,78.28606307808941,boost_5y_absolute,True
2022-09-10 04:00:00+00:00,2022-09-16 16:00:00+00:00,2022-09-16 12:00:00-04:00,157,81.0,79.58794984264689,boost_5y_absolute,True
2022-09-10 04:00:00+00:00,2022-09-16 17:00:00+00:00,2022-09-16 13:00:00-04:00,158,83.0,80.70742985222796,boost_5y_absolute,True
2022-09-10 04:00:00+00:00,2022-09-16 18:00:00+00:00,2022-09-16 14:00:00-04:00,159,83.0,81.3584023917809,boost_5y_absolute,True
2022-09-10 04:00:00+00:00,2022-09-16 19:00:00+00:00,2022-09-16 15:00:00-04:00,160,83.0,81.42178080208976,boost_5y_absolute,True
2022-09-10 04:00:00+00:00,2022-09-16 20:00:00+00:00,2022-09-16 16:00:00-04:00,161,84.0,81.01898155588133,boost_5y_absolute,True
2022-09-10 04:00:00+00:00,2022-09-16 21:00:00+00:00,2022-09-16 17:00:00-04:00,162,82.0,79.76751408930124,boost_5y_absolute,True
2022-09-10 04:00:00+00:00,2022-09-16 22:00:00+00:00,2022-09-16 18:00:00-04:00,163,78.0,77.179312141589,boost_5y_absolute,True
2022-09-10 04:00:00+00:00,2022-09-16 23:00:00+00:00,2022-09-16 19:00:00-04:00,164,76.0,74.11183545039931,boost_5y_absolute,True
2022-09-10 04:00:00+00:00,2022-09-17 00:00:00+00:00,2022-09-16 20:00:00-04:00,165,71.0,72.5807338985185,boost_5y_absolute,True
2022-09-10 04:00:00+00:00,2022-09-17 01:00:00+00:00,2022-09-16 21:00:00-04:00,166,69.0,71.35102267495893,boost_5y_absolute,True
2022-09-10 04:00:00+00:00,2022-09-17 02:00:00+00:00,2022-09-16 22:00:00-04:00,167,68.0,70.40846590197968,boost_5y_absolute,True
2022-09-10 04:00:00+00:00,2022-09-17 03:00:00+00:00,2022-09-16 23:00:00-04:00,168,66.0,69.62250539076113,boost_5y_absolute,True
2022-09-10 04:00:00+00:00,2022-09-17 04:00:00+00:00,2022-09-17 00:00:00-04:00,169,64.0,68.65763631186297,boost_5y_absolute,True
2022-09-10 04:00:00+00:00,2022-09-17 05:00:00+00:00,2022-09-17 01:00:00-04:00,170,63.0,67.87851040637676,boost_5y_absolute,True
2022-09-10 04:00:00+00:00,2022-09-17 06:00:00+00:00,2022-09-17 02:00:00-04:00,171,66.0,67.38572892552587,boost_5y_absolute,True
2022-09-10 04:00:00+00:00,2022-09-17 07:00:00+00:00,2022-09-17 03:00:00-04:00,172,64.0,66.76251153575636,boost_5y_absolute,True
2022-09-10 04:00:00+00:00,2022-09-17 08:00:00+00:00,2022-09-17 04:00:00-04:00,173,62.0,66.23076321335131,boost_5y_absolute,True
2022-09-10 04:00:00+00:00,2022-09-17 09:00:00+00:00,2022-09-17 05:00:00-04:00,174,59.0,65.96003780196017,boost_5y_absolute,True
2022-09-10 04:00:00+00:00,2022-09-17 10:00:00+00:00,2022-09-17 06:00:00-04:00,175,60.0,65.67829649828508,boost_5y_absolute,True
2022-09-10 04:00:00+00:00,2022-09-17 11:00:00+00:00,2022-09-17 07:00:00-04:00,176,62.0,66.9247781926629,boost_5y_absolute,True
2022-09-10 04:00:00+00:00,2022-09-17 12:00:00+00:00,2022-09-17 08:00:00-04:00,177,69.0,69.86918310224446,boost_5y_absolute,True
2022-09-10 04:00:00+00:00,2022-09-17 13:00:00+00:00,2022-09-17 09:00:00-04:00,178,73.0,72.96152058615353,boost_5y_absolute,True
2022-09-10 04:00:00+00:00,2022-09-17 14:00:00+00:00,2022-09-17 10:00:00-04:00,179,77.0,75.62554123213862,boost_5y_absolute,True
2022-09-10 04:00:00+00:00,2022-09-17 15:00:00+00:00,2022-09-17 11:00:00-04:00,180,80.0,78.05410547240113,boost_5y_absolute,True
2022-09-10 04:00:00+00:00,2022-09-17 16:00:00+00:00,2022-09-17 12:00:00-04:00,181,81.0,79.39414975534557,boost_5y_absolute,True
2022-09-10 04:00:00+00:00,2022-09-17 17:00:00+00:00,2022-09-17 13:00:00-04:00,182,82.0,80.5810179514181,boost_5y_absolute,True
2022-09-10 04:00:00+00:00,2022-09-17 18:00:00+00:00,2022-09-17 14:00:00-04:00,183,82.0,81.21033881801735,boost_5y_absolute,True
2022-09-10 04:00:00+00:00,2022-09-17 19:00:00+00:00,2022-09-17 15:00:00-04:00,184,83.0,81.19520773658336,boost_5y_absolute,True
2022-09-10 04:00:00+00:00,2022-09-17 20:00:00+00:00,2022-09-17 16:00:00-04:00,185,83.0,80.7841989269428,boost_5y_absolute,True
2022-09-10 04:00:00+00:00,2022-09-17 21:00:00+00:00,2022-09-17 17:00:00-04:00,186,82.0,79.59941230536238,boost_5y_absolute,True
2022-09-10 04:00:00+00:00,2022-09-17 22:00:00+00:00,2022-09-17 18:00:00-04:00,187,79.0,76.9059028023942,boost_5y_absolute,True
2022-09-10 04:00:00+00:00,2022-09-17 23:00:00+00:00,2022-09-17 19:00:00-04:00,188,72.0,73.82104582652218,boost_5y_absolute,True
2022-09-10 04:00:00+00:00,2022-09-18 00:00:00+00:00,2022-09-17 20:00:00-04:00,189,70.0,72.22873743372683,boost_5y_absolute,True
2022-09-10 04:00:00+00:00,2022-09-18 01:00:00+00:00,2022-09-17 21:00:00-04:00,190,69.0,70.9276281796001,boost_5y_absolute,True
2022-09-10 04:00:00+00:00,2022-09-18 02:00:00+00:00,2022-09-17 22:00:00-04:00,191,66.0,69.92694993089184,boost_5y_absolute,True
2022-09-10 04:00:00+00:00,2022-09-18 03:00:00+00:00,2022-09-17 23:00:00-04:00,192,65.0,69.21020845534794,boost_5y_absolute,True
2022-09-10 04:00:00+00:00,2022-09-18 04:00:00+00:00,2022-09-18 00:00:00-04:00,193,66.0,68.38908173235812,boost_5y_absolute,True
2022-09-10 04:00:00+00:00,2022-09-18 05:00:00+00:00,2022-09-18 01:00:00-04:00,194,66.0,67.56035879876143,boost_5y_absolute,True
2022-09-10 04:00:00+00:00,2022-09-18 06:00:00+00:00,2022-09-18 02:00:00-04:00,195,64.0,67.08654112599169,boost_5y_absolute,True
2022-09-10 04:00:00+00:00,2022-09-18 07:00:00+00:00,2022-09-18 03:00:00-04:00,196,63.0,66.52095020200866,boost_5y_absolute,True
2022-09-10 04:00:00+00:00,2022-09-18 08:00:00+00:00,2022-09-18 04:00:00-04:00,197,64.0,66.05655919931435,boost_5y_absolute,True
2022-09-10 04:00:00+00:00,2022-09-18 09:00:00+00:00,2022-09-18 05:00:00-04:00,198,62.0,65.7174131794487,boost_5y_absolute,True
2022-09-10 04:00:00+00:00,2022-09-18 10:00:00+00:00,2022-09-18 06:00:00-04:00,199,61.0,65.49444547551668,boost_5y_absolute,True
2022-09-10 04:00:00+00:00,2022-09-18 11:00:00+00:00,2022-09-18 07:00:00-04:00,200,63.0,66.60104816152406,boost_5y_absolute,True
2022-09-10 04:00:00+00:00,2022-09-18 12:00:00+00:00,2022-09-18 08:00:00-04:00,201,71.0,69.6505241471703,boost_5y_absolute,True
2022-09-10 04:00:00+00:00,2022-09-18 13:00:00+00:00,2022-09-18 09:00:00-04:00,202,77.0,72.75581481673362,boost_5y_absolute,True
2022-09-10 04:00:00+00:00,2022-09-18 14:00:00+00:00,2022-09-18 10:00:00-04:00,203,81.0,75.42677740751516,boost_5y_absolute,True
2022-09-10 04:00:00+00:00,2022-09-18 15:00:00+00:00,2022-09-18 11:00:00-04:00,204,81.0,77.85518382804477,boost_5y_absolute,True
2022-09-10 04:00:00+00:00,2022-09-18 16:00:00+00:00,2022-09-18 12:00:00-04:00,205,82.0,79.18110837356835,boost_5y_absolute,True
2022-09-10 04:00:00+00:00,2022-09-18 17:00:00+00:00,2022-09-18 13:00:00-04:00,206,83.0,80.37762232059215,boost_5y_absolute,True
2022-09-10 04:00:00+00:00,2022-09-18 18:00:00+00:00,2022-09-18 14:00:00-04:00,207,87.0,81.08056599929081,boost_5y_absolute,True
2022-09-10 04:00:00+00:00,2022-09-18 19:00:00+00:00,2022-09-18 15:00:00-04:00,208,84.0,80.9123953000924,boost_5y_absolute,True
2022-09-10 04:00:00+00:00,2022-09-18 20:00:00+00:00,2022-09-18 16:00:00-04:00,209,85.0,80.52962447171547,boost_5y_absolute,True
2022-09-10 04:00:00+00:00,2022-09-18 21:00:00+00:00,2022-09-18 17:00:00-04:00,210,84.0,79.3505370620303,boost_5y_absolute,True
2022-09-10 04:00:00+00:00,2022-09-18 22:00:00+00:00,2022-09-18 18:00:00-04:00,211,79.0,76.60400677729488,boost_5y_absolute,True
2022-09-10 04:00:00+00:00,2022-09-18 23:00:00+00:00,2022-09-18 19:00:00-04:00,212,76.0,73.54375888431298,boost_5y_absolute,True
2022-09-10 04:00:00+00:00,2022-09-19 00:00:00+00:00,2022-09-18 20:00:00-04:00,213,72.0,71.96073005263315,boost_5y_absolute,True
2022-09-10 04:00:00+00:00,2022-09-19 01:00:00+00:00,2022-09-18 21:00:00-04:00,214,70.0,70.77460503176599,boost_5y_absolute,True
2022-09-10 04:00:00+00:00,2022-09-19 02:00:00+00:00,2022-09-18 22:00:00-04:00,215,71.0,69.76147218021269,boost_5y_absolute,True
2022-09-10 04:00:00+00:00,2022-09-19 03:00:00+00:00,2022-09-18 23:00:00-04:00,216,68.0,69.03249348082038,boost_5y_absolute,True
2022-09-10 04:00:00+00:00,2022-09-19 04:00:00+00:00,2022-09-19 00:00:00-04:00,217,67.0,68.10220225925629,boost_5y_absolute,True
2022-09-10 04:00:00+00:00,2022-09-19 05:00:00+00:00,2022-09-19 01:00:00-04:00,218,67.0,67.25894648837502,boost_5y_absolute,True
2022-09-10 04:00:00+00:00,2022-09-19 06:00:00+00:00,2022-09-19 02:00:00-04:00,219,66.0,66.79265510717013,boost_5y_absolute,True
2022-09-10 04:00:00+00:00,2022-09-19 07:00:00+00:00,2022-09-19 03:00:00-04:00,220,66.0,66.16259044316355,boost_5y_absolute,True
2022-09-10 04:00:00+00:00,2022-09-19 08:00:00+00:00,2022-09-19 04:00:00-04:00,221,65.0,65.70302279879664,boost_5y_absolute,True
2022-09-10 04:00:00+00:00,2022-09-19 09:00:00+00:00,2022-09-19 05:00:00-04:00,222,64.0,65.3558456490384,boost_5y_absolute,True
2022-09-10 04:00:00+00:00,2022-09-19 10:00:00+00:00,2022-09-19 06:00:00-04:00,223,63.0,65.11812904118439,boost_5y_absolute,True
2022-09-10 04:00:00+00:00,2022-09-19 11:00:00+00:00,2022-09-19 07:00:00-04:00,224,67.0,66.26051636266996,boost_5y_absolute,True
2022-09-10 04:00:00+00:00,2022-09-19 12:00:00+00:00,2022-09-19 08:00:00-04:00,225,73.0,69.29782084366045,boost_5y_absolute,True
2022-09-10 04:00:00+00:00,2022-09-19 13:00:00+00:00,2022-09-19 09:00:00-04:00,226,79.0,72.48404610176549,boost_5y_absolute,True
2022-09-10 04:00:00+00:00,2022-09-19 14:00:00+00:00,2022-09-19 10:00:00-04:00,227,84.0,75.11740449794829,boost_5y_absolute,True
2022-09-10 04:00:00+00:00,2022-09-19 15:00:00+00:00,2022-09-19 11:00:00-04:00,228,86.0,77.54688004783839,boost_5y_absolute,True
2022-09-10 04:00:00+00:00,2022-09-19 16:00:00+00:00,2022-09-19 12:00:00-04:00,229,87.0,78.90199298238062,boost_5y_absolute,True
2022-09-10 04:00:00+00:00,2022-09-19 17:00:00+00:00,2022-09-19 13:00:00-04:00,230,90.0,80.12992352510582,boost_5y_absolute,True
2022-09-10 04:00:00+00:00,2022-09-19 18:00:00+00:00,2022-09-19 14:00:00-04:00,231,88.0,80.88348581236765,boost_5y_absolute,True
2022-09-10 04:00:00+00:00,2022-09-19 19:00:00+00:00,2022-09-19 15:00:00-04:00,232,89.0,80.77158475104918,boost_5y_absolute,True
2022-09-10 04:00:00+00:00,2022-09-19 20:00:00+00:00,2022-09-19 16:00:00-04:00,233,88.0,80.41805549416975,boost_5y_absolute,True
2022-09-10 04:00:00+00:00,2022-09-19 21:00:00+00:00,2022-09-19 17:00:00-04:00,234,87.0,79.22805607908164,boost_5y_absolute,True
2022-09-10 04:00:00+00:00,2022-09-19 22:00:00+00:00,2022-09-19 18:00:00-04:00,235,85.0,76.48616521352733,boost_5y_absolute,True
2022-09-10 04:00:00+00:00,2022-09-19 23:00:00+00:00,2022-09-19 19:00:00-04:00,236,80.0,73.47639327953932,boost_5y_absolute,True
2022-09-10 04:00:00+00:00,2022-09-20 00:00:00+00:00,2022-09-19 20:00:00-04:00,237,76.0,71.76933490307624,boost_5y_absolute,True
2022-09-10 04:00:00+00:00,2022-09-20 01:00:00+00:00,2022-09-19 21:00:00-04:00,238,72.0,70.58031847176045,boost_5y_absolute,True
2022-09-10 04:00:00+00:00,2022-09-20 02:00:00+00:00,2022-09-19 22:00:00-04:00,239,73.0,69.57557726534631,boost_5y_absolute,True
2022-09-10 04:00:00+00:00,2022-09-20 03:00:00+00:00,2022-09-19 23:00:00-04:00,240,69.0,68.80900895646528,boost_5y_absolute,True
2022-09-10 04:00:00+00:00,2022-09-20 04:00:00+00:00,2022-09-20 00:00:00-04:00,241,69.0,67.77934109623975,boost_5y_absolute,True
2022-09-10 04:00:00+00:00,2022-09-20 05:00:00+00:00,2022-09-20 01:00:00-04:00,242,68.0,67.00868347518525,boost_5y_absolute,True
2022-09-10 04:00:00+00:00,2022-09-20 06:00:00+00:00,2022-09-20 02:00:00-04:00,243,68.0,66.47590746431793,boost_5y_absolute,True
2022-09-10 04:00:00+00:00,2022-09-20 07:00:00+00:00,2022-09-20 03:00:00-04:00,244,68.0,65.85670169385207,boost_5y_absolute,True
2022-09-10 04:00:00+00:00,2022-09-20 08:00:00+00:00,2022-09-20 04:00:00-04:00,245,66.0,65.39864864781305,boost_5y_absolute,True
2022-09-10 04:00:00+00:00,2022-09-20 09:00:00+00:00,2022-09-20 05:00:00-04:00,246,65.0,65.04294634520821,boost_5y_absolute,True
2022-09-10 04:00:00+00:00,2022-09-20 10:00:00+00:00,2022-09-20 06:00:00-04:00,247,66.0,64.7891200200946,boost_5y_absolute,True
2022-09-10 04:00:00+00:00,2022-09-20 11:00:00+00:00,2022-09-20 07:00:00-04:00,248,68.0,65.88890526823553,boost_5y_absolute,True
2022-09-10 04:00:00+00:00,2022-09-20 12:00:00+00:00,2022-09-20 08:00:00-04:00,249,76.0,69.0001036810476,boost_5y_absolute,True
2022-09-10 04:00:00+00:00,2022-09-20 13:00:00+00:00,2022-09-20 09:00:00-04:00,250,81.0,72.13042082243142,boost_5y_absolute,True
2022-09-10 04:00:00+00:00,2022-09-20 14:00:00+00:00,2022-09-20 10:00:00-04:00,251,85.0,74.76632985616422,boost_5y_absolute,True
2022-09-10 04:00:00+00:00,2022-09-20 15:00:00+00:00,2022-09-20 11:00:00-04:00,252,85.0,77.18289946015078,boost_5y_absolute,True
2022-09-10 04:00:00+00:00,2022-09-20 16:00:00+00:00,2022-09-20 12:00:00-04:00,253,88.0,78.56349154953182,boost_5y_absolute,True
2022-09-10 04:00:00+00:00,2022-09-20 17:00:00+00:00,2022-09-20 13:00:00-04:00,254,90.0,79.84558725252481,boost_5y_absolute,True
2022-09-10 04:00:00+00:00,2022-09-20 18:00:00+00:00,2022-09-20 14:00:00-04:00,255,90.0,80.59228204076256,boost_5y_absolute,True
2022-09-10 04:00:00+00:00,2022-09-20 19:00:00+00:00,2022-09-20 15:00:00-04:00,256,89.0,80.46482661146945,boost_5y_absolute,True
2022-09-10 04:00:00+00:00,2022-09-20 20:00:00+00:00,2022-09-20 16:00:00-04:00,257,90.0,80.09354161401353,boost_5y_absolute,True
2022-09-10 04:00:00+00:00,2022-09-20 21:00:00+00:00,2022-09-20 17:00:00-04:00,258,88.0,78.9841458904494,boost_5y_absolute,True
2022-09-10 04:00:00+00:00,2022-09-20 22:00:00+00:00,2022-09-20 18:00:00-04:00,259,84.0,76.29401850234048,boost_5y_absolute,True
2022-09-10 04:00:00+00:00,2022-09-20 23:00:00+00:00,2022-09-20 19:00:00-04:00,260,80.0,73.26993326819027,boost_5y_absolute,True
2022-09-10 04:00:00+00:00,2022-09-21 00:00:00+00:00,2022-09-20 20:00:00-04:00,261,76.0,71.43191116854771,boost_5y_absolute,True
2022-09-10 04:00:00+00:00,2022-09-21 01:00:00+00:00,2022-09-20 21:00:00-04:00,262,75.0,70.12468128211185,boost_5y_absolute,True
2022-09-10 04:00:00+00:00,2022-09-21 02:00:00+00:00,2022-09-20 22:00:00-04:00,263,71.0,69.15860948253855,boost_5y_absolute,True
2022-09-10 04:00:00+00:00,2022-09-21 03:00:00+00:00,2022-09-20 23:00:00-04:00,264,70.0,68.42288004342299,boost_5y_absolute,True
2022-09-10 04:00:00+00:00,2022-09-21 04:00:00+00:00,2022-09-21 00:00:00-04:00,265,68.0,67.47586725656012,boost_5y_absolute,True
2022-09-10 04:00:00+00:00,2022-09-21 05:00:00+00:00,2022-09-21 01:00:00-04:00,266,67.0,66.67366514369537,boost_5y_absolute,True
2022-09-10 04:00:00+00:00,2022-09-21 06:00:00+00:00,2022-09-21 02:00:00-04:00,267,66.0,66.2413481300454,boost_5y_absolute,True
2022-09-10 04:00:00+00:00,2022-09-21 07:00:00+00:00,2022-09-21 03:00:00-04:00,268,66.0,65.5806790248352,boost_5y_absolute,True
2022-09-10 04:00:00+00:00,2022-09-21 08:00:00+00:00,2022-09-21 04:00:00-04:00,269,66.0,65.13792567158923,boost_5y_absolute,True
2022-09-10 04:00:00+00:00,2022-09-21 09:00:00+00:00,2022-09-21 05:00:00-04:00,270,65.0,64.7645780360548,boost_5y_absolute,True
2022-09-10 04:00:00+00:00,2022-09-21 10:00:00+00:00,2022-09-21 06:00:00-04:00,271,65.0,64.48778171278077,boost_5y_absolute,True
2022-09-10 04:00:00+00:00,2022-09-21 11:00:00+00:00,2022-09-21 07:00:00-04:00,272,67.0,65.61101966715115,boost_5y_absolute,True
2022-09-10 04:00:00+00:00,2022-09-21 12:00:00+00:00,2022-09-21 08:00:00-04:00,273,72.0,68.9250979475369,boost_5y_absolute,True
2022-09-10 04:00:00+00:00,2022-09-21 13:00:00+00:00,2022-09-21 09:00:00-04:00,274,77.0,72.27709640986296,boost_5y_absolute,True
2022-09-10 04:00:00+00:00,2022-09-21 14:00:00+00:00,2022-09-21 10:00:00-04:00,275,82.0,75.05966181645573,boost_5y_absolute,True
2022-09-10 04:00:00+00:00,2022-09-21 15:00:00+00:00,2022-09-21 11:00:00-04:00,276,86.0,77.44887791808387,boost_5y_absolute,True
2022-09-10 04:00:00+00:00,2022-09-21 16:00:00+00:00,2022-09-21 12:00:00-04:00,277,91.0,78.85325760087078,boost_5y_absolute,True
2022-09-10 04:00:00+00:00,2022-09-21 17:00:00+00:00,2022-09-21 13:00:00-04:00,278,91.0,80.14615918137002,boost_5y_absolute,True
2022-09-10 04:00:00+00:00,2022-09-21 18:00:00+00:00,2022-09-21 14:00:00-04:00,279,94.0,80.86298143594176,boost_5y_absolute,True
2022-09-10 04:00:00+00:00,2022-09-21 19:00:00+00:00,2022-09-21 15:00:00-04:00,280,96.0,80.79717828578946,boost_5y_absolute,True
2022-09-10 04:00:00+00:00,2022-09-21 20:00:00+00:00,2022-09-21 16:00:00-04:00,281,94.0,80.41393502661658,boost_5y_absolute,True
2022-09-10 04:00:00+00:00,2022-09-21 21:00:00+00:00,2022-09-21 17:00:00-04:00,282,90.0,79.22492845442898,boost_5y_absolute,True
2022-09-10 04:00:00+00:00,2022-09-21 22:00:00+00:00,2022-09-21 18:00:00-04:00,283,87.0,76.4665107855822,boost_5y_absolute,True
2022-09-10 04:00:00+00:00,2022-09-21 23:00:00+00:00,2022-09-21 19:00:00-04:00,284,83.0,73.36797506073141,boost_5y_absolute,True
2022-09-10 04:00:00+00:00,2022-09-22 00:00:00+00:00,2022-09-21 20:00:00-04:00,285,78.0,71.47526734875677,boost_5y_absolute,True
2022-09-10 04:00:00+00:00,2022-09-22 01:00:00+00:00,2022-09-21 21:00:00-04:00,286,75.0,70.1379440605426,boost_5y_absolute,True
2022-09-10 04:00:00+00:00,2022-09-22 02:00:00+00:00,2022-09-21 22:00:00-04:00,287,71.0,69.16351377714305,boost_5y_absolute,True
2022-09-10 04:00:00+00:00,2022-09-22 03:00:00+00:00,2022-09-21 23:00:00-04:00,288,71.0,68.35795172149065,boost_5y_absolute,True
2022-09-10 04:00:00+00:00,2022-09-22 04:00:00+00:00,2022-09-22 00:00:00-04:00,289,70.0,67.48750381583808,boost_5y_absolute,True
2022-09-10 04:00:00+00:00,2022-09-22 05:00:00+00:00,2022-09-22 01:00:00-04:00,290,72.0,66.57744224716137,boost_5y_absolute,True
2022-09-10 04:00:00+00:00,2022-09-22 06:00:00+00:00,2022-09-22 02:00:00-04:00,291,68.0,66.11877652150146,boost_5y_absolute,True
2022-09-10 04:00:00+00:00,2022-09-22 07:00:00+00:00,2022-09-22 03:00:00-04:00,292,68.0,65.43870988550688,boost_5y_absolute,True
2022-09-10 04:00:00+00:00,2022-09-22 08:00:00+00:00,2022-09-22 04:00:00-04:00,293,68.0,64.98184224179103,boost_5y_absolute,True
2022-09-10 04:00:00+00:00,2022-09-22 09:00:00+00:00,2022-09-22 05:00:00-04:00,294,67.0,64.53512095213858,boost_5y_absolute,True
2022-09-10 04:00:00+00:00,2022-09-22 10:00:00+00:00,2022-09-22 06:00:00-04:00,295,69.0,64.2213466705512,boost_5y_absolute,True
2022-09-10 04:00:00+00:00,2022-09-22 11:00:00+00:00,2022-09-22 07:00:00-04:00,296,70.0,65.39643649355577,boost_5y_absolute,True
2022-09-10 04:00:00+00:00,2022-09-22 12:00:00+00:00,2022-09-22 08:00:00-04:00,297,75.0,68.77072868755381,boost_5y_absolute,True
2022-09-10 04:00:00+00:00,2022-09-22 13:00:00+00:00,2022-09-22 09:00:00-04:00,298,83.0,72.1540217675132,boost_5y_absolute,True
2022-09-10 04:00:00+00:00,2022-09-22 14:00:00+00:00,2022-09-22 10:00:00-04:00,299,87.0,75.01378500389782,boost_5y_absolute,True
2022-09-10 04:00:00+00:00,2022-09-22 15:00:00+00:00,2022-09-22 11:00:00-04:00,300,92.0,77.3591305327256,boost_5y_absolute,True
2022-09-10 04:00:00+00:00,2022-09-22 16:00:00+00:00,2022-09-22 12:00:00-04:00,301,96.0,78.86892795893745,boost_5y_absolute,True
2022-09-10 04:00:00+00:00,2022-09-22 17:00:00+00:00,2022-09-22 13:00:00-04:00,302,97.0,80.16326252014912,boost_5y_absolute,True
2022-09-10 04:00:00+00:00,2022-09-22 18:00:00+00:00,2022-09-22 14:00:00-04:00,303,94.0,80.83099282288514,boost_5y_absolute,True
2022-09-10 04:00:00+00:00,2022-09-22 19:00:00+00:00,2022-09-22 15:00:00-04:00,304,91.0,80.81815153471439,boost_5y_absolute,True
2022-09-10 04:00:00+00:00,2022-09-22 20:00:00+00:00,2022-09-22 16:00:00-04:00,305,80.0,80.36720145630827,boost_5y_absolute,True
2022-09-10 04:00:00+00:00,2022-09-22 21:00:00+00:00,2022-09-22 17:00:00-04:00,306,84.0,79.10917662378529,boost_5y_absolute,True
2022-09-10 04:00:00+00:00,2022-09-22 22:00:00+00:00,2022-09-22 18:00:00-04:00,307,80.0,76.32652205490113,boost_5y_absolute,True
2022-09-10 04:00:00+00:00,2022-09-22 23:00:00+00:00,2022-09-22 19:00:00-04:00,308,76.0,73.19756300332926,boost_5y_absolute,True
2022-09-10 04:00:00+00:00,2022-09-23 00:00:00+00:00,2022-09-22 20:00:00-04:00,309,73.0,71.39796442675998,boost_5y_absolute,True
2022-09-10 04:00:00+00:00,2022-09-23 01:00:00+00:00,2022-09-22 21:00:00-04:00,310,72.0,70.07505929154858,boost_5y_absolute,True
2022-09-10 04:00:00+00:00,2022-09-23 02:00:00+00:00,2022-09-22 22:00:00-04:00,311,70.0,69.02089438887137,boost_5y_absolute,True
2022-09-10 04:00:00+00:00,2022-09-23 03:00:00+00:00,2022-09-22 23:00:00-04:00,312,68.0,68.25615177774897,boost_5y_absolute,True
2022-09-10 04:00:00+00:00,2022-09-23 04:00:00+00:00,2022-09-23 00:00:00-04:00,313,66.0,67.37303768156487,boost_5y_absolute,True
2022-09-10 04:00:00+00:00,2022-09-23 05:00:00+00:00,2022-09-23 01:00:00-04:00,314,65.0,66.43761068969542,boost_5y_absolute,True
2022-09-10 04:00:00+00:00,2022-09-23 06:00:00+00:00,2022-09-23 02:00:00-04:00,315,62.0,65.92273039870014,boost_5y_absolute,True
2022-09-10 04:00:00+00:00,2022-09-23 07:00:00+00:00,2022-09-23 03:00:00-04:00,316,60.0,65.15142634330711,boost_5y_absolute,True
2022-09-10 04:00:00+00:00,2022-09-23 08:00:00+00:00,2022-09-23 04:00:00-04:00,317,58.0,64.69587459648764,boost_5y_absolute,True
2022-09-10 04:00:00+00:00,2022-09-23 09:00:00+00:00,2022-09-23 05:00:00-04:00,318,55.0,64.23344749175347,boost_5y_absolute,True
2022-09-10 04:00:00+00:00,2022-09-23 10:00:00+00:00,2022-09-23 06:00:00-04:00,319,55.0,63.906870329897394,boost_5y_absolute,True
2022-09-10 04:00:00+00:00,2022-09-23 11:00:00+00:00,2022-09-23 07:00:00-04:00,320,56.0,65.11034849548743,boost_5y_absolute,True
2022-09-10 04:00:00+00:00,2022-09-23 12:00:00+00:00,2022-09-23 08:00:00-04:00,321,60.0,68.36235102058659,boost_5y_absolute,True
2022-09-10 04:00:00+00:00,2022-09-23 13:00:00+00:00,2022-09-23 09:00:00-04:00,322,63.0,71.71664605290542,boost_5y_absolute,True
2022-09-10 04:00:00+00:00,2022-09-23 14:00:00+00:00,2022-09-23 10:00:00-04:00,323,66.0,74.65266240396689,boost_5y_absolute,True
2022-09-10 04:00:00+00:00,2022-09-23 15:00:00+00:00,2022-09-23 11:00:00-04:00,324,68.0,77.02895341328193,boost_5y_absolute,True
2022-09-10 04:00:00+00:00,2022-09-23 16:00:00+00:00,2022-09-23 12:00:00-04:00,325,70.0,78.60160757597107,boost_5y_absolute,True
2022-09-10 04:00:00+00:00,2022-09-23 17:00:00+00:00,2022-09-23 13:00:00-04:00,326,72.0,79.98997428939434,boost_5y_absolute,True
2022-09-10 04:00:00+00:00,2022-09-23 18:00:00+00:00,2022-09-23 14:00:00-04:00,327,74.0,80.67123626882511,boost_5y_absolute,True
2022-09-10 04:00:00+00:00,2022-09-23 19:00:00+00:00,2022-09-23 15:00:00-04:00,328,74.0,80.61857552794302,boost_5y_absolute,True
2022-09-10 04:00:00+00:00,2022-09-23 20:00:00+00:00,2022-09-23 16:00:00-04:00,329,74.0,80.24726548398141,boost_5y_absolute,True
2022-09-10 04:00:00+00:00,2022-09-23 21:00:00+00:00,2022-09-23 17:00:00-04:00,330,73.0,78.92819793460518,boost_5y_absolute,True
2022-09-10 04:00:00+00:00,2022-09-23 22:00:00+00:00,2022-09-23 18:00:00-04:00,331,69.0,75.97204453850404,boost_5y_absolute,True
2022-09-10 04:00:00+00:00,2022-09-23 23:00:00+00:00,2022-09-23 19:00:00-04:00,332,60.0,72.57789519379683,boost_5y_absolute,True
2022-09-10 04:00:00+00:00,2022-09-24 00:00:00+00:00,2022-09-23 20:00:00-04:00,333,58.0,70.82931895535434,boost_5y_absolute,True
2022-09-10 04:00:00+00:00,2022-09-24 01:00:00+00:00,2022-09-23 21:00:00-04:00,334,58.0,69.55395631733609,boost_5y_absolute,True
2022-09-10 04:00:00+00:00,2022-09-24 02:00:00+00:00,2022-09-23 22:00:00-04:00,335,56.0,68.53998868551979,boost_5y_absolute,True
2022-09-10 04:00:00+00:00,2022-09-24 03:00:00+00:00,2022-09-23 23:00:00-04:00,336,52.0,67.70732596890977,boost_5y_absolute,True
2022-09-17 04:00:00+00:00,2022-09-17 04:00:00+00:00,2022-09-17 00:00:00-04:00,1,64.0,69.43981534217943,boost_5y_absolute,True
2022-09-17 04:00:00+00:00,2022-09-17 05:00:00+00:00,2022-09-17 01:00:00-04:00,2,63.0,68.83358689221852,boost_5y_absolute,True
2022-09-17 04:00:00+00:00,2022-09-17 06:00:00+00:00,2022-09-17 02:00:00-04:00,3,66.0,68.21068996510452,boost_5y_absolute,True
2022-09-17 04:00:00+00:00,2022-09-17 07:00:00+00:00,2022-09-17 03:00:00-04:00,4,64.0,67.80590581712455,boost_5y_absolute,True
2022-09-17 04:00:00+00:00,2022-09-17 08:00:00+00:00,2022-09-17 04:00:00-04:00,5,62.0,67.3359575209456,boost_5y_absolute,True
2022-09-17 04:00:00+00:00,2022-09-17 09:00:00+00:00,2022-09-17 05:00:00-04:00,6,59.0,67.29662261036692,boost_5y_absolute,True
2022-09-17 04:00:00+00:00,2022-09-17 10:00:00+00:00,2022-09-17 06:00:00-04:00,7,60.0,67.02027902877994,boost_5y_absolute,True
2022-09-17 04:00:00+00:00,2022-09-17 11:00:00+00:00,2022-09-17 07:00:00-04:00,8,62.0,68.25843634192019,boost_5y_absolute,True
2022-09-17 04:00:00+00:00,2022-09-17 12:00:00+00:00,2022-09-17 08:00:00-04:00,9,69.0,70.97754463784511,boost_5y_absolute,True
2022-09-17 04:00:00+00:00,2022-09-17 13:00:00+00:00,2022-09-17 09:00:00-04:00,10,73.0,73.62864444788397,boost_5y_absolute,True
2022-09-17 04:00:00+00:00,2022-09-17 14:00:00+00:00,2022-09-17 10:00:00-04:00,11,77.0,75.0680289407376,boost_5y_absolute,True
2022-09-17 04:00:00+00:00,2022-09-17 15:00:00+00:00,2022-09-17 11:00:00-04:00,12,80.0,77.41445194182953,boost_5y_absolute,True
2022-09-17 04:00:00+00:00,2022-09-17 16:00:00+00:00,2022-09-17 12:00:00-04:00,13,81.0,78.74665777620153,boost_5y_absolute,True
2022-09-17 04:00:00+00:00,2022-09-17 17:00:00+00:00,2022-09-17 13:00:00-04:00,14,82.0,79.80449669450454,boost_5y_absolute,True
2022-09-17 04:00:00+00:00,2022-09-17 18:00:00+00:00,2022-09-17 14:00:00-04:00,15,82.0,80.47542289602332,boost_5y_absolute,True
2022-09-17 04:00:00+00:00,2022-09-17 19:00:00+00:00,2022-09-17 15:00:00-04:00,16,83.0,80.59432714346697,boost_5y_absolute,True
2022-09-17 04:00:00+00:00,2022-09-17 20:00:00+00:00,2022-09-17 16:00:00-04:00,17,83.0,80.20893389221126,boost_5y_absolute,True
2022-09-17 04:00:00+00:00,2022-09-17 21:00:00+00:00,2022-09-17 17:00:00-04:00,18,82.0,79.17383590812418,boost_5y_absolute,True
2022-09-17 04:00:00+00:00,2022-09-17 22:00:00+00:00,2022-09-17 18:00:00-04:00,19,79.0,76.48894490246198,boost_5y_absolute,True
2022-09-17 04:00:00+00:00,2022-09-17 23:00:00+00:00,2022-09-17 19:00:00-04:00,20,72.0,74.08112778706825,boost_5y_absolute,True
2022-09-17 04:00:00+00:00,2022-09-18 00:00:00+00:00,2022-09-17 20:00:00-04:00,21,70.0,72.63307042698234,boost_5y_absolute,True
2022-09-17 04:00:00+00:00,2022-09-18 01:00:00+00:00,2022-09-17 21:00:00-04:00,22,69.0,71.33633847534911,boost_5y_absolute,True
2022-09-17 04:00:00+00:00,2022-09-18 02:00:00+00:00,2022-09-17 22:00:00-04:00,23,66.0,70.4043640330654,boost_5y_absolute,True
2022-09-17 04:00:00+00:00,2022-09-18 03:00:00+00:00,2022-09-17 23:00:00-04:00,24,65.0,69.58600506916129,boost_5y_absolute,True
2022-09-17 04:00:00+00:00,2022-09-18 04:00:00+00:00,2022-09-18 00:00:00-04:00,25,66.0,68.91607383637094,boost_5y_absolute,True
2022-09-17 04:00:00+00:00,2022-09-18 05:00:00+00:00,2022-09-18 01:00:00-04:00,26,66.0,68.2102374800233,boost_5y_absolute,True
2022-09-17 04:00:00+00:00,2022-09-18 06:00:00+00:00,2022-09-18 02:00:00-04:00,27,64.0,67.63376245626834,boost_5y_absolute,True
2022-09-17 04:00:00+00:00,2022-09-18 07:00:00+00:00,2022-09-18 03:00:00-04:00,28,63.0,67.08443610995806,boost_5y_absolute,True
2022-09-17 04:00:00+00:00,2022-09-18 08:00:00+00:00,2022-09-18 04:00:00-04:00,29,64.0,66.62656906158719,boost_5y_absolute,True
2022-09-17 04:00:00+00:00,2022-09-18 09:00:00+00:00,2022-09-18 05:00:00-04:00,30,62.0,66.49299201355866,boost_5y_absolute,True
2022-09-17 04:00:00+00:00,2022-09-18 10:00:00+00:00,2022-09-18 06:00:00-04:00,31,61.0,66.25567051644006,boost_5y_absolute,True
2022-09-17 04:00:00+00:00,2022-09-18 11:00:00+00:00,2022-09-18 07:00:00-04:00,32,63.0,67.46665529703041,boost_5y_absolute,True
2022-09-17 04:00:00+00:00,2022-09-18 12:00:00+00:00,2022-09-18 08:00:00-04:00,33,71.0,70.37644332967233,boost_5y_absolute,True
2022-09-17 04:00:00+00:00,2022-09-18 13:00:00+00:00,2022-09-18 09:00:00-04:00,34,77.0,73.26241327296985,boost_5y_absolute,True
2022-09-17 04:00:00+00:00,2022-09-18 14:00:00+00:00,2022-09-18 10:00:00-04:00,35,81.0,75.24580444895201,boost_5y_absolute,True
2022-09-17 04:00:00+00:00,2022-09-18 15:00:00+00:00,2022-09-18 11:00:00-04:00,36,81.0,77.47479416798133,boost_5y_absolute,True
2022-09-17 04:00:00+00:00,2022-09-18 16:00:00+00:00,2022-09-18 12:00:00-04:00,37,82.0,78.83642483645443,boost_5y_absolute,True
2022-09-17 04:00:00+00:00,2022-09-18 17:00:00+00:00,2022-09-18 13:00:00-04:00,38,83.0,80.06108359325306,boost_5y_absolute,True
2022-09-17 04:00:00+00:00,2022-09-18 18:00:00+00:00,2022-09-18 14:00:00-04:00,39,87.0,80.76571214498115,boost_5y_absolute,True
2022-09-17 04:00:00+00:00,2022-09-18 19:00:00+00:00,2022-09-18 15:00:00-04:00,40,84.0,80.658027660136,boost_5y_absolute,True
2022-09-17 04:00:00+00:00,2022-09-18 20:00:00+00:00,2022-09-18 16:00:00-04:00,41,85.0,80.48284109157126,boost_5y_absolute,True
2022-09-17 04:00:00+00:00,2022-09-18 21:00:00+00:00,2022-09-18 17:00:00-04:00,42,84.0,79.37802076002892,boost_5y_absolute,True
2022-09-17 04:00:00+00:00,2022-09-18 22:00:00+00:00,2022-09-18 18:00:00-04:00,43,79.0,76.59555634589535,boost_5y_absolute,True
2022-09-17 04:00:00+00:00,2022-09-18 23:00:00+00:00,2022-09-18 19:00:00-04:00,44,76.0,73.93932908407946,boost_5y_absolute,True
2022-09-17 04:00:00+00:00,2022-09-19 00:00:00+00:00,2022-09-18 20:00:00-04:00,45,72.0,72.36809901589191,boost_5y_absolute,True
2022-09-17 04:00:00+00:00,2022-09-19 01:00:00+00:00,2022-09-18 21:00:00-04:00,46,70.0,71.16467701512977,boost_5y_absolute,True
2022-09-17 04:00:00+00:00,2022-09-19 02:00:00+00:00,2022-09-18 22:00:00-04:00,47,71.0,70.17066128664693,boost_5y_absolute,True
2022-09-17 04:00:00+00:00,2022-09-19 03:00:00+00:00,2022-09-18 23:00:00-04:00,48,68.0,69.34519552001734,boost_5y_absolute,True
2022-09-17 04:00:00+00:00,2022-09-19 04:00:00+00:00,2022-09-19 00:00:00-04:00,49,67.0,68.57088511948416,boost_5y_absolute,True
2022-09-17 04:00:00+00:00,2022-09-19 05:00:00+00:00,2022-09-19 01:00:00-04:00,50,67.0,67.89263209672977,boost_5y_absolute,True
2022-09-17 04:00:00+00:00,2022-09-19 06:00:00+00:00,2022-09-19 02:00:00-04:00,51,66.0,67.28379988839917,boost_5y_absolute,True
2022-09-17 04:00:00+00:00,2022-09-19 07:00:00+00:00,2022-09-19 03:00:00-04:00,52,66.0,66.67174227040213,boost_5y_absolute,True
2022-09-17 04:00:00+00:00,2022-09-19 08:00:00+00:00,2022-09-19 04:00:00-04:00,53,65.0,66.20901691803499,boost_5y_absolute,True
2022-09-17 04:00:00+00:00,2022-09-19 09:00:00+00:00,2022-09-19 05:00:00-04:00,54,64.0,66.0219904609702,boost_5y_absolute,True
2022-09-17 04:00:00+00:00,2022-09-19 10:00:00+00:00,2022-09-19 06:00:00-04:00,55,63.0,65.79208017835819,boost_5y_absolute,True
2022-09-17 04:00:00+00:00,2022-09-19 11:00:00+00:00,2022-09-19 07:00:00-04:00,56,67.0,66.94728008644167,boost_5y_absolute,True
2022-09-17 04:00:00+00:00,2022-09-19 12:00:00+00:00,2022-09-19 08:00:00-04:00,57,73.0,69.97822200766316,boost_5y_absolute,True
2022-09-17 04:00:00+00:00,2022-09-19 13:00:00+00:00,2022-09-19 09:00:00-04:00,58,79.0,72.82342888541046,boost_5y_absolute,True
2022-09-17 04:00:00+00:00,2022-09-19 14:00:00+00:00,2022-09-19 10:00:00-04:00,59,84.0,74.97169440605651,boost_5y_absolute,True
2022-09-17 04:00:00+00:00,2022-09-19 15:00:00+00:00,2022-09-19 11:00:00-04:00,60,86.0,77.29245047198698,boost_5y_absolute,True
2022-09-17 04:00:00+00:00,2022-09-19 16:00:00+00:00,2022-09-19 12:00:00-04:00,61,87.0,78.66277659955985,boost_5y_absolute,True
2022-09-17 04:00:00+00:00,2022-09-19 17:00:00+00:00,2022-09-19 13:00:00-04:00,62,90.0,79.84499103341854,boost_5y_absolute,True
2022-09-17 04:00:00+00:00,2022-09-19 18:00:00+00:00,2022-09-19 14:00:00-04:00,63,88.0,80.54708297129449,boost_5y_absolute,True
2022-09-17 04:00:00+00:00,2022-09-19 19:00:00+00:00,2022-09-19 15:00:00-04:00,64,89.0,80.51560038601842,boost_5y_absolute,True
2022-09-17 04:00:00+00:00,2022-09-19 20:00:00+00:00,2022-09-19 16:00:00-04:00,65,88.0,80.25616670200692,boost_5y_absolute,True
2022-09-17 04:00:00+00:00,2022-09-19 21:00:00+00:00,2022-09-19 17:00:00-04:00,66,87.0,79.04571245842946,boost_5y_absolute,True
2022-09-17 04:00:00+00:00,2022-09-19 22:00:00+00:00,2022-09-19 18:00:00-04:00,67,85.0,76.25810048451036,boost_5y_absolute,True
2022-09-17 04:00:00+00:00,2022-09-19 23:00:00+00:00,2022-09-19 19:00:00-04:00,68,80.0,73.44936435809102,boost_5y_absolute,True
2022-09-17 04:00:00+00:00,2022-09-20 00:00:00+00:00,2022-09-19 20:00:00-04:00,69,76.0,71.7131436137542,boost_5y_absolute,True
2022-09-17 04:00:00+00:00,2022-09-20 01:00:00+00:00,2022-09-19 21:00:00-04:00,70,72.0,70.54027265997608,boost_5y_absolute,True
2022-09-17 04:00:00+00:00,2022-09-20 02:00:00+00:00,2022-09-19 22:00:00-04:00,71,73.0,69.5380905690217,boost_5y_absolute,True
2022-09-17 04:00:00+00:00,2022-09-20 03:00:00+00:00,2022-09-19 23:00:00-04:00,72,69.0,68.68432380947175,boost_5y_absolute,True
2022-09-17 04:00:00+00:00,2022-09-20 04:00:00+00:00,2022-09-20 00:00:00-04:00,73,69.0,65.43780821294042,boost_5y_absolute,True
2022-09-17 04:00:00+00:00,2022-09-20 05:00:00+00:00,2022-09-20 01:00:00-04:00,74,68.0,64.86144087884199,boost_5y_absolute,True
2022-09-17 04:00:00+00:00,2022-09-20 06:00:00+00:00,2022-09-20 02:00:00-04:00,75,68.0,64.24803228482541,boost_5y_absolute,True
2022-09-17 04:00:00+00:00,2022-09-20 07:00:00+00:00,2022-09-20 03:00:00-04:00,76,68.0,63.69869032541562,boost_5y_absolute,True
2022-09-17 04:00:00+00:00,2022-09-20 08:00:00+00:00,2022-09-20 04:00:00-04:00,77,66.0,63.41993147197545,boost_5y_absolute,True
2022-09-17 04:00:00+00:00,2022-09-20 09:00:00+00:00,2022-09-20 05:00:00-04:00,78,65.0,63.224970184210356,boost_5y_absolute,True
2022-09-17 04:00:00+00:00,2022-09-20 10:00:00+00:00,2022-09-20 06:00:00-04:00,79,66.0,63.00755611318609,boost_5y_absolute,True
2022-09-17 04:00:00+00:00,2022-09-20 11:00:00+00:00,2022-09-20 07:00:00-04:00,80,68.0,64.04291436332376,boost_5y_absolute,True
2022-09-17 04:00:00+00:00,2022-09-20 12:00:00+00:00,2022-09-20 08:00:00-04:00,81,76.0,67.11207922523484,boost_5y_absolute,True
2022-09-17 04:00:00+00:00,2022-09-20 13:00:00+00:00,2022-09-20 09:00:00-04:00,82,81.0,70.26331597189935,boost_5y_absolute,True
2022-09-17 04:00:00+00:00,2022-09-20 14:00:00+00:00,2022-09-20 10:00:00-04:00,83,85.0,72.78914050864505,boost_5y_absolute,True
2022-09-17 04:00:00+00:00,2022-09-20 15:00:00+00:00,2022-09-20 11:00:00-04:00,84,85.0,75.09806938559646,boost_5y_absolute,True
2022-09-17 04:00:00+00:00,2022-09-20 16:00:00+00:00,2022-09-20 12:00:00-04:00,85,88.0,76.46752029110212,boost_5y_absolute,True
2022-09-17 04:00:00+00:00,2022-09-20 17:00:00+00:00,2022-09-20 13:00:00-04:00,86,90.0,77.76562295765048,boost_5y_absolute,True
2022-09-17 04:00:00+00:00,2022-09-20 18:00:00+00:00,2022-09-20 14:00:00-04:00,87,90.0,78.55662536445575,boost_5y_absolute,True
2022-09-17 04:00:00+00:00,2022-09-20 19:00:00+00:00,2022-09-20 15:00:00-04:00,88,89.0,78.46258803725307,boost_5y_absolute,True
2022-09-17 04:00:00+00:00,2022-09-20 20:00:00+00:00,2022-09-20 16:00:00-04:00,89,90.0,78.23873577759205,boost_5y_absolute,True
2022-09-17 04:00:00+00:00,2022-09-20 21:00:00+00:00,2022-09-20 17:00:00-04:00,90,88.0,77.17335729846818,boost_5y_absolute,True
2022-09-17 04:00:00+00:00,2022-09-20 22:00:00+00:00,2022-09-20 18:00:00-04:00,91,84.0,74.4875737821105,boost_5y_absolute,True
2022-09-17 04:00:00+00:00,2022-09-20 23:00:00+00:00,2022-09-20 19:00:00-04:00,92,80.0,71.6521278145133,boost_5y_absolute,True
2022-09-17 04:00:00+00:00,2022-09-21 00:00:00+00:00,2022-09-20 20:00:00-04:00,93,76.0,69.81572143740013,boost_5y_absolute,True
2022-09-17 04:00:00+00:00,2022-09-21 01:00:00+00:00,2022-09-20 21:00:00-04:00,94,75.0,68.58344344059182,boost_5y_absolute,True
2022-09-17 04:00:00+00:00,2022-09-21 02:00:00+00:00,2022-09-20 22:00:00-04:00,95,71.0,67.56537260627243,boost_5y_absolute,True
2022-09-17 04:00:00+00:00,2022-09-21 03:00:00+00:00,2022-09-20 23:00:00-04:00,96,70.0,66.77366597219756,boost_5y_absolute,True
2022-09-17 04:00:00+00:00,2022-09-21 04:00:00+00:00,2022-09-21 00:00:00-04:00,97,68.0,65.63218450490172,boost_5y_absolute,True
2022-09-17 04:00:00+00:00,2022-09-21 05:00:00+00:00,2022-09-21 01:00:00-04:00,98,67.0,64.88273216368782,boost_5y_absolute,True
2022-09-17 04:00:00+00:00,2022-09-21 06:00:00+00:00,2022-09-21 02:00:00-04:00,99,66.0,64.48705771171528,boost_5y_absolute,True
2022-09-17 04:00:00+00:00,2022-09-21 07:00:00+00:00,2022-09-21 03:00:00-04:00,100,66.0,63.997140800383335,boost_5y_absolute,True
2022-09-17 04:00:00+00:00,2022-09-21 08:00:00+00:00,2022-09-21 04:00:00-04:00,101,66.0,63.521736025829334,boost_5y_absolute,True
2022-09-17 04:00:00+00:00,2022-09-21 09:00:00+00:00,2022-09-21 05:00:00-04:00,102,65.0,63.27162554255487,boost_5y_absolute,True
2022-09-17 04:00:00+00:00,2022-09-21 10:00:00+00:00,2022-09-21 06:00:00-04:00,103,65.0,63.04880678529306,boost_5y_absolute,True
2022-09-17 04:00:00+00:00,2022-09-21 11:00:00+00:00,2022-09-21 07:00:00-04:00,104,67.0,64.26707582533976,boost_5y_absolute,True
2022-09-17 04:00:00+00:00,2022-09-21 12:00:00+00:00,2022-09-21 08:00:00-04:00,105,72.0,67.49383068097679,boost_5y_absolute,True
2022-09-17 04:00:00+00:00,2022-09-21 13:00:00+00:00,2022-09-21 09:00:00-04:00,106,77.0,70.88321813123804,boost_5y_absolute,True
2022-09-17 04:00:00+00:00,2022-09-21 14:00:00+00:00,2022-09-21 10:00:00-04:00,107,82.0,73.61670847227673,boost_5y_absolute,True
2022-09-17 04:00:00+00:00,2022-09-21 15:00:00+00:00,2022-09-21 11:00:00-04:00,108,86.0,75.95919162358919,boost_5y_absolute,True
2022-09-17 04:00:00+00:00,2022-09-21 16:00:00+00:00,2022-09-21 12:00:00-04:00,109,91.0,77.45590110787117,boost_5y_absolute,True
2022-09-17 04:00:00+00:00,2022-09-21 17:00:00+00:00,2022-09-21 13:00:00-04:00,110,91.0,78.70695625350744,boost_5y_absolute,True
2022-09-17 04:00:00+00:00,2022-09-21 18:00:00+00:00,2022-09-21 14:00:00-04:00,111,94.0,79.44736572648897,boost_5y_absolute,True
2022-09-17 04:00:00+00:00,2022-09-21 19:00:00+00:00,2022-09-21 15:00:00-04:00,112,96.0,79.3188498255962,boost_5y_absolute,True
2022-09-17 04:00:00+00:00,2022-09-21 20:00:00+00:00,2022-09-21 16:00:00-04:00,113,94.0,79.04594582370315,boost_5y_absolute,True
2022-09-17 04:00:00+00:00,2022-09-21 21:00:00+00:00,2022-09-21 17:00:00-04:00,114,90.0,77.8485425642292,boost_5y_absolute,True
2022-09-17 04:00:00+00:00,2022-09-21 22:00:00+00:00,2022-09-21 18:00:00-04:00,115,87.0,75.0425268700997,boost_5y_absolute,True
2022-09-17 04:00:00+00:00,2022-09-21 23:00:00+00:00,2022-09-21 19:00:00-04:00,116,83.0,71.92756729011018,boost_5y_absolute,True
2022-09-17 04:00:00+00:00,2022-09-22 00:00:00+00:00,2022-09-21 20:00:00-04:00,117,78.0,70.1306730104902,boost_5y_absolute,True
2022-09-17 04:00:00+00:00,2022-09-22 01:00:00+00:00,2022-09-21 21:00:00-04:00,118,75.0,68.83129500130784,boost_5y_absolute,True
2022-09-17 04:00:00+00:00,2022-09-22 02:00:00+00:00,2022-09-21 22:00:00-04:00,119,71.0,67.87573662557298,boost_5y_absolute,True
2022-09-17 04:00:00+00:00,2022-09-22 03:00:00+00:00,2022-09-21 23:00:00-04:00,120,71.0,67.03993308192312,boost_5y_absolute,True
2022-09-17 04:00:00+00:00,2022-09-22 04:00:00+00:00,2022-09-22 00:00:00-04:00,121,70.0,66.14540019701782,boost_5y_absolute,True
2022-09-17 04:00:00+00:00,2022-09-22 05:00:00+00:00,2022-09-22 01:00:00-04:00,122,72.0,65.30064154064787,boost_5y_absolute,True
2022-09-17 04:00:00+00:00,2022-09-22 06:00:00+00:00,2022-09-22 02:00:00-04:00,123,68.0,64.88279752299826,boost_5y_absolute,True
2022-09-17 04:00:00+00:00,2022-09-22 07:00:00+00:00,2022-09-22 03:00:00-04:00,124,68.0,64.33118193676947,boost_5y_absolute,True
2022-09-17 04:00:00+00:00,2022-09-22 08:00:00+00:00,2022-09-22 04:00:00-04:00,125,68.0,63.837108281474976,boost_5y_absolute,True
2022-09-17 04:00:00+00:00,2022-09-22 09:00:00+00:00,2022-09-22 05:00:00-04:00,126,67.0,63.47330095036244,boost_5y_absolute,True
2022-09-17 04:00:00+00:00,2022-09-22 10:00:00+00:00,2022-09-22 06:00:00-04:00,127,69.0,63.18833290974796,boost_5y_absolute,True
2022-09-17 04:00:00+00:00,2022-09-22 11:00:00+00:00,2022-09-22 07:00:00-04:00,128,70.0,64.44155109537752,boost_5y_absolute,True
2022-09-17 04:00:00+00:00,2022-09-22 12:00:00+00:00,2022-09-22 08:00:00-04:00,129,75.0,67.67442986975688,boost_5y_absolute,True
2022-09-17 04:00:00+00:00,2022-09-22 13:00:00+00:00,2022-09-22 09:00:00-04:00,130,83.0,71.0084820835693,boost_5y_absolute,True
2022-09-17 04:00:00+00:00,2022-09-22 14:00:00+00:00,2022-09-22 10:00:00-04:00,131,87.0,73.87342240391277,boost_5y_absolute,True
2022-09-17 04:00:00+00:00,2022-09-22 15:00:00+00:00,2022-09-22 11:00:00-04:00,132,92.0,76.18218406503628,boost_5y_absolute,True
2022-09-17 04:00:00+00:00,2022-09-22 16:00:00+00:00,2022-09-22 12:00:00-04:00,133,96.0,77.76878518821937,boost_5y_absolute,True
2022-09-17 04:00:00+00:00,2022-09-22 17:00:00+00:00,2022-09-22 13:00:00-04:00,134,97.0,79.05133042638761,boost_5y_absolute,True
2022-09-17 04:00:00+00:00,2022-09-22 18:00:00+00:00,2022-09-22 14:00:00-04:00,135,94.0,79.7603233199395,boost_5y_absolute,True
2022-09-17 04:00:00+00:00,2022-09-22 19:00:00+00:00,2022-09-22 15:00:00-04:00,136,91.0,79.74744786058987,boost_5y_absolute,True
2022-09-17 04:00:00+00:00,2022-09-22 20:00:00+00:00,2022-09-22 16:00:00-04:00,137,80.0,79.37566673292318,boost_5y_absolute,True
2022-09-17 04:00:00+00:00,2022-09-22 21:00:00+00:00,2022-09-22 17:00:00-04:00,138,84.0,78.10732500224148,boost_5y_absolute,True
2022-09-17 04:00:00+00:00,2022-09-22 22:00:00+00:00,2022-09-22 18:00:00-04:00,139,80.0,75.28036799381363,boost_5y_absolute,True
2022-09-17 04:00:00+00:00,2022-09-22 23:00:00+00:00,2022-09-22 19:00:00-04:00,140,76.0,72.1775501375033,boost_5y_absolute,True
2022-09-17 04:00:00+00:00,2022-09-23 00:00:00+00:00,2022-09-22 20:00:00-04:00,141,73.0,70.42599316071069,boost_5y_absolute,True
2022-09-17 04:00:00+00:00,2022-09-23 01:00:00+00:00,2022-09-22 21:00:00-04:00,142,72.0,69.14010765804568,boost_5y_absolute,True
2022-09-17 04:00:00+00:00,2022-09-23 02:00:00+00:00,2022-09-22 22:00:00-04:00,143,70.0,68.08640481672488,boost_5y_absolute,True
2022-09-17 04:00:00+00:00,2022-09-23 03:00:00+00:00,2022-09-22 23:00:00-04:00,144,68.0,67.31252316687453,boost_5y_absolute,True
2022-09-17 04:00:00+00:00,2022-09-23 04:00:00+00:00,2022-09-23 00:00:00-04:00,145,66.0,65.77193804854336,boost_5y_absolute,True
2022-09-17 04:00:00+00:00,2022-09-23 05:00:00+00:00,2022-09-23 01:00:00-04:00,146,65.0,64.87921186342362,boost_5y_absolute,True
2022-09-17 04:00:00+00:00,2022-09-23 06:00:00+00:00,2022-09-23 02:00:00-04:00,147,62.0,64.41897203711952,boost_5y_absolute,True
2022-09-17 04:00:00+00:00,2022-09-23 07:00:00+00:00,2022-09-23 03:00:00-04:00,148,60.0,63.74288490806669,boost_5y_absolute,True
2022-09-17 04:00:00+00:00,2022-09-23 08:00:00+00:00,2022-09-23 04:00:00-04:00,149,58.0,63.29456765744775,boost_5y_absolute,True
2022-09-17 04:00:00+00:00,2022-09-23 09:00:00+00:00,2022-09-23 05:00:00-04:00,150,55.0,62.91187748867781,boost_5y_absolute,True
2022-09-17 04:00:00+00:00,2022-09-23 10:00:00+00:00,2022-09-23 06:00:00-04:00,151,55.0,62.869075840982255,boost_5y_absolute,True
2022-09-17 04:00:00+00:00,2022-09-23 11:00:00+00:00,2022-09-23 07:00:00-04:00,152,56.0,63.80918839957817,boost_5y_absolute,True
2022-09-17 04:00:00+00:00,2022-09-23 12:00:00+00:00,2022-09-23 08:00:00-04:00,153,60.0,67.01514634516435,boost_5y_absolute,True
2022-09-17 04:00:00+00:00,2022-09-23 13:00:00+00:00,2022-09-23 09:00:00-04:00,154,63.0,70.33261728241692,boost_5y_absolute,True
2022-09-17 04:00:00+00:00,2022-09-23 14:00:00+00:00,2022-09-23 10:00:00-04:00,155,66.0,73.29192677427713,boost_5y_absolute,True
2022-09-17 04:00:00+00:00,2022-09-23 15:00:00+00:00,2022-09-23 11:00:00-04:00,156,68.0,75.63865661065499,boost_5y_absolute,True
2022-09-17 04:00:00+00:00,2022-09-23 16:00:00+00:00,2022-09-23 12:00:00-04:00,157,70.0,77.25740258935429,boost_5y_absolute,True
2022-09-17 04:00:00+00:00,2022-09-23 17:00:00+00:00,2022-09-23 13:00:00-04:00,158,72.0,78.72018151257203,boost_5y_absolute,True
2022-09-17 04:00:00+00:00,2022-09-23 18:00:00+00:00,2022-09-23 14:00:00-04:00,159,74.0,79.40523618666509,boost_5y_absolute,True
2022-09-17 04:00:00+00:00,2022-09-23 19:00:00+00:00,2022-09-23 15:00:00-04:00,160,74.0,79.38796076932653,boost_5y_absolute,True
2022-09-17 04:00:00+00:00,2022-09-23 20:00:00+00:00,2022-09-23 16:00:00-04:00,161,74.0,79.07226447715406,boost_5y_absolute,True
2022-09-17 04:00:00+00:00,2022-09-23 21:00:00+00:00,2022-09-23 17:00:00-04:00,162,73.0,77.75415959382623,boost_5y_absolute,True
2022-09-17 04:00:00+00:00,2022-09-23 22:00:00+00:00,2022-09-23 18:00:00-04:00,163,69.0,74.77836113865266,boost_5y_absolute,True
2022-09-17 04:00:00+00:00,2022-09-23 23:00:00+00:00,2022-09-23 19:00:00-04:00,164,60.0,71.44957546412328,boost_5y_absolute,True
2022-09-17 04:00:00+00:00,2022-09-24 00:00:00+00:00,2022-09-23 20:00:00-04:00,165,58.0,69.64868309339685,boost_5y_absolute,True
2022-09-17 04:00:00+00:00,2022-09-24 01:00:00+00:00,2022-09-23 21:00:00-04:00,166,58.0,68.43884445102216,boost_5y_absolute,True
2022-09-17 04:00:00+00:00,2022-09-24 02:00:00+00:00,2022-09-23 22:00:00-04:00,167,56.0,67.44115899039787,boost_5y_absolute,True
2022-09-17 04:00:00+00:00,2022-09-24 03:00:00+00:00,2022-09-23 23:00:00-04:00,168,52.0,66.6032577004921,boost_5y_absolute,True
2022-09-17 04:00:00+00:00,2022-09-24 04:00:00+00:00,2022-09-24 00:00:00-04:00,169,48.0,65.94291246619528,boost_5y_absolute,True
2022-09-17 04:00:00+00:00,2022-09-24 05:00:00+00:00,2022-09-24 01:00:00-04:00,170,52.0,64.96787426182959,boost_5y_absolute,True
2022-09-17 04:00:00+00:00,2022-09-24 06:00:00+00:00,2022-09-24 02:00:00-04:00,171,49.0,64.52226345233547,boost_5y_absolute,True
2022-09-17 04:00:00+00:00,2022-09-24 07:00:00+00:00,2022-09-24 03:00:00-04:00,172,51.0,63.71030979396962,boost_5y_absolute,True
2022-09-17 04:00:00+00:00,2022-09-24 08:00:00+00:00,2022-09-24 04:00:00-04:00,173,52.0,63.47724381476262,boost_5y_absolute,True
2022-09-17 04:00:00+00:00,2022-09-24 09:00:00+00:00,2022-09-24 05:00:00-04:00,174,52.0,63.096962595856226,boost_5y_absolute,True
2022-09-17 04:00:00+00:00,2022-09-24 10:00:00+00:00,2022-09-24 06:00:00-04:00,175,52.0,62.72952248426965,boost_5y_absolute,True
2022-09-17 04:00:00+00:00,2022-09-24 11:00:00+00:00,2022-09-24 07:00:00-04:00,176,55.0,63.73694157043695,boost_5y_absolute,True
2022-09-17 04:00:00+00:00,2022-09-24 12:00:00+00:00,2022-09-24 08:00:00-04:00,177,60.0,67.01958078572231,boost_5y_absolute,True
2022-09-17 04:00:00+00:00,2022-09-24 13:00:00+00:00,2022-09-24 09:00:00-04:00,178,63.0,70.39798283680746,boost_5y_absolute,True
2022-09-17 04:00:00+00:00,2022-09-24 14:00:00+00:00,2022-09-24 10:00:00-04:00,179,65.0,73.42077443901067,boost_5y_absolute,True
2022-09-17 04:00:00+00:00,2022-09-24 15:00:00+00:00,2022-09-24 11:00:00-04:00,180,69.0,75.83165450241195,boost_5y_absolute,True
2022-09-17 04:00:00+00:00,2022-09-24 16:00:00+00:00,2022-09-24 12:00:00-04:00,181,74.0,77.51537898759322,boost_5y_absolute,True
2022-09-17 04:00:00+00:00,2022-09-24 17:00:00+00:00,2022-09-24 13:00:00-04:00,182,74.0,78.94033393122898,boost_5y_absolute,True
2022-09-17 04:00:00+00:00,2022-09-24 18:00:00+00:00,2022-09-24 14:00:00-04:00,183,72.0,79.6581222511811,boost_5y_absolute,True
2022-09-17 04:00:00+00:00,2022-09-24 19:00:00+00:00,2022-09-24 15:00:00-04:00,184,73.0,79.69526661015769,boost_5y_absolute,True
2022-09-17 04:00:00+00:00,2022-09-24 20:00:00+00:00,2022-09-24 16:00:00-04:00,185,75.0,79.37257310774753,boost_5y_absolute,True
2022-09-17 04:00:00+00:00,2022-09-24 21:00:00+00:00,2022-09-24 17:00:00-04:00,186,72.0,77.99125970333095,boost_5y_absolute,True
2022-09-17 04:00:00+00:00,2022-09-24 22:00:00+00:00,2022-09-24 18:00:00-04:00,187,70.0,74.9322334026115,boost_5y_absolute,True
2022-09-17 04:00:00+00:00,2022-09-24 23:00:00+00:00,2022-09-24 19:00:00-04:00,188,69.0,71.53919079248332,boost_5y_absolute,True
2022-09-17 04:00:00+00:00,2022-09-25 00:00:00+00:00,2022-09-24 20:00:00-04:00,189,69.0,69.7036983256369,boost_5y_absolute,True
2022-09-17 04:00:00+00:00,2022-09-25 01:00:00+00:00,2022-09-24 21:00:00-04:00,190,68.0,68.45957114173599,boost_5y_absolute,True
2022-09-17 04:00:00+00:00,2022-09-25 02:00:00+00:00,2022-09-24 22:00:00-04:00,191,67.0,67.47262770592836,boost_5y_absolute,True
2022-09-17 04:00:00+00:00,2022-09-25 03:00:00+00:00,2022-09-24 23:00:00-04:00,192,66.0,66.63154546316545,boost_5y_absolute,True
2022-09-17 04:00:00+00:00,2022-09-25 04:00:00+00:00,2022-09-25 00:00:00-04:00,193,64.0,65.9043505157216,boost_5y_absolute,True
2022-09-17 04:00:00+00:00,2022-09-25 05:00:00+00:00,2022-09-25 01:00:00-04:00,194,62.0,64.91477899231184,boost_5y_absolute,True
2022-09-17 04:00:00+00:00,2022-09-25 06:00:00+00:00,2022-09-25 02:00:00-04:00,195,65.0,64.42757357673868,boost_5y_absolute,True
2022-09-17 04:00:00+00:00,2022-09-25 07:00:00+00:00,2022-09-25 03:00:00-04:00,196,66.0,63.730698144289484,boost_5y_absolute,True
2022-09-17 04:00:00+00:00,2022-09-25 08:00:00+00:00,2022-09-25 04:00:00-04:00,197,65.0,63.32794621814556,boost_5y_absolute,True
2022-09-17 04:00:00+00:00,2022-09-25 09:00:00+00:00,2022-09-25 05:00:00-04:00,198,62.0,62.970434572764184,boost_5y_absolute,True
2022-09-17 04:00:00+00:00,2022-09-25 10:00:00+00:00,2022-09-25 06:00:00-04:00,199,61.0,62.60199704321119,boost_5y_absolute,True
2022-09-17 04:00:00+00:00,2022-09-25 11:00:00+00:00,2022-09-25 07:00:00-04:00,200,64.0,63.759640968562834,boost_5y_absolute,True
2022-09-17 04:00:00+00:00,2022-09-25 12:00:00+00:00,2022-09-25 08:00:00-04:00,201,68.0,67.00340777199078,boost_5y_absolute,True
2022-09-17 04:00:00+00:00,2022-09-25 13:00:00+00:00,2022-09-25 09:00:00-04:00,202,71.0,70.50639080249638,boost_5y_absolute,True
2022-09-17 04:00:00+00:00,2022-09-25 14:00:00+00:00,2022-09-25 10:00:00-04:00,203,77.0,73.64376313259737,boost_5y_absolute,True
2022-09-17 04:00:00+00:00,2022-09-25 15:00:00+00:00,2022-09-25 11:00:00-04:00,204,82.0,76.11997795038128,boost_5y_absolute,True
2022-09-17 04:00:00+00:00,2022-09-25 16:00:00+00:00,2022-09-25 12:00:00-04:00,205,83.0,77.81177905692842,boost_5y_absolute,True
2022-09-17 04:00:00+00:00,2022-09-25 17:00:00+00:00,2022-09-25 13:00:00-04:00,206,81.0,79.22580090412178,boost_5y_absolute,True
2022-09-17 04:00:00+00:00,2022-09-25 18:00:00+00:00,2022-09-25 14:00:00-04:00,207,83.0,80.08061340771525,boost_5y_absolute,True
2022-09-17 04:00:00+00:00,2022-09-25 19:00:00+00:00,2022-09-25 15:00:00-04:00,208,79.0,80.04291054084293,boost_5y_absolute,True
2022-09-17 04:00:00+00:00,2022-09-25 20:00:00+00:00,2022-09-25 16:00:00-04:00,209,80.0,79.6757027257691,boost_5y_absolute,True
2022-09-17 04:00:00+00:00,2022-09-25 21:00:00+00:00,2022-09-25 17:00:00-04:00,210,78.0,78.31553715086542,boost_5y_absolute,True
2022-09-17 04:00:00+00:00,2022-09-25 22:00:00+00:00,2022-09-25 18:00:00-04:00,211,77.0,75.1380460056463,boost_5y_absolute,True
2022-09-17 04:00:00+00:00,2022-09-25 23:00:00+00:00,2022-09-25 19:00:00-04:00,212,74.0,71.6811211295041,boost_5y_absolute,True
2022-09-17 04:00:00+00:00,2022-09-26 00:00:00+00:00,2022-09-25 20:00:00-04:00,213,74.0,69.7921264028845,boost_5y_absolute,True
2022-09-17 04:00:00+00:00,2022-09-26 01:00:00+00:00,2022-09-25 21:00:00-04:00,214,70.0,68.57034986868578,boost_5y_absolute,True
2022-09-17 04:00:00+00:00,2022-09-26 02:00:00+00:00,2022-09-25 22:00:00-04:00,215,70.0,67.60183921879414,boost_5y_absolute,True
2022-09-17 04:00:00+00:00,2022-09-26 03:00:00+00:00,2022-09-25 23:00:00-04:00,216,70.0,66.7132620501928,boost_5y_absolute,True
2022-09-17 04:00:00+00:00,2022-09-26 04:00:00+00:00,2022-09-26 00:00:00-04:00,217,68.0,65.9026842623484,boost_5y_absolute,True
2022-09-17 04:00:00+00:00,2022-09-26 05:00:00+00:00,2022-09-26 01:00:00-04:00,218,66.0,64.85132647212826,boost_5y_absolute,True
2022-09-17 04:00:00+00:00,2022-09-26 06:00:00+00:00,2022-09-26 02:00:00-04:00,219,63.0,64.3117716732342,boost_5y_absolute,True
2022-09-17 04:00:00+00:00,2022-09-26 07:00:00+00:00,2022-09-26 03:00:00-04:00,220,64.0,63.508671025714165,boost_5y_absolute,True
2022-09-17 04:00:00+00:00,2022-09-26 08:00:00+00:00,2022-09-26 04:00:00-04:00,221,64.0,63.12870235244746,boost_5y_absolute,True
2022-09-17 04:00:00+00:00,2022-09-26 09:00:00+00:00,2022-09-26 05:00:00-04:00,222,62.0,62.71507344194575,boost_5y_absolute,True
2022-09-17 04:00:00+00:00,2022-09-26 10:00:00+00:00,2022-09-26 06:00:00-04:00,223,60.0,62.377036983715,boost_5y_absolute,True
2022-09-17 04:00:00+00:00,2022-09-26 11:00:00+00:00,2022-09-26 07:00:00-04:00,224,63.0,63.475822493513334,boost_5y_absolute,True
2022-09-17 04:00:00+00:00,2022-09-26 12:00:00+00:00,2022-09-26 08:00:00-04:00,225,68.0,66.93263173007607,boost_5y_absolute,True
2022-09-17 04:00:00+00:00,2022-09-26 13:00:00+00:00,2022-09-26 09:00:00-04:00,226,74.0,70.61191222852985,boost_5y_absolute,True
2022-09-17 04:00:00+00:00,2022-09-26 14:00:00+00:00,2022-09-26 10:00:00-04:00,227,75.0,73.83273253560625,boost_5y_absolute,True
2022-09-17 04:00:00+00:00,2022-09-26 15:00:00+00:00,2022-09-26 11:00:00-04:00,228,78.0,76.37648647073814,boost_5y_absolute,True
2022-09-17 04:00:00+00:00,2022-09-26 16:00:00+00:00,2022-09-26 12:00:00-04:00,229,79.0,78.1803747383133,boost_5y_absolute,True
2022-09-17 04:00:00+00:00,2022-09-26 17:00:00+00:00,2022-09-26 13:00:00-04:00,230,84.0,79.623771814128,boost_5y_absolute,True
2022-09-17 04:00:00+00:00,2022-09-26 18:00:00+00:00,2022-09-26 14:00:00-04:00,231,86.0,80.53378870113924,boost_5y_absolute,True
2022-09-17 04:00:00+00:00,2022-09-26 19:00:00+00:00,2022-09-26 15:00:00-04:00,232,83.0,80.41035307796493,boost_5y_absolute,True
2022-09-17 04:00:00+00:00,2022-09-26 20:00:00+00:00,2022-09-26 16:00:00-04:00,233,85.0,80.09345815358284,boost_5y_absolute,True
2022-09-17 04:00:00+00:00,2022-09-26 21:00:00+00:00,2022-09-26 17:00:00-04:00,234,82.0,78.6482935921978,boost_5y_absolute,True
2022-09-17 04:00:00+00:00,2022-09-26 22:00:00+00:00,2022-09-26 18:00:00-04:00,235,79.0,75.18711676703943,boost_5y_absolute,True
2022-09-17 04:00:00+00:00,2022-09-26 23:00:00+00:00,2022-09-26 19:00:00-04:00,236,75.0,71.72304883285855,boost_5y_absolute,True
2022-09-17 04:00:00+00:00,2022-09-27 00:00:00+00:00,2022-09-26 20:00:00-04:00,237,68.0,69.78398734221666,boost_5y_absolute,True
2022-09-17 04:00:00+00:00,2022-09-27 01:00:00+00:00,2022-09-26 21:00:00-04:00,238,66.0,68.37289782581364,boost_5y_absolute,True
2022-09-17 04:00:00+00:00,2022-09-27 02:00:00+00:00,2022-09-26 22:00:00-04:00,239,62.0,67.50844402737232,boost_5y_absolute,True
2022-09-17 04:00:00+00:00,2022-09-27 03:00:00+00:00,2022-09-26 23:00:00-04:00,240,60.0,66.7281677471489,boost_5y_absolute,True
2022-09-17 04:00:00+00:00,2022-09-27 04:00:00+00:00,2022-09-27 00:00:00-04:00,241,59.0,65.90145100326649,boost_5y_absolute,True
2022-09-17 04:00:00+00:00,2022-09-27 05:00:00+00:00,2022-09-27 01:00:00-04:00,242,58.0,64.79767023817281,boost_5y_absolute,True
2022-09-17 04:00:00+00:00,2022-09-27 06:00:00+00:00,2022-09-27 02:00:00-04:00,243,56.0,64.33040768997145,boost_5y_absolute,True
2022-09-17 04:00:00+00:00,2022-09-27 07:00:00+00:00,2022-09-27 03:00:00-04:00,244,57.0,63.40081790321008,boost_5y_absolute,True
2022-09-17 04:00:00+00:00,2022-09-27 08:00:00+00:00,2022-09-27 04:00:00-04:00,245,56.0,63.047217500251676,boost_5y_absolute,True
2022-09-17 04:00:00+00:00,2022-09-27 09:00:00+00:00,2022-09-27 05:00:00-04:00,246,55.0,62.5903538083903,boost_5y_absolute,True
2022-09-17 04:00:00+00:00,2022-09-27 10:00:00+00:00,2022-09-27 06:00:00-04:00,247,55.0,62.22108803637302,boost_5y_absolute,True
2022-09-17 04:00:00+00:00,2022-09-27 11:00:00+00:00,2022-09-27 07:00:00-04:00,248,57.0,63.27524742575797,boost_5y_absolute,True
2022-09-17 04:00:00+00:00,2022-09-27 12:00:00+00:00,2022-09-27 08:00:00-04:00,249,64.0,66.86021953011983,boost_5y_absolute,True
2022-09-17 04:00:00+00:00,2022-09-27 13:00:00+00:00,2022-09-27 09:00:00-04:00,250,69.0,70.59580252364867,boost_5y_absolute,True
2022-09-17 04:00:00+00:00,2022-09-27 14:00:00+00:00,2022-09-27 10:00:00-04:00,251,73.0,74.01627354336088,boost_5y_absolute,True
2022-09-17 04:00:00+00:00,2022-09-27 15:00:00+00:00,2022-09-27 11:00:00-04:00,252,74.0,76.57888453610325,boost_5y_absolute,True
2022-09-17 04:00:00+00:00,2022-09-27 16:00:00+00:00,2022-09-27 12:00:00-04:00,253,76.0,78.42172877559969,boost_5y_absolute,True
2022-09-17 04:00:00+00:00,2022-09-27 17:00:00+00:00,2022-09-27 13:00:00-04:00,254,77.0,79.91568193201827,boost_5y_absolute,True
2022-09-17 04:00:00+00:00,2022-09-27 18:00:00+00:00,2022-09-27 14:00:00-04:00,255,79.0,80.79629320595609,boost_5y_absolute,True
2022-09-17 04:00:00+00:00,2022-09-27 19:00:00+00:00,2022-09-27 15:00:00-04:00,256,79.0,80.58226428894018,boost_5y_absolute,True
2022-09-17 04:00:00+00:00,2022-09-27 20:00:00+00:00,2022-09-27 16:00:00-04:00,257,79.0,80.10283200161078,boost_5y_absolute,True
2022-09-17 04:00:00+00:00,2022-09-27 21:00:00+00:00,2022-09-27 17:00:00-04:00,258,76.0,78.640384201752,boost_5y_absolute,True
2022-09-17 04:00:00+00:00,2022-09-27 22:00:00+00:00,2022-09-27 18:00:00-04:00,259,73.0,75.09225982373145,boost_5y_absolute,True
2022-09-17 04:00:00+00:00,2022-09-27 23:00:00+00:00,2022-09-27 19:00:00-04:00,260,68.0,71.63278658145593,boost_5y_absolute,True
2022-09-17 04:00:00+00:00,2022-09-28 00:00:00+00:00,2022-09-27 20:00:00-04:00,261,65.0,69.64032620788764,boost_5y_absolute,True
2022-09-17 04:00:00+00:00,2022-09-28 01:00:00+00:00,2022-09-27 21:00:00-04:00,262,59.0,68.26258134838076,boost_5y_absolute,True
2022-09-17 04:00:00+00:00,2022-09-28 02:00:00+00:00,2022-09-27 22:00:00-04:00,263,63.0,67.44948826847569,boost_5y_absolute,True
2022-09-17 04:00:00+00:00,2022-09-28 03:00:00+00:00,2022-09-27 23:00:00-04:00,264,60.0,66.70913280009103,boost_5y_absolute,True
2022-09-17 04:00:00+00:00,2022-09-28 04:00:00+00:00,2022-09-28 00:00:00-04:00,265,58.0,65.74611449189712,boost_5y_absolute,True
2022-09-17 04:00:00+00:00,2022-09-28 05:00:00+00:00,2022-09-28 01:00:00-04:00,266,58.0,64.64967892726366,boost_5y_absolute,True
2022-09-17 04:00:00+00:00,2022-09-28 06:00:00+00:00,2022-09-28 02:00:00-04:00,267,57.0,64.13309669221982,boost_5y_absolute,True
2022-09-17 04:00:00+00:00,2022-09-28 07:00:00+00:00,2022-09-28 03:00:00-04:00,268,52.0,63.28394660947244,boost_5y_absolute,True
2022-09-17 04:00:00+00:00,2022-09-28 08:00:00+00:00,2022-09-28 04:00:00-04:00,269,53.0,62.93524723254908,boost_5y_absolute,True
2022-09-17 04:00:00+00:00,2022-09-28 09:00:00+00:00,2022-09-28 05:00:00-04:00,270,48.0,62.443328245337405,boost_5y_absolute,True
2022-09-17 04:00:00+00:00,2022-09-28 10:00:00+00:00,2022-09-28 06:00:00-04:00,271,48.0,62.082940654047015,boost_5y_absolute,True
2022-09-17 04:00:00+00:00,2022-09-28 11:00:00+00:00,2022-09-28 07:00:00-04:00,272,51.0,63.087946120012106,boost_5y_absolute,True
2022-09-17 04:00:00+00:00,2022-09-28 12:00:00+00:00,2022-09-28 08:00:00-04:00,273,58.0,66.68114933243395,boost_5y_absolute,True
2022-09-17 04:00:00+00:00,2022-09-28 13:00:00+00:00,2022-09-28 09:00:00-04:00,274,60.0,70.45783856395967,boost_5y_absolute,True
2022-09-17 04:00:00+00:00,2022-09-28 14:00:00+00:00,2022-09-28 10:00:00-04:00,275,65.0,73.97133855835946,boost_5y_absolute,True
2022-09-17 04:00:00+00:00,2022-09-28 15:00:00+00:00,2022-09-28 11:00:00-04:00,276,68.0,76.4962647442147,boost_5y_absolute,True
2022-09-17 04:00:00+00:00,2022-09-28 16:00:00+00:00,2022-09-28 12:00:00-04:00,277,69.0,78.30746274458282,boost_5y_absolute,True
2022-09-17 04:00:00+00:00,2022-09-28 17:00:00+00:00,2022-09-28 13:00:00-04:00,278,71.0,79.81375062081956,boost_5y_absolute,True
2022-09-17 04:00:00+00:00,2022-09-28 18:00:00+00:00,2022-09-28 14:00:00-04:00,279,71.0,80.74671038833515,boost_5y_absolute,True
2022-09-17 04:00:00+00:00,2022-09-28 19:00:00+00:00,2022-09-28 15:00:00-04:00,280,71.0,80.47593807092389,boost_5y_absolute,True
2022-09-17 04:00:00+00:00,2022-09-28 20:00:00+00:00,2022-09-28 16:00:00-04:00,281,70.0,79.95559424016942,boost_5y_absolute,True
2022-09-17 04:00:00+00:00,2022-09-28 21:00:00+00:00,2022-09-28 17:00:00-04:00,282,68.0,78.43457197896211,boost_5y_absolute,True
2022-09-17 04:00:00+00:00,2022-09-28 22:00:00+00:00,2022-09-28 18:00:00-04:00,283,65.0,74.81857934512391,boost_5y_absolute,True
2022-09-17 04:00:00+00:00,2022-09-28 23:00:00+00:00,2022-09-28 19:00:00-04:00,284,63.0,71.4165671598812,boost_5y_absolute,True
2022-09-17 04:00:00+00:00,2022-09-29 00:00:00+00:00,2022-09-28 20:00:00-04:00,285,61.0,69.43140689204714,boost_5y_absolute,True
2022-09-17 04:00:00+00:00,2022-09-29 01:00:00+00:00,2022-09-28 21:00:00-04:00,286,60.0,68.110114273349,boost_5y_absolute,True
2022-09-17 04:00:00+00:00,2022-09-29 02:00:00+00:00,2022-09-28 22:00:00-04:00,287,60.0,67.36215449939014,boost_5y_absolute,True
2022-09-17 04:00:00+00:00,2022-09-29 03:00:00+00:00,2022-09-28 23:00:00-04:00,288,58.0,66.69743469065459,boost_5y_absolute,True
2022-09-17 04:00:00+00:00,2022-09-29 04:00:00+00:00,2022-09-29 00:00:00-04:00,289,59.0,65.7212712759508,boost_5y_absolute,True
2022-09-17 04:00:00+00:00,2022-09-29 05:00:00+00:00,2022-09-29 01:00:00-04:00,290,57.0,64.63880996263873,boost_5y_absolute,True
2022-09-17 04:00:00+00:00,2022-09-29 06:00:00+00:00,2022-09-29 02:00:00-04:00,291,56.0,64.12478822268993,boost_5y_absolute,True
2022-09-17 04:00:00+00:00,2022-09-29 07:00:00+00:00,2022-09-29 03:00:00-04:00,292,57.0,63.24707992875413,boost_5y_absolute,True
2022-09-17 04:00:00+00:00,2022-09-29 08:00:00+00:00,2022-09-29 04:00:00-04:00,293,56.0,62.85825991533312,boost_5y_absolute,True
2022-09-17 04:00:00+00:00,2022-09-29 09:00:00+00:00,2022-09-29 05:00:00-04:00,294,55.0,62.34064546689189,boost_5y_absolute,True
2022-09-17 04:00:00+00:00,2022-09-29 10:00:00+00:00,2022-09-29 06:00:00-04:00,295,54.0,61.970131183493386,boost_5y_absolute,True
2022-09-17 04:00:00+00:00,2022-09-29 11:00:00+00:00,2022-09-29 07:00:00-04:00,296,55.0,62.973813778858094,boost_5y_absolute,True
2022-09-17 04:00:00+00:00,2022-09-29 12:00:00+00:00,2022-09-29 08:00:00-04:00,297,57.0,66.60415577623354,boost_5y_absolute,True
2022-09-17 04:00:00+00:00,2022-09-29 13:00:00+00:00,2022-09-29 09:00:00-04:00,298,60.0,70.34489660853396,boost_5y_absolute,True
2022-09-17 04:00:00+00:00,2022-09-29 14:00:00+00:00,2022-09-29 10:00:00-04:00,299,64.0,73.8915113536445,boost_5y_absolute,True
2022-09-17 04:00:00+00:00,2022-09-29 15:00:00+00:00,2022-09-29 11:00:00-04:00,300,65.0,76.41297431222712,boost_5y_absolute,True
2022-09-17 04:00:00+00:00,2022-09-29 16:00:00+00:00,2022-09-29 12:00:00-04:00,301,66.0,78.23427187951849,boost_5y_absolute,True
2022-09-17 04:00:00+00:00,2022-09-29 17:00:00+00:00,2022-09-29 13:00:00-04:00,302,67.0,79.7267646945985,boost_5y_absolute,True
2022-09-17 04:00:00+00:00,2022-09-29 18:00:00+00:00,2022-09-29 14:00:00-04:00,303,67.0,80.63260243618198,boost_5y_absolute,True
2022-09-17 04:00:00+00:00,2022-09-29 19:00:00+00:00,2022-09-29 15:00:00-04:00,304,67.0,80.54891720590149,boost_5y_absolute,True
2022-09-17 04:00:00+00:00,2022-09-29 20:00:00+00:00,2022-09-29 16:00:00-04:00,305,66.0,80.1614609152296,boost_5y_absolute,True
2022-09-17 04:00:00+00:00,2022-09-29 21:00:00+00:00,2022-09-29 17:00:00-04:00,306,65.0,78.53002273098197,boost_5y_absolute,True
2022-09-17 04:00:00+00:00,2022-09-29 22:00:00+00:00,2022-09-29 18:00:00-04:00,307,64.0,74.8024533320276,boost_5y_absolute,True
2022-09-17 04:00:00+00:00,2022-09-29 23:00:00+00:00,2022-09-29 19:00:00-04:00,308,63.0,71.30484313563481,boost_5y_absolute,True
2022-09-17 04:00:00+00:00,2022-09-30 00:00:00+00:00,2022-09-29 20:00:00-04:00,309,63.0,69.38174412120405,boost_5y_absolute,True
2022-09-17 04:00:00+00:00,2022-09-30 01:00:00+00:00,2022-09-29 21:00:00-04:00,310,62.0,67.97921906256136,boost_5y_absolute,True
2022-09-17 04:00:00+00:00,2022-09-30 02:00:00+00:00,2022-09-29 22:00:00-04:00,311,62.0,67.32467603254814,boost_5y_absolute,True
2022-09-17 04:00:00+00:00,2022-09-30 03:00:00+00:00,2022-09-29 23:00:00-04:00,312,62.0,66.61912511111267,boost_5y_absolute,True
2022-09-17 04:00:00+00:00,2022-09-30 04:00:00+00:00,2022-09-30 00:00:00-04:00,313,61.0,65.5887197541925,boost_5y_absolute,True
2022-09-17 04:00:00+00:00,2022-09-30 05:00:00+00:00,2022-09-30 01:00:00-04:00,314,61.0,64.45545419301895,boost_5y_absolute,True
2022-09-17 04:00:00+00:00,2022-09-30 06:00:00+00:00,2022-09-30 02:00:00-04:00,315,61.0,63.93561333784471,boost_5y_absolute,True
2022-09-17 04:00:00+00:00,2022-09-30 07:00:00+00:00,2022-09-30 03:00:00-04:00,316,58.0,63.059898938387484,boost_5y_absolute,True
2022-09-17 04:00:00+00:00,2022-09-30 08:00:00+00:00,2022-09-30 04:00:00-04:00,317,57.0,62.74017783903071,boost_5y_absolute,True
2022-09-17 04:00:00+00:00,2022-09-30 09:00:00+00:00,2022-09-30 05:00:00-04:00,318,56.0,62.16884551602323,boost_5y_absolute,True
2022-09-17 04:00:00+00:00,2022-09-30 10:00:00+00:00,2022-09-30 06:00:00-04:00,319,56.0,61.808539605743306,boost_5y_absolute,True
2022-09-17 04:00:00+00:00,2022-09-30 11:00:00+00:00,2022-09-30 07:00:00-04:00,320,56.0,62.75668154112174,boost_5y_absolute,True
2022-09-17 04:00:00+00:00,2022-09-30 12:00:00+00:00,2022-09-30 08:00:00-04:00,321,57.0,66.40729085962981,boost_5y_absolute,True
2022-09-17 04:00:00+00:00,2022-09-30 13:00:00+00:00,2022-09-30 09:00:00-04:00,322,57.0,70.10402661864269,boost_5y_absolute,True
2022-09-17 04:00:00+00:00,2022-09-30 14:00:00+00:00,2022-09-30 10:00:00-04:00,323,58.0,73.67665202234906,boost_5y_absolute,True
2022-09-17 04:00:00+00:00,2022-09-30 15:00:00+00:00,2022-09-30 11:00:00-04:00,324,59.0,76.23220623315176,boost_5y_absolute,True
2022-09-17 04:00:00+00:00,2022-09-30 16:00:00+00:00,2022-09-30 12:00:00-04:00,325,59.0,78.129449883148,boost_5y_absolute,True
2022-09-17 04:00:00+00:00,2022-09-30 17:00:00+00:00,2022-09-30 13:00:00-04:00,326,59.0,79.70265287534629,boost_5y_absolute,True
2022-09-17 04:00:00+00:00,2022-09-30 18:00:00+00:00,2022-09-30 14:00:00-04:00,327,60.0,80.51585766532463,boost_5y_absolute,True
2022-09-17 04:00:00+00:00,2022-09-30 19:00:00+00:00,2022-09-30 15:00:00-04:00,328,60.0,80.51354369254781,boost_5y_absolute,True
2022-09-17 04:00:00+00:00,2022-09-30 20:00:00+00:00,2022-09-30 16:00:00-04:00,329,61.0,80.02009905210711,boost_5y_absolute,True
2022-09-17 04:00:00+00:00,2022-09-30 21:00:00+00:00,2022-09-30 17:00:00-04:00,330,61.0,78.37779554671621,boost_5y_absolute,True
2022-09-17 04:00:00+00:00,2022-09-30 22:00:00+00:00,2022-09-30 18:00:00-04:00,331,61.0,74.6267382829311,boost_5y_absolute,True
2022-09-17 04:00:00+00:00,2022-09-30 23:00:00+00:00,2022-09-30 19:00:00-04:00,332,61.0,71.15810609933513,boost_5y_absolute,True
2022-09-17 04:00:00+00:00,2022-10-01 00:00:00+00:00,2022-09-30 20:00:00-04:00,333,60.0,69.28838316145884,boost_5y_absolute,True
2022-09-17 04:00:00+00:00,2022-10-01 01:00:00+00:00,2022-09-30 21:00:00-04:00,334,62.0,67.98054797418494,boost_5y_absolute,True
2022-09-17 04:00:00+00:00,2022-10-01 02:00:00+00:00,2022-09-30 22:00:00-04:00,335,65.0,67.26063236859602,boost_5y_absolute,True
2022-09-17 04:00:00+00:00,2022-10-01 03:00:00+00:00,2022-09-30 23:00:00-04:00,336,67.0,66.62486836090365,boost_5y_absolute,True
2022-09-24 04:00:00+00:00,2022-09-24 04:00:00+00:00,2022-09-24 00:00:00-04:00,1,48.0,56.37409203061943,boost_5y_absolute,True
2022-09-24 04:00:00+00:00,2022-09-24 05:00:00+00:00,2022-09-24 01:00:00-04:00,2,52.0,55.64903984442121,boost_5y_absolute,True
2022-09-24 04:00:00+00:00,2022-09-24 06:00:00+00:00,2022-09-24 02:00:00-04:00,3,49.0,55.12848839104047,boost_5y_absolute,True
2022-09-24 04:00:00+00:00,2022-09-24 07:00:00+00:00,2022-09-24 03:00:00-04:00,4,51.0,54.42905872086588,boost_5y_absolute,True
2022-09-24 04:00:00+00:00,2022-09-24 08:00:00+00:00,2022-09-24 04:00:00-04:00,5,52.0,53.984011675923156,boost_5y_absolute,True
2022-09-24 04:00:00+00:00,2022-09-24 09:00:00+00:00,2022-09-24 05:00:00-04:00,6,52.0,53.67309144021357,boost_5y_absolute,True
2022-09-24 04:00:00+00:00,2022-09-24 10:00:00+00:00,2022-09-24 06:00:00-04:00,7,52.0,53.77843241298993,boost_5y_absolute,True
2022-09-24 04:00:00+00:00,2022-09-24 11:00:00+00:00,2022-09-24 07:00:00-04:00,8,55.0,55.37808772905138,boost_5y_absolute,True
2022-09-24 04:00:00+00:00,2022-09-24 12:00:00+00:00,2022-09-24 08:00:00-04:00,9,60.0,58.81362550159594,boost_5y_absolute,True
2022-09-24 04:00:00+00:00,2022-09-24 13:00:00+00:00,2022-09-24 09:00:00-04:00,10,63.0,62.60045147498764,boost_5y_absolute,True
2022-09-24 04:00:00+00:00,2022-09-24 14:00:00+00:00,2022-09-24 10:00:00-04:00,11,65.0,66.14287478684821,boost_5y_absolute,True
2022-09-24 04:00:00+00:00,2022-09-24 15:00:00+00:00,2022-09-24 11:00:00-04:00,12,69.0,68.63024710045002,boost_5y_absolute,True
2022-09-24 04:00:00+00:00,2022-09-24 16:00:00+00:00,2022-09-24 12:00:00-04:00,13,74.0,70.34145703138084,boost_5y_absolute,True
2022-09-24 04:00:00+00:00,2022-09-24 17:00:00+00:00,2022-09-24 13:00:00-04:00,14,74.0,71.82833167352554,boost_5y_absolute,True
2022-09-24 04:00:00+00:00,2022-09-24 18:00:00+00:00,2022-09-24 14:00:00-04:00,15,72.0,72.5567362937938,boost_5y_absolute,True
2022-09-24 04:00:00+00:00,2022-09-24 19:00:00+00:00,2022-09-24 15:00:00-04:00,16,73.0,72.65415885264798,boost_5y_absolute,True
2022-09-24 04:00:00+00:00,2022-09-24 20:00:00+00:00,2022-09-24 16:00:00-04:00,17,75.0,72.26835533734976,boost_5y_absolute,True
2022-09-24 04:00:00+00:00,2022-09-24 21:00:00+00:00,2022-09-24 17:00:00-04:00,18,72.0,71.11174545977971,boost_5y_absolute,True
2022-09-24 04:00:00+00:00,2022-09-24 22:00:00+00:00,2022-09-24 18:00:00-04:00,19,70.0,68.17882832730973,boost_5y_absolute,True
2022-09-24 04:00:00+00:00,2022-09-24 23:00:00+00:00,2022-09-24 19:00:00-04:00,20,69.0,65.0311807731704,boost_5y_absolute,True
2022-09-24 04:00:00+00:00,2022-09-25 00:00:00+00:00,2022-09-24 20:00:00-04:00,21,69.0,63.313217968165056,boost_5y_absolute,True
2022-09-24 04:00:00+00:00,2022-09-25 01:00:00+00:00,2022-09-24 21:00:00-04:00,22,68.0,62.11419723807633,boost_5y_absolute,True
2022-09-24 04:00:00+00:00,2022-09-25 02:00:00+00:00,2022-09-24 22:00:00-04:00,23,67.0,60.877857598944956,boost_5y_absolute,True
2022-09-24 04:00:00+00:00,2022-09-25 03:00:00+00:00,2022-09-24 23:00:00-04:00,24,66.0,60.04983450368571,boost_5y_absolute,True
2022-09-24 04:00:00+00:00,2022-09-25 04:00:00+00:00,2022-09-25 00:00:00-04:00,25,64.0,60.27045934035489,boost_5y_absolute,True
2022-09-24 04:00:00+00:00,2022-09-25 05:00:00+00:00,2022-09-25 01:00:00-04:00,26,62.0,59.48471865489216,boost_5y_absolute,True
2022-09-24 04:00:00+00:00,2022-09-25 06:00:00+00:00,2022-09-25 02:00:00-04:00,27,65.0,58.85616333989516,boost_5y_absolute,True
2022-09-24 04:00:00+00:00,2022-09-25 07:00:00+00:00,2022-09-25 03:00:00-04:00,28,66.0,57.995691414595115,boost_5y_absolute,True
2022-09-24 04:00:00+00:00,2022-09-25 08:00:00+00:00,2022-09-25 04:00:00-04:00,29,65.0,57.68183896028289,boost_5y_absolute,True
2022-09-24 04:00:00+00:00,2022-09-25 09:00:00+00:00,2022-09-25 05:00:00-04:00,30,62.0,57.46578585964712,boost_5y_absolute,True
2022-09-24 04:00:00+00:00,2022-09-25 10:00:00+00:00,2022-09-25 06:00:00-04:00,31,61.0,57.381249263558345,boost_5y_absolute,True
2022-09-24 04:00:00+00:00,2022-09-25 11:00:00+00:00,2022-09-25 07:00:00-04:00,32,64.0,58.61032361022494,boost_5y_absolute,True
2022-09-24 04:00:00+00:00,2022-09-25 12:00:00+00:00,2022-09-25 08:00:00-04:00,33,68.0,62.01420485543458,boost_5y_absolute,True
2022-09-24 04:00:00+00:00,2022-09-25 13:00:00+00:00,2022-09-25 09:00:00-04:00,34,71.0,65.70753979076486,boost_5y_absolute,True
2022-09-24 04:00:00+00:00,2022-09-25 14:00:00+00:00,2022-09-25 10:00:00-04:00,35,77.0,68.88273210929276,boost_5y_absolute,True
2022-09-24 04:00:00+00:00,2022-09-25 15:00:00+00:00,2022-09-25 11:00:00-04:00,36,82.0,71.25563382015831,boost_5y_absolute,True
2022-09-24 04:00:00+00:00,2022-09-25 16:00:00+00:00,2022-09-25 12:00:00-04:00,37,83.0,72.87482375021784,boost_5y_absolute,True
2022-09-24 04:00:00+00:00,2022-09-25 17:00:00+00:00,2022-09-25 13:00:00-04:00,38,81.0,74.35268700719111,boost_5y_absolute,True
2022-09-24 04:00:00+00:00,2022-09-25 18:00:00+00:00,2022-09-25 14:00:00-04:00,39,83.0,75.199253880102,boost_5y_absolute,True
2022-09-24 04:00:00+00:00,2022-09-25 19:00:00+00:00,2022-09-25 15:00:00-04:00,40,79.0,75.19521698171016,boost_5y_absolute,True
2022-09-24 04:00:00+00:00,2022-09-25 20:00:00+00:00,2022-09-25 16:00:00-04:00,41,80.0,74.78093701106647,boost_5y_absolute,True
2022-09-24 04:00:00+00:00,2022-09-25 21:00:00+00:00,2022-09-25 17:00:00-04:00,42,78.0,73.5311372546894,boost_5y_absolute,True
2022-09-24 04:00:00+00:00,2022-09-25 22:00:00+00:00,2022-09-25 18:00:00-04:00,43,77.0,70.5937733812804,boost_5y_absolute,True
2022-09-24 04:00:00+00:00,2022-09-25 23:00:00+00:00,2022-09-25 19:00:00-04:00,44,74.0,67.32373349769522,boost_5y_absolute,True
2022-09-24 04:00:00+00:00,2022-09-26 00:00:00+00:00,2022-09-25 20:00:00-04:00,45,74.0,65.68605566594415,boost_5y_absolute,True
2022-09-24 04:00:00+00:00,2022-09-26 01:00:00+00:00,2022-09-25 21:00:00-04:00,46,70.0,64.37200395182421,boost_5y_absolute,True
2022-09-24 04:00:00+00:00,2022-09-26 02:00:00+00:00,2022-09-25 22:00:00-04:00,47,70.0,63.29369470141994,boost_5y_absolute,True
2022-09-24 04:00:00+00:00,2022-09-26 03:00:00+00:00,2022-09-25 23:00:00-04:00,48,70.0,62.394016173825385,boost_5y_absolute,True
2022-09-24 04:00:00+00:00,2022-09-26 04:00:00+00:00,2022-09-26 00:00:00-04:00,49,68.0,62.39883139697577,boost_5y_absolute,True
2022-09-24 04:00:00+00:00,2022-09-26 05:00:00+00:00,2022-09-26 01:00:00-04:00,50,66.0,61.3131837827319,boost_5y_absolute,True
2022-09-24 04:00:00+00:00,2022-09-26 06:00:00+00:00,2022-09-26 02:00:00-04:00,51,63.0,60.66763221814147,boost_5y_absolute,True
2022-09-24 04:00:00+00:00,2022-09-26 07:00:00+00:00,2022-09-26 03:00:00-04:00,52,64.0,59.75780260221221,boost_5y_absolute,True
2022-09-24 04:00:00+00:00,2022-09-26 08:00:00+00:00,2022-09-26 04:00:00-04:00,53,64.0,59.426992999292125,boost_5y_absolute,True
2022-09-24 04:00:00+00:00,2022-09-26 09:00:00+00:00,2022-09-26 05:00:00-04:00,54,62.0,59.157043048162464,boost_5y_absolute,True
2022-09-24 04:00:00+00:00,2022-09-26 10:00:00+00:00,2022-09-26 06:00:00-04:00,55,60.0,58.885818687225445,boost_5y_absolute,True
2022-09-24 04:00:00+00:00,2022-09-26 11:00:00+00:00,2022-09-26 07:00:00-04:00,56,63.0,59.975847460512185,boost_5y_absolute,True
2022-09-24 04:00:00+00:00,2022-09-26 12:00:00+00:00,2022-09-26 08:00:00-04:00,57,68.0,63.805735358517616,boost_5y_absolute,True
2022-09-24 04:00:00+00:00,2022-09-26 13:00:00+00:00,2022-09-26 09:00:00-04:00,58,74.0,67.71964057242415,boost_5y_absolute,True
2022-09-24 04:00:00+00:00,2022-09-26 14:00:00+00:00,2022-09-26 10:00:00-04:00,59,75.0,70.99965149643965,boost_5y_absolute,True
2022-09-24 04:00:00+00:00,2022-09-26 15:00:00+00:00,2022-09-26 11:00:00-04:00,60,78.0,73.47350252453926,boost_5y_absolute,True
2022-09-24 04:00:00+00:00,2022-09-26 16:00:00+00:00,2022-09-26 12:00:00-04:00,61,79.0,75.56958123782609,boost_5y_absolute,True
2022-09-24 04:00:00+00:00,2022-09-26 17:00:00+00:00,2022-09-26 13:00:00-04:00,62,84.0,77.00958882795457,boost_5y_absolute,True
2022-09-24 04:00:00+00:00,2022-09-26 18:00:00+00:00,2022-09-26 14:00:00-04:00,63,86.0,77.90069780757405,boost_5y_absolute,True
2022-09-24 04:00:00+00:00,2022-09-26 19:00:00+00:00,2022-09-26 15:00:00-04:00,64,83.0,77.84808983134528,boost_5y_absolute,True
2022-09-24 04:00:00+00:00,2022-09-26 20:00:00+00:00,2022-09-26 16:00:00-04:00,65,85.0,77.46290401340205,boost_5y_absolute,True
2022-09-24 04:00:00+00:00,2022-09-26 21:00:00+00:00,2022-09-26 17:00:00-04:00,66,82.0,76.07040567745781,boost_5y_absolute,True
2022-09-24 04:00:00+00:00,2022-09-26 22:00:00+00:00,2022-09-26 18:00:00-04:00,67,79.0,72.60185355481428,boost_5y_absolute,True
2022-09-24 04:00:00+00:00,2022-09-26 23:00:00+00:00,2022-09-26 19:00:00-04:00,68,75.0,69.18753575504518,boost_5y_absolute,True
2022-09-24 04:00:00+00:00,2022-09-27 00:00:00+00:00,2022-09-26 20:00:00-04:00,69,68.0,67.31687204907472,boost_5y_absolute,True
2022-09-24 04:00:00+00:00,2022-09-27 01:00:00+00:00,2022-09-26 21:00:00-04:00,70,66.0,65.77096620681849,boost_5y_absolute,True
2022-09-24 04:00:00+00:00,2022-09-27 02:00:00+00:00,2022-09-26 22:00:00-04:00,71,62.0,64.87959118106411,boost_5y_absolute,True
2022-09-24 04:00:00+00:00,2022-09-27 03:00:00+00:00,2022-09-26 23:00:00-04:00,72,60.0,64.06341231875902,boost_5y_absolute,True
2022-09-24 04:00:00+00:00,2022-09-27 04:00:00+00:00,2022-09-27 00:00:00-04:00,73,59.0,63.23825337682156,boost_5y_absolute,True
2022-09-24 04:00:00+00:00,2022-09-27 05:00:00+00:00,2022-09-27 01:00:00-04:00,74,58.0,62.18498621900029,boost_5y_absolute,True
2022-09-24 04:00:00+00:00,2022-09-27 06:00:00+00:00,2022-09-27 02:00:00-04:00,75,56.0,61.55642272302028,boost_5y_absolute,True
2022-09-24 04:00:00+00:00,2022-09-27 07:00:00+00:00,2022-09-27 03:00:00-04:00,76,57.0,60.681721647203595,boost_5y_absolute,True
2022-09-24 04:00:00+00:00,2022-09-27 08:00:00+00:00,2022-09-27 04:00:00-04:00,77,56.0,60.34229651726067,boost_5y_absolute,True
2022-09-24 04:00:00+00:00,2022-09-27 09:00:00+00:00,2022-09-27 05:00:00-04:00,78,55.0,59.986137287397156,boost_5y_absolute,True
2022-09-24 04:00:00+00:00,2022-09-27 10:00:00+00:00,2022-09-27 06:00:00-04:00,79,55.0,59.85086573070547,boost_5y_absolute,True
2022-09-24 04:00:00+00:00,2022-09-27 11:00:00+00:00,2022-09-27 07:00:00-04:00,80,57.0,60.76231995960829,boost_5y_absolute,True
2022-09-24 04:00:00+00:00,2022-09-27 12:00:00+00:00,2022-09-27 08:00:00-04:00,81,64.0,64.4556718620426,boost_5y_absolute,True
2022-09-24 04:00:00+00:00,2022-09-27 13:00:00+00:00,2022-09-27 09:00:00-04:00,82,69.0,68.33928310000053,boost_5y_absolute,True
2022-09-24 04:00:00+00:00,2022-09-27 14:00:00+00:00,2022-09-27 10:00:00-04:00,83,73.0,71.88495677841311,boost_5y_absolute,True
2022-09-24 04:00:00+00:00,2022-09-27 15:00:00+00:00,2022-09-27 11:00:00-04:00,84,74.0,74.38948752862326,boost_5y_absolute,True
2022-09-24 04:00:00+00:00,2022-09-27 16:00:00+00:00,2022-09-27 12:00:00-04:00,85,76.0,76.49456194309944,boost_5y_absolute,True
2022-09-24 04:00:00+00:00,2022-09-27 17:00:00+00:00,2022-09-27 13:00:00-04:00,86,77.0,77.96350011773751,boost_5y_absolute,True
2022-09-24 04:00:00+00:00,2022-09-27 18:00:00+00:00,2022-09-27 14:00:00-04:00,87,79.0,78.8569044717244,boost_5y_absolute,True
2022-09-24 04:00:00+00:00,2022-09-27 19:00:00+00:00,2022-09-27 15:00:00-04:00,88,79.0,78.69795822038508,boost_5y_absolute,True
2022-09-24 04:00:00+00:00,2022-09-27 20:00:00+00:00,2022-09-27 16:00:00-04:00,89,79.0,78.1755842765172,boost_5y_absolute,True
2022-09-24 04:00:00+00:00,2022-09-27 21:00:00+00:00,2022-09-27 17:00:00-04:00,90,76.0,76.71052893155367,boost_5y_absolute,True
2022-09-24 04:00:00+00:00,2022-09-27 22:00:00+00:00,2022-09-27 18:00:00-04:00,91,73.0,73.17652739467263,boost_5y_absolute,True
2022-09-24 04:00:00+00:00,2022-09-27 23:00:00+00:00,2022-09-27 19:00:00-04:00,92,68.0,69.79226868187367,boost_5y_absolute,True
2022-09-24 04:00:00+00:00,2022-09-28 00:00:00+00:00,2022-09-27 20:00:00-04:00,93,65.0,67.86142676592536,boost_5y_absolute,True
2022-09-24 04:00:00+00:00,2022-09-28 01:00:00+00:00,2022-09-27 21:00:00-04:00,94,59.0,66.42851974909641,boost_5y_absolute,True
2022-09-24 04:00:00+00:00,2022-09-28 02:00:00+00:00,2022-09-27 22:00:00-04:00,95,63.0,65.54558687550872,boost_5y_absolute,True
2022-09-24 04:00:00+00:00,2022-09-28 03:00:00+00:00,2022-09-27 23:00:00-04:00,96,60.0,64.80969333836272,boost_5y_absolute,True
2022-09-24 04:00:00+00:00,2022-09-28 04:00:00+00:00,2022-09-28 00:00:00-04:00,97,58.0,64.07800866824167,boost_5y_absolute,True
2022-09-24 04:00:00+00:00,2022-09-28 05:00:00+00:00,2022-09-28 01:00:00-04:00,98,58.0,63.06292158500525,boost_5y_absolute,True
2022-09-24 04:00:00+00:00,2022-09-28 06:00:00+00:00,2022-09-28 02:00:00-04:00,99,57.0,62.34497993292348,boost_5y_absolute,True
2022-09-24 04:00:00+00:00,2022-09-28 07:00:00+00:00,2022-09-28 03:00:00-04:00,100,52.0,61.586001895457834,boost_5y_absolute,True
2022-09-24 04:00:00+00:00,2022-09-28 08:00:00+00:00,2022-09-28 04:00:00-04:00,101,53.0,61.25116978233015,boost_5y_absolute,True
2022-09-24 04:00:00+00:00,2022-09-28 09:00:00+00:00,2022-09-28 05:00:00-04:00,102,48.0,60.82198409718832,boost_5y_absolute,True
2022-09-24 04:00:00+00:00,2022-09-28 10:00:00+00:00,2022-09-28 06:00:00-04:00,103,48.0,60.63070314158915,boost_5y_absolute,True
2022-09-24 04:00:00+00:00,2022-09-28 11:00:00+00:00,2022-09-28 07:00:00-04:00,104,51.0,61.57489056612504,boost_5y_absolute,True
2022-09-24 04:00:00+00:00,2022-09-28 12:00:00+00:00,2022-09-28 08:00:00-04:00,105,58.0,65.17182865755544,boost_5y_absolute,True
2022-09-24 04:00:00+00:00,2022-09-28 13:00:00+00:00,2022-09-28 09:00:00-04:00,106,60.0,69.3901980518153,boost_5y_absolute,True
2022-09-24 04:00:00+00:00,2022-09-28 14:00:00+00:00,2022-09-28 10:00:00-04:00,107,65.0,73.05316326764904,boost_5y_absolute,True
2022-09-24 04:00:00+00:00,2022-09-28 15:00:00+00:00,2022-09-28 11:00:00-04:00,108,68.0,75.54523607974821,boost_5y_absolute,True
2022-09-24 04:00:00+00:00,2022-09-28 16:00:00+00:00,2022-09-28 12:00:00-04:00,109,69.0,77.57563533706339,boost_5y_absolute,True
2022-09-24 04:00:00+00:00,2022-09-28 17:00:00+00:00,2022-09-28 13:00:00-04:00,110,71.0,79.07960341551274,boost_5y_absolute,True
2022-09-24 04:00:00+00:00,2022-09-28 18:00:00+00:00,2022-09-28 14:00:00-04:00,111,71.0,79.98681558850181,boost_5y_absolute,True
2022-09-24 04:00:00+00:00,2022-09-28 19:00:00+00:00,2022-09-28 15:00:00-04:00,112,71.0,79.72703746098317,boost_5y_absolute,True
2022-09-24 04:00:00+00:00,2022-09-28 20:00:00+00:00,2022-09-28 16:00:00-04:00,113,70.0,79.12159367324179,boost_5y_absolute,True
2022-09-24 04:00:00+00:00,2022-09-28 21:00:00+00:00,2022-09-28 17:00:00-04:00,114,68.0,77.58649104716126,boost_5y_absolute,True
2022-09-24 04:00:00+00:00,2022-09-28 22:00:00+00:00,2022-09-28 18:00:00-04:00,115,65.0,73.98020214328187,boost_5y_absolute,True
2022-09-24 04:00:00+00:00,2022-09-28 23:00:00+00:00,2022-09-28 19:00:00-04:00,116,63.0,70.54492614361172,boost_5y_absolute,True
2022-09-24 04:00:00+00:00,2022-09-29 00:00:00+00:00,2022-09-28 20:00:00-04:00,117,61.0,68.45614651508905,boost_5y_absolute,True
2022-09-24 04:00:00+00:00,2022-09-29 01:00:00+00:00,2022-09-28 21:00:00-04:00,118,60.0,67.13785025907463,boost_5y_absolute,True
2022-09-24 04:00:00+00:00,2022-09-29 02:00:00+00:00,2022-09-28 22:00:00-04:00,119,60.0,66.3038223509321,boost_5y_absolute,True
2022-09-24 04:00:00+00:00,2022-09-29 03:00:00+00:00,2022-09-28 23:00:00-04:00,120,58.0,65.60951655795574,boost_5y_absolute,True
2022-09-24 04:00:00+00:00,2022-09-29 04:00:00+00:00,2022-09-29 00:00:00-04:00,121,59.0,65.1087726763033,boost_5y_absolute,True
2022-09-24 04:00:00+00:00,2022-09-29 05:00:00+00:00,2022-09-29 01:00:00-04:00,122,57.0,64.08794469470652,boost_5y_absolute,True
2022-09-24 04:00:00+00:00,2022-09-29 06:00:00+00:00,2022-09-29 02:00:00-04:00,123,56.0,63.43206672445414,boost_5y_absolute,True
2022-09-24 04:00:00+00:00,2022-09-29 07:00:00+00:00,2022-09-29 03:00:00-04:00,124,57.0,62.5781009931588,boost_5y_absolute,True
2022-09-24 04:00:00+00:00,2022-09-29 08:00:00+00:00,2022-09-29 04:00:00-04:00,125,56.0,62.222579643795164,boost_5y_absolute,True
2022-09-24 04:00:00+00:00,2022-09-29 09:00:00+00:00,2022-09-29 05:00:00-04:00,126,55.0,61.68698130370256,boost_5y_absolute,True
2022-09-24 04:00:00+00:00,2022-09-29 10:00:00+00:00,2022-09-29 06:00:00-04:00,127,54.0,61.425393265008054,boost_5y_absolute,True
2022-09-24 04:00:00+00:00,2022-09-29 11:00:00+00:00,2022-09-29 07:00:00-04:00,128,55.0,62.34505427880563,boost_5y_absolute,True
2022-09-24 04:00:00+00:00,2022-09-29 12:00:00+00:00,2022-09-29 08:00:00-04:00,129,57.0,65.95066491580508,boost_5y_absolute,True
2022-09-24 04:00:00+00:00,2022-09-29 13:00:00+00:00,2022-09-29 09:00:00-04:00,130,60.0,69.75715282017632,boost_5y_absolute,True
2022-09-24 04:00:00+00:00,2022-09-29 14:00:00+00:00,2022-09-29 10:00:00-04:00,131,64.0,73.49647752750646,boost_5y_absolute,True
2022-09-24 04:00:00+00:00,2022-09-29 15:00:00+00:00,2022-09-29 11:00:00-04:00,132,65.0,76.04943504531052,boost_5y_absolute,True
2022-09-24 04:00:00+00:00,2022-09-29 16:00:00+00:00,2022-09-29 12:00:00-04:00,133,66.0,77.96561176065786,boost_5y_absolute,True
2022-09-24 04:00:00+00:00,2022-09-29 17:00:00+00:00,2022-09-29 13:00:00-04:00,134,67.0,79.47495960161613,boost_5y_absolute,True
2022-09-24 04:00:00+00:00,2022-09-29 18:00:00+00:00,2022-09-29 14:00:00-04:00,135,67.0,80.25200051598799,boost_5y_absolute,True
2022-09-24 04:00:00+00:00,2022-09-29 19:00:00+00:00,2022-09-29 15:00:00-04:00,136,67.0,80.1291897634645,boost_5y_absolute,True
2022-09-24 04:00:00+00:00,2022-09-29 20:00:00+00:00,2022-09-29 16:00:00-04:00,137,66.0,79.54407640971368,boost_5y_absolute,True
2022-09-24 04:00:00+00:00,2022-09-29 21:00:00+00:00,2022-09-29 17:00:00-04:00,138,65.0,77.9885258594674,boost_5y_absolute,True
2022-09-24 04:00:00+00:00,2022-09-29 22:00:00+00:00,2022-09-29 18:00:00-04:00,139,64.0,74.23904816812546,boost_5y_absolute,True
2022-09-24 04:00:00+00:00,2022-09-29 23:00:00+00:00,2022-09-29 19:00:00-04:00,140,63.0,70.63629138618745,boost_5y_absolute,True
2022-09-24 04:00:00+00:00,2022-09-30 00:00:00+00:00,2022-09-29 20:00:00-04:00,141,63.0,68.65369120775334,boost_5y_absolute,True
2022-09-24 04:00:00+00:00,2022-09-30 01:00:00+00:00,2022-09-29 21:00:00-04:00,142,62.0,67.31737406237299,boost_5y_absolute,True
2022-09-24 04:00:00+00:00,2022-09-30 02:00:00+00:00,2022-09-29 22:00:00-04:00,143,62.0,66.61076050520137,boost_5y_absolute,True
2022-09-24 04:00:00+00:00,2022-09-30 03:00:00+00:00,2022-09-29 23:00:00-04:00,144,62.0,65.85724857534217,boost_5y_absolute,True
2022-09-24 04:00:00+00:00,2022-09-30 04:00:00+00:00,2022-09-30 00:00:00-04:00,145,61.0,65.00551533620046,boost_5y_absolute,True
2022-09-24 04:00:00+00:00,2022-09-30 05:00:00+00:00,2022-09-30 01:00:00-04:00,146,61.0,63.92332153711852,boost_5y_absolute,True
2022-09-24 04:00:00+00:00,2022-09-30 06:00:00+00:00,2022-09-30 02:00:00-04:00,147,61.0,63.382457689552076,boost_5y_absolute,True
2022-09-24 04:00:00+00:00,2022-09-30 07:00:00+00:00,2022-09-30 03:00:00-04:00,148,58.0,62.5477824634312,boost_5y_absolute,True
2022-09-24 04:00:00+00:00,2022-09-30 08:00:00+00:00,2022-09-30 04:00:00-04:00,149,57.0,62.24656255851099,boost_5y_absolute,True
2022-09-24 04:00:00+00:00,2022-09-30 09:00:00+00:00,2022-09-30 05:00:00-04:00,150,56.0,61.71676594050663,boost_5y_absolute,True
2022-09-24 04:00:00+00:00,2022-09-30 10:00:00+00:00,2022-09-30 06:00:00-04:00,151,56.0,61.3959762243038,boost_5y_absolute,True
2022-09-24 04:00:00+00:00,2022-09-30 11:00:00+00:00,2022-09-30 07:00:00-04:00,152,56.0,62.23338529346077,boost_5y_absolute,True
2022-09-24 04:00:00+00:00,2022-09-30 12:00:00+00:00,2022-09-30 08:00:00-04:00,153,57.0,65.80127969233017,boost_5y_absolute,True
2022-09-24 04:00:00+00:00,2022-09-30 13:00:00+00:00,2022-09-30 09:00:00-04:00,154,57.0,69.37552557707528,boost_5y_absolute,True
2022-09-24 04:00:00+00:00,2022-09-30 14:00:00+00:00,2022-09-30 10:00:00-04:00,155,58.0,72.98802971789581,boost_5y_absolute,True
2022-09-24 04:00:00+00:00,2022-09-30 15:00:00+00:00,2022-09-30 11:00:00-04:00,156,59.0,75.49117443691692,boost_5y_absolute,True
2022-09-24 04:00:00+00:00,2022-09-30 16:00:00+00:00,2022-09-30 12:00:00-04:00,157,59.0,77.42484266006578,boost_5y_absolute,True
2022-09-24 04:00:00+00:00,2022-09-30 17:00:00+00:00,2022-09-30 13:00:00-04:00,158,59.0,79.00537345100237,boost_5y_absolute,True
2022-09-24 04:00:00+00:00,2022-09-30 18:00:00+00:00,2022-09-30 14:00:00-04:00,159,60.0,79.81935549873756,boost_5y_absolute,True
2022-09-24 04:00:00+00:00,2022-09-30 19:00:00+00:00,2022-09-30 15:00:00-04:00,160,60.0,79.81624775493056,boost_5y_absolute,True
2022-09-24 04:00:00+00:00,2022-09-30 20:00:00+00:00,2022-09-30 16:00:00-04:00,161,61.0,79.33616992018096,boost_5y_absolute,True
2022-09-24 04:00:00+00:00,2022-09-30 21:00:00+00:00,2022-09-30 17:00:00-04:00,162,61.0,77.71663642809622,boost_5y_absolute,True
2022-09-24 04:00:00+00:00,2022-09-30 22:00:00+00:00,2022-09-30 18:00:00-04:00,163,61.0,73.9323803949491,boost_5y_absolute,True
2022-09-24 04:00:00+00:00,2022-09-30 23:00:00+00:00,2022-09-30 19:00:00-04:00,164,61.0,70.37817061141763,boost_5y_absolute,True
2022-09-24 04:00:00+00:00,2022-10-01 00:00:00+00:00,2022-09-30 20:00:00-04:00,165,60.0,68.4965753899512,boost_5y_absolute,True
2022-09-24 04:00:00+00:00,2022-10-01 01:00:00+00:00,2022-09-30 21:00:00-04:00,166,62.0,67.23234913347028,boost_5y_absolute,True
2022-09-24 04:00:00+00:00,2022-10-01 02:00:00+00:00,2022-09-30 22:00:00-04:00,167,65.0,66.55344863618387,boost_5y_absolute,True
2022-09-24 04:00:00+00:00,2022-10-01 03:00:00+00:00,2022-09-30 23:00:00-04:00,168,67.0,65.8827559833322,boost_5y_absolute,True
2022-09-24 04:00:00+00:00,2022-10-01 04:00:00+00:00,2022-10-01 00:00:00-04:00,169,66.0,64.68147592475577,boost_5y_absolute,True
2022-09-24 04:00:00+00:00,2022-10-01 05:00:00+00:00,2022-10-01 01:00:00-04:00,170,64.0,63.72643961713843,boost_5y_absolute,True
2022-09-24 04:00:00+00:00,2022-10-01 06:00:00+00:00,2022-10-01 02:00:00-04:00,171,63.0,63.20413060815642,boost_5y_absolute,True
2022-09-24 04:00:00+00:00,2022-10-01 07:00:00+00:00,2022-10-01 03:00:00-04:00,172,61.0,62.44921516179498,boost_5y_absolute,True
2022-09-24 04:00:00+00:00,2022-10-01 08:00:00+00:00,2022-10-01 04:00:00-04:00,173,60.0,62.170591834280515,boost_5y_absolute,True
2022-09-24 04:00:00+00:00,2022-10-01 09:00:00+00:00,2022-10-01 05:00:00-04:00,174,59.0,61.69230510326534,boost_5y_absolute,True
2022-09-24 04:00:00+00:00,2022-10-01 10:00:00+00:00,2022-10-01 06:00:00-04:00,175,59.0,61.29296274055547,boost_5y_absolute,True
2022-09-24 04:00:00+00:00,2022-10-01 11:00:00+00:00,2022-10-01 07:00:00-04:00,176,58.0,62.157299142930775,boost_5y_absolute,True
2022-09-24 04:00:00+00:00,2022-10-01 12:00:00+00:00,2022-10-01 08:00:00-04:00,177,58.0,65.62800132375257,boost_5y_absolute,True
2022-09-24 04:00:00+00:00,2022-10-01 13:00:00+00:00,2022-10-01 09:00:00-04:00,178,60.0,69.2773414541086,boost_5y_absolute,True
2022-09-24 04:00:00+00:00,2022-10-01 14:00:00+00:00,2022-10-01 10:00:00-04:00,179,61.0,72.76610243278714,boost_5y_absolute,True
2022-09-24 04:00:00+00:00,2022-10-01 15:00:00+00:00,2022-10-01 11:00:00-04:00,180,62.0,75.26019599132296,boost_5y_absolute,True
2022-09-24 04:00:00+00:00,2022-10-01 16:00:00+00:00,2022-10-01 12:00:00-04:00,181,62.0,77.1360821732842,boost_5y_absolute,True
2022-09-24 04:00:00+00:00,2022-10-01 17:00:00+00:00,2022-10-01 13:00:00-04:00,182,64.0,78.65540037811795,boost_5y_absolute,True
2022-09-24 04:00:00+00:00,2022-10-01 18:00:00+00:00,2022-10-01 14:00:00-04:00,183,66.0,79.40904489330693,boost_5y_absolute,True
2022-09-24 04:00:00+00:00,2022-10-01 19:00:00+00:00,2022-10-01 15:00:00-04:00,184,64.0,79.47123221555742,boost_5y_absolute,True
2022-09-24 04:00:00+00:00,2022-10-01 20:00:00+00:00,2022-10-01 16:00:00-04:00,185,63.0,78.98894773070172,boost_5y_absolute,True
2022-09-24 04:00:00+00:00,2022-10-01 21:00:00+00:00,2022-10-01 17:00:00-04:00,186,62.0,77.39586641947567,boost_5y_absolute,True
2022-09-24 04:00:00+00:00,2022-10-01 22:00:00+00:00,2022-10-01 18:00:00-04:00,187,62.0,73.66758832301726,boost_5y_absolute,True
2022-09-24 04:00:00+00:00,2022-10-01 23:00:00+00:00,2022-10-01 19:00:00-04:00,188,62.0,70.34240093677857,boost_5y_absolute,True
2022-09-24 04:00:00+00:00,2022-10-02 00:00:00+00:00,2022-10-01 20:00:00-04:00,189,61.0,68.61437239510857,boost_5y_absolute,True
2022-09-24 04:00:00+00:00,2022-10-02 01:00:00+00:00,2022-10-01 21:00:00-04:00,190,61.0,67.41637774878956,boost_5y_absolute,True
2022-09-24 04:00:00+00:00,2022-10-02 02:00:00+00:00,2022-10-01 22:00:00-04:00,191,60.0,66.7450345056431,boost_5y_absolute,True
2022-09-24 04:00:00+00:00,2022-10-02 03:00:00+00:00,2022-10-01 23:00:00-04:00,192,60.0,66.12607618311132,boost_5y_absolute,True
2022-09-24 04:00:00+00:00,2022-10-02 04:00:00+00:00,2022-10-02 00:00:00-04:00,193,58.0,65.37350243180698,boost_5y_absolute,True
2022-09-24 04:00:00+00:00,2022-10-02 05:00:00+00:00,2022-10-02 01:00:00-04:00,194,57.0,64.39365589014936,boost_5y_absolute,True
2022-09-24 04:00:00+00:00,2022-10-02 06:00:00+00:00,2022-10-02 02:00:00-04:00,195,56.0,63.78696046178256,boost_5y_absolute,True
2022-09-24 04:00:00+00:00,2022-10-02 07:00:00+00:00,2022-10-02 03:00:00-04:00,196,55.0,63.07702162306954,boost_5y_absolute,True
2022-09-24 04:00:00+00:00,2022-10-02 08:00:00+00:00,2022-10-02 04:00:00-04:00,197,54.0,62.83103945701723,boost_5y_absolute,True
2022-09-24 04:00:00+00:00,2022-10-02 09:00:00+00:00,2022-10-02 05:00:00-04:00,198,54.0,62.32977536366718,boost_5y_absolute,True
2022-09-24 04:00:00+00:00,2022-10-02 10:00:00+00:00,2022-10-02 06:00:00-04:00,199,55.0,61.86088600688715,boost_5y_absolute,True
2022-09-24 04:00:00+00:00,2022-10-02 11:00:00+00:00,2022-10-02 07:00:00-04:00,200,55.0,62.750199453876256,boost_5y_absolute,True
2022-09-24 04:00:00+00:00,2022-10-02 12:00:00+00:00,2022-10-02 08:00:00-04:00,201,56.0,66.18969411728519,boost_5y_absolute,True
2022-09-24 04:00:00+00:00,2022-10-02 13:00:00+00:00,2022-10-02 09:00:00-04:00,202,60.0,69.9336800581807,boost_5y_absolute,True
2022-09-24 04:00:00+00:00,2022-10-02 14:00:00+00:00,2022-10-02 10:00:00-04:00,203,64.0,73.3046248995875,boost_5y_absolute,True
2022-09-24 04:00:00+00:00,2022-10-02 15:00:00+00:00,2022-10-02 11:00:00-04:00,204,63.0,75.79872476404395,boost_5y_absolute,True
2022-09-24 04:00:00+00:00,2022-10-02 16:00:00+00:00,2022-10-02 12:00:00-04:00,205,64.0,77.6925106604726,boost_5y_absolute,True
2022-09-24 04:00:00+00:00,2022-10-02 17:00:00+00:00,2022-10-02 13:00:00-04:00,206,62.0,79.15279335644175,boost_5y_absolute,True
2022-09-24 04:00:00+00:00,2022-10-02 18:00:00+00:00,2022-10-02 14:00:00-04:00,207,62.0,79.95863333658352,boost_5y_absolute,True
2022-09-24 04:00:00+00:00,2022-10-02 19:00:00+00:00,2022-10-02 15:00:00-04:00,208,62.0,79.96030280793364,boost_5y_absolute,True
2022-09-24 04:00:00+00:00,2022-10-02 20:00:00+00:00,2022-10-02 16:00:00-04:00,209,61.0,79.40366056077299,boost_5y_absolute,True
2022-09-24 04:00:00+00:00,2022-10-02 21:00:00+00:00,2022-10-02 17:00:00-04:00,210,59.0,77.75325339195277,boost_5y_absolute,True
2022-09-24 04:00:00+00:00,2022-10-02 22:00:00+00:00,2022-10-02 18:00:00-04:00,211,59.0,74.01840548177243,boost_5y_absolute,True
2022-09-24 04:00:00+00:00,2022-10-02 23:00:00+00:00,2022-10-02 19:00:00-04:00,212,58.0,70.83813819850764,boost_5y_absolute,True
2022-09-24 04:00:00+00:00,2022-10-03 00:00:00+00:00,2022-10-02 20:00:00-04:00,213,57.0,69.19285454533798,boost_5y_absolute,True
2022-09-24 04:00:00+00:00,2022-10-03 01:00:00+00:00,2022-10-02 21:00:00-04:00,214,57.0,67.91854158062105,boost_5y_absolute,True
2022-09-24 04:00:00+00:00,2022-10-03 02:00:00+00:00,2022-10-02 22:00:00-04:00,215,57.0,67.28266555529562,boost_5y_absolute,True
2022-09-24 04:00:00+00:00,2022-10-03 03:00:00+00:00,2022-10-02 23:00:00-04:00,216,57.0,66.5966726033774,boost_5y_absolute,True
2022-09-24 04:00:00+00:00,2022-10-03 04:00:00+00:00,2022-10-03 00:00:00-04:00,217,57.0,65.8831060290046,boost_5y_absolute,True
2022-09-24 04:00:00+00:00,2022-10-03 05:00:00+00:00,2022-10-03 01:00:00-04:00,218,56.0,64.94595810322186,boost_5y_absolute,True
2022-09-24 04:00:00+00:00,2022-10-03 06:00:00+00:00,2022-10-03 02:00:00-04:00,219,55.0,64.43161693424491,boost_5y_absolute,True
2022-09-24 04:00:00+00:00,2022-10-03 07:00:00+00:00,2022-10-03 03:00:00-04:00,220,54.0,63.69347231082027,boost_5y_absolute,True
2022-09-24 04:00:00+00:00,2022-10-03 08:00:00+00:00,2022-10-03 04:00:00-04:00,221,54.0,63.43404913306744,boost_5y_absolute,True
2022-09-24 04:00:00+00:00,2022-10-03 09:00:00+00:00,2022-10-03 05:00:00-04:00,222,53.0,62.91325595690232,boost_5y_absolute,True
2022-09-24 04:00:00+00:00,2022-10-03 10:00:00+00:00,2022-10-03 06:00:00-04:00,223,53.0,62.43817642043737,boost_5y_absolute,True
2022-09-24 04:00:00+00:00,2022-10-03 11:00:00+00:00,2022-10-03 07:00:00-04:00,224,53.0,63.262706241914216,boost_5y_absolute,True
2022-09-24 04:00:00+00:00,2022-10-03 12:00:00+00:00,2022-10-03 08:00:00-04:00,225,54.0,66.59516373857682,boost_5y_absolute,True
2022-09-24 04:00:00+00:00,2022-10-03 13:00:00+00:00,2022-10-03 09:00:00-04:00,226,55.0,70.06317887033057,boost_5y_absolute,True
2022-09-24 04:00:00+00:00,2022-10-03 14:00:00+00:00,2022-10-03 10:00:00-04:00,227,55.0,73.35553150833667,boost_5y_absolute,True
2022-09-24 04:00:00+00:00,2022-10-03 15:00:00+00:00,2022-10-03 11:00:00-04:00,228,57.0,75.70946860447866,boost_5y_absolute,True
2022-09-24 04:00:00+00:00,2022-10-03 16:00:00+00:00,2022-10-03 12:00:00-04:00,229,60.0,77.63310950177386,boost_5y_absolute,True
2022-09-24 04:00:00+00:00,2022-10-03 17:00:00+00:00,2022-10-03 13:00:00-04:00,230,65.0,79.14157846289923,boost_5y_absolute,True
2022-09-24 04:00:00+00:00,2022-10-03 18:00:00+00:00,2022-10-03 14:00:00-04:00,231,66.0,79.70843031029725,boost_5y_absolute,True
2022-09-24 04:00:00+00:00,2022-10-03 19:00:00+00:00,2022-10-03 15:00:00-04:00,232,67.0,79.74826517252711,boost_5y_absolute,True
2022-09-24 04:00:00+00:00,2022-10-03 20:00:00+00:00,2022-10-03 16:00:00-04:00,233,64.0,79.26310237750161,boost_5y_absolute,True
2022-09-24 04:00:00+00:00,2022-10-03 21:00:00+00:00,2022-10-03 17:00:00-04:00,234,62.0,77.62976342462962,boost_5y_absolute,True
2022-09-24 04:00:00+00:00,2022-10-03 22:00:00+00:00,2022-10-03 18:00:00-04:00,235,56.0,73.88521657842206,boost_5y_absolute,True
2022-09-24 04:00:00+00:00,2022-10-03 23:00:00+00:00,2022-10-03 19:00:00-04:00,236,55.0,70.86286955324216,boost_5y_absolute,True
2022-09-24 04:00:00+00:00,2022-10-04 00:00:00+00:00,2022-10-03 20:00:00-04:00,237,53.0,69.2222333382699,boost_5y_absolute,True
2022-09-24 04:00:00+00:00,2022-10-04 01:00:00+00:00,2022-10-03 21:00:00-04:00,238,52.0,68.00133438282974,boost_5y_absolute,True
2022-09-24 04:00:00+00:00,2022-10-04 02:00:00+00:00,2022-10-03 22:00:00-04:00,239,51.0,67.43166074671144,boost_5y_absolute,True
2022-09-24 04:00:00+00:00,2022-10-04 03:00:00+00:00,2022-10-03 23:00:00-04:00,240,53.0,66.81419290160741,boost_5y_absolute,True
2022-09-24 04:00:00+00:00,2022-10-04 04:00:00+00:00,2022-10-04 00:00:00-04:00,241,52.0,65.98217841181815,boost_5y_absolute,True
2022-09-24 04:00:00+00:00,2022-10-04 05:00:00+00:00,2022-10-04 01:00:00-04:00,242,52.0,65.03732181931852,boost_5y_absolute,True
2022-09-24 04:00:00+00:00,2022-10-04 06:00:00+00:00,2022-10-04 02:00:00-04:00,243,51.0,64.57882753290458,boost_5y_absolute,True
2022-09-24 04:00:00+00:00,2022-10-04 07:00:00+00:00,2022-10-04 03:00:00-04:00,244,51.0,63.8490965209196,boost_5y_absolute,True
2022-09-24 04:00:00+00:00,2022-10-04 08:00:00+00:00,2022-10-04 04:00:00-04:00,245,50.0,63.574809919294154,boost_5y_absolute,True
2022-09-24 04:00:00+00:00,2022-10-04 09:00:00+00:00,2022-10-04 05:00:00-04:00,246,50.0,63.054866468100435,boost_5y_absolute,True
2022-09-24 04:00:00+00:00,2022-10-04 10:00:00+00:00,2022-10-04 06:00:00-04:00,247,50.0,62.60121166077804,boost_5y_absolute,True
2022-09-24 04:00:00+00:00,2022-10-04 11:00:00+00:00,2022-10-04 07:00:00-04:00,248,50.0,63.42094416190465,boost_5y_absolute,True
2022-09-24 04:00:00+00:00,2022-10-04 12:00:00+00:00,2022-10-04 08:00:00-04:00,249,54.0,66.69058190805892,boost_5y_absolute,True
2022-09-24 04:00:00+00:00,2022-10-04 13:00:00+00:00,2022-10-04 09:00:00-04:00,250,57.0,70.0059179368796,boost_5y_absolute,True
2022-09-24 04:00:00+00:00,2022-10-04 14:00:00+00:00,2022-10-04 10:00:00-04:00,251,61.0,73.29341050485293,boost_5y_absolute,True
2022-09-24 04:00:00+00:00,2022-10-04 15:00:00+00:00,2022-10-04 11:00:00-04:00,252,65.0,75.62657399224494,boost_5y_absolute,True
2022-09-24 04:00:00+00:00,2022-10-04 16:00:00+00:00,2022-10-04 12:00:00-04:00,253,68.0,77.52032225588967,boost_5y_absolute,True
2022-09-24 04:00:00+00:00,2022-10-04 17:00:00+00:00,2022-10-04 13:00:00-04:00,254,69.0,78.98180121608262,boost_5y_absolute,True
2022-09-24 04:00:00+00:00,2022-10-04 18:00:00+00:00,2022-10-04 14:00:00-04:00,255,71.0,79.44677826366285,boost_5y_absolute,True
2022-09-24 04:00:00+00:00,2022-10-04 19:00:00+00:00,2022-10-04 15:00:00-04:00,256,69.0,79.46919428545758,boost_5y_absolute,True
2022-09-24 04:00:00+00:00,2022-10-04 20:00:00+00:00,2022-10-04 16:00:00-04:00,257,67.0,78.89696479210956,boost_5y_absolute,True
2022-09-24 04:00:00+00:00,2022-10-04 21:00:00+00:00,2022-10-04 17:00:00-04:00,258,66.0,77.20413335402337,boost_5y_absolute,True
2022-09-24 04:00:00+00:00,2022-10-04 22:00:00+00:00,2022-10-04 18:00:00-04:00,259,64.0,73.45564676932001,boost_5y_absolute,True
2022-09-24 04:00:00+00:00,2022-10-04 23:00:00+00:00,2022-10-04 19:00:00-04:00,260,62.0,70.53011686507705,boost_5y_absolute,True
2022-09-24 04:00:00+00:00,2022-10-05 00:00:00+00:00,2022-10-04 20:00:00-04:00,261,59.0,69.0005059983165,boost_5y_absolute,True
2022-09-24 04:00:00+00:00,2022-10-05 01:00:00+00:00,2022-10-04 21:00:00-04:00,262,56.0,67.83402719534865,boost_5y_absolute,True
2022-09-24 04:00:00+00:00,2022-10-05 02:00:00+00:00,2022-10-04 22:00:00-04:00,263,52.0,67.26952567919038,boost_5y_absolute,True
2022-09-24 04:00:00+00:00,2022-10-05 03:00:00+00:00,2022-10-04 23:00:00-04:00,264,51.0,66.63676949215062,boost_5y_absolute,True
2022-09-24 04:00:00+00:00,2022-10-05 04:00:00+00:00,2022-10-05 00:00:00-04:00,265,49.0,65.85921986840677,boost_5y_absolute,True
2022-09-24 04:00:00+00:00,2022-10-05 05:00:00+00:00,2022-10-05 01:00:00-04:00,266,47.0,64.81806194514718,boost_5y_absolute,True
2022-09-24 04:00:00+00:00,2022-10-05 06:00:00+00:00,2022-10-05 02:00:00-04:00,267,47.0,64.36743836031015,boost_5y_absolute,True
2022-09-24 04:00:00+00:00,2022-10-05 07:00:00+00:00,2022-10-05 03:00:00-04:00,268,48.0,63.67676100719266,boost_5y_absolute,True
2022-09-24 04:00:00+00:00,2022-10-05 08:00:00+00:00,2022-10-05 04:00:00-04:00,269,47.0,63.3857924318,boost_5y_absolute,True
2022-09-24 04:00:00+00:00,2022-10-05 09:00:00+00:00,2022-10-05 05:00:00-04:00,270,47.0,62.85952768460274,boost_5y_absolute,True
2022-09-24 04:00:00+00:00,2022-10-05 10:00:00+00:00,2022-10-05 06:00:00-04:00,271,46.0,62.46510802168353,boost_5y_absolute,True
2022-09-24 04:00:00+00:00,2022-10-05 11:00:00+00:00,2022-10-05 07:00:00-04:00,272,49.0,63.21773123537795,boost_5y_absolute,True
2022-09-24 04:00:00+00:00,2022-10-05 12:00:00+00:00,2022-10-05 08:00:00-04:00,273,54.0,66.37741636301817,boost_5y_absolute,True
2022-09-24 04:00:00+00:00,2022-10-05 13:00:00+00:00,2022-10-05 09:00:00-04:00,274,59.0,69.71077104160182,boost_5y_absolute,True
2022-09-24 04:00:00+00:00,2022-10-05 14:00:00+00:00,2022-10-05 10:00:00-04:00,275,64.0,73.06662348774776,boost_5y_absolute,True
2022-09-24 04:00:00+00:00,2022-10-05 15:00:00+00:00,2022-10-05 11:00:00-04:00,276,68.0,75.37899596515892,boost_5y_absolute,True
2022-09-24 04:00:00+00:00,2022-10-05 16:00:00+00:00,2022-10-05 12:00:00-04:00,277,70.0,77.18149938980403,boost_5y_absolute,True
2022-09-24 04:00:00+00:00,2022-10-05 17:00:00+00:00,2022-10-05 13:00:00-04:00,278,71.0,78.53516893778826,boost_5y_absolute,True
2022-09-24 04:00:00+00:00,2022-10-05 18:00:00+00:00,2022-10-05 14:00:00-04:00,279,74.0,78.96967706378106,boost_5y_absolute,True
2022-09-24 04:00:00+00:00,2022-10-05 19:00:00+00:00,2022-10-05 15:00:00-04:00,280,75.0,78.955948534906,boost_5y_absolute,True
2022-09-24 04:00:00+00:00,2022-10-05 20:00:00+00:00,2022-10-05 16:00:00-04:00,281,75.0,78.41920974438179,boost_5y_absolute,True
2022-09-24 04:00:00+00:00,2022-10-05 21:00:00+00:00,2022-10-05 17:00:00-04:00,282,74.0,76.74966762727401,boost_5y_absolute,True
2022-09-24 04:00:00+00:00,2022-10-05 22:00:00+00:00,2022-10-05 18:00:00-04:00,283,68.0,72.96299280750065,boost_5y_absolute,True
2022-09-24 04:00:00+00:00,2022-10-05 23:00:00+00:00,2022-10-05 19:00:00-04:00,284,63.0,70.12964708801266,boost_5y_absolute,True
2022-09-24 04:00:00+00:00,2022-10-06 00:00:00+00:00,2022-10-05 20:00:00-04:00,285,62.0,68.71947204078042,boost_5y_absolute,True
2022-09-24 04:00:00+00:00,2022-10-06 01:00:00+00:00,2022-10-05 21:00:00-04:00,286,57.0,67.58798504062777,boost_5y_absolute,True
2022-09-24 04:00:00+00:00,2022-10-06 02:00:00+00:00,2022-10-05 22:00:00-04:00,287,60.0,66.96690478337379,boost_5y_absolute,True
2022-09-24 04:00:00+00:00,2022-10-06 03:00:00+00:00,2022-10-05 23:00:00-04:00,288,57.0,66.27531526427029,boost_5y_absolute,True
2022-09-24 04:00:00+00:00,2022-10-06 04:00:00+00:00,2022-10-06 00:00:00-04:00,289,55.0,65.53222888394664,boost_5y_absolute,True
2022-09-24 04:00:00+00:00,2022-10-06 05:00:00+00:00,2022-10-06 01:00:00-04:00,290,55.0,64.5901321796389,boost_5y_absolute,True
2022-09-24 04:00:00+00:00,2022-10-06 06:00:00+00:00,2022-10-06 02:00:00-04:00,291,54.0,64.09904819181575,boost_5y_absolute,True
2022-09-24 04:00:00+00:00,2022-10-06 07:00:00+00:00,2022-10-06 03:00:00-04:00,292,53.0,63.381968556746415,boost_5y_absolute,True
2022-09-24 04:00:00+00:00,2022-10-06 08:00:00+00:00,2022-10-06 04:00:00-04:00,293,53.0,63.13210114580165,boost_5y_absolute,True
2022-09-24 04:00:00+00:00,2022-10-06 09:00:00+00:00,2022-10-06 05:00:00-04:00,294,52.0,62.651217859274446,boost_5y_absolute,True
2022-09-24 04:00:00+00:00,2022-10-06 10:00:00+00:00,2022-10-06 06:00:00-04:00,295,52.0,62.29474924597625,boost_5y_absolute,True
2022-09-24 04:00:00+00:00,2022-10-06 11:00:00+00:00,2022-10-06 07:00:00-04:00,296,53.0,62.96049939592824,boost_5y_absolute,True
2022-09-24 04:00:00+00:00,2022-10-06 12:00:00+00:00,2022-10-06 08:00:00-04:00,297,60.0,65.98441505578351,boost_5y_absolute,True
2022-09-24 04:00:00+00:00,2022-10-06 13:00:00+00:00,2022-10-06 09:00:00-04:00,298,66.0,69.17010214690852,boost_5y_absolute,True
2022-09-24 04:00:00+00:00,2022-10-06 14:00:00+00:00,2022-10-06 10:00:00-04:00,299,73.0,72.4080076136673,boost_5y_absolute,True
2022-09-24 04:00:00+00:00,2022-10-06 15:00:00+00:00,2022-10-06 11:00:00-04:00,300,77.0,74.64769670813244,boost_5y_absolute,True
2022-09-24 04:00:00+00:00,2022-10-06 16:00:00+00:00,2022-10-06 12:00:00-04:00,301,80.0,76.36064991165398,boost_5y_absolute,True
2022-09-24 04:00:00+00:00,2022-10-06 17:00:00+00:00,2022-10-06 13:00:00-04:00,302,79.0,77.70028558334464,boost_5y_absolute,True
2022-09-24 04:00:00+00:00,2022-10-06 18:00:00+00:00,2022-10-06 14:00:00-04:00,303,82.0,78.10289039453527,boost_5y_absolute,True
2022-09-24 04:00:00+00:00,2022-10-06 19:00:00+00:00,2022-10-06 15:00:00-04:00,304,80.0,78.11737924420974,boost_5y_absolute,True
2022-09-24 04:00:00+00:00,2022-10-06 20:00:00+00:00,2022-10-06 16:00:00-04:00,305,81.0,77.6550569035489,boost_5y_absolute,True
2022-09-24 04:00:00+00:00,2022-10-06 21:00:00+00:00,2022-10-06 17:00:00-04:00,306,79.0,75.99328204428718,boost_5y_absolute,True
2022-09-24 04:00:00+00:00,2022-10-06 22:00:00+00:00,2022-10-06 18:00:00-04:00,307,73.0,72.233763266967,boost_5y_absolute,True
2022-09-24 04:00:00+00:00,2022-10-06 23:00:00+00:00,2022-10-06 19:00:00-04:00,308,68.0,69.44906053149528,boost_5y_absolute,True
2022-09-24 04:00:00+00:00,2022-10-07 00:00:00+00:00,2022-10-06 20:00:00-04:00,309,66.0,68.11659886421387,boost_5y_absolute,True
2022-09-24 04:00:00+00:00,2022-10-07 01:00:00+00:00,2022-10-06 21:00:00-04:00,310,63.0,67.05444689207101,boost_5y_absolute,True
2022-09-24 04:00:00+00:00,2022-10-07 02:00:00+00:00,2022-10-06 22:00:00-04:00,311,62.0,66.45553496354582,boost_5y_absolute,True
2022-09-24 04:00:00+00:00,2022-10-07 03:00:00+00:00,2022-10-06 23:00:00-04:00,312,60.0,65.81660802737781,boost_5y_absolute,True
2022-09-24 04:00:00+00:00,2022-10-07 04:00:00+00:00,2022-10-07 00:00:00-04:00,313,59.0,65.06831027960465,boost_5y_absolute,True
2022-09-24 04:00:00+00:00,2022-10-07 05:00:00+00:00,2022-10-07 01:00:00-04:00,314,58.0,64.20540932504188,boost_5y_absolute,True
2022-09-24 04:00:00+00:00,2022-10-07 06:00:00+00:00,2022-10-07 02:00:00-04:00,315,58.0,63.695132785551586,boost_5y_absolute,True
2022-09-24 04:00:00+00:00,2022-10-07 07:00:00+00:00,2022-10-07 03:00:00-04:00,316,57.0,63.00454593290705,boost_5y_absolute,True
2022-09-24 04:00:00+00:00,2022-10-07 08:00:00+00:00,2022-10-07 04:00:00-04:00,317,56.0,62.77734175286374,boost_5y_absolute,True
2022-09-24 04:00:00+00:00,2022-10-07 09:00:00+00:00,2022-10-07 05:00:00-04:00,318,56.0,62.357741193410256,boost_5y_absolute,True
2022-09-24 04:00:00+00:00,2022-10-07 10:00:00+00:00,2022-10-07 06:00:00-04:00,319,55.0,62.00041754877973,boost_5y_absolute,True
2022-09-24 04:00:00+00:00,2022-10-07 11:00:00+00:00,2022-10-07 07:00:00-04:00,320,56.0,62.52840653138335,boost_5y_absolute,True
2022-09-24 04:00:00+00:00,2022-10-07 12:00:00+00:00,2022-10-07 08:00:00-04:00,321,62.0,65.50060430799034,boost_5y_absolute,True
2022-09-24 04:00:00+00:00,2022-10-07 13:00:00+00:00,2022-10-07 09:00:00-04:00,322,67.0,68.58937996716044,boost_5y_absolute,True
2022-09-24 04:00:00+00:00,2022-10-07 14:00:00+00:00,2022-10-07 10:00:00-04:00,323,74.0,71.79955946497537,boost_5y_absolute,True
2022-09-24 04:00:00+00:00,2022-10-07 15:00:00+00:00,2022-10-07 11:00:00-04:00,324,79.0,74.056438004219,boost_5y_absolute,True
2022-09-24 04:00:00+00:00,2022-10-07 16:00:00+00:00,2022-10-07 12:00:00-04:00,325,80.0,75.74084108455982,boost_5y_absolute,True
2022-09-24 04:00:00+00:00,2022-10-07 17:00:00+00:00,2022-10-07 13:00:00-04:00,326,83.0,77.17928948979626,boost_5y_absolute,True
2022-09-24 04:00:00+00:00,2022-10-07 18:00:00+00:00,2022-10-07 14:00:00-04:00,327,84.0,77.68273496827231,boost_5y_absolute,True
2022-09-24 04:00:00+00:00,2022-10-07 19:00:00+00:00,2022-10-07 15:00:00-04:00,328,82.0,77.77676619894788,boost_5y_absolute,True
2022-09-24 04:00:00+00:00,2022-10-07 20:00:00+00:00,2022-10-07 16:00:00-04:00,329,83.0,77.35838173164728,boost_5y_absolute,True
2022-09-24 04:00:00+00:00,2022-10-07 21:00:00+00:00,2022-10-07 17:00:00-04:00,330,79.0,75.67913967267408,boost_5y_absolute,True
2022-09-24 04:00:00+00:00,2022-10-07 22:00:00+00:00,2022-10-07 18:00:00-04:00,331,73.0,71.73270826756617,boost_5y_absolute,True
2022-09-24 04:00:00+00:00,2022-10-07 23:00:00+00:00,2022-10-07 19:00:00-04:00,332,68.0,68.97400744720476,boost_5y_absolute,True
2022-09-24 04:00:00+00:00,2022-10-08 00:00:00+00:00,2022-10-07 20:00:00-04:00,333,66.0,67.56474256319686,boost_5y_absolute,True
2022-09-24 04:00:00+00:00,2022-10-08 01:00:00+00:00,2022-10-07 21:00:00-04:00,334,64.0,66.41874610335002,boost_5y_absolute,True
2022-09-24 04:00:00+00:00,2022-10-08 02:00:00+00:00,2022-10-07 22:00:00-04:00,335,63.0,65.83274039941873,boost_5y_absolute,True
2022-09-24 04:00:00+00:00,2022-10-08 03:00:00+00:00,2022-10-07 23:00:00-04:00,336,62.0,65.1542563423971,boost_5y_absolute,True
2022-10-01 04:00:00+00:00,2022-10-01 04:00:00+00:00,2022-10-01 00:00:00-04:00,1,66.0,56.970938611188515,boost_5y_absolute,True
2022-10-01 04:00:00+00:00,2022-10-01 05:00:00+00:00,2022-10-01 01:00:00-04:00,2,64.0,56.05828588159653,boost_5y_absolute,True
2022-10-01 04:00:00+00:00,2022-10-01 06:00:00+00:00,2022-10-01 02:00:00-04:00,3,63.0,55.53732131780142,boost_5y_absolute,True
2022-10-01 04:00:00+00:00,2022-10-01 07:00:00+00:00,2022-10-01 03:00:00-04:00,4,61.0,54.92650594738541,boost_5y_absolute,True
2022-10-01 04:00:00+00:00,2022-10-01 08:00:00+00:00,2022-10-01 04:00:00-04:00,5,60.0,54.76335101791575,boost_5y_absolute,True
2022-10-01 04:00:00+00:00,2022-10-01 09:00:00+00:00,2022-10-01 05:00:00-04:00,6,59.0,54.4580919347198,boost_5y_absolute,True
2022-10-01 04:00:00+00:00,2022-10-01 10:00:00+00:00,2022-10-01 06:00:00-04:00,7,59.0,56.55222093503704,boost_5y_absolute,True
2022-10-01 04:00:00+00:00,2022-10-01 11:00:00+00:00,2022-10-01 07:00:00-04:00,8,58.0,54.990208760931885,boost_5y_absolute,True
2022-10-01 04:00:00+00:00,2022-10-01 12:00:00+00:00,2022-10-01 08:00:00-04:00,9,58.0,58.45190785727332,boost_5y_absolute,True
2022-10-01 04:00:00+00:00,2022-10-01 13:00:00+00:00,2022-10-01 09:00:00-04:00,10,60.0,61.280940808040526,boost_5y_absolute,True
2022-10-01 04:00:00+00:00,2022-10-01 14:00:00+00:00,2022-10-01 10:00:00-04:00,11,61.0,64.93069200787956,boost_5y_absolute,True
2022-10-01 04:00:00+00:00,2022-10-01 15:00:00+00:00,2022-10-01 11:00:00-04:00,12,62.0,67.37818832765332,boost_5y_absolute,True
2022-10-01 04:00:00+00:00,2022-10-01 16:00:00+00:00,2022-10-01 12:00:00-04:00,13,62.0,69.46609361521428,boost_5y_absolute,True
2022-10-01 04:00:00+00:00,2022-10-01 17:00:00+00:00,2022-10-01 13:00:00-04:00,14,64.0,70.62311373183945,boost_5y_absolute,True
2022-10-01 04:00:00+00:00,2022-10-01 18:00:00+00:00,2022-10-01 14:00:00-04:00,15,66.0,71.52379343579798,boost_5y_absolute,True
2022-10-01 04:00:00+00:00,2022-10-01 19:00:00+00:00,2022-10-01 15:00:00-04:00,16,64.0,71.71684688772088,boost_5y_absolute,True
2022-10-01 04:00:00+00:00,2022-10-01 20:00:00+00:00,2022-10-01 16:00:00-04:00,17,63.0,71.28533033106463,boost_5y_absolute,True
2022-10-01 04:00:00+00:00,2022-10-01 21:00:00+00:00,2022-10-01 17:00:00-04:00,18,62.0,70.11937332603493,boost_5y_absolute,True
2022-10-01 04:00:00+00:00,2022-10-01 22:00:00+00:00,2022-10-01 18:00:00-04:00,19,62.0,66.86716872938868,boost_5y_absolute,True
2022-10-01 04:00:00+00:00,2022-10-01 23:00:00+00:00,2022-10-01 19:00:00-04:00,20,62.0,63.78588577553,boost_5y_absolute,True
2022-10-01 04:00:00+00:00,2022-10-02 00:00:00+00:00,2022-10-01 20:00:00-04:00,21,61.0,62.00057412851306,boost_5y_absolute,True
2022-10-01 04:00:00+00:00,2022-10-02 01:00:00+00:00,2022-10-01 21:00:00-04:00,22,61.0,60.96356721382514,boost_5y_absolute,True
2022-10-01 04:00:00+00:00,2022-10-02 02:00:00+00:00,2022-10-01 22:00:00-04:00,23,60.0,60.70800930562243,boost_5y_absolute,True
2022-10-01 04:00:00+00:00,2022-10-02 03:00:00+00:00,2022-10-01 23:00:00-04:00,24,60.0,60.118498204923554,boost_5y_absolute,True
2022-10-01 04:00:00+00:00,2022-10-02 04:00:00+00:00,2022-10-02 00:00:00-04:00,25,58.0,60.509770526429214,boost_5y_absolute,True
2022-10-01 04:00:00+00:00,2022-10-02 05:00:00+00:00,2022-10-02 01:00:00-04:00,26,57.0,59.44754386409154,boost_5y_absolute,True
2022-10-01 04:00:00+00:00,2022-10-02 06:00:00+00:00,2022-10-02 02:00:00-04:00,27,56.0,58.88408255497225,boost_5y_absolute,True
2022-10-01 04:00:00+00:00,2022-10-02 07:00:00+00:00,2022-10-02 03:00:00-04:00,28,55.0,58.23427799681912,boost_5y_absolute,True
2022-10-01 04:00:00+00:00,2022-10-02 08:00:00+00:00,2022-10-02 04:00:00-04:00,29,54.0,57.69007464377764,boost_5y_absolute,True
2022-10-01 04:00:00+00:00,2022-10-02 09:00:00+00:00,2022-10-02 05:00:00-04:00,30,54.0,57.259429296461924,boost_5y_absolute,True
2022-10-01 04:00:00+00:00,2022-10-02 10:00:00+00:00,2022-10-02 06:00:00-04:00,31,55.0,56.85866313251024,boost_5y_absolute,True
2022-10-01 04:00:00+00:00,2022-10-02 11:00:00+00:00,2022-10-02 07:00:00-04:00,32,55.0,57.419499282693366,boost_5y_absolute,True
2022-10-01 04:00:00+00:00,2022-10-02 12:00:00+00:00,2022-10-02 08:00:00-04:00,33,56.0,61.01072617087796,boost_5y_absolute,True
2022-10-01 04:00:00+00:00,2022-10-02 13:00:00+00:00,2022-10-02 09:00:00-04:00,34,60.0,64.69029289030755,boost_5y_absolute,True
2022-10-01 04:00:00+00:00,2022-10-02 14:00:00+00:00,2022-10-02 10:00:00-04:00,35,64.0,68.70833333105938,boost_5y_absolute,True
2022-10-01 04:00:00+00:00,2022-10-02 15:00:00+00:00,2022-10-02 11:00:00-04:00,36,63.0,71.35032716847974,boost_5y_absolute,True
2022-10-01 04:00:00+00:00,2022-10-02 16:00:00+00:00,2022-10-02 12:00:00-04:00,37,64.0,73.37282290382147,boost_5y_absolute,True
2022-10-01 04:00:00+00:00,2022-10-02 17:00:00+00:00,2022-10-02 13:00:00-04:00,38,62.0,75.19665351386483,boost_5y_absolute,True
2022-10-01 04:00:00+00:00,2022-10-02 18:00:00+00:00,2022-10-02 14:00:00-04:00,39,62.0,76.18467547203956,boost_5y_absolute,True
2022-10-01 04:00:00+00:00,2022-10-02 19:00:00+00:00,2022-10-02 15:00:00-04:00,40,62.0,76.08658721874934,boost_5y_absolute,True
2022-10-01 04:00:00+00:00,2022-10-02 20:00:00+00:00,2022-10-02 16:00:00-04:00,41,61.0,74.72856859974834,boost_5y_absolute,True
2022-10-01 04:00:00+00:00,2022-10-02 21:00:00+00:00,2022-10-02 17:00:00-04:00,42,59.0,72.95824353086866,boost_5y_absolute,True
2022-10-01 04:00:00+00:00,2022-10-02 22:00:00+00:00,2022-10-02 18:00:00-04:00,43,59.0,69.03759584552813,boost_5y_absolute,True
2022-10-01 04:00:00+00:00,2022-10-02 23:00:00+00:00,2022-10-02 19:00:00-04:00,44,58.0,65.81506162812161,boost_5y_absolute,True
2022-10-01 04:00:00+00:00,2022-10-03 00:00:00+00:00,2022-10-02 20:00:00-04:00,45,57.0,64.01556857754072,boost_5y_absolute,True
2022-10-01 04:00:00+00:00,2022-10-03 01:00:00+00:00,2022-10-02 21:00:00-04:00,46,57.0,62.64941838964104,boost_5y_absolute,True
2022-10-01 04:00:00+00:00,2022-10-03 02:00:00+00:00,2022-10-02 22:00:00-04:00,47,57.0,62.586117742072815,boost_5y_absolute,True
2022-10-01 04:00:00+00:00,2022-10-03 03:00:00+00:00,2022-10-02 23:00:00-04:00,48,57.0,61.88713343749683,boost_5y_absolute,True
2022-10-01 04:00:00+00:00,2022-10-03 04:00:00+00:00,2022-10-03 00:00:00-04:00,49,57.0,60.201980658755325,boost_5y_absolute,True
2022-10-01 04:00:00+00:00,2022-10-03 05:00:00+00:00,2022-10-03 01:00:00-04:00,50,56.0,59.412104917679926,boost_5y_absolute,True
2022-10-01 04:00:00+00:00,2022-10-03 06:00:00+00:00,2022-10-03 02:00:00-04:00,51,55.0,58.91278622399868,boost_5y_absolute,True
2022-10-01 04:00:00+00:00,2022-10-03 07:00:00+00:00,2022-10-03 03:00:00-04:00,52,54.0,58.25182709769745,boost_5y_absolute,True
2022-10-01 04:00:00+00:00,2022-10-03 08:00:00+00:00,2022-10-03 04:00:00-04:00,53,54.0,58.21840493326616,boost_5y_absolute,True
2022-10-01 04:00:00+00:00,2022-10-03 09:00:00+00:00,2022-10-03 05:00:00-04:00,54,53.0,57.48546734667114,boost_5y_absolute,True
2022-10-01 04:00:00+00:00,2022-10-03 10:00:00+00:00,2022-10-03 06:00:00-04:00,55,53.0,57.3944859257034,boost_5y_absolute,True
2022-10-01 04:00:00+00:00,2022-10-03 11:00:00+00:00,2022-10-03 07:00:00-04:00,56,53.0,57.94708552756306,boost_5y_absolute,True
2022-10-01 04:00:00+00:00,2022-10-03 12:00:00+00:00,2022-10-03 08:00:00-04:00,57,54.0,61.656367289007534,boost_5y_absolute,True
2022-10-01 04:00:00+00:00,2022-10-03 13:00:00+00:00,2022-10-03 09:00:00-04:00,58,55.0,64.95701625620237,boost_5y_absolute,True
2022-10-01 04:00:00+00:00,2022-10-03 14:00:00+00:00,2022-10-03 10:00:00-04:00,59,55.0,68.19363873602231,boost_5y_absolute,True
2022-10-01 04:00:00+00:00,2022-10-03 15:00:00+00:00,2022-10-03 11:00:00-04:00,60,57.0,70.82294373395513,boost_5y_absolute,True
2022-10-01 04:00:00+00:00,2022-10-03 16:00:00+00:00,2022-10-03 12:00:00-04:00,61,60.0,72.60087749762624,boost_5y_absolute,True
2022-10-01 04:00:00+00:00,2022-10-03 17:00:00+00:00,2022-10-03 13:00:00-04:00,62,65.0,74.43573103557475,boost_5y_absolute,True
2022-10-01 04:00:00+00:00,2022-10-03 18:00:00+00:00,2022-10-03 14:00:00-04:00,63,66.0,75.07868152358839,boost_5y_absolute,True
2022-10-01 04:00:00+00:00,2022-10-03 19:00:00+00:00,2022-10-03 15:00:00-04:00,64,67.0,75.09828496484587,boost_5y_absolute,True
2022-10-01 04:00:00+00:00,2022-10-03 20:00:00+00:00,2022-10-03 16:00:00-04:00,65,64.0,74.71080794686497,boost_5y_absolute,True
2022-10-01 04:00:00+00:00,2022-10-03 21:00:00+00:00,2022-10-03 17:00:00-04:00,66,62.0,72.94138021804369,boost_5y_absolute,True
2022-10-01 04:00:00+00:00,2022-10-03 22:00:00+00:00,2022-10-03 18:00:00-04:00,67,56.0,69.11847630743422,boost_5y_absolute,True
2022-10-01 04:00:00+00:00,2022-10-03 23:00:00+00:00,2022-10-03 19:00:00-04:00,68,55.0,66.24658829698166,boost_5y_absolute,True
2022-10-01 04:00:00+00:00,2022-10-04 00:00:00+00:00,2022-10-03 20:00:00-04:00,69,53.0,64.5471861116973,boost_5y_absolute,True
2022-10-01 04:00:00+00:00,2022-10-04 01:00:00+00:00,2022-10-03 21:00:00-04:00,70,52.0,63.45561499445741,boost_5y_absolute,True
2022-10-01 04:00:00+00:00,2022-10-04 02:00:00+00:00,2022-10-03 22:00:00-04:00,71,51.0,63.33596835396059,boost_5y_absolute,True
2022-10-01 04:00:00+00:00,2022-10-04 03:00:00+00:00,2022-10-03 23:00:00-04:00,72,53.0,62.792626707743636,boost_5y_absolute,True
2022-10-01 04:00:00+00:00,2022-10-04 04:00:00+00:00,2022-10-04 00:00:00-04:00,73,52.0,61.14537886668766,boost_5y_absolute,True
2022-10-01 04:00:00+00:00,2022-10-04 05:00:00+00:00,2022-10-04 01:00:00-04:00,74,52.0,60.3045375145331,boost_5y_absolute,True
2022-10-01 04:00:00+00:00,2022-10-04 06:00:00+00:00,2022-10-04 02:00:00-04:00,75,51.0,59.89092399295791,boost_5y_absolute,True
2022-10-01 04:00:00+00:00,2022-10-04 07:00:00+00:00,2022-10-04 03:00:00-04:00,76,51.0,59.205714864808854,boost_5y_absolute,True
2022-10-01 04:00:00+00:00,2022-10-04 08:00:00+00:00,2022-10-04 04:00:00-04:00,77,50.0,59.110913828615935,boost_5y_absolute,True
2022-10-01 04:00:00+00:00,2022-10-04 09:00:00+00:00,2022-10-04 05:00:00-04:00,78,50.0,58.4298308624854,boost_5y_absolute,True
2022-10-01 04:00:00+00:00,2022-10-04 10:00:00+00:00,2022-10-04 06:00:00-04:00,79,50.0,58.28147330315785,boost_5y_absolute,True
2022-10-01 04:00:00+00:00,2022-10-04 11:00:00+00:00,2022-10-04 07:00:00-04:00,80,50.0,58.92162461842615,boost_5y_absolute,True
2022-10-01 04:00:00+00:00,2022-10-04 12:00:00+00:00,2022-10-04 08:00:00-04:00,81,54.0,62.43287866529926,boost_5y_absolute,True
2022-10-01 04:00:00+00:00,2022-10-04 13:00:00+00:00,2022-10-04 09:00:00-04:00,82,57.0,65.7489021437405,boost_5y_absolute,True
2022-10-01 04:00:00+00:00,2022-10-04 14:00:00+00:00,2022-10-04 10:00:00-04:00,83,61.0,69.204461146751,boost_5y_absolute,True
2022-10-01 04:00:00+00:00,2022-10-04 15:00:00+00:00,2022-10-04 11:00:00-04:00,84,65.0,71.65898038801878,boost_5y_absolute,True
2022-10-01 04:00:00+00:00,2022-10-04 16:00:00+00:00,2022-10-04 12:00:00-04:00,85,68.0,73.40919805173968,boost_5y_absolute,True
2022-10-01 04:00:00+00:00,2022-10-04 17:00:00+00:00,2022-10-04 13:00:00-04:00,86,69.0,75.03901052685538,boost_5y_absolute,True
2022-10-01 04:00:00+00:00,2022-10-04 18:00:00+00:00,2022-10-04 14:00:00-04:00,87,71.0,75.48564772214323,boost_5y_absolute,True
2022-10-01 04:00:00+00:00,2022-10-04 19:00:00+00:00,2022-10-04 15:00:00-04:00,88,69.0,75.51622088142173,boost_5y_absolute,True
2022-10-01 04:00:00+00:00,2022-10-04 20:00:00+00:00,2022-10-04 16:00:00-04:00,89,67.0,74.9801827695025,boost_5y_absolute,True
2022-10-01 04:00:00+00:00,2022-10-04 21:00:00+00:00,2022-10-04 17:00:00-04:00,90,66.0,73.01919594237015,boost_5y_absolute,True
2022-10-01 04:00:00+00:00,2022-10-04 22:00:00+00:00,2022-10-04 18:00:00-04:00,91,64.0,69.3123877473472,boost_5y_absolute,True
2022-10-01 04:00:00+00:00,2022-10-04 23:00:00+00:00,2022-10-04 19:00:00-04:00,92,62.0,66.56587647952124,boost_5y_absolute,True
2022-10-01 04:00:00+00:00,2022-10-05 00:00:00+00:00,2022-10-04 20:00:00-04:00,93,59.0,65.08395552341463,boost_5y_absolute,True
2022-10-01 04:00:00+00:00,2022-10-05 01:00:00+00:00,2022-10-04 21:00:00-04:00,94,56.0,64.10959916866243,boost_5y_absolute,True
2022-10-01 04:00:00+00:00,2022-10-05 02:00:00+00:00,2022-10-04 22:00:00-04:00,95,52.0,63.93562470897762,boost_5y_absolute,True
2022-10-01 04:00:00+00:00,2022-10-05 03:00:00+00:00,2022-10-04 23:00:00-04:00,96,51.0,63.43397298519997,boost_5y_absolute,True
2022-10-01 04:00:00+00:00,2022-10-05 04:00:00+00:00,2022-10-05 00:00:00-04:00,97,49.0,62.43257474037312,boost_5y_absolute,True
2022-10-01 04:00:00+00:00,2022-10-05 05:00:00+00:00,2022-10-05 01:00:00-04:00,98,47.0,61.433887442293795,boost_5y_absolute,True
2022-10-01 04:00:00+00:00,2022-10-05 06:00:00+00:00,2022-10-05 02:00:00-04:00,99,47.0,61.03953050051113,boost_5y_absolute,True
2022-10-01 04:00:00+00:00,2022-10-05 07:00:00+00:00,2022-10-05 03:00:00-04:00,100,48.0,60.35997021674704,boost_5y_absolute,True
2022-10-01 04:00:00+00:00,2022-10-05 08:00:00+00:00,2022-10-05 04:00:00-04:00,101,47.0,60.09832718099597,boost_5y_absolute,True
2022-10-01 04:00:00+00:00,2022-10-05 09:00:00+00:00,2022-10-05 05:00:00-04:00,102,47.0,59.4461624111804,boost_5y_absolute,True
2022-10-01 04:00:00+00:00,2022-10-05 10:00:00+00:00,2022-10-05 06:00:00-04:00,103,46.0,59.40611088732815,boost_5y_absolute,True
2022-10-01 04:00:00+00:00,2022-10-05 11:00:00+00:00,2022-10-05 07:00:00-04:00,104,49.0,59.87749827970833,boost_5y_absolute,True
2022-10-01 04:00:00+00:00,2022-10-05 12:00:00+00:00,2022-10-05 08:00:00-04:00,105,54.0,63.155833171858234,boost_5y_absolute,True
2022-10-01 04:00:00+00:00,2022-10-05 13:00:00+00:00,2022-10-05 09:00:00-04:00,106,59.0,66.47171821452918,boost_5y_absolute,True
2022-10-01 04:00:00+00:00,2022-10-05 14:00:00+00:00,2022-10-05 10:00:00-04:00,107,64.0,69.90774118038848,boost_5y_absolute,True
2022-10-01 04:00:00+00:00,2022-10-05 15:00:00+00:00,2022-10-05 11:00:00-04:00,108,68.0,72.26661743356891,boost_5y_absolute,True
2022-10-01 04:00:00+00:00,2022-10-05 16:00:00+00:00,2022-10-05 12:00:00-04:00,109,70.0,73.97256527709699,boost_5y_absolute,True
2022-10-01 04:00:00+00:00,2022-10-05 17:00:00+00:00,2022-10-05 13:00:00-04:00,110,71.0,75.44351219806238,boost_5y_absolute,True
2022-10-01 04:00:00+00:00,2022-10-05 18:00:00+00:00,2022-10-05 14:00:00-04:00,111,74.0,75.86907096424733,boost_5y_absolute,True
2022-10-01 04:00:00+00:00,2022-10-05 19:00:00+00:00,2022-10-05 15:00:00-04:00,112,75.0,75.89358892139485,boost_5y_absolute,True
2022-10-01 04:00:00+00:00,2022-10-05 20:00:00+00:00,2022-10-05 16:00:00-04:00,113,75.0,75.35758480011171,boost_5y_absolute,True
2022-10-01 04:00:00+00:00,2022-10-05 21:00:00+00:00,2022-10-05 17:00:00-04:00,114,74.0,73.54575569668286,boost_5y_absolute,True
2022-10-01 04:00:00+00:00,2022-10-05 22:00:00+00:00,2022-10-05 18:00:00-04:00,115,68.0,69.86047804613494,boost_5y_absolute,True
2022-10-01 04:00:00+00:00,2022-10-05 23:00:00+00:00,2022-10-05 19:00:00-04:00,116,63.0,67.28969862319745,boost_5y_absolute,True
2022-10-01 04:00:00+00:00,2022-10-06 00:00:00+00:00,2022-10-05 20:00:00-04:00,117,62.0,65.93097435795528,boost_5y_absolute,True
2022-10-01 04:00:00+00:00,2022-10-06 01:00:00+00:00,2022-10-05 21:00:00-04:00,118,57.0,64.931042640958,boost_5y_absolute,True
2022-10-01 04:00:00+00:00,2022-10-06 02:00:00+00:00,2022-10-05 22:00:00-04:00,119,60.0,64.48583230201584,boost_5y_absolute,True
2022-10-01 04:00:00+00:00,2022-10-06 03:00:00+00:00,2022-10-05 23:00:00-04:00,120,57.0,63.93421043911224,boost_5y_absolute,True
2022-10-01 04:00:00+00:00,2022-10-06 04:00:00+00:00,2022-10-06 00:00:00-04:00,121,55.0,63.21600975158832,boost_5y_absolute,True
2022-10-01 04:00:00+00:00,2022-10-06 05:00:00+00:00,2022-10-06 01:00:00-04:00,122,55.0,62.27600396958862,boost_5y_absolute,True
2022-10-01 04:00:00+00:00,2022-10-06 06:00:00+00:00,2022-10-06 02:00:00-04:00,123,54.0,61.80882067367726,boost_5y_absolute,True
2022-10-01 04:00:00+00:00,2022-10-06 07:00:00+00:00,2022-10-06 03:00:00-04:00,124,53.0,61.146445641425366,boost_5y_absolute,True
2022-10-01 04:00:00+00:00,2022-10-06 08:00:00+00:00,2022-10-06 04:00:00-04:00,125,53.0,60.882415635180564,boost_5y_absolute,True
2022-10-01 04:00:00+00:00,2022-10-06 09:00:00+00:00,2022-10-06 05:00:00-04:00,126,52.0,60.3499977415422,boost_5y_absolute,True
2022-10-01 04:00:00+00:00,2022-10-06 10:00:00+00:00,2022-10-06 06:00:00-04:00,127,52.0,60.19766546018371,boost_5y_absolute,True
2022-10-01 04:00:00+00:00,2022-10-06 11:00:00+00:00,2022-10-06 07:00:00-04:00,128,53.0,60.683932078004695,boost_5y_absolute,True
2022-10-01 04:00:00+00:00,2022-10-06 12:00:00+00:00,2022-10-06 08:00:00-04:00,129,60.0,63.828408897843545,boost_5y_absolute,True
2022-10-01 04:00:00+00:00,2022-10-06 13:00:00+00:00,2022-10-06 09:00:00-04:00,130,66.0,67.15038526929649,boost_5y_absolute,True
2022-10-01 04:00:00+00:00,2022-10-06 14:00:00+00:00,2022-10-06 10:00:00-04:00,131,73.0,70.42933119111571,boost_5y_absolute,True
2022-10-01 04:00:00+00:00,2022-10-06 15:00:00+00:00,2022-10-06 11:00:00-04:00,132,77.0,72.69502391934468,boost_5y_absolute,True
2022-10-01 04:00:00+00:00,2022-10-06 16:00:00+00:00,2022-10-06 12:00:00-04:00,133,80.0,74.35712469439059,boost_5y_absolute,True
2022-10-01 04:00:00+00:00,2022-10-06 17:00:00+00:00,2022-10-06 13:00:00-04:00,134,79.0,75.91975110939806,boost_5y_absolute,True
2022-10-01 04:00:00+00:00,2022-10-06 18:00:00+00:00,2022-10-06 14:00:00-04:00,135,82.0,76.380709048835,boost_5y_absolute,True
2022-10-01 04:00:00+00:00,2022-10-06 19:00:00+00:00,2022-10-06 15:00:00-04:00,136,80.0,76.41545754766499,boost_5y_absolute,True
2022-10-01 04:00:00+00:00,2022-10-06 20:00:00+00:00,2022-10-06 16:00:00-04:00,137,81.0,75.93628696780821,boost_5y_absolute,True
2022-10-01 04:00:00+00:00,2022-10-06 21:00:00+00:00,2022-10-06 17:00:00-04:00,138,79.0,74.08719061941981,boost_5y_absolute,True
2022-10-01 04:00:00+00:00,2022-10-06 22:00:00+00:00,2022-10-06 18:00:00-04:00,139,73.0,70.43134675882371,boost_5y_absolute,True
2022-10-01 04:00:00+00:00,2022-10-06 23:00:00+00:00,2022-10-06 19:00:00-04:00,140,68.0,67.76185653783617,boost_5y_absolute,True
2022-10-01 04:00:00+00:00,2022-10-07 00:00:00+00:00,2022-10-06 20:00:00-04:00,141,66.0,66.45170609704921,boost_5y_absolute,True
2022-10-01 04:00:00+00:00,2022-10-07 01:00:00+00:00,2022-10-06 21:00:00-04:00,142,63.0,65.45357309997931,boost_5y_absolute,True
2022-10-01 04:00:00+00:00,2022-10-07 02:00:00+00:00,2022-10-06 22:00:00-04:00,143,62.0,65.02285678811259,boost_5y_absolute,True
2022-10-01 04:00:00+00:00,2022-10-07 03:00:00+00:00,2022-10-06 23:00:00-04:00,144,60.0,64.4609187939744,boost_5y_absolute,True
2022-10-01 04:00:00+00:00,2022-10-07 04:00:00+00:00,2022-10-07 00:00:00-04:00,145,59.0,64.1059843119283,boost_5y_absolute,True
2022-10-01 04:00:00+00:00,2022-10-07 05:00:00+00:00,2022-10-07 01:00:00-04:00,146,58.0,63.239612844288345,boost_5y_absolute,True
2022-10-01 04:00:00+00:00,2022-10-07 06:00:00+00:00,2022-10-07 02:00:00-04:00,147,58.0,62.76065318758316,boost_5y_absolute,True
2022-10-01 04:00:00+00:00,2022-10-07 07:00:00+00:00,2022-10-07 03:00:00-04:00,148,57.0,62.05079658078537,boost_5y_absolute,True
2022-10-01 04:00:00+00:00,2022-10-07 08:00:00+00:00,2022-10-07 04:00:00-04:00,149,56.0,61.79167154966304,boost_5y_absolute,True
2022-10-01 04:00:00+00:00,2022-10-07 09:00:00+00:00,2022-10-07 05:00:00-04:00,150,56.0,61.447716376005516,boost_5y_absolute,True
2022-10-01 04:00:00+00:00,2022-10-07 10:00:00+00:00,2022-10-07 06:00:00-04:00,151,55.0,61.1292301568865,boost_5y_absolute,True
2022-10-01 04:00:00+00:00,2022-10-07 11:00:00+00:00,2022-10-07 07:00:00-04:00,152,56.0,61.475206959354246,boost_5y_absolute,True
2022-10-01 04:00:00+00:00,2022-10-07 12:00:00+00:00,2022-10-07 08:00:00-04:00,153,62.0,64.50598745489287,boost_5y_absolute,True
2022-10-01 04:00:00+00:00,2022-10-07 13:00:00+00:00,2022-10-07 09:00:00-04:00,154,67.0,67.66960829146583,boost_5y_absolute,True
2022-10-01 04:00:00+00:00,2022-10-07 14:00:00+00:00,2022-10-07 10:00:00-04:00,155,74.0,70.91398669283966,boost_5y_absolute,True
2022-10-01 04:00:00+00:00,2022-10-07 15:00:00+00:00,2022-10-07 11:00:00-04:00,156,79.0,73.16200231535358,boost_5y_absolute,True
2022-10-01 04:00:00+00:00,2022-10-07 16:00:00+00:00,2022-10-07 12:00:00-04:00,157,80.0,74.83339384449941,boost_5y_absolute,True
2022-10-01 04:00:00+00:00,2022-10-07 17:00:00+00:00,2022-10-07 13:00:00-04:00,158,83.0,76.39284505533564,boost_5y_absolute,True
2022-10-01 04:00:00+00:00,2022-10-07 18:00:00+00:00,2022-10-07 14:00:00-04:00,159,84.0,76.92142313313371,boost_5y_absolute,True
2022-10-01 04:00:00+00:00,2022-10-07 19:00:00+00:00,2022-10-07 15:00:00-04:00,160,82.0,77.04659550529581,boost_5y_absolute,True
2022-10-01 04:00:00+00:00,2022-10-07 20:00:00+00:00,2022-10-07 16:00:00-04:00,161,83.0,76.6311547927209,boost_5y_absolute,True
2022-10-01 04:00:00+00:00,2022-10-07 21:00:00+00:00,2022-10-07 17:00:00-04:00,162,79.0,74.82455031560981,boost_5y_absolute,True
2022-10-01 04:00:00+00:00,2022-10-07 22:00:00+00:00,2022-10-07 18:00:00-04:00,163,73.0,70.9687786693153,boost_5y_absolute,True
2022-10-01 04:00:00+00:00,2022-10-07 23:00:00+00:00,2022-10-07 19:00:00-04:00,164,68.0,68.31210570054209,boost_5y_absolute,True
2022-10-01 04:00:00+00:00,2022-10-08 00:00:00+00:00,2022-10-07 20:00:00-04:00,165,66.0,66.85983146143191,boost_5y_absolute,True
2022-10-01 04:00:00+00:00,2022-10-08 01:00:00+00:00,2022-10-07 21:00:00-04:00,166,64.0,65.7765232812308,boost_5y_absolute,True
2022-10-01 04:00:00+00:00,2022-10-08 02:00:00+00:00,2022-10-07 22:00:00-04:00,167,63.0,65.26641015859622,boost_5y_absolute,True
2022-10-01 04:00:00+00:00,2022-10-08 03:00:00+00:00,2022-10-07 23:00:00-04:00,168,62.0,64.65501017214133,boost_5y_absolute,True
2022-10-01 04:00:00+00:00,2022-10-08 04:00:00+00:00,2022-10-08 00:00:00-04:00,169,61.0,64.13528638159826,boost_5y_absolute,True
2022-10-01 04:00:00+00:00,2022-10-08 05:00:00+00:00,2022-10-08 01:00:00-04:00,170,60.0,63.27029221548544,boost_5y_absolute,True
2022-10-01 04:00:00+00:00,2022-10-08 06:00:00+00:00,2022-10-08 02:00:00-04:00,171,63.0,62.81154981981904,boost_5y_absolute,True
2022-10-01 04:00:00+00:00,2022-10-08 07:00:00+00:00,2022-10-08 03:00:00-04:00,172,63.0,62.21562033203451,boost_5y_absolute,True
2022-10-01 04:00:00+00:00,2022-10-08 08:00:00+00:00,2022-10-08 04:00:00-04:00,173,61.0,62.01646910164728,boost_5y_absolute,True
2022-10-01 04:00:00+00:00,2022-10-08 09:00:00+00:00,2022-10-08 05:00:00-04:00,174,60.0,61.53877609811854,boost_5y_absolute,True
2022-10-01 04:00:00+00:00,2022-10-08 10:00:00+00:00,2022-10-08 06:00:00-04:00,175,59.0,61.30882525193486,boost_5y_absolute,True
2022-10-01 04:00:00+00:00,2022-10-08 11:00:00+00:00,2022-10-08 07:00:00-04:00,176,58.0,61.65777098650805,boost_5y_absolute,True
2022-10-01 04:00:00+00:00,2022-10-08 12:00:00+00:00,2022-10-08 08:00:00-04:00,177,59.0,64.77566378941452,boost_5y_absolute,True
2022-10-01 04:00:00+00:00,2022-10-08 13:00:00+00:00,2022-10-08 09:00:00-04:00,178,61.0,68.05839527215099,boost_5y_absolute,True
2022-10-01 04:00:00+00:00,2022-10-08 14:00:00+00:00,2022-10-08 10:00:00-04:00,179,63.0,71.36666718845994,boost_5y_absolute,True
2022-10-01 04:00:00+00:00,2022-10-08 15:00:00+00:00,2022-10-08 11:00:00-04:00,180,65.0,73.75571329777647,boost_5y_absolute,True
2022-10-01 04:00:00+00:00,2022-10-08 16:00:00+00:00,2022-10-08 12:00:00-04:00,181,65.0,75.4605922790764,boost_5y_absolute,True
2022-10-01 04:00:00+00:00,2022-10-08 17:00:00+00:00,2022-10-08 13:00:00-04:00,182,65.0,77.01800540695024,boost_5y_absolute,True
2022-10-01 04:00:00+00:00,2022-10-08 18:00:00+00:00,2022-10-08 14:00:00-04:00,183,65.0,77.5180541509185,boost_5y_absolute,True
2022-10-01 04:00:00+00:00,2022-10-08 19:00:00+00:00,2022-10-08 15:00:00-04:00,184,65.0,77.62393274706852,boost_5y_absolute,True
2022-10-01 04:00:00+00:00,2022-10-08 20:00:00+00:00,2022-10-08 16:00:00-04:00,185,64.0,77.20712011543715,boost_5y_absolute,True
2022-10-01 04:00:00+00:00,2022-10-08 21:00:00+00:00,2022-10-08 17:00:00-04:00,186,62.0,75.46308923773394,boost_5y_absolute,True
2022-10-01 04:00:00+00:00,2022-10-08 22:00:00+00:00,2022-10-08 18:00:00-04:00,187,58.0,71.48900671264028,boost_5y_absolute,True
2022-10-01 04:00:00+00:00,2022-10-08 23:00:00+00:00,2022-10-08 19:00:00-04:00,188,56.0,68.93145715564543,boost_5y_absolute,True
2022-10-01 04:00:00+00:00,2022-10-09 00:00:00+00:00,2022-10-08 20:00:00-04:00,189,55.0,67.53171601094049,boost_5y_absolute,True
2022-10-01 04:00:00+00:00,2022-10-09 01:00:00+00:00,2022-10-08 21:00:00-04:00,190,52.0,66.32381530387525,boost_5y_absolute,True
2022-10-01 04:00:00+00:00,2022-10-09 02:00:00+00:00,2022-10-08 22:00:00-04:00,191,50.0,65.80633735137545,boost_5y_absolute,True
2022-10-01 04:00:00+00:00,2022-10-09 03:00:00+00:00,2022-10-08 23:00:00-04:00,192,49.0,65.13544533081493,boost_5y_absolute,True
2022-10-01 04:00:00+00:00,2022-10-09 04:00:00+00:00,2022-10-09 00:00:00-04:00,193,47.0,64.31984069892881,boost_5y_absolute,True
2022-10-01 04:00:00+00:00,2022-10-09 05:00:00+00:00,2022-10-09 01:00:00-04:00,194,48.0,63.71498647804662,boost_5y_absolute,True
2022-10-01 04:00:00+00:00,2022-10-09 06:00:00+00:00,2022-10-09 02:00:00-04:00,195,48.0,63.26075990676986,boost_5y_absolute,True
2022-10-01 04:00:00+00:00,2022-10-09 07:00:00+00:00,2022-10-09 03:00:00-04:00,196,47.0,62.67582985734361,boost_5y_absolute,True
2022-10-01 04:00:00+00:00,2022-10-09 08:00:00+00:00,2022-10-09 04:00:00-04:00,197,45.0,62.38402896442102,boost_5y_absolute,True
2022-10-01 04:00:00+00:00,2022-10-09 09:00:00+00:00,2022-10-09 05:00:00-04:00,198,43.0,61.96030327265073,boost_5y_absolute,True
2022-10-01 04:00:00+00:00,2022-10-09 10:00:00+00:00,2022-10-09 06:00:00-04:00,199,42.0,61.64195423563719,boost_5y_absolute,True
2022-10-01 04:00:00+00:00,2022-10-09 11:00:00+00:00,2022-10-09 07:00:00-04:00,200,44.0,62.02731368482335,boost_5y_absolute,True
2022-10-01 04:00:00+00:00,2022-10-09 12:00:00+00:00,2022-10-09 08:00:00-04:00,201,49.0,65.01881389885527,boost_5y_absolute,True
2022-10-01 04:00:00+00:00,2022-10-09 13:00:00+00:00,2022-10-09 09:00:00-04:00,202,54.0,67.99986733469693,boost_5y_absolute,True
2022-10-01 04:00:00+00:00,2022-10-09 14:00:00+00:00,2022-10-09 10:00:00-04:00,203,57.0,71.20753276136514,boost_5y_absolute,True
2022-10-01 04:00:00+00:00,2022-10-09 15:00:00+00:00,2022-10-09 11:00:00-04:00,204,62.0,73.49029734905669,boost_5y_absolute,True
2022-10-01 04:00:00+00:00,2022-10-09 16:00:00+00:00,2022-10-09 12:00:00-04:00,205,66.0,75.17779735037576,boost_5y_absolute,True
2022-10-01 04:00:00+00:00,2022-10-09 17:00:00+00:00,2022-10-09 13:00:00-04:00,206,66.0,76.65489878623133,boost_5y_absolute,True
2022-10-01 04:00:00+00:00,2022-10-09 18:00:00+00:00,2022-10-09 14:00:00-04:00,207,71.0,77.15922187986406,boost_5y_absolute,True
2022-10-01 04:00:00+00:00,2022-10-09 19:00:00+00:00,2022-10-09 15:00:00-04:00,208,71.0,77.01440499681839,boost_5y_absolute,True
2022-10-01 04:00:00+00:00,2022-10-09 20:00:00+00:00,2022-10-09 16:00:00-04:00,209,71.0,76.68690717869903,boost_5y_absolute,True
2022-10-01 04:00:00+00:00,2022-10-09 21:00:00+00:00,2022-10-09 17:00:00-04:00,210,69.0,75.00326911793067,boost_5y_absolute,True
2022-10-01 04:00:00+00:00,2022-10-09 22:00:00+00:00,2022-10-09 18:00:00-04:00,211,64.0,71.1293191015784,boost_5y_absolute,True
2022-10-01 04:00:00+00:00,2022-10-09 23:00:00+00:00,2022-10-09 19:00:00-04:00,212,59.0,68.68415525394184,boost_5y_absolute,True
2022-10-01 04:00:00+00:00,2022-10-10 00:00:00+00:00,2022-10-09 20:00:00-04:00,213,59.0,67.37217233748586,boost_5y_absolute,True
2022-10-01 04:00:00+00:00,2022-10-10 01:00:00+00:00,2022-10-09 21:00:00-04:00,214,55.0,66.13166010667832,boost_5y_absolute,True
2022-10-01 04:00:00+00:00,2022-10-10 02:00:00+00:00,2022-10-09 22:00:00-04:00,215,55.0,65.57730027797248,boost_5y_absolute,True
2022-10-01 04:00:00+00:00,2022-10-10 03:00:00+00:00,2022-10-09 23:00:00-04:00,216,52.0,64.94093174360057,boost_5y_absolute,True
2022-10-01 04:00:00+00:00,2022-10-10 04:00:00+00:00,2022-10-10 00:00:00-04:00,217,52.0,64.11388329212122,boost_5y_absolute,True
2022-10-01 04:00:00+00:00,2022-10-10 05:00:00+00:00,2022-10-10 01:00:00-04:00,218,55.0,63.51068989122661,boost_5y_absolute,True
2022-10-01 04:00:00+00:00,2022-10-10 06:00:00+00:00,2022-10-10 02:00:00-04:00,219,56.0,63.027460873784115,boost_5y_absolute,True
2022-10-01 04:00:00+00:00,2022-10-10 07:00:00+00:00,2022-10-10 03:00:00-04:00,220,55.0,62.49040860460133,boost_5y_absolute,True
2022-10-01 04:00:00+00:00,2022-10-10 08:00:00+00:00,2022-10-10 04:00:00-04:00,221,54.0,62.167076229984815,boost_5y_absolute,True
2022-10-01 04:00:00+00:00,2022-10-10 09:00:00+00:00,2022-10-10 05:00:00-04:00,222,54.0,61.71315381426741,boost_5y_absolute,True
2022-10-01 04:00:00+00:00,2022-10-10 10:00:00+00:00,2022-10-10 06:00:00-04:00,223,53.0,61.383431254779666,boost_5y_absolute,True
2022-10-01 04:00:00+00:00,2022-10-10 11:00:00+00:00,2022-10-10 07:00:00-04:00,224,55.0,61.652936997295356,boost_5y_absolute,True
2022-10-01 04:00:00+00:00,2022-10-10 12:00:00+00:00,2022-10-10 08:00:00-04:00,225,56.0,64.38667891610986,boost_5y_absolute,True
2022-10-01 04:00:00+00:00,2022-10-10 13:00:00+00:00,2022-10-10 09:00:00-04:00,226,57.0,67.13968220244566,boost_5y_absolute,True
2022-10-01 04:00:00+00:00,2022-10-10 14:00:00+00:00,2022-10-10 10:00:00-04:00,227,62.0,70.16836131451065,boost_5y_absolute,True
2022-10-01 04:00:00+00:00,2022-10-10 15:00:00+00:00,2022-10-10 11:00:00-04:00,228,67.0,72.29940275335014,boost_5y_absolute,True
2022-10-01 04:00:00+00:00,2022-10-10 16:00:00+00:00,2022-10-10 12:00:00-04:00,229,69.0,73.89391581187532,boost_5y_absolute,True
2022-10-01 04:00:00+00:00,2022-10-10 17:00:00+00:00,2022-10-10 13:00:00-04:00,230,71.0,75.38414508515473,boost_5y_absolute,True
2022-10-01 04:00:00+00:00,2022-10-10 18:00:00+00:00,2022-10-10 14:00:00-04:00,231,72.0,75.89967776543926,boost_5y_absolute,True
2022-10-01 04:00:00+00:00,2022-10-10 19:00:00+00:00,2022-10-10 15:00:00-04:00,232,72.0,75.79531435719228,boost_5y_absolute,True
2022-10-01 04:00:00+00:00,2022-10-10 20:00:00+00:00,2022-10-10 16:00:00-04:00,233,71.0,75.41379336332477,boost_5y_absolute,True
2022-10-01 04:00:00+00:00,2022-10-10 21:00:00+00:00,2022-10-10 17:00:00-04:00,234,70.0,73.82095344555438,boost_5y_absolute,True
2022-10-01 04:00:00+00:00,2022-10-10 22:00:00+00:00,2022-10-10 18:00:00-04:00,235,64.0,69.9681851207941,boost_5y_absolute,True
2022-10-01 04:00:00+00:00,2022-10-10 23:00:00+00:00,2022-10-10 19:00:00-04:00,236,59.0,67.56724813517607,boost_5y_absolute,True
2022-10-01 04:00:00+00:00,2022-10-11 00:00:00+00:00,2022-10-10 20:00:00-04:00,237,59.0,66.29647261760246,boost_5y_absolute,True
2022-10-01 04:00:00+00:00,2022-10-11 01:00:00+00:00,2022-10-10 21:00:00-04:00,238,56.0,65.11977685580992,boost_5y_absolute,True
2022-10-01 04:00:00+00:00,2022-10-11 02:00:00+00:00,2022-10-10 22:00:00-04:00,239,53.0,64.57040403837927,boost_5y_absolute,True
2022-10-01 04:00:00+00:00,2022-10-11 03:00:00+00:00,2022-10-10 23:00:00-04:00,240,51.0,63.90613344316599,boost_5y_absolute,True
2022-10-01 04:00:00+00:00,2022-10-11 04:00:00+00:00,2022-10-11 00:00:00-04:00,241,50.0,63.21961263849868,boost_5y_absolute,True
2022-10-01 04:00:00+00:00,2022-10-11 05:00:00+00:00,2022-10-11 01:00:00-04:00,242,49.0,62.658782636125174,boost_5y_absolute,True
2022-10-01 04:00:00+00:00,2022-10-11 06:00:00+00:00,2022-10-11 02:00:00-04:00,243,48.0,62.10518579496266,boost_5y_absolute,True
2022-10-01 04:00:00+00:00,2022-10-11 07:00:00+00:00,2022-10-11 03:00:00-04:00,244,45.0,61.541655085182484,boost_5y_absolute,True
2022-10-01 04:00:00+00:00,2022-10-11 08:00:00+00:00,2022-10-11 04:00:00-04:00,245,46.0,61.173314876852544,boost_5y_absolute,True
2022-10-01 04:00:00+00:00,2022-10-11 09:00:00+00:00,2022-10-11 05:00:00-04:00,246,43.0,60.73400966200261,boost_5y_absolute,True
2022-10-01 04:00:00+00:00,2022-10-11 10:00:00+00:00,2022-10-11 06:00:00-04:00,247,44.0,60.359379664376334,boost_5y_absolute,True
2022-10-01 04:00:00+00:00,2022-10-11 11:00:00+00:00,2022-10-11 07:00:00-04:00,248,46.0,60.62337674686076,boost_5y_absolute,True
2022-10-01 04:00:00+00:00,2022-10-11 12:00:00+00:00,2022-10-11 08:00:00-04:00,249,53.0,63.39969520607826,boost_5y_absolute,True
2022-10-01 04:00:00+00:00,2022-10-11 13:00:00+00:00,2022-10-11 09:00:00-04:00,250,60.0,66.15878464177173,boost_5y_absolute,True
2022-10-01 04:00:00+00:00,2022-10-11 14:00:00+00:00,2022-10-11 10:00:00-04:00,251,66.0,69.19432182716062,boost_5y_absolute,True
2022-10-01 04:00:00+00:00,2022-10-11 15:00:00+00:00,2022-10-11 11:00:00-04:00,252,67.0,71.26730005399146,boost_5y_absolute,True
2022-10-01 04:00:00+00:00,2022-10-11 16:00:00+00:00,2022-10-11 12:00:00-04:00,253,70.0,72.91160072759986,boost_5y_absolute,True
2022-10-01 04:00:00+00:00,2022-10-11 17:00:00+00:00,2022-10-11 13:00:00-04:00,254,72.0,74.32779937753651,boost_5y_absolute,True
2022-10-01 04:00:00+00:00,2022-10-11 18:00:00+00:00,2022-10-11 14:00:00-04:00,255,72.0,74.77085068351647,boost_5y_absolute,True
2022-10-01 04:00:00+00:00,2022-10-11 19:00:00+00:00,2022-10-11 15:00:00-04:00,256,72.0,74.78476997507914,boost_5y_absolute,True
2022-10-01 04:00:00+00:00,2022-10-11 20:00:00+00:00,2022-10-11 16:00:00-04:00,257,72.0,74.37442280040834,boost_5y_absolute,True
2022-10-01 04:00:00+00:00,2022-10-11 21:00:00+00:00,2022-10-11 17:00:00-04:00,258,68.0,72.77772305593837,boost_5y_absolute,True
2022-10-01 04:00:00+00:00,2022-10-11 22:00:00+00:00,2022-10-11 18:00:00-04:00,259,64.0,68.90099725708829,boost_5y_absolute,True
2022-10-01 04:00:00+00:00,2022-10-11 23:00:00+00:00,2022-10-11 19:00:00-04:00,260,60.0,66.4989487952637,boost_5y_absolute,True
2022-10-01 04:00:00+00:00,2022-10-12 00:00:00+00:00,2022-10-11 20:00:00-04:00,261,56.0,65.27614125239946,boost_5y_absolute,True
2022-10-01 04:00:00+00:00,2022-10-12 01:00:00+00:00,2022-10-11 21:00:00-04:00,262,52.0,64.12588794460807,boost_5y_absolute,True
2022-10-01 04:00:00+00:00,2022-10-12 02:00:00+00:00,2022-10-11 22:00:00-04:00,263,52.0,63.48391716443536,boost_5y_absolute,True
2022-10-01 04:00:00+00:00,2022-10-12 03:00:00+00:00,2022-10-11 23:00:00-04:00,264,52.0,62.72084198702625,boost_5y_absolute,True
2022-10-01 04:00:00+00:00,2022-10-12 04:00:00+00:00,2022-10-12 00:00:00-04:00,265,53.0,61.91538975180341,boost_5y_absolute,True
2022-10-01 04:00:00+00:00,2022-10-12 05:00:00+00:00,2022-10-12 01:00:00-04:00,266,53.0,61.48877685919094,boost_5y_absolute,True
2022-10-01 04:00:00+00:00,2022-10-12 06:00:00+00:00,2022-10-12 02:00:00-04:00,267,53.0,60.79192381946857,boost_5y_absolute,True
2022-10-01 04:00:00+00:00,2022-10-12 07:00:00+00:00,2022-10-12 03:00:00-04:00,268,53.0,60.204265115956645,boost_5y_absolute,True
2022-10-01 04:00:00+00:00,2022-10-12 08:00:00+00:00,2022-10-12 04:00:00-04:00,269,51.0,59.83167871551933,boost_5y_absolute,True
2022-10-01 04:00:00+00:00,2022-10-12 09:00:00+00:00,2022-10-12 05:00:00-04:00,270,50.0,59.38836534530982,boost_5y_absolute,True
2022-10-01 04:00:00+00:00,2022-10-12 10:00:00+00:00,2022-10-12 06:00:00-04:00,271,51.0,59.00273842628183,boost_5y_absolute,True
2022-10-01 04:00:00+00:00,2022-10-12 11:00:00+00:00,2022-10-12 07:00:00-04:00,272,52.0,59.23847644518201,boost_5y_absolute,True
2022-10-01 04:00:00+00:00,2022-10-12 12:00:00+00:00,2022-10-12 08:00:00-04:00,273,58.0,62.209205854333135,boost_5y_absolute,True
2022-10-01 04:00:00+00:00,2022-10-12 13:00:00+00:00,2022-10-12 09:00:00-04:00,274,62.0,65.30352689118982,boost_5y_absolute,True
2022-10-01 04:00:00+00:00,2022-10-12 14:00:00+00:00,2022-10-12 10:00:00-04:00,275,67.0,68.25931807088266,boost_5y_absolute,True
2022-10-01 04:00:00+00:00,2022-10-12 15:00:00+00:00,2022-10-12 11:00:00-04:00,276,69.0,70.35706453891619,boost_5y_absolute,True
2022-10-01 04:00:00+00:00,2022-10-12 16:00:00+00:00,2022-10-12 12:00:00-04:00,277,72.0,72.03721839061058,boost_5y_absolute,True
2022-10-01 04:00:00+00:00,2022-10-12 17:00:00+00:00,2022-10-12 13:00:00-04:00,278,74.0,73.50188645584322,boost_5y_absolute,True
2022-10-01 04:00:00+00:00,2022-10-12 18:00:00+00:00,2022-10-12 14:00:00-04:00,279,76.0,73.99330187548784,boost_5y_absolute,True
2022-10-01 04:00:00+00:00,2022-10-12 19:00:00+00:00,2022-10-12 15:00:00-04:00,280,76.0,74.04709540549077,boost_5y_absolute,True
2022-10-01 04:00:00+00:00,2022-10-12 20:00:00+00:00,2022-10-12 16:00:00-04:00,281,75.0,73.78658420447405,boost_5y_absolute,True
2022-10-01 04:00:00+00:00,2022-10-12 21:00:00+00:00,2022-10-12 17:00:00-04:00,282,73.0,72.0591984698879,boost_5y_absolute,True
2022-10-01 04:00:00+00:00,2022-10-12 22:00:00+00:00,2022-10-12 18:00:00-04:00,283,71.0,68.11419947596507,boost_5y_absolute,True
2022-10-01 04:00:00+00:00,2022-10-12 23:00:00+00:00,2022-10-12 19:00:00-04:00,284,69.0,65.75685249376141,boost_5y_absolute,True
2022-10-01 04:00:00+00:00,2022-10-13 00:00:00+00:00,2022-10-12 20:00:00-04:00,285,69.0,64.63691808387338,boost_5y_absolute,True
2022-10-01 04:00:00+00:00,2022-10-13 01:00:00+00:00,2022-10-12 21:00:00-04:00,286,69.0,63.43810105676681,boost_5y_absolute,True
2022-10-01 04:00:00+00:00,2022-10-13 02:00:00+00:00,2022-10-12 22:00:00-04:00,287,68.0,62.75775943844898,boost_5y_absolute,True
2022-10-01 04:00:00+00:00,2022-10-13 03:00:00+00:00,2022-10-12 23:00:00-04:00,288,67.0,61.93813496773403,boost_5y_absolute,True
2022-10-01 04:00:00+00:00,2022-10-13 04:00:00+00:00,2022-10-13 00:00:00-04:00,289,66.0,61.211806272516625,boost_5y_absolute,True
2022-10-01 04:00:00+00:00,2022-10-13 05:00:00+00:00,2022-10-13 01:00:00-04:00,290,66.0,60.824326637563686,boost_5y_absolute,True
2022-10-01 04:00:00+00:00,2022-10-13 06:00:00+00:00,2022-10-13 02:00:00-04:00,291,66.0,60.18887499500326,boost_5y_absolute,True
2022-10-01 04:00:00+00:00,2022-10-13 07:00:00+00:00,2022-10-13 03:00:00-04:00,292,67.0,59.62312646014461,boost_5y_absolute,True
2022-10-01 04:00:00+00:00,2022-10-13 08:00:00+00:00,2022-10-13 04:00:00-04:00,293,66.0,59.29645724998469,boost_5y_absolute,True
2022-10-01 04:00:00+00:00,2022-10-13 09:00:00+00:00,2022-10-13 05:00:00-04:00,294,65.0,58.94893649677664,boost_5y_absolute,True
2022-10-01 04:00:00+00:00,2022-10-13 10:00:00+00:00,2022-10-13 06:00:00-04:00,295,66.0,58.561870712388085,boost_5y_absolute,True
2022-10-01 04:00:00+00:00,2022-10-13 11:00:00+00:00,2022-10-13 07:00:00-04:00,296,66.0,58.81409637007818,boost_5y_absolute,True
2022-10-01 04:00:00+00:00,2022-10-13 12:00:00+00:00,2022-10-13 08:00:00-04:00,297,67.0,61.73905330119449,boost_5y_absolute,True
2022-10-01 04:00:00+00:00,2022-10-13 13:00:00+00:00,2022-10-13 09:00:00-04:00,298,69.0,64.83380662947131,boost_5y_absolute,True
2022-10-01 04:00:00+00:00,2022-10-13 14:00:00+00:00,2022-10-13 10:00:00-04:00,299,70.0,67.76715088295612,boost_5y_absolute,True
2022-10-01 04:00:00+00:00,2022-10-13 15:00:00+00:00,2022-10-13 11:00:00-04:00,300,71.0,69.87784528923193,boost_5y_absolute,True
2022-10-01 04:00:00+00:00,2022-10-13 16:00:00+00:00,2022-10-13 12:00:00-04:00,301,74.0,71.6187137834045,boost_5y_absolute,True
2022-10-01 04:00:00+00:00,2022-10-13 17:00:00+00:00,2022-10-13 13:00:00-04:00,302,76.0,73.05566225925574,boost_5y_absolute,True
2022-10-01 04:00:00+00:00,2022-10-13 18:00:00+00:00,2022-10-13 14:00:00-04:00,303,79.0,73.53343688512196,boost_5y_absolute,True
2022-10-01 04:00:00+00:00,2022-10-13 19:00:00+00:00,2022-10-13 15:00:00-04:00,304,76.0,73.73325155173416,boost_5y_absolute,True
2022-10-01 04:00:00+00:00,2022-10-13 20:00:00+00:00,2022-10-13 16:00:00-04:00,305,75.0,73.53404381006754,boost_5y_absolute,True
2022-10-01 04:00:00+00:00,2022-10-13 21:00:00+00:00,2022-10-13 17:00:00-04:00,306,75.0,71.73650951657137,boost_5y_absolute,True
2022-10-01 04:00:00+00:00,2022-10-13 22:00:00+00:00,2022-10-13 18:00:00-04:00,307,70.0,67.71495957790198,boost_5y_absolute,True
2022-10-01 04:00:00+00:00,2022-10-13 23:00:00+00:00,2022-10-13 19:00:00-04:00,308,68.0,65.38099147421411,boost_5y_absolute,True
2022-10-01 04:00:00+00:00,2022-10-14 00:00:00+00:00,2022-10-13 20:00:00-04:00,309,66.0,64.20701442806167,boost_5y_absolute,True
2022-10-01 04:00:00+00:00,2022-10-14 01:00:00+00:00,2022-10-13 21:00:00-04:00,310,65.0,62.97918671878664,boost_5y_absolute,True
2022-10-01 04:00:00+00:00,2022-10-14 02:00:00+00:00,2022-10-13 22:00:00-04:00,311,63.0,62.25722890948992,boost_5y_absolute,True
2022-10-01 04:00:00+00:00,2022-10-14 03:00:00+00:00,2022-10-13 23:00:00-04:00,312,67.0,61.360562200493405,boost_5y_absolute,True
2022-10-01 04:00:00+00:00,2022-10-14 04:00:00+00:00,2022-10-14 00:00:00-04:00,313,65.0,60.53851237503506,boost_5y_absolute,True
2022-10-01 04:00:00+00:00,2022-10-14 05:00:00+00:00,2022-10-14 01:00:00-04:00,314,65.0,60.13818652186197,boost_5y_absolute,True
2022-10-01 04:00:00+00:00,2022-10-14 06:00:00+00:00,2022-10-14 02:00:00-04:00,315,64.0,59.52073193587289,boost_5y_absolute,True
2022-10-01 04:00:00+00:00,2022-10-14 07:00:00+00:00,2022-10-14 03:00:00-04:00,316,62.0,58.92143859896305,boost_5y_absolute,True
2022-10-01 04:00:00+00:00,2022-10-14 08:00:00+00:00,2022-10-14 04:00:00-04:00,317,61.0,58.59929663581587,boost_5y_absolute,True
2022-10-01 04:00:00+00:00,2022-10-14 09:00:00+00:00,2022-10-14 05:00:00-04:00,318,58.0,58.21126221746681,boost_5y_absolute,True
2022-10-01 04:00:00+00:00,2022-10-14 10:00:00+00:00,2022-10-14 06:00:00-04:00,319,57.0,57.81110687901608,boost_5y_absolute,True
2022-10-01 04:00:00+00:00,2022-10-14 11:00:00+00:00,2022-10-14 07:00:00-04:00,320,56.0,58.01152602993455,boost_5y_absolute,True
2022-10-01 04:00:00+00:00,2022-10-14 12:00:00+00:00,2022-10-14 08:00:00-04:00,321,59.0,61.01518993775466,boost_5y_absolute,True
2022-10-01 04:00:00+00:00,2022-10-14 13:00:00+00:00,2022-10-14 09:00:00-04:00,322,63.0,64.23296002914962,boost_5y_absolute,True
2022-10-01 04:00:00+00:00,2022-10-14 14:00:00+00:00,2022-10-14 10:00:00-04:00,323,65.0,67.22409299811731,boost_5y_absolute,True
2022-10-01 04:00:00+00:00,2022-10-14 15:00:00+00:00,2022-10-14 11:00:00-04:00,324,68.0,69.40287969310211,boost_5y_absolute,True
2022-10-01 04:00:00+00:00,2022-10-14 16:00:00+00:00,2022-10-14 12:00:00-04:00,325,70.0,71.20198167022446,boost_5y_absolute,True
2022-10-01 04:00:00+00:00,2022-10-14 17:00:00+00:00,2022-10-14 13:00:00-04:00,326,71.0,72.64115739097888,boost_5y_absolute,True
2022-10-01 04:00:00+00:00,2022-10-14 18:00:00+00:00,2022-10-14 14:00:00-04:00,327,71.0,73.148696958988,boost_5y_absolute,True
2022-10-01 04:00:00+00:00,2022-10-14 19:00:00+00:00,2022-10-14 15:00:00-04:00,328,72.0,73.2816344785162,boost_5y_absolute,True
2022-10-01 04:00:00+00:00,2022-10-14 20:00:00+00:00,2022-10-14 16:00:00-04:00,329,71.0,73.02791079079134,boost_5y_absolute,True
2022-10-01 04:00:00+00:00,2022-10-14 21:00:00+00:00,2022-10-14 17:00:00-04:00,330,70.0,71.18787459961538,boost_5y_absolute,True
2022-10-01 04:00:00+00:00,2022-10-14 22:00:00+00:00,2022-10-14 18:00:00-04:00,331,65.0,67.14264646807109,boost_5y_absolute,True
2022-10-01 04:00:00+00:00,2022-10-14 23:00:00+00:00,2022-10-14 19:00:00-04:00,332,58.0,64.83228685098909,boost_5y_absolute,True
2022-10-01 04:00:00+00:00,2022-10-15 00:00:00+00:00,2022-10-14 20:00:00-04:00,333,57.0,63.618949288492345,boost_5y_absolute,True
2022-10-01 04:00:00+00:00,2022-10-15 01:00:00+00:00,2022-10-14 21:00:00-04:00,334,55.0,62.430924696860394,boost_5y_absolute,True
2022-10-01 04:00:00+00:00,2022-10-15 02:00:00+00:00,2022-10-14 22:00:00-04:00,335,55.0,61.600642760810324,boost_5y_absolute,True
2022-10-01 04:00:00+00:00,2022-10-15 03:00:00+00:00,2022-10-14 23:00:00-04:00,336,52.0,60.84011688023793,boost_5y_absolute,True
2022-10-08 04:00:00+00:00,2022-10-08 04:00:00+00:00,2022-10-08 00:00:00-04:00,1,61.0,62.82921421897497,boost_5y_absolute,True
2022-10-08 04:00:00+00:00,2022-10-08 05:00:00+00:00,2022-10-08 01:00:00-04:00,2,60.0,62.09074163294694,boost_5y_absolute,True
2022-10-08 04:00:00+00:00,2022-10-08 06:00:00+00:00,2022-10-08 02:00:00-04:00,3,63.0,62.77317170121863,boost_5y_absolute,True
2022-10-08 04:00:00+00:00,2022-10-08 07:00:00+00:00,2022-10-08 03:00:00-04:00,4,63.0,62.359073179043556,boost_5y_absolute,True
2022-10-08 04:00:00+00:00,2022-10-08 08:00:00+00:00,2022-10-08 04:00:00-04:00,5,61.0,61.733913838762774,boost_5y_absolute,True
2022-10-08 04:00:00+00:00,2022-10-08 09:00:00+00:00,2022-10-08 05:00:00-04:00,6,60.0,61.52751673436484,boost_5y_absolute,True
2022-10-08 04:00:00+00:00,2022-10-08 10:00:00+00:00,2022-10-08 06:00:00-04:00,7,59.0,61.21072334890673,boost_5y_absolute,True
2022-10-08 04:00:00+00:00,2022-10-08 11:00:00+00:00,2022-10-08 07:00:00-04:00,8,58.0,61.885542653142736,boost_5y_absolute,True
2022-10-08 04:00:00+00:00,2022-10-08 12:00:00+00:00,2022-10-08 08:00:00-04:00,9,59.0,63.80566480679259,boost_5y_absolute,True
2022-10-08 04:00:00+00:00,2022-10-08 13:00:00+00:00,2022-10-08 09:00:00-04:00,10,61.0,66.82727000014276,boost_5y_absolute,True
2022-10-08 04:00:00+00:00,2022-10-08 14:00:00+00:00,2022-10-08 10:00:00-04:00,11,63.0,69.90991931220053,boost_5y_absolute,True
2022-10-08 04:00:00+00:00,2022-10-08 15:00:00+00:00,2022-10-08 11:00:00-04:00,12,65.0,72.2592075267508,boost_5y_absolute,True
2022-10-08 04:00:00+00:00,2022-10-08 16:00:00+00:00,2022-10-08 12:00:00-04:00,13,65.0,73.91063130965243,boost_5y_absolute,True
2022-10-08 04:00:00+00:00,2022-10-08 17:00:00+00:00,2022-10-08 13:00:00-04:00,14,65.0,75.38133965627587,boost_5y_absolute,True
2022-10-08 04:00:00+00:00,2022-10-08 18:00:00+00:00,2022-10-08 14:00:00-04:00,15,65.0,76.11858466117718,boost_5y_absolute,True
2022-10-08 04:00:00+00:00,2022-10-08 19:00:00+00:00,2022-10-08 15:00:00-04:00,16,65.0,76.17617387816463,boost_5y_absolute,True
2022-10-08 04:00:00+00:00,2022-10-08 20:00:00+00:00,2022-10-08 16:00:00-04:00,17,64.0,75.78238943394231,boost_5y_absolute,True
2022-10-08 04:00:00+00:00,2022-10-08 21:00:00+00:00,2022-10-08 17:00:00-04:00,18,62.0,73.94214018035423,boost_5y_absolute,True
2022-10-08 04:00:00+00:00,2022-10-08 22:00:00+00:00,2022-10-08 18:00:00-04:00,19,58.0,70.12908202319453,boost_5y_absolute,True
2022-10-08 04:00:00+00:00,2022-10-08 23:00:00+00:00,2022-10-08 19:00:00-04:00,20,56.0,68.00888116094485,boost_5y_absolute,True
2022-10-08 04:00:00+00:00,2022-10-09 00:00:00+00:00,2022-10-08 20:00:00-04:00,21,55.0,66.84279682809478,boost_5y_absolute,True
2022-10-08 04:00:00+00:00,2022-10-09 01:00:00+00:00,2022-10-08 21:00:00-04:00,22,52.0,65.57048653086153,boost_5y_absolute,True
2022-10-08 04:00:00+00:00,2022-10-09 02:00:00+00:00,2022-10-08 22:00:00-04:00,23,50.0,64.97549123444786,boost_5y_absolute,True
2022-10-08 04:00:00+00:00,2022-10-09 03:00:00+00:00,2022-10-08 23:00:00-04:00,24,49.0,64.18749647264009,boost_5y_absolute,True
2022-10-08 04:00:00+00:00,2022-10-09 04:00:00+00:00,2022-10-09 00:00:00-04:00,25,47.0,63.60074712023533,boost_5y_absolute,True
2022-10-08 04:00:00+00:00,2022-10-09 05:00:00+00:00,2022-10-09 01:00:00-04:00,26,48.0,62.96949231539159,boost_5y_absolute,True
2022-10-08 04:00:00+00:00,2022-10-09 06:00:00+00:00,2022-10-09 02:00:00-04:00,27,48.0,63.46681462691156,boost_5y_absolute,True
2022-10-08 04:00:00+00:00,2022-10-09 07:00:00+00:00,2022-10-09 03:00:00-04:00,28,47.0,62.984932540244145,boost_5y_absolute,True
2022-10-08 04:00:00+00:00,2022-10-09 08:00:00+00:00,2022-10-09 04:00:00-04:00,29,45.0,62.45867266836695,boost_5y_absolute,True
2022-10-08 04:00:00+00:00,2022-10-09 09:00:00+00:00,2022-10-09 05:00:00-04:00,30,43.0,62.29021776230275,boost_5y_absolute,True
2022-10-08 04:00:00+00:00,2022-10-09 10:00:00+00:00,2022-10-09 06:00:00-04:00,31,42.0,61.99159415348457,boost_5y_absolute,True
2022-10-08 04:00:00+00:00,2022-10-09 11:00:00+00:00,2022-10-09 07:00:00-04:00,32,44.0,62.10060135639124,boost_5y_absolute,True
2022-10-08 04:00:00+00:00,2022-10-09 12:00:00+00:00,2022-10-09 08:00:00-04:00,33,49.0,63.692766616372595,boost_5y_absolute,True
2022-10-08 04:00:00+00:00,2022-10-09 13:00:00+00:00,2022-10-09 09:00:00-04:00,34,54.0,66.61922583309409,boost_5y_absolute,True
2022-10-08 04:00:00+00:00,2022-10-09 14:00:00+00:00,2022-10-09 10:00:00-04:00,35,57.0,69.51534072312623,boost_5y_absolute,True
2022-10-08 04:00:00+00:00,2022-10-09 15:00:00+00:00,2022-10-09 11:00:00-04:00,36,62.0,71.86079558978226,boost_5y_absolute,True
2022-10-08 04:00:00+00:00,2022-10-09 16:00:00+00:00,2022-10-09 12:00:00-04:00,37,66.0,73.78458795643431,boost_5y_absolute,True
2022-10-08 04:00:00+00:00,2022-10-09 17:00:00+00:00,2022-10-09 13:00:00-04:00,38,66.0,75.20261630913309,boost_5y_absolute,True
2022-10-08 04:00:00+00:00,2022-10-09 18:00:00+00:00,2022-10-09 14:00:00-04:00,39,71.0,75.92943324714373,boost_5y_absolute,True
2022-10-08 04:00:00+00:00,2022-10-09 19:00:00+00:00,2022-10-09 15:00:00-04:00,40,71.0,75.59962550964812,boost_5y_absolute,True
2022-10-08 04:00:00+00:00,2022-10-09 20:00:00+00:00,2022-10-09 16:00:00-04:00,41,71.0,75.26757866992969,boost_5y_absolute,True
2022-10-08 04:00:00+00:00,2022-10-09 21:00:00+00:00,2022-10-09 17:00:00-04:00,42,69.0,73.59243438550557,boost_5y_absolute,True
2022-10-08 04:00:00+00:00,2022-10-09 22:00:00+00:00,2022-10-09 18:00:00-04:00,43,64.0,69.84917140213172,boost_5y_absolute,True
2022-10-08 04:00:00+00:00,2022-10-09 23:00:00+00:00,2022-10-09 19:00:00-04:00,44,59.0,67.78275795483044,boost_5y_absolute,True
2022-10-08 04:00:00+00:00,2022-10-10 00:00:00+00:00,2022-10-09 20:00:00-04:00,45,59.0,66.73565738674746,boost_5y_absolute,True
2022-10-08 04:00:00+00:00,2022-10-10 01:00:00+00:00,2022-10-09 21:00:00-04:00,46,55.0,65.67812808858511,boost_5y_absolute,True
2022-10-08 04:00:00+00:00,2022-10-10 02:00:00+00:00,2022-10-09 22:00:00-04:00,47,55.0,65.01130333586397,boost_5y_absolute,True
2022-10-08 04:00:00+00:00,2022-10-10 03:00:00+00:00,2022-10-09 23:00:00-04:00,48,52.0,64.42647852574036,boost_5y_absolute,True
2022-10-08 04:00:00+00:00,2022-10-10 04:00:00+00:00,2022-10-10 00:00:00-04:00,49,52.0,63.714394957335706,boost_5y_absolute,True
2022-10-08 04:00:00+00:00,2022-10-10 05:00:00+00:00,2022-10-10 01:00:00-04:00,50,55.0,63.73087398919474,boost_5y_absolute,True
2022-10-08 04:00:00+00:00,2022-10-10 06:00:00+00:00,2022-10-10 02:00:00-04:00,51,56.0,63.3134216029244,boost_5y_absolute,True
2022-10-08 04:00:00+00:00,2022-10-10 07:00:00+00:00,2022-10-10 03:00:00-04:00,52,55.0,62.862902899917906,boost_5y_absolute,True
2022-10-08 04:00:00+00:00,2022-10-10 08:00:00+00:00,2022-10-10 04:00:00-04:00,53,54.0,62.49330226222177,boost_5y_absolute,True
2022-10-08 04:00:00+00:00,2022-10-10 09:00:00+00:00,2022-10-10 05:00:00-04:00,54,54.0,62.126674873685836,boost_5y_absolute,True
2022-10-08 04:00:00+00:00,2022-10-10 10:00:00+00:00,2022-10-10 06:00:00-04:00,55,53.0,62.05951122209111,boost_5y_absolute,True
2022-10-08 04:00:00+00:00,2022-10-10 11:00:00+00:00,2022-10-10 07:00:00-04:00,56,55.0,62.00694464582929,boost_5y_absolute,True
2022-10-08 04:00:00+00:00,2022-10-10 12:00:00+00:00,2022-10-10 08:00:00-04:00,57,56.0,63.7750557629179,boost_5y_absolute,True
2022-10-08 04:00:00+00:00,2022-10-10 13:00:00+00:00,2022-10-10 09:00:00-04:00,58,57.0,66.2526148590158,boost_5y_absolute,True
2022-10-08 04:00:00+00:00,2022-10-10 14:00:00+00:00,2022-10-10 10:00:00-04:00,59,62.0,69.18115808395916,boost_5y_absolute,True
2022-10-08 04:00:00+00:00,2022-10-10 15:00:00+00:00,2022-10-10 11:00:00-04:00,60,67.0,71.23739983833066,boost_5y_absolute,True
2022-10-08 04:00:00+00:00,2022-10-10 16:00:00+00:00,2022-10-10 12:00:00-04:00,61,69.0,72.81098557166648,boost_5y_absolute,True
2022-10-08 04:00:00+00:00,2022-10-10 17:00:00+00:00,2022-10-10 13:00:00-04:00,62,71.0,74.42097064428961,boost_5y_absolute,True
2022-10-08 04:00:00+00:00,2022-10-10 18:00:00+00:00,2022-10-10 14:00:00-04:00,63,72.0,75.07445626617218,boost_5y_absolute,True
2022-10-08 04:00:00+00:00,2022-10-10 19:00:00+00:00,2022-10-10 15:00:00-04:00,64,72.0,74.83271026059361,boost_5y_absolute,True
2022-10-08 04:00:00+00:00,2022-10-10 20:00:00+00:00,2022-10-10 16:00:00-04:00,65,71.0,74.56025569825067,boost_5y_absolute,True
2022-10-08 04:00:00+00:00,2022-10-10 21:00:00+00:00,2022-10-10 17:00:00-04:00,66,70.0,72.85606070480483,boost_5y_absolute,True
2022-10-08 04:00:00+00:00,2022-10-10 22:00:00+00:00,2022-10-10 18:00:00-04:00,67,64.0,69.24095613850658,boost_5y_absolute,True
2022-10-08 04:00:00+00:00,2022-10-10 23:00:00+00:00,2022-10-10 19:00:00-04:00,68,59.0,67.29783967854611,boost_5y_absolute,True
2022-10-08 04:00:00+00:00,2022-10-11 00:00:00+00:00,2022-10-10 20:00:00-04:00,69,59.0,66.22639936615774,boost_5y_absolute,True
2022-10-08 04:00:00+00:00,2022-10-11 01:00:00+00:00,2022-10-10 21:00:00-04:00,70,56.0,64.95362294576144,boost_5y_absolute,True
2022-10-08 04:00:00+00:00,2022-10-11 02:00:00+00:00,2022-10-10 22:00:00-04:00,71,53.0,64.45412363782803,boost_5y_absolute,True
2022-10-08 04:00:00+00:00,2022-10-11 03:00:00+00:00,2022-10-10 23:00:00-04:00,72,51.0,63.9573194269336,boost_5y_absolute,True
2022-10-08 04:00:00+00:00,2022-10-11 04:00:00+00:00,2022-10-11 00:00:00-04:00,73,50.0,63.72956680414833,boost_5y_absolute,True
2022-10-08 04:00:00+00:00,2022-10-11 05:00:00+00:00,2022-10-11 01:00:00-04:00,74,49.0,63.218779064652004,boost_5y_absolute,True
2022-10-08 04:00:00+00:00,2022-10-11 06:00:00+00:00,2022-10-11 02:00:00-04:00,75,48.0,62.78085917206032,boost_5y_absolute,True
2022-10-08 04:00:00+00:00,2022-10-11 07:00:00+00:00,2022-10-11 03:00:00-04:00,76,45.0,62.44701026534388,boost_5y_absolute,True
2022-10-08 04:00:00+00:00,2022-10-11 08:00:00+00:00,2022-10-11 04:00:00-04:00,77,46.0,61.944745334521386,boost_5y_absolute,True
2022-10-08 04:00:00+00:00,2022-10-11 09:00:00+00:00,2022-10-11 05:00:00-04:00,78,43.0,61.585333527159065,boost_5y_absolute,True
2022-10-08 04:00:00+00:00,2022-10-11 10:00:00+00:00,2022-10-11 06:00:00-04:00,79,44.0,61.182133788422696,boost_5y_absolute,True
2022-10-08 04:00:00+00:00,2022-10-11 11:00:00+00:00,2022-10-11 07:00:00-04:00,80,46.0,61.40885352729136,boost_5y_absolute,True
2022-10-08 04:00:00+00:00,2022-10-11 12:00:00+00:00,2022-10-11 08:00:00-04:00,81,53.0,63.74523045764666,boost_5y_absolute,True
2022-10-08 04:00:00+00:00,2022-10-11 13:00:00+00:00,2022-10-11 09:00:00-04:00,82,60.0,66.00173733967561,boost_5y_absolute,True
2022-10-08 04:00:00+00:00,2022-10-11 14:00:00+00:00,2022-10-11 10:00:00-04:00,83,66.0,68.9402496824778,boost_5y_absolute,True
2022-10-08 04:00:00+00:00,2022-10-11 15:00:00+00:00,2022-10-11 11:00:00-04:00,84,67.0,71.01731973211615,boost_5y_absolute,True
2022-10-08 04:00:00+00:00,2022-10-11 16:00:00+00:00,2022-10-11 12:00:00-04:00,85,70.0,72.57941972654838,boost_5y_absolute,True
2022-10-08 04:00:00+00:00,2022-10-11 17:00:00+00:00,2022-10-11 13:00:00-04:00,86,72.0,73.85514972816293,boost_5y_absolute,True
2022-10-08 04:00:00+00:00,2022-10-11 18:00:00+00:00,2022-10-11 14:00:00-04:00,87,72.0,74.5010475956251,boost_5y_absolute,True
2022-10-08 04:00:00+00:00,2022-10-11 19:00:00+00:00,2022-10-11 15:00:00-04:00,88,72.0,74.39574576791989,boost_5y_absolute,True
2022-10-08 04:00:00+00:00,2022-10-11 20:00:00+00:00,2022-10-11 16:00:00-04:00,89,72.0,74.05139286197677,boost_5y_absolute,True
2022-10-08 04:00:00+00:00,2022-10-11 21:00:00+00:00,2022-10-11 17:00:00-04:00,90,68.0,72.45465217957971,boost_5y_absolute,True
2022-10-08 04:00:00+00:00,2022-10-11 22:00:00+00:00,2022-10-11 18:00:00-04:00,91,64.0,68.73392396799146,boost_5y_absolute,True
2022-10-08 04:00:00+00:00,2022-10-11 23:00:00+00:00,2022-10-11 19:00:00-04:00,92,60.0,66.6553124253535,boost_5y_absolute,True
2022-10-08 04:00:00+00:00,2022-10-12 00:00:00+00:00,2022-10-11 20:00:00-04:00,93,56.0,65.36588898418731,boost_5y_absolute,True
2022-10-08 04:00:00+00:00,2022-10-12 01:00:00+00:00,2022-10-11 21:00:00-04:00,94,52.0,64.25297701687687,boost_5y_absolute,True
2022-10-08 04:00:00+00:00,2022-10-12 02:00:00+00:00,2022-10-11 22:00:00-04:00,95,52.0,63.852907288697345,boost_5y_absolute,True
2022-10-08 04:00:00+00:00,2022-10-12 03:00:00+00:00,2022-10-11 23:00:00-04:00,96,52.0,62.96395512332187,boost_5y_absolute,True
2022-10-08 04:00:00+00:00,2022-10-12 04:00:00+00:00,2022-10-12 00:00:00-04:00,97,53.0,62.32915809027607,boost_5y_absolute,True
2022-10-08 04:00:00+00:00,2022-10-12 05:00:00+00:00,2022-10-12 01:00:00-04:00,98,53.0,62.067989884139685,boost_5y_absolute,True
2022-10-08 04:00:00+00:00,2022-10-12 06:00:00+00:00,2022-10-12 02:00:00-04:00,99,53.0,61.3263774608576,boost_5y_absolute,True
2022-10-08 04:00:00+00:00,2022-10-12 07:00:00+00:00,2022-10-12 03:00:00-04:00,100,53.0,60.75060976604335,boost_5y_absolute,True
2022-10-08 04:00:00+00:00,2022-10-12 08:00:00+00:00,2022-10-12 04:00:00-04:00,101,51.0,60.29442404256962,boost_5y_absolute,True
2022-10-08 04:00:00+00:00,2022-10-12 09:00:00+00:00,2022-10-12 05:00:00-04:00,102,50.0,59.82725204273638,boost_5y_absolute,True
2022-10-08 04:00:00+00:00,2022-10-12 10:00:00+00:00,2022-10-12 06:00:00-04:00,103,51.0,59.4300947107713,boost_5y_absolute,True
2022-10-08 04:00:00+00:00,2022-10-12 11:00:00+00:00,2022-10-12 07:00:00-04:00,104,52.0,59.68491947943868,boost_5y_absolute,True
2022-10-08 04:00:00+00:00,2022-10-12 12:00:00+00:00,2022-10-12 08:00:00-04:00,105,58.0,62.502637345931156,boost_5y_absolute,True
2022-10-08 04:00:00+00:00,2022-10-12 13:00:00+00:00,2022-10-12 09:00:00-04:00,106,62.0,65.17945051015766,boost_5y_absolute,True
2022-10-08 04:00:00+00:00,2022-10-12 14:00:00+00:00,2022-10-12 10:00:00-04:00,107,67.0,68.15856575437,boost_5y_absolute,True
2022-10-08 04:00:00+00:00,2022-10-12 15:00:00+00:00,2022-10-12 11:00:00-04:00,108,69.0,70.27530027997554,boost_5y_absolute,True
2022-10-08 04:00:00+00:00,2022-10-12 16:00:00+00:00,2022-10-12 12:00:00-04:00,109,72.0,71.88781211732794,boost_5y_absolute,True
2022-10-08 04:00:00+00:00,2022-10-12 17:00:00+00:00,2022-10-12 13:00:00-04:00,110,74.0,73.24743481669466,boost_5y_absolute,True
2022-10-08 04:00:00+00:00,2022-10-12 18:00:00+00:00,2022-10-12 14:00:00-04:00,111,76.0,73.81416571261629,boost_5y_absolute,True
2022-10-08 04:00:00+00:00,2022-10-12 19:00:00+00:00,2022-10-12 15:00:00-04:00,112,76.0,73.82859099569984,boost_5y_absolute,True
2022-10-08 04:00:00+00:00,2022-10-12 20:00:00+00:00,2022-10-12 16:00:00-04:00,113,75.0,73.63613547349851,boost_5y_absolute,True
2022-10-08 04:00:00+00:00,2022-10-12 21:00:00+00:00,2022-10-12 17:00:00-04:00,114,73.0,72.00552382799178,boost_5y_absolute,True
2022-10-08 04:00:00+00:00,2022-10-12 22:00:00+00:00,2022-10-12 18:00:00-04:00,115,71.0,68.21407603400202,boost_5y_absolute,True
2022-10-08 04:00:00+00:00,2022-10-12 23:00:00+00:00,2022-10-12 19:00:00-04:00,116,69.0,65.9384224861277,boost_5y_absolute,True
2022-10-08 04:00:00+00:00,2022-10-13 00:00:00+00:00,2022-10-12 20:00:00-04:00,117,69.0,64.79035452716064,boost_5y_absolute,True
2022-10-08 04:00:00+00:00,2022-10-13 01:00:00+00:00,2022-10-12 21:00:00-04:00,118,69.0,63.749373841968975,boost_5y_absolute,True
2022-10-08 04:00:00+00:00,2022-10-13 02:00:00+00:00,2022-10-12 22:00:00-04:00,119,68.0,63.04428553823665,boost_5y_absolute,True
2022-10-08 04:00:00+00:00,2022-10-13 03:00:00+00:00,2022-10-12 23:00:00-04:00,120,67.0,62.15477427523143,boost_5y_absolute,True
2022-10-08 04:00:00+00:00,2022-10-13 04:00:00+00:00,2022-10-13 00:00:00-04:00,121,66.0,61.49387234071641,boost_5y_absolute,True
2022-10-08 04:00:00+00:00,2022-10-13 05:00:00+00:00,2022-10-13 01:00:00-04:00,122,66.0,61.12168729240372,boost_5y_absolute,True
2022-10-08 04:00:00+00:00,2022-10-13 06:00:00+00:00,2022-10-13 02:00:00-04:00,123,66.0,60.38375767816135,boost_5y_absolute,True
2022-10-08 04:00:00+00:00,2022-10-13 07:00:00+00:00,2022-10-13 03:00:00-04:00,124,67.0,59.858498069991995,boost_5y_absolute,True
2022-10-08 04:00:00+00:00,2022-10-13 08:00:00+00:00,2022-10-13 04:00:00-04:00,125,66.0,59.46366739568049,boost_5y_absolute,True
2022-10-08 04:00:00+00:00,2022-10-13 09:00:00+00:00,2022-10-13 05:00:00-04:00,126,65.0,59.125745606594144,boost_5y_absolute,True
2022-10-08 04:00:00+00:00,2022-10-13 10:00:00+00:00,2022-10-13 06:00:00-04:00,127,66.0,58.74755149191771,boost_5y_absolute,True
2022-10-08 04:00:00+00:00,2022-10-13 11:00:00+00:00,2022-10-13 07:00:00-04:00,128,66.0,58.99715348604834,boost_5y_absolute,True
2022-10-08 04:00:00+00:00,2022-10-13 12:00:00+00:00,2022-10-13 08:00:00-04:00,129,67.0,62.09338927225279,boost_5y_absolute,True
2022-10-08 04:00:00+00:00,2022-10-13 13:00:00+00:00,2022-10-13 09:00:00-04:00,130,69.0,65.22437239842199,boost_5y_absolute,True
2022-10-08 04:00:00+00:00,2022-10-13 14:00:00+00:00,2022-10-13 10:00:00-04:00,131,70.0,68.23092416334381,boost_5y_absolute,True
2022-10-08 04:00:00+00:00,2022-10-13 15:00:00+00:00,2022-10-13 11:00:00-04:00,132,71.0,70.38098665236251,boost_5y_absolute,True
2022-10-08 04:00:00+00:00,2022-10-13 16:00:00+00:00,2022-10-13 12:00:00-04:00,133,74.0,72.0976289983559,boost_5y_absolute,True
2022-10-08 04:00:00+00:00,2022-10-13 17:00:00+00:00,2022-10-13 13:00:00-04:00,134,76.0,73.47875035934365,boost_5y_absolute,True
2022-10-08 04:00:00+00:00,2022-10-13 18:00:00+00:00,2022-10-13 14:00:00-04:00,135,79.0,73.99358854632845,boost_5y_absolute,True
2022-10-08 04:00:00+00:00,2022-10-13 19:00:00+00:00,2022-10-13 15:00:00-04:00,136,76.0,74.14687248968745,boost_5y_absolute,True
2022-10-08 04:00:00+00:00,2022-10-13 20:00:00+00:00,2022-10-13 16:00:00-04:00,137,75.0,74.0077703811268,boost_5y_absolute,True
2022-10-08 04:00:00+00:00,2022-10-13 21:00:00+00:00,2022-10-13 17:00:00-04:00,138,75.0,72.20907622102223,boost_5y_absolute,True
2022-10-08 04:00:00+00:00,2022-10-13 22:00:00+00:00,2022-10-13 18:00:00-04:00,139,70.0,68.14965318050895,boost_5y_absolute,True
2022-10-08 04:00:00+00:00,2022-10-13 23:00:00+00:00,2022-10-13 19:00:00-04:00,140,68.0,65.76773202623029,boost_5y_absolute,True
2022-10-08 04:00:00+00:00,2022-10-14 00:00:00+00:00,2022-10-13 20:00:00-04:00,141,66.0,64.55041981720265,boost_5y_absolute,True
2022-10-08 04:00:00+00:00,2022-10-14 01:00:00+00:00,2022-10-13 21:00:00-04:00,142,65.0,63.290793284976694,boost_5y_absolute,True
2022-10-08 04:00:00+00:00,2022-10-14 02:00:00+00:00,2022-10-13 22:00:00-04:00,143,63.0,62.47703651515811,boost_5y_absolute,True
2022-10-08 04:00:00+00:00,2022-10-14 03:00:00+00:00,2022-10-13 23:00:00-04:00,144,67.0,61.429645268667876,boost_5y_absolute,True
2022-10-08 04:00:00+00:00,2022-10-14 04:00:00+00:00,2022-10-14 00:00:00-04:00,145,65.0,60.75485671137378,boost_5y_absolute,True
2022-10-08 04:00:00+00:00,2022-10-14 05:00:00+00:00,2022-10-14 01:00:00-04:00,146,65.0,60.3870700873567,boost_5y_absolute,True
2022-10-08 04:00:00+00:00,2022-10-14 06:00:00+00:00,2022-10-14 02:00:00-04:00,147,64.0,59.70576282568286,boost_5y_absolute,True
2022-10-08 04:00:00+00:00,2022-10-14 07:00:00+00:00,2022-10-14 03:00:00-04:00,148,62.0,59.05705976162345,boost_5y_absolute,True
2022-10-08 04:00:00+00:00,2022-10-14 08:00:00+00:00,2022-10-14 04:00:00-04:00,149,61.0,58.71992483111475,boost_5y_absolute,True
2022-10-08 04:00:00+00:00,2022-10-14 09:00:00+00:00,2022-10-14 05:00:00-04:00,150,58.0,58.34279390553371,boost_5y_absolute,True
2022-10-08 04:00:00+00:00,2022-10-14 10:00:00+00:00,2022-10-14 06:00:00-04:00,151,57.0,57.9399048403146,boost_5y_absolute,True
2022-10-08 04:00:00+00:00,2022-10-14 11:00:00+00:00,2022-10-14 07:00:00-04:00,152,56.0,58.14159644755649,boost_5y_absolute,True
2022-10-08 04:00:00+00:00,2022-10-14 12:00:00+00:00,2022-10-14 08:00:00-04:00,153,59.0,61.184216956188024,boost_5y_absolute,True
2022-10-08 04:00:00+00:00,2022-10-14 13:00:00+00:00,2022-10-14 09:00:00-04:00,154,63.0,64.53042969416636,boost_5y_absolute,True
2022-10-08 04:00:00+00:00,2022-10-14 14:00:00+00:00,2022-10-14 10:00:00-04:00,155,65.0,67.59566970978132,boost_5y_absolute,True
2022-10-08 04:00:00+00:00,2022-10-14 15:00:00+00:00,2022-10-14 11:00:00-04:00,156,68.0,69.89055454416615,boost_5y_absolute,True
2022-10-08 04:00:00+00:00,2022-10-14 16:00:00+00:00,2022-10-14 12:00:00-04:00,157,70.0,71.6938455450603,boost_5y_absolute,True
2022-10-08 04:00:00+00:00,2022-10-14 17:00:00+00:00,2022-10-14 13:00:00-04:00,158,71.0,73.11496114562692,boost_5y_absolute,True
2022-10-08 04:00:00+00:00,2022-10-14 18:00:00+00:00,2022-10-14 14:00:00-04:00,159,71.0,73.62726076453866,boost_5y_absolute,True
2022-10-08 04:00:00+00:00,2022-10-14 19:00:00+00:00,2022-10-14 15:00:00-04:00,160,72.0,73.74026417603298,boost_5y_absolute,True
2022-10-08 04:00:00+00:00,2022-10-14 20:00:00+00:00,2022-10-14 16:00:00-04:00,161,71.0,73.54401152384972,boost_5y_absolute,True
2022-10-08 04:00:00+00:00,2022-10-14 21:00:00+00:00,2022-10-14 17:00:00-04:00,162,70.0,71.67011688141645,boost_5y_absolute,True
2022-10-08 04:00:00+00:00,2022-10-14 22:00:00+00:00,2022-10-14 18:00:00-04:00,163,65.0,67.49828506341113,boost_5y_absolute,True
2022-10-08 04:00:00+00:00,2022-10-14 23:00:00+00:00,2022-10-14 19:00:00-04:00,164,58.0,65.08965695615667,boost_5y_absolute,True
2022-10-08 04:00:00+00:00,2022-10-15 00:00:00+00:00,2022-10-14 20:00:00-04:00,165,57.0,63.836489112535745,boost_5y_absolute,True
2022-10-08 04:00:00+00:00,2022-10-15 01:00:00+00:00,2022-10-14 21:00:00-04:00,166,55.0,62.56845681453421,boost_5y_absolute,True
2022-10-08 04:00:00+00:00,2022-10-15 02:00:00+00:00,2022-10-14 22:00:00-04:00,167,55.0,61.72429425825684,boost_5y_absolute,True
2022-10-08 04:00:00+00:00,2022-10-15 03:00:00+00:00,2022-10-14 23:00:00-04:00,168,52.0,60.881120802675696,boost_5y_absolute,True
2022-10-08 04:00:00+00:00,2022-10-15 04:00:00+00:00,2022-10-15 00:00:00-04:00,169,50.0,60.09066729764549,boost_5y_absolute,True
2022-10-08 04:00:00+00:00,2022-10-15 05:00:00+00:00,2022-10-15 01:00:00-04:00,170,52.0,59.70611364011658,boost_5y_absolute,True
2022-10-08 04:00:00+00:00,2022-10-15 06:00:00+00:00,2022-10-15 02:00:00-04:00,171,49.0,59.094503468654686,boost_5y_absolute,True
2022-10-08 04:00:00+00:00,2022-10-15 07:00:00+00:00,2022-10-15 03:00:00-04:00,172,48.0,58.481093875494786,boost_5y_absolute,True
2022-10-08 04:00:00+00:00,2022-10-15 08:00:00+00:00,2022-10-15 04:00:00-04:00,173,48.0,58.09650736447117,boost_5y_absolute,True
2022-10-08 04:00:00+00:00,2022-10-15 09:00:00+00:00,2022-10-15 05:00:00-04:00,174,47.0,57.79307829858119,boost_5y_absolute,True
2022-10-08 04:00:00+00:00,2022-10-15 10:00:00+00:00,2022-10-15 06:00:00-04:00,175,47.0,57.44563882249313,boost_5y_absolute,True
2022-10-08 04:00:00+00:00,2022-10-15 11:00:00+00:00,2022-10-15 07:00:00-04:00,176,50.0,57.60434273544405,boost_5y_absolute,True
2022-10-08 04:00:00+00:00,2022-10-15 12:00:00+00:00,2022-10-15 08:00:00-04:00,177,56.0,60.5241625082296,boost_5y_absolute,True
2022-10-08 04:00:00+00:00,2022-10-15 13:00:00+00:00,2022-10-15 09:00:00-04:00,178,63.0,63.85400369931134,boost_5y_absolute,True
2022-10-08 04:00:00+00:00,2022-10-15 14:00:00+00:00,2022-10-15 10:00:00-04:00,179,70.0,66.87094691518514,boost_5y_absolute,True
2022-10-08 04:00:00+00:00,2022-10-15 15:00:00+00:00,2022-10-15 11:00:00-04:00,180,74.0,69.12871141910331,boost_5y_absolute,True
2022-10-08 04:00:00+00:00,2022-10-15 16:00:00+00:00,2022-10-15 12:00:00-04:00,181,77.0,70.99844580064278,boost_5y_absolute,True
2022-10-08 04:00:00+00:00,2022-10-15 17:00:00+00:00,2022-10-15 13:00:00-04:00,182,79.0,72.39894769262615,boost_5y_absolute,True
2022-10-08 04:00:00+00:00,2022-10-15 18:00:00+00:00,2022-10-15 14:00:00-04:00,183,80.0,72.99936067890889,boost_5y_absolute,True
2022-10-08 04:00:00+00:00,2022-10-15 19:00:00+00:00,2022-10-15 15:00:00-04:00,184,80.0,73.1414385359047,boost_5y_absolute,True
2022-10-08 04:00:00+00:00,2022-10-15 20:00:00+00:00,2022-10-15 16:00:00-04:00,185,79.0,72.76728745228306,boost_5y_absolute,True
2022-10-08 04:00:00+00:00,2022-10-15 21:00:00+00:00,2022-10-15 17:00:00-04:00,186,77.0,70.9645915537422,boost_5y_absolute,True
2022-10-08 04:00:00+00:00,2022-10-15 22:00:00+00:00,2022-10-15 18:00:00-04:00,187,71.0,66.80172182929859,boost_5y_absolute,True
2022-10-08 04:00:00+00:00,2022-10-15 23:00:00+00:00,2022-10-15 19:00:00-04:00,188,69.0,64.42910762238088,boost_5y_absolute,True
2022-10-08 04:00:00+00:00,2022-10-16 00:00:00+00:00,2022-10-15 20:00:00-04:00,189,67.0,63.17353375990938,boost_5y_absolute,True
2022-10-08 04:00:00+00:00,2022-10-16 01:00:00+00:00,2022-10-15 21:00:00-04:00,190,64.0,61.87454462535092,boost_5y_absolute,True
2022-10-08 04:00:00+00:00,2022-10-16 02:00:00+00:00,2022-10-15 22:00:00-04:00,191,61.0,61.0877092904295,boost_5y_absolute,True
2022-10-08 04:00:00+00:00,2022-10-16 03:00:00+00:00,2022-10-15 23:00:00-04:00,192,62.0,60.19763877767929,boost_5y_absolute,True
2022-10-08 04:00:00+00:00,2022-10-16 04:00:00+00:00,2022-10-16 00:00:00-04:00,193,61.0,59.3787157640175,boost_5y_absolute,True
2022-10-08 04:00:00+00:00,2022-10-16 05:00:00+00:00,2022-10-16 01:00:00-04:00,194,60.0,58.96553674528888,boost_5y_absolute,True
2022-10-08 04:00:00+00:00,2022-10-16 06:00:00+00:00,2022-10-16 02:00:00-04:00,195,60.0,58.36499041961464,boost_5y_absolute,True
2022-10-08 04:00:00+00:00,2022-10-16 07:00:00+00:00,2022-10-16 03:00:00-04:00,196,58.0,57.68332762596202,boost_5y_absolute,True
2022-10-08 04:00:00+00:00,2022-10-16 08:00:00+00:00,2022-10-16 04:00:00-04:00,197,57.0,57.24259650748595,boost_5y_absolute,True
2022-10-08 04:00:00+00:00,2022-10-16 09:00:00+00:00,2022-10-16 05:00:00-04:00,198,57.0,56.928112261649495,boost_5y_absolute,True
2022-10-08 04:00:00+00:00,2022-10-16 10:00:00+00:00,2022-10-16 06:00:00-04:00,199,55.0,56.57523042116305,boost_5y_absolute,True
2022-10-08 04:00:00+00:00,2022-10-16 11:00:00+00:00,2022-10-16 07:00:00-04:00,200,56.0,56.70814267834026,boost_5y_absolute,True
2022-10-08 04:00:00+00:00,2022-10-16 12:00:00+00:00,2022-10-16 08:00:00-04:00,201,61.0,59.792562439445,boost_5y_absolute,True
2022-10-08 04:00:00+00:00,2022-10-16 13:00:00+00:00,2022-10-16 09:00:00-04:00,202,68.0,63.156431178794406,boost_5y_absolute,True
2022-10-08 04:00:00+00:00,2022-10-16 14:00:00+00:00,2022-10-16 10:00:00-04:00,203,72.0,66.21451756151689,boost_5y_absolute,True
2022-10-08 04:00:00+00:00,2022-10-16 15:00:00+00:00,2022-10-16 11:00:00-04:00,204,76.0,68.43864763582599,boost_5y_absolute,True
2022-10-08 04:00:00+00:00,2022-10-16 16:00:00+00:00,2022-10-16 12:00:00-04:00,205,78.0,70.45361067543722,boost_5y_absolute,True
2022-10-08 04:00:00+00:00,2022-10-16 17:00:00+00:00,2022-10-16 13:00:00-04:00,206,80.0,71.89546132889463,boost_5y_absolute,True
2022-10-08 04:00:00+00:00,2022-10-16 18:00:00+00:00,2022-10-16 14:00:00-04:00,207,81.0,72.5201120039339,boost_5y_absolute,True
2022-10-08 04:00:00+00:00,2022-10-16 19:00:00+00:00,2022-10-16 15:00:00-04:00,208,80.0,72.63282613841375,boost_5y_absolute,True
2022-10-08 04:00:00+00:00,2022-10-16 20:00:00+00:00,2022-10-16 16:00:00-04:00,209,79.0,72.23712579804804,boost_5y_absolute,True
2022-10-08 04:00:00+00:00,2022-10-16 21:00:00+00:00,2022-10-16 17:00:00-04:00,210,78.0,70.37573128793323,boost_5y_absolute,True
2022-10-08 04:00:00+00:00,2022-10-16 22:00:00+00:00,2022-10-16 18:00:00-04:00,211,74.0,66.09606088063653,boost_5y_absolute,True
2022-10-08 04:00:00+00:00,2022-10-16 23:00:00+00:00,2022-10-16 19:00:00-04:00,212,72.0,63.686299585122455,boost_5y_absolute,True
2022-10-08 04:00:00+00:00,2022-10-17 00:00:00+00:00,2022-10-16 20:00:00-04:00,213,71.0,62.35893432239287,boost_5y_absolute,True
2022-10-08 04:00:00+00:00,2022-10-17 01:00:00+00:00,2022-10-16 21:00:00-04:00,214,70.0,61.024061681284905,boost_5y_absolute,True
2022-10-08 04:00:00+00:00,2022-10-17 02:00:00+00:00,2022-10-16 22:00:00-04:00,215,71.0,60.157614849987574,boost_5y_absolute,True
2022-10-08 04:00:00+00:00,2022-10-17 03:00:00+00:00,2022-10-16 23:00:00-04:00,216,70.0,59.166576594874186,boost_5y_absolute,True
2022-10-08 04:00:00+00:00,2022-10-17 04:00:00+00:00,2022-10-17 00:00:00-04:00,217,67.0,58.18488235282667,boost_5y_absolute,True
2022-10-08 04:00:00+00:00,2022-10-17 05:00:00+00:00,2022-10-17 01:00:00-04:00,218,65.0,57.759860938176196,boost_5y_absolute,True
2022-10-08 04:00:00+00:00,2022-10-17 06:00:00+00:00,2022-10-17 02:00:00-04:00,219,63.0,57.04577727971926,boost_5y_absolute,True
2022-10-08 04:00:00+00:00,2022-10-17 07:00:00+00:00,2022-10-17 03:00:00-04:00,220,64.0,56.419480265454816,boost_5y_absolute,True
2022-10-08 04:00:00+00:00,2022-10-17 08:00:00+00:00,2022-10-17 04:00:00-04:00,221,63.0,56.017298820998015,boost_5y_absolute,True
2022-10-08 04:00:00+00:00,2022-10-17 09:00:00+00:00,2022-10-17 05:00:00-04:00,222,63.0,55.65987809170803,boost_5y_absolute,True
2022-10-08 04:00:00+00:00,2022-10-17 10:00:00+00:00,2022-10-17 06:00:00-04:00,223,62.0,55.309448419198084,boost_5y_absolute,True
2022-10-08 04:00:00+00:00,2022-10-17 11:00:00+00:00,2022-10-17 07:00:00-04:00,224,62.0,55.34883260664011,boost_5y_absolute,True
2022-10-08 04:00:00+00:00,2022-10-17 12:00:00+00:00,2022-10-17 08:00:00-04:00,225,63.0,58.56922035462973,boost_5y_absolute,True
2022-10-08 04:00:00+00:00,2022-10-17 13:00:00+00:00,2022-10-17 09:00:00-04:00,226,64.0,62.23353726695851,boost_5y_absolute,True
2022-10-08 04:00:00+00:00,2022-10-17 14:00:00+00:00,2022-10-17 10:00:00-04:00,227,71.0,65.4246839456376,boost_5y_absolute,True
2022-10-08 04:00:00+00:00,2022-10-17 15:00:00+00:00,2022-10-17 11:00:00-04:00,228,74.0,67.66207546744829,boost_5y_absolute,True
2022-10-08 04:00:00+00:00,2022-10-17 16:00:00+00:00,2022-10-17 12:00:00-04:00,229,76.0,69.68198333481429,boost_5y_absolute,True
2022-10-08 04:00:00+00:00,2022-10-17 17:00:00+00:00,2022-10-17 13:00:00-04:00,230,79.0,71.16029226352731,boost_5y_absolute,True
2022-10-08 04:00:00+00:00,2022-10-17 18:00:00+00:00,2022-10-17 14:00:00-04:00,231,76.0,71.75161535861253,boost_5y_absolute,True
2022-10-08 04:00:00+00:00,2022-10-17 19:00:00+00:00,2022-10-17 15:00:00-04:00,232,77.0,71.99412177342339,boost_5y_absolute,True
2022-10-08 04:00:00+00:00,2022-10-17 20:00:00+00:00,2022-10-17 16:00:00-04:00,233,71.0,71.59123577190965,boost_5y_absolute,True
2022-10-08 04:00:00+00:00,2022-10-17 21:00:00+00:00,2022-10-17 17:00:00-04:00,234,69.0,69.67855087188371,boost_5y_absolute,True
2022-10-08 04:00:00+00:00,2022-10-17 22:00:00+00:00,2022-10-17 18:00:00-04:00,235,68.0,65.32403332751797,boost_5y_absolute,True
2022-10-08 04:00:00+00:00,2022-10-17 23:00:00+00:00,2022-10-17 19:00:00-04:00,236,62.0,62.869934438425766,boost_5y_absolute,True
2022-10-08 04:00:00+00:00,2022-10-18 00:00:00+00:00,2022-10-17 20:00:00-04:00,237,61.0,61.51731791519256,boost_5y_absolute,True
2022-10-08 04:00:00+00:00,2022-10-18 01:00:00+00:00,2022-10-17 21:00:00-04:00,238,61.0,60.239745675306246,boost_5y_absolute,True
2022-10-08 04:00:00+00:00,2022-10-18 02:00:00+00:00,2022-10-17 22:00:00-04:00,239,62.0,59.33094777869147,boost_5y_absolute,True
2022-10-08 04:00:00+00:00,2022-10-18 03:00:00+00:00,2022-10-17 23:00:00-04:00,240,60.0,58.364373544310745,boost_5y_absolute,True
2022-10-08 04:00:00+00:00,2022-10-18 04:00:00+00:00,2022-10-18 00:00:00-04:00,241,59.0,57.468463937096985,boost_5y_absolute,True
2022-10-08 04:00:00+00:00,2022-10-18 05:00:00+00:00,2022-10-18 01:00:00-04:00,242,56.0,57.02968446984188,boost_5y_absolute,True
2022-10-08 04:00:00+00:00,2022-10-18 06:00:00+00:00,2022-10-18 02:00:00-04:00,243,53.0,56.31953957710406,boost_5y_absolute,True
2022-10-08 04:00:00+00:00,2022-10-18 07:00:00+00:00,2022-10-18 03:00:00-04:00,244,51.0,55.624662443564006,boost_5y_absolute,True
2022-10-08 04:00:00+00:00,2022-10-18 08:00:00+00:00,2022-10-18 04:00:00-04:00,245,50.0,55.26373080747593,boost_5y_absolute,True
2022-10-08 04:00:00+00:00,2022-10-18 09:00:00+00:00,2022-10-18 05:00:00-04:00,246,47.0,54.95797261038774,boost_5y_absolute,True
2022-10-08 04:00:00+00:00,2022-10-18 10:00:00+00:00,2022-10-18 06:00:00-04:00,247,46.0,54.59030502010366,boost_5y_absolute,True
2022-10-08 04:00:00+00:00,2022-10-18 11:00:00+00:00,2022-10-18 07:00:00-04:00,248,45.0,54.61916534670895,boost_5y_absolute,True
2022-10-08 04:00:00+00:00,2022-10-18 12:00:00+00:00,2022-10-18 08:00:00-04:00,249,47.0,57.96689124352698,boost_5y_absolute,True
2022-10-08 04:00:00+00:00,2022-10-18 13:00:00+00:00,2022-10-18 09:00:00-04:00,250,49.0,61.758398763694665,boost_5y_absolute,True
2022-10-08 04:00:00+00:00,2022-10-18 14:00:00+00:00,2022-10-18 10:00:00-04:00,251,51.0,65.03797140743767,boost_5y_absolute,True
2022-10-08 04:00:00+00:00,2022-10-18 15:00:00+00:00,2022-10-18 11:00:00-04:00,252,53.0,67.30345414277947,boost_5y_absolute,True
2022-10-08 04:00:00+00:00,2022-10-18 16:00:00+00:00,2022-10-18 12:00:00-04:00,253,54.0,69.3630656596765,boost_5y_absolute,True
2022-10-08 04:00:00+00:00,2022-10-18 17:00:00+00:00,2022-10-18 13:00:00-04:00,254,56.0,70.80637961818988,boost_5y_absolute,True
2022-10-08 04:00:00+00:00,2022-10-18 18:00:00+00:00,2022-10-18 14:00:00-04:00,255,57.0,71.51178408862248,boost_5y_absolute,True
2022-10-08 04:00:00+00:00,2022-10-18 19:00:00+00:00,2022-10-18 15:00:00-04:00,256,55.0,71.69929969683594,boost_5y_absolute,True
2022-10-08 04:00:00+00:00,2022-10-18 20:00:00+00:00,2022-10-18 16:00:00-04:00,257,58.0,71.25629786487444,boost_5y_absolute,True
2022-10-08 04:00:00+00:00,2022-10-18 21:00:00+00:00,2022-10-18 17:00:00-04:00,258,53.0,69.22061832300172,boost_5y_absolute,True
2022-10-08 04:00:00+00:00,2022-10-18 22:00:00+00:00,2022-10-18 18:00:00-04:00,259,50.0,64.81937413048183,boost_5y_absolute,True
2022-10-08 04:00:00+00:00,2022-10-18 23:00:00+00:00,2022-10-18 19:00:00-04:00,260,49.0,62.172268074803895,boost_5y_absolute,True
2022-10-08 04:00:00+00:00,2022-10-19 00:00:00+00:00,2022-10-18 20:00:00-04:00,261,47.0,60.88042067533774,boost_5y_absolute,True
2022-10-08 04:00:00+00:00,2022-10-19 01:00:00+00:00,2022-10-18 21:00:00-04:00,262,45.0,59.58906740404764,boost_5y_absolute,True
2022-10-08 04:00:00+00:00,2022-10-19 02:00:00+00:00,2022-10-18 22:00:00-04:00,263,44.0,58.643859256933744,boost_5y_absolute,True
2022-10-08 04:00:00+00:00,2022-10-19 03:00:00+00:00,2022-10-18 23:00:00-04:00,264,42.0,57.699713292111106,boost_5y_absolute,True
2022-10-08 04:00:00+00:00,2022-10-19 04:00:00+00:00,2022-10-19 00:00:00-04:00,265,40.0,56.81554868108165,boost_5y_absolute,True
2022-10-08 04:00:00+00:00,2022-10-19 05:00:00+00:00,2022-10-19 01:00:00-04:00,266,38.0,56.40734235050781,boost_5y_absolute,True
2022-10-08 04:00:00+00:00,2022-10-19 06:00:00+00:00,2022-10-19 02:00:00-04:00,267,37.0,55.636655255712085,boost_5y_absolute,True
2022-10-08 04:00:00+00:00,2022-10-19 07:00:00+00:00,2022-10-19 03:00:00-04:00,268,36.0,54.93581308240514,boost_5y_absolute,True
2022-10-08 04:00:00+00:00,2022-10-19 08:00:00+00:00,2022-10-19 04:00:00-04:00,269,36.0,54.58825979208848,boost_5y_absolute,True
2022-10-08 04:00:00+00:00,2022-10-19 09:00:00+00:00,2022-10-19 05:00:00-04:00,270,36.0,54.213657137310584,boost_5y_absolute,True
2022-10-08 04:00:00+00:00,2022-10-19 10:00:00+00:00,2022-10-19 06:00:00-04:00,271,34.0,53.82919286577443,boost_5y_absolute,True
2022-10-08 04:00:00+00:00,2022-10-19 11:00:00+00:00,2022-10-19 07:00:00-04:00,272,34.0,53.77925090216319,boost_5y_absolute,True
2022-10-08 04:00:00+00:00,2022-10-19 12:00:00+00:00,2022-10-19 08:00:00-04:00,273,41.0,57.07909291948137,boost_5y_absolute,True
2022-10-08 04:00:00+00:00,2022-10-19 13:00:00+00:00,2022-10-19 09:00:00-04:00,274,46.0,61.00289949782419,boost_5y_absolute,True
2022-10-08 04:00:00+00:00,2022-10-19 14:00:00+00:00,2022-10-19 10:00:00-04:00,275,51.0,64.23920305846582,boost_5y_absolute,True
2022-10-08 04:00:00+00:00,2022-10-19 15:00:00+00:00,2022-10-19 11:00:00-04:00,276,53.0,66.50098936780572,boost_5y_absolute,True
2022-10-08 04:00:00+00:00,2022-10-19 16:00:00+00:00,2022-10-19 12:00:00-04:00,277,57.0,68.49037355498338,boost_5y_absolute,True
2022-10-08 04:00:00+00:00,2022-10-19 17:00:00+00:00,2022-10-19 13:00:00-04:00,278,57.0,69.90620466644448,boost_5y_absolute,True
2022-10-08 04:00:00+00:00,2022-10-19 18:00:00+00:00,2022-10-19 14:00:00-04:00,279,58.0,70.6569683746819,boost_5y_absolute,True
2022-10-08 04:00:00+00:00,2022-10-19 19:00:00+00:00,2022-10-19 15:00:00-04:00,280,59.0,70.86969985498403,boost_5y_absolute,True
2022-10-08 04:00:00+00:00,2022-10-19 20:00:00+00:00,2022-10-19 16:00:00-04:00,281,59.0,70.43968882690324,boost_5y_absolute,True
2022-10-08 04:00:00+00:00,2022-10-19 21:00:00+00:00,2022-10-19 17:00:00-04:00,282,57.0,68.46461362102536,boost_5y_absolute,True
2022-10-08 04:00:00+00:00,2022-10-19 22:00:00+00:00,2022-10-19 18:00:00-04:00,283,51.0,64.07770869031543,boost_5y_absolute,True
2022-10-08 04:00:00+00:00,2022-10-19 23:00:00+00:00,2022-10-19 19:00:00-04:00,284,47.0,61.422142584611436,boost_5y_absolute,True
2022-10-08 04:00:00+00:00,2022-10-20 00:00:00+00:00,2022-10-19 20:00:00-04:00,285,44.0,60.07553831808039,boost_5y_absolute,True
2022-10-08 04:00:00+00:00,2022-10-20 01:00:00+00:00,2022-10-19 21:00:00-04:00,286,44.0,58.716003088155134,boost_5y_absolute,True
2022-10-08 04:00:00+00:00,2022-10-20 02:00:00+00:00,2022-10-19 22:00:00-04:00,287,41.0,57.783712237040916,boost_5y_absolute,True
2022-10-08 04:00:00+00:00,2022-10-20 03:00:00+00:00,2022-10-19 23:00:00-04:00,288,41.0,56.846336527029884,boost_5y_absolute,True
2022-10-08 04:00:00+00:00,2022-10-20 04:00:00+00:00,2022-10-20 00:00:00-04:00,289,39.0,56.03380969788673,boost_5y_absolute,True
2022-10-08 04:00:00+00:00,2022-10-20 05:00:00+00:00,2022-10-20 01:00:00-04:00,290,38.0,55.66898245641593,boost_5y_absolute,True
2022-10-08 04:00:00+00:00,2022-10-20 06:00:00+00:00,2022-10-20 02:00:00-04:00,291,39.0,54.96034318289201,boost_5y_absolute,True
2022-10-08 04:00:00+00:00,2022-10-20 07:00:00+00:00,2022-10-20 03:00:00-04:00,292,37.0,54.3302499386027,boost_5y_absolute,True
2022-10-08 04:00:00+00:00,2022-10-20 08:00:00+00:00,2022-10-20 04:00:00-04:00,293,37.0,53.967916490996885,boost_5y_absolute,True
2022-10-08 04:00:00+00:00,2022-10-20 09:00:00+00:00,2022-10-20 05:00:00-04:00,294,36.0,53.68582259068664,boost_5y_absolute,True
2022-10-08 04:00:00+00:00,2022-10-20 10:00:00+00:00,2022-10-20 06:00:00-04:00,295,36.0,53.272408947039715,boost_5y_absolute,True
2022-10-08 04:00:00+00:00,2022-10-20 11:00:00+00:00,2022-10-20 07:00:00-04:00,296,35.0,53.25987011496904,boost_5y_absolute,True
2022-10-08 04:00:00+00:00,2022-10-20 12:00:00+00:00,2022-10-20 08:00:00-04:00,297,43.0,56.58533992422942,boost_5y_absolute,True
2022-10-08 04:00:00+00:00,2022-10-20 13:00:00+00:00,2022-10-20 09:00:00-04:00,298,51.0,60.44657051264061,boost_5y_absolute,True
2022-10-08 04:00:00+00:00,2022-10-20 14:00:00+00:00,2022-10-20 10:00:00-04:00,299,56.0,63.69983536168313,boost_5y_absolute,True
2022-10-08 04:00:00+00:00,2022-10-20 15:00:00+00:00,2022-10-20 11:00:00-04:00,300,62.0,65.95486571075246,boost_5y_absolute,True
2022-10-08 04:00:00+00:00,2022-10-20 16:00:00+00:00,2022-10-20 12:00:00-04:00,301,64.0,68.09478776922397,boost_5y_absolute,True
2022-10-08 04:00:00+00:00,2022-10-20 17:00:00+00:00,2022-10-20 13:00:00-04:00,302,65.0,69.63990027054132,boost_5y_absolute,True
2022-10-08 04:00:00+00:00,2022-10-20 18:00:00+00:00,2022-10-20 14:00:00-04:00,303,66.0,70.49928446571761,boost_5y_absolute,True
2022-10-08 04:00:00+00:00,2022-10-20 19:00:00+00:00,2022-10-20 15:00:00-04:00,304,66.0,70.77828285689299,boost_5y_absolute,True
2022-10-08 04:00:00+00:00,2022-10-20 20:00:00+00:00,2022-10-20 16:00:00-04:00,305,65.0,70.28199068854954,boost_5y_absolute,True
2022-10-08 04:00:00+00:00,2022-10-20 21:00:00+00:00,2022-10-20 17:00:00-04:00,306,63.0,68.24280851724329,boost_5y_absolute,True
2022-10-08 04:00:00+00:00,2022-10-20 22:00:00+00:00,2022-10-20 18:00:00-04:00,307,59.0,63.74696587288039,boost_5y_absolute,True
2022-10-08 04:00:00+00:00,2022-10-20 23:00:00+00:00,2022-10-20 19:00:00-04:00,308,55.0,61.07384661763431,boost_5y_absolute,True
2022-10-08 04:00:00+00:00,2022-10-21 00:00:00+00:00,2022-10-20 20:00:00-04:00,309,50.0,59.67671126964181,boost_5y_absolute,True
2022-10-08 04:00:00+00:00,2022-10-21 01:00:00+00:00,2022-10-20 21:00:00-04:00,310,50.0,58.417070088869764,boost_5y_absolute,True
2022-10-08 04:00:00+00:00,2022-10-21 02:00:00+00:00,2022-10-20 22:00:00-04:00,311,49.0,57.39461119304266,boost_5y_absolute,True
2022-10-08 04:00:00+00:00,2022-10-21 03:00:00+00:00,2022-10-20 23:00:00-04:00,312,46.0,56.41791506839233,boost_5y_absolute,True
2022-10-08 04:00:00+00:00,2022-10-21 04:00:00+00:00,2022-10-21 00:00:00-04:00,313,45.0,55.55357801833704,boost_5y_absolute,True
2022-10-08 04:00:00+00:00,2022-10-21 05:00:00+00:00,2022-10-21 01:00:00-04:00,314,42.0,55.113987366337945,boost_5y_absolute,True
2022-10-08 04:00:00+00:00,2022-10-21 06:00:00+00:00,2022-10-21 02:00:00-04:00,315,39.0,54.380262723846684,boost_5y_absolute,True
2022-10-08 04:00:00+00:00,2022-10-21 07:00:00+00:00,2022-10-21 03:00:00-04:00,316,39.0,53.74495844919476,boost_5y_absolute,True
2022-10-08 04:00:00+00:00,2022-10-21 08:00:00+00:00,2022-10-21 04:00:00-04:00,317,38.0,53.350043163273476,boost_5y_absolute,True
2022-10-08 04:00:00+00:00,2022-10-21 09:00:00+00:00,2022-10-21 05:00:00-04:00,318,37.0,53.027838865015646,boost_5y_absolute,True
2022-10-08 04:00:00+00:00,2022-10-21 10:00:00+00:00,2022-10-21 06:00:00-04:00,319,37.0,52.57375374324701,boost_5y_absolute,True
2022-10-08 04:00:00+00:00,2022-10-21 11:00:00+00:00,2022-10-21 07:00:00-04:00,320,37.0,52.59182769035854,boost_5y_absolute,True
2022-10-08 04:00:00+00:00,2022-10-21 12:00:00+00:00,2022-10-21 08:00:00-04:00,321,45.0,56.07303463794428,boost_5y_absolute,True
2022-10-08 04:00:00+00:00,2022-10-21 13:00:00+00:00,2022-10-21 09:00:00-04:00,322,52.0,59.98530037675954,boost_5y_absolute,True
2022-10-08 04:00:00+00:00,2022-10-21 14:00:00+00:00,2022-10-21 10:00:00-04:00,323,58.0,63.41308258539636,boost_5y_absolute,True
2022-10-08 04:00:00+00:00,2022-10-21 15:00:00+00:00,2022-10-21 11:00:00-04:00,324,64.0,65.81161480305273,boost_5y_absolute,True
2022-10-08 04:00:00+00:00,2022-10-21 16:00:00+00:00,2022-10-21 12:00:00-04:00,325,66.0,68.0586176988617,boost_5y_absolute,True
2022-10-08 04:00:00+00:00,2022-10-21 17:00:00+00:00,2022-10-21 13:00:00-04:00,326,67.0,69.61663320629485,boost_5y_absolute,True
2022-10-08 04:00:00+00:00,2022-10-21 18:00:00+00:00,2022-10-21 14:00:00-04:00,327,70.0,70.50010996583637,boost_5y_absolute,True
2022-10-08 04:00:00+00:00,2022-10-21 19:00:00+00:00,2022-10-21 15:00:00-04:00,328,69.0,70.79187858898808,boost_5y_absolute,True
2022-10-08 04:00:00+00:00,2022-10-21 20:00:00+00:00,2022-10-21 16:00:00-04:00,329,68.0,70.18892314789474,boost_5y_absolute,True
2022-10-08 04:00:00+00:00,2022-10-21 21:00:00+00:00,2022-10-21 17:00:00-04:00,330,67.0,68.0663195384594,boost_5y_absolute,True
2022-10-08 04:00:00+00:00,2022-10-21 22:00:00+00:00,2022-10-21 18:00:00-04:00,331,57.0,63.59339313177144,boost_5y_absolute,True
2022-10-08 04:00:00+00:00,2022-10-21 23:00:00+00:00,2022-10-21 19:00:00-04:00,332,52.0,60.95461628937159,boost_5y_absolute,True
2022-10-08 04:00:00+00:00,2022-10-22 00:00:00+00:00,2022-10-21 20:00:00-04:00,333,52.0,59.519339307700946,boost_5y_absolute,True
2022-10-08 04:00:00+00:00,2022-10-22 01:00:00+00:00,2022-10-21 21:00:00-04:00,334,50.0,58.26315205909,boost_5y_absolute,True
2022-10-08 04:00:00+00:00,2022-10-22 02:00:00+00:00,2022-10-21 22:00:00-04:00,335,46.0,57.25917885969487,boost_5y_absolute,True
2022-10-08 04:00:00+00:00,2022-10-22 03:00:00+00:00,2022-10-21 23:00:00-04:00,336,46.0,56.242646118662535,boost_5y_absolute,True
2023-08-27 04:00:00+00:00,2023-08-27 04:00:00+00:00,2023-08-27 00:00:00-04:00,1,81.0,76.35812676913243,boost_5y_absolute,True
2023-08-27 04:00:00+00:00,2023-08-27 05:00:00+00:00,2023-08-27 01:00:00-04:00,2,81.0,75.14367682033112,boost_5y_absolute,True
2023-08-27 04:00:00+00:00,2023-08-27 06:00:00+00:00,2023-08-27 02:00:00-04:00,3,79.0,74.27054662741595,boost_5y_absolute,True
2023-08-27 04:00:00+00:00,2023-08-27 07:00:00+00:00,2023-08-27 03:00:00-04:00,4,80.0,73.51532904350603,boost_5y_absolute,True
2023-08-27 04:00:00+00:00,2023-08-27 08:00:00+00:00,2023-08-27 04:00:00-04:00,5,78.0,72.8660785114453,boost_5y_absolute,True
2023-08-27 04:00:00+00:00,2023-08-27 09:00:00+00:00,2023-08-27 05:00:00-04:00,6,76.0,72.46902192594014,boost_5y_absolute,True
2023-08-27 04:00:00+00:00,2023-08-27 10:00:00+00:00,2023-08-27 06:00:00-04:00,7,76.0,71.67901087804145,boost_5y_absolute,True
2023-08-27 04:00:00+00:00,2023-08-27 11:00:00+00:00,2023-08-27 07:00:00-04:00,8,77.0,74.41497601208013,boost_5y_absolute,True
2023-08-27 04:00:00+00:00,2023-08-27 12:00:00+00:00,2023-08-27 08:00:00-04:00,9,78.0,78.42345264308935,boost_5y_absolute,True
2023-08-27 04:00:00+00:00,2023-08-27 13:00:00+00:00,2023-08-27 09:00:00-04:00,10,81.0,82.49279098834211,boost_5y_absolute,True
2023-08-27 04:00:00+00:00,2023-08-27 14:00:00+00:00,2023-08-27 10:00:00-04:00,11,83.0,85.95922661671915,boost_5y_absolute,True
2023-08-27 04:00:00+00:00,2023-08-27 15:00:00+00:00,2023-08-27 11:00:00-04:00,12,87.0,88.37046364107472,boost_5y_absolute,True
2023-08-27 04:00:00+00:00,2023-08-27 16:00:00+00:00,2023-08-27 12:00:00-04:00,13,89.0,90.47685021588099,boost_5y_absolute,True
2023-08-27 04:00:00+00:00,2023-08-27 17:00:00+00:00,2023-08-27 13:00:00-04:00,14,89.0,92.13266821703169,boost_5y_absolute,True
2023-08-27 04:00:00+00:00,2023-08-27 18:00:00+00:00,2023-08-27 14:00:00-04:00,15,90.0,92.53282581308255,boost_5y_absolute,True
2023-08-27 04:00:00+00:00,2023-08-27 19:00:00+00:00,2023-08-27 15:00:00-04:00,16,93.0,92.01101260330944,boost_5y_absolute,True
2023-08-27 04:00:00+00:00,2023-08-27 20:00:00+00:00,2023-08-27 16:00:00-04:00,17,92.0,91.58686172944941,boost_5y_absolute,True
2023-08-27 04:00:00+00:00,2023-08-27 21:00:00+00:00,2023-08-27 17:00:00-04:00,18,89.0,90.00044977493845,boost_5y_absolute,True
2023-08-27 04:00:00+00:00,2023-08-27 22:00:00+00:00,2023-08-27 18:00:00-04:00,19,88.0,87.88542889722751,boost_5y_absolute,True
2023-08-27 04:00:00+00:00,2023-08-27 23:00:00+00:00,2023-08-27 19:00:00-04:00,20,85.0,84.18310879134353,boost_5y_absolute,True
2023-08-27 04:00:00+00:00,2023-08-28 00:00:00+00:00,2023-08-27 20:00:00-04:00,21,84.0,81.26106768354822,boost_5y_absolute,True
2023-08-27 04:00:00+00:00,2023-08-28 01:00:00+00:00,2023-08-27 21:00:00-04:00,22,78.0,79.68373672899688,boost_5y_absolute,True
2023-08-27 04:00:00+00:00,2023-08-28 02:00:00+00:00,2023-08-27 22:00:00-04:00,23,77.0,78.19060614977732,boost_5y_absolute,True
2023-08-27 04:00:00+00:00,2023-08-28 03:00:00+00:00,2023-08-27 23:00:00-04:00,24,76.0,77.07092660515225,boost_5y_absolute,True
2023-08-27 04:00:00+00:00,2023-08-28 04:00:00+00:00,2023-08-28 00:00:00-04:00,25,76.0,76.29103306994698,boost_5y_absolute,True
2023-08-27 04:00:00+00:00,2023-08-28 05:00:00+00:00,2023-08-28 01:00:00-04:00,26,76.0,75.20917717829832,boost_5y_absolute,True
2023-08-27 04:00:00+00:00,2023-08-28 06:00:00+00:00,2023-08-28 02:00:00-04:00,27,76.0,74.2995786258479,boost_5y_absolute,True
2023-08-27 04:00:00+00:00,2023-08-28 07:00:00+00:00,2023-08-28 03:00:00-04:00,28,76.0,73.46734740259372,boost_5y_absolute,True
2023-08-27 04:00:00+00:00,2023-08-28 08:00:00+00:00,2023-08-28 04:00:00-04:00,29,76.0,72.86497718765274,boost_5y_absolute,True
2023-08-27 04:00:00+00:00,2023-08-28 09:00:00+00:00,2023-08-28 05:00:00-04:00,30,75.0,72.49293431816118,boost_5y_absolute,True
2023-08-27 04:00:00+00:00,2023-08-28 10:00:00+00:00,2023-08-28 06:00:00-04:00,31,76.0,71.83395101070624,boost_5y_absolute,True
2023-08-27 04:00:00+00:00,2023-08-28 11:00:00+00:00,2023-08-28 07:00:00-04:00,32,76.0,74.35149864530771,boost_5y_absolute,True
2023-08-27 04:00:00+00:00,2023-08-28 12:00:00+00:00,2023-08-28 08:00:00-04:00,33,77.0,78.03640102606929,boost_5y_absolute,True
2023-08-27 04:00:00+00:00,2023-08-28 13:00:00+00:00,2023-08-28 09:00:00-04:00,34,80.0,81.89779833358317,boost_5y_absolute,True
2023-08-27 04:00:00+00:00,2023-08-28 14:00:00+00:00,2023-08-28 10:00:00-04:00,35,81.0,85.06909998236446,boost_5y_absolute,True
2023-08-27 04:00:00+00:00,2023-08-28 15:00:00+00:00,2023-08-28 11:00:00-04:00,36,80.0,87.53321115900353,boost_5y_absolute,True
2023-08-27 04:00:00+00:00,2023-08-28 16:00:00+00:00,2023-08-28 12:00:00-04:00,37,87.0,89.56816094457243,boost_5y_absolute,True
2023-08-27 04:00:00+00:00,2023-08-28 17:00:00+00:00,2023-08-28 13:00:00-04:00,38,86.0,91.0918403266347,boost_5y_absolute,True
2023-08-27 04:00:00+00:00,2023-08-28 18:00:00+00:00,2023-08-28 14:00:00-04:00,39,88.0,91.63680126602314,boost_5y_absolute,True
2023-08-27 04:00:00+00:00,2023-08-28 19:00:00+00:00,2023-08-28 15:00:00-04:00,40,88.0,91.09407814126119,boost_5y_absolute,True
2023-08-27 04:00:00+00:00,2023-08-28 20:00:00+00:00,2023-08-28 16:00:00-04:00,41,86.0,90.55273530114789,boost_5y_absolute,True
2023-08-27 04:00:00+00:00,2023-08-28 21:00:00+00:00,2023-08-28 17:00:00-04:00,42,84.0,89.0652169858382,boost_5y_absolute,True
2023-08-27 04:00:00+00:00,2023-08-28 22:00:00+00:00,2023-08-28 18:00:00-04:00,43,81.0,86.97434306628455,boost_5y_absolute,True
2023-08-27 04:00:00+00:00,2023-08-28 23:00:00+00:00,2023-08-28 19:00:00-04:00,44,80.0,83.33439166001973,boost_5y_absolute,True
2023-08-27 04:00:00+00:00,2023-08-29 00:00:00+00:00,2023-08-28 20:00:00-04:00,45,78.0,80.55667899651384,boost_5y_absolute,True
2023-08-27 04:00:00+00:00,2023-08-29 01:00:00+00:00,2023-08-28 21:00:00-04:00,46,77.0,79.0754349176344,boost_5y_absolute,True
2023-08-27 04:00:00+00:00,2023-08-29 02:00:00+00:00,2023-08-28 22:00:00-04:00,47,77.0,77.66107401983356,boost_5y_absolute,True
2023-08-27 04:00:00+00:00,2023-08-29 03:00:00+00:00,2023-08-28 23:00:00-04:00,48,76.0,76.56316145161743,boost_5y_absolute,True
2023-08-27 04:00:00+00:00,2023-08-29 04:00:00+00:00,2023-08-29 00:00:00-04:00,49,75.0,75.54219254027609,boost_5y_absolute,True
2023-08-27 04:00:00+00:00,2023-08-29 05:00:00+00:00,2023-08-29 01:00:00-04:00,50,75.0,74.54784514734978,boost_5y_absolute,True
2023-08-27 04:00:00+00:00,2023-08-29 06:00:00+00:00,2023-08-29 02:00:00-04:00,51,74.0,73.60322012410997,boost_5y_absolute,True
2023-08-27 04:00:00+00:00,2023-08-29 07:00:00+00:00,2023-08-29 03:00:00-04:00,52,74.0,72.89174216749406,boost_5y_absolute,True
2023-08-27 04:00:00+00:00,2023-08-29 08:00:00+00:00,2023-08-29 04:00:00-04:00,53,74.0,72.2615563243953,boost_5y_absolute,True
2023-08-27 04:00:00+00:00,2023-08-29 09:00:00+00:00,2023-08-29 05:00:00-04:00,54,74.0,71.85657458115922,boost_5y_absolute,True
2023-08-27 04:00:00+00:00,2023-08-29 10:00:00+00:00,2023-08-29 06:00:00-04:00,55,74.0,71.24321430740918,boost_5y_absolute,True
2023-08-27 04:00:00+00:00,2023-08-29 11:00:00+00:00,2023-08-29 07:00:00-04:00,56,74.0,73.7071922577921,boost_5y_absolute,True
2023-08-27 04:00:00+00:00,2023-08-29 12:00:00+00:00,2023-08-29 08:00:00-04:00,57,75.0,77.45030668984884,boost_5y_absolute,True
2023-08-27 04:00:00+00:00,2023-08-29 13:00:00+00:00,2023-08-29 09:00:00-04:00,58,76.0,81.17946349532139,boost_5y_absolute,True
2023-08-27 04:00:00+00:00,2023-08-29 14:00:00+00:00,2023-08-29 10:00:00-04:00,59,78.0,84.25119941561074,boost_5y_absolute,True
2023-08-27 04:00:00+00:00,2023-08-29 15:00:00+00:00,2023-08-29 11:00:00-04:00,60,80.0,86.54479202591442,boost_5y_absolute,True
2023-08-27 04:00:00+00:00,2023-08-29 16:00:00+00:00,2023-08-29 12:00:00-04:00,61,83.0,88.44395504170791,boost_5y_absolute,True
2023-08-27 04:00:00+00:00,2023-08-29 17:00:00+00:00,2023-08-29 13:00:00-04:00,62,86.0,90.01312722954457,boost_5y_absolute,True
2023-08-27 04:00:00+00:00,2023-08-29 18:00:00+00:00,2023-08-29 14:00:00-04:00,63,90.0,90.51631496213066,boost_5y_absolute,True
2023-08-27 04:00:00+00:00,2023-08-29 19:00:00+00:00,2023-08-29 15:00:00-04:00,64,92.0,89.83820641745014,boost_5y_absolute,True
2023-08-27 04:00:00+00:00,2023-08-29 20:00:00+00:00,2023-08-29 16:00:00-04:00,65,91.0,89.259381095194,boost_5y_absolute,True
2023-08-27 04:00:00+00:00,2023-08-29 21:00:00+00:00,2023-08-29 17:00:00-04:00,66,90.0,87.87090387928042,boost_5y_absolute,True
2023-08-27 04:00:00+00:00,2023-08-29 22:00:00+00:00,2023-08-29 18:00:00-04:00,67,88.0,85.83645423560989,boost_5y_absolute,True
2023-08-27 04:00:00+00:00,2023-08-29 23:00:00+00:00,2023-08-29 19:00:00-04:00,68,81.0,82.35839718767829,boost_5y_absolute,True
2023-08-27 04:00:00+00:00,2023-08-30 00:00:00+00:00,2023-08-29 20:00:00-04:00,69,75.0,79.6861823095612,boost_5y_absolute,True
2023-08-27 04:00:00+00:00,2023-08-30 01:00:00+00:00,2023-08-29 21:00:00-04:00,70,76.0,78.3160451049182,boost_5y_absolute,True
2023-08-27 04:00:00+00:00,2023-08-30 02:00:00+00:00,2023-08-29 22:00:00-04:00,71,77.0,76.93716175507609,boost_5y_absolute,True
2023-08-27 04:00:00+00:00,2023-08-30 03:00:00+00:00,2023-08-29 23:00:00-04:00,72,76.0,75.92158524251816,boost_5y_absolute,True
2023-08-27 04:00:00+00:00,2023-08-30 04:00:00+00:00,2023-08-30 00:00:00-04:00,73,75.0,74.747711544098,boost_5y_absolute,True
2023-08-27 04:00:00+00:00,2023-08-30 05:00:00+00:00,2023-08-30 01:00:00-04:00,74,75.0,73.86247153814574,boost_5y_absolute,True
2023-08-27 04:00:00+00:00,2023-08-30 06:00:00+00:00,2023-08-30 02:00:00-04:00,75,74.0,72.91015795598089,boost_5y_absolute,True
2023-08-27 04:00:00+00:00,2023-08-30 07:00:00+00:00,2023-08-30 03:00:00-04:00,76,74.0,72.34675654986343,boost_5y_absolute,True
2023-08-27 04:00:00+00:00,2023-08-30 08:00:00+00:00,2023-08-30 04:00:00-04:00,77,74.0,71.76603478374153,boost_5y_absolute,True
2023-08-27 04:00:00+00:00,2023-08-30 09:00:00+00:00,2023-08-30 05:00:00-04:00,78,74.0,71.39662903070322,boost_5y_absolute,True
2023-08-27 04:00:00+00:00,2023-08-30 10:00:00+00:00,2023-08-30 06:00:00-04:00,79,74.0,71.15879064770758,boost_5y_absolute,True
2023-08-27 04:00:00+00:00,2023-08-30 11:00:00+00:00,2023-08-30 07:00:00-04:00,80,75.0,73.14708921889059,boost_5y_absolute,True
2023-08-27 04:00:00+00:00,2023-08-30 12:00:00+00:00,2023-08-30 08:00:00-04:00,81,76.0,76.84071201804555,boost_5y_absolute,True
2023-08-27 04:00:00+00:00,2023-08-30 13:00:00+00:00,2023-08-30 09:00:00-04:00,82,78.0,80.29094586629132,boost_5y_absolute,True
2023-08-27 04:00:00+00:00,2023-08-30 14:00:00+00:00,2023-08-30 10:00:00-04:00,83,83.0,83.2349481694,boost_5y_absolute,True
2023-08-27 04:00:00+00:00,2023-08-30 15:00:00+00:00,2023-08-30 11:00:00-04:00,84,84.0,85.58479109280536,boost_5y_absolute,True
2023-08-27 04:00:00+00:00,2023-08-30 16:00:00+00:00,2023-08-30 12:00:00-04:00,85,86.0,87.32328613867276,boost_5y_absolute,True
2023-08-27 04:00:00+00:00,2023-08-30 17:00:00+00:00,2023-08-30 13:00:00-04:00,86,87.0,88.66627422533546,boost_5y_absolute,True
2023-08-27 04:00:00+00:00,2023-08-30 18:00:00+00:00,2023-08-30 14:00:00-04:00,87,86.0,89.27237573784467,boost_5y_absolute,True
2023-08-27 04:00:00+00:00,2023-08-30 19:00:00+00:00,2023-08-30 15:00:00-04:00,88,83.0,89.0963139584138,boost_5y_absolute,True
2023-08-27 04:00:00+00:00,2023-08-30 20:00:00+00:00,2023-08-30 16:00:00-04:00,89,81.0,88.46418119243843,boost_5y_absolute,True
2023-08-27 04:00:00+00:00,2023-08-30 21:00:00+00:00,2023-08-30 17:00:00-04:00,90,80.0,87.03620317437574,boost_5y_absolute,True
2023-08-27 04:00:00+00:00,2023-08-30 22:00:00+00:00,2023-08-30 18:00:00-04:00,91,79.0,85.06839060754166,boost_5y_absolute,True
2023-08-27 04:00:00+00:00,2023-08-30 23:00:00+00:00,2023-08-30 19:00:00-04:00,92,78.0,81.48397309813038,boost_5y_absolute,True
2023-08-27 04:00:00+00:00,2023-08-31 00:00:00+00:00,2023-08-30 20:00:00-04:00,93,77.0,78.8690492751777,boost_5y_absolute,True
2023-08-27 04:00:00+00:00,2023-08-31 01:00:00+00:00,2023-08-30 21:00:00-04:00,94,76.0,77.47825437287877,boost_5y_absolute,True
2023-08-27 04:00:00+00:00,2023-08-31 02:00:00+00:00,2023-08-30 22:00:00-04:00,95,75.0,76.10483534961499,boost_5y_absolute,True
2023-08-27 04:00:00+00:00,2023-08-31 03:00:00+00:00,2023-08-30 23:00:00-04:00,96,74.0,75.33125200865041,boost_5y_absolute,True
2023-08-27 04:00:00+00:00,2023-08-31 04:00:00+00:00,2023-08-31 00:00:00-04:00,97,74.0,74.04521440949313,boost_5y_absolute,True
2023-08-27 04:00:00+00:00,2023-08-31 05:00:00+00:00,2023-08-31 01:00:00-04:00,98,73.0,73.2684984325115,boost_5y_absolute,True
2023-08-27 04:00:00+00:00,2023-08-31 06:00:00+00:00,2023-08-31 02:00:00-04:00,99,72.0,72.22032580282198,boost_5y_absolute,True
2023-08-27 04:00:00+00:00,2023-08-31 07:00:00+00:00,2023-08-31 03:00:00-04:00,100,70.0,71.73026237493877,boost_5y_absolute,True
2023-08-27 04:00:00+00:00,2023-08-31 08:00:00+00:00,2023-08-31 04:00:00-04:00,101,68.0,71.15421540965843,boost_5y_absolute,True
2023-08-27 04:00:00+00:00,2023-08-31 09:00:00+00:00,2023-08-31 05:00:00-04:00,102,66.0,70.74171311482964,boost_5y_absolute,True
2023-08-27 04:00:00+00:00,2023-08-31 10:00:00+00:00,2023-08-31 06:00:00-04:00,103,66.0,70.49460913929865,boost_5y_absolute,True
2023-08-27 04:00:00+00:00,2023-08-31 11:00:00+00:00,2023-08-31 07:00:00-04:00,104,67.0,72.59086704392207,boost_5y_absolute,True
2023-08-27 04:00:00+00:00,2023-08-31 12:00:00+00:00,2023-08-31 08:00:00-04:00,105,69.0,76.4453498765714,boost_5y_absolute,True
2023-08-27 04:00:00+00:00,2023-08-31 13:00:00+00:00,2023-08-31 09:00:00-04:00,106,70.0,79.85373002884074,boost_5y_absolute,True
2023-08-27 04:00:00+00:00,2023-08-31 14:00:00+00:00,2023-08-31 10:00:00-04:00,107,73.0,82.752614797828,boost_5y_absolute,True
2023-08-27 04:00:00+00:00,2023-08-31 15:00:00+00:00,2023-08-31 11:00:00-04:00,108,76.0,85.13605498883322,boost_5y_absolute,True
2023-08-27 04:00:00+00:00,2023-08-31 16:00:00+00:00,2023-08-31 12:00:00-04:00,109,80.0,86.71139634185857,boost_5y_absolute,True
2023-08-27 04:00:00+00:00,2023-08-31 17:00:00+00:00,2023-08-31 13:00:00-04:00,110,80.0,87.96425736391406,boost_5y_absolute,True
2023-08-27 04:00:00+00:00,2023-08-31 18:00:00+00:00,2023-08-31 14:00:00-04:00,111,81.0,88.59664428779888,boost_5y_absolute,True
2023-08-27 04:00:00+00:00,2023-08-31 19:00:00+00:00,2023-08-31 15:00:00-04:00,112,82.0,88.46425062350797,boost_5y_absolute,True
2023-08-27 04:00:00+00:00,2023-08-31 20:00:00+00:00,2023-08-31 16:00:00-04:00,113,81.0,87.81288183088417,boost_5y_absolute,True
2023-08-27 04:00:00+00:00,2023-08-31 21:00:00+00:00,2023-08-31 17:00:00-04:00,114,81.0,86.43469771845439,boost_5y_absolute,True
2023-08-27 04:00:00+00:00,2023-08-31 22:00:00+00:00,2023-08-31 18:00:00-04:00,115,79.0,84.32707439130161,boost_5y_absolute,True
2023-08-27 04:00:00+00:00,2023-08-31 23:00:00+00:00,2023-08-31 19:00:00-04:00,116,72.0,80.7445556535161,boost_5y_absolute,True
2023-08-27 04:00:00+00:00,2023-09-01 00:00:00+00:00,2023-08-31 20:00:00-04:00,117,71.0,78.06173167195539,boost_5y_absolute,True
2023-08-27 04:00:00+00:00,2023-09-01 01:00:00+00:00,2023-08-31 21:00:00-04:00,118,69.0,76.96757156820131,boost_5y_absolute,True
2023-08-27 04:00:00+00:00,2023-09-01 02:00:00+00:00,2023-08-31 22:00:00-04:00,119,65.0,75.70384630305624,boost_5y_absolute,True
2023-08-27 04:00:00+00:00,2023-09-01 03:00:00+00:00,2023-08-31 23:00:00-04:00,120,64.0,74.9100758411592,boost_5y_absolute,True
2023-08-27 04:00:00+00:00,2023-09-01 04:00:00+00:00,2023-09-01 00:00:00-04:00,121,62.0,73.26929228849463,boost_5y_absolute,True
2023-08-27 04:00:00+00:00,2023-09-01 05:00:00+00:00,2023-09-01 01:00:00-04:00,122,61.0,72.42585349180106,boost_5y_absolute,True
2023-08-27 04:00:00+00:00,2023-09-01 06:00:00+00:00,2023-09-01 02:00:00-04:00,123,62.0,71.4310511151809,boost_5y_absolute,True
2023-08-27 04:00:00+00:00,2023-09-01 07:00:00+00:00,2023-09-01 03:00:00-04:00,124,61.0,70.90146025988115,boost_5y_absolute,True
2023-08-27 04:00:00+00:00,2023-09-01 08:00:00+00:00,2023-09-01 04:00:00-04:00,125,59.0,70.42790389055715,boost_5y_absolute,True
2023-08-27 04:00:00+00:00,2023-09-01 09:00:00+00:00,2023-09-01 05:00:00-04:00,126,58.0,70.00298649352752,boost_5y_absolute,True
2023-08-27 04:00:00+00:00,2023-09-01 10:00:00+00:00,2023-09-01 06:00:00-04:00,127,61.0,69.79089930360819,boost_5y_absolute,True
2023-08-27 04:00:00+00:00,2023-09-01 11:00:00+00:00,2023-09-01 07:00:00-04:00,128,62.0,71.85844384978289,boost_5y_absolute,True
2023-08-27 04:00:00+00:00,2023-09-01 12:00:00+00:00,2023-09-01 08:00:00-04:00,129,66.0,75.74804302594367,boost_5y_absolute,True
2023-08-27 04:00:00+00:00,2023-09-01 13:00:00+00:00,2023-09-01 09:00:00-04:00,130,72.0,79.02253200956304,boost_5y_absolute,True
2023-08-27 04:00:00+00:00,2023-09-01 14:00:00+00:00,2023-09-01 10:00:00-04:00,131,75.0,81.80785216536918,boost_5y_absolute,True
2023-08-27 04:00:00+00:00,2023-09-01 15:00:00+00:00,2023-09-01 11:00:00-04:00,132,78.0,84.00713736197363,boost_5y_absolute,True
2023-08-27 04:00:00+00:00,2023-09-01 16:00:00+00:00,2023-09-01 12:00:00-04:00,133,79.0,85.53300339697753,boost_5y_absolute,True
2023-08-27 04:00:00+00:00,2023-09-01 17:00:00+00:00,2023-09-01 13:00:00-04:00,134,81.0,86.84799013782508,boost_5y_absolute,True
2023-08-27 04:00:00+00:00,2023-09-01 18:00:00+00:00,2023-09-01 14:00:00-04:00,135,82.0,87.54277740623573,boost_5y_absolute,True
2023-08-27 04:00:00+00:00,2023-09-01 19:00:00+00:00,2023-09-01 15:00:00-04:00,136,82.0,87.52625391304112,boost_5y_absolute,True
2023-08-27 04:00:00+00:00,2023-09-01 20:00:00+00:00,2023-09-01 16:00:00-04:00,137,82.0,86.75467337131613,boost_5y_absolute,True
2023-08-27 04:00:00+00:00,2023-09-01 21:00:00+00:00,2023-09-01 17:00:00-04:00,138,82.0,85.42356848633918,boost_5y_absolute,True
2023-08-27 04:00:00+00:00,2023-09-01 22:00:00+00:00,2023-09-01 18:00:00-04:00,139,79.0,83.34046566555828,boost_5y_absolute,True
2023-08-27 04:00:00+00:00,2023-09-01 23:00:00+00:00,2023-09-01 19:00:00-04:00,140,76.0,79.62265487668388,boost_5y_absolute,True
2023-08-27 04:00:00+00:00,2023-09-02 00:00:00+00:00,2023-09-01 20:00:00-04:00,141,73.0,76.95415430951758,boost_5y_absolute,True
2023-08-27 04:00:00+00:00,2023-09-02 01:00:00+00:00,2023-09-01 21:00:00-04:00,142,67.0,75.86837833506834,boost_5y_absolute,True
2023-08-27 04:00:00+00:00,2023-09-02 02:00:00+00:00,2023-09-01 22:00:00-04:00,143,67.0,74.6366490835888,boost_5y_absolute,True
2023-08-27 04:00:00+00:00,2023-09-02 03:00:00+00:00,2023-09-01 23:00:00-04:00,144,65.0,73.81106006421504,boost_5y_absolute,True
2023-08-27 04:00:00+00:00,2023-09-02 04:00:00+00:00,2023-09-02 00:00:00-04:00,145,67.0,72.81739292878453,boost_5y_absolute,True
2023-08-27 04:00:00+00:00,2023-09-02 05:00:00+00:00,2023-09-02 01:00:00-04:00,146,65.0,71.98508387895068,boost_5y_absolute,True
2023-08-27 04:00:00+00:00,2023-09-02 06:00:00+00:00,2023-09-02 02:00:00-04:00,147,62.0,70.98357475173209,boost_5y_absolute,True
2023-08-27 04:00:00+00:00,2023-09-02 07:00:00+00:00,2023-09-02 03:00:00-04:00,148,60.0,70.5441214961274,boost_5y_absolute,True
2023-08-27 04:00:00+00:00,2023-09-02 08:00:00+00:00,2023-09-02 04:00:00-04:00,149,59.0,70.06838180180094,boost_5y_absolute,True
2023-08-27 04:00:00+00:00,2023-09-02 09:00:00+00:00,2023-09-02 05:00:00-04:00,150,59.0,69.67331660475612,boost_5y_absolute,True
2023-08-27 04:00:00+00:00,2023-09-02 10:00:00+00:00,2023-09-02 06:00:00-04:00,151,58.0,69.43727079535819,boost_5y_absolute,True
2023-08-27 04:00:00+00:00,2023-09-02 11:00:00+00:00,2023-09-02 07:00:00-04:00,152,63.0,71.48091888932785,boost_5y_absolute,True
2023-08-27 04:00:00+00:00,2023-09-02 12:00:00+00:00,2023-09-02 08:00:00-04:00,153,68.0,75.20748284530174,boost_5y_absolute,True
2023-08-27 04:00:00+00:00,2023-09-02 13:00:00+00:00,2023-09-02 09:00:00-04:00,154,72.0,78.4219754796576,boost_5y_absolute,True
2023-08-27 04:00:00+00:00,2023-09-02 14:00:00+00:00,2023-09-02 10:00:00-04:00,155,76.0,81.139363757169,boost_5y_absolute,True
2023-08-27 04:00:00+00:00,2023-09-02 15:00:00+00:00,2023-09-02 11:00:00-04:00,156,79.0,83.46954198846703,boost_5y_absolute,True
2023-08-27 04:00:00+00:00,2023-09-02 16:00:00+00:00,2023-09-02 12:00:00-04:00,157,81.0,84.99726175928203,boost_5y_absolute,True
2023-08-27 04:00:00+00:00,2023-09-02 17:00:00+00:00,2023-09-02 13:00:00-04:00,158,83.0,86.1444841300472,boost_5y_absolute,True
2023-08-27 04:00:00+00:00,2023-09-02 18:00:00+00:00,2023-09-02 14:00:00-04:00,159,84.0,87.00213200553914,boost_5y_absolute,True
2023-08-27 04:00:00+00:00,2023-09-02 19:00:00+00:00,2023-09-02 15:00:00-04:00,160,85.0,87.29256387406366,boost_5y_absolute,True
2023-08-27 04:00:00+00:00,2023-09-02 20:00:00+00:00,2023-09-02 16:00:00-04:00,161,85.0,86.6538618228961,boost_5y_absolute,True
2023-08-27 04:00:00+00:00,2023-09-02 21:00:00+00:00,2023-09-02 17:00:00-04:00,162,85.0,85.24374208957087,boost_5y_absolute,True
2023-08-27 04:00:00+00:00,2023-09-02 22:00:00+00:00,2023-09-02 18:00:00-04:00,163,83.0,83.1444467731094,boost_5y_absolute,True
2023-08-27 04:00:00+00:00,2023-09-02 23:00:00+00:00,2023-09-02 19:00:00-04:00,164,74.0,79.34028154709996,boost_5y_absolute,True
2023-08-27 04:00:00+00:00,2023-09-03 00:00:00+00:00,2023-09-02 20:00:00-04:00,165,74.0,76.65610008010101,boost_5y_absolute,True
2023-08-27 04:00:00+00:00,2023-09-03 01:00:00+00:00,2023-09-02 21:00:00-04:00,166,71.0,75.60913361300304,boost_5y_absolute,True
2023-08-27 04:00:00+00:00,2023-09-03 02:00:00+00:00,2023-09-02 22:00:00-04:00,167,70.0,74.42066310170416,boost_5y_absolute,True
2023-08-27 04:00:00+00:00,2023-09-03 03:00:00+00:00,2023-09-02 23:00:00-04:00,168,69.0,73.5598536887496,boost_5y_absolute,True
2023-08-27 04:00:00+00:00,2023-09-03 04:00:00+00:00,2023-09-03 00:00:00-04:00,169,65.0,72.65783049900124,boost_5y_absolute,True
2023-08-27 04:00:00+00:00,2023-09-03 05:00:00+00:00,2023-09-03 01:00:00-04:00,170,63.0,71.84403457141214,boost_5y_absolute,True
2023-08-27 04:00:00+00:00,2023-09-03 06:00:00+00:00,2023-09-03 02:00:00-04:00,171,63.0,70.86948491537356,boost_5y_absolute,True
2023-08-27 04:00:00+00:00,2023-09-03 07:00:00+00:00,2023-09-03 03:00:00-04:00,172,62.0,70.44039998574713,boost_5y_absolute,True
2023-08-27 04:00:00+00:00,2023-09-03 08:00:00+00:00,2023-09-03 04:00:00-04:00,173,62.0,69.96569825351938,boost_5y_absolute,True
2023-08-27 04:00:00+00:00,2023-09-03 09:00:00+00:00,2023-09-03 05:00:00-04:00,174,62.0,69.65468390021289,boost_5y_absolute,True
2023-08-27 04:00:00+00:00,2023-09-03 10:00:00+00:00,2023-09-03 06:00:00-04:00,175,62.0,69.35057327687605,boost_5y_absolute,True
2023-08-27 04:00:00+00:00,2023-09-03 11:00:00+00:00,2023-09-03 07:00:00-04:00,176,65.0,71.35291381657255,boost_5y_absolute,True
2023-08-27 04:00:00+00:00,2023-09-03 12:00:00+00:00,2023-09-03 08:00:00-04:00,177,72.0,74.96525962360843,boost_5y_absolute,True
2023-08-27 04:00:00+00:00,2023-09-03 13:00:00+00:00,2023-09-03 09:00:00-04:00,178,78.0,78.11102351186777,boost_5y_absolute,True
2023-08-27 04:00:00+00:00,2023-09-03 14:00:00+00:00,2023-09-03 10:00:00-04:00,179,83.0,80.78315695609987,boost_5y_absolute,True
2023-08-27 04:00:00+00:00,2023-09-03 15:00:00+00:00,2023-09-03 11:00:00-04:00,180,87.0,83.12422521136581,boost_5y_absolute,True
2023-08-27 04:00:00+00:00,2023-09-03 16:00:00+00:00,2023-09-03 12:00:00-04:00,181,89.0,84.62607866118503,boost_5y_absolute,True
2023-08-27 04:00:00+00:00,2023-09-03 17:00:00+00:00,2023-09-03 13:00:00-04:00,182,94.0,85.69459248924348,boost_5y_absolute,True
2023-08-27 04:00:00+00:00,2023-09-03 18:00:00+00:00,2023-09-03 14:00:00-04:00,183,94.0,86.6135958906504,boost_5y_absolute,True
2023-08-27 04:00:00+00:00,2023-09-03 19:00:00+00:00,2023-09-03 15:00:00-04:00,184,95.0,86.91379856169239,boost_5y_absolute,True
2023-08-27 04:00:00+00:00,2023-09-03 20:00:00+00:00,2023-09-03 16:00:00-04:00,185,93.0,86.19698563751115,boost_5y_absolute,True
2023-08-27 04:00:00+00:00,2023-09-03 21:00:00+00:00,2023-09-03 17:00:00-04:00,186,93.0,84.85371832648165,boost_5y_absolute,True
2023-08-27 04:00:00+00:00,2023-09-03 22:00:00+00:00,2023-09-03 18:00:00-04:00,187,89.0,82.77240121431448,boost_5y_absolute,True
2023-08-27 04:00:00+00:00,2023-09-03 23:00:00+00:00,2023-09-03 19:00:00-04:00,188,82.0,78.99984808431074,boost_5y_absolute,True
2023-08-27 04:00:00+00:00,2023-09-04 00:00:00+00:00,2023-09-03 20:00:00-04:00,189,80.0,76.34814718091965,boost_5y_absolute,True
2023-08-27 04:00:00+00:00,2023-09-04 01:00:00+00:00,2023-09-03 21:00:00-04:00,190,79.0,75.25718419345712,boost_5y_absolute,True
2023-08-27 04:00:00+00:00,2023-09-04 02:00:00+00:00,2023-09-03 22:00:00-04:00,191,77.0,74.13395308845365,boost_5y_absolute,True
2023-08-27 04:00:00+00:00,2023-09-04 03:00:00+00:00,2023-09-03 23:00:00-04:00,192,76.0,73.27251687514568,boost_5y_absolute,True
2023-08-27 04:00:00+00:00,2023-09-04 04:00:00+00:00,2023-09-04 00:00:00-04:00,193,71.0,72.54815709721461,boost_5y_absolute,True
2023-08-27 04:00:00+00:00,2023-09-04 05:00:00+00:00,2023-09-04 01:00:00-04:00,194,73.0,71.74468405054508,boost_5y_absolute,True
2023-08-27 04:00:00+00:00,2023-09-04 06:00:00+00:00,2023-09-04 02:00:00-04:00,195,73.0,70.79710013517995,boost_5y_absolute,True
2023-08-27 04:00:00+00:00,2023-09-04 07:00:00+00:00,2023-09-04 03:00:00-04:00,196,71.0,70.40966988706542,boost_5y_absolute,True
2023-08-27 04:00:00+00:00,2023-09-04 08:00:00+00:00,2023-09-04 04:00:00-04:00,197,71.0,69.89356709404264,boost_5y_absolute,True
2023-08-27 04:00:00+00:00,2023-09-04 09:00:00+00:00,2023-09-04 05:00:00-04:00,198,70.0,69.60100774854165,boost_5y_absolute,True
2023-08-27 04:00:00+00:00,2023-09-04 10:00:00+00:00,2023-09-04 06:00:00-04:00,199,68.0,69.34949956655115,boost_5y_absolute,True
2023-08-27 04:00:00+00:00,2023-09-04 11:00:00+00:00,2023-09-04 07:00:00-04:00,200,71.0,71.25783705682026,boost_5y_absolute,True
2023-08-27 04:00:00+00:00,2023-09-04 12:00:00+00:00,2023-09-04 08:00:00-04:00,201,80.0,74.79652949786134,boost_5y_absolute,True
2023-08-27 04:00:00+00:00,2023-09-04 13:00:00+00:00,2023-09-04 09:00:00-04:00,202,84.0,77.84586068763356,boost_5y_absolute,True
2023-08-27 04:00:00+00:00,2023-09-04 14:00:00+00:00,2023-09-04 10:00:00-04:00,203,88.0,80.55785282691768,boost_5y_absolute,True
2023-08-27 04:00:00+00:00,2023-09-04 15:00:00+00:00,2023-09-04 11:00:00-04:00,204,89.0,82.93677751447751,boost_5y_absolute,True
2023-08-27 04:00:00+00:00,2023-09-04 16:00:00+00:00,2023-09-04 12:00:00-04:00,205,93.0,84.4182976943635,boost_5y_absolute,True
2023-08-27 04:00:00+00:00,2023-09-04 17:00:00+00:00,2023-09-04 13:00:00-04:00,206,95.0,85.58330258178978,boost_5y_absolute,True
2023-08-27 04:00:00+00:00,2023-09-04 18:00:00+00:00,2023-09-04 14:00:00-04:00,207,97.0,86.44650450030956,boost_5y_absolute,True
2023-08-27 04:00:00+00:00,2023-09-04 19:00:00+00:00,2023-09-04 15:00:00-04:00,208,98.0,86.71481590147226,boost_5y_absolute,True
2023-08-27 04:00:00+00:00,2023-09-04 20:00:00+00:00,2023-09-04 16:00:00-04:00,209,98.0,86.10961019236566,boost_5y_absolute,True
2023-08-27 04:00:00+00:00,2023-09-04 21:00:00+00:00,2023-09-04 17:00:00-04:00,210,94.0,84.97827119991008,boost_5y_absolute,True
2023-08-27 04:00:00+00:00,2023-09-04 22:00:00+00:00,2023-09-04 18:00:00-04:00,211,91.0,82.72389941002717,boost_5y_absolute,True
2023-08-27 04:00:00+00:00,2023-09-04 23:00:00+00:00,2023-09-04 19:00:00-04:00,212,86.0,78.83481130113886,boost_5y_absolute,True
2023-08-27 04:00:00+00:00,2023-09-05 00:00:00+00:00,2023-09-04 20:00:00-04:00,213,83.0,76.30469810424846,boost_5y_absolute,True
2023-08-27 04:00:00+00:00,2023-09-05 01:00:00+00:00,2023-09-04 21:00:00-04:00,214,80.0,75.15952983061406,boost_5y_absolute,True
2023-08-27 04:00:00+00:00,2023-09-05 02:00:00+00:00,2023-09-04 22:00:00-04:00,215,79.0,74.08457653280726,boost_5y_absolute,True
2023-08-27 04:00:00+00:00,2023-09-05 03:00:00+00:00,2023-09-04 23:00:00-04:00,216,78.0,73.3412088255734,boost_5y_absolute,True
2023-08-27 04:00:00+00:00,2023-09-05 04:00:00+00:00,2023-09-05 00:00:00-04:00,217,77.0,72.55013160946957,boost_5y_absolute,True
2023-08-27 04:00:00+00:00,2023-09-05 05:00:00+00:00,2023-09-05 01:00:00-04:00,218,75.0,71.75440060070042,boost_5y_absolute,True
2023-08-27 04:00:00+00:00,2023-09-05 06:00:00+00:00,2023-09-05 02:00:00-04:00,219,74.0,70.82040975454254,boost_5y_absolute,True
2023-08-27 04:00:00+00:00,2023-09-05 07:00:00+00:00,2023-09-05 03:00:00-04:00,220,72.0,70.40704009796329,boost_5y_absolute,True
2023-08-27 04:00:00+00:00,2023-09-05 08:00:00+00:00,2023-09-05 04:00:00-04:00,221,73.0,69.88067756418125,boost_5y_absolute,True
2023-08-27 04:00:00+00:00,2023-09-05 09:00:00+00:00,2023-09-05 05:00:00-04:00,222,72.0,69.62413392895483,boost_5y_absolute,True
2023-08-27 04:00:00+00:00,2023-09-05 10:00:00+00:00,2023-09-05 06:00:00-04:00,223,72.0,69.38975098135698,boost_5y_absolute,True
2023-08-27 04:00:00+00:00,2023-09-05 11:00:00+00:00,2023-09-05 07:00:00-04:00,224,76.0,71.24373270968444,boost_5y_absolute,True
2023-08-27 04:00:00+00:00,2023-09-05 12:00:00+00:00,2023-09-05 08:00:00-04:00,225,80.0,74.7293942064463,boost_5y_absolute,True
2023-08-27 04:00:00+00:00,2023-09-05 13:00:00+00:00,2023-09-05 09:00:00-04:00,226,85.0,77.75348178210018,boost_5y_absolute,True
2023-08-27 04:00:00+00:00,2023-09-05 14:00:00+00:00,2023-09-05 10:00:00-04:00,227,87.0,80.44639311333276,boost_5y_absolute,True
2023-08-27 04:00:00+00:00,2023-09-05 15:00:00+00:00,2023-09-05 11:00:00-04:00,228,89.0,82.88762001378835,boost_5y_absolute,True
2023-08-27 04:00:00+00:00,2023-09-05 16:00:00+00:00,2023-09-05 12:00:00-04:00,229,93.0,84.34868570048882,boost_5y_absolute,True
2023-08-27 04:00:00+00:00,2023-09-05 17:00:00+00:00,2023-09-05 13:00:00-04:00,230,94.0,85.47192237262371,boost_5y_absolute,True
2023-08-27 04:00:00+00:00,2023-09-05 18:00:00+00:00,2023-09-05 14:00:00-04:00,231,97.0,86.28843581450272,boost_5y_absolute,True
2023-08-27 04:00:00+00:00,2023-09-05 19:00:00+00:00,2023-09-05 15:00:00-04:00,232,96.0,86.57386710356049,boost_5y_absolute,True
2023-08-27 04:00:00+00:00,2023-09-05 20:00:00+00:00,2023-09-05 16:00:00-04:00,233,96.0,86.00162129752206,boost_5y_absolute,True
2023-08-27 04:00:00+00:00,2023-09-05 21:00:00+00:00,2023-09-05 17:00:00-04:00,234,95.0,84.77548398381819,boost_5y_absolute,True
2023-08-27 04:00:00+00:00,2023-09-05 22:00:00+00:00,2023-09-05 18:00:00-04:00,235,94.0,82.38113922936104,boost_5y_absolute,True
2023-08-27 04:00:00+00:00,2023-09-05 23:00:00+00:00,2023-09-05 19:00:00-04:00,236,89.0,78.50770472435973,boost_5y_absolute,True
2023-08-27 04:00:00+00:00,2023-09-06 00:00:00+00:00,2023-09-05 20:00:00-04:00,237,82.0,76.12068319331996,boost_5y_absolute,True
2023-08-27 04:00:00+00:00,2023-09-06 01:00:00+00:00,2023-09-05 21:00:00-04:00,238,82.0,74.94825996233133,boost_5y_absolute,True
2023-08-27 04:00:00+00:00,2023-09-06 02:00:00+00:00,2023-09-05 22:00:00-04:00,239,80.0,73.93501856344847,boost_5y_absolute,True
2023-08-27 04:00:00+00:00,2023-09-06 03:00:00+00:00,2023-09-05 23:00:00-04:00,240,79.0,73.22854319778791,boost_5y_absolute,True
2023-08-27 04:00:00+00:00,2023-09-06 04:00:00+00:00,2023-09-06 00:00:00-04:00,241,77.0,72.38594322656708,boost_5y_absolute,True
2023-08-27 04:00:00+00:00,2023-09-06 05:00:00+00:00,2023-09-06 01:00:00-04:00,242,77.0,71.63878556966263,boost_5y_absolute,True
2023-08-27 04:00:00+00:00,2023-09-06 06:00:00+00:00,2023-09-06 02:00:00-04:00,243,75.0,70.70521690634429,boost_5y_absolute,True
2023-08-27 04:00:00+00:00,2023-09-06 07:00:00+00:00,2023-09-06 03:00:00-04:00,244,76.0,70.38591851137217,boost_5y_absolute,True
2023-08-27 04:00:00+00:00,2023-09-06 08:00:00+00:00,2023-09-06 04:00:00-04:00,245,74.0,69.83403381525517,boost_5y_absolute,True
2023-08-27 04:00:00+00:00,2023-09-06 09:00:00+00:00,2023-09-06 05:00:00-04:00,246,74.0,69.58486939392351,boost_5y_absolute,True
2023-08-27 04:00:00+00:00,2023-09-06 10:00:00+00:00,2023-09-06 06:00:00-04:00,247,74.0,69.39933094749045,boost_5y_absolute,True
2023-08-27 04:00:00+00:00,2023-09-06 11:00:00+00:00,2023-09-06 07:00:00-04:00,248,76.0,71.09528673381685,boost_5y_absolute,True
2023-08-27 04:00:00+00:00,2023-09-06 12:00:00+00:00,2023-09-06 08:00:00-04:00,249,84.0,74.47841893233692,boost_5y_absolute,True
2023-08-27 04:00:00+00:00,2023-09-06 13:00:00+00:00,2023-09-06 09:00:00-04:00,250,88.0,77.39907178995665,boost_5y_absolute,True
2023-08-27 04:00:00+00:00,2023-09-06 14:00:00+00:00,2023-09-06 10:00:00-04:00,251,91.0,79.96400481035225,boost_5y_absolute,True
2023-08-27 04:00:00+00:00,2023-09-06 15:00:00+00:00,2023-09-06 11:00:00-04:00,252,95.0,82.3915344296451,boost_5y_absolute,True
2023-08-27 04:00:00+00:00,2023-09-06 16:00:00+00:00,2023-09-06 12:00:00-04:00,253,97.0,83.83420229005185,boost_5y_absolute,True
2023-08-27 04:00:00+00:00,2023-09-06 17:00:00+00:00,2023-09-06 13:00:00-04:00,254,97.0,84.99389793234691,boost_5y_absolute,True
2023-08-27 04:00:00+00:00,2023-09-06 18:00:00+00:00,2023-09-06 14:00:00-04:00,255,98.0,85.76530971276952,boost_5y_absolute,True
2023-08-27 04:00:00+00:00,2023-09-06 19:00:00+00:00,2023-09-06 15:00:00-04:00,256,100.0,85.93054772034287,boost_5y_absolute,True
2023-08-27 04:00:00+00:00,2023-09-06 20:00:00+00:00,2023-09-06 16:00:00-04:00,257,100.0,85.4248390008614,boost_5y_absolute,True
2023-08-27 04:00:00+00:00,2023-09-06 21:00:00+00:00,2023-09-06 17:00:00-04:00,258,98.0,84.12035045815038,boost_5y_absolute,True
2023-08-27 04:00:00+00:00,2023-09-06 22:00:00+00:00,2023-09-06 18:00:00-04:00,259,95.0,81.73854229480042,boost_5y_absolute,True
2023-08-27 04:00:00+00:00,2023-09-06 23:00:00+00:00,2023-09-06 19:00:00-04:00,260,89.0,77.96424953982009,boost_5y_absolute,True
2023-08-27 04:00:00+00:00,2023-09-07 00:00:00+00:00,2023-09-06 20:00:00-04:00,261,88.0,75.70373648100248,boost_5y_absolute,True
2023-08-27 04:00:00+00:00,2023-09-07 01:00:00+00:00,2023-09-06 21:00:00-04:00,262,86.0,74.57092863369895,boost_5y_absolute,True
2023-08-27 04:00:00+00:00,2023-09-07 02:00:00+00:00,2023-09-06 22:00:00-04:00,263,85.0,73.5735387560874,boost_5y_absolute,True
2023-08-27 04:00:00+00:00,2023-09-07 03:00:00+00:00,2023-09-06 23:00:00-04:00,264,83.0,72.84838708714649,boost_5y_absolute,True
2023-08-27 04:00:00+00:00,2023-09-07 04:00:00+00:00,2023-09-07 00:00:00-04:00,265,78.0,72.06885017715507,boost_5y_absolute,True
2023-08-27 04:00:00+00:00,2023-09-07 05:00:00+00:00,2023-09-07 01:00:00-04:00,266,78.0,71.38077053879513,boost_5y_absolute,True
2023-08-27 04:00:00+00:00,2023-09-07 06:00:00+00:00,2023-09-07 02:00:00-04:00,267,74.0,70.48728288433091,boost_5y_absolute,True
2023-08-27 04:00:00+00:00,2023-09-07 07:00:00+00:00,2023-09-07 03:00:00-04:00,268,75.0,70.1619515169434,boost_5y_absolute,True
2023-08-27 04:00:00+00:00,2023-09-07 08:00:00+00:00,2023-09-07 04:00:00-04:00,269,76.0,69.55610526082887,boost_5y_absolute,True
2023-08-27 04:00:00+00:00,2023-09-07 09:00:00+00:00,2023-09-07 05:00:00-04:00,270,76.0,69.34569881698248,boost_5y_absolute,True
2023-08-27 04:00:00+00:00,2023-09-07 10:00:00+00:00,2023-09-07 06:00:00-04:00,271,77.0,69.15978112019384,boost_5y_absolute,True
2023-08-27 04:00:00+00:00,2023-09-07 11:00:00+00:00,2023-09-07 07:00:00-04:00,272,80.0,70.77548123924076,boost_5y_absolute,True
2023-08-27 04:00:00+00:00,2023-09-07 12:00:00+00:00,2023-09-07 08:00:00-04:00,273,85.0,74.06284124248552,boost_5y_absolute,True
2023-08-27 04:00:00+00:00,2023-09-07 13:00:00+00:00,2023-09-07 09:00:00-04:00,274,89.0,77.02167922852986,boost_5y_absolute,True
2023-08-27 04:00:00+00:00,2023-09-07 14:00:00+00:00,2023-09-07 10:00:00-04:00,275,91.0,79.53349098518653,boost_5y_absolute,True
2023-08-27 04:00:00+00:00,2023-09-07 15:00:00+00:00,2023-09-07 11:00:00-04:00,276,95.0,81.95331555041501,boost_5y_absolute,True
2023-08-27 04:00:00+00:00,2023-09-07 16:00:00+00:00,2023-09-07 12:00:00-04:00,277,99.0,83.36385246556245,boost_5y_absolute,True
2023-08-27 04:00:00+00:00,2023-09-07 17:00:00+00:00,2023-09-07 13:00:00-04:00,278,100.0,84.45443691404411,boost_5y_absolute,True
2023-08-27 04:00:00+00:00,2023-09-07 18:00:00+00:00,2023-09-07 14:00:00-04:00,279,98.0,85.16310343755245,boost_5y_absolute,True
2023-08-27 04:00:00+00:00,2023-09-07 19:00:00+00:00,2023-09-07 15:00:00-04:00,280,99.0,85.36125824914342,boost_5y_absolute,True
2023-08-27 04:00:00+00:00,2023-09-07 20:00:00+00:00,2023-09-07 16:00:00-04:00,281,96.0,84.86882606976329,boost_5y_absolute,True
2023-08-27 04:00:00+00:00,2023-09-07 21:00:00+00:00,2023-09-07 17:00:00-04:00,282,96.0,83.52653271763576,boost_5y_absolute,True
2023-08-27 04:00:00+00:00,2023-09-07 22:00:00+00:00,2023-09-07 18:00:00-04:00,283,93.0,81.20708089874472,boost_5y_absolute,True
2023-08-27 04:00:00+00:00,2023-09-07 23:00:00+00:00,2023-09-07 19:00:00-04:00,284,89.0,77.49327378880125,boost_5y_absolute,True
2023-08-27 04:00:00+00:00,2023-09-08 00:00:00+00:00,2023-09-07 20:00:00-04:00,285,86.0,75.34793625890428,boost_5y_absolute,True
2023-08-27 04:00:00+00:00,2023-09-08 01:00:00+00:00,2023-09-07 21:00:00-04:00,286,84.0,74.21960138860311,boost_5y_absolute,True
2023-08-27 04:00:00+00:00,2023-09-08 02:00:00+00:00,2023-09-07 22:00:00-04:00,287,82.0,73.24810482099838,boost_5y_absolute,True
2023-08-27 04:00:00+00:00,2023-09-08 03:00:00+00:00,2023-09-07 23:00:00-04:00,288,81.0,72.49923834168308,boost_5y_absolute,True
2023-08-27 04:00:00+00:00,2023-09-08 04:00:00+00:00,2023-09-08 00:00:00-04:00,289,79.0,71.81260081088294,boost_5y_absolute,True
2023-08-27 04:00:00+00:00,2023-09-08 05:00:00+00:00,2023-09-08 01:00:00-04:00,290,76.0,71.22962311094565,boost_5y_absolute,True
2023-08-27 04:00:00+00:00,2023-09-08 06:00:00+00:00,2023-09-08 02:00:00-04:00,291,74.0,70.41610477242676,boost_5y_absolute,True
2023-08-27 04:00:00+00:00,2023-09-08 07:00:00+00:00,2023-09-08 03:00:00-04:00,292,76.0,70.06554461142952,boost_5y_absolute,True
2023-08-27 04:00:00+00:00,2023-09-08 08:00:00+00:00,2023-09-08 04:00:00-04:00,293,74.0,69.50759072582834,boost_5y_absolute,True
2023-08-27 04:00:00+00:00,2023-09-08 09:00:00+00:00,2023-09-08 05:00:00-04:00,294,71.0,69.28299465009891,boost_5y_absolute,True
2023-08-27 04:00:00+00:00,2023-09-08 10:00:00+00:00,2023-09-08 06:00:00-04:00,295,72.0,69.13683839390329,boost_5y_absolute,True
2023-08-27 04:00:00+00:00,2023-09-08 11:00:00+00:00,2023-09-08 07:00:00-04:00,296,75.0,70.69698686044599,boost_5y_absolute,True
2023-08-27 04:00:00+00:00,2023-09-08 12:00:00+00:00,2023-09-08 08:00:00-04:00,297,78.0,73.86632139391907,boost_5y_absolute,True
2023-08-27 04:00:00+00:00,2023-09-08 13:00:00+00:00,2023-09-08 09:00:00-04:00,298,84.0,76.76614190098044,boost_5y_absolute,True
2023-08-27 04:00:00+00:00,2023-09-08 14:00:00+00:00,2023-09-08 10:00:00-04:00,299,90.0,79.22053871109829,boost_5y_absolute,True
2023-08-27 04:00:00+00:00,2023-09-08 15:00:00+00:00,2023-09-08 11:00:00-04:00,300,92.0,81.61802169103377,boost_5y_absolute,True
2023-08-27 04:00:00+00:00,2023-09-08 16:00:00+00:00,2023-09-08 12:00:00-04:00,301,96.0,82.93600855063059,boost_5y_absolute,True
2023-08-27 04:00:00+00:00,2023-09-08 17:00:00+00:00,2023-09-08 13:00:00-04:00,302,94.0,83.94748362736135,boost_5y_absolute,True
2023-08-27 04:00:00+00:00,2023-09-08 18:00:00+00:00,2023-09-08 14:00:00-04:00,303,95.0,84.71756102131693,boost_5y_absolute,True
2023-08-27 04:00:00+00:00,2023-09-08 19:00:00+00:00,2023-09-08 15:00:00-04:00,304,93.0,84.89553996117708,boost_5y_absolute,True
2023-08-27 04:00:00+00:00,2023-09-08 20:00:00+00:00,2023-09-08 16:00:00-04:00,305,71.0,84.32342286701589,boost_5y_absolute,True
2023-08-27 04:00:00+00:00,2023-09-08 21:00:00+00:00,2023-09-08 17:00:00-04:00,306,78.0,82.99290180051216,boost_5y_absolute,True
2023-08-27 04:00:00+00:00,2023-09-08 22:00:00+00:00,2023-09-08 18:00:00-04:00,307,77.0,80.68681501072496,boost_5y_absolute,True
2023-08-27 04:00:00+00:00,2023-09-08 23:00:00+00:00,2023-09-08 19:00:00-04:00,308,76.0,77.15982734506018,boost_5y_absolute,True
2023-08-27 04:00:00+00:00,2023-09-09 00:00:00+00:00,2023-09-08 20:00:00-04:00,309,75.0,75.08391602848033,boost_5y_absolute,True
2023-08-27 04:00:00+00:00,2023-09-09 01:00:00+00:00,2023-09-08 21:00:00-04:00,310,75.0,73.91093136877093,boost_5y_absolute,True
2023-08-27 04:00:00+00:00,2023-09-09 02:00:00+00:00,2023-09-08 22:00:00-04:00,311,74.0,72.95226738837427,boost_5y_absolute,True
2023-08-27 04:00:00+00:00,2023-09-09 03:00:00+00:00,2023-09-08 23:00:00-04:00,312,73.0,72.22407449631157,boost_5y_absolute,True
2023-08-27 04:00:00+00:00,2023-09-09 04:00:00+00:00,2023-09-09 00:00:00-04:00,313,72.0,71.6180471656025,boost_5y_absolute,True
2023-08-27 04:00:00+00:00,2023-09-09 05:00:00+00:00,2023-09-09 01:00:00-04:00,314,73.0,70.99410789624119,boost_5y_absolute,True
2023-08-27 04:00:00+00:00,2023-09-09 06:00:00+00:00,2023-09-09 02:00:00-04:00,315,73.0,70.1407249775461,boost_5y_absolute,True
2023-08-27 04:00:00+00:00,2023-09-09 07:00:00+00:00,2023-09-09 03:00:00-04:00,316,73.0,69.83174315919327,boost_5y_absolute,True
2023-08-27 04:00:00+00:00,2023-09-09 08:00:00+00:00,2023-09-09 04:00:00-04:00,317,72.0,69.29995121613592,boost_5y_absolute,True
2023-08-27 04:00:00+00:00,2023-09-09 09:00:00+00:00,2023-09-09 05:00:00-04:00,318,72.0,69.02150910621747,boost_5y_absolute,True
2023-08-27 04:00:00+00:00,2023-09-09 10:00:00+00:00,2023-09-09 06:00:00-04:00,319,74.0,68.87468010577422,boost_5y_absolute,True
2023-08-27 04:00:00+00:00,2023-09-09 11:00:00+00:00,2023-09-09 07:00:00-04:00,320,74.0,70.4215336595871,boost_5y_absolute,True
2023-08-27 04:00:00+00:00,2023-09-09 12:00:00+00:00,2023-09-09 08:00:00-04:00,321,74.0,73.52541445675608,boost_5y_absolute,True
2023-08-27 04:00:00+00:00,2023-09-09 13:00:00+00:00,2023-09-09 09:00:00-04:00,322,70.0,76.50867780035287,boost_5y_absolute,True
2023-08-27 04:00:00+00:00,2023-09-09 14:00:00+00:00,2023-09-09 10:00:00-04:00,323,70.0,78.91665395695055,boost_5y_absolute,True
2023-08-27 04:00:00+00:00,2023-09-09 15:00:00+00:00,2023-09-09 11:00:00-04:00,324,72.0,81.33162939309139,boost_5y_absolute,True
2023-08-27 04:00:00+00:00,2023-09-09 16:00:00+00:00,2023-09-09 12:00:00-04:00,325,72.0,82.61028137265335,boost_5y_absolute,True
2023-08-27 04:00:00+00:00,2023-09-09 17:00:00+00:00,2023-09-09 13:00:00-04:00,326,69.0,83.5442085166543,boost_5y_absolute,True
2023-08-27 04:00:00+00:00,2023-09-09 18:00:00+00:00,2023-09-09 14:00:00-04:00,327,70.0,84.28036418849833,boost_5y_absolute,True
2023-08-27 04:00:00+00:00,2023-09-09 19:00:00+00:00,2023-09-09 15:00:00-04:00,328,73.0,84.71688790795345,boost_5y_absolute,True
2023-08-27 04:00:00+00:00,2023-09-09 20:00:00+00:00,2023-09-09 16:00:00-04:00,329,75.0,84.2245154012176,boost_5y_absolute,True
2023-08-27 04:00:00+00:00,2023-09-09 21:00:00+00:00,2023-09-09 17:00:00-04:00,330,74.0,82.94661859916664,boost_5y_absolute,True
2023-08-27 04:00:00+00:00,2023-09-09 22:00:00+00:00,2023-09-09 18:00:00-04:00,331,73.0,80.50712100438032,boost_5y_absolute,True
2023-08-27 04:00:00+00:00,2023-09-09 23:00:00+00:00,2023-09-09 19:00:00-04:00,332,72.0,76.967273110739,boost_5y_absolute,True
2023-08-27 04:00:00+00:00,2023-09-10 00:00:00+00:00,2023-09-09 20:00:00-04:00,333,72.0,74.91692381759508,boost_5y_absolute,True
2023-08-27 04:00:00+00:00,2023-09-10 01:00:00+00:00,2023-09-09 21:00:00-04:00,334,71.0,73.73056060707103,boost_5y_absolute,True
2023-08-27 04:00:00+00:00,2023-09-10 02:00:00+00:00,2023-09-09 22:00:00-04:00,335,72.0,72.77157078793994,boost_5y_absolute,True
2023-08-27 04:00:00+00:00,2023-09-10 03:00:00+00:00,2023-09-09 23:00:00-04:00,336,71.0,72.13471784619597,boost_5y_absolute,True
2023-09-03 04:00:00+00:00,2023-09-03 04:00:00+00:00,2023-09-03 00:00:00-04:00,1,65.0,67.86197122661021,boost_5y_absolute,True
2023-09-03 04:00:00+00:00,2023-09-03 05:00:00+00:00,2023-09-03 01:00:00-04:00,2,63.0,66.84472872923114,boost_5y_absolute,True
2023-09-03 04:00:00+00:00,2023-09-03 06:00:00+00:00,2023-09-03 02:00:00-04:00,3,63.0,65.79712258142324,boost_5y_absolute,True
2023-09-03 04:00:00+00:00,2023-09-03 07:00:00+00:00,2023-09-03 03:00:00-04:00,4,62.0,65.50103469303569,boost_5y_absolute,True
2023-09-03 04:00:00+00:00,2023-09-03 08:00:00+00:00,2023-09-03 04:00:00-04:00,5,62.0,64.86538440576214,boost_5y_absolute,True
2023-09-03 04:00:00+00:00,2023-09-03 09:00:00+00:00,2023-09-03 05:00:00-04:00,6,62.0,64.54131363661627,boost_5y_absolute,True
2023-09-03 04:00:00+00:00,2023-09-03 10:00:00+00:00,2023-09-03 06:00:00-04:00,7,62.0,64.35738636350206,boost_5y_absolute,True
2023-09-03 04:00:00+00:00,2023-09-03 11:00:00+00:00,2023-09-03 07:00:00-04:00,8,65.0,66.32066790578618,boost_5y_absolute,True
2023-09-03 04:00:00+00:00,2023-09-03 12:00:00+00:00,2023-09-03 08:00:00-04:00,9,72.0,70.12841350680458,boost_5y_absolute,True
2023-09-03 04:00:00+00:00,2023-09-03 13:00:00+00:00,2023-09-03 09:00:00-04:00,10,78.0,73.67929930282907,boost_5y_absolute,True
2023-09-03 04:00:00+00:00,2023-09-03 14:00:00+00:00,2023-09-03 10:00:00-04:00,11,83.0,77.17924295133044,boost_5y_absolute,True
2023-09-03 04:00:00+00:00,2023-09-03 15:00:00+00:00,2023-09-03 11:00:00-04:00,12,87.0,79.55847377440354,boost_5y_absolute,True
2023-09-03 04:00:00+00:00,2023-09-03 16:00:00+00:00,2023-09-03 12:00:00-04:00,13,89.0,81.45311763189444,boost_5y_absolute,True
2023-09-03 04:00:00+00:00,2023-09-03 17:00:00+00:00,2023-09-03 13:00:00-04:00,14,94.0,82.67188021777712,boost_5y_absolute,True
2023-09-03 04:00:00+00:00,2023-09-03 18:00:00+00:00,2023-09-03 14:00:00-04:00,15,94.0,83.8276540402468,boost_5y_absolute,True
2023-09-03 04:00:00+00:00,2023-09-03 19:00:00+00:00,2023-09-03 15:00:00-04:00,16,95.0,84.36608238289136,boost_5y_absolute,True
2023-09-03 04:00:00+00:00,2023-09-03 20:00:00+00:00,2023-09-03 16:00:00-04:00,17,93.0,83.7325674535931,boost_5y_absolute,True
2023-09-03 04:00:00+00:00,2023-09-03 21:00:00+00:00,2023-09-03 17:00:00-04:00,18,93.0,82.57827864999057,boost_5y_absolute,True
2023-09-03 04:00:00+00:00,2023-09-03 22:00:00+00:00,2023-09-03 18:00:00-04:00,19,89.0,80.33673560533413,boost_5y_absolute,True
2023-09-03 04:00:00+00:00,2023-09-03 23:00:00+00:00,2023-09-03 19:00:00-04:00,20,82.0,76.1954268467217,boost_5y_absolute,True
2023-09-03 04:00:00+00:00,2023-09-04 00:00:00+00:00,2023-09-03 20:00:00-04:00,21,80.0,73.2323656453875,boost_5y_absolute,True
2023-09-03 04:00:00+00:00,2023-09-04 01:00:00+00:00,2023-09-03 21:00:00-04:00,22,79.0,71.95421740513783,boost_5y_absolute,True
2023-09-03 04:00:00+00:00,2023-09-04 02:00:00+00:00,2023-09-03 22:00:00-04:00,23,77.0,71.00103035172124,boost_5y_absolute,True
2023-09-03 04:00:00+00:00,2023-09-04 03:00:00+00:00,2023-09-03 23:00:00-04:00,24,76.0,70.13757438808005,boost_5y_absolute,True
2023-09-03 04:00:00+00:00,2023-09-04 04:00:00+00:00,2023-09-04 00:00:00-04:00,25,71.0,70.52764789621314,boost_5y_absolute,True
2023-09-03 04:00:00+00:00,2023-09-04 05:00:00+00:00,2023-09-04 01:00:00-04:00,26,73.0,69.53106487273212,boost_5y_absolute,True
2023-09-03 04:00:00+00:00,2023-09-04 06:00:00+00:00,2023-09-04 02:00:00-04:00,27,73.0,68.54585697753619,boost_5y_absolute,True
2023-09-03 04:00:00+00:00,2023-09-04 07:00:00+00:00,2023-09-04 03:00:00-04:00,28,71.0,68.23150838309483,boost_5y_absolute,True
2023-09-03 04:00:00+00:00,2023-09-04 08:00:00+00:00,2023-09-04 04:00:00-04:00,29,71.0,67.50962069135356,boost_5y_absolute,True
2023-09-03 04:00:00+00:00,2023-09-04 09:00:00+00:00,2023-09-04 05:00:00-04:00,30,70.0,67.16853188106015,boost_5y_absolute,True
2023-09-03 04:00:00+00:00,2023-09-04 10:00:00+00:00,2023-09-04 06:00:00-04:00,31,68.0,66.97264359364769,boost_5y_absolute,True
2023-09-03 04:00:00+00:00,2023-09-04 11:00:00+00:00,2023-09-04 07:00:00-04:00,32,71.0,68.66756204054998,boost_5y_absolute,True
2023-09-03 04:00:00+00:00,2023-09-04 12:00:00+00:00,2023-09-04 08:00:00-04:00,33,80.0,72.25453274326289,boost_5y_absolute,True
2023-09-03 04:00:00+00:00,2023-09-04 13:00:00+00:00,2023-09-04 09:00:00-04:00,34,84.0,75.37045081788303,boost_5y_absolute,True
2023-09-03 04:00:00+00:00,2023-09-04 14:00:00+00:00,2023-09-04 10:00:00-04:00,35,88.0,78.4448159660212,boost_5y_absolute,True
2023-09-03 04:00:00+00:00,2023-09-04 15:00:00+00:00,2023-09-04 11:00:00-04:00,36,89.0,80.95487866835037,boost_5y_absolute,True
2023-09-03 04:00:00+00:00,2023-09-04 16:00:00+00:00,2023-09-04 12:00:00-04:00,37,93.0,82.7394134053241,boost_5y_absolute,True
2023-09-03 04:00:00+00:00,2023-09-04 17:00:00+00:00,2023-09-04 13:00:00-04:00,38,95.0,84.14551225644112,boost_5y_absolute,True
2023-09-03 04:00:00+00:00,2023-09-04 18:00:00+00:00,2023-09-04 14:00:00-04:00,39,97.0,85.27503304357602,boost_5y_absolute,True
2023-09-03 04:00:00+00:00,2023-09-04 19:00:00+00:00,2023-09-04 15:00:00-04:00,40,98.0,85.50718440096786,boost_5y_absolute,True
2023-09-03 04:00:00+00:00,2023-09-04 20:00:00+00:00,2023-09-04 16:00:00-04:00,41,98.0,84.9763649645736,boost_5y_absolute,True
2023-09-03 04:00:00+00:00,2023-09-04 21:00:00+00:00,2023-09-04 17:00:00-04:00,42,94.0,83.97604707912025,boost_5y_absolute,True
2023-09-03 04:00:00+00:00,2023-09-04 22:00:00+00:00,2023-09-04 18:00:00-04:00,43,91.0,81.76469516075855,boost_5y_absolute,True
2023-09-03 04:00:00+00:00,2023-09-04 23:00:00+00:00,2023-09-04 19:00:00-04:00,44,86.0,77.95337999452593,boost_5y_absolute,True
2023-09-03 04:00:00+00:00,2023-09-05 00:00:00+00:00,2023-09-04 20:00:00-04:00,45,83.0,75.22050188063831,boost_5y_absolute,True
2023-09-03 04:00:00+00:00,2023-09-05 01:00:00+00:00,2023-09-04 21:00:00-04:00,46,80.0,73.88367520299143,boost_5y_absolute,True
2023-09-03 04:00:00+00:00,2023-09-05 02:00:00+00:00,2023-09-04 22:00:00-04:00,47,79.0,72.77809172540782,boost_5y_absolute,True
2023-09-03 04:00:00+00:00,2023-09-05 03:00:00+00:00,2023-09-04 23:00:00-04:00,48,78.0,71.93425161574807,boost_5y_absolute,True
2023-09-03 04:00:00+00:00,2023-09-05 04:00:00+00:00,2023-09-05 00:00:00-04:00,49,77.0,72.51777733616905,boost_5y_absolute,True
2023-09-03 04:00:00+00:00,2023-09-05 05:00:00+00:00,2023-09-05 01:00:00-04:00,50,75.0,71.54461363508513,boost_5y_absolute,True
2023-09-03 04:00:00+00:00,2023-09-05 06:00:00+00:00,2023-09-05 02:00:00-04:00,51,74.0,70.57075230214812,boost_5y_absolute,True
2023-09-03 04:00:00+00:00,2023-09-05 07:00:00+00:00,2023-09-05 03:00:00-04:00,52,72.0,70.17571498731114,boost_5y_absolute,True
2023-09-03 04:00:00+00:00,2023-09-05 08:00:00+00:00,2023-09-05 04:00:00-04:00,53,73.0,69.49879434652999,boost_5y_absolute,True
2023-09-03 04:00:00+00:00,2023-09-05 09:00:00+00:00,2023-09-05 05:00:00-04:00,54,72.0,69.17969067431783,boost_5y_absolute,True
2023-09-03 04:00:00+00:00,2023-09-05 10:00:00+00:00,2023-09-05 06:00:00-04:00,55,72.0,68.93853297028255,boost_5y_absolute,True
2023-09-03 04:00:00+00:00,2023-09-05 11:00:00+00:00,2023-09-05 07:00:00-04:00,56,76.0,70.64737830061351,boost_5y_absolute,True
2023-09-03 04:00:00+00:00,2023-09-05 12:00:00+00:00,2023-09-05 08:00:00-04:00,57,80.0,74.18771176630864,boost_5y_absolute,True
2023-09-03 04:00:00+00:00,2023-09-05 13:00:00+00:00,2023-09-05 09:00:00-04:00,58,85.0,77.28118782707513,boost_5y_absolute,True
2023-09-03 04:00:00+00:00,2023-09-05 14:00:00+00:00,2023-09-05 10:00:00-04:00,59,87.0,80.44073993822835,boost_5y_absolute,True
2023-09-03 04:00:00+00:00,2023-09-05 15:00:00+00:00,2023-09-05 11:00:00-04:00,60,89.0,82.89120171241213,boost_5y_absolute,True
2023-09-03 04:00:00+00:00,2023-09-05 16:00:00+00:00,2023-09-05 12:00:00-04:00,61,93.0,84.49541589039598,boost_5y_absolute,True
2023-09-03 04:00:00+00:00,2023-09-05 17:00:00+00:00,2023-09-05 13:00:00-04:00,62,94.0,85.54212112482031,boost_5y_absolute,True
2023-09-03 04:00:00+00:00,2023-09-05 18:00:00+00:00,2023-09-05 14:00:00-04:00,63,97.0,86.36914713544927,boost_5y_absolute,True
2023-09-03 04:00:00+00:00,2023-09-05 19:00:00+00:00,2023-09-05 15:00:00-04:00,64,96.0,86.77207316692102,boost_5y_absolute,True
2023-09-03 04:00:00+00:00,2023-09-05 20:00:00+00:00,2023-09-05 16:00:00-04:00,65,96.0,86.21254109840577,boost_5y_absolute,True
2023-09-03 04:00:00+00:00,2023-09-05 21:00:00+00:00,2023-09-05 17:00:00-04:00,66,95.0,85.13863075554833,boost_5y_absolute,True
2023-09-03 04:00:00+00:00,2023-09-05 22:00:00+00:00,2023-09-05 18:00:00-04:00,67,94.0,82.75277254548635,boost_5y_absolute,True
2023-09-03 04:00:00+00:00,2023-09-05 23:00:00+00:00,2023-09-05 19:00:00-04:00,68,89.0,78.94518266119451,boost_5y_absolute,True
2023-09-03 04:00:00+00:00,2023-09-06 00:00:00+00:00,2023-09-05 20:00:00-04:00,69,82.0,76.39473692064831,boost_5y_absolute,True
2023-09-03 04:00:00+00:00,2023-09-06 01:00:00+00:00,2023-09-05 21:00:00-04:00,70,82.0,75.05982164366502,boost_5y_absolute,True
2023-09-03 04:00:00+00:00,2023-09-06 02:00:00+00:00,2023-09-05 22:00:00-04:00,71,80.0,73.90930783310421,boost_5y_absolute,True
2023-09-03 04:00:00+00:00,2023-09-06 03:00:00+00:00,2023-09-05 23:00:00-04:00,72,79.0,73.19911117864332,boost_5y_absolute,True
2023-09-03 04:00:00+00:00,2023-09-06 04:00:00+00:00,2023-09-06 00:00:00-04:00,73,77.0,72.20298530258302,boost_5y_absolute,True
2023-09-03 04:00:00+00:00,2023-09-06 05:00:00+00:00,2023-09-06 01:00:00-04:00,74,77.0,71.54123031712297,boost_5y_absolute,True
2023-09-03 04:00:00+00:00,2023-09-06 06:00:00+00:00,2023-09-06 02:00:00-04:00,75,75.0,70.58439617337494,boost_5y_absolute,True
2023-09-03 04:00:00+00:00,2023-09-06 07:00:00+00:00,2023-09-06 03:00:00-04:00,76,76.0,70.27173373323514,boost_5y_absolute,True
2023-09-03 04:00:00+00:00,2023-09-06 08:00:00+00:00,2023-09-06 04:00:00-04:00,77,74.0,69.63676366485608,boost_5y_absolute,True
2023-09-03 04:00:00+00:00,2023-09-06 09:00:00+00:00,2023-09-06 05:00:00-04:00,78,74.0,69.41747812068408,boost_5y_absolute,True
2023-09-03 04:00:00+00:00,2023-09-06 10:00:00+00:00,2023-09-06 06:00:00-04:00,79,74.0,69.2420646625718,boost_5y_absolute,True
2023-09-03 04:00:00+00:00,2023-09-06 11:00:00+00:00,2023-09-06 07:00:00-04:00,80,76.0,70.86238054478696,boost_5y_absolute,True
2023-09-03 04:00:00+00:00,2023-09-06 12:00:00+00:00,2023-09-06 08:00:00-04:00,81,84.0,74.22984191531246,boost_5y_absolute,True
2023-09-03 04:00:00+00:00,2023-09-06 13:00:00+00:00,2023-09-06 09:00:00-04:00,82,88.0,77.21763215843409,boost_5y_absolute,True
2023-09-03 04:00:00+00:00,2023-09-06 14:00:00+00:00,2023-09-06 10:00:00-04:00,83,91.0,80.19737374848147,boost_5y_absolute,True
2023-09-03 04:00:00+00:00,2023-09-06 15:00:00+00:00,2023-09-06 11:00:00-04:00,84,95.0,82.68930761719056,boost_5y_absolute,True
2023-09-03 04:00:00+00:00,2023-09-06 16:00:00+00:00,2023-09-06 12:00:00-04:00,85,97.0,84.07952684623493,boost_5y_absolute,True
2023-09-03 04:00:00+00:00,2023-09-06 17:00:00+00:00,2023-09-06 13:00:00-04:00,86,97.0,85.15272888331657,boost_5y_absolute,True
2023-09-03 04:00:00+00:00,2023-09-06 18:00:00+00:00,2023-09-06 14:00:00-04:00,87,98.0,85.83502194330357,boost_5y_absolute,True
2023-09-03 04:00:00+00:00,2023-09-06 19:00:00+00:00,2023-09-06 15:00:00-04:00,88,100.0,86.03584313244241,boost_5y_absolute,True
2023-09-03 04:00:00+00:00,2023-09-06 20:00:00+00:00,2023-09-06 16:00:00-04:00,89,100.0,85.56014622056644,boost_5y_absolute,True
2023-09-03 04:00:00+00:00,2023-09-06 21:00:00+00:00,2023-09-06 17:00:00-04:00,90,98.0,84.48999610925847,boost_5y_absolute,True
2023-09-03 04:00:00+00:00,2023-09-06 22:00:00+00:00,2023-09-06 18:00:00-04:00,91,95.0,82.08952977961279,boost_5y_absolute,True
2023-09-03 04:00:00+00:00,2023-09-06 23:00:00+00:00,2023-09-06 19:00:00-04:00,92,89.0,78.16974333392083,boost_5y_absolute,True
2023-09-03 04:00:00+00:00,2023-09-07 00:00:00+00:00,2023-09-06 20:00:00-04:00,93,88.0,75.80321884692005,boost_5y_absolute,True
2023-09-03 04:00:00+00:00,2023-09-07 01:00:00+00:00,2023-09-06 21:00:00-04:00,94,86.0,74.49807065669873,boost_5y_absolute,True
2023-09-03 04:00:00+00:00,2023-09-07 02:00:00+00:00,2023-09-06 22:00:00-04:00,95,85.0,73.35851132401113,boost_5y_absolute,True
2023-09-03 04:00:00+00:00,2023-09-07 03:00:00+00:00,2023-09-06 23:00:00-04:00,96,83.0,72.63947125748663,boost_5y_absolute,True
2023-09-03 04:00:00+00:00,2023-09-07 04:00:00+00:00,2023-09-07 00:00:00-04:00,97,78.0,71.63169997986162,boost_5y_absolute,True
2023-09-03 04:00:00+00:00,2023-09-07 05:00:00+00:00,2023-09-07 01:00:00-04:00,98,78.0,70.97628719374055,boost_5y_absolute,True
2023-09-03 04:00:00+00:00,2023-09-07 06:00:00+00:00,2023-09-07 02:00:00-04:00,99,74.0,70.07736763565597,boost_5y_absolute,True
2023-09-03 04:00:00+00:00,2023-09-07 07:00:00+00:00,2023-09-07 03:00:00-04:00,100,75.0,69.72248837474545,boost_5y_absolute,True
2023-09-03 04:00:00+00:00,2023-09-07 08:00:00+00:00,2023-09-07 04:00:00-04:00,101,76.0,69.0476903789649,boost_5y_absolute,True
2023-09-03 04:00:00+00:00,2023-09-07 09:00:00+00:00,2023-09-07 05:00:00-04:00,102,76.0,68.84140378996948,boost_5y_absolute,True
2023-09-03 04:00:00+00:00,2023-09-07 10:00:00+00:00,2023-09-07 06:00:00-04:00,103,77.0,68.68340738386921,boost_5y_absolute,True
2023-09-03 04:00:00+00:00,2023-09-07 11:00:00+00:00,2023-09-07 07:00:00-04:00,104,80.0,70.46402283491241,boost_5y_absolute,True
2023-09-03 04:00:00+00:00,2023-09-07 12:00:00+00:00,2023-09-07 08:00:00-04:00,105,85.0,73.71985558125176,boost_5y_absolute,True
2023-09-03 04:00:00+00:00,2023-09-07 13:00:00+00:00,2023-09-07 09:00:00-04:00,106,89.0,76.8605268506809,boost_5y_absolute,True
2023-09-03 04:00:00+00:00,2023-09-07 14:00:00+00:00,2023-09-07 10:00:00-04:00,107,91.0,79.46093799915337,boost_5y_absolute,True
2023-09-03 04:00:00+00:00,2023-09-07 15:00:00+00:00,2023-09-07 11:00:00-04:00,108,95.0,82.01868120988955,boost_5y_absolute,True
2023-09-03 04:00:00+00:00,2023-09-07 16:00:00+00:00,2023-09-07 12:00:00-04:00,109,99.0,83.41483301500554,boost_5y_absolute,True
2023-09-03 04:00:00+00:00,2023-09-07 17:00:00+00:00,2023-09-07 13:00:00-04:00,110,100.0,84.43329639369544,boost_5y_absolute,True
2023-09-03 04:00:00+00:00,2023-09-07 18:00:00+00:00,2023-09-07 14:00:00-04:00,111,98.0,85.11863184633137,boost_5y_absolute,True
2023-09-03 04:00:00+00:00,2023-09-07 19:00:00+00:00,2023-09-07 15:00:00-04:00,112,99.0,85.38418404492016,boost_5y_absolute,True
2023-09-03 04:00:00+00:00,2023-09-07 20:00:00+00:00,2023-09-07 16:00:00-04:00,113,96.0,84.96590546293649,boost_5y_absolute,True
2023-09-03 04:00:00+00:00,2023-09-07 21:00:00+00:00,2023-09-07 17:00:00-04:00,114,96.0,83.84134364005635,boost_5y_absolute,True
2023-09-03 04:00:00+00:00,2023-09-07 22:00:00+00:00,2023-09-07 18:00:00-04:00,115,93.0,81.46915958793258,boost_5y_absolute,True
2023-09-03 04:00:00+00:00,2023-09-07 23:00:00+00:00,2023-09-07 19:00:00-04:00,116,89.0,77.43335289628003,boost_5y_absolute,True
2023-09-03 04:00:00+00:00,2023-09-08 00:00:00+00:00,2023-09-07 20:00:00-04:00,117,86.0,75.24278973300092,boost_5y_absolute,True
2023-09-03 04:00:00+00:00,2023-09-08 01:00:00+00:00,2023-09-07 21:00:00-04:00,118,84.0,73.95984826319516,boost_5y_absolute,True
2023-09-03 04:00:00+00:00,2023-09-08 02:00:00+00:00,2023-09-07 22:00:00-04:00,119,82.0,72.89718152855696,boost_5y_absolute,True
2023-09-03 04:00:00+00:00,2023-09-08 03:00:00+00:00,2023-09-07 23:00:00-04:00,120,81.0,72.12544422628936,boost_5y_absolute,True
2023-09-03 04:00:00+00:00,2023-09-08 04:00:00+00:00,2023-09-08 00:00:00-04:00,121,79.0,71.44295429857343,boost_5y_absolute,True
2023-09-03 04:00:00+00:00,2023-09-08 05:00:00+00:00,2023-09-08 01:00:00-04:00,122,76.0,70.8756915244793,boost_5y_absolute,True
2023-09-03 04:00:00+00:00,2023-09-08 06:00:00+00:00,2023-09-08 02:00:00-04:00,123,74.0,70.04970043624714,boost_5y_absolute,True
2023-09-03 04:00:00+00:00,2023-09-08 07:00:00+00:00,2023-09-08 03:00:00-04:00,124,76.0,69.70238995232505,boost_5y_absolute,True
2023-09-03 04:00:00+00:00,2023-09-08 08:00:00+00:00,2023-09-08 04:00:00-04:00,125,74.0,69.09981713551107,boost_5y_absolute,True
2023-09-03 04:00:00+00:00,2023-09-08 09:00:00+00:00,2023-09-08 05:00:00-04:00,126,71.0,68.89300880916758,boost_5y_absolute,True
2023-09-03 04:00:00+00:00,2023-09-08 10:00:00+00:00,2023-09-08 06:00:00-04:00,127,72.0,68.77393281084194,boost_5y_absolute,True
2023-09-03 04:00:00+00:00,2023-09-08 11:00:00+00:00,2023-09-08 07:00:00-04:00,128,75.0,70.45885568602358,boost_5y_absolute,True
2023-09-03 04:00:00+00:00,2023-09-08 12:00:00+00:00,2023-09-08 08:00:00-04:00,129,78.0,73.58737608992139,boost_5y_absolute,True
2023-09-03 04:00:00+00:00,2023-09-08 13:00:00+00:00,2023-09-08 09:00:00-04:00,130,84.0,76.64649986038448,boost_5y_absolute,True
2023-09-03 04:00:00+00:00,2023-09-08 14:00:00+00:00,2023-09-08 10:00:00-04:00,131,90.0,79.14986590288589,boost_5y_absolute,True
2023-09-03 04:00:00+00:00,2023-09-08 15:00:00+00:00,2023-09-08 11:00:00-04:00,132,92.0,81.52064866740268,boost_5y_absolute,True
2023-09-03 04:00:00+00:00,2023-09-08 16:00:00+00:00,2023-09-08 12:00:00-04:00,133,96.0,82.81180518181124,boost_5y_absolute,True
2023-09-03 04:00:00+00:00,2023-09-08 17:00:00+00:00,2023-09-08 13:00:00-04:00,134,94.0,83.78515959276011,boost_5y_absolute,True
2023-09-03 04:00:00+00:00,2023-09-08 18:00:00+00:00,2023-09-08 14:00:00-04:00,135,95.0,84.61700824897281,boost_5y_absolute,True
2023-09-03 04:00:00+00:00,2023-09-08 19:00:00+00:00,2023-09-08 15:00:00-04:00,136,93.0,84.95431663168924,boost_5y_absolute,True
2023-09-03 04:00:00+00:00,2023-09-08 20:00:00+00:00,2023-09-08 16:00:00-04:00,137,71.0,84.45625952412361,boost_5y_absolute,True
2023-09-03 04:00:00+00:00,2023-09-08 21:00:00+00:00,2023-09-08 17:00:00-04:00,138,78.0,83.26973640195907,boost_5y_absolute,True
2023-09-03 04:00:00+00:00,2023-09-08 22:00:00+00:00,2023-09-08 18:00:00-04:00,139,77.0,80.9121642532436,boost_5y_absolute,True
2023-09-03 04:00:00+00:00,2023-09-08 23:00:00+00:00,2023-09-08 19:00:00-04:00,140,76.0,77.13093543888895,boost_5y_absolute,True
2023-09-03 04:00:00+00:00,2023-09-09 00:00:00+00:00,2023-09-08 20:00:00-04:00,141,75.0,75.022467978964,boost_5y_absolute,True
2023-09-03 04:00:00+00:00,2023-09-09 01:00:00+00:00,2023-09-08 21:00:00-04:00,142,75.0,73.72240143054573,boost_5y_absolute,True
2023-09-03 04:00:00+00:00,2023-09-09 02:00:00+00:00,2023-09-08 22:00:00-04:00,143,74.0,72.78305921799904,boost_5y_absolute,True
2023-09-03 04:00:00+00:00,2023-09-09 03:00:00+00:00,2023-09-08 23:00:00-04:00,144,73.0,72.03931299705403,boost_5y_absolute,True
2023-09-03 04:00:00+00:00,2023-09-09 04:00:00+00:00,2023-09-09 00:00:00-04:00,145,72.0,71.439500189864,boost_5y_absolute,True
2023-09-03 04:00:00+00:00,2023-09-09 05:00:00+00:00,2023-09-09 01:00:00-04:00,146,73.0,70.81061574642257,boost_5y_absolute,True
2023-09-03 04:00:00+00:00,2023-09-09 06:00:00+00:00,2023-09-09 02:00:00-04:00,147,73.0,69.91867802345875,boost_5y_absolute,True
2023-09-03 04:00:00+00:00,2023-09-09 07:00:00+00:00,2023-09-09 03:00:00-04:00,148,73.0,69.61776867282498,boost_5y_absolute,True
2023-09-03 04:00:00+00:00,2023-09-09 08:00:00+00:00,2023-09-09 04:00:00-04:00,149,72.0,69.06359387397113,boost_5y_absolute,True
2023-09-03 04:00:00+00:00,2023-09-09 09:00:00+00:00,2023-09-09 05:00:00-04:00,150,72.0,68.80808416553069,boost_5y_absolute,True
2023-09-03 04:00:00+00:00,2023-09-09 10:00:00+00:00,2023-09-09 06:00:00-04:00,151,74.0,68.63611056912661,boost_5y_absolute,True
2023-09-03 04:00:00+00:00,2023-09-09 11:00:00+00:00,2023-09-09 07:00:00-04:00,152,74.0,70.28809475541519,boost_5y_absolute,True
2023-09-03 04:00:00+00:00,2023-09-09 12:00:00+00:00,2023-09-09 08:00:00-04:00,153,74.0,73.39178176647503,boost_5y_absolute,True
2023-09-03 04:00:00+00:00,2023-09-09 13:00:00+00:00,2023-09-09 09:00:00-04:00,154,70.0,76.3632630866607,boost_5y_absolute,True
2023-09-03 04:00:00+00:00,2023-09-09 14:00:00+00:00,2023-09-09 10:00:00-04:00,155,70.0,78.75360395262149,boost_5y_absolute,True
2023-09-03 04:00:00+00:00,2023-09-09 15:00:00+00:00,2023-09-09 11:00:00-04:00,156,72.0,80.9789153381472,boost_5y_absolute,True
2023-09-03 04:00:00+00:00,2023-09-09 16:00:00+00:00,2023-09-09 12:00:00-04:00,157,72.0,82.23874321749217,boost_5y_absolute,True
2023-09-03 04:00:00+00:00,2023-09-09 17:00:00+00:00,2023-09-09 13:00:00-04:00,158,69.0,83.15057656189552,boost_5y_absolute,True
2023-09-03 04:00:00+00:00,2023-09-09 18:00:00+00:00,2023-09-09 14:00:00-04:00,159,70.0,83.92177039082584,boost_5y_absolute,True
2023-09-03 04:00:00+00:00,2023-09-09 19:00:00+00:00,2023-09-09 15:00:00-04:00,160,73.0,84.35433411929372,boost_5y_absolute,True
2023-09-03 04:00:00+00:00,2023-09-09 20:00:00+00:00,2023-09-09 16:00:00-04:00,161,75.0,83.90387043183762,boost_5y_absolute,True
2023-09-03 04:00:00+00:00,2023-09-09 21:00:00+00:00,2023-09-09 17:00:00-04:00,162,74.0,82.76202386617362,boost_5y_absolute,True
2023-09-03 04:00:00+00:00,2023-09-09 22:00:00+00:00,2023-09-09 18:00:00-04:00,163,73.0,80.30757932517784,boost_5y_absolute,True
2023-09-03 04:00:00+00:00,2023-09-09 23:00:00+00:00,2023-09-09 19:00:00-04:00,164,72.0,76.67519620895736,boost_5y_absolute,True
2023-09-03 04:00:00+00:00,2023-09-10 00:00:00+00:00,2023-09-09 20:00:00-04:00,165,72.0,74.65334779022868,boost_5y_absolute,True
2023-09-03 04:00:00+00:00,2023-09-10 01:00:00+00:00,2023-09-09 21:00:00-04:00,166,71.0,73.46190748241517,boost_5y_absolute,True
2023-09-03 04:00:00+00:00,2023-09-10 02:00:00+00:00,2023-09-09 22:00:00-04:00,167,72.0,72.53994060025877,boost_5y_absolute,True
2023-09-03 04:00:00+00:00,2023-09-10 03:00:00+00:00,2023-09-09 23:00:00-04:00,168,71.0,71.91115282428687,boost_5y_absolute,True
2023-09-03 04:00:00+00:00,2023-09-10 04:00:00+00:00,2023-09-10 00:00:00-04:00,169,71.0,71.25165916037804,boost_5y_absolute,True
2023-09-03 04:00:00+00:00,2023-09-10 05:00:00+00:00,2023-09-10 01:00:00-04:00,170,71.0,70.6376282583511,boost_5y_absolute,True
2023-09-03 04:00:00+00:00,2023-09-10 06:00:00+00:00,2023-09-10 02:00:00-04:00,171,70.0,69.88025885609937,boost_5y_absolute,True
2023-09-03 04:00:00+00:00,2023-09-10 07:00:00+00:00,2023-09-10 03:00:00-04:00,172,69.0,69.5355460126659,boost_5y_absolute,True
2023-09-03 04:00:00+00:00,2023-09-10 08:00:00+00:00,2023-09-10 04:00:00-04:00,173,69.0,68.97540591645176,boost_5y_absolute,True
2023-09-03 04:00:00+00:00,2023-09-10 09:00:00+00:00,2023-09-10 05:00:00-04:00,174,70.0,68.66113430114349,boost_5y_absolute,True
2023-09-03 04:00:00+00:00,2023-09-10 10:00:00+00:00,2023-09-10 06:00:00-04:00,175,70.0,68.51693470817966,boost_5y_absolute,True
2023-09-03 04:00:00+00:00,2023-09-10 11:00:00+00:00,2023-09-10 07:00:00-04:00,176,71.0,70.07565519519402,boost_5y_absolute,True
2023-09-03 04:00:00+00:00,2023-09-10 12:00:00+00:00,2023-09-10 08:00:00-04:00,177,72.0,73.24053664209275,boost_5y_absolute,True
2023-09-03 04:00:00+00:00,2023-09-10 13:00:00+00:00,2023-09-10 09:00:00-04:00,178,73.0,76.2555847047652,boost_5y_absolute,True
2023-09-03 04:00:00+00:00,2023-09-10 14:00:00+00:00,2023-09-10 10:00:00-04:00,179,77.0,78.65893518380618,boost_5y_absolute,True
2023-09-03 04:00:00+00:00,2023-09-10 15:00:00+00:00,2023-09-10 11:00:00-04:00,180,77.0,81.01121784453593,boost_5y_absolute,True
2023-09-03 04:00:00+00:00,2023-09-10 16:00:00+00:00,2023-09-10 12:00:00-04:00,181,83.0,82.29402922925446,boost_5y_absolute,True
2023-09-03 04:00:00+00:00,2023-09-10 17:00:00+00:00,2023-09-10 13:00:00-04:00,182,85.0,83.13788163815495,boost_5y_absolute,True
2023-09-03 04:00:00+00:00,2023-09-10 18:00:00+00:00,2023-09-10 14:00:00-04:00,183,86.0,83.79757365089885,boost_5y_absolute,True
2023-09-03 04:00:00+00:00,2023-09-10 19:00:00+00:00,2023-09-10 15:00:00-04:00,184,87.0,84.2808760314064,boost_5y_absolute,True
2023-09-03 04:00:00+00:00,2023-09-10 20:00:00+00:00,2023-09-10 16:00:00-04:00,185,87.0,83.82475641554039,boost_5y_absolute,True
2023-09-03 04:00:00+00:00,2023-09-10 21:00:00+00:00,2023-09-10 17:00:00-04:00,186,85.0,82.5747597220593,boost_5y_absolute,True
2023-09-03 04:00:00+00:00,2023-09-10 22:00:00+00:00,2023-09-10 18:00:00-04:00,187,80.0,80.10880286594862,boost_5y_absolute,True
2023-09-03 04:00:00+00:00,2023-09-10 23:00:00+00:00,2023-09-10 19:00:00-04:00,188,77.0,76.60206176644662,boost_5y_absolute,True
2023-09-03 04:00:00+00:00,2023-09-11 00:00:00+00:00,2023-09-10 20:00:00-04:00,189,74.0,74.68175428587445,boost_5y_absolute,True
2023-09-03 04:00:00+00:00,2023-09-11 01:00:00+00:00,2023-09-10 21:00:00-04:00,190,75.0,73.53746072919157,boost_5y_absolute,True
2023-09-03 04:00:00+00:00,2023-09-11 02:00:00+00:00,2023-09-10 22:00:00-04:00,191,73.0,72.56473178636264,boost_5y_absolute,True
2023-09-03 04:00:00+00:00,2023-09-11 03:00:00+00:00,2023-09-10 23:00:00-04:00,192,73.0,71.95978181025929,boost_5y_absolute,True
2023-09-03 04:00:00+00:00,2023-09-11 04:00:00+00:00,2023-09-11 00:00:00-04:00,193,71.0,71.41765551806613,boost_5y_absolute,True
2023-09-03 04:00:00+00:00,2023-09-11 05:00:00+00:00,2023-09-11 01:00:00-04:00,194,72.0,70.78599002616151,boost_5y_absolute,True
2023-09-03 04:00:00+00:00,2023-09-11 06:00:00+00:00,2023-09-11 02:00:00-04:00,195,71.0,70.09370644676135,boost_5y_absolute,True
2023-09-03 04:00:00+00:00,2023-09-11 07:00:00+00:00,2023-09-11 03:00:00-04:00,196,70.0,69.69050320718873,boost_5y_absolute,True
2023-09-03 04:00:00+00:00,2023-09-11 08:00:00+00:00,2023-09-11 04:00:00-04:00,197,70.0,69.10061132215058,boost_5y_absolute,True
2023-09-03 04:00:00+00:00,2023-09-11 09:00:00+00:00,2023-09-11 05:00:00-04:00,198,68.0,68.8052121798446,boost_5y_absolute,True
2023-09-03 04:00:00+00:00,2023-09-11 10:00:00+00:00,2023-09-11 06:00:00-04:00,199,70.0,68.52364379356818,boost_5y_absolute,True
2023-09-03 04:00:00+00:00,2023-09-11 11:00:00+00:00,2023-09-11 07:00:00-04:00,200,70.0,69.99483931565545,boost_5y_absolute,True
2023-09-03 04:00:00+00:00,2023-09-11 12:00:00+00:00,2023-09-11 08:00:00-04:00,201,71.0,73.07623189077745,boost_5y_absolute,True
2023-09-03 04:00:00+00:00,2023-09-11 13:00:00+00:00,2023-09-11 09:00:00-04:00,202,76.0,76.04861816847585,boost_5y_absolute,True
2023-09-03 04:00:00+00:00,2023-09-11 14:00:00+00:00,2023-09-11 10:00:00-04:00,203,81.0,78.42743667454542,boost_5y_absolute,True
2023-09-03 04:00:00+00:00,2023-09-11 15:00:00+00:00,2023-09-11 11:00:00-04:00,204,83.0,80.7694877654409,boost_5y_absolute,True
2023-09-03 04:00:00+00:00,2023-09-11 16:00:00+00:00,2023-09-11 12:00:00-04:00,205,86.0,82.0711872694552,boost_5y_absolute,True
2023-09-03 04:00:00+00:00,2023-09-11 17:00:00+00:00,2023-09-11 13:00:00-04:00,206,87.0,82.88500996597226,boost_5y_absolute,True
2023-09-03 04:00:00+00:00,2023-09-11 18:00:00+00:00,2023-09-11 14:00:00-04:00,207,89.0,83.5637074477115,boost_5y_absolute,True
2023-09-03 04:00:00+00:00,2023-09-11 19:00:00+00:00,2023-09-11 15:00:00-04:00,208,88.0,83.94785418601184,boost_5y_absolute,True
2023-09-03 04:00:00+00:00,2023-09-11 20:00:00+00:00,2023-09-11 16:00:00-04:00,209,90.0,83.48051723179421,boost_5y_absolute,True
2023-09-03 04:00:00+00:00,2023-09-11 21:00:00+00:00,2023-09-11 17:00:00-04:00,210,88.0,82.28087790789664,boost_5y_absolute,True
2023-09-03 04:00:00+00:00,2023-09-11 22:00:00+00:00,2023-09-11 18:00:00-04:00,211,85.0,79.8372146032345,boost_5y_absolute,True
2023-09-03 04:00:00+00:00,2023-09-11 23:00:00+00:00,2023-09-11 19:00:00-04:00,212,79.0,76.37545826462546,boost_5y_absolute,True
2023-09-03 04:00:00+00:00,2023-09-12 00:00:00+00:00,2023-09-11 20:00:00-04:00,213,76.0,74.46422143281373,boost_5y_absolute,True
2023-09-03 04:00:00+00:00,2023-09-12 01:00:00+00:00,2023-09-11 21:00:00-04:00,214,73.0,73.30717771630944,boost_5y_absolute,True
2023-09-03 04:00:00+00:00,2023-09-12 02:00:00+00:00,2023-09-11 22:00:00-04:00,215,72.0,72.38312672833338,boost_5y_absolute,True
2023-09-03 04:00:00+00:00,2023-09-12 03:00:00+00:00,2023-09-11 23:00:00-04:00,216,73.0,71.6710776490775,boost_5y_absolute,True
2023-09-03 04:00:00+00:00,2023-09-12 04:00:00+00:00,2023-09-12 00:00:00-04:00,217,71.0,71.05655445122524,boost_5y_absolute,True
2023-09-03 04:00:00+00:00,2023-09-12 05:00:00+00:00,2023-09-12 01:00:00-04:00,218,70.0,70.42630136671315,boost_5y_absolute,True
2023-09-03 04:00:00+00:00,2023-09-12 06:00:00+00:00,2023-09-12 02:00:00-04:00,219,69.0,69.76038234205092,boost_5y_absolute,True
2023-09-03 04:00:00+00:00,2023-09-12 07:00:00+00:00,2023-09-12 03:00:00-04:00,220,69.0,69.34096972779938,boost_5y_absolute,True
2023-09-03 04:00:00+00:00,2023-09-12 08:00:00+00:00,2023-09-12 04:00:00-04:00,221,69.0,68.73865434265925,boost_5y_absolute,True
2023-09-03 04:00:00+00:00,2023-09-12 09:00:00+00:00,2023-09-12 05:00:00-04:00,222,69.0,68.43414917335373,boost_5y_absolute,True
2023-09-03 04:00:00+00:00,2023-09-12 10:00:00+00:00,2023-09-12 06:00:00-04:00,223,70.0,68.16172411278465,boost_5y_absolute,True
2023-09-03 04:00:00+00:00,2023-09-12 11:00:00+00:00,2023-09-12 07:00:00-04:00,224,73.0,69.58400135764899,boost_5y_absolute,True
2023-09-03 04:00:00+00:00,2023-09-12 12:00:00+00:00,2023-09-12 08:00:00-04:00,225,78.0,72.72062109410693,boost_5y_absolute,True
2023-09-03 04:00:00+00:00,2023-09-12 13:00:00+00:00,2023-09-12 09:00:00-04:00,226,83.0,75.64884136466202,boost_5y_absolute,True
2023-09-03 04:00:00+00:00,2023-09-12 14:00:00+00:00,2023-09-12 10:00:00-04:00,227,85.0,78.13253378356883,boost_5y_absolute,True
2023-09-03 04:00:00+00:00,2023-09-12 15:00:00+00:00,2023-09-12 11:00:00-04:00,228,89.0,80.4426572017873,boost_5y_absolute,True
2023-09-03 04:00:00+00:00,2023-09-12 16:00:00+00:00,2023-09-12 12:00:00-04:00,229,91.0,81.7674462269335,boost_5y_absolute,True
2023-09-03 04:00:00+00:00,2023-09-12 17:00:00+00:00,2023-09-12 13:00:00-04:00,230,93.0,82.48660790155438,boost_5y_absolute,True
2023-09-03 04:00:00+00:00,2023-09-12 18:00:00+00:00,2023-09-12 14:00:00-04:00,231,92.0,83.2160646220171,boost_5y_absolute,True
2023-09-03 04:00:00+00:00,2023-09-12 19:00:00+00:00,2023-09-12 15:00:00-04:00,232,89.0,83.63492912794497,boost_5y_absolute,True
2023-09-03 04:00:00+00:00,2023-09-12 20:00:00+00:00,2023-09-12 16:00:00-04:00,233,89.0,83.16668078441026,boost_5y_absolute,True
2023-09-03 04:00:00+00:00,2023-09-12 21:00:00+00:00,2023-09-12 17:00:00-04:00,234,87.0,81.99251968335717,boost_5y_absolute,True
2023-09-03 04:00:00+00:00,2023-09-12 22:00:00+00:00,2023-09-12 18:00:00-04:00,235,85.0,79.41433202478748,boost_5y_absolute,True
2023-09-03 04:00:00+00:00,2023-09-12 23:00:00+00:00,2023-09-12 19:00:00-04:00,236,78.0,76.00083728421906,boost_5y_absolute,True
2023-09-03 04:00:00+00:00,2023-09-13 00:00:00+00:00,2023-09-12 20:00:00-04:00,237,78.0,74.02339596270896,boost_5y_absolute,True
2023-09-03 04:00:00+00:00,2023-09-13 01:00:00+00:00,2023-09-12 21:00:00-04:00,238,74.0,72.82058855903756,boost_5y_absolute,True
2023-09-03 04:00:00+00:00,2023-09-13 02:00:00+00:00,2023-09-12 22:00:00-04:00,239,73.0,71.91199485729007,boost_5y_absolute,True
2023-09-03 04:00:00+00:00,2023-09-13 03:00:00+00:00,2023-09-12 23:00:00-04:00,240,73.0,71.09063709650296,boost_5y_absolute,True
2023-09-03 04:00:00+00:00,2023-09-13 04:00:00+00:00,2023-09-13 00:00:00-04:00,241,73.0,70.52026494927308,boost_5y_absolute,True
2023-09-03 04:00:00+00:00,2023-09-13 05:00:00+00:00,2023-09-13 01:00:00-04:00,242,72.0,69.8907656232989,boost_5y_absolute,True
2023-09-03 04:00:00+00:00,2023-09-13 06:00:00+00:00,2023-09-13 02:00:00-04:00,243,72.0,69.28792199672121,boost_5y_absolute,True
2023-09-03 04:00:00+00:00,2023-09-13 07:00:00+00:00,2023-09-13 03:00:00-04:00,244,72.0,68.79609007528784,boost_5y_absolute,True
2023-09-03 04:00:00+00:00,2023-09-13 08:00:00+00:00,2023-09-13 04:00:00-04:00,245,71.0,68.18464743271296,boost_5y_absolute,True
2023-09-03 04:00:00+00:00,2023-09-13 09:00:00+00:00,2023-09-13 05:00:00-04:00,246,71.0,67.90980280603522,boost_5y_absolute,True
2023-09-03 04:00:00+00:00,2023-09-13 10:00:00+00:00,2023-09-13 06:00:00-04:00,247,69.0,67.60436158833267,boost_5y_absolute,True
2023-09-03 04:00:00+00:00,2023-09-13 11:00:00+00:00,2023-09-13 07:00:00-04:00,248,72.0,68.97760631974995,boost_5y_absolute,True
2023-09-03 04:00:00+00:00,2023-09-13 12:00:00+00:00,2023-09-13 08:00:00-04:00,249,73.0,72.19013092595465,boost_5y_absolute,True
2023-09-03 04:00:00+00:00,2023-09-13 13:00:00+00:00,2023-09-13 09:00:00-04:00,250,77.0,75.14063850007986,boost_5y_absolute,True
2023-09-03 04:00:00+00:00,2023-09-13 14:00:00+00:00,2023-09-13 10:00:00-04:00,251,82.0,77.60713191522352,boost_5y_absolute,True
2023-09-03 04:00:00+00:00,2023-09-13 15:00:00+00:00,2023-09-13 11:00:00-04:00,252,82.0,79.92975924236146,boost_5y_absolute,True
2023-09-03 04:00:00+00:00,2023-09-13 16:00:00+00:00,2023-09-13 12:00:00-04:00,253,83.0,81.31972442836211,boost_5y_absolute,True
2023-09-03 04:00:00+00:00,2023-09-13 17:00:00+00:00,2023-09-13 13:00:00-04:00,254,86.0,82.10214008635299,boost_5y_absolute,True
2023-09-03 04:00:00+00:00,2023-09-13 18:00:00+00:00,2023-09-13 14:00:00-04:00,255,85.0,82.74970000853838,boost_5y_absolute,True
2023-09-03 04:00:00+00:00,2023-09-13 19:00:00+00:00,2023-09-13 15:00:00-04:00,256,85.0,83.22401791937143,boost_5y_absolute,True
2023-09-03 04:00:00+00:00,2023-09-13 20:00:00+00:00,2023-09-13 16:00:00-04:00,257,85.0,82.74279426504748,boost_5y_absolute,True
2023-09-03 04:00:00+00:00,2023-09-13 21:00:00+00:00,2023-09-13 17:00:00-04:00,258,84.0,81.52877872285728,boost_5y_absolute,True
2023-09-03 04:00:00+00:00,2023-09-13 22:00:00+00:00,2023-09-13 18:00:00-04:00,259,80.0,78.91702955129483,boost_5y_absolute,True
2023-09-03 04:00:00+00:00,2023-09-13 23:00:00+00:00,2023-09-13 19:00:00-04:00,260,79.0,75.51178243807473,boost_5y_absolute,True
2023-09-03 04:00:00+00:00,2023-09-14 00:00:00+00:00,2023-09-13 20:00:00-04:00,261,78.0,73.53282539541509,boost_5y_absolute,True
2023-09-03 04:00:00+00:00,2023-09-14 01:00:00+00:00,2023-09-13 21:00:00-04:00,262,76.0,72.35398444617731,boost_5y_absolute,True
2023-09-03 04:00:00+00:00,2023-09-14 02:00:00+00:00,2023-09-13 22:00:00-04:00,263,75.0,71.41723520110833,boost_5y_absolute,True
2023-09-03 04:00:00+00:00,2023-09-14 03:00:00+00:00,2023-09-13 23:00:00-04:00,264,73.0,70.55038053499698,boost_5y_absolute,True
2023-09-03 04:00:00+00:00,2023-09-14 04:00:00+00:00,2023-09-14 00:00:00-04:00,265,72.0,69.92507107036965,boost_5y_absolute,True
2023-09-03 04:00:00+00:00,2023-09-14 05:00:00+00:00,2023-09-14 01:00:00-04:00,266,72.0,69.2702731045589,boost_5y_absolute,True
2023-09-03 04:00:00+00:00,2023-09-14 06:00:00+00:00,2023-09-14 02:00:00-04:00,267,71.0,68.68350089792074,boost_5y_absolute,True
2023-09-03 04:00:00+00:00,2023-09-14 07:00:00+00:00,2023-09-14 03:00:00-04:00,268,72.0,68.1660796091086,boost_5y_absolute,True
2023-09-03 04:00:00+00:00,2023-09-14 08:00:00+00:00,2023-09-14 04:00:00-04:00,269,70.0,67.56801891277662,boost_5y_absolute,True
2023-09-03 04:00:00+00:00,2023-09-14 09:00:00+00:00,2023-09-14 05:00:00-04:00,270,69.0,67.26173253894314,boost_5y_absolute,True
2023-09-03 04:00:00+00:00,2023-09-14 10:00:00+00:00,2023-09-14 06:00:00-04:00,271,68.0,67.01825290540509,boost_5y_absolute,True
2023-09-03 04:00:00+00:00,2023-09-14 11:00:00+00:00,2023-09-14 07:00:00-04:00,272,69.0,68.39986389916487,boost_5y_absolute,True
2023-09-03 04:00:00+00:00,2023-09-14 12:00:00+00:00,2023-09-14 08:00:00-04:00,273,71.0,71.65644572758254,boost_5y_absolute,True
2023-09-03 04:00:00+00:00,2023-09-14 13:00:00+00:00,2023-09-14 09:00:00-04:00,274,75.0,74.78817922390901,boost_5y_absolute,True
2023-09-03 04:00:00+00:00,2023-09-14 14:00:00+00:00,2023-09-14 10:00:00-04:00,275,78.0,77.25596872845384,boost_5y_absolute,True
2023-09-03 04:00:00+00:00,2023-09-14 15:00:00+00:00,2023-09-14 11:00:00-04:00,276,81.0,79.57920505802342,boost_5y_absolute,True
2023-09-03 04:00:00+00:00,2023-09-14 16:00:00+00:00,2023-09-14 12:00:00-04:00,277,82.0,81.01273116157576,boost_5y_absolute,True
2023-09-03 04:00:00+00:00,2023-09-14 17:00:00+00:00,2023-09-14 13:00:00-04:00,278,82.0,82.02123376127612,boost_5y_absolute,True
2023-09-03 04:00:00+00:00,2023-09-14 18:00:00+00:00,2023-09-14 14:00:00-04:00,279,82.0,82.57350683284061,boost_5y_absolute,True
2023-09-03 04:00:00+00:00,2023-09-14 19:00:00+00:00,2023-09-14 15:00:00-04:00,280,84.0,82.88222266768919,boost_5y_absolute,True
2023-09-03 04:00:00+00:00,2023-09-14 20:00:00+00:00,2023-09-14 16:00:00-04:00,281,82.0,82.38811499792531,boost_5y_absolute,True
2023-09-03 04:00:00+00:00,2023-09-14 21:00:00+00:00,2023-09-14 17:00:00-04:00,282,81.0,81.10772721104118,boost_5y_absolute,True
2023-09-03 04:00:00+00:00,2023-09-14 22:00:00+00:00,2023-09-14 18:00:00-04:00,283,79.0,78.52646302929539,boost_5y_absolute,True
2023-09-03 04:00:00+00:00,2023-09-14 23:00:00+00:00,2023-09-14 19:00:00-04:00,284,74.0,75.2516223424838,boost_5y_absolute,True
2023-09-03 04:00:00+00:00,2023-09-15 00:00:00+00:00,2023-09-14 20:00:00-04:00,285,73.0,73.32269271406331,boost_5y_absolute,True
2023-09-03 04:00:00+00:00,2023-09-15 01:00:00+00:00,2023-09-14 21:00:00-04:00,286,72.0,72.22080672091043,boost_5y_absolute,True
2023-09-03 04:00:00+00:00,2023-09-15 02:00:00+00:00,2023-09-14 22:00:00-04:00,287,68.0,71.26992052226093,boost_5y_absolute,True
2023-09-03 04:00:00+00:00,2023-09-15 03:00:00+00:00,2023-09-14 23:00:00-04:00,288,68.0,70.33070808568895,boost_5y_absolute,True
2023-09-03 04:00:00+00:00,2023-09-15 04:00:00+00:00,2023-09-15 00:00:00-04:00,289,66.0,69.76045014693788,boost_5y_absolute,True
2023-09-03 04:00:00+00:00,2023-09-15 05:00:00+00:00,2023-09-15 01:00:00-04:00,290,65.0,69.1293804444113,boost_5y_absolute,True
2023-09-03 04:00:00+00:00,2023-09-15 06:00:00+00:00,2023-09-15 02:00:00-04:00,291,63.0,68.56896725130423,boost_5y_absolute,True
2023-09-03 04:00:00+00:00,2023-09-15 07:00:00+00:00,2023-09-15 03:00:00-04:00,292,63.0,68.03677408917895,boost_5y_absolute,True
2023-09-03 04:00:00+00:00,2023-09-15 08:00:00+00:00,2023-09-15 04:00:00-04:00,293,62.0,67.48335019886353,boost_5y_absolute,True
2023-09-03 04:00:00+00:00,2023-09-15 09:00:00+00:00,2023-09-15 05:00:00-04:00,294,61.0,67.2195773818508,boost_5y_absolute,True
2023-09-03 04:00:00+00:00,2023-09-15 10:00:00+00:00,2023-09-15 06:00:00-04:00,295,59.0,66.98998147213605,boost_5y_absolute,True
2023-09-03 04:00:00+00:00,2023-09-15 11:00:00+00:00,2023-09-15 07:00:00-04:00,296,61.0,68.26609827623004,boost_5y_absolute,True
2023-09-03 04:00:00+00:00,2023-09-15 12:00:00+00:00,2023-09-15 08:00:00-04:00,297,64.0,71.38461568367951,boost_5y_absolute,True
2023-09-03 04:00:00+00:00,2023-09-15 13:00:00+00:00,2023-09-15 09:00:00-04:00,298,68.0,74.55057104845382,boost_5y_absolute,True
2023-09-03 04:00:00+00:00,2023-09-15 14:00:00+00:00,2023-09-15 10:00:00-04:00,299,72.0,77.07838265328672,boost_5y_absolute,True
2023-09-03 04:00:00+00:00,2023-09-15 15:00:00+00:00,2023-09-15 11:00:00-04:00,300,73.0,79.34770185646444,boost_5y_absolute,True
2023-09-03 04:00:00+00:00,2023-09-15 16:00:00+00:00,2023-09-15 12:00:00-04:00,301,75.0,80.93081257405336,boost_5y_absolute,True
2023-09-03 04:00:00+00:00,2023-09-15 17:00:00+00:00,2023-09-15 13:00:00-04:00,302,77.0,81.90362896059492,boost_5y_absolute,True
2023-09-03 04:00:00+00:00,2023-09-15 18:00:00+00:00,2023-09-15 14:00:00-04:00,303,79.0,82.49107882677156,boost_5y_absolute,True
2023-09-03 04:00:00+00:00,2023-09-15 19:00:00+00:00,2023-09-15 15:00:00-04:00,304,78.0,82.55918648796823,boost_5y_absolute,True
2023-09-03 04:00:00+00:00,2023-09-15 20:00:00+00:00,2023-09-15 16:00:00-04:00,305,78.0,82.03837667125367,boost_5y_absolute,True
2023-09-03 04:00:00+00:00,2023-09-15 21:00:00+00:00,2023-09-15 17:00:00-04:00,306,78.0,80.75784734630732,boost_5y_absolute,True
2023-09-03 04:00:00+00:00,2023-09-15 22:00:00+00:00,2023-09-15 18:00:00-04:00,307,75.0,78.28644768470711,boost_5y_absolute,True
2023-09-03 04:00:00+00:00,2023-09-15 23:00:00+00:00,2023-09-15 19:00:00-04:00,308,68.0,74.98790191896417,boost_5y_absolute,True
2023-09-03 04:00:00+00:00,2023-09-16 00:00:00+00:00,2023-09-15 20:00:00-04:00,309,61.0,73.2311030063765,boost_5y_absolute,True
2023-09-03 04:00:00+00:00,2023-09-16 01:00:00+00:00,2023-09-15 21:00:00-04:00,310,63.0,72.03835315585495,boost_5y_absolute,True
2023-09-03 04:00:00+00:00,2023-09-16 02:00:00+00:00,2023-09-15 22:00:00-04:00,311,60.0,71.02276875910998,boost_5y_absolute,True
2023-09-03 04:00:00+00:00,2023-09-16 03:00:00+00:00,2023-09-15 23:00:00-04:00,312,58.0,70.1011792356769,boost_5y_absolute,True
2023-09-03 04:00:00+00:00,2023-09-16 04:00:00+00:00,2023-09-16 00:00:00-04:00,313,56.0,69.28946099965073,boost_5y_absolute,True
2023-09-03 04:00:00+00:00,2023-09-16 05:00:00+00:00,2023-09-16 01:00:00-04:00,314,56.0,68.66073151556935,boost_5y_absolute,True
2023-09-03 04:00:00+00:00,2023-09-16 06:00:00+00:00,2023-09-16 02:00:00-04:00,315,55.0,68.02939693368506,boost_5y_absolute,True
2023-09-03 04:00:00+00:00,2023-09-16 07:00:00+00:00,2023-09-16 03:00:00-04:00,316,55.0,67.44587746204674,boost_5y_absolute,True
2023-09-03 04:00:00+00:00,2023-09-16 08:00:00+00:00,2023-09-16 04:00:00-04:00,317,54.0,66.85438785790272,boost_5y_absolute,True
2023-09-03 04:00:00+00:00,2023-09-16 09:00:00+00:00,2023-09-16 05:00:00-04:00,318,54.0,66.5651628723271,boost_5y_absolute,True
2023-09-03 04:00:00+00:00,2023-09-16 10:00:00+00:00,2023-09-16 06:00:00-04:00,319,54.0,66.31762847244023,boost_5y_absolute,True
2023-09-03 04:00:00+00:00,2023-09-16 11:00:00+00:00,2023-09-16 07:00:00-04:00,320,57.0,67.6047353253506,boost_5y_absolute,True
2023-09-03 04:00:00+00:00,2023-09-16 12:00:00+00:00,2023-09-16 08:00:00-04:00,321,65.0,70.68680993280516,boost_5y_absolute,True
2023-09-03 04:00:00+00:00,2023-09-16 13:00:00+00:00,2023-09-16 09:00:00-04:00,322,71.0,73.86391381634436,boost_5y_absolute,True
2023-09-03 04:00:00+00:00,2023-09-16 14:00:00+00:00,2023-09-16 10:00:00-04:00,323,77.0,76.48222794848694,boost_5y_absolute,True
2023-09-03 04:00:00+00:00,2023-09-16 15:00:00+00:00,2023-09-16 11:00:00-04:00,324,79.0,78.77880036393742,boost_5y_absolute,True
2023-09-03 04:00:00+00:00,2023-09-16 16:00:00+00:00,2023-09-16 12:00:00-04:00,325,82.0,80.35582882898095,boost_5y_absolute,True
2023-09-03 04:00:00+00:00,2023-09-16 17:00:00+00:00,2023-09-16 13:00:00-04:00,326,82.0,81.3155185512357,boost_5y_absolute,True
2023-09-03 04:00:00+00:00,2023-09-16 18:00:00+00:00,2023-09-16 14:00:00-04:00,327,84.0,81.92890382460179,boost_5y_absolute,True
2023-09-03 04:00:00+00:00,2023-09-16 19:00:00+00:00,2023-09-16 15:00:00-04:00,328,84.0,81.90333600105743,boost_5y_absolute,True
2023-09-03 04:00:00+00:00,2023-09-16 20:00:00+00:00,2023-09-16 16:00:00-04:00,329,85.0,81.51615448596333,boost_5y_absolute,True
2023-09-03 04:00:00+00:00,2023-09-16 21:00:00+00:00,2023-09-16 17:00:00-04:00,330,84.0,80.18272890168336,boost_5y_absolute,True
2023-09-03 04:00:00+00:00,2023-09-16 22:00:00+00:00,2023-09-16 18:00:00-04:00,331,80.0,77.58834179217673,boost_5y_absolute,True
2023-09-03 04:00:00+00:00,2023-09-16 23:00:00+00:00,2023-09-16 19:00:00-04:00,332,77.0,74.3407527258841,boost_5y_absolute,True
2023-09-03 04:00:00+00:00,2023-09-17 00:00:00+00:00,2023-09-16 20:00:00-04:00,333,74.0,72.56509439610718,boost_5y_absolute,True
2023-09-03 04:00:00+00:00,2023-09-17 01:00:00+00:00,2023-09-16 21:00:00-04:00,334,73.0,71.40543699976374,boost_5y_absolute,True
2023-09-03 04:00:00+00:00,2023-09-17 02:00:00+00:00,2023-09-16 22:00:00-04:00,335,71.0,70.33752257611296,boost_5y_absolute,True
2023-09-03 04:00:00+00:00,2023-09-17 03:00:00+00:00,2023-09-16 23:00:00-04:00,336,70.0,69.34939673984861,boost_5y_absolute,True
2023-09-10 04:00:00+00:00,2023-09-10 04:00:00+00:00,2023-09-10 00:00:00-04:00,1,71.0,71.06843052454231,boost_5y_absolute,True
2023-09-10 04:00:00+00:00,2023-09-10 05:00:00+00:00,2023-09-10 01:00:00-04:00,2,71.0,70.41046762772001,boost_5y_absolute,True
2023-09-10 04:00:00+00:00,2023-09-10 06:00:00+00:00,2023-09-10 02:00:00-04:00,3,70.0,69.55008661685036,boost_5y_absolute,True
2023-09-10 04:00:00+00:00,2023-09-10 07:00:00+00:00,2023-09-10 03:00:00-04:00,4,69.0,69.26113735991774,boost_5y_absolute,True
2023-09-10 04:00:00+00:00,2023-09-10 08:00:00+00:00,2023-09-10 04:00:00-04:00,5,69.0,69.06088075612712,boost_5y_absolute,True
2023-09-10 04:00:00+00:00,2023-09-10 09:00:00+00:00,2023-09-10 05:00:00-04:00,6,70.0,69.19117098483184,boost_5y_absolute,True
2023-09-10 04:00:00+00:00,2023-09-10 10:00:00+00:00,2023-09-10 06:00:00-04:00,7,70.0,69.51048593365833,boost_5y_absolute,True
2023-09-10 04:00:00+00:00,2023-09-10 11:00:00+00:00,2023-09-10 07:00:00-04:00,8,71.0,69.78784798916267,boost_5y_absolute,True
2023-09-10 04:00:00+00:00,2023-09-10 12:00:00+00:00,2023-09-10 08:00:00-04:00,9,72.0,72.64856937898571,boost_5y_absolute,True
2023-09-10 04:00:00+00:00,2023-09-10 13:00:00+00:00,2023-09-10 09:00:00-04:00,10,73.0,75.42747884593506,boost_5y_absolute,True
2023-09-10 04:00:00+00:00,2023-09-10 14:00:00+00:00,2023-09-10 10:00:00-04:00,11,77.0,77.76445960896916,boost_5y_absolute,True
2023-09-10 04:00:00+00:00,2023-09-10 15:00:00+00:00,2023-09-10 11:00:00-04:00,12,77.0,80.2751472673265,boost_5y_absolute,True
2023-09-10 04:00:00+00:00,2023-09-10 16:00:00+00:00,2023-09-10 12:00:00-04:00,13,83.0,81.9383533755384,boost_5y_absolute,True
2023-09-10 04:00:00+00:00,2023-09-10 17:00:00+00:00,2023-09-10 13:00:00-04:00,14,85.0,82.6566351458256,boost_5y_absolute,True
2023-09-10 04:00:00+00:00,2023-09-10 18:00:00+00:00,2023-09-10 14:00:00-04:00,15,86.0,83.15296220126699,boost_5y_absolute,True
2023-09-10 04:00:00+00:00,2023-09-10 19:00:00+00:00,2023-09-10 15:00:00-04:00,16,87.0,83.72642251972663,boost_5y_absolute,True
2023-09-10 04:00:00+00:00,2023-09-10 20:00:00+00:00,2023-09-10 16:00:00-04:00,17,87.0,83.18546952609871,boost_5y_absolute,True
2023-09-10 04:00:00+00:00,2023-09-10 21:00:00+00:00,2023-09-10 17:00:00-04:00,18,85.0,82.15563443984965,boost_5y_absolute,True
2023-09-10 04:00:00+00:00,2023-09-10 22:00:00+00:00,2023-09-10 18:00:00-04:00,19,80.0,79.65137477420373,boost_5y_absolute,True
2023-09-10 04:00:00+00:00,2023-09-10 23:00:00+00:00,2023-09-10 19:00:00-04:00,20,77.0,76.68865614176335,boost_5y_absolute,True
2023-09-10 04:00:00+00:00,2023-09-11 00:00:00+00:00,2023-09-10 20:00:00-04:00,21,74.0,74.73552514279365,boost_5y_absolute,True
2023-09-10 04:00:00+00:00,2023-09-11 01:00:00+00:00,2023-09-10 21:00:00-04:00,22,75.0,73.5434355491084,boost_5y_absolute,True
2023-09-10 04:00:00+00:00,2023-09-11 02:00:00+00:00,2023-09-10 22:00:00-04:00,23,73.0,72.57586524041672,boost_5y_absolute,True
2023-09-10 04:00:00+00:00,2023-09-11 03:00:00+00:00,2023-09-10 23:00:00-04:00,24,73.0,72.14234709930844,boost_5y_absolute,True
2023-09-10 04:00:00+00:00,2023-09-11 04:00:00+00:00,2023-09-11 00:00:00-04:00,25,71.0,73.10325808620104,boost_5y_absolute,True
2023-09-10 04:00:00+00:00,2023-09-11 05:00:00+00:00,2023-09-11 01:00:00-04:00,26,72.0,72.57228549865609,boost_5y_absolute,True
2023-09-10 04:00:00+00:00,2023-09-11 06:00:00+00:00,2023-09-11 02:00:00-04:00,27,71.0,71.86816463205874,boost_5y_absolute,True
2023-09-10 04:00:00+00:00,2023-09-11 07:00:00+00:00,2023-09-11 03:00:00-04:00,28,70.0,71.51973076970346,boost_5y_absolute,True
2023-09-10 04:00:00+00:00,2023-09-11 08:00:00+00:00,2023-09-11 04:00:00-04:00,29,70.0,70.82053120766389,boost_5y_absolute,True
2023-09-10 04:00:00+00:00,2023-09-11 09:00:00+00:00,2023-09-11 05:00:00-04:00,30,68.0,70.60292791122127,boost_5y_absolute,True
2023-09-10 04:00:00+00:00,2023-09-11 10:00:00+00:00,2023-09-11 06:00:00-04:00,31,70.0,70.32745452967009,boost_5y_absolute,True
2023-09-10 04:00:00+00:00,2023-09-11 11:00:00+00:00,2023-09-11 07:00:00-04:00,32,70.0,71.83350216025751,boost_5y_absolute,True
2023-09-10 04:00:00+00:00,2023-09-11 12:00:00+00:00,2023-09-11 08:00:00-04:00,33,71.0,74.85034362750388,boost_5y_absolute,True
2023-09-10 04:00:00+00:00,2023-09-11 13:00:00+00:00,2023-09-11 09:00:00-04:00,34,76.0,78.02629393899186,boost_5y_absolute,True
2023-09-10 04:00:00+00:00,2023-09-11 14:00:00+00:00,2023-09-11 10:00:00-04:00,35,81.0,80.46913448163656,boost_5y_absolute,True
2023-09-10 04:00:00+00:00,2023-09-11 15:00:00+00:00,2023-09-11 11:00:00-04:00,36,83.0,82.80551871242207,boost_5y_absolute,True
2023-09-10 04:00:00+00:00,2023-09-11 16:00:00+00:00,2023-09-11 12:00:00-04:00,37,86.0,84.25217744545705,boost_5y_absolute,True
2023-09-10 04:00:00+00:00,2023-09-11 17:00:00+00:00,2023-09-11 13:00:00-04:00,38,87.0,84.90465030259534,boost_5y_absolute,True
2023-09-10 04:00:00+00:00,2023-09-11 18:00:00+00:00,2023-09-11 14:00:00-04:00,39,89.0,85.86823260552752,boost_5y_absolute,True
2023-09-10 04:00:00+00:00,2023-09-11 19:00:00+00:00,2023-09-11 15:00:00-04:00,40,88.0,86.16104882467248,boost_5y_absolute,True
2023-09-10 04:00:00+00:00,2023-09-11 20:00:00+00:00,2023-09-11 16:00:00-04:00,41,90.0,85.43217855389996,boost_5y_absolute,True
2023-09-10 04:00:00+00:00,2023-09-11 21:00:00+00:00,2023-09-11 17:00:00-04:00,42,88.0,84.29044812256652,boost_5y_absolute,True
2023-09-10 04:00:00+00:00,2023-09-11 22:00:00+00:00,2023-09-11 18:00:00-04:00,43,85.0,81.7837273895391,boost_5y_absolute,True
2023-09-10 04:00:00+00:00,2023-09-11 23:00:00+00:00,2023-09-11 19:00:00-04:00,44,79.0,78.00417356460055,boost_5y_absolute,True
2023-09-10 04:00:00+00:00,2023-09-12 00:00:00+00:00,2023-09-11 20:00:00-04:00,45,76.0,76.04053006231713,boost_5y_absolute,True
2023-09-10 04:00:00+00:00,2023-09-12 01:00:00+00:00,2023-09-11 21:00:00-04:00,46,73.0,74.87216063731869,boost_5y_absolute,True
2023-09-10 04:00:00+00:00,2023-09-12 02:00:00+00:00,2023-09-11 22:00:00-04:00,47,72.0,74.05387681525718,boost_5y_absolute,True
2023-09-10 04:00:00+00:00,2023-09-12 03:00:00+00:00,2023-09-11 23:00:00-04:00,48,73.0,73.14963767573714,boost_5y_absolute,True
2023-09-10 04:00:00+00:00,2023-09-12 04:00:00+00:00,2023-09-12 00:00:00-04:00,49,71.0,72.37490963503609,boost_5y_absolute,True
2023-09-10 04:00:00+00:00,2023-09-12 05:00:00+00:00,2023-09-12 01:00:00-04:00,50,70.0,71.79302538905543,boost_5y_absolute,True
2023-09-10 04:00:00+00:00,2023-09-12 06:00:00+00:00,2023-09-12 02:00:00-04:00,51,69.0,71.09685070969088,boost_5y_absolute,True
2023-09-10 04:00:00+00:00,2023-09-12 07:00:00+00:00,2023-09-12 03:00:00-04:00,52,69.0,70.75182368478038,boost_5y_absolute,True
2023-09-10 04:00:00+00:00,2023-09-12 08:00:00+00:00,2023-09-12 04:00:00-04:00,53,69.0,70.06654912022418,boost_5y_absolute,True
2023-09-10 04:00:00+00:00,2023-09-12 09:00:00+00:00,2023-09-12 05:00:00-04:00,54,69.0,69.8523153424243,boost_5y_absolute,True
2023-09-10 04:00:00+00:00,2023-09-12 10:00:00+00:00,2023-09-12 06:00:00-04:00,55,70.0,69.57053740264982,boost_5y_absolute,True
2023-09-10 04:00:00+00:00,2023-09-12 11:00:00+00:00,2023-09-12 07:00:00-04:00,56,73.0,71.13421938032947,boost_5y_absolute,True
2023-09-10 04:00:00+00:00,2023-09-12 12:00:00+00:00,2023-09-12 08:00:00-04:00,57,78.0,74.08877037100534,boost_5y_absolute,True
2023-09-10 04:00:00+00:00,2023-09-12 13:00:00+00:00,2023-09-12 09:00:00-04:00,58,83.0,77.13106469576601,boost_5y_absolute,True
2023-09-10 04:00:00+00:00,2023-09-12 14:00:00+00:00,2023-09-12 10:00:00-04:00,59,85.0,79.86329761882939,boost_5y_absolute,True
2023-09-10 04:00:00+00:00,2023-09-12 15:00:00+00:00,2023-09-12 11:00:00-04:00,60,89.0,82.13853445391813,boost_5y_absolute,True
2023-09-10 04:00:00+00:00,2023-09-12 16:00:00+00:00,2023-09-12 12:00:00-04:00,61,91.0,83.60430580631294,boost_5y_absolute,True
2023-09-10 04:00:00+00:00,2023-09-12 17:00:00+00:00,2023-09-12 13:00:00-04:00,62,93.0,84.1159398029988,boost_5y_absolute,True
2023-09-10 04:00:00+00:00,2023-09-12 18:00:00+00:00,2023-09-12 14:00:00-04:00,63,92.0,84.95950783307057,boost_5y_absolute,True
2023-09-10 04:00:00+00:00,2023-09-12 19:00:00+00:00,2023-09-12 15:00:00-04:00,64,89.0,85.38637400387162,boost_5y_absolute,True
2023-09-10 04:00:00+00:00,2023-09-12 20:00:00+00:00,2023-09-12 16:00:00-04:00,65,89.0,84.54139476877263,boost_5y_absolute,True
2023-09-10 04:00:00+00:00,2023-09-12 21:00:00+00:00,2023-09-12 17:00:00-04:00,66,87.0,83.44120154722982,boost_5y_absolute,True
2023-09-10 04:00:00+00:00,2023-09-12 22:00:00+00:00,2023-09-12 18:00:00-04:00,67,85.0,80.85866840578812,boost_5y_absolute,True
2023-09-10 04:00:00+00:00,2023-09-12 23:00:00+00:00,2023-09-12 19:00:00-04:00,68,78.0,77.03626245492227,boost_5y_absolute,True
2023-09-10 04:00:00+00:00,2023-09-13 00:00:00+00:00,2023-09-12 20:00:00-04:00,69,78.0,75.03861303317366,boost_5y_absolute,True
2023-09-10 04:00:00+00:00,2023-09-13 01:00:00+00:00,2023-09-12 21:00:00-04:00,70,74.0,73.88134062359093,boost_5y_absolute,True
2023-09-10 04:00:00+00:00,2023-09-13 02:00:00+00:00,2023-09-12 22:00:00-04:00,71,73.0,73.00795770393796,boost_5y_absolute,True
2023-09-10 04:00:00+00:00,2023-09-13 03:00:00+00:00,2023-09-12 23:00:00-04:00,72,73.0,72.12928508637414,boost_5y_absolute,True
2023-09-10 04:00:00+00:00,2023-09-13 04:00:00+00:00,2023-09-13 00:00:00-04:00,73,73.0,70.50437420230178,boost_5y_absolute,True
2023-09-10 04:00:00+00:00,2023-09-13 05:00:00+00:00,2023-09-13 01:00:00-04:00,74,72.0,69.9312405473045,boost_5y_absolute,True
2023-09-10 04:00:00+00:00,2023-09-13 06:00:00+00:00,2023-09-13 02:00:00-04:00,75,72.0,69.2494799843359,boost_5y_absolute,True
2023-09-10 04:00:00+00:00,2023-09-13 07:00:00+00:00,2023-09-13 03:00:00-04:00,76,72.0,68.91144145582123,boost_5y_absolute,True
2023-09-10 04:00:00+00:00,2023-09-13 08:00:00+00:00,2023-09-13 04:00:00-04:00,77,71.0,68.17775315385832,boost_5y_absolute,True
2023-09-10 04:00:00+00:00,2023-09-13 09:00:00+00:00,2023-09-13 05:00:00-04:00,78,71.0,67.9224500008883,boost_5y_absolute,True
2023-09-10 04:00:00+00:00,2023-09-13 10:00:00+00:00,2023-09-13 06:00:00-04:00,79,69.0,67.67575693063164,boost_5y_absolute,True
2023-09-10 04:00:00+00:00,2023-09-13 11:00:00+00:00,2023-09-13 07:00:00-04:00,80,72.0,69.25021882233048,boost_5y_absolute,True
2023-09-10 04:00:00+00:00,2023-09-13 12:00:00+00:00,2023-09-13 08:00:00-04:00,81,73.0,72.46804613694086,boost_5y_absolute,True
2023-09-10 04:00:00+00:00,2023-09-13 13:00:00+00:00,2023-09-13 09:00:00-04:00,82,77.0,75.48336591806255,boost_5y_absolute,True
2023-09-10 04:00:00+00:00,2023-09-13 14:00:00+00:00,2023-09-13 10:00:00-04:00,83,82.0,78.19840240586208,boost_5y_absolute,True
2023-09-10 04:00:00+00:00,2023-09-13 15:00:00+00:00,2023-09-13 11:00:00-04:00,84,82.0,80.52420909191488,boost_5y_absolute,True
2023-09-10 04:00:00+00:00,2023-09-13 16:00:00+00:00,2023-09-13 12:00:00-04:00,85,83.0,82.09107538716519,boost_5y_absolute,True
2023-09-10 04:00:00+00:00,2023-09-13 17:00:00+00:00,2023-09-13 13:00:00-04:00,86,86.0,82.67995643591544,boost_5y_absolute,True
2023-09-10 04:00:00+00:00,2023-09-13 18:00:00+00:00,2023-09-13 14:00:00-04:00,87,85.0,83.40325912631899,boost_5y_absolute,True
2023-09-10 04:00:00+00:00,2023-09-13 19:00:00+00:00,2023-09-13 15:00:00-04:00,88,85.0,83.90849899183154,boost_5y_absolute,True
2023-09-10 04:00:00+00:00,2023-09-13 20:00:00+00:00,2023-09-13 16:00:00-04:00,89,85.0,83.18347285545644,boost_5y_absolute,True
2023-09-10 04:00:00+00:00,2023-09-13 21:00:00+00:00,2023-09-13 17:00:00-04:00,90,84.0,82.07076077551953,boost_5y_absolute,True
2023-09-10 04:00:00+00:00,2023-09-13 22:00:00+00:00,2023-09-13 18:00:00-04:00,91,80.0,79.45153336052003,boost_5y_absolute,True
2023-09-10 04:00:00+00:00,2023-09-13 23:00:00+00:00,2023-09-13 19:00:00-04:00,92,79.0,75.70495460067765,boost_5y_absolute,True
2023-09-10 04:00:00+00:00,2023-09-14 00:00:00+00:00,2023-09-13 20:00:00-04:00,93,78.0,73.73372603051233,boost_5y_absolute,True
2023-09-10 04:00:00+00:00,2023-09-14 01:00:00+00:00,2023-09-13 21:00:00-04:00,94,76.0,72.52498003489815,boost_5y_absolute,True
2023-09-10 04:00:00+00:00,2023-09-14 02:00:00+00:00,2023-09-13 22:00:00-04:00,95,75.0,71.5679941981653,boost_5y_absolute,True
2023-09-10 04:00:00+00:00,2023-09-14 03:00:00+00:00,2023-09-13 23:00:00-04:00,96,73.0,70.67454531955866,boost_5y_absolute,True
2023-09-10 04:00:00+00:00,2023-09-14 04:00:00+00:00,2023-09-14 00:00:00-04:00,97,72.0,69.64823374719852,boost_5y_absolute,True
2023-09-10 04:00:00+00:00,2023-09-14 05:00:00+00:00,2023-09-14 01:00:00-04:00,98,72.0,68.9473808440196,boost_5y_absolute,True
2023-09-10 04:00:00+00:00,2023-09-14 06:00:00+00:00,2023-09-14 02:00:00-04:00,99,71.0,68.28871670674715,boost_5y_absolute,True
2023-09-10 04:00:00+00:00,2023-09-14 07:00:00+00:00,2023-09-14 03:00:00-04:00,100,72.0,67.87422347880054,boost_5y_absolute,True
2023-09-10 04:00:00+00:00,2023-09-14 08:00:00+00:00,2023-09-14 04:00:00-04:00,101,70.0,67.19275479081071,boost_5y_absolute,True
2023-09-10 04:00:00+00:00,2023-09-14 09:00:00+00:00,2023-09-14 05:00:00-04:00,102,69.0,66.75991026391539,boost_5y_absolute,True
2023-09-10 04:00:00+00:00,2023-09-14 10:00:00+00:00,2023-09-14 06:00:00-04:00,103,68.0,66.59004992376923,boost_5y_absolute,True
2023-09-10 04:00:00+00:00,2023-09-14 11:00:00+00:00,2023-09-14 07:00:00-04:00,104,69.0,68.11967147637306,boost_5y_absolute,True
2023-09-10 04:00:00+00:00,2023-09-14 12:00:00+00:00,2023-09-14 08:00:00-04:00,105,71.0,71.44858098082634,boost_5y_absolute,True
2023-09-10 04:00:00+00:00,2023-09-14 13:00:00+00:00,2023-09-14 09:00:00-04:00,106,75.0,74.65831228900052,boost_5y_absolute,True
2023-09-10 04:00:00+00:00,2023-09-14 14:00:00+00:00,2023-09-14 10:00:00-04:00,107,78.0,77.24687975472621,boost_5y_absolute,True
2023-09-10 04:00:00+00:00,2023-09-14 15:00:00+00:00,2023-09-14 11:00:00-04:00,108,81.0,79.66199904606246,boost_5y_absolute,True
2023-09-10 04:00:00+00:00,2023-09-14 16:00:00+00:00,2023-09-14 12:00:00-04:00,109,82.0,81.27968881272662,boost_5y_absolute,True
2023-09-10 04:00:00+00:00,2023-09-14 17:00:00+00:00,2023-09-14 13:00:00-04:00,110,82.0,82.05383440406047,boost_5y_absolute,True
2023-09-10 04:00:00+00:00,2023-09-14 18:00:00+00:00,2023-09-14 14:00:00-04:00,111,82.0,82.62117573199109,boost_5y_absolute,True
2023-09-10 04:00:00+00:00,2023-09-14 19:00:00+00:00,2023-09-14 15:00:00-04:00,112,84.0,82.94545263851606,boost_5y_absolute,True
2023-09-10 04:00:00+00:00,2023-09-14 20:00:00+00:00,2023-09-14 16:00:00-04:00,113,82.0,82.21712120234639,boost_5y_absolute,True
2023-09-10 04:00:00+00:00,2023-09-14 21:00:00+00:00,2023-09-14 17:00:00-04:00,114,81.0,81.04760720771989,boost_5y_absolute,True
2023-09-10 04:00:00+00:00,2023-09-14 22:00:00+00:00,2023-09-14 18:00:00-04:00,115,79.0,78.49521653955797,boost_5y_absolute,True
2023-09-10 04:00:00+00:00,2023-09-14 23:00:00+00:00,2023-09-14 19:00:00-04:00,116,74.0,75.03075977733018,boost_5y_absolute,True
2023-09-10 04:00:00+00:00,2023-09-15 00:00:00+00:00,2023-09-14 20:00:00-04:00,117,73.0,73.14178371084127,boost_5y_absolute,True
2023-09-10 04:00:00+00:00,2023-09-15 01:00:00+00:00,2023-09-14 21:00:00-04:00,118,72.0,72.01508666213805,boost_5y_absolute,True
2023-09-10 04:00:00+00:00,2023-09-15 02:00:00+00:00,2023-09-14 22:00:00-04:00,119,68.0,71.04087974028016,boost_5y_absolute,True
2023-09-10 04:00:00+00:00,2023-09-15 03:00:00+00:00,2023-09-14 23:00:00-04:00,120,68.0,70.07710308898946,boost_5y_absolute,True
2023-09-10 04:00:00+00:00,2023-09-15 04:00:00+00:00,2023-09-15 00:00:00-04:00,121,66.0,69.40894146717078,boost_5y_absolute,True
2023-09-10 04:00:00+00:00,2023-09-15 05:00:00+00:00,2023-09-15 01:00:00-04:00,122,65.0,68.77729255312777,boost_5y_absolute,True
2023-09-10 04:00:00+00:00,2023-09-15 06:00:00+00:00,2023-09-15 02:00:00-04:00,123,63.0,68.1497482537466,boost_5y_absolute,True
2023-09-10 04:00:00+00:00,2023-09-15 07:00:00+00:00,2023-09-15 03:00:00-04:00,124,63.0,67.63539821041985,boost_5y_absolute,True
2023-09-10 04:00:00+00:00,2023-09-15 08:00:00+00:00,2023-09-15 04:00:00-04:00,125,62.0,67.00008073492701,boost_5y_absolute,True
2023-09-10 04:00:00+00:00,2023-09-15 09:00:00+00:00,2023-09-15 05:00:00-04:00,126,61.0,66.70674226208848,boost_5y_absolute,True
2023-09-10 04:00:00+00:00,2023-09-15 10:00:00+00:00,2023-09-15 06:00:00-04:00,127,59.0,66.50780057756202,boost_5y_absolute,True
2023-09-10 04:00:00+00:00,2023-09-15 11:00:00+00:00,2023-09-15 07:00:00-04:00,128,61.0,67.93888811345644,boost_5y_absolute,True
2023-09-10 04:00:00+00:00,2023-09-15 12:00:00+00:00,2023-09-15 08:00:00-04:00,129,64.0,71.09337745839512,boost_5y_absolute,True
2023-09-10 04:00:00+00:00,2023-09-15 13:00:00+00:00,2023-09-15 09:00:00-04:00,130,68.0,74.30038702157053,boost_5y_absolute,True
2023-09-10 04:00:00+00:00,2023-09-15 14:00:00+00:00,2023-09-15 10:00:00-04:00,131,72.0,76.93379705523847,boost_5y_absolute,True
2023-09-10 04:00:00+00:00,2023-09-15 15:00:00+00:00,2023-09-15 11:00:00-04:00,132,73.0,79.2682281454216,boost_5y_absolute,True
2023-09-10 04:00:00+00:00,2023-09-15 16:00:00+00:00,2023-09-15 12:00:00-04:00,133,75.0,80.87626302218833,boost_5y_absolute,True
2023-09-10 04:00:00+00:00,2023-09-15 17:00:00+00:00,2023-09-15 13:00:00-04:00,134,77.0,81.77227919946063,boost_5y_absolute,True
2023-09-10 04:00:00+00:00,2023-09-15 18:00:00+00:00,2023-09-15 14:00:00-04:00,135,79.0,82.41416575271522,boost_5y_absolute,True
2023-09-10 04:00:00+00:00,2023-09-15 19:00:00+00:00,2023-09-15 15:00:00-04:00,136,78.0,82.50675286030685,boost_5y_absolute,True
2023-09-10 04:00:00+00:00,2023-09-15 20:00:00+00:00,2023-09-15 16:00:00-04:00,137,78.0,81.78093656260585,boost_5y_absolute,True
2023-09-10 04:00:00+00:00,2023-09-15 21:00:00+00:00,2023-09-15 17:00:00-04:00,138,78.0,80.57554821585778,boost_5y_absolute,True
2023-09-10 04:00:00+00:00,2023-09-15 22:00:00+00:00,2023-09-15 18:00:00-04:00,139,75.0,78.1283417386532,boost_5y_absolute,True
2023-09-10 04:00:00+00:00,2023-09-15 23:00:00+00:00,2023-09-15 19:00:00-04:00,140,68.0,74.75401231050286,boost_5y_absolute,True
2023-09-10 04:00:00+00:00,2023-09-16 00:00:00+00:00,2023-09-15 20:00:00-04:00,141,61.0,73.02370404643302,boost_5y_absolute,True
2023-09-10 04:00:00+00:00,2023-09-16 01:00:00+00:00,2023-09-15 21:00:00-04:00,142,63.0,71.81276774926414,boost_5y_absolute,True
2023-09-10 04:00:00+00:00,2023-09-16 02:00:00+00:00,2023-09-15 22:00:00-04:00,143,60.0,70.79377548800693,boost_5y_absolute,True
2023-09-10 04:00:00+00:00,2023-09-16 03:00:00+00:00,2023-09-15 23:00:00-04:00,144,58.0,69.8308200807131,boost_5y_absolute,True
2023-09-10 04:00:00+00:00,2023-09-16 04:00:00+00:00,2023-09-16 00:00:00-04:00,145,56.0,69.05313111740284,boost_5y_absolute,True
2023-09-10 04:00:00+00:00,2023-09-16 05:00:00+00:00,2023-09-16 01:00:00-04:00,146,56.0,68.41447681575393,boost_5y_absolute,True
2023-09-10 04:00:00+00:00,2023-09-16 06:00:00+00:00,2023-09-16 02:00:00-04:00,147,55.0,67.71856977720002,boost_5y_absolute,True
2023-09-10 04:00:00+00:00,2023-09-16 07:00:00+00:00,2023-09-16 03:00:00-04:00,148,55.0,67.16219496338842,boost_5y_absolute,True
2023-09-10 04:00:00+00:00,2023-09-16 08:00:00+00:00,2023-09-16 04:00:00-04:00,149,54.0,66.54032693646062,boost_5y_absolute,True
2023-09-10 04:00:00+00:00,2023-09-16 09:00:00+00:00,2023-09-16 05:00:00-04:00,150,54.0,66.25599721083724,boost_5y_absolute,True
2023-09-10 04:00:00+00:00,2023-09-16 10:00:00+00:00,2023-09-16 06:00:00-04:00,151,54.0,66.05273951709428,boost_5y_absolute,True
2023-09-10 04:00:00+00:00,2023-09-16 11:00:00+00:00,2023-09-16 07:00:00-04:00,152,57.0,67.36657190105923,boost_5y_absolute,True
2023-09-10 04:00:00+00:00,2023-09-16 12:00:00+00:00,2023-09-16 08:00:00-04:00,153,65.0,70.50835614703801,boost_5y_absolute,True
2023-09-10 04:00:00+00:00,2023-09-16 13:00:00+00:00,2023-09-16 09:00:00-04:00,154,71.0,73.70793734034268,boost_5y_absolute,True
2023-09-10 04:00:00+00:00,2023-09-16 14:00:00+00:00,2023-09-16 10:00:00-04:00,155,77.0,76.36526569537976,boost_5y_absolute,True
2023-09-10 04:00:00+00:00,2023-09-16 15:00:00+00:00,2023-09-16 11:00:00-04:00,156,79.0,78.73537918544703,boost_5y_absolute,True
2023-09-10 04:00:00+00:00,2023-09-16 16:00:00+00:00,2023-09-16 12:00:00-04:00,157,82.0,80.28547847778458,boost_5y_absolute,True
2023-09-10 04:00:00+00:00,2023-09-16 17:00:00+00:00,2023-09-16 13:00:00-04:00,158,82.0,81.2111313996021,boost_5y_absolute,True
2023-09-10 04:00:00+00:00,2023-09-16 18:00:00+00:00,2023-09-16 14:00:00-04:00,159,84.0,81.88926202996757,boost_5y_absolute,True
2023-09-10 04:00:00+00:00,2023-09-16 19:00:00+00:00,2023-09-16 15:00:00-04:00,160,84.0,81.88760864460939,boost_5y_absolute,True
2023-09-10 04:00:00+00:00,2023-09-16 20:00:00+00:00,2023-09-16 16:00:00-04:00,161,85.0,81.50154056152336,boost_5y_absolute,True
2023-09-10 04:00:00+00:00,2023-09-16 21:00:00+00:00,2023-09-16 17:00:00-04:00,162,84.0,80.21243793716468,boost_5y_absolute,True
2023-09-10 04:00:00+00:00,2023-09-16 22:00:00+00:00,2023-09-16 18:00:00-04:00,163,80.0,77.58157998118767,boost_5y_absolute,True
2023-09-10 04:00:00+00:00,2023-09-16 23:00:00+00:00,2023-09-16 19:00:00-04:00,164,77.0,74.27469496545324,boost_5y_absolute,True
2023-09-10 04:00:00+00:00,2023-09-17 00:00:00+00:00,2023-09-16 20:00:00-04:00,165,74.0,72.51605547294598,boost_5y_absolute,True
2023-09-10 04:00:00+00:00,2023-09-17 01:00:00+00:00,2023-09-16 21:00:00-04:00,166,73.0,71.3283158541737,boost_5y_absolute,True
2023-09-10 04:00:00+00:00,2023-09-17 02:00:00+00:00,2023-09-16 22:00:00-04:00,167,71.0,70.23644206450489,boost_5y_absolute,True
2023-09-10 04:00:00+00:00,2023-09-17 03:00:00+00:00,2023-09-16 23:00:00-04:00,168,70.0,69.2481435252805,boost_5y_absolute,True
2023-09-10 04:00:00+00:00,2023-09-17 04:00:00+00:00,2023-09-17 00:00:00-04:00,169,69.0,68.34382997311766,boost_5y_absolute,True
2023-09-10 04:00:00+00:00,2023-09-17 05:00:00+00:00,2023-09-17 01:00:00-04:00,170,68.0,67.7845002634155,boost_5y_absolute,True
2023-09-10 04:00:00+00:00,2023-09-17 06:00:00+00:00,2023-09-17 02:00:00-04:00,171,68.0,67.08627630011013,boost_5y_absolute,True
2023-09-10 04:00:00+00:00,2023-09-17 07:00:00+00:00,2023-09-17 03:00:00-04:00,172,64.0,66.50348945014454,boost_5y_absolute,True
2023-09-10 04:00:00+00:00,2023-09-17 08:00:00+00:00,2023-09-17 04:00:00-04:00,173,63.0,65.94412268916172,boost_5y_absolute,True
2023-09-10 04:00:00+00:00,2023-09-17 09:00:00+00:00,2023-09-17 05:00:00-04:00,174,63.0,65.63430720939583,boost_5y_absolute,True
2023-09-10 04:00:00+00:00,2023-09-17 10:00:00+00:00,2023-09-17 06:00:00-04:00,175,67.0,65.39926422548696,boost_5y_absolute,True
2023-09-10 04:00:00+00:00,2023-09-17 11:00:00+00:00,2023-09-17 07:00:00-04:00,176,68.0,66.71594022318152,boost_5y_absolute,True
2023-09-10 04:00:00+00:00,2023-09-17 12:00:00+00:00,2023-09-17 08:00:00-04:00,177,70.0,69.93423701141987,boost_5y_absolute,True
2023-09-10 04:00:00+00:00,2023-09-17 13:00:00+00:00,2023-09-17 09:00:00-04:00,178,73.0,73.25941239633056,boost_5y_absolute,True
2023-09-10 04:00:00+00:00,2023-09-17 14:00:00+00:00,2023-09-17 10:00:00-04:00,179,77.0,76.04173465803383,boost_5y_absolute,True
2023-09-10 04:00:00+00:00,2023-09-17 15:00:00+00:00,2023-09-17 11:00:00-04:00,180,77.0,78.53611929062068,boost_5y_absolute,True
2023-09-10 04:00:00+00:00,2023-09-17 16:00:00+00:00,2023-09-17 12:00:00-04:00,181,75.0,80.2008439047013,boost_5y_absolute,True
2023-09-10 04:00:00+00:00,2023-09-17 17:00:00+00:00,2023-09-17 13:00:00-04:00,182,75.0,81.19472717545698,boost_5y_absolute,True
2023-09-10 04:00:00+00:00,2023-09-17 18:00:00+00:00,2023-09-17 14:00:00-04:00,183,73.0,81.76811062033136,boost_5y_absolute,True
2023-09-10 04:00:00+00:00,2023-09-17 19:00:00+00:00,2023-09-17 15:00:00-04:00,184,70.0,81.68784761582423,boost_5y_absolute,True
2023-09-10 04:00:00+00:00,2023-09-17 20:00:00+00:00,2023-09-17 16:00:00-04:00,185,70.0,81.28994929916887,boost_5y_absolute,True
2023-09-10 04:00:00+00:00,2023-09-17 21:00:00+00:00,2023-09-17 17:00:00-04:00,186,69.0,80.02100658165959,boost_5y_absolute,True
2023-09-10 04:00:00+00:00,2023-09-17 22:00:00+00:00,2023-09-17 18:00:00-04:00,187,69.0,77.2991494987167,boost_5y_absolute,True
2023-09-10 04:00:00+00:00,2023-09-17 23:00:00+00:00,2023-09-17 19:00:00-04:00,188,66.0,74.01055220558051,boost_5y_absolute,True
2023-09-10 04:00:00+00:00,2023-09-18 00:00:00+00:00,2023-09-17 20:00:00-04:00,189,66.0,72.21194105717933,boost_5y_absolute,True
2023-09-10 04:00:00+00:00,2023-09-18 01:00:00+00:00,2023-09-17 21:00:00-04:00,190,66.0,70.9899825449916,boost_5y_absolute,True
2023-09-10 04:00:00+00:00,2023-09-18 02:00:00+00:00,2023-09-17 22:00:00-04:00,191,66.0,69.8599272432,boost_5y_absolute,True
2023-09-10 04:00:00+00:00,2023-09-18 03:00:00+00:00,2023-09-17 23:00:00-04:00,192,65.0,68.9057633890007,boost_5y_absolute,True
2023-09-10 04:00:00+00:00,2023-09-18 04:00:00+00:00,2023-09-18 00:00:00-04:00,193,65.0,68.12268049296954,boost_5y_absolute,True
2023-09-10 04:00:00+00:00,2023-09-18 05:00:00+00:00,2023-09-18 01:00:00-04:00,194,65.0,67.48988852194556,boost_5y_absolute,True
2023-09-10 04:00:00+00:00,2023-09-18 06:00:00+00:00,2023-09-18 02:00:00-04:00,195,65.0,66.91264108630806,boost_5y_absolute,True
2023-09-10 04:00:00+00:00,2023-09-18 07:00:00+00:00,2023-09-18 03:00:00-04:00,196,65.0,66.33565522044681,boost_5y_absolute,True
2023-09-10 04:00:00+00:00,2023-09-18 08:00:00+00:00,2023-09-18 04:00:00-04:00,197,64.0,65.78672891960694,boost_5y_absolute,True
2023-09-10 04:00:00+00:00,2023-09-18 09:00:00+00:00,2023-09-18 05:00:00-04:00,198,64.0,65.37443238819506,boost_5y_absolute,True
2023-09-10 04:00:00+00:00,2023-09-18 10:00:00+00:00,2023-09-18 06:00:00-04:00,199,63.0,65.16941071906149,boost_5y_absolute,True
2023-09-10 04:00:00+00:00,2023-09-18 11:00:00+00:00,2023-09-18 07:00:00-04:00,200,63.0,66.48011895640201,boost_5y_absolute,True
2023-09-10 04:00:00+00:00,2023-09-18 12:00:00+00:00,2023-09-18 08:00:00-04:00,201,65.0,69.81523807499424,boost_5y_absolute,True
2023-09-10 04:00:00+00:00,2023-09-18 13:00:00+00:00,2023-09-18 09:00:00-04:00,202,69.0,73.18584279779783,boost_5y_absolute,True
2023-09-10 04:00:00+00:00,2023-09-18 14:00:00+00:00,2023-09-18 10:00:00-04:00,203,73.0,76.04068472120149,boost_5y_absolute,True
2023-09-10 04:00:00+00:00,2023-09-18 15:00:00+00:00,2023-09-18 11:00:00-04:00,204,76.0,78.47196631680089,boost_5y_absolute,True
2023-09-10 04:00:00+00:00,2023-09-18 16:00:00+00:00,2023-09-18 12:00:00-04:00,205,76.0,80.08257783530141,boost_5y_absolute,True
2023-09-10 04:00:00+00:00,2023-09-18 17:00:00+00:00,2023-09-18 13:00:00-04:00,206,78.0,81.08506013163417,boost_5y_absolute,True
2023-09-10 04:00:00+00:00,2023-09-18 18:00:00+00:00,2023-09-18 14:00:00-04:00,207,80.0,81.73564805377141,boost_5y_absolute,True
2023-09-10 04:00:00+00:00,2023-09-18 19:00:00+00:00,2023-09-18 15:00:00-04:00,208,81.0,81.48692416511122,boost_5y_absolute,True
2023-09-10 04:00:00+00:00,2023-09-18 20:00:00+00:00,2023-09-18 16:00:00-04:00,209,81.0,81.17451770998443,boost_5y_absolute,True
2023-09-10 04:00:00+00:00,2023-09-18 21:00:00+00:00,2023-09-18 17:00:00-04:00,210,79.0,79.93825308231871,boost_5y_absolute,True
2023-09-10 04:00:00+00:00,2023-09-18 22:00:00+00:00,2023-09-18 18:00:00-04:00,211,76.0,77.17265220301479,boost_5y_absolute,True
2023-09-10 04:00:00+00:00,2023-09-18 23:00:00+00:00,2023-09-18 19:00:00-04:00,212,69.0,73.89216974115901,boost_5y_absolute,True
2023-09-10 04:00:00+00:00,2023-09-19 00:00:00+00:00,2023-09-18 20:00:00-04:00,213,66.0,72.11701340601589,boost_5y_absolute,True
2023-09-10 04:00:00+00:00,2023-09-19 01:00:00+00:00,2023-09-18 21:00:00-04:00,214,64.0,70.93673704312154,boost_5y_absolute,True
2023-09-10 04:00:00+00:00,2023-09-19 02:00:00+00:00,2023-09-18 22:00:00-04:00,215,63.0,69.77783558723569,boost_5y_absolute,True
2023-09-10 04:00:00+00:00,2023-09-19 03:00:00+00:00,2023-09-18 23:00:00-04:00,216,62.0,68.83384000965019,boost_5y_absolute,True
2023-09-10 04:00:00+00:00,2023-09-19 04:00:00+00:00,2023-09-19 00:00:00-04:00,217,60.0,67.79068466165202,boost_5y_absolute,True
2023-09-10 04:00:00+00:00,2023-09-19 05:00:00+00:00,2023-09-19 01:00:00-04:00,218,59.0,67.1406283579095,boost_5y_absolute,True
2023-09-10 04:00:00+00:00,2023-09-19 06:00:00+00:00,2023-09-19 02:00:00-04:00,219,59.0,66.54538294610715,boost_5y_absolute,True
2023-09-10 04:00:00+00:00,2023-09-19 07:00:00+00:00,2023-09-19 03:00:00-04:00,220,57.0,65.93898620966232,boost_5y_absolute,True
2023-09-10 04:00:00+00:00,2023-09-19 08:00:00+00:00,2023-09-19 04:00:00-04:00,221,56.0,65.40781336021914,boost_5y_absolute,True
2023-09-10 04:00:00+00:00,2023-09-19 09:00:00+00:00,2023-09-19 05:00:00-04:00,222,55.0,64.95099225762931,boost_5y_absolute,True
2023-09-10 04:00:00+00:00,2023-09-19 10:00:00+00:00,2023-09-19 06:00:00-04:00,223,55.0,64.72868898862215,boost_5y_absolute,True
2023-09-10 04:00:00+00:00,2023-09-19 11:00:00+00:00,2023-09-19 07:00:00-04:00,224,57.0,66.06361867518062,boost_5y_absolute,True
2023-09-10 04:00:00+00:00,2023-09-19 12:00:00+00:00,2023-09-19 08:00:00-04:00,225,65.0,69.4267741424279,boost_5y_absolute,True
2023-09-10 04:00:00+00:00,2023-09-19 13:00:00+00:00,2023-09-19 09:00:00-04:00,226,70.0,72.86072134851814,boost_5y_absolute,True
2023-09-10 04:00:00+00:00,2023-09-19 14:00:00+00:00,2023-09-19 10:00:00-04:00,227,75.0,75.61802271801268,boost_5y_absolute,True
2023-09-10 04:00:00+00:00,2023-09-19 15:00:00+00:00,2023-09-19 11:00:00-04:00,228,77.0,78.02570934968226,boost_5y_absolute,True
2023-09-10 04:00:00+00:00,2023-09-19 16:00:00+00:00,2023-09-19 12:00:00-04:00,229,81.0,79.61519014301369,boost_5y_absolute,True
2023-09-10 04:00:00+00:00,2023-09-19 17:00:00+00:00,2023-09-19 13:00:00-04:00,230,80.0,80.75159930744772,boost_5y_absolute,True
2023-09-10 04:00:00+00:00,2023-09-19 18:00:00+00:00,2023-09-19 14:00:00-04:00,231,81.0,81.34201969051375,boost_5y_absolute,True
2023-09-10 04:00:00+00:00,2023-09-19 19:00:00+00:00,2023-09-19 15:00:00-04:00,232,79.0,81.06217609059037,boost_5y_absolute,True
2023-09-10 04:00:00+00:00,2023-09-19 20:00:00+00:00,2023-09-19 16:00:00-04:00,233,81.0,80.85525454920288,boost_5y_absolute,True
2023-09-10 04:00:00+00:00,2023-09-19 21:00:00+00:00,2023-09-19 17:00:00-04:00,234,81.0,79.53662189217079,boost_5y_absolute,True
2023-09-10 04:00:00+00:00,2023-09-19 22:00:00+00:00,2023-09-19 18:00:00-04:00,235,77.0,76.81244392553103,boost_5y_absolute,True
2023-09-10 04:00:00+00:00,2023-09-19 23:00:00+00:00,2023-09-19 19:00:00-04:00,236,69.0,73.61371063570213,boost_5y_absolute,True
2023-09-10 04:00:00+00:00,2023-09-20 00:00:00+00:00,2023-09-19 20:00:00-04:00,237,68.0,71.61223419073396,boost_5y_absolute,True
2023-09-10 04:00:00+00:00,2023-09-20 01:00:00+00:00,2023-09-19 21:00:00-04:00,238,65.0,70.4412807606945,boost_5y_absolute,True
2023-09-10 04:00:00+00:00,2023-09-20 02:00:00+00:00,2023-09-19 22:00:00-04:00,239,65.0,69.2564580290437,boost_5y_absolute,True
2023-09-10 04:00:00+00:00,2023-09-20 03:00:00+00:00,2023-09-19 23:00:00-04:00,240,66.0,68.26675727388894,boost_5y_absolute,True
2023-09-10 04:00:00+00:00,2023-09-20 04:00:00+00:00,2023-09-20 00:00:00-04:00,241,67.0,67.19971242423918,boost_5y_absolute,True
2023-09-10 04:00:00+00:00,2023-09-20 05:00:00+00:00,2023-09-20 01:00:00-04:00,242,63.0,66.62839280376672,boost_5y_absolute,True
2023-09-10 04:00:00+00:00,2023-09-20 06:00:00+00:00,2023-09-20 02:00:00-04:00,243,65.0,65.96689727726496,boost_5y_absolute,True
2023-09-10 04:00:00+00:00,2023-09-20 07:00:00+00:00,2023-09-20 03:00:00-04:00,244,63.0,65.35858569725671,boost_5y_absolute,True
2023-09-10 04:00:00+00:00,2023-09-20 08:00:00+00:00,2023-09-20 04:00:00-04:00,245,64.0,64.83493067312732,boost_5y_absolute,True
2023-09-10 04:00:00+00:00,2023-09-20 09:00:00+00:00,2023-09-20 05:00:00-04:00,246,62.0,64.34684757016879,boost_5y_absolute,True
2023-09-10 04:00:00+00:00,2023-09-20 10:00:00+00:00,2023-09-20 06:00:00-04:00,247,62.0,64.1022063752099,boost_5y_absolute,True
2023-09-10 04:00:00+00:00,2023-09-20 11:00:00+00:00,2023-09-20 07:00:00-04:00,248,63.0,65.42245702563352,boost_5y_absolute,True
2023-09-10 04:00:00+00:00,2023-09-20 12:00:00+00:00,2023-09-20 08:00:00-04:00,249,70.0,68.84746184098631,boost_5y_absolute,True
2023-09-10 04:00:00+00:00,2023-09-20 13:00:00+00:00,2023-09-20 09:00:00-04:00,250,74.0,72.20898393074687,boost_5y_absolute,True
2023-09-10 04:00:00+00:00,2023-09-20 14:00:00+00:00,2023-09-20 10:00:00-04:00,251,78.0,74.94381814031082,boost_5y_absolute,True
2023-09-10 04:00:00+00:00,2023-09-20 15:00:00+00:00,2023-09-20 11:00:00-04:00,252,81.0,77.27837822051619,boost_5y_absolute,True
2023-09-10 04:00:00+00:00,2023-09-20 16:00:00+00:00,2023-09-20 12:00:00-04:00,253,83.0,78.86278303818106,boost_5y_absolute,True
2023-09-10 04:00:00+00:00,2023-09-20 17:00:00+00:00,2023-09-20 13:00:00-04:00,254,83.0,80.06165258623976,boost_5y_absolute,True
2023-09-10 04:00:00+00:00,2023-09-20 18:00:00+00:00,2023-09-20 14:00:00-04:00,255,84.0,80.73274213289272,boost_5y_absolute,True
2023-09-10 04:00:00+00:00,2023-09-20 19:00:00+00:00,2023-09-20 15:00:00-04:00,256,81.0,80.43250075253411,boost_5y_absolute,True
2023-09-10 04:00:00+00:00,2023-09-20 20:00:00+00:00,2023-09-20 16:00:00-04:00,257,83.0,80.24272315829981,boost_5y_absolute,True
2023-09-10 04:00:00+00:00,2023-09-20 21:00:00+00:00,2023-09-20 17:00:00-04:00,258,82.0,78.97531202090424,boost_5y_absolute,True
2023-09-10 04:00:00+00:00,2023-09-20 22:00:00+00:00,2023-09-20 18:00:00-04:00,259,79.0,76.34333657522969,boost_5y_absolute,True
2023-09-10 04:00:00+00:00,2023-09-20 23:00:00+00:00,2023-09-20 19:00:00-04:00,260,74.0,73.18281675440305,boost_5y_absolute,True
2023-09-10 04:00:00+00:00,2023-09-21 00:00:00+00:00,2023-09-20 20:00:00-04:00,261,67.0,71.06056308928937,boost_5y_absolute,True
2023-09-10 04:00:00+00:00,2023-09-21 01:00:00+00:00,2023-09-20 21:00:00-04:00,262,69.0,69.82031268445377,boost_5y_absolute,True
2023-09-10 04:00:00+00:00,2023-09-21 02:00:00+00:00,2023-09-20 22:00:00-04:00,263,64.0,68.70896937207341,boost_5y_absolute,True
2023-09-10 04:00:00+00:00,2023-09-21 03:00:00+00:00,2023-09-20 23:00:00-04:00,264,65.0,67.74774485869239,boost_5y_absolute,True
2023-09-10 04:00:00+00:00,2023-09-21 04:00:00+00:00,2023-09-21 00:00:00-04:00,265,67.0,66.6572920285283,boost_5y_absolute,True
2023-09-10 04:00:00+00:00,2023-09-21 05:00:00+00:00,2023-09-21 01:00:00-04:00,266,67.0,66.01750397138721,boost_5y_absolute,True
2023-09-10 04:00:00+00:00,2023-09-21 06:00:00+00:00,2023-09-21 02:00:00-04:00,267,64.0,65.41219426518347,boost_5y_absolute,True
2023-09-10 04:00:00+00:00,2023-09-21 07:00:00+00:00,2023-09-21 03:00:00-04:00,268,65.0,64.7229905050416,boost_5y_absolute,True
2023-09-10 04:00:00+00:00,2023-09-21 08:00:00+00:00,2023-09-21 04:00:00-04:00,269,64.0,64.25503302214503,boost_5y_absolute,True
2023-09-10 04:00:00+00:00,2023-09-21 09:00:00+00:00,2023-09-21 05:00:00-04:00,270,64.0,63.682637175971784,boost_5y_absolute,True
2023-09-10 04:00:00+00:00,2023-09-21 10:00:00+00:00,2023-09-21 06:00:00-04:00,271,62.0,63.433538357935994,boost_5y_absolute,True
2023-09-10 04:00:00+00:00,2023-09-21 11:00:00+00:00,2023-09-21 07:00:00-04:00,272,65.0,64.7846902519394,boost_5y_absolute,True
2023-09-10 04:00:00+00:00,2023-09-21 12:00:00+00:00,2023-09-21 08:00:00-04:00,273,68.0,68.40572264140948,boost_5y_absolute,True
2023-09-10 04:00:00+00:00,2023-09-21 13:00:00+00:00,2023-09-21 09:00:00-04:00,274,71.0,71.9057361639584,boost_5y_absolute,True
2023-09-10 04:00:00+00:00,2023-09-21 14:00:00+00:00,2023-09-21 10:00:00-04:00,275,75.0,74.82425939870623,boost_5y_absolute,True
2023-09-10 04:00:00+00:00,2023-09-21 15:00:00+00:00,2023-09-21 11:00:00-04:00,276,76.0,77.12419277206097,boost_5y_absolute,True
2023-09-10 04:00:00+00:00,2023-09-21 16:00:00+00:00,2023-09-21 12:00:00-04:00,277,81.0,78.74842582888384,boost_5y_absolute,True
2023-09-10 04:00:00+00:00,2023-09-21 17:00:00+00:00,2023-09-21 13:00:00-04:00,278,82.0,79.93453841510905,boost_5y_absolute,True
2023-09-10 04:00:00+00:00,2023-09-21 18:00:00+00:00,2023-09-21 14:00:00-04:00,279,80.0,80.61684111413774,boost_5y_absolute,True
2023-09-10 04:00:00+00:00,2023-09-21 19:00:00+00:00,2023-09-21 15:00:00-04:00,280,82.0,80.35603463203805,boost_5y_absolute,True
2023-09-10 04:00:00+00:00,2023-09-21 20:00:00+00:00,2023-09-21 16:00:00-04:00,281,82.0,80.08938656801807,boost_5y_absolute,True
2023-09-10 04:00:00+00:00,2023-09-21 21:00:00+00:00,2023-09-21 17:00:00-04:00,282,79.0,78.76898950394377,boost_5y_absolute,True
2023-09-10 04:00:00+00:00,2023-09-21 22:00:00+00:00,2023-09-21 18:00:00-04:00,283,78.0,76.09253068646457,boost_5y_absolute,True
2023-09-10 04:00:00+00:00,2023-09-21 23:00:00+00:00,2023-09-21 19:00:00-04:00,284,73.0,72.90482004892759,boost_5y_absolute,True
2023-09-10 04:00:00+00:00,2023-09-22 00:00:00+00:00,2023-09-21 20:00:00-04:00,285,71.0,70.8232201597726,boost_5y_absolute,True
2023-09-10 04:00:00+00:00,2023-09-22 01:00:00+00:00,2023-09-21 21:00:00-04:00,286,70.0,69.52972213003505,boost_5y_absolute,True
2023-09-10 04:00:00+00:00,2023-09-22 02:00:00+00:00,2023-09-21 22:00:00-04:00,287,69.0,68.4866264747231,boost_5y_absolute,True
2023-09-10 04:00:00+00:00,2023-09-22 03:00:00+00:00,2023-09-21 23:00:00-04:00,288,68.0,67.49666498125183,boost_5y_absolute,True
2023-09-10 04:00:00+00:00,2023-09-22 04:00:00+00:00,2023-09-22 00:00:00-04:00,289,67.0,66.52509896826075,boost_5y_absolute,True
2023-09-10 04:00:00+00:00,2023-09-22 05:00:00+00:00,2023-09-22 01:00:00-04:00,290,65.0,65.76188643589379,boost_5y_absolute,True
2023-09-10 04:00:00+00:00,2023-09-22 06:00:00+00:00,2023-09-22 02:00:00-04:00,291,65.0,65.16270429919832,boost_5y_absolute,True
2023-09-10 04:00:00+00:00,2023-09-22 07:00:00+00:00,2023-09-22 03:00:00-04:00,292,64.0,64.50835303249468,boost_5y_absolute,True
2023-09-10 04:00:00+00:00,2023-09-22 08:00:00+00:00,2023-09-22 04:00:00-04:00,293,64.0,64.03881933184493,boost_5y_absolute,True
2023-09-10 04:00:00+00:00,2023-09-22 09:00:00+00:00,2023-09-22 05:00:00-04:00,294,63.0,63.38037608199993,boost_5y_absolute,True
2023-09-10 04:00:00+00:00,2023-09-22 10:00:00+00:00,2023-09-22 06:00:00-04:00,295,63.0,63.10715564873796,boost_5y_absolute,True
2023-09-10 04:00:00+00:00,2023-09-22 11:00:00+00:00,2023-09-22 07:00:00-04:00,296,64.0,64.47825874386233,boost_5y_absolute,True
2023-09-10 04:00:00+00:00,2023-09-22 12:00:00+00:00,2023-09-22 08:00:00-04:00,297,65.0,68.12985806009198,boost_5y_absolute,True
2023-09-10 04:00:00+00:00,2023-09-22 13:00:00+00:00,2023-09-22 09:00:00-04:00,298,66.0,71.66051398842905,boost_5y_absolute,True
2023-09-10 04:00:00+00:00,2023-09-22 14:00:00+00:00,2023-09-22 10:00:00-04:00,299,67.0,74.71240458261548,boost_5y_absolute,True
2023-09-10 04:00:00+00:00,2023-09-22 15:00:00+00:00,2023-09-22 11:00:00-04:00,300,68.0,76.99741606301518,boost_5y_absolute,True
2023-09-10 04:00:00+00:00,2023-09-22 16:00:00+00:00,2023-09-22 12:00:00-04:00,301,69.0,78.67181340606173,boost_5y_absolute,True
2023-09-10 04:00:00+00:00,2023-09-22 17:00:00+00:00,2023-09-22 13:00:00-04:00,302,68.0,79.8980048339736,boost_5y_absolute,True
2023-09-10 04:00:00+00:00,2023-09-22 18:00:00+00:00,2023-09-22 14:00:00-04:00,303,69.0,80.52814101113502,boost_5y_absolute,True
2023-09-10 04:00:00+00:00,2023-09-22 19:00:00+00:00,2023-09-22 15:00:00-04:00,304,69.0,80.31505373870678,boost_5y_absolute,True
2023-09-10 04:00:00+00:00,2023-09-22 20:00:00+00:00,2023-09-22 16:00:00-04:00,305,69.0,79.95507148117682,boost_5y_absolute,True
2023-09-10 04:00:00+00:00,2023-09-22 21:00:00+00:00,2023-09-22 17:00:00-04:00,306,68.0,78.55479132455724,boost_5y_absolute,True
2023-09-10 04:00:00+00:00,2023-09-22 22:00:00+00:00,2023-09-22 18:00:00-04:00,307,66.0,75.85218226617299,boost_5y_absolute,True
2023-09-10 04:00:00+00:00,2023-09-22 23:00:00+00:00,2023-09-22 19:00:00-04:00,308,65.0,72.67900251961761,boost_5y_absolute,True
2023-09-10 04:00:00+00:00,2023-09-23 00:00:00+00:00,2023-09-22 20:00:00-04:00,309,65.0,70.68787570687256,boost_5y_absolute,True
2023-09-10 04:00:00+00:00,2023-09-23 01:00:00+00:00,2023-09-22 21:00:00-04:00,310,64.0,69.41062498683999,boost_5y_absolute,True
2023-09-10 04:00:00+00:00,2023-09-23 02:00:00+00:00,2023-09-22 22:00:00-04:00,311,64.0,68.35298002900606,boost_5y_absolute,True
2023-09-10 04:00:00+00:00,2023-09-23 03:00:00+00:00,2023-09-22 23:00:00-04:00,312,63.0,67.43588341638767,boost_5y_absolute,True
2023-09-10 04:00:00+00:00,2023-09-23 04:00:00+00:00,2023-09-23 00:00:00-04:00,313,62.0,66.3632127531665,boost_5y_absolute,True
2023-09-10 04:00:00+00:00,2023-09-23 05:00:00+00:00,2023-09-23 01:00:00-04:00,314,62.0,65.57566939615356,boost_5y_absolute,True
2023-09-10 04:00:00+00:00,2023-09-23 06:00:00+00:00,2023-09-23 02:00:00-04:00,315,61.0,64.97621477552578,boost_5y_absolute,True
2023-09-10 04:00:00+00:00,2023-09-23 07:00:00+00:00,2023-09-23 03:00:00-04:00,316,60.0,64.23104424313144,boost_5y_absolute,True
2023-09-10 04:00:00+00:00,2023-09-23 08:00:00+00:00,2023-09-23 04:00:00-04:00,317,60.0,63.777031986728396,boost_5y_absolute,True
2023-09-10 04:00:00+00:00,2023-09-23 09:00:00+00:00,2023-09-23 05:00:00-04:00,318,59.0,63.09475885094083,boost_5y_absolute,True
2023-09-10 04:00:00+00:00,2023-09-23 10:00:00+00:00,2023-09-23 06:00:00-04:00,319,60.0,62.786865918248836,boost_5y_absolute,True
2023-09-10 04:00:00+00:00,2023-09-23 11:00:00+00:00,2023-09-23 07:00:00-04:00,320,60.0,64.0703723706092,boost_5y_absolute,True
2023-09-10 04:00:00+00:00,2023-09-23 12:00:00+00:00,2023-09-23 08:00:00-04:00,321,60.0,67.60711130871891,boost_5y_absolute,True
2023-09-10 04:00:00+00:00,2023-09-23 13:00:00+00:00,2023-09-23 09:00:00-04:00,322,60.0,71.02679733079803,boost_5y_absolute,True
2023-09-10 04:00:00+00:00,2023-09-23 14:00:00+00:00,2023-09-23 10:00:00-04:00,323,60.0,74.10941955361294,boost_5y_absolute,True
2023-09-10 04:00:00+00:00,2023-09-23 15:00:00+00:00,2023-09-23 11:00:00-04:00,324,60.0,76.3917028697311,boost_5y_absolute,True
2023-09-10 04:00:00+00:00,2023-09-23 16:00:00+00:00,2023-09-23 12:00:00-04:00,325,60.0,78.09709890732238,boost_5y_absolute,True
2023-09-10 04:00:00+00:00,2023-09-23 17:00:00+00:00,2023-09-23 13:00:00-04:00,326,61.0,79.41823831514155,boost_5y_absolute,True
2023-09-10 04:00:00+00:00,2023-09-23 18:00:00+00:00,2023-09-23 14:00:00-04:00,327,62.0,80.04356723196676,boost_5y_absolute,True
2023-09-10 04:00:00+00:00,2023-09-23 19:00:00+00:00,2023-09-23 15:00:00-04:00,328,62.0,79.84568406331182,boost_5y_absolute,True
2023-09-10 04:00:00+00:00,2023-09-23 20:00:00+00:00,2023-09-23 16:00:00-04:00,329,63.0,79.54049824611631,boost_5y_absolute,True
2023-09-10 04:00:00+00:00,2023-09-23 21:00:00+00:00,2023-09-23 17:00:00-04:00,330,63.0,78.12866580071703,boost_5y_absolute,True
2023-09-10 04:00:00+00:00,2023-09-23 22:00:00+00:00,2023-09-23 18:00:00-04:00,331,63.0,75.31930221822188,boost_5y_absolute,True
2023-09-10 04:00:00+00:00,2023-09-23 23:00:00+00:00,2023-09-23 19:00:00-04:00,332,62.0,71.99421733666308,boost_5y_absolute,True
2023-09-10 04:00:00+00:00,2023-09-24 00:00:00+00:00,2023-09-23 20:00:00-04:00,333,62.0,70.0087472421101,boost_5y_absolute,True
2023-09-10 04:00:00+00:00,2023-09-24 01:00:00+00:00,2023-09-23 21:00:00-04:00,334,62.0,68.83514910101844,boost_5y_absolute,True
2023-09-10 04:00:00+00:00,2023-09-24 02:00:00+00:00,2023-09-23 22:00:00-04:00,335,63.0,67.90573993053714,boost_5y_absolute,True
2023-09-10 04:00:00+00:00,2023-09-24 03:00:00+00:00,2023-09-23 23:00:00-04:00,336,63.0,66.98504385740185,boost_5y_absolute,True
2023-09-17 04:00:00+00:00,2023-09-17 04:00:00+00:00,2023-09-17 00:00:00-04:00,1,69.0,67.1512743131649,boost_5y_absolute,True
2023-09-17 04:00:00+00:00,2023-09-17 05:00:00+00:00,2023-09-17 01:00:00-04:00,2,68.0,66.63128962384917,boost_5y_absolute,True
2023-09-17 04:00:00+00:00,2023-09-17 06:00:00+00:00,2023-09-17 02:00:00-04:00,3,68.0,65.91408112680948,boost_5y_absolute,True
2023-09-17 04:00:00+00:00,2023-09-17 07:00:00+00:00,2023-09-17 03:00:00-04:00,4,64.0,65.61732766196327,boost_5y_absolute,True
2023-09-17 04:00:00+00:00,2023-09-17 08:00:00+00:00,2023-09-17 04:00:00-04:00,5,63.0,64.71492049590158,boost_5y_absolute,True
2023-09-17 04:00:00+00:00,2023-09-17 09:00:00+00:00,2023-09-17 05:00:00-04:00,6,63.0,63.87093901066215,boost_5y_absolute,True
2023-09-17 04:00:00+00:00,2023-09-17 10:00:00+00:00,2023-09-17 06:00:00-04:00,7,67.0,63.659932292287685,boost_5y_absolute,True
2023-09-17 04:00:00+00:00,2023-09-17 11:00:00+00:00,2023-09-17 07:00:00-04:00,8,68.0,65.8419812372341,boost_5y_absolute,True
2023-09-17 04:00:00+00:00,2023-09-17 12:00:00+00:00,2023-09-17 08:00:00-04:00,9,70.0,68.69000313080038,boost_5y_absolute,True
2023-09-17 04:00:00+00:00,2023-09-17 13:00:00+00:00,2023-09-17 09:00:00-04:00,10,73.0,72.76580442006718,boost_5y_absolute,True
2023-09-17 04:00:00+00:00,2023-09-17 14:00:00+00:00,2023-09-17 10:00:00-04:00,11,77.0,75.54863039875086,boost_5y_absolute,True
2023-09-17 04:00:00+00:00,2023-09-17 15:00:00+00:00,2023-09-17 11:00:00-04:00,12,77.0,79.24789445249577,boost_5y_absolute,True
2023-09-17 04:00:00+00:00,2023-09-17 16:00:00+00:00,2023-09-17 12:00:00-04:00,13,75.0,80.86524054394859,boost_5y_absolute,True
2023-09-17 04:00:00+00:00,2023-09-17 17:00:00+00:00,2023-09-17 13:00:00-04:00,14,75.0,81.71359792284882,boost_5y_absolute,True
2023-09-17 04:00:00+00:00,2023-09-17 18:00:00+00:00,2023-09-17 14:00:00-04:00,15,73.0,82.46351607619573,boost_5y_absolute,True
2023-09-17 04:00:00+00:00,2023-09-17 19:00:00+00:00,2023-09-17 15:00:00-04:00,16,70.0,82.3567505904152,boost_5y_absolute,True
2023-09-17 04:00:00+00:00,2023-09-17 20:00:00+00:00,2023-09-17 16:00:00-04:00,17,70.0,82.04283823887194,boost_5y_absolute,True
2023-09-17 04:00:00+00:00,2023-09-17 21:00:00+00:00,2023-09-17 17:00:00-04:00,18,69.0,81.1896582382196,boost_5y_absolute,True
2023-09-17 04:00:00+00:00,2023-09-17 22:00:00+00:00,2023-09-17 18:00:00-04:00,19,69.0,77.48438320682241,boost_5y_absolute,True
2023-09-17 04:00:00+00:00,2023-09-17 23:00:00+00:00,2023-09-17 19:00:00-04:00,20,66.0,73.31287887458626,boost_5y_absolute,True
2023-09-17 04:00:00+00:00,2023-09-18 00:00:00+00:00,2023-09-17 20:00:00-04:00,21,66.0,71.28257822227447,boost_5y_absolute,True
2023-09-17 04:00:00+00:00,2023-09-18 01:00:00+00:00,2023-09-17 21:00:00-04:00,22,66.0,70.12115234308565,boost_5y_absolute,True
2023-09-17 04:00:00+00:00,2023-09-18 02:00:00+00:00,2023-09-17 22:00:00-04:00,23,66.0,68.3508065372554,boost_5y_absolute,True
2023-09-17 04:00:00+00:00,2023-09-18 03:00:00+00:00,2023-09-17 23:00:00-04:00,24,65.0,67.3990107546845,boost_5y_absolute,True
2023-09-17 04:00:00+00:00,2023-09-18 04:00:00+00:00,2023-09-18 00:00:00-04:00,25,65.0,67.32396448389773,boost_5y_absolute,True
2023-09-17 04:00:00+00:00,2023-09-18 05:00:00+00:00,2023-09-18 01:00:00-04:00,26,65.0,66.58318319760018,boost_5y_absolute,True
2023-09-17 04:00:00+00:00,2023-09-18 06:00:00+00:00,2023-09-18 02:00:00-04:00,27,65.0,65.97771378810985,boost_5y_absolute,True
2023-09-17 04:00:00+00:00,2023-09-18 07:00:00+00:00,2023-09-18 03:00:00-04:00,28,65.0,65.61424737937345,boost_5y_absolute,True
2023-09-17 04:00:00+00:00,2023-09-18 08:00:00+00:00,2023-09-18 04:00:00-04:00,29,64.0,64.71203553923048,boost_5y_absolute,True
2023-09-17 04:00:00+00:00,2023-09-18 09:00:00+00:00,2023-09-18 05:00:00-04:00,30,64.0,63.8151918092844,boost_5y_absolute,True
2023-09-17 04:00:00+00:00,2023-09-18 10:00:00+00:00,2023-09-18 06:00:00-04:00,31,63.0,63.631378476987514,boost_5y_absolute,True
2023-09-17 04:00:00+00:00,2023-09-18 11:00:00+00:00,2023-09-18 07:00:00-04:00,32,63.0,65.68366411114896,boost_5y_absolute,True
2023-09-17 04:00:00+00:00,2023-09-18 12:00:00+00:00,2023-09-18 08:00:00-04:00,33,65.0,69.78490308630575,boost_5y_absolute,True
2023-09-17 04:00:00+00:00,2023-09-18 13:00:00+00:00,2023-09-18 09:00:00-04:00,34,69.0,73.8535160089953,boost_5y_absolute,True
2023-09-17 04:00:00+00:00,2023-09-18 14:00:00+00:00,2023-09-18 10:00:00-04:00,35,73.0,77.0585697898702,boost_5y_absolute,True
2023-09-17 04:00:00+00:00,2023-09-18 15:00:00+00:00,2023-09-18 11:00:00-04:00,36,76.0,80.32774761568704,boost_5y_absolute,True
2023-09-17 04:00:00+00:00,2023-09-18 16:00:00+00:00,2023-09-18 12:00:00-04:00,37,76.0,82.07172616509214,boost_5y_absolute,True
2023-09-17 04:00:00+00:00,2023-09-18 17:00:00+00:00,2023-09-18 13:00:00-04:00,38,78.0,82.92822655481419,boost_5y_absolute,True
2023-09-17 04:00:00+00:00,2023-09-18 18:00:00+00:00,2023-09-18 14:00:00-04:00,39,80.0,83.7272255833732,boost_5y_absolute,True
2023-09-17 04:00:00+00:00,2023-09-18 19:00:00+00:00,2023-09-18 15:00:00-04:00,40,81.0,83.45043663943163,boost_5y_absolute,True
2023-09-17 04:00:00+00:00,2023-09-18 20:00:00+00:00,2023-09-18 16:00:00-04:00,41,81.0,83.03916803111889,boost_5y_absolute,True
2023-09-17 04:00:00+00:00,2023-09-18 21:00:00+00:00,2023-09-18 17:00:00-04:00,42,79.0,81.96798649955278,boost_5y_absolute,True
2023-09-17 04:00:00+00:00,2023-09-18 22:00:00+00:00,2023-09-18 18:00:00-04:00,43,76.0,78.055121751356,boost_5y_absolute,True
2023-09-17 04:00:00+00:00,2023-09-18 23:00:00+00:00,2023-09-18 19:00:00-04:00,44,69.0,74.23490872083349,boost_5y_absolute,True
2023-09-17 04:00:00+00:00,2023-09-19 00:00:00+00:00,2023-09-18 20:00:00-04:00,45,66.0,72.35849015408066,boost_5y_absolute,True
2023-09-17 04:00:00+00:00,2023-09-19 01:00:00+00:00,2023-09-18 21:00:00-04:00,46,64.0,70.88969127806175,boost_5y_absolute,True
2023-09-17 04:00:00+00:00,2023-09-19 02:00:00+00:00,2023-09-18 22:00:00-04:00,47,63.0,69.41461508681833,boost_5y_absolute,True
2023-09-17 04:00:00+00:00,2023-09-19 03:00:00+00:00,2023-09-18 23:00:00-04:00,48,62.0,68.5056739734423,boost_5y_absolute,True
2023-09-17 04:00:00+00:00,2023-09-19 04:00:00+00:00,2023-09-19 00:00:00-04:00,49,60.0,67.3810196658689,boost_5y_absolute,True
2023-09-17 04:00:00+00:00,2023-09-19 05:00:00+00:00,2023-09-19 01:00:00-04:00,50,59.0,66.61012991254451,boost_5y_absolute,True
2023-09-17 04:00:00+00:00,2023-09-19 06:00:00+00:00,2023-09-19 02:00:00-04:00,51,59.0,65.98531382247714,boost_5y_absolute,True
2023-09-17 04:00:00+00:00,2023-09-19 07:00:00+00:00,2023-09-19 03:00:00-04:00,52,57.0,65.76032547585015,boost_5y_absolute,True
2023-09-17 04:00:00+00:00,2023-09-19 08:00:00+00:00,2023-09-19 04:00:00-04:00,53,56.0,64.83038758299821,boost_5y_absolute,True
2023-09-17 04:00:00+00:00,2023-09-19 09:00:00+00:00,2023-09-19 05:00:00-04:00,54,55.0,63.96042493374667,boost_5y_absolute,True
2023-09-17 04:00:00+00:00,2023-09-19 10:00:00+00:00,2023-09-19 06:00:00-04:00,55,55.0,63.72108878056309,boost_5y_absolute,True
2023-09-17 04:00:00+00:00,2023-09-19 11:00:00+00:00,2023-09-19 07:00:00-04:00,56,57.0,65.52664224142706,boost_5y_absolute,True
2023-09-17 04:00:00+00:00,2023-09-19 12:00:00+00:00,2023-09-19 08:00:00-04:00,57,65.0,69.60901397561456,boost_5y_absolute,True
2023-09-17 04:00:00+00:00,2023-09-19 13:00:00+00:00,2023-09-19 09:00:00-04:00,58,70.0,73.95175746986381,boost_5y_absolute,True
2023-09-17 04:00:00+00:00,2023-09-19 14:00:00+00:00,2023-09-19 10:00:00-04:00,59,75.0,77.21357898714783,boost_5y_absolute,True
2023-09-17 04:00:00+00:00,2023-09-19 15:00:00+00:00,2023-09-19 11:00:00-04:00,60,77.0,80.23156146980746,boost_5y_absolute,True
2023-09-17 04:00:00+00:00,2023-09-19 16:00:00+00:00,2023-09-19 12:00:00-04:00,61,81.0,81.85325713484583,boost_5y_absolute,True
2023-09-17 04:00:00+00:00,2023-09-19 17:00:00+00:00,2023-09-19 13:00:00-04:00,62,80.0,83.02081830003067,boost_5y_absolute,True
2023-09-17 04:00:00+00:00,2023-09-19 18:00:00+00:00,2023-09-19 14:00:00-04:00,63,81.0,83.69684763351322,boost_5y_absolute,True
2023-09-17 04:00:00+00:00,2023-09-19 19:00:00+00:00,2023-09-19 15:00:00-04:00,64,79.0,83.38829386911853,boost_5y_absolute,True
2023-09-17 04:00:00+00:00,2023-09-19 20:00:00+00:00,2023-09-19 16:00:00-04:00,65,81.0,83.27430527738524,boost_5y_absolute,True
2023-09-17 04:00:00+00:00,2023-09-19 21:00:00+00:00,2023-09-19 17:00:00-04:00,66,81.0,81.80841253475576,boost_5y_absolute,True
2023-09-17 04:00:00+00:00,2023-09-19 22:00:00+00:00,2023-09-19 18:00:00-04:00,67,77.0,78.30745543301023,boost_5y_absolute,True
2023-09-17 04:00:00+00:00,2023-09-19 23:00:00+00:00,2023-09-19 19:00:00-04:00,68,69.0,74.65040747158642,boost_5y_absolute,True
2023-09-17 04:00:00+00:00,2023-09-20 00:00:00+00:00,2023-09-19 20:00:00-04:00,69,68.0,72.36189060743995,boost_5y_absolute,True
2023-09-17 04:00:00+00:00,2023-09-20 01:00:00+00:00,2023-09-19 21:00:00-04:00,70,65.0,70.78902575596459,boost_5y_absolute,True
2023-09-17 04:00:00+00:00,2023-09-20 02:00:00+00:00,2023-09-19 22:00:00-04:00,71,65.0,69.18089309826682,boost_5y_absolute,True
2023-09-17 04:00:00+00:00,2023-09-20 03:00:00+00:00,2023-09-19 23:00:00-04:00,72,66.0,67.95820811135621,boost_5y_absolute,True
2023-09-17 04:00:00+00:00,2023-09-20 04:00:00+00:00,2023-09-20 00:00:00-04:00,73,67.0,66.7691523548843,boost_5y_absolute,True
2023-09-17 04:00:00+00:00,2023-09-20 05:00:00+00:00,2023-09-20 01:00:00-04:00,74,63.0,66.06238069015578,boost_5y_absolute,True
2023-09-17 04:00:00+00:00,2023-09-20 06:00:00+00:00,2023-09-20 02:00:00-04:00,75,65.0,65.382728270584,boost_5y_absolute,True
2023-09-17 04:00:00+00:00,2023-09-20 07:00:00+00:00,2023-09-20 03:00:00-04:00,76,63.0,64.89105822268267,boost_5y_absolute,True
2023-09-17 04:00:00+00:00,2023-09-20 08:00:00+00:00,2023-09-20 04:00:00-04:00,77,64.0,64.37865611716447,boost_5y_absolute,True
2023-09-17 04:00:00+00:00,2023-09-20 09:00:00+00:00,2023-09-20 05:00:00-04:00,78,62.0,63.705116402242886,boost_5y_absolute,True
2023-09-17 04:00:00+00:00,2023-09-20 10:00:00+00:00,2023-09-20 06:00:00-04:00,79,62.0,63.434537939085715,boost_5y_absolute,True
2023-09-17 04:00:00+00:00,2023-09-20 11:00:00+00:00,2023-09-20 07:00:00-04:00,80,63.0,64.95555691099105,boost_5y_absolute,True
2023-09-17 04:00:00+00:00,2023-09-20 12:00:00+00:00,2023-09-20 08:00:00-04:00,81,70.0,68.9650848995753,boost_5y_absolute,True
2023-09-17 04:00:00+00:00,2023-09-20 13:00:00+00:00,2023-09-20 09:00:00-04:00,82,74.0,72.59437681930966,boost_5y_absolute,True
2023-09-17 04:00:00+00:00,2023-09-20 14:00:00+00:00,2023-09-20 10:00:00-04:00,83,78.0,75.74095261556228,boost_5y_absolute,True
2023-09-17 04:00:00+00:00,2023-09-20 15:00:00+00:00,2023-09-20 11:00:00-04:00,84,81.0,78.07282813761984,boost_5y_absolute,True
2023-09-17 04:00:00+00:00,2023-09-20 16:00:00+00:00,2023-09-20 12:00:00-04:00,85,83.0,80.18449632220069,boost_5y_absolute,True
2023-09-17 04:00:00+00:00,2023-09-20 17:00:00+00:00,2023-09-20 13:00:00-04:00,86,83.0,81.49119374739443,boost_5y_absolute,True
2023-09-17 04:00:00+00:00,2023-09-20 18:00:00+00:00,2023-09-20 14:00:00-04:00,87,84.0,82.11317578314983,boost_5y_absolute,True
2023-09-17 04:00:00+00:00,2023-09-20 19:00:00+00:00,2023-09-20 15:00:00-04:00,88,81.0,81.85745406930918,boost_5y_absolute,True
2023-09-17 04:00:00+00:00,2023-09-20 20:00:00+00:00,2023-09-20 16:00:00-04:00,89,83.0,81.60126484347921,boost_5y_absolute,True
2023-09-17 04:00:00+00:00,2023-09-20 21:00:00+00:00,2023-09-20 17:00:00-04:00,90,82.0,80.23468128283392,boost_5y_absolute,True
2023-09-17 04:00:00+00:00,2023-09-20 22:00:00+00:00,2023-09-20 18:00:00-04:00,91,79.0,76.98521179747968,boost_5y_absolute,True
2023-09-17 04:00:00+00:00,2023-09-20 23:00:00+00:00,2023-09-20 19:00:00-04:00,92,74.0,73.56210922702942,boost_5y_absolute,True
2023-09-17 04:00:00+00:00,2023-09-21 00:00:00+00:00,2023-09-20 20:00:00-04:00,93,67.0,71.20566081866468,boost_5y_absolute,True
2023-09-17 04:00:00+00:00,2023-09-21 01:00:00+00:00,2023-09-20 21:00:00-04:00,94,69.0,69.79095698591206,boost_5y_absolute,True
2023-09-17 04:00:00+00:00,2023-09-21 02:00:00+00:00,2023-09-20 22:00:00-04:00,95,64.0,68.46364294509517,boost_5y_absolute,True
2023-09-17 04:00:00+00:00,2023-09-21 03:00:00+00:00,2023-09-20 23:00:00-04:00,96,65.0,67.33738007112137,boost_5y_absolute,True
2023-09-17 04:00:00+00:00,2023-09-21 04:00:00+00:00,2023-09-21 00:00:00-04:00,97,67.0,66.07802420008015,boost_5y_absolute,True
2023-09-17 04:00:00+00:00,2023-09-21 05:00:00+00:00,2023-09-21 01:00:00-04:00,98,67.0,65.37960460095363,boost_5y_absolute,True
2023-09-17 04:00:00+00:00,2023-09-21 06:00:00+00:00,2023-09-21 02:00:00-04:00,99,64.0,64.76907079970557,boost_5y_absolute,True
2023-09-17 04:00:00+00:00,2023-09-21 07:00:00+00:00,2023-09-21 03:00:00-04:00,100,65.0,64.10055537612874,boost_5y_absolute,True
2023-09-17 04:00:00+00:00,2023-09-21 08:00:00+00:00,2023-09-21 04:00:00-04:00,101,64.0,63.65065895924854,boost_5y_absolute,True
2023-09-17 04:00:00+00:00,2023-09-21 09:00:00+00:00,2023-09-21 05:00:00-04:00,102,64.0,63.0900581378071,boost_5y_absolute,True
2023-09-17 04:00:00+00:00,2023-09-21 10:00:00+00:00,2023-09-21 06:00:00-04:00,103,62.0,62.8222176212344,boost_5y_absolute,True
2023-09-17 04:00:00+00:00,2023-09-21 11:00:00+00:00,2023-09-21 07:00:00-04:00,104,65.0,64.16015488067838,boost_5y_absolute,True
2023-09-17 04:00:00+00:00,2023-09-21 12:00:00+00:00,2023-09-21 08:00:00-04:00,105,68.0,68.21229342014362,boost_5y_absolute,True
2023-09-17 04:00:00+00:00,2023-09-21 13:00:00+00:00,2023-09-21 09:00:00-04:00,106,71.0,72.20380332734503,boost_5y_absolute,True
2023-09-17 04:00:00+00:00,2023-09-21 14:00:00+00:00,2023-09-21 10:00:00-04:00,107,75.0,75.42015550673462,boost_5y_absolute,True
2023-09-17 04:00:00+00:00,2023-09-21 15:00:00+00:00,2023-09-21 11:00:00-04:00,108,76.0,77.80098406371614,boost_5y_absolute,True
2023-09-17 04:00:00+00:00,2023-09-21 16:00:00+00:00,2023-09-21 12:00:00-04:00,109,81.0,79.6720632990151,boost_5y_absolute,True
2023-09-17 04:00:00+00:00,2023-09-21 17:00:00+00:00,2023-09-21 13:00:00-04:00,110,82.0,80.93181802534613,boost_5y_absolute,True
2023-09-17 04:00:00+00:00,2023-09-21 18:00:00+00:00,2023-09-21 14:00:00-04:00,111,80.0,81.58598122965248,boost_5y_absolute,True
2023-09-17 04:00:00+00:00,2023-09-21 19:00:00+00:00,2023-09-21 15:00:00-04:00,112,82.0,81.3353241874205,boost_5y_absolute,True
2023-09-17 04:00:00+00:00,2023-09-21 20:00:00+00:00,2023-09-21 16:00:00-04:00,113,82.0,81.07574547867395,boost_5y_absolute,True
2023-09-17 04:00:00+00:00,2023-09-21 21:00:00+00:00,2023-09-21 17:00:00-04:00,114,79.0,79.6419828406933,boost_5y_absolute,True
2023-09-17 04:00:00+00:00,2023-09-21 22:00:00+00:00,2023-09-21 18:00:00-04:00,115,78.0,76.8025209710216,boost_5y_absolute,True
2023-09-17 04:00:00+00:00,2023-09-21 23:00:00+00:00,2023-09-21 19:00:00-04:00,116,73.0,73.3932365902321,boost_5y_absolute,True
2023-09-17 04:00:00+00:00,2023-09-22 00:00:00+00:00,2023-09-21 20:00:00-04:00,117,71.0,71.17668487176537,boost_5y_absolute,True
2023-09-17 04:00:00+00:00,2023-09-22 01:00:00+00:00,2023-09-21 21:00:00-04:00,118,70.0,69.88752623681086,boost_5y_absolute,True
2023-09-17 04:00:00+00:00,2023-09-22 02:00:00+00:00,2023-09-21 22:00:00-04:00,119,69.0,68.71061534629774,boost_5y_absolute,True
2023-09-17 04:00:00+00:00,2023-09-22 03:00:00+00:00,2023-09-21 23:00:00-04:00,120,68.0,67.64934571552634,boost_5y_absolute,True
2023-09-17 04:00:00+00:00,2023-09-22 04:00:00+00:00,2023-09-22 00:00:00-04:00,121,67.0,66.67490926513575,boost_5y_absolute,True
2023-09-17 04:00:00+00:00,2023-09-22 05:00:00+00:00,2023-09-22 01:00:00-04:00,122,65.0,65.87155803254291,boost_5y_absolute,True
2023-09-17 04:00:00+00:00,2023-09-22 06:00:00+00:00,2023-09-22 02:00:00-04:00,123,65.0,65.22159769152107,boost_5y_absolute,True
2023-09-17 04:00:00+00:00,2023-09-22 07:00:00+00:00,2023-09-22 03:00:00-04:00,124,64.0,64.5744999438059,boost_5y_absolute,True
2023-09-17 04:00:00+00:00,2023-09-22 08:00:00+00:00,2023-09-22 04:00:00-04:00,125,64.0,64.12540236313524,boost_5y_absolute,True
2023-09-17 04:00:00+00:00,2023-09-22 09:00:00+00:00,2023-09-22 05:00:00-04:00,126,63.0,63.48597625387819,boost_5y_absolute,True
2023-09-17 04:00:00+00:00,2023-09-22 10:00:00+00:00,2023-09-22 06:00:00-04:00,127,63.0,63.230359981685,boost_5y_absolute,True
2023-09-17 04:00:00+00:00,2023-09-22 11:00:00+00:00,2023-09-22 07:00:00-04:00,128,64.0,64.49038409991816,boost_5y_absolute,True
2023-09-17 04:00:00+00:00,2023-09-22 12:00:00+00:00,2023-09-22 08:00:00-04:00,129,65.0,68.37341864090027,boost_5y_absolute,True
2023-09-17 04:00:00+00:00,2023-09-22 13:00:00+00:00,2023-09-22 09:00:00-04:00,130,66.0,72.02891338002065,boost_5y_absolute,True
2023-09-17 04:00:00+00:00,2023-09-22 14:00:00+00:00,2023-09-22 10:00:00-04:00,131,67.0,75.23497344007706,boost_5y_absolute,True
2023-09-17 04:00:00+00:00,2023-09-22 15:00:00+00:00,2023-09-22 11:00:00-04:00,132,68.0,77.53857843535489,boost_5y_absolute,True
2023-09-17 04:00:00+00:00,2023-09-22 16:00:00+00:00,2023-09-22 12:00:00-04:00,133,69.0,79.28704937116682,boost_5y_absolute,True
2023-09-17 04:00:00+00:00,2023-09-22 17:00:00+00:00,2023-09-22 13:00:00-04:00,134,68.0,80.58142240903382,boost_5y_absolute,True
2023-09-17 04:00:00+00:00,2023-09-22 18:00:00+00:00,2023-09-22 14:00:00-04:00,135,69.0,81.20984259897524,boost_5y_absolute,True
2023-09-17 04:00:00+00:00,2023-09-22 19:00:00+00:00,2023-09-22 15:00:00-04:00,136,69.0,80.94901730342005,boost_5y_absolute,True
2023-09-17 04:00:00+00:00,2023-09-22 20:00:00+00:00,2023-09-22 16:00:00-04:00,137,69.0,80.64001236955856,boost_5y_absolute,True
2023-09-17 04:00:00+00:00,2023-09-22 21:00:00+00:00,2023-09-22 17:00:00-04:00,138,68.0,79.17586330501912,boost_5y_absolute,True
2023-09-17 04:00:00+00:00,2023-09-22 22:00:00+00:00,2023-09-22 18:00:00-04:00,139,66.0,76.37554344619286,boost_5y_absolute,True
2023-09-17 04:00:00+00:00,2023-09-22 23:00:00+00:00,2023-09-22 19:00:00-04:00,140,65.0,73.05238560081149,boost_5y_absolute,True
2023-09-17 04:00:00+00:00,2023-09-23 00:00:00+00:00,2023-09-22 20:00:00-04:00,141,65.0,70.92762545285345,boost_5y_absolute,True
2023-09-17 04:00:00+00:00,2023-09-23 01:00:00+00:00,2023-09-22 21:00:00-04:00,142,64.0,69.66743892576402,boost_5y_absolute,True
2023-09-17 04:00:00+00:00,2023-09-23 02:00:00+00:00,2023-09-22 22:00:00-04:00,143,64.0,68.53075109110421,boost_5y_absolute,True
2023-09-17 04:00:00+00:00,2023-09-23 03:00:00+00:00,2023-09-22 23:00:00-04:00,144,63.0,67.53351861101073,boost_5y_absolute,True
2023-09-17 04:00:00+00:00,2023-09-23 04:00:00+00:00,2023-09-23 00:00:00-04:00,145,62.0,65.5547511185866,boost_5y_absolute,True
2023-09-17 04:00:00+00:00,2023-09-23 05:00:00+00:00,2023-09-23 01:00:00-04:00,146,62.0,64.76184855776204,boost_5y_absolute,True
2023-09-17 04:00:00+00:00,2023-09-23 06:00:00+00:00,2023-09-23 02:00:00-04:00,147,61.0,64.1591198665436,boost_5y_absolute,True
2023-09-17 04:00:00+00:00,2023-09-23 07:00:00+00:00,2023-09-23 03:00:00-04:00,148,60.0,63.435639086589525,boost_5y_absolute,True
2023-09-17 04:00:00+00:00,2023-09-23 08:00:00+00:00,2023-09-23 04:00:00-04:00,149,60.0,62.94802783598574,boost_5y_absolute,True
2023-09-17 04:00:00+00:00,2023-09-23 09:00:00+00:00,2023-09-23 05:00:00-04:00,150,59.0,62.26310914803812,boost_5y_absolute,True
2023-09-17 04:00:00+00:00,2023-09-23 10:00:00+00:00,2023-09-23 06:00:00-04:00,151,60.0,62.00797168373322,boost_5y_absolute,True
2023-09-17 04:00:00+00:00,2023-09-23 11:00:00+00:00,2023-09-23 07:00:00-04:00,152,60.0,63.19091100065551,boost_5y_absolute,True
2023-09-17 04:00:00+00:00,2023-09-23 12:00:00+00:00,2023-09-23 08:00:00-04:00,153,60.0,66.7435489942499,boost_5y_absolute,True
2023-09-17 04:00:00+00:00,2023-09-23 13:00:00+00:00,2023-09-23 09:00:00-04:00,154,60.0,70.30137604506905,boost_5y_absolute,True
2023-09-17 04:00:00+00:00,2023-09-23 14:00:00+00:00,2023-09-23 10:00:00-04:00,155,60.0,73.49521599938055,boost_5y_absolute,True
2023-09-17 04:00:00+00:00,2023-09-23 15:00:00+00:00,2023-09-23 11:00:00-04:00,156,60.0,75.80229699384756,boost_5y_absolute,True
2023-09-17 04:00:00+00:00,2023-09-23 16:00:00+00:00,2023-09-23 12:00:00-04:00,157,60.0,77.68899449530082,boost_5y_absolute,True
2023-09-17 04:00:00+00:00,2023-09-23 17:00:00+00:00,2023-09-23 13:00:00-04:00,158,61.0,79.03250494387946,boost_5y_absolute,True
2023-09-17 04:00:00+00:00,2023-09-23 18:00:00+00:00,2023-09-23 14:00:00-04:00,159,62.0,79.72357600871452,boost_5y_absolute,True
2023-09-17 04:00:00+00:00,2023-09-23 19:00:00+00:00,2023-09-23 15:00:00-04:00,160,62.0,79.51754955631371,boost_5y_absolute,True
2023-09-17 04:00:00+00:00,2023-09-23 20:00:00+00:00,2023-09-23 16:00:00-04:00,161,63.0,79.23404256621669,boost_5y_absolute,True
2023-09-17 04:00:00+00:00,2023-09-23 21:00:00+00:00,2023-09-23 17:00:00-04:00,162,63.0,77.79803829163647,boost_5y_absolute,True
2023-09-17 04:00:00+00:00,2023-09-23 22:00:00+00:00,2023-09-23 18:00:00-04:00,163,63.0,74.81571119676894,boost_5y_absolute,True
2023-09-17 04:00:00+00:00,2023-09-23 23:00:00+00:00,2023-09-23 19:00:00-04:00,164,62.0,71.42874762051356,boost_5y_absolute,True
2023-09-17 04:00:00+00:00,2023-09-24 00:00:00+00:00,2023-09-23 20:00:00-04:00,165,62.0,69.41143141210756,boost_5y_absolute,True
2023-09-17 04:00:00+00:00,2023-09-24 01:00:00+00:00,2023-09-23 21:00:00-04:00,166,62.0,68.22299284253273,boost_5y_absolute,True
2023-09-17 04:00:00+00:00,2023-09-24 02:00:00+00:00,2023-09-23 22:00:00-04:00,167,63.0,67.26395956534695,boost_5y_absolute,True
2023-09-17 04:00:00+00:00,2023-09-24 03:00:00+00:00,2023-09-23 23:00:00-04:00,168,63.0,66.32101963749008,boost_5y_absolute,True
2023-09-17 04:00:00+00:00,2023-09-24 04:00:00+00:00,2023-09-24 00:00:00-04:00,169,62.0,65.35796761093083,boost_5y_absolute,True
2023-09-17 04:00:00+00:00,2023-09-24 05:00:00+00:00,2023-09-24 01:00:00-04:00,170,62.0,64.56022929010638,boost_5y_absolute,True
2023-09-17 04:00:00+00:00,2023-09-24 06:00:00+00:00,2023-09-24 02:00:00-04:00,171,62.0,63.97136491518037,boost_5y_absolute,True
2023-09-17 04:00:00+00:00,2023-09-24 07:00:00+00:00,2023-09-24 03:00:00-04:00,172,62.0,63.168256747205476,boost_5y_absolute,True
2023-09-17 04:00:00+00:00,2023-09-24 08:00:00+00:00,2023-09-24 04:00:00-04:00,173,63.0,62.70331258395962,boost_5y_absolute,True
2023-09-17 04:00:00+00:00,2023-09-24 09:00:00+00:00,2023-09-24 05:00:00-04:00,174,62.0,62.11850476170166,boost_5y_absolute,True
2023-09-17 04:00:00+00:00,2023-09-24 10:00:00+00:00,2023-09-24 06:00:00-04:00,175,62.0,61.793366009865565,boost_5y_absolute,True
2023-09-17 04:00:00+00:00,2023-09-24 11:00:00+00:00,2023-09-24 07:00:00-04:00,176,63.0,62.973721914114414,boost_5y_absolute,True
2023-09-17 04:00:00+00:00,2023-09-24 12:00:00+00:00,2023-09-24 08:00:00-04:00,177,68.0,66.56918484596666,boost_5y_absolute,True
2023-09-17 04:00:00+00:00,2023-09-24 13:00:00+00:00,2023-09-24 09:00:00-04:00,178,71.0,70.04656107652872,boost_5y_absolute,True
2023-09-17 04:00:00+00:00,2023-09-24 14:00:00+00:00,2023-09-24 10:00:00-04:00,179,74.0,73.22672598452098,boost_5y_absolute,True
2023-09-17 04:00:00+00:00,2023-09-24 15:00:00+00:00,2023-09-24 11:00:00-04:00,180,76.0,75.54093761784655,boost_5y_absolute,True
2023-09-17 04:00:00+00:00,2023-09-24 16:00:00+00:00,2023-09-24 12:00:00-04:00,181,78.0,77.39574826017817,boost_5y_absolute,True
2023-09-17 04:00:00+00:00,2023-09-24 17:00:00+00:00,2023-09-24 13:00:00-04:00,182,80.0,78.72290712598743,boost_5y_absolute,True
2023-09-17 04:00:00+00:00,2023-09-24 18:00:00+00:00,2023-09-24 14:00:00-04:00,183,78.0,79.4414186771702,boost_5y_absolute,True
2023-09-17 04:00:00+00:00,2023-09-24 19:00:00+00:00,2023-09-24 15:00:00-04:00,184,82.0,79.26988695740796,boost_5y_absolute,True
2023-09-17 04:00:00+00:00,2023-09-24 20:00:00+00:00,2023-09-24 16:00:00-04:00,185,79.0,78.94389206416372,boost_5y_absolute,True
2023-09-17 04:00:00+00:00,2023-09-24 21:00:00+00:00,2023-09-24 17:00:00-04:00,186,79.0,77.52002588685356,boost_5y_absolute,True
2023-09-17 04:00:00+00:00,2023-09-24 22:00:00+00:00,2023-09-24 18:00:00-04:00,187,76.0,74.5738901827666,boost_5y_absolute,True
2023-09-17 04:00:00+00:00,2023-09-24 23:00:00+00:00,2023-09-24 19:00:00-04:00,188,75.0,71.25776617375709,boost_5y_absolute,True
2023-09-17 04:00:00+00:00,2023-09-25 00:00:00+00:00,2023-09-24 20:00:00-04:00,189,73.0,69.20061255177893,boost_5y_absolute,True
2023-09-17 04:00:00+00:00,2023-09-25 01:00:00+00:00,2023-09-24 21:00:00-04:00,190,73.0,68.07588553531478,boost_5y_absolute,True
2023-09-17 04:00:00+00:00,2023-09-25 02:00:00+00:00,2023-09-24 22:00:00-04:00,191,73.0,67.15208886131778,boost_5y_absolute,True
2023-09-17 04:00:00+00:00,2023-09-25 03:00:00+00:00,2023-09-24 23:00:00-04:00,192,72.0,66.21539813305277,boost_5y_absolute,True
2023-09-17 04:00:00+00:00,2023-09-25 04:00:00+00:00,2023-09-25 00:00:00-04:00,193,72.0,65.3343978051795,boost_5y_absolute,True
2023-09-17 04:00:00+00:00,2023-09-25 05:00:00+00:00,2023-09-25 01:00:00-04:00,194,70.0,64.51770513129401,boost_5y_absolute,True
2023-09-17 04:00:00+00:00,2023-09-25 06:00:00+00:00,2023-09-25 02:00:00-04:00,195,68.0,63.874145751638615,boost_5y_absolute,True
2023-09-17 04:00:00+00:00,2023-09-25 07:00:00+00:00,2023-09-25 03:00:00-04:00,196,69.0,63.03576494883201,boost_5y_absolute,True
2023-09-17 04:00:00+00:00,2023-09-25 08:00:00+00:00,2023-09-25 04:00:00-04:00,197,69.0,62.731265218354054,boost_5y_absolute,True
2023-09-17 04:00:00+00:00,2023-09-25 09:00:00+00:00,2023-09-25 05:00:00-04:00,198,68.0,62.09725397343699,boost_5y_absolute,True
2023-09-17 04:00:00+00:00,2023-09-25 10:00:00+00:00,2023-09-25 06:00:00-04:00,199,68.0,61.79079803263025,boost_5y_absolute,True
2023-09-17 04:00:00+00:00,2023-09-25 11:00:00+00:00,2023-09-25 07:00:00-04:00,200,68.0,63.023426355690795,boost_5y_absolute,True
2023-09-17 04:00:00+00:00,2023-09-25 12:00:00+00:00,2023-09-25 08:00:00-04:00,201,70.0,66.46068207662458,boost_5y_absolute,True
2023-09-17 04:00:00+00:00,2023-09-25 13:00:00+00:00,2023-09-25 09:00:00-04:00,202,73.0,70.06333482278578,boost_5y_absolute,True
2023-09-17 04:00:00+00:00,2023-09-25 14:00:00+00:00,2023-09-25 10:00:00-04:00,203,76.0,73.33103807697087,boost_5y_absolute,True
2023-09-17 04:00:00+00:00,2023-09-25 15:00:00+00:00,2023-09-25 11:00:00-04:00,204,80.0,75.66729748546518,boost_5y_absolute,True
2023-09-17 04:00:00+00:00,2023-09-25 16:00:00+00:00,2023-09-25 12:00:00-04:00,205,80.0,77.44158402723653,boost_5y_absolute,True
2023-09-17 04:00:00+00:00,2023-09-25 17:00:00+00:00,2023-09-25 13:00:00-04:00,206,81.0,78.79584136378344,boost_5y_absolute,True
2023-09-17 04:00:00+00:00,2023-09-25 18:00:00+00:00,2023-09-25 14:00:00-04:00,207,82.0,79.60508241992,boost_5y_absolute,True
2023-09-17 04:00:00+00:00,2023-09-25 19:00:00+00:00,2023-09-25 15:00:00-04:00,208,83.0,79.3803686082396,boost_5y_absolute,True
2023-09-17 04:00:00+00:00,2023-09-25 20:00:00+00:00,2023-09-25 16:00:00-04:00,209,82.0,78.9954986021975,boost_5y_absolute,True
2023-09-17 04:00:00+00:00,2023-09-25 21:00:00+00:00,2023-09-25 17:00:00-04:00,210,81.0,77.50429376627862,boost_5y_absolute,True
2023-09-17 04:00:00+00:00,2023-09-25 22:00:00+00:00,2023-09-25 18:00:00-04:00,211,77.0,74.58297056048328,boost_5y_absolute,True
2023-09-17 04:00:00+00:00,2023-09-25 23:00:00+00:00,2023-09-25 19:00:00-04:00,212,74.0,71.25055512099944,boost_5y_absolute,True
2023-09-17 04:00:00+00:00,2023-09-26 00:00:00+00:00,2023-09-25 20:00:00-04:00,213,72.0,69.17560013956,boost_5y_absolute,True
2023-09-17 04:00:00+00:00,2023-09-26 01:00:00+00:00,2023-09-25 21:00:00-04:00,214,70.0,68.01804512513438,boost_5y_absolute,True
2023-09-17 04:00:00+00:00,2023-09-26 02:00:00+00:00,2023-09-25 22:00:00-04:00,215,69.0,67.18460941560193,boost_5y_absolute,True
2023-09-17 04:00:00+00:00,2023-09-26 03:00:00+00:00,2023-09-25 23:00:00-04:00,216,67.0,66.2457659248508,boost_5y_absolute,True
2023-09-17 04:00:00+00:00,2023-09-26 04:00:00+00:00,2023-09-26 00:00:00-04:00,217,67.0,65.20356322438217,boost_5y_absolute,True
2023-09-17 04:00:00+00:00,2023-09-26 05:00:00+00:00,2023-09-26 01:00:00-04:00,218,66.0,64.32958852336168,boost_5y_absolute,True
2023-09-17 04:00:00+00:00,2023-09-26 06:00:00+00:00,2023-09-26 02:00:00-04:00,219,65.0,63.712934439396726,boost_5y_absolute,True
2023-09-17 04:00:00+00:00,2023-09-26 07:00:00+00:00,2023-09-26 03:00:00-04:00,220,65.0,62.91539746192096,boost_5y_absolute,True
2023-09-17 04:00:00+00:00,2023-09-26 08:00:00+00:00,2023-09-26 04:00:00-04:00,221,66.0,62.55804446034042,boost_5y_absolute,True
2023-09-17 04:00:00+00:00,2023-09-26 09:00:00+00:00,2023-09-26 05:00:00-04:00,222,66.0,61.94799077943023,boost_5y_absolute,True
2023-09-17 04:00:00+00:00,2023-09-26 10:00:00+00:00,2023-09-26 06:00:00-04:00,223,65.0,61.6559265185347,boost_5y_absolute,True
2023-09-17 04:00:00+00:00,2023-09-26 11:00:00+00:00,2023-09-26 07:00:00-04:00,224,66.0,62.81271450457712,boost_5y_absolute,True
2023-09-17 04:00:00+00:00,2023-09-26 12:00:00+00:00,2023-09-26 08:00:00-04:00,225,67.0,66.30015058339605,boost_5y_absolute,True
2023-09-17 04:00:00+00:00,2023-09-26 13:00:00+00:00,2023-09-26 09:00:00-04:00,226,68.0,69.92154489081703,boost_5y_absolute,True
2023-09-17 04:00:00+00:00,2023-09-26 14:00:00+00:00,2023-09-26 10:00:00-04:00,227,69.0,73.17752397898387,boost_5y_absolute,True
2023-09-17 04:00:00+00:00,2023-09-26 15:00:00+00:00,2023-09-26 11:00:00-04:00,228,70.0,75.60723811809929,boost_5y_absolute,True
2023-09-17 04:00:00+00:00,2023-09-26 16:00:00+00:00,2023-09-26 12:00:00-04:00,229,71.0,77.47380491756952,boost_5y_absolute,True
2023-09-17 04:00:00+00:00,2023-09-26 17:00:00+00:00,2023-09-26 13:00:00-04:00,230,72.0,78.88118632206132,boost_5y_absolute,True
2023-09-17 04:00:00+00:00,2023-09-26 18:00:00+00:00,2023-09-26 14:00:00-04:00,231,72.0,79.70059100623783,boost_5y_absolute,True
2023-09-17 04:00:00+00:00,2023-09-26 19:00:00+00:00,2023-09-26 15:00:00-04:00,232,72.0,79.46566887293288,boost_5y_absolute,True
2023-09-17 04:00:00+00:00,2023-09-26 20:00:00+00:00,2023-09-26 16:00:00-04:00,233,70.0,79.07965897113804,boost_5y_absolute,True
2023-09-17 04:00:00+00:00,2023-09-26 21:00:00+00:00,2023-09-26 17:00:00-04:00,234,69.0,77.51489963915719,boost_5y_absolute,True
2023-09-17 04:00:00+00:00,2023-09-26 22:00:00+00:00,2023-09-26 18:00:00-04:00,235,68.0,74.3592196136407,boost_5y_absolute,True
2023-09-17 04:00:00+00:00,2023-09-26 23:00:00+00:00,2023-09-26 19:00:00-04:00,236,68.0,71.0345609866769,boost_5y_absolute,True
2023-09-17 04:00:00+00:00,2023-09-27 00:00:00+00:00,2023-09-26 20:00:00-04:00,237,67.0,68.99753419217772,boost_5y_absolute,True
2023-09-17 04:00:00+00:00,2023-09-27 01:00:00+00:00,2023-09-26 21:00:00-04:00,238,66.0,67.67865324364253,boost_5y_absolute,True
2023-09-17 04:00:00+00:00,2023-09-27 02:00:00+00:00,2023-09-26 22:00:00-04:00,239,66.0,66.85878069504966,boost_5y_absolute,True
2023-09-17 04:00:00+00:00,2023-09-27 03:00:00+00:00,2023-09-26 23:00:00-04:00,240,65.0,66.07010398029259,boost_5y_absolute,True
2023-09-17 04:00:00+00:00,2023-09-27 04:00:00+00:00,2023-09-27 00:00:00-04:00,241,65.0,65.06800332284426,boost_5y_absolute,True
2023-09-17 04:00:00+00:00,2023-09-27 05:00:00+00:00,2023-09-27 01:00:00-04:00,242,65.0,64.19071183967083,boost_5y_absolute,True
2023-09-17 04:00:00+00:00,2023-09-27 06:00:00+00:00,2023-09-27 02:00:00-04:00,243,64.0,63.64033196042064,boost_5y_absolute,True
2023-09-17 04:00:00+00:00,2023-09-27 07:00:00+00:00,2023-09-27 03:00:00-04:00,244,64.0,62.8128061326981,boost_5y_absolute,True
2023-09-17 04:00:00+00:00,2023-09-27 08:00:00+00:00,2023-09-27 04:00:00-04:00,245,63.0,62.48105251484921,boost_5y_absolute,True
2023-09-17 04:00:00+00:00,2023-09-27 09:00:00+00:00,2023-09-27 05:00:00-04:00,246,63.0,61.867022046432616,boost_5y_absolute,True
2023-09-17 04:00:00+00:00,2023-09-27 10:00:00+00:00,2023-09-27 06:00:00-04:00,247,63.0,61.560350478054325,boost_5y_absolute,True
2023-09-17 04:00:00+00:00,2023-09-27 11:00:00+00:00,2023-09-27 07:00:00-04:00,248,62.0,62.614506398758635,boost_5y_absolute,True
2023-09-17 04:00:00+00:00,2023-09-27 12:00:00+00:00,2023-09-27 08:00:00-04:00,249,64.0,66.04062589942173,boost_5y_absolute,True
2023-09-17 04:00:00+00:00,2023-09-27 13:00:00+00:00,2023-09-27 09:00:00-04:00,250,65.0,69.73417903460526,boost_5y_absolute,True
2023-09-17 04:00:00+00:00,2023-09-27 14:00:00+00:00,2023-09-27 10:00:00-04:00,251,65.0,73.08524193101867,boost_5y_absolute,True
2023-09-17 04:00:00+00:00,2023-09-27 15:00:00+00:00,2023-09-27 11:00:00-04:00,252,66.0,75.53865915818783,boost_5y_absolute,True
2023-09-17 04:00:00+00:00,2023-09-27 16:00:00+00:00,2023-09-27 12:00:00-04:00,253,67.0,77.43136440345886,boost_5y_absolute,True
2023-09-17 04:00:00+00:00,2023-09-27 17:00:00+00:00,2023-09-27 13:00:00-04:00,254,67.0,78.80858269569045,boost_5y_absolute,True
2023-09-17 04:00:00+00:00,2023-09-27 18:00:00+00:00,2023-09-27 14:00:00-04:00,255,67.0,79.69778482072185,boost_5y_absolute,True
2023-09-17 04:00:00+00:00,2023-09-27 19:00:00+00:00,2023-09-27 15:00:00-04:00,256,67.0,79.28587165870962,boost_5y_absolute,True
2023-09-17 04:00:00+00:00,2023-09-27 20:00:00+00:00,2023-09-27 16:00:00-04:00,257,66.0,78.73905764122789,boost_5y_absolute,True
2023-09-17 04:00:00+00:00,2023-09-27 21:00:00+00:00,2023-09-27 17:00:00-04:00,258,65.0,77.16127692562526,boost_5y_absolute,True
2023-09-17 04:00:00+00:00,2023-09-27 22:00:00+00:00,2023-09-27 18:00:00-04:00,259,64.0,73.97186075412132,boost_5y_absolute,True
2023-09-17 04:00:00+00:00,2023-09-27 23:00:00+00:00,2023-09-27 19:00:00-04:00,260,64.0,70.65991839786403,boost_5y_absolute,True
2023-09-17 04:00:00+00:00,2023-09-28 00:00:00+00:00,2023-09-27 20:00:00-04:00,261,63.0,68.63468293889188,boost_5y_absolute,True
2023-09-17 04:00:00+00:00,2023-09-28 01:00:00+00:00,2023-09-27 21:00:00-04:00,262,63.0,67.33350312785069,boost_5y_absolute,True
2023-09-17 04:00:00+00:00,2023-09-28 02:00:00+00:00,2023-09-27 22:00:00-04:00,263,63.0,66.51516947416032,boost_5y_absolute,True
2023-09-17 04:00:00+00:00,2023-09-28 03:00:00+00:00,2023-09-27 23:00:00-04:00,264,63.0,65.81301190928285,boost_5y_absolute,True
2023-09-17 04:00:00+00:00,2023-09-28 04:00:00+00:00,2023-09-28 00:00:00-04:00,265,63.0,64.72254508969579,boost_5y_absolute,True
2023-09-17 04:00:00+00:00,2023-09-28 05:00:00+00:00,2023-09-28 01:00:00-04:00,266,63.0,63.83097131470756,boost_5y_absolute,True
2023-09-17 04:00:00+00:00,2023-09-28 06:00:00+00:00,2023-09-28 02:00:00-04:00,267,63.0,63.295204294267336,boost_5y_absolute,True
2023-09-17 04:00:00+00:00,2023-09-28 07:00:00+00:00,2023-09-28 03:00:00-04:00,268,63.0,62.564515601836774,boost_5y_absolute,True
2023-09-17 04:00:00+00:00,2023-09-28 08:00:00+00:00,2023-09-28 04:00:00-04:00,269,62.0,62.25906771464515,boost_5y_absolute,True
2023-09-17 04:00:00+00:00,2023-09-28 09:00:00+00:00,2023-09-28 05:00:00-04:00,270,62.0,61.630904374254925,boost_5y_absolute,True
2023-09-17 04:00:00+00:00,2023-09-28 10:00:00+00:00,2023-09-28 06:00:00-04:00,271,62.0,61.31066201893881,boost_5y_absolute,True
2023-09-17 04:00:00+00:00,2023-09-28 11:00:00+00:00,2023-09-28 07:00:00-04:00,272,61.0,62.325815112018844,boost_5y_absolute,True
2023-09-17 04:00:00+00:00,2023-09-28 12:00:00+00:00,2023-09-28 08:00:00-04:00,273,62.0,65.67189892457745,boost_5y_absolute,True
2023-09-17 04:00:00+00:00,2023-09-28 13:00:00+00:00,2023-09-28 09:00:00-04:00,274,64.0,69.35755318943058,boost_5y_absolute,True
2023-09-17 04:00:00+00:00,2023-09-28 14:00:00+00:00,2023-09-28 10:00:00-04:00,275,67.0,72.81168540050197,boost_5y_absolute,True
2023-09-17 04:00:00+00:00,2023-09-28 15:00:00+00:00,2023-09-28 11:00:00-04:00,276,69.0,75.32027719686634,boost_5y_absolute,True
2023-09-17 04:00:00+00:00,2023-09-28 16:00:00+00:00,2023-09-28 12:00:00-04:00,277,70.0,77.13276184474532,boost_5y_absolute,True
2023-09-17 04:00:00+00:00,2023-09-28 17:00:00+00:00,2023-09-28 13:00:00-04:00,278,71.0,78.51428366988546,boost_5y_absolute,True
2023-09-17 04:00:00+00:00,2023-09-28 18:00:00+00:00,2023-09-28 14:00:00-04:00,279,74.0,79.47332341891577,boost_5y_absolute,True
2023-09-17 04:00:00+00:00,2023-09-28 19:00:00+00:00,2023-09-28 15:00:00-04:00,280,75.0,78.97971436466571,boost_5y_absolute,True
2023-09-17 04:00:00+00:00,2023-09-28 20:00:00+00:00,2023-09-28 16:00:00-04:00,281,76.0,78.40608221763179,boost_5y_absolute,True
2023-09-17 04:00:00+00:00,2023-09-28 21:00:00+00:00,2023-09-28 17:00:00-04:00,282,75.0,76.85104924252879,boost_5y_absolute,True
2023-09-17 04:00:00+00:00,2023-09-28 22:00:00+00:00,2023-09-28 18:00:00-04:00,283,72.0,73.55830156440956,boost_5y_absolute,True
2023-09-17 04:00:00+00:00,2023-09-28 23:00:00+00:00,2023-09-28 19:00:00-04:00,284,69.0,70.31122406001654,boost_5y_absolute,True
2023-09-17 04:00:00+00:00,2023-09-29 00:00:00+00:00,2023-09-28 20:00:00-04:00,285,66.0,68.33782786708876,boost_5y_absolute,True
2023-09-17 04:00:00+00:00,2023-09-29 01:00:00+00:00,2023-09-28 21:00:00-04:00,286,65.0,67.04217400701654,boost_5y_absolute,True
2023-09-17 04:00:00+00:00,2023-09-29 02:00:00+00:00,2023-09-28 22:00:00-04:00,287,65.0,66.34808091449477,boost_5y_absolute,True
2023-09-17 04:00:00+00:00,2023-09-29 03:00:00+00:00,2023-09-28 23:00:00-04:00,288,65.0,65.68316688620752,boost_5y_absolute,True
2023-09-17 04:00:00+00:00,2023-09-29 04:00:00+00:00,2023-09-29 00:00:00-04:00,289,65.0,64.59157498890801,boost_5y_absolute,True
2023-09-17 04:00:00+00:00,2023-09-29 05:00:00+00:00,2023-09-29 01:00:00-04:00,290,65.0,63.711292596184094,boost_5y_absolute,True
2023-09-17 04:00:00+00:00,2023-09-29 06:00:00+00:00,2023-09-29 02:00:00-04:00,291,65.0,63.1615634551854,boost_5y_absolute,True
2023-09-17 04:00:00+00:00,2023-09-29 07:00:00+00:00,2023-09-29 03:00:00-04:00,292,64.0,62.423426409215956,boost_5y_absolute,True
2023-09-17 04:00:00+00:00,2023-09-29 08:00:00+00:00,2023-09-29 04:00:00-04:00,293,64.0,62.10943546873166,boost_5y_absolute,True
2023-09-17 04:00:00+00:00,2023-09-29 09:00:00+00:00,2023-09-29 05:00:00-04:00,294,64.0,61.45462436893608,boost_5y_absolute,True
2023-09-17 04:00:00+00:00,2023-09-29 10:00:00+00:00,2023-09-29 06:00:00-04:00,295,64.0,61.12108932338933,boost_5y_absolute,True
2023-09-17 04:00:00+00:00,2023-09-29 11:00:00+00:00,2023-09-29 07:00:00-04:00,296,64.0,62.12236556817191,boost_5y_absolute,True
2023-09-17 04:00:00+00:00,2023-09-29 12:00:00+00:00,2023-09-29 08:00:00-04:00,297,64.0,65.50178616597795,boost_5y_absolute,True
2023-09-17 04:00:00+00:00,2023-09-29 13:00:00+00:00,2023-09-29 09:00:00-04:00,298,66.0,69.12871196090728,boost_5y_absolute,True
2023-09-17 04:00:00+00:00,2023-09-29 14:00:00+00:00,2023-09-29 10:00:00-04:00,299,67.0,72.60927181062083,boost_5y_absolute,True
2023-09-17 04:00:00+00:00,2023-09-29 15:00:00+00:00,2023-09-29 11:00:00-04:00,300,68.0,75.10236861216761,boost_5y_absolute,True
2023-09-17 04:00:00+00:00,2023-09-29 16:00:00+00:00,2023-09-29 12:00:00-04:00,301,70.0,76.90283220181271,boost_5y_absolute,True
2023-09-17 04:00:00+00:00,2023-09-29 17:00:00+00:00,2023-09-29 13:00:00-04:00,302,71.0,78.24789053194846,boost_5y_absolute,True
2023-09-17 04:00:00+00:00,2023-09-29 18:00:00+00:00,2023-09-29 14:00:00-04:00,303,71.0,79.20755291044064,boost_5y_absolute,True
2023-09-17 04:00:00+00:00,2023-09-29 19:00:00+00:00,2023-09-29 15:00:00-04:00,304,73.0,78.83411540069535,boost_5y_absolute,True
2023-09-17 04:00:00+00:00,2023-09-29 20:00:00+00:00,2023-09-29 16:00:00-04:00,305,73.0,78.25816261426655,boost_5y_absolute,True
2023-09-17 04:00:00+00:00,2023-09-29 21:00:00+00:00,2023-09-29 17:00:00-04:00,306,74.0,76.71438676336025,boost_5y_absolute,True
2023-09-17 04:00:00+00:00,2023-09-29 22:00:00+00:00,2023-09-29 18:00:00-04:00,307,70.0,73.24931367957866,boost_5y_absolute,True
2023-09-17 04:00:00+00:00,2023-09-29 23:00:00+00:00,2023-09-29 19:00:00-04:00,308,66.0,69.96313235104464,boost_5y_absolute,True
2023-09-17 04:00:00+00:00,2023-09-30 00:00:00+00:00,2023-09-29 20:00:00-04:00,309,64.0,68.07095300056861,boost_5y_absolute,True
2023-09-17 04:00:00+00:00,2023-09-30 01:00:00+00:00,2023-09-29 21:00:00-04:00,310,64.0,66.7354815467248,boost_5y_absolute,True
2023-09-17 04:00:00+00:00,2023-09-30 02:00:00+00:00,2023-09-29 22:00:00-04:00,311,63.0,66.13479783811884,boost_5y_absolute,True
2023-09-17 04:00:00+00:00,2023-09-30 03:00:00+00:00,2023-09-29 23:00:00-04:00,312,61.0,65.39025699501096,boost_5y_absolute,True
2023-09-17 04:00:00+00:00,2023-09-30 04:00:00+00:00,2023-09-30 00:00:00-04:00,313,60.0,64.29540001633023,boost_5y_absolute,True
2023-09-17 04:00:00+00:00,2023-09-30 05:00:00+00:00,2023-09-30 01:00:00-04:00,314,59.0,63.350086872450284,boost_5y_absolute,True
2023-09-17 04:00:00+00:00,2023-09-30 06:00:00+00:00,2023-09-30 02:00:00-04:00,315,59.0,62.83734743466713,boost_5y_absolute,True
2023-09-17 04:00:00+00:00,2023-09-30 07:00:00+00:00,2023-09-30 03:00:00-04:00,316,62.0,62.09400022083872,boost_5y_absolute,True
2023-09-17 04:00:00+00:00,2023-09-30 08:00:00+00:00,2023-09-30 04:00:00-04:00,317,63.0,61.83586383918562,boost_5y_absolute,True
2023-09-17 04:00:00+00:00,2023-09-30 09:00:00+00:00,2023-09-30 05:00:00-04:00,318,64.0,61.15081884148453,boost_5y_absolute,True
2023-09-17 04:00:00+00:00,2023-09-30 10:00:00+00:00,2023-09-30 06:00:00-04:00,319,64.0,60.803315472195045,boost_5y_absolute,True
2023-09-17 04:00:00+00:00,2023-09-30 11:00:00+00:00,2023-09-30 07:00:00-04:00,320,65.0,61.75666954151148,boost_5y_absolute,True
2023-09-17 04:00:00+00:00,2023-09-30 12:00:00+00:00,2023-09-30 08:00:00-04:00,321,66.0,65.17856103895352,boost_5y_absolute,True
2023-09-17 04:00:00+00:00,2023-09-30 13:00:00+00:00,2023-09-30 09:00:00-04:00,322,67.0,68.74202528265297,boost_5y_absolute,True
2023-09-17 04:00:00+00:00,2023-09-30 14:00:00+00:00,2023-09-30 10:00:00-04:00,323,69.0,72.30276045627453,boost_5y_absolute,True
2023-09-17 04:00:00+00:00,2023-09-30 15:00:00+00:00,2023-09-30 11:00:00-04:00,324,70.0,74.8221461081578,boost_5y_absolute,True
2023-09-17 04:00:00+00:00,2023-09-30 16:00:00+00:00,2023-09-30 12:00:00-04:00,325,73.0,76.64799049319068,boost_5y_absolute,True
2023-09-17 04:00:00+00:00,2023-09-30 17:00:00+00:00,2023-09-30 13:00:00-04:00,326,75.0,78.05956869915256,boost_5y_absolute,True
2023-09-17 04:00:00+00:00,2023-09-30 18:00:00+00:00,2023-09-30 14:00:00-04:00,327,76.0,79.01461297063716,boost_5y_absolute,True
2023-09-17 04:00:00+00:00,2023-09-30 19:00:00+00:00,2023-09-30 15:00:00-04:00,328,77.0,78.7482964643027,boost_5y_absolute,True
2023-09-17 04:00:00+00:00,2023-09-30 20:00:00+00:00,2023-09-30 16:00:00-04:00,329,75.0,78.25529465283212,boost_5y_absolute,True
2023-09-17 04:00:00+00:00,2023-09-30 21:00:00+00:00,2023-09-30 17:00:00-04:00,330,73.0,76.60442116541493,boost_5y_absolute,True
2023-09-17 04:00:00+00:00,2023-09-30 22:00:00+00:00,2023-09-30 18:00:00-04:00,331,69.0,73.07277082804629,boost_5y_absolute,True
2023-09-17 04:00:00+00:00,2023-09-30 23:00:00+00:00,2023-09-30 19:00:00-04:00,332,67.0,69.77918559838184,boost_5y_absolute,True
2023-09-17 04:00:00+00:00,2023-10-01 00:00:00+00:00,2023-09-30 20:00:00-04:00,333,64.0,67.90120702173078,boost_5y_absolute,True
2023-09-17 04:00:00+00:00,2023-10-01 01:00:00+00:00,2023-09-30 21:00:00-04:00,334,62.0,66.57945317106858,boost_5y_absolute,True
2023-09-17 04:00:00+00:00,2023-10-01 02:00:00+00:00,2023-09-30 22:00:00-04:00,335,61.0,65.95420851655103,boost_5y_absolute,True
2023-09-17 04:00:00+00:00,2023-10-01 03:00:00+00:00,2023-09-30 23:00:00-04:00,336,60.0,65.26590937176967,boost_5y_absolute,True
2023-09-24 04:00:00+00:00,2023-09-24 04:00:00+00:00,2023-09-24 00:00:00-04:00,1,62.0,56.34447316013954,boost_5y_absolute,True
2023-09-24 04:00:00+00:00,2023-09-24 05:00:00+00:00,2023-09-24 01:00:00-04:00,2,62.0,55.77976577834915,boost_5y_absolute,True
2023-09-24 04:00:00+00:00,2023-09-24 06:00:00+00:00,2023-09-24 02:00:00-04:00,3,62.0,55.80014492100356,boost_5y_absolute,True
2023-09-24 04:00:00+00:00,2023-09-24 07:00:00+00:00,2023-09-24 03:00:00-04:00,4,62.0,55.45189924752915,boost_5y_absolute,True
2023-09-24 04:00:00+00:00,2023-09-24 08:00:00+00:00,2023-09-24 04:00:00-04:00,5,63.0,55.263166934938674,boost_5y_absolute,True
2023-09-24 04:00:00+00:00,2023-09-24 09:00:00+00:00,2023-09-24 05:00:00-04:00,6,62.0,56.45413939364981,boost_5y_absolute,True
2023-09-24 04:00:00+00:00,2023-09-24 10:00:00+00:00,2023-09-24 06:00:00-04:00,7,62.0,56.22394750447877,boost_5y_absolute,True
2023-09-24 04:00:00+00:00,2023-09-24 11:00:00+00:00,2023-09-24 07:00:00-04:00,8,63.0,56.44568866379485,boost_5y_absolute,True
2023-09-24 04:00:00+00:00,2023-09-24 12:00:00+00:00,2023-09-24 08:00:00-04:00,9,68.0,59.53424580507666,boost_5y_absolute,True
2023-09-24 04:00:00+00:00,2023-09-24 13:00:00+00:00,2023-09-24 09:00:00-04:00,10,71.0,63.137616911980025,boost_5y_absolute,True
2023-09-24 04:00:00+00:00,2023-09-24 14:00:00+00:00,2023-09-24 10:00:00-04:00,11,74.0,66.74638515834069,boost_5y_absolute,True
2023-09-24 04:00:00+00:00,2023-09-24 15:00:00+00:00,2023-09-24 11:00:00-04:00,12,76.0,68.70864787061772,boost_5y_absolute,True
2023-09-24 04:00:00+00:00,2023-09-24 16:00:00+00:00,2023-09-24 12:00:00-04:00,13,78.0,70.52670960113498,boost_5y_absolute,True
2023-09-24 04:00:00+00:00,2023-09-24 17:00:00+00:00,2023-09-24 13:00:00-04:00,14,80.0,71.905125671111,boost_5y_absolute,True
2023-09-24 04:00:00+00:00,2023-09-24 18:00:00+00:00,2023-09-24 14:00:00-04:00,15,78.0,72.7281963076541,boost_5y_absolute,True
2023-09-24 04:00:00+00:00,2023-09-24 19:00:00+00:00,2023-09-24 15:00:00-04:00,16,82.0,72.6242953844028,boost_5y_absolute,True
2023-09-24 04:00:00+00:00,2023-09-24 20:00:00+00:00,2023-09-24 16:00:00-04:00,17,79.0,72.48896670923718,boost_5y_absolute,True
2023-09-24 04:00:00+00:00,2023-09-24 21:00:00+00:00,2023-09-24 17:00:00-04:00,18,79.0,71.17753595317028,boost_5y_absolute,True
2023-09-24 04:00:00+00:00,2023-09-24 22:00:00+00:00,2023-09-24 18:00:00-04:00,19,76.0,68.79810023853004,boost_5y_absolute,True
2023-09-24 04:00:00+00:00,2023-09-24 23:00:00+00:00,2023-09-24 19:00:00-04:00,20,75.0,65.35096159188394,boost_5y_absolute,True
2023-09-24 04:00:00+00:00,2023-09-25 00:00:00+00:00,2023-09-24 20:00:00-04:00,21,73.0,64.18337243580126,boost_5y_absolute,True
2023-09-24 04:00:00+00:00,2023-09-25 01:00:00+00:00,2023-09-24 21:00:00-04:00,22,73.0,63.2067373155982,boost_5y_absolute,True
2023-09-24 04:00:00+00:00,2023-09-25 02:00:00+00:00,2023-09-24 22:00:00-04:00,23,73.0,62.34935603112835,boost_5y_absolute,True
2023-09-24 04:00:00+00:00,2023-09-25 03:00:00+00:00,2023-09-24 23:00:00-04:00,24,72.0,61.18995966523025,boost_5y_absolute,True
2023-09-24 04:00:00+00:00,2023-09-25 04:00:00+00:00,2023-09-25 00:00:00-04:00,25,72.0,60.85828182728645,boost_5y_absolute,True
2023-09-24 04:00:00+00:00,2023-09-25 05:00:00+00:00,2023-09-25 01:00:00-04:00,26,70.0,60.295683658462195,boost_5y_absolute,True
2023-09-24 04:00:00+00:00,2023-09-25 06:00:00+00:00,2023-09-25 02:00:00-04:00,27,68.0,59.856407360526205,boost_5y_absolute,True
2023-09-24 04:00:00+00:00,2023-09-25 07:00:00+00:00,2023-09-25 03:00:00-04:00,28,69.0,59.253476268555,boost_5y_absolute,True
2023-09-24 04:00:00+00:00,2023-09-25 08:00:00+00:00,2023-09-25 04:00:00-04:00,29,69.0,58.96711960957752,boost_5y_absolute,True
2023-09-24 04:00:00+00:00,2023-09-25 09:00:00+00:00,2023-09-25 05:00:00-04:00,30,68.0,59.16842059980035,boost_5y_absolute,True
2023-09-24 04:00:00+00:00,2023-09-25 10:00:00+00:00,2023-09-25 06:00:00-04:00,31,68.0,58.87401249774838,boost_5y_absolute,True
2023-09-24 04:00:00+00:00,2023-09-25 11:00:00+00:00,2023-09-25 07:00:00-04:00,32,68.0,59.58282453445807,boost_5y_absolute,True
2023-09-24 04:00:00+00:00,2023-09-25 12:00:00+00:00,2023-09-25 08:00:00-04:00,33,70.0,62.879482353463466,boost_5y_absolute,True
2023-09-24 04:00:00+00:00,2023-09-25 13:00:00+00:00,2023-09-25 09:00:00-04:00,34,73.0,66.52884316280637,boost_5y_absolute,True
2023-09-24 04:00:00+00:00,2023-09-25 14:00:00+00:00,2023-09-25 10:00:00-04:00,35,76.0,69.91481690598039,boost_5y_absolute,True
2023-09-24 04:00:00+00:00,2023-09-25 15:00:00+00:00,2023-09-25 11:00:00-04:00,36,80.0,71.75274036682833,boost_5y_absolute,True
2023-09-24 04:00:00+00:00,2023-09-25 16:00:00+00:00,2023-09-25 12:00:00-04:00,37,80.0,73.58483961884568,boost_5y_absolute,True
2023-09-24 04:00:00+00:00,2023-09-25 17:00:00+00:00,2023-09-25 13:00:00-04:00,38,81.0,74.97319831032368,boost_5y_absolute,True
2023-09-24 04:00:00+00:00,2023-09-25 18:00:00+00:00,2023-09-25 14:00:00-04:00,39,82.0,75.77379881511268,boost_5y_absolute,True
2023-09-24 04:00:00+00:00,2023-09-25 19:00:00+00:00,2023-09-25 15:00:00-04:00,40,83.0,75.63446205037859,boost_5y_absolute,True
2023-09-24 04:00:00+00:00,2023-09-25 20:00:00+00:00,2023-09-25 16:00:00-04:00,41,82.0,75.3573053045313,boost_5y_absolute,True
2023-09-24 04:00:00+00:00,2023-09-25 21:00:00+00:00,2023-09-25 17:00:00-04:00,42,81.0,73.93601359935936,boost_5y_absolute,True
2023-09-24 04:00:00+00:00,2023-09-25 22:00:00+00:00,2023-09-25 18:00:00-04:00,43,77.0,71.2396539311129,boost_5y_absolute,True
2023-09-24 04:00:00+00:00,2023-09-25 23:00:00+00:00,2023-09-25 19:00:00-04:00,44,74.0,67.72759385652077,boost_5y_absolute,True
2023-09-24 04:00:00+00:00,2023-09-26 00:00:00+00:00,2023-09-25 20:00:00-04:00,45,72.0,65.7213025241681,boost_5y_absolute,True
2023-09-24 04:00:00+00:00,2023-09-26 01:00:00+00:00,2023-09-25 21:00:00-04:00,46,70.0,64.59819661902966,boost_5y_absolute,True
2023-09-24 04:00:00+00:00,2023-09-26 02:00:00+00:00,2023-09-25 22:00:00-04:00,47,69.0,63.78608290417769,boost_5y_absolute,True
2023-09-24 04:00:00+00:00,2023-09-26 03:00:00+00:00,2023-09-25 23:00:00-04:00,48,67.0,62.82344866655697,boost_5y_absolute,True
2023-09-24 04:00:00+00:00,2023-09-26 04:00:00+00:00,2023-09-26 00:00:00-04:00,49,67.0,61.89493018265024,boost_5y_absolute,True
2023-09-24 04:00:00+00:00,2023-09-26 05:00:00+00:00,2023-09-26 01:00:00-04:00,50,66.0,61.263850243186674,boost_5y_absolute,True
2023-09-24 04:00:00+00:00,2023-09-26 06:00:00+00:00,2023-09-26 02:00:00-04:00,51,65.0,60.72534509011257,boost_5y_absolute,True
2023-09-24 04:00:00+00:00,2023-09-26 07:00:00+00:00,2023-09-26 03:00:00-04:00,52,65.0,60.12077615024277,boost_5y_absolute,True
2023-09-24 04:00:00+00:00,2023-09-26 08:00:00+00:00,2023-09-26 04:00:00-04:00,53,66.0,60.2565935712595,boost_5y_absolute,True
2023-09-24 04:00:00+00:00,2023-09-26 09:00:00+00:00,2023-09-26 05:00:00-04:00,54,66.0,59.6521984673175,boost_5y_absolute,True
2023-09-24 04:00:00+00:00,2023-09-26 10:00:00+00:00,2023-09-26 06:00:00-04:00,55,65.0,59.3581447409134,boost_5y_absolute,True
2023-09-24 04:00:00+00:00,2023-09-26 11:00:00+00:00,2023-09-26 07:00:00-04:00,56,66.0,60.05081806264451,boost_5y_absolute,True
2023-09-24 04:00:00+00:00,2023-09-26 12:00:00+00:00,2023-09-26 08:00:00-04:00,57,67.0,63.72529143603917,boost_5y_absolute,True
2023-09-24 04:00:00+00:00,2023-09-26 13:00:00+00:00,2023-09-26 09:00:00-04:00,58,68.0,67.4256938880738,boost_5y_absolute,True
2023-09-24 04:00:00+00:00,2023-09-26 14:00:00+00:00,2023-09-26 10:00:00-04:00,59,69.0,70.77220419216637,boost_5y_absolute,True
2023-09-24 04:00:00+00:00,2023-09-26 15:00:00+00:00,2023-09-26 11:00:00-04:00,60,70.0,73.15370587950912,boost_5y_absolute,True
2023-09-24 04:00:00+00:00,2023-09-26 16:00:00+00:00,2023-09-26 12:00:00-04:00,61,71.0,75.09787952873532,boost_5y_absolute,True
2023-09-24 04:00:00+00:00,2023-09-26 17:00:00+00:00,2023-09-26 13:00:00-04:00,62,72.0,76.43634526953096,boost_5y_absolute,True
2023-09-24 04:00:00+00:00,2023-09-26 18:00:00+00:00,2023-09-26 14:00:00-04:00,63,72.0,77.30969472128452,boost_5y_absolute,True
2023-09-24 04:00:00+00:00,2023-09-26 19:00:00+00:00,2023-09-26 15:00:00-04:00,64,72.0,77.11356385318945,boost_5y_absolute,True
2023-09-24 04:00:00+00:00,2023-09-26 20:00:00+00:00,2023-09-26 16:00:00-04:00,65,70.0,76.81142979494456,boost_5y_absolute,True
2023-09-24 04:00:00+00:00,2023-09-26 21:00:00+00:00,2023-09-26 17:00:00-04:00,66,69.0,75.27412533971385,boost_5y_absolute,True
2023-09-24 04:00:00+00:00,2023-09-26 22:00:00+00:00,2023-09-26 18:00:00-04:00,67,68.0,72.0908471531766,boost_5y_absolute,True
2023-09-24 04:00:00+00:00,2023-09-26 23:00:00+00:00,2023-09-26 19:00:00-04:00,68,68.0,68.70803919582374,boost_5y_absolute,True
2023-09-24 04:00:00+00:00,2023-09-27 00:00:00+00:00,2023-09-26 20:00:00-04:00,69,67.0,66.56990347840583,boost_5y_absolute,True
2023-09-24 04:00:00+00:00,2023-09-27 01:00:00+00:00,2023-09-26 21:00:00-04:00,70,66.0,65.26358391934978,boost_5y_absolute,True
2023-09-24 04:00:00+00:00,2023-09-27 02:00:00+00:00,2023-09-26 22:00:00-04:00,71,66.0,64.3902835452881,boost_5y_absolute,True
2023-09-24 04:00:00+00:00,2023-09-27 03:00:00+00:00,2023-09-26 23:00:00-04:00,72,65.0,63.59472726312684,boost_5y_absolute,True
2023-09-24 04:00:00+00:00,2023-09-27 04:00:00+00:00,2023-09-27 00:00:00-04:00,73,65.0,62.46758533061757,boost_5y_absolute,True
2023-09-24 04:00:00+00:00,2023-09-27 05:00:00+00:00,2023-09-27 01:00:00-04:00,74,65.0,61.69665952484117,boost_5y_absolute,True
2023-09-24 04:00:00+00:00,2023-09-27 06:00:00+00:00,2023-09-27 02:00:00-04:00,75,64.0,61.22339859838536,boost_5y_absolute,True
2023-09-24 04:00:00+00:00,2023-09-27 07:00:00+00:00,2023-09-27 03:00:00-04:00,76,64.0,60.52086701106487,boost_5y_absolute,True
2023-09-24 04:00:00+00:00,2023-09-27 08:00:00+00:00,2023-09-27 04:00:00-04:00,77,63.0,60.55897123861284,boost_5y_absolute,True
2023-09-24 04:00:00+00:00,2023-09-27 09:00:00+00:00,2023-09-27 05:00:00-04:00,78,63.0,59.86182997668964,boost_5y_absolute,True
2023-09-24 04:00:00+00:00,2023-09-27 10:00:00+00:00,2023-09-27 06:00:00-04:00,79,63.0,59.55118368379649,boost_5y_absolute,True
2023-09-24 04:00:00+00:00,2023-09-27 11:00:00+00:00,2023-09-27 07:00:00-04:00,80,62.0,60.74264455802584,boost_5y_absolute,True
2023-09-24 04:00:00+00:00,2023-09-27 12:00:00+00:00,2023-09-27 08:00:00-04:00,81,64.0,63.99403620891994,boost_5y_absolute,True
2023-09-24 04:00:00+00:00,2023-09-27 13:00:00+00:00,2023-09-27 09:00:00-04:00,82,65.0,67.74256281398834,boost_5y_absolute,True
2023-09-24 04:00:00+00:00,2023-09-27 14:00:00+00:00,2023-09-27 10:00:00-04:00,83,65.0,71.1907942741255,boost_5y_absolute,True
2023-09-24 04:00:00+00:00,2023-09-27 15:00:00+00:00,2023-09-27 11:00:00-04:00,84,66.0,73.7573624926343,boost_5y_absolute,True
2023-09-24 04:00:00+00:00,2023-09-27 16:00:00+00:00,2023-09-27 12:00:00-04:00,85,67.0,75.68047315951256,boost_5y_absolute,True
2023-09-24 04:00:00+00:00,2023-09-27 17:00:00+00:00,2023-09-27 13:00:00-04:00,86,67.0,77.0223931142144,boost_5y_absolute,True
2023-09-24 04:00:00+00:00,2023-09-27 18:00:00+00:00,2023-09-27 14:00:00-04:00,87,67.0,77.87695447453763,boost_5y_absolute,True
2023-09-24 04:00:00+00:00,2023-09-27 19:00:00+00:00,2023-09-27 15:00:00-04:00,88,67.0,77.56356387136222,boost_5y_absolute,True
2023-09-24 04:00:00+00:00,2023-09-27 20:00:00+00:00,2023-09-27 16:00:00-04:00,89,66.0,77.03662317766543,boost_5y_absolute,True
2023-09-24 04:00:00+00:00,2023-09-27 21:00:00+00:00,2023-09-27 17:00:00-04:00,90,65.0,75.4688372141585,boost_5y_absolute,True
2023-09-24 04:00:00+00:00,2023-09-27 22:00:00+00:00,2023-09-27 18:00:00-04:00,91,64.0,72.27163337291881,boost_5y_absolute,True
2023-09-24 04:00:00+00:00,2023-09-27 23:00:00+00:00,2023-09-27 19:00:00-04:00,92,64.0,68.83382584523686,boost_5y_absolute,True
2023-09-24 04:00:00+00:00,2023-09-28 00:00:00+00:00,2023-09-27 20:00:00-04:00,93,63.0,66.77160498798567,boost_5y_absolute,True
2023-09-24 04:00:00+00:00,2023-09-28 01:00:00+00:00,2023-09-27 21:00:00-04:00,94,63.0,65.51793428727416,boost_5y_absolute,True
2023-09-24 04:00:00+00:00,2023-09-28 02:00:00+00:00,2023-09-27 22:00:00-04:00,95,63.0,64.71507958558097,boost_5y_absolute,True
2023-09-24 04:00:00+00:00,2023-09-28 03:00:00+00:00,2023-09-27 23:00:00-04:00,96,63.0,63.9467826527749,boost_5y_absolute,True
2023-09-24 04:00:00+00:00,2023-09-28 04:00:00+00:00,2023-09-28 00:00:00-04:00,97,63.0,62.95012907439538,boost_5y_absolute,True
2023-09-24 04:00:00+00:00,2023-09-28 05:00:00+00:00,2023-09-28 01:00:00-04:00,98,63.0,62.07237118434454,boost_5y_absolute,True
2023-09-24 04:00:00+00:00,2023-09-28 06:00:00+00:00,2023-09-28 02:00:00-04:00,99,63.0,61.5518189225914,boost_5y_absolute,True
2023-09-24 04:00:00+00:00,2023-09-28 07:00:00+00:00,2023-09-28 03:00:00-04:00,100,63.0,60.896849783379984,boost_5y_absolute,True
2023-09-24 04:00:00+00:00,2023-09-28 08:00:00+00:00,2023-09-28 04:00:00-04:00,101,62.0,60.88851919269208,boost_5y_absolute,True
2023-09-24 04:00:00+00:00,2023-09-28 09:00:00+00:00,2023-09-28 05:00:00-04:00,102,62.0,60.160800306365736,boost_5y_absolute,True
2023-09-24 04:00:00+00:00,2023-09-28 10:00:00+00:00,2023-09-28 06:00:00-04:00,103,62.0,59.843639584187265,boost_5y_absolute,True
2023-09-24 04:00:00+00:00,2023-09-28 11:00:00+00:00,2023-09-28 07:00:00-04:00,104,61.0,60.982427775213075,boost_5y_absolute,True
2023-09-24 04:00:00+00:00,2023-09-28 12:00:00+00:00,2023-09-28 08:00:00-04:00,105,62.0,64.04785223684243,boost_5y_absolute,True
2023-09-24 04:00:00+00:00,2023-09-28 13:00:00+00:00,2023-09-28 09:00:00-04:00,106,64.0,67.73574578269204,boost_5y_absolute,True
2023-09-24 04:00:00+00:00,2023-09-28 14:00:00+00:00,2023-09-28 10:00:00-04:00,107,67.0,71.24892683990859,boost_5y_absolute,True
2023-09-24 04:00:00+00:00,2023-09-28 15:00:00+00:00,2023-09-28 11:00:00-04:00,108,69.0,73.77948081826985,boost_5y_absolute,True
2023-09-24 04:00:00+00:00,2023-09-28 16:00:00+00:00,2023-09-28 12:00:00-04:00,109,70.0,75.61782131954882,boost_5y_absolute,True
2023-09-24 04:00:00+00:00,2023-09-28 17:00:00+00:00,2023-09-28 13:00:00-04:00,110,71.0,76.98697678702521,boost_5y_absolute,True
2023-09-24 04:00:00+00:00,2023-09-28 18:00:00+00:00,2023-09-28 14:00:00-04:00,111,74.0,77.86884328619415,boost_5y_absolute,True
2023-09-24 04:00:00+00:00,2023-09-28 19:00:00+00:00,2023-09-28 15:00:00-04:00,112,75.0,77.51970219743268,boost_5y_absolute,True
2023-09-24 04:00:00+00:00,2023-09-28 20:00:00+00:00,2023-09-28 16:00:00-04:00,113,76.0,76.91703895478719,boost_5y_absolute,True
2023-09-24 04:00:00+00:00,2023-09-28 21:00:00+00:00,2023-09-28 17:00:00-04:00,114,75.0,75.37688241626654,boost_5y_absolute,True
2023-09-24 04:00:00+00:00,2023-09-28 22:00:00+00:00,2023-09-28 18:00:00-04:00,115,72.0,72.10079141012736,boost_5y_absolute,True
2023-09-24 04:00:00+00:00,2023-09-28 23:00:00+00:00,2023-09-28 19:00:00-04:00,116,69.0,68.9060135109966,boost_5y_absolute,True
2023-09-24 04:00:00+00:00,2023-09-29 00:00:00+00:00,2023-09-28 20:00:00-04:00,117,66.0,66.98159795565871,boost_5y_absolute,True
2023-09-24 04:00:00+00:00,2023-09-29 01:00:00+00:00,2023-09-28 21:00:00-04:00,118,65.0,65.69207259556325,boost_5y_absolute,True
2023-09-24 04:00:00+00:00,2023-09-29 02:00:00+00:00,2023-09-28 22:00:00-04:00,119,65.0,65.06991687321246,boost_5y_absolute,True
2023-09-24 04:00:00+00:00,2023-09-29 03:00:00+00:00,2023-09-28 23:00:00-04:00,120,65.0,64.32498130231647,boost_5y_absolute,True
2023-09-24 04:00:00+00:00,2023-09-29 04:00:00+00:00,2023-09-29 00:00:00-04:00,121,65.0,63.49595988020797,boost_5y_absolute,True
2023-09-24 04:00:00+00:00,2023-09-29 05:00:00+00:00,2023-09-29 01:00:00-04:00,122,65.0,62.5946135193144,boost_5y_absolute,True
2023-09-24 04:00:00+00:00,2023-09-29 06:00:00+00:00,2023-09-29 02:00:00-04:00,123,65.0,62.08718724744593,boost_5y_absolute,True
2023-09-24 04:00:00+00:00,2023-09-29 07:00:00+00:00,2023-09-29 03:00:00-04:00,124,64.0,61.543917448082546,boost_5y_absolute,True
2023-09-24 04:00:00+00:00,2023-09-29 08:00:00+00:00,2023-09-29 04:00:00-04:00,125,64.0,61.269386056871575,boost_5y_absolute,True
2023-09-24 04:00:00+00:00,2023-09-29 09:00:00+00:00,2023-09-29 05:00:00-04:00,126,64.0,60.525777047054234,boost_5y_absolute,True
2023-09-24 04:00:00+00:00,2023-09-29 10:00:00+00:00,2023-09-29 06:00:00-04:00,127,64.0,60.20247881263978,boost_5y_absolute,True
2023-09-24 04:00:00+00:00,2023-09-29 11:00:00+00:00,2023-09-29 07:00:00-04:00,128,64.0,61.18780440885276,boost_5y_absolute,True
2023-09-24 04:00:00+00:00,2023-09-29 12:00:00+00:00,2023-09-29 08:00:00-04:00,129,64.0,64.41376947946006,boost_5y_absolute,True
2023-09-24 04:00:00+00:00,2023-09-29 13:00:00+00:00,2023-09-29 09:00:00-04:00,130,66.0,68.00908931923775,boost_5y_absolute,True
2023-09-24 04:00:00+00:00,2023-09-29 14:00:00+00:00,2023-09-29 10:00:00-04:00,131,67.0,71.49993688635516,boost_5y_absolute,True
2023-09-24 04:00:00+00:00,2023-09-29 15:00:00+00:00,2023-09-29 11:00:00-04:00,132,68.0,74.00755004096673,boost_5y_absolute,True
2023-09-24 04:00:00+00:00,2023-09-29 16:00:00+00:00,2023-09-29 12:00:00-04:00,133,70.0,75.76057034010913,boost_5y_absolute,True
2023-09-24 04:00:00+00:00,2023-09-29 17:00:00+00:00,2023-09-29 13:00:00-04:00,134,71.0,77.10865242340321,boost_5y_absolute,True
2023-09-24 04:00:00+00:00,2023-09-29 18:00:00+00:00,2023-09-29 14:00:00-04:00,135,71.0,78.05667023683513,boost_5y_absolute,True
2023-09-24 04:00:00+00:00,2023-09-29 19:00:00+00:00,2023-09-29 15:00:00-04:00,136,73.0,77.79630600657391,boost_5y_absolute,True
2023-09-24 04:00:00+00:00,2023-09-29 20:00:00+00:00,2023-09-29 16:00:00-04:00,137,73.0,77.19951630656851,boost_5y_absolute,True
2023-09-24 04:00:00+00:00,2023-09-29 21:00:00+00:00,2023-09-29 17:00:00-04:00,138,74.0,75.68265249372352,boost_5y_absolute,True
2023-09-24 04:00:00+00:00,2023-09-29 22:00:00+00:00,2023-09-29 18:00:00-04:00,139,70.0,72.21985425021283,boost_5y_absolute,True
2023-09-24 04:00:00+00:00,2023-09-29 23:00:00+00:00,2023-09-29 19:00:00-04:00,140,66.0,69.05255798781303,boost_5y_absolute,True
2023-09-24 04:00:00+00:00,2023-09-30 00:00:00+00:00,2023-09-29 20:00:00-04:00,141,64.0,67.17608128829342,boost_5y_absolute,True
2023-09-24 04:00:00+00:00,2023-09-30 01:00:00+00:00,2023-09-29 21:00:00-04:00,142,64.0,65.87766121174816,boost_5y_absolute,True
2023-09-24 04:00:00+00:00,2023-09-30 02:00:00+00:00,2023-09-29 22:00:00-04:00,143,63.0,65.31893062840722,boost_5y_absolute,True
2023-09-24 04:00:00+00:00,2023-09-30 03:00:00+00:00,2023-09-29 23:00:00-04:00,144,61.0,64.56716610413122,boost_5y_absolute,True
2023-09-24 04:00:00+00:00,2023-09-30 04:00:00+00:00,2023-09-30 00:00:00-04:00,145,60.0,63.51405720379261,boost_5y_absolute,True
2023-09-24 04:00:00+00:00,2023-09-30 05:00:00+00:00,2023-09-30 01:00:00-04:00,146,59.0,62.620265134779885,boost_5y_absolute,True
2023-09-24 04:00:00+00:00,2023-09-30 06:00:00+00:00,2023-09-30 02:00:00-04:00,147,59.0,62.09989097574268,boost_5y_absolute,True
2023-09-24 04:00:00+00:00,2023-09-30 07:00:00+00:00,2023-09-30 03:00:00-04:00,148,62.0,61.4967627814922,boost_5y_absolute,True
2023-09-24 04:00:00+00:00,2023-09-30 08:00:00+00:00,2023-09-30 04:00:00-04:00,149,63.0,61.2481791631947,boost_5y_absolute,True
2023-09-24 04:00:00+00:00,2023-09-30 09:00:00+00:00,2023-09-30 05:00:00-04:00,150,64.0,60.54672084633425,boost_5y_absolute,True
2023-09-24 04:00:00+00:00,2023-09-30 10:00:00+00:00,2023-09-30 06:00:00-04:00,151,64.0,60.20649011122659,boost_5y_absolute,True
2023-09-24 04:00:00+00:00,2023-09-30 11:00:00+00:00,2023-09-30 07:00:00-04:00,152,65.0,61.136579894497984,boost_5y_absolute,True
2023-09-24 04:00:00+00:00,2023-09-30 12:00:00+00:00,2023-09-30 08:00:00-04:00,153,66.0,64.44526920918518,boost_5y_absolute,True
2023-09-24 04:00:00+00:00,2023-09-30 13:00:00+00:00,2023-09-30 09:00:00-04:00,154,67.0,67.96561124527665,boost_5y_absolute,True
2023-09-24 04:00:00+00:00,2023-09-30 14:00:00+00:00,2023-09-30 10:00:00-04:00,155,69.0,71.4971247596945,boost_5y_absolute,True
2023-09-24 04:00:00+00:00,2023-09-30 15:00:00+00:00,2023-09-30 11:00:00-04:00,156,70.0,73.98427529139829,boost_5y_absolute,True
2023-09-24 04:00:00+00:00,2023-09-30 16:00:00+00:00,2023-09-30 12:00:00-04:00,157,73.0,75.79847161033868,boost_5y_absolute,True
2023-09-24 04:00:00+00:00,2023-09-30 17:00:00+00:00,2023-09-30 13:00:00-04:00,158,75.0,77.23244565588672,boost_5y_absolute,True
2023-09-24 04:00:00+00:00,2023-09-30 18:00:00+00:00,2023-09-30 14:00:00-04:00,159,76.0,78.15521433855578,boost_5y_absolute,True
2023-09-24 04:00:00+00:00,2023-09-30 19:00:00+00:00,2023-09-30 15:00:00-04:00,160,77.0,77.95976771490972,boost_5y_absolute,True
2023-09-24 04:00:00+00:00,2023-09-30 20:00:00+00:00,2023-09-30 16:00:00-04:00,161,75.0,77.49771104421635,boost_5y_absolute,True
2023-09-24 04:00:00+00:00,2023-09-30 21:00:00+00:00,2023-09-30 17:00:00-04:00,162,73.0,75.88046611903239,boost_5y_absolute,True
2023-09-24 04:00:00+00:00,2023-09-30 22:00:00+00:00,2023-09-30 18:00:00-04:00,163,69.0,72.35012610517583,boost_5y_absolute,True
2023-09-24 04:00:00+00:00,2023-09-30 23:00:00+00:00,2023-09-30 19:00:00-04:00,164,67.0,69.11605724873766,boost_5y_absolute,True
2023-09-24 04:00:00+00:00,2023-10-01 00:00:00+00:00,2023-09-30 20:00:00-04:00,165,64.0,67.28270649401183,boost_5y_absolute,True
2023-09-24 04:00:00+00:00,2023-10-01 01:00:00+00:00,2023-09-30 21:00:00-04:00,166,62.0,65.98079251722035,boost_5y_absolute,True
2023-09-24 04:00:00+00:00,2023-10-01 02:00:00+00:00,2023-09-30 22:00:00-04:00,167,61.0,65.40398858336333,boost_5y_absolute,True
2023-09-24 04:00:00+00:00,2023-10-01 03:00:00+00:00,2023-09-30 23:00:00-04:00,168,60.0,64.7354280518706,boost_5y_absolute,True
2023-09-24 04:00:00+00:00,2023-10-01 04:00:00+00:00,2023-10-01 00:00:00-04:00,169,58.0,63.53845731427437,boost_5y_absolute,True
2023-09-24 04:00:00+00:00,2023-10-01 05:00:00+00:00,2023-10-01 01:00:00-04:00,170,60.0,62.73568054402084,boost_5y_absolute,True
2023-09-24 04:00:00+00:00,2023-10-01 06:00:00+00:00,2023-10-01 02:00:00-04:00,171,58.0,62.27005502601196,boost_5y_absolute,True
2023-09-24 04:00:00+00:00,2023-10-01 07:00:00+00:00,2023-10-01 03:00:00-04:00,172,60.0,61.63749877674152,boost_5y_absolute,True
2023-09-24 04:00:00+00:00,2023-10-01 08:00:00+00:00,2023-10-01 04:00:00-04:00,173,61.0,61.45694531945873,boost_5y_absolute,True
2023-09-24 04:00:00+00:00,2023-10-01 09:00:00+00:00,2023-10-01 05:00:00-04:00,174,60.0,60.876175424068556,boost_5y_absolute,True
2023-09-24 04:00:00+00:00,2023-10-01 10:00:00+00:00,2023-10-01 06:00:00-04:00,175,60.0,60.48615905194226,boost_5y_absolute,True
2023-09-24 04:00:00+00:00,2023-10-01 11:00:00+00:00,2023-10-01 07:00:00-04:00,176,60.0,61.348762126622965,boost_5y_absolute,True
2023-09-24 04:00:00+00:00,2023-10-01 12:00:00+00:00,2023-10-01 08:00:00-04:00,177,66.0,64.54281442365424,boost_5y_absolute,True
2023-09-24 04:00:00+00:00,2023-10-01 13:00:00+00:00,2023-10-01 09:00:00-04:00,178,69.0,67.99823495458722,boost_5y_absolute,True
2023-09-24 04:00:00+00:00,2023-10-01 14:00:00+00:00,2023-10-01 10:00:00-04:00,179,73.0,71.48175631376485,boost_5y_absolute,True
2023-09-24 04:00:00+00:00,2023-10-01 15:00:00+00:00,2023-10-01 11:00:00-04:00,180,75.0,73.99954364038288,boost_5y_absolute,True
2023-09-24 04:00:00+00:00,2023-10-01 16:00:00+00:00,2023-10-01 12:00:00-04:00,181,78.0,75.75112516809043,boost_5y_absolute,True
2023-09-24 04:00:00+00:00,2023-10-01 17:00:00+00:00,2023-10-01 13:00:00-04:00,182,79.0,77.13393171083378,boost_5y_absolute,True
2023-09-24 04:00:00+00:00,2023-10-01 18:00:00+00:00,2023-10-01 14:00:00-04:00,183,81.0,77.96762799592375,boost_5y_absolute,True
2023-09-24 04:00:00+00:00,2023-10-01 19:00:00+00:00,2023-10-01 15:00:00-04:00,184,80.0,77.82106217283481,boost_5y_absolute,True
2023-09-24 04:00:00+00:00,2023-10-01 20:00:00+00:00,2023-10-01 16:00:00-04:00,185,79.0,77.29536876542336,boost_5y_absolute,True
2023-09-24 04:00:00+00:00,2023-10-01 21:00:00+00:00,2023-10-01 17:00:00-04:00,186,80.0,75.63972997512927,boost_5y_absolute,True
2023-09-24 04:00:00+00:00,2023-10-01 22:00:00+00:00,2023-10-01 18:00:00-04:00,187,74.0,72.1017376401733,boost_5y_absolute,True
2023-09-24 04:00:00+00:00,2023-10-01 23:00:00+00:00,2023-10-01 19:00:00-04:00,188,69.0,69.02702678214999,boost_5y_absolute,True
2023-09-24 04:00:00+00:00,2023-10-02 00:00:00+00:00,2023-10-01 20:00:00-04:00,189,66.0,67.29670983016277,boost_5y_absolute,True
2023-09-24 04:00:00+00:00,2023-10-02 01:00:00+00:00,2023-10-01 21:00:00-04:00,190,64.0,66.00069932963919,boost_5y_absolute,True
2023-09-24 04:00:00+00:00,2023-10-02 02:00:00+00:00,2023-10-01 22:00:00-04:00,191,63.0,65.40949539413427,boost_5y_absolute,True
2023-09-24 04:00:00+00:00,2023-10-02 03:00:00+00:00,2023-10-01 23:00:00-04:00,192,61.0,64.79504212509873,boost_5y_absolute,True
2023-09-24 04:00:00+00:00,2023-10-02 04:00:00+00:00,2023-10-02 00:00:00-04:00,193,61.0,63.93540166754066,boost_5y_absolute,True
2023-09-24 04:00:00+00:00,2023-10-02 05:00:00+00:00,2023-10-02 01:00:00-04:00,194,60.0,63.11531946488705,boost_5y_absolute,True
2023-09-24 04:00:00+00:00,2023-10-02 06:00:00+00:00,2023-10-02 02:00:00-04:00,195,60.0,62.66406128235654,boost_5y_absolute,True
2023-09-24 04:00:00+00:00,2023-10-02 07:00:00+00:00,2023-10-02 03:00:00-04:00,196,59.0,62.02164498680217,boost_5y_absolute,True
2023-09-24 04:00:00+00:00,2023-10-02 08:00:00+00:00,2023-10-02 04:00:00-04:00,197,61.0,61.728695864633615,boost_5y_absolute,True
2023-09-24 04:00:00+00:00,2023-10-02 09:00:00+00:00,2023-10-02 05:00:00-04:00,198,62.0,61.145605380224524,boost_5y_absolute,True
2023-09-24 04:00:00+00:00,2023-10-02 10:00:00+00:00,2023-10-02 06:00:00-04:00,199,60.0,60.68630955616109,boost_5y_absolute,True
2023-09-24 04:00:00+00:00,2023-10-02 11:00:00+00:00,2023-10-02 07:00:00-04:00,200,61.0,61.555822386437185,boost_5y_absolute,True
2023-09-24 04:00:00+00:00,2023-10-02 12:00:00+00:00,2023-10-02 08:00:00-04:00,201,66.0,64.74959021803046,boost_5y_absolute,True
2023-09-24 04:00:00+00:00,2023-10-02 13:00:00+00:00,2023-10-02 09:00:00-04:00,202,70.0,68.20868402039547,boost_5y_absolute,True
2023-09-24 04:00:00+00:00,2023-10-02 14:00:00+00:00,2023-10-02 10:00:00-04:00,203,75.0,71.57032061055017,boost_5y_absolute,True
2023-09-24 04:00:00+00:00,2023-10-02 15:00:00+00:00,2023-10-02 11:00:00-04:00,204,79.0,73.96416553784977,boost_5y_absolute,True
2023-09-24 04:00:00+00:00,2023-10-02 16:00:00+00:00,2023-10-02 12:00:00-04:00,205,81.0,75.74764870314222,boost_5y_absolute,True
2023-09-24 04:00:00+00:00,2023-10-02 17:00:00+00:00,2023-10-02 13:00:00-04:00,206,82.0,77.03906554038397,boost_5y_absolute,True
2023-09-24 04:00:00+00:00,2023-10-02 18:00:00+00:00,2023-10-02 14:00:00-04:00,207,83.0,78.08670393159285,boost_5y_absolute,True
2023-09-24 04:00:00+00:00,2023-10-02 19:00:00+00:00,2023-10-02 15:00:00-04:00,208,83.0,77.88766470898372,boost_5y_absolute,True
2023-09-24 04:00:00+00:00,2023-10-02 20:00:00+00:00,2023-10-02 16:00:00-04:00,209,83.0,77.33329501972536,boost_5y_absolute,True
2023-09-24 04:00:00+00:00,2023-10-02 21:00:00+00:00,2023-10-02 17:00:00-04:00,210,81.0,75.65787203316096,boost_5y_absolute,True
2023-09-24 04:00:00+00:00,2023-10-02 22:00:00+00:00,2023-10-02 18:00:00-04:00,211,76.0,72.0131112571542,boost_5y_absolute,True
2023-09-24 04:00:00+00:00,2023-10-02 23:00:00+00:00,2023-10-02 19:00:00-04:00,212,73.0,69.01340578236746,boost_5y_absolute,True
2023-09-24 04:00:00+00:00,2023-10-03 00:00:00+00:00,2023-10-02 20:00:00-04:00,213,71.0,67.33807845638889,boost_5y_absolute,True
2023-09-24 04:00:00+00:00,2023-10-03 01:00:00+00:00,2023-10-02 21:00:00-04:00,214,66.0,66.02984320351331,boost_5y_absolute,True
2023-09-24 04:00:00+00:00,2023-10-03 02:00:00+00:00,2023-10-02 22:00:00-04:00,215,66.0,65.46523650754848,boost_5y_absolute,True
2023-09-24 04:00:00+00:00,2023-10-03 03:00:00+00:00,2023-10-02 23:00:00-04:00,216,65.0,64.7707279337233,boost_5y_absolute,True
2023-09-24 04:00:00+00:00,2023-10-03 04:00:00+00:00,2023-10-03 00:00:00-04:00,217,64.0,63.92319380744936,boost_5y_absolute,True
2023-09-24 04:00:00+00:00,2023-10-03 05:00:00+00:00,2023-10-03 01:00:00-04:00,218,64.0,63.17311864338279,boost_5y_absolute,True
2023-09-24 04:00:00+00:00,2023-10-03 06:00:00+00:00,2023-10-03 02:00:00-04:00,219,62.0,62.66371996923653,boost_5y_absolute,True
2023-09-24 04:00:00+00:00,2023-10-03 07:00:00+00:00,2023-10-03 03:00:00-04:00,220,62.0,62.001890136854485,boost_5y_absolute,True
2023-09-24 04:00:00+00:00,2023-10-03 08:00:00+00:00,2023-10-03 04:00:00-04:00,221,60.0,61.73359098875141,boost_5y_absolute,True
2023-09-24 04:00:00+00:00,2023-10-03 09:00:00+00:00,2023-10-03 05:00:00-04:00,222,59.0,61.142377844905724,boost_5y_absolute,True
2023-09-24 04:00:00+00:00,2023-10-03 10:00:00+00:00,2023-10-03 06:00:00-04:00,223,59.0,60.668505868756256,boost_5y_absolute,True
2023-09-24 04:00:00+00:00,2023-10-03 11:00:00+00:00,2023-10-03 07:00:00-04:00,224,60.0,61.50740798542305,boost_5y_absolute,True
2023-09-24 04:00:00+00:00,2023-10-03 12:00:00+00:00,2023-10-03 08:00:00-04:00,225,67.0,64.55110132596195,boost_5y_absolute,True
2023-09-24 04:00:00+00:00,2023-10-03 13:00:00+00:00,2023-10-03 09:00:00-04:00,226,72.0,67.95460520353687,boost_5y_absolute,True
2023-09-24 04:00:00+00:00,2023-10-03 14:00:00+00:00,2023-10-03 10:00:00-04:00,227,76.0,71.30575192339863,boost_5y_absolute,True
2023-09-24 04:00:00+00:00,2023-10-03 15:00:00+00:00,2023-10-03 11:00:00-04:00,228,79.0,73.7261443702424,boost_5y_absolute,True
2023-09-24 04:00:00+00:00,2023-10-03 16:00:00+00:00,2023-10-03 12:00:00-04:00,229,80.0,75.5676912864309,boost_5y_absolute,True
2023-09-24 04:00:00+00:00,2023-10-03 17:00:00+00:00,2023-10-03 13:00:00-04:00,230,80.0,76.94922029951302,boost_5y_absolute,True
2023-09-24 04:00:00+00:00,2023-10-03 18:00:00+00:00,2023-10-03 14:00:00-04:00,231,82.0,77.77184666758107,boost_5y_absolute,True
2023-09-24 04:00:00+00:00,2023-10-03 19:00:00+00:00,2023-10-03 15:00:00-04:00,232,81.0,77.68084893404966,boost_5y_absolute,True
2023-09-24 04:00:00+00:00,2023-10-03 20:00:00+00:00,2023-10-03 16:00:00-04:00,233,82.0,77.1789192356318,boost_5y_absolute,True
2023-09-24 04:00:00+00:00,2023-10-03 21:00:00+00:00,2023-10-03 17:00:00-04:00,234,78.0,75.47622512481001,boost_5y_absolute,True
2023-09-24 04:00:00+00:00,2023-10-03 22:00:00+00:00,2023-10-03 18:00:00-04:00,235,77.0,71.75727688644814,boost_5y_absolute,True
2023-09-24 04:00:00+00:00,2023-10-03 23:00:00+00:00,2023-10-03 19:00:00-04:00,236,73.0,68.84393608906107,boost_5y_absolute,True
2023-09-24 04:00:00+00:00,2023-10-04 00:00:00+00:00,2023-10-03 20:00:00-04:00,237,70.0,67.15083599186354,boost_5y_absolute,True
2023-09-24 04:00:00+00:00,2023-10-04 01:00:00+00:00,2023-10-03 21:00:00-04:00,238,67.0,65.82396956015289,boost_5y_absolute,True
2023-09-24 04:00:00+00:00,2023-10-04 02:00:00+00:00,2023-10-03 22:00:00-04:00,239,68.0,65.26970781944068,boost_5y_absolute,True
2023-09-24 04:00:00+00:00,2023-10-04 03:00:00+00:00,2023-10-03 23:00:00-04:00,240,64.0,64.58900658649974,boost_5y_absolute,True
2023-09-24 04:00:00+00:00,2023-10-04 04:00:00+00:00,2023-10-04 00:00:00-04:00,241,64.0,63.76296254378763,boost_5y_absolute,True
2023-09-24 04:00:00+00:00,2023-10-04 05:00:00+00:00,2023-10-04 01:00:00-04:00,242,67.0,63.02265236356994,boost_5y_absolute,True
2023-09-24 04:00:00+00:00,2023-10-04 06:00:00+00:00,2023-10-04 02:00:00-04:00,243,63.0,62.580985701351274,boost_5y_absolute,True
2023-09-24 04:00:00+00:00,2023-10-04 07:00:00+00:00,2023-10-04 03:00:00-04:00,244,60.0,61.89723591601436,boost_5y_absolute,True
2023-09-24 04:00:00+00:00,2023-10-04 08:00:00+00:00,2023-10-04 04:00:00-04:00,245,61.0,61.597472071192016,boost_5y_absolute,True
2023-09-24 04:00:00+00:00,2023-10-04 09:00:00+00:00,2023-10-04 05:00:00-04:00,246,60.0,60.98624490529663,boost_5y_absolute,True
2023-09-24 04:00:00+00:00,2023-10-04 10:00:00+00:00,2023-10-04 06:00:00-04:00,247,59.0,60.56473339901757,boost_5y_absolute,True
2023-09-24 04:00:00+00:00,2023-10-04 11:00:00+00:00,2023-10-04 07:00:00-04:00,248,60.0,61.40842447895765,boost_5y_absolute,True
2023-09-24 04:00:00+00:00,2023-10-04 12:00:00+00:00,2023-10-04 08:00:00-04:00,249,65.0,64.44332144267851,boost_5y_absolute,True
2023-09-24 04:00:00+00:00,2023-10-04 13:00:00+00:00,2023-10-04 09:00:00-04:00,250,70.0,67.74777155610946,boost_5y_absolute,True
2023-09-24 04:00:00+00:00,2023-10-04 14:00:00+00:00,2023-10-04 10:00:00-04:00,251,75.0,71.13766957310133,boost_5y_absolute,True
2023-09-24 04:00:00+00:00,2023-10-04 15:00:00+00:00,2023-10-04 11:00:00-04:00,252,76.0,73.5133813966698,boost_5y_absolute,True
2023-09-24 04:00:00+00:00,2023-10-04 16:00:00+00:00,2023-10-04 12:00:00-04:00,253,77.0,75.3260906763754,boost_5y_absolute,True
2023-09-24 04:00:00+00:00,2023-10-04 17:00:00+00:00,2023-10-04 13:00:00-04:00,254,79.0,76.66590608385339,boost_5y_absolute,True
2023-09-24 04:00:00+00:00,2023-10-04 18:00:00+00:00,2023-10-04 14:00:00-04:00,255,80.0,77.41591238456039,boost_5y_absolute,True
2023-09-24 04:00:00+00:00,2023-10-04 19:00:00+00:00,2023-10-04 15:00:00-04:00,256,80.0,77.35751861377103,boost_5y_absolute,True
2023-09-24 04:00:00+00:00,2023-10-04 20:00:00+00:00,2023-10-04 16:00:00-04:00,257,79.0,76.73362508408636,boost_5y_absolute,True
2023-09-24 04:00:00+00:00,2023-10-04 21:00:00+00:00,2023-10-04 17:00:00-04:00,258,78.0,74.99011658774944,boost_5y_absolute,True
2023-09-24 04:00:00+00:00,2023-10-04 22:00:00+00:00,2023-10-04 18:00:00-04:00,259,74.0,71.26858895233507,boost_5y_absolute,True
2023-09-24 04:00:00+00:00,2023-10-04 23:00:00+00:00,2023-10-04 19:00:00-04:00,260,70.0,68.44245638607396,boost_5y_absolute,True
2023-09-24 04:00:00+00:00,2023-10-05 00:00:00+00:00,2023-10-04 20:00:00-04:00,261,64.0,66.90724977739826,boost_5y_absolute,True
2023-09-24 04:00:00+00:00,2023-10-05 01:00:00+00:00,2023-10-04 21:00:00-04:00,262,61.0,65.57860607602557,boost_5y_absolute,True
2023-09-24 04:00:00+00:00,2023-10-05 02:00:00+00:00,2023-10-04 22:00:00-04:00,263,62.0,65.06294707234312,boost_5y_absolute,True
2023-09-24 04:00:00+00:00,2023-10-05 03:00:00+00:00,2023-10-04 23:00:00-04:00,264,62.0,64.36555789154444,boost_5y_absolute,True
2023-09-24 04:00:00+00:00,2023-10-05 04:00:00+00:00,2023-10-05 00:00:00-04:00,265,60.0,63.59387204874333,boost_5y_absolute,True
2023-09-24 04:00:00+00:00,2023-10-05 05:00:00+00:00,2023-10-05 01:00:00-04:00,266,60.0,62.77371185178013,boost_5y_absolute,True
2023-09-24 04:00:00+00:00,2023-10-05 06:00:00+00:00,2023-10-05 02:00:00-04:00,267,61.0,62.380624719330854,boost_5y_absolute,True
2023-09-24 04:00:00+00:00,2023-10-05 07:00:00+00:00,2023-10-05 03:00:00-04:00,268,61.0,61.70935800635579,boost_5y_absolute,True
2023-09-24 04:00:00+00:00,2023-10-05 08:00:00+00:00,2023-10-05 04:00:00-04:00,269,58.0,61.39002178381229,boost_5y_absolute,True
2023-09-24 04:00:00+00:00,2023-10-05 09:00:00+00:00,2023-10-05 05:00:00-04:00,270,59.0,60.76641071003701,boost_5y_absolute,True
2023-09-24 04:00:00+00:00,2023-10-05 10:00:00+00:00,2023-10-05 06:00:00-04:00,271,58.0,60.4100003900635,boost_5y_absolute,True
2023-09-24 04:00:00+00:00,2023-10-05 11:00:00+00:00,2023-10-05 07:00:00-04:00,272,60.0,61.17467298341436,boost_5y_absolute,True
2023-09-24 04:00:00+00:00,2023-10-05 12:00:00+00:00,2023-10-05 08:00:00-04:00,273,66.0,64.12775443123496,boost_5y_absolute,True
2023-09-24 04:00:00+00:00,2023-10-05 13:00:00+00:00,2023-10-05 09:00:00-04:00,274,71.0,67.4502350018404,boost_5y_absolute,True
2023-09-24 04:00:00+00:00,2023-10-05 14:00:00+00:00,2023-10-05 10:00:00-04:00,275,75.0,70.94533831963625,boost_5y_absolute,True
2023-09-24 04:00:00+00:00,2023-10-05 15:00:00+00:00,2023-10-05 11:00:00-04:00,276,77.0,73.35169256392702,boost_5y_absolute,True
2023-09-24 04:00:00+00:00,2023-10-05 16:00:00+00:00,2023-10-05 12:00:00-04:00,277,77.0,75.12835352474183,boost_5y_absolute,True
2023-09-24 04:00:00+00:00,2023-10-05 17:00:00+00:00,2023-10-05 13:00:00-04:00,278,81.0,76.42463227710236,boost_5y_absolute,True
2023-09-24 04:00:00+00:00,2023-10-05 18:00:00+00:00,2023-10-05 14:00:00-04:00,279,80.0,77.15513552939467,boost_5y_absolute,True
2023-09-24 04:00:00+00:00,2023-10-05 19:00:00+00:00,2023-10-05 15:00:00-04:00,280,80.0,77.0751094886624,boost_5y_absolute,True
2023-09-24 04:00:00+00:00,2023-10-05 20:00:00+00:00,2023-10-05 16:00:00-04:00,281,81.0,76.47648835595707,boost_5y_absolute,True
2023-09-24 04:00:00+00:00,2023-10-05 21:00:00+00:00,2023-10-05 17:00:00-04:00,282,79.0,74.7449809069069,boost_5y_absolute,True
2023-09-24 04:00:00+00:00,2023-10-05 22:00:00+00:00,2023-10-05 18:00:00-04:00,283,77.0,70.98796071124924,boost_5y_absolute,True
2023-09-24 04:00:00+00:00,2023-10-05 23:00:00+00:00,2023-10-05 19:00:00-04:00,284,71.0,68.24236441029171,boost_5y_absolute,True
2023-09-24 04:00:00+00:00,2023-10-06 00:00:00+00:00,2023-10-05 20:00:00-04:00,285,68.0,66.86615485643662,boost_5y_absolute,True
2023-09-24 04:00:00+00:00,2023-10-06 01:00:00+00:00,2023-10-05 21:00:00-04:00,286,67.0,65.56172166588776,boost_5y_absolute,True
2023-09-24 04:00:00+00:00,2023-10-06 02:00:00+00:00,2023-10-05 22:00:00-04:00,287,68.0,64.95038754202872,boost_5y_absolute,True
2023-09-24 04:00:00+00:00,2023-10-06 03:00:00+00:00,2023-10-05 23:00:00-04:00,288,67.0,64.23252647471564,boost_5y_absolute,True
2023-09-24 04:00:00+00:00,2023-10-06 04:00:00+00:00,2023-10-06 00:00:00-04:00,289,67.0,63.47341120228976,boost_5y_absolute,True
2023-09-24 04:00:00+00:00,2023-10-06 05:00:00+00:00,2023-10-06 01:00:00-04:00,290,66.0,62.75699150415869,boost_5y_absolute,True
2023-09-24 04:00:00+00:00,2023-10-06 06:00:00+00:00,2023-10-06 02:00:00-04:00,291,64.0,62.32087792377696,boost_5y_absolute,True
2023-09-24 04:00:00+00:00,2023-10-06 07:00:00+00:00,2023-10-06 03:00:00-04:00,292,65.0,61.708970530251975,boost_5y_absolute,True
2023-09-24 04:00:00+00:00,2023-10-06 08:00:00+00:00,2023-10-06 04:00:00-04:00,293,64.0,61.375075175185444,boost_5y_absolute,True
2023-09-24 04:00:00+00:00,2023-10-06 09:00:00+00:00,2023-10-06 05:00:00-04:00,294,65.0,60.852657061138274,boost_5y_absolute,True
2023-09-24 04:00:00+00:00,2023-10-06 10:00:00+00:00,2023-10-06 06:00:00-04:00,295,64.0,60.534137629762355,boost_5y_absolute,True
2023-09-24 04:00:00+00:00,2023-10-06 11:00:00+00:00,2023-10-06 07:00:00-04:00,296,65.0,61.18926004505226,boost_5y_absolute,True
2023-09-24 04:00:00+00:00,2023-10-06 12:00:00+00:00,2023-10-06 08:00:00-04:00,297,67.0,64.07261695269605,boost_5y_absolute,True
2023-09-24 04:00:00+00:00,2023-10-06 13:00:00+00:00,2023-10-06 09:00:00-04:00,298,69.0,67.30656809938765,boost_5y_absolute,True
2023-09-24 04:00:00+00:00,2023-10-06 14:00:00+00:00,2023-10-06 10:00:00-04:00,299,71.0,70.67719378537646,boost_5y_absolute,True
2023-09-24 04:00:00+00:00,2023-10-06 15:00:00+00:00,2023-10-06 11:00:00-04:00,300,76.0,72.95105519356791,boost_5y_absolute,True
2023-09-24 04:00:00+00:00,2023-10-06 16:00:00+00:00,2023-10-06 12:00:00-04:00,301,78.0,74.64700902626097,boost_5y_absolute,True
2023-09-24 04:00:00+00:00,2023-10-06 17:00:00+00:00,2023-10-06 13:00:00-04:00,302,79.0,75.95378928619571,boost_5y_absolute,True
2023-09-24 04:00:00+00:00,2023-10-06 18:00:00+00:00,2023-10-06 14:00:00-04:00,303,79.0,76.68605539103588,boost_5y_absolute,True
2023-09-24 04:00:00+00:00,2023-10-06 19:00:00+00:00,2023-10-06 15:00:00-04:00,304,79.0,76.59240962598432,boost_5y_absolute,True
2023-09-24 04:00:00+00:00,2023-10-06 20:00:00+00:00,2023-10-06 16:00:00-04:00,305,78.0,76.08633010212533,boost_5y_absolute,True
2023-09-24 04:00:00+00:00,2023-10-06 21:00:00+00:00,2023-10-06 17:00:00-04:00,306,76.0,74.36425802097166,boost_5y_absolute,True
2023-09-24 04:00:00+00:00,2023-10-06 22:00:00+00:00,2023-10-06 18:00:00-04:00,307,74.0,70.61041761634408,boost_5y_absolute,True
2023-09-24 04:00:00+00:00,2023-10-06 23:00:00+00:00,2023-10-06 19:00:00-04:00,308,72.0,67.8735312048607,boost_5y_absolute,True
2023-09-24 04:00:00+00:00,2023-10-07 00:00:00+00:00,2023-10-06 20:00:00-04:00,309,72.0,66.5548716836551,boost_5y_absolute,True
2023-09-24 04:00:00+00:00,2023-10-07 01:00:00+00:00,2023-10-06 21:00:00-04:00,310,69.0,65.27592227391926,boost_5y_absolute,True
2023-09-24 04:00:00+00:00,2023-10-07 02:00:00+00:00,2023-10-06 22:00:00-04:00,311,67.0,64.6637486148462,boost_5y_absolute,True
2023-09-24 04:00:00+00:00,2023-10-07 03:00:00+00:00,2023-10-06 23:00:00-04:00,312,66.0,64.03560832186335,boost_5y_absolute,True
2023-09-24 04:00:00+00:00,2023-10-07 04:00:00+00:00,2023-10-07 00:00:00-04:00,313,66.0,63.21182560208134,boost_5y_absolute,True
2023-09-24 04:00:00+00:00,2023-10-07 05:00:00+00:00,2023-10-07 01:00:00-04:00,314,65.0,62.58515154869854,boost_5y_absolute,True
2023-09-24 04:00:00+00:00,2023-10-07 06:00:00+00:00,2023-10-07 02:00:00-04:00,315,64.0,62.14172170801278,boost_5y_absolute,True
2023-09-24 04:00:00+00:00,2023-10-07 07:00:00+00:00,2023-10-07 03:00:00-04:00,316,63.0,61.47564747247128,boost_5y_absolute,True
2023-09-24 04:00:00+00:00,2023-10-07 08:00:00+00:00,2023-10-07 04:00:00-04:00,317,64.0,61.141491761206005,boost_5y_absolute,True
2023-09-24 04:00:00+00:00,2023-10-07 09:00:00+00:00,2023-10-07 05:00:00-04:00,318,65.0,60.63267855683275,boost_5y_absolute,True
2023-09-24 04:00:00+00:00,2023-10-07 10:00:00+00:00,2023-10-07 06:00:00-04:00,319,65.0,60.32968246605096,boost_5y_absolute,True
2023-09-24 04:00:00+00:00,2023-10-07 11:00:00+00:00,2023-10-07 07:00:00-04:00,320,66.0,60.8229368841407,boost_5y_absolute,True
2023-09-24 04:00:00+00:00,2023-10-07 12:00:00+00:00,2023-10-07 08:00:00-04:00,321,63.0,63.65495204185385,boost_5y_absolute,True
2023-09-24 04:00:00+00:00,2023-10-07 13:00:00+00:00,2023-10-07 09:00:00-04:00,322,63.0,66.81917128220059,boost_5y_absolute,True
2023-09-24 04:00:00+00:00,2023-10-07 14:00:00+00:00,2023-10-07 10:00:00-04:00,323,64.0,70.15590792794352,boost_5y_absolute,True
2023-09-24 04:00:00+00:00,2023-10-07 15:00:00+00:00,2023-10-07 11:00:00-04:00,324,69.0,72.43140347766509,boost_5y_absolute,True
2023-09-24 04:00:00+00:00,2023-10-07 16:00:00+00:00,2023-10-07 12:00:00-04:00,325,73.0,74.11289539006611,boost_5y_absolute,True
2023-09-24 04:00:00+00:00,2023-10-07 17:00:00+00:00,2023-10-07 13:00:00-04:00,326,74.0,75.45397430610981,boost_5y_absolute,True
2023-09-24 04:00:00+00:00,2023-10-07 18:00:00+00:00,2023-10-07 14:00:00-04:00,327,73.0,76.28201844760602,boost_5y_absolute,True
2023-09-24 04:00:00+00:00,2023-10-07 19:00:00+00:00,2023-10-07 15:00:00-04:00,328,71.0,76.24163978996651,boost_5y_absolute,True
2023-09-24 04:00:00+00:00,2023-10-07 20:00:00+00:00,2023-10-07 16:00:00-04:00,329,70.0,75.77524117398208,boost_5y_absolute,True
2023-09-24 04:00:00+00:00,2023-10-07 21:00:00+00:00,2023-10-07 17:00:00-04:00,330,69.0,74.05360591299399,boost_5y_absolute,True
2023-09-24 04:00:00+00:00,2023-10-07 22:00:00+00:00,2023-10-07 18:00:00-04:00,331,66.0,70.10005359350399,boost_5y_absolute,True
2023-09-24 04:00:00+00:00,2023-10-07 23:00:00+00:00,2023-10-07 19:00:00-04:00,332,64.0,67.34022417662254,boost_5y_absolute,True
2023-09-24 04:00:00+00:00,2023-10-08 00:00:00+00:00,2023-10-07 20:00:00-04:00,333,61.0,65.92763734022856,boost_5y_absolute,True
2023-09-24 04:00:00+00:00,2023-10-08 01:00:00+00:00,2023-10-07 21:00:00-04:00,334,59.0,64.5657301077812,boost_5y_absolute,True
2023-09-24 04:00:00+00:00,2023-10-08 02:00:00+00:00,2023-10-07 22:00:00-04:00,335,56.0,63.90001807589786,boost_5y_absolute,True
2023-09-24 04:00:00+00:00,2023-10-08 03:00:00+00:00,2023-10-07 23:00:00-04:00,336,55.0,63.20833228274343,boost_5y_absolute,True
2023-10-01 04:00:00+00:00,2023-10-01 04:00:00+00:00,2023-10-01 00:00:00-04:00,1,58.0,58.31146288601261,boost_5y_absolute,True
2023-10-01 04:00:00+00:00,2023-10-01 05:00:00+00:00,2023-10-01 01:00:00-04:00,2,60.0,57.616142278485476,boost_5y_absolute,True
2023-10-01 04:00:00+00:00,2023-10-01 06:00:00+00:00,2023-10-01 02:00:00-04:00,3,58.0,58.240103469418585,boost_5y_absolute,True
2023-10-01 04:00:00+00:00,2023-10-01 07:00:00+00:00,2023-10-01 03:00:00-04:00,4,60.0,58.27886337309121,boost_5y_absolute,True
2023-10-01 04:00:00+00:00,2023-10-01 08:00:00+00:00,2023-10-01 04:00:00-04:00,5,61.0,58.62893673103775,boost_5y_absolute,True
2023-10-01 04:00:00+00:00,2023-10-01 09:00:00+00:00,2023-10-01 05:00:00-04:00,6,60.0,58.451295744539,boost_5y_absolute,True
2023-10-01 04:00:00+00:00,2023-10-01 10:00:00+00:00,2023-10-01 06:00:00-04:00,7,60.0,58.29473291148691,boost_5y_absolute,True
2023-10-01 04:00:00+00:00,2023-10-01 11:00:00+00:00,2023-10-01 07:00:00-04:00,8,60.0,59.18968898241778,boost_5y_absolute,True
2023-10-01 04:00:00+00:00,2023-10-01 12:00:00+00:00,2023-10-01 08:00:00-04:00,9,66.0,61.04059522611823,boost_5y_absolute,True
2023-10-01 04:00:00+00:00,2023-10-01 13:00:00+00:00,2023-10-01 09:00:00-04:00,10,69.0,64.70751784906037,boost_5y_absolute,True
2023-10-01 04:00:00+00:00,2023-10-01 14:00:00+00:00,2023-10-01 10:00:00-04:00,11,73.0,69.1175539196695,boost_5y_absolute,True
2023-10-01 04:00:00+00:00,2023-10-01 15:00:00+00:00,2023-10-01 11:00:00-04:00,12,75.0,72.13872379129727,boost_5y_absolute,True
2023-10-01 04:00:00+00:00,2023-10-01 16:00:00+00:00,2023-10-01 12:00:00-04:00,13,78.0,73.85906246843531,boost_5y_absolute,True
2023-10-01 04:00:00+00:00,2023-10-01 17:00:00+00:00,2023-10-01 13:00:00-04:00,14,79.0,76.17014848068305,boost_5y_absolute,True
2023-10-01 04:00:00+00:00,2023-10-01 18:00:00+00:00,2023-10-01 14:00:00-04:00,15,81.0,77.16278823282649,boost_5y_absolute,True
2023-10-01 04:00:00+00:00,2023-10-01 19:00:00+00:00,2023-10-01 15:00:00-04:00,16,80.0,77.13448307398991,boost_5y_absolute,True
2023-10-01 04:00:00+00:00,2023-10-01 20:00:00+00:00,2023-10-01 16:00:00-04:00,17,79.0,76.47821760694578,boost_5y_absolute,True
2023-10-01 04:00:00+00:00,2023-10-01 21:00:00+00:00,2023-10-01 17:00:00-04:00,18,80.0,74.01500330249863,boost_5y_absolute,True
2023-10-01 04:00:00+00:00,2023-10-01 22:00:00+00:00,2023-10-01 18:00:00-04:00,19,74.0,70.13913438885865,boost_5y_absolute,True
2023-10-01 04:00:00+00:00,2023-10-01 23:00:00+00:00,2023-10-01 19:00:00-04:00,20,69.0,66.93948187007985,boost_5y_absolute,True
2023-10-01 04:00:00+00:00,2023-10-02 00:00:00+00:00,2023-10-01 20:00:00-04:00,21,66.0,65.20966899428413,boost_5y_absolute,True
2023-10-01 04:00:00+00:00,2023-10-02 01:00:00+00:00,2023-10-01 21:00:00-04:00,22,64.0,63.833736640962286,boost_5y_absolute,True
2023-10-01 04:00:00+00:00,2023-10-02 02:00:00+00:00,2023-10-01 22:00:00-04:00,23,63.0,63.10036906572983,boost_5y_absolute,True
2023-10-01 04:00:00+00:00,2023-10-02 03:00:00+00:00,2023-10-01 23:00:00-04:00,24,61.0,62.3878311067894,boost_5y_absolute,True
2023-10-01 04:00:00+00:00,2023-10-02 04:00:00+00:00,2023-10-02 00:00:00-04:00,25,61.0,63.66731645282728,boost_5y_absolute,True
2023-10-01 04:00:00+00:00,2023-10-02 05:00:00+00:00,2023-10-02 01:00:00-04:00,26,60.0,62.885679177430454,boost_5y_absolute,True
2023-10-01 04:00:00+00:00,2023-10-02 06:00:00+00:00,2023-10-02 02:00:00-04:00,27,60.0,62.425922572715585,boost_5y_absolute,True
2023-10-01 04:00:00+00:00,2023-10-02 07:00:00+00:00,2023-10-02 03:00:00-04:00,28,59.0,62.730619070823494,boost_5y_absolute,True
2023-10-01 04:00:00+00:00,2023-10-02 08:00:00+00:00,2023-10-02 04:00:00-04:00,29,61.0,62.749605565854246,boost_5y_absolute,True
2023-10-01 04:00:00+00:00,2023-10-02 09:00:00+00:00,2023-10-02 05:00:00-04:00,30,62.0,62.26530742126694,boost_5y_absolute,True
2023-10-01 04:00:00+00:00,2023-10-02 10:00:00+00:00,2023-10-02 06:00:00-04:00,31,60.0,61.93727221650174,boost_5y_absolute,True
2023-10-01 04:00:00+00:00,2023-10-02 11:00:00+00:00,2023-10-02 07:00:00-04:00,32,61.0,62.73055982312415,boost_5y_absolute,True
2023-10-01 04:00:00+00:00,2023-10-02 12:00:00+00:00,2023-10-02 08:00:00-04:00,33,66.0,64.65945058202796,boost_5y_absolute,True
2023-10-01 04:00:00+00:00,2023-10-02 13:00:00+00:00,2023-10-02 09:00:00-04:00,34,70.0,68.37106802900067,boost_5y_absolute,True
2023-10-01 04:00:00+00:00,2023-10-02 14:00:00+00:00,2023-10-02 10:00:00-04:00,35,75.0,71.80897114321313,boost_5y_absolute,True
2023-10-01 04:00:00+00:00,2023-10-02 15:00:00+00:00,2023-10-02 11:00:00-04:00,36,79.0,74.67630112212322,boost_5y_absolute,True
2023-10-01 04:00:00+00:00,2023-10-02 16:00:00+00:00,2023-10-02 12:00:00-04:00,37,81.0,76.54141903543947,boost_5y_absolute,True
2023-10-01 04:00:00+00:00,2023-10-02 17:00:00+00:00,2023-10-02 13:00:00-04:00,38,82.0,78.07931736885084,boost_5y_absolute,True
2023-10-01 04:00:00+00:00,2023-10-02 18:00:00+00:00,2023-10-02 14:00:00-04:00,39,83.0,79.50640610677145,boost_5y_absolute,True
2023-10-01 04:00:00+00:00,2023-10-02 19:00:00+00:00,2023-10-02 15:00:00-04:00,40,83.0,79.30003442161639,boost_5y_absolute,True
2023-10-01 04:00:00+00:00,2023-10-02 20:00:00+00:00,2023-10-02 16:00:00-04:00,41,83.0,78.46347497233302,boost_5y_absolute,True
2023-10-01 04:00:00+00:00,2023-10-02 21:00:00+00:00,2023-10-02 17:00:00-04:00,42,81.0,76.22754413954988,boost_5y_absolute,True
2023-10-01 04:00:00+00:00,2023-10-02 22:00:00+00:00,2023-10-02 18:00:00-04:00,43,76.0,72.31025570920778,boost_5y_absolute,True
2023-10-01 04:00:00+00:00,2023-10-02 23:00:00+00:00,2023-10-02 19:00:00-04:00,44,73.0,69.40977457977505,boost_5y_absolute,True
2023-10-01 04:00:00+00:00,2023-10-03 00:00:00+00:00,2023-10-02 20:00:00-04:00,45,71.0,67.83244441949229,boost_5y_absolute,True
2023-10-01 04:00:00+00:00,2023-10-03 01:00:00+00:00,2023-10-02 21:00:00-04:00,46,66.0,66.34851908956014,boost_5y_absolute,True
2023-10-01 04:00:00+00:00,2023-10-03 02:00:00+00:00,2023-10-02 22:00:00-04:00,47,66.0,65.78333788566222,boost_5y_absolute,True
2023-10-01 04:00:00+00:00,2023-10-03 03:00:00+00:00,2023-10-02 23:00:00-04:00,48,65.0,64.98294168338383,boost_5y_absolute,True
2023-10-01 04:00:00+00:00,2023-10-03 04:00:00+00:00,2023-10-03 00:00:00-04:00,49,64.0,64.60897767508635,boost_5y_absolute,True
2023-10-01 04:00:00+00:00,2023-10-03 05:00:00+00:00,2023-10-03 01:00:00-04:00,50,64.0,63.89521688048283,boost_5y_absolute,True
2023-10-01 04:00:00+00:00,2023-10-03 06:00:00+00:00,2023-10-03 02:00:00-04:00,51,62.0,63.394317458090235,boost_5y_absolute,True
2023-10-01 04:00:00+00:00,2023-10-03 07:00:00+00:00,2023-10-03 03:00:00-04:00,52,62.0,63.18697910407801,boost_5y_absolute,True
2023-10-01 04:00:00+00:00,2023-10-03 08:00:00+00:00,2023-10-03 04:00:00-04:00,53,60.0,63.09518010152849,boost_5y_absolute,True
2023-10-01 04:00:00+00:00,2023-10-03 09:00:00+00:00,2023-10-03 05:00:00-04:00,54,59.0,62.515131120303074,boost_5y_absolute,True
2023-10-01 04:00:00+00:00,2023-10-03 10:00:00+00:00,2023-10-03 06:00:00-04:00,55,59.0,62.13080873660084,boost_5y_absolute,True
2023-10-01 04:00:00+00:00,2023-10-03 11:00:00+00:00,2023-10-03 07:00:00-04:00,56,60.0,63.08119991950866,boost_5y_absolute,True
2023-10-01 04:00:00+00:00,2023-10-03 12:00:00+00:00,2023-10-03 08:00:00-04:00,57,67.0,65.77034055147857,boost_5y_absolute,True
2023-10-01 04:00:00+00:00,2023-10-03 13:00:00+00:00,2023-10-03 09:00:00-04:00,58,72.0,69.16785398173079,boost_5y_absolute,True
2023-10-01 04:00:00+00:00,2023-10-03 14:00:00+00:00,2023-10-03 10:00:00-04:00,59,76.0,72.43405440566828,boost_5y_absolute,True
2023-10-01 04:00:00+00:00,2023-10-03 15:00:00+00:00,2023-10-03 11:00:00-04:00,60,79.0,74.8951107876852,boost_5y_absolute,True
2023-10-01 04:00:00+00:00,2023-10-03 16:00:00+00:00,2023-10-03 12:00:00-04:00,61,80.0,76.61263501737936,boost_5y_absolute,True
2023-10-01 04:00:00+00:00,2023-10-03 17:00:00+00:00,2023-10-03 13:00:00-04:00,62,80.0,78.08441457931043,boost_5y_absolute,True
2023-10-01 04:00:00+00:00,2023-10-03 18:00:00+00:00,2023-10-03 14:00:00-04:00,63,82.0,79.19606165338304,boost_5y_absolute,True
2023-10-01 04:00:00+00:00,2023-10-03 19:00:00+00:00,2023-10-03 15:00:00-04:00,64,81.0,79.14866803043233,boost_5y_absolute,True
2023-10-01 04:00:00+00:00,2023-10-03 20:00:00+00:00,2023-10-03 16:00:00-04:00,65,82.0,78.25233081872119,boost_5y_absolute,True
2023-10-01 04:00:00+00:00,2023-10-03 21:00:00+00:00,2023-10-03 17:00:00-04:00,66,78.0,76.44938285153653,boost_5y_absolute,True
2023-10-01 04:00:00+00:00,2023-10-03 22:00:00+00:00,2023-10-03 18:00:00-04:00,67,77.0,72.7385809071764,boost_5y_absolute,True
2023-10-01 04:00:00+00:00,2023-10-03 23:00:00+00:00,2023-10-03 19:00:00-04:00,68,73.0,70.0224958422266,boost_5y_absolute,True
2023-10-01 04:00:00+00:00,2023-10-04 00:00:00+00:00,2023-10-03 20:00:00-04:00,69,70.0,68.41988695867748,boost_5y_absolute,True
2023-10-01 04:00:00+00:00,2023-10-04 01:00:00+00:00,2023-10-03 21:00:00-04:00,70,67.0,66.93477467823467,boost_5y_absolute,True
2023-10-01 04:00:00+00:00,2023-10-04 02:00:00+00:00,2023-10-03 22:00:00-04:00,71,68.0,66.36059410445648,boost_5y_absolute,True
2023-10-01 04:00:00+00:00,2023-10-04 03:00:00+00:00,2023-10-03 23:00:00-04:00,72,64.0,65.56511830675068,boost_5y_absolute,True
2023-10-01 04:00:00+00:00,2023-10-04 04:00:00+00:00,2023-10-04 00:00:00-04:00,73,64.0,64.86877808855559,boost_5y_absolute,True
2023-10-01 04:00:00+00:00,2023-10-04 05:00:00+00:00,2023-10-04 01:00:00-04:00,74,67.0,64.20772347916643,boost_5y_absolute,True
2023-10-01 04:00:00+00:00,2023-10-04 06:00:00+00:00,2023-10-04 02:00:00-04:00,75,63.0,63.961811813753044,boost_5y_absolute,True
2023-10-01 04:00:00+00:00,2023-10-04 07:00:00+00:00,2023-10-04 03:00:00-04:00,76,60.0,63.53521042052197,boost_5y_absolute,True
2023-10-01 04:00:00+00:00,2023-10-04 08:00:00+00:00,2023-10-04 04:00:00-04:00,77,61.0,63.17731795713549,boost_5y_absolute,True
2023-10-01 04:00:00+00:00,2023-10-04 09:00:00+00:00,2023-10-04 05:00:00-04:00,78,60.0,62.662942310695755,boost_5y_absolute,True
2023-10-01 04:00:00+00:00,2023-10-04 10:00:00+00:00,2023-10-04 06:00:00-04:00,79,59.0,62.272270418343275,boost_5y_absolute,True
2023-10-01 04:00:00+00:00,2023-10-04 11:00:00+00:00,2023-10-04 07:00:00-04:00,80,60.0,62.93862854800745,boost_5y_absolute,True
2023-10-01 04:00:00+00:00,2023-10-04 12:00:00+00:00,2023-10-04 08:00:00-04:00,81,65.0,65.43544333576081,boost_5y_absolute,True
2023-10-01 04:00:00+00:00,2023-10-04 13:00:00+00:00,2023-10-04 09:00:00-04:00,82,70.0,68.63943795515509,boost_5y_absolute,True
2023-10-01 04:00:00+00:00,2023-10-04 14:00:00+00:00,2023-10-04 10:00:00-04:00,83,75.0,71.98827340484507,boost_5y_absolute,True
2023-10-01 04:00:00+00:00,2023-10-04 15:00:00+00:00,2023-10-04 11:00:00-04:00,84,76.0,74.39525887162468,boost_5y_absolute,True
2023-10-01 04:00:00+00:00,2023-10-04 16:00:00+00:00,2023-10-04 12:00:00-04:00,85,77.0,76.0646598105546,boost_5y_absolute,True
2023-10-01 04:00:00+00:00,2023-10-04 17:00:00+00:00,2023-10-04 13:00:00-04:00,86,79.0,77.4666213433081,boost_5y_absolute,True
2023-10-01 04:00:00+00:00,2023-10-04 18:00:00+00:00,2023-10-04 14:00:00-04:00,87,80.0,78.36384548025882,boost_5y_absolute,True
2023-10-01 04:00:00+00:00,2023-10-04 19:00:00+00:00,2023-10-04 15:00:00-04:00,88,80.0,78.35188947533275,boost_5y_absolute,True
2023-10-01 04:00:00+00:00,2023-10-04 20:00:00+00:00,2023-10-04 16:00:00-04:00,89,79.0,77.49984321465976,boost_5y_absolute,True
2023-10-01 04:00:00+00:00,2023-10-04 21:00:00+00:00,2023-10-04 17:00:00-04:00,90,78.0,75.68290540021896,boost_5y_absolute,True
2023-10-01 04:00:00+00:00,2023-10-04 22:00:00+00:00,2023-10-04 18:00:00-04:00,91,74.0,71.95029121017856,boost_5y_absolute,True
2023-10-01 04:00:00+00:00,2023-10-04 23:00:00+00:00,2023-10-04 19:00:00-04:00,92,70.0,69.24856610039089,boost_5y_absolute,True
2023-10-01 04:00:00+00:00,2023-10-05 00:00:00+00:00,2023-10-04 20:00:00-04:00,93,64.0,67.7181492630037,boost_5y_absolute,True
2023-10-01 04:00:00+00:00,2023-10-05 01:00:00+00:00,2023-10-04 21:00:00-04:00,94,61.0,66.37238146192932,boost_5y_absolute,True
2023-10-01 04:00:00+00:00,2023-10-05 02:00:00+00:00,2023-10-04 22:00:00-04:00,95,62.0,65.84209590481593,boost_5y_absolute,True
2023-10-01 04:00:00+00:00,2023-10-05 03:00:00+00:00,2023-10-04 23:00:00-04:00,96,62.0,65.08687619009336,boost_5y_absolute,True
2023-10-01 04:00:00+00:00,2023-10-05 04:00:00+00:00,2023-10-05 00:00:00-04:00,97,60.0,64.61915235880541,boost_5y_absolute,True
2023-10-01 04:00:00+00:00,2023-10-05 05:00:00+00:00,2023-10-05 01:00:00-04:00,98,60.0,63.861514593769996,boost_5y_absolute,True
2023-10-01 04:00:00+00:00,2023-10-05 06:00:00+00:00,2023-10-05 02:00:00-04:00,99,61.0,63.72398047973559,boost_5y_absolute,True
2023-10-01 04:00:00+00:00,2023-10-05 07:00:00+00:00,2023-10-05 03:00:00-04:00,100,61.0,63.08148712562804,boost_5y_absolute,True
2023-10-01 04:00:00+00:00,2023-10-05 08:00:00+00:00,2023-10-05 04:00:00-04:00,101,58.0,62.74910215911962,boost_5y_absolute,True
2023-10-01 04:00:00+00:00,2023-10-05 09:00:00+00:00,2023-10-05 05:00:00-04:00,102,59.0,62.1431458156072,boost_5y_absolute,True
2023-10-01 04:00:00+00:00,2023-10-05 10:00:00+00:00,2023-10-05 06:00:00-04:00,103,58.0,61.81460016228048,boost_5y_absolute,True
2023-10-01 04:00:00+00:00,2023-10-05 11:00:00+00:00,2023-10-05 07:00:00-04:00,104,60.0,62.47619743625217,boost_5y_absolute,True
2023-10-01 04:00:00+00:00,2023-10-05 12:00:00+00:00,2023-10-05 08:00:00-04:00,105,66.0,65.08652322670625,boost_5y_absolute,True
2023-10-01 04:00:00+00:00,2023-10-05 13:00:00+00:00,2023-10-05 09:00:00-04:00,106,71.0,68.31470538834898,boost_5y_absolute,True
2023-10-01 04:00:00+00:00,2023-10-05 14:00:00+00:00,2023-10-05 10:00:00-04:00,107,75.0,71.71836045841799,boost_5y_absolute,True
2023-10-01 04:00:00+00:00,2023-10-05 15:00:00+00:00,2023-10-05 11:00:00-04:00,108,77.0,74.13233131472124,boost_5y_absolute,True
2023-10-01 04:00:00+00:00,2023-10-05 16:00:00+00:00,2023-10-05 12:00:00-04:00,109,77.0,75.7962158520631,boost_5y_absolute,True
2023-10-01 04:00:00+00:00,2023-10-05 17:00:00+00:00,2023-10-05 13:00:00-04:00,110,81.0,77.14910661575415,boost_5y_absolute,True
2023-10-01 04:00:00+00:00,2023-10-05 18:00:00+00:00,2023-10-05 14:00:00-04:00,111,80.0,77.88500289873613,boost_5y_absolute,True
2023-10-01 04:00:00+00:00,2023-10-05 19:00:00+00:00,2023-10-05 15:00:00-04:00,112,80.0,77.87325918782115,boost_5y_absolute,True
2023-10-01 04:00:00+00:00,2023-10-05 20:00:00+00:00,2023-10-05 16:00:00-04:00,113,81.0,77.20653615288921,boost_5y_absolute,True
2023-10-01 04:00:00+00:00,2023-10-05 21:00:00+00:00,2023-10-05 17:00:00-04:00,114,79.0,75.47734486057288,boost_5y_absolute,True
2023-10-01 04:00:00+00:00,2023-10-05 22:00:00+00:00,2023-10-05 18:00:00-04:00,115,77.0,71.71191389079056,boost_5y_absolute,True
2023-10-01 04:00:00+00:00,2023-10-05 23:00:00+00:00,2023-10-05 19:00:00-04:00,116,71.0,69.08606868632243,boost_5y_absolute,True
2023-10-01 04:00:00+00:00,2023-10-06 00:00:00+00:00,2023-10-05 20:00:00-04:00,117,68.0,67.66161734170227,boost_5y_absolute,True
2023-10-01 04:00:00+00:00,2023-10-06 01:00:00+00:00,2023-10-05 21:00:00-04:00,118,67.0,66.32532445205509,boost_5y_absolute,True
2023-10-01 04:00:00+00:00,2023-10-06 02:00:00+00:00,2023-10-05 22:00:00-04:00,119,68.0,65.71440061101471,boost_5y_absolute,True
2023-10-01 04:00:00+00:00,2023-10-06 03:00:00+00:00,2023-10-05 23:00:00-04:00,120,67.0,64.99814852507471,boost_5y_absolute,True
2023-10-01 04:00:00+00:00,2023-10-06 04:00:00+00:00,2023-10-06 00:00:00-04:00,121,67.0,64.28474836012533,boost_5y_absolute,True
2023-10-01 04:00:00+00:00,2023-10-06 05:00:00+00:00,2023-10-06 01:00:00-04:00,122,66.0,63.67382077642524,boost_5y_absolute,True
2023-10-01 04:00:00+00:00,2023-10-06 06:00:00+00:00,2023-10-06 02:00:00-04:00,123,64.0,63.330583304886176,boost_5y_absolute,True
2023-10-01 04:00:00+00:00,2023-10-06 07:00:00+00:00,2023-10-06 03:00:00-04:00,124,65.0,62.75455446794129,boost_5y_absolute,True
2023-10-01 04:00:00+00:00,2023-10-06 08:00:00+00:00,2023-10-06 04:00:00-04:00,125,64.0,62.415230100391234,boost_5y_absolute,True
2023-10-01 04:00:00+00:00,2023-10-06 09:00:00+00:00,2023-10-06 05:00:00-04:00,126,65.0,61.92772098069993,boost_5y_absolute,True
2023-10-01 04:00:00+00:00,2023-10-06 10:00:00+00:00,2023-10-06 06:00:00-04:00,127,64.0,61.60860649734407,boost_5y_absolute,True
2023-10-01 04:00:00+00:00,2023-10-06 11:00:00+00:00,2023-10-06 07:00:00-04:00,128,65.0,62.17675413865566,boost_5y_absolute,True
2023-10-01 04:00:00+00:00,2023-10-06 12:00:00+00:00,2023-10-06 08:00:00-04:00,129,67.0,64.76656695929954,boost_5y_absolute,True
2023-10-01 04:00:00+00:00,2023-10-06 13:00:00+00:00,2023-10-06 09:00:00-04:00,130,69.0,67.88520498035372,boost_5y_absolute,True
2023-10-01 04:00:00+00:00,2023-10-06 14:00:00+00:00,2023-10-06 10:00:00-04:00,131,71.0,71.15936718751277,boost_5y_absolute,True
2023-10-01 04:00:00+00:00,2023-10-06 15:00:00+00:00,2023-10-06 11:00:00-04:00,132,76.0,73.43674644144954,boost_5y_absolute,True
2023-10-01 04:00:00+00:00,2023-10-06 16:00:00+00:00,2023-10-06 12:00:00-04:00,133,78.0,75.08204795465866,boost_5y_absolute,True
2023-10-01 04:00:00+00:00,2023-10-06 17:00:00+00:00,2023-10-06 13:00:00-04:00,134,79.0,76.4128185903914,boost_5y_absolute,True
2023-10-01 04:00:00+00:00,2023-10-06 18:00:00+00:00,2023-10-06 14:00:00-04:00,135,79.0,77.15535279158635,boost_5y_absolute,True
2023-10-01 04:00:00+00:00,2023-10-06 19:00:00+00:00,2023-10-06 15:00:00-04:00,136,79.0,77.10426766623033,boost_5y_absolute,True
2023-10-01 04:00:00+00:00,2023-10-06 20:00:00+00:00,2023-10-06 16:00:00-04:00,137,78.0,76.51371485041206,boost_5y_absolute,True
2023-10-01 04:00:00+00:00,2023-10-06 21:00:00+00:00,2023-10-06 17:00:00-04:00,138,76.0,74.80390930718139,boost_5y_absolute,True
2023-10-01 04:00:00+00:00,2023-10-06 22:00:00+00:00,2023-10-06 18:00:00-04:00,139,74.0,71.06265086505405,boost_5y_absolute,True
2023-10-01 04:00:00+00:00,2023-10-06 23:00:00+00:00,2023-10-06 19:00:00-04:00,140,72.0,68.40685894670179,boost_5y_absolute,True
2023-10-01 04:00:00+00:00,2023-10-07 00:00:00+00:00,2023-10-06 20:00:00-04:00,141,72.0,67.06115698165569,boost_5y_absolute,True
2023-10-01 04:00:00+00:00,2023-10-07 01:00:00+00:00,2023-10-06 21:00:00-04:00,142,69.0,65.7258557667529,boost_5y_absolute,True
2023-10-01 04:00:00+00:00,2023-10-07 02:00:00+00:00,2023-10-06 22:00:00-04:00,143,67.0,65.10563717643936,boost_5y_absolute,True
2023-10-01 04:00:00+00:00,2023-10-07 03:00:00+00:00,2023-10-06 23:00:00-04:00,144,66.0,64.46312754867498,boost_5y_absolute,True
2023-10-01 04:00:00+00:00,2023-10-07 04:00:00+00:00,2023-10-07 00:00:00-04:00,145,66.0,63.636776106845126,boost_5y_absolute,True
2023-10-01 04:00:00+00:00,2023-10-07 05:00:00+00:00,2023-10-07 01:00:00-04:00,146,65.0,63.1977566025675,boost_5y_absolute,True
2023-10-01 04:00:00+00:00,2023-10-07 06:00:00+00:00,2023-10-07 02:00:00-04:00,147,64.0,62.79294732295031,boost_5y_absolute,True
2023-10-01 04:00:00+00:00,2023-10-07 07:00:00+00:00,2023-10-07 03:00:00-04:00,148,63.0,62.15771888319452,boost_5y_absolute,True
2023-10-01 04:00:00+00:00,2023-10-07 08:00:00+00:00,2023-10-07 04:00:00-04:00,149,64.0,61.84850261489594,boost_5y_absolute,True
2023-10-01 04:00:00+00:00,2023-10-07 09:00:00+00:00,2023-10-07 05:00:00-04:00,150,65.0,61.35847274782227,boost_5y_absolute,True
2023-10-01 04:00:00+00:00,2023-10-07 10:00:00+00:00,2023-10-07 06:00:00-04:00,151,65.0,61.055965224195866,boost_5y_absolute,True
2023-10-01 04:00:00+00:00,2023-10-07 11:00:00+00:00,2023-10-07 07:00:00-04:00,152,66.0,61.53637063286495,boost_5y_absolute,True
2023-10-01 04:00:00+00:00,2023-10-07 12:00:00+00:00,2023-10-07 08:00:00-04:00,153,63.0,64.03228992740011,boost_5y_absolute,True
2023-10-01 04:00:00+00:00,2023-10-07 13:00:00+00:00,2023-10-07 09:00:00-04:00,154,63.0,66.98056715271089,boost_5y_absolute,True
2023-10-01 04:00:00+00:00,2023-10-07 14:00:00+00:00,2023-10-07 10:00:00-04:00,155,64.0,70.15953981543478,boost_5y_absolute,True
2023-10-01 04:00:00+00:00,2023-10-07 15:00:00+00:00,2023-10-07 11:00:00-04:00,156,69.0,72.45609931222383,boost_5y_absolute,True
2023-10-01 04:00:00+00:00,2023-10-07 16:00:00+00:00,2023-10-07 12:00:00-04:00,157,73.0,74.13339392677842,boost_5y_absolute,True
2023-10-01 04:00:00+00:00,2023-10-07 17:00:00+00:00,2023-10-07 13:00:00-04:00,158,74.0,75.48897318480357,boost_5y_absolute,True
2023-10-01 04:00:00+00:00,2023-10-07 18:00:00+00:00,2023-10-07 14:00:00-04:00,159,73.0,76.34425153825607,boost_5y_absolute,True
2023-10-01 04:00:00+00:00,2023-10-07 19:00:00+00:00,2023-10-07 15:00:00-04:00,160,71.0,76.31706646784338,boost_5y_absolute,True
2023-10-01 04:00:00+00:00,2023-10-07 20:00:00+00:00,2023-10-07 16:00:00-04:00,161,70.0,75.81127946103885,boost_5y_absolute,True
2023-10-01 04:00:00+00:00,2023-10-07 21:00:00+00:00,2023-10-07 17:00:00-04:00,162,69.0,74.10883480254033,boost_5y_absolute,True
2023-10-01 04:00:00+00:00,2023-10-07 22:00:00+00:00,2023-10-07 18:00:00-04:00,163,66.0,70.17975758519106,boost_5y_absolute,True
2023-10-01 04:00:00+00:00,2023-10-07 23:00:00+00:00,2023-10-07 19:00:00-04:00,164,64.0,67.59393014885018,boost_5y_absolute,True
2023-10-01 04:00:00+00:00,2023-10-08 00:00:00+00:00,2023-10-07 20:00:00-04:00,165,61.0,66.20475798245572,boost_5y_absolute,True
2023-10-01 04:00:00+00:00,2023-10-08 01:00:00+00:00,2023-10-07 21:00:00-04:00,166,59.0,64.77774583805648,boost_5y_absolute,True
2023-10-01 04:00:00+00:00,2023-10-08 02:00:00+00:00,2023-10-07 22:00:00-04:00,167,56.0,64.11014874763117,boost_5y_absolute,True
2023-10-01 04:00:00+00:00,2023-10-08 03:00:00+00:00,2023-10-07 23:00:00-04:00,168,55.0,63.414319044323484,boost_5y_absolute,True
2023-10-01 04:00:00+00:00,2023-10-08 04:00:00+00:00,2023-10-08 00:00:00-04:00,169,52.0,62.75397036207716,boost_5y_absolute,True
2023-10-01 04:00:00+00:00,2023-10-08 05:00:00+00:00,2023-10-08 01:00:00-04:00,170,52.0,62.17147210250484,boost_5y_absolute,True
2023-10-01 04:00:00+00:00,2023-10-08 06:00:00+00:00,2023-10-08 02:00:00-04:00,171,48.0,61.739666183985264,boost_5y_absolute,True
2023-10-01 04:00:00+00:00,2023-10-08 07:00:00+00:00,2023-10-08 03:00:00-04:00,172,47.0,61.1438339584941,boost_5y_absolute,True
2023-10-01 04:00:00+00:00,2023-10-08 08:00:00+00:00,2023-10-08 04:00:00-04:00,173,47.0,60.80018957238085,boost_5y_absolute,True
2023-10-01 04:00:00+00:00,2023-10-08 09:00:00+00:00,2023-10-08 05:00:00-04:00,174,44.0,60.27728635111057,boost_5y_absolute,True
2023-10-01 04:00:00+00:00,2023-10-08 10:00:00+00:00,2023-10-08 06:00:00-04:00,175,43.0,59.95180662685046,boost_5y_absolute,True
2023-10-01 04:00:00+00:00,2023-10-08 11:00:00+00:00,2023-10-08 07:00:00-04:00,176,45.0,60.4674017292817,boost_5y_absolute,True
2023-10-01 04:00:00+00:00,2023-10-08 12:00:00+00:00,2023-10-08 08:00:00-04:00,177,51.0,63.387213676978526,boost_5y_absolute,True
2023-10-01 04:00:00+00:00,2023-10-08 13:00:00+00:00,2023-10-08 09:00:00-04:00,178,57.0,66.7472537917127,boost_5y_absolute,True
2023-10-01 04:00:00+00:00,2023-10-08 14:00:00+00:00,2023-10-08 10:00:00-04:00,179,59.0,70.11513801769964,boost_5y_absolute,True
2023-10-01 04:00:00+00:00,2023-10-08 15:00:00+00:00,2023-10-08 11:00:00-04:00,180,61.0,72.58047890413384,boost_5y_absolute,True
2023-10-01 04:00:00+00:00,2023-10-08 16:00:00+00:00,2023-10-08 12:00:00-04:00,181,63.0,74.2574047894421,boost_5y_absolute,True
2023-10-01 04:00:00+00:00,2023-10-08 17:00:00+00:00,2023-10-08 13:00:00-04:00,182,64.0,75.66921276601515,boost_5y_absolute,True
2023-10-01 04:00:00+00:00,2023-10-08 18:00:00+00:00,2023-10-08 14:00:00-04:00,183,65.0,76.48685013297295,boost_5y_absolute,True
2023-10-01 04:00:00+00:00,2023-10-08 19:00:00+00:00,2023-10-08 15:00:00-04:00,184,65.0,76.4726866961149,boost_5y_absolute,True
2023-10-01 04:00:00+00:00,2023-10-08 20:00:00+00:00,2023-10-08 16:00:00-04:00,185,65.0,75.94821831528606,boost_5y_absolute,True
2023-10-01 04:00:00+00:00,2023-10-08 21:00:00+00:00,2023-10-08 17:00:00-04:00,186,64.0,74.21750014447522,boost_5y_absolute,True
2023-10-01 04:00:00+00:00,2023-10-08 22:00:00+00:00,2023-10-08 18:00:00-04:00,187,60.0,70.15117496594739,boost_5y_absolute,True
2023-10-01 04:00:00+00:00,2023-10-08 23:00:00+00:00,2023-10-08 19:00:00-04:00,188,55.0,67.55819628370413,boost_5y_absolute,True
2023-10-01 04:00:00+00:00,2023-10-09 00:00:00+00:00,2023-10-08 20:00:00-04:00,189,52.0,66.19803397324155,boost_5y_absolute,True
2023-10-01 04:00:00+00:00,2023-10-09 01:00:00+00:00,2023-10-08 21:00:00-04:00,190,49.0,64.71270080429764,boost_5y_absolute,True
2023-10-01 04:00:00+00:00,2023-10-09 02:00:00+00:00,2023-10-08 22:00:00-04:00,191,49.0,63.99551439682729,boost_5y_absolute,True
2023-10-01 04:00:00+00:00,2023-10-09 03:00:00+00:00,2023-10-08 23:00:00-04:00,192,52.0,63.28304118584771,boost_5y_absolute,True
2023-10-01 04:00:00+00:00,2023-10-09 04:00:00+00:00,2023-10-09 00:00:00-04:00,193,47.0,62.43867464408187,boost_5y_absolute,True
2023-10-01 04:00:00+00:00,2023-10-09 05:00:00+00:00,2023-10-09 01:00:00-04:00,194,47.0,61.9420656275204,boost_5y_absolute,True
2023-10-01 04:00:00+00:00,2023-10-09 06:00:00+00:00,2023-10-09 02:00:00-04:00,195,47.0,61.53658500172079,boost_5y_absolute,True
2023-10-01 04:00:00+00:00,2023-10-09 07:00:00+00:00,2023-10-09 03:00:00-04:00,196,46.0,60.974905286011676,boost_5y_absolute,True
2023-10-01 04:00:00+00:00,2023-10-09 08:00:00+00:00,2023-10-09 04:00:00-04:00,197,44.0,60.63527658810392,boost_5y_absolute,True
2023-10-01 04:00:00+00:00,2023-10-09 09:00:00+00:00,2023-10-09 05:00:00-04:00,198,42.0,60.10339735911907,boost_5y_absolute,True
2023-10-01 04:00:00+00:00,2023-10-09 10:00:00+00:00,2023-10-09 06:00:00-04:00,199,44.0,59.794017208978524,boost_5y_absolute,True
2023-10-01 04:00:00+00:00,2023-10-09 11:00:00+00:00,2023-10-09 07:00:00-04:00,200,45.0,60.24340011311986,boost_5y_absolute,True
2023-10-01 04:00:00+00:00,2023-10-09 12:00:00+00:00,2023-10-09 08:00:00-04:00,201,50.0,63.23693102239568,boost_5y_absolute,True
2023-10-01 04:00:00+00:00,2023-10-09 13:00:00+00:00,2023-10-09 09:00:00-04:00,202,58.0,66.577145271614,boost_5y_absolute,True
2023-10-01 04:00:00+00:00,2023-10-09 14:00:00+00:00,2023-10-09 10:00:00-04:00,203,63.0,70.02566429479697,boost_5y_absolute,True
2023-10-01 04:00:00+00:00,2023-10-09 15:00:00+00:00,2023-10-09 11:00:00-04:00,204,66.0,72.50250353834201,boost_5y_absolute,True
2023-10-01 04:00:00+00:00,2023-10-09 16:00:00+00:00,2023-10-09 12:00:00-04:00,205,69.0,74.21422203660664,boost_5y_absolute,True
2023-10-01 04:00:00+00:00,2023-10-09 17:00:00+00:00,2023-10-09 13:00:00-04:00,206,70.0,75.55273087215365,boost_5y_absolute,True
2023-10-01 04:00:00+00:00,2023-10-09 18:00:00+00:00,2023-10-09 14:00:00-04:00,207,72.0,76.34260796547983,boost_5y_absolute,True
2023-10-01 04:00:00+00:00,2023-10-09 19:00:00+00:00,2023-10-09 15:00:00-04:00,208,72.0,76.07691680555521,boost_5y_absolute,True
2023-10-01 04:00:00+00:00,2023-10-09 20:00:00+00:00,2023-10-09 16:00:00-04:00,209,72.0,75.64859704703473,boost_5y_absolute,True
2023-10-01 04:00:00+00:00,2023-10-09 21:00:00+00:00,2023-10-09 17:00:00-04:00,210,70.0,73.88411151407848,boost_5y_absolute,True
2023-10-01 04:00:00+00:00,2023-10-09 22:00:00+00:00,2023-10-09 18:00:00-04:00,211,67.0,69.86816318030377,boost_5y_absolute,True
2023-10-01 04:00:00+00:00,2023-10-09 23:00:00+00:00,2023-10-09 19:00:00-04:00,212,63.0,67.27442192997515,boost_5y_absolute,True
2023-10-01 04:00:00+00:00,2023-10-10 00:00:00+00:00,2023-10-09 20:00:00-04:00,213,64.0,66.05785515497303,boost_5y_absolute,True
2023-10-01 04:00:00+00:00,2023-10-10 01:00:00+00:00,2023-10-09 21:00:00-04:00,214,62.0,64.52154394706531,boost_5y_absolute,True
2023-10-01 04:00:00+00:00,2023-10-10 02:00:00+00:00,2023-10-09 22:00:00-04:00,215,62.0,63.791058514426375,boost_5y_absolute,True
2023-10-01 04:00:00+00:00,2023-10-10 03:00:00+00:00,2023-10-09 23:00:00-04:00,216,60.0,63.10310952376909,boost_5y_absolute,True
2023-10-01 04:00:00+00:00,2023-10-10 04:00:00+00:00,2023-10-10 00:00:00-04:00,217,56.0,62.32649247704671,boost_5y_absolute,True
2023-10-01 04:00:00+00:00,2023-10-10 05:00:00+00:00,2023-10-10 01:00:00-04:00,218,52.0,61.86422628454608,boost_5y_absolute,True
2023-10-01 04:00:00+00:00,2023-10-10 06:00:00+00:00,2023-10-10 02:00:00-04:00,219,52.0,61.38559530929799,boost_5y_absolute,True
2023-10-01 04:00:00+00:00,2023-10-10 07:00:00+00:00,2023-10-10 03:00:00-04:00,220,54.0,60.881033147141835,boost_5y_absolute,True
2023-10-01 04:00:00+00:00,2023-10-10 08:00:00+00:00,2023-10-10 04:00:00-04:00,221,54.0,60.5027239823329,boost_5y_absolute,True
2023-10-01 04:00:00+00:00,2023-10-10 09:00:00+00:00,2023-10-10 05:00:00-04:00,222,54.0,59.98708688427518,boost_5y_absolute,True
2023-10-01 04:00:00+00:00,2023-10-10 10:00:00+00:00,2023-10-10 06:00:00-04:00,223,52.0,59.58469032183171,boost_5y_absolute,True
2023-10-01 04:00:00+00:00,2023-10-10 11:00:00+00:00,2023-10-10 07:00:00-04:00,224,53.0,59.973305940803435,boost_5y_absolute,True
2023-10-01 04:00:00+00:00,2023-10-10 12:00:00+00:00,2023-10-10 08:00:00-04:00,225,57.0,62.85751277559039,boost_5y_absolute,True
2023-10-01 04:00:00+00:00,2023-10-10 13:00:00+00:00,2023-10-10 09:00:00-04:00,226,61.0,65.9919495615099,boost_5y_absolute,True
2023-10-01 04:00:00+00:00,2023-10-10 14:00:00+00:00,2023-10-10 10:00:00-04:00,227,64.0,69.33365021945808,boost_5y_absolute,True
2023-10-01 04:00:00+00:00,2023-10-10 15:00:00+00:00,2023-10-10 11:00:00-04:00,228,68.0,71.66506055670223,boost_5y_absolute,True
2023-10-01 04:00:00+00:00,2023-10-10 16:00:00+00:00,2023-10-10 12:00:00-04:00,229,71.0,73.31374931810124,boost_5y_absolute,True
2023-10-01 04:00:00+00:00,2023-10-10 17:00:00+00:00,2023-10-10 13:00:00-04:00,230,73.0,74.72570223303886,boost_5y_absolute,True
2023-10-01 04:00:00+00:00,2023-10-10 18:00:00+00:00,2023-10-10 14:00:00-04:00,231,76.0,75.50209757949334,boost_5y_absolute,True
2023-10-01 04:00:00+00:00,2023-10-10 19:00:00+00:00,2023-10-10 15:00:00-04:00,232,74.0,75.27586174393281,boost_5y_absolute,True
2023-10-01 04:00:00+00:00,2023-10-10 20:00:00+00:00,2023-10-10 16:00:00-04:00,233,72.0,74.74008810428245,boost_5y_absolute,True
2023-10-01 04:00:00+00:00,2023-10-10 21:00:00+00:00,2023-10-10 17:00:00-04:00,234,70.0,73.05004547330323,boost_5y_absolute,True
2023-10-01 04:00:00+00:00,2023-10-10 22:00:00+00:00,2023-10-10 18:00:00-04:00,235,67.0,69.06043719815158,boost_5y_absolute,True
2023-10-01 04:00:00+00:00,2023-10-10 23:00:00+00:00,2023-10-10 19:00:00-04:00,236,67.0,66.4556033978355,boost_5y_absolute,True
2023-10-01 04:00:00+00:00,2023-10-11 00:00:00+00:00,2023-10-10 20:00:00-04:00,237,66.0,65.19231482605545,boost_5y_absolute,True
2023-10-01 04:00:00+00:00,2023-10-11 01:00:00+00:00,2023-10-10 21:00:00-04:00,238,67.0,63.71182596301508,boost_5y_absolute,True
2023-10-01 04:00:00+00:00,2023-10-11 02:00:00+00:00,2023-10-10 22:00:00-04:00,239,65.0,63.01056511758848,boost_5y_absolute,True
2023-10-01 04:00:00+00:00,2023-10-11 03:00:00+00:00,2023-10-10 23:00:00-04:00,240,65.0,62.34018869208456,boost_5y_absolute,True
2023-10-01 04:00:00+00:00,2023-10-11 04:00:00+00:00,2023-10-11 00:00:00-04:00,241,60.0,61.45685864178556,boost_5y_absolute,True
2023-10-01 04:00:00+00:00,2023-10-11 05:00:00+00:00,2023-10-11 01:00:00-04:00,242,60.0,61.00581495522485,boost_5y_absolute,True
2023-10-01 04:00:00+00:00,2023-10-11 06:00:00+00:00,2023-10-11 02:00:00-04:00,243,57.0,60.36407960423556,boost_5y_absolute,True
2023-10-01 04:00:00+00:00,2023-10-11 07:00:00+00:00,2023-10-11 03:00:00-04:00,244,60.0,59.80672483413095,boost_5y_absolute,True
2023-10-01 04:00:00+00:00,2023-10-11 08:00:00+00:00,2023-10-11 04:00:00-04:00,245,59.0,59.37678387608381,boost_5y_absolute,True
2023-10-01 04:00:00+00:00,2023-10-11 09:00:00+00:00,2023-10-11 05:00:00-04:00,246,56.0,58.814369969877546,boost_5y_absolute,True
2023-10-01 04:00:00+00:00,2023-10-11 10:00:00+00:00,2023-10-11 06:00:00-04:00,247,54.0,58.38511901619892,boost_5y_absolute,True
2023-10-01 04:00:00+00:00,2023-10-11 11:00:00+00:00,2023-10-11 07:00:00-04:00,248,55.0,58.74518262602332,boost_5y_absolute,True
2023-10-01 04:00:00+00:00,2023-10-11 12:00:00+00:00,2023-10-11 08:00:00-04:00,249,61.0,61.75787494523261,boost_5y_absolute,True
2023-10-01 04:00:00+00:00,2023-10-11 13:00:00+00:00,2023-10-11 09:00:00-04:00,250,68.0,64.89314684150047,boost_5y_absolute,True
2023-10-01 04:00:00+00:00,2023-10-11 14:00:00+00:00,2023-10-11 10:00:00-04:00,251,69.0,68.29896666174383,boost_5y_absolute,True
2023-10-01 04:00:00+00:00,2023-10-11 15:00:00+00:00,2023-10-11 11:00:00-04:00,252,71.0,70.5946920544273,boost_5y_absolute,True
2023-10-01 04:00:00+00:00,2023-10-11 16:00:00+00:00,2023-10-11 12:00:00-04:00,253,70.0,72.24417551876303,boost_5y_absolute,True
2023-10-01 04:00:00+00:00,2023-10-11 17:00:00+00:00,2023-10-11 13:00:00-04:00,254,72.0,73.57222546712327,boost_5y_absolute,True
2023-10-01 04:00:00+00:00,2023-10-11 18:00:00+00:00,2023-10-11 14:00:00-04:00,255,71.0,74.30651488751708,boost_5y_absolute,True
2023-10-01 04:00:00+00:00,2023-10-11 19:00:00+00:00,2023-10-11 15:00:00-04:00,256,71.0,74.15966640921242,boost_5y_absolute,True
2023-10-01 04:00:00+00:00,2023-10-11 20:00:00+00:00,2023-10-11 16:00:00-04:00,257,69.0,73.67304479505198,boost_5y_absolute,True
2023-10-01 04:00:00+00:00,2023-10-11 21:00:00+00:00,2023-10-11 17:00:00-04:00,258,66.0,71.93222328311535,boost_5y_absolute,True
2023-10-01 04:00:00+00:00,2023-10-11 22:00:00+00:00,2023-10-11 18:00:00-04:00,259,65.0,67.9067462036861,boost_5y_absolute,True
2023-10-01 04:00:00+00:00,2023-10-11 23:00:00+00:00,2023-10-11 19:00:00-04:00,260,62.0,65.28673807459268,boost_5y_absolute,True
2023-10-01 04:00:00+00:00,2023-10-12 00:00:00+00:00,2023-10-11 20:00:00-04:00,261,61.0,64.00195290313152,boost_5y_absolute,True
2023-10-01 04:00:00+00:00,2023-10-12 01:00:00+00:00,2023-10-11 21:00:00-04:00,262,60.0,62.60663045477035,boost_5y_absolute,True
2023-10-01 04:00:00+00:00,2023-10-12 02:00:00+00:00,2023-10-11 22:00:00-04:00,263,60.0,61.91512125121243,boost_5y_absolute,True
2023-10-01 04:00:00+00:00,2023-10-12 03:00:00+00:00,2023-10-11 23:00:00-04:00,264,60.0,61.06603382352727,boost_5y_absolute,True
2023-10-01 04:00:00+00:00,2023-10-12 04:00:00+00:00,2023-10-12 00:00:00-04:00,265,62.0,60.13028814709719,boost_5y_absolute,True
2023-10-01 04:00:00+00:00,2023-10-12 05:00:00+00:00,2023-10-12 01:00:00-04:00,266,60.0,59.713414928453176,boost_5y_absolute,True
2023-10-01 04:00:00+00:00,2023-10-12 06:00:00+00:00,2023-10-12 02:00:00-04:00,267,59.0,58.950369447609866,boost_5y_absolute,True
2023-10-01 04:00:00+00:00,2023-10-12 07:00:00+00:00,2023-10-12 03:00:00-04:00,268,61.0,58.39741765981669,boost_5y_absolute,True
2023-10-01 04:00:00+00:00,2023-10-12 08:00:00+00:00,2023-10-12 04:00:00-04:00,269,60.0,57.96017341947274,boost_5y_absolute,True
2023-10-01 04:00:00+00:00,2023-10-12 09:00:00+00:00,2023-10-12 05:00:00-04:00,270,60.0,57.3688003690484,boost_5y_absolute,True
2023-10-01 04:00:00+00:00,2023-10-12 10:00:00+00:00,2023-10-12 06:00:00-04:00,271,59.0,56.90229177450035,boost_5y_absolute,True
2023-10-01 04:00:00+00:00,2023-10-12 11:00:00+00:00,2023-10-12 07:00:00-04:00,272,60.0,57.26184671632652,boost_5y_absolute,True
2023-10-01 04:00:00+00:00,2023-10-12 12:00:00+00:00,2023-10-12 08:00:00-04:00,273,62.0,60.45480168171877,boost_5y_absolute,True
2023-10-01 04:00:00+00:00,2023-10-12 13:00:00+00:00,2023-10-12 09:00:00-04:00,274,63.0,63.85833016582,boost_5y_absolute,True
2023-10-01 04:00:00+00:00,2023-10-12 14:00:00+00:00,2023-10-12 10:00:00-04:00,275,64.0,67.22846767970182,boost_5y_absolute,True
2023-10-01 04:00:00+00:00,2023-10-12 15:00:00+00:00,2023-10-12 11:00:00-04:00,276,68.0,69.54690551130244,boost_5y_absolute,True
2023-10-01 04:00:00+00:00,2023-10-12 16:00:00+00:00,2023-10-12 12:00:00-04:00,277,70.0,71.25932587466838,boost_5y_absolute,True
2023-10-01 04:00:00+00:00,2023-10-12 17:00:00+00:00,2023-10-12 13:00:00-04:00,278,72.0,72.65153528863908,boost_5y_absolute,True
2023-10-01 04:00:00+00:00,2023-10-12 18:00:00+00:00,2023-10-12 14:00:00-04:00,279,74.0,73.38533150297881,boost_5y_absolute,True
2023-10-01 04:00:00+00:00,2023-10-12 19:00:00+00:00,2023-10-12 15:00:00-04:00,280,76.0,73.35831544184886,boost_5y_absolute,True
2023-10-01 04:00:00+00:00,2023-10-12 20:00:00+00:00,2023-10-12 16:00:00-04:00,281,75.0,73.04290850035865,boost_5y_absolute,True
2023-10-01 04:00:00+00:00,2023-10-12 21:00:00+00:00,2023-10-12 17:00:00-04:00,282,74.0,71.18021695226619,boost_5y_absolute,True
2023-10-01 04:00:00+00:00,2023-10-12 22:00:00+00:00,2023-10-12 18:00:00-04:00,283,70.0,67.06914781520025,boost_5y_absolute,True
2023-10-01 04:00:00+00:00,2023-10-12 23:00:00+00:00,2023-10-12 19:00:00-04:00,284,65.0,64.48707646080963,boost_5y_absolute,True
2023-10-01 04:00:00+00:00,2023-10-13 00:00:00+00:00,2023-10-12 20:00:00-04:00,285,63.0,63.29009407494094,boost_5y_absolute,True
2023-10-01 04:00:00+00:00,2023-10-13 01:00:00+00:00,2023-10-12 21:00:00-04:00,286,60.0,61.90267443225221,boost_5y_absolute,True
2023-10-01 04:00:00+00:00,2023-10-13 02:00:00+00:00,2023-10-12 22:00:00-04:00,287,61.0,61.19593225682731,boost_5y_absolute,True
2023-10-01 04:00:00+00:00,2023-10-13 03:00:00+00:00,2023-10-12 23:00:00-04:00,288,59.0,60.27690321448921,boost_5y_absolute,True
2023-10-01 04:00:00+00:00,2023-10-13 04:00:00+00:00,2023-10-13 00:00:00-04:00,289,56.0,59.42589335891803,boost_5y_absolute,True
2023-10-01 04:00:00+00:00,2023-10-13 05:00:00+00:00,2023-10-13 01:00:00-04:00,290,57.0,59.084898484925695,boost_5y_absolute,True
2023-10-01 04:00:00+00:00,2023-10-13 06:00:00+00:00,2023-10-13 02:00:00-04:00,291,54.0,58.406983365831806,boost_5y_absolute,True
2023-10-01 04:00:00+00:00,2023-10-13 07:00:00+00:00,2023-10-13 03:00:00-04:00,292,54.0,57.82969662347912,boost_5y_absolute,True
2023-10-01 04:00:00+00:00,2023-10-13 08:00:00+00:00,2023-10-13 04:00:00-04:00,293,55.0,57.44313970936167,boost_5y_absolute,True
2023-10-01 04:00:00+00:00,2023-10-13 09:00:00+00:00,2023-10-13 05:00:00-04:00,294,53.0,56.9200149786786,boost_5y_absolute,True
2023-10-01 04:00:00+00:00,2023-10-13 10:00:00+00:00,2023-10-13 06:00:00-04:00,295,53.0,56.50631362852594,boost_5y_absolute,True
2023-10-01 04:00:00+00:00,2023-10-13 11:00:00+00:00,2023-10-13 07:00:00-04:00,296,55.0,56.83972692716624,boost_5y_absolute,True
2023-10-01 04:00:00+00:00,2023-10-13 12:00:00+00:00,2023-10-13 08:00:00-04:00,297,61.0,60.02719613357329,boost_5y_absolute,True
2023-10-01 04:00:00+00:00,2023-10-13 13:00:00+00:00,2023-10-13 09:00:00-04:00,298,68.0,63.409826441523656,boost_5y_absolute,True
2023-10-01 04:00:00+00:00,2023-10-13 14:00:00+00:00,2023-10-13 10:00:00-04:00,299,73.0,66.73387880676478,boost_5y_absolute,True
2023-10-01 04:00:00+00:00,2023-10-13 15:00:00+00:00,2023-10-13 11:00:00-04:00,300,76.0,69.07985104256937,boost_5y_absolute,True
2023-10-01 04:00:00+00:00,2023-10-13 16:00:00+00:00,2023-10-13 12:00:00-04:00,301,77.0,70.8487592188649,boost_5y_absolute,True
2023-10-01 04:00:00+00:00,2023-10-13 17:00:00+00:00,2023-10-13 13:00:00-04:00,302,78.0,72.19628237038677,boost_5y_absolute,True
2023-10-01 04:00:00+00:00,2023-10-13 18:00:00+00:00,2023-10-13 14:00:00-04:00,303,80.0,72.902658234473,boost_5y_absolute,True
2023-10-01 04:00:00+00:00,2023-10-13 19:00:00+00:00,2023-10-13 15:00:00-04:00,304,80.0,73.02179399675987,boost_5y_absolute,True
2023-10-01 04:00:00+00:00,2023-10-13 20:00:00+00:00,2023-10-13 16:00:00-04:00,305,79.0,72.7601955670717,boost_5y_absolute,True
2023-10-01 04:00:00+00:00,2023-10-13 21:00:00+00:00,2023-10-13 17:00:00-04:00,306,78.0,70.79993263387344,boost_5y_absolute,True
2023-10-01 04:00:00+00:00,2023-10-13 22:00:00+00:00,2023-10-13 18:00:00-04:00,307,74.0,66.67748493969333,boost_5y_absolute,True
2023-10-01 04:00:00+00:00,2023-10-13 23:00:00+00:00,2023-10-13 19:00:00-04:00,308,72.0,64.10882507868494,boost_5y_absolute,True
2023-10-01 04:00:00+00:00,2023-10-14 00:00:00+00:00,2023-10-13 20:00:00-04:00,309,71.0,62.80174018983323,boost_5y_absolute,True
2023-10-01 04:00:00+00:00,2023-10-14 01:00:00+00:00,2023-10-13 21:00:00-04:00,310,70.0,61.44908885938311,boost_5y_absolute,True
2023-10-01 04:00:00+00:00,2023-10-14 02:00:00+00:00,2023-10-13 22:00:00-04:00,311,69.0,60.68841178247647,boost_5y_absolute,True
2023-10-01 04:00:00+00:00,2023-10-14 03:00:00+00:00,2023-10-13 23:00:00-04:00,312,69.0,59.715593326084544,boost_5y_absolute,True
2023-10-01 04:00:00+00:00,2023-10-14 04:00:00+00:00,2023-10-14 00:00:00-04:00,313,67.0,58.79499299590326,boost_5y_absolute,True
2023-10-01 04:00:00+00:00,2023-10-14 05:00:00+00:00,2023-10-14 01:00:00-04:00,314,67.0,58.42151691391579,boost_5y_absolute,True
2023-10-01 04:00:00+00:00,2023-10-14 06:00:00+00:00,2023-10-14 02:00:00-04:00,315,67.0,57.72751899008062,boost_5y_absolute,True
2023-10-01 04:00:00+00:00,2023-10-14 07:00:00+00:00,2023-10-14 03:00:00-04:00,316,66.0,57.06494951644941,boost_5y_absolute,True
2023-10-01 04:00:00+00:00,2023-10-14 08:00:00+00:00,2023-10-14 04:00:00-04:00,317,63.0,56.6639762080746,boost_5y_absolute,True
2023-10-01 04:00:00+00:00,2023-10-14 09:00:00+00:00,2023-10-14 05:00:00-04:00,318,65.0,56.115629119703904,boost_5y_absolute,True
2023-10-01 04:00:00+00:00,2023-10-14 10:00:00+00:00,2023-10-14 06:00:00-04:00,319,65.0,55.66217216830214,boost_5y_absolute,True
2023-10-01 04:00:00+00:00,2023-10-14 11:00:00+00:00,2023-10-14 07:00:00-04:00,320,61.0,55.950857466986534,boost_5y_absolute,True
2023-10-01 04:00:00+00:00,2023-10-14 12:00:00+00:00,2023-10-14 08:00:00-04:00,321,61.0,59.22455230203776,boost_5y_absolute,True
2023-10-01 04:00:00+00:00,2023-10-14 13:00:00+00:00,2023-10-14 09:00:00-04:00,322,62.0,62.71706289907266,boost_5y_absolute,True
2023-10-01 04:00:00+00:00,2023-10-14 14:00:00+00:00,2023-10-14 10:00:00-04:00,323,64.0,66.08227717650361,boost_5y_absolute,True
2023-10-01 04:00:00+00:00,2023-10-14 15:00:00+00:00,2023-10-14 11:00:00-04:00,324,62.0,68.5269962194987,boost_5y_absolute,True
2023-10-01 04:00:00+00:00,2023-10-14 16:00:00+00:00,2023-10-14 12:00:00-04:00,325,62.0,70.32814588873451,boost_5y_absolute,True
2023-10-01 04:00:00+00:00,2023-10-14 17:00:00+00:00,2023-10-14 13:00:00-04:00,326,63.0,71.72697068741154,boost_5y_absolute,True
2023-10-01 04:00:00+00:00,2023-10-14 18:00:00+00:00,2023-10-14 14:00:00-04:00,327,65.0,72.41824743594552,boost_5y_absolute,True
2023-10-01 04:00:00+00:00,2023-10-14 19:00:00+00:00,2023-10-14 15:00:00-04:00,328,65.0,72.48411070252823,boost_5y_absolute,True
2023-10-01 04:00:00+00:00,2023-10-14 20:00:00+00:00,2023-10-14 16:00:00-04:00,329,67.0,72.16673014950135,boost_5y_absolute,True
2023-10-01 04:00:00+00:00,2023-10-14 21:00:00+00:00,2023-10-14 17:00:00-04:00,330,67.0,70.17970743600235,boost_5y_absolute,True
2023-10-01 04:00:00+00:00,2023-10-14 22:00:00+00:00,2023-10-14 18:00:00-04:00,331,65.0,66.02266002018365,boost_5y_absolute,True
2023-10-01 04:00:00+00:00,2023-10-14 23:00:00+00:00,2023-10-14 19:00:00-04:00,332,62.0,63.467502064776106,boost_5y_absolute,True
2023-10-01 04:00:00+00:00,2023-10-15 00:00:00+00:00,2023-10-14 20:00:00-04:00,333,63.0,62.14693882689727,boost_5y_absolute,True
2023-10-01 04:00:00+00:00,2023-10-15 01:00:00+00:00,2023-10-14 21:00:00-04:00,334,64.0,60.84975110788281,boost_5y_absolute,True
2023-10-01 04:00:00+00:00,2023-10-15 02:00:00+00:00,2023-10-14 22:00:00-04:00,335,64.0,59.982582135103335,boost_5y_absolute,True
2023-10-01 04:00:00+00:00,2023-10-15 03:00:00+00:00,2023-10-14 23:00:00-04:00,336,63.0,59.136883697911415,boost_5y_absolute,True
2023-10-08 04:00:00+00:00,2023-10-08 04:00:00+00:00,2023-10-08 00:00:00-04:00,1,52.0,57.82109985511159,boost_5y_absolute,True
2023-10-08 04:00:00+00:00,2023-10-08 05:00:00+00:00,2023-10-08 01:00:00-04:00,2,52.0,57.56299853839187,boost_5y_absolute,True
2023-10-08 04:00:00+00:00,2023-10-08 06:00:00+00:00,2023-10-08 02:00:00-04:00,3,48.0,57.502846181604326,boost_5y_absolute,True
2023-10-08 04:00:00+00:00,2023-10-08 07:00:00+00:00,2023-10-08 03:00:00-04:00,4,47.0,56.7819410606875,boost_5y_absolute,True
2023-10-08 04:00:00+00:00,2023-10-08 08:00:00+00:00,2023-10-08 04:00:00-04:00,5,47.0,56.37602292605819,boost_5y_absolute,True
2023-10-08 04:00:00+00:00,2023-10-08 09:00:00+00:00,2023-10-08 05:00:00-04:00,6,44.0,55.55905129915013,boost_5y_absolute,True
2023-10-08 04:00:00+00:00,2023-10-08 10:00:00+00:00,2023-10-08 06:00:00-04:00,7,43.0,54.99298380690843,boost_5y_absolute,True
2023-10-08 04:00:00+00:00,2023-10-08 11:00:00+00:00,2023-10-08 07:00:00-04:00,8,45.0,57.15694222526801,boost_5y_absolute,True
2023-10-08 04:00:00+00:00,2023-10-08 12:00:00+00:00,2023-10-08 08:00:00-04:00,9,51.0,59.75975429409382,boost_5y_absolute,True
2023-10-08 04:00:00+00:00,2023-10-08 13:00:00+00:00,2023-10-08 09:00:00-04:00,10,57.0,62.417522224639875,boost_5y_absolute,True
2023-10-08 04:00:00+00:00,2023-10-08 14:00:00+00:00,2023-10-08 10:00:00-04:00,11,59.0,66.2230158048129,boost_5y_absolute,True
2023-10-08 04:00:00+00:00,2023-10-08 15:00:00+00:00,2023-10-08 11:00:00-04:00,12,61.0,69.3184173334737,boost_5y_absolute,True
2023-10-08 04:00:00+00:00,2023-10-08 16:00:00+00:00,2023-10-08 12:00:00-04:00,13,63.0,71.0455451092485,boost_5y_absolute,True
2023-10-08 04:00:00+00:00,2023-10-08 17:00:00+00:00,2023-10-08 13:00:00-04:00,14,64.0,72.51075536598769,boost_5y_absolute,True
2023-10-08 04:00:00+00:00,2023-10-08 18:00:00+00:00,2023-10-08 14:00:00-04:00,15,65.0,73.20508242148556,boost_5y_absolute,True
2023-10-08 04:00:00+00:00,2023-10-08 19:00:00+00:00,2023-10-08 15:00:00-04:00,16,65.0,73.2088403166155,boost_5y_absolute,True
2023-10-08 04:00:00+00:00,2023-10-08 20:00:00+00:00,2023-10-08 16:00:00-04:00,17,65.0,72.95387753396804,boost_5y_absolute,True
2023-10-08 04:00:00+00:00,2023-10-08 21:00:00+00:00,2023-10-08 17:00:00-04:00,18,64.0,71.40101672323583,boost_5y_absolute,True
2023-10-08 04:00:00+00:00,2023-10-08 22:00:00+00:00,2023-10-08 18:00:00-04:00,19,60.0,67.19303366003159,boost_5y_absolute,True
2023-10-08 04:00:00+00:00,2023-10-08 23:00:00+00:00,2023-10-08 19:00:00-04:00,20,55.0,63.37479258357133,boost_5y_absolute,True
2023-10-08 04:00:00+00:00,2023-10-09 00:00:00+00:00,2023-10-08 20:00:00-04:00,21,52.0,62.087813829087914,boost_5y_absolute,True
2023-10-08 04:00:00+00:00,2023-10-09 01:00:00+00:00,2023-10-08 21:00:00-04:00,22,49.0,60.820823570239604,boost_5y_absolute,True
2023-10-08 04:00:00+00:00,2023-10-09 02:00:00+00:00,2023-10-08 22:00:00-04:00,23,49.0,60.184121864255545,boost_5y_absolute,True
2023-10-08 04:00:00+00:00,2023-10-09 03:00:00+00:00,2023-10-08 23:00:00-04:00,24,52.0,59.98707193673105,boost_5y_absolute,True
2023-10-08 04:00:00+00:00,2023-10-09 04:00:00+00:00,2023-10-09 00:00:00-04:00,25,47.0,58.51198320769751,boost_5y_absolute,True
2023-10-08 04:00:00+00:00,2023-10-09 05:00:00+00:00,2023-10-09 01:00:00-04:00,26,47.0,58.006523307380085,boost_5y_absolute,True
2023-10-08 04:00:00+00:00,2023-10-09 06:00:00+00:00,2023-10-09 02:00:00-04:00,27,47.0,57.676277835509396,boost_5y_absolute,True
2023-10-08 04:00:00+00:00,2023-10-09 07:00:00+00:00,2023-10-09 03:00:00-04:00,28,46.0,56.993243427017546,boost_5y_absolute,True
2023-10-08 04:00:00+00:00,2023-10-09 08:00:00+00:00,2023-10-09 04:00:00-04:00,29,44.0,56.574321553219356,boost_5y_absolute,True
2023-10-08 04:00:00+00:00,2023-10-09 09:00:00+00:00,2023-10-09 05:00:00-04:00,30,42.0,55.873634705075965,boost_5y_absolute,True
2023-10-08 04:00:00+00:00,2023-10-09 10:00:00+00:00,2023-10-09 06:00:00-04:00,31,44.0,55.545112958893014,boost_5y_absolute,True
2023-10-08 04:00:00+00:00,2023-10-09 11:00:00+00:00,2023-10-09 07:00:00-04:00,32,45.0,57.225198640099016,boost_5y_absolute,True
2023-10-08 04:00:00+00:00,2023-10-09 12:00:00+00:00,2023-10-09 08:00:00-04:00,33,50.0,60.41406680630936,boost_5y_absolute,True
2023-10-08 04:00:00+00:00,2023-10-09 13:00:00+00:00,2023-10-09 09:00:00-04:00,34,58.0,63.6115420623876,boost_5y_absolute,True
2023-10-08 04:00:00+00:00,2023-10-09 14:00:00+00:00,2023-10-09 10:00:00-04:00,35,63.0,67.28376718458296,boost_5y_absolute,True
2023-10-08 04:00:00+00:00,2023-10-09 15:00:00+00:00,2023-10-09 11:00:00-04:00,36,66.0,70.28978257494865,boost_5y_absolute,True
2023-10-08 04:00:00+00:00,2023-10-09 16:00:00+00:00,2023-10-09 12:00:00-04:00,37,69.0,72.34389531071969,boost_5y_absolute,True
2023-10-08 04:00:00+00:00,2023-10-09 17:00:00+00:00,2023-10-09 13:00:00-04:00,38,70.0,74.00216754209664,boost_5y_absolute,True
2023-10-08 04:00:00+00:00,2023-10-09 18:00:00+00:00,2023-10-09 14:00:00-04:00,39,72.0,74.74209035362877,boost_5y_absolute,True
2023-10-08 04:00:00+00:00,2023-10-09 19:00:00+00:00,2023-10-09 15:00:00-04:00,40,72.0,74.48692243883161,boost_5y_absolute,True
2023-10-08 04:00:00+00:00,2023-10-09 20:00:00+00:00,2023-10-09 16:00:00-04:00,41,72.0,74.26722953526011,boost_5y_absolute,True
2023-10-08 04:00:00+00:00,2023-10-09 21:00:00+00:00,2023-10-09 17:00:00-04:00,42,70.0,72.49323622671933,boost_5y_absolute,True
2023-10-08 04:00:00+00:00,2023-10-09 22:00:00+00:00,2023-10-09 18:00:00-04:00,43,67.0,68.25222316679127,boost_5y_absolute,True
2023-10-08 04:00:00+00:00,2023-10-09 23:00:00+00:00,2023-10-09 19:00:00-04:00,44,63.0,64.72444570193692,boost_5y_absolute,True
2023-10-08 04:00:00+00:00,2023-10-10 00:00:00+00:00,2023-10-09 20:00:00-04:00,45,64.0,63.40220733571398,boost_5y_absolute,True
2023-10-08 04:00:00+00:00,2023-10-10 01:00:00+00:00,2023-10-09 21:00:00-04:00,46,62.0,61.88640422041542,boost_5y_absolute,True
2023-10-08 04:00:00+00:00,2023-10-10 02:00:00+00:00,2023-10-09 22:00:00-04:00,47,62.0,61.24741889270647,boost_5y_absolute,True
2023-10-08 04:00:00+00:00,2023-10-10 03:00:00+00:00,2023-10-09 23:00:00-04:00,48,60.0,60.487422011396696,boost_5y_absolute,True
2023-10-08 04:00:00+00:00,2023-10-10 04:00:00+00:00,2023-10-10 00:00:00-04:00,49,56.0,60.015300120020584,boost_5y_absolute,True
2023-10-08 04:00:00+00:00,2023-10-10 05:00:00+00:00,2023-10-10 01:00:00-04:00,50,52.0,59.635498903910445,boost_5y_absolute,True
2023-10-08 04:00:00+00:00,2023-10-10 06:00:00+00:00,2023-10-10 02:00:00-04:00,51,52.0,59.232094402458095,boost_5y_absolute,True
2023-10-08 04:00:00+00:00,2023-10-10 07:00:00+00:00,2023-10-10 03:00:00-04:00,52,54.0,58.613979486823354,boost_5y_absolute,True
2023-10-08 04:00:00+00:00,2023-10-10 08:00:00+00:00,2023-10-10 04:00:00-04:00,53,54.0,58.14860721085624,boost_5y_absolute,True
2023-10-08 04:00:00+00:00,2023-10-10 09:00:00+00:00,2023-10-10 05:00:00-04:00,54,54.0,57.51213278698109,boost_5y_absolute,True
2023-10-08 04:00:00+00:00,2023-10-10 10:00:00+00:00,2023-10-10 06:00:00-04:00,55,52.0,57.12335238189065,boost_5y_absolute,True
2023-10-08 04:00:00+00:00,2023-10-10 11:00:00+00:00,2023-10-10 07:00:00-04:00,56,53.0,58.79455659806311,boost_5y_absolute,True
2023-10-08 04:00:00+00:00,2023-10-10 12:00:00+00:00,2023-10-10 08:00:00-04:00,57,57.0,62.57337054262076,boost_5y_absolute,True
2023-10-08 04:00:00+00:00,2023-10-10 13:00:00+00:00,2023-10-10 09:00:00-04:00,58,61.0,65.40816235881947,boost_5y_absolute,True
2023-10-08 04:00:00+00:00,2023-10-10 14:00:00+00:00,2023-10-10 10:00:00-04:00,59,64.0,68.77582187340691,boost_5y_absolute,True
2023-10-08 04:00:00+00:00,2023-10-10 15:00:00+00:00,2023-10-10 11:00:00-04:00,60,68.0,71.46037296090533,boost_5y_absolute,True
2023-10-08 04:00:00+00:00,2023-10-10 16:00:00+00:00,2023-10-10 12:00:00-04:00,61,71.0,73.2788982767971,boost_5y_absolute,True
2023-10-08 04:00:00+00:00,2023-10-10 17:00:00+00:00,2023-10-10 13:00:00-04:00,62,73.0,74.73283125017353,boost_5y_absolute,True
2023-10-08 04:00:00+00:00,2023-10-10 18:00:00+00:00,2023-10-10 14:00:00-04:00,63,76.0,75.6185727876977,boost_5y_absolute,True
2023-10-08 04:00:00+00:00,2023-10-10 19:00:00+00:00,2023-10-10 15:00:00-04:00,64,74.0,75.33542843306027,boost_5y_absolute,True
2023-10-08 04:00:00+00:00,2023-10-10 20:00:00+00:00,2023-10-10 16:00:00-04:00,65,72.0,74.91399804400136,boost_5y_absolute,True
2023-10-08 04:00:00+00:00,2023-10-10 21:00:00+00:00,2023-10-10 17:00:00-04:00,66,70.0,73.21907626008962,boost_5y_absolute,True
2023-10-08 04:00:00+00:00,2023-10-10 22:00:00+00:00,2023-10-10 18:00:00-04:00,67,67.0,69.050250855088,boost_5y_absolute,True
2023-10-08 04:00:00+00:00,2023-10-10 23:00:00+00:00,2023-10-10 19:00:00-04:00,68,67.0,65.78857243746137,boost_5y_absolute,True
2023-10-08 04:00:00+00:00,2023-10-11 00:00:00+00:00,2023-10-10 20:00:00-04:00,69,66.0,64.4494471828709,boost_5y_absolute,True
2023-10-08 04:00:00+00:00,2023-10-11 01:00:00+00:00,2023-10-10 21:00:00-04:00,70,67.0,62.98937045234306,boost_5y_absolute,True
2023-10-08 04:00:00+00:00,2023-10-11 02:00:00+00:00,2023-10-10 22:00:00-04:00,71,65.0,62.3558909724896,boost_5y_absolute,True
2023-10-08 04:00:00+00:00,2023-10-11 03:00:00+00:00,2023-10-10 23:00:00-04:00,72,65.0,61.51788936763073,boost_5y_absolute,True
2023-10-08 04:00:00+00:00,2023-10-11 04:00:00+00:00,2023-10-11 00:00:00-04:00,73,60.0,60.72176143599821,boost_5y_absolute,True
2023-10-08 04:00:00+00:00,2023-10-11 05:00:00+00:00,2023-10-11 01:00:00-04:00,74,60.0,60.31571776980016,boost_5y_absolute,True
2023-10-08 04:00:00+00:00,2023-10-11 06:00:00+00:00,2023-10-11 02:00:00-04:00,75,57.0,59.62612160296967,boost_5y_absolute,True
2023-10-08 04:00:00+00:00,2023-10-11 07:00:00+00:00,2023-10-11 03:00:00-04:00,76,60.0,58.97080759220463,boost_5y_absolute,True
2023-10-08 04:00:00+00:00,2023-10-11 08:00:00+00:00,2023-10-11 04:00:00-04:00,77,59.0,58.46866953575185,boost_5y_absolute,True
2023-10-08 04:00:00+00:00,2023-10-11 09:00:00+00:00,2023-10-11 05:00:00-04:00,78,56.0,57.866765838081356,boost_5y_absolute,True
2023-10-08 04:00:00+00:00,2023-10-11 10:00:00+00:00,2023-10-11 06:00:00-04:00,79,54.0,57.39260648275855,boost_5y_absolute,True
2023-10-08 04:00:00+00:00,2023-10-11 11:00:00+00:00,2023-10-11 07:00:00-04:00,80,55.0,58.34768371826827,boost_5y_absolute,True
2023-10-08 04:00:00+00:00,2023-10-11 12:00:00+00:00,2023-10-11 08:00:00-04:00,81,61.0,61.67213064051547,boost_5y_absolute,True
2023-10-08 04:00:00+00:00,2023-10-11 13:00:00+00:00,2023-10-11 09:00:00-04:00,82,68.0,64.63347688421064,boost_5y_absolute,True
2023-10-08 04:00:00+00:00,2023-10-11 14:00:00+00:00,2023-10-11 10:00:00-04:00,83,69.0,68.13136086061228,boost_5y_absolute,True
2023-10-08 04:00:00+00:00,2023-10-11 15:00:00+00:00,2023-10-11 11:00:00-04:00,84,71.0,70.62954491127796,boost_5y_absolute,True
2023-10-08 04:00:00+00:00,2023-10-11 16:00:00+00:00,2023-10-11 12:00:00-04:00,85,70.0,72.38429309592514,boost_5y_absolute,True
2023-10-08 04:00:00+00:00,2023-10-11 17:00:00+00:00,2023-10-11 13:00:00-04:00,86,72.0,73.8498711638711,boost_5y_absolute,True
2023-10-08 04:00:00+00:00,2023-10-11 18:00:00+00:00,2023-10-11 14:00:00-04:00,87,71.0,74.60132293098452,boost_5y_absolute,True
2023-10-08 04:00:00+00:00,2023-10-11 19:00:00+00:00,2023-10-11 15:00:00-04:00,88,71.0,74.39289937283736,boost_5y_absolute,True
2023-10-08 04:00:00+00:00,2023-10-11 20:00:00+00:00,2023-10-11 16:00:00-04:00,89,69.0,73.98071773746848,boost_5y_absolute,True
2023-10-08 04:00:00+00:00,2023-10-11 21:00:00+00:00,2023-10-11 17:00:00-04:00,90,66.0,72.17031372712435,boost_5y_absolute,True
2023-10-08 04:00:00+00:00,2023-10-11 22:00:00+00:00,2023-10-11 18:00:00-04:00,91,65.0,68.07647108918178,boost_5y_absolute,True
2023-10-08 04:00:00+00:00,2023-10-11 23:00:00+00:00,2023-10-11 19:00:00-04:00,92,62.0,65.02061751851892,boost_5y_absolute,True
2023-10-08 04:00:00+00:00,2023-10-12 00:00:00+00:00,2023-10-11 20:00:00-04:00,93,61.0,63.62783137515084,boost_5y_absolute,True
2023-10-08 04:00:00+00:00,2023-10-12 01:00:00+00:00,2023-10-11 21:00:00-04:00,94,60.0,62.20453811431425,boost_5y_absolute,True
2023-10-08 04:00:00+00:00,2023-10-12 02:00:00+00:00,2023-10-11 22:00:00-04:00,95,60.0,61.64280091856936,boost_5y_absolute,True
2023-10-08 04:00:00+00:00,2023-10-12 03:00:00+00:00,2023-10-11 23:00:00-04:00,96,60.0,60.618228679349215,boost_5y_absolute,True
2023-10-08 04:00:00+00:00,2023-10-12 04:00:00+00:00,2023-10-12 00:00:00-04:00,97,62.0,59.44544054867517,boost_5y_absolute,True
2023-10-08 04:00:00+00:00,2023-10-12 05:00:00+00:00,2023-10-12 01:00:00-04:00,98,60.0,59.021555375697346,boost_5y_absolute,True
2023-10-08 04:00:00+00:00,2023-10-12 06:00:00+00:00,2023-10-12 02:00:00-04:00,99,59.0,58.27955683622234,boost_5y_absolute,True
2023-10-08 04:00:00+00:00,2023-10-12 07:00:00+00:00,2023-10-12 03:00:00-04:00,100,61.0,57.67611132529878,boost_5y_absolute,True
2023-10-08 04:00:00+00:00,2023-10-12 08:00:00+00:00,2023-10-12 04:00:00-04:00,101,60.0,57.147325054415006,boost_5y_absolute,True
2023-10-08 04:00:00+00:00,2023-10-12 09:00:00+00:00,2023-10-12 05:00:00-04:00,102,60.0,56.57374352653149,boost_5y_absolute,True
2023-10-08 04:00:00+00:00,2023-10-12 10:00:00+00:00,2023-10-12 06:00:00-04:00,103,59.0,56.133825352922344,boost_5y_absolute,True
2023-10-08 04:00:00+00:00,2023-10-12 11:00:00+00:00,2023-10-12 07:00:00-04:00,104,60.0,56.88806980379879,boost_5y_absolute,True
2023-10-08 04:00:00+00:00,2023-10-12 12:00:00+00:00,2023-10-12 08:00:00-04:00,105,62.0,60.13221024624017,boost_5y_absolute,True
2023-10-08 04:00:00+00:00,2023-10-12 13:00:00+00:00,2023-10-12 09:00:00-04:00,106,63.0,63.55061260371662,boost_5y_absolute,True
2023-10-08 04:00:00+00:00,2023-10-12 14:00:00+00:00,2023-10-12 10:00:00-04:00,107,64.0,67.03564176634187,boost_5y_absolute,True
2023-10-08 04:00:00+00:00,2023-10-12 15:00:00+00:00,2023-10-12 11:00:00-04:00,108,68.0,69.6602866286204,boost_5y_absolute,True
2023-10-08 04:00:00+00:00,2023-10-12 16:00:00+00:00,2023-10-12 12:00:00-04:00,109,70.0,71.51765628032142,boost_5y_absolute,True
2023-10-08 04:00:00+00:00,2023-10-12 17:00:00+00:00,2023-10-12 13:00:00-04:00,110,72.0,72.96729792481372,boost_5y_absolute,True
2023-10-08 04:00:00+00:00,2023-10-12 18:00:00+00:00,2023-10-12 14:00:00-04:00,111,74.0,73.68076029003674,boost_5y_absolute,True
2023-10-08 04:00:00+00:00,2023-10-12 19:00:00+00:00,2023-10-12 15:00:00-04:00,112,76.0,73.61519549237329,boost_5y_absolute,True
2023-10-08 04:00:00+00:00,2023-10-12 20:00:00+00:00,2023-10-12 16:00:00-04:00,113,75.0,73.36024404410817,boost_5y_absolute,True
2023-10-08 04:00:00+00:00,2023-10-12 21:00:00+00:00,2023-10-12 17:00:00-04:00,114,74.0,71.45417434296324,boost_5y_absolute,True
2023-10-08 04:00:00+00:00,2023-10-12 22:00:00+00:00,2023-10-12 18:00:00-04:00,115,70.0,67.43278397064634,boost_5y_absolute,True
2023-10-08 04:00:00+00:00,2023-10-12 23:00:00+00:00,2023-10-12 19:00:00-04:00,116,65.0,64.93143037404863,boost_5y_absolute,True
2023-10-08 04:00:00+00:00,2023-10-13 00:00:00+00:00,2023-10-12 20:00:00-04:00,117,63.0,63.645848474236246,boost_5y_absolute,True
2023-10-08 04:00:00+00:00,2023-10-13 01:00:00+00:00,2023-10-12 21:00:00-04:00,118,60.0,62.205431056144164,boost_5y_absolute,True
2023-10-08 04:00:00+00:00,2023-10-13 02:00:00+00:00,2023-10-12 22:00:00-04:00,119,61.0,61.511688674355966,boost_5y_absolute,True
2023-10-08 04:00:00+00:00,2023-10-13 03:00:00+00:00,2023-10-12 23:00:00-04:00,120,59.0,60.51162867890996,boost_5y_absolute,True
2023-10-08 04:00:00+00:00,2023-10-13 04:00:00+00:00,2023-10-13 00:00:00-04:00,121,56.0,60.177499850297096,boost_5y_absolute,True
2023-10-08 04:00:00+00:00,2023-10-13 05:00:00+00:00,2023-10-13 01:00:00-04:00,122,57.0,59.780016994960015,boost_5y_absolute,True
2023-10-08 04:00:00+00:00,2023-10-13 06:00:00+00:00,2023-10-13 02:00:00-04:00,123,54.0,59.0742698322867,boost_5y_absolute,True
2023-10-08 04:00:00+00:00,2023-10-13 07:00:00+00:00,2023-10-13 03:00:00-04:00,124,54.0,58.51854354230006,boost_5y_absolute,True
2023-10-08 04:00:00+00:00,2023-10-13 08:00:00+00:00,2023-10-13 04:00:00-04:00,125,55.0,58.10537866813469,boost_5y_absolute,True
2023-10-08 04:00:00+00:00,2023-10-13 09:00:00+00:00,2023-10-13 05:00:00-04:00,126,53.0,57.60128276487089,boost_5y_absolute,True
2023-10-08 04:00:00+00:00,2023-10-13 10:00:00+00:00,2023-10-13 06:00:00-04:00,127,53.0,56.87021609746161,boost_5y_absolute,True
2023-10-08 04:00:00+00:00,2023-10-13 11:00:00+00:00,2023-10-13 07:00:00-04:00,128,55.0,57.38340954950157,boost_5y_absolute,True
2023-10-08 04:00:00+00:00,2023-10-13 12:00:00+00:00,2023-10-13 08:00:00-04:00,129,61.0,60.53647018145296,boost_5y_absolute,True
2023-10-08 04:00:00+00:00,2023-10-13 13:00:00+00:00,2023-10-13 09:00:00-04:00,130,68.0,63.91897104897136,boost_5y_absolute,True
2023-10-08 04:00:00+00:00,2023-10-13 14:00:00+00:00,2023-10-13 10:00:00-04:00,131,73.0,67.17970379331307,boost_5y_absolute,True
2023-10-08 04:00:00+00:00,2023-10-13 15:00:00+00:00,2023-10-13 11:00:00-04:00,132,76.0,69.59635171702456,boost_5y_absolute,True
2023-10-08 04:00:00+00:00,2023-10-13 16:00:00+00:00,2023-10-13 12:00:00-04:00,133,77.0,71.4557410915575,boost_5y_absolute,True
2023-10-08 04:00:00+00:00,2023-10-13 17:00:00+00:00,2023-10-13 13:00:00-04:00,134,78.0,72.79424261008342,boost_5y_absolute,True
2023-10-08 04:00:00+00:00,2023-10-13 18:00:00+00:00,2023-10-13 14:00:00-04:00,135,80.0,73.47826615628458,boost_5y_absolute,True
2023-10-08 04:00:00+00:00,2023-10-13 19:00:00+00:00,2023-10-13 15:00:00-04:00,136,80.0,73.5078074797139,boost_5y_absolute,True
2023-10-08 04:00:00+00:00,2023-10-13 20:00:00+00:00,2023-10-13 16:00:00-04:00,137,79.0,73.19537106698594,boost_5y_absolute,True
2023-10-08 04:00:00+00:00,2023-10-13 21:00:00+00:00,2023-10-13 17:00:00-04:00,138,78.0,71.20916020896266,boost_5y_absolute,True
2023-10-08 04:00:00+00:00,2023-10-13 22:00:00+00:00,2023-10-13 18:00:00-04:00,139,74.0,67.10951406464697,boost_5y_absolute,True
2023-10-08 04:00:00+00:00,2023-10-13 23:00:00+00:00,2023-10-13 19:00:00-04:00,140,72.0,64.6574953400913,boost_5y_absolute,True
2023-10-08 04:00:00+00:00,2023-10-14 00:00:00+00:00,2023-10-13 20:00:00-04:00,141,71.0,63.30009237834705,boost_5y_absolute,True
2023-10-08 04:00:00+00:00,2023-10-14 01:00:00+00:00,2023-10-13 21:00:00-04:00,142,70.0,61.9062160870935,boost_5y_absolute,True
2023-10-08 04:00:00+00:00,2023-10-14 02:00:00+00:00,2023-10-13 22:00:00-04:00,143,69.0,61.09855192346447,boost_5y_absolute,True
2023-10-08 04:00:00+00:00,2023-10-14 03:00:00+00:00,2023-10-13 23:00:00-04:00,144,69.0,60.063203149684846,boost_5y_absolute,True
2023-10-08 04:00:00+00:00,2023-10-14 04:00:00+00:00,2023-10-14 00:00:00-04:00,145,67.0,59.38533407281448,boost_5y_absolute,True
2023-10-08 04:00:00+00:00,2023-10-14 05:00:00+00:00,2023-10-14 01:00:00-04:00,146,67.0,58.97208970225924,boost_5y_absolute,True
2023-10-08 04:00:00+00:00,2023-10-14 06:00:00+00:00,2023-10-14 02:00:00-04:00,147,67.0,58.263121597613946,boost_5y_absolute,True
2023-10-08 04:00:00+00:00,2023-10-14 07:00:00+00:00,2023-10-14 03:00:00-04:00,148,66.0,57.62087013980191,boost_5y_absolute,True
2023-10-08 04:00:00+00:00,2023-10-14 08:00:00+00:00,2023-10-14 04:00:00-04:00,149,63.0,57.217424849252254,boost_5y_absolute,True
2023-10-08 04:00:00+00:00,2023-10-14 09:00:00+00:00,2023-10-14 05:00:00-04:00,150,65.0,56.315800802884866,boost_5y_absolute,True
2023-10-08 04:00:00+00:00,2023-10-14 10:00:00+00:00,2023-10-14 06:00:00-04:00,151,65.0,55.85736723764201,boost_5y_absolute,True
2023-10-08 04:00:00+00:00,2023-10-14 11:00:00+00:00,2023-10-14 07:00:00-04:00,152,61.0,56.07284676873052,boost_5y_absolute,True
2023-10-08 04:00:00+00:00,2023-10-14 12:00:00+00:00,2023-10-14 08:00:00-04:00,153,61.0,59.40899529806255,boost_5y_absolute,True
2023-10-08 04:00:00+00:00,2023-10-14 13:00:00+00:00,2023-10-14 09:00:00-04:00,154,62.0,62.67574477357799,boost_5y_absolute,True
2023-10-08 04:00:00+00:00,2023-10-14 14:00:00+00:00,2023-10-14 10:00:00-04:00,155,64.0,66.01362699210743,boost_5y_absolute,True
2023-10-08 04:00:00+00:00,2023-10-14 15:00:00+00:00,2023-10-14 11:00:00-04:00,156,62.0,68.44610308290223,boost_5y_absolute,True
2023-10-08 04:00:00+00:00,2023-10-14 16:00:00+00:00,2023-10-14 12:00:00-04:00,157,62.0,70.32513231886426,boost_5y_absolute,True
2023-10-08 04:00:00+00:00,2023-10-14 17:00:00+00:00,2023-10-14 13:00:00-04:00,158,63.0,71.73369973868122,boost_5y_absolute,True
2023-10-08 04:00:00+00:00,2023-10-14 18:00:00+00:00,2023-10-14 14:00:00-04:00,159,65.0,72.44282662606365,boost_5y_absolute,True
2023-10-08 04:00:00+00:00,2023-10-14 19:00:00+00:00,2023-10-14 15:00:00-04:00,160,65.0,72.4666090943562,boost_5y_absolute,True
2023-10-08 04:00:00+00:00,2023-10-14 20:00:00+00:00,2023-10-14 16:00:00-04:00,161,67.0,72.1331292727247,boost_5y_absolute,True
2023-10-08 04:00:00+00:00,2023-10-14 21:00:00+00:00,2023-10-14 17:00:00-04:00,162,67.0,70.14405735150932,boost_5y_absolute,True
2023-10-08 04:00:00+00:00,2023-10-14 22:00:00+00:00,2023-10-14 18:00:00-04:00,163,65.0,66.02419940358989,boost_5y_absolute,True
2023-10-08 04:00:00+00:00,2023-10-14 23:00:00+00:00,2023-10-14 19:00:00-04:00,164,62.0,63.499001703409334,boost_5y_absolute,True
2023-10-08 04:00:00+00:00,2023-10-15 00:00:00+00:00,2023-10-14 20:00:00-04:00,165,63.0,62.10102643152885,boost_5y_absolute,True
2023-10-08 04:00:00+00:00,2023-10-15 01:00:00+00:00,2023-10-14 21:00:00-04:00,166,64.0,60.78232447009454,boost_5y_absolute,True
2023-10-08 04:00:00+00:00,2023-10-15 02:00:00+00:00,2023-10-14 22:00:00-04:00,167,64.0,59.91351083351729,boost_5y_absolute,True
2023-10-08 04:00:00+00:00,2023-10-15 03:00:00+00:00,2023-10-14 23:00:00-04:00,168,63.0,58.98991685998091,boost_5y_absolute,True
2023-10-08 04:00:00+00:00,2023-10-15 04:00:00+00:00,2023-10-15 00:00:00-04:00,169,61.0,58.355770187682076,boost_5y_absolute,True
2023-10-08 04:00:00+00:00,2023-10-15 05:00:00+00:00,2023-10-15 01:00:00-04:00,170,59.0,57.91125104255296,boost_5y_absolute,True
2023-10-08 04:00:00+00:00,2023-10-15 06:00:00+00:00,2023-10-15 02:00:00-04:00,171,55.0,57.23794399278835,boost_5y_absolute,True
2023-10-08 04:00:00+00:00,2023-10-15 07:00:00+00:00,2023-10-15 03:00:00-04:00,172,54.0,56.614245262548536,boost_5y_absolute,True
2023-10-08 04:00:00+00:00,2023-10-15 08:00:00+00:00,2023-10-15 04:00:00-04:00,173,52.0,55.99856409589581,boost_5y_absolute,True
2023-10-08 04:00:00+00:00,2023-10-15 09:00:00+00:00,2023-10-15 05:00:00-04:00,174,54.0,55.53931115404812,boost_5y_absolute,True
2023-10-08 04:00:00+00:00,2023-10-15 10:00:00+00:00,2023-10-15 06:00:00-04:00,175,53.0,55.1479391621101,boost_5y_absolute,True
2023-10-08 04:00:00+00:00,2023-10-15 11:00:00+00:00,2023-10-15 07:00:00-04:00,176,54.0,55.3728622133883,boost_5y_absolute,True
2023-10-08 04:00:00+00:00,2023-10-15 12:00:00+00:00,2023-10-15 08:00:00-04:00,177,57.0,58.7622219684103,boost_5y_absolute,True
2023-10-08 04:00:00+00:00,2023-10-15 13:00:00+00:00,2023-10-15 09:00:00-04:00,178,57.0,62.23319044952353,boost_5y_absolute,True
2023-10-08 04:00:00+00:00,2023-10-15 14:00:00+00:00,2023-10-15 10:00:00-04:00,179,58.0,65.80397973934542,boost_5y_absolute,True
2023-10-08 04:00:00+00:00,2023-10-15 15:00:00+00:00,2023-10-15 11:00:00-04:00,180,61.0,68.22525826573957,boost_5y_absolute,True
2023-10-08 04:00:00+00:00,2023-10-15 16:00:00+00:00,2023-10-15 12:00:00-04:00,181,61.0,70.14937611915393,boost_5y_absolute,True
2023-10-08 04:00:00+00:00,2023-10-15 17:00:00+00:00,2023-10-15 13:00:00-04:00,182,63.0,71.5377870211146,boost_5y_absolute,True
2023-10-08 04:00:00+00:00,2023-10-15 18:00:00+00:00,2023-10-15 14:00:00-04:00,183,63.0,72.30960879227236,boost_5y_absolute,True
2023-10-08 04:00:00+00:00,2023-10-15 19:00:00+00:00,2023-10-15 15:00:00-04:00,184,62.0,72.4096142945811,boost_5y_absolute,True
2023-10-08 04:00:00+00:00,2023-10-15 20:00:00+00:00,2023-10-15 16:00:00-04:00,185,62.0,71.9253783209359,boost_5y_absolute,True
2023-10-08 04:00:00+00:00,2023-10-15 21:00:00+00:00,2023-10-15 17:00:00-04:00,186,60.0,70.00191554249176,boost_5y_absolute,True
2023-10-08 04:00:00+00:00,2023-10-15 22:00:00+00:00,2023-10-15 18:00:00-04:00,187,58.0,65.873989011158,boost_5y_absolute,True
2023-10-08 04:00:00+00:00,2023-10-15 23:00:00+00:00,2023-10-15 19:00:00-04:00,188,57.0,63.3036211955389,boost_5y_absolute,True
2023-10-08 04:00:00+00:00,2023-10-16 00:00:00+00:00,2023-10-15 20:00:00-04:00,189,57.0,61.92192112422574,boost_5y_absolute,True
2023-10-08 04:00:00+00:00,2023-10-16 01:00:00+00:00,2023-10-15 21:00:00-04:00,190,56.0,60.538682125963255,boost_5y_absolute,True
2023-10-08 04:00:00+00:00,2023-10-16 02:00:00+00:00,2023-10-15 22:00:00-04:00,191,58.0,59.74697624605209,boost_5y_absolute,True
2023-10-08 04:00:00+00:00,2023-10-16 03:00:00+00:00,2023-10-15 23:00:00-04:00,192,57.0,58.78375006435957,boost_5y_absolute,True
2023-10-08 04:00:00+00:00,2023-10-16 04:00:00+00:00,2023-10-16 00:00:00-04:00,193,56.0,57.86520547235342,boost_5y_absolute,True
2023-10-08 04:00:00+00:00,2023-10-16 05:00:00+00:00,2023-10-16 01:00:00-04:00,194,55.0,57.38034032074819,boost_5y_absolute,True
2023-10-08 04:00:00+00:00,2023-10-16 06:00:00+00:00,2023-10-16 02:00:00-04:00,195,54.0,56.51772096729399,boost_5y_absolute,True
2023-10-08 04:00:00+00:00,2023-10-16 07:00:00+00:00,2023-10-16 03:00:00-04:00,196,52.0,55.83899501055039,boost_5y_absolute,True
2023-10-08 04:00:00+00:00,2023-10-16 08:00:00+00:00,2023-10-16 04:00:00-04:00,197,51.0,55.383818546844736,boost_5y_absolute,True
2023-10-08 04:00:00+00:00,2023-10-16 09:00:00+00:00,2023-10-16 05:00:00-04:00,198,50.0,54.9122124067041,boost_5y_absolute,True
2023-10-08 04:00:00+00:00,2023-10-16 10:00:00+00:00,2023-10-16 06:00:00-04:00,199,50.0,54.48941777605436,boost_5y_absolute,True
2023-10-08 04:00:00+00:00,2023-10-16 11:00:00+00:00,2023-10-16 07:00:00-04:00,200,49.0,54.682198990367056,boost_5y_absolute,True
2023-10-08 04:00:00+00:00,2023-10-16 12:00:00+00:00,2023-10-16 08:00:00-04:00,201,53.0,58.19505057996277,boost_5y_absolute,True
2023-10-08 04:00:00+00:00,2023-10-16 13:00:00+00:00,2023-10-16 09:00:00-04:00,202,57.0,61.959981776239914,boost_5y_absolute,True
2023-10-08 04:00:00+00:00,2023-10-16 14:00:00+00:00,2023-10-16 10:00:00-04:00,203,60.0,65.48093063934422,boost_5y_absolute,True
2023-10-08 04:00:00+00:00,2023-10-16 15:00:00+00:00,2023-10-16 11:00:00-04:00,204,60.0,67.8779727866905,boost_5y_absolute,True
2023-10-08 04:00:00+00:00,2023-10-16 16:00:00+00:00,2023-10-16 12:00:00-04:00,205,62.0,69.82850305963876,boost_5y_absolute,True
2023-10-08 04:00:00+00:00,2023-10-16 17:00:00+00:00,2023-10-16 13:00:00-04:00,206,61.0,71.2098111489592,boost_5y_absolute,True
2023-10-08 04:00:00+00:00,2023-10-16 18:00:00+00:00,2023-10-16 14:00:00-04:00,207,61.0,72.05113947087168,boost_5y_absolute,True
2023-10-08 04:00:00+00:00,2023-10-16 19:00:00+00:00,2023-10-16 15:00:00-04:00,208,62.0,72.11231924392473,boost_5y_absolute,True
2023-10-08 04:00:00+00:00,2023-10-16 20:00:00+00:00,2023-10-16 16:00:00-04:00,209,60.0,71.65524658963534,boost_5y_absolute,True
2023-10-08 04:00:00+00:00,2023-10-16 21:00:00+00:00,2023-10-16 17:00:00-04:00,210,59.0,69.64904267168227,boost_5y_absolute,True
2023-10-08 04:00:00+00:00,2023-10-16 22:00:00+00:00,2023-10-16 18:00:00-04:00,211,57.0,65.35894042697787,boost_5y_absolute,True
2023-10-08 04:00:00+00:00,2023-10-16 23:00:00+00:00,2023-10-16 19:00:00-04:00,212,52.0,62.67254000538303,boost_5y_absolute,True
2023-10-08 04:00:00+00:00,2023-10-17 00:00:00+00:00,2023-10-16 20:00:00-04:00,213,49.0,61.222014426927984,boost_5y_absolute,True
2023-10-08 04:00:00+00:00,2023-10-17 01:00:00+00:00,2023-10-16 21:00:00-04:00,214,50.0,59.909070666619556,boost_5y_absolute,True
2023-10-08 04:00:00+00:00,2023-10-17 02:00:00+00:00,2023-10-16 22:00:00-04:00,215,49.0,59.10443988077683,boost_5y_absolute,True
2023-10-08 04:00:00+00:00,2023-10-17 03:00:00+00:00,2023-10-16 23:00:00-04:00,216,49.0,58.06580517238346,boost_5y_absolute,True
2023-10-08 04:00:00+00:00,2023-10-17 04:00:00+00:00,2023-10-17 00:00:00-04:00,217,49.0,57.075095296166204,boost_5y_absolute,True
2023-10-08 04:00:00+00:00,2023-10-17 05:00:00+00:00,2023-10-17 01:00:00-04:00,218,47.0,56.644452067464414,boost_5y_absolute,True
2023-10-08 04:00:00+00:00,2023-10-17 06:00:00+00:00,2023-10-17 02:00:00-04:00,219,46.0,55.88177927487831,boost_5y_absolute,True
2023-10-08 04:00:00+00:00,2023-10-17 07:00:00+00:00,2023-10-17 03:00:00-04:00,220,48.0,55.230659139484814,boost_5y_absolute,True
2023-10-08 04:00:00+00:00,2023-10-17 08:00:00+00:00,2023-10-17 04:00:00-04:00,221,50.0,54.768247413893704,boost_5y_absolute,True
2023-10-08 04:00:00+00:00,2023-10-17 09:00:00+00:00,2023-10-17 05:00:00-04:00,222,50.0,54.28792305268934,boost_5y_absolute,True
2023-10-08 04:00:00+00:00,2023-10-17 10:00:00+00:00,2023-10-17 06:00:00-04:00,223,50.0,53.886841750357405,boost_5y_absolute,True
2023-10-08 04:00:00+00:00,2023-10-17 11:00:00+00:00,2023-10-17 07:00:00-04:00,224,49.0,53.90877588835385,boost_5y_absolute,True
2023-10-08 04:00:00+00:00,2023-10-17 12:00:00+00:00,2023-10-17 08:00:00-04:00,225,54.0,57.44050971019069,boost_5y_absolute,True
2023-10-08 04:00:00+00:00,2023-10-17 13:00:00+00:00,2023-10-17 09:00:00-04:00,226,58.0,61.358315446106566,boost_5y_absolute,True
2023-10-08 04:00:00+00:00,2023-10-17 14:00:00+00:00,2023-10-17 10:00:00-04:00,227,61.0,65.02947755556498,boost_5y_absolute,True
2023-10-08 04:00:00+00:00,2023-10-17 15:00:00+00:00,2023-10-17 11:00:00-04:00,228,64.0,67.45445030597848,boost_5y_absolute,True
2023-10-08 04:00:00+00:00,2023-10-17 16:00:00+00:00,2023-10-17 12:00:00-04:00,229,66.0,69.4126473408759,boost_5y_absolute,True
2023-10-08 04:00:00+00:00,2023-10-17 17:00:00+00:00,2023-10-17 13:00:00-04:00,230,66.0,70.85136946691922,boost_5y_absolute,True
2023-10-08 04:00:00+00:00,2023-10-17 18:00:00+00:00,2023-10-17 14:00:00-04:00,231,68.0,71.59891511026164,boost_5y_absolute,True
2023-10-08 04:00:00+00:00,2023-10-17 19:00:00+00:00,2023-10-17 15:00:00-04:00,232,67.0,71.70467721513542,boost_5y_absolute,True
2023-10-08 04:00:00+00:00,2023-10-17 20:00:00+00:00,2023-10-17 16:00:00-04:00,233,66.0,71.23211965795895,boost_5y_absolute,True
2023-10-08 04:00:00+00:00,2023-10-17 21:00:00+00:00,2023-10-17 17:00:00-04:00,234,63.0,69.16953393751807,boost_5y_absolute,True
2023-10-08 04:00:00+00:00,2023-10-17 22:00:00+00:00,2023-10-17 18:00:00-04:00,235,61.0,64.73476102732786,boost_5y_absolute,True
2023-10-08 04:00:00+00:00,2023-10-17 23:00:00+00:00,2023-10-17 19:00:00-04:00,236,62.0,62.096722099364555,boost_5y_absolute,True
2023-10-08 04:00:00+00:00,2023-10-18 00:00:00+00:00,2023-10-17 20:00:00-04:00,237,58.0,60.562183814014766,boost_5y_absolute,True
2023-10-08 04:00:00+00:00,2023-10-18 01:00:00+00:00,2023-10-17 21:00:00-04:00,238,57.0,59.268751039310196,boost_5y_absolute,True
2023-10-08 04:00:00+00:00,2023-10-18 02:00:00+00:00,2023-10-17 22:00:00-04:00,239,58.0,58.44132000269467,boost_5y_absolute,True
2023-10-08 04:00:00+00:00,2023-10-18 03:00:00+00:00,2023-10-17 23:00:00-04:00,240,58.0,57.51090712899962,boost_5y_absolute,True
2023-10-08 04:00:00+00:00,2023-10-18 04:00:00+00:00,2023-10-18 00:00:00-04:00,241,57.0,56.18452340974929,boost_5y_absolute,True
2023-10-08 04:00:00+00:00,2023-10-18 05:00:00+00:00,2023-10-18 01:00:00-04:00,242,57.0,55.65536229637053,boost_5y_absolute,True
2023-10-08 04:00:00+00:00,2023-10-18 06:00:00+00:00,2023-10-18 02:00:00-04:00,243,56.0,54.92696641575908,boost_5y_absolute,True
2023-10-08 04:00:00+00:00,2023-10-18 07:00:00+00:00,2023-10-18 03:00:00-04:00,244,57.0,54.24541491686542,boost_5y_absolute,True
2023-10-08 04:00:00+00:00,2023-10-18 08:00:00+00:00,2023-10-18 04:00:00-04:00,245,56.0,53.846490725861734,boost_5y_absolute,True
2023-10-08 04:00:00+00:00,2023-10-18 09:00:00+00:00,2023-10-18 05:00:00-04:00,246,56.0,53.41774568783128,boost_5y_absolute,True
2023-10-08 04:00:00+00:00,2023-10-18 10:00:00+00:00,2023-10-18 06:00:00-04:00,247,55.0,53.09269914581849,boost_5y_absolute,True
2023-10-08 04:00:00+00:00,2023-10-18 11:00:00+00:00,2023-10-18 07:00:00-04:00,248,55.0,53.04864165462048,boost_5y_absolute,True
2023-10-08 04:00:00+00:00,2023-10-18 12:00:00+00:00,2023-10-18 08:00:00-04:00,249,57.0,56.65074032230594,boost_5y_absolute,True
2023-10-08 04:00:00+00:00,2023-10-18 13:00:00+00:00,2023-10-18 09:00:00-04:00,250,60.0,60.70480388588673,boost_5y_absolute,True
2023-10-08 04:00:00+00:00,2023-10-18 14:00:00+00:00,2023-10-18 10:00:00-04:00,251,64.0,64.39926009365414,boost_5y_absolute,True
2023-10-08 04:00:00+00:00,2023-10-18 15:00:00+00:00,2023-10-18 11:00:00-04:00,252,67.0,66.86961506796428,boost_5y_absolute,True
2023-10-08 04:00:00+00:00,2023-10-18 16:00:00+00:00,2023-10-18 12:00:00-04:00,253,68.0,68.92245392992888,boost_5y_absolute,True
2023-10-08 04:00:00+00:00,2023-10-18 17:00:00+00:00,2023-10-18 13:00:00-04:00,254,68.0,70.31294875713823,boost_5y_absolute,True
2023-10-08 04:00:00+00:00,2023-10-18 18:00:00+00:00,2023-10-18 14:00:00-04:00,255,69.0,71.11120535374356,boost_5y_absolute,True
2023-10-08 04:00:00+00:00,2023-10-18 19:00:00+00:00,2023-10-18 15:00:00-04:00,256,67.0,71.17726752936035,boost_5y_absolute,True
2023-10-08 04:00:00+00:00,2023-10-18 20:00:00+00:00,2023-10-18 16:00:00-04:00,257,69.0,70.69013438558748,boost_5y_absolute,True
2023-10-08 04:00:00+00:00,2023-10-18 21:00:00+00:00,2023-10-18 17:00:00-04:00,258,67.0,68.55937829378823,boost_5y_absolute,True
2023-10-08 04:00:00+00:00,2023-10-18 22:00:00+00:00,2023-10-18 18:00:00-04:00,259,63.0,64.1255209486498,boost_5y_absolute,True
2023-10-08 04:00:00+00:00,2023-10-18 23:00:00+00:00,2023-10-18 19:00:00-04:00,260,58.0,61.35373495975627,boost_5y_absolute,True
2023-10-08 04:00:00+00:00,2023-10-19 00:00:00+00:00,2023-10-18 20:00:00-04:00,261,57.0,59.897484250108874,boost_5y_absolute,True
2023-10-08 04:00:00+00:00,2023-10-19 01:00:00+00:00,2023-10-18 21:00:00-04:00,262,57.0,58.60368195065654,boost_5y_absolute,True
2023-10-08 04:00:00+00:00,2023-10-19 02:00:00+00:00,2023-10-18 22:00:00-04:00,263,54.0,57.76804488858292,boost_5y_absolute,True
2023-10-08 04:00:00+00:00,2023-10-19 03:00:00+00:00,2023-10-18 23:00:00-04:00,264,55.0,56.852718187473194,boost_5y_absolute,True
2023-10-08 04:00:00+00:00,2023-10-19 04:00:00+00:00,2023-10-19 00:00:00-04:00,265,52.0,55.95736013058453,boost_5y_absolute,True
2023-10-08 04:00:00+00:00,2023-10-19 05:00:00+00:00,2023-10-19 01:00:00-04:00,266,50.0,55.44313845020653,boost_5y_absolute,True
2023-10-08 04:00:00+00:00,2023-10-19 06:00:00+00:00,2023-10-19 02:00:00-04:00,267,50.0,54.659487284228284,boost_5y_absolute,True
2023-10-08 04:00:00+00:00,2023-10-19 07:00:00+00:00,2023-10-19 03:00:00-04:00,268,48.0,54.03063706392273,boost_5y_absolute,True
2023-10-08 04:00:00+00:00,2023-10-19 08:00:00+00:00,2023-10-19 04:00:00-04:00,269,49.0,53.656276561243935,boost_5y_absolute,True
2023-10-08 04:00:00+00:00,2023-10-19 09:00:00+00:00,2023-10-19 05:00:00-04:00,270,47.0,53.20404793868386,boost_5y_absolute,True
2023-10-08 04:00:00+00:00,2023-10-19 10:00:00+00:00,2023-10-19 06:00:00-04:00,271,47.0,52.86471433835512,boost_5y_absolute,True
2023-10-08 04:00:00+00:00,2023-10-19 11:00:00+00:00,2023-10-19 07:00:00-04:00,272,48.0,52.74697704160586,boost_5y_absolute,True
2023-10-08 04:00:00+00:00,2023-10-19 12:00:00+00:00,2023-10-19 08:00:00-04:00,273,55.0,56.265281178634396,boost_5y_absolute,True
2023-10-08 04:00:00+00:00,2023-10-19 13:00:00+00:00,2023-10-19 09:00:00-04:00,274,62.0,60.27103066113031,boost_5y_absolute,True
2023-10-08 04:00:00+00:00,2023-10-19 14:00:00+00:00,2023-10-19 10:00:00-04:00,275,66.0,63.84341501618445,boost_5y_absolute,True
2023-10-08 04:00:00+00:00,2023-10-19 15:00:00+00:00,2023-10-19 11:00:00-04:00,276,70.0,66.34200810926738,boost_5y_absolute,True
2023-10-08 04:00:00+00:00,2023-10-19 16:00:00+00:00,2023-10-19 12:00:00-04:00,277,71.0,68.41281658372215,boost_5y_absolute,True
2023-10-08 04:00:00+00:00,2023-10-19 17:00:00+00:00,2023-10-19 13:00:00-04:00,278,72.0,69.69539838273035,boost_5y_absolute,True
2023-10-08 04:00:00+00:00,2023-10-19 18:00:00+00:00,2023-10-19 14:00:00-04:00,279,73.0,70.52920459319516,boost_5y_absolute,True
2023-10-08 04:00:00+00:00,2023-10-19 19:00:00+00:00,2023-10-19 15:00:00-04:00,280,72.0,70.62498564019027,boost_5y_absolute,True
2023-10-08 04:00:00+00:00,2023-10-19 20:00:00+00:00,2023-10-19 16:00:00-04:00,281,72.0,70.16036623570399,boost_5y_absolute,True
2023-10-08 04:00:00+00:00,2023-10-19 21:00:00+00:00,2023-10-19 17:00:00-04:00,282,70.0,68.12179976047709,boost_5y_absolute,True
2023-10-08 04:00:00+00:00,2023-10-19 22:00:00+00:00,2023-10-19 18:00:00-04:00,283,65.0,63.73912704739035,boost_5y_absolute,True
2023-10-08 04:00:00+00:00,2023-10-19 23:00:00+00:00,2023-10-19 19:00:00-04:00,284,63.0,60.940107476596715,boost_5y_absolute,True
2023-10-08 04:00:00+00:00,2023-10-20 00:00:00+00:00,2023-10-19 20:00:00-04:00,285,62.0,59.499559241974836,boost_5y_absolute,True
2023-10-08 04:00:00+00:00,2023-10-20 01:00:00+00:00,2023-10-19 21:00:00-04:00,286,59.0,58.22294184552415,boost_5y_absolute,True
2023-10-08 04:00:00+00:00,2023-10-20 02:00:00+00:00,2023-10-19 22:00:00-04:00,287,58.0,57.36079044519029,boost_5y_absolute,True
2023-10-08 04:00:00+00:00,2023-10-20 03:00:00+00:00,2023-10-19 23:00:00-04:00,288,58.0,56.4933913887093,boost_5y_absolute,True
2023-10-08 04:00:00+00:00,2023-10-20 04:00:00+00:00,2023-10-20 00:00:00-04:00,289,59.0,55.66957205110279,boost_5y_absolute,True
2023-10-08 04:00:00+00:00,2023-10-20 05:00:00+00:00,2023-10-20 01:00:00-04:00,290,59.0,55.17547464109353,boost_5y_absolute,True
2023-10-08 04:00:00+00:00,2023-10-20 06:00:00+00:00,2023-10-20 02:00:00-04:00,291,59.0,54.420932770630706,boost_5y_absolute,True
2023-10-08 04:00:00+00:00,2023-10-20 07:00:00+00:00,2023-10-20 03:00:00-04:00,292,59.0,53.8186349361887,boost_5y_absolute,True
2023-10-08 04:00:00+00:00,2023-10-20 08:00:00+00:00,2023-10-20 04:00:00-04:00,293,58.0,53.4686120312712,boost_5y_absolute,True
2023-10-08 04:00:00+00:00,2023-10-20 09:00:00+00:00,2023-10-20 05:00:00-04:00,294,58.0,53.090214735736716,boost_5y_absolute,True
2023-10-08 04:00:00+00:00,2023-10-20 10:00:00+00:00,2023-10-20 06:00:00-04:00,295,57.0,52.74770708546499,boost_5y_absolute,True
2023-10-08 04:00:00+00:00,2023-10-20 11:00:00+00:00,2023-10-20 07:00:00-04:00,296,57.0,52.64944780166146,boost_5y_absolute,True
2023-10-08 04:00:00+00:00,2023-10-20 12:00:00+00:00,2023-10-20 08:00:00-04:00,297,59.0,56.04343208343248,boost_5y_absolute,True
2023-10-08 04:00:00+00:00,2023-10-20 13:00:00+00:00,2023-10-20 09:00:00-04:00,298,64.0,59.989695269802304,boost_5y_absolute,True
2023-10-08 04:00:00+00:00,2023-10-20 14:00:00+00:00,2023-10-20 10:00:00-04:00,299,69.0,63.45868948844099,boost_5y_absolute,True
2023-10-08 04:00:00+00:00,2023-10-20 15:00:00+00:00,2023-10-20 11:00:00-04:00,300,71.0,65.94744906633386,boost_5y_absolute,True
2023-10-08 04:00:00+00:00,2023-10-20 16:00:00+00:00,2023-10-20 12:00:00-04:00,301,69.0,68.11258023742172,boost_5y_absolute,True
2023-10-08 04:00:00+00:00,2023-10-20 17:00:00+00:00,2023-10-20 13:00:00-04:00,302,65.0,69.47309790596142,boost_5y_absolute,True
2023-10-08 04:00:00+00:00,2023-10-20 18:00:00+00:00,2023-10-20 14:00:00-04:00,303,67.0,70.34534702249506,boost_5y_absolute,True
2023-10-08 04:00:00+00:00,2023-10-20 19:00:00+00:00,2023-10-20 15:00:00-04:00,304,70.0,70.5323997010799,boost_5y_absolute,True
2023-10-08 04:00:00+00:00,2023-10-20 20:00:00+00:00,2023-10-20 16:00:00-04:00,305,67.0,70.01251764359016,boost_5y_absolute,True
2023-10-08 04:00:00+00:00,2023-10-20 21:00:00+00:00,2023-10-20 17:00:00-04:00,306,67.0,67.9510700397887,boost_5y_absolute,True
2023-10-08 04:00:00+00:00,2023-10-20 22:00:00+00:00,2023-10-20 18:00:00-04:00,307,63.0,63.431164522815386,boost_5y_absolute,True
2023-10-08 04:00:00+00:00,2023-10-20 23:00:00+00:00,2023-10-20 19:00:00-04:00,308,56.0,60.62169445245201,boost_5y_absolute,True
2023-10-08 04:00:00+00:00,2023-10-21 00:00:00+00:00,2023-10-20 20:00:00-04:00,309,55.0,59.100363176359984,boost_5y_absolute,True
2023-10-08 04:00:00+00:00,2023-10-21 01:00:00+00:00,2023-10-20 21:00:00-04:00,310,55.0,57.912903289469654,boost_5y_absolute,True
2023-10-08 04:00:00+00:00,2023-10-21 02:00:00+00:00,2023-10-20 22:00:00-04:00,311,54.0,56.95835466470201,boost_5y_absolute,True
2023-10-08 04:00:00+00:00,2023-10-21 03:00:00+00:00,2023-10-20 23:00:00-04:00,312,54.0,56.006366971187255,boost_5y_absolute,True
2023-10-08 04:00:00+00:00,2023-10-21 04:00:00+00:00,2023-10-21 00:00:00-04:00,313,53.0,55.18536250998789,boost_5y_absolute,True
2023-10-08 04:00:00+00:00,2023-10-21 05:00:00+00:00,2023-10-21 01:00:00-04:00,314,53.0,54.56015811203116,boost_5y_absolute,True
2023-10-08 04:00:00+00:00,2023-10-21 06:00:00+00:00,2023-10-21 02:00:00-04:00,315,53.0,53.82884555408794,boost_5y_absolute,True
2023-10-08 04:00:00+00:00,2023-10-21 07:00:00+00:00,2023-10-21 03:00:00-04:00,316,52.0,53.21369360490658,boost_5y_absolute,True
2023-10-08 04:00:00+00:00,2023-10-21 08:00:00+00:00,2023-10-21 04:00:00-04:00,317,52.0,52.83778565064008,boost_5y_absolute,True
2023-10-08 04:00:00+00:00,2023-10-21 09:00:00+00:00,2023-10-21 05:00:00-04:00,318,50.0,52.44881422383564,boost_5y_absolute,True
2023-10-08 04:00:00+00:00,2023-10-21 10:00:00+00:00,2023-10-21 06:00:00-04:00,319,50.0,52.05160860178004,boost_5y_absolute,True
2023-10-08 04:00:00+00:00,2023-10-21 11:00:00+00:00,2023-10-21 07:00:00-04:00,320,51.0,51.98347904040648,boost_5y_absolute,True
2023-10-08 04:00:00+00:00,2023-10-21 12:00:00+00:00,2023-10-21 08:00:00-04:00,321,54.0,55.467255958595935,boost_5y_absolute,True
2023-10-08 04:00:00+00:00,2023-10-21 13:00:00+00:00,2023-10-21 09:00:00-04:00,322,58.0,59.43344112649014,boost_5y_absolute,True
2023-10-08 04:00:00+00:00,2023-10-21 14:00:00+00:00,2023-10-21 10:00:00-04:00,323,62.0,62.98841455163773,boost_5y_absolute,True
2023-10-08 04:00:00+00:00,2023-10-21 15:00:00+00:00,2023-10-21 11:00:00-04:00,324,64.0,65.69174000433054,boost_5y_absolute,True
2023-10-08 04:00:00+00:00,2023-10-21 16:00:00+00:00,2023-10-21 12:00:00-04:00,325,64.0,67.91728861708813,boost_5y_absolute,True
2023-10-08 04:00:00+00:00,2023-10-21 17:00:00+00:00,2023-10-21 13:00:00-04:00,326,67.0,69.27660540878924,boost_5y_absolute,True
2023-10-08 04:00:00+00:00,2023-10-21 18:00:00+00:00,2023-10-21 14:00:00-04:00,327,68.0,70.13365380228194,boost_5y_absolute,True
2023-10-08 04:00:00+00:00,2023-10-21 19:00:00+00:00,2023-10-21 15:00:00-04:00,328,69.0,70.3203160487578,boost_5y_absolute,True
2023-10-08 04:00:00+00:00,2023-10-21 20:00:00+00:00,2023-10-21 16:00:00-04:00,329,69.0,69.73345675771178,boost_5y_absolute,True
2023-10-08 04:00:00+00:00,2023-10-21 21:00:00+00:00,2023-10-21 17:00:00-04:00,330,67.0,67.58929542148051,boost_5y_absolute,True
2023-10-08 04:00:00+00:00,2023-10-21 22:00:00+00:00,2023-10-21 18:00:00-04:00,331,62.0,63.144385957920676,boost_5y_absolute,True
2023-10-08 04:00:00+00:00,2023-10-21 23:00:00+00:00,2023-10-21 19:00:00-04:00,332,57.0,60.395107035660914,boost_5y_absolute,True
2023-10-08 04:00:00+00:00,2023-10-22 00:00:00+00:00,2023-10-21 20:00:00-04:00,333,57.0,58.861000488577815,boost_5y_absolute,True
2023-10-08 04:00:00+00:00,2023-10-22 01:00:00+00:00,2023-10-21 21:00:00-04:00,334,55.0,57.674808411895334,boost_5y_absolute,True
2023-10-08 04:00:00+00:00,2023-10-22 02:00:00+00:00,2023-10-21 22:00:00-04:00,335,55.0,56.748791511017046,boost_5y_absolute,True
2023-10-08 04:00:00+00:00,2023-10-22 03:00:00+00:00,2023-10-21 23:00:00-04:00,336,57.0,55.71744526930269,boost_5y_absolute,True
