origin_utc,time_utc,time_local,lead,observed_f,predicted_f,model,scored
2021-08-27 04:00:00+00:00,2021-08-27 04:00:00+00:00,2021-08-27 00:00:00-04:00,1,77.0,77.35879204833823,boost_5y_no_dew_pressure,True
2021-08-27 04:00:00+00:00,2021-08-27 05:00:00+00:00,2021-08-27 01:00:00-04:00,2,77.0,76.45814114172744,boost_5y_no_dew_pressure,True
2021-08-27 04:00:00+00:00,2021-08-27 06:00:00+00:00,2021-08-27 02:00:00-04:00,3,75.0,75.73861513999064,boost_5y_no_dew_pressure,True
2021-08-27 04:00:00+00:00,2021-08-27 07:00:00+00:00,2021-08-27 03:00:00-04:00,4,73.0,75.17400153582632,boost_5y_no_dew_pressure,True
2021-08-27 04:00:00+00:00,2021-08-27 08:00:00+00:00,2021-08-27 04:00:00-04:00,5,72.0,74.69136022064208,boost_5y_no_dew_pressure,True
2021-08-27 04:00:00+00:00,2021-08-27 09:00:00+00:00,2021-08-27 05:00:00-04:00,6,73.0,74.12572018364556,boost_5y_no_dew_pressure,True
2021-08-27 04:00:00+00:00,2021-08-27 10:00:00+00:00,2021-08-27 06:00:00-04:00,7,72.0,73.6857665075125,boost_5y_no_dew_pressure,True
2021-08-27 04:00:00+00:00,2021-08-27 11:00:00+00:00,2021-08-27 07:00:00-04:00,8,74.0,75.7013167807422,boost_5y_no_dew_pressure,True
2021-08-27 04:00:00+00:00,2021-08-27 12:00:00+00:00,2021-08-27 08:00:00-04:00,9,78.0,79.38422841713557,boost_5y_no_dew_pressure,True
2021-08-27 04:00:00+00:00,2021-08-27 13:00:00+00:00,2021-08-27 09:00:00-04:00,10,83.0,82.23326741001806,boost_5y_no_dew_pressure,True
2021-08-27 04:00:00+00:00,2021-08-27 14:00:00+00:00,2021-08-27 10:00:00-04:00,11,85.0,84.14567661357476,boost_5y_no_dew_pressure,True
2021-08-27 04:00:00+00:00,2021-08-27 15:00:00+00:00,2021-08-27 11:00:00-04:00,12,87.0,86.19353722632329,boost_5y_no_dew_pressure,True
2021-08-27 04:00:00+00:00,2021-08-27 16:00:00+00:00,2021-08-27 12:00:00-04:00,13,89.0,87.27215437705911,boost_5y_no_dew_pressure,True
2021-08-27 04:00:00+00:00,2021-08-27 17:00:00+00:00,2021-08-27 13:00:00-04:00,14,90.0,88.61835465468954,boost_5y_no_dew_pressure,True
2021-08-27 04:00:00+00:00,2021-08-27 18:00:00+00:00,2021-08-27 14:00:00-04:00,15,92.0,88.61218145006008,boost_5y_no_dew_pressure,True
2021-08-27 04:00:00+00:00,2021-08-27 19:00:00+00:00,2021-08-27 15:00:00-04:00,16,93.0,88.06645963993358,boost_5y_no_dew_pressure,True
2021-08-27 04:00:00+00:00,2021-08-27 20:00:00+00:00,2021-08-27 16:00:00-04:00,17,92.0,87.62947657350452,boost_5y_no_dew_pressure,True
2021-08-27 04:00:00+00:00,2021-08-27 21:00:00+00:00,2021-08-27 17:00:00-04:00,18,90.0,86.75539517977052,boost_5y_no_dew_pressure,True
2021-08-27 04:00:00+00:00,2021-08-27 22:00:00+00:00,2021-08-27 18:00:00-04:00,19,88.0,84.99891155600423,boost_5y_no_dew_pressure,True
2021-08-27 04:00:00+00:00,2021-08-27 23:00:00+00:00,2021-08-27 19:00:00-04:00,20,85.0,81.82634133364994,boost_5y_no_dew_pressure,True
2021-08-27 04:00:00+00:00,2021-08-28 00:00:00+00:00,2021-08-27 20:00:00-04:00,21,82.0,79.47536170818593,boost_5y_no_dew_pressure,True
2021-08-27 04:00:00+00:00,2021-08-28 01:00:00+00:00,2021-08-27 21:00:00-04:00,22,81.0,78.60179739334804,boost_5y_no_dew_pressure,True
2021-08-27 04:00:00+00:00,2021-08-28 02:00:00+00:00,2021-08-27 22:00:00-04:00,23,78.0,77.7018852129238,boost_5y_no_dew_pressure,True
2021-08-27 04:00:00+00:00,2021-08-28 03:00:00+00:00,2021-08-27 23:00:00-04:00,24,78.0,76.65305401581287,boost_5y_no_dew_pressure,True
2021-08-27 04:00:00+00:00,2021-08-28 04:00:00+00:00,2021-08-28 00:00:00-04:00,25,76.0,77.22456604802142,boost_5y_no_dew_pressure,True
2021-08-27 04:00:00+00:00,2021-08-28 05:00:00+00:00,2021-08-28 01:00:00-04:00,26,76.0,76.29343918443135,boost_5y_no_dew_pressure,True
2021-08-27 04:00:00+00:00,2021-08-28 06:00:00+00:00,2021-08-28 02:00:00-04:00,27,76.0,75.42984856406662,boost_5y_no_dew_pressure,True
2021-08-27 04:00:00+00:00,2021-08-28 07:00:00+00:00,2021-08-28 03:00:00-04:00,28,75.0,74.8681890090375,boost_5y_no_dew_pressure,True
2021-08-27 04:00:00+00:00,2021-08-28 08:00:00+00:00,2021-08-28 04:00:00-04:00,29,74.0,74.38846099813361,boost_5y_no_dew_pressure,True
2021-08-27 04:00:00+00:00,2021-08-28 09:00:00+00:00,2021-08-28 05:00:00-04:00,30,73.0,73.88192514856235,boost_5y_no_dew_pressure,True
2021-08-27 04:00:00+00:00,2021-08-28 10:00:00+00:00,2021-08-28 06:00:00-04:00,31,73.0,73.48118864498187,boost_5y_no_dew_pressure,True
2021-08-27 04:00:00+00:00,2021-08-28 11:00:00+00:00,2021-08-28 07:00:00-04:00,32,76.0,75.4584734024436,boost_5y_no_dew_pressure,True
2021-08-27 04:00:00+00:00,2021-08-28 12:00:00+00:00,2021-08-28 08:00:00-04:00,33,80.0,78.76043884293617,boost_5y_no_dew_pressure,True
2021-08-27 04:00:00+00:00,2021-08-28 13:00:00+00:00,2021-08-28 09:00:00-04:00,34,84.0,81.71579991954675,boost_5y_no_dew_pressure,True
2021-08-27 04:00:00+00:00,2021-08-28 14:00:00+00:00,2021-08-28 10:00:00-04:00,35,87.0,84.23836572039275,boost_5y_no_dew_pressure,True
2021-08-27 04:00:00+00:00,2021-08-28 15:00:00+00:00,2021-08-28 11:00:00-04:00,36,89.0,86.37189148071803,boost_5y_no_dew_pressure,True
2021-08-27 04:00:00+00:00,2021-08-28 16:00:00+00:00,2021-08-28 12:00:00-04:00,37,92.0,87.26363860338815,boost_5y_no_dew_pressure,True
2021-08-27 04:00:00+00:00,2021-08-28 17:00:00+00:00,2021-08-28 13:00:00-04:00,38,94.0,88.63586502323203,boost_5y_no_dew_pressure,True
2021-08-27 04:00:00+00:00,2021-08-28 18:00:00+00:00,2021-08-28 14:00:00-04:00,39,94.0,88.77202663221557,boost_5y_no_dew_pressure,True
2021-08-27 04:00:00+00:00,2021-08-28 19:00:00+00:00,2021-08-28 15:00:00-04:00,40,94.0,88.40071936671855,boost_5y_no_dew_pressure,True
2021-08-27 04:00:00+00:00,2021-08-28 20:00:00+00:00,2021-08-28 16:00:00-04:00,41,93.0,87.85250890930679,boost_5y_no_dew_pressure,True
2021-08-27 04:00:00+00:00,2021-08-28 21:00:00+00:00,2021-08-28 17:00:00-04:00,42,92.0,87.0579543810715,boost_5y_no_dew_pressure,True
2021-08-27 04:00:00+00:00,2021-08-28 22:00:00+00:00,2021-08-28 18:00:00-04:00,43,90.0,84.91241901324798,boost_5y_no_dew_pressure,True
2021-08-27 04:00:00+00:00,2021-08-28 23:00:00+00:00,2021-08-28 19:00:00-04:00,44,86.0,81.7719180669373,boost_5y_no_dew_pressure,True
2021-08-27 04:00:00+00:00,2021-08-29 00:00:00+00:00,2021-08-28 20:00:00-04:00,45,82.0,79.30088408951147,boost_5y_no_dew_pressure,True
2021-08-27 04:00:00+00:00,2021-08-29 01:00:00+00:00,2021-08-28 21:00:00-04:00,46,79.0,78.45507583829733,boost_5y_no_dew_pressure,True
2021-08-27 04:00:00+00:00,2021-08-29 02:00:00+00:00,2021-08-28 22:00:00-04:00,47,80.0,77.49132988646971,boost_5y_no_dew_pressure,True
2021-08-27 04:00:00+00:00,2021-08-29 03:00:00+00:00,2021-08-28 23:00:00-04:00,48,78.0,76.50807550729894,boost_5y_no_dew_pressure,True
2021-08-27 04:00:00+00:00,2021-08-29 04:00:00+00:00,2021-08-29 00:00:00-04:00,49,77.0,75.63501853437532,boost_5y_no_dew_pressure,True
2021-08-27 04:00:00+00:00,2021-08-29 05:00:00+00:00,2021-08-29 01:00:00-04:00,50,78.0,74.73641232646187,boost_5y_no_dew_pressure,True
2021-08-27 04:00:00+00:00,2021-08-29 06:00:00+00:00,2021-08-29 02:00:00-04:00,51,76.0,73.82248447246856,boost_5y_no_dew_pressure,True
2021-08-27 04:00:00+00:00,2021-08-29 07:00:00+00:00,2021-08-29 03:00:00-04:00,52,73.0,73.29501749370422,boost_5y_no_dew_pressure,True
2021-08-27 04:00:00+00:00,2021-08-29 08:00:00+00:00,2021-08-29 04:00:00-04:00,53,74.0,72.75460224057214,boost_5y_no_dew_pressure,True
2021-08-27 04:00:00+00:00,2021-08-29 09:00:00+00:00,2021-08-29 05:00:00-04:00,54,75.0,72.26409906093319,boost_5y_no_dew_pressure,True
2021-08-27 04:00:00+00:00,2021-08-29 10:00:00+00:00,2021-08-29 06:00:00-04:00,55,72.0,71.94012542706533,boost_5y_no_dew_pressure,True
2021-08-27 04:00:00+00:00,2021-08-29 11:00:00+00:00,2021-08-29 07:00:00-04:00,56,75.0,73.82906768559273,boost_5y_no_dew_pressure,True
2021-08-27 04:00:00+00:00,2021-08-29 12:00:00+00:00,2021-08-29 08:00:00-04:00,57,79.0,76.52000627107878,boost_5y_no_dew_pressure,True
2021-08-27 04:00:00+00:00,2021-08-29 13:00:00+00:00,2021-08-29 09:00:00-04:00,58,82.0,79.16696766240845,boost_5y_no_dew_pressure,True
2021-08-27 04:00:00+00:00,2021-08-29 14:00:00+00:00,2021-08-29 10:00:00-04:00,59,86.0,81.76902802533193,boost_5y_no_dew_pressure,True
2021-08-27 04:00:00+00:00,2021-08-29 15:00:00+00:00,2021-08-29 11:00:00-04:00,60,89.0,83.90958604517803,boost_5y_no_dew_pressure,True
2021-08-27 04:00:00+00:00,2021-08-29 16:00:00+00:00,2021-08-29 12:00:00-04:00,61,92.0,85.20494611798996,boost_5y_no_dew_pressure,True
2021-08-27 04:00:00+00:00,2021-08-29 17:00:00+00:00,2021-08-29 13:00:00-04:00,62,92.0,86.61777662425874,boost_5y_no_dew_pressure,True
2021-08-27 04:00:00+00:00,2021-08-29 18:00:00+00:00,2021-08-29 14:00:00-04:00,63,94.0,86.76510894620307,boost_5y_no_dew_pressure,True
2021-08-27 04:00:00+00:00,2021-08-29 19:00:00+00:00,2021-08-29 15:00:00-04:00,64,94.0,86.32950729526095,boost_5y_no_dew_pressure,True
2021-08-27 04:00:00+00:00,2021-08-29 20:00:00+00:00,2021-08-29 16:00:00-04:00,65,92.0,85.74043335343913,boost_5y_no_dew_pressure,True
2021-08-27 04:00:00+00:00,2021-08-29 21:00:00+00:00,2021-08-29 17:00:00-04:00,66,93.0,84.74992288540332,boost_5y_no_dew_pressure,True
2021-08-27 04:00:00+00:00,2021-08-29 22:00:00+00:00,2021-08-29 18:00:00-04:00,67,91.0,82.72131386623556,boost_5y_no_dew_pressure,True
2021-08-27 04:00:00+00:00,2021-08-29 23:00:00+00:00,2021-08-29 19:00:00-04:00,68,85.0,79.76507880393952,boost_5y_no_dew_pressure,True
2021-08-27 04:00:00+00:00,2021-08-30 00:00:00+00:00,2021-08-29 20:00:00-04:00,69,81.0,77.36804221347093,boost_5y_no_dew_pressure,True
2021-08-27 04:00:00+00:00,2021-08-30 01:00:00+00:00,2021-08-29 21:00:00-04:00,70,80.0,75.93470974633514,boost_5y_no_dew_pressure,True
2021-08-27 04:00:00+00:00,2021-08-30 02:00:00+00:00,2021-08-29 22:00:00-04:00,71,78.0,75.06448259582795,boost_5y_no_dew_pressure,True
2021-08-27 04:00:00+00:00,2021-08-30 03:00:00+00:00,2021-08-29 23:00:00-04:00,72,77.0,74.10097906378752,boost_5y_no_dew_pressure,True
2021-08-27 04:00:00+00:00,2021-08-30 04:00:00+00:00,2021-08-30 00:00:00-04:00,73,76.0,73.2519375096386,boost_5y_no_dew_pressure,True
2021-08-27 04:00:00+00:00,2021-08-30 05:00:00+00:00,2021-08-30 01:00:00-04:00,74,76.0,72.36261441423368,boost_5y_no_dew_pressure,True
2021-08-27 04:00:00+00:00,2021-08-30 06:00:00+00:00,2021-08-30 02:00:00-04:00,75,75.0,71.45579149567402,boost_5y_no_dew_pressure,True
2021-08-27 04:00:00+00:00,2021-08-30 07:00:00+00:00,2021-08-30 03:00:00-04:00,76,74.0,70.91669969001562,boost_5y_no_dew_pressure,True
2021-08-27 04:00:00+00:00,2021-08-30 08:00:00+00:00,2021-08-30 04:00:00-04:00,77,74.0,70.44534186000799,boost_5y_no_dew_pressure,True
2021-08-27 04:00:00+00:00,2021-08-30 09:00:00+00:00,2021-08-30 05:00:00-04:00,78,73.0,70.03228380752164,boost_5y_no_dew_pressure,True
2021-08-27 04:00:00+00:00,2021-08-30 10:00:00+00:00,2021-08-30 06:00:00-04:00,79,73.0,69.73427424268408,boost_5y_no_dew_pressure,True
2021-08-27 04:00:00+00:00,2021-08-30 11:00:00+00:00,2021-08-30 07:00:00-04:00,80,75.0,71.64691339312805,boost_5y_no_dew_pressure,True
2021-08-27 04:00:00+00:00,2021-08-30 12:00:00+00:00,2021-08-30 08:00:00-04:00,81,80.0,74.77832741256628,boost_5y_no_dew_pressure,True
2021-08-27 04:00:00+00:00,2021-08-30 13:00:00+00:00,2021-08-30 09:00:00-04:00,82,84.0,77.74874402921964,boost_5y_no_dew_pressure,True
2021-08-27 04:00:00+00:00,2021-08-30 14:00:00+00:00,2021-08-30 10:00:00-04:00,83,88.0,80.40787769232368,boost_5y_no_dew_pressure,True
2021-08-27 04:00:00+00:00,2021-08-30 15:00:00+00:00,2021-08-30 11:00:00-04:00,84,90.0,82.61567224443286,boost_5y_no_dew_pressure,True
2021-08-27 04:00:00+00:00,2021-08-30 16:00:00+00:00,2021-08-30 12:00:00-04:00,85,93.0,83.95760047974731,boost_5y_no_dew_pressure,True
2021-08-27 04:00:00+00:00,2021-08-30 17:00:00+00:00,2021-08-30 13:00:00-04:00,86,95.0,85.40905815978974,boost_5y_no_dew_pressure,True
2021-08-27 04:00:00+00:00,2021-08-30 18:00:00+00:00,2021-08-30 14:00:00-04:00,87,96.0,85.56474625342051,boost_5y_no_dew_pressure,True
2021-08-27 04:00:00+00:00,2021-08-30 19:00:00+00:00,2021-08-30 15:00:00-04:00,88,96.0,85.37136942174753,boost_5y_no_dew_pressure,True
2021-08-27 04:00:00+00:00,2021-08-30 20:00:00+00:00,2021-08-30 16:00:00-04:00,89,95.0,84.80753335475767,boost_5y_no_dew_pressure,True
2021-08-27 04:00:00+00:00,2021-08-30 21:00:00+00:00,2021-08-30 17:00:00-04:00,90,94.0,83.40585950349276,boost_5y_no_dew_pressure,True
2021-08-27 04:00:00+00:00,2021-08-30 22:00:00+00:00,2021-08-30 18:00:00-04:00,91,91.0,81.17220160503318,boost_5y_no_dew_pressure,True
2021-08-27 04:00:00+00:00,2021-08-30 23:00:00+00:00,2021-08-30 19:00:00-04:00,92,84.0,77.78664956734809,boost_5y_no_dew_pressure,True
2021-08-27 04:00:00+00:00,2021-08-31 00:00:00+00:00,2021-08-30 20:00:00-04:00,93,82.0,75.39863184908577,boost_5y_no_dew_pressure,True
2021-08-27 04:00:00+00:00,2021-08-31 01:00:00+00:00,2021-08-30 21:00:00-04:00,94,80.0,74.35837112573104,boost_5y_no_dew_pressure,True
2021-08-27 04:00:00+00:00,2021-08-31 02:00:00+00:00,2021-08-30 22:00:00-04:00,95,80.0,73.22179837491477,boost_5y_no_dew_pressure,True
2021-08-27 04:00:00+00:00,2021-08-31 03:00:00+00:00,2021-08-30 23:00:00-04:00,96,79.0,72.29914549457797,boost_5y_no_dew_pressure,True
2021-08-27 04:00:00+00:00,2021-08-31 04:00:00+00:00,2021-08-31 00:00:00-04:00,97,76.0,71.19664815965305,boost_5y_no_dew_pressure,True
2021-08-27 04:00:00+00:00,2021-08-31 05:00:00+00:00,2021-08-31 01:00:00-04:00,98,74.0,70.32585694355544,boost_5y_no_dew_pressure,True
2021-08-27 04:00:00+00:00,2021-08-31 06:00:00+00:00,2021-08-31 02:00:00-04:00,99,73.0,69.45974789315672,boost_5y_no_dew_pressure,True
2021-08-27 04:00:00+00:00,2021-08-31 07:00:00+00:00,2021-08-31 03:00:00-04:00,100,72.0,68.91407742491258,boost_5y_no_dew_pressure,True
2021-08-27 04:00:00+00:00,2021-08-31 08:00:00+00:00,2021-08-31 04:00:00-04:00,101,73.0,68.43585889041564,boost_5y_no_dew_pressure,True
2021-08-27 04:00:00+00:00,2021-08-31 09:00:00+00:00,2021-08-31 05:00:00-04:00,102,73.0,67.99731447228494,boost_5y_no_dew_pressure,True
2021-08-27 04:00:00+00:00,2021-08-31 10:00:00+00:00,2021-08-31 06:00:00-04:00,103,72.0,67.697533850288,boost_5y_no_dew_pressure,True
2021-08-27 04:00:00+00:00,2021-08-31 11:00:00+00:00,2021-08-31 07:00:00-04:00,104,75.0,69.72609255210057,boost_5y_no_dew_pressure,True
2021-08-27 04:00:00+00:00,2021-08-31 12:00:00+00:00,2021-08-31 08:00:00-04:00,105,79.0,73.29855262589453,boost_5y_no_dew_pressure,True
2021-08-27 04:00:00+00:00,2021-08-31 13:00:00+00:00,2021-08-31 09:00:00-04:00,106,83.0,76.35890799310755,boost_5y_no_dew_pressure,True
2021-08-27 04:00:00+00:00,2021-08-31 14:00:00+00:00,2021-08-31 10:00:00-04:00,107,88.0,79.04997995862811,boost_5y_no_dew_pressure,True
2021-08-27 04:00:00+00:00,2021-08-31 15:00:00+00:00,2021-08-31 11:00:00-04:00,108,88.0,81.34127554850534,boost_5y_no_dew_pressure,True
2021-08-27 04:00:00+00:00,2021-08-31 16:00:00+00:00,2021-08-31 12:00:00-04:00,109,93.0,82.54028954122889,boost_5y_no_dew_pressure,True
2021-08-27 04:00:00+00:00,2021-08-31 17:00:00+00:00,2021-08-31 13:00:00-04:00,110,94.0,84.08890795012267,boost_5y_no_dew_pressure,True
2021-08-27 04:00:00+00:00,2021-08-31 18:00:00+00:00,2021-08-31 14:00:00-04:00,111,92.0,84.28471271482519,boost_5y_no_dew_pressure,True
2021-08-27 04:00:00+00:00,2021-08-31 19:00:00+00:00,2021-08-31 15:00:00-04:00,112,90.0,84.27210698171064,boost_5y_no_dew_pressure,True
2021-08-27 04:00:00+00:00,2021-08-31 20:00:00+00:00,2021-08-31 16:00:00-04:00,113,92.0,83.66993803011273,boost_5y_no_dew_pressure,True
2021-08-27 04:00:00+00:00,2021-08-31 21:00:00+00:00,2021-08-31 17:00:00-04:00,114,88.0,82.54103028150412,boost_5y_no_dew_pressure,True
2021-08-27 04:00:00+00:00,2021-08-31 22:00:00+00:00,2021-08-31 18:00:00-04:00,115,87.0,80.3389461390892,boost_5y_no_dew_pressure,True
2021-08-27 04:00:00+00:00,2021-08-31 23:00:00+00:00,2021-08-31 19:00:00-04:00,116,84.0,77.17365101467348,boost_5y_no_dew_pressure,True
2021-08-27 04:00:00+00:00,2021-09-01 00:00:00+00:00,2021-08-31 20:00:00-04:00,117,83.0,74.72386551909055,boost_5y_no_dew_pressure,True
2021-08-27 04:00:00+00:00,2021-09-01 01:00:00+00:00,2021-08-31 21:00:00-04:00,118,82.0,73.76951948248916,boost_5y_no_dew_pressure,True
2021-08-27 04:00:00+00:00,2021-09-01 02:00:00+00:00,2021-08-31 22:00:00-04:00,119,80.0,72.82692448327448,boost_5y_no_dew_pressure,True
2021-08-27 04:00:00+00:00,2021-09-01 03:00:00+00:00,2021-08-31 23:00:00-04:00,120,79.0,71.92322428086061,boost_5y_no_dew_pressure,True
2021-08-27 04:00:00+00:00,2021-09-01 04:00:00+00:00,2021-09-01 00:00:00-04:00,121,78.0,70.98902854215682,boost_5y_no_dew_pressure,True
2021-08-27 04:00:00+00:00,2021-09-01 05:00:00+00:00,2021-09-01 01:00:00-04:00,122,77.0,70.14059304208735,boost_5y_no_dew_pressure,True
2021-08-27 04:00:00+00:00,2021-09-01 06:00:00+00:00,2021-09-01 02:00:00-04:00,123,77.0,69.32308987911766,boost_5y_no_dew_pressure,True
2021-08-27 04:00:00+00:00,2021-09-01 07:00:00+00:00,2021-09-01 03:00:00-04:00,124,77.0,68.79853967424275,boost_5y_no_dew_pressure,True
2021-08-27 04:00:00+00:00,2021-09-01 08:00:00+00:00,2021-09-01 04:00:00-04:00,125,78.0,68.34502756887981,boost_5y_no_dew_pressure,True
2021-08-27 04:00:00+00:00,2021-09-01 09:00:00+00:00,2021-09-01 05:00:00-04:00,126,78.0,67.86980587103024,boost_5y_no_dew_pressure,True
2021-08-27 04:00:00+00:00,2021-09-01 10:00:00+00:00,2021-09-01 06:00:00-04:00,127,78.0,67.61565225835486,boost_5y_no_dew_pressure,True
2021-08-27 04:00:00+00:00,2021-09-01 11:00:00+00:00,2021-09-01 07:00:00-04:00,128,78.0,69.55385554311283,boost_5y_no_dew_pressure,True
2021-08-27 04:00:00+00:00,2021-09-01 12:00:00+00:00,2021-09-01 08:00:00-04:00,129,80.0,73.29056553617592,boost_5y_no_dew_pressure,True
2021-08-27 04:00:00+00:00,2021-09-01 13:00:00+00:00,2021-09-01 09:00:00-04:00,130,80.0,76.48076356372715,boost_5y_no_dew_pressure,True
2021-08-27 04:00:00+00:00,2021-09-01 14:00:00+00:00,2021-09-01 10:00:00-04:00,131,83.0,79.24379401397317,boost_5y_no_dew_pressure,True
2021-08-27 04:00:00+00:00,2021-09-01 15:00:00+00:00,2021-09-01 11:00:00-04:00,132,83.0,81.53298063990839,boost_5y_no_dew_pressure,True
2021-08-27 04:00:00+00:00,2021-09-01 16:00:00+00:00,2021-09-01 12:00:00-04:00,133,84.0,82.67204963466493,boost_5y_no_dew_pressure,True
2021-08-27 04:00:00+00:00,2021-09-01 17:00:00+00:00,2021-09-01 13:00:00-04:00,134,82.0,84.16442565513867,boost_5y_no_dew_pressure,True
2021-08-27 04:00:00+00:00,2021-09-01 18:00:00+00:00,2021-09-01 14:00:00-04:00,135,84.0,84.4569793337278,boost_5y_no_dew_pressure,True
2021-08-27 04:00:00+00:00,2021-09-01 19:00:00+00:00,2021-09-01 15:00:00-04:00,136,80.0,84.43915632165044,boost_5y_no_dew_pressure,True
2021-08-27 04:00:00+00:00,2021-09-01 20:00:00+00:00,2021-09-01 16:00:00-04:00,137,81.0,83.73030297618608,boost_5y_no_dew_pressure,True
2021-08-27 04:00:00+00:00,2021-09-01 21:00:00+00:00,2021-09-01 17:00:00-04:00,138,80.0,82.67248625116399,boost_5y_no_dew_pressure,True
2021-08-27 04:00:00+00:00,2021-09-01 22:00:00+00:00,2021-09-01 18:00:00-04:00,139,80.0,80.47679575672252,boost_5y_no_dew_pressure,True
2021-08-27 04:00:00+00:00,2021-09-01 23:00:00+00:00,2021-09-01 19:00:00-04:00,140,79.0,77.135304811834,boost_5y_no_dew_pressure,True
2021-08-27 04:00:00+00:00,2021-09-02 00:00:00+00:00,2021-09-01 20:00:00-04:00,141,75.0,74.68303498106357,boost_5y_no_dew_pressure,True
2021-08-27 04:00:00+00:00,2021-09-02 01:00:00+00:00,2021-09-01 21:00:00-04:00,142,73.0,73.67519806125242,boost_5y_no_dew_pressure,True
2021-08-27 04:00:00+00:00,2021-09-02 02:00:00+00:00,2021-09-01 22:00:00-04:00,143,73.0,72.86857326157556,boost_5y_no_dew_pressure,True
2021-08-27 04:00:00+00:00,2021-09-02 03:00:00+00:00,2021-09-01 23:00:00-04:00,144,69.0,71.90593518326435,boost_5y_no_dew_pressure,True
2021-08-27 04:00:00+00:00,2021-09-02 04:00:00+00:00,2021-09-02 00:00:00-04:00,145,68.0,71.15762388051057,boost_5y_no_dew_pressure,True
2021-08-27 04:00:00+00:00,2021-09-02 05:00:00+00:00,2021-09-02 01:00:00-04:00,146,68.0,70.24193619292328,boost_5y_no_dew_pressure,True
2021-08-27 04:00:00+00:00,2021-09-02 06:00:00+00:00,2021-09-02 02:00:00-04:00,147,68.0,69.47461876709342,boost_5y_no_dew_pressure,True
2021-08-27 04:00:00+00:00,2021-09-02 07:00:00+00:00,2021-09-02 03:00:00-04:00,148,69.0,68.89051385293749,boost_5y_no_dew_pressure,True
2021-08-27 04:00:00+00:00,2021-09-02 08:00:00+00:00,2021-09-02 04:00:00-04:00,149,68.0,68.48509681524432,boost_5y_no_dew_pressure,True
2021-08-27 04:00:00+00:00,2021-09-02 09:00:00+00:00,2021-09-02 05:00:00-04:00,150,68.0,68.02879596550135,boost_5y_no_dew_pressure,True
2021-08-27 04:00:00+00:00,2021-09-02 10:00:00+00:00,2021-09-02 06:00:00-04:00,151,68.0,67.76003027024078,boost_5y_no_dew_pressure,True
2021-08-27 04:00:00+00:00,2021-09-02 11:00:00+00:00,2021-09-02 07:00:00-04:00,152,68.0,69.70177637809273,boost_5y_no_dew_pressure,True
2021-08-27 04:00:00+00:00,2021-09-02 12:00:00+00:00,2021-09-02 08:00:00-04:00,153,70.0,73.31840816569296,boost_5y_no_dew_pressure,True
2021-08-27 04:00:00+00:00,2021-09-02 13:00:00+00:00,2021-09-02 09:00:00-04:00,154,72.0,76.56410222306106,boost_5y_no_dew_pressure,True
2021-08-27 04:00:00+00:00,2021-09-02 14:00:00+00:00,2021-09-02 10:00:00-04:00,155,73.0,79.32061286818136,boost_5y_no_dew_pressure,True
2021-08-27 04:00:00+00:00,2021-09-02 15:00:00+00:00,2021-09-02 11:00:00-04:00,156,75.0,81.71516541615433,boost_5y_no_dew_pressure,True
2021-08-27 04:00:00+00:00,2021-09-02 16:00:00+00:00,2021-09-02 12:00:00-04:00,157,78.0,83.02030617989003,boost_5y_no_dew_pressure,True
2021-08-27 04:00:00+00:00,2021-09-02 17:00:00+00:00,2021-09-02 13:00:00-04:00,158,79.0,84.42883143293014,boost_5y_no_dew_pressure,True
2021-08-27 04:00:00+00:00,2021-09-02 18:00:00+00:00,2021-09-02 14:00:00-04:00,159,80.0,84.68476927157205,boost_5y_no_dew_pressure,True
2021-08-27 04:00:00+00:00,2021-09-02 19:00:00+00:00,2021-09-02 15:00:00-04:00,160,80.0,84.76005460343801,boost_5y_no_dew_pressure,True
2021-08-27 04:00:00+00:00,2021-09-02 20:00:00+00:00,2021-09-02 16:00:00-04:00,161,80.0,84.11471549363198,boost_5y_no_dew_pressure,True
2021-08-27 04:00:00+00:00,2021-09-02 21:00:00+00:00,2021-09-02 17:00:00-04:00,162,80.0,82.89649970191324,boost_5y_no_dew_pressure,True
2021-08-27 04:00:00+00:00,2021-09-02 22:00:00+00:00,2021-09-02 18:00:00-04:00,163,76.0,80.57929591469106,boost_5y_no_dew_pressure,True
2021-08-27 04:00:00+00:00,2021-09-02 23:00:00+00:00,2021-09-02 19:00:00-04:00,164,69.0,77.27108409984587,boost_5y_no_dew_pressure,True
2021-08-27 04:00:00+00:00,2021-09-03 00:00:00+00:00,2021-09-02 20:00:00-04:00,165,66.0,74.789096025707,boost_5y_no_dew_pressure,True
2021-08-27 04:00:00+00:00,2021-09-03 01:00:00+00:00,2021-09-02 21:00:00-04:00,166,67.0,73.77239028956043,boost_5y_no_dew_pressure,True
2021-08-27 04:00:00+00:00,2021-09-03 02:00:00+00:00,2021-09-02 22:00:00-04:00,167,62.0,72.86323367845402,boost_5y_no_dew_pressure,True
2021-08-27 04:00:00+00:00,2021-09-03 03:00:00+00:00,2021-09-02 23:00:00-04:00,168,60.0,71.94533245548654,boost_5y_no_dew_pressure,True
2021-08-27 04:00:00+00:00,2021-09-03 04:00:00+00:00,2021-09-03 00:00:00-04:00,169,60.0,71.29597158296198,boost_5y_no_dew_pressure,True
2021-08-27 04:00:00+00:00,2021-09-03 05:00:00+00:00,2021-09-03 01:00:00-04:00,170,59.0,70.41091287257058,boost_5y_no_dew_pressure,True
2021-08-27 04:00:00+00:00,2021-09-03 06:00:00+00:00,2021-09-03 02:00:00-04:00,171,55.0,69.69024233406863,boost_5y_no_dew_pressure,True
2021-08-27 04:00:00+00:00,2021-09-03 07:00:00+00:00,2021-09-03 03:00:00-04:00,172,55.0,69.0811877484848,boost_5y_no_dew_pressure,True
2021-08-27 04:00:00+00:00,2021-09-03 08:00:00+00:00,2021-09-03 04:00:00-04:00,173,55.0,68.63430837971643,boost_5y_no_dew_pressure,True
2021-08-27 04:00:00+00:00,2021-09-03 09:00:00+00:00,2021-09-03 05:00:00-04:00,174,57.0,68.3173716777316,boost_5y_no_dew_pressure,True
2021-08-27 04:00:00+00:00,2021-09-03 10:00:00+00:00,2021-09-03 06:00:00-04:00,175,57.0,67.93957735595022,boost_5y_no_dew_pressure,True
2021-08-27 04:00:00+00:00,2021-09-03 11:00:00+00:00,2021-09-03 07:00:00-04:00,176,60.0,69.82968099123684,boost_5y_no_dew_pressure,True
2021-08-27 04:00:00+00:00,2021-09-03 12:00:00+00:00,2021-09-03 08:00:00-04:00,177,66.0,73.40589980178743,boost_5y_no_dew_pressure,True
2021-08-27 04:00:00+00:00,2021-09-03 13:00:00+00:00,2021-09-03 09:00:00-04:00,178,70.0,76.63801114199289,boost_5y_no_dew_pressure,True
2021-08-27 04:00:00+00:00,2021-09-03 14:00:00+00:00,2021-09-03 10:00:00-04:00,179,74.0,79.3776432365423,boost_5y_no_dew_pressure,True
2021-08-27 04:00:00+00:00,2021-09-03 15:00:00+00:00,2021-09-03 11:00:00-04:00,180,77.0,81.75454063213202,boost_5y_no_dew_pressure,True
2021-08-27 04:00:00+00:00,2021-09-03 16:00:00+00:00,2021-09-03 12:00:00-04:00,181,79.0,83.12240478714313,boost_5y_no_dew_pressure,True
2021-08-27 04:00:00+00:00,2021-09-03 17:00:00+00:00,2021-09-03 13:00:00-04:00,182,79.0,84.52372474749384,boost_5y_no_dew_pressure,True
2021-08-27 04:00:00+00:00,2021-09-03 18:00:00+00:00,2021-09-03 14:00:00-04:00,183,81.0,84.75392266288952,boost_5y_no_dew_pressure,True
2021-08-27 04:00:00+00:00,2021-09-03 19:00:00+00:00,2021-09-03 15:00:00-04:00,184,83.0,84.90588506088264,boost_5y_no_dew_pressure,True
2021-08-27 04:00:00+00:00,2021-09-03 20:00:00+00:00,2021-09-03 16:00:00-04:00,185,81.0,84.31072467951323,boost_5y_no_dew_pressure,True
2021-08-27 04:00:00+00:00,2021-09-03 21:00:00+00:00,2021-09-03 17:00:00-04:00,186,80.0,83.02156045013385,boost_5y_no_dew_pressure,True
2021-08-27 04:00:00+00:00,2021-09-03 22:00:00+00:00,2021-09-03 18:00:00-04:00,187,78.0,80.73987803379786,boost_5y_no_dew_pressure,True
2021-08-27 04:00:00+00:00,2021-09-03 23:00:00+00:00,2021-09-03 19:00:00-04:00,188,71.0,77.40280417928854,boost_5y_no_dew_pressure,True
2021-08-27 04:00:00+00:00,2021-09-04 00:00:00+00:00,2021-09-03 20:00:00-04:00,189,69.0,74.91686387176988,boost_5y_no_dew_pressure,True
2021-08-27 04:00:00+00:00,2021-09-04 01:00:00+00:00,2021-09-03 21:00:00-04:00,190,68.0,73.76712522626102,boost_5y_no_dew_pressure,True
2021-08-27 04:00:00+00:00,2021-09-04 02:00:00+00:00,2021-09-03 22:00:00-04:00,191,63.0,72.86064485819483,boost_5y_no_dew_pressure,True
2021-08-27 04:00:00+00:00,2021-09-04 03:00:00+00:00,2021-09-03 23:00:00-04:00,192,67.0,71.95758074551472,boost_5y_no_dew_pressure,True
2021-08-27 04:00:00+00:00,2021-09-04 04:00:00+00:00,2021-09-04 00:00:00-04:00,193,62.0,71.25402422848731,boost_5y_no_dew_pressure,True
2021-08-27 04:00:00+00:00,2021-09-04 05:00:00+00:00,2021-09-04 01:00:00-04:00,194,61.0,70.45309517350071,boost_5y_no_dew_pressure,True
2021-08-27 04:00:00+00:00,2021-09-04 06:00:00+00:00,2021-09-04 02:00:00-04:00,195,58.0,69.73217893286107,boost_5y_no_dew_pressure,True
2021-08-27 04:00:00+00:00,2021-09-04 07:00:00+00:00,2021-09-04 03:00:00-04:00,196,57.0,69.1312753298216,boost_5y_no_dew_pressure,True
2021-08-27 04:00:00+00:00,2021-09-04 08:00:00+00:00,2021-09-04 04:00:00-04:00,197,56.0,68.6637175234067,boost_5y_no_dew_pressure,True
2021-08-27 04:00:00+00:00,2021-09-04 09:00:00+00:00,2021-09-04 05:00:00-04:00,198,56.0,68.36493965227129,boost_5y_no_dew_pressure,True
2021-08-27 04:00:00+00:00,2021-09-04 10:00:00+00:00,2021-09-04 06:00:00-04:00,199,55.0,68.04818955847173,boost_5y_no_dew_pressure,True
2021-08-27 04:00:00+00:00,2021-09-04 11:00:00+00:00,2021-09-04 07:00:00-04:00,200,59.0,69.85782316109491,boost_5y_no_dew_pressure,True
2021-08-27 04:00:00+00:00,2021-09-04 12:00:00+00:00,2021-09-04 08:00:00-04:00,201,67.0,73.25933717608949,boost_5y_no_dew_pressure,True
2021-08-27 04:00:00+00:00,2021-09-04 13:00:00+00:00,2021-09-04 09:00:00-04:00,202,73.0,76.53794143775873,boost_5y_no_dew_pressure,True
2021-08-27 04:00:00+00:00,2021-09-04 14:00:00+00:00,2021-09-04 10:00:00-04:00,203,75.0,79.17841236236775,boost_5y_no_dew_pressure,True
2021-08-27 04:00:00+00:00,2021-09-04 15:00:00+00:00,2021-09-04 11:00:00-04:00,204,79.0,81.55679556068635,boost_5y_no_dew_pressure,True
2021-08-27 04:00:00+00:00,2021-09-04 16:00:00+00:00,2021-09-04 12:00:00-04:00,205,80.0,82.89609966394808,boost_5y_no_dew_pressure,True
2021-08-27 04:00:00+00:00,2021-09-04 17:00:00+00:00,2021-09-04 13:00:00-04:00,206,85.0,84.38135517978382,boost_5y_no_dew_pressure,True
2021-08-27 04:00:00+00:00,2021-09-04 18:00:00+00:00,2021-09-04 14:00:00-04:00,207,85.0,84.65488397700534,boost_5y_no_dew_pressure,True
2021-08-27 04:00:00+00:00,2021-09-04 19:00:00+00:00,2021-09-04 15:00:00-04:00,208,85.0,84.78404051031265,boost_5y_no_dew_pressure,True
2021-08-27 04:00:00+00:00,2021-09-04 20:00:00+00:00,2021-09-04 16:00:00-04:00,209,83.0,84.22407673258067,boost_5y_no_dew_pressure,True
2021-08-27 04:00:00+00:00,2021-09-04 21:00:00+00:00,2021-09-04 17:00:00-04:00,210,82.0,82.96734924058865,boost_5y_no_dew_pressure,True
2021-08-27 04:00:00+00:00,2021-09-04 22:00:00+00:00,2021-09-04 18:00:00-04:00,211,81.0,80.59598363111783,boost_5y_no_dew_pressure,True
2021-08-27 04:00:00+00:00,2021-09-04 23:00:00+00:00,2021-09-04 19:00:00-04:00,212,75.0,77.30365337134901,boost_5y_no_dew_pressure,True
2021-08-27 04:00:00+00:00,2021-09-05 00:00:00+00:00,2021-09-04 20:00:00-04:00,213,74.0,74.90449409646517,boost_5y_no_dew_pressure,True
2021-08-27 04:00:00+00:00,2021-09-05 01:00:00+00:00,2021-09-04 21:00:00-04:00,214,71.0,73.74415625225217,boost_5y_no_dew_pressure,True
2021-08-27 04:00:00+00:00,2021-09-05 02:00:00+00:00,2021-09-04 22:00:00-04:00,215,70.0,72.86382306788495,boost_5y_no_dew_pressure,True
2021-08-27 04:00:00+00:00,2021-09-05 03:00:00+00:00,2021-09-04 23:00:00-04:00,216,69.0,72.06519266884175,boost_5y_no_dew_pressure,True
2021-08-27 04:00:00+00:00,2021-09-05 04:00:00+00:00,2021-09-05 00:00:00-04:00,217,69.0,71.11956376566698,boost_5y_no_dew_pressure,True
2021-08-27 04:00:00+00:00,2021-09-05 05:00:00+00:00,2021-09-05 01:00:00-04:00,218,69.0,70.41382264147995,boost_5y_no_dew_pressure,True
2021-08-27 04:00:00+00:00,2021-09-05 06:00:00+00:00,2021-09-05 02:00:00-04:00,219,67.0,69.69473541806022,boost_5y_no_dew_pressure,True
2021-08-27 04:00:00+00:00,2021-09-05 07:00:00+00:00,2021-09-05 03:00:00-04:00,220,68.0,69.08230227148633,boost_5y_no_dew_pressure,True
2021-08-27 04:00:00+00:00,2021-09-05 08:00:00+00:00,2021-09-05 04:00:00-04:00,221,66.0,68.62985670874156,boost_5y_no_dew_pressure,True
2021-08-27 04:00:00+00:00,2021-09-05 09:00:00+00:00,2021-09-05 05:00:00-04:00,222,64.0,68.29790702416803,boost_5y_no_dew_pressure,True
2021-08-27 04:00:00+00:00,2021-09-05 10:00:00+00:00,2021-09-05 06:00:00-04:00,223,64.0,67.99126523107363,boost_5y_no_dew_pressure,True
2021-08-27 04:00:00+00:00,2021-09-05 11:00:00+00:00,2021-09-05 07:00:00-04:00,224,67.0,69.75860306032483,boost_5y_no_dew_pressure,True
2021-08-27 04:00:00+00:00,2021-09-05 12:00:00+00:00,2021-09-05 08:00:00-04:00,225,71.0,73.06928087545198,boost_5y_no_dew_pressure,True
2021-08-27 04:00:00+00:00,2021-09-05 13:00:00+00:00,2021-09-05 09:00:00-04:00,226,76.0,76.1657993819947,boost_5y_no_dew_pressure,True
2021-08-27 04:00:00+00:00,2021-09-05 14:00:00+00:00,2021-09-05 10:00:00-04:00,227,80.0,78.70837980536034,boost_5y_no_dew_pressure,True
2021-08-27 04:00:00+00:00,2021-09-05 15:00:00+00:00,2021-09-05 11:00:00-04:00,228,83.0,81.12815552619531,boost_5y_no_dew_pressure,True
2021-08-27 04:00:00+00:00,2021-09-05 16:00:00+00:00,2021-09-05 12:00:00-04:00,229,86.0,82.45512700329012,boost_5y_no_dew_pressure,True
2021-08-27 04:00:00+00:00,2021-09-05 17:00:00+00:00,2021-09-05 13:00:00-04:00,230,86.0,83.9481001043394,boost_5y_no_dew_pressure,True
2021-08-27 04:00:00+00:00,2021-09-05 18:00:00+00:00,2021-09-05 14:00:00-04:00,231,89.0,84.29008287739222,boost_5y_no_dew_pressure,True
2021-08-27 04:00:00+00:00,2021-09-05 19:00:00+00:00,2021-09-05 15:00:00-04:00,232,88.0,84.64631157309114,boost_5y_no_dew_pressure,True
2021-08-27 04:00:00+00:00,2021-09-05 20:00:00+00:00,2021-09-05 16:00:00-04:00,233,88.0,84.06250033339496,boost_5y_no_dew_pressure,True
2021-08-27 04:00:00+00:00,2021-09-05 21:00:00+00:00,2021-09-05 17:00:00-04:00,234,86.0,82.71111674840294,boost_5y_no_dew_pressure,True
2021-08-27 04:00:00+00:00,2021-09-05 22:00:00+00:00,2021-09-05 18:00:00-04:00,235,83.0,80.35368652496321,boost_5y_no_dew_pressure,True
2021-08-27 04:00:00+00:00,2021-09-05 23:00:00+00:00,2021-09-05 19:00:00-04:00,236,77.0,77.10377362633487,boost_5y_no_dew_pressure,True
2021-08-27 04:00:00+00:00,2021-09-06 00:00:00+00:00,2021-09-05 20:00:00-04:00,237,76.0,74.73110350857347,boost_5y_no_dew_pressure,True
2021-08-27 04:00:00+00:00,2021-09-06 01:00:00+00:00,2021-09-05 21:00:00-04:00,238,74.0,73.56037560249386,boost_5y_no_dew_pressure,True
2021-08-27 04:00:00+00:00,2021-09-06 02:00:00+00:00,2021-09-05 22:00:00-04:00,239,71.0,72.60294509339364,boost_5y_no_dew_pressure,True
2021-08-27 04:00:00+00:00,2021-09-06 03:00:00+00:00,2021-09-05 23:00:00-04:00,240,71.0,71.92083659540177,boost_5y_no_dew_pressure,True
2021-08-27 04:00:00+00:00,2021-09-06 04:00:00+00:00,2021-09-06 00:00:00-04:00,241,69.0,70.99312631788085,boost_5y_no_dew_pressure,True
2021-08-27 04:00:00+00:00,2021-09-06 05:00:00+00:00,2021-09-06 01:00:00-04:00,242,69.0,70.26283027420382,boost_5y_no_dew_pressure,True
2021-08-27 04:00:00+00:00,2021-09-06 06:00:00+00:00,2021-09-06 02:00:00-04:00,243,67.0,69.51915900421182,boost_5y_no_dew_pressure,True
2021-08-27 04:00:00+00:00,2021-09-06 07:00:00+00:00,2021-09-06 03:00:00-04:00,244,68.0,68.97544641906318,boost_5y_no_dew_pressure,True
2021-08-27 04:00:00+00:00,2021-09-06 08:00:00+00:00,2021-09-06 04:00:00-04:00,245,66.0,68.55169308861302,boost_5y_no_dew_pressure,True
2021-08-27 04:00:00+00:00,2021-09-06 09:00:00+00:00,2021-09-06 05:00:00-04:00,246,68.0,68.22537657681724,boost_5y_no_dew_pressure,True
2021-08-27 04:00:00+00:00,2021-09-06 10:00:00+00:00,2021-09-06 06:00:00-04:00,247,68.0,67.9275083198675,boost_5y_no_dew_pressure,True
2021-08-27 04:00:00+00:00,2021-09-06 11:00:00+00:00,2021-09-06 07:00:00-04:00,248,69.0,69.65832410783997,boost_5y_no_dew_pressure,True
2021-08-27 04:00:00+00:00,2021-09-06 12:00:00+00:00,2021-09-06 08:00:00-04:00,249,73.0,72.92993408394334,boost_5y_no_dew_pressure,True
2021-08-27 04:00:00+00:00,2021-09-06 13:00:00+00:00,2021-09-06 09:00:00-04:00,250,77.0,76.03870817029514,boost_5y_no_dew_pressure,True
2021-08-27 04:00:00+00:00,2021-09-06 14:00:00+00:00,2021-09-06 10:00:00-04:00,251,79.0,78.56177844847393,boost_5y_no_dew_pressure,True
2021-08-27 04:00:00+00:00,2021-09-06 15:00:00+00:00,2021-09-06 11:00:00-04:00,252,80.0,80.99761524120764,boost_5y_no_dew_pressure,True
2021-08-27 04:00:00+00:00,2021-09-06 16:00:00+00:00,2021-09-06 12:00:00-04:00,253,81.0,82.38048712905629,boost_5y_no_dew_pressure,True
2021-08-27 04:00:00+00:00,2021-09-06 17:00:00+00:00,2021-09-06 13:00:00-04:00,254,80.0,83.80764883489053,boost_5y_no_dew_pressure,True
2021-08-27 04:00:00+00:00,2021-09-06 18:00:00+00:00,2021-09-06 14:00:00-04:00,255,81.0,84.10728980001535,boost_5y_no_dew_pressure,True
2021-08-27 04:00:00+00:00,2021-09-06 19:00:00+00:00,2021-09-06 15:00:00-04:00,256,83.0,84.33261946407994,boost_5y_no_dew_pressure,True
2021-08-27 04:00:00+00:00,2021-09-06 20:00:00+00:00,2021-09-06 16:00:00-04:00,257,83.0,83.72299052183202,boost_5y_no_dew_pressure,True
2021-08-27 04:00:00+00:00,2021-09-06 21:00:00+00:00,2021-09-06 17:00:00-04:00,258,84.0,82.34623451132575,boost_5y_no_dew_pressure,True
2021-08-27 04:00:00+00:00,2021-09-06 22:00:00+00:00,2021-09-06 18:00:00-04:00,259,82.0,80.03528230608185,boost_5y_no_dew_pressure,True
2021-08-27 04:00:00+00:00,2021-09-06 23:00:00+00:00,2021-09-06 19:00:00-04:00,260,76.0,76.79841353639179,boost_5y_no_dew_pressure,True
2021-08-27 04:00:00+00:00,2021-09-07 00:00:00+00:00,2021-09-06 20:00:00-04:00,261,74.0,74.5880919954695,boost_5y_no_dew_pressure,True
2021-08-27 04:00:00+00:00,2021-09-07 01:00:00+00:00,2021-09-06 21:00:00-04:00,262,72.0,73.41712976917344,boost_5y_no_dew_pressure,True
2021-08-27 04:00:00+00:00,2021-09-07 02:00:00+00:00,2021-09-06 22:00:00-04:00,263,71.0,72.5128015051415,boost_5y_no_dew_pressure,True
2021-08-27 04:00:00+00:00,2021-09-07 03:00:00+00:00,2021-09-06 23:00:00-04:00,264,70.0,71.81052871190789,boost_5y_no_dew_pressure,True
2021-08-27 04:00:00+00:00,2021-09-07 04:00:00+00:00,2021-09-07 00:00:00-04:00,265,72.0,70.9928084262875,boost_5y_no_dew_pressure,True
2021-08-27 04:00:00+00:00,2021-09-07 05:00:00+00:00,2021-09-07 01:00:00-04:00,266,69.0,70.22738618198956,boost_5y_no_dew_pressure,True
2021-08-27 04:00:00+00:00,2021-09-07 06:00:00+00:00,2021-09-07 02:00:00-04:00,267,66.0,69.53698540622668,boost_5y_no_dew_pressure,True
2021-08-27 04:00:00+00:00,2021-09-07 07:00:00+00:00,2021-09-07 03:00:00-04:00,268,65.0,69.01987751537293,boost_5y_no_dew_pressure,True
2021-08-27 04:00:00+00:00,2021-09-07 08:00:00+00:00,2021-09-07 04:00:00-04:00,269,63.0,68.51606306732867,boost_5y_no_dew_pressure,True
2021-08-27 04:00:00+00:00,2021-09-07 09:00:00+00:00,2021-09-07 05:00:00-04:00,270,63.0,68.25925345779304,boost_5y_no_dew_pressure,True
2021-08-27 04:00:00+00:00,2021-09-07 10:00:00+00:00,2021-09-07 06:00:00-04:00,271,62.0,67.98600603789507,boost_5y_no_dew_pressure,True
2021-08-27 04:00:00+00:00,2021-09-07 11:00:00+00:00,2021-09-07 07:00:00-04:00,272,66.0,69.61160231776977,boost_5y_no_dew_pressure,True
2021-08-27 04:00:00+00:00,2021-09-07 12:00:00+00:00,2021-09-07 08:00:00-04:00,273,72.0,72.79887623210243,boost_5y_no_dew_pressure,True
2021-08-27 04:00:00+00:00,2021-09-07 13:00:00+00:00,2021-09-07 09:00:00-04:00,274,77.0,75.89973772360435,boost_5y_no_dew_pressure,True
2021-08-27 04:00:00+00:00,2021-09-07 14:00:00+00:00,2021-09-07 10:00:00-04:00,275,,78.39717980389581,boost_5y_no_dew_pressure,False
2021-08-27 04:00:00+00:00,2021-09-07 15:00:00+00:00,2021-09-07 11:00:00-04:00,276,84.0,80.83849317383455,boost_5y_no_dew_pressure,True
2021-08-27 04:00:00+00:00,2021-09-07 16:00:00+00:00,2021-09-07 12:00:00-04:00,277,85.0,82.20231744614682,boost_5y_no_dew_pressure,True
2021-08-27 04:00:00+00:00,2021-09-07 17:00:00+00:00,2021-09-07 13:00:00-04:00,278,86.0,83.63201381782942,boost_5y_no_dew_pressure,True
2021-08-27 04:00:00+00:00,2021-09-07 18:00:00+00:00,2021-09-07 14:00:00-04:00,279,88.0,83.86014710808732,boost_5y_no_dew_pressure,True
2021-08-27 04:00:00+00:00,2021-09-07 19:00:00+00:00,2021-09-07 15:00:00-04:00,280,88.0,84.04874274936516,boost_5y_no_dew_pressure,True
2021-08-27 04:00:00+00:00,2021-09-07 20:00:00+00:00,2021-09-07 16:00:00-04:00,281,90.0,83.45176094177302,boost_5y_no_dew_pressure,True
2021-08-27 04:00:00+00:00,2021-09-07 21:00:00+00:00,2021-09-07 17:00:00-04:00,282,88.0,82.02310907693048,boost_5y_no_dew_pressure,True
2021-08-27 04:00:00+00:00,2021-09-07 22:00:00+00:00,2021-09-07 18:00:00-04:00,283,85.0,79.73002569502209,boost_5y_no_dew_pressure,True
2021-08-27 04:00:00+00:00,2021-09-07 23:00:00+00:00,2021-09-07 19:00:00-04:00,284,80.0,76.54372180183167,boost_5y_no_dew_pressure,True
2021-08-27 04:00:00+00:00,2021-09-08 00:00:00+00:00,2021-09-07 20:00:00-04:00,285,77.0,74.43481003605298,boost_5y_no_dew_pressure,True
2021-08-27 04:00:00+00:00,2021-09-08 01:00:00+00:00,2021-09-07 21:00:00-04:00,286,77.0,73.18751085611254,boost_5y_no_dew_pressure,True
2021-08-27 04:00:00+00:00,2021-09-08 02:00:00+00:00,2021-09-07 22:00:00-04:00,287,75.0,72.30933826340687,boost_5y_no_dew_pressure,True
2021-08-27 04:00:00+00:00,2021-09-08 03:00:00+00:00,2021-09-07 23:00:00-04:00,288,74.0,71.67019189195905,boost_5y_no_dew_pressure,True
2021-08-27 04:00:00+00:00,2021-09-08 04:00:00+00:00,2021-09-08 00:00:00-04:00,289,74.0,70.82121385719444,boost_5y_no_dew_pressure,True
2021-08-27 04:00:00+00:00,2021-09-08 05:00:00+00:00,2021-09-08 01:00:00-04:00,290,74.0,70.1833120233698,boost_5y_no_dew_pressure,True
2021-08-27 04:00:00+00:00,2021-09-08 06:00:00+00:00,2021-09-08 02:00:00-04:00,291,74.0,69.59871458311738,boost_5y_no_dew_pressure,True
2021-08-27 04:00:00+00:00,2021-09-08 07:00:00+00:00,2021-09-08 03:00:00-04:00,292,74.0,69.01408860226661,boost_5y_no_dew_pressure,True
2021-08-27 04:00:00+00:00,2021-09-08 08:00:00+00:00,2021-09-08 04:00:00-04:00,293,73.0,68.61610114114129,boost_5y_no_dew_pressure,True
2021-08-27 04:00:00+00:00,2021-09-08 09:00:00+00:00,2021-09-08 05:00:00-04:00,294,72.0,68.36024621184811,boost_5y_no_dew_pressure,True
2021-08-27 04:00:00+00:00,2021-09-08 10:00:00+00:00,2021-09-08 06:00:00-04:00,295,74.0,68.07564651862013,boost_5y_no_dew_pressure,True
2021-08-27 04:00:00+00:00,2021-09-08 11:00:00+00:00,2021-09-08 07:00:00-04:00,296,74.0,69.59479551557153,boost_5y_no_dew_pressure,True
2021-08-27 04:00:00+00:00,2021-09-08 12:00:00+00:00,2021-09-08 08:00:00-04:00,297,76.0,72.76505292058519,boost_5y_no_dew_pressure,True
2021-08-27 04:00:00+00:00,2021-09-08 13:00:00+00:00,2021-09-08 09:00:00-04:00,298,78.0,75.86794903882222,boost_5y_no_dew_pressure,True
2021-08-27 04:00:00+00:00,2021-09-08 14:00:00+00:00,2021-09-08 10:00:00-04:00,299,78.0,78.3330900452064,boost_5y_no_dew_pressure,True
2021-08-27 04:00:00+00:00,2021-09-08 15:00:00+00:00,2021-09-08 11:00:00-04:00,300,78.0,80.70717775708312,boost_5y_no_dew_pressure,True
2021-08-27 04:00:00+00:00,2021-09-08 16:00:00+00:00,2021-09-08 12:00:00-04:00,301,84.0,81.96306718415117,boost_5y_no_dew_pressure,True
2021-08-27 04:00:00+00:00,2021-09-08 17:00:00+00:00,2021-09-08 13:00:00-04:00,302,86.0,83.40646694332862,boost_5y_no_dew_pressure,True
2021-08-27 04:00:00+00:00,2021-09-08 18:00:00+00:00,2021-09-08 14:00:00-04:00,303,89.0,83.57607405690119,boost_5y_no_dew_pressure,True
2021-08-27 04:00:00+00:00,2021-09-08 19:00:00+00:00,2021-09-08 15:00:00-04:00,304,92.0,83.78176596459129,boost_5y_no_dew_pressure,True
2021-08-27 04:00:00+00:00,2021-09-08 20:00:00+00:00,2021-09-08 16:00:00-04:00,305,88.0,83.16906488628152,boost_5y_no_dew_pressure,True
2021-08-27 04:00:00+00:00,2021-09-08 21:00:00+00:00,2021-09-08 17:00:00-04:00,306,86.0,81.68879129109133,boost_5y_no_dew_pressure,True
2021-08-27 04:00:00+00:00,2021-09-08 22:00:00+00:00,2021-09-08 18:00:00-04:00,307,84.0,79.43545023682775,boost_5y_no_dew_pressure,True
2021-08-27 04:00:00+00:00,2021-09-08 23:00:00+00:00,2021-09-08 19:00:00-04:00,308,78.0,76.4088592665351,boost_5y_no_dew_pressure,True
2021-08-27 04:00:00+00:00,2021-09-09 00:00:00+00:00,2021-09-08 20:00:00-04:00,309,75.0,74.30040221510986,boost_5y_no_dew_pressure,True
2021-08-27 04:00:00+00:00,2021-09-09 01:00:00+00:00,2021-09-08 21:00:00-04:00,310,73.0,72.99492538395266,boost_5y_no_dew_pressure,True
2021-08-27 04:00:00+00:00,2021-09-09 02:00:00+00:00,2021-09-08 22:00:00-04:00,311,73.0,72.07726671646951,boost_5y_no_dew_pressure,True
2021-08-27 04:00:00+00:00,2021-09-09 03:00:00+00:00,2021-09-08 23:00:00-04:00,312,73.0,71.42041854203123,boost_5y_no_dew_pressure,True
2021-08-27 04:00:00+00:00,2021-09-09 04:00:00+00:00,2021-09-09 00:00:00-04:00,313,74.0,70.66173734304395,boost_5y_no_dew_pressure,True
2021-08-27 04:00:00+00:00,2021-09-09 05:00:00+00:00,2021-09-09 01:00:00-04:00,314,73.0,70.00939152484628,boost_5y_no_dew_pressure,True
2021-08-27 04:00:00+00:00,2021-09-09 06:00:00+00:00,2021-09-09 02:00:00-04:00,315,74.0,69.41036541930097,boost_5y_no_dew_pressure,True
2021-08-27 04:00:00+00:00,2021-09-09 07:00:00+00:00,2021-09-09 03:00:00-04:00,316,74.0,68.90465921427646,boost_5y_no_dew_pressure,True
2021-08-27 04:00:00+00:00,2021-09-09 08:00:00+00:00,2021-09-09 04:00:00-04:00,317,74.0,68.51893976171667,boost_5y_no_dew_pressure,True
2021-08-27 04:00:00+00:00,2021-09-09 09:00:00+00:00,2021-09-09 05:00:00-04:00,318,73.0,68.21184964001027,boost_5y_no_dew_pressure,True
2021-08-27 04:00:00+00:00,2021-09-09 10:00:00+00:00,2021-09-09 06:00:00-04:00,319,73.0,67.91173413049945,boost_5y_no_dew_pressure,True
2021-08-27 04:00:00+00:00,2021-09-09 11:00:00+00:00,2021-09-09 07:00:00-04:00,320,74.0,69.41052120029691,boost_5y_no_dew_pressure,True
2021-08-27 04:00:00+00:00,2021-09-09 12:00:00+00:00,2021-09-09 08:00:00-04:00,321,75.0,72.56131314048108,boost_5y_no_dew_pressure,True
2021-08-27 04:00:00+00:00,2021-09-09 13:00:00+00:00,2021-09-09 09:00:00-04:00,322,74.0,75.69172035422083,boost_5y_no_dew_pressure,True
2021-08-27 04:00:00+00:00,2021-09-09 14:00:00+00:00,2021-09-09 10:00:00-04:00,323,72.0,78.15695426796904,boost_5y_no_dew_pressure,True
2021-08-27 04:00:00+00:00,2021-09-09 15:00:00+00:00,2021-09-09 11:00:00-04:00,324,71.0,80.54383037442729,boost_5y_no_dew_pressure,True
2021-08-27 04:00:00+00:00,2021-09-09 16:00:00+00:00,2021-09-09 12:00:00-04:00,325,70.0,81.7720020330021,boost_5y_no_dew_pressure,True
2021-08-27 04:00:00+00:00,2021-09-09 17:00:00+00:00,2021-09-09 13:00:00-04:00,326,70.0,83.13218321188315,boost_5y_no_dew_pressure,True
2021-08-27 04:00:00+00:00,2021-09-09 18:00:00+00:00,2021-09-09 14:00:00-04:00,327,71.0,83.36744401373893,boost_5y_no_dew_pressure,True
2021-08-27 04:00:00+00:00,2021-09-09 19:00:00+00:00,2021-09-09 15:00:00-04:00,328,72.0,83.70470912435262,boost_5y_no_dew_pressure,True
2021-08-27 04:00:00+00:00,2021-09-09 20:00:00+00:00,2021-09-09 16:00:00-04:00,329,72.0,83.21525270506346,boost_5y_no_dew_pressure,True
2021-08-27 04:00:00+00:00,2021-09-09 21:00:00+00:00,2021-09-09 17:00:00-04:00,330,73.0,81.8554342378174,boost_5y_no_dew_pressure,True
2021-08-27 04:00:00+00:00,2021-09-09 22:00:00+00:00,2021-09-09 18:00:00-04:00,331,73.0,79.50844924489307,boost_5y_no_dew_pressure,True
2021-08-27 04:00:00+00:00,2021-09-09 23:00:00+00:00,2021-09-09 19:00:00-04:00,332,69.0,76.3748616707431,boost_5y_no_dew_pressure,True
2021-08-27 04:00:00+00:00,2021-09-10 00:00:00+00:00,2021-09-09 20:00:00-04:00,333,67.0,74.28227938534717,boost_5y_no_dew_pressure,True
2021-08-27 04:00:00+00:00,2021-09-10 01:00:00+00:00,2021-09-09 21:00:00-04:00,334,65.0,72.88279966138144,boost_5y_no_dew_pressure,True
2021-08-27 04:00:00+00:00,2021-09-10 02:00:00+00:00,2021-09-09 22:00:00-04:00,335,64.0,71.93733758048134,boost_5y_no_dew_pressure,True
2021-08-27 04:00:00+00:00,2021-09-10 03:00:00+00:00,2021-09-09 23:00:00-04:00,336,63.0,71.28958383438626,boost_5y_no_dew_pressure,True
2021-09-03 04:00:00+00:00,2021-09-03 04:00:00+00:00,2021-09-03 00:00:00-04:00,1,60.0,71.42126832283886,boost_5y_no_dew_pressure,True
2021-09-03 04:00:00+00:00,2021-09-03 05:00:00+00:00,2021-09-03 01:00:00-04:00,2,59.0,70.59355656780366,boost_5y_no_dew_pressure,True
2021-09-03 04:00:00+00:00,2021-09-03 06:00:00+00:00,2021-09-03 02:00:00-04:00,3,55.0,69.86119387658532,boost_5y_no_dew_pressure,True
2021-09-03 04:00:00+00:00,2021-09-03 07:00:00+00:00,2021-09-03 03:00:00-04:00,4,55.0,69.21017278736392,boost_5y_no_dew_pressure,True
2021-09-03 04:00:00+00:00,2021-09-03 08:00:00+00:00,2021-09-03 04:00:00-04:00,5,55.0,68.8024276641816,boost_5y_no_dew_pressure,True
2021-09-03 04:00:00+00:00,2021-09-03 09:00:00+00:00,2021-09-03 05:00:00-04:00,6,57.0,68.42355273631402,boost_5y_no_dew_pressure,True
2021-09-03 04:00:00+00:00,2021-09-03 10:00:00+00:00,2021-09-03 06:00:00-04:00,7,57.0,68.23250845669985,boost_5y_no_dew_pressure,True
2021-09-03 04:00:00+00:00,2021-09-03 11:00:00+00:00,2021-09-03 07:00:00-04:00,8,60.0,69.9767530650006,boost_5y_no_dew_pressure,True
2021-09-03 04:00:00+00:00,2021-09-03 12:00:00+00:00,2021-09-03 08:00:00-04:00,9,66.0,73.49941588352108,boost_5y_no_dew_pressure,True
2021-09-03 04:00:00+00:00,2021-09-03 13:00:00+00:00,2021-09-03 09:00:00-04:00,10,70.0,76.60208875884803,boost_5y_no_dew_pressure,True
2021-09-03 04:00:00+00:00,2021-09-03 14:00:00+00:00,2021-09-03 10:00:00-04:00,11,74.0,79.55206745948783,boost_5y_no_dew_pressure,True
2021-09-03 04:00:00+00:00,2021-09-03 15:00:00+00:00,2021-09-03 11:00:00-04:00,12,77.0,81.94769344346113,boost_5y_no_dew_pressure,True
2021-09-03 04:00:00+00:00,2021-09-03 16:00:00+00:00,2021-09-03 12:00:00-04:00,13,79.0,83.23044039503603,boost_5y_no_dew_pressure,True
2021-09-03 04:00:00+00:00,2021-09-03 17:00:00+00:00,2021-09-03 13:00:00-04:00,14,79.0,84.35405683132223,boost_5y_no_dew_pressure,True
2021-09-03 04:00:00+00:00,2021-09-03 18:00:00+00:00,2021-09-03 14:00:00-04:00,15,81.0,84.8449341793818,boost_5y_no_dew_pressure,True
2021-09-03 04:00:00+00:00,2021-09-03 19:00:00+00:00,2021-09-03 15:00:00-04:00,16,83.0,85.28154607916397,boost_5y_no_dew_pressure,True
2021-09-03 04:00:00+00:00,2021-09-03 20:00:00+00:00,2021-09-03 16:00:00-04:00,17,81.0,84.71400937599498,boost_5y_no_dew_pressure,True
2021-09-03 04:00:00+00:00,2021-09-03 21:00:00+00:00,2021-09-03 17:00:00-04:00,18,80.0,83.65300507187254,boost_5y_no_dew_pressure,True
2021-09-03 04:00:00+00:00,2021-09-03 22:00:00+00:00,2021-09-03 18:00:00-04:00,19,78.0,81.61853379085882,boost_5y_no_dew_pressure,True
2021-09-03 04:00:00+00:00,2021-09-03 23:00:00+00:00,2021-09-03 19:00:00-04:00,20,71.0,78.850219256478,boost_5y_no_dew_pressure,True
2021-09-03 04:00:00+00:00,2021-09-04 00:00:00+00:00,2021-09-03 20:00:00-04:00,21,69.0,76.35918700009098,boost_5y_no_dew_pressure,True
2021-09-03 04:00:00+00:00,2021-09-04 01:00:00+00:00,2021-09-03 21:00:00-04:00,22,68.0,75.16550977805696,boost_5y_no_dew_pressure,True
2021-09-03 04:00:00+00:00,2021-09-04 02:00:00+00:00,2021-09-03 22:00:00-04:00,23,63.0,74.01262138979082,boost_5y_no_dew_pressure,True
2021-09-03 04:00:00+00:00,2021-09-04 03:00:00+00:00,2021-09-03 23:00:00-04:00,24,67.0,73.14083874902006,boost_5y_no_dew_pressure,True
2021-09-03 04:00:00+00:00,2021-09-04 04:00:00+00:00,2021-09-04 00:00:00-04:00,25,62.0,72.35506097905032,boost_5y_no_dew_pressure,True
2021-09-03 04:00:00+00:00,2021-09-04 05:00:00+00:00,2021-09-04 01:00:00-04:00,26,61.0,71.54529592487177,boost_5y_no_dew_pressure,True
2021-09-03 04:00:00+00:00,2021-09-04 06:00:00+00:00,2021-09-04 02:00:00-04:00,27,58.0,70.87962016716351,boost_5y_no_dew_pressure,True
2021-09-03 04:00:00+00:00,2021-09-04 07:00:00+00:00,2021-09-04 03:00:00-04:00,28,57.0,70.24120628940972,boost_5y_no_dew_pressure,True
2021-09-03 04:00:00+00:00,2021-09-04 08:00:00+00:00,2021-09-04 04:00:00-04:00,29,56.0,69.80572672798708,boost_5y_no_dew_pressure,True
2021-09-03 04:00:00+00:00,2021-09-04 09:00:00+00:00,2021-09-04 05:00:00-04:00,30,56.0,69.4467896120821,boost_5y_no_dew_pressure,True
2021-09-03 04:00:00+00:00,2021-09-04 10:00:00+00:00,2021-09-04 06:00:00-04:00,31,55.0,69.18480305097744,boost_5y_no_dew_pressure,True
2021-09-03 04:00:00+00:00,2021-09-04 11:00:00+00:00,2021-09-04 07:00:00-04:00,32,59.0,70.92732003512253,boost_5y_no_dew_pressure,True
2021-09-03 04:00:00+00:00,2021-09-04 12:00:00+00:00,2021-09-04 08:00:00-04:00,33,67.0,74.04019515446961,boost_5y_no_dew_pressure,True
2021-09-03 04:00:00+00:00,2021-09-04 13:00:00+00:00,2021-09-04 09:00:00-04:00,34,73.0,77.18137921193981,boost_5y_no_dew_pressure,True
2021-09-03 04:00:00+00:00,2021-09-04 14:00:00+00:00,2021-09-04 10:00:00-04:00,35,75.0,79.79591316014228,boost_5y_no_dew_pressure,True
2021-09-03 04:00:00+00:00,2021-09-04 15:00:00+00:00,2021-09-04 11:00:00-04:00,36,79.0,82.14788553612102,boost_5y_no_dew_pressure,True
2021-09-03 04:00:00+00:00,2021-09-04 16:00:00+00:00,2021-09-04 12:00:00-04:00,37,80.0,83.43739150854087,boost_5y_no_dew_pressure,True
2021-09-03 04:00:00+00:00,2021-09-04 17:00:00+00:00,2021-09-04 13:00:00-04:00,38,85.0,84.72511802961668,boost_5y_no_dew_pressure,True
2021-09-03 04:00:00+00:00,2021-09-04 18:00:00+00:00,2021-09-04 14:00:00-04:00,39,85.0,85.08490563914852,boost_5y_no_dew_pressure,True
2021-09-03 04:00:00+00:00,2021-09-04 19:00:00+00:00,2021-09-04 15:00:00-04:00,40,85.0,85.32693569201267,boost_5y_no_dew_pressure,True
2021-09-03 04:00:00+00:00,2021-09-04 20:00:00+00:00,2021-09-04 16:00:00-04:00,41,83.0,84.79670401135337,boost_5y_no_dew_pressure,True
2021-09-03 04:00:00+00:00,2021-09-04 21:00:00+00:00,2021-09-04 17:00:00-04:00,42,82.0,83.6927752279396,boost_5y_no_dew_pressure,True
2021-09-03 04:00:00+00:00,2021-09-04 22:00:00+00:00,2021-09-04 18:00:00-04:00,43,81.0,81.49156818866825,boost_5y_no_dew_pressure,True
2021-09-03 04:00:00+00:00,2021-09-04 23:00:00+00:00,2021-09-04 19:00:00-04:00,44,75.0,78.0584608381107,boost_5y_no_dew_pressure,True
2021-09-03 04:00:00+00:00,2021-09-05 00:00:00+00:00,2021-09-04 20:00:00-04:00,45,74.0,75.65572798325292,boost_5y_no_dew_pressure,True
2021-09-03 04:00:00+00:00,2021-09-05 01:00:00+00:00,2021-09-04 21:00:00-04:00,46,71.0,74.45749441454298,boost_5y_no_dew_pressure,True
2021-09-03 04:00:00+00:00,2021-09-05 02:00:00+00:00,2021-09-04 22:00:00-04:00,47,70.0,73.36749370201198,boost_5y_no_dew_pressure,True
2021-09-03 04:00:00+00:00,2021-09-05 03:00:00+00:00,2021-09-04 23:00:00-04:00,48,69.0,72.49923673578948,boost_5y_no_dew_pressure,True
2021-09-03 04:00:00+00:00,2021-09-05 04:00:00+00:00,2021-09-05 00:00:00-04:00,49,69.0,72.08231623476829,boost_5y_no_dew_pressure,True
2021-09-03 04:00:00+00:00,2021-09-05 05:00:00+00:00,2021-09-05 01:00:00-04:00,50,69.0,71.42023044716147,boost_5y_no_dew_pressure,True
2021-09-03 04:00:00+00:00,2021-09-05 06:00:00+00:00,2021-09-05 02:00:00-04:00,51,67.0,70.69697599285185,boost_5y_no_dew_pressure,True
2021-09-03 04:00:00+00:00,2021-09-05 07:00:00+00:00,2021-09-05 03:00:00-04:00,52,68.0,70.04924530418667,boost_5y_no_dew_pressure,True
2021-09-03 04:00:00+00:00,2021-09-05 08:00:00+00:00,2021-09-05 04:00:00-04:00,53,66.0,69.6314180742506,boost_5y_no_dew_pressure,True
2021-09-03 04:00:00+00:00,2021-09-05 09:00:00+00:00,2021-09-05 05:00:00-04:00,54,64.0,69.28738443507537,boost_5y_no_dew_pressure,True
2021-09-03 04:00:00+00:00,2021-09-05 10:00:00+00:00,2021-09-05 06:00:00-04:00,55,64.0,69.00133448779988,boost_5y_no_dew_pressure,True
2021-09-03 04:00:00+00:00,2021-09-05 11:00:00+00:00,2021-09-05 07:00:00-04:00,56,67.0,70.69442694622718,boost_5y_no_dew_pressure,True
2021-09-03 04:00:00+00:00,2021-09-05 12:00:00+00:00,2021-09-05 08:00:00-04:00,57,71.0,74.02691294708914,boost_5y_no_dew_pressure,True
2021-09-03 04:00:00+00:00,2021-09-05 13:00:00+00:00,2021-09-05 09:00:00-04:00,58,76.0,76.3582059172589,boost_5y_no_dew_pressure,True
2021-09-03 04:00:00+00:00,2021-09-05 14:00:00+00:00,2021-09-05 10:00:00-04:00,59,80.0,78.91244364139654,boost_5y_no_dew_pressure,True
2021-09-03 04:00:00+00:00,2021-09-05 15:00:00+00:00,2021-09-05 11:00:00-04:00,60,83.0,81.31166573490921,boost_5y_no_dew_pressure,True
2021-09-03 04:00:00+00:00,2021-09-05 16:00:00+00:00,2021-09-05 12:00:00-04:00,61,86.0,82.64757565381903,boost_5y_no_dew_pressure,True
2021-09-03 04:00:00+00:00,2021-09-05 17:00:00+00:00,2021-09-05 13:00:00-04:00,62,86.0,83.95082229637949,boost_5y_no_dew_pressure,True
2021-09-03 04:00:00+00:00,2021-09-05 18:00:00+00:00,2021-09-05 14:00:00-04:00,63,89.0,84.35171350469506,boost_5y_no_dew_pressure,True
2021-09-03 04:00:00+00:00,2021-09-05 19:00:00+00:00,2021-09-05 15:00:00-04:00,64,88.0,84.6443586617868,boost_5y_no_dew_pressure,True
2021-09-03 04:00:00+00:00,2021-09-05 20:00:00+00:00,2021-09-05 16:00:00-04:00,65,88.0,84.14926398124581,boost_5y_no_dew_pressure,True
2021-09-03 04:00:00+00:00,2021-09-05 21:00:00+00:00,2021-09-05 17:00:00-04:00,66,86.0,82.97248532028959,boost_5y_no_dew_pressure,True
2021-09-03 04:00:00+00:00,2021-09-05 22:00:00+00:00,2021-09-05 18:00:00-04:00,67,83.0,80.63411631761954,boost_5y_no_dew_pressure,True
2021-09-03 04:00:00+00:00,2021-09-05 23:00:00+00:00,2021-09-05 19:00:00-04:00,68,77.0,77.27528327541738,boost_5y_no_dew_pressure,True
2021-09-03 04:00:00+00:00,2021-09-06 00:00:00+00:00,2021-09-05 20:00:00-04:00,69,76.0,74.96540320118515,boost_5y_no_dew_pressure,True
2021-09-03 04:00:00+00:00,2021-09-06 01:00:00+00:00,2021-09-05 21:00:00-04:00,70,74.0,73.77631842097452,boost_5y_no_dew_pressure,True
2021-09-03 04:00:00+00:00,2021-09-06 02:00:00+00:00,2021-09-05 22:00:00-04:00,71,71.0,72.6683132817441,boost_5y_no_dew_pressure,True
2021-09-03 04:00:00+00:00,2021-09-06 03:00:00+00:00,2021-09-05 23:00:00-04:00,72,71.0,71.96644493580705,boost_5y_no_dew_pressure,True
2021-09-03 04:00:00+00:00,2021-09-06 04:00:00+00:00,2021-09-06 00:00:00-04:00,73,69.0,71.11380726488342,boost_5y_no_dew_pressure,True
2021-09-03 04:00:00+00:00,2021-09-06 05:00:00+00:00,2021-09-06 01:00:00-04:00,74,69.0,70.38455809829244,boost_5y_no_dew_pressure,True
2021-09-03 04:00:00+00:00,2021-09-06 06:00:00+00:00,2021-09-06 02:00:00-04:00,75,67.0,69.65773297687124,boost_5y_no_dew_pressure,True
2021-09-03 04:00:00+00:00,2021-09-06 07:00:00+00:00,2021-09-06 03:00:00-04:00,76,68.0,69.13151260233694,boost_5y_no_dew_pressure,True
2021-09-03 04:00:00+00:00,2021-09-06 08:00:00+00:00,2021-09-06 04:00:00-04:00,77,66.0,68.72690272336061,boost_5y_no_dew_pressure,True
2021-09-03 04:00:00+00:00,2021-09-06 09:00:00+00:00,2021-09-06 05:00:00-04:00,78,68.0,68.39982759092133,boost_5y_no_dew_pressure,True
2021-09-03 04:00:00+00:00,2021-09-06 10:00:00+00:00,2021-09-06 06:00:00-04:00,79,68.0,68.24287948454013,boost_5y_no_dew_pressure,True
2021-09-03 04:00:00+00:00,2021-09-06 11:00:00+00:00,2021-09-06 07:00:00-04:00,80,69.0,69.83719801342185,boost_5y_no_dew_pressure,True
2021-09-03 04:00:00+00:00,2021-09-06 12:00:00+00:00,2021-09-06 08:00:00-04:00,81,73.0,73.26215825674664,boost_5y_no_dew_pressure,True
2021-09-03 04:00:00+00:00,2021-09-06 13:00:00+00:00,2021-09-06 09:00:00-04:00,82,77.0,76.34483854903377,boost_5y_no_dew_pressure,True
2021-09-03 04:00:00+00:00,2021-09-06 14:00:00+00:00,2021-09-06 10:00:00-04:00,83,79.0,78.85619213709239,boost_5y_no_dew_pressure,True
2021-09-03 04:00:00+00:00,2021-09-06 15:00:00+00:00,2021-09-06 11:00:00-04:00,84,80.0,81.287438466217,boost_5y_no_dew_pressure,True
2021-09-03 04:00:00+00:00,2021-09-06 16:00:00+00:00,2021-09-06 12:00:00-04:00,85,81.0,82.75905629838192,boost_5y_no_dew_pressure,True
2021-09-03 04:00:00+00:00,2021-09-06 17:00:00+00:00,2021-09-06 13:00:00-04:00,86,80.0,84.01254108128254,boost_5y_no_dew_pressure,True
2021-09-03 04:00:00+00:00,2021-09-06 18:00:00+00:00,2021-09-06 14:00:00-04:00,87,81.0,84.38033773614826,boost_5y_no_dew_pressure,True
2021-09-03 04:00:00+00:00,2021-09-06 19:00:00+00:00,2021-09-06 15:00:00-04:00,88,83.0,84.53738023474942,boost_5y_no_dew_pressure,True
2021-09-03 04:00:00+00:00,2021-09-06 20:00:00+00:00,2021-09-06 16:00:00-04:00,89,83.0,84.0248422625361,boost_5y_no_dew_pressure,True
2021-09-03 04:00:00+00:00,2021-09-06 21:00:00+00:00,2021-09-06 17:00:00-04:00,90,84.0,82.79023747533219,boost_5y_no_dew_pressure,True
2021-09-03 04:00:00+00:00,2021-09-06 22:00:00+00:00,2021-09-06 18:00:00-04:00,91,82.0,80.45357619867994,boost_5y_no_dew_pressure,True
2021-09-03 04:00:00+00:00,2021-09-06 23:00:00+00:00,2021-09-06 19:00:00-04:00,92,76.0,77.08157598428609,boost_5y_no_dew_pressure,True
2021-09-03 04:00:00+00:00,2021-09-07 00:00:00+00:00,2021-09-06 20:00:00-04:00,93,74.0,74.93759736667006,boost_5y_no_dew_pressure,True
2021-09-03 04:00:00+00:00,2021-09-07 01:00:00+00:00,2021-09-06 21:00:00-04:00,94,72.0,73.74665942531747,boost_5y_no_dew_pressure,True
2021-09-03 04:00:00+00:00,2021-09-07 02:00:00+00:00,2021-09-06 22:00:00-04:00,95,71.0,72.71790776646147,boost_5y_no_dew_pressure,True
2021-09-03 04:00:00+00:00,2021-09-07 03:00:00+00:00,2021-09-06 23:00:00-04:00,96,70.0,71.9742849884933,boost_5y_no_dew_pressure,True
2021-09-03 04:00:00+00:00,2021-09-07 04:00:00+00:00,2021-09-07 00:00:00-04:00,97,72.0,71.13365527826532,boost_5y_no_dew_pressure,True
2021-09-03 04:00:00+00:00,2021-09-07 05:00:00+00:00,2021-09-07 01:00:00-04:00,98,69.0,70.39005966588657,boost_5y_no_dew_pressure,True
2021-09-03 04:00:00+00:00,2021-09-07 06:00:00+00:00,2021-09-07 02:00:00-04:00,99,66.0,69.77182905392759,boost_5y_no_dew_pressure,True
2021-09-03 04:00:00+00:00,2021-09-07 07:00:00+00:00,2021-09-07 03:00:00-04:00,100,65.0,69.2710619925495,boost_5y_no_dew_pressure,True
2021-09-03 04:00:00+00:00,2021-09-07 08:00:00+00:00,2021-09-07 04:00:00-04:00,101,63.0,68.77030551115945,boost_5y_no_dew_pressure,True
2021-09-03 04:00:00+00:00,2021-09-07 09:00:00+00:00,2021-09-07 05:00:00-04:00,102,63.0,68.54311607019456,boost_5y_no_dew_pressure,True
2021-09-03 04:00:00+00:00,2021-09-07 10:00:00+00:00,2021-09-07 06:00:00-04:00,103,62.0,68.34501293761573,boost_5y_no_dew_pressure,True
2021-09-03 04:00:00+00:00,2021-09-07 11:00:00+00:00,2021-09-07 07:00:00-04:00,104,66.0,69.87928568599374,boost_5y_no_dew_pressure,True
2021-09-03 04:00:00+00:00,2021-09-07 12:00:00+00:00,2021-09-07 08:00:00-04:00,105,72.0,72.9949487052747,boost_5y_no_dew_pressure,True
2021-09-03 04:00:00+00:00,2021-09-07 13:00:00+00:00,2021-09-07 09:00:00-04:00,106,77.0,76.1832864925686,boost_5y_no_dew_pressure,True
2021-09-03 04:00:00+00:00,2021-09-07 14:00:00+00:00,2021-09-07 10:00:00-04:00,107,,78.72018064202909,boost_5y_no_dew_pressure,False
2021-09-03 04:00:00+00:00,2021-09-07 15:00:00+00:00,2021-09-07 11:00:00-04:00,108,84.0,81.0752745803818,boost_5y_no_dew_pressure,True
2021-09-03 04:00:00+00:00,2021-09-07 16:00:00+00:00,2021-09-07 12:00:00-04:00,109,85.0,82.4998139193707,boost_5y_no_dew_pressure,True
2021-09-03 04:00:00+00:00,2021-09-07 17:00:00+00:00,2021-09-07 13:00:00-04:00,110,86.0,83.77018417682787,boost_5y_no_dew_pressure,True
2021-09-03 04:00:00+00:00,2021-09-07 18:00:00+00:00,2021-09-07 14:00:00-04:00,111,88.0,84.1063072178626,boost_5y_no_dew_pressure,True
2021-09-03 04:00:00+00:00,2021-09-07 19:00:00+00:00,2021-09-07 15:00:00-04:00,112,88.0,84.22647403738729,boost_5y_no_dew_pressure,True
2021-09-03 04:00:00+00:00,2021-09-07 20:00:00+00:00,2021-09-07 16:00:00-04:00,113,90.0,83.73910050471385,boost_5y_no_dew_pressure,True
2021-09-03 04:00:00+00:00,2021-09-07 21:00:00+00:00,2021-09-07 17:00:00-04:00,114,88.0,82.48395719477978,boost_5y_no_dew_pressure,True
2021-09-03 04:00:00+00:00,2021-09-07 22:00:00+00:00,2021-09-07 18:00:00-04:00,115,85.0,80.13289970790052,boost_5y_no_dew_pressure,True
2021-09-03 04:00:00+00:00,2021-09-07 23:00:00+00:00,2021-09-07 19:00:00-04:00,116,80.0,76.89002128958379,boost_5y_no_dew_pressure,True
2021-09-03 04:00:00+00:00,2021-09-08 00:00:00+00:00,2021-09-07 20:00:00-04:00,117,77.0,74.76770818448024,boost_5y_no_dew_pressure,True
2021-09-03 04:00:00+00:00,2021-09-08 01:00:00+00:00,2021-09-07 21:00:00-04:00,118,77.0,73.49449100773182,boost_5y_no_dew_pressure,True
2021-09-03 04:00:00+00:00,2021-09-08 02:00:00+00:00,2021-09-07 22:00:00-04:00,119,75.0,72.47807123407719,boost_5y_no_dew_pressure,True
2021-09-03 04:00:00+00:00,2021-09-08 03:00:00+00:00,2021-09-07 23:00:00-04:00,120,74.0,71.75325687341675,boost_5y_no_dew_pressure,True
2021-09-03 04:00:00+00:00,2021-09-08 04:00:00+00:00,2021-09-08 00:00:00-04:00,121,74.0,71.00100174487879,boost_5y_no_dew_pressure,True
2021-09-03 04:00:00+00:00,2021-09-08 05:00:00+00:00,2021-09-08 01:00:00-04:00,122,74.0,70.38596889512857,boost_5y_no_dew_pressure,True
2021-09-03 04:00:00+00:00,2021-09-08 06:00:00+00:00,2021-09-08 02:00:00-04:00,123,74.0,69.8429005853911,boost_5y_no_dew_pressure,True
2021-09-03 04:00:00+00:00,2021-09-08 07:00:00+00:00,2021-09-08 03:00:00-04:00,124,74.0,69.28635362736557,boost_5y_no_dew_pressure,True
2021-09-03 04:00:00+00:00,2021-09-08 08:00:00+00:00,2021-09-08 04:00:00-04:00,125,73.0,68.89200321583563,boost_5y_no_dew_pressure,True
2021-09-03 04:00:00+00:00,2021-09-08 09:00:00+00:00,2021-09-08 05:00:00-04:00,126,72.0,68.61019252664443,boost_5y_no_dew_pressure,True
2021-09-03 04:00:00+00:00,2021-09-08 10:00:00+00:00,2021-09-08 06:00:00-04:00,127,74.0,68.38439425546764,boost_5y_no_dew_pressure,True
2021-09-03 04:00:00+00:00,2021-09-08 11:00:00+00:00,2021-09-08 07:00:00-04:00,128,74.0,69.78697806479367,boost_5y_no_dew_pressure,True
2021-09-03 04:00:00+00:00,2021-09-08 12:00:00+00:00,2021-09-08 08:00:00-04:00,129,76.0,72.98267212452691,boost_5y_no_dew_pressure,True
2021-09-03 04:00:00+00:00,2021-09-08 13:00:00+00:00,2021-09-08 09:00:00-04:00,130,78.0,76.06490965991037,boost_5y_no_dew_pressure,True
2021-09-03 04:00:00+00:00,2021-09-08 14:00:00+00:00,2021-09-08 10:00:00-04:00,131,78.0,78.57016878470775,boost_5y_no_dew_pressure,True
2021-09-03 04:00:00+00:00,2021-09-08 15:00:00+00:00,2021-09-08 11:00:00-04:00,132,78.0,80.91112406275502,boost_5y_no_dew_pressure,True
2021-09-03 04:00:00+00:00,2021-09-08 16:00:00+00:00,2021-09-08 12:00:00-04:00,133,84.0,82.2034393457915,boost_5y_no_dew_pressure,True
2021-09-03 04:00:00+00:00,2021-09-08 17:00:00+00:00,2021-09-08 13:00:00-04:00,134,86.0,83.58919924003001,boost_5y_no_dew_pressure,True
2021-09-03 04:00:00+00:00,2021-09-08 18:00:00+00:00,2021-09-08 14:00:00-04:00,135,89.0,83.82584675341478,boost_5y_no_dew_pressure,True
2021-09-03 04:00:00+00:00,2021-09-08 19:00:00+00:00,2021-09-08 15:00:00-04:00,136,92.0,84.00383648388545,boost_5y_no_dew_pressure,True
2021-09-03 04:00:00+00:00,2021-09-08 20:00:00+00:00,2021-09-08 16:00:00-04:00,137,88.0,83.5300199853857,boost_5y_no_dew_pressure,True
2021-09-03 04:00:00+00:00,2021-09-08 21:00:00+00:00,2021-09-08 17:00:00-04:00,138,86.0,82.14705503176762,boost_5y_no_dew_pressure,True
2021-09-03 04:00:00+00:00,2021-09-08 22:00:00+00:00,2021-09-08 18:00:00-04:00,139,84.0,79.83701777922197,boost_5y_no_dew_pressure,True
2021-09-03 04:00:00+00:00,2021-09-08 23:00:00+00:00,2021-09-08 19:00:00-04:00,140,78.0,76.7299636836684,boost_5y_no_dew_pressure,True
2021-09-03 04:00:00+00:00,2021-09-09 00:00:00+00:00,2021-09-08 20:00:00-04:00,141,75.0,74.55055901382784,boost_5y_no_dew_pressure,True
2021-09-03 04:00:00+00:00,2021-09-09 01:00:00+00:00,2021-09-08 21:00:00-04:00,142,73.0,73.20941435701492,boost_5y_no_dew_pressure,True
2021-09-03 04:00:00+00:00,2021-09-09 02:00:00+00:00,2021-09-08 22:00:00-04:00,143,73.0,72.2246887693543,boost_5y_no_dew_pressure,True
2021-09-03 04:00:00+00:00,2021-09-09 03:00:00+00:00,2021-09-08 23:00:00-04:00,144,73.0,71.48960647113638,boost_5y_no_dew_pressure,True
2021-09-03 04:00:00+00:00,2021-09-09 04:00:00+00:00,2021-09-09 00:00:00-04:00,145,74.0,70.86717325800386,boost_5y_no_dew_pressure,True
2021-09-03 04:00:00+00:00,2021-09-09 05:00:00+00:00,2021-09-09 01:00:00-04:00,146,73.0,70.23078143479646,boost_5y_no_dew_pressure,True
2021-09-03 04:00:00+00:00,2021-09-09 06:00:00+00:00,2021-09-09 02:00:00-04:00,147,74.0,69.63225813755696,boost_5y_no_dew_pressure,True
2021-09-03 04:00:00+00:00,2021-09-09 07:00:00+00:00,2021-09-09 03:00:00-04:00,148,74.0,69.14189713656249,boost_5y_no_dew_pressure,True
2021-09-03 04:00:00+00:00,2021-09-09 08:00:00+00:00,2021-09-09 04:00:00-04:00,149,74.0,68.73267065737538,boost_5y_no_dew_pressure,True
2021-09-03 04:00:00+00:00,2021-09-09 09:00:00+00:00,2021-09-09 05:00:00-04:00,150,73.0,68.42588035960883,boost_5y_no_dew_pressure,True
2021-09-03 04:00:00+00:00,2021-09-09 10:00:00+00:00,2021-09-09 06:00:00-04:00,151,73.0,68.15422208876358,boost_5y_no_dew_pressure,True
2021-09-03 04:00:00+00:00,2021-09-09 11:00:00+00:00,2021-09-09 07:00:00-04:00,152,74.0,69.58405217367807,boost_5y_no_dew_pressure,True
2021-09-03 04:00:00+00:00,2021-09-09 12:00:00+00:00,2021-09-09 08:00:00-04:00,153,75.0,72.66680456563982,boost_5y_no_dew_pressure,True
2021-09-03 04:00:00+00:00,2021-09-09 13:00:00+00:00,2021-09-09 09:00:00-04:00,154,74.0,75.77632445076956,boost_5y_no_dew_pressure,True
2021-09-03 04:00:00+00:00,2021-09-09 14:00:00+00:00,2021-09-09 10:00:00-04:00,155,72.0,78.24697723536644,boost_5y_no_dew_pressure,True
2021-09-03 04:00:00+00:00,2021-09-09 15:00:00+00:00,2021-09-09 11:00:00-04:00,156,71.0,80.63962349720423,boost_5y_no_dew_pressure,True
2021-09-03 04:00:00+00:00,2021-09-09 16:00:00+00:00,2021-09-09 12:00:00-04:00,157,70.0,81.92239373941013,boost_5y_no_dew_pressure,True
2021-09-03 04:00:00+00:00,2021-09-09 17:00:00+00:00,2021-09-09 13:00:00-04:00,158,70.0,83.28288074709764,boost_5y_no_dew_pressure,True
2021-09-03 04:00:00+00:00,2021-09-09 18:00:00+00:00,2021-09-09 14:00:00-04:00,159,71.0,83.63396940944683,boost_5y_no_dew_pressure,True
2021-09-03 04:00:00+00:00,2021-09-09 19:00:00+00:00,2021-09-09 15:00:00-04:00,160,72.0,84.03077980112803,boost_5y_no_dew_pressure,True
2021-09-03 04:00:00+00:00,2021-09-09 20:00:00+00:00,2021-09-09 16:00:00-04:00,161,72.0,83.56150273321467,boost_5y_no_dew_pressure,True
2021-09-03 04:00:00+00:00,2021-09-09 21:00:00+00:00,2021-09-09 17:00:00-04:00,162,73.0,82.24761318971396,boost_5y_no_dew_pressure,True
2021-09-03 04:00:00+00:00,2021-09-09 22:00:00+00:00,2021-09-09 18:00:00-04:00,163,73.0,79.82771894661362,boost_5y_no_dew_pressure,True
2021-09-03 04:00:00+00:00,2021-09-09 23:00:00+00:00,2021-09-09 19:00:00-04:00,164,69.0,76.6050817989572,boost_5y_no_dew_pressure,True
2021-09-03 04:00:00+00:00,2021-09-10 00:00:00+00:00,2021-09-09 20:00:00-04:00,165,67.0,74.48850565181387,boost_5y_no_dew_pressure,True
2021-09-03 04:00:00+00:00,2021-09-10 01:00:00+00:00,2021-09-09 21:00:00-04:00,166,65.0,73.06732219901205,boost_5y_no_dew_pressure,True
2021-09-03 04:00:00+00:00,2021-09-10 02:00:00+00:00,2021-09-09 22:00:00-04:00,167,64.0,72.03767732058391,boost_5y_no_dew_pressure,True
2021-09-03 04:00:00+00:00,2021-09-10 03:00:00+00:00,2021-09-09 23:00:00-04:00,168,63.0,71.35657563195215,boost_5y_no_dew_pressure,True
2021-09-03 04:00:00+00:00,2021-09-10 04:00:00+00:00,2021-09-10 00:00:00-04:00,169,64.0,70.68176402738013,boost_5y_no_dew_pressure,True
2021-09-03 04:00:00+00:00,2021-09-10 05:00:00+00:00,2021-09-10 01:00:00-04:00,170,64.0,70.08394847424259,boost_5y_no_dew_pressure,True
2021-09-03 04:00:00+00:00,2021-09-10 06:00:00+00:00,2021-09-10 02:00:00-04:00,171,63.0,69.49804251135899,boost_5y_no_dew_pressure,True
2021-09-03 04:00:00+00:00,2021-09-10 07:00:00+00:00,2021-09-10 03:00:00-04:00,172,62.0,68.9539875542596,boost_5y_no_dew_pressure,True
2021-09-03 04:00:00+00:00,2021-09-10 08:00:00+00:00,2021-09-10 04:00:00-04:00,173,59.0,68.54205262903652,boost_5y_no_dew_pressure,True
2021-09-03 04:00:00+00:00,2021-09-10 09:00:00+00:00,2021-09-10 05:00:00-04:00,174,60.0,68.22102924192414,boost_5y_no_dew_pressure,True
2021-09-03 04:00:00+00:00,2021-09-10 10:00:00+00:00,2021-09-10 06:00:00-04:00,175,58.0,67.9967919070182,boost_5y_no_dew_pressure,True
2021-09-03 04:00:00+00:00,2021-09-10 11:00:00+00:00,2021-09-10 07:00:00-04:00,176,62.0,69.45989854173453,boost_5y_no_dew_pressure,True
2021-09-03 04:00:00+00:00,2021-09-10 12:00:00+00:00,2021-09-10 08:00:00-04:00,177,67.0,72.73325838312441,boost_5y_no_dew_pressure,True
2021-09-03 04:00:00+00:00,2021-09-10 13:00:00+00:00,2021-09-10 09:00:00-04:00,178,70.0,75.92651304436355,boost_5y_no_dew_pressure,True
2021-09-03 04:00:00+00:00,2021-09-10 14:00:00+00:00,2021-09-10 10:00:00-04:00,179,73.0,78.46378020467577,boost_5y_no_dew_pressure,True
2021-09-03 04:00:00+00:00,2021-09-10 15:00:00+00:00,2021-09-10 11:00:00-04:00,180,75.0,80.84877175491388,boost_5y_no_dew_pressure,True
2021-09-03 04:00:00+00:00,2021-09-10 16:00:00+00:00,2021-09-10 12:00:00-04:00,181,76.0,82.1361147406406,boost_5y_no_dew_pressure,True
2021-09-03 04:00:00+00:00,2021-09-10 17:00:00+00:00,2021-09-10 13:00:00-04:00,182,78.0,83.40201637890914,boost_5y_no_dew_pressure,True
2021-09-03 04:00:00+00:00,2021-09-10 18:00:00+00:00,2021-09-10 14:00:00-04:00,183,79.0,83.70099163367946,boost_5y_no_dew_pressure,True
2021-09-03 04:00:00+00:00,2021-09-10 19:00:00+00:00,2021-09-10 15:00:00-04:00,184,79.0,84.09687759564626,boost_5y_no_dew_pressure,True
2021-09-03 04:00:00+00:00,2021-09-10 20:00:00+00:00,2021-09-10 16:00:00-04:00,185,77.0,83.6288108471524,boost_5y_no_dew_pressure,True
2021-09-03 04:00:00+00:00,2021-09-10 21:00:00+00:00,2021-09-10 17:00:00-04:00,186,78.0,82.28665203208291,boost_5y_no_dew_pressure,True
2021-09-03 04:00:00+00:00,2021-09-10 22:00:00+00:00,2021-09-10 18:00:00-04:00,187,75.0,79.81907917024778,boost_5y_no_dew_pressure,True
2021-09-03 04:00:00+00:00,2021-09-10 23:00:00+00:00,2021-09-10 19:00:00-04:00,188,67.0,76.64022583561712,boost_5y_no_dew_pressure,True
2021-09-03 04:00:00+00:00,2021-09-11 00:00:00+00:00,2021-09-10 20:00:00-04:00,189,64.0,74.68533649668662,boost_5y_no_dew_pressure,True
2021-09-03 04:00:00+00:00,2021-09-11 01:00:00+00:00,2021-09-10 21:00:00-04:00,190,64.0,73.20943441842323,boost_5y_no_dew_pressure,True
2021-09-03 04:00:00+00:00,2021-09-11 02:00:00+00:00,2021-09-10 22:00:00-04:00,191,63.0,72.17515905356392,boost_5y_no_dew_pressure,True
2021-09-03 04:00:00+00:00,2021-09-11 03:00:00+00:00,2021-09-10 23:00:00-04:00,192,61.0,71.5499252741663,boost_5y_no_dew_pressure,True
2021-09-03 04:00:00+00:00,2021-09-11 04:00:00+00:00,2021-09-11 00:00:00-04:00,193,62.0,70.7629817029281,boost_5y_no_dew_pressure,True
2021-09-03 04:00:00+00:00,2021-09-11 05:00:00+00:00,2021-09-11 01:00:00-04:00,194,60.0,70.06100284335092,boost_5y_no_dew_pressure,True
2021-09-03 04:00:00+00:00,2021-09-11 06:00:00+00:00,2021-09-11 02:00:00-04:00,195,58.0,69.48406952826976,boost_5y_no_dew_pressure,True
2021-09-03 04:00:00+00:00,2021-09-11 07:00:00+00:00,2021-09-11 03:00:00-04:00,196,58.0,68.90718586731654,boost_5y_no_dew_pressure,True
2021-09-03 04:00:00+00:00,2021-09-11 08:00:00+00:00,2021-09-11 04:00:00-04:00,197,57.0,68.48951400907964,boost_5y_no_dew_pressure,True
2021-09-03 04:00:00+00:00,2021-09-11 09:00:00+00:00,2021-09-11 05:00:00-04:00,198,57.0,68.21865970435505,boost_5y_no_dew_pressure,True
2021-09-03 04:00:00+00:00,2021-09-11 10:00:00+00:00,2021-09-11 06:00:00-04:00,199,57.0,67.88563684481356,boost_5y_no_dew_pressure,True
2021-09-03 04:00:00+00:00,2021-09-11 11:00:00+00:00,2021-09-11 07:00:00-04:00,200,60.0,69.29471436113367,boost_5y_no_dew_pressure,True
2021-09-03 04:00:00+00:00,2021-09-11 12:00:00+00:00,2021-09-11 08:00:00-04:00,201,66.0,72.38137476825284,boost_5y_no_dew_pressure,True
2021-09-03 04:00:00+00:00,2021-09-11 13:00:00+00:00,2021-09-11 09:00:00-04:00,202,68.0,75.52391516898366,boost_5y_no_dew_pressure,True
2021-09-03 04:00:00+00:00,2021-09-11 14:00:00+00:00,2021-09-11 10:00:00-04:00,203,75.0,78.05981238285614,boost_5y_no_dew_pressure,True
2021-09-03 04:00:00+00:00,2021-09-11 15:00:00+00:00,2021-09-11 11:00:00-04:00,204,79.0,80.36501821375562,boost_5y_no_dew_pressure,True
2021-09-03 04:00:00+00:00,2021-09-11 16:00:00+00:00,2021-09-11 12:00:00-04:00,205,80.0,81.67041998301518,boost_5y_no_dew_pressure,True
2021-09-03 04:00:00+00:00,2021-09-11 17:00:00+00:00,2021-09-11 13:00:00-04:00,206,80.0,82.90639288383719,boost_5y_no_dew_pressure,True
2021-09-03 04:00:00+00:00,2021-09-11 18:00:00+00:00,2021-09-11 14:00:00-04:00,207,82.0,83.22577099411367,boost_5y_no_dew_pressure,True
2021-09-03 04:00:00+00:00,2021-09-11 19:00:00+00:00,2021-09-11 15:00:00-04:00,208,82.0,83.59433003386324,boost_5y_no_dew_pressure,True
2021-09-03 04:00:00+00:00,2021-09-11 20:00:00+00:00,2021-09-11 16:00:00-04:00,209,82.0,83.10072605720907,boost_5y_no_dew_pressure,True
2021-09-03 04:00:00+00:00,2021-09-11 21:00:00+00:00,2021-09-11 17:00:00-04:00,210,81.0,81.81283390623439,boost_5y_no_dew_pressure,True
2021-09-03 04:00:00+00:00,2021-09-11 22:00:00+00:00,2021-09-11 18:00:00-04:00,211,78.0,79.42391910605046,boost_5y_no_dew_pressure,True
2021-09-03 04:00:00+00:00,2021-09-11 23:00:00+00:00,2021-09-11 19:00:00-04:00,212,71.0,76.1912411388343,boost_5y_no_dew_pressure,True
2021-09-03 04:00:00+00:00,2021-09-12 00:00:00+00:00,2021-09-11 20:00:00-04:00,213,70.0,74.30272297095331,boost_5y_no_dew_pressure,True
2021-09-03 04:00:00+00:00,2021-09-12 01:00:00+00:00,2021-09-11 21:00:00-04:00,214,69.0,72.88705326612349,boost_5y_no_dew_pressure,True
2021-09-03 04:00:00+00:00,2021-09-12 02:00:00+00:00,2021-09-11 22:00:00-04:00,215,69.0,71.93740267405865,boost_5y_no_dew_pressure,True
2021-09-03 04:00:00+00:00,2021-09-12 03:00:00+00:00,2021-09-11 23:00:00-04:00,216,68.0,71.29662259993714,boost_5y_no_dew_pressure,True
2021-09-03 04:00:00+00:00,2021-09-12 04:00:00+00:00,2021-09-12 00:00:00-04:00,217,67.0,70.56458028114035,boost_5y_no_dew_pressure,True
2021-09-03 04:00:00+00:00,2021-09-12 05:00:00+00:00,2021-09-12 01:00:00-04:00,218,62.0,69.84120681387584,boost_5y_no_dew_pressure,True
2021-09-03 04:00:00+00:00,2021-09-12 06:00:00+00:00,2021-09-12 02:00:00-04:00,219,64.0,69.22454654311815,boost_5y_no_dew_pressure,True
2021-09-03 04:00:00+00:00,2021-09-12 07:00:00+00:00,2021-09-12 03:00:00-04:00,220,63.0,68.6133723728328,boost_5y_no_dew_pressure,True
2021-09-03 04:00:00+00:00,2021-09-12 08:00:00+00:00,2021-09-12 04:00:00-04:00,221,62.0,68.20031692762355,boost_5y_no_dew_pressure,True
2021-09-03 04:00:00+00:00,2021-09-12 09:00:00+00:00,2021-09-12 05:00:00-04:00,222,62.0,67.94798101396952,boost_5y_no_dew_pressure,True
2021-09-03 04:00:00+00:00,2021-09-12 10:00:00+00:00,2021-09-12 06:00:00-04:00,223,62.0,67.58219822947729,boost_5y_no_dew_pressure,True
2021-09-03 04:00:00+00:00,2021-09-12 11:00:00+00:00,2021-09-12 07:00:00-04:00,224,64.0,68.94434472340843,boost_5y_no_dew_pressure,True
2021-09-03 04:00:00+00:00,2021-09-12 12:00:00+00:00,2021-09-12 08:00:00-04:00,225,68.0,71.98237184373835,boost_5y_no_dew_pressure,True
2021-09-03 04:00:00+00:00,2021-09-12 13:00:00+00:00,2021-09-12 09:00:00-04:00,226,75.0,75.03032774899468,boost_5y_no_dew_pressure,True
2021-09-03 04:00:00+00:00,2021-09-12 14:00:00+00:00,2021-09-12 10:00:00-04:00,227,79.0,77.63186410592122,boost_5y_no_dew_pressure,True
2021-09-03 04:00:00+00:00,2021-09-12 15:00:00+00:00,2021-09-12 11:00:00-04:00,228,82.0,79.93322441825688,boost_5y_no_dew_pressure,True
2021-09-03 04:00:00+00:00,2021-09-12 16:00:00+00:00,2021-09-12 12:00:00-04:00,229,84.0,81.27481459024835,boost_5y_no_dew_pressure,True
2021-09-03 04:00:00+00:00,2021-09-12 17:00:00+00:00,2021-09-12 13:00:00-04:00,230,86.0,82.48601258401204,boost_5y_no_dew_pressure,True
2021-09-03 04:00:00+00:00,2021-09-12 18:00:00+00:00,2021-09-12 14:00:00-04:00,231,87.0,82.92086160450869,boost_5y_no_dew_pressure,True
2021-09-03 04:00:00+00:00,2021-09-12 19:00:00+00:00,2021-09-12 15:00:00-04:00,232,87.0,83.26586124117422,boost_5y_no_dew_pressure,True
2021-09-03 04:00:00+00:00,2021-09-12 20:00:00+00:00,2021-09-12 16:00:00-04:00,233,86.0,82.82083793017543,boost_5y_no_dew_pressure,True
2021-09-03 04:00:00+00:00,2021-09-12 21:00:00+00:00,2021-09-12 17:00:00-04:00,234,84.0,81.56556203571314,boost_5y_no_dew_pressure,True
2021-09-03 04:00:00+00:00,2021-09-12 22:00:00+00:00,2021-09-12 18:00:00-04:00,235,80.0,79.1310799596786,boost_5y_no_dew_pressure,True
2021-09-03 04:00:00+00:00,2021-09-12 23:00:00+00:00,2021-09-12 19:00:00-04:00,236,77.0,75.72291508929443,boost_5y_no_dew_pressure,True
2021-09-03 04:00:00+00:00,2021-09-13 00:00:00+00:00,2021-09-12 20:00:00-04:00,237,76.0,73.82609213724797,boost_5y_no_dew_pressure,True
2021-09-03 04:00:00+00:00,2021-09-13 01:00:00+00:00,2021-09-12 21:00:00-04:00,238,73.0,72.37074377212095,boost_5y_no_dew_pressure,True
2021-09-03 04:00:00+00:00,2021-09-13 02:00:00+00:00,2021-09-12 22:00:00-04:00,239,73.0,71.45835536243864,boost_5y_no_dew_pressure,True
2021-09-03 04:00:00+00:00,2021-09-13 03:00:00+00:00,2021-09-12 23:00:00-04:00,240,70.0,70.77558054081932,boost_5y_no_dew_pressure,True
2021-09-03 04:00:00+00:00,2021-09-13 04:00:00+00:00,2021-09-13 00:00:00-04:00,241,69.0,69.96061014468664,boost_5y_no_dew_pressure,True
2021-09-03 04:00:00+00:00,2021-09-13 05:00:00+00:00,2021-09-13 01:00:00-04:00,242,68.0,69.25264772659499,boost_5y_no_dew_pressure,True
2021-09-03 04:00:00+00:00,2021-09-13 06:00:00+00:00,2021-09-13 02:00:00-04:00,243,67.0,68.71214304443212,boost_5y_no_dew_pressure,True
2021-09-03 04:00:00+00:00,2021-09-13 07:00:00+00:00,2021-09-13 03:00:00-04:00,244,67.0,68.06078930246329,boost_5y_no_dew_pressure,True
2021-09-03 04:00:00+00:00,2021-09-13 08:00:00+00:00,2021-09-13 04:00:00-04:00,245,65.0,67.68857500563541,boost_5y_no_dew_pressure,True
2021-09-03 04:00:00+00:00,2021-09-13 09:00:00+00:00,2021-09-13 05:00:00-04:00,246,65.0,67.41453095184445,boost_5y_no_dew_pressure,True
2021-09-03 04:00:00+00:00,2021-09-13 10:00:00+00:00,2021-09-13 06:00:00-04:00,247,65.0,67.02227712096888,boost_5y_no_dew_pressure,True
2021-09-03 04:00:00+00:00,2021-09-13 11:00:00+00:00,2021-09-13 07:00:00-04:00,248,66.0,68.33351624574307,boost_5y_no_dew_pressure,True
2021-09-03 04:00:00+00:00,2021-09-13 12:00:00+00:00,2021-09-13 08:00:00-04:00,249,70.0,71.42132594898274,boost_5y_no_dew_pressure,True
2021-09-03 04:00:00+00:00,2021-09-13 13:00:00+00:00,2021-09-13 09:00:00-04:00,250,75.0,74.50723921297954,boost_5y_no_dew_pressure,True
2021-09-03 04:00:00+00:00,2021-09-13 14:00:00+00:00,2021-09-13 10:00:00-04:00,251,80.0,77.07564941310456,boost_5y_no_dew_pressure,True
2021-09-03 04:00:00+00:00,2021-09-13 15:00:00+00:00,2021-09-13 11:00:00-04:00,252,85.0,79.3148186566591,boost_5y_no_dew_pressure,True
2021-09-03 04:00:00+00:00,2021-09-13 16:00:00+00:00,2021-09-13 12:00:00-04:00,253,85.0,80.66100507365933,boost_5y_no_dew_pressure,True
2021-09-03 04:00:00+00:00,2021-09-13 17:00:00+00:00,2021-09-13 13:00:00-04:00,254,87.0,81.92112791913029,boost_5y_no_dew_pressure,True
2021-09-03 04:00:00+00:00,2021-09-13 18:00:00+00:00,2021-09-13 14:00:00-04:00,255,89.0,82.32976072170958,boost_5y_no_dew_pressure,True
2021-09-03 04:00:00+00:00,2021-09-13 19:00:00+00:00,2021-09-13 15:00:00-04:00,256,89.0,82.69858387809565,boost_5y_no_dew_pressure,True
2021-09-03 04:00:00+00:00,2021-09-13 20:00:00+00:00,2021-09-13 16:00:00-04:00,257,88.0,82.26209610769105,boost_5y_no_dew_pressure,True
2021-09-03 04:00:00+00:00,2021-09-13 21:00:00+00:00,2021-09-13 17:00:00-04:00,258,87.0,81.079142427751,boost_5y_no_dew_pressure,True
2021-09-03 04:00:00+00:00,2021-09-13 22:00:00+00:00,2021-09-13 18:00:00-04:00,259,82.0,78.60406550051034,boost_5y_no_dew_pressure,True
2021-09-03 04:00:00+00:00,2021-09-13 23:00:00+00:00,2021-09-13 19:00:00-04:00,260,80.0,75.21216412465483,boost_5y_no_dew_pressure,True
2021-09-03 04:00:00+00:00,2021-09-14 00:00:00+00:00,2021-09-13 20:00:00-04:00,261,78.0,73.38954021877143,boost_5y_no_dew_pressure,True
2021-09-03 04:00:00+00:00,2021-09-14 01:00:00+00:00,2021-09-13 21:00:00-04:00,262,75.0,72.04990057130532,boost_5y_no_dew_pressure,True
2021-09-03 04:00:00+00:00,2021-09-14 02:00:00+00:00,2021-09-13 22:00:00-04:00,263,73.0,71.07747791948483,boost_5y_no_dew_pressure,True
2021-09-03 04:00:00+00:00,2021-09-14 03:00:00+00:00,2021-09-13 23:00:00-04:00,264,73.0,70.34869450305008,boost_5y_no_dew_pressure,True
2021-09-03 04:00:00+00:00,2021-09-14 04:00:00+00:00,2021-09-14 00:00:00-04:00,265,70.0,69.59191631816662,boost_5y_no_dew_pressure,True
2021-09-03 04:00:00+00:00,2021-09-14 05:00:00+00:00,2021-09-14 01:00:00-04:00,266,72.0,68.88838518483638,boost_5y_no_dew_pressure,True
2021-09-03 04:00:00+00:00,2021-09-14 06:00:00+00:00,2021-09-14 02:00:00-04:00,267,71.0,68.3278840700334,boost_5y_no_dew_pressure,True
2021-09-03 04:00:00+00:00,2021-09-14 07:00:00+00:00,2021-09-14 03:00:00-04:00,268,70.0,67.71455392664772,boost_5y_no_dew_pressure,True
2021-09-03 04:00:00+00:00,2021-09-14 08:00:00+00:00,2021-09-14 04:00:00-04:00,269,68.0,67.36021606016683,boost_5y_no_dew_pressure,True
2021-09-03 04:00:00+00:00,2021-09-14 09:00:00+00:00,2021-09-14 05:00:00-04:00,270,68.0,67.06485999160292,boost_5y_no_dew_pressure,True
2021-09-03 04:00:00+00:00,2021-09-14 10:00:00+00:00,2021-09-14 06:00:00-04:00,271,68.0,66.67908569820248,boost_5y_no_dew_pressure,True
2021-09-03 04:00:00+00:00,2021-09-14 11:00:00+00:00,2021-09-14 07:00:00-04:00,272,69.0,67.97655750206084,boost_5y_no_dew_pressure,True
2021-09-03 04:00:00+00:00,2021-09-14 12:00:00+00:00,2021-09-14 08:00:00-04:00,273,73.0,71.0818946688273,boost_5y_no_dew_pressure,True
2021-09-03 04:00:00+00:00,2021-09-14 13:00:00+00:00,2021-09-14 09:00:00-04:00,274,78.0,74.2634389171507,boost_5y_no_dew_pressure,True
2021-09-03 04:00:00+00:00,2021-09-14 14:00:00+00:00,2021-09-14 10:00:00-04:00,275,82.0,76.79308632449819,boost_5y_no_dew_pressure,True
2021-09-03 04:00:00+00:00,2021-09-14 15:00:00+00:00,2021-09-14 11:00:00-04:00,276,86.0,79.03812708472445,boost_5y_no_dew_pressure,True
2021-09-03 04:00:00+00:00,2021-09-14 16:00:00+00:00,2021-09-14 12:00:00-04:00,277,88.0,80.39561635836073,boost_5y_no_dew_pressure,True
2021-09-03 04:00:00+00:00,2021-09-14 17:00:00+00:00,2021-09-14 13:00:00-04:00,278,88.0,81.61366270505104,boost_5y_no_dew_pressure,True
2021-09-03 04:00:00+00:00,2021-09-14 18:00:00+00:00,2021-09-14 14:00:00-04:00,279,90.0,82.15681150451054,boost_5y_no_dew_pressure,True
2021-09-03 04:00:00+00:00,2021-09-14 19:00:00+00:00,2021-09-14 15:00:00-04:00,280,88.0,82.53054501365749,boost_5y_no_dew_pressure,True
2021-09-03 04:00:00+00:00,2021-09-14 20:00:00+00:00,2021-09-14 16:00:00-04:00,281,87.0,81.942469700763,boost_5y_no_dew_pressure,True
2021-09-03 04:00:00+00:00,2021-09-14 21:00:00+00:00,2021-09-14 17:00:00-04:00,282,87.0,80.77705284934223,boost_5y_no_dew_pressure,True
2021-09-03 04:00:00+00:00,2021-09-14 22:00:00+00:00,2021-09-14 18:00:00-04:00,283,85.0,78.2787365729268,boost_5y_no_dew_pressure,True
2021-09-03 04:00:00+00:00,2021-09-14 23:00:00+00:00,2021-09-14 19:00:00-04:00,284,81.0,74.97361638933931,boost_5y_no_dew_pressure,True
2021-09-03 04:00:00+00:00,2021-09-15 00:00:00+00:00,2021-09-14 20:00:00-04:00,285,78.0,73.22980640761689,boost_5y_no_dew_pressure,True
2021-09-03 04:00:00+00:00,2021-09-15 01:00:00+00:00,2021-09-14 21:00:00-04:00,286,78.0,71.94146862663777,boost_5y_no_dew_pressure,True
2021-09-03 04:00:00+00:00,2021-09-15 02:00:00+00:00,2021-09-14 22:00:00-04:00,287,78.0,70.9857070044282,boost_5y_no_dew_pressure,True
2021-09-03 04:00:00+00:00,2021-09-15 03:00:00+00:00,2021-09-14 23:00:00-04:00,288,76.0,70.18982687982142,boost_5y_no_dew_pressure,True
2021-09-03 04:00:00+00:00,2021-09-15 04:00:00+00:00,2021-09-15 00:00:00-04:00,289,76.0,69.53973162584884,boost_5y_no_dew_pressure,True
2021-09-03 04:00:00+00:00,2021-09-15 05:00:00+00:00,2021-09-15 01:00:00-04:00,290,75.0,68.80575832628357,boost_5y_no_dew_pressure,True
2021-09-03 04:00:00+00:00,2021-09-15 06:00:00+00:00,2021-09-15 02:00:00-04:00,291,74.0,68.29884319582175,boost_5y_no_dew_pressure,True
2021-09-03 04:00:00+00:00,2021-09-15 07:00:00+00:00,2021-09-15 03:00:00-04:00,292,74.0,67.69398282100812,boost_5y_no_dew_pressure,True
2021-09-03 04:00:00+00:00,2021-09-15 08:00:00+00:00,2021-09-15 04:00:00-04:00,293,73.0,67.32677772986739,boost_5y_no_dew_pressure,True
2021-09-03 04:00:00+00:00,2021-09-15 09:00:00+00:00,2021-09-15 05:00:00-04:00,294,73.0,67.07278975841942,boost_5y_no_dew_pressure,True
2021-09-03 04:00:00+00:00,2021-09-15 10:00:00+00:00,2021-09-15 06:00:00-04:00,295,73.0,66.71308576398489,boost_5y_no_dew_pressure,True
2021-09-03 04:00:00+00:00,2021-09-15 11:00:00+00:00,2021-09-15 07:00:00-04:00,296,74.0,67.92419332670528,boost_5y_no_dew_pressure,True
2021-09-03 04:00:00+00:00,2021-09-15 12:00:00+00:00,2021-09-15 08:00:00-04:00,297,75.0,70.90668819565639,boost_5y_no_dew_pressure,True
2021-09-03 04:00:00+00:00,2021-09-15 13:00:00+00:00,2021-09-15 09:00:00-04:00,298,77.0,74.04314338814622,boost_5y_no_dew_pressure,True
2021-09-03 04:00:00+00:00,2021-09-15 14:00:00+00:00,2021-09-15 10:00:00-04:00,299,79.0,76.57391966862048,boost_5y_no_dew_pressure,True
2021-09-03 04:00:00+00:00,2021-09-15 15:00:00+00:00,2021-09-15 11:00:00-04:00,300,83.0,78.7547273165334,boost_5y_no_dew_pressure,True
2021-09-03 04:00:00+00:00,2021-09-15 16:00:00+00:00,2021-09-15 12:00:00-04:00,301,87.0,80.21967669566122,boost_5y_no_dew_pressure,True
2021-09-03 04:00:00+00:00,2021-09-15 17:00:00+00:00,2021-09-15 13:00:00-04:00,302,84.0,81.30313431656744,boost_5y_no_dew_pressure,True
2021-09-03 04:00:00+00:00,2021-09-15 18:00:00+00:00,2021-09-15 14:00:00-04:00,303,88.0,81.93784908997436,boost_5y_no_dew_pressure,True
2021-09-03 04:00:00+00:00,2021-09-15 19:00:00+00:00,2021-09-15 15:00:00-04:00,304,88.0,82.13760289956012,boost_5y_no_dew_pressure,True
2021-09-03 04:00:00+00:00,2021-09-15 20:00:00+00:00,2021-09-15 16:00:00-04:00,305,86.0,81.61736010482151,boost_5y_no_dew_pressure,True
2021-09-03 04:00:00+00:00,2021-09-15 21:00:00+00:00,2021-09-15 17:00:00-04:00,306,84.0,80.42692649116533,boost_5y_no_dew_pressure,True
2021-09-03 04:00:00+00:00,2021-09-15 22:00:00+00:00,2021-09-15 18:00:00-04:00,307,82.0,77.96837765048555,boost_5y_no_dew_pressure,True
2021-09-03 04:00:00+00:00,2021-09-15 23:00:00+00:00,2021-09-15 19:00:00-04:00,308,81.0,74.78247326498564,boost_5y_no_dew_pressure,True
2021-09-03 04:00:00+00:00,2021-09-16 00:00:00+00:00,2021-09-15 20:00:00-04:00,309,80.0,73.25176261992645,boost_5y_no_dew_pressure,True
2021-09-03 04:00:00+00:00,2021-09-16 01:00:00+00:00,2021-09-15 21:00:00-04:00,310,78.0,71.84248020507445,boost_5y_no_dew_pressure,True
2021-09-03 04:00:00+00:00,2021-09-16 02:00:00+00:00,2021-09-15 22:00:00-04:00,311,75.0,70.93853832555921,boost_5y_no_dew_pressure,True
2021-09-03 04:00:00+00:00,2021-09-16 03:00:00+00:00,2021-09-15 23:00:00-04:00,312,76.0,70.17074488780194,boost_5y_no_dew_pressure,True
2021-09-03 04:00:00+00:00,2021-09-16 04:00:00+00:00,2021-09-16 00:00:00-04:00,313,74.0,69.47168421273756,boost_5y_no_dew_pressure,True
2021-09-03 04:00:00+00:00,2021-09-16 05:00:00+00:00,2021-09-16 01:00:00-04:00,314,73.0,68.77310921978912,boost_5y_no_dew_pressure,True
2021-09-03 04:00:00+00:00,2021-09-16 06:00:00+00:00,2021-09-16 02:00:00-04:00,315,72.0,68.21899342733639,boost_5y_no_dew_pressure,True
2021-09-03 04:00:00+00:00,2021-09-16 07:00:00+00:00,2021-09-16 03:00:00-04:00,316,72.0,67.56543131798716,boost_5y_no_dew_pressure,True
2021-09-03 04:00:00+00:00,2021-09-16 08:00:00+00:00,2021-09-16 04:00:00-04:00,317,73.0,67.1434304240714,boost_5y_no_dew_pressure,True
2021-09-03 04:00:00+00:00,2021-09-16 09:00:00+00:00,2021-09-16 05:00:00-04:00,318,71.0,66.93741767913512,boost_5y_no_dew_pressure,True
2021-09-03 04:00:00+00:00,2021-09-16 10:00:00+00:00,2021-09-16 06:00:00-04:00,319,71.0,66.56583730670692,boost_5y_no_dew_pressure,True
2021-09-03 04:00:00+00:00,2021-09-16 11:00:00+00:00,2021-09-16 07:00:00-04:00,320,72.0,67.75469710501284,boost_5y_no_dew_pressure,True
2021-09-03 04:00:00+00:00,2021-09-16 12:00:00+00:00,2021-09-16 08:00:00-04:00,321,75.0,70.56355166817576,boost_5y_no_dew_pressure,True
2021-09-03 04:00:00+00:00,2021-09-16 13:00:00+00:00,2021-09-16 09:00:00-04:00,322,79.0,73.61625455929435,boost_5y_no_dew_pressure,True
2021-09-03 04:00:00+00:00,2021-09-16 14:00:00+00:00,2021-09-16 10:00:00-04:00,323,81.0,76.13284760994435,boost_5y_no_dew_pressure,True
2021-09-03 04:00:00+00:00,2021-09-16 15:00:00+00:00,2021-09-16 11:00:00-04:00,324,84.0,78.31970488124709,boost_5y_no_dew_pressure,True
2021-09-03 04:00:00+00:00,2021-09-16 16:00:00+00:00,2021-09-16 12:00:00-04:00,325,84.0,79.76833249916467,boost_5y_no_dew_pressure,True
2021-09-03 04:00:00+00:00,2021-09-16 17:00:00+00:00,2021-09-16 13:00:00-04:00,326,84.0,80.92858538019664,boost_5y_no_dew_pressure,True
2021-09-03 04:00:00+00:00,2021-09-16 18:00:00+00:00,2021-09-16 14:00:00-04:00,327,84.0,81.60791148518702,boost_5y_no_dew_pressure,True
2021-09-03 04:00:00+00:00,2021-09-16 19:00:00+00:00,2021-09-16 15:00:00-04:00,328,84.0,81.70094067797612,boost_5y_no_dew_pressure,True
2021-09-03 04:00:00+00:00,2021-09-16 20:00:00+00:00,2021-09-16 16:00:00-04:00,329,83.0,81.2478702276464,boost_5y_no_dew_pressure,True
2021-09-03 04:00:00+00:00,2021-09-16 21:00:00+00:00,2021-09-16 17:00:00-04:00,330,82.0,79.96560191975608,boost_5y_no_dew_pressure,True
2021-09-03 04:00:00+00:00,2021-09-16 22:00:00+00:00,2021-09-16 18:00:00-04:00,331,80.0,77.4103948764817,boost_5y_no_dew_pressure,True
2021-09-03 04:00:00+00:00,2021-09-16 23:00:00+00:00,2021-09-16 19:00:00-04:00,332,79.0,74.43804674673758,boost_5y_no_dew_pressure,True
2021-09-03 04:00:00+00:00,2021-09-17 00:00:00+00:00,2021-09-16 20:00:00-04:00,333,78.0,72.93122164793176,boost_5y_no_dew_pressure,True
2021-09-03 04:00:00+00:00,2021-09-17 01:00:00+00:00,2021-09-16 21:00:00-04:00,334,77.0,71.53458531332763,boost_5y_no_dew_pressure,True
2021-09-03 04:00:00+00:00,2021-09-17 02:00:00+00:00,2021-09-16 22:00:00-04:00,335,76.0,70.6676801346244,boost_5y_no_dew_pressure,True
2021-09-03 04:00:00+00:00,2021-09-17 03:00:00+00:00,2021-09-16 23:00:00-04:00,336,75.0,69.9254678917077,boost_5y_no_dew_pressure,True
2021-09-10 04:00:00+00:00,2021-09-10 04:00:00+00:00,2021-09-10 00:00:00-04:00,1,64.0,72.72406050333717,boost_5y_no_dew_pressure,True
2021-09-10 04:00:00+00:00,2021-09-10 05:00:00+00:00,2021-09-10 01:00:00-04:00,2,64.0,72.0449220381258,boost_5y_no_dew_pressure,True
2021-09-10 04:00:00+00:00,2021-09-10 06:00:00+00:00,2021-09-10 02:00:00-04:00,3,63.0,71.23106898025964,boost_5y_no_dew_pressure,True
2021-09-10 04:00:00+00:00,2021-09-10 07:00:00+00:00,2021-09-10 03:00:00-04:00,4,62.0,70.83894809078821,boost_5y_no_dew_pressure,True
2021-09-10 04:00:00+00:00,2021-09-10 08:00:00+00:00,2021-09-10 04:00:00-04:00,5,59.0,70.29541042308766,boost_5y_no_dew_pressure,True
2021-09-10 04:00:00+00:00,2021-09-10 09:00:00+00:00,2021-09-10 05:00:00-04:00,6,60.0,70.15791691154568,boost_5y_no_dew_pressure,True
2021-09-10 04:00:00+00:00,2021-09-10 10:00:00+00:00,2021-09-10 06:00:00-04:00,7,58.0,70.26684120343361,boost_5y_no_dew_pressure,True
2021-09-10 04:00:00+00:00,2021-09-10 11:00:00+00:00,2021-09-10 07:00:00-04:00,8,62.0,71.25336993235516,boost_5y_no_dew_pressure,True
2021-09-10 04:00:00+00:00,2021-09-10 12:00:00+00:00,2021-09-10 08:00:00-04:00,9,67.0,73.69654772975865,boost_5y_no_dew_pressure,True
2021-09-10 04:00:00+00:00,2021-09-10 13:00:00+00:00,2021-09-10 09:00:00-04:00,10,70.0,76.78703365283424,boost_5y_no_dew_pressure,True
2021-09-10 04:00:00+00:00,2021-09-10 14:00:00+00:00,2021-09-10 10:00:00-04:00,11,73.0,79.06454530973474,boost_5y_no_dew_pressure,True
2021-09-10 04:00:00+00:00,2021-09-10 15:00:00+00:00,2021-09-10 11:00:00-04:00,12,75.0,81.06978513161148,boost_5y_no_dew_pressure,True
2021-09-10 04:00:00+00:00,2021-09-10 16:00:00+00:00,2021-09-10 12:00:00-04:00,13,76.0,82.27422817142664,boost_5y_no_dew_pressure,True
2021-09-10 04:00:00+00:00,2021-09-10 17:00:00+00:00,2021-09-10 13:00:00-04:00,14,78.0,83.12977911702198,boost_5y_no_dew_pressure,True
2021-09-10 04:00:00+00:00,2021-09-10 18:00:00+00:00,2021-09-10 14:00:00-04:00,15,79.0,83.637171481822,boost_5y_no_dew_pressure,True
2021-09-10 04:00:00+00:00,2021-09-10 19:00:00+00:00,2021-09-10 15:00:00-04:00,16,79.0,84.20908526531082,boost_5y_no_dew_pressure,True
2021-09-10 04:00:00+00:00,2021-09-10 20:00:00+00:00,2021-09-10 16:00:00-04:00,17,77.0,83.67376903051492,boost_5y_no_dew_pressure,True
2021-09-10 04:00:00+00:00,2021-09-10 21:00:00+00:00,2021-09-10 17:00:00-04:00,18,78.0,82.81499792778828,boost_5y_no_dew_pressure,True
2021-09-10 04:00:00+00:00,2021-09-10 22:00:00+00:00,2021-09-10 18:00:00-04:00,19,75.0,80.51736350833278,boost_5y_no_dew_pressure,True
2021-09-10 04:00:00+00:00,2021-09-10 23:00:00+00:00,2021-09-10 19:00:00-04:00,20,67.0,77.62054874267153,boost_5y_no_dew_pressure,True
2021-09-10 04:00:00+00:00,2021-09-11 00:00:00+00:00,2021-09-10 20:00:00-04:00,21,64.0,75.68226002916249,boost_5y_no_dew_pressure,True
2021-09-10 04:00:00+00:00,2021-09-11 01:00:00+00:00,2021-09-10 21:00:00-04:00,22,64.0,74.14964388637435,boost_5y_no_dew_pressure,True
2021-09-10 04:00:00+00:00,2021-09-11 02:00:00+00:00,2021-09-10 22:00:00-04:00,23,63.0,73.0987391557162,boost_5y_no_dew_pressure,True
2021-09-10 04:00:00+00:00,2021-09-11 03:00:00+00:00,2021-09-10 23:00:00-04:00,24,61.0,72.25395160141555,boost_5y_no_dew_pressure,True
2021-09-10 04:00:00+00:00,2021-09-11 04:00:00+00:00,2021-09-11 00:00:00-04:00,25,62.0,72.53540611285631,boost_5y_no_dew_pressure,True
2021-09-10 04:00:00+00:00,2021-09-11 05:00:00+00:00,2021-09-11 01:00:00-04:00,26,60.0,72.50067275465636,boost_5y_no_dew_pressure,True
2021-09-10 04:00:00+00:00,2021-09-11 06:00:00+00:00,2021-09-11 02:00:00-04:00,27,58.0,71.74959227044496,boost_5y_no_dew_pressure,True
2021-09-10 04:00:00+00:00,2021-09-11 07:00:00+00:00,2021-09-11 03:00:00-04:00,28,58.0,71.25574942176857,boost_5y_no_dew_pressure,True
2021-09-10 04:00:00+00:00,2021-09-11 08:00:00+00:00,2021-09-11 04:00:00-04:00,29,57.0,70.73470535699296,boost_5y_no_dew_pressure,True
2021-09-10 04:00:00+00:00,2021-09-11 09:00:00+00:00,2021-09-11 05:00:00-04:00,30,57.0,70.55813280499426,boost_5y_no_dew_pressure,True
2021-09-10 04:00:00+00:00,2021-09-11 10:00:00+00:00,2021-09-11 06:00:00-04:00,31,57.0,70.31558424391893,boost_5y_no_dew_pressure,True
2021-09-10 04:00:00+00:00,2021-09-11 11:00:00+00:00,2021-09-11 07:00:00-04:00,32,60.0,71.51611258303456,boost_5y_no_dew_pressure,True
2021-09-10 04:00:00+00:00,2021-09-11 12:00:00+00:00,2021-09-11 08:00:00-04:00,33,66.0,73.79181558333781,boost_5y_no_dew_pressure,True
2021-09-10 04:00:00+00:00,2021-09-11 13:00:00+00:00,2021-09-11 09:00:00-04:00,34,68.0,76.4644284539345,boost_5y_no_dew_pressure,True
2021-09-10 04:00:00+00:00,2021-09-11 14:00:00+00:00,2021-09-11 10:00:00-04:00,35,75.0,78.72488949085161,boost_5y_no_dew_pressure,True
2021-09-10 04:00:00+00:00,2021-09-11 15:00:00+00:00,2021-09-11 11:00:00-04:00,36,79.0,80.69854514379068,boost_5y_no_dew_pressure,True
2021-09-10 04:00:00+00:00,2021-09-11 16:00:00+00:00,2021-09-11 12:00:00-04:00,37,80.0,81.91621684781747,boost_5y_no_dew_pressure,True
2021-09-10 04:00:00+00:00,2021-09-11 17:00:00+00:00,2021-09-11 13:00:00-04:00,38,80.0,82.85670695427987,boost_5y_no_dew_pressure,True
2021-09-10 04:00:00+00:00,2021-09-11 18:00:00+00:00,2021-09-11 14:00:00-04:00,39,82.0,83.22497818349348,boost_5y_no_dew_pressure,True
2021-09-10 04:00:00+00:00,2021-09-11 19:00:00+00:00,2021-09-11 15:00:00-04:00,40,82.0,83.61369809187532,boost_5y_no_dew_pressure,True
2021-09-10 04:00:00+00:00,2021-09-11 20:00:00+00:00,2021-09-11 16:00:00-04:00,41,82.0,83.08025669216957,boost_5y_no_dew_pressure,True
2021-09-10 04:00:00+00:00,2021-09-11 21:00:00+00:00,2021-09-11 17:00:00-04:00,42,81.0,82.1719376816964,boost_5y_no_dew_pressure,True
2021-09-10 04:00:00+00:00,2021-09-11 22:00:00+00:00,2021-09-11 18:00:00-04:00,43,78.0,79.94533516559557,boost_5y_no_dew_pressure,True
2021-09-10 04:00:00+00:00,2021-09-11 23:00:00+00:00,2021-09-11 19:00:00-04:00,44,71.0,76.86274858984619,boost_5y_no_dew_pressure,True
2021-09-10 04:00:00+00:00,2021-09-12 00:00:00+00:00,2021-09-11 20:00:00-04:00,45,70.0,74.98449281188806,boost_5y_no_dew_pressure,True
2021-09-10 04:00:00+00:00,2021-09-12 01:00:00+00:00,2021-09-11 21:00:00-04:00,46,69.0,73.76909616331817,boost_5y_no_dew_pressure,True
2021-09-10 04:00:00+00:00,2021-09-12 02:00:00+00:00,2021-09-11 22:00:00-04:00,47,69.0,72.77955064669517,boost_5y_no_dew_pressure,True
2021-09-10 04:00:00+00:00,2021-09-12 03:00:00+00:00,2021-09-11 23:00:00-04:00,48,68.0,72.3693682553242,boost_5y_no_dew_pressure,True
2021-09-10 04:00:00+00:00,2021-09-12 04:00:00+00:00,2021-09-12 00:00:00-04:00,49,67.0,72.79610917326555,boost_5y_no_dew_pressure,True
2021-09-10 04:00:00+00:00,2021-09-12 05:00:00+00:00,2021-09-12 01:00:00-04:00,50,62.0,72.15364186403716,boost_5y_no_dew_pressure,True
2021-09-10 04:00:00+00:00,2021-09-12 06:00:00+00:00,2021-09-12 02:00:00-04:00,51,64.0,71.41862476612857,boost_5y_no_dew_pressure,True
2021-09-10 04:00:00+00:00,2021-09-12 07:00:00+00:00,2021-09-12 03:00:00-04:00,52,63.0,70.92925330462613,boost_5y_no_dew_pressure,True
2021-09-10 04:00:00+00:00,2021-09-12 08:00:00+00:00,2021-09-12 04:00:00-04:00,53,62.0,70.3974244102244,boost_5y_no_dew_pressure,True
2021-09-10 04:00:00+00:00,2021-09-12 09:00:00+00:00,2021-09-12 05:00:00-04:00,54,62.0,70.17745515091474,boost_5y_no_dew_pressure,True
2021-09-10 04:00:00+00:00,2021-09-12 10:00:00+00:00,2021-09-12 06:00:00-04:00,55,62.0,70.04010820690931,boost_5y_no_dew_pressure,True
2021-09-10 04:00:00+00:00,2021-09-12 11:00:00+00:00,2021-09-12 07:00:00-04:00,56,64.0,71.1179406959807,boost_5y_no_dew_pressure,True
2021-09-10 04:00:00+00:00,2021-09-12 12:00:00+00:00,2021-09-12 08:00:00-04:00,57,68.0,73.2238546578601,boost_5y_no_dew_pressure,True
2021-09-10 04:00:00+00:00,2021-09-12 13:00:00+00:00,2021-09-12 09:00:00-04:00,58,75.0,75.83560051883305,boost_5y_no_dew_pressure,True
2021-09-10 04:00:00+00:00,2021-09-12 14:00:00+00:00,2021-09-12 10:00:00-04:00,59,79.0,78.17318093017256,boost_5y_no_dew_pressure,True
2021-09-10 04:00:00+00:00,2021-09-12 15:00:00+00:00,2021-09-12 11:00:00-04:00,60,82.0,80.23634677290838,boost_5y_no_dew_pressure,True
2021-09-10 04:00:00+00:00,2021-09-12 16:00:00+00:00,2021-09-12 12:00:00-04:00,61,84.0,81.50811030847471,boost_5y_no_dew_pressure,True
2021-09-10 04:00:00+00:00,2021-09-12 17:00:00+00:00,2021-09-12 13:00:00-04:00,62,86.0,82.65841801629982,boost_5y_no_dew_pressure,True
2021-09-10 04:00:00+00:00,2021-09-12 18:00:00+00:00,2021-09-12 14:00:00-04:00,63,87.0,82.95133490608123,boost_5y_no_dew_pressure,True
2021-09-10 04:00:00+00:00,2021-09-12 19:00:00+00:00,2021-09-12 15:00:00-04:00,64,87.0,83.29478353493516,boost_5y_no_dew_pressure,True
2021-09-10 04:00:00+00:00,2021-09-12 20:00:00+00:00,2021-09-12 16:00:00-04:00,65,86.0,83.01898465290986,boost_5y_no_dew_pressure,True
2021-09-10 04:00:00+00:00,2021-09-12 21:00:00+00:00,2021-09-12 17:00:00-04:00,66,84.0,81.83260926653375,boost_5y_no_dew_pressure,True
2021-09-10 04:00:00+00:00,2021-09-12 22:00:00+00:00,2021-09-12 18:00:00-04:00,67,80.0,79.51124632488306,boost_5y_no_dew_pressure,True
2021-09-10 04:00:00+00:00,2021-09-12 23:00:00+00:00,2021-09-12 19:00:00-04:00,68,77.0,76.26630360412663,boost_5y_no_dew_pressure,True
2021-09-10 04:00:00+00:00,2021-09-13 00:00:00+00:00,2021-09-12 20:00:00-04:00,69,76.0,74.57573837950562,boost_5y_no_dew_pressure,True
2021-09-10 04:00:00+00:00,2021-09-13 01:00:00+00:00,2021-09-12 21:00:00-04:00,70,73.0,73.10125499584929,boost_5y_no_dew_pressure,True
2021-09-10 04:00:00+00:00,2021-09-13 02:00:00+00:00,2021-09-12 22:00:00-04:00,71,73.0,72.26840288347756,boost_5y_no_dew_pressure,True
2021-09-10 04:00:00+00:00,2021-09-13 03:00:00+00:00,2021-09-12 23:00:00-04:00,72,70.0,71.66585670766653,boost_5y_no_dew_pressure,True
2021-09-10 04:00:00+00:00,2021-09-13 04:00:00+00:00,2021-09-13 00:00:00-04:00,73,69.0,70.2845564925426,boost_5y_no_dew_pressure,True
2021-09-10 04:00:00+00:00,2021-09-13 05:00:00+00:00,2021-09-13 01:00:00-04:00,74,68.0,69.59125605855773,boost_5y_no_dew_pressure,True
2021-09-10 04:00:00+00:00,2021-09-13 06:00:00+00:00,2021-09-13 02:00:00-04:00,75,67.0,69.00015160152209,boost_5y_no_dew_pressure,True
2021-09-10 04:00:00+00:00,2021-09-13 07:00:00+00:00,2021-09-13 03:00:00-04:00,76,67.0,68.4418084792177,boost_5y_no_dew_pressure,True
2021-09-10 04:00:00+00:00,2021-09-13 08:00:00+00:00,2021-09-13 04:00:00-04:00,77,65.0,68.0925587494855,boost_5y_no_dew_pressure,True
2021-09-10 04:00:00+00:00,2021-09-13 09:00:00+00:00,2021-09-13 05:00:00-04:00,78,65.0,67.89854356814027,boost_5y_no_dew_pressure,True
2021-09-10 04:00:00+00:00,2021-09-13 10:00:00+00:00,2021-09-13 06:00:00-04:00,79,65.0,67.65209937572413,boost_5y_no_dew_pressure,True
2021-09-10 04:00:00+00:00,2021-09-13 11:00:00+00:00,2021-09-13 07:00:00-04:00,80,66.0,68.71700163946959,boost_5y_no_dew_pressure,True
2021-09-10 04:00:00+00:00,2021-09-13 12:00:00+00:00,2021-09-13 08:00:00-04:00,81,70.0,71.62797495441909,boost_5y_no_dew_pressure,True
2021-09-10 04:00:00+00:00,2021-09-13 13:00:00+00:00,2021-09-13 09:00:00-04:00,82,75.0,74.27897685727248,boost_5y_no_dew_pressure,True
2021-09-10 04:00:00+00:00,2021-09-13 14:00:00+00:00,2021-09-13 10:00:00-04:00,83,80.0,76.58392896381756,boost_5y_no_dew_pressure,True
2021-09-10 04:00:00+00:00,2021-09-13 15:00:00+00:00,2021-09-13 11:00:00-04:00,84,85.0,78.6284034058125,boost_5y_no_dew_pressure,True
2021-09-10 04:00:00+00:00,2021-09-13 16:00:00+00:00,2021-09-13 12:00:00-04:00,85,85.0,79.92747106589489,boost_5y_no_dew_pressure,True
2021-09-10 04:00:00+00:00,2021-09-13 17:00:00+00:00,2021-09-13 13:00:00-04:00,86,87.0,81.145433226489,boost_5y_no_dew_pressure,True
2021-09-10 04:00:00+00:00,2021-09-13 18:00:00+00:00,2021-09-13 14:00:00-04:00,87,89.0,81.61969445479627,boost_5y_no_dew_pressure,True
2021-09-10 04:00:00+00:00,2021-09-13 19:00:00+00:00,2021-09-13 15:00:00-04:00,88,89.0,82.0271767348457,boost_5y_no_dew_pressure,True
2021-09-10 04:00:00+00:00,2021-09-13 20:00:00+00:00,2021-09-13 16:00:00-04:00,89,88.0,81.56976550394076,boost_5y_no_dew_pressure,True
2021-09-10 04:00:00+00:00,2021-09-13 21:00:00+00:00,2021-09-13 17:00:00-04:00,90,87.0,80.42313683286929,boost_5y_no_dew_pressure,True
2021-09-10 04:00:00+00:00,2021-09-13 22:00:00+00:00,2021-09-13 18:00:00-04:00,91,82.0,78.23049757130538,boost_5y_no_dew_pressure,True
2021-09-10 04:00:00+00:00,2021-09-13 23:00:00+00:00,2021-09-13 19:00:00-04:00,92,80.0,74.85192221186352,boost_5y_no_dew_pressure,True
2021-09-10 04:00:00+00:00,2021-09-14 00:00:00+00:00,2021-09-13 20:00:00-04:00,93,78.0,73.16133727611683,boost_5y_no_dew_pressure,True
2021-09-10 04:00:00+00:00,2021-09-14 01:00:00+00:00,2021-09-13 21:00:00-04:00,94,75.0,71.82146052237891,boost_5y_no_dew_pressure,True
2021-09-10 04:00:00+00:00,2021-09-14 02:00:00+00:00,2021-09-13 22:00:00-04:00,95,73.0,70.9478115145323,boost_5y_no_dew_pressure,True
2021-09-10 04:00:00+00:00,2021-09-14 03:00:00+00:00,2021-09-13 23:00:00-04:00,96,73.0,70.30726804633417,boost_5y_no_dew_pressure,True
2021-09-10 04:00:00+00:00,2021-09-14 04:00:00+00:00,2021-09-14 00:00:00-04:00,97,70.0,69.87977533446337,boost_5y_no_dew_pressure,True
2021-09-10 04:00:00+00:00,2021-09-14 05:00:00+00:00,2021-09-14 01:00:00-04:00,98,72.0,69.20151560385717,boost_5y_no_dew_pressure,True
2021-09-10 04:00:00+00:00,2021-09-14 06:00:00+00:00,2021-09-14 02:00:00-04:00,99,71.0,68.60190484429303,boost_5y_no_dew_pressure,True
2021-09-10 04:00:00+00:00,2021-09-14 07:00:00+00:00,2021-09-14 03:00:00-04:00,100,70.0,68.1159671104863,boost_5y_no_dew_pressure,True
2021-09-10 04:00:00+00:00,2021-09-14 08:00:00+00:00,2021-09-14 04:00:00-04:00,101,68.0,67.76361291093387,boost_5y_no_dew_pressure,True
2021-09-10 04:00:00+00:00,2021-09-14 09:00:00+00:00,2021-09-14 05:00:00-04:00,102,68.0,67.5032693018595,boost_5y_no_dew_pressure,True
2021-09-10 04:00:00+00:00,2021-09-14 10:00:00+00:00,2021-09-14 06:00:00-04:00,103,68.0,67.18550164839066,boost_5y_no_dew_pressure,True
2021-09-10 04:00:00+00:00,2021-09-14 11:00:00+00:00,2021-09-14 07:00:00-04:00,104,69.0,68.36208205306139,boost_5y_no_dew_pressure,True
2021-09-10 04:00:00+00:00,2021-09-14 12:00:00+00:00,2021-09-14 08:00:00-04:00,105,73.0,71.23297477579379,boost_5y_no_dew_pressure,True
2021-09-10 04:00:00+00:00,2021-09-14 13:00:00+00:00,2021-09-14 09:00:00-04:00,106,78.0,74.0310105969864,boost_5y_no_dew_pressure,True
2021-09-10 04:00:00+00:00,2021-09-14 14:00:00+00:00,2021-09-14 10:00:00-04:00,107,82.0,76.31713958350595,boost_5y_no_dew_pressure,True
2021-09-10 04:00:00+00:00,2021-09-14 15:00:00+00:00,2021-09-14 11:00:00-04:00,108,86.0,78.41750007380895,boost_5y_no_dew_pressure,True
2021-09-10 04:00:00+00:00,2021-09-14 16:00:00+00:00,2021-09-14 12:00:00-04:00,109,88.0,79.74221674872679,boost_5y_no_dew_pressure,True
2021-09-10 04:00:00+00:00,2021-09-14 17:00:00+00:00,2021-09-14 13:00:00-04:00,110,88.0,80.95881990389057,boost_5y_no_dew_pressure,True
2021-09-10 04:00:00+00:00,2021-09-14 18:00:00+00:00,2021-09-14 14:00:00-04:00,111,90.0,81.57466023656814,boost_5y_no_dew_pressure,True
2021-09-10 04:00:00+00:00,2021-09-14 19:00:00+00:00,2021-09-14 15:00:00-04:00,112,88.0,81.87192489163677,boost_5y_no_dew_pressure,True
2021-09-10 04:00:00+00:00,2021-09-14 20:00:00+00:00,2021-09-14 16:00:00-04:00,113,87.0,81.26576969886058,boost_5y_no_dew_pressure,True
2021-09-10 04:00:00+00:00,2021-09-14 21:00:00+00:00,2021-09-14 17:00:00-04:00,114,87.0,80.1325605427242,boost_5y_no_dew_pressure,True
2021-09-10 04:00:00+00:00,2021-09-14 22:00:00+00:00,2021-09-14 18:00:00-04:00,115,85.0,77.79098166753776,boost_5y_no_dew_pressure,True
2021-09-10 04:00:00+00:00,2021-09-14 23:00:00+00:00,2021-09-14 19:00:00-04:00,116,81.0,74.53487119246778,boost_5y_no_dew_pressure,True
2021-09-10 04:00:00+00:00,2021-09-15 00:00:00+00:00,2021-09-14 20:00:00-04:00,117,78.0,72.8700598410048,boost_5y_no_dew_pressure,True
2021-09-10 04:00:00+00:00,2021-09-15 01:00:00+00:00,2021-09-14 21:00:00-04:00,118,78.0,71.61229947897728,boost_5y_no_dew_pressure,True
2021-09-10 04:00:00+00:00,2021-09-15 02:00:00+00:00,2021-09-14 22:00:00-04:00,119,78.0,70.75075149272675,boost_5y_no_dew_pressure,True
2021-09-10 04:00:00+00:00,2021-09-15 03:00:00+00:00,2021-09-14 23:00:00-04:00,120,76.0,69.97648989749038,boost_5y_no_dew_pressure,True
2021-09-10 04:00:00+00:00,2021-09-15 04:00:00+00:00,2021-09-15 00:00:00-04:00,121,76.0,69.50924491634115,boost_5y_no_dew_pressure,True
2021-09-10 04:00:00+00:00,2021-09-15 05:00:00+00:00,2021-09-15 01:00:00-04:00,122,75.0,68.79215562481603,boost_5y_no_dew_pressure,True
2021-09-10 04:00:00+00:00,2021-09-15 06:00:00+00:00,2021-09-15 02:00:00-04:00,123,74.0,68.2560564290685,boost_5y_no_dew_pressure,True
2021-09-10 04:00:00+00:00,2021-09-15 07:00:00+00:00,2021-09-15 03:00:00-04:00,124,74.0,67.74066764554114,boost_5y_no_dew_pressure,True
2021-09-10 04:00:00+00:00,2021-09-15 08:00:00+00:00,2021-09-15 04:00:00-04:00,125,73.0,67.40357071490776,boost_5y_no_dew_pressure,True
2021-09-10 04:00:00+00:00,2021-09-15 09:00:00+00:00,2021-09-15 05:00:00-04:00,126,73.0,67.16938519860209,boost_5y_no_dew_pressure,True
2021-09-10 04:00:00+00:00,2021-09-15 10:00:00+00:00,2021-09-15 06:00:00-04:00,127,73.0,66.88326510454866,boost_5y_no_dew_pressure,True
2021-09-10 04:00:00+00:00,2021-09-15 11:00:00+00:00,2021-09-15 07:00:00-04:00,128,74.0,67.98323986731418,boost_5y_no_dew_pressure,True
2021-09-10 04:00:00+00:00,2021-09-15 12:00:00+00:00,2021-09-15 08:00:00-04:00,129,75.0,70.7666745847293,boost_5y_no_dew_pressure,True
2021-09-10 04:00:00+00:00,2021-09-15 13:00:00+00:00,2021-09-15 09:00:00-04:00,130,77.0,73.60561508058579,boost_5y_no_dew_pressure,True
2021-09-10 04:00:00+00:00,2021-09-15 14:00:00+00:00,2021-09-15 10:00:00-04:00,131,79.0,75.95923750174597,boost_5y_no_dew_pressure,True
2021-09-10 04:00:00+00:00,2021-09-15 15:00:00+00:00,2021-09-15 11:00:00-04:00,132,83.0,78.02904481452163,boost_5y_no_dew_pressure,True
2021-09-10 04:00:00+00:00,2021-09-15 16:00:00+00:00,2021-09-15 12:00:00-04:00,133,87.0,79.40792205686613,boost_5y_no_dew_pressure,True
2021-09-10 04:00:00+00:00,2021-09-15 17:00:00+00:00,2021-09-15 13:00:00-04:00,134,84.0,80.50565057492355,boost_5y_no_dew_pressure,True
2021-09-10 04:00:00+00:00,2021-09-15 18:00:00+00:00,2021-09-15 14:00:00-04:00,135,88.0,81.12725142023086,boost_5y_no_dew_pressure,True
2021-09-10 04:00:00+00:00,2021-09-15 19:00:00+00:00,2021-09-15 15:00:00-04:00,136,88.0,81.33416344900682,boost_5y_no_dew_pressure,True
2021-09-10 04:00:00+00:00,2021-09-15 20:00:00+00:00,2021-09-15 16:00:00-04:00,137,86.0,80.79777417579645,boost_5y_no_dew_pressure,True
2021-09-10 04:00:00+00:00,2021-09-15 21:00:00+00:00,2021-09-15 17:00:00-04:00,138,84.0,79.63970602301879,boost_5y_no_dew_pressure,True
2021-09-10 04:00:00+00:00,2021-09-15 22:00:00+00:00,2021-09-15 18:00:00-04:00,139,82.0,77.31559010101901,boost_5y_no_dew_pressure,True
2021-09-10 04:00:00+00:00,2021-09-15 23:00:00+00:00,2021-09-15 19:00:00-04:00,140,81.0,74.15653065400755,boost_5y_no_dew_pressure,True
2021-09-10 04:00:00+00:00,2021-09-16 00:00:00+00:00,2021-09-15 20:00:00-04:00,141,80.0,72.6903272987284,boost_5y_no_dew_pressure,True
2021-09-10 04:00:00+00:00,2021-09-16 01:00:00+00:00,2021-09-15 21:00:00-04:00,142,78.0,71.33952473698707,boost_5y_no_dew_pressure,True
2021-09-10 04:00:00+00:00,2021-09-16 02:00:00+00:00,2021-09-15 22:00:00-04:00,143,75.0,70.46756675216702,boost_5y_no_dew_pressure,True
2021-09-10 04:00:00+00:00,2021-09-16 03:00:00+00:00,2021-09-15 23:00:00-04:00,144,76.0,69.7162992705432,boost_5y_no_dew_pressure,True
2021-09-10 04:00:00+00:00,2021-09-16 04:00:00+00:00,2021-09-16 00:00:00-04:00,145,74.0,69.26416790192957,boost_5y_no_dew_pressure,True
2021-09-10 04:00:00+00:00,2021-09-16 05:00:00+00:00,2021-09-16 01:00:00-04:00,146,73.0,68.57636761419438,boost_5y_no_dew_pressure,True
2021-09-10 04:00:00+00:00,2021-09-16 06:00:00+00:00,2021-09-16 02:00:00-04:00,147,72.0,68.05071033166574,boost_5y_no_dew_pressure,True
2021-09-10 04:00:00+00:00,2021-09-16 07:00:00+00:00,2021-09-16 03:00:00-04:00,148,72.0,67.49886734716304,boost_5y_no_dew_pressure,True
2021-09-10 04:00:00+00:00,2021-09-16 08:00:00+00:00,2021-09-16 04:00:00-04:00,149,73.0,67.10932872313741,boost_5y_no_dew_pressure,True
2021-09-10 04:00:00+00:00,2021-09-16 09:00:00+00:00,2021-09-16 05:00:00-04:00,150,71.0,66.8723480376778,boost_5y_no_dew_pressure,True
2021-09-10 04:00:00+00:00,2021-09-16 10:00:00+00:00,2021-09-16 06:00:00-04:00,151,71.0,66.54974613213945,boost_5y_no_dew_pressure,True
2021-09-10 04:00:00+00:00,2021-09-16 11:00:00+00:00,2021-09-16 07:00:00-04:00,152,72.0,67.68036502738474,boost_5y_no_dew_pressure,True
2021-09-10 04:00:00+00:00,2021-09-16 12:00:00+00:00,2021-09-16 08:00:00-04:00,153,75.0,70.39131286902085,boost_5y_no_dew_pressure,True
2021-09-10 04:00:00+00:00,2021-09-16 13:00:00+00:00,2021-09-16 09:00:00-04:00,154,79.0,73.27774594143209,boost_5y_no_dew_pressure,True
2021-09-10 04:00:00+00:00,2021-09-16 14:00:00+00:00,2021-09-16 10:00:00-04:00,155,81.0,75.61547735668591,boost_5y_no_dew_pressure,True
2021-09-10 04:00:00+00:00,2021-09-16 15:00:00+00:00,2021-09-16 11:00:00-04:00,156,84.0,77.74074297765476,boost_5y_no_dew_pressure,True
2021-09-10 04:00:00+00:00,2021-09-16 16:00:00+00:00,2021-09-16 12:00:00-04:00,157,84.0,79.07231215843441,boost_5y_no_dew_pressure,True
2021-09-10 04:00:00+00:00,2021-09-16 17:00:00+00:00,2021-09-16 13:00:00-04:00,158,84.0,80.21092326795278,boost_5y_no_dew_pressure,True
2021-09-10 04:00:00+00:00,2021-09-16 18:00:00+00:00,2021-09-16 14:00:00-04:00,159,84.0,80.90691588112178,boost_5y_no_dew_pressure,True
2021-09-10 04:00:00+00:00,2021-09-16 19:00:00+00:00,2021-09-16 15:00:00-04:00,160,84.0,80.97837681147382,boost_5y_no_dew_pressure,True
2021-09-10 04:00:00+00:00,2021-09-16 20:00:00+00:00,2021-09-16 16:00:00-04:00,161,83.0,80.54978404112751,boost_5y_no_dew_pressure,True
2021-09-10 04:00:00+00:00,2021-09-16 21:00:00+00:00,2021-09-16 17:00:00-04:00,162,82.0,79.31032749995948,boost_5y_no_dew_pressure,True
2021-09-10 04:00:00+00:00,2021-09-16 22:00:00+00:00,2021-09-16 18:00:00-04:00,163,80.0,76.84621903883266,boost_5y_no_dew_pressure,True
2021-09-10 04:00:00+00:00,2021-09-16 23:00:00+00:00,2021-09-16 19:00:00-04:00,164,79.0,73.90332612730246,boost_5y_no_dew_pressure,True
2021-09-10 04:00:00+00:00,2021-09-17 00:00:00+00:00,2021-09-16 20:00:00-04:00,165,78.0,72.47620991855622,boost_5y_no_dew_pressure,True
2021-09-10 04:00:00+00:00,2021-09-17 01:00:00+00:00,2021-09-16 21:00:00-04:00,166,77.0,71.11061050993911,boost_5y_no_dew_pressure,True
2021-09-10 04:00:00+00:00,2021-09-17 02:00:00+00:00,2021-09-16 22:00:00-04:00,167,76.0,70.2766336081711,boost_5y_no_dew_pressure,True
2021-09-10 04:00:00+00:00,2021-09-17 03:00:00+00:00,2021-09-16 23:00:00-04:00,168,75.0,69.53393586973483,boost_5y_no_dew_pressure,True
2021-09-10 04:00:00+00:00,2021-09-17 04:00:00+00:00,2021-09-17 00:00:00-04:00,169,74.0,69.17994769970981,boost_5y_no_dew_pressure,True
2021-09-10 04:00:00+00:00,2021-09-17 05:00:00+00:00,2021-09-17 01:00:00-04:00,170,74.0,68.53870883740375,boost_5y_no_dew_pressure,True
2021-09-10 04:00:00+00:00,2021-09-17 06:00:00+00:00,2021-09-17 02:00:00-04:00,171,74.0,68.00067446656143,boost_5y_no_dew_pressure,True
2021-09-10 04:00:00+00:00,2021-09-17 07:00:00+00:00,2021-09-17 03:00:00-04:00,172,74.0,67.38545717564891,boost_5y_no_dew_pressure,True
2021-09-10 04:00:00+00:00,2021-09-17 08:00:00+00:00,2021-09-17 04:00:00-04:00,173,73.0,66.95981441021765,boost_5y_no_dew_pressure,True
2021-09-10 04:00:00+00:00,2021-09-17 09:00:00+00:00,2021-09-17 05:00:00-04:00,174,73.0,66.70331996488191,boost_5y_no_dew_pressure,True
2021-09-10 04:00:00+00:00,2021-09-17 10:00:00+00:00,2021-09-17 06:00:00-04:00,175,72.0,66.41001523912126,boost_5y_no_dew_pressure,True
2021-09-10 04:00:00+00:00,2021-09-17 11:00:00+00:00,2021-09-17 07:00:00-04:00,176,73.0,67.55144244077951,boost_5y_no_dew_pressure,True
2021-09-10 04:00:00+00:00,2021-09-17 12:00:00+00:00,2021-09-17 08:00:00-04:00,177,74.0,70.2662302756671,boost_5y_no_dew_pressure,True
2021-09-10 04:00:00+00:00,2021-09-17 13:00:00+00:00,2021-09-17 09:00:00-04:00,178,75.0,73.22288894791033,boost_5y_no_dew_pressure,True
2021-09-10 04:00:00+00:00,2021-09-17 14:00:00+00:00,2021-09-17 10:00:00-04:00,179,77.0,75.73533120498512,boost_5y_no_dew_pressure,True
2021-09-10 04:00:00+00:00,2021-09-17 15:00:00+00:00,2021-09-17 11:00:00-04:00,180,78.0,77.91204796205216,boost_5y_no_dew_pressure,True
2021-09-10 04:00:00+00:00,2021-09-17 16:00:00+00:00,2021-09-17 12:00:00-04:00,181,79.0,79.29642531949698,boost_5y_no_dew_pressure,True
2021-09-10 04:00:00+00:00,2021-09-17 17:00:00+00:00,2021-09-17 13:00:00-04:00,182,82.0,80.51414468531539,boost_5y_no_dew_pressure,True
2021-09-10 04:00:00+00:00,2021-09-17 18:00:00+00:00,2021-09-17 14:00:00-04:00,183,75.0,81.23430333586221,boost_5y_no_dew_pressure,True
2021-09-10 04:00:00+00:00,2021-09-17 19:00:00+00:00,2021-09-17 15:00:00-04:00,184,81.0,81.24924488867445,boost_5y_no_dew_pressure,True
2021-09-10 04:00:00+00:00,2021-09-17 20:00:00+00:00,2021-09-17 16:00:00-04:00,185,82.0,80.77768025822087,boost_5y_no_dew_pressure,True
2021-09-10 04:00:00+00:00,2021-09-17 21:00:00+00:00,2021-09-17 17:00:00-04:00,186,81.0,79.6574475540147,boost_5y_no_dew_pressure,True
2021-09-10 04:00:00+00:00,2021-09-17 22:00:00+00:00,2021-09-17 18:00:00-04:00,187,79.0,77.09694712009515,boost_5y_no_dew_pressure,True
2021-09-10 04:00:00+00:00,2021-09-17 23:00:00+00:00,2021-09-17 19:00:00-04:00,188,76.0,74.13838716409747,boost_5y_no_dew_pressure,True
2021-09-10 04:00:00+00:00,2021-09-18 00:00:00+00:00,2021-09-17 20:00:00-04:00,189,74.0,72.64226675775333,boost_5y_no_dew_pressure,True
2021-09-10 04:00:00+00:00,2021-09-18 01:00:00+00:00,2021-09-17 21:00:00-04:00,190,75.0,71.23719387473997,boost_5y_no_dew_pressure,True
2021-09-10 04:00:00+00:00,2021-09-18 02:00:00+00:00,2021-09-17 22:00:00-04:00,191,74.0,70.34135769630505,boost_5y_no_dew_pressure,True
2021-09-10 04:00:00+00:00,2021-09-18 03:00:00+00:00,2021-09-17 23:00:00-04:00,192,74.0,69.6701814366075,boost_5y_no_dew_pressure,True
2021-09-10 04:00:00+00:00,2021-09-18 04:00:00+00:00,2021-09-18 00:00:00-04:00,193,73.0,69.18478080487917,boost_5y_no_dew_pressure,True
2021-09-10 04:00:00+00:00,2021-09-18 05:00:00+00:00,2021-09-18 01:00:00-04:00,194,72.0,68.4642551010204,boost_5y_no_dew_pressure,True
2021-09-10 04:00:00+00:00,2021-09-18 06:00:00+00:00,2021-09-18 02:00:00-04:00,195,72.0,67.92839692879541,boost_5y_no_dew_pressure,True
2021-09-10 04:00:00+00:00,2021-09-18 07:00:00+00:00,2021-09-18 03:00:00-04:00,196,71.0,67.33835734262126,boost_5y_no_dew_pressure,True
2021-09-10 04:00:00+00:00,2021-09-18 08:00:00+00:00,2021-09-18 04:00:00-04:00,197,71.0,66.91225345501762,boost_5y_no_dew_pressure,True
2021-09-10 04:00:00+00:00,2021-09-18 09:00:00+00:00,2021-09-18 05:00:00-04:00,198,71.0,66.61560769539636,boost_5y_no_dew_pressure,True
2021-09-10 04:00:00+00:00,2021-09-18 10:00:00+00:00,2021-09-18 06:00:00-04:00,199,71.0,66.36695103890571,boost_5y_no_dew_pressure,True
2021-09-10 04:00:00+00:00,2021-09-18 11:00:00+00:00,2021-09-18 07:00:00-04:00,200,72.0,67.47424774093578,boost_5y_no_dew_pressure,True
2021-09-10 04:00:00+00:00,2021-09-18 12:00:00+00:00,2021-09-18 08:00:00-04:00,201,76.0,70.28996181895957,boost_5y_no_dew_pressure,True
2021-09-10 04:00:00+00:00,2021-09-18 13:00:00+00:00,2021-09-18 09:00:00-04:00,202,78.0,73.2845744089473,boost_5y_no_dew_pressure,True
2021-09-10 04:00:00+00:00,2021-09-18 14:00:00+00:00,2021-09-18 10:00:00-04:00,203,79.0,75.65583289691635,boost_5y_no_dew_pressure,True
2021-09-10 04:00:00+00:00,2021-09-18 15:00:00+00:00,2021-09-18 11:00:00-04:00,204,83.0,77.80861214716201,boost_5y_no_dew_pressure,True
2021-09-10 04:00:00+00:00,2021-09-18 16:00:00+00:00,2021-09-18 12:00:00-04:00,205,83.0,79.19965119745179,boost_5y_no_dew_pressure,True
2021-09-10 04:00:00+00:00,2021-09-18 17:00:00+00:00,2021-09-18 13:00:00-04:00,206,84.0,80.42872546024067,boost_5y_no_dew_pressure,True
2021-09-10 04:00:00+00:00,2021-09-18 18:00:00+00:00,2021-09-18 14:00:00-04:00,207,85.0,81.2330471693599,boost_5y_no_dew_pressure,True
2021-09-10 04:00:00+00:00,2021-09-18 19:00:00+00:00,2021-09-18 15:00:00-04:00,208,85.0,81.15645336092268,boost_5y_no_dew_pressure,True
2021-09-10 04:00:00+00:00,2021-09-18 20:00:00+00:00,2021-09-18 16:00:00-04:00,209,85.0,80.69314590461622,boost_5y_no_dew_pressure,True
2021-09-10 04:00:00+00:00,2021-09-18 21:00:00+00:00,2021-09-18 17:00:00-04:00,210,84.0,79.58979211511343,boost_5y_no_dew_pressure,True
2021-09-10 04:00:00+00:00,2021-09-18 22:00:00+00:00,2021-09-18 18:00:00-04:00,211,81.0,76.94984068901437,boost_5y_no_dew_pressure,True
2021-09-10 04:00:00+00:00,2021-09-18 23:00:00+00:00,2021-09-18 19:00:00-04:00,212,78.0,73.96702443263403,boost_5y_no_dew_pressure,True
2021-09-10 04:00:00+00:00,2021-09-19 00:00:00+00:00,2021-09-18 20:00:00-04:00,213,77.0,72.47672614539292,boost_5y_no_dew_pressure,True
2021-09-10 04:00:00+00:00,2021-09-19 01:00:00+00:00,2021-09-18 21:00:00-04:00,214,76.0,71.1652360812543,boost_5y_no_dew_pressure,True
2021-09-10 04:00:00+00:00,2021-09-19 02:00:00+00:00,2021-09-18 22:00:00-04:00,215,74.0,70.28096780771617,boost_5y_no_dew_pressure,True
2021-09-10 04:00:00+00:00,2021-09-19 03:00:00+00:00,2021-09-18 23:00:00-04:00,216,73.0,69.57970306220173,boost_5y_no_dew_pressure,True
2021-09-10 04:00:00+00:00,2021-09-19 04:00:00+00:00,2021-09-19 00:00:00-04:00,217,71.0,68.91972323012838,boost_5y_no_dew_pressure,True
2021-09-10 04:00:00+00:00,2021-09-19 05:00:00+00:00,2021-09-19 01:00:00-04:00,218,70.0,68.11399178070221,boost_5y_no_dew_pressure,True
2021-09-10 04:00:00+00:00,2021-09-19 06:00:00+00:00,2021-09-19 02:00:00-04:00,219,70.0,67.55273979567536,boost_5y_no_dew_pressure,True
2021-09-10 04:00:00+00:00,2021-09-19 07:00:00+00:00,2021-09-19 03:00:00-04:00,220,68.0,66.91779451713563,boost_5y_no_dew_pressure,True
2021-09-10 04:00:00+00:00,2021-09-19 08:00:00+00:00,2021-09-19 04:00:00-04:00,221,67.0,66.4944685624181,boost_5y_no_dew_pressure,True
2021-09-10 04:00:00+00:00,2021-09-19 09:00:00+00:00,2021-09-19 05:00:00-04:00,222,68.0,66.21336687473256,boost_5y_no_dew_pressure,True
2021-09-10 04:00:00+00:00,2021-09-19 10:00:00+00:00,2021-09-19 06:00:00-04:00,223,67.0,65.98730230920307,boost_5y_no_dew_pressure,True
2021-09-10 04:00:00+00:00,2021-09-19 11:00:00+00:00,2021-09-19 07:00:00-04:00,224,70.0,67.0302289654969,boost_5y_no_dew_pressure,True
2021-09-10 04:00:00+00:00,2021-09-19 12:00:00+00:00,2021-09-19 08:00:00-04:00,225,77.0,69.79739231473988,boost_5y_no_dew_pressure,True
2021-09-10 04:00:00+00:00,2021-09-19 13:00:00+00:00,2021-09-19 09:00:00-04:00,226,80.0,72.73680638663275,boost_5y_no_dew_pressure,True
2021-09-10 04:00:00+00:00,2021-09-19 14:00:00+00:00,2021-09-19 10:00:00-04:00,227,82.0,75.28980739239245,boost_5y_no_dew_pressure,True
2021-09-10 04:00:00+00:00,2021-09-19 15:00:00+00:00,2021-09-19 11:00:00-04:00,228,84.0,77.47556230786182,boost_5y_no_dew_pressure,True
2021-09-10 04:00:00+00:00,2021-09-19 16:00:00+00:00,2021-09-19 12:00:00-04:00,229,87.0,78.8751092068395,boost_5y_no_dew_pressure,True
2021-09-10 04:00:00+00:00,2021-09-19 17:00:00+00:00,2021-09-19 13:00:00-04:00,230,87.0,80.0757083618786,boost_5y_no_dew_pressure,True
2021-09-10 04:00:00+00:00,2021-09-19 18:00:00+00:00,2021-09-19 14:00:00-04:00,231,87.0,80.85265884539685,boost_5y_no_dew_pressure,True
2021-09-10 04:00:00+00:00,2021-09-19 19:00:00+00:00,2021-09-19 15:00:00-04:00,232,89.0,80.7639324429489,boost_5y_no_dew_pressure,True
2021-09-10 04:00:00+00:00,2021-09-19 20:00:00+00:00,2021-09-19 16:00:00-04:00,233,88.0,80.36847583097442,boost_5y_no_dew_pressure,True
2021-09-10 04:00:00+00:00,2021-09-19 21:00:00+00:00,2021-09-19 17:00:00-04:00,234,87.0,79.29295655257933,boost_5y_no_dew_pressure,True
2021-09-10 04:00:00+00:00,2021-09-19 22:00:00+00:00,2021-09-19 18:00:00-04:00,235,84.0,76.70770823812002,boost_5y_no_dew_pressure,True
2021-09-10 04:00:00+00:00,2021-09-19 23:00:00+00:00,2021-09-19 19:00:00-04:00,236,81.0,73.78177916372623,boost_5y_no_dew_pressure,True
2021-09-10 04:00:00+00:00,2021-09-20 00:00:00+00:00,2021-09-19 20:00:00-04:00,237,78.0,72.18626433049857,boost_5y_no_dew_pressure,True
2021-09-10 04:00:00+00:00,2021-09-20 01:00:00+00:00,2021-09-19 21:00:00-04:00,238,76.0,70.9040001926078,boost_5y_no_dew_pressure,True
2021-09-10 04:00:00+00:00,2021-09-20 02:00:00+00:00,2021-09-19 22:00:00-04:00,239,74.0,70.06745452711091,boost_5y_no_dew_pressure,True
2021-09-10 04:00:00+00:00,2021-09-20 03:00:00+00:00,2021-09-19 23:00:00-04:00,240,76.0,69.32666232666779,boost_5y_no_dew_pressure,True
2021-09-10 04:00:00+00:00,2021-09-20 04:00:00+00:00,2021-09-20 00:00:00-04:00,241,73.0,68.64094196313874,boost_5y_no_dew_pressure,True
2021-09-10 04:00:00+00:00,2021-09-20 05:00:00+00:00,2021-09-20 01:00:00-04:00,242,73.0,67.91127373961942,boost_5y_no_dew_pressure,True
2021-09-10 04:00:00+00:00,2021-09-20 06:00:00+00:00,2021-09-20 02:00:00-04:00,243,73.0,67.37105315479094,boost_5y_no_dew_pressure,True
2021-09-10 04:00:00+00:00,2021-09-20 07:00:00+00:00,2021-09-20 03:00:00-04:00,244,72.0,66.749175322619,boost_5y_no_dew_pressure,True
2021-09-10 04:00:00+00:00,2021-09-20 08:00:00+00:00,2021-09-20 04:00:00-04:00,245,72.0,66.31208320278162,boost_5y_no_dew_pressure,True
2021-09-10 04:00:00+00:00,2021-09-20 09:00:00+00:00,2021-09-20 05:00:00-04:00,246,73.0,66.02925066321438,boost_5y_no_dew_pressure,True
2021-09-10 04:00:00+00:00,2021-09-20 10:00:00+00:00,2021-09-20 06:00:00-04:00,247,72.0,65.80228611784439,boost_5y_no_dew_pressure,True
2021-09-10 04:00:00+00:00,2021-09-20 11:00:00+00:00,2021-09-20 07:00:00-04:00,248,72.0,66.78931954524477,boost_5y_no_dew_pressure,True
2021-09-10 04:00:00+00:00,2021-09-20 12:00:00+00:00,2021-09-20 08:00:00-04:00,249,72.0,69.55387691471246,boost_5y_no_dew_pressure,True
2021-09-10 04:00:00+00:00,2021-09-20 13:00:00+00:00,2021-09-20 09:00:00-04:00,250,74.0,72.4270320488438,boost_5y_no_dew_pressure,True
2021-09-10 04:00:00+00:00,2021-09-20 14:00:00+00:00,2021-09-20 10:00:00-04:00,251,76.0,74.9503801681179,boost_5y_no_dew_pressure,True
2021-09-10 04:00:00+00:00,2021-09-20 15:00:00+00:00,2021-09-20 11:00:00-04:00,252,79.0,77.04743570505579,boost_5y_no_dew_pressure,True
2021-09-10 04:00:00+00:00,2021-09-20 16:00:00+00:00,2021-09-20 12:00:00-04:00,253,81.0,78.52085272715686,boost_5y_no_dew_pressure,True
2021-09-10 04:00:00+00:00,2021-09-20 17:00:00+00:00,2021-09-20 13:00:00-04:00,254,82.0,79.78772065236669,boost_5y_no_dew_pressure,True
2021-09-10 04:00:00+00:00,2021-09-20 18:00:00+00:00,2021-09-20 14:00:00-04:00,255,82.0,80.56342087779356,boost_5y_no_dew_pressure,True
2021-09-10 04:00:00+00:00,2021-09-20 19:00:00+00:00,2021-09-20 15:00:00-04:00,256,82.0,80.47587468277659,boost_5y_no_dew_pressure,True
2021-09-10 04:00:00+00:00,2021-09-20 20:00:00+00:00,2021-09-20 16:00:00-04:00,257,82.0,80.05220739789009,boost_5y_no_dew_pressure,True
2021-09-10 04:00:00+00:00,2021-09-20 21:00:00+00:00,2021-09-20 17:00:00-04:00,258,79.0,79.06849874288085,boost_5y_no_dew_pressure,True
2021-09-10 04:00:00+00:00,2021-09-20 22:00:00+00:00,2021-09-20 18:00:00-04:00,259,77.0,76.5614899176143,boost_5y_no_dew_pressure,True
2021-09-10 04:00:00+00:00,2021-09-20 23:00:00+00:00,2021-09-20 19:00:00-04:00,260,74.0,73.61487914498477,boost_5y_no_dew_pressure,True
2021-09-10 04:00:00+00:00,2021-09-21 00:00:00+00:00,2021-09-20 20:00:00-04:00,261,73.0,71.92445659057383,boost_5y_no_dew_pressure,True
2021-09-10 04:00:00+00:00,2021-09-21 01:00:00+00:00,2021-09-20 21:00:00-04:00,262,71.0,70.55823400122951,boost_5y_no_dew_pressure,True
2021-09-10 04:00:00+00:00,2021-09-21 02:00:00+00:00,2021-09-20 22:00:00-04:00,263,71.0,69.80694746436586,boost_5y_no_dew_pressure,True
2021-09-10 04:00:00+00:00,2021-09-21 03:00:00+00:00,2021-09-20 23:00:00-04:00,264,71.0,69.0940285188203,boost_5y_no_dew_pressure,True
2021-09-10 04:00:00+00:00,2021-09-21 04:00:00+00:00,2021-09-21 00:00:00-04:00,265,70.0,68.43932570151765,boost_5y_no_dew_pressure,True
2021-09-10 04:00:00+00:00,2021-09-21 05:00:00+00:00,2021-09-21 01:00:00-04:00,266,68.0,67.71114977448352,boost_5y_no_dew_pressure,True
2021-09-10 04:00:00+00:00,2021-09-21 06:00:00+00:00,2021-09-21 02:00:00-04:00,267,68.0,67.17215561429289,boost_5y_no_dew_pressure,True
2021-09-10 04:00:00+00:00,2021-09-21 07:00:00+00:00,2021-09-21 03:00:00-04:00,268,68.0,66.5419135835076,boost_5y_no_dew_pressure,True
2021-09-10 04:00:00+00:00,2021-09-21 08:00:00+00:00,2021-09-21 04:00:00-04:00,269,67.0,66.09066876510627,boost_5y_no_dew_pressure,True
2021-09-10 04:00:00+00:00,2021-09-21 09:00:00+00:00,2021-09-21 05:00:00-04:00,270,67.0,65.80194893776081,boost_5y_no_dew_pressure,True
2021-09-10 04:00:00+00:00,2021-09-21 10:00:00+00:00,2021-09-21 06:00:00-04:00,271,68.0,65.57798912573799,boost_5y_no_dew_pressure,True
2021-09-10 04:00:00+00:00,2021-09-21 11:00:00+00:00,2021-09-21 07:00:00-04:00,272,68.0,66.54609340671655,boost_5y_no_dew_pressure,True
2021-09-10 04:00:00+00:00,2021-09-21 12:00:00+00:00,2021-09-21 08:00:00-04:00,273,71.0,69.49311150075742,boost_5y_no_dew_pressure,True
2021-09-10 04:00:00+00:00,2021-09-21 13:00:00+00:00,2021-09-21 09:00:00-04:00,274,73.0,72.50242925468186,boost_5y_no_dew_pressure,True
2021-09-10 04:00:00+00:00,2021-09-21 14:00:00+00:00,2021-09-21 10:00:00-04:00,275,75.0,75.17411026174477,boost_5y_no_dew_pressure,True
2021-09-10 04:00:00+00:00,2021-09-21 15:00:00+00:00,2021-09-21 11:00:00-04:00,276,77.0,77.20348882699109,boost_5y_no_dew_pressure,True
2021-09-10 04:00:00+00:00,2021-09-21 16:00:00+00:00,2021-09-21 12:00:00-04:00,277,78.0,78.66170320626281,boost_5y_no_dew_pressure,True
2021-09-10 04:00:00+00:00,2021-09-21 17:00:00+00:00,2021-09-21 13:00:00-04:00,278,80.0,79.9552243428428,boost_5y_no_dew_pressure,True
2021-09-10 04:00:00+00:00,2021-09-21 18:00:00+00:00,2021-09-21 14:00:00-04:00,279,77.0,80.71696328903202,boost_5y_no_dew_pressure,True
2021-09-10 04:00:00+00:00,2021-09-21 19:00:00+00:00,2021-09-21 15:00:00-04:00,280,75.0,80.67921203535288,boost_5y_no_dew_pressure,True
2021-09-10 04:00:00+00:00,2021-09-21 20:00:00+00:00,2021-09-21 16:00:00-04:00,281,75.0,80.3080964316449,boost_5y_no_dew_pressure,True
2021-09-10 04:00:00+00:00,2021-09-21 21:00:00+00:00,2021-09-21 17:00:00-04:00,282,74.0,79.2569502390511,boost_5y_no_dew_pressure,True
2021-09-10 04:00:00+00:00,2021-09-21 22:00:00+00:00,2021-09-21 18:00:00-04:00,283,74.0,76.67010510495352,boost_5y_no_dew_pressure,True
2021-09-10 04:00:00+00:00,2021-09-21 23:00:00+00:00,2021-09-21 19:00:00-04:00,284,74.0,73.68929768107154,boost_5y_no_dew_pressure,True
2021-09-10 04:00:00+00:00,2021-09-22 00:00:00+00:00,2021-09-21 20:00:00-04:00,285,74.0,71.97385429522419,boost_5y_no_dew_pressure,True
2021-09-10 04:00:00+00:00,2021-09-22 01:00:00+00:00,2021-09-21 21:00:00-04:00,286,75.0,70.57434113752034,boost_5y_no_dew_pressure,True
2021-09-10 04:00:00+00:00,2021-09-22 02:00:00+00:00,2021-09-21 22:00:00-04:00,287,73.0,69.78073137616917,boost_5y_no_dew_pressure,True
2021-09-10 04:00:00+00:00,2021-09-22 03:00:00+00:00,2021-09-21 23:00:00-04:00,288,73.0,69.05064102889325,boost_5y_no_dew_pressure,True
2021-09-10 04:00:00+00:00,2021-09-22 04:00:00+00:00,2021-09-22 00:00:00-04:00,289,73.0,68.37189285067892,boost_5y_no_dew_pressure,True
2021-09-10 04:00:00+00:00,2021-09-22 05:00:00+00:00,2021-09-22 01:00:00-04:00,290,73.0,67.62924472860887,boost_5y_no_dew_pressure,True
2021-09-10 04:00:00+00:00,2021-09-22 06:00:00+00:00,2021-09-22 02:00:00-04:00,291,73.0,67.0617276313968,boost_5y_no_dew_pressure,True
2021-09-10 04:00:00+00:00,2021-09-22 07:00:00+00:00,2021-09-22 03:00:00-04:00,292,74.0,66.41379593568153,boost_5y_no_dew_pressure,True
2021-09-10 04:00:00+00:00,2021-09-22 08:00:00+00:00,2021-09-22 04:00:00-04:00,293,74.0,65.97562860616218,boost_5y_no_dew_pressure,True
2021-09-10 04:00:00+00:00,2021-09-22 09:00:00+00:00,2021-09-22 05:00:00-04:00,294,74.0,65.62987238389731,boost_5y_no_dew_pressure,True
2021-09-10 04:00:00+00:00,2021-09-22 10:00:00+00:00,2021-09-22 06:00:00-04:00,295,74.0,65.38438012431868,boost_5y_no_dew_pressure,True
2021-09-10 04:00:00+00:00,2021-09-22 11:00:00+00:00,2021-09-22 07:00:00-04:00,296,74.0,66.35537988079216,boost_5y_no_dew_pressure,True
2021-09-10 04:00:00+00:00,2021-09-22 12:00:00+00:00,2021-09-22 08:00:00-04:00,297,76.0,69.3201017718419,boost_5y_no_dew_pressure,True
2021-09-10 04:00:00+00:00,2021-09-22 13:00:00+00:00,2021-09-22 09:00:00-04:00,298,75.0,72.43280336384439,boost_5y_no_dew_pressure,True
2021-09-10 04:00:00+00:00,2021-09-22 14:00:00+00:00,2021-09-22 10:00:00-04:00,299,76.0,75.22335149437835,boost_5y_no_dew_pressure,True
2021-09-10 04:00:00+00:00,2021-09-22 15:00:00+00:00,2021-09-22 11:00:00-04:00,300,77.0,77.19862347913495,boost_5y_no_dew_pressure,True
2021-09-10 04:00:00+00:00,2021-09-22 16:00:00+00:00,2021-09-22 12:00:00-04:00,301,76.0,78.77280872393187,boost_5y_no_dew_pressure,True
2021-09-10 04:00:00+00:00,2021-09-22 17:00:00+00:00,2021-09-22 13:00:00-04:00,302,76.0,80.04355332833474,boost_5y_no_dew_pressure,True
2021-09-10 04:00:00+00:00,2021-09-22 18:00:00+00:00,2021-09-22 14:00:00-04:00,303,78.0,80.76477698986406,boost_5y_no_dew_pressure,True
2021-09-10 04:00:00+00:00,2021-09-22 19:00:00+00:00,2021-09-22 15:00:00-04:00,304,78.0,80.69969958072463,boost_5y_no_dew_pressure,True
2021-09-10 04:00:00+00:00,2021-09-22 20:00:00+00:00,2021-09-22 16:00:00-04:00,305,80.0,80.20793358447496,boost_5y_no_dew_pressure,True
2021-09-10 04:00:00+00:00,2021-09-22 21:00:00+00:00,2021-09-22 17:00:00-04:00,306,78.0,79.1161459701279,boost_5y_no_dew_pressure,True
2021-09-10 04:00:00+00:00,2021-09-22 22:00:00+00:00,2021-09-22 18:00:00-04:00,307,76.0,76.50509351543917,boost_5y_no_dew_pressure,True
2021-09-10 04:00:00+00:00,2021-09-22 23:00:00+00:00,2021-09-22 19:00:00-04:00,308,75.0,73.51436673609766,boost_5y_no_dew_pressure,True
2021-09-10 04:00:00+00:00,2021-09-23 00:00:00+00:00,2021-09-22 20:00:00-04:00,309,75.0,71.91281421945696,boost_5y_no_dew_pressure,True
2021-09-10 04:00:00+00:00,2021-09-23 01:00:00+00:00,2021-09-22 21:00:00-04:00,310,75.0,70.55328904793663,boost_5y_no_dew_pressure,True
2021-09-10 04:00:00+00:00,2021-09-23 02:00:00+00:00,2021-09-22 22:00:00-04:00,311,74.0,69.70334635751135,boost_5y_no_dew_pressure,True
2021-09-10 04:00:00+00:00,2021-09-23 03:00:00+00:00,2021-09-22 23:00:00-04:00,312,74.0,69.01247736637947,boost_5y_no_dew_pressure,True
2021-09-10 04:00:00+00:00,2021-09-23 04:00:00+00:00,2021-09-23 00:00:00-04:00,313,63.0,68.31677090271164,boost_5y_no_dew_pressure,True
2021-09-10 04:00:00+00:00,2021-09-23 05:00:00+00:00,2021-09-23 01:00:00-04:00,314,62.0,67.52267996210554,boost_5y_no_dew_pressure,True
2021-09-10 04:00:00+00:00,2021-09-23 06:00:00+00:00,2021-09-23 02:00:00-04:00,315,61.0,66.92240365113676,boost_5y_no_dew_pressure,True
2021-09-10 04:00:00+00:00,2021-09-23 07:00:00+00:00,2021-09-23 03:00:00-04:00,316,61.0,66.25682824376413,boost_5y_no_dew_pressure,True
2021-09-10 04:00:00+00:00,2021-09-23 08:00:00+00:00,2021-09-23 04:00:00-04:00,317,61.0,65.81825127975323,boost_5y_no_dew_pressure,True
2021-09-10 04:00:00+00:00,2021-09-23 09:00:00+00:00,2021-09-23 05:00:00-04:00,318,60.0,65.4681190626208,boost_5y_no_dew_pressure,True
2021-09-10 04:00:00+00:00,2021-09-23 10:00:00+00:00,2021-09-23 06:00:00-04:00,319,61.0,65.20950768685458,boost_5y_no_dew_pressure,True
2021-09-10 04:00:00+00:00,2021-09-23 11:00:00+00:00,2021-09-23 07:00:00-04:00,320,60.0,66.20052198304043,boost_5y_no_dew_pressure,True
2021-09-10 04:00:00+00:00,2021-09-23 12:00:00+00:00,2021-09-23 08:00:00-04:00,321,63.0,68.98157736299132,boost_5y_no_dew_pressure,True
2021-09-10 04:00:00+00:00,2021-09-23 13:00:00+00:00,2021-09-23 09:00:00-04:00,322,67.0,72.0110041246797,boost_5y_no_dew_pressure,True
2021-09-10 04:00:00+00:00,2021-09-23 14:00:00+00:00,2021-09-23 10:00:00-04:00,323,69.0,74.829040388572,boost_5y_no_dew_pressure,True
2021-09-10 04:00:00+00:00,2021-09-23 15:00:00+00:00,2021-09-23 11:00:00-04:00,324,71.0,76.8704653604364,boost_5y_no_dew_pressure,True
2021-09-10 04:00:00+00:00,2021-09-23 16:00:00+00:00,2021-09-23 12:00:00-04:00,325,74.0,78.55250255827414,boost_5y_no_dew_pressure,True
2021-09-10 04:00:00+00:00,2021-09-23 17:00:00+00:00,2021-09-23 13:00:00-04:00,326,74.0,79.8388863638906,boost_5y_no_dew_pressure,True
2021-09-10 04:00:00+00:00,2021-09-23 18:00:00+00:00,2021-09-23 14:00:00-04:00,327,75.0,80.63973110033749,boost_5y_no_dew_pressure,True
2021-09-10 04:00:00+00:00,2021-09-23 19:00:00+00:00,2021-09-23 15:00:00-04:00,328,75.0,80.48083823989963,boost_5y_no_dew_pressure,True
2021-09-10 04:00:00+00:00,2021-09-23 20:00:00+00:00,2021-09-23 16:00:00-04:00,329,75.0,80.05526344214837,boost_5y_no_dew_pressure,True
2021-09-10 04:00:00+00:00,2021-09-23 21:00:00+00:00,2021-09-23 17:00:00-04:00,330,74.0,78.92300691770997,boost_5y_no_dew_pressure,True
2021-09-10 04:00:00+00:00,2021-09-23 22:00:00+00:00,2021-09-23 18:00:00-04:00,331,71.0,76.17666409556058,boost_5y_no_dew_pressure,True
2021-09-10 04:00:00+00:00,2021-09-23 23:00:00+00:00,2021-09-23 19:00:00-04:00,332,67.0,72.99935920425368,boost_5y_no_dew_pressure,True
2021-09-10 04:00:00+00:00,2021-09-24 00:00:00+00:00,2021-09-23 20:00:00-04:00,333,63.0,71.50551833991148,boost_5y_no_dew_pressure,True
2021-09-10 04:00:00+00:00,2021-09-24 01:00:00+00:00,2021-09-23 21:00:00-04:00,334,62.0,70.21552254684947,boost_5y_no_dew_pressure,True
2021-09-10 04:00:00+00:00,2021-09-24 02:00:00+00:00,2021-09-23 22:00:00-04:00,335,59.0,69.37703881388045,boost_5y_no_dew_pressure,True
2021-09-10 04:00:00+00:00,2021-09-24 03:00:00+00:00,2021-09-23 23:00:00-04:00,336,57.0,68.67166632083145,boost_5y_no_dew_pressure,True
2021-09-17 04:00:00+00:00,2021-09-17 04:00:00+00:00,2021-09-17 00:00:00-04:00,1,74.0,72.3872947730972,boost_5y_no_dew_pressure,True
2021-09-17 04:00:00+00:00,2021-09-17 05:00:00+00:00,2021-09-17 01:00:00-04:00,2,74.0,71.62917207476661,boost_5y_no_dew_pressure,True
2021-09-17 04:00:00+00:00,2021-09-17 06:00:00+00:00,2021-09-17 02:00:00-04:00,3,74.0,71.06597459513814,boost_5y_no_dew_pressure,True
2021-09-17 04:00:00+00:00,2021-09-17 07:00:00+00:00,2021-09-17 03:00:00-04:00,4,74.0,70.50772022218396,boost_5y_no_dew_pressure,True
2021-09-17 04:00:00+00:00,2021-09-17 08:00:00+00:00,2021-09-17 04:00:00-04:00,5,73.0,69.9816672792626,boost_5y_no_dew_pressure,True
2021-09-17 04:00:00+00:00,2021-09-17 09:00:00+00:00,2021-09-17 05:00:00-04:00,6,73.0,69.28046505569108,boost_5y_no_dew_pressure,True
2021-09-17 04:00:00+00:00,2021-09-17 10:00:00+00:00,2021-09-17 06:00:00-04:00,7,72.0,68.99940907335035,boost_5y_no_dew_pressure,True
2021-09-17 04:00:00+00:00,2021-09-17 11:00:00+00:00,2021-09-17 07:00:00-04:00,8,73.0,70.16765612151174,boost_5y_no_dew_pressure,True
2021-09-17 04:00:00+00:00,2021-09-17 12:00:00+00:00,2021-09-17 08:00:00-04:00,9,74.0,73.05689833244135,boost_5y_no_dew_pressure,True
2021-09-17 04:00:00+00:00,2021-09-17 13:00:00+00:00,2021-09-17 09:00:00-04:00,10,75.0,76.05712418247899,boost_5y_no_dew_pressure,True
2021-09-17 04:00:00+00:00,2021-09-17 14:00:00+00:00,2021-09-17 10:00:00-04:00,11,77.0,78.29755823417436,boost_5y_no_dew_pressure,True
2021-09-17 04:00:00+00:00,2021-09-17 15:00:00+00:00,2021-09-17 11:00:00-04:00,12,78.0,80.54266813057802,boost_5y_no_dew_pressure,True
2021-09-17 04:00:00+00:00,2021-09-17 16:00:00+00:00,2021-09-17 12:00:00-04:00,13,79.0,81.84746580987115,boost_5y_no_dew_pressure,True
2021-09-17 04:00:00+00:00,2021-09-17 17:00:00+00:00,2021-09-17 13:00:00-04:00,14,82.0,82.93926705917694,boost_5y_no_dew_pressure,True
2021-09-17 04:00:00+00:00,2021-09-17 18:00:00+00:00,2021-09-17 14:00:00-04:00,15,75.0,83.4183870281991,boost_5y_no_dew_pressure,True
2021-09-17 04:00:00+00:00,2021-09-17 19:00:00+00:00,2021-09-17 15:00:00-04:00,16,81.0,83.31876766288346,boost_5y_no_dew_pressure,True
2021-09-17 04:00:00+00:00,2021-09-17 20:00:00+00:00,2021-09-17 16:00:00-04:00,17,82.0,82.84121200589392,boost_5y_no_dew_pressure,True
2021-09-17 04:00:00+00:00,2021-09-17 21:00:00+00:00,2021-09-17 17:00:00-04:00,18,81.0,81.87540018704041,boost_5y_no_dew_pressure,True
2021-09-17 04:00:00+00:00,2021-09-17 22:00:00+00:00,2021-09-17 18:00:00-04:00,19,79.0,79.15167017687753,boost_5y_no_dew_pressure,True
2021-09-17 04:00:00+00:00,2021-09-17 23:00:00+00:00,2021-09-17 19:00:00-04:00,20,76.0,75.47538662631271,boost_5y_no_dew_pressure,True
2021-09-17 04:00:00+00:00,2021-09-18 00:00:00+00:00,2021-09-17 20:00:00-04:00,21,74.0,73.92558668970582,boost_5y_no_dew_pressure,True
2021-09-17 04:00:00+00:00,2021-09-18 01:00:00+00:00,2021-09-17 21:00:00-04:00,22,75.0,72.55177653285787,boost_5y_no_dew_pressure,True
2021-09-17 04:00:00+00:00,2021-09-18 02:00:00+00:00,2021-09-17 22:00:00-04:00,23,74.0,71.66476263417869,boost_5y_no_dew_pressure,True
2021-09-17 04:00:00+00:00,2021-09-18 03:00:00+00:00,2021-09-17 23:00:00-04:00,24,74.0,70.93266779782768,boost_5y_no_dew_pressure,True
2021-09-17 04:00:00+00:00,2021-09-18 04:00:00+00:00,2021-09-18 00:00:00-04:00,25,73.0,69.32083095930658,boost_5y_no_dew_pressure,True
2021-09-17 04:00:00+00:00,2021-09-18 05:00:00+00:00,2021-09-18 01:00:00-04:00,26,72.0,68.53884537166975,boost_5y_no_dew_pressure,True
2021-09-17 04:00:00+00:00,2021-09-18 06:00:00+00:00,2021-09-18 02:00:00-04:00,27,72.0,68.03085396942241,boost_5y_no_dew_pressure,True
2021-09-17 04:00:00+00:00,2021-09-18 07:00:00+00:00,2021-09-18 03:00:00-04:00,28,71.0,67.53006673333009,boost_5y_no_dew_pressure,True
2021-09-17 04:00:00+00:00,2021-09-18 08:00:00+00:00,2021-09-18 04:00:00-04:00,29,71.0,67.08645320038632,boost_5y_no_dew_pressure,True
2021-09-17 04:00:00+00:00,2021-09-18 09:00:00+00:00,2021-09-18 05:00:00-04:00,30,71.0,66.48402969870172,boost_5y_no_dew_pressure,True
2021-09-17 04:00:00+00:00,2021-09-18 10:00:00+00:00,2021-09-18 06:00:00-04:00,31,71.0,66.3031816655531,boost_5y_no_dew_pressure,True
2021-09-17 04:00:00+00:00,2021-09-18 11:00:00+00:00,2021-09-18 07:00:00-04:00,32,72.0,67.43555408795258,boost_5y_no_dew_pressure,True
2021-09-17 04:00:00+00:00,2021-09-18 12:00:00+00:00,2021-09-18 08:00:00-04:00,33,76.0,70.62361095532519,boost_5y_no_dew_pressure,True
2021-09-17 04:00:00+00:00,2021-09-18 13:00:00+00:00,2021-09-18 09:00:00-04:00,34,78.0,73.73790596613429,boost_5y_no_dew_pressure,True
2021-09-17 04:00:00+00:00,2021-09-18 14:00:00+00:00,2021-09-18 10:00:00-04:00,35,79.0,76.63739742271308,boost_5y_no_dew_pressure,True
2021-09-17 04:00:00+00:00,2021-09-18 15:00:00+00:00,2021-09-18 11:00:00-04:00,36,83.0,78.89939095615172,boost_5y_no_dew_pressure,True
2021-09-17 04:00:00+00:00,2021-09-18 16:00:00+00:00,2021-09-18 12:00:00-04:00,37,83.0,80.24187616550766,boost_5y_no_dew_pressure,True
2021-09-17 04:00:00+00:00,2021-09-18 17:00:00+00:00,2021-09-18 13:00:00-04:00,38,84.0,81.30064930536135,boost_5y_no_dew_pressure,True
2021-09-17 04:00:00+00:00,2021-09-18 18:00:00+00:00,2021-09-18 14:00:00-04:00,39,85.0,82.16419491597061,boost_5y_no_dew_pressure,True
2021-09-17 04:00:00+00:00,2021-09-18 19:00:00+00:00,2021-09-18 15:00:00-04:00,40,85.0,81.98970295553057,boost_5y_no_dew_pressure,True
2021-09-17 04:00:00+00:00,2021-09-18 20:00:00+00:00,2021-09-18 16:00:00-04:00,41,85.0,81.55862430180198,boost_5y_no_dew_pressure,True
2021-09-17 04:00:00+00:00,2021-09-18 21:00:00+00:00,2021-09-18 17:00:00-04:00,42,84.0,80.56079933157093,boost_5y_no_dew_pressure,True
2021-09-17 04:00:00+00:00,2021-09-18 22:00:00+00:00,2021-09-18 18:00:00-04:00,43,81.0,77.80098721343106,boost_5y_no_dew_pressure,True
2021-09-17 04:00:00+00:00,2021-09-18 23:00:00+00:00,2021-09-18 19:00:00-04:00,44,78.0,74.61538759256636,boost_5y_no_dew_pressure,True
2021-09-17 04:00:00+00:00,2021-09-19 00:00:00+00:00,2021-09-18 20:00:00-04:00,45,77.0,73.04720150789493,boost_5y_no_dew_pressure,True
2021-09-17 04:00:00+00:00,2021-09-19 01:00:00+00:00,2021-09-18 21:00:00-04:00,46,76.0,71.76807901890881,boost_5y_no_dew_pressure,True
2021-09-17 04:00:00+00:00,2021-09-19 02:00:00+00:00,2021-09-18 22:00:00-04:00,47,74.0,70.90799754646092,boost_5y_no_dew_pressure,True
2021-09-17 04:00:00+00:00,2021-09-19 03:00:00+00:00,2021-09-18 23:00:00-04:00,48,73.0,70.181593473212,boost_5y_no_dew_pressure,True
2021-09-17 04:00:00+00:00,2021-09-19 04:00:00+00:00,2021-09-19 00:00:00-04:00,49,71.0,66.74544040233363,boost_5y_no_dew_pressure,True
2021-09-17 04:00:00+00:00,2021-09-19 05:00:00+00:00,2021-09-19 01:00:00-04:00,50,70.0,66.00203697764339,boost_5y_no_dew_pressure,True
2021-09-17 04:00:00+00:00,2021-09-19 06:00:00+00:00,2021-09-19 02:00:00-04:00,51,70.0,65.36352963897019,boost_5y_no_dew_pressure,True
2021-09-17 04:00:00+00:00,2021-09-19 07:00:00+00:00,2021-09-19 03:00:00-04:00,52,68.0,64.69647271577048,boost_5y_no_dew_pressure,True
2021-09-17 04:00:00+00:00,2021-09-19 08:00:00+00:00,2021-09-19 04:00:00-04:00,53,67.0,64.30804719044026,boost_5y_no_dew_pressure,True
2021-09-17 04:00:00+00:00,2021-09-19 09:00:00+00:00,2021-09-19 05:00:00-04:00,54,68.0,63.847652894597665,boost_5y_no_dew_pressure,True
2021-09-17 04:00:00+00:00,2021-09-19 10:00:00+00:00,2021-09-19 06:00:00-04:00,55,67.0,63.701752311877186,boost_5y_no_dew_pressure,True
2021-09-17 04:00:00+00:00,2021-09-19 11:00:00+00:00,2021-09-19 07:00:00-04:00,56,70.0,64.7619903332222,boost_5y_no_dew_pressure,True
2021-09-17 04:00:00+00:00,2021-09-19 12:00:00+00:00,2021-09-19 08:00:00-04:00,57,77.0,67.6558070060767,boost_5y_no_dew_pressure,True
2021-09-17 04:00:00+00:00,2021-09-19 13:00:00+00:00,2021-09-19 09:00:00-04:00,58,80.0,71.83115816422762,boost_5y_no_dew_pressure,True
2021-09-17 04:00:00+00:00,2021-09-19 14:00:00+00:00,2021-09-19 10:00:00-04:00,59,82.0,74.78290200094015,boost_5y_no_dew_pressure,True
2021-09-17 04:00:00+00:00,2021-09-19 15:00:00+00:00,2021-09-19 11:00:00-04:00,60,84.0,77.33388826049362,boost_5y_no_dew_pressure,True
2021-09-17 04:00:00+00:00,2021-09-19 16:00:00+00:00,2021-09-19 12:00:00-04:00,61,87.0,78.67974955328836,boost_5y_no_dew_pressure,True
2021-09-17 04:00:00+00:00,2021-09-19 17:00:00+00:00,2021-09-19 13:00:00-04:00,62,87.0,79.82801079622831,boost_5y_no_dew_pressure,True
2021-09-17 04:00:00+00:00,2021-09-19 18:00:00+00:00,2021-09-19 14:00:00-04:00,63,87.0,80.66363415069206,boost_5y_no_dew_pressure,True
2021-09-17 04:00:00+00:00,2021-09-19 19:00:00+00:00,2021-09-19 15:00:00-04:00,64,89.0,80.4940890524214,boost_5y_no_dew_pressure,True
2021-09-17 04:00:00+00:00,2021-09-19 20:00:00+00:00,2021-09-19 16:00:00-04:00,65,88.0,80.12175669310957,boost_5y_no_dew_pressure,True
2021-09-17 04:00:00+00:00,2021-09-19 21:00:00+00:00,2021-09-19 17:00:00-04:00,66,87.0,79.1154108604831,boost_5y_no_dew_pressure,True
2021-09-17 04:00:00+00:00,2021-09-19 22:00:00+00:00,2021-09-19 18:00:00-04:00,67,84.0,76.34780857497157,boost_5y_no_dew_pressure,True
2021-09-17 04:00:00+00:00,2021-09-19 23:00:00+00:00,2021-09-19 19:00:00-04:00,68,81.0,73.35723885545316,boost_5y_no_dew_pressure,True
2021-09-17 04:00:00+00:00,2021-09-20 00:00:00+00:00,2021-09-19 20:00:00-04:00,69,78.0,71.56883686136638,boost_5y_no_dew_pressure,True
2021-09-17 04:00:00+00:00,2021-09-20 01:00:00+00:00,2021-09-19 21:00:00-04:00,70,76.0,69.66731334493319,boost_5y_no_dew_pressure,True
2021-09-17 04:00:00+00:00,2021-09-20 02:00:00+00:00,2021-09-19 22:00:00-04:00,71,74.0,68.63117017114502,boost_5y_no_dew_pressure,True
2021-09-17 04:00:00+00:00,2021-09-20 03:00:00+00:00,2021-09-19 23:00:00-04:00,72,76.0,67.79131084141,boost_5y_no_dew_pressure,True
2021-09-17 04:00:00+00:00,2021-09-20 04:00:00+00:00,2021-09-20 00:00:00-04:00,73,73.0,66.98593317266118,boost_5y_no_dew_pressure,True
2021-09-17 04:00:00+00:00,2021-09-20 05:00:00+00:00,2021-09-20 01:00:00-04:00,74,73.0,66.32064451891026,boost_5y_no_dew_pressure,True
2021-09-17 04:00:00+00:00,2021-09-20 06:00:00+00:00,2021-09-20 02:00:00-04:00,75,73.0,65.65256537683867,boost_5y_no_dew_pressure,True
2021-09-17 04:00:00+00:00,2021-09-20 07:00:00+00:00,2021-09-20 03:00:00-04:00,76,72.0,65.06226379405561,boost_5y_no_dew_pressure,True
2021-09-17 04:00:00+00:00,2021-09-20 08:00:00+00:00,2021-09-20 04:00:00-04:00,77,72.0,64.65542769347819,boost_5y_no_dew_pressure,True
2021-09-17 04:00:00+00:00,2021-09-20 09:00:00+00:00,2021-09-20 05:00:00-04:00,78,73.0,64.22808375229529,boost_5y_no_dew_pressure,True
2021-09-17 04:00:00+00:00,2021-09-20 10:00:00+00:00,2021-09-20 06:00:00-04:00,79,72.0,64.06340710972296,boost_5y_no_dew_pressure,True
2021-09-17 04:00:00+00:00,2021-09-20 11:00:00+00:00,2021-09-20 07:00:00-04:00,80,72.0,65.03291306415633,boost_5y_no_dew_pressure,True
2021-09-17 04:00:00+00:00,2021-09-20 12:00:00+00:00,2021-09-20 08:00:00-04:00,81,72.0,68.05058905015797,boost_5y_no_dew_pressure,True
2021-09-17 04:00:00+00:00,2021-09-20 13:00:00+00:00,2021-09-20 09:00:00-04:00,82,74.0,71.75899909449487,boost_5y_no_dew_pressure,True
2021-09-17 04:00:00+00:00,2021-09-20 14:00:00+00:00,2021-09-20 10:00:00-04:00,83,76.0,74.5004559958087,boost_5y_no_dew_pressure,True
2021-09-17 04:00:00+00:00,2021-09-20 15:00:00+00:00,2021-09-20 11:00:00-04:00,84,79.0,76.85623820539003,boost_5y_no_dew_pressure,True
2021-09-17 04:00:00+00:00,2021-09-20 16:00:00+00:00,2021-09-20 12:00:00-04:00,85,81.0,78.32550885366598,boost_5y_no_dew_pressure,True
2021-09-17 04:00:00+00:00,2021-09-20 17:00:00+00:00,2021-09-20 13:00:00-04:00,86,82.0,79.53451604861239,boost_5y_no_dew_pressure,True
2021-09-17 04:00:00+00:00,2021-09-20 18:00:00+00:00,2021-09-20 14:00:00-04:00,87,82.0,80.45941003057767,boost_5y_no_dew_pressure,True
2021-09-17 04:00:00+00:00,2021-09-20 19:00:00+00:00,2021-09-20 15:00:00-04:00,88,82.0,80.32195607119642,boost_5y_no_dew_pressure,True
2021-09-17 04:00:00+00:00,2021-09-20 20:00:00+00:00,2021-09-20 16:00:00-04:00,89,82.0,79.86337526986956,boost_5y_no_dew_pressure,True
2021-09-17 04:00:00+00:00,2021-09-20 21:00:00+00:00,2021-09-20 17:00:00-04:00,90,79.0,78.70571625073856,boost_5y_no_dew_pressure,True
2021-09-17 04:00:00+00:00,2021-09-20 22:00:00+00:00,2021-09-20 18:00:00-04:00,91,77.0,76.04325276133332,boost_5y_no_dew_pressure,True
2021-09-17 04:00:00+00:00,2021-09-20 23:00:00+00:00,2021-09-20 19:00:00-04:00,92,74.0,72.77600933884979,boost_5y_no_dew_pressure,True
2021-09-17 04:00:00+00:00,2021-09-21 00:00:00+00:00,2021-09-20 20:00:00-04:00,93,73.0,71.11423377844156,boost_5y_no_dew_pressure,True
2021-09-17 04:00:00+00:00,2021-09-21 01:00:00+00:00,2021-09-20 21:00:00-04:00,94,71.0,69.34440609516288,boost_5y_no_dew_pressure,True
2021-09-17 04:00:00+00:00,2021-09-21 02:00:00+00:00,2021-09-20 22:00:00-04:00,95,71.0,68.40105091507614,boost_5y_no_dew_pressure,True
2021-09-17 04:00:00+00:00,2021-09-21 03:00:00+00:00,2021-09-20 23:00:00-04:00,96,71.0,67.43450862457375,boost_5y_no_dew_pressure,True
2021-09-17 04:00:00+00:00,2021-09-21 04:00:00+00:00,2021-09-21 00:00:00-04:00,97,70.0,67.4229025956632,boost_5y_no_dew_pressure,True
2021-09-17 04:00:00+00:00,2021-09-21 05:00:00+00:00,2021-09-21 01:00:00-04:00,98,68.0,66.73560956794853,boost_5y_no_dew_pressure,True
2021-09-17 04:00:00+00:00,2021-09-21 06:00:00+00:00,2021-09-21 02:00:00-04:00,99,68.0,66.09464017520703,boost_5y_no_dew_pressure,True
2021-09-17 04:00:00+00:00,2021-09-21 07:00:00+00:00,2021-09-21 03:00:00-04:00,100,68.0,65.488360683484,boost_5y_no_dew_pressure,True
2021-09-17 04:00:00+00:00,2021-09-21 08:00:00+00:00,2021-09-21 04:00:00-04:00,101,67.0,65.08655208286434,boost_5y_no_dew_pressure,True
2021-09-17 04:00:00+00:00,2021-09-21 09:00:00+00:00,2021-09-21 05:00:00-04:00,102,67.0,64.6854179625234,boost_5y_no_dew_pressure,True
2021-09-17 04:00:00+00:00,2021-09-21 10:00:00+00:00,2021-09-21 06:00:00-04:00,103,68.0,64.49285660011122,boost_5y_no_dew_pressure,True
2021-09-17 04:00:00+00:00,2021-09-21 11:00:00+00:00,2021-09-21 07:00:00-04:00,104,68.0,65.4511441215819,boost_5y_no_dew_pressure,True
2021-09-17 04:00:00+00:00,2021-09-21 12:00:00+00:00,2021-09-21 08:00:00-04:00,105,71.0,68.46970489012547,boost_5y_no_dew_pressure,True
2021-09-17 04:00:00+00:00,2021-09-21 13:00:00+00:00,2021-09-21 09:00:00-04:00,106,73.0,71.82872219843863,boost_5y_no_dew_pressure,True
2021-09-17 04:00:00+00:00,2021-09-21 14:00:00+00:00,2021-09-21 10:00:00-04:00,107,75.0,74.71611907872852,boost_5y_no_dew_pressure,True
2021-09-17 04:00:00+00:00,2021-09-21 15:00:00+00:00,2021-09-21 11:00:00-04:00,108,77.0,76.76226449025447,boost_5y_no_dew_pressure,True
2021-09-17 04:00:00+00:00,2021-09-21 16:00:00+00:00,2021-09-21 12:00:00-04:00,109,78.0,78.19022575611538,boost_5y_no_dew_pressure,True
2021-09-17 04:00:00+00:00,2021-09-21 17:00:00+00:00,2021-09-21 13:00:00-04:00,110,80.0,79.5262904439916,boost_5y_no_dew_pressure,True
2021-09-17 04:00:00+00:00,2021-09-21 18:00:00+00:00,2021-09-21 14:00:00-04:00,111,77.0,80.57814268806641,boost_5y_no_dew_pressure,True
2021-09-17 04:00:00+00:00,2021-09-21 19:00:00+00:00,2021-09-21 15:00:00-04:00,112,75.0,80.49989799061122,boost_5y_no_dew_pressure,True
2021-09-17 04:00:00+00:00,2021-09-21 20:00:00+00:00,2021-09-21 16:00:00-04:00,113,75.0,80.09320977285967,boost_5y_no_dew_pressure,True
2021-09-17 04:00:00+00:00,2021-09-21 21:00:00+00:00,2021-09-21 17:00:00-04:00,114,74.0,79.04676938076366,boost_5y_no_dew_pressure,True
2021-09-17 04:00:00+00:00,2021-09-21 22:00:00+00:00,2021-09-21 18:00:00-04:00,115,74.0,76.39827952321743,boost_5y_no_dew_pressure,True
2021-09-17 04:00:00+00:00,2021-09-21 23:00:00+00:00,2021-09-21 19:00:00-04:00,116,74.0,73.40902744124615,boost_5y_no_dew_pressure,True
2021-09-17 04:00:00+00:00,2021-09-22 00:00:00+00:00,2021-09-21 20:00:00-04:00,117,74.0,71.73213171678397,boost_5y_no_dew_pressure,True
2021-09-17 04:00:00+00:00,2021-09-22 01:00:00+00:00,2021-09-21 21:00:00-04:00,118,75.0,70.29023566349146,boost_5y_no_dew_pressure,True
2021-09-17 04:00:00+00:00,2021-09-22 02:00:00+00:00,2021-09-21 22:00:00-04:00,119,73.0,69.35480187775246,boost_5y_no_dew_pressure,True
2021-09-17 04:00:00+00:00,2021-09-22 03:00:00+00:00,2021-09-21 23:00:00-04:00,120,73.0,68.48065081568275,boost_5y_no_dew_pressure,True
2021-09-17 04:00:00+00:00,2021-09-22 04:00:00+00:00,2021-09-22 00:00:00-04:00,121,73.0,68.24261791007847,boost_5y_no_dew_pressure,True
2021-09-17 04:00:00+00:00,2021-09-22 05:00:00+00:00,2021-09-22 01:00:00-04:00,122,73.0,67.4760770035799,boost_5y_no_dew_pressure,True
2021-09-17 04:00:00+00:00,2021-09-22 06:00:00+00:00,2021-09-22 02:00:00-04:00,123,73.0,66.85953076918993,boost_5y_no_dew_pressure,True
2021-09-17 04:00:00+00:00,2021-09-22 07:00:00+00:00,2021-09-22 03:00:00-04:00,124,74.0,66.23174396448289,boost_5y_no_dew_pressure,True
2021-09-17 04:00:00+00:00,2021-09-22 08:00:00+00:00,2021-09-22 04:00:00-04:00,125,74.0,65.81771278830503,boost_5y_no_dew_pressure,True
2021-09-17 04:00:00+00:00,2021-09-22 09:00:00+00:00,2021-09-22 05:00:00-04:00,126,74.0,65.37827678018756,boost_5y_no_dew_pressure,True
2021-09-17 04:00:00+00:00,2021-09-22 10:00:00+00:00,2021-09-22 06:00:00-04:00,127,74.0,65.14356296893948,boost_5y_no_dew_pressure,True
2021-09-17 04:00:00+00:00,2021-09-22 11:00:00+00:00,2021-09-22 07:00:00-04:00,128,74.0,66.10096342870152,boost_5y_no_dew_pressure,True
2021-09-17 04:00:00+00:00,2021-09-22 12:00:00+00:00,2021-09-22 08:00:00-04:00,129,76.0,69.07333173505369,boost_5y_no_dew_pressure,True
2021-09-17 04:00:00+00:00,2021-09-22 13:00:00+00:00,2021-09-22 09:00:00-04:00,130,75.0,72.26535876975645,boost_5y_no_dew_pressure,True
2021-09-17 04:00:00+00:00,2021-09-22 14:00:00+00:00,2021-09-22 10:00:00-04:00,131,76.0,75.0307694781563,boost_5y_no_dew_pressure,True
2021-09-17 04:00:00+00:00,2021-09-22 15:00:00+00:00,2021-09-22 11:00:00-04:00,132,77.0,77.10746294857742,boost_5y_no_dew_pressure,True
2021-09-17 04:00:00+00:00,2021-09-22 16:00:00+00:00,2021-09-22 12:00:00-04:00,133,76.0,78.61040577034795,boost_5y_no_dew_pressure,True
2021-09-17 04:00:00+00:00,2021-09-22 17:00:00+00:00,2021-09-22 13:00:00-04:00,134,76.0,79.91915875318004,boost_5y_no_dew_pressure,True
2021-09-17 04:00:00+00:00,2021-09-22 18:00:00+00:00,2021-09-22 14:00:00-04:00,135,78.0,80.81884463058428,boost_5y_no_dew_pressure,True
2021-09-17 04:00:00+00:00,2021-09-22 19:00:00+00:00,2021-09-22 15:00:00-04:00,136,78.0,80.70816938583455,boost_5y_no_dew_pressure,True
2021-09-17 04:00:00+00:00,2021-09-22 20:00:00+00:00,2021-09-22 16:00:00-04:00,137,80.0,80.20893804279898,boost_5y_no_dew_pressure,True
2021-09-17 04:00:00+00:00,2021-09-22 21:00:00+00:00,2021-09-22 17:00:00-04:00,138,78.0,79.07330904990357,boost_5y_no_dew_pressure,True
2021-09-17 04:00:00+00:00,2021-09-22 22:00:00+00:00,2021-09-22 18:00:00-04:00,139,76.0,76.49120620298473,boost_5y_no_dew_pressure,True
2021-09-17 04:00:00+00:00,2021-09-22 23:00:00+00:00,2021-09-22 19:00:00-04:00,140,75.0,73.53272019629122,boost_5y_no_dew_pressure,True
2021-09-17 04:00:00+00:00,2021-09-23 00:00:00+00:00,2021-09-22 20:00:00-04:00,141,75.0,71.96581966476172,boost_5y_no_dew_pressure,True
2021-09-17 04:00:00+00:00,2021-09-23 01:00:00+00:00,2021-09-22 21:00:00-04:00,142,75.0,70.59328606737216,boost_5y_no_dew_pressure,True
2021-09-17 04:00:00+00:00,2021-09-23 02:00:00+00:00,2021-09-22 22:00:00-04:00,143,74.0,69.7174604272726,boost_5y_no_dew_pressure,True
2021-09-17 04:00:00+00:00,2021-09-23 03:00:00+00:00,2021-09-22 23:00:00-04:00,144,74.0,68.94138105290722,boost_5y_no_dew_pressure,True
2021-09-17 04:00:00+00:00,2021-09-23 04:00:00+00:00,2021-09-23 00:00:00-04:00,145,63.0,68.15294814386921,boost_5y_no_dew_pressure,True
2021-09-17 04:00:00+00:00,2021-09-23 05:00:00+00:00,2021-09-23 01:00:00-04:00,146,62.0,67.35864651374047,boost_5y_no_dew_pressure,True
2021-09-17 04:00:00+00:00,2021-09-23 06:00:00+00:00,2021-09-23 02:00:00-04:00,147,61.0,66.73907539571066,boost_5y_no_dew_pressure,True
2021-09-17 04:00:00+00:00,2021-09-23 07:00:00+00:00,2021-09-23 03:00:00-04:00,148,61.0,66.03981469253888,boost_5y_no_dew_pressure,True
2021-09-17 04:00:00+00:00,2021-09-23 08:00:00+00:00,2021-09-23 04:00:00-04:00,149,61.0,65.64112914939852,boost_5y_no_dew_pressure,True
2021-09-17 04:00:00+00:00,2021-09-23 09:00:00+00:00,2021-09-23 05:00:00-04:00,150,60.0,65.21206763820788,boost_5y_no_dew_pressure,True
2021-09-17 04:00:00+00:00,2021-09-23 10:00:00+00:00,2021-09-23 06:00:00-04:00,151,61.0,64.96605627708222,boost_5y_no_dew_pressure,True
2021-09-17 04:00:00+00:00,2021-09-23 11:00:00+00:00,2021-09-23 07:00:00-04:00,152,60.0,65.9340208530617,boost_5y_no_dew_pressure,True
2021-09-17 04:00:00+00:00,2021-09-23 12:00:00+00:00,2021-09-23 08:00:00-04:00,153,63.0,68.72561852161527,boost_5y_no_dew_pressure,True
2021-09-17 04:00:00+00:00,2021-09-23 13:00:00+00:00,2021-09-23 09:00:00-04:00,154,67.0,71.75927694032039,boost_5y_no_dew_pressure,True
2021-09-17 04:00:00+00:00,2021-09-23 14:00:00+00:00,2021-09-23 10:00:00-04:00,155,69.0,74.57124650885517,boost_5y_no_dew_pressure,True
2021-09-17 04:00:00+00:00,2021-09-23 15:00:00+00:00,2021-09-23 11:00:00-04:00,156,71.0,76.5913370635882,boost_5y_no_dew_pressure,True
2021-09-17 04:00:00+00:00,2021-09-23 16:00:00+00:00,2021-09-23 12:00:00-04:00,157,74.0,78.19898364688248,boost_5y_no_dew_pressure,True
2021-09-17 04:00:00+00:00,2021-09-23 17:00:00+00:00,2021-09-23 13:00:00-04:00,158,74.0,79.55230970123867,boost_5y_no_dew_pressure,True
2021-09-17 04:00:00+00:00,2021-09-23 18:00:00+00:00,2021-09-23 14:00:00-04:00,159,75.0,80.43993173241338,boost_5y_no_dew_pressure,True
2021-09-17 04:00:00+00:00,2021-09-23 19:00:00+00:00,2021-09-23 15:00:00-04:00,160,75.0,80.28046198799615,boost_5y_no_dew_pressure,True
2021-09-17 04:00:00+00:00,2021-09-23 20:00:00+00:00,2021-09-23 16:00:00-04:00,161,75.0,79.85697251185854,boost_5y_no_dew_pressure,True
2021-09-17 04:00:00+00:00,2021-09-23 21:00:00+00:00,2021-09-23 17:00:00-04:00,162,74.0,78.69319335268608,boost_5y_no_dew_pressure,True
2021-09-17 04:00:00+00:00,2021-09-23 22:00:00+00:00,2021-09-23 18:00:00-04:00,163,71.0,75.98219390587873,boost_5y_no_dew_pressure,True
2021-09-17 04:00:00+00:00,2021-09-23 23:00:00+00:00,2021-09-23 19:00:00-04:00,164,67.0,72.81658809383528,boost_5y_no_dew_pressure,True
2021-09-17 04:00:00+00:00,2021-09-24 00:00:00+00:00,2021-09-23 20:00:00-04:00,165,63.0,71.33300416698684,boost_5y_no_dew_pressure,True
2021-09-17 04:00:00+00:00,2021-09-24 01:00:00+00:00,2021-09-23 21:00:00-04:00,166,62.0,70.06063849050791,boost_5y_no_dew_pressure,True
2021-09-17 04:00:00+00:00,2021-09-24 02:00:00+00:00,2021-09-23 22:00:00-04:00,167,59.0,69.2378699542342,boost_5y_no_dew_pressure,True
2021-09-17 04:00:00+00:00,2021-09-24 03:00:00+00:00,2021-09-23 23:00:00-04:00,168,57.0,68.4756727722216,boost_5y_no_dew_pressure,True
2021-09-17 04:00:00+00:00,2021-09-24 04:00:00+00:00,2021-09-24 00:00:00-04:00,169,56.0,67.6980562048069,boost_5y_no_dew_pressure,True
2021-09-17 04:00:00+00:00,2021-09-24 05:00:00+00:00,2021-09-24 01:00:00-04:00,170,54.0,66.86755859369966,boost_5y_no_dew_pressure,True
2021-09-17 04:00:00+00:00,2021-09-24 06:00:00+00:00,2021-09-24 02:00:00-04:00,171,54.0,66.30817299792946,boost_5y_no_dew_pressure,True
2021-09-17 04:00:00+00:00,2021-09-24 07:00:00+00:00,2021-09-24 03:00:00-04:00,172,52.0,65.56098314471211,boost_5y_no_dew_pressure,True
2021-09-17 04:00:00+00:00,2021-09-24 08:00:00+00:00,2021-09-24 04:00:00-04:00,173,53.0,65.21835658648722,boost_5y_no_dew_pressure,True
2021-09-17 04:00:00+00:00,2021-09-24 09:00:00+00:00,2021-09-24 05:00:00-04:00,174,53.0,64.87000707701523,boost_5y_no_dew_pressure,True
2021-09-17 04:00:00+00:00,2021-09-24 10:00:00+00:00,2021-09-24 06:00:00-04:00,175,51.0,64.61508156729707,boost_5y_no_dew_pressure,True
2021-09-17 04:00:00+00:00,2021-09-24 11:00:00+00:00,2021-09-24 07:00:00-04:00,176,54.0,65.50795020607823,boost_5y_no_dew_pressure,True
2021-09-17 04:00:00+00:00,2021-09-24 12:00:00+00:00,2021-09-24 08:00:00-04:00,177,57.0,68.36214886396833,boost_5y_no_dew_pressure,True
2021-09-17 04:00:00+00:00,2021-09-24 13:00:00+00:00,2021-09-24 09:00:00-04:00,178,63.0,71.41789718210777,boost_5y_no_dew_pressure,True
2021-09-17 04:00:00+00:00,2021-09-24 14:00:00+00:00,2021-09-24 10:00:00-04:00,179,67.0,74.25013027415012,boost_5y_no_dew_pressure,True
2021-09-17 04:00:00+00:00,2021-09-24 15:00:00+00:00,2021-09-24 11:00:00-04:00,180,70.0,76.35053191161377,boost_5y_no_dew_pressure,True
2021-09-17 04:00:00+00:00,2021-09-24 16:00:00+00:00,2021-09-24 12:00:00-04:00,181,71.0,78.06973702509471,boost_5y_no_dew_pressure,True
2021-09-17 04:00:00+00:00,2021-09-24 17:00:00+00:00,2021-09-24 13:00:00-04:00,182,74.0,79.41423778006641,boost_5y_no_dew_pressure,True
2021-09-17 04:00:00+00:00,2021-09-24 18:00:00+00:00,2021-09-24 14:00:00-04:00,183,74.0,80.22617447409577,boost_5y_no_dew_pressure,True
2021-09-17 04:00:00+00:00,2021-09-24 19:00:00+00:00,2021-09-24 15:00:00-04:00,184,75.0,80.18773326423813,boost_5y_no_dew_pressure,True
2021-09-17 04:00:00+00:00,2021-09-24 20:00:00+00:00,2021-09-24 16:00:00-04:00,185,75.0,79.78211437645706,boost_5y_no_dew_pressure,True
2021-09-17 04:00:00+00:00,2021-09-24 21:00:00+00:00,2021-09-24 17:00:00-04:00,186,73.0,78.53964717864227,boost_5y_no_dew_pressure,True
2021-09-17 04:00:00+00:00,2021-09-24 22:00:00+00:00,2021-09-24 18:00:00-04:00,187,69.0,75.73855036832394,boost_5y_no_dew_pressure,True
2021-09-17 04:00:00+00:00,2021-09-24 23:00:00+00:00,2021-09-24 19:00:00-04:00,188,62.0,72.55408094216537,boost_5y_no_dew_pressure,True
2021-09-17 04:00:00+00:00,2021-09-25 00:00:00+00:00,2021-09-24 20:00:00-04:00,189,59.0,70.98884272549104,boost_5y_no_dew_pressure,True
2021-09-17 04:00:00+00:00,2021-09-25 01:00:00+00:00,2021-09-24 21:00:00-04:00,190,58.0,69.77606240639795,boost_5y_no_dew_pressure,True
2021-09-17 04:00:00+00:00,2021-09-25 02:00:00+00:00,2021-09-24 22:00:00-04:00,191,57.0,68.9152498975857,boost_5y_no_dew_pressure,True
2021-09-17 04:00:00+00:00,2021-09-25 03:00:00+00:00,2021-09-24 23:00:00-04:00,192,55.0,68.24054942580895,boost_5y_no_dew_pressure,True
2021-09-17 04:00:00+00:00,2021-09-25 04:00:00+00:00,2021-09-25 00:00:00-04:00,193,53.0,67.69873191472716,boost_5y_no_dew_pressure,True
2021-09-17 04:00:00+00:00,2021-09-25 05:00:00+00:00,2021-09-25 01:00:00-04:00,194,53.0,66.86528944312323,boost_5y_no_dew_pressure,True
2021-09-17 04:00:00+00:00,2021-09-25 06:00:00+00:00,2021-09-25 02:00:00-04:00,195,52.0,66.25552823388728,boost_5y_no_dew_pressure,True
2021-09-17 04:00:00+00:00,2021-09-25 07:00:00+00:00,2021-09-25 03:00:00-04:00,196,51.0,65.4771081088635,boost_5y_no_dew_pressure,True
2021-09-17 04:00:00+00:00,2021-09-25 08:00:00+00:00,2021-09-25 04:00:00-04:00,197,50.0,65.10430152908107,boost_5y_no_dew_pressure,True
2021-09-17 04:00:00+00:00,2021-09-25 09:00:00+00:00,2021-09-25 05:00:00-04:00,198,50.0,64.78504638044106,boost_5y_no_dew_pressure,True
2021-09-17 04:00:00+00:00,2021-09-25 10:00:00+00:00,2021-09-25 06:00:00-04:00,199,50.0,64.52127623247945,boost_5y_no_dew_pressure,True
2021-09-17 04:00:00+00:00,2021-09-25 11:00:00+00:00,2021-09-25 07:00:00-04:00,200,52.0,65.32883864982249,boost_5y_no_dew_pressure,True
2021-09-17 04:00:00+00:00,2021-09-25 12:00:00+00:00,2021-09-25 08:00:00-04:00,201,59.0,68.2056173587421,boost_5y_no_dew_pressure,True
2021-09-17 04:00:00+00:00,2021-09-25 13:00:00+00:00,2021-09-25 09:00:00-04:00,202,65.0,71.32527186512425,boost_5y_no_dew_pressure,True
2021-09-17 04:00:00+00:00,2021-09-25 14:00:00+00:00,2021-09-25 10:00:00-04:00,203,70.0,74.22192924747708,boost_5y_no_dew_pressure,True
2021-09-17 04:00:00+00:00,2021-09-25 15:00:00+00:00,2021-09-25 11:00:00-04:00,204,72.0,76.3743244351585,boost_5y_no_dew_pressure,True
2021-09-17 04:00:00+00:00,2021-09-25 16:00:00+00:00,2021-09-25 12:00:00-04:00,205,74.0,78.13911683531491,boost_5y_no_dew_pressure,True
2021-09-17 04:00:00+00:00,2021-09-25 17:00:00+00:00,2021-09-25 13:00:00-04:00,206,76.0,79.50881859106372,boost_5y_no_dew_pressure,True
2021-09-17 04:00:00+00:00,2021-09-25 18:00:00+00:00,2021-09-25 14:00:00-04:00,207,78.0,80.29801551602061,boost_5y_no_dew_pressure,True
2021-09-17 04:00:00+00:00,2021-09-25 19:00:00+00:00,2021-09-25 15:00:00-04:00,208,78.0,80.29887046077184,boost_5y_no_dew_pressure,True
2021-09-17 04:00:00+00:00,2021-09-25 20:00:00+00:00,2021-09-25 16:00:00-04:00,209,74.0,79.87141049148511,boost_5y_no_dew_pressure,True
2021-09-17 04:00:00+00:00,2021-09-25 21:00:00+00:00,2021-09-25 17:00:00-04:00,210,76.0,78.68179987245011,boost_5y_no_dew_pressure,True
2021-09-17 04:00:00+00:00,2021-09-25 22:00:00+00:00,2021-09-25 18:00:00-04:00,211,71.0,75.79109460403231,boost_5y_no_dew_pressure,True
2021-09-17 04:00:00+00:00,2021-09-25 23:00:00+00:00,2021-09-25 19:00:00-04:00,212,64.0,72.49054194843025,boost_5y_no_dew_pressure,True
2021-09-17 04:00:00+00:00,2021-09-26 00:00:00+00:00,2021-09-25 20:00:00-04:00,213,62.0,70.87779883167325,boost_5y_no_dew_pressure,True
2021-09-17 04:00:00+00:00,2021-09-26 01:00:00+00:00,2021-09-25 21:00:00-04:00,214,61.0,69.74579658033359,boost_5y_no_dew_pressure,True
2021-09-17 04:00:00+00:00,2021-09-26 02:00:00+00:00,2021-09-25 22:00:00-04:00,215,59.0,68.89790211652877,boost_5y_no_dew_pressure,True
2021-09-17 04:00:00+00:00,2021-09-26 03:00:00+00:00,2021-09-25 23:00:00-04:00,216,58.0,68.194484826014,boost_5y_no_dew_pressure,True
2021-09-17 04:00:00+00:00,2021-09-26 04:00:00+00:00,2021-09-26 00:00:00-04:00,217,57.0,67.70744269693752,boost_5y_no_dew_pressure,True
2021-09-17 04:00:00+00:00,2021-09-26 05:00:00+00:00,2021-09-26 01:00:00-04:00,218,57.0,66.81598495851284,boost_5y_no_dew_pressure,True
2021-09-17 04:00:00+00:00,2021-09-26 06:00:00+00:00,2021-09-26 02:00:00-04:00,219,56.0,66.18707485696866,boost_5y_no_dew_pressure,True
2021-09-17 04:00:00+00:00,2021-09-26 07:00:00+00:00,2021-09-26 03:00:00-04:00,220,55.0,65.37172726881305,boost_5y_no_dew_pressure,True
2021-09-17 04:00:00+00:00,2021-09-26 08:00:00+00:00,2021-09-26 04:00:00-04:00,221,54.0,64.98269765276511,boost_5y_no_dew_pressure,True
2021-09-17 04:00:00+00:00,2021-09-26 09:00:00+00:00,2021-09-26 05:00:00-04:00,222,53.0,64.59906184310644,boost_5y_no_dew_pressure,True
2021-09-17 04:00:00+00:00,2021-09-26 10:00:00+00:00,2021-09-26 06:00:00-04:00,223,51.0,64.34371849345074,boost_5y_no_dew_pressure,True
2021-09-17 04:00:00+00:00,2021-09-26 11:00:00+00:00,2021-09-26 07:00:00-04:00,224,55.0,65.12362156991736,boost_5y_no_dew_pressure,True
2021-09-17 04:00:00+00:00,2021-09-26 12:00:00+00:00,2021-09-26 08:00:00-04:00,225,61.0,68.16542683084634,boost_5y_no_dew_pressure,True
2021-09-17 04:00:00+00:00,2021-09-26 13:00:00+00:00,2021-09-26 09:00:00-04:00,226,68.0,71.33437824685252,boost_5y_no_dew_pressure,True
2021-09-17 04:00:00+00:00,2021-09-26 14:00:00+00:00,2021-09-26 10:00:00-04:00,227,71.0,74.24082996228138,boost_5y_no_dew_pressure,True
2021-09-17 04:00:00+00:00,2021-09-26 15:00:00+00:00,2021-09-26 11:00:00-04:00,228,72.0,76.48911869102929,boost_5y_no_dew_pressure,True
2021-09-17 04:00:00+00:00,2021-09-26 16:00:00+00:00,2021-09-26 12:00:00-04:00,229,74.0,78.28067311488006,boost_5y_no_dew_pressure,True
2021-09-17 04:00:00+00:00,2021-09-26 17:00:00+00:00,2021-09-26 13:00:00-04:00,230,75.0,79.6976588435732,boost_5y_no_dew_pressure,True
2021-09-17 04:00:00+00:00,2021-09-26 18:00:00+00:00,2021-09-26 14:00:00-04:00,231,77.0,80.59653685073286,boost_5y_no_dew_pressure,True
2021-09-17 04:00:00+00:00,2021-09-26 19:00:00+00:00,2021-09-26 15:00:00-04:00,232,76.0,80.51474556644558,boost_5y_no_dew_pressure,True
2021-09-17 04:00:00+00:00,2021-09-26 20:00:00+00:00,2021-09-26 16:00:00-04:00,233,77.0,80.15155829866015,boost_5y_no_dew_pressure,True
2021-09-17 04:00:00+00:00,2021-09-26 21:00:00+00:00,2021-09-26 17:00:00-04:00,234,75.0,78.8842271792988,boost_5y_no_dew_pressure,True
2021-09-17 04:00:00+00:00,2021-09-26 22:00:00+00:00,2021-09-26 18:00:00-04:00,235,70.0,75.70669495394779,boost_5y_no_dew_pressure,True
2021-09-17 04:00:00+00:00,2021-09-26 23:00:00+00:00,2021-09-26 19:00:00-04:00,236,64.0,72.42315959212394,boost_5y_no_dew_pressure,True
2021-09-17 04:00:00+00:00,2021-09-27 00:00:00+00:00,2021-09-26 20:00:00-04:00,237,62.0,70.77783542405115,boost_5y_no_dew_pressure,True
2021-09-17 04:00:00+00:00,2021-09-27 01:00:00+00:00,2021-09-26 21:00:00-04:00,238,59.0,69.42945151458208,boost_5y_no_dew_pressure,True
2021-09-17 04:00:00+00:00,2021-09-27 02:00:00+00:00,2021-09-26 22:00:00-04:00,239,57.0,68.66775795750917,boost_5y_no_dew_pressure,True
2021-09-17 04:00:00+00:00,2021-09-27 03:00:00+00:00,2021-09-26 23:00:00-04:00,240,56.0,68.04665737477829,boost_5y_no_dew_pressure,True
2021-09-17 04:00:00+00:00,2021-09-27 04:00:00+00:00,2021-09-27 00:00:00-04:00,241,56.0,67.3100619919195,boost_5y_no_dew_pressure,True
2021-09-17 04:00:00+00:00,2021-09-27 05:00:00+00:00,2021-09-27 01:00:00-04:00,242,55.0,66.39166070206923,boost_5y_no_dew_pressure,True
2021-09-17 04:00:00+00:00,2021-09-27 06:00:00+00:00,2021-09-27 02:00:00-04:00,243,55.0,65.83724609669764,boost_5y_no_dew_pressure,True
2021-09-17 04:00:00+00:00,2021-09-27 07:00:00+00:00,2021-09-27 03:00:00-04:00,244,52.0,65.00933007852716,boost_5y_no_dew_pressure,True
2021-09-17 04:00:00+00:00,2021-09-27 08:00:00+00:00,2021-09-27 04:00:00-04:00,245,53.0,64.6213035777455,boost_5y_no_dew_pressure,True
2021-09-17 04:00:00+00:00,2021-09-27 09:00:00+00:00,2021-09-27 05:00:00-04:00,246,53.0,64.2142502269111,boost_5y_no_dew_pressure,True
2021-09-17 04:00:00+00:00,2021-09-27 10:00:00+00:00,2021-09-27 06:00:00-04:00,247,52.0,63.9259093671224,boost_5y_no_dew_pressure,True
2021-09-17 04:00:00+00:00,2021-09-27 11:00:00+00:00,2021-09-27 07:00:00-04:00,248,54.0,64.67519941885456,boost_5y_no_dew_pressure,True
2021-09-17 04:00:00+00:00,2021-09-27 12:00:00+00:00,2021-09-27 08:00:00-04:00,249,63.0,67.87680925781821,boost_5y_no_dew_pressure,True
2021-09-17 04:00:00+00:00,2021-09-27 13:00:00+00:00,2021-09-27 09:00:00-04:00,250,69.0,71.13186898332916,boost_5y_no_dew_pressure,True
2021-09-17 04:00:00+00:00,2021-09-27 14:00:00+00:00,2021-09-27 10:00:00-04:00,251,75.0,74.12350066330119,boost_5y_no_dew_pressure,True
2021-09-17 04:00:00+00:00,2021-09-27 15:00:00+00:00,2021-09-27 11:00:00-04:00,252,79.0,76.3642243111571,boost_5y_no_dew_pressure,True
2021-09-17 04:00:00+00:00,2021-09-27 16:00:00+00:00,2021-09-27 12:00:00-04:00,253,81.0,78.2083499255816,boost_5y_no_dew_pressure,True
2021-09-17 04:00:00+00:00,2021-09-27 17:00:00+00:00,2021-09-27 13:00:00-04:00,254,83.0,79.6778958318064,boost_5y_no_dew_pressure,True
2021-09-17 04:00:00+00:00,2021-09-27 18:00:00+00:00,2021-09-27 14:00:00-04:00,255,83.0,80.54199820161263,boost_5y_no_dew_pressure,True
2021-09-17 04:00:00+00:00,2021-09-27 19:00:00+00:00,2021-09-27 15:00:00-04:00,256,83.0,80.4474455576647,boost_5y_no_dew_pressure,True
2021-09-17 04:00:00+00:00,2021-09-27 20:00:00+00:00,2021-09-27 16:00:00-04:00,257,83.0,79.99224981894979,boost_5y_no_dew_pressure,True
2021-09-17 04:00:00+00:00,2021-09-27 21:00:00+00:00,2021-09-27 17:00:00-04:00,258,80.0,78.67579107508224,boost_5y_no_dew_pressure,True
2021-09-17 04:00:00+00:00,2021-09-27 22:00:00+00:00,2021-09-27 18:00:00-04:00,259,75.0,75.39455734807945,boost_5y_no_dew_pressure,True
2021-09-17 04:00:00+00:00,2021-09-27 23:00:00+00:00,2021-09-27 19:00:00-04:00,260,72.0,72.21910480013271,boost_5y_no_dew_pressure,True
2021-09-17 04:00:00+00:00,2021-09-28 00:00:00+00:00,2021-09-27 20:00:00-04:00,261,70.0,70.45792176430444,boost_5y_no_dew_pressure,True
2021-09-17 04:00:00+00:00,2021-09-28 01:00:00+00:00,2021-09-27 21:00:00-04:00,262,66.0,69.1634217126179,boost_5y_no_dew_pressure,True
2021-09-17 04:00:00+00:00,2021-09-28 02:00:00+00:00,2021-09-27 22:00:00-04:00,263,66.0,68.4289377533414,boost_5y_no_dew_pressure,True
2021-09-17 04:00:00+00:00,2021-09-28 03:00:00+00:00,2021-09-27 23:00:00-04:00,264,63.0,67.85320684882346,boost_5y_no_dew_pressure,True
2021-09-17 04:00:00+00:00,2021-09-28 04:00:00+00:00,2021-09-28 00:00:00-04:00,265,63.0,67.060973803463,boost_5y_no_dew_pressure,True
2021-09-17 04:00:00+00:00,2021-09-28 05:00:00+00:00,2021-09-28 01:00:00-04:00,266,60.0,66.12667238314303,boost_5y_no_dew_pressure,True
2021-09-17 04:00:00+00:00,2021-09-28 06:00:00+00:00,2021-09-28 02:00:00-04:00,267,62.0,65.54468816683938,boost_5y_no_dew_pressure,True
2021-09-17 04:00:00+00:00,2021-09-28 07:00:00+00:00,2021-09-28 03:00:00-04:00,268,61.0,64.77046259717278,boost_5y_no_dew_pressure,True
2021-09-17 04:00:00+00:00,2021-09-28 08:00:00+00:00,2021-09-28 04:00:00-04:00,269,61.0,64.39615782238579,boost_5y_no_dew_pressure,True
2021-09-17 04:00:00+00:00,2021-09-28 09:00:00+00:00,2021-09-28 05:00:00-04:00,270,60.0,63.96379762991087,boost_5y_no_dew_pressure,True
2021-09-17 04:00:00+00:00,2021-09-28 10:00:00+00:00,2021-09-28 06:00:00-04:00,271,59.0,63.651166179648676,boost_5y_no_dew_pressure,True
2021-09-17 04:00:00+00:00,2021-09-28 11:00:00+00:00,2021-09-28 07:00:00-04:00,272,61.0,64.30639079269491,boost_5y_no_dew_pressure,True
2021-09-17 04:00:00+00:00,2021-09-28 12:00:00+00:00,2021-09-28 08:00:00-04:00,273,66.0,67.47220475065814,boost_5y_no_dew_pressure,True
2021-09-17 04:00:00+00:00,2021-09-28 13:00:00+00:00,2021-09-28 09:00:00-04:00,274,73.0,70.75432868814458,boost_5y_no_dew_pressure,True
2021-09-17 04:00:00+00:00,2021-09-28 14:00:00+00:00,2021-09-28 10:00:00-04:00,275,78.0,73.88437473913528,boost_5y_no_dew_pressure,True
2021-09-17 04:00:00+00:00,2021-09-28 15:00:00+00:00,2021-09-28 11:00:00-04:00,276,82.0,76.17879799175816,boost_5y_no_dew_pressure,True
2021-09-17 04:00:00+00:00,2021-09-28 16:00:00+00:00,2021-09-28 12:00:00-04:00,277,85.0,77.99917967261494,boost_5y_no_dew_pressure,True
2021-09-17 04:00:00+00:00,2021-09-28 17:00:00+00:00,2021-09-28 13:00:00-04:00,278,86.0,79.48136408626503,boost_5y_no_dew_pressure,True
2021-09-17 04:00:00+00:00,2021-09-28 18:00:00+00:00,2021-09-28 14:00:00-04:00,279,86.0,80.39431248700467,boost_5y_no_dew_pressure,True
2021-09-17 04:00:00+00:00,2021-09-28 19:00:00+00:00,2021-09-28 15:00:00-04:00,280,86.0,80.27304487583686,boost_5y_no_dew_pressure,True
2021-09-17 04:00:00+00:00,2021-09-28 20:00:00+00:00,2021-09-28 16:00:00-04:00,281,84.0,79.75240518661214,boost_5y_no_dew_pressure,True
2021-09-17 04:00:00+00:00,2021-09-28 21:00:00+00:00,2021-09-28 17:00:00-04:00,282,82.0,78.358805371294,boost_5y_no_dew_pressure,True
2021-09-17 04:00:00+00:00,2021-09-28 22:00:00+00:00,2021-09-28 18:00:00-04:00,283,77.0,74.99798081346263,boost_5y_no_dew_pressure,True
2021-09-17 04:00:00+00:00,2021-09-28 23:00:00+00:00,2021-09-28 19:00:00-04:00,284,73.0,71.8454421444619,boost_5y_no_dew_pressure,True
2021-09-17 04:00:00+00:00,2021-09-29 00:00:00+00:00,2021-09-28 20:00:00-04:00,285,70.0,70.08463146115835,boost_5y_no_dew_pressure,True
2021-09-17 04:00:00+00:00,2021-09-29 01:00:00+00:00,2021-09-28 21:00:00-04:00,286,69.0,68.83049862618162,boost_5y_no_dew_pressure,True
2021-09-17 04:00:00+00:00,2021-09-29 02:00:00+00:00,2021-09-28 22:00:00-04:00,287,69.0,68.17637681863775,boost_5y_no_dew_pressure,True
2021-09-17 04:00:00+00:00,2021-09-29 03:00:00+00:00,2021-09-28 23:00:00-04:00,288,67.0,67.68306122370815,boost_5y_no_dew_pressure,True
2021-09-17 04:00:00+00:00,2021-09-29 04:00:00+00:00,2021-09-29 00:00:00-04:00,289,68.0,66.87922115449359,boost_5y_no_dew_pressure,True
2021-09-17 04:00:00+00:00,2021-09-29 05:00:00+00:00,2021-09-29 01:00:00-04:00,290,64.0,65.96222469181758,boost_5y_no_dew_pressure,True
2021-09-17 04:00:00+00:00,2021-09-29 06:00:00+00:00,2021-09-29 02:00:00-04:00,291,65.0,65.38794114801931,boost_5y_no_dew_pressure,True
2021-09-17 04:00:00+00:00,2021-09-29 07:00:00+00:00,2021-09-29 03:00:00-04:00,292,65.0,64.56033737702974,boost_5y_no_dew_pressure,True
2021-09-17 04:00:00+00:00,2021-09-29 08:00:00+00:00,2021-09-29 04:00:00-04:00,293,64.0,64.1326809604611,boost_5y_no_dew_pressure,True
2021-09-17 04:00:00+00:00,2021-09-29 09:00:00+00:00,2021-09-29 05:00:00-04:00,294,63.0,63.68615132032993,boost_5y_no_dew_pressure,True
2021-09-17 04:00:00+00:00,2021-09-29 10:00:00+00:00,2021-09-29 06:00:00-04:00,295,62.0,63.40533085544642,boost_5y_no_dew_pressure,True
2021-09-17 04:00:00+00:00,2021-09-29 11:00:00+00:00,2021-09-29 07:00:00-04:00,296,65.0,64.05158278971592,boost_5y_no_dew_pressure,True
2021-09-17 04:00:00+00:00,2021-09-29 12:00:00+00:00,2021-09-29 08:00:00-04:00,297,69.0,67.26225689426748,boost_5y_no_dew_pressure,True
2021-09-17 04:00:00+00:00,2021-09-29 13:00:00+00:00,2021-09-29 09:00:00-04:00,298,72.0,70.50729615998151,boost_5y_no_dew_pressure,True
2021-09-17 04:00:00+00:00,2021-09-29 14:00:00+00:00,2021-09-29 10:00:00-04:00,299,76.0,73.6632649995388,boost_5y_no_dew_pressure,True
2021-09-17 04:00:00+00:00,2021-09-29 15:00:00+00:00,2021-09-29 11:00:00-04:00,300,79.0,76.03190114341518,boost_5y_no_dew_pressure,True
2021-09-17 04:00:00+00:00,2021-09-29 16:00:00+00:00,2021-09-29 12:00:00-04:00,301,80.0,77.85483634295082,boost_5y_no_dew_pressure,True
2021-09-17 04:00:00+00:00,2021-09-29 17:00:00+00:00,2021-09-29 13:00:00-04:00,302,81.0,79.37553282244639,boost_5y_no_dew_pressure,True
2021-09-17 04:00:00+00:00,2021-09-29 18:00:00+00:00,2021-09-29 14:00:00-04:00,303,81.0,80.2213256990186,boost_5y_no_dew_pressure,True
2021-09-17 04:00:00+00:00,2021-09-29 19:00:00+00:00,2021-09-29 15:00:00-04:00,304,83.0,80.24677869725794,boost_5y_no_dew_pressure,True
2021-09-17 04:00:00+00:00,2021-09-29 20:00:00+00:00,2021-09-29 16:00:00-04:00,305,82.0,79.8455606676237,boost_5y_no_dew_pressure,True
2021-09-17 04:00:00+00:00,2021-09-29 21:00:00+00:00,2021-09-29 17:00:00-04:00,306,79.0,78.32840890020931,boost_5y_no_dew_pressure,True
2021-09-17 04:00:00+00:00,2021-09-29 22:00:00+00:00,2021-09-29 18:00:00-04:00,307,76.0,74.89066455861285,boost_5y_no_dew_pressure,True
2021-09-17 04:00:00+00:00,2021-09-29 23:00:00+00:00,2021-09-29 19:00:00-04:00,308,73.0,71.65542837076677,boost_5y_no_dew_pressure,True
2021-09-17 04:00:00+00:00,2021-09-30 00:00:00+00:00,2021-09-29 20:00:00-04:00,309,71.0,69.9450951205035,boost_5y_no_dew_pressure,True
2021-09-17 04:00:00+00:00,2021-09-30 01:00:00+00:00,2021-09-29 21:00:00-04:00,310,71.0,68.62438117621595,boost_5y_no_dew_pressure,True
2021-09-17 04:00:00+00:00,2021-09-30 02:00:00+00:00,2021-09-29 22:00:00-04:00,311,70.0,68.01050042055611,boost_5y_no_dew_pressure,True
2021-09-17 04:00:00+00:00,2021-09-30 03:00:00+00:00,2021-09-29 23:00:00-04:00,312,69.0,67.5129279703463,boost_5y_no_dew_pressure,True
2021-09-17 04:00:00+00:00,2021-09-30 04:00:00+00:00,2021-09-30 00:00:00-04:00,313,70.0,66.65227518573408,boost_5y_no_dew_pressure,True
2021-09-17 04:00:00+00:00,2021-09-30 05:00:00+00:00,2021-09-30 01:00:00-04:00,314,69.0,65.65358480275943,boost_5y_no_dew_pressure,True
2021-09-17 04:00:00+00:00,2021-09-30 06:00:00+00:00,2021-09-30 02:00:00-04:00,315,68.0,65.07969628560743,boost_5y_no_dew_pressure,True
2021-09-17 04:00:00+00:00,2021-09-30 07:00:00+00:00,2021-09-30 03:00:00-04:00,316,66.0,64.27677995711944,boost_5y_no_dew_pressure,True
2021-09-17 04:00:00+00:00,2021-09-30 08:00:00+00:00,2021-09-30 04:00:00-04:00,317,65.0,63.94289233849296,boost_5y_no_dew_pressure,True
2021-09-17 04:00:00+00:00,2021-09-30 09:00:00+00:00,2021-09-30 05:00:00-04:00,318,64.0,63.41080458563818,boost_5y_no_dew_pressure,True
2021-09-17 04:00:00+00:00,2021-09-30 10:00:00+00:00,2021-09-30 06:00:00-04:00,319,63.0,63.13047165413977,boost_5y_no_dew_pressure,True
2021-09-17 04:00:00+00:00,2021-09-30 11:00:00+00:00,2021-09-30 07:00:00-04:00,320,64.0,63.722467705782,boost_5y_no_dew_pressure,True
2021-09-17 04:00:00+00:00,2021-09-30 12:00:00+00:00,2021-09-30 08:00:00-04:00,321,65.0,67.00437687302968,boost_5y_no_dew_pressure,True
2021-09-17 04:00:00+00:00,2021-09-30 13:00:00+00:00,2021-09-30 09:00:00-04:00,322,67.0,70.23273888064705,boost_5y_no_dew_pressure,True
2021-09-17 04:00:00+00:00,2021-09-30 14:00:00+00:00,2021-09-30 10:00:00-04:00,323,71.0,73.45866418909888,boost_5y_no_dew_pressure,True
2021-09-17 04:00:00+00:00,2021-09-30 15:00:00+00:00,2021-09-30 11:00:00-04:00,324,72.0,75.8592826004746,boost_5y_no_dew_pressure,True
2021-09-17 04:00:00+00:00,2021-09-30 16:00:00+00:00,2021-09-30 12:00:00-04:00,325,74.0,77.72440985861597,boost_5y_no_dew_pressure,True
2021-09-17 04:00:00+00:00,2021-09-30 17:00:00+00:00,2021-09-30 13:00:00-04:00,326,78.0,79.29788753770835,boost_5y_no_dew_pressure,True
2021-09-17 04:00:00+00:00,2021-09-30 18:00:00+00:00,2021-09-30 14:00:00-04:00,327,77.0,80.08908673622801,boost_5y_no_dew_pressure,True
2021-09-17 04:00:00+00:00,2021-09-30 19:00:00+00:00,2021-09-30 15:00:00-04:00,328,79.0,80.19526026038254,boost_5y_no_dew_pressure,True
2021-09-17 04:00:00+00:00,2021-09-30 20:00:00+00:00,2021-09-30 16:00:00-04:00,329,79.0,79.6993958201845,boost_5y_no_dew_pressure,True
2021-09-17 04:00:00+00:00,2021-09-30 21:00:00+00:00,2021-09-30 17:00:00-04:00,330,77.0,78.17771034288832,boost_5y_no_dew_pressure,True
2021-09-17 04:00:00+00:00,2021-09-30 22:00:00+00:00,2021-09-30 18:00:00-04:00,331,73.0,74.70341996776774,boost_5y_no_dew_pressure,True
2021-09-17 04:00:00+00:00,2021-09-30 23:00:00+00:00,2021-09-30 19:00:00-04:00,332,68.0,71.50009773213255,boost_5y_no_dew_pressure,True
2021-09-17 04:00:00+00:00,2021-10-01 00:00:00+00:00,2021-09-30 20:00:00-04:00,333,65.0,69.85774110491141,boost_5y_no_dew_pressure,True
2021-09-17 04:00:00+00:00,2021-10-01 01:00:00+00:00,2021-09-30 21:00:00-04:00,334,64.0,68.64416307058919,boost_5y_no_dew_pressure,True
2021-09-17 04:00:00+00:00,2021-10-01 02:00:00+00:00,2021-09-30 22:00:00-04:00,335,64.0,67.96392174473249,boost_5y_no_dew_pressure,True
2021-09-17 04:00:00+00:00,2021-10-01 03:00:00+00:00,2021-09-30 23:00:00-04:00,336,62.0,67.5611453847925,boost_5y_no_dew_pressure,True
2021-09-24 04:00:00+00:00,2021-09-24 04:00:00+00:00,2021-09-24 00:00:00-04:00,1,56.0,57.049387544891005,boost_5y_no_dew_pressure,True
2021-09-24 04:00:00+00:00,2021-09-24 05:00:00+00:00,2021-09-24 01:00:00-04:00,2,54.0,56.55932960523044,boost_5y_no_dew_pressure,True
2021-09-24 04:00:00+00:00,2021-09-24 06:00:00+00:00,2021-09-24 02:00:00-04:00,3,54.0,56.14946888936095,boost_5y_no_dew_pressure,True
2021-09-24 04:00:00+00:00,2021-09-24 07:00:00+00:00,2021-09-24 03:00:00-04:00,4,52.0,55.63618329052892,boost_5y_no_dew_pressure,True
2021-09-24 04:00:00+00:00,2021-09-24 08:00:00+00:00,2021-09-24 04:00:00-04:00,5,53.0,55.342597185143696,boost_5y_no_dew_pressure,True
2021-09-24 04:00:00+00:00,2021-09-24 09:00:00+00:00,2021-09-24 05:00:00-04:00,6,53.0,54.956936851297144,boost_5y_no_dew_pressure,True
2021-09-24 04:00:00+00:00,2021-09-24 10:00:00+00:00,2021-09-24 06:00:00-04:00,7,51.0,54.82517024365653,boost_5y_no_dew_pressure,True
2021-09-24 04:00:00+00:00,2021-09-24 11:00:00+00:00,2021-09-24 07:00:00-04:00,8,54.0,55.91800466172533,boost_5y_no_dew_pressure,True
2021-09-24 04:00:00+00:00,2021-09-24 12:00:00+00:00,2021-09-24 08:00:00-04:00,9,57.0,58.77756958974117,boost_5y_no_dew_pressure,True
2021-09-24 04:00:00+00:00,2021-09-24 13:00:00+00:00,2021-09-24 09:00:00-04:00,10,63.0,60.966418505872355,boost_5y_no_dew_pressure,True
2021-09-24 04:00:00+00:00,2021-09-24 14:00:00+00:00,2021-09-24 10:00:00-04:00,11,67.0,63.730007306159905,boost_5y_no_dew_pressure,True
2021-09-24 04:00:00+00:00,2021-09-24 15:00:00+00:00,2021-09-24 11:00:00-04:00,12,70.0,65.48322522048713,boost_5y_no_dew_pressure,True
2021-09-24 04:00:00+00:00,2021-09-24 16:00:00+00:00,2021-09-24 12:00:00-04:00,13,71.0,67.1910492920019,boost_5y_no_dew_pressure,True
2021-09-24 04:00:00+00:00,2021-09-24 17:00:00+00:00,2021-09-24 13:00:00-04:00,14,74.0,68.60533571458906,boost_5y_no_dew_pressure,True
2021-09-24 04:00:00+00:00,2021-09-24 18:00:00+00:00,2021-09-24 14:00:00-04:00,15,74.0,69.36113318872712,boost_5y_no_dew_pressure,True
2021-09-24 04:00:00+00:00,2021-09-24 19:00:00+00:00,2021-09-24 15:00:00-04:00,16,75.0,69.51421110731727,boost_5y_no_dew_pressure,True
2021-09-24 04:00:00+00:00,2021-09-24 20:00:00+00:00,2021-09-24 16:00:00-04:00,17,75.0,69.30031277518235,boost_5y_no_dew_pressure,True
2021-09-24 04:00:00+00:00,2021-09-24 21:00:00+00:00,2021-09-24 17:00:00-04:00,18,73.0,68.37807721544526,boost_5y_no_dew_pressure,True
2021-09-24 04:00:00+00:00,2021-09-24 22:00:00+00:00,2021-09-24 18:00:00-04:00,19,69.0,66.16102610490401,boost_5y_no_dew_pressure,True
2021-09-24 04:00:00+00:00,2021-09-24 23:00:00+00:00,2021-09-24 19:00:00-04:00,20,62.0,63.893659668269635,boost_5y_no_dew_pressure,True
2021-09-24 04:00:00+00:00,2021-09-25 00:00:00+00:00,2021-09-24 20:00:00-04:00,21,59.0,63.02474986284926,boost_5y_no_dew_pressure,True
2021-09-24 04:00:00+00:00,2021-09-25 01:00:00+00:00,2021-09-24 21:00:00-04:00,22,58.0,61.974453297909605,boost_5y_no_dew_pressure,True
2021-09-24 04:00:00+00:00,2021-09-25 02:00:00+00:00,2021-09-24 22:00:00-04:00,23,57.0,61.26218154697597,boost_5y_no_dew_pressure,True
2021-09-24 04:00:00+00:00,2021-09-25 03:00:00+00:00,2021-09-24 23:00:00-04:00,24,55.0,60.88743932526837,boost_5y_no_dew_pressure,True
2021-09-24 04:00:00+00:00,2021-09-25 04:00:00+00:00,2021-09-25 00:00:00-04:00,25,53.0,62.76775679891601,boost_5y_no_dew_pressure,True
2021-09-24 04:00:00+00:00,2021-09-25 05:00:00+00:00,2021-09-25 01:00:00-04:00,26,53.0,62.12251797503678,boost_5y_no_dew_pressure,True
2021-09-24 04:00:00+00:00,2021-09-25 06:00:00+00:00,2021-09-25 02:00:00-04:00,27,52.0,61.65060020200384,boost_5y_no_dew_pressure,True
2021-09-24 04:00:00+00:00,2021-09-25 07:00:00+00:00,2021-09-25 03:00:00-04:00,28,51.0,60.959352259271185,boost_5y_no_dew_pressure,True
2021-09-24 04:00:00+00:00,2021-09-25 08:00:00+00:00,2021-09-25 04:00:00-04:00,29,50.0,60.72447241649763,boost_5y_no_dew_pressure,True
2021-09-24 04:00:00+00:00,2021-09-25 09:00:00+00:00,2021-09-25 05:00:00-04:00,30,50.0,60.33257057549849,boost_5y_no_dew_pressure,True
2021-09-24 04:00:00+00:00,2021-09-25 10:00:00+00:00,2021-09-25 06:00:00-04:00,31,50.0,60.12654749697204,boost_5y_no_dew_pressure,True
2021-09-24 04:00:00+00:00,2021-09-25 11:00:00+00:00,2021-09-25 07:00:00-04:00,32,52.0,61.20131871413096,boost_5y_no_dew_pressure,True
2021-09-24 04:00:00+00:00,2021-09-25 12:00:00+00:00,2021-09-25 08:00:00-04:00,33,59.0,63.90333986759025,boost_5y_no_dew_pressure,True
2021-09-24 04:00:00+00:00,2021-09-25 13:00:00+00:00,2021-09-25 09:00:00-04:00,34,65.0,66.31347978909558,boost_5y_no_dew_pressure,True
2021-09-24 04:00:00+00:00,2021-09-25 14:00:00+00:00,2021-09-25 10:00:00-04:00,35,70.0,69.14276709487193,boost_5y_no_dew_pressure,True
2021-09-24 04:00:00+00:00,2021-09-25 15:00:00+00:00,2021-09-25 11:00:00-04:00,36,72.0,71.09957051778429,boost_5y_no_dew_pressure,True
2021-09-24 04:00:00+00:00,2021-09-25 16:00:00+00:00,2021-09-25 12:00:00-04:00,37,74.0,72.83259292710333,boost_5y_no_dew_pressure,True
2021-09-24 04:00:00+00:00,2021-09-25 17:00:00+00:00,2021-09-25 13:00:00-04:00,38,76.0,74.22531527942067,boost_5y_no_dew_pressure,True
2021-09-24 04:00:00+00:00,2021-09-25 18:00:00+00:00,2021-09-25 14:00:00-04:00,39,78.0,74.9997373844509,boost_5y_no_dew_pressure,True
2021-09-24 04:00:00+00:00,2021-09-25 19:00:00+00:00,2021-09-25 15:00:00-04:00,40,78.0,75.03524771435869,boost_5y_no_dew_pressure,True
2021-09-24 04:00:00+00:00,2021-09-25 20:00:00+00:00,2021-09-25 16:00:00-04:00,41,74.0,74.76482911702007,boost_5y_no_dew_pressure,True
2021-09-24 04:00:00+00:00,2021-09-25 21:00:00+00:00,2021-09-25 17:00:00-04:00,42,76.0,73.72593147916287,boost_5y_no_dew_pressure,True
2021-09-24 04:00:00+00:00,2021-09-25 22:00:00+00:00,2021-09-25 18:00:00-04:00,43,71.0,71.19757328601204,boost_5y_no_dew_pressure,True
2021-09-24 04:00:00+00:00,2021-09-25 23:00:00+00:00,2021-09-25 19:00:00-04:00,44,64.0,68.33264087672485,boost_5y_no_dew_pressure,True
2021-09-24 04:00:00+00:00,2021-09-26 00:00:00+00:00,2021-09-25 20:00:00-04:00,45,62.0,66.76318861930255,boost_5y_no_dew_pressure,True
2021-09-24 04:00:00+00:00,2021-09-26 01:00:00+00:00,2021-09-25 21:00:00-04:00,46,61.0,65.71146806248946,boost_5y_no_dew_pressure,True
2021-09-24 04:00:00+00:00,2021-09-26 02:00:00+00:00,2021-09-25 22:00:00-04:00,47,59.0,64.9988515309313,boost_5y_no_dew_pressure,True
2021-09-24 04:00:00+00:00,2021-09-26 03:00:00+00:00,2021-09-25 23:00:00-04:00,48,58.0,64.46948151467238,boost_5y_no_dew_pressure,True
2021-09-24 04:00:00+00:00,2021-09-26 04:00:00+00:00,2021-09-26 00:00:00-04:00,49,57.0,63.87670202237829,boost_5y_no_dew_pressure,True
2021-09-24 04:00:00+00:00,2021-09-26 05:00:00+00:00,2021-09-26 01:00:00-04:00,50,57.0,63.08127295888299,boost_5y_no_dew_pressure,True
2021-09-24 04:00:00+00:00,2021-09-26 06:00:00+00:00,2021-09-26 02:00:00-04:00,51,56.0,62.59002385133678,boost_5y_no_dew_pressure,True
2021-09-24 04:00:00+00:00,2021-09-26 07:00:00+00:00,2021-09-26 03:00:00-04:00,52,55.0,61.79511882950952,boost_5y_no_dew_pressure,True
2021-09-24 04:00:00+00:00,2021-09-26 08:00:00+00:00,2021-09-26 04:00:00-04:00,53,54.0,61.43205407279558,boost_5y_no_dew_pressure,True
2021-09-24 04:00:00+00:00,2021-09-26 09:00:00+00:00,2021-09-26 05:00:00-04:00,54,53.0,61.00105182495133,boost_5y_no_dew_pressure,True
2021-09-24 04:00:00+00:00,2021-09-26 10:00:00+00:00,2021-09-26 06:00:00-04:00,55,51.0,60.81651257981675,boost_5y_no_dew_pressure,True
2021-09-24 04:00:00+00:00,2021-09-26 11:00:00+00:00,2021-09-26 07:00:00-04:00,56,55.0,61.768302528042774,boost_5y_no_dew_pressure,True
2021-09-24 04:00:00+00:00,2021-09-26 12:00:00+00:00,2021-09-26 08:00:00-04:00,57,61.0,64.74041103758961,boost_5y_no_dew_pressure,True
2021-09-24 04:00:00+00:00,2021-09-26 13:00:00+00:00,2021-09-26 09:00:00-04:00,58,68.0,68.00921966610001,boost_5y_no_dew_pressure,True
2021-09-24 04:00:00+00:00,2021-09-26 14:00:00+00:00,2021-09-26 10:00:00-04:00,59,71.0,70.91348334374047,boost_5y_no_dew_pressure,True
2021-09-24 04:00:00+00:00,2021-09-26 15:00:00+00:00,2021-09-26 11:00:00-04:00,60,72.0,72.85734090963227,boost_5y_no_dew_pressure,True
2021-09-24 04:00:00+00:00,2021-09-26 16:00:00+00:00,2021-09-26 12:00:00-04:00,61,74.0,74.68136826568534,boost_5y_no_dew_pressure,True
2021-09-24 04:00:00+00:00,2021-09-26 17:00:00+00:00,2021-09-26 13:00:00-04:00,62,75.0,76.11867892880204,boost_5y_no_dew_pressure,True
2021-09-24 04:00:00+00:00,2021-09-26 18:00:00+00:00,2021-09-26 14:00:00-04:00,63,77.0,76.9764160555843,boost_5y_no_dew_pressure,True
2021-09-24 04:00:00+00:00,2021-09-26 19:00:00+00:00,2021-09-26 15:00:00-04:00,64,76.0,76.94542647900572,boost_5y_no_dew_pressure,True
2021-09-24 04:00:00+00:00,2021-09-26 20:00:00+00:00,2021-09-26 16:00:00-04:00,65,77.0,76.69997029725903,boost_5y_no_dew_pressure,True
2021-09-24 04:00:00+00:00,2021-09-26 21:00:00+00:00,2021-09-26 17:00:00-04:00,66,75.0,75.50629327471607,boost_5y_no_dew_pressure,True
2021-09-24 04:00:00+00:00,2021-09-26 22:00:00+00:00,2021-09-26 18:00:00-04:00,67,70.0,72.58123939543216,boost_5y_no_dew_pressure,True
2021-09-24 04:00:00+00:00,2021-09-26 23:00:00+00:00,2021-09-26 19:00:00-04:00,68,64.0,69.74720045551506,boost_5y_no_dew_pressure,True
2021-09-24 04:00:00+00:00,2021-09-27 00:00:00+00:00,2021-09-26 20:00:00-04:00,69,62.0,68.00091238729146,boost_5y_no_dew_pressure,True
2021-09-24 04:00:00+00:00,2021-09-27 01:00:00+00:00,2021-09-26 21:00:00-04:00,70,59.0,66.75610010283508,boost_5y_no_dew_pressure,True
2021-09-24 04:00:00+00:00,2021-09-27 02:00:00+00:00,2021-09-26 22:00:00-04:00,71,57.0,66.05824722193134,boost_5y_no_dew_pressure,True
2021-09-24 04:00:00+00:00,2021-09-27 03:00:00+00:00,2021-09-26 23:00:00-04:00,72,56.0,65.51069635676853,boost_5y_no_dew_pressure,True
2021-09-24 04:00:00+00:00,2021-09-27 04:00:00+00:00,2021-09-27 00:00:00-04:00,73,56.0,64.94098113098967,boost_5y_no_dew_pressure,True
2021-09-24 04:00:00+00:00,2021-09-27 05:00:00+00:00,2021-09-27 01:00:00-04:00,74,55.0,64.04493110183705,boost_5y_no_dew_pressure,True
2021-09-24 04:00:00+00:00,2021-09-27 06:00:00+00:00,2021-09-27 02:00:00-04:00,75,55.0,63.53135659836647,boost_5y_no_dew_pressure,True
2021-09-24 04:00:00+00:00,2021-09-27 07:00:00+00:00,2021-09-27 03:00:00-04:00,76,52.0,62.720112858197425,boost_5y_no_dew_pressure,True
2021-09-24 04:00:00+00:00,2021-09-27 08:00:00+00:00,2021-09-27 04:00:00-04:00,77,53.0,62.35444825468985,boost_5y_no_dew_pressure,True
2021-09-24 04:00:00+00:00,2021-09-27 09:00:00+00:00,2021-09-27 05:00:00-04:00,78,53.0,61.84024707566839,boost_5y_no_dew_pressure,True
2021-09-24 04:00:00+00:00,2021-09-27 10:00:00+00:00,2021-09-27 06:00:00-04:00,79,52.0,61.597156560945606,boost_5y_no_dew_pressure,True
2021-09-24 04:00:00+00:00,2021-09-27 11:00:00+00:00,2021-09-27 07:00:00-04:00,80,54.0,62.49804798995251,boost_5y_no_dew_pressure,True
2021-09-24 04:00:00+00:00,2021-09-27 12:00:00+00:00,2021-09-27 08:00:00-04:00,81,63.0,65.74788209066213,boost_5y_no_dew_pressure,True
2021-09-24 04:00:00+00:00,2021-09-27 13:00:00+00:00,2021-09-27 09:00:00-04:00,82,69.0,68.85717669518787,boost_5y_no_dew_pressure,True
2021-09-24 04:00:00+00:00,2021-09-27 14:00:00+00:00,2021-09-27 10:00:00-04:00,83,75.0,71.94251162879642,boost_5y_no_dew_pressure,True
2021-09-24 04:00:00+00:00,2021-09-27 15:00:00+00:00,2021-09-27 11:00:00-04:00,84,79.0,74.01233595975812,boost_5y_no_dew_pressure,True
2021-09-24 04:00:00+00:00,2021-09-27 16:00:00+00:00,2021-09-27 12:00:00-04:00,85,81.0,75.9281588521137,boost_5y_no_dew_pressure,True
2021-09-24 04:00:00+00:00,2021-09-27 17:00:00+00:00,2021-09-27 13:00:00-04:00,86,83.0,77.38640052803663,boost_5y_no_dew_pressure,True
2021-09-24 04:00:00+00:00,2021-09-27 18:00:00+00:00,2021-09-27 14:00:00-04:00,87,83.0,78.20107857912747,boost_5y_no_dew_pressure,True
2021-09-24 04:00:00+00:00,2021-09-27 19:00:00+00:00,2021-09-27 15:00:00-04:00,88,83.0,78.12617034830653,boost_5y_no_dew_pressure,True
2021-09-24 04:00:00+00:00,2021-09-27 20:00:00+00:00,2021-09-27 16:00:00-04:00,89,83.0,77.73999338464326,boost_5y_no_dew_pressure,True
2021-09-24 04:00:00+00:00,2021-09-27 21:00:00+00:00,2021-09-27 17:00:00-04:00,90,80.0,76.44154219956428,boost_5y_no_dew_pressure,True
2021-09-24 04:00:00+00:00,2021-09-27 22:00:00+00:00,2021-09-27 18:00:00-04:00,91,75.0,73.56882347650335,boost_5y_no_dew_pressure,True
2021-09-24 04:00:00+00:00,2021-09-27 23:00:00+00:00,2021-09-27 19:00:00-04:00,92,72.0,70.40641294813621,boost_5y_no_dew_pressure,True
2021-09-24 04:00:00+00:00,2021-09-28 00:00:00+00:00,2021-09-27 20:00:00-04:00,93,70.0,68.61870063937579,boost_5y_no_dew_pressure,True
2021-09-24 04:00:00+00:00,2021-09-28 01:00:00+00:00,2021-09-27 21:00:00-04:00,94,66.0,67.40281680522915,boost_5y_no_dew_pressure,True
2021-09-24 04:00:00+00:00,2021-09-28 02:00:00+00:00,2021-09-27 22:00:00-04:00,95,66.0,66.70912455448538,boost_5y_no_dew_pressure,True
2021-09-24 04:00:00+00:00,2021-09-28 03:00:00+00:00,2021-09-27 23:00:00-04:00,96,63.0,66.16891906064981,boost_5y_no_dew_pressure,True
2021-09-24 04:00:00+00:00,2021-09-28 04:00:00+00:00,2021-09-28 00:00:00-04:00,97,63.0,65.4727357128218,boost_5y_no_dew_pressure,True
2021-09-24 04:00:00+00:00,2021-09-28 05:00:00+00:00,2021-09-28 01:00:00-04:00,98,60.0,64.5491035065833,boost_5y_no_dew_pressure,True
2021-09-24 04:00:00+00:00,2021-09-28 06:00:00+00:00,2021-09-28 02:00:00-04:00,99,62.0,63.98542500705277,boost_5y_no_dew_pressure,True
2021-09-24 04:00:00+00:00,2021-09-28 07:00:00+00:00,2021-09-28 03:00:00-04:00,100,61.0,63.23231728655737,boost_5y_no_dew_pressure,True
2021-09-24 04:00:00+00:00,2021-09-28 08:00:00+00:00,2021-09-28 04:00:00-04:00,101,61.0,62.87086473690845,boost_5y_no_dew_pressure,True
2021-09-24 04:00:00+00:00,2021-09-28 09:00:00+00:00,2021-09-28 05:00:00-04:00,102,60.0,62.30653713277959,boost_5y_no_dew_pressure,True
2021-09-24 04:00:00+00:00,2021-09-28 10:00:00+00:00,2021-09-28 06:00:00-04:00,103,59.0,62.04089215582229,boost_5y_no_dew_pressure,True
2021-09-24 04:00:00+00:00,2021-09-28 11:00:00+00:00,2021-09-28 07:00:00-04:00,104,61.0,62.83851453226174,boost_5y_no_dew_pressure,True
2021-09-24 04:00:00+00:00,2021-09-28 12:00:00+00:00,2021-09-28 08:00:00-04:00,105,66.0,66.14189909803416,boost_5y_no_dew_pressure,True
2021-09-24 04:00:00+00:00,2021-09-28 13:00:00+00:00,2021-09-28 09:00:00-04:00,106,73.0,69.43593654389957,boost_5y_no_dew_pressure,True
2021-09-24 04:00:00+00:00,2021-09-28 14:00:00+00:00,2021-09-28 10:00:00-04:00,107,78.0,72.6136074100076,boost_5y_no_dew_pressure,True
2021-09-24 04:00:00+00:00,2021-09-28 15:00:00+00:00,2021-09-28 11:00:00-04:00,108,82.0,74.79222766268948,boost_5y_no_dew_pressure,True
2021-09-24 04:00:00+00:00,2021-09-28 16:00:00+00:00,2021-09-28 12:00:00-04:00,109,85.0,76.63647162257021,boost_5y_no_dew_pressure,True
2021-09-24 04:00:00+00:00,2021-09-28 17:00:00+00:00,2021-09-28 13:00:00-04:00,110,86.0,78.09789825971606,boost_5y_no_dew_pressure,True
2021-09-24 04:00:00+00:00,2021-09-28 18:00:00+00:00,2021-09-28 14:00:00-04:00,111,86.0,78.96663126588903,boost_5y_no_dew_pressure,True
2021-09-24 04:00:00+00:00,2021-09-28 19:00:00+00:00,2021-09-28 15:00:00-04:00,112,86.0,78.86410892674854,boost_5y_no_dew_pressure,True
2021-09-24 04:00:00+00:00,2021-09-28 20:00:00+00:00,2021-09-28 16:00:00-04:00,113,84.0,78.40997180208318,boost_5y_no_dew_pressure,True
2021-09-24 04:00:00+00:00,2021-09-28 21:00:00+00:00,2021-09-28 17:00:00-04:00,114,82.0,77.0242744713652,boost_5y_no_dew_pressure,True
2021-09-24 04:00:00+00:00,2021-09-28 22:00:00+00:00,2021-09-28 18:00:00-04:00,115,77.0,73.85627875347691,boost_5y_no_dew_pressure,True
2021-09-24 04:00:00+00:00,2021-09-28 23:00:00+00:00,2021-09-28 19:00:00-04:00,116,73.0,70.66115878151518,boost_5y_no_dew_pressure,True
2021-09-24 04:00:00+00:00,2021-09-29 00:00:00+00:00,2021-09-28 20:00:00-04:00,117,70.0,68.87860015855746,boost_5y_no_dew_pressure,True
2021-09-24 04:00:00+00:00,2021-09-29 01:00:00+00:00,2021-09-28 21:00:00-04:00,118,69.0,67.73756699952614,boost_5y_no_dew_pressure,True
2021-09-24 04:00:00+00:00,2021-09-29 02:00:00+00:00,2021-09-28 22:00:00-04:00,119,69.0,67.00196491116057,boost_5y_no_dew_pressure,True
2021-09-24 04:00:00+00:00,2021-09-29 03:00:00+00:00,2021-09-28 23:00:00-04:00,120,67.0,66.53606321788065,boost_5y_no_dew_pressure,True
2021-09-24 04:00:00+00:00,2021-09-29 04:00:00+00:00,2021-09-29 00:00:00-04:00,121,68.0,66.05687330432357,boost_5y_no_dew_pressure,True
2021-09-24 04:00:00+00:00,2021-09-29 05:00:00+00:00,2021-09-29 01:00:00-04:00,122,64.0,65.1250552925678,boost_5y_no_dew_pressure,True
2021-09-24 04:00:00+00:00,2021-09-29 06:00:00+00:00,2021-09-29 02:00:00-04:00,123,65.0,64.56508236766285,boost_5y_no_dew_pressure,True
2021-09-24 04:00:00+00:00,2021-09-29 07:00:00+00:00,2021-09-29 03:00:00-04:00,124,65.0,63.74824793398154,boost_5y_no_dew_pressure,True
2021-09-24 04:00:00+00:00,2021-09-29 08:00:00+00:00,2021-09-29 04:00:00-04:00,125,64.0,63.24930470107273,boost_5y_no_dew_pressure,True
2021-09-24 04:00:00+00:00,2021-09-29 09:00:00+00:00,2021-09-29 05:00:00-04:00,126,63.0,62.750101425160665,boost_5y_no_dew_pressure,True
2021-09-24 04:00:00+00:00,2021-09-29 10:00:00+00:00,2021-09-29 06:00:00-04:00,127,62.0,62.48868329587288,boost_5y_no_dew_pressure,True
2021-09-24 04:00:00+00:00,2021-09-29 11:00:00+00:00,2021-09-29 07:00:00-04:00,128,65.0,63.21690332523957,boost_5y_no_dew_pressure,True
2021-09-24 04:00:00+00:00,2021-09-29 12:00:00+00:00,2021-09-29 08:00:00-04:00,129,69.0,66.60628047211819,boost_5y_no_dew_pressure,True
2021-09-24 04:00:00+00:00,2021-09-29 13:00:00+00:00,2021-09-29 09:00:00-04:00,130,72.0,69.78986322842292,boost_5y_no_dew_pressure,True
2021-09-24 04:00:00+00:00,2021-09-29 14:00:00+00:00,2021-09-29 10:00:00-04:00,131,76.0,72.96596431812864,boost_5y_no_dew_pressure,True
2021-09-24 04:00:00+00:00,2021-09-29 15:00:00+00:00,2021-09-29 11:00:00-04:00,132,79.0,75.41165826241688,boost_5y_no_dew_pressure,True
2021-09-24 04:00:00+00:00,2021-09-29 16:00:00+00:00,2021-09-29 12:00:00-04:00,133,80.0,77.28333332398302,boost_5y_no_dew_pressure,True
2021-09-24 04:00:00+00:00,2021-09-29 17:00:00+00:00,2021-09-29 13:00:00-04:00,134,81.0,78.72840418963163,boost_5y_no_dew_pressure,True
2021-09-24 04:00:00+00:00,2021-09-29 18:00:00+00:00,2021-09-29 14:00:00-04:00,135,81.0,79.51969995471113,boost_5y_no_dew_pressure,True
2021-09-24 04:00:00+00:00,2021-09-29 19:00:00+00:00,2021-09-29 15:00:00-04:00,136,83.0,79.59482419630261,boost_5y_no_dew_pressure,True
2021-09-24 04:00:00+00:00,2021-09-29 20:00:00+00:00,2021-09-29 16:00:00-04:00,137,82.0,79.25809136103103,boost_5y_no_dew_pressure,True
2021-09-24 04:00:00+00:00,2021-09-29 21:00:00+00:00,2021-09-29 17:00:00-04:00,138,79.0,77.72731787741236,boost_5y_no_dew_pressure,True
2021-09-24 04:00:00+00:00,2021-09-29 22:00:00+00:00,2021-09-29 18:00:00-04:00,139,76.0,74.17990540584363,boost_5y_no_dew_pressure,True
2021-09-24 04:00:00+00:00,2021-09-29 23:00:00+00:00,2021-09-29 19:00:00-04:00,140,73.0,70.68582231754577,boost_5y_no_dew_pressure,True
2021-09-24 04:00:00+00:00,2021-09-30 00:00:00+00:00,2021-09-29 20:00:00-04:00,141,71.0,68.9539953223406,boost_5y_no_dew_pressure,True
2021-09-24 04:00:00+00:00,2021-09-30 01:00:00+00:00,2021-09-29 21:00:00-04:00,142,71.0,67.7075821077974,boost_5y_no_dew_pressure,True
2021-09-24 04:00:00+00:00,2021-09-30 02:00:00+00:00,2021-09-29 22:00:00-04:00,143,70.0,67.05579050216961,boost_5y_no_dew_pressure,True
2021-09-24 04:00:00+00:00,2021-09-30 03:00:00+00:00,2021-09-29 23:00:00-04:00,144,69.0,66.5663688583317,boost_5y_no_dew_pressure,True
2021-09-24 04:00:00+00:00,2021-09-30 04:00:00+00:00,2021-09-30 00:00:00-04:00,145,70.0,65.94895444821506,boost_5y_no_dew_pressure,True
2021-09-24 04:00:00+00:00,2021-09-30 05:00:00+00:00,2021-09-30 01:00:00-04:00,146,69.0,64.94250056842387,boost_5y_no_dew_pressure,True
2021-09-24 04:00:00+00:00,2021-09-30 06:00:00+00:00,2021-09-30 02:00:00-04:00,147,68.0,64.36761788940368,boost_5y_no_dew_pressure,True
2021-09-24 04:00:00+00:00,2021-09-30 07:00:00+00:00,2021-09-30 03:00:00-04:00,148,66.0,63.55190073598177,boost_5y_no_dew_pressure,True
2021-09-24 04:00:00+00:00,2021-09-30 08:00:00+00:00,2021-09-30 04:00:00-04:00,149,65.0,63.200278758060534,boost_5y_no_dew_pressure,True
2021-09-24 04:00:00+00:00,2021-09-30 09:00:00+00:00,2021-09-30 05:00:00-04:00,150,64.0,62.62771697329801,boost_5y_no_dew_pressure,True
2021-09-24 04:00:00+00:00,2021-09-30 10:00:00+00:00,2021-09-30 06:00:00-04:00,151,63.0,62.364072681867434,boost_5y_no_dew_pressure,True
2021-09-24 04:00:00+00:00,2021-09-30 11:00:00+00:00,2021-09-30 07:00:00-04:00,152,64.0,63.0306663849591,boost_5y_no_dew_pressure,True
2021-09-24 04:00:00+00:00,2021-09-30 12:00:00+00:00,2021-09-30 08:00:00-04:00,153,65.0,66.41428916089288,boost_5y_no_dew_pressure,True
2021-09-24 04:00:00+00:00,2021-09-30 13:00:00+00:00,2021-09-30 09:00:00-04:00,154,67.0,69.66263752797029,boost_5y_no_dew_pressure,True
2021-09-24 04:00:00+00:00,2021-09-30 14:00:00+00:00,2021-09-30 10:00:00-04:00,155,71.0,72.90880049933672,boost_5y_no_dew_pressure,True
2021-09-24 04:00:00+00:00,2021-09-30 15:00:00+00:00,2021-09-30 11:00:00-04:00,156,72.0,75.36843725554162,boost_5y_no_dew_pressure,True
2021-09-24 04:00:00+00:00,2021-09-30 16:00:00+00:00,2021-09-30 12:00:00-04:00,157,74.0,77.27882592586481,boost_5y_no_dew_pressure,True
2021-09-24 04:00:00+00:00,2021-09-30 17:00:00+00:00,2021-09-30 13:00:00-04:00,158,78.0,78.80532804801526,boost_5y_no_dew_pressure,True
2021-09-24 04:00:00+00:00,2021-09-30 18:00:00+00:00,2021-09-30 14:00:00-04:00,159,77.0,79.44677882243133,boost_5y_no_dew_pressure,True
2021-09-24 04:00:00+00:00,2021-09-30 19:00:00+00:00,2021-09-30 15:00:00-04:00,160,79.0,79.60705321004762,boost_5y_no_dew_pressure,True
2021-09-24 04:00:00+00:00,2021-09-30 20:00:00+00:00,2021-09-30 16:00:00-04:00,161,79.0,79.10845147684564,boost_5y_no_dew_pressure,True
2021-09-24 04:00:00+00:00,2021-09-30 21:00:00+00:00,2021-09-30 17:00:00-04:00,162,77.0,77.57277495060703,boost_5y_no_dew_pressure,True
2021-09-24 04:00:00+00:00,2021-09-30 22:00:00+00:00,2021-09-30 18:00:00-04:00,163,73.0,74.00717769050821,boost_5y_no_dew_pressure,True
2021-09-24 04:00:00+00:00,2021-09-30 23:00:00+00:00,2021-09-30 19:00:00-04:00,164,68.0,70.72852852339048,boost_5y_no_dew_pressure,True
2021-09-24 04:00:00+00:00,2021-10-01 00:00:00+00:00,2021-09-30 20:00:00-04:00,165,65.0,69.06125697995583,boost_5y_no_dew_pressure,True
2021-09-24 04:00:00+00:00,2021-10-01 01:00:00+00:00,2021-09-30 21:00:00-04:00,166,64.0,67.89140460080151,boost_5y_no_dew_pressure,True
2021-09-24 04:00:00+00:00,2021-10-01 02:00:00+00:00,2021-09-30 22:00:00-04:00,167,64.0,67.18283710861954,boost_5y_no_dew_pressure,True
2021-09-24 04:00:00+00:00,2021-10-01 03:00:00+00:00,2021-09-30 23:00:00-04:00,168,62.0,66.78139565881459,boost_5y_no_dew_pressure,True
2021-09-24 04:00:00+00:00,2021-10-01 04:00:00+00:00,2021-10-01 00:00:00-04:00,169,61.0,65.7189934544208,boost_5y_no_dew_pressure,True
2021-09-24 04:00:00+00:00,2021-10-01 05:00:00+00:00,2021-10-01 01:00:00-04:00,170,60.0,64.85202855636621,boost_5y_no_dew_pressure,True
2021-09-24 04:00:00+00:00,2021-10-01 06:00:00+00:00,2021-10-01 02:00:00-04:00,171,60.0,64.25602647807604,boost_5y_no_dew_pressure,True
2021-09-24 04:00:00+00:00,2021-10-01 07:00:00+00:00,2021-10-01 03:00:00-04:00,172,59.0,63.59228985516231,boost_5y_no_dew_pressure,True
2021-09-24 04:00:00+00:00,2021-10-01 08:00:00+00:00,2021-10-01 04:00:00-04:00,173,58.0,63.30676693666603,boost_5y_no_dew_pressure,True
2021-09-24 04:00:00+00:00,2021-10-01 09:00:00+00:00,2021-10-01 05:00:00-04:00,174,59.0,62.7970498770256,boost_5y_no_dew_pressure,True
2021-09-24 04:00:00+00:00,2021-10-01 10:00:00+00:00,2021-10-01 06:00:00-04:00,175,58.0,62.498357849281355,boost_5y_no_dew_pressure,True
2021-09-24 04:00:00+00:00,2021-10-01 11:00:00+00:00,2021-10-01 07:00:00-04:00,176,62.0,63.04424789606331,boost_5y_no_dew_pressure,True
2021-09-24 04:00:00+00:00,2021-10-01 12:00:00+00:00,2021-10-01 08:00:00-04:00,177,63.0,66.2440551522964,boost_5y_no_dew_pressure,True
2021-09-24 04:00:00+00:00,2021-10-01 13:00:00+00:00,2021-10-01 09:00:00-04:00,178,67.0,69.53133680339319,boost_5y_no_dew_pressure,True
2021-09-24 04:00:00+00:00,2021-10-01 14:00:00+00:00,2021-10-01 10:00:00-04:00,179,72.0,72.67790051764506,boost_5y_no_dew_pressure,True
2021-09-24 04:00:00+00:00,2021-10-01 15:00:00+00:00,2021-10-01 11:00:00-04:00,180,74.0,75.12492655110033,boost_5y_no_dew_pressure,True
2021-09-24 04:00:00+00:00,2021-10-01 16:00:00+00:00,2021-10-01 12:00:00-04:00,181,77.0,76.98443349177316,boost_5y_no_dew_pressure,True
2021-09-24 04:00:00+00:00,2021-10-01 17:00:00+00:00,2021-10-01 13:00:00-04:00,182,75.0,78.43839707053803,boost_5y_no_dew_pressure,True
2021-09-24 04:00:00+00:00,2021-10-01 18:00:00+00:00,2021-10-01 14:00:00-04:00,183,79.0,79.14365725147337,boost_5y_no_dew_pressure,True
2021-09-24 04:00:00+00:00,2021-10-01 19:00:00+00:00,2021-10-01 15:00:00-04:00,184,78.0,79.32741655642124,boost_5y_no_dew_pressure,True
2021-09-24 04:00:00+00:00,2021-10-01 20:00:00+00:00,2021-10-01 16:00:00-04:00,185,79.0,78.83538868913861,boost_5y_no_dew_pressure,True
2021-09-24 04:00:00+00:00,2021-10-01 21:00:00+00:00,2021-10-01 17:00:00-04:00,186,79.0,77.2842866479033,boost_5y_no_dew_pressure,True
2021-09-24 04:00:00+00:00,2021-10-01 22:00:00+00:00,2021-10-01 18:00:00-04:00,187,73.0,73.79750757901651,boost_5y_no_dew_pressure,True
2021-09-24 04:00:00+00:00,2021-10-01 23:00:00+00:00,2021-10-01 19:00:00-04:00,188,71.0,70.67687850757594,boost_5y_no_dew_pressure,True
2021-09-24 04:00:00+00:00,2021-10-02 00:00:00+00:00,2021-10-01 20:00:00-04:00,189,66.0,69.1591544057425,boost_5y_no_dew_pressure,True
2021-09-24 04:00:00+00:00,2021-10-02 01:00:00+00:00,2021-10-01 21:00:00-04:00,190,64.0,68.03431776012228,boost_5y_no_dew_pressure,True
2021-09-24 04:00:00+00:00,2021-10-02 02:00:00+00:00,2021-10-01 22:00:00-04:00,191,67.0,67.36786103992974,boost_5y_no_dew_pressure,True
2021-09-24 04:00:00+00:00,2021-10-02 03:00:00+00:00,2021-10-01 23:00:00-04:00,192,63.0,66.99045446882646,boost_5y_no_dew_pressure,True
2021-09-24 04:00:00+00:00,2021-10-02 04:00:00+00:00,2021-10-02 00:00:00-04:00,193,61.0,66.17474459298899,boost_5y_no_dew_pressure,True
2021-09-24 04:00:00+00:00,2021-10-02 05:00:00+00:00,2021-10-02 01:00:00-04:00,194,60.0,65.2974960492675,boost_5y_no_dew_pressure,True
2021-09-24 04:00:00+00:00,2021-10-02 06:00:00+00:00,2021-10-02 02:00:00-04:00,195,61.0,64.71904769669958,boost_5y_no_dew_pressure,True
2021-09-24 04:00:00+00:00,2021-10-02 07:00:00+00:00,2021-10-02 03:00:00-04:00,196,61.0,64.11381932321805,boost_5y_no_dew_pressure,True
2021-09-24 04:00:00+00:00,2021-10-02 08:00:00+00:00,2021-10-02 04:00:00-04:00,197,61.0,63.86847915897151,boost_5y_no_dew_pressure,True
2021-09-24 04:00:00+00:00,2021-10-02 09:00:00+00:00,2021-10-02 05:00:00-04:00,198,60.0,63.37182229540978,boost_5y_no_dew_pressure,True
2021-09-24 04:00:00+00:00,2021-10-02 10:00:00+00:00,2021-10-02 06:00:00-04:00,199,59.0,62.983298876056494,boost_5y_no_dew_pressure,True
2021-09-24 04:00:00+00:00,2021-10-02 11:00:00+00:00,2021-10-02 07:00:00-04:00,200,61.0,63.564272075247054,boost_5y_no_dew_pressure,True
2021-09-24 04:00:00+00:00,2021-10-02 12:00:00+00:00,2021-10-02 08:00:00-04:00,201,65.0,66.68834178423442,boost_5y_no_dew_pressure,True
2021-09-24 04:00:00+00:00,2021-10-02 13:00:00+00:00,2021-10-02 09:00:00-04:00,202,71.0,69.99334839855514,boost_5y_no_dew_pressure,True
2021-09-24 04:00:00+00:00,2021-10-02 14:00:00+00:00,2021-10-02 10:00:00-04:00,203,76.0,73.02731950569625,boost_5y_no_dew_pressure,True
2021-09-24 04:00:00+00:00,2021-10-02 15:00:00+00:00,2021-10-02 11:00:00-04:00,204,80.0,75.40901111731061,boost_5y_no_dew_pressure,True
2021-09-24 04:00:00+00:00,2021-10-02 16:00:00+00:00,2021-10-02 12:00:00-04:00,205,81.0,77.22553045333633,boost_5y_no_dew_pressure,True
2021-09-24 04:00:00+00:00,2021-10-02 17:00:00+00:00,2021-10-02 13:00:00-04:00,206,83.0,78.6153209303347,boost_5y_no_dew_pressure,True
2021-09-24 04:00:00+00:00,2021-10-02 18:00:00+00:00,2021-10-02 14:00:00-04:00,207,84.0,79.37821899890605,boost_5y_no_dew_pressure,True
2021-09-24 04:00:00+00:00,2021-10-02 19:00:00+00:00,2021-10-02 15:00:00-04:00,208,84.0,79.50146190347265,boost_5y_no_dew_pressure,True
2021-09-24 04:00:00+00:00,2021-10-02 20:00:00+00:00,2021-10-02 16:00:00-04:00,209,83.0,78.98796084315806,boost_5y_no_dew_pressure,True
2021-09-24 04:00:00+00:00,2021-10-02 21:00:00+00:00,2021-10-02 17:00:00-04:00,210,80.0,77.41461300274543,boost_5y_no_dew_pressure,True
2021-09-24 04:00:00+00:00,2021-10-02 22:00:00+00:00,2021-10-02 18:00:00-04:00,211,74.0,73.90621489697456,boost_5y_no_dew_pressure,True
2021-09-24 04:00:00+00:00,2021-10-02 23:00:00+00:00,2021-10-02 19:00:00-04:00,212,73.0,70.87597542353086,boost_5y_no_dew_pressure,True
2021-09-24 04:00:00+00:00,2021-10-03 00:00:00+00:00,2021-10-02 20:00:00-04:00,213,72.0,69.40099637201645,boost_5y_no_dew_pressure,True
2021-09-24 04:00:00+00:00,2021-10-03 01:00:00+00:00,2021-10-02 21:00:00-04:00,214,70.0,68.21027558568883,boost_5y_no_dew_pressure,True
2021-09-24 04:00:00+00:00,2021-10-03 02:00:00+00:00,2021-10-02 22:00:00-04:00,215,69.0,67.55799200639834,boost_5y_no_dew_pressure,True
2021-09-24 04:00:00+00:00,2021-10-03 03:00:00+00:00,2021-10-02 23:00:00-04:00,216,69.0,67.12813710303536,boost_5y_no_dew_pressure,True
2021-09-24 04:00:00+00:00,2021-10-03 04:00:00+00:00,2021-10-03 00:00:00-04:00,217,67.0,66.35972746637653,boost_5y_no_dew_pressure,True
2021-09-24 04:00:00+00:00,2021-10-03 05:00:00+00:00,2021-10-03 01:00:00-04:00,218,65.0,65.49445343939558,boost_5y_no_dew_pressure,True
2021-09-24 04:00:00+00:00,2021-10-03 06:00:00+00:00,2021-10-03 02:00:00-04:00,219,65.0,64.8997712380958,boost_5y_no_dew_pressure,True
2021-09-24 04:00:00+00:00,2021-10-03 07:00:00+00:00,2021-10-03 03:00:00-04:00,220,64.0,64.18501568901935,boost_5y_no_dew_pressure,True
2021-09-24 04:00:00+00:00,2021-10-03 08:00:00+00:00,2021-10-03 04:00:00-04:00,221,63.0,63.950187803843555,boost_5y_no_dew_pressure,True
2021-09-24 04:00:00+00:00,2021-10-03 09:00:00+00:00,2021-10-03 05:00:00-04:00,222,63.0,63.425284623198024,boost_5y_no_dew_pressure,True
2021-09-24 04:00:00+00:00,2021-10-03 10:00:00+00:00,2021-10-03 06:00:00-04:00,223,63.0,63.017303600421265,boost_5y_no_dew_pressure,True
2021-09-24 04:00:00+00:00,2021-10-03 11:00:00+00:00,2021-10-03 07:00:00-04:00,224,64.0,63.52775030988136,boost_5y_no_dew_pressure,True
2021-09-24 04:00:00+00:00,2021-10-03 12:00:00+00:00,2021-10-03 08:00:00-04:00,225,69.0,66.59857267070443,boost_5y_no_dew_pressure,True
2021-09-24 04:00:00+00:00,2021-10-03 13:00:00+00:00,2021-10-03 09:00:00-04:00,226,73.0,69.7252497752297,boost_5y_no_dew_pressure,True
2021-09-24 04:00:00+00:00,2021-10-03 14:00:00+00:00,2021-10-03 10:00:00-04:00,227,76.0,72.72659339246998,boost_5y_no_dew_pressure,True
2021-09-24 04:00:00+00:00,2021-10-03 15:00:00+00:00,2021-10-03 11:00:00-04:00,228,80.0,74.97480006321403,boost_5y_no_dew_pressure,True
2021-09-24 04:00:00+00:00,2021-10-03 16:00:00+00:00,2021-10-03 12:00:00-04:00,229,82.0,76.90308153166329,boost_5y_no_dew_pressure,True
2021-09-24 04:00:00+00:00,2021-10-03 17:00:00+00:00,2021-10-03 13:00:00-04:00,230,84.0,78.3595776258117,boost_5y_no_dew_pressure,True
2021-09-24 04:00:00+00:00,2021-10-03 18:00:00+00:00,2021-10-03 14:00:00-04:00,231,86.0,78.85167051585857,boost_5y_no_dew_pressure,True
2021-09-24 04:00:00+00:00,2021-10-03 19:00:00+00:00,2021-10-03 15:00:00-04:00,232,84.0,79.01555545821759,boost_5y_no_dew_pressure,True
2021-09-24 04:00:00+00:00,2021-10-03 20:00:00+00:00,2021-10-03 16:00:00-04:00,233,84.0,78.49601803263829,boost_5y_no_dew_pressure,True
2021-09-24 04:00:00+00:00,2021-10-03 21:00:00+00:00,2021-10-03 17:00:00-04:00,234,82.0,76.97950428448326,boost_5y_no_dew_pressure,True
2021-09-24 04:00:00+00:00,2021-10-03 22:00:00+00:00,2021-10-03 18:00:00-04:00,235,76.0,73.45159823758512,boost_5y_no_dew_pressure,True
2021-09-24 04:00:00+00:00,2021-10-03 23:00:00+00:00,2021-10-03 19:00:00-04:00,236,74.0,70.55611490996208,boost_5y_no_dew_pressure,True
2021-09-24 04:00:00+00:00,2021-10-04 00:00:00+00:00,2021-10-03 20:00:00-04:00,237,73.0,69.02780060119426,boost_5y_no_dew_pressure,True
2021-09-24 04:00:00+00:00,2021-10-04 01:00:00+00:00,2021-10-03 21:00:00-04:00,238,73.0,67.91937771449734,boost_5y_no_dew_pressure,True
2021-09-24 04:00:00+00:00,2021-10-04 02:00:00+00:00,2021-10-03 22:00:00-04:00,239,72.0,67.31083449713742,boost_5y_no_dew_pressure,True
2021-09-24 04:00:00+00:00,2021-10-04 03:00:00+00:00,2021-10-03 23:00:00-04:00,240,72.0,66.89285282106653,boost_5y_no_dew_pressure,True
2021-09-24 04:00:00+00:00,2021-10-04 04:00:00+00:00,2021-10-04 00:00:00-04:00,241,70.0,66.06862520850855,boost_5y_no_dew_pressure,True
2021-09-24 04:00:00+00:00,2021-10-04 05:00:00+00:00,2021-10-04 01:00:00-04:00,242,69.0,65.17685232104176,boost_5y_no_dew_pressure,True
2021-09-24 04:00:00+00:00,2021-10-04 06:00:00+00:00,2021-10-04 02:00:00-04:00,243,68.0,64.60788417336373,boost_5y_no_dew_pressure,True
2021-09-24 04:00:00+00:00,2021-10-04 07:00:00+00:00,2021-10-04 03:00:00-04:00,244,67.0,63.90552248385624,boost_5y_no_dew_pressure,True
2021-09-24 04:00:00+00:00,2021-10-04 08:00:00+00:00,2021-10-04 04:00:00-04:00,245,68.0,63.65465239919037,boost_5y_no_dew_pressure,True
2021-09-24 04:00:00+00:00,2021-10-04 09:00:00+00:00,2021-10-04 05:00:00-04:00,246,68.0,63.12389989039859,boost_5y_no_dew_pressure,True
2021-09-24 04:00:00+00:00,2021-10-04 10:00:00+00:00,2021-10-04 06:00:00-04:00,247,68.0,62.68825982230756,boost_5y_no_dew_pressure,True
2021-09-24 04:00:00+00:00,2021-10-04 11:00:00+00:00,2021-10-04 07:00:00-04:00,248,69.0,63.299493334391656,boost_5y_no_dew_pressure,True
2021-09-24 04:00:00+00:00,2021-10-04 12:00:00+00:00,2021-10-04 08:00:00-04:00,249,70.0,66.4287248406885,boost_5y_no_dew_pressure,True
2021-09-24 04:00:00+00:00,2021-10-04 13:00:00+00:00,2021-10-04 09:00:00-04:00,250,72.0,69.54807090693805,boost_5y_no_dew_pressure,True
2021-09-24 04:00:00+00:00,2021-10-04 14:00:00+00:00,2021-10-04 10:00:00-04:00,251,79.0,72.54873194475273,boost_5y_no_dew_pressure,True
2021-09-24 04:00:00+00:00,2021-10-04 15:00:00+00:00,2021-10-04 11:00:00-04:00,252,82.0,74.7950602269218,boost_5y_no_dew_pressure,True
2021-09-24 04:00:00+00:00,2021-10-04 16:00:00+00:00,2021-10-04 12:00:00-04:00,253,82.0,76.73676384461649,boost_5y_no_dew_pressure,True
2021-09-24 04:00:00+00:00,2021-10-04 17:00:00+00:00,2021-10-04 13:00:00-04:00,254,83.0,78.16613240235574,boost_5y_no_dew_pressure,True
2021-09-24 04:00:00+00:00,2021-10-04 18:00:00+00:00,2021-10-04 14:00:00-04:00,255,84.0,78.69376619298369,boost_5y_no_dew_pressure,True
2021-09-24 04:00:00+00:00,2021-10-04 19:00:00+00:00,2021-10-04 15:00:00-04:00,256,80.0,78.84497891189608,boost_5y_no_dew_pressure,True
2021-09-24 04:00:00+00:00,2021-10-04 20:00:00+00:00,2021-10-04 16:00:00-04:00,257,72.0,78.2437047528496,boost_5y_no_dew_pressure,True
2021-09-24 04:00:00+00:00,2021-10-04 21:00:00+00:00,2021-10-04 17:00:00-04:00,258,72.0,76.60976520010689,boost_5y_no_dew_pressure,True
2021-09-24 04:00:00+00:00,2021-10-04 22:00:00+00:00,2021-10-04 18:00:00-04:00,259,72.0,72.96945070042482,boost_5y_no_dew_pressure,True
2021-09-24 04:00:00+00:00,2021-10-04 23:00:00+00:00,2021-10-04 19:00:00-04:00,260,66.0,70.05143033830639,boost_5y_no_dew_pressure,True
2021-09-24 04:00:00+00:00,2021-10-05 00:00:00+00:00,2021-10-04 20:00:00-04:00,261,66.0,68.6147668780761,boost_5y_no_dew_pressure,True
2021-09-24 04:00:00+00:00,2021-10-05 01:00:00+00:00,2021-10-04 21:00:00-04:00,262,66.0,67.49050783024836,boost_5y_no_dew_pressure,True
2021-09-24 04:00:00+00:00,2021-10-05 02:00:00+00:00,2021-10-04 22:00:00-04:00,263,67.0,66.87081863889439,boost_5y_no_dew_pressure,True
2021-09-24 04:00:00+00:00,2021-10-05 03:00:00+00:00,2021-10-04 23:00:00-04:00,264,68.0,66.39605582880287,boost_5y_no_dew_pressure,True
2021-09-24 04:00:00+00:00,2021-10-05 04:00:00+00:00,2021-10-05 00:00:00-04:00,265,67.0,65.54428205737725,boost_5y_no_dew_pressure,True
2021-09-24 04:00:00+00:00,2021-10-05 05:00:00+00:00,2021-10-05 01:00:00-04:00,266,67.0,64.57522511312166,boost_5y_no_dew_pressure,True
2021-09-24 04:00:00+00:00,2021-10-05 06:00:00+00:00,2021-10-05 02:00:00-04:00,267,66.0,64.01795759667512,boost_5y_no_dew_pressure,True
2021-09-24 04:00:00+00:00,2021-10-05 07:00:00+00:00,2021-10-05 03:00:00-04:00,268,68.0,63.33553383312631,boost_5y_no_dew_pressure,True
2021-09-24 04:00:00+00:00,2021-10-05 08:00:00+00:00,2021-10-05 04:00:00-04:00,269,68.0,63.05826205854078,boost_5y_no_dew_pressure,True
2021-09-24 04:00:00+00:00,2021-10-05 09:00:00+00:00,2021-10-05 05:00:00-04:00,270,68.0,62.56061588880538,boost_5y_no_dew_pressure,True
2021-09-24 04:00:00+00:00,2021-10-05 10:00:00+00:00,2021-10-05 06:00:00-04:00,271,69.0,62.166190736729774,boost_5y_no_dew_pressure,True
2021-09-24 04:00:00+00:00,2021-10-05 11:00:00+00:00,2021-10-05 07:00:00-04:00,272,70.0,62.74881510367155,boost_5y_no_dew_pressure,True
2021-09-24 04:00:00+00:00,2021-10-05 12:00:00+00:00,2021-10-05 08:00:00-04:00,273,72.0,65.92727804108614,boost_5y_no_dew_pressure,True
2021-09-24 04:00:00+00:00,2021-10-05 13:00:00+00:00,2021-10-05 09:00:00-04:00,274,74.0,69.15565788466037,boost_5y_no_dew_pressure,True
2021-09-24 04:00:00+00:00,2021-10-05 14:00:00+00:00,2021-10-05 10:00:00-04:00,275,78.0,72.33089015938448,boost_5y_no_dew_pressure,True
2021-09-24 04:00:00+00:00,2021-10-05 15:00:00+00:00,2021-10-05 11:00:00-04:00,276,82.0,74.59907603022741,boost_5y_no_dew_pressure,True
2021-09-24 04:00:00+00:00,2021-10-05 16:00:00+00:00,2021-10-05 12:00:00-04:00,277,82.0,76.39663915857857,boost_5y_no_dew_pressure,True
2021-09-24 04:00:00+00:00,2021-10-05 17:00:00+00:00,2021-10-05 13:00:00-04:00,278,85.0,77.72937114128467,boost_5y_no_dew_pressure,True
2021-09-24 04:00:00+00:00,2021-10-05 18:00:00+00:00,2021-10-05 14:00:00-04:00,279,85.0,78.23965420128623,boost_5y_no_dew_pressure,True
2021-09-24 04:00:00+00:00,2021-10-05 19:00:00+00:00,2021-10-05 15:00:00-04:00,280,82.0,78.308164688615,boost_5y_no_dew_pressure,True
2021-09-24 04:00:00+00:00,2021-10-05 20:00:00+00:00,2021-10-05 16:00:00-04:00,281,82.0,77.76332285017723,boost_5y_no_dew_pressure,True
2021-09-24 04:00:00+00:00,2021-10-05 21:00:00+00:00,2021-10-05 17:00:00-04:00,282,79.0,76.10710928846278,boost_5y_no_dew_pressure,True
2021-09-24 04:00:00+00:00,2021-10-05 22:00:00+00:00,2021-10-05 18:00:00-04:00,283,74.0,72.33768614499904,boost_5y_no_dew_pressure,True
2021-09-24 04:00:00+00:00,2021-10-05 23:00:00+00:00,2021-10-05 19:00:00-04:00,284,72.0,69.4557383537627,boost_5y_no_dew_pressure,True
2021-09-24 04:00:00+00:00,2021-10-06 00:00:00+00:00,2021-10-05 20:00:00-04:00,285,72.0,68.09205907535862,boost_5y_no_dew_pressure,True
2021-09-24 04:00:00+00:00,2021-10-06 01:00:00+00:00,2021-10-05 21:00:00-04:00,286,72.0,67.00321845518816,boost_5y_no_dew_pressure,True
2021-09-24 04:00:00+00:00,2021-10-06 02:00:00+00:00,2021-10-05 22:00:00-04:00,287,70.0,66.32501311451229,boost_5y_no_dew_pressure,True
2021-09-24 04:00:00+00:00,2021-10-06 03:00:00+00:00,2021-10-05 23:00:00-04:00,288,70.0,65.77936554367822,boost_5y_no_dew_pressure,True
2021-09-24 04:00:00+00:00,2021-10-06 04:00:00+00:00,2021-10-06 00:00:00-04:00,289,70.0,64.92833487091988,boost_5y_no_dew_pressure,True
2021-09-24 04:00:00+00:00,2021-10-06 05:00:00+00:00,2021-10-06 01:00:00-04:00,290,69.0,64.05954274313365,boost_5y_no_dew_pressure,True
2021-09-24 04:00:00+00:00,2021-10-06 06:00:00+00:00,2021-10-06 02:00:00-04:00,291,68.0,63.504343751640484,boost_5y_no_dew_pressure,True
2021-09-24 04:00:00+00:00,2021-10-06 07:00:00+00:00,2021-10-06 03:00:00-04:00,292,68.0,62.78621484243707,boost_5y_no_dew_pressure,True
2021-09-24 04:00:00+00:00,2021-10-06 08:00:00+00:00,2021-10-06 04:00:00-04:00,293,69.0,62.54806012549673,boost_5y_no_dew_pressure,True
2021-09-24 04:00:00+00:00,2021-10-06 09:00:00+00:00,2021-10-06 05:00:00-04:00,294,68.0,62.11321295254523,boost_5y_no_dew_pressure,True
2021-09-24 04:00:00+00:00,2021-10-06 10:00:00+00:00,2021-10-06 06:00:00-04:00,295,68.0,61.78217178938109,boost_5y_no_dew_pressure,True
2021-09-24 04:00:00+00:00,2021-10-06 11:00:00+00:00,2021-10-06 07:00:00-04:00,296,69.0,62.26097264558645,boost_5y_no_dew_pressure,True
2021-09-24 04:00:00+00:00,2021-10-06 12:00:00+00:00,2021-10-06 08:00:00-04:00,297,70.0,65.33380928031958,boost_5y_no_dew_pressure,True
2021-09-24 04:00:00+00:00,2021-10-06 13:00:00+00:00,2021-10-06 09:00:00-04:00,298,73.0,68.47553657427287,boost_5y_no_dew_pressure,True
2021-09-24 04:00:00+00:00,2021-10-06 14:00:00+00:00,2021-10-06 10:00:00-04:00,299,76.0,71.58355214022008,boost_5y_no_dew_pressure,True
2021-09-24 04:00:00+00:00,2021-10-06 15:00:00+00:00,2021-10-06 11:00:00-04:00,300,78.0,73.86488243429031,boost_5y_no_dew_pressure,True
2021-09-24 04:00:00+00:00,2021-10-06 16:00:00+00:00,2021-10-06 12:00:00-04:00,301,78.0,75.57354877644158,boost_5y_no_dew_pressure,True
2021-09-24 04:00:00+00:00,2021-10-06 17:00:00+00:00,2021-10-06 13:00:00-04:00,302,81.0,76.89483314063051,boost_5y_no_dew_pressure,True
2021-09-24 04:00:00+00:00,2021-10-06 18:00:00+00:00,2021-10-06 14:00:00-04:00,303,79.0,77.37817471803082,boost_5y_no_dew_pressure,True
2021-09-24 04:00:00+00:00,2021-10-06 19:00:00+00:00,2021-10-06 15:00:00-04:00,304,82.0,77.45939527714745,boost_5y_no_dew_pressure,True
2021-09-24 04:00:00+00:00,2021-10-06 20:00:00+00:00,2021-10-06 16:00:00-04:00,305,82.0,76.92726566790135,boost_5y_no_dew_pressure,True
2021-09-24 04:00:00+00:00,2021-10-06 21:00:00+00:00,2021-10-06 17:00:00-04:00,306,80.0,75.27895204826041,boost_5y_no_dew_pressure,True
2021-09-24 04:00:00+00:00,2021-10-06 22:00:00+00:00,2021-10-06 18:00:00-04:00,307,74.0,71.49381702836416,boost_5y_no_dew_pressure,True
2021-09-24 04:00:00+00:00,2021-10-06 23:00:00+00:00,2021-10-06 19:00:00-04:00,308,72.0,68.62357051260732,boost_5y_no_dew_pressure,True
2021-09-24 04:00:00+00:00,2021-10-07 00:00:00+00:00,2021-10-06 20:00:00-04:00,309,73.0,67.3174828048786,boost_5y_no_dew_pressure,True
2021-09-24 04:00:00+00:00,2021-10-07 01:00:00+00:00,2021-10-06 21:00:00-04:00,310,72.0,66.26738053465769,boost_5y_no_dew_pressure,True
2021-09-24 04:00:00+00:00,2021-10-07 02:00:00+00:00,2021-10-06 22:00:00-04:00,311,73.0,65.57424072976605,boost_5y_no_dew_pressure,True
2021-09-24 04:00:00+00:00,2021-10-07 03:00:00+00:00,2021-10-06 23:00:00-04:00,312,71.0,65.08225704266003,boost_5y_no_dew_pressure,True
2021-09-24 04:00:00+00:00,2021-10-07 04:00:00+00:00,2021-10-07 00:00:00-04:00,313,70.0,64.26727683171733,boost_5y_no_dew_pressure,True
2021-09-24 04:00:00+00:00,2021-10-07 05:00:00+00:00,2021-10-07 01:00:00-04:00,314,70.0,63.45868399470024,boost_5y_no_dew_pressure,True
2021-09-24 04:00:00+00:00,2021-10-07 06:00:00+00:00,2021-10-07 02:00:00-04:00,315,70.0,62.91304695764648,boost_5y_no_dew_pressure,True
2021-09-24 04:00:00+00:00,2021-10-07 07:00:00+00:00,2021-10-07 03:00:00-04:00,316,69.0,62.23948421093713,boost_5y_no_dew_pressure,True
2021-09-24 04:00:00+00:00,2021-10-07 08:00:00+00:00,2021-10-07 04:00:00-04:00,317,68.0,62.01027646366047,boost_5y_no_dew_pressure,True
2021-09-24 04:00:00+00:00,2021-10-07 09:00:00+00:00,2021-10-07 05:00:00-04:00,318,68.0,61.61639724911178,boost_5y_no_dew_pressure,True
2021-09-24 04:00:00+00:00,2021-10-07 10:00:00+00:00,2021-10-07 06:00:00-04:00,319,68.0,61.24384766136823,boost_5y_no_dew_pressure,True
2021-09-24 04:00:00+00:00,2021-10-07 11:00:00+00:00,2021-10-07 07:00:00-04:00,320,68.0,61.660211512148074,boost_5y_no_dew_pressure,True
2021-09-24 04:00:00+00:00,2021-10-07 12:00:00+00:00,2021-10-07 08:00:00-04:00,321,68.0,64.70278165218375,boost_5y_no_dew_pressure,True
2021-09-24 04:00:00+00:00,2021-10-07 13:00:00+00:00,2021-10-07 09:00:00-04:00,322,69.0,67.76183552844248,boost_5y_no_dew_pressure,True
2021-09-24 04:00:00+00:00,2021-10-07 14:00:00+00:00,2021-10-07 10:00:00-04:00,323,70.0,70.86921249831994,boost_5y_no_dew_pressure,True
2021-09-24 04:00:00+00:00,2021-10-07 15:00:00+00:00,2021-10-07 11:00:00-04:00,324,72.0,73.17657967106815,boost_5y_no_dew_pressure,True
2021-09-24 04:00:00+00:00,2021-10-07 16:00:00+00:00,2021-10-07 12:00:00-04:00,325,76.0,74.85727051515109,boost_5y_no_dew_pressure,True
2021-09-24 04:00:00+00:00,2021-10-07 17:00:00+00:00,2021-10-07 13:00:00-04:00,326,76.0,76.28585325964872,boost_5y_no_dew_pressure,True
2021-09-24 04:00:00+00:00,2021-10-07 18:00:00+00:00,2021-10-07 14:00:00-04:00,327,76.0,76.88777438899908,boost_5y_no_dew_pressure,True
2021-09-24 04:00:00+00:00,2021-10-07 19:00:00+00:00,2021-10-07 15:00:00-04:00,328,76.0,77.10155220642281,boost_5y_no_dew_pressure,True
2021-09-24 04:00:00+00:00,2021-10-07 20:00:00+00:00,2021-10-07 16:00:00-04:00,329,76.0,76.70199055979603,boost_5y_no_dew_pressure,True
2021-09-24 04:00:00+00:00,2021-10-07 21:00:00+00:00,2021-10-07 17:00:00-04:00,330,74.0,75.00246118392838,boost_5y_no_dew_pressure,True
2021-09-24 04:00:00+00:00,2021-10-07 22:00:00+00:00,2021-10-07 18:00:00-04:00,331,72.0,71.0031628575461,boost_5y_no_dew_pressure,True
2021-09-24 04:00:00+00:00,2021-10-07 23:00:00+00:00,2021-10-07 19:00:00-04:00,332,71.0,68.17393083014146,boost_5y_no_dew_pressure,True
2021-09-24 04:00:00+00:00,2021-10-08 00:00:00+00:00,2021-10-07 20:00:00-04:00,333,70.0,66.70936388311223,boost_5y_no_dew_pressure,True
2021-09-24 04:00:00+00:00,2021-10-08 01:00:00+00:00,2021-10-07 21:00:00-04:00,334,70.0,65.62930328335037,boost_5y_no_dew_pressure,True
2021-09-24 04:00:00+00:00,2021-10-08 02:00:00+00:00,2021-10-07 22:00:00-04:00,335,69.0,64.93666920391124,boost_5y_no_dew_pressure,True
2021-09-24 04:00:00+00:00,2021-10-08 03:00:00+00:00,2021-10-07 23:00:00-04:00,336,66.0,64.38907285426052,boost_5y_no_dew_pressure,True
2021-10-01 04:00:00+00:00,2021-10-01 04:00:00+00:00,2021-10-01 00:00:00-04:00,1,61.0,66.8767887571358,boost_5y_no_dew_pressure,True
2021-10-01 04:00:00+00:00,2021-10-01 05:00:00+00:00,2021-10-01 01:00:00-04:00,2,60.0,65.83616976670427,boost_5y_no_dew_pressure,True
2021-10-01 04:00:00+00:00,2021-10-01 06:00:00+00:00,2021-10-01 02:00:00-04:00,3,60.0,65.25278202993404,boost_5y_no_dew_pressure,True
2021-10-01 04:00:00+00:00,2021-10-01 07:00:00+00:00,2021-10-01 03:00:00-04:00,4,59.0,64.48042330972152,boost_5y_no_dew_pressure,True
2021-10-01 04:00:00+00:00,2021-10-01 08:00:00+00:00,2021-10-01 04:00:00-04:00,5,58.0,64.12382360910225,boost_5y_no_dew_pressure,True
2021-10-01 04:00:00+00:00,2021-10-01 09:00:00+00:00,2021-10-01 05:00:00-04:00,6,59.0,63.413570354582454,boost_5y_no_dew_pressure,True
2021-10-01 04:00:00+00:00,2021-10-01 10:00:00+00:00,2021-10-01 06:00:00-04:00,7,58.0,63.131838507582216,boost_5y_no_dew_pressure,True
2021-10-01 04:00:00+00:00,2021-10-01 11:00:00+00:00,2021-10-01 07:00:00-04:00,8,62.0,63.70478945052919,boost_5y_no_dew_pressure,True
2021-10-01 04:00:00+00:00,2021-10-01 12:00:00+00:00,2021-10-01 08:00:00-04:00,9,63.0,67.11536652936483,boost_5y_no_dew_pressure,True
2021-10-01 04:00:00+00:00,2021-10-01 13:00:00+00:00,2021-10-01 09:00:00-04:00,10,67.0,70.62340038418878,boost_5y_no_dew_pressure,True
2021-10-01 04:00:00+00:00,2021-10-01 14:00:00+00:00,2021-10-01 10:00:00-04:00,11,72.0,73.82050344849593,boost_5y_no_dew_pressure,True
2021-10-01 04:00:00+00:00,2021-10-01 15:00:00+00:00,2021-10-01 11:00:00-04:00,12,74.0,76.19746272668635,boost_5y_no_dew_pressure,True
2021-10-01 04:00:00+00:00,2021-10-01 16:00:00+00:00,2021-10-01 12:00:00-04:00,13,77.0,78.55384107204989,boost_5y_no_dew_pressure,True
2021-10-01 04:00:00+00:00,2021-10-01 17:00:00+00:00,2021-10-01 13:00:00-04:00,14,75.0,80.05225990774335,boost_5y_no_dew_pressure,True
2021-10-01 04:00:00+00:00,2021-10-01 18:00:00+00:00,2021-10-01 14:00:00-04:00,15,79.0,80.909700149263,boost_5y_no_dew_pressure,True
2021-10-01 04:00:00+00:00,2021-10-01 19:00:00+00:00,2021-10-01 15:00:00-04:00,16,78.0,81.12121932671019,boost_5y_no_dew_pressure,True
2021-10-01 04:00:00+00:00,2021-10-01 20:00:00+00:00,2021-10-01 16:00:00-04:00,17,79.0,80.61852243168882,boost_5y_no_dew_pressure,True
2021-10-01 04:00:00+00:00,2021-10-01 21:00:00+00:00,2021-10-01 17:00:00-04:00,18,79.0,78.85433105588636,boost_5y_no_dew_pressure,True
2021-10-01 04:00:00+00:00,2021-10-01 22:00:00+00:00,2021-10-01 18:00:00-04:00,19,73.0,74.42673192269966,boost_5y_no_dew_pressure,True
2021-10-01 04:00:00+00:00,2021-10-01 23:00:00+00:00,2021-10-01 19:00:00-04:00,20,71.0,71.20528328909685,boost_5y_no_dew_pressure,True
2021-10-01 04:00:00+00:00,2021-10-02 00:00:00+00:00,2021-10-01 20:00:00-04:00,21,66.0,69.47085820778345,boost_5y_no_dew_pressure,True
2021-10-01 04:00:00+00:00,2021-10-02 01:00:00+00:00,2021-10-01 21:00:00-04:00,22,64.0,68.25162459758593,boost_5y_no_dew_pressure,True
2021-10-01 04:00:00+00:00,2021-10-02 02:00:00+00:00,2021-10-01 22:00:00-04:00,23,67.0,67.48018274354399,boost_5y_no_dew_pressure,True
2021-10-01 04:00:00+00:00,2021-10-02 03:00:00+00:00,2021-10-01 23:00:00-04:00,24,63.0,67.1218976921754,boost_5y_no_dew_pressure,True
2021-10-01 04:00:00+00:00,2021-10-02 04:00:00+00:00,2021-10-02 00:00:00-04:00,25,61.0,66.87729514419664,boost_5y_no_dew_pressure,True
2021-10-01 04:00:00+00:00,2021-10-02 05:00:00+00:00,2021-10-02 01:00:00-04:00,26,60.0,65.8552227385123,boost_5y_no_dew_pressure,True
2021-10-01 04:00:00+00:00,2021-10-02 06:00:00+00:00,2021-10-02 02:00:00-04:00,27,61.0,65.28955908738226,boost_5y_no_dew_pressure,True
2021-10-01 04:00:00+00:00,2021-10-02 07:00:00+00:00,2021-10-02 03:00:00-04:00,28,61.0,64.60243394444772,boost_5y_no_dew_pressure,True
2021-10-01 04:00:00+00:00,2021-10-02 08:00:00+00:00,2021-10-02 04:00:00-04:00,29,61.0,64.28557454195337,boost_5y_no_dew_pressure,True
2021-10-01 04:00:00+00:00,2021-10-02 09:00:00+00:00,2021-10-02 05:00:00-04:00,30,60.0,63.60965324409581,boost_5y_no_dew_pressure,True
2021-10-01 04:00:00+00:00,2021-10-02 10:00:00+00:00,2021-10-02 06:00:00-04:00,31,59.0,63.07867425145889,boost_5y_no_dew_pressure,True
2021-10-01 04:00:00+00:00,2021-10-02 11:00:00+00:00,2021-10-02 07:00:00-04:00,32,61.0,63.897346072352974,boost_5y_no_dew_pressure,True
2021-10-01 04:00:00+00:00,2021-10-02 12:00:00+00:00,2021-10-02 08:00:00-04:00,33,65.0,67.3839434250804,boost_5y_no_dew_pressure,True
2021-10-01 04:00:00+00:00,2021-10-02 13:00:00+00:00,2021-10-02 09:00:00-04:00,34,71.0,72.35616342248498,boost_5y_no_dew_pressure,True
2021-10-01 04:00:00+00:00,2021-10-02 14:00:00+00:00,2021-10-02 10:00:00-04:00,35,76.0,75.51434544716973,boost_5y_no_dew_pressure,True
2021-10-01 04:00:00+00:00,2021-10-02 15:00:00+00:00,2021-10-02 11:00:00-04:00,36,80.0,78.15795787549143,boost_5y_no_dew_pressure,True
2021-10-01 04:00:00+00:00,2021-10-02 16:00:00+00:00,2021-10-02 12:00:00-04:00,37,81.0,80.38801074505919,boost_5y_no_dew_pressure,True
2021-10-01 04:00:00+00:00,2021-10-02 17:00:00+00:00,2021-10-02 13:00:00-04:00,38,83.0,81.77967723087136,boost_5y_no_dew_pressure,True
2021-10-01 04:00:00+00:00,2021-10-02 18:00:00+00:00,2021-10-02 14:00:00-04:00,39,84.0,82.87921956538817,boost_5y_no_dew_pressure,True
2021-10-01 04:00:00+00:00,2021-10-02 19:00:00+00:00,2021-10-02 15:00:00-04:00,40,84.0,82.98838678624269,boost_5y_no_dew_pressure,True
2021-10-01 04:00:00+00:00,2021-10-02 20:00:00+00:00,2021-10-02 16:00:00-04:00,41,83.0,82.43141811889124,boost_5y_no_dew_pressure,True
2021-10-01 04:00:00+00:00,2021-10-02 21:00:00+00:00,2021-10-02 17:00:00-04:00,42,80.0,80.65889590827987,boost_5y_no_dew_pressure,True
2021-10-01 04:00:00+00:00,2021-10-02 22:00:00+00:00,2021-10-02 18:00:00-04:00,43,74.0,76.4438116937857,boost_5y_no_dew_pressure,True
2021-10-01 04:00:00+00:00,2021-10-02 23:00:00+00:00,2021-10-02 19:00:00-04:00,44,73.0,73.16189834872942,boost_5y_no_dew_pressure,True
2021-10-01 04:00:00+00:00,2021-10-03 00:00:00+00:00,2021-10-02 20:00:00-04:00,45,72.0,71.46823986220328,boost_5y_no_dew_pressure,True
2021-10-01 04:00:00+00:00,2021-10-03 01:00:00+00:00,2021-10-02 21:00:00-04:00,46,70.0,69.12919602840013,boost_5y_no_dew_pressure,True
2021-10-01 04:00:00+00:00,2021-10-03 02:00:00+00:00,2021-10-02 22:00:00-04:00,47,69.0,68.36479834534354,boost_5y_no_dew_pressure,True
2021-10-01 04:00:00+00:00,2021-10-03 03:00:00+00:00,2021-10-02 23:00:00-04:00,48,69.0,67.60580666697709,boost_5y_no_dew_pressure,True
2021-10-01 04:00:00+00:00,2021-10-03 04:00:00+00:00,2021-10-03 00:00:00-04:00,49,67.0,68.28434886551095,boost_5y_no_dew_pressure,True
2021-10-01 04:00:00+00:00,2021-10-03 05:00:00+00:00,2021-10-03 01:00:00-04:00,50,65.0,67.2692409428434,boost_5y_no_dew_pressure,True
2021-10-01 04:00:00+00:00,2021-10-03 06:00:00+00:00,2021-10-03 02:00:00-04:00,51,65.0,66.67316985458532,boost_5y_no_dew_pressure,True
2021-10-01 04:00:00+00:00,2021-10-03 07:00:00+00:00,2021-10-03 03:00:00-04:00,52,64.0,65.86127569584433,boost_5y_no_dew_pressure,True
2021-10-01 04:00:00+00:00,2021-10-03 08:00:00+00:00,2021-10-03 04:00:00-04:00,53,63.0,65.54767380363502,boost_5y_no_dew_pressure,True
2021-10-01 04:00:00+00:00,2021-10-03 09:00:00+00:00,2021-10-03 05:00:00-04:00,54,63.0,64.87342341521351,boost_5y_no_dew_pressure,True
2021-10-01 04:00:00+00:00,2021-10-03 10:00:00+00:00,2021-10-03 06:00:00-04:00,55,63.0,64.31659686468828,boost_5y_no_dew_pressure,True
2021-10-01 04:00:00+00:00,2021-10-03 11:00:00+00:00,2021-10-03 07:00:00-04:00,56,64.0,65.02748876116864,boost_5y_no_dew_pressure,True
2021-10-01 04:00:00+00:00,2021-10-03 12:00:00+00:00,2021-10-03 08:00:00-04:00,57,69.0,68.42180559187176,boost_5y_no_dew_pressure,True
2021-10-01 04:00:00+00:00,2021-10-03 13:00:00+00:00,2021-10-03 09:00:00-04:00,58,73.0,72.00190621888255,boost_5y_no_dew_pressure,True
2021-10-01 04:00:00+00:00,2021-10-03 14:00:00+00:00,2021-10-03 10:00:00-04:00,59,76.0,75.42851521791863,boost_5y_no_dew_pressure,True
2021-10-01 04:00:00+00:00,2021-10-03 15:00:00+00:00,2021-10-03 11:00:00-04:00,60,80.0,77.67449644436554,boost_5y_no_dew_pressure,True
2021-10-01 04:00:00+00:00,2021-10-03 16:00:00+00:00,2021-10-03 12:00:00-04:00,61,82.0,79.7684040905791,boost_5y_no_dew_pressure,True
2021-10-01 04:00:00+00:00,2021-10-03 17:00:00+00:00,2021-10-03 13:00:00-04:00,62,84.0,81.22080688955253,boost_5y_no_dew_pressure,True
2021-10-01 04:00:00+00:00,2021-10-03 18:00:00+00:00,2021-10-03 14:00:00-04:00,63,86.0,81.28074156790846,boost_5y_no_dew_pressure,True
2021-10-01 04:00:00+00:00,2021-10-03 19:00:00+00:00,2021-10-03 15:00:00-04:00,64,84.0,81.44315135693927,boost_5y_no_dew_pressure,True
2021-10-01 04:00:00+00:00,2021-10-03 20:00:00+00:00,2021-10-03 16:00:00-04:00,65,84.0,80.93079516220898,boost_5y_no_dew_pressure,True
2021-10-01 04:00:00+00:00,2021-10-03 21:00:00+00:00,2021-10-03 17:00:00-04:00,66,82.0,79.22560887413425,boost_5y_no_dew_pressure,True
2021-10-01 04:00:00+00:00,2021-10-03 22:00:00+00:00,2021-10-03 18:00:00-04:00,67,76.0,75.01606009080079,boost_5y_no_dew_pressure,True
2021-10-01 04:00:00+00:00,2021-10-03 23:00:00+00:00,2021-10-03 19:00:00-04:00,68,74.0,71.75252545181668,boost_5y_no_dew_pressure,True
2021-10-01 04:00:00+00:00,2021-10-04 00:00:00+00:00,2021-10-03 20:00:00-04:00,69,73.0,69.91981752859826,boost_5y_no_dew_pressure,True
2021-10-01 04:00:00+00:00,2021-10-04 01:00:00+00:00,2021-10-03 21:00:00-04:00,70,73.0,68.67796003402248,boost_5y_no_dew_pressure,True
2021-10-01 04:00:00+00:00,2021-10-04 02:00:00+00:00,2021-10-03 22:00:00-04:00,71,72.0,68.100552256533,boost_5y_no_dew_pressure,True
2021-10-01 04:00:00+00:00,2021-10-04 03:00:00+00:00,2021-10-03 23:00:00-04:00,72,72.0,67.68451926686015,boost_5y_no_dew_pressure,True
2021-10-01 04:00:00+00:00,2021-10-04 04:00:00+00:00,2021-10-04 00:00:00-04:00,73,70.0,67.18183076688457,boost_5y_no_dew_pressure,True
2021-10-01 04:00:00+00:00,2021-10-04 05:00:00+00:00,2021-10-04 01:00:00-04:00,74,69.0,66.17384310477468,boost_5y_no_dew_pressure,True
2021-10-01 04:00:00+00:00,2021-10-04 06:00:00+00:00,2021-10-04 02:00:00-04:00,75,68.0,65.63118456778534,boost_5y_no_dew_pressure,True
2021-10-01 04:00:00+00:00,2021-10-04 07:00:00+00:00,2021-10-04 03:00:00-04:00,76,67.0,64.83198487763127,boost_5y_no_dew_pressure,True
2021-10-01 04:00:00+00:00,2021-10-04 08:00:00+00:00,2021-10-04 04:00:00-04:00,77,68.0,64.53532701498378,boost_5y_no_dew_pressure,True
2021-10-01 04:00:00+00:00,2021-10-04 09:00:00+00:00,2021-10-04 05:00:00-04:00,78,68.0,63.89591445059787,boost_5y_no_dew_pressure,True
2021-10-01 04:00:00+00:00,2021-10-04 10:00:00+00:00,2021-10-04 06:00:00-04:00,79,68.0,63.379582763274605,boost_5y_no_dew_pressure,True
2021-10-01 04:00:00+00:00,2021-10-04 11:00:00+00:00,2021-10-04 07:00:00-04:00,80,69.0,64.21579015538995,boost_5y_no_dew_pressure,True
2021-10-01 04:00:00+00:00,2021-10-04 12:00:00+00:00,2021-10-04 08:00:00-04:00,81,70.0,67.58033665044157,boost_5y_no_dew_pressure,True
2021-10-01 04:00:00+00:00,2021-10-04 13:00:00+00:00,2021-10-04 09:00:00-04:00,82,72.0,71.0942253696391,boost_5y_no_dew_pressure,True
2021-10-01 04:00:00+00:00,2021-10-04 14:00:00+00:00,2021-10-04 10:00:00-04:00,83,79.0,74.42783898366433,boost_5y_no_dew_pressure,True
2021-10-01 04:00:00+00:00,2021-10-04 15:00:00+00:00,2021-10-04 11:00:00-04:00,84,82.0,76.75781880577708,boost_5y_no_dew_pressure,True
2021-10-01 04:00:00+00:00,2021-10-04 16:00:00+00:00,2021-10-04 12:00:00-04:00,85,82.0,78.78391742022846,boost_5y_no_dew_pressure,True
2021-10-01 04:00:00+00:00,2021-10-04 17:00:00+00:00,2021-10-04 13:00:00-04:00,86,83.0,80.20637634334433,boost_5y_no_dew_pressure,True
2021-10-01 04:00:00+00:00,2021-10-04 18:00:00+00:00,2021-10-04 14:00:00-04:00,87,84.0,80.63320418477332,boost_5y_no_dew_pressure,True
2021-10-01 04:00:00+00:00,2021-10-04 19:00:00+00:00,2021-10-04 15:00:00-04:00,88,80.0,80.78293384385316,boost_5y_no_dew_pressure,True
2021-10-01 04:00:00+00:00,2021-10-04 20:00:00+00:00,2021-10-04 16:00:00-04:00,89,72.0,80.15176544643992,boost_5y_no_dew_pressure,True
2021-10-01 04:00:00+00:00,2021-10-04 21:00:00+00:00,2021-10-04 17:00:00-04:00,90,72.0,78.41149600412933,boost_5y_no_dew_pressure,True
2021-10-01 04:00:00+00:00,2021-10-04 22:00:00+00:00,2021-10-04 18:00:00-04:00,91,72.0,74.2333582498189,boost_5y_no_dew_pressure,True
2021-10-01 04:00:00+00:00,2021-10-04 23:00:00+00:00,2021-10-04 19:00:00-04:00,92,66.0,70.9621641889832,boost_5y_no_dew_pressure,True
2021-10-01 04:00:00+00:00,2021-10-05 00:00:00+00:00,2021-10-04 20:00:00-04:00,93,66.0,69.38374867716934,boost_5y_no_dew_pressure,True
2021-10-01 04:00:00+00:00,2021-10-05 01:00:00+00:00,2021-10-04 21:00:00-04:00,94,66.0,68.20407554556894,boost_5y_no_dew_pressure,True
2021-10-01 04:00:00+00:00,2021-10-05 02:00:00+00:00,2021-10-04 22:00:00-04:00,95,67.0,67.55323553233465,boost_5y_no_dew_pressure,True
2021-10-01 04:00:00+00:00,2021-10-05 03:00:00+00:00,2021-10-04 23:00:00-04:00,96,68.0,67.17934679517504,boost_5y_no_dew_pressure,True
2021-10-01 04:00:00+00:00,2021-10-05 04:00:00+00:00,2021-10-05 00:00:00-04:00,97,67.0,66.17017751985473,boost_5y_no_dew_pressure,True
2021-10-01 04:00:00+00:00,2021-10-05 05:00:00+00:00,2021-10-05 01:00:00-04:00,98,67.0,65.20880035754672,boost_5y_no_dew_pressure,True
2021-10-01 04:00:00+00:00,2021-10-05 06:00:00+00:00,2021-10-05 02:00:00-04:00,99,66.0,64.70715326455795,boost_5y_no_dew_pressure,True
2021-10-01 04:00:00+00:00,2021-10-05 07:00:00+00:00,2021-10-05 03:00:00-04:00,100,68.0,63.96729707177746,boost_5y_no_dew_pressure,True
2021-10-01 04:00:00+00:00,2021-10-05 08:00:00+00:00,2021-10-05 04:00:00-04:00,101,68.0,63.638485558577784,boost_5y_no_dew_pressure,True
2021-10-01 04:00:00+00:00,2021-10-05 09:00:00+00:00,2021-10-05 05:00:00-04:00,102,68.0,63.04736015421672,boost_5y_no_dew_pressure,True
2021-10-01 04:00:00+00:00,2021-10-05 10:00:00+00:00,2021-10-05 06:00:00-04:00,103,69.0,62.69127829160098,boost_5y_no_dew_pressure,True
2021-10-01 04:00:00+00:00,2021-10-05 11:00:00+00:00,2021-10-05 07:00:00-04:00,104,70.0,63.33610193790472,boost_5y_no_dew_pressure,True
2021-10-01 04:00:00+00:00,2021-10-05 12:00:00+00:00,2021-10-05 08:00:00-04:00,105,72.0,66.5632703541391,boost_5y_no_dew_pressure,True
2021-10-01 04:00:00+00:00,2021-10-05 13:00:00+00:00,2021-10-05 09:00:00-04:00,106,74.0,69.93449613315624,boost_5y_no_dew_pressure,True
2021-10-01 04:00:00+00:00,2021-10-05 14:00:00+00:00,2021-10-05 10:00:00-04:00,107,78.0,73.18115934855918,boost_5y_no_dew_pressure,True
2021-10-01 04:00:00+00:00,2021-10-05 15:00:00+00:00,2021-10-05 11:00:00-04:00,108,82.0,75.49552935056722,boost_5y_no_dew_pressure,True
2021-10-01 04:00:00+00:00,2021-10-05 16:00:00+00:00,2021-10-05 12:00:00-04:00,109,82.0,77.3624523364763,boost_5y_no_dew_pressure,True
2021-10-01 04:00:00+00:00,2021-10-05 17:00:00+00:00,2021-10-05 13:00:00-04:00,110,85.0,78.71598066789302,boost_5y_no_dew_pressure,True
2021-10-01 04:00:00+00:00,2021-10-05 18:00:00+00:00,2021-10-05 14:00:00-04:00,111,85.0,79.18517609619576,boost_5y_no_dew_pressure,True
2021-10-01 04:00:00+00:00,2021-10-05 19:00:00+00:00,2021-10-05 15:00:00-04:00,112,82.0,79.30279378220911,boost_5y_no_dew_pressure,True
2021-10-01 04:00:00+00:00,2021-10-05 20:00:00+00:00,2021-10-05 16:00:00-04:00,113,82.0,78.76525308520816,boost_5y_no_dew_pressure,True
2021-10-01 04:00:00+00:00,2021-10-05 21:00:00+00:00,2021-10-05 17:00:00-04:00,114,79.0,77.01761189715178,boost_5y_no_dew_pressure,True
2021-10-01 04:00:00+00:00,2021-10-05 22:00:00+00:00,2021-10-05 18:00:00-04:00,115,74.0,73.00553113939638,boost_5y_no_dew_pressure,True
2021-10-01 04:00:00+00:00,2021-10-05 23:00:00+00:00,2021-10-05 19:00:00-04:00,116,72.0,69.97783738227038,boost_5y_no_dew_pressure,True
2021-10-01 04:00:00+00:00,2021-10-06 00:00:00+00:00,2021-10-05 20:00:00-04:00,117,72.0,68.53989248476168,boost_5y_no_dew_pressure,True
2021-10-01 04:00:00+00:00,2021-10-06 01:00:00+00:00,2021-10-05 21:00:00-04:00,118,72.0,67.42780631348452,boost_5y_no_dew_pressure,True
2021-10-01 04:00:00+00:00,2021-10-06 02:00:00+00:00,2021-10-05 22:00:00-04:00,119,70.0,66.85791882948284,boost_5y_no_dew_pressure,True
2021-10-01 04:00:00+00:00,2021-10-06 03:00:00+00:00,2021-10-05 23:00:00-04:00,120,70.0,66.27742041887898,boost_5y_no_dew_pressure,True
2021-10-01 04:00:00+00:00,2021-10-06 04:00:00+00:00,2021-10-06 00:00:00-04:00,121,70.0,65.75857801380582,boost_5y_no_dew_pressure,True
2021-10-01 04:00:00+00:00,2021-10-06 05:00:00+00:00,2021-10-06 01:00:00-04:00,122,69.0,64.82657604019991,boost_5y_no_dew_pressure,True
2021-10-01 04:00:00+00:00,2021-10-06 06:00:00+00:00,2021-10-06 02:00:00-04:00,123,68.0,64.2733573912719,boost_5y_no_dew_pressure,True
2021-10-01 04:00:00+00:00,2021-10-06 07:00:00+00:00,2021-10-06 03:00:00-04:00,124,68.0,63.50556102567356,boost_5y_no_dew_pressure,True
2021-10-01 04:00:00+00:00,2021-10-06 08:00:00+00:00,2021-10-06 04:00:00-04:00,125,69.0,63.21866119539931,boost_5y_no_dew_pressure,True
2021-10-01 04:00:00+00:00,2021-10-06 09:00:00+00:00,2021-10-06 05:00:00-04:00,126,68.0,62.74423360120667,boost_5y_no_dew_pressure,True
2021-10-01 04:00:00+00:00,2021-10-06 10:00:00+00:00,2021-10-06 06:00:00-04:00,127,68.0,62.4633449916836,boost_5y_no_dew_pressure,True
2021-10-01 04:00:00+00:00,2021-10-06 11:00:00+00:00,2021-10-06 07:00:00-04:00,128,69.0,62.9485707606007,boost_5y_no_dew_pressure,True
2021-10-01 04:00:00+00:00,2021-10-06 12:00:00+00:00,2021-10-06 08:00:00-04:00,129,70.0,66.00064346573618,boost_5y_no_dew_pressure,True
2021-10-01 04:00:00+00:00,2021-10-06 13:00:00+00:00,2021-10-06 09:00:00-04:00,130,73.0,69.16509851057408,boost_5y_no_dew_pressure,True
2021-10-01 04:00:00+00:00,2021-10-06 14:00:00+00:00,2021-10-06 10:00:00-04:00,131,76.0,72.3310413891968,boost_5y_no_dew_pressure,True
2021-10-01 04:00:00+00:00,2021-10-06 15:00:00+00:00,2021-10-06 11:00:00-04:00,132,78.0,74.57819959223411,boost_5y_no_dew_pressure,True
2021-10-01 04:00:00+00:00,2021-10-06 16:00:00+00:00,2021-10-06 12:00:00-04:00,133,78.0,76.23266450994257,boost_5y_no_dew_pressure,True
2021-10-01 04:00:00+00:00,2021-10-06 17:00:00+00:00,2021-10-06 13:00:00-04:00,134,81.0,77.77020954016399,boost_5y_no_dew_pressure,True
2021-10-01 04:00:00+00:00,2021-10-06 18:00:00+00:00,2021-10-06 14:00:00-04:00,135,79.0,78.24427760840139,boost_5y_no_dew_pressure,True
2021-10-01 04:00:00+00:00,2021-10-06 19:00:00+00:00,2021-10-06 15:00:00-04:00,136,82.0,78.3721734960684,boost_5y_no_dew_pressure,True
2021-10-01 04:00:00+00:00,2021-10-06 20:00:00+00:00,2021-10-06 16:00:00-04:00,137,82.0,77.88735712619938,boost_5y_no_dew_pressure,True
2021-10-01 04:00:00+00:00,2021-10-06 21:00:00+00:00,2021-10-06 17:00:00-04:00,138,80.0,76.0267283636142,boost_5y_no_dew_pressure,True
2021-10-01 04:00:00+00:00,2021-10-06 22:00:00+00:00,2021-10-06 18:00:00-04:00,139,74.0,72.19346142363443,boost_5y_no_dew_pressure,True
2021-10-01 04:00:00+00:00,2021-10-06 23:00:00+00:00,2021-10-06 19:00:00-04:00,140,72.0,69.19447482600923,boost_5y_no_dew_pressure,True
2021-10-01 04:00:00+00:00,2021-10-07 00:00:00+00:00,2021-10-06 20:00:00-04:00,141,73.0,67.818345927244,boost_5y_no_dew_pressure,True
2021-10-01 04:00:00+00:00,2021-10-07 01:00:00+00:00,2021-10-06 21:00:00-04:00,142,72.0,66.76174877345787,boost_5y_no_dew_pressure,True
2021-10-01 04:00:00+00:00,2021-10-07 02:00:00+00:00,2021-10-06 22:00:00-04:00,143,73.0,66.0463214578824,boost_5y_no_dew_pressure,True
2021-10-01 04:00:00+00:00,2021-10-07 03:00:00+00:00,2021-10-06 23:00:00-04:00,144,71.0,65.50702094913808,boost_5y_no_dew_pressure,True
2021-10-01 04:00:00+00:00,2021-10-07 04:00:00+00:00,2021-10-07 00:00:00-04:00,145,70.0,65.00307006961461,boost_5y_no_dew_pressure,True
2021-10-01 04:00:00+00:00,2021-10-07 05:00:00+00:00,2021-10-07 01:00:00-04:00,146,70.0,64.19897743881853,boost_5y_no_dew_pressure,True
2021-10-01 04:00:00+00:00,2021-10-07 06:00:00+00:00,2021-10-07 02:00:00-04:00,147,70.0,63.60769627258238,boost_5y_no_dew_pressure,True
2021-10-01 04:00:00+00:00,2021-10-07 07:00:00+00:00,2021-10-07 03:00:00-04:00,148,69.0,62.90976281453833,boost_5y_no_dew_pressure,True
2021-10-01 04:00:00+00:00,2021-10-07 08:00:00+00:00,2021-10-07 04:00:00-04:00,149,68.0,62.638580009413396,boost_5y_no_dew_pressure,True
2021-10-01 04:00:00+00:00,2021-10-07 09:00:00+00:00,2021-10-07 05:00:00-04:00,150,68.0,62.296325304641506,boost_5y_no_dew_pressure,True
2021-10-01 04:00:00+00:00,2021-10-07 10:00:00+00:00,2021-10-07 06:00:00-04:00,151,68.0,61.87344615587506,boost_5y_no_dew_pressure,True
2021-10-01 04:00:00+00:00,2021-10-07 11:00:00+00:00,2021-10-07 07:00:00-04:00,152,68.0,62.348232321973896,boost_5y_no_dew_pressure,True
2021-10-01 04:00:00+00:00,2021-10-07 12:00:00+00:00,2021-10-07 08:00:00-04:00,153,68.0,65.28542112961884,boost_5y_no_dew_pressure,True
2021-10-01 04:00:00+00:00,2021-10-07 13:00:00+00:00,2021-10-07 09:00:00-04:00,154,69.0,68.38469288819282,boost_5y_no_dew_pressure,True
2021-10-01 04:00:00+00:00,2021-10-07 14:00:00+00:00,2021-10-07 10:00:00-04:00,155,70.0,71.56466185668603,boost_5y_no_dew_pressure,True
2021-10-01 04:00:00+00:00,2021-10-07 15:00:00+00:00,2021-10-07 11:00:00-04:00,156,72.0,73.82583907968797,boost_5y_no_dew_pressure,True
2021-10-01 04:00:00+00:00,2021-10-07 16:00:00+00:00,2021-10-07 12:00:00-04:00,157,76.0,75.48312454397234,boost_5y_no_dew_pressure,True
2021-10-01 04:00:00+00:00,2021-10-07 17:00:00+00:00,2021-10-07 13:00:00-04:00,158,76.0,77.07361757899146,boost_5y_no_dew_pressure,True
2021-10-01 04:00:00+00:00,2021-10-07 18:00:00+00:00,2021-10-07 14:00:00-04:00,159,76.0,77.65313613234538,boost_5y_no_dew_pressure,True
2021-10-01 04:00:00+00:00,2021-10-07 19:00:00+00:00,2021-10-07 15:00:00-04:00,160,76.0,77.86185037793832,boost_5y_no_dew_pressure,True
2021-10-01 04:00:00+00:00,2021-10-07 20:00:00+00:00,2021-10-07 16:00:00-04:00,161,76.0,77.47270293979847,boost_5y_no_dew_pressure,True
2021-10-01 04:00:00+00:00,2021-10-07 21:00:00+00:00,2021-10-07 17:00:00-04:00,162,74.0,75.6403450742079,boost_5y_no_dew_pressure,True
2021-10-01 04:00:00+00:00,2021-10-07 22:00:00+00:00,2021-10-07 18:00:00-04:00,163,72.0,71.5626144779521,boost_5y_no_dew_pressure,True
2021-10-01 04:00:00+00:00,2021-10-07 23:00:00+00:00,2021-10-07 19:00:00-04:00,164,71.0,68.63939436543497,boost_5y_no_dew_pressure,True
2021-10-01 04:00:00+00:00,2021-10-08 00:00:00+00:00,2021-10-07 20:00:00-04:00,165,70.0,67.14034807940234,boost_5y_no_dew_pressure,True
2021-10-01 04:00:00+00:00,2021-10-08 01:00:00+00:00,2021-10-07 21:00:00-04:00,166,70.0,66.03686872966209,boost_5y_no_dew_pressure,True
2021-10-01 04:00:00+00:00,2021-10-08 02:00:00+00:00,2021-10-07 22:00:00-04:00,167,69.0,65.33665710687147,boost_5y_no_dew_pressure,True
2021-10-01 04:00:00+00:00,2021-10-08 03:00:00+00:00,2021-10-07 23:00:00-04:00,168,66.0,64.75458597070988,boost_5y_no_dew_pressure,True
2021-10-01 04:00:00+00:00,2021-10-08 04:00:00+00:00,2021-10-08 00:00:00-04:00,169,67.0,63.96735130403721,boost_5y_no_dew_pressure,True
2021-10-01 04:00:00+00:00,2021-10-08 05:00:00+00:00,2021-10-08 01:00:00-04:00,170,68.0,63.220998326269324,boost_5y_no_dew_pressure,True
2021-10-01 04:00:00+00:00,2021-10-08 06:00:00+00:00,2021-10-08 02:00:00-04:00,171,68.0,62.747665439145855,boost_5y_no_dew_pressure,True
2021-10-01 04:00:00+00:00,2021-10-08 07:00:00+00:00,2021-10-08 03:00:00-04:00,172,67.0,62.14899324942376,boost_5y_no_dew_pressure,True
2021-10-01 04:00:00+00:00,2021-10-08 08:00:00+00:00,2021-10-08 04:00:00-04:00,173,67.0,61.82758752905189,boost_5y_no_dew_pressure,True
2021-10-01 04:00:00+00:00,2021-10-08 09:00:00+00:00,2021-10-08 05:00:00-04:00,174,67.0,61.35911442710574,boost_5y_no_dew_pressure,True
2021-10-01 04:00:00+00:00,2021-10-08 10:00:00+00:00,2021-10-08 06:00:00-04:00,175,67.0,60.91867237030591,boost_5y_no_dew_pressure,True
2021-10-01 04:00:00+00:00,2021-10-08 11:00:00+00:00,2021-10-08 07:00:00-04:00,176,67.0,61.33691478364915,boost_5y_no_dew_pressure,True
2021-10-01 04:00:00+00:00,2021-10-08 12:00:00+00:00,2021-10-08 08:00:00-04:00,177,68.0,64.42252176516548,boost_5y_no_dew_pressure,True
2021-10-01 04:00:00+00:00,2021-10-08 13:00:00+00:00,2021-10-08 09:00:00-04:00,178,69.0,67.54556418925847,boost_5y_no_dew_pressure,True
2021-10-01 04:00:00+00:00,2021-10-08 14:00:00+00:00,2021-10-08 10:00:00-04:00,179,71.0,70.7705047297569,boost_5y_no_dew_pressure,True
2021-10-01 04:00:00+00:00,2021-10-08 15:00:00+00:00,2021-10-08 11:00:00-04:00,180,73.0,73.14366094546335,boost_5y_no_dew_pressure,True
2021-10-01 04:00:00+00:00,2021-10-08 16:00:00+00:00,2021-10-08 12:00:00-04:00,181,73.0,74.81509467969174,boost_5y_no_dew_pressure,True
2021-10-01 04:00:00+00:00,2021-10-08 17:00:00+00:00,2021-10-08 13:00:00-04:00,182,74.0,76.44897516885592,boost_5y_no_dew_pressure,True
2021-10-01 04:00:00+00:00,2021-10-08 18:00:00+00:00,2021-10-08 14:00:00-04:00,183,73.0,77.04369067393121,boost_5y_no_dew_pressure,True
2021-10-01 04:00:00+00:00,2021-10-08 19:00:00+00:00,2021-10-08 15:00:00-04:00,184,75.0,77.25575489360891,boost_5y_no_dew_pressure,True
2021-10-01 04:00:00+00:00,2021-10-08 20:00:00+00:00,2021-10-08 16:00:00-04:00,185,74.0,76.8978936998395,boost_5y_no_dew_pressure,True
2021-10-01 04:00:00+00:00,2021-10-08 21:00:00+00:00,2021-10-08 17:00:00-04:00,186,73.0,75.09379604241482,boost_5y_no_dew_pressure,True
2021-10-01 04:00:00+00:00,2021-10-08 22:00:00+00:00,2021-10-08 18:00:00-04:00,187,72.0,70.99692345019355,boost_5y_no_dew_pressure,True
2021-10-01 04:00:00+00:00,2021-10-08 23:00:00+00:00,2021-10-08 19:00:00-04:00,188,71.0,68.25972892354358,boost_5y_no_dew_pressure,True
2021-10-01 04:00:00+00:00,2021-10-09 00:00:00+00:00,2021-10-08 20:00:00-04:00,189,70.0,66.8020898506623,boost_5y_no_dew_pressure,True
2021-10-01 04:00:00+00:00,2021-10-09 01:00:00+00:00,2021-10-08 21:00:00-04:00,190,70.0,65.65357372312505,boost_5y_no_dew_pressure,True
2021-10-01 04:00:00+00:00,2021-10-09 02:00:00+00:00,2021-10-08 22:00:00-04:00,191,70.0,65.02484665826891,boost_5y_no_dew_pressure,True
2021-10-01 04:00:00+00:00,2021-10-09 03:00:00+00:00,2021-10-08 23:00:00-04:00,192,69.0,64.47086474378725,boost_5y_no_dew_pressure,True
2021-10-01 04:00:00+00:00,2021-10-09 04:00:00+00:00,2021-10-09 00:00:00-04:00,193,67.0,63.554659507507516,boost_5y_no_dew_pressure,True
2021-10-01 04:00:00+00:00,2021-10-09 05:00:00+00:00,2021-10-09 01:00:00-04:00,194,66.0,63.0175152832333,boost_5y_no_dew_pressure,True
2021-10-01 04:00:00+00:00,2021-10-09 06:00:00+00:00,2021-10-09 02:00:00-04:00,195,66.0,62.52118178699192,boost_5y_no_dew_pressure,True
2021-10-01 04:00:00+00:00,2021-10-09 07:00:00+00:00,2021-10-09 03:00:00-04:00,196,64.0,61.90610768574953,boost_5y_no_dew_pressure,True
2021-10-01 04:00:00+00:00,2021-10-09 08:00:00+00:00,2021-10-09 04:00:00-04:00,197,64.0,61.65224477646541,boost_5y_no_dew_pressure,True
2021-10-01 04:00:00+00:00,2021-10-09 09:00:00+00:00,2021-10-09 05:00:00-04:00,198,64.0,61.2237457524212,boost_5y_no_dew_pressure,True
2021-10-01 04:00:00+00:00,2021-10-09 10:00:00+00:00,2021-10-09 06:00:00-04:00,199,63.0,60.80928601411092,boost_5y_no_dew_pressure,True
2021-10-01 04:00:00+00:00,2021-10-09 11:00:00+00:00,2021-10-09 07:00:00-04:00,200,64.0,61.156492460276375,boost_5y_no_dew_pressure,True
2021-10-01 04:00:00+00:00,2021-10-09 12:00:00+00:00,2021-10-09 08:00:00-04:00,201,65.0,64.12317702177883,boost_5y_no_dew_pressure,True
2021-10-01 04:00:00+00:00,2021-10-09 13:00:00+00:00,2021-10-09 09:00:00-04:00,202,66.0,67.05899936912985,boost_5y_no_dew_pressure,True
2021-10-01 04:00:00+00:00,2021-10-09 14:00:00+00:00,2021-10-09 10:00:00-04:00,203,66.0,70.24026634377776,boost_5y_no_dew_pressure,True
2021-10-01 04:00:00+00:00,2021-10-09 15:00:00+00:00,2021-10-09 11:00:00-04:00,204,66.0,72.47997675598783,boost_5y_no_dew_pressure,True
2021-10-01 04:00:00+00:00,2021-10-09 16:00:00+00:00,2021-10-09 12:00:00-04:00,205,67.0,74.13212210721652,boost_5y_no_dew_pressure,True
2021-10-01 04:00:00+00:00,2021-10-09 17:00:00+00:00,2021-10-09 13:00:00-04:00,206,67.0,75.57174399779895,boost_5y_no_dew_pressure,True
2021-10-01 04:00:00+00:00,2021-10-09 18:00:00+00:00,2021-10-09 14:00:00-04:00,207,67.0,76.29881519159605,boost_5y_no_dew_pressure,True
2021-10-01 04:00:00+00:00,2021-10-09 19:00:00+00:00,2021-10-09 15:00:00-04:00,208,67.0,76.44419427058621,boost_5y_no_dew_pressure,True
2021-10-01 04:00:00+00:00,2021-10-09 20:00:00+00:00,2021-10-09 16:00:00-04:00,209,67.0,76.14786060440704,boost_5y_no_dew_pressure,True
2021-10-01 04:00:00+00:00,2021-10-09 21:00:00+00:00,2021-10-09 17:00:00-04:00,210,67.0,74.46710414366125,boost_5y_no_dew_pressure,True
2021-10-01 04:00:00+00:00,2021-10-09 22:00:00+00:00,2021-10-09 18:00:00-04:00,211,66.0,70.37174182004793,boost_5y_no_dew_pressure,True
2021-10-01 04:00:00+00:00,2021-10-09 23:00:00+00:00,2021-10-09 19:00:00-04:00,212,66.0,67.7581512103831,boost_5y_no_dew_pressure,True
2021-10-01 04:00:00+00:00,2021-10-10 00:00:00+00:00,2021-10-09 20:00:00-04:00,213,66.0,66.3541724265854,boost_5y_no_dew_pressure,True
2021-10-01 04:00:00+00:00,2021-10-10 01:00:00+00:00,2021-10-09 21:00:00-04:00,214,65.0,65.16279602524124,boost_5y_no_dew_pressure,True
2021-10-01 04:00:00+00:00,2021-10-10 02:00:00+00:00,2021-10-09 22:00:00-04:00,215,65.0,64.53249765613333,boost_5y_no_dew_pressure,True
2021-10-01 04:00:00+00:00,2021-10-10 03:00:00+00:00,2021-10-09 23:00:00-04:00,216,64.0,63.96757814423839,boost_5y_no_dew_pressure,True
2021-10-01 04:00:00+00:00,2021-10-10 04:00:00+00:00,2021-10-10 00:00:00-04:00,217,64.0,63.06572201164099,boost_5y_no_dew_pressure,True
2021-10-01 04:00:00+00:00,2021-10-10 05:00:00+00:00,2021-10-10 01:00:00-04:00,218,64.0,62.54335274119664,boost_5y_no_dew_pressure,True
2021-10-01 04:00:00+00:00,2021-10-10 06:00:00+00:00,2021-10-10 02:00:00-04:00,219,65.0,62.116548552855804,boost_5y_no_dew_pressure,True
2021-10-01 04:00:00+00:00,2021-10-10 07:00:00+00:00,2021-10-10 03:00:00-04:00,220,65.0,61.557033023046266,boost_5y_no_dew_pressure,True
2021-10-01 04:00:00+00:00,2021-10-10 08:00:00+00:00,2021-10-10 04:00:00-04:00,221,64.0,61.165951165237935,boost_5y_no_dew_pressure,True
2021-10-01 04:00:00+00:00,2021-10-10 09:00:00+00:00,2021-10-10 05:00:00-04:00,222,64.0,60.7668543479998,boost_5y_no_dew_pressure,True
2021-10-01 04:00:00+00:00,2021-10-10 10:00:00+00:00,2021-10-10 06:00:00-04:00,223,64.0,60.39367822919435,boost_5y_no_dew_pressure,True
2021-10-01 04:00:00+00:00,2021-10-10 11:00:00+00:00,2021-10-10 07:00:00-04:00,224,65.0,60.64217877530983,boost_5y_no_dew_pressure,True
2021-10-01 04:00:00+00:00,2021-10-10 12:00:00+00:00,2021-10-10 08:00:00-04:00,225,65.0,63.44187388827479,boost_5y_no_dew_pressure,True
2021-10-01 04:00:00+00:00,2021-10-10 13:00:00+00:00,2021-10-10 09:00:00-04:00,226,67.0,66.26386484667323,boost_5y_no_dew_pressure,True
2021-10-01 04:00:00+00:00,2021-10-10 14:00:00+00:00,2021-10-10 10:00:00-04:00,227,69.0,69.30635465600396,boost_5y_no_dew_pressure,True
2021-10-01 04:00:00+00:00,2021-10-10 15:00:00+00:00,2021-10-10 11:00:00-04:00,228,69.0,71.41173829042668,boost_5y_no_dew_pressure,True
2021-10-01 04:00:00+00:00,2021-10-10 16:00:00+00:00,2021-10-10 12:00:00-04:00,229,70.0,72.98427256982981,boost_5y_no_dew_pressure,True
2021-10-01 04:00:00+00:00,2021-10-10 17:00:00+00:00,2021-10-10 13:00:00-04:00,230,72.0,74.43635158889074,boost_5y_no_dew_pressure,True
2021-10-01 04:00:00+00:00,2021-10-10 18:00:00+00:00,2021-10-10 14:00:00-04:00,231,73.0,75.14438846118205,boost_5y_no_dew_pressure,True
2021-10-01 04:00:00+00:00,2021-10-10 19:00:00+00:00,2021-10-10 15:00:00-04:00,232,74.0,75.29103917591242,boost_5y_no_dew_pressure,True
2021-10-01 04:00:00+00:00,2021-10-10 20:00:00+00:00,2021-10-10 16:00:00-04:00,233,76.0,74.92978348318734,boost_5y_no_dew_pressure,True
2021-10-01 04:00:00+00:00,2021-10-10 21:00:00+00:00,2021-10-10 17:00:00-04:00,234,74.0,73.37111624873884,boost_5y_no_dew_pressure,True
2021-10-01 04:00:00+00:00,2021-10-10 22:00:00+00:00,2021-10-10 18:00:00-04:00,235,72.0,69.26951245333886,boost_5y_no_dew_pressure,True
2021-10-01 04:00:00+00:00,2021-10-10 23:00:00+00:00,2021-10-10 19:00:00-04:00,236,70.0,66.74088502612305,boost_5y_no_dew_pressure,True
2021-10-01 04:00:00+00:00,2021-10-11 00:00:00+00:00,2021-10-10 20:00:00-04:00,237,70.0,65.37311754793205,boost_5y_no_dew_pressure,True
2021-10-01 04:00:00+00:00,2021-10-11 01:00:00+00:00,2021-10-10 21:00:00-04:00,238,69.0,64.13183318846434,boost_5y_no_dew_pressure,True
2021-10-01 04:00:00+00:00,2021-10-11 02:00:00+00:00,2021-10-10 22:00:00-04:00,239,68.0,63.54325940176439,boost_5y_no_dew_pressure,True
2021-10-01 04:00:00+00:00,2021-10-11 03:00:00+00:00,2021-10-10 23:00:00-04:00,240,68.0,63.01137932661483,boost_5y_no_dew_pressure,True
2021-10-01 04:00:00+00:00,2021-10-11 04:00:00+00:00,2021-10-11 00:00:00-04:00,241,67.0,62.127171282194205,boost_5y_no_dew_pressure,True
2021-10-01 04:00:00+00:00,2021-10-11 05:00:00+00:00,2021-10-11 01:00:00-04:00,242,67.0,61.72071632309687,boost_5y_no_dew_pressure,True
2021-10-01 04:00:00+00:00,2021-10-11 06:00:00+00:00,2021-10-11 02:00:00-04:00,243,67.0,61.09201682005847,boost_5y_no_dew_pressure,True
2021-10-01 04:00:00+00:00,2021-10-11 07:00:00+00:00,2021-10-11 03:00:00-04:00,244,67.0,60.454756632110005,boost_5y_no_dew_pressure,True
2021-10-01 04:00:00+00:00,2021-10-11 08:00:00+00:00,2021-10-11 04:00:00-04:00,245,66.0,60.17750201356324,boost_5y_no_dew_pressure,True
2021-10-01 04:00:00+00:00,2021-10-11 09:00:00+00:00,2021-10-11 05:00:00-04:00,246,66.0,59.79089681510114,boost_5y_no_dew_pressure,True
2021-10-01 04:00:00+00:00,2021-10-11 10:00:00+00:00,2021-10-11 06:00:00-04:00,247,66.0,59.374477395177635,boost_5y_no_dew_pressure,True
2021-10-01 04:00:00+00:00,2021-10-11 11:00:00+00:00,2021-10-11 07:00:00-04:00,248,65.0,59.636446722625095,boost_5y_no_dew_pressure,True
2021-10-01 04:00:00+00:00,2021-10-11 12:00:00+00:00,2021-10-11 08:00:00-04:00,249,66.0,62.43789198708976,boost_5y_no_dew_pressure,True
2021-10-01 04:00:00+00:00,2021-10-11 13:00:00+00:00,2021-10-11 09:00:00-04:00,250,66.0,65.31850125020432,boost_5y_no_dew_pressure,True
2021-10-01 04:00:00+00:00,2021-10-11 14:00:00+00:00,2021-10-11 10:00:00-04:00,251,68.0,68.39912366114409,boost_5y_no_dew_pressure,True
2021-10-01 04:00:00+00:00,2021-10-11 15:00:00+00:00,2021-10-11 11:00:00-04:00,252,69.0,70.45684226477731,boost_5y_no_dew_pressure,True
2021-10-01 04:00:00+00:00,2021-10-11 16:00:00+00:00,2021-10-11 12:00:00-04:00,253,70.0,72.0915540515422,boost_5y_no_dew_pressure,True
2021-10-01 04:00:00+00:00,2021-10-11 17:00:00+00:00,2021-10-11 13:00:00-04:00,254,71.0,73.4782452596349,boost_5y_no_dew_pressure,True
2021-10-01 04:00:00+00:00,2021-10-11 18:00:00+00:00,2021-10-11 14:00:00-04:00,255,70.0,74.10261588331767,boost_5y_no_dew_pressure,True
2021-10-01 04:00:00+00:00,2021-10-11 19:00:00+00:00,2021-10-11 15:00:00-04:00,256,71.0,74.30356022604516,boost_5y_no_dew_pressure,True
2021-10-01 04:00:00+00:00,2021-10-11 20:00:00+00:00,2021-10-11 16:00:00-04:00,257,70.0,73.903603072818,boost_5y_no_dew_pressure,True
2021-10-01 04:00:00+00:00,2021-10-11 21:00:00+00:00,2021-10-11 17:00:00-04:00,258,70.0,72.31747353476817,boost_5y_no_dew_pressure,True
2021-10-01 04:00:00+00:00,2021-10-11 22:00:00+00:00,2021-10-11 18:00:00-04:00,259,69.0,68.20203659265941,boost_5y_no_dew_pressure,True
2021-10-01 04:00:00+00:00,2021-10-11 23:00:00+00:00,2021-10-11 19:00:00-04:00,260,68.0,65.7155494268733,boost_5y_no_dew_pressure,True
2021-10-01 04:00:00+00:00,2021-10-12 00:00:00+00:00,2021-10-11 20:00:00-04:00,261,67.0,64.39524300288869,boost_5y_no_dew_pressure,True
2021-10-01 04:00:00+00:00,2021-10-12 01:00:00+00:00,2021-10-11 21:00:00-04:00,262,67.0,63.26482161276269,boost_5y_no_dew_pressure,True
2021-10-01 04:00:00+00:00,2021-10-12 02:00:00+00:00,2021-10-11 22:00:00-04:00,263,66.0,62.5836730933602,boost_5y_no_dew_pressure,True
2021-10-01 04:00:00+00:00,2021-10-12 03:00:00+00:00,2021-10-11 23:00:00-04:00,264,65.0,62.01178024270375,boost_5y_no_dew_pressure,True
2021-10-01 04:00:00+00:00,2021-10-12 04:00:00+00:00,2021-10-12 00:00:00-04:00,265,64.0,61.0302482268691,boost_5y_no_dew_pressure,True
2021-10-01 04:00:00+00:00,2021-10-12 05:00:00+00:00,2021-10-12 01:00:00-04:00,266,64.0,60.66973600845264,boost_5y_no_dew_pressure,True
2021-10-01 04:00:00+00:00,2021-10-12 06:00:00+00:00,2021-10-12 02:00:00-04:00,267,64.0,59.9804244155453,boost_5y_no_dew_pressure,True
2021-10-01 04:00:00+00:00,2021-10-12 07:00:00+00:00,2021-10-12 03:00:00-04:00,268,63.0,59.351505059782106,boost_5y_no_dew_pressure,True
2021-10-01 04:00:00+00:00,2021-10-12 08:00:00+00:00,2021-10-12 04:00:00-04:00,269,63.0,59.01463887726136,boost_5y_no_dew_pressure,True
2021-10-01 04:00:00+00:00,2021-10-12 09:00:00+00:00,2021-10-12 05:00:00-04:00,270,61.0,58.64585594524813,boost_5y_no_dew_pressure,True
2021-10-01 04:00:00+00:00,2021-10-12 10:00:00+00:00,2021-10-12 06:00:00-04:00,271,61.0,58.23156548801543,boost_5y_no_dew_pressure,True
2021-10-01 04:00:00+00:00,2021-10-12 11:00:00+00:00,2021-10-12 07:00:00-04:00,272,62.0,58.4833224344648,boost_5y_no_dew_pressure,True
2021-10-01 04:00:00+00:00,2021-10-12 12:00:00+00:00,2021-10-12 08:00:00-04:00,273,63.0,61.39635473202631,boost_5y_no_dew_pressure,True
2021-10-01 04:00:00+00:00,2021-10-12 13:00:00+00:00,2021-10-12 09:00:00-04:00,274,65.0,64.5081917648735,boost_5y_no_dew_pressure,True
2021-10-01 04:00:00+00:00,2021-10-12 14:00:00+00:00,2021-10-12 10:00:00-04:00,275,67.0,67.57250801177581,boost_5y_no_dew_pressure,True
2021-10-01 04:00:00+00:00,2021-10-12 15:00:00+00:00,2021-10-12 11:00:00-04:00,276,69.0,69.69325501578003,boost_5y_no_dew_pressure,True
2021-10-01 04:00:00+00:00,2021-10-12 16:00:00+00:00,2021-10-12 12:00:00-04:00,277,70.0,71.34756444673417,boost_5y_no_dew_pressure,True
2021-10-01 04:00:00+00:00,2021-10-12 17:00:00+00:00,2021-10-12 13:00:00-04:00,278,70.0,72.78828768419882,boost_5y_no_dew_pressure,True
2021-10-01 04:00:00+00:00,2021-10-12 18:00:00+00:00,2021-10-12 14:00:00-04:00,279,70.0,73.44469113516156,boost_5y_no_dew_pressure,True
2021-10-01 04:00:00+00:00,2021-10-12 19:00:00+00:00,2021-10-12 15:00:00-04:00,280,70.0,73.64618257354016,boost_5y_no_dew_pressure,True
2021-10-01 04:00:00+00:00,2021-10-12 20:00:00+00:00,2021-10-12 16:00:00-04:00,281,70.0,73.2870168235755,boost_5y_no_dew_pressure,True
2021-10-01 04:00:00+00:00,2021-10-12 21:00:00+00:00,2021-10-12 17:00:00-04:00,282,69.0,71.64344007505127,boost_5y_no_dew_pressure,True
2021-10-01 04:00:00+00:00,2021-10-12 22:00:00+00:00,2021-10-12 18:00:00-04:00,283,69.0,67.4873728516505,boost_5y_no_dew_pressure,True
2021-10-01 04:00:00+00:00,2021-10-12 23:00:00+00:00,2021-10-12 19:00:00-04:00,284,67.0,65.03673047932156,boost_5y_no_dew_pressure,True
2021-10-01 04:00:00+00:00,2021-10-13 00:00:00+00:00,2021-10-12 20:00:00-04:00,285,66.0,63.89047671899209,boost_5y_no_dew_pressure,True
2021-10-01 04:00:00+00:00,2021-10-13 01:00:00+00:00,2021-10-12 21:00:00-04:00,286,63.0,62.73088393016037,boost_5y_no_dew_pressure,True
2021-10-01 04:00:00+00:00,2021-10-13 02:00:00+00:00,2021-10-12 22:00:00-04:00,287,61.0,62.02424447220852,boost_5y_no_dew_pressure,True
2021-10-01 04:00:00+00:00,2021-10-13 03:00:00+00:00,2021-10-12 23:00:00-04:00,288,60.0,61.397444856510305,boost_5y_no_dew_pressure,True
2021-10-01 04:00:00+00:00,2021-10-13 04:00:00+00:00,2021-10-13 00:00:00-04:00,289,59.0,60.535328980436226,boost_5y_no_dew_pressure,True
2021-10-01 04:00:00+00:00,2021-10-13 05:00:00+00:00,2021-10-13 01:00:00-04:00,290,59.0,60.21528550973175,boost_5y_no_dew_pressure,True
2021-10-01 04:00:00+00:00,2021-10-13 06:00:00+00:00,2021-10-13 02:00:00-04:00,291,59.0,59.58786880565182,boost_5y_no_dew_pressure,True
2021-10-01 04:00:00+00:00,2021-10-13 07:00:00+00:00,2021-10-13 03:00:00-04:00,292,59.0,59.00654537348487,boost_5y_no_dew_pressure,True
2021-10-01 04:00:00+00:00,2021-10-13 08:00:00+00:00,2021-10-13 04:00:00-04:00,293,58.0,58.71312176057919,boost_5y_no_dew_pressure,True
2021-10-01 04:00:00+00:00,2021-10-13 09:00:00+00:00,2021-10-13 05:00:00-04:00,294,58.0,58.490034788619305,boost_5y_no_dew_pressure,True
2021-10-01 04:00:00+00:00,2021-10-13 10:00:00+00:00,2021-10-13 06:00:00-04:00,295,57.0,58.07633043318317,boost_5y_no_dew_pressure,True
2021-10-01 04:00:00+00:00,2021-10-13 11:00:00+00:00,2021-10-13 07:00:00-04:00,296,57.0,58.384064106660674,boost_5y_no_dew_pressure,True
2021-10-01 04:00:00+00:00,2021-10-13 12:00:00+00:00,2021-10-13 08:00:00-04:00,297,63.0,61.19789932499965,boost_5y_no_dew_pressure,True
2021-10-01 04:00:00+00:00,2021-10-13 13:00:00+00:00,2021-10-13 09:00:00-04:00,298,68.0,64.29558821388383,boost_5y_no_dew_pressure,True
2021-10-01 04:00:00+00:00,2021-10-13 14:00:00+00:00,2021-10-13 10:00:00-04:00,299,72.0,67.28819270130307,boost_5y_no_dew_pressure,True
2021-10-01 04:00:00+00:00,2021-10-13 15:00:00+00:00,2021-10-13 11:00:00-04:00,300,74.0,69.39414171555978,boost_5y_no_dew_pressure,True
2021-10-01 04:00:00+00:00,2021-10-13 16:00:00+00:00,2021-10-13 12:00:00-04:00,301,76.0,71.15476186382766,boost_5y_no_dew_pressure,True
2021-10-01 04:00:00+00:00,2021-10-13 17:00:00+00:00,2021-10-13 13:00:00-04:00,302,79.0,72.5818685897152,boost_5y_no_dew_pressure,True
2021-10-01 04:00:00+00:00,2021-10-13 18:00:00+00:00,2021-10-13 14:00:00-04:00,303,79.0,73.24578656616369,boost_5y_no_dew_pressure,True
2021-10-01 04:00:00+00:00,2021-10-13 19:00:00+00:00,2021-10-13 15:00:00-04:00,304,79.0,73.51338129081964,boost_5y_no_dew_pressure,True
2021-10-01 04:00:00+00:00,2021-10-13 20:00:00+00:00,2021-10-13 16:00:00-04:00,305,82.0,73.24717372545616,boost_5y_no_dew_pressure,True
2021-10-01 04:00:00+00:00,2021-10-13 21:00:00+00:00,2021-10-13 17:00:00-04:00,306,79.0,71.48069453824455,boost_5y_no_dew_pressure,True
2021-10-01 04:00:00+00:00,2021-10-13 22:00:00+00:00,2021-10-13 18:00:00-04:00,307,72.0,67.24948866078024,boost_5y_no_dew_pressure,True
2021-10-01 04:00:00+00:00,2021-10-13 23:00:00+00:00,2021-10-13 19:00:00-04:00,308,68.0,64.90406876674582,boost_5y_no_dew_pressure,True
2021-10-01 04:00:00+00:00,2021-10-14 00:00:00+00:00,2021-10-13 20:00:00-04:00,309,66.0,63.77095517105288,boost_5y_no_dew_pressure,True
2021-10-01 04:00:00+00:00,2021-10-14 01:00:00+00:00,2021-10-13 21:00:00-04:00,310,67.0,62.57117187787766,boost_5y_no_dew_pressure,True
2021-10-01 04:00:00+00:00,2021-10-14 02:00:00+00:00,2021-10-13 22:00:00-04:00,311,69.0,61.82266570603378,boost_5y_no_dew_pressure,True
2021-10-01 04:00:00+00:00,2021-10-14 03:00:00+00:00,2021-10-13 23:00:00-04:00,312,66.0,61.087384654698425,boost_5y_no_dew_pressure,True
2021-10-01 04:00:00+00:00,2021-10-14 04:00:00+00:00,2021-10-14 00:00:00-04:00,313,65.0,60.21166271041239,boost_5y_no_dew_pressure,True
2021-10-01 04:00:00+00:00,2021-10-14 05:00:00+00:00,2021-10-14 01:00:00-04:00,314,63.0,59.84162077514732,boost_5y_no_dew_pressure,True
2021-10-01 04:00:00+00:00,2021-10-14 06:00:00+00:00,2021-10-14 02:00:00-04:00,315,62.0,59.228448991761674,boost_5y_no_dew_pressure,True
2021-10-01 04:00:00+00:00,2021-10-14 07:00:00+00:00,2021-10-14 03:00:00-04:00,316,61.0,58.625430823159206,boost_5y_no_dew_pressure,True
2021-10-01 04:00:00+00:00,2021-10-14 08:00:00+00:00,2021-10-14 04:00:00-04:00,317,60.0,58.30563177411451,boost_5y_no_dew_pressure,True
2021-10-01 04:00:00+00:00,2021-10-14 09:00:00+00:00,2021-10-14 05:00:00-04:00,318,60.0,57.99646489468431,boost_5y_no_dew_pressure,True
2021-10-01 04:00:00+00:00,2021-10-14 10:00:00+00:00,2021-10-14 06:00:00-04:00,319,60.0,57.53300998791845,boost_5y_no_dew_pressure,True
2021-10-01 04:00:00+00:00,2021-10-14 11:00:00+00:00,2021-10-14 07:00:00-04:00,320,60.0,57.80525516740228,boost_5y_no_dew_pressure,True
2021-10-01 04:00:00+00:00,2021-10-14 12:00:00+00:00,2021-10-14 08:00:00-04:00,321,65.0,60.72288896111739,boost_5y_no_dew_pressure,True
2021-10-01 04:00:00+00:00,2021-10-14 13:00:00+00:00,2021-10-14 09:00:00-04:00,322,71.0,63.97418274985879,boost_5y_no_dew_pressure,True
2021-10-01 04:00:00+00:00,2021-10-14 14:00:00+00:00,2021-10-14 10:00:00-04:00,323,75.0,67.0421002676606,boost_5y_no_dew_pressure,True
2021-10-01 04:00:00+00:00,2021-10-14 15:00:00+00:00,2021-10-14 11:00:00-04:00,324,77.0,69.14432095065034,boost_5y_no_dew_pressure,True
2021-10-01 04:00:00+00:00,2021-10-14 16:00:00+00:00,2021-10-14 12:00:00-04:00,325,80.0,70.945027930663,boost_5y_no_dew_pressure,True
2021-10-01 04:00:00+00:00,2021-10-14 17:00:00+00:00,2021-10-14 13:00:00-04:00,326,82.0,72.39893558222096,boost_5y_no_dew_pressure,True
2021-10-01 04:00:00+00:00,2021-10-14 18:00:00+00:00,2021-10-14 14:00:00-04:00,327,82.0,73.05720580706138,boost_5y_no_dew_pressure,True
2021-10-01 04:00:00+00:00,2021-10-14 19:00:00+00:00,2021-10-14 15:00:00-04:00,328,83.0,73.23998164259571,boost_5y_no_dew_pressure,True
2021-10-01 04:00:00+00:00,2021-10-14 20:00:00+00:00,2021-10-14 16:00:00-04:00,329,80.0,72.93851788144994,boost_5y_no_dew_pressure,True
2021-10-01 04:00:00+00:00,2021-10-14 21:00:00+00:00,2021-10-14 17:00:00-04:00,330,77.0,71.12566475357994,boost_5y_no_dew_pressure,True
2021-10-01 04:00:00+00:00,2021-10-14 22:00:00+00:00,2021-10-14 18:00:00-04:00,331,73.0,66.83731340130507,boost_5y_no_dew_pressure,True
2021-10-01 04:00:00+00:00,2021-10-14 23:00:00+00:00,2021-10-14 19:00:00-04:00,332,69.0,64.47650206667169,boost_5y_no_dew_pressure,True
2021-10-01 04:00:00+00:00,2021-10-15 00:00:00+00:00,2021-10-14 20:00:00-04:00,333,67.0,63.303584790144555,boost_5y_no_dew_pressure,True
2021-10-01 04:00:00+00:00,2021-10-15 01:00:00+00:00,2021-10-14 21:00:00-04:00,334,66.0,62.12971661066876,boost_5y_no_dew_pressure,True
2021-10-01 04:00:00+00:00,2021-10-15 02:00:00+00:00,2021-10-14 22:00:00-04:00,335,64.0,61.35909748536983,boost_5y_no_dew_pressure,True
2021-10-01 04:00:00+00:00,2021-10-15 03:00:00+00:00,2021-10-14 23:00:00-04:00,336,64.0,60.66384516201073,boost_5y_no_dew_pressure,True
2021-10-08 04:00:00+00:00,2021-10-08 04:00:00+00:00,2021-10-08 00:00:00-04:00,1,67.0,63.37476486646277,boost_5y_no_dew_pressure,True
2021-10-08 04:00:00+00:00,2021-10-08 05:00:00+00:00,2021-10-08 01:00:00-04:00,2,68.0,62.62085380516808,boost_5y_no_dew_pressure,True
2021-10-08 04:00:00+00:00,2021-10-08 06:00:00+00:00,2021-10-08 02:00:00-04:00,3,68.0,62.175344165565406,boost_5y_no_dew_pressure,True
2021-10-08 04:00:00+00:00,2021-10-08 07:00:00+00:00,2021-10-08 03:00:00-04:00,4,67.0,62.20856760850897,boost_5y_no_dew_pressure,True
2021-10-08 04:00:00+00:00,2021-10-08 08:00:00+00:00,2021-10-08 04:00:00-04:00,5,67.0,61.83295395878848,boost_5y_no_dew_pressure,True
2021-10-08 04:00:00+00:00,2021-10-08 09:00:00+00:00,2021-10-08 05:00:00-04:00,6,67.0,61.40795152227217,boost_5y_no_dew_pressure,True
2021-10-08 04:00:00+00:00,2021-10-08 10:00:00+00:00,2021-10-08 06:00:00-04:00,7,67.0,61.101327671441396,boost_5y_no_dew_pressure,True
2021-10-08 04:00:00+00:00,2021-10-08 11:00:00+00:00,2021-10-08 07:00:00-04:00,8,67.0,61.18969397393515,boost_5y_no_dew_pressure,True
2021-10-08 04:00:00+00:00,2021-10-08 12:00:00+00:00,2021-10-08 08:00:00-04:00,9,68.0,63.4913425269507,boost_5y_no_dew_pressure,True
2021-10-08 04:00:00+00:00,2021-10-08 13:00:00+00:00,2021-10-08 09:00:00-04:00,10,69.0,66.27519390761273,boost_5y_no_dew_pressure,True
2021-10-08 04:00:00+00:00,2021-10-08 14:00:00+00:00,2021-10-08 10:00:00-04:00,11,71.0,69.09103385241993,boost_5y_no_dew_pressure,True
2021-10-08 04:00:00+00:00,2021-10-08 15:00:00+00:00,2021-10-08 11:00:00-04:00,12,73.0,71.49993677558547,boost_5y_no_dew_pressure,True
2021-10-08 04:00:00+00:00,2021-10-08 16:00:00+00:00,2021-10-08 12:00:00-04:00,13,73.0,73.52244970572877,boost_5y_no_dew_pressure,True
2021-10-08 04:00:00+00:00,2021-10-08 17:00:00+00:00,2021-10-08 13:00:00-04:00,14,74.0,75.09483307438784,boost_5y_no_dew_pressure,True
2021-10-08 04:00:00+00:00,2021-10-08 18:00:00+00:00,2021-10-08 14:00:00-04:00,15,73.0,75.7828176637555,boost_5y_no_dew_pressure,True
2021-10-08 04:00:00+00:00,2021-10-08 19:00:00+00:00,2021-10-08 15:00:00-04:00,16,75.0,75.76265166386737,boost_5y_no_dew_pressure,True
2021-10-08 04:00:00+00:00,2021-10-08 20:00:00+00:00,2021-10-08 16:00:00-04:00,17,74.0,75.41839481612104,boost_5y_no_dew_pressure,True
2021-10-08 04:00:00+00:00,2021-10-08 21:00:00+00:00,2021-10-08 17:00:00-04:00,18,73.0,73.71379951723507,boost_5y_no_dew_pressure,True
2021-10-08 04:00:00+00:00,2021-10-08 22:00:00+00:00,2021-10-08 18:00:00-04:00,19,72.0,69.31553997430565,boost_5y_no_dew_pressure,True
2021-10-08 04:00:00+00:00,2021-10-08 23:00:00+00:00,2021-10-08 19:00:00-04:00,20,71.0,66.86529575730727,boost_5y_no_dew_pressure,True
2021-10-08 04:00:00+00:00,2021-10-09 00:00:00+00:00,2021-10-08 20:00:00-04:00,21,70.0,65.71517222112534,boost_5y_no_dew_pressure,True
2021-10-08 04:00:00+00:00,2021-10-09 01:00:00+00:00,2021-10-08 21:00:00-04:00,22,70.0,64.54319274160999,boost_5y_no_dew_pressure,True
2021-10-08 04:00:00+00:00,2021-10-09 02:00:00+00:00,2021-10-08 22:00:00-04:00,23,70.0,64.07243591387501,boost_5y_no_dew_pressure,True
2021-10-08 04:00:00+00:00,2021-10-09 03:00:00+00:00,2021-10-08 23:00:00-04:00,24,69.0,63.38047807752863,boost_5y_no_dew_pressure,True
2021-10-08 04:00:00+00:00,2021-10-09 04:00:00+00:00,2021-10-09 00:00:00-04:00,25,67.0,62.033012009442714,boost_5y_no_dew_pressure,True
2021-10-08 04:00:00+00:00,2021-10-09 05:00:00+00:00,2021-10-09 01:00:00-04:00,26,66.0,61.51214629205119,boost_5y_no_dew_pressure,True
2021-10-08 04:00:00+00:00,2021-10-09 06:00:00+00:00,2021-10-09 02:00:00-04:00,27,66.0,60.733446228239266,boost_5y_no_dew_pressure,True
2021-10-08 04:00:00+00:00,2021-10-09 07:00:00+00:00,2021-10-09 03:00:00-04:00,28,64.0,60.65870481204665,boost_5y_no_dew_pressure,True
2021-10-08 04:00:00+00:00,2021-10-09 08:00:00+00:00,2021-10-09 04:00:00-04:00,29,64.0,60.30306608867803,boost_5y_no_dew_pressure,True
2021-10-08 04:00:00+00:00,2021-10-09 09:00:00+00:00,2021-10-09 05:00:00-04:00,30,64.0,59.913983462662465,boost_5y_no_dew_pressure,True
2021-10-08 04:00:00+00:00,2021-10-09 10:00:00+00:00,2021-10-09 06:00:00-04:00,31,63.0,59.52467569845636,boost_5y_no_dew_pressure,True
2021-10-08 04:00:00+00:00,2021-10-09 11:00:00+00:00,2021-10-09 07:00:00-04:00,32,64.0,59.89894176611923,boost_5y_no_dew_pressure,True
2021-10-08 04:00:00+00:00,2021-10-09 12:00:00+00:00,2021-10-09 08:00:00-04:00,33,65.0,62.56206521355951,boost_5y_no_dew_pressure,True
2021-10-08 04:00:00+00:00,2021-10-09 13:00:00+00:00,2021-10-09 09:00:00-04:00,34,66.0,65.69873962123269,boost_5y_no_dew_pressure,True
2021-10-08 04:00:00+00:00,2021-10-09 14:00:00+00:00,2021-10-09 10:00:00-04:00,35,66.0,69.04492627464681,boost_5y_no_dew_pressure,True
2021-10-08 04:00:00+00:00,2021-10-09 15:00:00+00:00,2021-10-09 11:00:00-04:00,36,66.0,71.34223963747283,boost_5y_no_dew_pressure,True
2021-10-08 04:00:00+00:00,2021-10-09 16:00:00+00:00,2021-10-09 12:00:00-04:00,37,67.0,73.24836362287537,boost_5y_no_dew_pressure,True
2021-10-08 04:00:00+00:00,2021-10-09 17:00:00+00:00,2021-10-09 13:00:00-04:00,38,67.0,74.77860274803463,boost_5y_no_dew_pressure,True
2021-10-08 04:00:00+00:00,2021-10-09 18:00:00+00:00,2021-10-09 14:00:00-04:00,39,67.0,75.43152518329231,boost_5y_no_dew_pressure,True
2021-10-08 04:00:00+00:00,2021-10-09 19:00:00+00:00,2021-10-09 15:00:00-04:00,40,67.0,75.3776940208246,boost_5y_no_dew_pressure,True
2021-10-08 04:00:00+00:00,2021-10-09 20:00:00+00:00,2021-10-09 16:00:00-04:00,41,67.0,75.09189214811197,boost_5y_no_dew_pressure,True
2021-10-08 04:00:00+00:00,2021-10-09 21:00:00+00:00,2021-10-09 17:00:00-04:00,42,67.0,73.43787472326271,boost_5y_no_dew_pressure,True
2021-10-08 04:00:00+00:00,2021-10-09 22:00:00+00:00,2021-10-09 18:00:00-04:00,43,66.0,69.1039523097006,boost_5y_no_dew_pressure,True
2021-10-08 04:00:00+00:00,2021-10-09 23:00:00+00:00,2021-10-09 19:00:00-04:00,44,66.0,66.56633595926617,boost_5y_no_dew_pressure,True
2021-10-08 04:00:00+00:00,2021-10-10 00:00:00+00:00,2021-10-09 20:00:00-04:00,45,66.0,65.19179099862495,boost_5y_no_dew_pressure,True
2021-10-08 04:00:00+00:00,2021-10-10 01:00:00+00:00,2021-10-09 21:00:00-04:00,46,65.0,64.00539172959064,boost_5y_no_dew_pressure,True
2021-10-08 04:00:00+00:00,2021-10-10 02:00:00+00:00,2021-10-09 22:00:00-04:00,47,65.0,63.457002549048475,boost_5y_no_dew_pressure,True
2021-10-08 04:00:00+00:00,2021-10-10 03:00:00+00:00,2021-10-09 23:00:00-04:00,48,64.0,62.815768230506485,boost_5y_no_dew_pressure,True
2021-10-08 04:00:00+00:00,2021-10-10 04:00:00+00:00,2021-10-10 00:00:00-04:00,49,64.0,61.938300415947786,boost_5y_no_dew_pressure,True
2021-10-08 04:00:00+00:00,2021-10-10 05:00:00+00:00,2021-10-10 01:00:00-04:00,50,64.0,61.442226655564205,boost_5y_no_dew_pressure,True
2021-10-08 04:00:00+00:00,2021-10-10 06:00:00+00:00,2021-10-10 02:00:00-04:00,51,65.0,60.97281038242407,boost_5y_no_dew_pressure,True
2021-10-08 04:00:00+00:00,2021-10-10 07:00:00+00:00,2021-10-10 03:00:00-04:00,52,65.0,60.72996543314644,boost_5y_no_dew_pressure,True
2021-10-08 04:00:00+00:00,2021-10-10 08:00:00+00:00,2021-10-10 04:00:00-04:00,53,64.0,60.33328016701935,boost_5y_no_dew_pressure,True
2021-10-08 04:00:00+00:00,2021-10-10 09:00:00+00:00,2021-10-10 05:00:00-04:00,54,64.0,59.98040714568938,boost_5y_no_dew_pressure,True
2021-10-08 04:00:00+00:00,2021-10-10 10:00:00+00:00,2021-10-10 06:00:00-04:00,55,64.0,59.627473735843495,boost_5y_no_dew_pressure,True
2021-10-08 04:00:00+00:00,2021-10-10 11:00:00+00:00,2021-10-10 07:00:00-04:00,56,65.0,59.865931776780265,boost_5y_no_dew_pressure,True
2021-10-08 04:00:00+00:00,2021-10-10 12:00:00+00:00,2021-10-10 08:00:00-04:00,57,65.0,62.39286946707025,boost_5y_no_dew_pressure,True
2021-10-08 04:00:00+00:00,2021-10-10 13:00:00+00:00,2021-10-10 09:00:00-04:00,58,67.0,65.07025786410874,boost_5y_no_dew_pressure,True
2021-10-08 04:00:00+00:00,2021-10-10 14:00:00+00:00,2021-10-10 10:00:00-04:00,59,69.0,68.27234971644538,boost_5y_no_dew_pressure,True
2021-10-08 04:00:00+00:00,2021-10-10 15:00:00+00:00,2021-10-10 11:00:00-04:00,60,69.0,70.46738130324694,boost_5y_no_dew_pressure,True
2021-10-08 04:00:00+00:00,2021-10-10 16:00:00+00:00,2021-10-10 12:00:00-04:00,61,70.0,72.08331802253574,boost_5y_no_dew_pressure,True
2021-10-08 04:00:00+00:00,2021-10-10 17:00:00+00:00,2021-10-10 13:00:00-04:00,62,72.0,73.78466122898234,boost_5y_no_dew_pressure,True
2021-10-08 04:00:00+00:00,2021-10-10 18:00:00+00:00,2021-10-10 14:00:00-04:00,63,73.0,74.4668379245979,boost_5y_no_dew_pressure,True
2021-10-08 04:00:00+00:00,2021-10-10 19:00:00+00:00,2021-10-10 15:00:00-04:00,64,74.0,74.53370063811683,boost_5y_no_dew_pressure,True
2021-10-08 04:00:00+00:00,2021-10-10 20:00:00+00:00,2021-10-10 16:00:00-04:00,65,76.0,74.15681431334225,boost_5y_no_dew_pressure,True
2021-10-08 04:00:00+00:00,2021-10-10 21:00:00+00:00,2021-10-10 17:00:00-04:00,66,74.0,72.48260320621316,boost_5y_no_dew_pressure,True
2021-10-08 04:00:00+00:00,2021-10-10 22:00:00+00:00,2021-10-10 18:00:00-04:00,67,72.0,68.36237963518099,boost_5y_no_dew_pressure,True
2021-10-08 04:00:00+00:00,2021-10-10 23:00:00+00:00,2021-10-10 19:00:00-04:00,68,70.0,65.8091307468938,boost_5y_no_dew_pressure,True
2021-10-08 04:00:00+00:00,2021-10-11 00:00:00+00:00,2021-10-10 20:00:00-04:00,69,70.0,64.4942727879778,boost_5y_no_dew_pressure,True
2021-10-08 04:00:00+00:00,2021-10-11 01:00:00+00:00,2021-10-10 21:00:00-04:00,70,69.0,63.2787877168995,boost_5y_no_dew_pressure,True
2021-10-08 04:00:00+00:00,2021-10-11 02:00:00+00:00,2021-10-10 22:00:00-04:00,71,68.0,62.63553821509286,boost_5y_no_dew_pressure,True
2021-10-08 04:00:00+00:00,2021-10-11 03:00:00+00:00,2021-10-10 23:00:00-04:00,72,68.0,62.04645849859804,boost_5y_no_dew_pressure,True
2021-10-08 04:00:00+00:00,2021-10-11 04:00:00+00:00,2021-10-11 00:00:00-04:00,73,67.0,61.370437490544234,boost_5y_no_dew_pressure,True
2021-10-08 04:00:00+00:00,2021-10-11 05:00:00+00:00,2021-10-11 01:00:00-04:00,74,67.0,61.14427767481518,boost_5y_no_dew_pressure,True
2021-10-08 04:00:00+00:00,2021-10-11 06:00:00+00:00,2021-10-11 02:00:00-04:00,75,67.0,60.5050088302119,boost_5y_no_dew_pressure,True
2021-10-08 04:00:00+00:00,2021-10-11 07:00:00+00:00,2021-10-11 03:00:00-04:00,76,67.0,59.9567037540169,boost_5y_no_dew_pressure,True
2021-10-08 04:00:00+00:00,2021-10-11 08:00:00+00:00,2021-10-11 04:00:00-04:00,77,66.0,59.64574673587373,boost_5y_no_dew_pressure,True
2021-10-08 04:00:00+00:00,2021-10-11 09:00:00+00:00,2021-10-11 05:00:00-04:00,78,66.0,59.30068260765765,boost_5y_no_dew_pressure,True
2021-10-08 04:00:00+00:00,2021-10-11 10:00:00+00:00,2021-10-11 06:00:00-04:00,79,66.0,58.88935899843327,boost_5y_no_dew_pressure,True
2021-10-08 04:00:00+00:00,2021-10-11 11:00:00+00:00,2021-10-11 07:00:00-04:00,80,65.0,59.104084829750185,boost_5y_no_dew_pressure,True
2021-10-08 04:00:00+00:00,2021-10-11 12:00:00+00:00,2021-10-11 08:00:00-04:00,81,66.0,61.68397601198535,boost_5y_no_dew_pressure,True
2021-10-08 04:00:00+00:00,2021-10-11 13:00:00+00:00,2021-10-11 09:00:00-04:00,82,66.0,64.85214670928107,boost_5y_no_dew_pressure,True
2021-10-08 04:00:00+00:00,2021-10-11 14:00:00+00:00,2021-10-11 10:00:00-04:00,83,68.0,68.13773764157618,boost_5y_no_dew_pressure,True
2021-10-08 04:00:00+00:00,2021-10-11 15:00:00+00:00,2021-10-11 11:00:00-04:00,84,69.0,70.26677897970113,boost_5y_no_dew_pressure,True
2021-10-08 04:00:00+00:00,2021-10-11 16:00:00+00:00,2021-10-11 12:00:00-04:00,85,70.0,71.97679905962366,boost_5y_no_dew_pressure,True
2021-10-08 04:00:00+00:00,2021-10-11 17:00:00+00:00,2021-10-11 13:00:00-04:00,86,71.0,73.41245506394482,boost_5y_no_dew_pressure,True
2021-10-08 04:00:00+00:00,2021-10-11 18:00:00+00:00,2021-10-11 14:00:00-04:00,87,70.0,74.01889293715786,boost_5y_no_dew_pressure,True
2021-10-08 04:00:00+00:00,2021-10-11 19:00:00+00:00,2021-10-11 15:00:00-04:00,88,71.0,74.250238570004,boost_5y_no_dew_pressure,True
2021-10-08 04:00:00+00:00,2021-10-11 20:00:00+00:00,2021-10-11 16:00:00-04:00,89,70.0,73.74820799824722,boost_5y_no_dew_pressure,True
2021-10-08 04:00:00+00:00,2021-10-11 21:00:00+00:00,2021-10-11 17:00:00-04:00,90,70.0,72.17644253249318,boost_5y_no_dew_pressure,True
2021-10-08 04:00:00+00:00,2021-10-11 22:00:00+00:00,2021-10-11 18:00:00-04:00,91,69.0,68.01080308158502,boost_5y_no_dew_pressure,True
2021-10-08 04:00:00+00:00,2021-10-11 23:00:00+00:00,2021-10-11 19:00:00-04:00,92,68.0,65.45854151506795,boost_5y_no_dew_pressure,True
2021-10-08 04:00:00+00:00,2021-10-12 00:00:00+00:00,2021-10-11 20:00:00-04:00,93,67.0,64.12635317502931,boost_5y_no_dew_pressure,True
2021-10-08 04:00:00+00:00,2021-10-12 01:00:00+00:00,2021-10-11 21:00:00-04:00,94,67.0,62.98323097404503,boost_5y_no_dew_pressure,True
2021-10-08 04:00:00+00:00,2021-10-12 02:00:00+00:00,2021-10-11 22:00:00-04:00,95,66.0,62.254563278937546,boost_5y_no_dew_pressure,True
2021-10-08 04:00:00+00:00,2021-10-12 03:00:00+00:00,2021-10-11 23:00:00-04:00,96,65.0,61.76076283736799,boost_5y_no_dew_pressure,True
2021-10-08 04:00:00+00:00,2021-10-12 04:00:00+00:00,2021-10-12 00:00:00-04:00,97,64.0,60.63252827694534,boost_5y_no_dew_pressure,True
2021-10-08 04:00:00+00:00,2021-10-12 05:00:00+00:00,2021-10-12 01:00:00-04:00,98,64.0,60.28866849425552,boost_5y_no_dew_pressure,True
2021-10-08 04:00:00+00:00,2021-10-12 06:00:00+00:00,2021-10-12 02:00:00-04:00,99,64.0,59.39168381372449,boost_5y_no_dew_pressure,True
2021-10-08 04:00:00+00:00,2021-10-12 07:00:00+00:00,2021-10-12 03:00:00-04:00,100,63.0,58.82151174266989,boost_5y_no_dew_pressure,True
2021-10-08 04:00:00+00:00,2021-10-12 08:00:00+00:00,2021-10-12 04:00:00-04:00,101,63.0,58.74935794992552,boost_5y_no_dew_pressure,True
2021-10-08 04:00:00+00:00,2021-10-12 09:00:00+00:00,2021-10-12 05:00:00-04:00,102,61.0,58.38962767442484,boost_5y_no_dew_pressure,True
2021-10-08 04:00:00+00:00,2021-10-12 10:00:00+00:00,2021-10-12 06:00:00-04:00,103,61.0,58.15184203529123,boost_5y_no_dew_pressure,True
2021-10-08 04:00:00+00:00,2021-10-12 11:00:00+00:00,2021-10-12 07:00:00-04:00,104,62.0,58.26578653534635,boost_5y_no_dew_pressure,True
2021-10-08 04:00:00+00:00,2021-10-12 12:00:00+00:00,2021-10-12 08:00:00-04:00,105,63.0,60.93858103224067,boost_5y_no_dew_pressure,True
2021-10-08 04:00:00+00:00,2021-10-12 13:00:00+00:00,2021-10-12 09:00:00-04:00,106,65.0,64.25006000709855,boost_5y_no_dew_pressure,True
2021-10-08 04:00:00+00:00,2021-10-12 14:00:00+00:00,2021-10-12 10:00:00-04:00,107,67.0,67.40795882207802,boost_5y_no_dew_pressure,True
2021-10-08 04:00:00+00:00,2021-10-12 15:00:00+00:00,2021-10-12 11:00:00-04:00,108,69.0,69.56272313211954,boost_5y_no_dew_pressure,True
2021-10-08 04:00:00+00:00,2021-10-12 16:00:00+00:00,2021-10-12 12:00:00-04:00,109,70.0,71.37559901271706,boost_5y_no_dew_pressure,True
2021-10-08 04:00:00+00:00,2021-10-12 17:00:00+00:00,2021-10-12 13:00:00-04:00,110,70.0,72.86793961898525,boost_5y_no_dew_pressure,True
2021-10-08 04:00:00+00:00,2021-10-12 18:00:00+00:00,2021-10-12 14:00:00-04:00,111,70.0,73.50361713906007,boost_5y_no_dew_pressure,True
2021-10-08 04:00:00+00:00,2021-10-12 19:00:00+00:00,2021-10-12 15:00:00-04:00,112,70.0,73.68969765334585,boost_5y_no_dew_pressure,True
2021-10-08 04:00:00+00:00,2021-10-12 20:00:00+00:00,2021-10-12 16:00:00-04:00,113,70.0,73.39668032009004,boost_5y_no_dew_pressure,True
2021-10-08 04:00:00+00:00,2021-10-12 21:00:00+00:00,2021-10-12 17:00:00-04:00,114,69.0,71.71006454795842,boost_5y_no_dew_pressure,True
2021-10-08 04:00:00+00:00,2021-10-12 22:00:00+00:00,2021-10-12 18:00:00-04:00,115,69.0,67.40864857268038,boost_5y_no_dew_pressure,True
2021-10-08 04:00:00+00:00,2021-10-12 23:00:00+00:00,2021-10-12 19:00:00-04:00,116,67.0,64.91650030126054,boost_5y_no_dew_pressure,True
2021-10-08 04:00:00+00:00,2021-10-13 00:00:00+00:00,2021-10-12 20:00:00-04:00,117,66.0,63.74270560996691,boost_5y_no_dew_pressure,True
2021-10-08 04:00:00+00:00,2021-10-13 01:00:00+00:00,2021-10-12 21:00:00-04:00,118,63.0,62.58502423086028,boost_5y_no_dew_pressure,True
2021-10-08 04:00:00+00:00,2021-10-13 02:00:00+00:00,2021-10-12 22:00:00-04:00,119,61.0,61.827520640958674,boost_5y_no_dew_pressure,True
2021-10-08 04:00:00+00:00,2021-10-13 03:00:00+00:00,2021-10-12 23:00:00-04:00,120,60.0,61.09376767783141,boost_5y_no_dew_pressure,True
2021-10-08 04:00:00+00:00,2021-10-13 04:00:00+00:00,2021-10-13 00:00:00-04:00,121,59.0,60.35776950058613,boost_5y_no_dew_pressure,True
2021-10-08 04:00:00+00:00,2021-10-13 05:00:00+00:00,2021-10-13 01:00:00-04:00,122,59.0,60.054386144974266,boost_5y_no_dew_pressure,True
2021-10-08 04:00:00+00:00,2021-10-13 06:00:00+00:00,2021-10-13 02:00:00-04:00,123,59.0,59.40744792794634,boost_5y_no_dew_pressure,True
2021-10-08 04:00:00+00:00,2021-10-13 07:00:00+00:00,2021-10-13 03:00:00-04:00,124,59.0,59.01520237066047,boost_5y_no_dew_pressure,True
2021-10-08 04:00:00+00:00,2021-10-13 08:00:00+00:00,2021-10-13 04:00:00-04:00,125,58.0,58.73889432843944,boost_5y_no_dew_pressure,True
2021-10-08 04:00:00+00:00,2021-10-13 09:00:00+00:00,2021-10-13 05:00:00-04:00,126,58.0,58.5738414918826,boost_5y_no_dew_pressure,True
2021-10-08 04:00:00+00:00,2021-10-13 10:00:00+00:00,2021-10-13 06:00:00-04:00,127,57.0,58.14132252394454,boost_5y_no_dew_pressure,True
2021-10-08 04:00:00+00:00,2021-10-13 11:00:00+00:00,2021-10-13 07:00:00-04:00,128,57.0,58.39265772415328,boost_5y_no_dew_pressure,True
2021-10-08 04:00:00+00:00,2021-10-13 12:00:00+00:00,2021-10-13 08:00:00-04:00,129,63.0,60.98702985807375,boost_5y_no_dew_pressure,True
2021-10-08 04:00:00+00:00,2021-10-13 13:00:00+00:00,2021-10-13 09:00:00-04:00,130,68.0,64.02856619197522,boost_5y_no_dew_pressure,True
2021-10-08 04:00:00+00:00,2021-10-13 14:00:00+00:00,2021-10-13 10:00:00-04:00,131,72.0,67.06818165971124,boost_5y_no_dew_pressure,True
2021-10-08 04:00:00+00:00,2021-10-13 15:00:00+00:00,2021-10-13 11:00:00-04:00,132,74.0,69.19482734971695,boost_5y_no_dew_pressure,True
2021-10-08 04:00:00+00:00,2021-10-13 16:00:00+00:00,2021-10-13 12:00:00-04:00,133,76.0,71.04012887513771,boost_5y_no_dew_pressure,True
2021-10-08 04:00:00+00:00,2021-10-13 17:00:00+00:00,2021-10-13 13:00:00-04:00,134,79.0,72.51776728402032,boost_5y_no_dew_pressure,True
2021-10-08 04:00:00+00:00,2021-10-13 18:00:00+00:00,2021-10-13 14:00:00-04:00,135,79.0,73.11881587192136,boost_5y_no_dew_pressure,True
2021-10-08 04:00:00+00:00,2021-10-13 19:00:00+00:00,2021-10-13 15:00:00-04:00,136,79.0,73.37846217021999,boost_5y_no_dew_pressure,True
2021-10-08 04:00:00+00:00,2021-10-13 20:00:00+00:00,2021-10-13 16:00:00-04:00,137,82.0,73.16727733675802,boost_5y_no_dew_pressure,True
2021-10-08 04:00:00+00:00,2021-10-13 21:00:00+00:00,2021-10-13 17:00:00-04:00,138,79.0,71.4146072745311,boost_5y_no_dew_pressure,True
2021-10-08 04:00:00+00:00,2021-10-13 22:00:00+00:00,2021-10-13 18:00:00-04:00,139,72.0,67.08234660468128,boost_5y_no_dew_pressure,True
2021-10-08 04:00:00+00:00,2021-10-13 23:00:00+00:00,2021-10-13 19:00:00-04:00,140,68.0,64.71720745664122,boost_5y_no_dew_pressure,True
2021-10-08 04:00:00+00:00,2021-10-14 00:00:00+00:00,2021-10-13 20:00:00-04:00,141,66.0,63.57227294221454,boost_5y_no_dew_pressure,True
2021-10-08 04:00:00+00:00,2021-10-14 01:00:00+00:00,2021-10-13 21:00:00-04:00,142,67.0,62.35971963160057,boost_5y_no_dew_pressure,True
2021-10-08 04:00:00+00:00,2021-10-14 02:00:00+00:00,2021-10-13 22:00:00-04:00,143,69.0,61.64773207191708,boost_5y_no_dew_pressure,True
2021-10-08 04:00:00+00:00,2021-10-14 03:00:00+00:00,2021-10-13 23:00:00-04:00,144,66.0,60.82677374262666,boost_5y_no_dew_pressure,True
2021-10-08 04:00:00+00:00,2021-10-14 04:00:00+00:00,2021-10-14 00:00:00-04:00,145,65.0,59.91860756751608,boost_5y_no_dew_pressure,True
2021-10-08 04:00:00+00:00,2021-10-14 05:00:00+00:00,2021-10-14 01:00:00-04:00,146,63.0,59.51491475656254,boost_5y_no_dew_pressure,True
2021-10-08 04:00:00+00:00,2021-10-14 06:00:00+00:00,2021-10-14 02:00:00-04:00,147,62.0,59.02903761188217,boost_5y_no_dew_pressure,True
2021-10-08 04:00:00+00:00,2021-10-14 07:00:00+00:00,2021-10-14 03:00:00-04:00,148,61.0,58.410556893840976,boost_5y_no_dew_pressure,True
2021-10-08 04:00:00+00:00,2021-10-14 08:00:00+00:00,2021-10-14 04:00:00-04:00,149,60.0,58.14602665264314,boost_5y_no_dew_pressure,True
2021-10-08 04:00:00+00:00,2021-10-14 09:00:00+00:00,2021-10-14 05:00:00-04:00,150,60.0,57.850815813687625,boost_5y_no_dew_pressure,True
2021-10-08 04:00:00+00:00,2021-10-14 10:00:00+00:00,2021-10-14 06:00:00-04:00,151,60.0,57.37606369800011,boost_5y_no_dew_pressure,True
2021-10-08 04:00:00+00:00,2021-10-14 11:00:00+00:00,2021-10-14 07:00:00-04:00,152,60.0,57.59594065260012,boost_5y_no_dew_pressure,True
2021-10-08 04:00:00+00:00,2021-10-14 12:00:00+00:00,2021-10-14 08:00:00-04:00,153,65.0,60.413845011026815,boost_5y_no_dew_pressure,True
2021-10-08 04:00:00+00:00,2021-10-14 13:00:00+00:00,2021-10-14 09:00:00-04:00,154,71.0,63.62085750054064,boost_5y_no_dew_pressure,True
2021-10-08 04:00:00+00:00,2021-10-14 14:00:00+00:00,2021-10-14 10:00:00-04:00,155,75.0,66.71131210958225,boost_5y_no_dew_pressure,True
2021-10-08 04:00:00+00:00,2021-10-14 15:00:00+00:00,2021-10-14 11:00:00-04:00,156,77.0,68.85408086381513,boost_5y_no_dew_pressure,True
2021-10-08 04:00:00+00:00,2021-10-14 16:00:00+00:00,2021-10-14 12:00:00-04:00,157,80.0,70.76472039991549,boost_5y_no_dew_pressure,True
2021-10-08 04:00:00+00:00,2021-10-14 17:00:00+00:00,2021-10-14 13:00:00-04:00,158,82.0,72.24149772788778,boost_5y_no_dew_pressure,True
2021-10-08 04:00:00+00:00,2021-10-14 18:00:00+00:00,2021-10-14 14:00:00-04:00,159,82.0,72.88562592364853,boost_5y_no_dew_pressure,True
2021-10-08 04:00:00+00:00,2021-10-14 19:00:00+00:00,2021-10-14 15:00:00-04:00,160,83.0,73.09569057528795,boost_5y_no_dew_pressure,True
2021-10-08 04:00:00+00:00,2021-10-14 20:00:00+00:00,2021-10-14 16:00:00-04:00,161,80.0,72.82876021394081,boost_5y_no_dew_pressure,True
2021-10-08 04:00:00+00:00,2021-10-14 21:00:00+00:00,2021-10-14 17:00:00-04:00,162,77.0,71.00030842536795,boost_5y_no_dew_pressure,True
2021-10-08 04:00:00+00:00,2021-10-14 22:00:00+00:00,2021-10-14 18:00:00-04:00,163,73.0,66.61128169087388,boost_5y_no_dew_pressure,True
2021-10-08 04:00:00+00:00,2021-10-14 23:00:00+00:00,2021-10-14 19:00:00-04:00,164,69.0,64.22920109709696,boost_5y_no_dew_pressure,True
2021-10-08 04:00:00+00:00,2021-10-15 00:00:00+00:00,2021-10-14 20:00:00-04:00,165,67.0,63.03004710173361,boost_5y_no_dew_pressure,True
2021-10-08 04:00:00+00:00,2021-10-15 01:00:00+00:00,2021-10-14 21:00:00-04:00,166,66.0,61.84435767297772,boost_5y_no_dew_pressure,True
2021-10-08 04:00:00+00:00,2021-10-15 02:00:00+00:00,2021-10-14 22:00:00-04:00,167,64.0,61.03368152229528,boost_5y_no_dew_pressure,True
2021-10-08 04:00:00+00:00,2021-10-15 03:00:00+00:00,2021-10-14 23:00:00-04:00,168,64.0,60.27628658401096,boost_5y_no_dew_pressure,True
2021-10-08 04:00:00+00:00,2021-10-15 04:00:00+00:00,2021-10-15 00:00:00-04:00,169,64.0,59.33244610481199,boost_5y_no_dew_pressure,True
2021-10-08 04:00:00+00:00,2021-10-15 05:00:00+00:00,2021-10-15 01:00:00-04:00,170,62.0,59.02823332254485,boost_5y_no_dew_pressure,True
2021-10-08 04:00:00+00:00,2021-10-15 06:00:00+00:00,2021-10-15 02:00:00-04:00,171,62.0,58.394762764939706,boost_5y_no_dew_pressure,True
2021-10-08 04:00:00+00:00,2021-10-15 07:00:00+00:00,2021-10-15 03:00:00-04:00,172,61.0,57.78668727990511,boost_5y_no_dew_pressure,True
2021-10-08 04:00:00+00:00,2021-10-15 08:00:00+00:00,2021-10-15 04:00:00-04:00,173,60.0,57.38733073862207,boost_5y_no_dew_pressure,True
2021-10-08 04:00:00+00:00,2021-10-15 09:00:00+00:00,2021-10-15 05:00:00-04:00,174,60.0,57.217383324970264,boost_5y_no_dew_pressure,True
2021-10-08 04:00:00+00:00,2021-10-15 10:00:00+00:00,2021-10-15 06:00:00-04:00,175,60.0,56.80441279831324,boost_5y_no_dew_pressure,True
2021-10-08 04:00:00+00:00,2021-10-15 11:00:00+00:00,2021-10-15 07:00:00-04:00,176,60.0,56.99636600551064,boost_5y_no_dew_pressure,True
2021-10-08 04:00:00+00:00,2021-10-15 12:00:00+00:00,2021-10-15 08:00:00-04:00,177,67.0,59.76974213955861,boost_5y_no_dew_pressure,True
2021-10-08 04:00:00+00:00,2021-10-15 13:00:00+00:00,2021-10-15 09:00:00-04:00,178,72.0,63.203295615743315,boost_5y_no_dew_pressure,True
2021-10-08 04:00:00+00:00,2021-10-15 14:00:00+00:00,2021-10-15 10:00:00-04:00,179,76.0,66.35911214217103,boost_5y_no_dew_pressure,True
2021-10-08 04:00:00+00:00,2021-10-15 15:00:00+00:00,2021-10-15 11:00:00-04:00,180,80.0,68.47193862273949,boost_5y_no_dew_pressure,True
2021-10-08 04:00:00+00:00,2021-10-15 16:00:00+00:00,2021-10-15 12:00:00-04:00,181,82.0,70.3392408283619,boost_5y_no_dew_pressure,True
2021-10-08 04:00:00+00:00,2021-10-15 17:00:00+00:00,2021-10-15 13:00:00-04:00,182,84.0,71.78759049710885,boost_5y_no_dew_pressure,True
2021-10-08 04:00:00+00:00,2021-10-15 18:00:00+00:00,2021-10-15 14:00:00-04:00,183,84.0,72.48745670891897,boost_5y_no_dew_pressure,True
2021-10-08 04:00:00+00:00,2021-10-15 19:00:00+00:00,2021-10-15 15:00:00-04:00,184,84.0,72.66380485495365,boost_5y_no_dew_pressure,True
2021-10-08 04:00:00+00:00,2021-10-15 20:00:00+00:00,2021-10-15 16:00:00-04:00,185,83.0,72.28764050287664,boost_5y_no_dew_pressure,True
2021-10-08 04:00:00+00:00,2021-10-15 21:00:00+00:00,2021-10-15 17:00:00-04:00,186,82.0,70.47901318056087,boost_5y_no_dew_pressure,True
2021-10-08 04:00:00+00:00,2021-10-15 22:00:00+00:00,2021-10-15 18:00:00-04:00,187,77.0,66.12051815851069,boost_5y_no_dew_pressure,True
2021-10-08 04:00:00+00:00,2021-10-15 23:00:00+00:00,2021-10-15 19:00:00-04:00,188,75.0,63.733342677908745,boost_5y_no_dew_pressure,True
2021-10-08 04:00:00+00:00,2021-10-16 00:00:00+00:00,2021-10-15 20:00:00-04:00,189,73.0,62.4787727719508,boost_5y_no_dew_pressure,True
2021-10-08 04:00:00+00:00,2021-10-16 01:00:00+00:00,2021-10-15 21:00:00-04:00,190,72.0,61.254507559476764,boost_5y_no_dew_pressure,True
2021-10-08 04:00:00+00:00,2021-10-16 02:00:00+00:00,2021-10-15 22:00:00-04:00,191,71.0,60.56866734926229,boost_5y_no_dew_pressure,True
2021-10-08 04:00:00+00:00,2021-10-16 03:00:00+00:00,2021-10-15 23:00:00-04:00,192,70.0,59.806875292540894,boost_5y_no_dew_pressure,True
2021-10-08 04:00:00+00:00,2021-10-16 04:00:00+00:00,2021-10-16 00:00:00-04:00,193,69.0,59.39276666369617,boost_5y_no_dew_pressure,True
2021-10-08 04:00:00+00:00,2021-10-16 05:00:00+00:00,2021-10-16 01:00:00-04:00,194,68.0,59.055671091614336,boost_5y_no_dew_pressure,True
2021-10-08 04:00:00+00:00,2021-10-16 06:00:00+00:00,2021-10-16 02:00:00-04:00,195,67.0,58.47645742348509,boost_5y_no_dew_pressure,True
2021-10-08 04:00:00+00:00,2021-10-16 07:00:00+00:00,2021-10-16 03:00:00-04:00,196,67.0,57.75868184087765,boost_5y_no_dew_pressure,True
2021-10-08 04:00:00+00:00,2021-10-16 08:00:00+00:00,2021-10-16 04:00:00-04:00,197,67.0,57.36799339112886,boost_5y_no_dew_pressure,True
2021-10-08 04:00:00+00:00,2021-10-16 09:00:00+00:00,2021-10-16 05:00:00-04:00,198,66.0,57.11087170368325,boost_5y_no_dew_pressure,True
2021-10-08 04:00:00+00:00,2021-10-16 10:00:00+00:00,2021-10-16 06:00:00-04:00,199,66.0,56.707135601896965,boost_5y_no_dew_pressure,True
2021-10-08 04:00:00+00:00,2021-10-16 11:00:00+00:00,2021-10-16 07:00:00-04:00,200,66.0,56.87821192714281,boost_5y_no_dew_pressure,True
2021-10-08 04:00:00+00:00,2021-10-16 12:00:00+00:00,2021-10-16 08:00:00-04:00,201,69.0,59.79641952209173,boost_5y_no_dew_pressure,True
2021-10-08 04:00:00+00:00,2021-10-16 13:00:00+00:00,2021-10-16 09:00:00-04:00,202,73.0,62.967271233362325,boost_5y_no_dew_pressure,True
2021-10-08 04:00:00+00:00,2021-10-16 14:00:00+00:00,2021-10-16 10:00:00-04:00,203,78.0,65.990639540051,boost_5y_no_dew_pressure,True
2021-10-08 04:00:00+00:00,2021-10-16 15:00:00+00:00,2021-10-16 11:00:00-04:00,204,81.0,68.09570905084756,boost_5y_no_dew_pressure,True
2021-10-08 04:00:00+00:00,2021-10-16 16:00:00+00:00,2021-10-16 12:00:00-04:00,205,83.0,70.04326247507032,boost_5y_no_dew_pressure,True
2021-10-08 04:00:00+00:00,2021-10-16 17:00:00+00:00,2021-10-16 13:00:00-04:00,206,84.0,71.52413700168296,boost_5y_no_dew_pressure,True
2021-10-08 04:00:00+00:00,2021-10-16 18:00:00+00:00,2021-10-16 14:00:00-04:00,207,84.0,72.19534100226734,boost_5y_no_dew_pressure,True
2021-10-08 04:00:00+00:00,2021-10-16 19:00:00+00:00,2021-10-16 15:00:00-04:00,208,70.0,72.39502966457323,boost_5y_no_dew_pressure,True
2021-10-08 04:00:00+00:00,2021-10-16 20:00:00+00:00,2021-10-16 16:00:00-04:00,209,73.0,71.94250050693651,boost_5y_no_dew_pressure,True
2021-10-08 04:00:00+00:00,2021-10-16 21:00:00+00:00,2021-10-16 17:00:00-04:00,210,68.0,70.08996025739827,boost_5y_no_dew_pressure,True
2021-10-08 04:00:00+00:00,2021-10-16 22:00:00+00:00,2021-10-16 18:00:00-04:00,211,67.0,65.6857501323935,boost_5y_no_dew_pressure,True
2021-10-08 04:00:00+00:00,2021-10-16 23:00:00+00:00,2021-10-16 19:00:00-04:00,212,66.0,63.264006224696224,boost_5y_no_dew_pressure,True
2021-10-08 04:00:00+00:00,2021-10-17 00:00:00+00:00,2021-10-16 20:00:00-04:00,213,64.0,61.90201943869114,boost_5y_no_dew_pressure,True
2021-10-08 04:00:00+00:00,2021-10-17 01:00:00+00:00,2021-10-16 21:00:00-04:00,214,62.0,60.60948582447106,boost_5y_no_dew_pressure,True
2021-10-08 04:00:00+00:00,2021-10-17 02:00:00+00:00,2021-10-16 22:00:00-04:00,215,59.0,59.87925184027632,boost_5y_no_dew_pressure,True
2021-10-08 04:00:00+00:00,2021-10-17 03:00:00+00:00,2021-10-16 23:00:00-04:00,216,58.0,58.89955589343959,boost_5y_no_dew_pressure,True
2021-10-08 04:00:00+00:00,2021-10-17 04:00:00+00:00,2021-10-17 00:00:00-04:00,217,56.0,58.05262232632385,boost_5y_no_dew_pressure,True
2021-10-08 04:00:00+00:00,2021-10-17 05:00:00+00:00,2021-10-17 01:00:00-04:00,218,55.0,57.68687288523745,boost_5y_no_dew_pressure,True
2021-10-08 04:00:00+00:00,2021-10-17 06:00:00+00:00,2021-10-17 02:00:00-04:00,219,54.0,56.965256770486576,boost_5y_no_dew_pressure,True
2021-10-08 04:00:00+00:00,2021-10-17 07:00:00+00:00,2021-10-17 03:00:00-04:00,220,53.0,56.267441805624955,boost_5y_no_dew_pressure,True
2021-10-08 04:00:00+00:00,2021-10-17 08:00:00+00:00,2021-10-17 04:00:00-04:00,221,52.0,55.85507369979904,boost_5y_no_dew_pressure,True
2021-10-08 04:00:00+00:00,2021-10-17 09:00:00+00:00,2021-10-17 05:00:00-04:00,222,51.0,55.58430055289491,boost_5y_no_dew_pressure,True
2021-10-08 04:00:00+00:00,2021-10-17 10:00:00+00:00,2021-10-17 06:00:00-04:00,223,47.0,55.22837089978401,boost_5y_no_dew_pressure,True
2021-10-08 04:00:00+00:00,2021-10-17 11:00:00+00:00,2021-10-17 07:00:00-04:00,224,48.0,55.33584531594716,boost_5y_no_dew_pressure,True
2021-10-08 04:00:00+00:00,2021-10-17 12:00:00+00:00,2021-10-17 08:00:00-04:00,225,52.0,58.37194989270826,boost_5y_no_dew_pressure,True
2021-10-08 04:00:00+00:00,2021-10-17 13:00:00+00:00,2021-10-17 09:00:00-04:00,226,57.0,61.881378502888424,boost_5y_no_dew_pressure,True
2021-10-08 04:00:00+00:00,2021-10-17 14:00:00+00:00,2021-10-17 10:00:00-04:00,227,60.0,65.116577918687,boost_5y_no_dew_pressure,True
2021-10-08 04:00:00+00:00,2021-10-17 15:00:00+00:00,2021-10-17 11:00:00-04:00,228,62.0,67.29684329436168,boost_5y_no_dew_pressure,True
2021-10-08 04:00:00+00:00,2021-10-17 16:00:00+00:00,2021-10-17 12:00:00-04:00,229,63.0,69.29973736364029,boost_5y_no_dew_pressure,True
2021-10-08 04:00:00+00:00,2021-10-17 17:00:00+00:00,2021-10-17 13:00:00-04:00,230,64.0,70.83592484869253,boost_5y_no_dew_pressure,True
2021-10-08 04:00:00+00:00,2021-10-17 18:00:00+00:00,2021-10-17 14:00:00-04:00,231,65.0,71.51914942369288,boost_5y_no_dew_pressure,True
2021-10-08 04:00:00+00:00,2021-10-17 19:00:00+00:00,2021-10-17 15:00:00-04:00,232,66.0,71.84112350893261,boost_5y_no_dew_pressure,True
2021-10-08 04:00:00+00:00,2021-10-17 20:00:00+00:00,2021-10-17 16:00:00-04:00,233,65.0,71.36386658915627,boost_5y_no_dew_pressure,True
2021-10-08 04:00:00+00:00,2021-10-17 21:00:00+00:00,2021-10-17 17:00:00-04:00,234,64.0,69.44657183439466,boost_5y_no_dew_pressure,True
2021-10-08 04:00:00+00:00,2021-10-17 22:00:00+00:00,2021-10-17 18:00:00-04:00,235,59.0,64.8797457416503,boost_5y_no_dew_pressure,True
2021-10-08 04:00:00+00:00,2021-10-17 23:00:00+00:00,2021-10-17 19:00:00-04:00,236,57.0,62.33156875029242,boost_5y_no_dew_pressure,True
2021-10-08 04:00:00+00:00,2021-10-18 00:00:00+00:00,2021-10-17 20:00:00-04:00,237,52.0,60.9919470736812,boost_5y_no_dew_pressure,True
2021-10-08 04:00:00+00:00,2021-10-18 01:00:00+00:00,2021-10-17 21:00:00-04:00,238,55.0,59.74894693583377,boost_5y_no_dew_pressure,True
2021-10-08 04:00:00+00:00,2021-10-18 02:00:00+00:00,2021-10-17 22:00:00-04:00,239,54.0,58.90982406283427,boost_5y_no_dew_pressure,True
2021-10-08 04:00:00+00:00,2021-10-18 03:00:00+00:00,2021-10-17 23:00:00-04:00,240,50.0,57.97888785851451,boost_5y_no_dew_pressure,True
2021-10-08 04:00:00+00:00,2021-10-18 04:00:00+00:00,2021-10-18 00:00:00-04:00,241,48.0,56.89924205756262,boost_5y_no_dew_pressure,True
2021-10-08 04:00:00+00:00,2021-10-18 05:00:00+00:00,2021-10-18 01:00:00-04:00,242,47.0,56.53005704341766,boost_5y_no_dew_pressure,True
2021-10-08 04:00:00+00:00,2021-10-18 06:00:00+00:00,2021-10-18 02:00:00-04:00,243,47.0,55.79931507205518,boost_5y_no_dew_pressure,True
2021-10-08 04:00:00+00:00,2021-10-18 07:00:00+00:00,2021-10-18 03:00:00-04:00,244,46.0,55.12117393093272,boost_5y_no_dew_pressure,True
2021-10-08 04:00:00+00:00,2021-10-18 08:00:00+00:00,2021-10-18 04:00:00-04:00,245,44.0,54.712146762186315,boost_5y_no_dew_pressure,True
2021-10-08 04:00:00+00:00,2021-10-18 09:00:00+00:00,2021-10-18 05:00:00-04:00,246,45.0,54.476484898510535,boost_5y_no_dew_pressure,True
2021-10-08 04:00:00+00:00,2021-10-18 10:00:00+00:00,2021-10-18 06:00:00-04:00,247,43.0,54.14742986609354,boost_5y_no_dew_pressure,True
2021-10-08 04:00:00+00:00,2021-10-18 11:00:00+00:00,2021-10-18 07:00:00-04:00,248,44.0,54.27459279576788,boost_5y_no_dew_pressure,True
2021-10-08 04:00:00+00:00,2021-10-18 12:00:00+00:00,2021-10-18 08:00:00-04:00,249,51.0,57.47032712224303,boost_5y_no_dew_pressure,True
2021-10-08 04:00:00+00:00,2021-10-18 13:00:00+00:00,2021-10-18 09:00:00-04:00,250,57.0,61.289556353578696,boost_5y_no_dew_pressure,True
2021-10-08 04:00:00+00:00,2021-10-18 14:00:00+00:00,2021-10-18 10:00:00-04:00,251,62.0,64.64932126123968,boost_5y_no_dew_pressure,True
2021-10-08 04:00:00+00:00,2021-10-18 15:00:00+00:00,2021-10-18 11:00:00-04:00,252,66.0,66.92136317937066,boost_5y_no_dew_pressure,True
2021-10-08 04:00:00+00:00,2021-10-18 16:00:00+00:00,2021-10-18 12:00:00-04:00,253,67.0,68.91212529493245,boost_5y_no_dew_pressure,True
2021-10-08 04:00:00+00:00,2021-10-18 17:00:00+00:00,2021-10-18 13:00:00-04:00,254,69.0,70.36869363002484,boost_5y_no_dew_pressure,True
2021-10-08 04:00:00+00:00,2021-10-18 18:00:00+00:00,2021-10-18 14:00:00-04:00,255,69.0,71.18551097266976,boost_5y_no_dew_pressure,True
2021-10-08 04:00:00+00:00,2021-10-18 19:00:00+00:00,2021-10-18 15:00:00-04:00,256,70.0,71.44141611429419,boost_5y_no_dew_pressure,True
2021-10-08 04:00:00+00:00,2021-10-18 20:00:00+00:00,2021-10-18 16:00:00-04:00,257,70.0,70.96452296886642,boost_5y_no_dew_pressure,True
2021-10-08 04:00:00+00:00,2021-10-18 21:00:00+00:00,2021-10-18 17:00:00-04:00,258,68.0,68.88758697095625,boost_5y_no_dew_pressure,True
2021-10-08 04:00:00+00:00,2021-10-18 22:00:00+00:00,2021-10-18 18:00:00-04:00,259,61.0,64.26455492775067,boost_5y_no_dew_pressure,True
2021-10-08 04:00:00+00:00,2021-10-18 23:00:00+00:00,2021-10-18 19:00:00-04:00,260,57.0,61.54653244629727,boost_5y_no_dew_pressure,True
2021-10-08 04:00:00+00:00,2021-10-19 00:00:00+00:00,2021-10-18 20:00:00-04:00,261,54.0,60.300729433157166,boost_5y_no_dew_pressure,True
2021-10-08 04:00:00+00:00,2021-10-19 01:00:00+00:00,2021-10-18 21:00:00-04:00,262,51.0,59.08317345590937,boost_5y_no_dew_pressure,True
2021-10-08 04:00:00+00:00,2021-10-19 02:00:00+00:00,2021-10-18 22:00:00-04:00,263,50.0,58.234833461049426,boost_5y_no_dew_pressure,True
2021-10-08 04:00:00+00:00,2021-10-19 03:00:00+00:00,2021-10-18 23:00:00-04:00,264,49.0,57.2670000792396,boost_5y_no_dew_pressure,True
2021-10-08 04:00:00+00:00,2021-10-19 04:00:00+00:00,2021-10-19 00:00:00-04:00,265,47.0,56.35478264664035,boost_5y_no_dew_pressure,True
2021-10-08 04:00:00+00:00,2021-10-19 05:00:00+00:00,2021-10-19 01:00:00-04:00,266,48.0,55.97970151876488,boost_5y_no_dew_pressure,True
2021-10-08 04:00:00+00:00,2021-10-19 06:00:00+00:00,2021-10-19 02:00:00-04:00,267,46.0,55.22098248815318,boost_5y_no_dew_pressure,True
2021-10-08 04:00:00+00:00,2021-10-19 07:00:00+00:00,2021-10-19 03:00:00-04:00,268,44.0,54.544187276235206,boost_5y_no_dew_pressure,True
2021-10-08 04:00:00+00:00,2021-10-19 08:00:00+00:00,2021-10-19 04:00:00-04:00,269,45.0,54.10728239433305,boost_5y_no_dew_pressure,True
2021-10-08 04:00:00+00:00,2021-10-19 09:00:00+00:00,2021-10-19 05:00:00-04:00,270,43.0,53.817066955211274,boost_5y_no_dew_pressure,True
2021-10-08 04:00:00+00:00,2021-10-19 10:00:00+00:00,2021-10-19 06:00:00-04:00,271,42.0,53.4734751780053,boost_5y_no_dew_pressure,True
2021-10-08 04:00:00+00:00,2021-10-19 11:00:00+00:00,2021-10-19 07:00:00-04:00,272,44.0,53.47861686528705,boost_5y_no_dew_pressure,True
2021-10-08 04:00:00+00:00,2021-10-19 12:00:00+00:00,2021-10-19 08:00:00-04:00,273,51.0,56.67308699268773,boost_5y_no_dew_pressure,True
2021-10-08 04:00:00+00:00,2021-10-19 13:00:00+00:00,2021-10-19 09:00:00-04:00,274,59.0,60.62642077171107,boost_5y_no_dew_pressure,True
2021-10-08 04:00:00+00:00,2021-10-19 14:00:00+00:00,2021-10-19 10:00:00-04:00,275,65.0,63.925878154634965,boost_5y_no_dew_pressure,True
2021-10-08 04:00:00+00:00,2021-10-19 15:00:00+00:00,2021-10-19 11:00:00-04:00,276,68.0,66.17167718338334,boost_5y_no_dew_pressure,True
2021-10-08 04:00:00+00:00,2021-10-19 16:00:00+00:00,2021-10-19 12:00:00-04:00,277,71.0,68.09461570940566,boost_5y_no_dew_pressure,True
2021-10-08 04:00:00+00:00,2021-10-19 17:00:00+00:00,2021-10-19 13:00:00-04:00,278,73.0,69.54885088062593,boost_5y_no_dew_pressure,True
2021-10-08 04:00:00+00:00,2021-10-19 18:00:00+00:00,2021-10-19 14:00:00-04:00,279,74.0,70.36328400623772,boost_5y_no_dew_pressure,True
2021-10-08 04:00:00+00:00,2021-10-19 19:00:00+00:00,2021-10-19 15:00:00-04:00,280,74.0,70.68374944119493,boost_5y_no_dew_pressure,True
2021-10-08 04:00:00+00:00,2021-10-19 20:00:00+00:00,2021-10-19 16:00:00-04:00,281,73.0,70.20461725114066,boost_5y_no_dew_pressure,True
2021-10-08 04:00:00+00:00,2021-10-19 21:00:00+00:00,2021-10-19 17:00:00-04:00,282,70.0,68.21880642481845,boost_5y_no_dew_pressure,True
2021-10-08 04:00:00+00:00,2021-10-19 22:00:00+00:00,2021-10-19 18:00:00-04:00,283,64.0,63.65963716166054,boost_5y_no_dew_pressure,True
2021-10-08 04:00:00+00:00,2021-10-19 23:00:00+00:00,2021-10-19 19:00:00-04:00,284,61.0,60.995439893886996,boost_5y_no_dew_pressure,True
2021-10-08 04:00:00+00:00,2021-10-20 00:00:00+00:00,2021-10-19 20:00:00-04:00,285,58.0,59.71526064031973,boost_5y_no_dew_pressure,True
2021-10-08 04:00:00+00:00,2021-10-20 01:00:00+00:00,2021-10-19 21:00:00-04:00,286,55.0,58.45773050903629,boost_5y_no_dew_pressure,True
2021-10-08 04:00:00+00:00,2021-10-20 02:00:00+00:00,2021-10-19 22:00:00-04:00,287,53.0,57.59886506957589,boost_5y_no_dew_pressure,True
2021-10-08 04:00:00+00:00,2021-10-20 03:00:00+00:00,2021-10-19 23:00:00-04:00,288,52.0,56.69284057670562,boost_5y_no_dew_pressure,True
2021-10-08 04:00:00+00:00,2021-10-20 04:00:00+00:00,2021-10-20 00:00:00-04:00,289,49.0,55.91412426587511,boost_5y_no_dew_pressure,True
2021-10-08 04:00:00+00:00,2021-10-20 05:00:00+00:00,2021-10-20 01:00:00-04:00,290,50.0,55.5819884455485,boost_5y_no_dew_pressure,True
2021-10-08 04:00:00+00:00,2021-10-20 06:00:00+00:00,2021-10-20 02:00:00-04:00,291,50.0,54.854515375981116,boost_5y_no_dew_pressure,True
2021-10-08 04:00:00+00:00,2021-10-20 07:00:00+00:00,2021-10-20 03:00:00-04:00,292,49.0,54.22869896321504,boost_5y_no_dew_pressure,True
2021-10-08 04:00:00+00:00,2021-10-20 08:00:00+00:00,2021-10-20 04:00:00-04:00,293,49.0,53.776715184147385,boost_5y_no_dew_pressure,True
2021-10-08 04:00:00+00:00,2021-10-20 09:00:00+00:00,2021-10-20 05:00:00-04:00,294,48.0,53.54926625156693,boost_5y_no_dew_pressure,True
2021-10-08 04:00:00+00:00,2021-10-20 10:00:00+00:00,2021-10-20 06:00:00-04:00,295,48.0,53.161828108688894,boost_5y_no_dew_pressure,True
2021-10-08 04:00:00+00:00,2021-10-20 11:00:00+00:00,2021-10-20 07:00:00-04:00,296,46.0,53.2025785879434,boost_5y_no_dew_pressure,True
2021-10-08 04:00:00+00:00,2021-10-20 12:00:00+00:00,2021-10-20 08:00:00-04:00,297,52.0,56.423376329663405,boost_5y_no_dew_pressure,True
2021-10-08 04:00:00+00:00,2021-10-20 13:00:00+00:00,2021-10-20 09:00:00-04:00,298,59.0,60.24873640633725,boost_5y_no_dew_pressure,True
2021-10-08 04:00:00+00:00,2021-10-20 14:00:00+00:00,2021-10-20 10:00:00-04:00,299,67.0,63.48851758692821,boost_5y_no_dew_pressure,True
2021-10-08 04:00:00+00:00,2021-10-20 15:00:00+00:00,2021-10-20 11:00:00-04:00,300,72.0,65.74175478275785,boost_5y_no_dew_pressure,True
2021-10-08 04:00:00+00:00,2021-10-20 16:00:00+00:00,2021-10-20 12:00:00-04:00,301,74.0,67.7834367461793,boost_5y_no_dew_pressure,True
2021-10-08 04:00:00+00:00,2021-10-20 17:00:00+00:00,2021-10-20 13:00:00-04:00,302,77.0,69.35699853453893,boost_5y_no_dew_pressure,True
2021-10-08 04:00:00+00:00,2021-10-20 18:00:00+00:00,2021-10-20 14:00:00-04:00,303,76.0,70.23737459192462,boost_5y_no_dew_pressure,True
2021-10-08 04:00:00+00:00,2021-10-20 19:00:00+00:00,2021-10-20 15:00:00-04:00,304,79.0,70.61063512812835,boost_5y_no_dew_pressure,True
2021-10-08 04:00:00+00:00,2021-10-20 20:00:00+00:00,2021-10-20 16:00:00-04:00,305,78.0,70.03752291593449,boost_5y_no_dew_pressure,True
2021-10-08 04:00:00+00:00,2021-10-20 21:00:00+00:00,2021-10-20 17:00:00-04:00,306,74.0,68.01107432050924,boost_5y_no_dew_pressure,True
2021-10-08 04:00:00+00:00,2021-10-20 22:00:00+00:00,2021-10-20 18:00:00-04:00,307,67.0,63.46362113630465,boost_5y_no_dew_pressure,True
2021-10-08 04:00:00+00:00,2021-10-20 23:00:00+00:00,2021-10-20 19:00:00-04:00,308,63.0,60.76779138137738,boost_5y_no_dew_pressure,True
2021-10-08 04:00:00+00:00,2021-10-21 00:00:00+00:00,2021-10-20 20:00:00-04:00,309,57.0,59.501091896855115,boost_5y_no_dew_pressure,True
2021-10-08 04:00:00+00:00,2021-10-21 01:00:00+00:00,2021-10-20 21:00:00-04:00,310,57.0,58.30318982006856,boost_5y_no_dew_pressure,True
2021-10-08 04:00:00+00:00,2021-10-21 02:00:00+00:00,2021-10-20 22:00:00-04:00,311,54.0,57.361177711058744,boost_5y_no_dew_pressure,True
2021-10-08 04:00:00+00:00,2021-10-21 03:00:00+00:00,2021-10-20 23:00:00-04:00,312,53.0,56.39081877268227,boost_5y_no_dew_pressure,True
2021-10-08 04:00:00+00:00,2021-10-21 04:00:00+00:00,2021-10-21 00:00:00-04:00,313,52.0,55.46789336178958,boost_5y_no_dew_pressure,True
2021-10-08 04:00:00+00:00,2021-10-21 05:00:00+00:00,2021-10-21 01:00:00-04:00,314,51.0,55.0675086319068,boost_5y_no_dew_pressure,True
2021-10-08 04:00:00+00:00,2021-10-21 06:00:00+00:00,2021-10-21 02:00:00-04:00,315,50.0,54.30712920855837,boost_5y_no_dew_pressure,True
2021-10-08 04:00:00+00:00,2021-10-21 07:00:00+00:00,2021-10-21 03:00:00-04:00,316,50.0,53.69456969600462,boost_5y_no_dew_pressure,True
2021-10-08 04:00:00+00:00,2021-10-21 08:00:00+00:00,2021-10-21 04:00:00-04:00,317,51.0,53.200851499445136,boost_5y_no_dew_pressure,True
2021-10-08 04:00:00+00:00,2021-10-21 09:00:00+00:00,2021-10-21 05:00:00-04:00,318,52.0,52.93380527792587,boost_5y_no_dew_pressure,True
2021-10-08 04:00:00+00:00,2021-10-21 10:00:00+00:00,2021-10-21 06:00:00-04:00,319,51.0,52.48659500521428,boost_5y_no_dew_pressure,True
2021-10-08 04:00:00+00:00,2021-10-21 11:00:00+00:00,2021-10-21 07:00:00-04:00,320,50.0,52.555747271911706,boost_5y_no_dew_pressure,True
2021-10-08 04:00:00+00:00,2021-10-21 12:00:00+00:00,2021-10-21 08:00:00-04:00,321,56.0,55.96877145240692,boost_5y_no_dew_pressure,True
2021-10-08 04:00:00+00:00,2021-10-21 13:00:00+00:00,2021-10-21 09:00:00-04:00,322,61.0,59.914243010914475,boost_5y_no_dew_pressure,True
2021-10-08 04:00:00+00:00,2021-10-21 14:00:00+00:00,2021-10-21 10:00:00-04:00,323,68.0,63.31672256804637,boost_5y_no_dew_pressure,True
2021-10-08 04:00:00+00:00,2021-10-21 15:00:00+00:00,2021-10-21 11:00:00-04:00,324,73.0,65.70668512832756,boost_5y_no_dew_pressure,True
2021-10-08 04:00:00+00:00,2021-10-21 16:00:00+00:00,2021-10-21 12:00:00-04:00,325,75.0,67.88203138019243,boost_5y_no_dew_pressure,True
2021-10-08 04:00:00+00:00,2021-10-21 17:00:00+00:00,2021-10-21 13:00:00-04:00,326,77.0,69.44218726671266,boost_5y_no_dew_pressure,True
2021-10-08 04:00:00+00:00,2021-10-21 18:00:00+00:00,2021-10-21 14:00:00-04:00,327,78.0,70.36244902264886,boost_5y_no_dew_pressure,True
2021-10-08 04:00:00+00:00,2021-10-21 19:00:00+00:00,2021-10-21 15:00:00-04:00,328,78.0,70.77572259982264,boost_5y_no_dew_pressure,True
2021-10-08 04:00:00+00:00,2021-10-21 20:00:00+00:00,2021-10-21 16:00:00-04:00,329,77.0,70.13587355005897,boost_5y_no_dew_pressure,True
2021-10-08 04:00:00+00:00,2021-10-21 21:00:00+00:00,2021-10-21 17:00:00-04:00,330,74.0,68.00268908492299,boost_5y_no_dew_pressure,True
2021-10-08 04:00:00+00:00,2021-10-21 22:00:00+00:00,2021-10-21 18:00:00-04:00,331,72.0,63.4783702327992,boost_5y_no_dew_pressure,True
2021-10-08 04:00:00+00:00,2021-10-21 23:00:00+00:00,2021-10-21 19:00:00-04:00,332,70.0,60.81093303171803,boost_5y_no_dew_pressure,True
2021-10-08 04:00:00+00:00,2021-10-22 00:00:00+00:00,2021-10-21 20:00:00-04:00,333,70.0,59.487292175068816,boost_5y_no_dew_pressure,True
2021-10-08 04:00:00+00:00,2021-10-22 01:00:00+00:00,2021-10-21 21:00:00-04:00,334,70.0,58.25850915667386,boost_5y_no_dew_pressure,True
2021-10-08 04:00:00+00:00,2021-10-22 02:00:00+00:00,2021-10-21 22:00:00-04:00,335,66.0,57.395335422528525,boost_5y_no_dew_pressure,True
2021-10-08 04:00:00+00:00,2021-10-22 03:00:00+00:00,2021-10-21 23:00:00-04:00,336,68.0,56.335520540217466,boost_5y_no_dew_pressure,True
2022-08-27 04:00:00+00:00,2022-08-27 04:00:00+00:00,2022-08-27 00:00:00-04:00,1,74.0,73.07156686700957,boost_5y_no_dew_pressure,True
2022-08-27 04:00:00+00:00,2022-08-27 05:00:00+00:00,2022-08-27 01:00:00-04:00,2,73.0,71.95572732389459,boost_5y_no_dew_pressure,True
2022-08-27 04:00:00+00:00,2022-08-27 06:00:00+00:00,2022-08-27 02:00:00-04:00,3,71.0,71.26269413170965,boost_5y_no_dew_pressure,True
2022-08-27 04:00:00+00:00,2022-08-27 07:00:00+00:00,2022-08-27 03:00:00-04:00,4,70.0,70.85506423568435,boost_5y_no_dew_pressure,True
2022-08-27 04:00:00+00:00,2022-08-27 08:00:00+00:00,2022-08-27 04:00:00-04:00,5,71.0,70.41844281893924,boost_5y_no_dew_pressure,True
2022-08-27 04:00:00+00:00,2022-08-27 09:00:00+00:00,2022-08-27 05:00:00-04:00,6,70.0,70.31037481999854,boost_5y_no_dew_pressure,True
2022-08-27 04:00:00+00:00,2022-08-27 10:00:00+00:00,2022-08-27 06:00:00-04:00,7,71.0,70.07317441593123,boost_5y_no_dew_pressure,True
2022-08-27 04:00:00+00:00,2022-08-27 11:00:00+00:00,2022-08-27 07:00:00-04:00,8,74.0,72.19412311911098,boost_5y_no_dew_pressure,True
2022-08-27 04:00:00+00:00,2022-08-27 12:00:00+00:00,2022-08-27 08:00:00-04:00,9,77.0,76.23689057933888,boost_5y_no_dew_pressure,True
2022-08-27 04:00:00+00:00,2022-08-27 13:00:00+00:00,2022-08-27 09:00:00-04:00,10,84.0,79.2011028780267,boost_5y_no_dew_pressure,True
2022-08-27 04:00:00+00:00,2022-08-27 14:00:00+00:00,2022-08-27 10:00:00-04:00,11,88.0,81.56266860875631,boost_5y_no_dew_pressure,True
2022-08-27 04:00:00+00:00,2022-08-27 15:00:00+00:00,2022-08-27 11:00:00-04:00,12,90.0,83.55942818366273,boost_5y_no_dew_pressure,True
2022-08-27 04:00:00+00:00,2022-08-27 16:00:00+00:00,2022-08-27 12:00:00-04:00,13,95.0,85.30313170079081,boost_5y_no_dew_pressure,True
2022-08-27 04:00:00+00:00,2022-08-27 17:00:00+00:00,2022-08-27 13:00:00-04:00,14,91.0,86.72034884980596,boost_5y_no_dew_pressure,True
2022-08-27 04:00:00+00:00,2022-08-27 18:00:00+00:00,2022-08-27 14:00:00-04:00,15,90.0,86.89213308316762,boost_5y_no_dew_pressure,True
2022-08-27 04:00:00+00:00,2022-08-27 19:00:00+00:00,2022-08-27 15:00:00-04:00,16,94.0,86.69098496600667,boost_5y_no_dew_pressure,True
2022-08-27 04:00:00+00:00,2022-08-27 20:00:00+00:00,2022-08-27 16:00:00-04:00,17,89.0,86.22858093333316,boost_5y_no_dew_pressure,True
2022-08-27 04:00:00+00:00,2022-08-27 21:00:00+00:00,2022-08-27 17:00:00-04:00,18,79.0,85.15486718121903,boost_5y_no_dew_pressure,True
2022-08-27 04:00:00+00:00,2022-08-27 22:00:00+00:00,2022-08-27 18:00:00-04:00,19,82.0,83.28634565082909,boost_5y_no_dew_pressure,True
2022-08-27 04:00:00+00:00,2022-08-27 23:00:00+00:00,2022-08-27 19:00:00-04:00,20,81.0,79.5898078422397,boost_5y_no_dew_pressure,True
2022-08-27 04:00:00+00:00,2022-08-28 00:00:00+00:00,2022-08-27 20:00:00-04:00,21,77.0,77.1124462731318,boost_5y_no_dew_pressure,True
2022-08-27 04:00:00+00:00,2022-08-28 01:00:00+00:00,2022-08-27 21:00:00-04:00,22,76.0,76.18898553307359,boost_5y_no_dew_pressure,True
2022-08-27 04:00:00+00:00,2022-08-28 02:00:00+00:00,2022-08-27 22:00:00-04:00,23,76.0,74.91498583253207,boost_5y_no_dew_pressure,True
2022-08-27 04:00:00+00:00,2022-08-28 03:00:00+00:00,2022-08-27 23:00:00-04:00,24,74.0,74.12075845606165,boost_5y_no_dew_pressure,True
2022-08-27 04:00:00+00:00,2022-08-28 04:00:00+00:00,2022-08-28 00:00:00-04:00,25,73.0,73.65333227065561,boost_5y_no_dew_pressure,True
2022-08-27 04:00:00+00:00,2022-08-28 05:00:00+00:00,2022-08-28 01:00:00-04:00,26,73.0,72.62389930535788,boost_5y_no_dew_pressure,True
2022-08-27 04:00:00+00:00,2022-08-28 06:00:00+00:00,2022-08-28 02:00:00-04:00,27,71.0,71.8549523777005,boost_5y_no_dew_pressure,True
2022-08-27 04:00:00+00:00,2022-08-28 07:00:00+00:00,2022-08-28 03:00:00-04:00,28,71.0,71.38013935049747,boost_5y_no_dew_pressure,True
2022-08-27 04:00:00+00:00,2022-08-28 08:00:00+00:00,2022-08-28 04:00:00-04:00,29,72.0,70.61042016942521,boost_5y_no_dew_pressure,True
2022-08-27 04:00:00+00:00,2022-08-28 09:00:00+00:00,2022-08-28 05:00:00-04:00,30,70.0,70.45314278155082,boost_5y_no_dew_pressure,True
2022-08-27 04:00:00+00:00,2022-08-28 10:00:00+00:00,2022-08-28 06:00:00-04:00,31,69.0,70.26029234909441,boost_5y_no_dew_pressure,True
2022-08-27 04:00:00+00:00,2022-08-28 11:00:00+00:00,2022-08-28 07:00:00-04:00,32,73.0,72.29824914637892,boost_5y_no_dew_pressure,True
2022-08-27 04:00:00+00:00,2022-08-28 12:00:00+00:00,2022-08-28 08:00:00-04:00,33,78.0,75.76337186998263,boost_5y_no_dew_pressure,True
2022-08-27 04:00:00+00:00,2022-08-28 13:00:00+00:00,2022-08-28 09:00:00-04:00,34,83.0,78.87725935804711,boost_5y_no_dew_pressure,True
2022-08-27 04:00:00+00:00,2022-08-28 14:00:00+00:00,2022-08-28 10:00:00-04:00,35,85.0,81.5198767213526,boost_5y_no_dew_pressure,True
2022-08-27 04:00:00+00:00,2022-08-28 15:00:00+00:00,2022-08-28 11:00:00-04:00,36,86.0,83.4232642159342,boost_5y_no_dew_pressure,True
2022-08-27 04:00:00+00:00,2022-08-28 16:00:00+00:00,2022-08-28 12:00:00-04:00,37,90.0,85.22903115502228,boost_5y_no_dew_pressure,True
2022-08-27 04:00:00+00:00,2022-08-28 17:00:00+00:00,2022-08-28 13:00:00-04:00,38,91.0,86.56143708531903,boost_5y_no_dew_pressure,True
2022-08-27 04:00:00+00:00,2022-08-28 18:00:00+00:00,2022-08-28 14:00:00-04:00,39,92.0,86.8264641375189,boost_5y_no_dew_pressure,True
2022-08-27 04:00:00+00:00,2022-08-28 19:00:00+00:00,2022-08-28 15:00:00-04:00,40,90.0,86.72893949955099,boost_5y_no_dew_pressure,True
2022-08-27 04:00:00+00:00,2022-08-28 20:00:00+00:00,2022-08-28 16:00:00-04:00,41,91.0,86.11097740239946,boost_5y_no_dew_pressure,True
2022-08-27 04:00:00+00:00,2022-08-28 21:00:00+00:00,2022-08-28 17:00:00-04:00,42,90.0,84.96294328071978,boost_5y_no_dew_pressure,True
2022-08-27 04:00:00+00:00,2022-08-28 22:00:00+00:00,2022-08-28 18:00:00-04:00,43,88.0,83.03440261170424,boost_5y_no_dew_pressure,True
2022-08-27 04:00:00+00:00,2022-08-28 23:00:00+00:00,2022-08-28 19:00:00-04:00,44,85.0,79.39920048593915,boost_5y_no_dew_pressure,True
2022-08-27 04:00:00+00:00,2022-08-29 00:00:00+00:00,2022-08-28 20:00:00-04:00,45,80.0,76.93996816573207,boost_5y_no_dew_pressure,True
2022-08-27 04:00:00+00:00,2022-08-29 01:00:00+00:00,2022-08-28 21:00:00-04:00,46,81.0,75.98326676069478,boost_5y_no_dew_pressure,True
2022-08-27 04:00:00+00:00,2022-08-29 02:00:00+00:00,2022-08-28 22:00:00-04:00,47,80.0,74.7405072145458,boost_5y_no_dew_pressure,True
2022-08-27 04:00:00+00:00,2022-08-29 03:00:00+00:00,2022-08-28 23:00:00-04:00,48,78.0,73.92308384601576,boost_5y_no_dew_pressure,True
2022-08-27 04:00:00+00:00,2022-08-29 04:00:00+00:00,2022-08-29 00:00:00-04:00,49,77.0,72.95687392711162,boost_5y_no_dew_pressure,True
2022-08-27 04:00:00+00:00,2022-08-29 05:00:00+00:00,2022-08-29 01:00:00-04:00,50,73.0,72.01348394244827,boost_5y_no_dew_pressure,True
2022-08-27 04:00:00+00:00,2022-08-29 06:00:00+00:00,2022-08-29 02:00:00-04:00,51,73.0,71.15113718138703,boost_5y_no_dew_pressure,True
2022-08-27 04:00:00+00:00,2022-08-29 07:00:00+00:00,2022-08-29 03:00:00-04:00,52,72.0,70.67750485825499,boost_5y_no_dew_pressure,True
2022-08-27 04:00:00+00:00,2022-08-29 08:00:00+00:00,2022-08-29 04:00:00-04:00,53,72.0,70.10797620772956,boost_5y_no_dew_pressure,True
2022-08-27 04:00:00+00:00,2022-08-29 09:00:00+00:00,2022-08-29 05:00:00-04:00,54,71.0,69.93700212316604,boost_5y_no_dew_pressure,True
2022-08-27 04:00:00+00:00,2022-08-29 10:00:00+00:00,2022-08-29 06:00:00-04:00,55,71.0,69.71258388003798,boost_5y_no_dew_pressure,True
2022-08-27 04:00:00+00:00,2022-08-29 11:00:00+00:00,2022-08-29 07:00:00-04:00,56,75.0,71.74058377220777,boost_5y_no_dew_pressure,True
2022-08-27 04:00:00+00:00,2022-08-29 12:00:00+00:00,2022-08-29 08:00:00-04:00,57,78.0,75.18468262403123,boost_5y_no_dew_pressure,True
2022-08-27 04:00:00+00:00,2022-08-29 13:00:00+00:00,2022-08-29 09:00:00-04:00,58,80.0,77.60712028378902,boost_5y_no_dew_pressure,True
2022-08-27 04:00:00+00:00,2022-08-29 14:00:00+00:00,2022-08-29 10:00:00-04:00,59,83.0,80.24589605252464,boost_5y_no_dew_pressure,True
2022-08-27 04:00:00+00:00,2022-08-29 15:00:00+00:00,2022-08-29 11:00:00-04:00,60,85.0,82.31920757147118,boost_5y_no_dew_pressure,True
2022-08-27 04:00:00+00:00,2022-08-29 16:00:00+00:00,2022-08-29 12:00:00-04:00,61,88.0,84.02323689730272,boost_5y_no_dew_pressure,True
2022-08-27 04:00:00+00:00,2022-08-29 17:00:00+00:00,2022-08-29 13:00:00-04:00,62,87.0,85.47904774758595,boost_5y_no_dew_pressure,True
2022-08-27 04:00:00+00:00,2022-08-29 18:00:00+00:00,2022-08-29 14:00:00-04:00,63,91.0,85.8380999373753,boost_5y_no_dew_pressure,True
2022-08-27 04:00:00+00:00,2022-08-29 19:00:00+00:00,2022-08-29 15:00:00-04:00,64,91.0,85.61130524456706,boost_5y_no_dew_pressure,True
2022-08-27 04:00:00+00:00,2022-08-29 20:00:00+00:00,2022-08-29 16:00:00-04:00,65,91.0,84.92967807176792,boost_5y_no_dew_pressure,True
2022-08-27 04:00:00+00:00,2022-08-29 21:00:00+00:00,2022-08-29 17:00:00-04:00,66,90.0,83.80729351362265,boost_5y_no_dew_pressure,True
2022-08-27 04:00:00+00:00,2022-08-29 22:00:00+00:00,2022-08-29 18:00:00-04:00,67,87.0,81.85828976533432,boost_5y_no_dew_pressure,True
2022-08-27 04:00:00+00:00,2022-08-29 23:00:00+00:00,2022-08-29 19:00:00-04:00,68,84.0,78.42273327041015,boost_5y_no_dew_pressure,True
2022-08-27 04:00:00+00:00,2022-08-30 00:00:00+00:00,2022-08-29 20:00:00-04:00,69,81.0,76.00890247462193,boost_5y_no_dew_pressure,True
2022-08-27 04:00:00+00:00,2022-08-30 01:00:00+00:00,2022-08-29 21:00:00-04:00,70,81.0,74.78443822706255,boost_5y_no_dew_pressure,True
2022-08-27 04:00:00+00:00,2022-08-30 02:00:00+00:00,2022-08-29 22:00:00-04:00,71,78.0,73.52317031231362,boost_5y_no_dew_pressure,True
2022-08-27 04:00:00+00:00,2022-08-30 03:00:00+00:00,2022-08-29 23:00:00-04:00,72,76.0,72.62322751225759,boost_5y_no_dew_pressure,True
2022-08-27 04:00:00+00:00,2022-08-30 04:00:00+00:00,2022-08-30 00:00:00-04:00,73,75.0,71.67062017530667,boost_5y_no_dew_pressure,True
2022-08-27 04:00:00+00:00,2022-08-30 05:00:00+00:00,2022-08-30 01:00:00-04:00,74,75.0,70.78596712304642,boost_5y_no_dew_pressure,True
2022-08-27 04:00:00+00:00,2022-08-30 06:00:00+00:00,2022-08-30 02:00:00-04:00,75,73.0,69.91186173529249,boost_5y_no_dew_pressure,True
2022-08-27 04:00:00+00:00,2022-08-30 07:00:00+00:00,2022-08-30 03:00:00-04:00,76,74.0,69.45060159262935,boost_5y_no_dew_pressure,True
2022-08-27 04:00:00+00:00,2022-08-30 08:00:00+00:00,2022-08-30 04:00:00-04:00,77,73.0,68.94912194762556,boost_5y_no_dew_pressure,True
2022-08-27 04:00:00+00:00,2022-08-30 09:00:00+00:00,2022-08-30 05:00:00-04:00,78,73.0,68.84969385695055,boost_5y_no_dew_pressure,True
2022-08-27 04:00:00+00:00,2022-08-30 10:00:00+00:00,2022-08-30 06:00:00-04:00,79,73.0,68.62601987091804,boost_5y_no_dew_pressure,True
2022-08-27 04:00:00+00:00,2022-08-30 11:00:00+00:00,2022-08-30 07:00:00-04:00,80,73.0,70.50686198905535,boost_5y_no_dew_pressure,True
2022-08-27 04:00:00+00:00,2022-08-30 12:00:00+00:00,2022-08-30 08:00:00-04:00,81,77.0,74.27665508470281,boost_5y_no_dew_pressure,True
2022-08-27 04:00:00+00:00,2022-08-30 13:00:00+00:00,2022-08-30 09:00:00-04:00,82,82.0,77.48635578065958,boost_5y_no_dew_pressure,True
2022-08-27 04:00:00+00:00,2022-08-30 14:00:00+00:00,2022-08-30 10:00:00-04:00,83,85.0,80.16490532652837,boost_5y_no_dew_pressure,True
2022-08-27 04:00:00+00:00,2022-08-30 15:00:00+00:00,2022-08-30 11:00:00-04:00,84,88.0,82.34458679469024,boost_5y_no_dew_pressure,True
2022-08-27 04:00:00+00:00,2022-08-30 16:00:00+00:00,2022-08-30 12:00:00-04:00,85,90.0,83.85363440626604,boost_5y_no_dew_pressure,True
2022-08-27 04:00:00+00:00,2022-08-30 17:00:00+00:00,2022-08-30 13:00:00-04:00,86,92.0,85.32873463359103,boost_5y_no_dew_pressure,True
2022-08-27 04:00:00+00:00,2022-08-30 18:00:00+00:00,2022-08-30 14:00:00-04:00,87,94.0,85.66520931778858,boost_5y_no_dew_pressure,True
2022-08-27 04:00:00+00:00,2022-08-30 19:00:00+00:00,2022-08-30 15:00:00-04:00,88,90.0,85.67375797677026,boost_5y_no_dew_pressure,True
2022-08-27 04:00:00+00:00,2022-08-30 20:00:00+00:00,2022-08-30 16:00:00-04:00,89,93.0,84.99108549561673,boost_5y_no_dew_pressure,True
2022-08-27 04:00:00+00:00,2022-08-30 21:00:00+00:00,2022-08-30 17:00:00-04:00,90,91.0,83.82230580124741,boost_5y_no_dew_pressure,True
2022-08-27 04:00:00+00:00,2022-08-30 22:00:00+00:00,2022-08-30 18:00:00-04:00,91,87.0,81.95275836987848,boost_5y_no_dew_pressure,True
2022-08-27 04:00:00+00:00,2022-08-30 23:00:00+00:00,2022-08-30 19:00:00-04:00,92,83.0,78.44567520488582,boost_5y_no_dew_pressure,True
2022-08-27 04:00:00+00:00,2022-08-31 00:00:00+00:00,2022-08-30 20:00:00-04:00,93,78.0,76.03060844812332,boost_5y_no_dew_pressure,True
2022-08-27 04:00:00+00:00,2022-08-31 01:00:00+00:00,2022-08-30 21:00:00-04:00,94,77.0,74.78138031796072,boost_5y_no_dew_pressure,True
2022-08-27 04:00:00+00:00,2022-08-31 02:00:00+00:00,2022-08-30 22:00:00-04:00,95,76.0,73.47095363615004,boost_5y_no_dew_pressure,True
2022-08-27 04:00:00+00:00,2022-08-31 03:00:00+00:00,2022-08-30 23:00:00-04:00,96,76.0,72.64585685244649,boost_5y_no_dew_pressure,True
2022-08-27 04:00:00+00:00,2022-08-31 04:00:00+00:00,2022-08-31 00:00:00-04:00,97,73.0,71.62307891082592,boost_5y_no_dew_pressure,True
2022-08-27 04:00:00+00:00,2022-08-31 05:00:00+00:00,2022-08-31 01:00:00-04:00,98,72.0,70.76213250077818,boost_5y_no_dew_pressure,True
2022-08-27 04:00:00+00:00,2022-08-31 06:00:00+00:00,2022-08-31 02:00:00-04:00,99,72.0,69.76430994876488,boost_5y_no_dew_pressure,True
2022-08-27 04:00:00+00:00,2022-08-31 07:00:00+00:00,2022-08-31 03:00:00-04:00,100,72.0,69.27482714202621,boost_5y_no_dew_pressure,True
2022-08-27 04:00:00+00:00,2022-08-31 08:00:00+00:00,2022-08-31 04:00:00-04:00,101,72.0,68.781485931703,boost_5y_no_dew_pressure,True
2022-08-27 04:00:00+00:00,2022-08-31 09:00:00+00:00,2022-08-31 05:00:00-04:00,102,72.0,68.50486884322208,boost_5y_no_dew_pressure,True
2022-08-27 04:00:00+00:00,2022-08-31 10:00:00+00:00,2022-08-31 06:00:00-04:00,103,71.0,68.23841087883439,boost_5y_no_dew_pressure,True
2022-08-27 04:00:00+00:00,2022-08-31 11:00:00+00:00,2022-08-31 07:00:00-04:00,104,73.0,70.40322795462653,boost_5y_no_dew_pressure,True
2022-08-27 04:00:00+00:00,2022-08-31 12:00:00+00:00,2022-08-31 08:00:00-04:00,105,78.0,74.06591558075743,boost_5y_no_dew_pressure,True
2022-08-27 04:00:00+00:00,2022-08-31 13:00:00+00:00,2022-08-31 09:00:00-04:00,106,82.0,77.34253006771175,boost_5y_no_dew_pressure,True
2022-08-27 04:00:00+00:00,2022-08-31 14:00:00+00:00,2022-08-31 10:00:00-04:00,107,85.0,80.14588930583692,boost_5y_no_dew_pressure,True
2022-08-27 04:00:00+00:00,2022-08-31 15:00:00+00:00,2022-08-31 11:00:00-04:00,108,87.0,82.45177329174145,boost_5y_no_dew_pressure,True
2022-08-27 04:00:00+00:00,2022-08-31 16:00:00+00:00,2022-08-31 12:00:00-04:00,109,89.0,83.84730992638961,boost_5y_no_dew_pressure,True
2022-08-27 04:00:00+00:00,2022-08-31 17:00:00+00:00,2022-08-31 13:00:00-04:00,110,90.0,85.33379640705344,boost_5y_no_dew_pressure,True
2022-08-27 04:00:00+00:00,2022-08-31 18:00:00+00:00,2022-08-31 14:00:00-04:00,111,91.0,85.67202114759344,boost_5y_no_dew_pressure,True
2022-08-27 04:00:00+00:00,2022-08-31 19:00:00+00:00,2022-08-31 15:00:00-04:00,112,90.0,85.68881736192506,boost_5y_no_dew_pressure,True
2022-08-27 04:00:00+00:00,2022-08-31 20:00:00+00:00,2022-08-31 16:00:00-04:00,113,91.0,84.9785348813232,boost_5y_no_dew_pressure,True
2022-08-27 04:00:00+00:00,2022-08-31 21:00:00+00:00,2022-08-31 17:00:00-04:00,114,90.0,83.81587163545214,boost_5y_no_dew_pressure,True
2022-08-27 04:00:00+00:00,2022-08-31 22:00:00+00:00,2022-08-31 18:00:00-04:00,115,87.0,81.81995302066561,boost_5y_no_dew_pressure,True
2022-08-27 04:00:00+00:00,2022-08-31 23:00:00+00:00,2022-08-31 19:00:00-04:00,116,83.0,78.28451084229273,boost_5y_no_dew_pressure,True
2022-08-27 04:00:00+00:00,2022-09-01 00:00:00+00:00,2022-08-31 20:00:00-04:00,117,78.0,75.775903842188,boost_5y_no_dew_pressure,True
2022-08-27 04:00:00+00:00,2022-09-01 01:00:00+00:00,2022-08-31 21:00:00-04:00,118,73.0,74.66552631076775,boost_5y_no_dew_pressure,True
2022-08-27 04:00:00+00:00,2022-09-01 02:00:00+00:00,2022-08-31 22:00:00-04:00,119,72.0,73.35880800186236,boost_5y_no_dew_pressure,True
2022-08-27 04:00:00+00:00,2022-09-01 03:00:00+00:00,2022-08-31 23:00:00-04:00,120,70.0,72.42521807196884,boost_5y_no_dew_pressure,True
2022-08-27 04:00:00+00:00,2022-09-01 04:00:00+00:00,2022-09-01 00:00:00-04:00,121,69.0,71.22988520329338,boost_5y_no_dew_pressure,True
2022-08-27 04:00:00+00:00,2022-09-01 05:00:00+00:00,2022-09-01 01:00:00-04:00,122,70.0,70.39746967680458,boost_5y_no_dew_pressure,True
2022-08-27 04:00:00+00:00,2022-09-01 06:00:00+00:00,2022-09-01 02:00:00-04:00,123,68.0,69.45451601279196,boost_5y_no_dew_pressure,True
2022-08-27 04:00:00+00:00,2022-09-01 07:00:00+00:00,2022-09-01 03:00:00-04:00,124,68.0,69.00996087053423,boost_5y_no_dew_pressure,True
2022-08-27 04:00:00+00:00,2022-09-01 08:00:00+00:00,2022-09-01 04:00:00-04:00,125,66.0,68.46591539139438,boost_5y_no_dew_pressure,True
2022-08-27 04:00:00+00:00,2022-09-01 09:00:00+00:00,2022-09-01 05:00:00-04:00,126,67.0,68.13349672244071,boost_5y_no_dew_pressure,True
2022-08-27 04:00:00+00:00,2022-09-01 10:00:00+00:00,2022-09-01 06:00:00-04:00,127,66.0,67.92255190193154,boost_5y_no_dew_pressure,True
2022-08-27 04:00:00+00:00,2022-09-01 11:00:00+00:00,2022-09-01 07:00:00-04:00,128,68.0,69.91792605143092,boost_5y_no_dew_pressure,True
2022-08-27 04:00:00+00:00,2022-09-01 12:00:00+00:00,2022-09-01 08:00:00-04:00,129,73.0,73.67993135292707,boost_5y_no_dew_pressure,True
2022-08-27 04:00:00+00:00,2022-09-01 13:00:00+00:00,2022-09-01 09:00:00-04:00,130,76.0,76.99796711180323,boost_5y_no_dew_pressure,True
2022-08-27 04:00:00+00:00,2022-09-01 14:00:00+00:00,2022-09-01 10:00:00-04:00,131,81.0,79.63827222769365,boost_5y_no_dew_pressure,True
2022-08-27 04:00:00+00:00,2022-09-01 15:00:00+00:00,2022-09-01 11:00:00-04:00,132,83.0,81.9525401403638,boost_5y_no_dew_pressure,True
2022-08-27 04:00:00+00:00,2022-09-01 16:00:00+00:00,2022-09-01 12:00:00-04:00,133,86.0,83.37697209927606,boost_5y_no_dew_pressure,True
2022-08-27 04:00:00+00:00,2022-09-01 17:00:00+00:00,2022-09-01 13:00:00-04:00,134,89.0,84.86604249560119,boost_5y_no_dew_pressure,True
2022-08-27 04:00:00+00:00,2022-09-01 18:00:00+00:00,2022-09-01 14:00:00-04:00,135,90.0,85.32672529761625,boost_5y_no_dew_pressure,True
2022-08-27 04:00:00+00:00,2022-09-01 19:00:00+00:00,2022-09-01 15:00:00-04:00,136,88.0,85.41143351591734,boost_5y_no_dew_pressure,True
2022-08-27 04:00:00+00:00,2022-09-01 20:00:00+00:00,2022-09-01 16:00:00-04:00,137,88.0,84.56033324786479,boost_5y_no_dew_pressure,True
2022-08-27 04:00:00+00:00,2022-09-01 21:00:00+00:00,2022-09-01 17:00:00-04:00,138,88.0,83.51740815409089,boost_5y_no_dew_pressure,True
2022-08-27 04:00:00+00:00,2022-09-01 22:00:00+00:00,2022-09-01 18:00:00-04:00,139,86.0,81.51368560247411,boost_5y_no_dew_pressure,True
2022-08-27 04:00:00+00:00,2022-09-01 23:00:00+00:00,2022-09-01 19:00:00-04:00,140,83.0,77.82903283776201,boost_5y_no_dew_pressure,True
2022-08-27 04:00:00+00:00,2022-09-02 00:00:00+00:00,2022-09-01 20:00:00-04:00,141,78.0,75.29309824905003,boost_5y_no_dew_pressure,True
2022-08-27 04:00:00+00:00,2022-09-02 01:00:00+00:00,2022-09-01 21:00:00-04:00,142,75.0,74.16022077271745,boost_5y_no_dew_pressure,True
2022-08-27 04:00:00+00:00,2022-09-02 02:00:00+00:00,2022-09-01 22:00:00-04:00,143,73.0,72.95131687708394,boost_5y_no_dew_pressure,True
2022-08-27 04:00:00+00:00,2022-09-02 03:00:00+00:00,2022-09-01 23:00:00-04:00,144,68.0,72.06407874956466,boost_5y_no_dew_pressure,True
2022-08-27 04:00:00+00:00,2022-09-02 04:00:00+00:00,2022-09-02 00:00:00-04:00,145,69.0,71.25683273040765,boost_5y_no_dew_pressure,True
2022-08-27 04:00:00+00:00,2022-09-02 05:00:00+00:00,2022-09-02 01:00:00-04:00,146,67.0,70.45098108463192,boost_5y_no_dew_pressure,True
2022-08-27 04:00:00+00:00,2022-09-02 06:00:00+00:00,2022-09-02 02:00:00-04:00,147,65.0,69.54526638780739,boost_5y_no_dew_pressure,True
2022-08-27 04:00:00+00:00,2022-09-02 07:00:00+00:00,2022-09-02 03:00:00-04:00,148,65.0,69.06203946052715,boost_5y_no_dew_pressure,True
2022-08-27 04:00:00+00:00,2022-09-02 08:00:00+00:00,2022-09-02 04:00:00-04:00,149,63.0,68.62187205373613,boost_5y_no_dew_pressure,True
2022-08-27 04:00:00+00:00,2022-09-02 09:00:00+00:00,2022-09-02 05:00:00-04:00,150,64.0,68.29622611032146,boost_5y_no_dew_pressure,True
2022-08-27 04:00:00+00:00,2022-09-02 10:00:00+00:00,2022-09-02 06:00:00-04:00,151,64.0,68.06878392347919,boost_5y_no_dew_pressure,True
2022-08-27 04:00:00+00:00,2022-09-02 11:00:00+00:00,2022-09-02 07:00:00-04:00,152,70.0,70.00054442720905,boost_5y_no_dew_pressure,True
2022-08-27 04:00:00+00:00,2022-09-02 12:00:00+00:00,2022-09-02 08:00:00-04:00,153,75.0,73.61826822904341,boost_5y_no_dew_pressure,True
2022-08-27 04:00:00+00:00,2022-09-02 13:00:00+00:00,2022-09-02 09:00:00-04:00,154,79.0,76.86259767841894,boost_5y_no_dew_pressure,True
2022-08-27 04:00:00+00:00,2022-09-02 14:00:00+00:00,2022-09-02 10:00:00-04:00,155,85.0,79.45355949908799,boost_5y_no_dew_pressure,True
2022-08-27 04:00:00+00:00,2022-09-02 15:00:00+00:00,2022-09-02 11:00:00-04:00,156,87.0,81.84677196930826,boost_5y_no_dew_pressure,True
2022-08-27 04:00:00+00:00,2022-09-02 16:00:00+00:00,2022-09-02 12:00:00-04:00,157,87.0,83.28411827645819,boost_5y_no_dew_pressure,True
2022-08-27 04:00:00+00:00,2022-09-02 17:00:00+00:00,2022-09-02 13:00:00-04:00,158,92.0,84.68378917017206,boost_5y_no_dew_pressure,True
2022-08-27 04:00:00+00:00,2022-09-02 18:00:00+00:00,2022-09-02 14:00:00-04:00,159,91.0,85.14924786595088,boost_5y_no_dew_pressure,True
2022-08-27 04:00:00+00:00,2022-09-02 19:00:00+00:00,2022-09-02 15:00:00-04:00,160,93.0,85.42031879644367,boost_5y_no_dew_pressure,True
2022-08-27 04:00:00+00:00,2022-09-02 20:00:00+00:00,2022-09-02 16:00:00-04:00,161,92.0,84.7256017776626,boost_5y_no_dew_pressure,True
2022-08-27 04:00:00+00:00,2022-09-02 21:00:00+00:00,2022-09-02 17:00:00-04:00,162,91.0,83.53767618007534,boost_5y_no_dew_pressure,True
2022-08-27 04:00:00+00:00,2022-09-02 22:00:00+00:00,2022-09-02 18:00:00-04:00,163,89.0,81.46743476903566,boost_5y_no_dew_pressure,True
2022-08-27 04:00:00+00:00,2022-09-02 23:00:00+00:00,2022-09-02 19:00:00-04:00,164,85.0,77.78932020738479,boost_5y_no_dew_pressure,True
2022-08-27 04:00:00+00:00,2022-09-03 00:00:00+00:00,2022-09-02 20:00:00-04:00,165,80.0,75.28074301710986,boost_5y_no_dew_pressure,True
2022-08-27 04:00:00+00:00,2022-09-03 01:00:00+00:00,2022-09-02 21:00:00-04:00,166,78.0,74.14535667524908,boost_5y_no_dew_pressure,True
2022-08-27 04:00:00+00:00,2022-09-03 02:00:00+00:00,2022-09-02 22:00:00-04:00,167,78.0,72.90112377101057,boost_5y_no_dew_pressure,True
2022-08-27 04:00:00+00:00,2022-09-03 03:00:00+00:00,2022-09-02 23:00:00-04:00,168,78.0,72.03280022475387,boost_5y_no_dew_pressure,True
2022-08-27 04:00:00+00:00,2022-09-03 04:00:00+00:00,2022-09-03 00:00:00-04:00,169,76.0,71.18238428449392,boost_5y_no_dew_pressure,True
2022-08-27 04:00:00+00:00,2022-09-03 05:00:00+00:00,2022-09-03 01:00:00-04:00,170,75.0,70.4103471687286,boost_5y_no_dew_pressure,True
2022-08-27 04:00:00+00:00,2022-09-03 06:00:00+00:00,2022-09-03 02:00:00-04:00,171,72.0,69.55869047691687,boost_5y_no_dew_pressure,True
2022-08-27 04:00:00+00:00,2022-09-03 07:00:00+00:00,2022-09-03 03:00:00-04:00,172,72.0,69.03415671797481,boost_5y_no_dew_pressure,True
2022-08-27 04:00:00+00:00,2022-09-03 08:00:00+00:00,2022-09-03 04:00:00-04:00,173,72.0,68.49906492924747,boost_5y_no_dew_pressure,True
2022-08-27 04:00:00+00:00,2022-09-03 09:00:00+00:00,2022-09-03 05:00:00-04:00,174,70.0,68.26331869335849,boost_5y_no_dew_pressure,True
2022-08-27 04:00:00+00:00,2022-09-03 10:00:00+00:00,2022-09-03 06:00:00-04:00,175,71.0,67.92819248712932,boost_5y_no_dew_pressure,True
2022-08-27 04:00:00+00:00,2022-09-03 11:00:00+00:00,2022-09-03 07:00:00-04:00,176,73.0,69.81383750109849,boost_5y_no_dew_pressure,True
2022-08-27 04:00:00+00:00,2022-09-03 12:00:00+00:00,2022-09-03 08:00:00-04:00,177,78.0,73.33575583054206,boost_5y_no_dew_pressure,True
2022-08-27 04:00:00+00:00,2022-09-03 13:00:00+00:00,2022-09-03 09:00:00-04:00,178,82.0,76.49219472526008,boost_5y_no_dew_pressure,True
2022-08-27 04:00:00+00:00,2022-09-03 14:00:00+00:00,2022-09-03 10:00:00-04:00,179,85.0,79.05333406399336,boost_5y_no_dew_pressure,True
2022-08-27 04:00:00+00:00,2022-09-03 15:00:00+00:00,2022-09-03 11:00:00-04:00,180,87.0,81.38590071613801,boost_5y_no_dew_pressure,True
2022-08-27 04:00:00+00:00,2022-09-03 16:00:00+00:00,2022-09-03 12:00:00-04:00,181,89.0,82.78283413470554,boost_5y_no_dew_pressure,True
2022-08-27 04:00:00+00:00,2022-09-03 17:00:00+00:00,2022-09-03 13:00:00-04:00,182,90.0,84.19185110354067,boost_5y_no_dew_pressure,True
2022-08-27 04:00:00+00:00,2022-09-03 18:00:00+00:00,2022-09-03 14:00:00-04:00,183,91.0,84.72705225113707,boost_5y_no_dew_pressure,True
2022-08-27 04:00:00+00:00,2022-09-03 19:00:00+00:00,2022-09-03 15:00:00-04:00,184,90.0,85.02019625591161,boost_5y_no_dew_pressure,True
2022-08-27 04:00:00+00:00,2022-09-03 20:00:00+00:00,2022-09-03 16:00:00-04:00,185,91.0,84.39159587865421,boost_5y_no_dew_pressure,True
2022-08-27 04:00:00+00:00,2022-09-03 21:00:00+00:00,2022-09-03 17:00:00-04:00,186,90.0,83.14021080421657,boost_5y_no_dew_pressure,True
2022-08-27 04:00:00+00:00,2022-09-03 22:00:00+00:00,2022-09-03 18:00:00-04:00,187,87.0,81.10250711319796,boost_5y_no_dew_pressure,True
2022-08-27 04:00:00+00:00,2022-09-03 23:00:00+00:00,2022-09-03 19:00:00-04:00,188,80.0,77.38555284946851,boost_5y_no_dew_pressure,True
2022-08-27 04:00:00+00:00,2022-09-04 00:00:00+00:00,2022-09-03 20:00:00-04:00,189,78.0,74.87617481573028,boost_5y_no_dew_pressure,True
2022-08-27 04:00:00+00:00,2022-09-04 01:00:00+00:00,2022-09-03 21:00:00-04:00,190,78.0,73.69067311744642,boost_5y_no_dew_pressure,True
2022-08-27 04:00:00+00:00,2022-09-04 02:00:00+00:00,2022-09-03 22:00:00-04:00,191,78.0,72.47982358448498,boost_5y_no_dew_pressure,True
2022-08-27 04:00:00+00:00,2022-09-04 03:00:00+00:00,2022-09-03 23:00:00-04:00,192,77.0,71.59496493777709,boost_5y_no_dew_pressure,True
2022-08-27 04:00:00+00:00,2022-09-04 04:00:00+00:00,2022-09-04 00:00:00-04:00,193,76.0,70.87841874518924,boost_5y_no_dew_pressure,True
2022-08-27 04:00:00+00:00,2022-09-04 05:00:00+00:00,2022-09-04 01:00:00-04:00,194,75.0,70.15476256933181,boost_5y_no_dew_pressure,True
2022-08-27 04:00:00+00:00,2022-09-04 06:00:00+00:00,2022-09-04 02:00:00-04:00,195,74.0,69.29947851905735,boost_5y_no_dew_pressure,True
2022-08-27 04:00:00+00:00,2022-09-04 07:00:00+00:00,2022-09-04 03:00:00-04:00,196,72.0,68.81169956723146,boost_5y_no_dew_pressure,True
2022-08-27 04:00:00+00:00,2022-09-04 08:00:00+00:00,2022-09-04 04:00:00-04:00,197,73.0,68.263032478699,boost_5y_no_dew_pressure,True
2022-08-27 04:00:00+00:00,2022-09-04 09:00:00+00:00,2022-09-04 05:00:00-04:00,198,72.0,68.038683546401,boost_5y_no_dew_pressure,True
2022-08-27 04:00:00+00:00,2022-09-04 10:00:00+00:00,2022-09-04 06:00:00-04:00,199,70.0,67.79485861643309,boost_5y_no_dew_pressure,True
2022-08-27 04:00:00+00:00,2022-09-04 11:00:00+00:00,2022-09-04 07:00:00-04:00,200,74.0,69.60379294364024,boost_5y_no_dew_pressure,True
2022-08-27 04:00:00+00:00,2022-09-04 12:00:00+00:00,2022-09-04 08:00:00-04:00,201,78.0,72.99755807985277,boost_5y_no_dew_pressure,True
2022-08-27 04:00:00+00:00,2022-09-04 13:00:00+00:00,2022-09-04 09:00:00-04:00,202,81.0,76.06238484698449,boost_5y_no_dew_pressure,True
2022-08-27 04:00:00+00:00,2022-09-04 14:00:00+00:00,2022-09-04 10:00:00-04:00,203,83.0,78.62124172275644,boost_5y_no_dew_pressure,True
2022-08-27 04:00:00+00:00,2022-09-04 15:00:00+00:00,2022-09-04 11:00:00-04:00,204,87.0,80.99995396270351,boost_5y_no_dew_pressure,True
2022-08-27 04:00:00+00:00,2022-09-04 16:00:00+00:00,2022-09-04 12:00:00-04:00,205,88.0,82.36234746239509,boost_5y_no_dew_pressure,True
2022-08-27 04:00:00+00:00,2022-09-04 17:00:00+00:00,2022-09-04 13:00:00-04:00,206,92.0,83.80725300445727,boost_5y_no_dew_pressure,True
2022-08-27 04:00:00+00:00,2022-09-04 18:00:00+00:00,2022-09-04 14:00:00-04:00,207,92.0,84.30263040083025,boost_5y_no_dew_pressure,True
2022-08-27 04:00:00+00:00,2022-09-04 19:00:00+00:00,2022-09-04 15:00:00-04:00,208,92.0,84.57581422411631,boost_5y_no_dew_pressure,True
2022-08-27 04:00:00+00:00,2022-09-04 20:00:00+00:00,2022-09-04 16:00:00-04:00,209,90.0,84.01559610036928,boost_5y_no_dew_pressure,True
2022-08-27 04:00:00+00:00,2022-09-04 21:00:00+00:00,2022-09-04 17:00:00-04:00,210,90.0,82.83945355749017,boost_5y_no_dew_pressure,True
2022-08-27 04:00:00+00:00,2022-09-04 22:00:00+00:00,2022-09-04 18:00:00-04:00,211,88.0,80.70506358501844,boost_5y_no_dew_pressure,True
2022-08-27 04:00:00+00:00,2022-09-04 23:00:00+00:00,2022-09-04 19:00:00-04:00,212,84.0,76.96164198711324,boost_5y_no_dew_pressure,True
2022-08-27 04:00:00+00:00,2022-09-05 00:00:00+00:00,2022-09-04 20:00:00-04:00,213,81.0,74.55643179001972,boost_5y_no_dew_pressure,True
2022-08-27 04:00:00+00:00,2022-09-05 01:00:00+00:00,2022-09-04 21:00:00-04:00,214,80.0,73.35439615143335,boost_5y_no_dew_pressure,True
2022-08-27 04:00:00+00:00,2022-09-05 02:00:00+00:00,2022-09-04 22:00:00-04:00,215,78.0,72.22087294453152,boost_5y_no_dew_pressure,True
2022-08-27 04:00:00+00:00,2022-09-05 03:00:00+00:00,2022-09-04 23:00:00-04:00,216,77.0,71.42742553270936,boost_5y_no_dew_pressure,True
2022-08-27 04:00:00+00:00,2022-09-05 04:00:00+00:00,2022-09-05 00:00:00-04:00,217,76.0,70.67055448490075,boost_5y_no_dew_pressure,True
2022-08-27 04:00:00+00:00,2022-09-05 05:00:00+00:00,2022-09-05 01:00:00-04:00,218,75.0,69.97188638533227,boost_5y_no_dew_pressure,True
2022-08-27 04:00:00+00:00,2022-09-05 06:00:00+00:00,2022-09-05 02:00:00-04:00,219,75.0,69.12812469769591,boost_5y_no_dew_pressure,True
2022-08-27 04:00:00+00:00,2022-09-05 07:00:00+00:00,2022-09-05 03:00:00-04:00,220,74.0,68.62428036845137,boost_5y_no_dew_pressure,True
2022-08-27 04:00:00+00:00,2022-09-05 08:00:00+00:00,2022-09-05 04:00:00-04:00,221,73.0,68.09061213883058,boost_5y_no_dew_pressure,True
2022-08-27 04:00:00+00:00,2022-09-05 09:00:00+00:00,2022-09-05 05:00:00-04:00,222,72.0,67.86496571786184,boost_5y_no_dew_pressure,True
2022-08-27 04:00:00+00:00,2022-09-05 10:00:00+00:00,2022-09-05 06:00:00-04:00,223,73.0,67.61253338637346,boost_5y_no_dew_pressure,True
2022-08-27 04:00:00+00:00,2022-09-05 11:00:00+00:00,2022-09-05 07:00:00-04:00,224,73.0,69.3996976933899,boost_5y_no_dew_pressure,True
2022-08-27 04:00:00+00:00,2022-09-05 12:00:00+00:00,2022-09-05 08:00:00-04:00,225,77.0,72.74145490871337,boost_5y_no_dew_pressure,True
2022-08-27 04:00:00+00:00,2022-09-05 13:00:00+00:00,2022-09-05 09:00:00-04:00,226,81.0,75.8310979674049,boost_5y_no_dew_pressure,True
2022-08-27 04:00:00+00:00,2022-09-05 14:00:00+00:00,2022-09-05 10:00:00-04:00,227,83.0,78.33355934033472,boost_5y_no_dew_pressure,True
2022-08-27 04:00:00+00:00,2022-09-05 15:00:00+00:00,2022-09-05 11:00:00-04:00,228,83.0,80.72317176503189,boost_5y_no_dew_pressure,True
2022-08-27 04:00:00+00:00,2022-09-05 16:00:00+00:00,2022-09-05 12:00:00-04:00,229,86.0,82.0590960381909,boost_5y_no_dew_pressure,True
2022-08-27 04:00:00+00:00,2022-09-05 17:00:00+00:00,2022-09-05 13:00:00-04:00,230,88.0,83.49522175907295,boost_5y_no_dew_pressure,True
2022-08-27 04:00:00+00:00,2022-09-05 18:00:00+00:00,2022-09-05 14:00:00-04:00,231,88.0,84.04765497243542,boost_5y_no_dew_pressure,True
2022-08-27 04:00:00+00:00,2022-09-05 19:00:00+00:00,2022-09-05 15:00:00-04:00,232,86.0,84.34001696297662,boost_5y_no_dew_pressure,True
2022-08-27 04:00:00+00:00,2022-09-05 20:00:00+00:00,2022-09-05 16:00:00-04:00,233,86.0,83.80358103043798,boost_5y_no_dew_pressure,True
2022-08-27 04:00:00+00:00,2022-09-05 21:00:00+00:00,2022-09-05 17:00:00-04:00,234,85.0,82.57622386113242,boost_5y_no_dew_pressure,True
2022-08-27 04:00:00+00:00,2022-09-05 22:00:00+00:00,2022-09-05 18:00:00-04:00,235,84.0,80.34621043212177,boost_5y_no_dew_pressure,True
2022-08-27 04:00:00+00:00,2022-09-05 23:00:00+00:00,2022-09-05 19:00:00-04:00,236,80.0,76.65130013094915,boost_5y_no_dew_pressure,True
2022-08-27 04:00:00+00:00,2022-09-06 00:00:00+00:00,2022-09-05 20:00:00-04:00,237,79.0,74.34918267882183,boost_5y_no_dew_pressure,True
2022-08-27 04:00:00+00:00,2022-09-06 01:00:00+00:00,2022-09-05 21:00:00-04:00,238,78.0,73.13563021380611,boost_5y_no_dew_pressure,True
2022-08-27 04:00:00+00:00,2022-09-06 02:00:00+00:00,2022-09-05 22:00:00-04:00,239,76.0,72.01685372045489,boost_5y_no_dew_pressure,True
2022-08-27 04:00:00+00:00,2022-09-06 03:00:00+00:00,2022-09-05 23:00:00-04:00,240,76.0,71.3030905172837,boost_5y_no_dew_pressure,True
2022-08-27 04:00:00+00:00,2022-09-06 04:00:00+00:00,2022-09-06 00:00:00-04:00,241,77.0,70.53019909176538,boost_5y_no_dew_pressure,True
2022-08-27 04:00:00+00:00,2022-09-06 05:00:00+00:00,2022-09-06 01:00:00-04:00,242,77.0,69.7576466109606,boost_5y_no_dew_pressure,True
2022-08-27 04:00:00+00:00,2022-09-06 06:00:00+00:00,2022-09-06 02:00:00-04:00,243,77.0,68.8896697153073,boost_5y_no_dew_pressure,True
2022-08-27 04:00:00+00:00,2022-09-06 07:00:00+00:00,2022-09-06 03:00:00-04:00,244,77.0,68.50073086865926,boost_5y_no_dew_pressure,True
2022-08-27 04:00:00+00:00,2022-09-06 08:00:00+00:00,2022-09-06 04:00:00-04:00,245,77.0,67.94191617108869,boost_5y_no_dew_pressure,True
2022-08-27 04:00:00+00:00,2022-09-06 09:00:00+00:00,2022-09-06 05:00:00-04:00,246,77.0,67.70754872232217,boost_5y_no_dew_pressure,True
2022-08-27 04:00:00+00:00,2022-09-06 10:00:00+00:00,2022-09-06 06:00:00-04:00,247,76.0,67.50863998689198,boost_5y_no_dew_pressure,True
2022-08-27 04:00:00+00:00,2022-09-06 11:00:00+00:00,2022-09-06 07:00:00-04:00,248,76.0,69.22963594871744,boost_5y_no_dew_pressure,True
2022-08-27 04:00:00+00:00,2022-09-06 12:00:00+00:00,2022-09-06 08:00:00-04:00,249,78.0,72.52118871047153,boost_5y_no_dew_pressure,True
2022-08-27 04:00:00+00:00,2022-09-06 13:00:00+00:00,2022-09-06 09:00:00-04:00,250,77.0,75.59702591832146,boost_5y_no_dew_pressure,True
2022-08-27 04:00:00+00:00,2022-09-06 14:00:00+00:00,2022-09-06 10:00:00-04:00,251,82.0,78.08634434405329,boost_5y_no_dew_pressure,True
2022-08-27 04:00:00+00:00,2022-09-06 15:00:00+00:00,2022-09-06 11:00:00-04:00,252,87.0,80.54071374443409,boost_5y_no_dew_pressure,True
2022-08-27 04:00:00+00:00,2022-09-06 16:00:00+00:00,2022-09-06 12:00:00-04:00,253,89.0,81.92276995568179,boost_5y_no_dew_pressure,True
2022-08-27 04:00:00+00:00,2022-09-06 17:00:00+00:00,2022-09-06 13:00:00-04:00,254,76.0,83.31623018735105,boost_5y_no_dew_pressure,True
2022-08-27 04:00:00+00:00,2022-09-06 18:00:00+00:00,2022-09-06 14:00:00-04:00,255,84.0,83.84825713991906,boost_5y_no_dew_pressure,True
2022-08-27 04:00:00+00:00,2022-09-06 19:00:00+00:00,2022-09-06 15:00:00-04:00,256,88.0,83.99969716096285,boost_5y_no_dew_pressure,True
2022-08-27 04:00:00+00:00,2022-09-06 20:00:00+00:00,2022-09-06 16:00:00-04:00,257,89.0,83.47748926086504,boost_5y_no_dew_pressure,True
2022-08-27 04:00:00+00:00,2022-09-06 21:00:00+00:00,2022-09-06 17:00:00-04:00,258,86.0,82.19700949370002,boost_5y_no_dew_pressure,True
2022-08-27 04:00:00+00:00,2022-09-06 22:00:00+00:00,2022-09-06 18:00:00-04:00,259,83.0,79.96417997720728,boost_5y_no_dew_pressure,True
2022-08-27 04:00:00+00:00,2022-09-06 23:00:00+00:00,2022-09-06 19:00:00-04:00,260,79.0,76.34973128571535,boost_5y_no_dew_pressure,True
2022-08-27 04:00:00+00:00,2022-09-07 00:00:00+00:00,2022-09-06 20:00:00-04:00,261,77.0,74.21469915110251,boost_5y_no_dew_pressure,True
2022-08-27 04:00:00+00:00,2022-09-07 01:00:00+00:00,2022-09-06 21:00:00-04:00,262,75.0,72.98386291703751,boost_5y_no_dew_pressure,True
2022-08-27 04:00:00+00:00,2022-09-07 02:00:00+00:00,2022-09-06 22:00:00-04:00,263,73.0,71.91821105472215,boost_5y_no_dew_pressure,True
2022-08-27 04:00:00+00:00,2022-09-07 03:00:00+00:00,2022-09-06 23:00:00-04:00,264,75.0,71.20275372876077,boost_5y_no_dew_pressure,True
2022-08-27 04:00:00+00:00,2022-09-07 04:00:00+00:00,2022-09-07 00:00:00-04:00,265,73.0,70.46616254931912,boost_5y_no_dew_pressure,True
2022-08-27 04:00:00+00:00,2022-09-07 05:00:00+00:00,2022-09-07 01:00:00-04:00,266,72.0,69.73349358162433,boost_5y_no_dew_pressure,True
2022-08-27 04:00:00+00:00,2022-09-07 06:00:00+00:00,2022-09-07 02:00:00-04:00,267,72.0,68.91605495524,boost_5y_no_dew_pressure,True
2022-08-27 04:00:00+00:00,2022-09-07 07:00:00+00:00,2022-09-07 03:00:00-04:00,268,72.0,68.55050379866573,boost_5y_no_dew_pressure,True
2022-08-27 04:00:00+00:00,2022-09-07 08:00:00+00:00,2022-09-07 04:00:00-04:00,269,72.0,67.90965337317083,boost_5y_no_dew_pressure,True
2022-08-27 04:00:00+00:00,2022-09-07 09:00:00+00:00,2022-09-07 05:00:00-04:00,270,70.0,67.7081764771915,boost_5y_no_dew_pressure,True
2022-08-27 04:00:00+00:00,2022-09-07 10:00:00+00:00,2022-09-07 06:00:00-04:00,271,72.0,67.54925908321168,boost_5y_no_dew_pressure,True
2022-08-27 04:00:00+00:00,2022-09-07 11:00:00+00:00,2022-09-07 07:00:00-04:00,272,73.0,69.1651807718522,boost_5y_no_dew_pressure,True
2022-08-27 04:00:00+00:00,2022-09-07 12:00:00+00:00,2022-09-07 08:00:00-04:00,273,76.0,72.3350049905013,boost_5y_no_dew_pressure,True
2022-08-27 04:00:00+00:00,2022-09-07 13:00:00+00:00,2022-09-07 09:00:00-04:00,274,78.0,75.37364068348653,boost_5y_no_dew_pressure,True
2022-08-27 04:00:00+00:00,2022-09-07 14:00:00+00:00,2022-09-07 10:00:00-04:00,275,81.0,77.83332787925642,boost_5y_no_dew_pressure,True
2022-08-27 04:00:00+00:00,2022-09-07 15:00:00+00:00,2022-09-07 11:00:00-04:00,276,83.0,80.26511968182585,boost_5y_no_dew_pressure,True
2022-08-27 04:00:00+00:00,2022-09-07 16:00:00+00:00,2022-09-07 12:00:00-04:00,277,85.0,81.60011595685475,boost_5y_no_dew_pressure,True
2022-08-27 04:00:00+00:00,2022-09-07 17:00:00+00:00,2022-09-07 13:00:00-04:00,278,80.0,82.959991708534,boost_5y_no_dew_pressure,True
2022-08-27 04:00:00+00:00,2022-09-07 18:00:00+00:00,2022-09-07 14:00:00-04:00,279,79.0,83.47504090516215,boost_5y_no_dew_pressure,True
2022-08-27 04:00:00+00:00,2022-09-07 19:00:00+00:00,2022-09-07 15:00:00-04:00,280,81.0,83.56270988489526,boost_5y_no_dew_pressure,True
2022-08-27 04:00:00+00:00,2022-09-07 20:00:00+00:00,2022-09-07 16:00:00-04:00,281,79.0,83.05655755643285,boost_5y_no_dew_pressure,True
2022-08-27 04:00:00+00:00,2022-09-07 21:00:00+00:00,2022-09-07 17:00:00-04:00,282,79.0,81.74081442108275,boost_5y_no_dew_pressure,True
2022-08-27 04:00:00+00:00,2022-09-07 22:00:00+00:00,2022-09-07 18:00:00-04:00,283,72.0,79.54126295064304,boost_5y_no_dew_pressure,True
2022-08-27 04:00:00+00:00,2022-09-07 23:00:00+00:00,2022-09-07 19:00:00-04:00,284,72.0,76.03360779969681,boost_5y_no_dew_pressure,True
2022-08-27 04:00:00+00:00,2022-09-08 00:00:00+00:00,2022-09-07 20:00:00-04:00,285,71.0,73.96213286886812,boost_5y_no_dew_pressure,True
2022-08-27 04:00:00+00:00,2022-09-08 01:00:00+00:00,2022-09-07 21:00:00-04:00,286,71.0,72.6959884991204,boost_5y_no_dew_pressure,True
2022-08-27 04:00:00+00:00,2022-09-08 02:00:00+00:00,2022-09-07 22:00:00-04:00,287,73.0,71.65591213761665,boost_5y_no_dew_pressure,True
2022-08-27 04:00:00+00:00,2022-09-08 03:00:00+00:00,2022-09-07 23:00:00-04:00,288,72.0,70.97547084937321,boost_5y_no_dew_pressure,True
2022-08-27 04:00:00+00:00,2022-09-08 04:00:00+00:00,2022-09-08 00:00:00-04:00,289,72.0,70.29317706062787,boost_5y_no_dew_pressure,True
2022-08-27 04:00:00+00:00,2022-09-08 05:00:00+00:00,2022-09-08 01:00:00-04:00,290,71.0,69.63948775188442,boost_5y_no_dew_pressure,True
2022-08-27 04:00:00+00:00,2022-09-08 06:00:00+00:00,2022-09-08 02:00:00-04:00,291,71.0,68.92978100980768,boost_5y_no_dew_pressure,True
2022-08-27 04:00:00+00:00,2022-09-08 07:00:00+00:00,2022-09-08 03:00:00-04:00,292,71.0,68.56570628657207,boost_5y_no_dew_pressure,True
2022-08-27 04:00:00+00:00,2022-09-08 08:00:00+00:00,2022-09-08 04:00:00-04:00,293,71.0,68.0183344575906,boost_5y_no_dew_pressure,True
2022-08-27 04:00:00+00:00,2022-09-08 09:00:00+00:00,2022-09-08 05:00:00-04:00,294,71.0,67.80384839766374,boost_5y_no_dew_pressure,True
2022-08-27 04:00:00+00:00,2022-09-08 10:00:00+00:00,2022-09-08 06:00:00-04:00,295,71.0,67.63119760427104,boost_5y_no_dew_pressure,True
2022-08-27 04:00:00+00:00,2022-09-08 11:00:00+00:00,2022-09-08 07:00:00-04:00,296,71.0,69.14324084610286,boost_5y_no_dew_pressure,True
2022-08-27 04:00:00+00:00,2022-09-08 12:00:00+00:00,2022-09-08 08:00:00-04:00,297,73.0,72.24361451181876,boost_5y_no_dew_pressure,True
2022-08-27 04:00:00+00:00,2022-09-08 13:00:00+00:00,2022-09-08 09:00:00-04:00,298,73.0,75.24193940077224,boost_5y_no_dew_pressure,True
2022-08-27 04:00:00+00:00,2022-09-08 14:00:00+00:00,2022-09-08 10:00:00-04:00,299,74.0,77.61631225695808,boost_5y_no_dew_pressure,True
2022-08-27 04:00:00+00:00,2022-09-08 15:00:00+00:00,2022-09-08 11:00:00-04:00,300,76.0,80.04921172020711,boost_5y_no_dew_pressure,True
2022-08-27 04:00:00+00:00,2022-09-08 16:00:00+00:00,2022-09-08 12:00:00-04:00,301,76.0,81.25031646714326,boost_5y_no_dew_pressure,True
2022-08-27 04:00:00+00:00,2022-09-08 17:00:00+00:00,2022-09-08 13:00:00-04:00,302,79.0,82.5848118191292,boost_5y_no_dew_pressure,True
2022-08-27 04:00:00+00:00,2022-09-08 18:00:00+00:00,2022-09-08 14:00:00-04:00,303,79.0,83.13893728000376,boost_5y_no_dew_pressure,True
2022-08-27 04:00:00+00:00,2022-09-08 19:00:00+00:00,2022-09-08 15:00:00-04:00,304,80.0,83.27041636899499,boost_5y_no_dew_pressure,True
2022-08-27 04:00:00+00:00,2022-09-08 20:00:00+00:00,2022-09-08 16:00:00-04:00,305,80.0,82.6970313164552,boost_5y_no_dew_pressure,True
2022-08-27 04:00:00+00:00,2022-09-08 21:00:00+00:00,2022-09-08 17:00:00-04:00,306,78.0,81.4066623149313,boost_5y_no_dew_pressure,True
2022-08-27 04:00:00+00:00,2022-09-08 22:00:00+00:00,2022-09-08 18:00:00-04:00,307,76.0,79.23635139372632,boost_5y_no_dew_pressure,True
2022-08-27 04:00:00+00:00,2022-09-08 23:00:00+00:00,2022-09-08 19:00:00-04:00,308,72.0,75.90236747997099,boost_5y_no_dew_pressure,True
2022-08-27 04:00:00+00:00,2022-09-09 00:00:00+00:00,2022-09-08 20:00:00-04:00,309,71.0,73.7947616050981,boost_5y_no_dew_pressure,True
2022-08-27 04:00:00+00:00,2022-09-09 01:00:00+00:00,2022-09-08 21:00:00-04:00,310,69.0,72.46131661922402,boost_5y_no_dew_pressure,True
2022-08-27 04:00:00+00:00,2022-09-09 02:00:00+00:00,2022-09-08 22:00:00-04:00,311,69.0,71.43453984002707,boost_5y_no_dew_pressure,True
2022-08-27 04:00:00+00:00,2022-09-09 03:00:00+00:00,2022-09-08 23:00:00-04:00,312,67.0,70.75126674655368,boost_5y_no_dew_pressure,True
2022-08-27 04:00:00+00:00,2022-09-09 04:00:00+00:00,2022-09-09 00:00:00-04:00,313,67.0,70.12602239245645,boost_5y_no_dew_pressure,True
2022-08-27 04:00:00+00:00,2022-09-09 05:00:00+00:00,2022-09-09 01:00:00-04:00,314,66.0,69.47195405968299,boost_5y_no_dew_pressure,True
2022-08-27 04:00:00+00:00,2022-09-09 06:00:00+00:00,2022-09-09 02:00:00-04:00,315,65.0,68.72431458748544,boost_5y_no_dew_pressure,True
2022-08-27 04:00:00+00:00,2022-09-09 07:00:00+00:00,2022-09-09 03:00:00-04:00,316,66.0,68.41594861560581,boost_5y_no_dew_pressure,True
2022-08-27 04:00:00+00:00,2022-09-09 08:00:00+00:00,2022-09-09 04:00:00-04:00,317,64.0,67.88257920998942,boost_5y_no_dew_pressure,True
2022-08-27 04:00:00+00:00,2022-09-09 09:00:00+00:00,2022-09-09 05:00:00-04:00,318,63.0,67.58790666841347,boost_5y_no_dew_pressure,True
2022-08-27 04:00:00+00:00,2022-09-09 10:00:00+00:00,2022-09-09 06:00:00-04:00,319,63.0,67.40122289854747,boost_5y_no_dew_pressure,True
2022-08-27 04:00:00+00:00,2022-09-09 11:00:00+00:00,2022-09-09 07:00:00-04:00,320,67.0,68.92491847732921,boost_5y_no_dew_pressure,True
2022-08-27 04:00:00+00:00,2022-09-09 12:00:00+00:00,2022-09-09 08:00:00-04:00,321,70.0,71.99229830675807,boost_5y_no_dew_pressure,True
2022-08-27 04:00:00+00:00,2022-09-09 13:00:00+00:00,2022-09-09 09:00:00-04:00,322,73.0,75.07281516685883,boost_5y_no_dew_pressure,True
2022-08-27 04:00:00+00:00,2022-09-09 14:00:00+00:00,2022-09-09 10:00:00-04:00,323,76.0,77.40384987016344,boost_5y_no_dew_pressure,True
2022-08-27 04:00:00+00:00,2022-09-09 15:00:00+00:00,2022-09-09 11:00:00-04:00,324,77.0,79.87863856859641,boost_5y_no_dew_pressure,True
2022-08-27 04:00:00+00:00,2022-09-09 16:00:00+00:00,2022-09-09 12:00:00-04:00,325,78.0,81.01273415276648,boost_5y_no_dew_pressure,True
2022-08-27 04:00:00+00:00,2022-09-09 17:00:00+00:00,2022-09-09 13:00:00-04:00,326,80.0,82.31673587738662,boost_5y_no_dew_pressure,True
2022-08-27 04:00:00+00:00,2022-09-09 18:00:00+00:00,2022-09-09 14:00:00-04:00,327,82.0,82.90218344842185,boost_5y_no_dew_pressure,True
2022-08-27 04:00:00+00:00,2022-09-09 19:00:00+00:00,2022-09-09 15:00:00-04:00,328,82.0,83.26349535989372,boost_5y_no_dew_pressure,True
2022-08-27 04:00:00+00:00,2022-09-09 20:00:00+00:00,2022-09-09 16:00:00-04:00,329,82.0,82.7837230064679,boost_5y_no_dew_pressure,True
2022-08-27 04:00:00+00:00,2022-09-09 21:00:00+00:00,2022-09-09 17:00:00-04:00,330,81.0,81.57277476365068,boost_5y_no_dew_pressure,True
2022-08-27 04:00:00+00:00,2022-09-09 22:00:00+00:00,2022-09-09 18:00:00-04:00,331,80.0,79.29296637304718,boost_5y_no_dew_pressure,True
2022-08-27 04:00:00+00:00,2022-09-09 23:00:00+00:00,2022-09-09 19:00:00-04:00,332,73.0,75.86611822616295,boost_5y_no_dew_pressure,True
2022-08-27 04:00:00+00:00,2022-09-10 00:00:00+00:00,2022-09-09 20:00:00-04:00,333,72.0,73.78627995218501,boost_5y_no_dew_pressure,True
2022-08-27 04:00:00+00:00,2022-09-10 01:00:00+00:00,2022-09-09 21:00:00-04:00,334,73.0,72.39980252453613,boost_5y_no_dew_pressure,True
2022-08-27 04:00:00+00:00,2022-09-10 02:00:00+00:00,2022-09-09 22:00:00-04:00,335,73.0,71.34665582006889,boost_5y_no_dew_pressure,True
2022-08-27 04:00:00+00:00,2022-09-10 03:00:00+00:00,2022-09-09 23:00:00-04:00,336,72.0,70.71675513146059,boost_5y_no_dew_pressure,True
2022-09-03 04:00:00+00:00,2022-09-03 04:00:00+00:00,2022-09-03 00:00:00-04:00,1,76.0,72.09739195581967,boost_5y_no_dew_pressure,True
2022-09-03 04:00:00+00:00,2022-09-03 05:00:00+00:00,2022-09-03 01:00:00-04:00,2,75.0,71.21077771656542,boost_5y_no_dew_pressure,True
2022-09-03 04:00:00+00:00,2022-09-03 06:00:00+00:00,2022-09-03 02:00:00-04:00,3,72.0,70.28511190747662,boost_5y_no_dew_pressure,True
2022-09-03 04:00:00+00:00,2022-09-03 07:00:00+00:00,2022-09-03 03:00:00-04:00,4,72.0,69.52021911606023,boost_5y_no_dew_pressure,True
2022-09-03 04:00:00+00:00,2022-09-03 08:00:00+00:00,2022-09-03 04:00:00-04:00,5,72.0,69.11170360028227,boost_5y_no_dew_pressure,True
2022-09-03 04:00:00+00:00,2022-09-03 09:00:00+00:00,2022-09-03 05:00:00-04:00,6,70.0,68.74571497220974,boost_5y_no_dew_pressure,True
2022-09-03 04:00:00+00:00,2022-09-03 10:00:00+00:00,2022-09-03 06:00:00-04:00,7,71.0,68.39648676061248,boost_5y_no_dew_pressure,True
2022-09-03 04:00:00+00:00,2022-09-03 11:00:00+00:00,2022-09-03 07:00:00-04:00,8,73.0,69.97973410446329,boost_5y_no_dew_pressure,True
2022-09-03 04:00:00+00:00,2022-09-03 12:00:00+00:00,2022-09-03 08:00:00-04:00,9,78.0,74.1269430492668,boost_5y_no_dew_pressure,True
2022-09-03 04:00:00+00:00,2022-09-03 13:00:00+00:00,2022-09-03 09:00:00-04:00,10,82.0,77.8680820665759,boost_5y_no_dew_pressure,True
2022-09-03 04:00:00+00:00,2022-09-03 14:00:00+00:00,2022-09-03 10:00:00-04:00,11,85.0,80.91121080285603,boost_5y_no_dew_pressure,True
2022-09-03 04:00:00+00:00,2022-09-03 15:00:00+00:00,2022-09-03 11:00:00-04:00,12,87.0,83.25869846983738,boost_5y_no_dew_pressure,True
2022-09-03 04:00:00+00:00,2022-09-03 16:00:00+00:00,2022-09-03 12:00:00-04:00,13,89.0,84.59075483308739,boost_5y_no_dew_pressure,True
2022-09-03 04:00:00+00:00,2022-09-03 17:00:00+00:00,2022-09-03 13:00:00-04:00,14,90.0,86.42760035352104,boost_5y_no_dew_pressure,True
2022-09-03 04:00:00+00:00,2022-09-03 18:00:00+00:00,2022-09-03 14:00:00-04:00,15,91.0,87.18266864249934,boost_5y_no_dew_pressure,True
2022-09-03 04:00:00+00:00,2022-09-03 19:00:00+00:00,2022-09-03 15:00:00-04:00,16,90.0,87.37963988424333,boost_5y_no_dew_pressure,True
2022-09-03 04:00:00+00:00,2022-09-03 20:00:00+00:00,2022-09-03 16:00:00-04:00,17,91.0,86.7754152465985,boost_5y_no_dew_pressure,True
2022-09-03 04:00:00+00:00,2022-09-03 21:00:00+00:00,2022-09-03 17:00:00-04:00,18,90.0,85.3251348282208,boost_5y_no_dew_pressure,True
2022-09-03 04:00:00+00:00,2022-09-03 22:00:00+00:00,2022-09-03 18:00:00-04:00,19,87.0,83.18634966206263,boost_5y_no_dew_pressure,True
2022-09-03 04:00:00+00:00,2022-09-03 23:00:00+00:00,2022-09-03 19:00:00-04:00,20,80.0,79.37560879131146,boost_5y_no_dew_pressure,True
2022-09-03 04:00:00+00:00,2022-09-04 00:00:00+00:00,2022-09-03 20:00:00-04:00,21,78.0,76.57826451351983,boost_5y_no_dew_pressure,True
2022-09-03 04:00:00+00:00,2022-09-04 01:00:00+00:00,2022-09-03 21:00:00-04:00,22,78.0,75.1386686391923,boost_5y_no_dew_pressure,True
2022-09-03 04:00:00+00:00,2022-09-04 02:00:00+00:00,2022-09-03 22:00:00-04:00,23,78.0,73.89897765295657,boost_5y_no_dew_pressure,True
2022-09-03 04:00:00+00:00,2022-09-04 03:00:00+00:00,2022-09-03 23:00:00-04:00,24,77.0,72.99333510526738,boost_5y_no_dew_pressure,True
2022-09-03 04:00:00+00:00,2022-09-04 04:00:00+00:00,2022-09-04 00:00:00-04:00,25,76.0,72.6055231101982,boost_5y_no_dew_pressure,True
2022-09-03 04:00:00+00:00,2022-09-04 05:00:00+00:00,2022-09-04 01:00:00-04:00,26,75.0,71.77468534648334,boost_5y_no_dew_pressure,True
2022-09-03 04:00:00+00:00,2022-09-04 06:00:00+00:00,2022-09-04 02:00:00-04:00,27,74.0,70.70028966806825,boost_5y_no_dew_pressure,True
2022-09-03 04:00:00+00:00,2022-09-04 07:00:00+00:00,2022-09-04 03:00:00-04:00,28,72.0,70.1540510968974,boost_5y_no_dew_pressure,True
2022-09-03 04:00:00+00:00,2022-09-04 08:00:00+00:00,2022-09-04 04:00:00-04:00,29,73.0,69.2288740775572,boost_5y_no_dew_pressure,True
2022-09-03 04:00:00+00:00,2022-09-04 09:00:00+00:00,2022-09-04 05:00:00-04:00,30,72.0,68.89894476138208,boost_5y_no_dew_pressure,True
2022-09-03 04:00:00+00:00,2022-09-04 10:00:00+00:00,2022-09-04 06:00:00-04:00,31,70.0,68.81491570919768,boost_5y_no_dew_pressure,True
2022-09-03 04:00:00+00:00,2022-09-04 11:00:00+00:00,2022-09-04 07:00:00-04:00,32,74.0,70.60538383051997,boost_5y_no_dew_pressure,True
2022-09-03 04:00:00+00:00,2022-09-04 12:00:00+00:00,2022-09-04 08:00:00-04:00,33,78.0,74.7081636622299,boost_5y_no_dew_pressure,True
2022-09-03 04:00:00+00:00,2022-09-04 13:00:00+00:00,2022-09-04 09:00:00-04:00,34,81.0,78.24355619225578,boost_5y_no_dew_pressure,True
2022-09-03 04:00:00+00:00,2022-09-04 14:00:00+00:00,2022-09-04 10:00:00-04:00,35,83.0,81.18756671839296,boost_5y_no_dew_pressure,True
2022-09-03 04:00:00+00:00,2022-09-04 15:00:00+00:00,2022-09-04 11:00:00-04:00,36,87.0,83.55768574233358,boost_5y_no_dew_pressure,True
2022-09-03 04:00:00+00:00,2022-09-04 16:00:00+00:00,2022-09-04 12:00:00-04:00,37,88.0,84.93021563493511,boost_5y_no_dew_pressure,True
2022-09-03 04:00:00+00:00,2022-09-04 17:00:00+00:00,2022-09-04 13:00:00-04:00,38,92.0,86.72783212508712,boost_5y_no_dew_pressure,True
2022-09-03 04:00:00+00:00,2022-09-04 18:00:00+00:00,2022-09-04 14:00:00-04:00,39,92.0,87.31422044152298,boost_5y_no_dew_pressure,True
2022-09-03 04:00:00+00:00,2022-09-04 19:00:00+00:00,2022-09-04 15:00:00-04:00,40,92.0,87.45583893690254,boost_5y_no_dew_pressure,True
2022-09-03 04:00:00+00:00,2022-09-04 20:00:00+00:00,2022-09-04 16:00:00-04:00,41,90.0,86.96375880554716,boost_5y_no_dew_pressure,True
2022-09-03 04:00:00+00:00,2022-09-04 21:00:00+00:00,2022-09-04 17:00:00-04:00,42,90.0,85.52455835451823,boost_5y_no_dew_pressure,True
2022-09-03 04:00:00+00:00,2022-09-04 22:00:00+00:00,2022-09-04 18:00:00-04:00,43,88.0,83.42404319091862,boost_5y_no_dew_pressure,True
2022-09-03 04:00:00+00:00,2022-09-04 23:00:00+00:00,2022-09-04 19:00:00-04:00,44,84.0,79.42656161734241,boost_5y_no_dew_pressure,True
2022-09-03 04:00:00+00:00,2022-09-05 00:00:00+00:00,2022-09-04 20:00:00-04:00,45,81.0,76.65046670749486,boost_5y_no_dew_pressure,True
2022-09-03 04:00:00+00:00,2022-09-05 01:00:00+00:00,2022-09-04 21:00:00-04:00,46,80.0,75.29859849707886,boost_5y_no_dew_pressure,True
2022-09-03 04:00:00+00:00,2022-09-05 02:00:00+00:00,2022-09-04 22:00:00-04:00,47,78.0,74.09227942513036,boost_5y_no_dew_pressure,True
2022-09-03 04:00:00+00:00,2022-09-05 03:00:00+00:00,2022-09-04 23:00:00-04:00,48,77.0,73.18825239174578,boost_5y_no_dew_pressure,True
2022-09-03 04:00:00+00:00,2022-09-05 04:00:00+00:00,2022-09-05 00:00:00-04:00,49,76.0,72.18859716624009,boost_5y_no_dew_pressure,True
2022-09-03 04:00:00+00:00,2022-09-05 05:00:00+00:00,2022-09-05 01:00:00-04:00,50,75.0,71.38475831653427,boost_5y_no_dew_pressure,True
2022-09-03 04:00:00+00:00,2022-09-05 06:00:00+00:00,2022-09-05 02:00:00-04:00,51,75.0,70.38197644905351,boost_5y_no_dew_pressure,True
2022-09-03 04:00:00+00:00,2022-09-05 07:00:00+00:00,2022-09-05 03:00:00-04:00,52,74.0,69.87811496424447,boost_5y_no_dew_pressure,True
2022-09-03 04:00:00+00:00,2022-09-05 08:00:00+00:00,2022-09-05 04:00:00-04:00,53,73.0,69.23349703752766,boost_5y_no_dew_pressure,True
2022-09-03 04:00:00+00:00,2022-09-05 09:00:00+00:00,2022-09-05 05:00:00-04:00,54,72.0,68.9710004792557,boost_5y_no_dew_pressure,True
2022-09-03 04:00:00+00:00,2022-09-05 10:00:00+00:00,2022-09-05 06:00:00-04:00,55,73.0,68.83921207615568,boost_5y_no_dew_pressure,True
2022-09-03 04:00:00+00:00,2022-09-05 11:00:00+00:00,2022-09-05 07:00:00-04:00,56,73.0,70.62072421101821,boost_5y_no_dew_pressure,True
2022-09-03 04:00:00+00:00,2022-09-05 12:00:00+00:00,2022-09-05 08:00:00-04:00,57,77.0,74.29212461538586,boost_5y_no_dew_pressure,True
2022-09-03 04:00:00+00:00,2022-09-05 13:00:00+00:00,2022-09-05 09:00:00-04:00,58,81.0,77.1265409246829,boost_5y_no_dew_pressure,True
2022-09-03 04:00:00+00:00,2022-09-05 14:00:00+00:00,2022-09-05 10:00:00-04:00,59,83.0,79.8138200844668,boost_5y_no_dew_pressure,True
2022-09-03 04:00:00+00:00,2022-09-05 15:00:00+00:00,2022-09-05 11:00:00-04:00,60,83.0,82.25603406466318,boost_5y_no_dew_pressure,True
2022-09-03 04:00:00+00:00,2022-09-05 16:00:00+00:00,2022-09-05 12:00:00-04:00,61,86.0,83.61831187998483,boost_5y_no_dew_pressure,True
2022-09-03 04:00:00+00:00,2022-09-05 17:00:00+00:00,2022-09-05 13:00:00-04:00,62,88.0,85.35572201773792,boost_5y_no_dew_pressure,True
2022-09-03 04:00:00+00:00,2022-09-05 18:00:00+00:00,2022-09-05 14:00:00-04:00,63,88.0,85.97017924875769,boost_5y_no_dew_pressure,True
2022-09-03 04:00:00+00:00,2022-09-05 19:00:00+00:00,2022-09-05 15:00:00-04:00,64,86.0,86.17016827377998,boost_5y_no_dew_pressure,True
2022-09-03 04:00:00+00:00,2022-09-05 20:00:00+00:00,2022-09-05 16:00:00-04:00,65,86.0,85.69140752514487,boost_5y_no_dew_pressure,True
2022-09-03 04:00:00+00:00,2022-09-05 21:00:00+00:00,2022-09-05 17:00:00-04:00,66,85.0,84.2840494380719,boost_5y_no_dew_pressure,True
2022-09-03 04:00:00+00:00,2022-09-05 22:00:00+00:00,2022-09-05 18:00:00-04:00,67,84.0,81.90444437584407,boost_5y_no_dew_pressure,True
2022-09-03 04:00:00+00:00,2022-09-05 23:00:00+00:00,2022-09-05 19:00:00-04:00,68,80.0,78.01883247186561,boost_5y_no_dew_pressure,True
2022-09-03 04:00:00+00:00,2022-09-06 00:00:00+00:00,2022-09-05 20:00:00-04:00,69,79.0,75.3619798860359,boost_5y_no_dew_pressure,True
2022-09-03 04:00:00+00:00,2022-09-06 01:00:00+00:00,2022-09-05 21:00:00-04:00,70,78.0,74.02438942683375,boost_5y_no_dew_pressure,True
2022-09-03 04:00:00+00:00,2022-09-06 02:00:00+00:00,2022-09-05 22:00:00-04:00,71,76.0,72.8592070942633,boost_5y_no_dew_pressure,True
2022-09-03 04:00:00+00:00,2022-09-06 03:00:00+00:00,2022-09-05 23:00:00-04:00,72,76.0,72.03672355240403,boost_5y_no_dew_pressure,True
2022-09-03 04:00:00+00:00,2022-09-06 04:00:00+00:00,2022-09-06 00:00:00-04:00,73,77.0,70.41262083852729,boost_5y_no_dew_pressure,True
2022-09-03 04:00:00+00:00,2022-09-06 05:00:00+00:00,2022-09-06 01:00:00-04:00,74,77.0,69.48955579728391,boost_5y_no_dew_pressure,True
2022-09-03 04:00:00+00:00,2022-09-06 06:00:00+00:00,2022-09-06 02:00:00-04:00,75,77.0,68.57696410480088,boost_5y_no_dew_pressure,True
2022-09-03 04:00:00+00:00,2022-09-06 07:00:00+00:00,2022-09-06 03:00:00-04:00,76,77.0,68.23060628942908,boost_5y_no_dew_pressure,True
2022-09-03 04:00:00+00:00,2022-09-06 08:00:00+00:00,2022-09-06 04:00:00-04:00,77,77.0,67.58913574974937,boost_5y_no_dew_pressure,True
2022-09-03 04:00:00+00:00,2022-09-06 09:00:00+00:00,2022-09-06 05:00:00-04:00,78,77.0,67.47550152783913,boost_5y_no_dew_pressure,True
2022-09-03 04:00:00+00:00,2022-09-06 10:00:00+00:00,2022-09-06 06:00:00-04:00,79,76.0,67.26885082537007,boost_5y_no_dew_pressure,True
2022-09-03 04:00:00+00:00,2022-09-06 11:00:00+00:00,2022-09-06 07:00:00-04:00,80,76.0,68.99364480267178,boost_5y_no_dew_pressure,True
2022-09-03 04:00:00+00:00,2022-09-06 12:00:00+00:00,2022-09-06 08:00:00-04:00,81,78.0,72.82131721804251,boost_5y_no_dew_pressure,True
2022-09-03 04:00:00+00:00,2022-09-06 13:00:00+00:00,2022-09-06 09:00:00-04:00,82,77.0,76.11644332780908,boost_5y_no_dew_pressure,True
2022-09-03 04:00:00+00:00,2022-09-06 14:00:00+00:00,2022-09-06 10:00:00-04:00,83,82.0,78.69588979649569,boost_5y_no_dew_pressure,True
2022-09-03 04:00:00+00:00,2022-09-06 15:00:00+00:00,2022-09-06 11:00:00-04:00,84,87.0,81.15329969381521,boost_5y_no_dew_pressure,True
2022-09-03 04:00:00+00:00,2022-09-06 16:00:00+00:00,2022-09-06 12:00:00-04:00,85,89.0,82.51748933266506,boost_5y_no_dew_pressure,True
2022-09-03 04:00:00+00:00,2022-09-06 17:00:00+00:00,2022-09-06 13:00:00-04:00,86,76.0,84.09714317597872,boost_5y_no_dew_pressure,True
2022-09-03 04:00:00+00:00,2022-09-06 18:00:00+00:00,2022-09-06 14:00:00-04:00,87,84.0,84.75042425117051,boost_5y_no_dew_pressure,True
2022-09-03 04:00:00+00:00,2022-09-06 19:00:00+00:00,2022-09-06 15:00:00-04:00,88,88.0,84.83366168591266,boost_5y_no_dew_pressure,True
2022-09-03 04:00:00+00:00,2022-09-06 20:00:00+00:00,2022-09-06 16:00:00-04:00,89,89.0,84.40432386622103,boost_5y_no_dew_pressure,True
2022-09-03 04:00:00+00:00,2022-09-06 21:00:00+00:00,2022-09-06 17:00:00-04:00,90,86.0,82.94858481153099,boost_5y_no_dew_pressure,True
2022-09-03 04:00:00+00:00,2022-09-06 22:00:00+00:00,2022-09-06 18:00:00-04:00,91,83.0,80.61626675211294,boost_5y_no_dew_pressure,True
2022-09-03 04:00:00+00:00,2022-09-06 23:00:00+00:00,2022-09-06 19:00:00-04:00,92,79.0,76.57887043479025,boost_5y_no_dew_pressure,True
2022-09-03 04:00:00+00:00,2022-09-07 00:00:00+00:00,2022-09-06 20:00:00-04:00,93,77.0,74.24493259392457,boost_5y_no_dew_pressure,True
2022-09-03 04:00:00+00:00,2022-09-07 01:00:00+00:00,2022-09-06 21:00:00-04:00,94,75.0,72.9041036034835,boost_5y_no_dew_pressure,True
2022-09-03 04:00:00+00:00,2022-09-07 02:00:00+00:00,2022-09-06 22:00:00-04:00,95,73.0,71.83057563436762,boost_5y_no_dew_pressure,True
2022-09-03 04:00:00+00:00,2022-09-07 03:00:00+00:00,2022-09-06 23:00:00-04:00,96,75.0,71.0229103454202,boost_5y_no_dew_pressure,True
2022-09-03 04:00:00+00:00,2022-09-07 04:00:00+00:00,2022-09-07 00:00:00-04:00,97,73.0,69.89745863304906,boost_5y_no_dew_pressure,True
2022-09-03 04:00:00+00:00,2022-09-07 05:00:00+00:00,2022-09-07 01:00:00-04:00,98,72.0,69.10365703123543,boost_5y_no_dew_pressure,True
2022-09-03 04:00:00+00:00,2022-09-07 06:00:00+00:00,2022-09-07 02:00:00-04:00,99,72.0,68.2604799905067,boost_5y_no_dew_pressure,True
2022-09-03 04:00:00+00:00,2022-09-07 07:00:00+00:00,2022-09-07 03:00:00-04:00,100,72.0,67.9188157657608,boost_5y_no_dew_pressure,True
2022-09-03 04:00:00+00:00,2022-09-07 08:00:00+00:00,2022-09-07 04:00:00-04:00,101,72.0,67.2528083657226,boost_5y_no_dew_pressure,True
2022-09-03 04:00:00+00:00,2022-09-07 09:00:00+00:00,2022-09-07 05:00:00-04:00,102,70.0,67.06353684284709,boost_5y_no_dew_pressure,True
2022-09-03 04:00:00+00:00,2022-09-07 10:00:00+00:00,2022-09-07 06:00:00-04:00,103,72.0,66.8736947931961,boost_5y_no_dew_pressure,True
2022-09-03 04:00:00+00:00,2022-09-07 11:00:00+00:00,2022-09-07 07:00:00-04:00,104,73.0,68.71808189770928,boost_5y_no_dew_pressure,True
2022-09-03 04:00:00+00:00,2022-09-07 12:00:00+00:00,2022-09-07 08:00:00-04:00,105,76.0,72.16401876860115,boost_5y_no_dew_pressure,True
2022-09-03 04:00:00+00:00,2022-09-07 13:00:00+00:00,2022-09-07 09:00:00-04:00,106,78.0,75.66362342835012,boost_5y_no_dew_pressure,True
2022-09-03 04:00:00+00:00,2022-09-07 14:00:00+00:00,2022-09-07 10:00:00-04:00,107,81.0,78.33611701799151,boost_5y_no_dew_pressure,True
2022-09-03 04:00:00+00:00,2022-09-07 15:00:00+00:00,2022-09-07 11:00:00-04:00,108,83.0,80.77161761815198,boost_5y_no_dew_pressure,True
2022-09-03 04:00:00+00:00,2022-09-07 16:00:00+00:00,2022-09-07 12:00:00-04:00,109,85.0,82.0898504517173,boost_5y_no_dew_pressure,True
2022-09-03 04:00:00+00:00,2022-09-07 17:00:00+00:00,2022-09-07 13:00:00-04:00,110,80.0,83.52429346224943,boost_5y_no_dew_pressure,True
2022-09-03 04:00:00+00:00,2022-09-07 18:00:00+00:00,2022-09-07 14:00:00-04:00,111,79.0,84.02971324218771,boost_5y_no_dew_pressure,True
2022-09-03 04:00:00+00:00,2022-09-07 19:00:00+00:00,2022-09-07 15:00:00-04:00,112,81.0,84.14928478050479,boost_5y_no_dew_pressure,True
2022-09-03 04:00:00+00:00,2022-09-07 20:00:00+00:00,2022-09-07 16:00:00-04:00,113,79.0,83.70832914361586,boost_5y_no_dew_pressure,True
2022-09-03 04:00:00+00:00,2022-09-07 21:00:00+00:00,2022-09-07 17:00:00-04:00,114,79.0,82.40071772588212,boost_5y_no_dew_pressure,True
2022-09-03 04:00:00+00:00,2022-09-07 22:00:00+00:00,2022-09-07 18:00:00-04:00,115,72.0,80.19978830082242,boost_5y_no_dew_pressure,True
2022-09-03 04:00:00+00:00,2022-09-07 23:00:00+00:00,2022-09-07 19:00:00-04:00,116,72.0,76.572389155693,boost_5y_no_dew_pressure,True
2022-09-03 04:00:00+00:00,2022-09-08 00:00:00+00:00,2022-09-07 20:00:00-04:00,117,71.0,74.3464688689577,boost_5y_no_dew_pressure,True
2022-09-03 04:00:00+00:00,2022-09-08 01:00:00+00:00,2022-09-07 21:00:00-04:00,118,71.0,73.0129938451253,boost_5y_no_dew_pressure,True
2022-09-03 04:00:00+00:00,2022-09-08 02:00:00+00:00,2022-09-07 22:00:00-04:00,119,73.0,71.94669967120001,boost_5y_no_dew_pressure,True
2022-09-03 04:00:00+00:00,2022-09-08 03:00:00+00:00,2022-09-07 23:00:00-04:00,120,72.0,71.2030744658721,boost_5y_no_dew_pressure,True
2022-09-03 04:00:00+00:00,2022-09-08 04:00:00+00:00,2022-09-08 00:00:00-04:00,121,72.0,70.31739675995665,boost_5y_no_dew_pressure,True
2022-09-03 04:00:00+00:00,2022-09-08 05:00:00+00:00,2022-09-08 01:00:00-04:00,122,71.0,69.66770414732659,boost_5y_no_dew_pressure,True
2022-09-03 04:00:00+00:00,2022-09-08 06:00:00+00:00,2022-09-08 02:00:00-04:00,123,71.0,68.92157488614053,boost_5y_no_dew_pressure,True
2022-09-03 04:00:00+00:00,2022-09-08 07:00:00+00:00,2022-09-08 03:00:00-04:00,124,71.0,68.55851235883719,boost_5y_no_dew_pressure,True
2022-09-03 04:00:00+00:00,2022-09-08 08:00:00+00:00,2022-09-08 04:00:00-04:00,125,71.0,67.98602399852382,boost_5y_no_dew_pressure,True
2022-09-03 04:00:00+00:00,2022-09-08 09:00:00+00:00,2022-09-08 05:00:00-04:00,126,71.0,67.86045882979656,boost_5y_no_dew_pressure,True
2022-09-03 04:00:00+00:00,2022-09-08 10:00:00+00:00,2022-09-08 06:00:00-04:00,127,71.0,67.67350997687895,boost_5y_no_dew_pressure,True
2022-09-03 04:00:00+00:00,2022-09-08 11:00:00+00:00,2022-09-08 07:00:00-04:00,128,71.0,69.27047133139996,boost_5y_no_dew_pressure,True
2022-09-03 04:00:00+00:00,2022-09-08 12:00:00+00:00,2022-09-08 08:00:00-04:00,129,73.0,72.47678345175181,boost_5y_no_dew_pressure,True
2022-09-03 04:00:00+00:00,2022-09-08 13:00:00+00:00,2022-09-08 09:00:00-04:00,130,73.0,75.54912254425666,boost_5y_no_dew_pressure,True
2022-09-03 04:00:00+00:00,2022-09-08 14:00:00+00:00,2022-09-08 10:00:00-04:00,131,74.0,78.09313280572184,boost_5y_no_dew_pressure,True
2022-09-03 04:00:00+00:00,2022-09-08 15:00:00+00:00,2022-09-08 11:00:00-04:00,132,76.0,80.4709347793339,boost_5y_no_dew_pressure,True
2022-09-03 04:00:00+00:00,2022-09-08 16:00:00+00:00,2022-09-08 12:00:00-04:00,133,76.0,81.68794759376581,boost_5y_no_dew_pressure,True
2022-09-03 04:00:00+00:00,2022-09-08 17:00:00+00:00,2022-09-08 13:00:00-04:00,134,79.0,83.08732502941646,boost_5y_no_dew_pressure,True
2022-09-03 04:00:00+00:00,2022-09-08 18:00:00+00:00,2022-09-08 14:00:00-04:00,135,79.0,83.58816834116311,boost_5y_no_dew_pressure,True
2022-09-03 04:00:00+00:00,2022-09-08 19:00:00+00:00,2022-09-08 15:00:00-04:00,136,80.0,83.74260927208331,boost_5y_no_dew_pressure,True
2022-09-03 04:00:00+00:00,2022-09-08 20:00:00+00:00,2022-09-08 16:00:00-04:00,137,80.0,83.21105320100955,boost_5y_no_dew_pressure,True
2022-09-03 04:00:00+00:00,2022-09-08 21:00:00+00:00,2022-09-08 17:00:00-04:00,138,78.0,81.91312992619677,boost_5y_no_dew_pressure,True
2022-09-03 04:00:00+00:00,2022-09-08 22:00:00+00:00,2022-09-08 18:00:00-04:00,139,76.0,79.72508677677538,boost_5y_no_dew_pressure,True
2022-09-03 04:00:00+00:00,2022-09-08 23:00:00+00:00,2022-09-08 19:00:00-04:00,140,72.0,76.29519996012863,boost_5y_no_dew_pressure,True
2022-09-03 04:00:00+00:00,2022-09-09 00:00:00+00:00,2022-09-08 20:00:00-04:00,141,71.0,74.1234953726398,boost_5y_no_dew_pressure,True
2022-09-03 04:00:00+00:00,2022-09-09 01:00:00+00:00,2022-09-08 21:00:00-04:00,142,69.0,72.76271232309355,boost_5y_no_dew_pressure,True
2022-09-03 04:00:00+00:00,2022-09-09 02:00:00+00:00,2022-09-08 22:00:00-04:00,143,69.0,71.741928926642,boost_5y_no_dew_pressure,True
2022-09-03 04:00:00+00:00,2022-09-09 03:00:00+00:00,2022-09-08 23:00:00-04:00,144,67.0,71.01678893530513,boost_5y_no_dew_pressure,True
2022-09-03 04:00:00+00:00,2022-09-09 04:00:00+00:00,2022-09-09 00:00:00-04:00,145,67.0,70.23508995436313,boost_5y_no_dew_pressure,True
2022-09-03 04:00:00+00:00,2022-09-09 05:00:00+00:00,2022-09-09 01:00:00-04:00,146,66.0,69.560337149956,boost_5y_no_dew_pressure,True
2022-09-03 04:00:00+00:00,2022-09-09 06:00:00+00:00,2022-09-09 02:00:00-04:00,147,65.0,68.78626354591236,boost_5y_no_dew_pressure,True
2022-09-03 04:00:00+00:00,2022-09-09 07:00:00+00:00,2022-09-09 03:00:00-04:00,148,66.0,68.47629266564314,boost_5y_no_dew_pressure,True
2022-09-03 04:00:00+00:00,2022-09-09 08:00:00+00:00,2022-09-09 04:00:00-04:00,149,64.0,67.95071295421708,boost_5y_no_dew_pressure,True
2022-09-03 04:00:00+00:00,2022-09-09 09:00:00+00:00,2022-09-09 05:00:00-04:00,150,63.0,67.70517199612053,boost_5y_no_dew_pressure,True
2022-09-03 04:00:00+00:00,2022-09-09 10:00:00+00:00,2022-09-09 06:00:00-04:00,151,63.0,67.5361364576402,boost_5y_no_dew_pressure,True
2022-09-03 04:00:00+00:00,2022-09-09 11:00:00+00:00,2022-09-09 07:00:00-04:00,152,67.0,69.10445773225906,boost_5y_no_dew_pressure,True
2022-09-03 04:00:00+00:00,2022-09-09 12:00:00+00:00,2022-09-09 08:00:00-04:00,153,70.0,72.19203509920064,boost_5y_no_dew_pressure,True
2022-09-03 04:00:00+00:00,2022-09-09 13:00:00+00:00,2022-09-09 09:00:00-04:00,154,73.0,75.11293178173169,boost_5y_no_dew_pressure,True
2022-09-03 04:00:00+00:00,2022-09-09 14:00:00+00:00,2022-09-09 10:00:00-04:00,155,76.0,77.57108701488121,boost_5y_no_dew_pressure,True
2022-09-03 04:00:00+00:00,2022-09-09 15:00:00+00:00,2022-09-09 11:00:00-04:00,156,77.0,80.03107144758201,boost_5y_no_dew_pressure,True
2022-09-03 04:00:00+00:00,2022-09-09 16:00:00+00:00,2022-09-09 12:00:00-04:00,157,78.0,81.14572578906214,boost_5y_no_dew_pressure,True
2022-09-03 04:00:00+00:00,2022-09-09 17:00:00+00:00,2022-09-09 13:00:00-04:00,158,80.0,82.46390565826992,boost_5y_no_dew_pressure,True
2022-09-03 04:00:00+00:00,2022-09-09 18:00:00+00:00,2022-09-09 14:00:00-04:00,159,82.0,82.92602040212286,boost_5y_no_dew_pressure,True
2022-09-03 04:00:00+00:00,2022-09-09 19:00:00+00:00,2022-09-09 15:00:00-04:00,160,82.0,83.31505871897365,boost_5y_no_dew_pressure,True
2022-09-03 04:00:00+00:00,2022-09-09 20:00:00+00:00,2022-09-09 16:00:00-04:00,161,82.0,82.82214056357684,boost_5y_no_dew_pressure,True
2022-09-03 04:00:00+00:00,2022-09-09 21:00:00+00:00,2022-09-09 17:00:00-04:00,162,81.0,81.59884564595797,boost_5y_no_dew_pressure,True
2022-09-03 04:00:00+00:00,2022-09-09 22:00:00+00:00,2022-09-09 18:00:00-04:00,163,80.0,79.30736728559597,boost_5y_no_dew_pressure,True
2022-09-03 04:00:00+00:00,2022-09-09 23:00:00+00:00,2022-09-09 19:00:00-04:00,164,73.0,75.86691390601291,boost_5y_no_dew_pressure,True
2022-09-03 04:00:00+00:00,2022-09-10 00:00:00+00:00,2022-09-09 20:00:00-04:00,165,72.0,73.78952237417025,boost_5y_no_dew_pressure,True
2022-09-03 04:00:00+00:00,2022-09-10 01:00:00+00:00,2022-09-09 21:00:00-04:00,166,73.0,72.40476019328797,boost_5y_no_dew_pressure,True
2022-09-03 04:00:00+00:00,2022-09-10 02:00:00+00:00,2022-09-09 22:00:00-04:00,167,73.0,71.3723954003232,boost_5y_no_dew_pressure,True
2022-09-03 04:00:00+00:00,2022-09-10 03:00:00+00:00,2022-09-09 23:00:00-04:00,168,72.0,70.76115684650976,boost_5y_no_dew_pressure,True
2022-09-03 04:00:00+00:00,2022-09-10 04:00:00+00:00,2022-09-10 00:00:00-04:00,169,71.0,70.05626056170583,boost_5y_no_dew_pressure,True
2022-09-03 04:00:00+00:00,2022-09-10 05:00:00+00:00,2022-09-10 01:00:00-04:00,170,70.0,69.3714043688402,boost_5y_no_dew_pressure,True
2022-09-03 04:00:00+00:00,2022-09-10 06:00:00+00:00,2022-09-10 02:00:00-04:00,171,69.0,68.6384654517091,boost_5y_no_dew_pressure,True
2022-09-03 04:00:00+00:00,2022-09-10 07:00:00+00:00,2022-09-10 03:00:00-04:00,172,69.0,68.27700996629422,boost_5y_no_dew_pressure,True
2022-09-03 04:00:00+00:00,2022-09-10 08:00:00+00:00,2022-09-10 04:00:00-04:00,173,69.0,67.72472800843217,boost_5y_no_dew_pressure,True
2022-09-03 04:00:00+00:00,2022-09-10 09:00:00+00:00,2022-09-10 05:00:00-04:00,174,69.0,67.44811421436083,boost_5y_no_dew_pressure,True
2022-09-03 04:00:00+00:00,2022-09-10 10:00:00+00:00,2022-09-10 06:00:00-04:00,175,69.0,67.26151953439285,boost_5y_no_dew_pressure,True
2022-09-03 04:00:00+00:00,2022-09-10 11:00:00+00:00,2022-09-10 07:00:00-04:00,176,70.0,68.82664028976502,boost_5y_no_dew_pressure,True
2022-09-03 04:00:00+00:00,2022-09-10 12:00:00+00:00,2022-09-10 08:00:00-04:00,177,71.0,72.01181865314396,boost_5y_no_dew_pressure,True
2022-09-03 04:00:00+00:00,2022-09-10 13:00:00+00:00,2022-09-10 09:00:00-04:00,178,72.0,75.13115154582961,boost_5y_no_dew_pressure,True
2022-09-03 04:00:00+00:00,2022-09-10 14:00:00+00:00,2022-09-10 10:00:00-04:00,179,73.0,77.56323280948519,boost_5y_no_dew_pressure,True
2022-09-03 04:00:00+00:00,2022-09-10 15:00:00+00:00,2022-09-10 11:00:00-04:00,180,79.0,80.02302256203423,boost_5y_no_dew_pressure,True
2022-09-03 04:00:00+00:00,2022-09-10 16:00:00+00:00,2022-09-10 12:00:00-04:00,181,82.0,81.16103927718834,boost_5y_no_dew_pressure,True
2022-09-03 04:00:00+00:00,2022-09-10 17:00:00+00:00,2022-09-10 13:00:00-04:00,182,77.0,82.39492982179178,boost_5y_no_dew_pressure,True
2022-09-03 04:00:00+00:00,2022-09-10 18:00:00+00:00,2022-09-10 14:00:00-04:00,183,81.0,82.80491083620994,boost_5y_no_dew_pressure,True
2022-09-03 04:00:00+00:00,2022-09-10 19:00:00+00:00,2022-09-10 15:00:00-04:00,184,81.0,83.2341876131941,boost_5y_no_dew_pressure,True
2022-09-03 04:00:00+00:00,2022-09-10 20:00:00+00:00,2022-09-10 16:00:00-04:00,185,76.0,82.75445168787684,boost_5y_no_dew_pressure,True
2022-09-03 04:00:00+00:00,2022-09-10 21:00:00+00:00,2022-09-10 17:00:00-04:00,186,76.0,81.53301030428062,boost_5y_no_dew_pressure,True
2022-09-03 04:00:00+00:00,2022-09-10 22:00:00+00:00,2022-09-10 18:00:00-04:00,187,75.0,79.20004923666947,boost_5y_no_dew_pressure,True
2022-09-03 04:00:00+00:00,2022-09-10 23:00:00+00:00,2022-09-10 19:00:00-04:00,188,75.0,75.81414709326693,boost_5y_no_dew_pressure,True
2022-09-03 04:00:00+00:00,2022-09-11 00:00:00+00:00,2022-09-10 20:00:00-04:00,189,75.0,73.90623807224131,boost_5y_no_dew_pressure,True
2022-09-03 04:00:00+00:00,2022-09-11 01:00:00+00:00,2022-09-10 21:00:00-04:00,190,75.0,72.51689048167498,boost_5y_no_dew_pressure,True
2022-09-03 04:00:00+00:00,2022-09-11 02:00:00+00:00,2022-09-10 22:00:00-04:00,191,75.0,71.46772056748986,boost_5y_no_dew_pressure,True
2022-09-03 04:00:00+00:00,2022-09-11 03:00:00+00:00,2022-09-10 23:00:00-04:00,192,75.0,70.89424126888593,boost_5y_no_dew_pressure,True
2022-09-03 04:00:00+00:00,2022-09-11 04:00:00+00:00,2022-09-11 00:00:00-04:00,193,75.0,70.45873529958376,boost_5y_no_dew_pressure,True
2022-09-03 04:00:00+00:00,2022-09-11 05:00:00+00:00,2022-09-11 01:00:00-04:00,194,74.0,69.75903855413573,boost_5y_no_dew_pressure,True
2022-09-03 04:00:00+00:00,2022-09-11 06:00:00+00:00,2022-09-11 02:00:00-04:00,195,74.0,69.08981047703848,boost_5y_no_dew_pressure,True
2022-09-03 04:00:00+00:00,2022-09-11 07:00:00+00:00,2022-09-11 03:00:00-04:00,196,75.0,68.68596278144105,boost_5y_no_dew_pressure,True
2022-09-03 04:00:00+00:00,2022-09-11 08:00:00+00:00,2022-09-11 04:00:00-04:00,197,74.0,68.10583980762885,boost_5y_no_dew_pressure,True
2022-09-03 04:00:00+00:00,2022-09-11 09:00:00+00:00,2022-09-11 05:00:00-04:00,198,74.0,67.83012281566877,boost_5y_no_dew_pressure,True
2022-09-03 04:00:00+00:00,2022-09-11 10:00:00+00:00,2022-09-11 06:00:00-04:00,199,74.0,67.54867359376867,boost_5y_no_dew_pressure,True
2022-09-03 04:00:00+00:00,2022-09-11 11:00:00+00:00,2022-09-11 07:00:00-04:00,200,74.0,69.03724871824897,boost_5y_no_dew_pressure,True
2022-09-03 04:00:00+00:00,2022-09-11 12:00:00+00:00,2022-09-11 08:00:00-04:00,201,75.0,72.06401192499011,boost_5y_no_dew_pressure,True
2022-09-03 04:00:00+00:00,2022-09-11 13:00:00+00:00,2022-09-11 09:00:00-04:00,202,77.0,75.13028651037821,boost_5y_no_dew_pressure,True
2022-09-03 04:00:00+00:00,2022-09-11 14:00:00+00:00,2022-09-11 10:00:00-04:00,203,81.0,77.48261799306641,boost_5y_no_dew_pressure,True
2022-09-03 04:00:00+00:00,2022-09-11 15:00:00+00:00,2022-09-11 11:00:00-04:00,204,82.0,79.87803975811846,boost_5y_no_dew_pressure,True
2022-09-03 04:00:00+00:00,2022-09-11 16:00:00+00:00,2022-09-11 12:00:00-04:00,205,86.0,80.9721973635473,boost_5y_no_dew_pressure,True
2022-09-03 04:00:00+00:00,2022-09-11 17:00:00+00:00,2022-09-11 13:00:00-04:00,206,85.0,82.17487689758124,boost_5y_no_dew_pressure,True
2022-09-03 04:00:00+00:00,2022-09-11 18:00:00+00:00,2022-09-11 14:00:00-04:00,207,89.0,82.58105622048551,boost_5y_no_dew_pressure,True
2022-09-03 04:00:00+00:00,2022-09-11 19:00:00+00:00,2022-09-11 15:00:00-04:00,208,87.0,82.91765793730093,boost_5y_no_dew_pressure,True
2022-09-03 04:00:00+00:00,2022-09-11 20:00:00+00:00,2022-09-11 16:00:00-04:00,209,84.0,82.43566728488743,boost_5y_no_dew_pressure,True
2022-09-03 04:00:00+00:00,2022-09-11 21:00:00+00:00,2022-09-11 17:00:00-04:00,210,84.0,81.28104114284275,boost_5y_no_dew_pressure,True
2022-09-03 04:00:00+00:00,2022-09-11 22:00:00+00:00,2022-09-11 18:00:00-04:00,211,83.0,78.99009713901705,boost_5y_no_dew_pressure,True
2022-09-03 04:00:00+00:00,2022-09-11 23:00:00+00:00,2022-09-11 19:00:00-04:00,212,80.0,75.6151443371302,boost_5y_no_dew_pressure,True
2022-09-03 04:00:00+00:00,2022-09-12 00:00:00+00:00,2022-09-11 20:00:00-04:00,213,80.0,73.78473450879356,boost_5y_no_dew_pressure,True
2022-09-03 04:00:00+00:00,2022-09-12 01:00:00+00:00,2022-09-11 21:00:00-04:00,214,79.0,72.44398825281466,boost_5y_no_dew_pressure,True
2022-09-03 04:00:00+00:00,2022-09-12 02:00:00+00:00,2022-09-11 22:00:00-04:00,215,78.0,71.47194938403307,boost_5y_no_dew_pressure,True
2022-09-03 04:00:00+00:00,2022-09-12 03:00:00+00:00,2022-09-11 23:00:00-04:00,216,78.0,70.82729928192937,boost_5y_no_dew_pressure,True
2022-09-03 04:00:00+00:00,2022-09-12 04:00:00+00:00,2022-09-12 00:00:00-04:00,217,77.0,70.24800718350284,boost_5y_no_dew_pressure,True
2022-09-03 04:00:00+00:00,2022-09-12 05:00:00+00:00,2022-09-12 01:00:00-04:00,218,76.0,69.53636184992851,boost_5y_no_dew_pressure,True
2022-09-03 04:00:00+00:00,2022-09-12 06:00:00+00:00,2022-09-12 02:00:00-04:00,219,76.0,68.88077988329837,boost_5y_no_dew_pressure,True
2022-09-03 04:00:00+00:00,2022-09-12 07:00:00+00:00,2022-09-12 03:00:00-04:00,220,75.0,68.43761528703864,boost_5y_no_dew_pressure,True
2022-09-03 04:00:00+00:00,2022-09-12 08:00:00+00:00,2022-09-12 04:00:00-04:00,221,74.0,67.86792557335187,boost_5y_no_dew_pressure,True
2022-09-03 04:00:00+00:00,2022-09-12 09:00:00+00:00,2022-09-12 05:00:00-04:00,222,74.0,67.60476485731189,boost_5y_no_dew_pressure,True
2022-09-03 04:00:00+00:00,2022-09-12 10:00:00+00:00,2022-09-12 06:00:00-04:00,223,74.0,67.32996167399594,boost_5y_no_dew_pressure,True
2022-09-03 04:00:00+00:00,2022-09-12 11:00:00+00:00,2022-09-12 07:00:00-04:00,224,75.0,68.77187025814789,boost_5y_no_dew_pressure,True
2022-09-03 04:00:00+00:00,2022-09-12 12:00:00+00:00,2022-09-12 08:00:00-04:00,225,77.0,71.74873543980388,boost_5y_no_dew_pressure,True
2022-09-03 04:00:00+00:00,2022-09-12 13:00:00+00:00,2022-09-12 09:00:00-04:00,226,81.0,74.65899886148254,boost_5y_no_dew_pressure,True
2022-09-03 04:00:00+00:00,2022-09-12 14:00:00+00:00,2022-09-12 10:00:00-04:00,227,84.0,77.03532857937401,boost_5y_no_dew_pressure,True
2022-09-03 04:00:00+00:00,2022-09-12 15:00:00+00:00,2022-09-12 11:00:00-04:00,228,87.0,79.39915574704135,boost_5y_no_dew_pressure,True
2022-09-03 04:00:00+00:00,2022-09-12 16:00:00+00:00,2022-09-12 12:00:00-04:00,229,91.0,80.54813352447496,boost_5y_no_dew_pressure,True
2022-09-03 04:00:00+00:00,2022-09-12 17:00:00+00:00,2022-09-12 13:00:00-04:00,230,90.0,81.64304547160954,boost_5y_no_dew_pressure,True
2022-09-03 04:00:00+00:00,2022-09-12 18:00:00+00:00,2022-09-12 14:00:00-04:00,231,87.0,82.19358050423578,boost_5y_no_dew_pressure,True
2022-09-03 04:00:00+00:00,2022-09-12 19:00:00+00:00,2022-09-12 15:00:00-04:00,232,91.0,82.51164609138053,boost_5y_no_dew_pressure,True
2022-09-03 04:00:00+00:00,2022-09-12 20:00:00+00:00,2022-09-12 16:00:00-04:00,233,90.0,82.05640502632262,boost_5y_no_dew_pressure,True
2022-09-03 04:00:00+00:00,2022-09-12 21:00:00+00:00,2022-09-12 17:00:00-04:00,234,85.0,80.93022708549475,boost_5y_no_dew_pressure,True
2022-09-03 04:00:00+00:00,2022-09-12 22:00:00+00:00,2022-09-12 18:00:00-04:00,235,80.0,78.53992808844859,boost_5y_no_dew_pressure,True
2022-09-03 04:00:00+00:00,2022-09-12 23:00:00+00:00,2022-09-12 19:00:00-04:00,236,75.0,75.13948886609332,boost_5y_no_dew_pressure,True
2022-09-03 04:00:00+00:00,2022-09-13 00:00:00+00:00,2022-09-12 20:00:00-04:00,237,74.0,73.26170223742768,boost_5y_no_dew_pressure,True
2022-09-03 04:00:00+00:00,2022-09-13 01:00:00+00:00,2022-09-12 21:00:00-04:00,238,73.0,71.9190068054255,boost_5y_no_dew_pressure,True
2022-09-03 04:00:00+00:00,2022-09-13 02:00:00+00:00,2022-09-12 22:00:00-04:00,239,74.0,70.93290372746617,boost_5y_no_dew_pressure,True
2022-09-03 04:00:00+00:00,2022-09-13 03:00:00+00:00,2022-09-12 23:00:00-04:00,240,73.0,70.27100666704371,boost_5y_no_dew_pressure,True
2022-09-03 04:00:00+00:00,2022-09-13 04:00:00+00:00,2022-09-13 00:00:00-04:00,241,71.0,69.54330841146216,boost_5y_no_dew_pressure,True
2022-09-03 04:00:00+00:00,2022-09-13 05:00:00+00:00,2022-09-13 01:00:00-04:00,242,72.0,68.82791974547649,boost_5y_no_dew_pressure,True
2022-09-03 04:00:00+00:00,2022-09-13 06:00:00+00:00,2022-09-13 02:00:00-04:00,243,72.0,68.26790246190674,boost_5y_no_dew_pressure,True
2022-09-03 04:00:00+00:00,2022-09-13 07:00:00+00:00,2022-09-13 03:00:00-04:00,244,71.0,67.74720687726858,boost_5y_no_dew_pressure,True
2022-09-03 04:00:00+00:00,2022-09-13 08:00:00+00:00,2022-09-13 04:00:00-04:00,245,70.0,67.24026922452185,boost_5y_no_dew_pressure,True
2022-09-03 04:00:00+00:00,2022-09-13 09:00:00+00:00,2022-09-13 05:00:00-04:00,246,69.0,66.9932351566242,boost_5y_no_dew_pressure,True
2022-09-03 04:00:00+00:00,2022-09-13 10:00:00+00:00,2022-09-13 06:00:00-04:00,247,68.0,66.67332225318505,boost_5y_no_dew_pressure,True
2022-09-03 04:00:00+00:00,2022-09-13 11:00:00+00:00,2022-09-13 07:00:00-04:00,248,68.0,68.03928618173681,boost_5y_no_dew_pressure,True
2022-09-03 04:00:00+00:00,2022-09-13 12:00:00+00:00,2022-09-13 08:00:00-04:00,249,71.0,71.03667680036067,boost_5y_no_dew_pressure,True
2022-09-03 04:00:00+00:00,2022-09-13 13:00:00+00:00,2022-09-13 09:00:00-04:00,250,74.0,73.98748857967273,boost_5y_no_dew_pressure,True
2022-09-03 04:00:00+00:00,2022-09-13 14:00:00+00:00,2022-09-13 10:00:00-04:00,251,77.0,76.35707450060362,boost_5y_no_dew_pressure,True
2022-09-03 04:00:00+00:00,2022-09-13 15:00:00+00:00,2022-09-13 11:00:00-04:00,252,79.0,78.74211079100458,boost_5y_no_dew_pressure,True
2022-09-03 04:00:00+00:00,2022-09-13 16:00:00+00:00,2022-09-13 12:00:00-04:00,253,81.0,79.94655108681923,boost_5y_no_dew_pressure,True
2022-09-03 04:00:00+00:00,2022-09-13 17:00:00+00:00,2022-09-13 13:00:00-04:00,254,84.0,81.10914781568319,boost_5y_no_dew_pressure,True
2022-09-03 04:00:00+00:00,2022-09-13 18:00:00+00:00,2022-09-13 14:00:00-04:00,255,85.0,81.5838112579682,boost_5y_no_dew_pressure,True
2022-09-03 04:00:00+00:00,2022-09-13 19:00:00+00:00,2022-09-13 15:00:00-04:00,256,84.0,81.94601823131336,boost_5y_no_dew_pressure,True
2022-09-03 04:00:00+00:00,2022-09-13 20:00:00+00:00,2022-09-13 16:00:00-04:00,257,85.0,81.50602717510647,boost_5y_no_dew_pressure,True
2022-09-03 04:00:00+00:00,2022-09-13 21:00:00+00:00,2022-09-13 17:00:00-04:00,258,83.0,80.3543166918102,boost_5y_no_dew_pressure,True
2022-09-03 04:00:00+00:00,2022-09-13 22:00:00+00:00,2022-09-13 18:00:00-04:00,259,80.0,77.9013865616472,boost_5y_no_dew_pressure,True
2022-09-03 04:00:00+00:00,2022-09-13 23:00:00+00:00,2022-09-13 19:00:00-04:00,260,75.0,74.51072770914799,boost_5y_no_dew_pressure,True
2022-09-03 04:00:00+00:00,2022-09-14 00:00:00+00:00,2022-09-13 20:00:00-04:00,261,67.0,72.67468980335438,boost_5y_no_dew_pressure,True
2022-09-03 04:00:00+00:00,2022-09-14 01:00:00+00:00,2022-09-13 21:00:00-04:00,262,69.0,71.44956483721137,boost_5y_no_dew_pressure,True
2022-09-03 04:00:00+00:00,2022-09-14 02:00:00+00:00,2022-09-13 22:00:00-04:00,263,65.0,70.44961681563844,boost_5y_no_dew_pressure,True
2022-09-03 04:00:00+00:00,2022-09-14 03:00:00+00:00,2022-09-13 23:00:00-04:00,264,63.0,69.69075597297638,boost_5y_no_dew_pressure,True
2022-09-03 04:00:00+00:00,2022-09-14 04:00:00+00:00,2022-09-14 00:00:00-04:00,265,63.0,69.06583976864763,boost_5y_no_dew_pressure,True
2022-09-03 04:00:00+00:00,2022-09-14 05:00:00+00:00,2022-09-14 01:00:00-04:00,266,64.0,68.31571408358356,boost_5y_no_dew_pressure,True
2022-09-03 04:00:00+00:00,2022-09-14 06:00:00+00:00,2022-09-14 02:00:00-04:00,267,61.0,67.76929043717175,boost_5y_no_dew_pressure,True
2022-09-03 04:00:00+00:00,2022-09-14 07:00:00+00:00,2022-09-14 03:00:00-04:00,268,60.0,67.23943178431077,boost_5y_no_dew_pressure,True
2022-09-03 04:00:00+00:00,2022-09-14 08:00:00+00:00,2022-09-14 04:00:00-04:00,269,59.0,66.75624244112943,boost_5y_no_dew_pressure,True
2022-09-03 04:00:00+00:00,2022-09-14 09:00:00+00:00,2022-09-14 05:00:00-04:00,270,60.0,66.46642712350517,boost_5y_no_dew_pressure,True
2022-09-03 04:00:00+00:00,2022-09-14 10:00:00+00:00,2022-09-14 06:00:00-04:00,271,60.0,66.16688398013714,boost_5y_no_dew_pressure,True
2022-09-03 04:00:00+00:00,2022-09-14 11:00:00+00:00,2022-09-14 07:00:00-04:00,272,62.0,67.5392939273469,boost_5y_no_dew_pressure,True
2022-09-03 04:00:00+00:00,2022-09-14 12:00:00+00:00,2022-09-14 08:00:00-04:00,273,66.0,70.63460187884014,boost_5y_no_dew_pressure,True
2022-09-03 04:00:00+00:00,2022-09-14 13:00:00+00:00,2022-09-14 09:00:00-04:00,274,72.0,73.7239240809527,boost_5y_no_dew_pressure,True
2022-09-03 04:00:00+00:00,2022-09-14 14:00:00+00:00,2022-09-14 10:00:00-04:00,275,73.0,76.10513473105237,boost_5y_no_dew_pressure,True
2022-09-03 04:00:00+00:00,2022-09-14 15:00:00+00:00,2022-09-14 11:00:00-04:00,276,76.0,78.53053973194446,boost_5y_no_dew_pressure,True
2022-09-03 04:00:00+00:00,2022-09-14 16:00:00+00:00,2022-09-14 12:00:00-04:00,277,78.0,79.74649646687654,boost_5y_no_dew_pressure,True
2022-09-03 04:00:00+00:00,2022-09-14 17:00:00+00:00,2022-09-14 13:00:00-04:00,278,78.0,80.98780659434883,boost_5y_no_dew_pressure,True
2022-09-03 04:00:00+00:00,2022-09-14 18:00:00+00:00,2022-09-14 14:00:00-04:00,279,80.0,81.54343986671255,boost_5y_no_dew_pressure,True
2022-09-03 04:00:00+00:00,2022-09-14 19:00:00+00:00,2022-09-14 15:00:00-04:00,280,80.0,81.84959932492404,boost_5y_no_dew_pressure,True
2022-09-03 04:00:00+00:00,2022-09-14 20:00:00+00:00,2022-09-14 16:00:00-04:00,281,80.0,81.2624324456692,boost_5y_no_dew_pressure,True
2022-09-03 04:00:00+00:00,2022-09-14 21:00:00+00:00,2022-09-14 17:00:00-04:00,282,78.0,80.11197165485872,boost_5y_no_dew_pressure,True
2022-09-03 04:00:00+00:00,2022-09-14 22:00:00+00:00,2022-09-14 18:00:00-04:00,283,76.0,77.59365363647113,boost_5y_no_dew_pressure,True
2022-09-03 04:00:00+00:00,2022-09-14 23:00:00+00:00,2022-09-14 19:00:00-04:00,284,71.0,74.32027693783176,boost_5y_no_dew_pressure,True
2022-09-03 04:00:00+00:00,2022-09-15 00:00:00+00:00,2022-09-14 20:00:00-04:00,285,67.0,72.5226526340409,boost_5y_no_dew_pressure,True
2022-09-03 04:00:00+00:00,2022-09-15 01:00:00+00:00,2022-09-14 21:00:00-04:00,286,65.0,71.3899670988653,boost_5y_no_dew_pressure,True
2022-09-03 04:00:00+00:00,2022-09-15 02:00:00+00:00,2022-09-14 22:00:00-04:00,287,64.0,70.3762204328358,boost_5y_no_dew_pressure,True
2022-09-03 04:00:00+00:00,2022-09-15 03:00:00+00:00,2022-09-14 23:00:00-04:00,288,61.0,69.59123715895059,boost_5y_no_dew_pressure,True
2022-09-03 04:00:00+00:00,2022-09-15 04:00:00+00:00,2022-09-15 00:00:00-04:00,289,62.0,69.02879139049978,boost_5y_no_dew_pressure,True
2022-09-03 04:00:00+00:00,2022-09-15 05:00:00+00:00,2022-09-15 01:00:00-04:00,290,61.0,68.25244249986319,boost_5y_no_dew_pressure,True
2022-09-03 04:00:00+00:00,2022-09-15 06:00:00+00:00,2022-09-15 02:00:00-04:00,291,59.0,67.8082750508129,boost_5y_no_dew_pressure,True
2022-09-03 04:00:00+00:00,2022-09-15 07:00:00+00:00,2022-09-15 03:00:00-04:00,292,60.0,67.29029499640112,boost_5y_no_dew_pressure,True
2022-09-03 04:00:00+00:00,2022-09-15 08:00:00+00:00,2022-09-15 04:00:00-04:00,293,59.0,66.85088984631808,boost_5y_no_dew_pressure,True
2022-09-03 04:00:00+00:00,2022-09-15 09:00:00+00:00,2022-09-15 05:00:00-04:00,294,59.0,66.60463139840114,boost_5y_no_dew_pressure,True
2022-09-03 04:00:00+00:00,2022-09-15 10:00:00+00:00,2022-09-15 06:00:00-04:00,295,58.0,66.32989215720929,boost_5y_no_dew_pressure,True
2022-09-03 04:00:00+00:00,2022-09-15 11:00:00+00:00,2022-09-15 07:00:00-04:00,296,63.0,67.58014445614106,boost_5y_no_dew_pressure,True
2022-09-03 04:00:00+00:00,2022-09-15 12:00:00+00:00,2022-09-15 08:00:00-04:00,297,67.0,70.5486438395489,boost_5y_no_dew_pressure,True
2022-09-03 04:00:00+00:00,2022-09-15 13:00:00+00:00,2022-09-15 09:00:00-04:00,298,72.0,73.54517470830517,boost_5y_no_dew_pressure,True
2022-09-03 04:00:00+00:00,2022-09-15 14:00:00+00:00,2022-09-15 10:00:00-04:00,299,76.0,75.9897311186565,boost_5y_no_dew_pressure,True
2022-09-03 04:00:00+00:00,2022-09-15 15:00:00+00:00,2022-09-15 11:00:00-04:00,300,78.0,78.29646829587264,boost_5y_no_dew_pressure,True
2022-09-03 04:00:00+00:00,2022-09-15 16:00:00+00:00,2022-09-15 12:00:00-04:00,301,80.0,79.63200585047409,boost_5y_no_dew_pressure,True
2022-09-03 04:00:00+00:00,2022-09-15 17:00:00+00:00,2022-09-15 13:00:00-04:00,302,80.0,80.72659792764176,boost_5y_no_dew_pressure,True
2022-09-03 04:00:00+00:00,2022-09-15 18:00:00+00:00,2022-09-15 14:00:00-04:00,303,82.0,81.3771179467045,boost_5y_no_dew_pressure,True
2022-09-03 04:00:00+00:00,2022-09-15 19:00:00+00:00,2022-09-15 15:00:00-04:00,304,82.0,81.4970657459741,boost_5y_no_dew_pressure,True
2022-09-03 04:00:00+00:00,2022-09-15 20:00:00+00:00,2022-09-15 16:00:00-04:00,305,83.0,81.00368093190895,boost_5y_no_dew_pressure,True
2022-09-03 04:00:00+00:00,2022-09-15 21:00:00+00:00,2022-09-15 17:00:00-04:00,306,81.0,79.81730596461738,boost_5y_no_dew_pressure,True
2022-09-03 04:00:00+00:00,2022-09-15 22:00:00+00:00,2022-09-15 18:00:00-04:00,307,78.0,77.32280686956291,boost_5y_no_dew_pressure,True
2022-09-03 04:00:00+00:00,2022-09-15 23:00:00+00:00,2022-09-15 19:00:00-04:00,308,73.0,74.15723919367468,boost_5y_no_dew_pressure,True
2022-09-03 04:00:00+00:00,2022-09-16 00:00:00+00:00,2022-09-15 20:00:00-04:00,309,71.0,72.58572857995361,boost_5y_no_dew_pressure,True
2022-09-03 04:00:00+00:00,2022-09-16 01:00:00+00:00,2022-09-15 21:00:00-04:00,310,69.0,71.31987252135073,boost_5y_no_dew_pressure,True
2022-09-03 04:00:00+00:00,2022-09-16 02:00:00+00:00,2022-09-15 22:00:00-04:00,311,66.0,70.35969037453877,boost_5y_no_dew_pressure,True
2022-09-03 04:00:00+00:00,2022-09-16 03:00:00+00:00,2022-09-15 23:00:00-04:00,312,64.0,69.60100902453038,boost_5y_no_dew_pressure,True
2022-09-03 04:00:00+00:00,2022-09-16 04:00:00+00:00,2022-09-16 00:00:00-04:00,313,65.0,68.80259212622425,boost_5y_no_dew_pressure,True
2022-09-03 04:00:00+00:00,2022-09-16 05:00:00+00:00,2022-09-16 01:00:00-04:00,314,64.0,68.04325236449691,boost_5y_no_dew_pressure,True
2022-09-03 04:00:00+00:00,2022-09-16 06:00:00+00:00,2022-09-16 02:00:00-04:00,315,63.0,67.56339141012319,boost_5y_no_dew_pressure,True
2022-09-03 04:00:00+00:00,2022-09-16 07:00:00+00:00,2022-09-16 03:00:00-04:00,316,62.0,66.98985166283443,boost_5y_no_dew_pressure,True
2022-09-03 04:00:00+00:00,2022-09-16 08:00:00+00:00,2022-09-16 04:00:00-04:00,317,60.0,66.51040616432748,boost_5y_no_dew_pressure,True
2022-09-03 04:00:00+00:00,2022-09-16 09:00:00+00:00,2022-09-16 05:00:00-04:00,318,61.0,66.27407954631553,boost_5y_no_dew_pressure,True
2022-09-03 04:00:00+00:00,2022-09-16 10:00:00+00:00,2022-09-16 06:00:00-04:00,319,60.0,65.97709627861289,boost_5y_no_dew_pressure,True
2022-09-03 04:00:00+00:00,2022-09-16 11:00:00+00:00,2022-09-16 07:00:00-04:00,320,63.0,67.20342219568381,boost_5y_no_dew_pressure,True
2022-09-03 04:00:00+00:00,2022-09-16 12:00:00+00:00,2022-09-16 08:00:00-04:00,321,69.0,70.0937385569197,boost_5y_no_dew_pressure,True
2022-09-03 04:00:00+00:00,2022-09-16 13:00:00+00:00,2022-09-16 09:00:00-04:00,322,74.0,73.08585624003084,boost_5y_no_dew_pressure,True
2022-09-03 04:00:00+00:00,2022-09-16 14:00:00+00:00,2022-09-16 10:00:00-04:00,323,79.0,75.58936772761335,boost_5y_no_dew_pressure,True
2022-09-03 04:00:00+00:00,2022-09-16 15:00:00+00:00,2022-09-16 11:00:00-04:00,324,80.0,77.93453777736624,boost_5y_no_dew_pressure,True
2022-09-03 04:00:00+00:00,2022-09-16 16:00:00+00:00,2022-09-16 12:00:00-04:00,325,81.0,79.24137970718353,boost_5y_no_dew_pressure,True
2022-09-03 04:00:00+00:00,2022-09-16 17:00:00+00:00,2022-09-16 13:00:00-04:00,326,83.0,80.34953375573787,boost_5y_no_dew_pressure,True
2022-09-03 04:00:00+00:00,2022-09-16 18:00:00+00:00,2022-09-16 14:00:00-04:00,327,83.0,81.00142863874999,boost_5y_no_dew_pressure,True
2022-09-03 04:00:00+00:00,2022-09-16 19:00:00+00:00,2022-09-16 15:00:00-04:00,328,83.0,81.02862731569938,boost_5y_no_dew_pressure,True
2022-09-03 04:00:00+00:00,2022-09-16 20:00:00+00:00,2022-09-16 16:00:00-04:00,329,84.0,80.66915198802641,boost_5y_no_dew_pressure,True
2022-09-03 04:00:00+00:00,2022-09-16 21:00:00+00:00,2022-09-16 17:00:00-04:00,330,82.0,79.40408919769033,boost_5y_no_dew_pressure,True
2022-09-03 04:00:00+00:00,2022-09-16 22:00:00+00:00,2022-09-16 18:00:00-04:00,331,78.0,76.79234114336471,boost_5y_no_dew_pressure,True
2022-09-03 04:00:00+00:00,2022-09-16 23:00:00+00:00,2022-09-16 19:00:00-04:00,332,76.0,73.78474049019171,boost_5y_no_dew_pressure,True
2022-09-03 04:00:00+00:00,2022-09-17 00:00:00+00:00,2022-09-16 20:00:00-04:00,333,71.0,72.21177567555871,boost_5y_no_dew_pressure,True
2022-09-03 04:00:00+00:00,2022-09-17 01:00:00+00:00,2022-09-16 21:00:00-04:00,334,69.0,70.93270518573244,boost_5y_no_dew_pressure,True
2022-09-03 04:00:00+00:00,2022-09-17 02:00:00+00:00,2022-09-16 22:00:00-04:00,335,68.0,69.96070710126355,boost_5y_no_dew_pressure,True
2022-09-03 04:00:00+00:00,2022-09-17 03:00:00+00:00,2022-09-16 23:00:00-04:00,336,66.0,69.18931162156265,boost_5y_no_dew_pressure,True
2022-09-10 04:00:00+00:00,2022-09-10 04:00:00+00:00,2022-09-10 00:00:00-04:00,1,71.0,70.28269402703714,boost_5y_no_dew_pressure,True
2022-09-10 04:00:00+00:00,2022-09-10 05:00:00+00:00,2022-09-10 01:00:00-04:00,2,70.0,69.6742836108234,boost_5y_no_dew_pressure,True
2022-09-10 04:00:00+00:00,2022-09-10 06:00:00+00:00,2022-09-10 02:00:00-04:00,3,69.0,69.15034097786246,boost_5y_no_dew_pressure,True
2022-09-10 04:00:00+00:00,2022-09-10 07:00:00+00:00,2022-09-10 03:00:00-04:00,4,69.0,68.86542163764543,boost_5y_no_dew_pressure,True
2022-09-10 04:00:00+00:00,2022-09-10 08:00:00+00:00,2022-09-10 04:00:00-04:00,5,69.0,68.39279501458861,boost_5y_no_dew_pressure,True
2022-09-10 04:00:00+00:00,2022-09-10 09:00:00+00:00,2022-09-10 05:00:00-04:00,6,69.0,68.11140999488349,boost_5y_no_dew_pressure,True
2022-09-10 04:00:00+00:00,2022-09-10 10:00:00+00:00,2022-09-10 06:00:00-04:00,7,69.0,67.9877109740575,boost_5y_no_dew_pressure,True
2022-09-10 04:00:00+00:00,2022-09-10 11:00:00+00:00,2022-09-10 07:00:00-04:00,8,70.0,69.61770615184757,boost_5y_no_dew_pressure,True
2022-09-10 04:00:00+00:00,2022-09-10 12:00:00+00:00,2022-09-10 08:00:00-04:00,9,71.0,72.53307197124958,boost_5y_no_dew_pressure,True
2022-09-10 04:00:00+00:00,2022-09-10 13:00:00+00:00,2022-09-10 09:00:00-04:00,10,72.0,75.74096646392714,boost_5y_no_dew_pressure,True
2022-09-10 04:00:00+00:00,2022-09-10 14:00:00+00:00,2022-09-10 10:00:00-04:00,11,73.0,78.54013154470492,boost_5y_no_dew_pressure,True
2022-09-10 04:00:00+00:00,2022-09-10 15:00:00+00:00,2022-09-10 11:00:00-04:00,12,79.0,80.90613289924694,boost_5y_no_dew_pressure,True
2022-09-10 04:00:00+00:00,2022-09-10 16:00:00+00:00,2022-09-10 12:00:00-04:00,13,82.0,81.9808324410573,boost_5y_no_dew_pressure,True
2022-09-10 04:00:00+00:00,2022-09-10 17:00:00+00:00,2022-09-10 13:00:00-04:00,14,77.0,82.87675194185152,boost_5y_no_dew_pressure,True
2022-09-10 04:00:00+00:00,2022-09-10 18:00:00+00:00,2022-09-10 14:00:00-04:00,15,81.0,83.71630166918233,boost_5y_no_dew_pressure,True
2022-09-10 04:00:00+00:00,2022-09-10 19:00:00+00:00,2022-09-10 15:00:00-04:00,16,81.0,84.25328719484074,boost_5y_no_dew_pressure,True
2022-09-10 04:00:00+00:00,2022-09-10 20:00:00+00:00,2022-09-10 16:00:00-04:00,17,76.0,83.75816001823452,boost_5y_no_dew_pressure,True
2022-09-10 04:00:00+00:00,2022-09-10 21:00:00+00:00,2022-09-10 17:00:00-04:00,18,76.0,82.38110534922846,boost_5y_no_dew_pressure,True
2022-09-10 04:00:00+00:00,2022-09-10 22:00:00+00:00,2022-09-10 18:00:00-04:00,19,75.0,79.9795269098399,boost_5y_no_dew_pressure,True
2022-09-10 04:00:00+00:00,2022-09-10 23:00:00+00:00,2022-09-10 19:00:00-04:00,20,75.0,76.22798957311576,boost_5y_no_dew_pressure,True
2022-09-10 04:00:00+00:00,2022-09-11 00:00:00+00:00,2022-09-10 20:00:00-04:00,21,75.0,74.15912720512135,boost_5y_no_dew_pressure,True
2022-09-10 04:00:00+00:00,2022-09-11 01:00:00+00:00,2022-09-10 21:00:00-04:00,22,75.0,72.91273359424143,boost_5y_no_dew_pressure,True
2022-09-10 04:00:00+00:00,2022-09-11 02:00:00+00:00,2022-09-10 22:00:00-04:00,23,75.0,71.98667278488757,boost_5y_no_dew_pressure,True
2022-09-10 04:00:00+00:00,2022-09-11 03:00:00+00:00,2022-09-10 23:00:00-04:00,24,75.0,71.32379989583444,boost_5y_no_dew_pressure,True
2022-09-10 04:00:00+00:00,2022-09-11 04:00:00+00:00,2022-09-11 00:00:00-04:00,25,75.0,72.3740099448181,boost_5y_no_dew_pressure,True
2022-09-10 04:00:00+00:00,2022-09-11 05:00:00+00:00,2022-09-11 01:00:00-04:00,26,74.0,71.70716149537593,boost_5y_no_dew_pressure,True
2022-09-10 04:00:00+00:00,2022-09-11 06:00:00+00:00,2022-09-11 02:00:00-04:00,27,74.0,71.1985015815022,boost_5y_no_dew_pressure,True
2022-09-10 04:00:00+00:00,2022-09-11 07:00:00+00:00,2022-09-11 03:00:00-04:00,28,75.0,70.83572681408756,boost_5y_no_dew_pressure,True
2022-09-10 04:00:00+00:00,2022-09-11 08:00:00+00:00,2022-09-11 04:00:00-04:00,29,74.0,70.29721133752379,boost_5y_no_dew_pressure,True
2022-09-10 04:00:00+00:00,2022-09-11 09:00:00+00:00,2022-09-11 05:00:00-04:00,30,74.0,70.02449377043983,boost_5y_no_dew_pressure,True
2022-09-10 04:00:00+00:00,2022-09-11 10:00:00+00:00,2022-09-11 06:00:00-04:00,31,74.0,69.6902015839812,boost_5y_no_dew_pressure,True
2022-09-10 04:00:00+00:00,2022-09-11 11:00:00+00:00,2022-09-11 07:00:00-04:00,32,74.0,71.21380415435213,boost_5y_no_dew_pressure,True
2022-09-10 04:00:00+00:00,2022-09-11 12:00:00+00:00,2022-09-11 08:00:00-04:00,33,75.0,73.93983049100149,boost_5y_no_dew_pressure,True
2022-09-10 04:00:00+00:00,2022-09-11 13:00:00+00:00,2022-09-11 09:00:00-04:00,34,77.0,76.9777214301501,boost_5y_no_dew_pressure,True
2022-09-10 04:00:00+00:00,2022-09-11 14:00:00+00:00,2022-09-11 10:00:00-04:00,35,81.0,79.55950683880576,boost_5y_no_dew_pressure,True
2022-09-10 04:00:00+00:00,2022-09-11 15:00:00+00:00,2022-09-11 11:00:00-04:00,36,82.0,81.85791601129785,boost_5y_no_dew_pressure,True
2022-09-10 04:00:00+00:00,2022-09-11 16:00:00+00:00,2022-09-11 12:00:00-04:00,37,86.0,82.91783951371957,boost_5y_no_dew_pressure,True
2022-09-10 04:00:00+00:00,2022-09-11 17:00:00+00:00,2022-09-11 13:00:00-04:00,38,85.0,83.84309002023775,boost_5y_no_dew_pressure,True
2022-09-10 04:00:00+00:00,2022-09-11 18:00:00+00:00,2022-09-11 14:00:00-04:00,39,89.0,84.54311122614695,boost_5y_no_dew_pressure,True
2022-09-10 04:00:00+00:00,2022-09-11 19:00:00+00:00,2022-09-11 15:00:00-04:00,40,87.0,85.04177138194675,boost_5y_no_dew_pressure,True
2022-09-10 04:00:00+00:00,2022-09-11 20:00:00+00:00,2022-09-11 16:00:00-04:00,41,84.0,84.52579328760903,boost_5y_no_dew_pressure,True
2022-09-10 04:00:00+00:00,2022-09-11 21:00:00+00:00,2022-09-11 17:00:00-04:00,42,84.0,83.22107575190114,boost_5y_no_dew_pressure,True
2022-09-10 04:00:00+00:00,2022-09-11 22:00:00+00:00,2022-09-11 18:00:00-04:00,43,83.0,80.85370492262996,boost_5y_no_dew_pressure,True
2022-09-10 04:00:00+00:00,2022-09-11 23:00:00+00:00,2022-09-11 19:00:00-04:00,44,80.0,77.23962713885923,boost_5y_no_dew_pressure,True
2022-09-10 04:00:00+00:00,2022-09-12 00:00:00+00:00,2022-09-11 20:00:00-04:00,45,80.0,75.29660314200838,boost_5y_no_dew_pressure,True
2022-09-10 04:00:00+00:00,2022-09-12 01:00:00+00:00,2022-09-11 21:00:00-04:00,46,79.0,74.05791963051612,boost_5y_no_dew_pressure,True
2022-09-10 04:00:00+00:00,2022-09-12 02:00:00+00:00,2022-09-11 22:00:00-04:00,47,78.0,73.16461520432867,boost_5y_no_dew_pressure,True
2022-09-10 04:00:00+00:00,2022-09-12 03:00:00+00:00,2022-09-11 23:00:00-04:00,48,78.0,72.44654746499975,boost_5y_no_dew_pressure,True
2022-09-10 04:00:00+00:00,2022-09-12 04:00:00+00:00,2022-09-12 00:00:00-04:00,49,77.0,71.74677614189785,boost_5y_no_dew_pressure,True
2022-09-10 04:00:00+00:00,2022-09-12 05:00:00+00:00,2022-09-12 01:00:00-04:00,50,76.0,71.05805067125561,boost_5y_no_dew_pressure,True
2022-09-10 04:00:00+00:00,2022-09-12 06:00:00+00:00,2022-09-12 02:00:00-04:00,51,76.0,70.53402527705073,boost_5y_no_dew_pressure,True
2022-09-10 04:00:00+00:00,2022-09-12 07:00:00+00:00,2022-09-12 03:00:00-04:00,52,75.0,70.15391648412015,boost_5y_no_dew_pressure,True
2022-09-10 04:00:00+00:00,2022-09-12 08:00:00+00:00,2022-09-12 04:00:00-04:00,53,74.0,69.60632246142481,boost_5y_no_dew_pressure,True
2022-09-10 04:00:00+00:00,2022-09-12 09:00:00+00:00,2022-09-12 05:00:00-04:00,54,74.0,69.33969558171214,boost_5y_no_dew_pressure,True
2022-09-10 04:00:00+00:00,2022-09-12 10:00:00+00:00,2022-09-12 06:00:00-04:00,55,74.0,69.16324396100546,boost_5y_no_dew_pressure,True
2022-09-10 04:00:00+00:00,2022-09-12 11:00:00+00:00,2022-09-12 07:00:00-04:00,56,75.0,70.51185139071615,boost_5y_no_dew_pressure,True
2022-09-10 04:00:00+00:00,2022-09-12 12:00:00+00:00,2022-09-12 08:00:00-04:00,57,77.0,73.23659052221086,boost_5y_no_dew_pressure,True
2022-09-10 04:00:00+00:00,2022-09-12 13:00:00+00:00,2022-09-12 09:00:00-04:00,58,81.0,76.27405745793355,boost_5y_no_dew_pressure,True
2022-09-10 04:00:00+00:00,2022-09-12 14:00:00+00:00,2022-09-12 10:00:00-04:00,59,84.0,78.81696061000491,boost_5y_no_dew_pressure,True
2022-09-10 04:00:00+00:00,2022-09-12 15:00:00+00:00,2022-09-12 11:00:00-04:00,60,87.0,81.0720547377825,boost_5y_no_dew_pressure,True
2022-09-10 04:00:00+00:00,2022-09-12 16:00:00+00:00,2022-09-12 12:00:00-04:00,61,91.0,82.199133738795,boost_5y_no_dew_pressure,True
2022-09-10 04:00:00+00:00,2022-09-12 17:00:00+00:00,2022-09-12 13:00:00-04:00,62,90.0,83.01863040557846,boost_5y_no_dew_pressure,True
2022-09-10 04:00:00+00:00,2022-09-12 18:00:00+00:00,2022-09-12 14:00:00-04:00,63,87.0,83.85908587976272,boost_5y_no_dew_pressure,True
2022-09-10 04:00:00+00:00,2022-09-12 19:00:00+00:00,2022-09-12 15:00:00-04:00,64,91.0,84.36182948601844,boost_5y_no_dew_pressure,True
2022-09-10 04:00:00+00:00,2022-09-12 20:00:00+00:00,2022-09-12 16:00:00-04:00,65,90.0,83.88541485218268,boost_5y_no_dew_pressure,True
2022-09-10 04:00:00+00:00,2022-09-12 21:00:00+00:00,2022-09-12 17:00:00-04:00,66,85.0,82.6141098244361,boost_5y_no_dew_pressure,True
2022-09-10 04:00:00+00:00,2022-09-12 22:00:00+00:00,2022-09-12 18:00:00-04:00,67,80.0,80.14255917515361,boost_5y_no_dew_pressure,True
2022-09-10 04:00:00+00:00,2022-09-12 23:00:00+00:00,2022-09-12 19:00:00-04:00,68,75.0,76.4571067150548,boost_5y_no_dew_pressure,True
2022-09-10 04:00:00+00:00,2022-09-13 00:00:00+00:00,2022-09-12 20:00:00-04:00,69,74.0,74.55261627374938,boost_5y_no_dew_pressure,True
2022-09-10 04:00:00+00:00,2022-09-13 01:00:00+00:00,2022-09-12 21:00:00-04:00,70,73.0,73.37886498703435,boost_5y_no_dew_pressure,True
2022-09-10 04:00:00+00:00,2022-09-13 02:00:00+00:00,2022-09-12 22:00:00-04:00,71,74.0,72.48665095231527,boost_5y_no_dew_pressure,True
2022-09-10 04:00:00+00:00,2022-09-13 03:00:00+00:00,2022-09-12 23:00:00-04:00,72,73.0,71.80700524908454,boost_5y_no_dew_pressure,True
2022-09-10 04:00:00+00:00,2022-09-13 04:00:00+00:00,2022-09-13 00:00:00-04:00,73,71.0,70.39400008311699,boost_5y_no_dew_pressure,True
2022-09-10 04:00:00+00:00,2022-09-13 05:00:00+00:00,2022-09-13 01:00:00-04:00,74,72.0,69.87285112154747,boost_5y_no_dew_pressure,True
2022-09-10 04:00:00+00:00,2022-09-13 06:00:00+00:00,2022-09-13 02:00:00-04:00,75,72.0,69.3221529856568,boost_5y_no_dew_pressure,True
2022-09-10 04:00:00+00:00,2022-09-13 07:00:00+00:00,2022-09-13 03:00:00-04:00,76,71.0,68.87849295398162,boost_5y_no_dew_pressure,True
2022-09-10 04:00:00+00:00,2022-09-13 08:00:00+00:00,2022-09-13 04:00:00-04:00,77,70.0,68.45631648269968,boost_5y_no_dew_pressure,True
2022-09-10 04:00:00+00:00,2022-09-13 09:00:00+00:00,2022-09-13 05:00:00-04:00,78,69.0,68.24556057931574,boost_5y_no_dew_pressure,True
2022-09-10 04:00:00+00:00,2022-09-13 10:00:00+00:00,2022-09-13 06:00:00-04:00,79,68.0,67.92204317809704,boost_5y_no_dew_pressure,True
2022-09-10 04:00:00+00:00,2022-09-13 11:00:00+00:00,2022-09-13 07:00:00-04:00,80,68.0,69.19933073016686,boost_5y_no_dew_pressure,True
2022-09-10 04:00:00+00:00,2022-09-13 12:00:00+00:00,2022-09-13 08:00:00-04:00,81,71.0,71.90090078396047,boost_5y_no_dew_pressure,True
2022-09-10 04:00:00+00:00,2022-09-13 13:00:00+00:00,2022-09-13 09:00:00-04:00,82,74.0,74.78905695499695,boost_5y_no_dew_pressure,True
2022-09-10 04:00:00+00:00,2022-09-13 14:00:00+00:00,2022-09-13 10:00:00-04:00,83,77.0,77.31949886270662,boost_5y_no_dew_pressure,True
2022-09-10 04:00:00+00:00,2022-09-13 15:00:00+00:00,2022-09-13 11:00:00-04:00,84,79.0,79.67498026977921,boost_5y_no_dew_pressure,True
2022-09-10 04:00:00+00:00,2022-09-13 16:00:00+00:00,2022-09-13 12:00:00-04:00,85,81.0,80.8619327390483,boost_5y_no_dew_pressure,True
2022-09-10 04:00:00+00:00,2022-09-13 17:00:00+00:00,2022-09-13 13:00:00-04:00,86,84.0,81.76813583893751,boost_5y_no_dew_pressure,True
2022-09-10 04:00:00+00:00,2022-09-13 18:00:00+00:00,2022-09-13 14:00:00-04:00,87,85.0,82.4522431439053,boost_5y_no_dew_pressure,True
2022-09-10 04:00:00+00:00,2022-09-13 19:00:00+00:00,2022-09-13 15:00:00-04:00,88,84.0,83.01841921480097,boost_5y_no_dew_pressure,True
2022-09-10 04:00:00+00:00,2022-09-13 20:00:00+00:00,2022-09-13 16:00:00-04:00,89,85.0,82.53136067164857,boost_5y_no_dew_pressure,True
2022-09-10 04:00:00+00:00,2022-09-13 21:00:00+00:00,2022-09-13 17:00:00-04:00,90,83.0,81.29879925725595,boost_5y_no_dew_pressure,True
2022-09-10 04:00:00+00:00,2022-09-13 22:00:00+00:00,2022-09-13 18:00:00-04:00,91,80.0,78.75950556954948,boost_5y_no_dew_pressure,True
2022-09-10 04:00:00+00:00,2022-09-13 23:00:00+00:00,2022-09-13 19:00:00-04:00,92,75.0,75.18663711616031,boost_5y_no_dew_pressure,True
2022-09-10 04:00:00+00:00,2022-09-14 00:00:00+00:00,2022-09-13 20:00:00-04:00,93,67.0,73.38927605872676,boost_5y_no_dew_pressure,True
2022-09-10 04:00:00+00:00,2022-09-14 01:00:00+00:00,2022-09-13 21:00:00-04:00,94,69.0,72.1999987294789,boost_5y_no_dew_pressure,True
2022-09-10 04:00:00+00:00,2022-09-14 02:00:00+00:00,2022-09-13 22:00:00-04:00,95,65.0,71.31742407546193,boost_5y_no_dew_pressure,True
2022-09-10 04:00:00+00:00,2022-09-14 03:00:00+00:00,2022-09-13 23:00:00-04:00,96,63.0,70.59960365574008,boost_5y_no_dew_pressure,True
2022-09-10 04:00:00+00:00,2022-09-14 04:00:00+00:00,2022-09-14 00:00:00-04:00,97,63.0,70.03532555207191,boost_5y_no_dew_pressure,True
2022-09-10 04:00:00+00:00,2022-09-14 05:00:00+00:00,2022-09-14 01:00:00-04:00,98,64.0,69.31325464546042,boost_5y_no_dew_pressure,True
2022-09-10 04:00:00+00:00,2022-09-14 06:00:00+00:00,2022-09-14 02:00:00-04:00,99,61.0,68.76040927622203,boost_5y_no_dew_pressure,True
2022-09-10 04:00:00+00:00,2022-09-14 07:00:00+00:00,2022-09-14 03:00:00-04:00,100,60.0,68.35059109066182,boost_5y_no_dew_pressure,True
2022-09-10 04:00:00+00:00,2022-09-14 08:00:00+00:00,2022-09-14 04:00:00-04:00,101,59.0,67.8857976117893,boost_5y_no_dew_pressure,True
2022-09-10 04:00:00+00:00,2022-09-14 09:00:00+00:00,2022-09-14 05:00:00-04:00,102,60.0,67.59916271898537,boost_5y_no_dew_pressure,True
2022-09-10 04:00:00+00:00,2022-09-14 10:00:00+00:00,2022-09-14 06:00:00-04:00,103,60.0,67.31093579835554,boost_5y_no_dew_pressure,True
2022-09-10 04:00:00+00:00,2022-09-14 11:00:00+00:00,2022-09-14 07:00:00-04:00,104,62.0,68.60038839760908,boost_5y_no_dew_pressure,True
2022-09-10 04:00:00+00:00,2022-09-14 12:00:00+00:00,2022-09-14 08:00:00-04:00,105,66.0,71.35463593954039,boost_5y_no_dew_pressure,True
2022-09-10 04:00:00+00:00,2022-09-14 13:00:00+00:00,2022-09-14 09:00:00-04:00,106,72.0,74.3828986750682,boost_5y_no_dew_pressure,True
2022-09-10 04:00:00+00:00,2022-09-14 14:00:00+00:00,2022-09-14 10:00:00-04:00,107,73.0,76.93790581743431,boost_5y_no_dew_pressure,True
2022-09-10 04:00:00+00:00,2022-09-14 15:00:00+00:00,2022-09-14 11:00:00-04:00,108,76.0,79.31180994241048,boost_5y_no_dew_pressure,True
2022-09-10 04:00:00+00:00,2022-09-14 16:00:00+00:00,2022-09-14 12:00:00-04:00,109,78.0,80.50411439868957,boost_5y_no_dew_pressure,True
2022-09-10 04:00:00+00:00,2022-09-14 17:00:00+00:00,2022-09-14 13:00:00-04:00,110,78.0,81.66924456758173,boost_5y_no_dew_pressure,True
2022-09-10 04:00:00+00:00,2022-09-14 18:00:00+00:00,2022-09-14 14:00:00-04:00,111,80.0,82.21300674970041,boost_5y_no_dew_pressure,True
2022-09-10 04:00:00+00:00,2022-09-14 19:00:00+00:00,2022-09-14 15:00:00-04:00,112,80.0,82.56583895493716,boost_5y_no_dew_pressure,True
2022-09-10 04:00:00+00:00,2022-09-14 20:00:00+00:00,2022-09-14 16:00:00-04:00,113,80.0,81.93210335806363,boost_5y_no_dew_pressure,True
2022-09-10 04:00:00+00:00,2022-09-14 21:00:00+00:00,2022-09-14 17:00:00-04:00,114,78.0,80.74479397746354,boost_5y_no_dew_pressure,True
2022-09-10 04:00:00+00:00,2022-09-14 22:00:00+00:00,2022-09-14 18:00:00-04:00,115,76.0,78.19190036683767,boost_5y_no_dew_pressure,True
2022-09-10 04:00:00+00:00,2022-09-14 23:00:00+00:00,2022-09-14 19:00:00-04:00,116,71.0,74.90310879934431,boost_5y_no_dew_pressure,True
2022-09-10 04:00:00+00:00,2022-09-15 00:00:00+00:00,2022-09-14 20:00:00-04:00,117,67.0,73.19490292036014,boost_5y_no_dew_pressure,True
2022-09-10 04:00:00+00:00,2022-09-15 01:00:00+00:00,2022-09-14 21:00:00-04:00,118,65.0,72.12334111914568,boost_5y_no_dew_pressure,True
2022-09-10 04:00:00+00:00,2022-09-15 02:00:00+00:00,2022-09-14 22:00:00-04:00,119,64.0,71.25184683595059,boost_5y_no_dew_pressure,True
2022-09-10 04:00:00+00:00,2022-09-15 03:00:00+00:00,2022-09-14 23:00:00-04:00,120,61.0,70.45376562712386,boost_5y_no_dew_pressure,True
2022-09-10 04:00:00+00:00,2022-09-15 04:00:00+00:00,2022-09-15 00:00:00-04:00,121,62.0,69.54307250534264,boost_5y_no_dew_pressure,True
2022-09-10 04:00:00+00:00,2022-09-15 05:00:00+00:00,2022-09-15 01:00:00-04:00,122,61.0,68.80393535086742,boost_5y_no_dew_pressure,True
2022-09-10 04:00:00+00:00,2022-09-15 06:00:00+00:00,2022-09-15 02:00:00-04:00,123,59.0,68.33827395133433,boost_5y_no_dew_pressure,True
2022-09-10 04:00:00+00:00,2022-09-15 07:00:00+00:00,2022-09-15 03:00:00-04:00,124,60.0,67.86600501898343,boost_5y_no_dew_pressure,True
2022-09-10 04:00:00+00:00,2022-09-15 08:00:00+00:00,2022-09-15 04:00:00-04:00,125,59.0,67.40992223502813,boost_5y_no_dew_pressure,True
2022-09-10 04:00:00+00:00,2022-09-15 09:00:00+00:00,2022-09-15 05:00:00-04:00,126,59.0,67.18403976452106,boost_5y_no_dew_pressure,True
2022-09-10 04:00:00+00:00,2022-09-15 10:00:00+00:00,2022-09-15 06:00:00-04:00,127,58.0,66.88814936179895,boost_5y_no_dew_pressure,True
2022-09-10 04:00:00+00:00,2022-09-15 11:00:00+00:00,2022-09-15 07:00:00-04:00,128,63.0,68.08536881882023,boost_5y_no_dew_pressure,True
2022-09-10 04:00:00+00:00,2022-09-15 12:00:00+00:00,2022-09-15 08:00:00-04:00,129,67.0,70.94660350127194,boost_5y_no_dew_pressure,True
2022-09-10 04:00:00+00:00,2022-09-15 13:00:00+00:00,2022-09-15 09:00:00-04:00,130,72.0,73.91536920025081,boost_5y_no_dew_pressure,True
2022-09-10 04:00:00+00:00,2022-09-15 14:00:00+00:00,2022-09-15 10:00:00-04:00,131,76.0,76.39166653892707,boost_5y_no_dew_pressure,True
2022-09-10 04:00:00+00:00,2022-09-15 15:00:00+00:00,2022-09-15 11:00:00-04:00,132,78.0,78.68125280740439,boost_5y_no_dew_pressure,True
2022-09-10 04:00:00+00:00,2022-09-15 16:00:00+00:00,2022-09-15 12:00:00-04:00,133,80.0,79.9746097989215,boost_5y_no_dew_pressure,True
2022-09-10 04:00:00+00:00,2022-09-15 17:00:00+00:00,2022-09-15 13:00:00-04:00,134,80.0,81.08180977956,boost_5y_no_dew_pressure,True
2022-09-10 04:00:00+00:00,2022-09-15 18:00:00+00:00,2022-09-15 14:00:00-04:00,135,82.0,81.74449724135359,boost_5y_no_dew_pressure,True
2022-09-10 04:00:00+00:00,2022-09-15 19:00:00+00:00,2022-09-15 15:00:00-04:00,136,82.0,81.90121687200221,boost_5y_no_dew_pressure,True
2022-09-10 04:00:00+00:00,2022-09-15 20:00:00+00:00,2022-09-15 16:00:00-04:00,137,83.0,81.37798174840232,boost_5y_no_dew_pressure,True
2022-09-10 04:00:00+00:00,2022-09-15 21:00:00+00:00,2022-09-15 17:00:00-04:00,138,81.0,80.15444429928723,boost_5y_no_dew_pressure,True
2022-09-10 04:00:00+00:00,2022-09-15 22:00:00+00:00,2022-09-15 18:00:00-04:00,139,78.0,77.69842901843403,boost_5y_no_dew_pressure,True
2022-09-10 04:00:00+00:00,2022-09-15 23:00:00+00:00,2022-09-15 19:00:00-04:00,140,73.0,74.45367529956337,boost_5y_no_dew_pressure,True
2022-09-10 04:00:00+00:00,2022-09-16 00:00:00+00:00,2022-09-15 20:00:00-04:00,141,71.0,72.91365417119125,boost_5y_no_dew_pressure,True
2022-09-10 04:00:00+00:00,2022-09-16 01:00:00+00:00,2022-09-15 21:00:00-04:00,142,69.0,71.69856931403305,boost_5y_no_dew_pressure,True
2022-09-10 04:00:00+00:00,2022-09-16 02:00:00+00:00,2022-09-15 22:00:00-04:00,143,66.0,70.81684194877178,boost_5y_no_dew_pressure,True
2022-09-10 04:00:00+00:00,2022-09-16 03:00:00+00:00,2022-09-15 23:00:00-04:00,144,64.0,70.0408172081027,boost_5y_no_dew_pressure,True
2022-09-10 04:00:00+00:00,2022-09-16 04:00:00+00:00,2022-09-16 00:00:00-04:00,145,65.0,68.91036591945102,boost_5y_no_dew_pressure,True
2022-09-10 04:00:00+00:00,2022-09-16 05:00:00+00:00,2022-09-16 01:00:00-04:00,146,64.0,68.14592716078664,boost_5y_no_dew_pressure,True
2022-09-10 04:00:00+00:00,2022-09-16 06:00:00+00:00,2022-09-16 02:00:00-04:00,147,63.0,67.67127389763078,boost_5y_no_dew_pressure,True
2022-09-10 04:00:00+00:00,2022-09-16 07:00:00+00:00,2022-09-16 03:00:00-04:00,148,62.0,67.11740984183976,boost_5y_no_dew_pressure,True
2022-09-10 04:00:00+00:00,2022-09-16 08:00:00+00:00,2022-09-16 04:00:00-04:00,149,60.0,66.61133061625246,boost_5y_no_dew_pressure,True
2022-09-10 04:00:00+00:00,2022-09-16 09:00:00+00:00,2022-09-16 05:00:00-04:00,150,61.0,66.38598163838395,boost_5y_no_dew_pressure,True
2022-09-10 04:00:00+00:00,2022-09-16 10:00:00+00:00,2022-09-16 06:00:00-04:00,151,60.0,66.0741774760628,boost_5y_no_dew_pressure,True
2022-09-10 04:00:00+00:00,2022-09-16 11:00:00+00:00,2022-09-16 07:00:00-04:00,152,63.0,67.31585614362571,boost_5y_no_dew_pressure,True
2022-09-10 04:00:00+00:00,2022-09-16 12:00:00+00:00,2022-09-16 08:00:00-04:00,153,69.0,70.16455221609158,boost_5y_no_dew_pressure,True
2022-09-10 04:00:00+00:00,2022-09-16 13:00:00+00:00,2022-09-16 09:00:00-04:00,154,74.0,73.18969712113069,boost_5y_no_dew_pressure,True
2022-09-10 04:00:00+00:00,2022-09-16 14:00:00+00:00,2022-09-16 10:00:00-04:00,155,79.0,75.75164911890325,boost_5y_no_dew_pressure,True
2022-09-10 04:00:00+00:00,2022-09-16 15:00:00+00:00,2022-09-16 11:00:00-04:00,156,80.0,78.09369233824052,boost_5y_no_dew_pressure,True
2022-09-10 04:00:00+00:00,2022-09-16 16:00:00+00:00,2022-09-16 12:00:00-04:00,157,81.0,79.37939615737002,boost_5y_no_dew_pressure,True
2022-09-10 04:00:00+00:00,2022-09-16 17:00:00+00:00,2022-09-16 13:00:00-04:00,158,83.0,80.49146233895416,boost_5y_no_dew_pressure,True
2022-09-10 04:00:00+00:00,2022-09-16 18:00:00+00:00,2022-09-16 14:00:00-04:00,159,83.0,81.14465559619126,boost_5y_no_dew_pressure,True
2022-09-10 04:00:00+00:00,2022-09-16 19:00:00+00:00,2022-09-16 15:00:00-04:00,160,83.0,81.21098219109805,boost_5y_no_dew_pressure,True
2022-09-10 04:00:00+00:00,2022-09-16 20:00:00+00:00,2022-09-16 16:00:00-04:00,161,84.0,80.82398014324158,boost_5y_no_dew_pressure,True
2022-09-10 04:00:00+00:00,2022-09-16 21:00:00+00:00,2022-09-16 17:00:00-04:00,162,82.0,79.54618307904293,boost_5y_no_dew_pressure,True
2022-09-10 04:00:00+00:00,2022-09-16 22:00:00+00:00,2022-09-16 18:00:00-04:00,163,78.0,76.97285641577723,boost_5y_no_dew_pressure,True
2022-09-10 04:00:00+00:00,2022-09-16 23:00:00+00:00,2022-09-16 19:00:00-04:00,164,76.0,73.85662645398217,boost_5y_no_dew_pressure,True
2022-09-10 04:00:00+00:00,2022-09-17 00:00:00+00:00,2022-09-16 20:00:00-04:00,165,71.0,72.30416962811994,boost_5y_no_dew_pressure,True
2022-09-10 04:00:00+00:00,2022-09-17 01:00:00+00:00,2022-09-16 21:00:00-04:00,166,69.0,71.07516833127913,boost_5y_no_dew_pressure,True
2022-09-10 04:00:00+00:00,2022-09-17 02:00:00+00:00,2022-09-16 22:00:00-04:00,167,68.0,70.13538120257857,boost_5y_no_dew_pressure,True
2022-09-10 04:00:00+00:00,2022-09-17 03:00:00+00:00,2022-09-16 23:00:00-04:00,168,66.0,69.36583400411526,boost_5y_no_dew_pressure,True
2022-09-10 04:00:00+00:00,2022-09-17 04:00:00+00:00,2022-09-17 00:00:00-04:00,169,64.0,68.40055299233218,boost_5y_no_dew_pressure,True
2022-09-10 04:00:00+00:00,2022-09-17 05:00:00+00:00,2022-09-17 01:00:00-04:00,170,63.0,67.6552401567108,boost_5y_no_dew_pressure,True
2022-09-10 04:00:00+00:00,2022-09-17 06:00:00+00:00,2022-09-17 02:00:00-04:00,171,66.0,67.17611414689486,boost_5y_no_dew_pressure,True
2022-09-10 04:00:00+00:00,2022-09-17 07:00:00+00:00,2022-09-17 03:00:00-04:00,172,64.0,66.55350806438328,boost_5y_no_dew_pressure,True
2022-09-10 04:00:00+00:00,2022-09-17 08:00:00+00:00,2022-09-17 04:00:00-04:00,173,62.0,66.06026427356001,boost_5y_no_dew_pressure,True
2022-09-10 04:00:00+00:00,2022-09-17 09:00:00+00:00,2022-09-17 05:00:00-04:00,174,59.0,65.7572084749565,boost_5y_no_dew_pressure,True
2022-09-10 04:00:00+00:00,2022-09-17 10:00:00+00:00,2022-09-17 06:00:00-04:00,175,60.0,65.46713699490638,boost_5y_no_dew_pressure,True
2022-09-10 04:00:00+00:00,2022-09-17 11:00:00+00:00,2022-09-17 07:00:00-04:00,176,62.0,66.68413606129845,boost_5y_no_dew_pressure,True
2022-09-10 04:00:00+00:00,2022-09-17 12:00:00+00:00,2022-09-17 08:00:00-04:00,177,69.0,69.66723445549017,boost_5y_no_dew_pressure,True
2022-09-10 04:00:00+00:00,2022-09-17 13:00:00+00:00,2022-09-17 09:00:00-04:00,178,73.0,72.79639724722676,boost_5y_no_dew_pressure,True
2022-09-10 04:00:00+00:00,2022-09-17 14:00:00+00:00,2022-09-17 10:00:00-04:00,179,77.0,75.49889800212057,boost_5y_no_dew_pressure,True
2022-09-10 04:00:00+00:00,2022-09-17 15:00:00+00:00,2022-09-17 11:00:00-04:00,180,80.0,77.95034678778032,boost_5y_no_dew_pressure,True
2022-09-10 04:00:00+00:00,2022-09-17 16:00:00+00:00,2022-09-17 12:00:00-04:00,181,81.0,79.27832540873653,boost_5y_no_dew_pressure,True
2022-09-10 04:00:00+00:00,2022-09-17 17:00:00+00:00,2022-09-17 13:00:00-04:00,182,82.0,80.45941777371442,boost_5y_no_dew_pressure,True
2022-09-10 04:00:00+00:00,2022-09-17 18:00:00+00:00,2022-09-17 14:00:00-04:00,183,82.0,81.08987265712199,boost_5y_no_dew_pressure,True
2022-09-10 04:00:00+00:00,2022-09-17 19:00:00+00:00,2022-09-17 15:00:00-04:00,184,83.0,81.07640315138154,boost_5y_no_dew_pressure,True
2022-09-10 04:00:00+00:00,2022-09-17 20:00:00+00:00,2022-09-17 16:00:00-04:00,185,83.0,80.67626885718455,boost_5y_no_dew_pressure,True
2022-09-10 04:00:00+00:00,2022-09-17 21:00:00+00:00,2022-09-17 17:00:00-04:00,186,82.0,79.4721777160268,boost_5y_no_dew_pressure,True
2022-09-10 04:00:00+00:00,2022-09-17 22:00:00+00:00,2022-09-17 18:00:00-04:00,187,79.0,76.77539217167575,boost_5y_no_dew_pressure,True
2022-09-10 04:00:00+00:00,2022-09-17 23:00:00+00:00,2022-09-17 19:00:00-04:00,188,72.0,73.67411543829984,boost_5y_no_dew_pressure,True
2022-09-10 04:00:00+00:00,2022-09-18 00:00:00+00:00,2022-09-17 20:00:00-04:00,189,70.0,72.06600967788141,boost_5y_no_dew_pressure,True
2022-09-10 04:00:00+00:00,2022-09-18 01:00:00+00:00,2022-09-17 21:00:00-04:00,190,69.0,70.77082860752762,boost_5y_no_dew_pressure,True
2022-09-10 04:00:00+00:00,2022-09-18 02:00:00+00:00,2022-09-17 22:00:00-04:00,191,66.0,69.76225218954184,boost_5y_no_dew_pressure,True
2022-09-10 04:00:00+00:00,2022-09-18 03:00:00+00:00,2022-09-17 23:00:00-04:00,192,65.0,69.0581282971689,boost_5y_no_dew_pressure,True
2022-09-10 04:00:00+00:00,2022-09-18 04:00:00+00:00,2022-09-18 00:00:00-04:00,193,66.0,68.22373027410158,boost_5y_no_dew_pressure,True
2022-09-10 04:00:00+00:00,2022-09-18 05:00:00+00:00,2022-09-18 01:00:00-04:00,194,66.0,67.40742197093832,boost_5y_no_dew_pressure,True
2022-09-10 04:00:00+00:00,2022-09-18 06:00:00+00:00,2022-09-18 02:00:00-04:00,195,64.0,66.9239354007286,boost_5y_no_dew_pressure,True
2022-09-10 04:00:00+00:00,2022-09-18 07:00:00+00:00,2022-09-18 03:00:00-04:00,196,63.0,66.28579194519222,boost_5y_no_dew_pressure,True
2022-09-10 04:00:00+00:00,2022-09-18 08:00:00+00:00,2022-09-18 04:00:00-04:00,197,64.0,65.83329824978543,boost_5y_no_dew_pressure,True
2022-09-10 04:00:00+00:00,2022-09-18 09:00:00+00:00,2022-09-18 05:00:00-04:00,198,62.0,65.45075585823746,boost_5y_no_dew_pressure,True
2022-09-10 04:00:00+00:00,2022-09-18 10:00:00+00:00,2022-09-18 06:00:00-04:00,199,61.0,65.23146612760628,boost_5y_no_dew_pressure,True
2022-09-10 04:00:00+00:00,2022-09-18 11:00:00+00:00,2022-09-18 07:00:00-04:00,200,63.0,66.39645614914348,boost_5y_no_dew_pressure,True
2022-09-10 04:00:00+00:00,2022-09-18 12:00:00+00:00,2022-09-18 08:00:00-04:00,201,71.0,69.48814175039139,boost_5y_no_dew_pressure,True
2022-09-10 04:00:00+00:00,2022-09-18 13:00:00+00:00,2022-09-18 09:00:00-04:00,202,77.0,72.63636698319331,boost_5y_no_dew_pressure,True
2022-09-10 04:00:00+00:00,2022-09-18 14:00:00+00:00,2022-09-18 10:00:00-04:00,203,81.0,75.38769121722933,boost_5y_no_dew_pressure,True
2022-09-10 04:00:00+00:00,2022-09-18 15:00:00+00:00,2022-09-18 11:00:00-04:00,204,81.0,77.80648583642567,boost_5y_no_dew_pressure,True
2022-09-10 04:00:00+00:00,2022-09-18 16:00:00+00:00,2022-09-18 12:00:00-04:00,205,82.0,79.12341119259041,boost_5y_no_dew_pressure,True
2022-09-10 04:00:00+00:00,2022-09-18 17:00:00+00:00,2022-09-18 13:00:00-04:00,206,83.0,80.2934504262106,boost_5y_no_dew_pressure,True
2022-09-10 04:00:00+00:00,2022-09-18 18:00:00+00:00,2022-09-18 14:00:00-04:00,207,87.0,81.00050733408929,boost_5y_no_dew_pressure,True
2022-09-10 04:00:00+00:00,2022-09-18 19:00:00+00:00,2022-09-18 15:00:00-04:00,208,84.0,80.80451209260254,boost_5y_no_dew_pressure,True
2022-09-10 04:00:00+00:00,2022-09-18 20:00:00+00:00,2022-09-18 16:00:00-04:00,209,85.0,80.40684062426709,boost_5y_no_dew_pressure,True
2022-09-10 04:00:00+00:00,2022-09-18 21:00:00+00:00,2022-09-18 17:00:00-04:00,210,84.0,79.23013142019572,boost_5y_no_dew_pressure,True
2022-09-10 04:00:00+00:00,2022-09-18 22:00:00+00:00,2022-09-18 18:00:00-04:00,211,79.0,76.47617784989878,boost_5y_no_dew_pressure,True
2022-09-10 04:00:00+00:00,2022-09-18 23:00:00+00:00,2022-09-18 19:00:00-04:00,212,76.0,73.42254804534728,boost_5y_no_dew_pressure,True
2022-09-10 04:00:00+00:00,2022-09-19 00:00:00+00:00,2022-09-18 20:00:00-04:00,213,72.0,71.82680333887517,boost_5y_no_dew_pressure,True
2022-09-10 04:00:00+00:00,2022-09-19 01:00:00+00:00,2022-09-18 21:00:00-04:00,214,70.0,70.64252555353575,boost_5y_no_dew_pressure,True
2022-09-10 04:00:00+00:00,2022-09-19 02:00:00+00:00,2022-09-18 22:00:00-04:00,215,71.0,69.61762681253852,boost_5y_no_dew_pressure,True
2022-09-10 04:00:00+00:00,2022-09-19 03:00:00+00:00,2022-09-18 23:00:00-04:00,216,68.0,68.89037605490599,boost_5y_no_dew_pressure,True
2022-09-10 04:00:00+00:00,2022-09-19 04:00:00+00:00,2022-09-19 00:00:00-04:00,217,67.0,67.94023804454135,boost_5y_no_dew_pressure,True
2022-09-10 04:00:00+00:00,2022-09-19 05:00:00+00:00,2022-09-19 01:00:00-04:00,218,67.0,67.10200775976742,boost_5y_no_dew_pressure,True
2022-09-10 04:00:00+00:00,2022-09-19 06:00:00+00:00,2022-09-19 02:00:00-04:00,219,66.0,66.59620893258807,boost_5y_no_dew_pressure,True
2022-09-10 04:00:00+00:00,2022-09-19 07:00:00+00:00,2022-09-19 03:00:00-04:00,220,66.0,65.94011365628917,boost_5y_no_dew_pressure,True
2022-09-10 04:00:00+00:00,2022-09-19 08:00:00+00:00,2022-09-19 04:00:00-04:00,221,65.0,65.49110052539481,boost_5y_no_dew_pressure,True
2022-09-10 04:00:00+00:00,2022-09-19 09:00:00+00:00,2022-09-19 05:00:00-04:00,222,64.0,65.11048492537529,boost_5y_no_dew_pressure,True
2022-09-10 04:00:00+00:00,2022-09-19 10:00:00+00:00,2022-09-19 06:00:00-04:00,223,63.0,64.86902442083613,boost_5y_no_dew_pressure,True
2022-09-10 04:00:00+00:00,2022-09-19 11:00:00+00:00,2022-09-19 07:00:00-04:00,224,67.0,65.98518069361351,boost_5y_no_dew_pressure,True
2022-09-10 04:00:00+00:00,2022-09-19 12:00:00+00:00,2022-09-19 08:00:00-04:00,225,73.0,69.0701255184734,boost_5y_no_dew_pressure,True
2022-09-10 04:00:00+00:00,2022-09-19 13:00:00+00:00,2022-09-19 09:00:00-04:00,226,79.0,72.27424753445729,boost_5y_no_dew_pressure,True
2022-09-10 04:00:00+00:00,2022-09-19 14:00:00+00:00,2022-09-19 10:00:00-04:00,227,84.0,74.96560286091052,boost_5y_no_dew_pressure,True
2022-09-10 04:00:00+00:00,2022-09-19 15:00:00+00:00,2022-09-19 11:00:00-04:00,228,86.0,77.3838157147157,boost_5y_no_dew_pressure,True
2022-09-10 04:00:00+00:00,2022-09-19 16:00:00+00:00,2022-09-19 12:00:00-04:00,229,87.0,78.73166550627954,boost_5y_no_dew_pressure,True
2022-09-10 04:00:00+00:00,2022-09-19 17:00:00+00:00,2022-09-19 13:00:00-04:00,230,90.0,79.95934831881956,boost_5y_no_dew_pressure,True
2022-09-10 04:00:00+00:00,2022-09-19 18:00:00+00:00,2022-09-19 14:00:00-04:00,231,88.0,80.71310356720807,boost_5y_no_dew_pressure,True
2022-09-10 04:00:00+00:00,2022-09-19 19:00:00+00:00,2022-09-19 15:00:00-04:00,232,89.0,80.59687679110206,boost_5y_no_dew_pressure,True
2022-09-10 04:00:00+00:00,2022-09-19 20:00:00+00:00,2022-09-19 16:00:00-04:00,233,88.0,80.24059797135939,boost_5y_no_dew_pressure,True
2022-09-10 04:00:00+00:00,2022-09-19 21:00:00+00:00,2022-09-19 17:00:00-04:00,234,87.0,79.0474248402422,boost_5y_no_dew_pressure,True
2022-09-10 04:00:00+00:00,2022-09-19 22:00:00+00:00,2022-09-19 18:00:00-04:00,235,85.0,76.30953551476208,boost_5y_no_dew_pressure,True
2022-09-10 04:00:00+00:00,2022-09-19 23:00:00+00:00,2022-09-19 19:00:00-04:00,236,80.0,73.2945583620304,boost_5y_no_dew_pressure,True
2022-09-10 04:00:00+00:00,2022-09-20 00:00:00+00:00,2022-09-19 20:00:00-04:00,237,76.0,71.55349910239603,boost_5y_no_dew_pressure,True
2022-09-10 04:00:00+00:00,2022-09-20 01:00:00+00:00,2022-09-19 21:00:00-04:00,238,72.0,70.37096801427286,boost_5y_no_dew_pressure,True
2022-09-10 04:00:00+00:00,2022-09-20 02:00:00+00:00,2022-09-19 22:00:00-04:00,239,73.0,69.36394892241884,boost_5y_no_dew_pressure,True
2022-09-10 04:00:00+00:00,2022-09-20 03:00:00+00:00,2022-09-19 23:00:00-04:00,240,69.0,68.61363436263684,boost_5y_no_dew_pressure,True
2022-09-10 04:00:00+00:00,2022-09-20 04:00:00+00:00,2022-09-20 00:00:00-04:00,241,69.0,67.68634440685534,boost_5y_no_dew_pressure,True
2022-09-10 04:00:00+00:00,2022-09-20 05:00:00+00:00,2022-09-20 01:00:00-04:00,242,68.0,66.91908512801683,boost_5y_no_dew_pressure,True
2022-09-10 04:00:00+00:00,2022-09-20 06:00:00+00:00,2022-09-20 02:00:00-04:00,243,68.0,66.38779449455838,boost_5y_no_dew_pressure,True
2022-09-10 04:00:00+00:00,2022-09-20 07:00:00+00:00,2022-09-20 03:00:00-04:00,244,68.0,65.72514532975096,boost_5y_no_dew_pressure,True
2022-09-10 04:00:00+00:00,2022-09-20 08:00:00+00:00,2022-09-20 04:00:00-04:00,245,66.0,65.27597084501693,boost_5y_no_dew_pressure,True
2022-09-10 04:00:00+00:00,2022-09-20 09:00:00+00:00,2022-09-20 05:00:00-04:00,246,65.0,64.89551342031984,boost_5y_no_dew_pressure,True
2022-09-10 04:00:00+00:00,2022-09-20 10:00:00+00:00,2022-09-20 06:00:00-04:00,247,66.0,64.64372062032733,boost_5y_no_dew_pressure,True
2022-09-10 04:00:00+00:00,2022-09-20 11:00:00+00:00,2022-09-20 07:00:00-04:00,248,68.0,65.77803396929721,boost_5y_no_dew_pressure,True
2022-09-10 04:00:00+00:00,2022-09-20 12:00:00+00:00,2022-09-20 08:00:00-04:00,249,76.0,68.93072031575288,boost_5y_no_dew_pressure,True
2022-09-10 04:00:00+00:00,2022-09-20 13:00:00+00:00,2022-09-20 09:00:00-04:00,250,81.0,72.0594405977837,boost_5y_no_dew_pressure,True
2022-09-10 04:00:00+00:00,2022-09-20 14:00:00+00:00,2022-09-20 10:00:00-04:00,251,85.0,74.72081125446735,boost_5y_no_dew_pressure,True
2022-09-10 04:00:00+00:00,2022-09-20 15:00:00+00:00,2022-09-20 11:00:00-04:00,252,85.0,77.13363358802201,boost_5y_no_dew_pressure,True
2022-09-10 04:00:00+00:00,2022-09-20 16:00:00+00:00,2022-09-20 12:00:00-04:00,253,88.0,78.50808935632956,boost_5y_no_dew_pressure,True
2022-09-10 04:00:00+00:00,2022-09-20 17:00:00+00:00,2022-09-20 13:00:00-04:00,254,90.0,79.78908835685252,boost_5y_no_dew_pressure,True
2022-09-10 04:00:00+00:00,2022-09-20 18:00:00+00:00,2022-09-20 14:00:00-04:00,255,90.0,80.5315476271567,boost_5y_no_dew_pressure,True
2022-09-10 04:00:00+00:00,2022-09-20 19:00:00+00:00,2022-09-20 15:00:00-04:00,256,89.0,80.40118140562147,boost_5y_no_dew_pressure,True
2022-09-10 04:00:00+00:00,2022-09-20 20:00:00+00:00,2022-09-20 16:00:00-04:00,257,90.0,80.03077425905963,boost_5y_no_dew_pressure,True
2022-09-10 04:00:00+00:00,2022-09-20 21:00:00+00:00,2022-09-20 17:00:00-04:00,258,88.0,78.91818284695061,boost_5y_no_dew_pressure,True
2022-09-10 04:00:00+00:00,2022-09-20 22:00:00+00:00,2022-09-20 18:00:00-04:00,259,84.0,76.2314124297207,boost_5y_no_dew_pressure,True
2022-09-10 04:00:00+00:00,2022-09-20 23:00:00+00:00,2022-09-20 19:00:00-04:00,260,80.0,73.18430657923807,boost_5y_no_dew_pressure,True
2022-09-10 04:00:00+00:00,2022-09-21 00:00:00+00:00,2022-09-20 20:00:00-04:00,261,76.0,71.34663568480072,boost_5y_no_dew_pressure,True
2022-09-10 04:00:00+00:00,2022-09-21 01:00:00+00:00,2022-09-20 21:00:00-04:00,262,75.0,70.04472018916556,boost_5y_no_dew_pressure,True
2022-09-10 04:00:00+00:00,2022-09-21 02:00:00+00:00,2022-09-20 22:00:00-04:00,263,71.0,69.07772502487148,boost_5y_no_dew_pressure,True
2022-09-10 04:00:00+00:00,2022-09-21 03:00:00+00:00,2022-09-20 23:00:00-04:00,264,70.0,68.3514454773381,boost_5y_no_dew_pressure,True
2022-09-10 04:00:00+00:00,2022-09-21 04:00:00+00:00,2022-09-21 00:00:00-04:00,265,68.0,67.4327301316402,boost_5y_no_dew_pressure,True
2022-09-10 04:00:00+00:00,2022-09-21 05:00:00+00:00,2022-09-21 01:00:00-04:00,266,67.0,66.63710491001514,boost_5y_no_dew_pressure,True
2022-09-10 04:00:00+00:00,2022-09-21 06:00:00+00:00,2022-09-21 02:00:00-04:00,267,66.0,66.18870220984839,boost_5y_no_dew_pressure,True
2022-09-10 04:00:00+00:00,2022-09-21 07:00:00+00:00,2022-09-21 03:00:00-04:00,268,66.0,65.50578110528005,boost_5y_no_dew_pressure,True
2022-09-10 04:00:00+00:00,2022-09-21 08:00:00+00:00,2022-09-21 04:00:00-04:00,269,66.0,65.06873580148618,boost_5y_no_dew_pressure,True
2022-09-10 04:00:00+00:00,2022-09-21 09:00:00+00:00,2022-09-21 05:00:00-04:00,270,65.0,64.67739224493785,boost_5y_no_dew_pressure,True
2022-09-10 04:00:00+00:00,2022-09-21 10:00:00+00:00,2022-09-21 06:00:00-04:00,271,65.0,64.40179846510229,boost_5y_no_dew_pressure,True
2022-09-10 04:00:00+00:00,2022-09-21 11:00:00+00:00,2022-09-21 07:00:00-04:00,272,67.0,65.54158396000149,boost_5y_no_dew_pressure,True
2022-09-10 04:00:00+00:00,2022-09-21 12:00:00+00:00,2022-09-21 08:00:00-04:00,273,72.0,68.88327309240982,boost_5y_no_dew_pressure,True
2022-09-10 04:00:00+00:00,2022-09-21 13:00:00+00:00,2022-09-21 09:00:00-04:00,274,77.0,72.23592463158701,boost_5y_no_dew_pressure,True
2022-09-10 04:00:00+00:00,2022-09-21 14:00:00+00:00,2022-09-21 10:00:00-04:00,275,82.0,75.04564505114197,boost_5y_no_dew_pressure,True
2022-09-10 04:00:00+00:00,2022-09-21 15:00:00+00:00,2022-09-21 11:00:00-04:00,276,86.0,77.41880815364974,boost_5y_no_dew_pressure,True
2022-09-10 04:00:00+00:00,2022-09-21 16:00:00+00:00,2022-09-21 12:00:00-04:00,277,91.0,78.8187188227801,boost_5y_no_dew_pressure,True
2022-09-10 04:00:00+00:00,2022-09-21 17:00:00+00:00,2022-09-21 13:00:00-04:00,278,91.0,80.11370789098531,boost_5y_no_dew_pressure,True
2022-09-10 04:00:00+00:00,2022-09-21 18:00:00+00:00,2022-09-21 14:00:00-04:00,279,94.0,80.84190845075928,boost_5y_no_dew_pressure,True
2022-09-10 04:00:00+00:00,2022-09-21 19:00:00+00:00,2022-09-21 15:00:00-04:00,280,96.0,80.77631889171457,boost_5y_no_dew_pressure,True
2022-09-10 04:00:00+00:00,2022-09-21 20:00:00+00:00,2022-09-21 16:00:00-04:00,281,94.0,80.39071447625018,boost_5y_no_dew_pressure,True
2022-09-10 04:00:00+00:00,2022-09-21 21:00:00+00:00,2022-09-21 17:00:00-04:00,282,90.0,79.19260554607233,boost_5y_no_dew_pressure,True
2022-09-10 04:00:00+00:00,2022-09-21 22:00:00+00:00,2022-09-21 18:00:00-04:00,283,87.0,76.43638716315355,boost_5y_no_dew_pressure,True
2022-09-10 04:00:00+00:00,2022-09-21 23:00:00+00:00,2022-09-21 19:00:00-04:00,284,83.0,73.30951183426565,boost_5y_no_dew_pressure,True
2022-09-10 04:00:00+00:00,2022-09-22 00:00:00+00:00,2022-09-21 20:00:00-04:00,285,78.0,71.41213966696084,boost_5y_no_dew_pressure,True
2022-09-10 04:00:00+00:00,2022-09-22 01:00:00+00:00,2022-09-21 21:00:00-04:00,286,75.0,70.07843760606318,boost_5y_no_dew_pressure,True
2022-09-10 04:00:00+00:00,2022-09-22 02:00:00+00:00,2022-09-21 22:00:00-04:00,287,71.0,69.10894505579765,boost_5y_no_dew_pressure,True
2022-09-10 04:00:00+00:00,2022-09-22 03:00:00+00:00,2022-09-21 23:00:00-04:00,288,71.0,68.30709280179828,boost_5y_no_dew_pressure,True
2022-09-10 04:00:00+00:00,2022-09-22 04:00:00+00:00,2022-09-22 00:00:00-04:00,289,70.0,67.44830844969435,boost_5y_no_dew_pressure,True
2022-09-10 04:00:00+00:00,2022-09-22 05:00:00+00:00,2022-09-22 01:00:00-04:00,290,72.0,66.54408463722406,boost_5y_no_dew_pressure,True
2022-09-10 04:00:00+00:00,2022-09-22 06:00:00+00:00,2022-09-22 02:00:00-04:00,291,68.0,66.08026865419119,boost_5y_no_dew_pressure,True
2022-09-10 04:00:00+00:00,2022-09-22 07:00:00+00:00,2022-09-22 03:00:00-04:00,292,68.0,65.3990251884428,boost_5y_no_dew_pressure,True
2022-09-10 04:00:00+00:00,2022-09-22 08:00:00+00:00,2022-09-22 04:00:00-04:00,293,68.0,64.94699263634205,boost_5y_no_dew_pressure,True
2022-09-10 04:00:00+00:00,2022-09-22 09:00:00+00:00,2022-09-22 05:00:00-04:00,294,67.0,64.49548304289591,boost_5y_no_dew_pressure,True
2022-09-10 04:00:00+00:00,2022-09-22 10:00:00+00:00,2022-09-22 06:00:00-04:00,295,69.0,64.17628103873515,boost_5y_no_dew_pressure,True
2022-09-10 04:00:00+00:00,2022-09-22 11:00:00+00:00,2022-09-22 07:00:00-04:00,296,70.0,65.35916925573939,boost_5y_no_dew_pressure,True
2022-09-10 04:00:00+00:00,2022-09-22 12:00:00+00:00,2022-09-22 08:00:00-04:00,297,75.0,68.74088694233869,boost_5y_no_dew_pressure,True
2022-09-10 04:00:00+00:00,2022-09-22 13:00:00+00:00,2022-09-22 09:00:00-04:00,298,83.0,72.12795628111708,boost_5y_no_dew_pressure,True
2022-09-10 04:00:00+00:00,2022-09-22 14:00:00+00:00,2022-09-22 10:00:00-04:00,299,87.0,75.00132984418676,boost_5y_no_dew_pressure,True
2022-09-10 04:00:00+00:00,2022-09-22 15:00:00+00:00,2022-09-22 11:00:00-04:00,300,92.0,77.34723233819977,boost_5y_no_dew_pressure,True
2022-09-10 04:00:00+00:00,2022-09-22 16:00:00+00:00,2022-09-22 12:00:00-04:00,301,96.0,78.85381386930817,boost_5y_no_dew_pressure,True
2022-09-10 04:00:00+00:00,2022-09-22 17:00:00+00:00,2022-09-22 13:00:00-04:00,302,97.0,80.1481933895645,boost_5y_no_dew_pressure,True
2022-09-10 04:00:00+00:00,2022-09-22 18:00:00+00:00,2022-09-22 14:00:00-04:00,303,94.0,80.82193205094791,boost_5y_no_dew_pressure,True
2022-09-10 04:00:00+00:00,2022-09-22 19:00:00+00:00,2022-09-22 15:00:00-04:00,304,91.0,80.8092157369467,boost_5y_no_dew_pressure,True
2022-09-10 04:00:00+00:00,2022-09-22 20:00:00+00:00,2022-09-22 16:00:00-04:00,305,80.0,80.35649091246987,boost_5y_no_dew_pressure,True
2022-09-10 04:00:00+00:00,2022-09-22 21:00:00+00:00,2022-09-22 17:00:00-04:00,306,84.0,79.09480831684907,boost_5y_no_dew_pressure,True
2022-09-10 04:00:00+00:00,2022-09-22 22:00:00+00:00,2022-09-22 18:00:00-04:00,307,80.0,76.31070285114322,boost_5y_no_dew_pressure,True
2022-09-10 04:00:00+00:00,2022-09-22 23:00:00+00:00,2022-09-22 19:00:00-04:00,308,76.0,73.16730288110735,boost_5y_no_dew_pressure,True
2022-09-10 04:00:00+00:00,2022-09-23 00:00:00+00:00,2022-09-22 20:00:00-04:00,309,73.0,71.3642016566005,boost_5y_no_dew_pressure,True
2022-09-10 04:00:00+00:00,2022-09-23 01:00:00+00:00,2022-09-22 21:00:00-04:00,310,72.0,70.04543897695385,boost_5y_no_dew_pressure,True
2022-09-10 04:00:00+00:00,2022-09-23 02:00:00+00:00,2022-09-22 22:00:00-04:00,311,70.0,68.99295014999676,boost_5y_no_dew_pressure,True
2022-09-10 04:00:00+00:00,2022-09-23 03:00:00+00:00,2022-09-22 23:00:00-04:00,312,68.0,68.23142413744742,boost_5y_no_dew_pressure,True
2022-09-10 04:00:00+00:00,2022-09-23 04:00:00+00:00,2022-09-23 00:00:00-04:00,313,66.0,67.35920057230794,boost_5y_no_dew_pressure,True
2022-09-10 04:00:00+00:00,2022-09-23 05:00:00+00:00,2022-09-23 01:00:00-04:00,314,65.0,66.42776000009056,boost_5y_no_dew_pressure,True
2022-09-10 04:00:00+00:00,2022-09-23 06:00:00+00:00,2022-09-23 02:00:00-04:00,315,62.0,65.90994301994263,boost_5y_no_dew_pressure,True
2022-09-10 04:00:00+00:00,2022-09-23 07:00:00+00:00,2022-09-23 03:00:00-04:00,316,60.0,65.13873862977576,boost_5y_no_dew_pressure,True
2022-09-10 04:00:00+00:00,2022-09-23 08:00:00+00:00,2022-09-23 04:00:00-04:00,317,58.0,64.68643417248012,boost_5y_no_dew_pressure,True
2022-09-10 04:00:00+00:00,2022-09-23 09:00:00+00:00,2022-09-23 05:00:00-04:00,318,55.0,64.21491622121975,boost_5y_no_dew_pressure,True
2022-09-10 04:00:00+00:00,2022-09-23 10:00:00+00:00,2022-09-23 06:00:00-04:00,319,55.0,63.87853818226644,boost_5y_no_dew_pressure,True
2022-09-10 04:00:00+00:00,2022-09-23 11:00:00+00:00,2022-09-23 07:00:00-04:00,320,56.0,65.10141589981465,boost_5y_no_dew_pressure,True
2022-09-10 04:00:00+00:00,2022-09-23 12:00:00+00:00,2022-09-23 08:00:00-04:00,321,60.0,68.35813007119366,boost_5y_no_dew_pressure,True
2022-09-10 04:00:00+00:00,2022-09-23 13:00:00+00:00,2022-09-23 09:00:00-04:00,322,63.0,71.71149958234474,boost_5y_no_dew_pressure,True
2022-09-10 04:00:00+00:00,2022-09-23 14:00:00+00:00,2022-09-23 10:00:00-04:00,323,66.0,74.65249623584971,boost_5y_no_dew_pressure,True
2022-09-10 04:00:00+00:00,2022-09-23 15:00:00+00:00,2022-09-23 11:00:00-04:00,324,68.0,77.02551522979363,boost_5y_no_dew_pressure,True
2022-09-10 04:00:00+00:00,2022-09-23 16:00:00+00:00,2022-09-23 12:00:00-04:00,325,70.0,78.5989320309345,boost_5y_no_dew_pressure,True
2022-09-10 04:00:00+00:00,2022-09-23 17:00:00+00:00,2022-09-23 13:00:00-04:00,326,72.0,79.98773040563371,boost_5y_no_dew_pressure,True
2022-09-10 04:00:00+00:00,2022-09-23 18:00:00+00:00,2022-09-23 14:00:00-04:00,327,74.0,80.67300665326357,boost_5y_no_dew_pressure,True
2022-09-10 04:00:00+00:00,2022-09-23 19:00:00+00:00,2022-09-23 15:00:00-04:00,328,74.0,80.62032149367559,boost_5y_no_dew_pressure,True
2022-09-10 04:00:00+00:00,2022-09-23 20:00:00+00:00,2022-09-23 16:00:00-04:00,329,74.0,80.2476273939028,boost_5y_no_dew_pressure,True
2022-09-10 04:00:00+00:00,2022-09-23 21:00:00+00:00,2022-09-23 17:00:00-04:00,330,73.0,78.92453349155086,boost_5y_no_dew_pressure,True
2022-09-10 04:00:00+00:00,2022-09-23 22:00:00+00:00,2022-09-23 18:00:00-04:00,331,69.0,75.96652924498474,boost_5y_no_dew_pressure,True
2022-09-10 04:00:00+00:00,2022-09-23 23:00:00+00:00,2022-09-23 19:00:00-04:00,332,60.0,72.55971909638761,boost_5y_no_dew_pressure,True
2022-09-10 04:00:00+00:00,2022-09-24 00:00:00+00:00,2022-09-23 20:00:00-04:00,333,58.0,70.8109831059369,boost_5y_no_dew_pressure,True
2022-09-10 04:00:00+00:00,2022-09-24 01:00:00+00:00,2022-09-23 21:00:00-04:00,334,58.0,69.53079801853994,boost_5y_no_dew_pressure,True
2022-09-10 04:00:00+00:00,2022-09-24 02:00:00+00:00,2022-09-23 22:00:00-04:00,335,56.0,68.5182352749479,boost_5y_no_dew_pressure,True
2022-09-10 04:00:00+00:00,2022-09-24 03:00:00+00:00,2022-09-23 23:00:00-04:00,336,52.0,67.689324777933,boost_5y_no_dew_pressure,True
2022-09-17 04:00:00+00:00,2022-09-17 04:00:00+00:00,2022-09-17 00:00:00-04:00,1,64.0,68.56859656682556,boost_5y_no_dew_pressure,True
2022-09-17 04:00:00+00:00,2022-09-17 05:00:00+00:00,2022-09-17 01:00:00-04:00,2,63.0,67.94511334795273,boost_5y_no_dew_pressure,True
2022-09-17 04:00:00+00:00,2022-09-17 06:00:00+00:00,2022-09-17 02:00:00-04:00,3,66.0,67.3726241015958,boost_5y_no_dew_pressure,True
2022-09-17 04:00:00+00:00,2022-09-17 07:00:00+00:00,2022-09-17 03:00:00-04:00,4,64.0,66.73063160990128,boost_5y_no_dew_pressure,True
2022-09-17 04:00:00+00:00,2022-09-17 08:00:00+00:00,2022-09-17 04:00:00-04:00,5,62.0,66.18639297422156,boost_5y_no_dew_pressure,True
2022-09-17 04:00:00+00:00,2022-09-17 09:00:00+00:00,2022-09-17 05:00:00-04:00,6,59.0,66.00446319133623,boost_5y_no_dew_pressure,True
2022-09-17 04:00:00+00:00,2022-09-17 10:00:00+00:00,2022-09-17 06:00:00-04:00,7,60.0,65.75114902946903,boost_5y_no_dew_pressure,True
2022-09-17 04:00:00+00:00,2022-09-17 11:00:00+00:00,2022-09-17 07:00:00-04:00,8,62.0,66.8578320698224,boost_5y_no_dew_pressure,True
2022-09-17 04:00:00+00:00,2022-09-17 12:00:00+00:00,2022-09-17 08:00:00-04:00,9,69.0,69.79117190981805,boost_5y_no_dew_pressure,True
2022-09-17 04:00:00+00:00,2022-09-17 13:00:00+00:00,2022-09-17 09:00:00-04:00,10,73.0,71.71324013358401,boost_5y_no_dew_pressure,True
2022-09-17 04:00:00+00:00,2022-09-17 14:00:00+00:00,2022-09-17 10:00:00-04:00,11,77.0,74.15626293076248,boost_5y_no_dew_pressure,True
2022-09-17 04:00:00+00:00,2022-09-17 15:00:00+00:00,2022-09-17 11:00:00-04:00,12,80.0,76.53074301744117,boost_5y_no_dew_pressure,True
2022-09-17 04:00:00+00:00,2022-09-17 16:00:00+00:00,2022-09-17 12:00:00-04:00,13,81.0,77.97670056992965,boost_5y_no_dew_pressure,True
2022-09-17 04:00:00+00:00,2022-09-17 17:00:00+00:00,2022-09-17 13:00:00-04:00,14,82.0,79.13748758996185,boost_5y_no_dew_pressure,True
2022-09-17 04:00:00+00:00,2022-09-17 18:00:00+00:00,2022-09-17 14:00:00-04:00,15,82.0,79.76932127791483,boost_5y_no_dew_pressure,True
2022-09-17 04:00:00+00:00,2022-09-17 19:00:00+00:00,2022-09-17 15:00:00-04:00,16,83.0,79.71641066690876,boost_5y_no_dew_pressure,True
2022-09-17 04:00:00+00:00,2022-09-17 20:00:00+00:00,2022-09-17 16:00:00-04:00,17,83.0,79.4848832732088,boost_5y_no_dew_pressure,True
2022-09-17 04:00:00+00:00,2022-09-17 21:00:00+00:00,2022-09-17 17:00:00-04:00,18,82.0,78.76044733394245,boost_5y_no_dew_pressure,True
2022-09-17 04:00:00+00:00,2022-09-17 22:00:00+00:00,2022-09-17 18:00:00-04:00,19,79.0,75.99124548270863,boost_5y_no_dew_pressure,True
2022-09-17 04:00:00+00:00,2022-09-17 23:00:00+00:00,2022-09-17 19:00:00-04:00,20,72.0,73.02597629917499,boost_5y_no_dew_pressure,True
2022-09-17 04:00:00+00:00,2022-09-18 00:00:00+00:00,2022-09-17 20:00:00-04:00,21,70.0,71.34718099169628,boost_5y_no_dew_pressure,True
2022-09-17 04:00:00+00:00,2022-09-18 01:00:00+00:00,2022-09-17 21:00:00-04:00,22,69.0,70.61270547857168,boost_5y_no_dew_pressure,True
2022-09-17 04:00:00+00:00,2022-09-18 02:00:00+00:00,2022-09-17 22:00:00-04:00,23,66.0,69.6508175739109,boost_5y_no_dew_pressure,True
2022-09-17 04:00:00+00:00,2022-09-18 03:00:00+00:00,2022-09-17 23:00:00-04:00,24,65.0,68.91029462194845,boost_5y_no_dew_pressure,True
2022-09-17 04:00:00+00:00,2022-09-18 04:00:00+00:00,2022-09-18 00:00:00-04:00,25,66.0,68.16465773399727,boost_5y_no_dew_pressure,True
2022-09-17 04:00:00+00:00,2022-09-18 05:00:00+00:00,2022-09-18 01:00:00-04:00,26,66.0,67.38160492595097,boost_5y_no_dew_pressure,True
2022-09-17 04:00:00+00:00,2022-09-18 06:00:00+00:00,2022-09-18 02:00:00-04:00,27,64.0,66.86476492475282,boost_5y_no_dew_pressure,True
2022-09-17 04:00:00+00:00,2022-09-18 07:00:00+00:00,2022-09-18 03:00:00-04:00,28,63.0,66.24180259079196,boost_5y_no_dew_pressure,True
2022-09-17 04:00:00+00:00,2022-09-18 08:00:00+00:00,2022-09-18 04:00:00-04:00,29,64.0,65.70699858933087,boost_5y_no_dew_pressure,True
2022-09-17 04:00:00+00:00,2022-09-18 09:00:00+00:00,2022-09-18 05:00:00-04:00,30,62.0,65.4621267967638,boost_5y_no_dew_pressure,True
2022-09-17 04:00:00+00:00,2022-09-18 10:00:00+00:00,2022-09-18 06:00:00-04:00,31,61.0,65.24275474971411,boost_5y_no_dew_pressure,True
2022-09-17 04:00:00+00:00,2022-09-18 11:00:00+00:00,2022-09-18 07:00:00-04:00,32,63.0,66.32280518320347,boost_5y_no_dew_pressure,True
2022-09-17 04:00:00+00:00,2022-09-18 12:00:00+00:00,2022-09-18 08:00:00-04:00,33,71.0,69.43035246509815,boost_5y_no_dew_pressure,True
2022-09-17 04:00:00+00:00,2022-09-18 13:00:00+00:00,2022-09-18 09:00:00-04:00,34,77.0,71.82544843147247,boost_5y_no_dew_pressure,True
2022-09-17 04:00:00+00:00,2022-09-18 14:00:00+00:00,2022-09-18 10:00:00-04:00,35,81.0,74.39037689100027,boost_5y_no_dew_pressure,True
2022-09-17 04:00:00+00:00,2022-09-18 15:00:00+00:00,2022-09-18 11:00:00-04:00,36,81.0,76.71718518969755,boost_5y_no_dew_pressure,True
2022-09-17 04:00:00+00:00,2022-09-18 16:00:00+00:00,2022-09-18 12:00:00-04:00,37,82.0,78.20540757859361,boost_5y_no_dew_pressure,True
2022-09-17 04:00:00+00:00,2022-09-18 17:00:00+00:00,2022-09-18 13:00:00-04:00,38,83.0,79.42615534458963,boost_5y_no_dew_pressure,True
2022-09-17 04:00:00+00:00,2022-09-18 18:00:00+00:00,2022-09-18 14:00:00-04:00,39,87.0,80.18045602222702,boost_5y_no_dew_pressure,True
2022-09-17 04:00:00+00:00,2022-09-18 19:00:00+00:00,2022-09-18 15:00:00-04:00,40,84.0,80.03966781636915,boost_5y_no_dew_pressure,True
2022-09-17 04:00:00+00:00,2022-09-18 20:00:00+00:00,2022-09-18 16:00:00-04:00,41,85.0,79.8268545184514,boost_5y_no_dew_pressure,True
2022-09-17 04:00:00+00:00,2022-09-18 21:00:00+00:00,2022-09-18 17:00:00-04:00,42,84.0,79.01772777092302,boost_5y_no_dew_pressure,True
2022-09-17 04:00:00+00:00,2022-09-18 22:00:00+00:00,2022-09-18 18:00:00-04:00,43,79.0,76.17573594245006,boost_5y_no_dew_pressure,True
2022-09-17 04:00:00+00:00,2022-09-18 23:00:00+00:00,2022-09-18 19:00:00-04:00,44,76.0,73.14077692730761,boost_5y_no_dew_pressure,True
2022-09-17 04:00:00+00:00,2022-09-19 00:00:00+00:00,2022-09-18 20:00:00-04:00,45,72.0,71.45672008596573,boost_5y_no_dew_pressure,True
2022-09-17 04:00:00+00:00,2022-09-19 01:00:00+00:00,2022-09-18 21:00:00-04:00,46,70.0,70.65603448379107,boost_5y_no_dew_pressure,True
2022-09-17 04:00:00+00:00,2022-09-19 02:00:00+00:00,2022-09-18 22:00:00-04:00,47,71.0,69.64044878137963,boost_5y_no_dew_pressure,True
2022-09-17 04:00:00+00:00,2022-09-19 03:00:00+00:00,2022-09-18 23:00:00-04:00,48,68.0,68.811548298279,boost_5y_no_dew_pressure,True
2022-09-17 04:00:00+00:00,2022-09-19 04:00:00+00:00,2022-09-19 00:00:00-04:00,49,67.0,67.9040765403439,boost_5y_no_dew_pressure,True
2022-09-17 04:00:00+00:00,2022-09-19 05:00:00+00:00,2022-09-19 01:00:00-04:00,50,67.0,67.12093979607876,boost_5y_no_dew_pressure,True
2022-09-17 04:00:00+00:00,2022-09-19 06:00:00+00:00,2022-09-19 02:00:00-04:00,51,66.0,66.60791112431079,boost_5y_no_dew_pressure,True
2022-09-17 04:00:00+00:00,2022-09-19 07:00:00+00:00,2022-09-19 03:00:00-04:00,52,66.0,65.8957195500867,boost_5y_no_dew_pressure,True
2022-09-17 04:00:00+00:00,2022-09-19 08:00:00+00:00,2022-09-19 04:00:00-04:00,53,65.0,65.37991645480948,boost_5y_no_dew_pressure,True
2022-09-17 04:00:00+00:00,2022-09-19 09:00:00+00:00,2022-09-19 05:00:00-04:00,54,64.0,65.12297439103426,boost_5y_no_dew_pressure,True
2022-09-17 04:00:00+00:00,2022-09-19 10:00:00+00:00,2022-09-19 06:00:00-04:00,55,63.0,64.90813740043873,boost_5y_no_dew_pressure,True
2022-09-17 04:00:00+00:00,2022-09-19 11:00:00+00:00,2022-09-19 07:00:00-04:00,56,67.0,66.00449965538196,boost_5y_no_dew_pressure,True
2022-09-17 04:00:00+00:00,2022-09-19 12:00:00+00:00,2022-09-19 08:00:00-04:00,57,73.0,69.05099928700407,boost_5y_no_dew_pressure,True
2022-09-17 04:00:00+00:00,2022-09-19 13:00:00+00:00,2022-09-19 09:00:00-04:00,58,79.0,71.66975304279403,boost_5y_no_dew_pressure,True
2022-09-17 04:00:00+00:00,2022-09-19 14:00:00+00:00,2022-09-19 10:00:00-04:00,59,84.0,74.20516214867882,boost_5y_no_dew_pressure,True
2022-09-17 04:00:00+00:00,2022-09-19 15:00:00+00:00,2022-09-19 11:00:00-04:00,60,86.0,76.63552745633562,boost_5y_no_dew_pressure,True
2022-09-17 04:00:00+00:00,2022-09-19 16:00:00+00:00,2022-09-19 12:00:00-04:00,61,87.0,78.10565784395897,boost_5y_no_dew_pressure,True
2022-09-17 04:00:00+00:00,2022-09-19 17:00:00+00:00,2022-09-19 13:00:00-04:00,62,90.0,79.30068531786773,boost_5y_no_dew_pressure,True
2022-09-17 04:00:00+00:00,2022-09-19 18:00:00+00:00,2022-09-19 14:00:00-04:00,63,88.0,80.03960141775676,boost_5y_no_dew_pressure,True
2022-09-17 04:00:00+00:00,2022-09-19 19:00:00+00:00,2022-09-19 15:00:00-04:00,64,89.0,79.92190551637869,boost_5y_no_dew_pressure,True
2022-09-17 04:00:00+00:00,2022-09-19 20:00:00+00:00,2022-09-19 16:00:00-04:00,65,88.0,79.74344099407548,boost_5y_no_dew_pressure,True
2022-09-17 04:00:00+00:00,2022-09-19 21:00:00+00:00,2022-09-19 17:00:00-04:00,66,87.0,78.81398506058024,boost_5y_no_dew_pressure,True
2022-09-17 04:00:00+00:00,2022-09-19 22:00:00+00:00,2022-09-19 18:00:00-04:00,67,85.0,75.98335523199654,boost_5y_no_dew_pressure,True
2022-09-17 04:00:00+00:00,2022-09-19 23:00:00+00:00,2022-09-19 19:00:00-04:00,68,80.0,73.00373123841759,boost_5y_no_dew_pressure,True
2022-09-17 04:00:00+00:00,2022-09-20 00:00:00+00:00,2022-09-19 20:00:00-04:00,69,76.0,71.18492102694852,boost_5y_no_dew_pressure,True
2022-09-17 04:00:00+00:00,2022-09-20 01:00:00+00:00,2022-09-19 21:00:00-04:00,70,72.0,70.29890183735789,boost_5y_no_dew_pressure,True
2022-09-17 04:00:00+00:00,2022-09-20 02:00:00+00:00,2022-09-19 22:00:00-04:00,71,73.0,69.2795664535152,boost_5y_no_dew_pressure,True
2022-09-17 04:00:00+00:00,2022-09-20 03:00:00+00:00,2022-09-19 23:00:00-04:00,72,69.0,68.4162389654625,boost_5y_no_dew_pressure,True
2022-09-17 04:00:00+00:00,2022-09-20 04:00:00+00:00,2022-09-20 00:00:00-04:00,73,69.0,65.8731562576432,boost_5y_no_dew_pressure,True
2022-09-17 04:00:00+00:00,2022-09-20 05:00:00+00:00,2022-09-20 01:00:00-04:00,74,68.0,65.19619444647732,boost_5y_no_dew_pressure,True
2022-09-17 04:00:00+00:00,2022-09-20 06:00:00+00:00,2022-09-20 02:00:00-04:00,75,68.0,64.65185821973593,boost_5y_no_dew_pressure,True
2022-09-17 04:00:00+00:00,2022-09-20 07:00:00+00:00,2022-09-20 03:00:00-04:00,76,68.0,63.98429194788359,boost_5y_no_dew_pressure,True
2022-09-17 04:00:00+00:00,2022-09-20 08:00:00+00:00,2022-09-20 04:00:00-04:00,77,66.0,63.50303694062705,boost_5y_no_dew_pressure,True
2022-09-17 04:00:00+00:00,2022-09-20 09:00:00+00:00,2022-09-20 05:00:00-04:00,78,65.0,63.24863864052615,boost_5y_no_dew_pressure,True
2022-09-17 04:00:00+00:00,2022-09-20 10:00:00+00:00,2022-09-20 06:00:00-04:00,79,66.0,63.032813593698855,boost_5y_no_dew_pressure,True
2022-09-17 04:00:00+00:00,2022-09-20 11:00:00+00:00,2022-09-20 07:00:00-04:00,80,68.0,64.21335368648235,boost_5y_no_dew_pressure,True
2022-09-17 04:00:00+00:00,2022-09-20 12:00:00+00:00,2022-09-20 08:00:00-04:00,81,76.0,67.38110645717859,boost_5y_no_dew_pressure,True
2022-09-17 04:00:00+00:00,2022-09-20 13:00:00+00:00,2022-09-20 09:00:00-04:00,82,81.0,70.20564872860145,boost_5y_no_dew_pressure,True
2022-09-17 04:00:00+00:00,2022-09-20 14:00:00+00:00,2022-09-20 10:00:00-04:00,83,85.0,72.77608477660985,boost_5y_no_dew_pressure,True
2022-09-17 04:00:00+00:00,2022-09-20 15:00:00+00:00,2022-09-20 11:00:00-04:00,84,85.0,75.19232221566368,boost_5y_no_dew_pressure,True
2022-09-17 04:00:00+00:00,2022-09-20 16:00:00+00:00,2022-09-20 12:00:00-04:00,85,88.0,76.6614851218395,boost_5y_no_dew_pressure,True
2022-09-17 04:00:00+00:00,2022-09-20 17:00:00+00:00,2022-09-20 13:00:00-04:00,86,90.0,77.96058737561289,boost_5y_no_dew_pressure,True
2022-09-17 04:00:00+00:00,2022-09-20 18:00:00+00:00,2022-09-20 14:00:00-04:00,87,90.0,78.72828657095243,boost_5y_no_dew_pressure,True
2022-09-17 04:00:00+00:00,2022-09-20 19:00:00+00:00,2022-09-20 15:00:00-04:00,88,89.0,78.58316032886586,boost_5y_no_dew_pressure,True
2022-09-17 04:00:00+00:00,2022-09-20 20:00:00+00:00,2022-09-20 16:00:00-04:00,89,90.0,78.40979446339762,boost_5y_no_dew_pressure,True
2022-09-17 04:00:00+00:00,2022-09-20 21:00:00+00:00,2022-09-20 17:00:00-04:00,90,88.0,77.51750685528286,boost_5y_no_dew_pressure,True
2022-09-17 04:00:00+00:00,2022-09-20 22:00:00+00:00,2022-09-20 18:00:00-04:00,91,84.0,74.79386271503034,boost_5y_no_dew_pressure,True
2022-09-17 04:00:00+00:00,2022-09-20 23:00:00+00:00,2022-09-20 19:00:00-04:00,92,80.0,71.74499226444392,boost_5y_no_dew_pressure,True
2022-09-17 04:00:00+00:00,2022-09-21 00:00:00+00:00,2022-09-20 20:00:00-04:00,93,76.0,69.969940862817,boost_5y_no_dew_pressure,True
2022-09-17 04:00:00+00:00,2022-09-21 01:00:00+00:00,2022-09-20 21:00:00-04:00,94,75.0,68.8536352155568,boost_5y_no_dew_pressure,True
2022-09-17 04:00:00+00:00,2022-09-21 02:00:00+00:00,2022-09-20 22:00:00-04:00,95,71.0,67.83183765762858,boost_5y_no_dew_pressure,True
2022-09-17 04:00:00+00:00,2022-09-21 03:00:00+00:00,2022-09-20 23:00:00-04:00,96,70.0,67.01996861401274,boost_5y_no_dew_pressure,True
2022-09-17 04:00:00+00:00,2022-09-21 04:00:00+00:00,2022-09-21 00:00:00-04:00,97,68.0,65.84661871245092,boost_5y_no_dew_pressure,True
2022-09-17 04:00:00+00:00,2022-09-21 05:00:00+00:00,2022-09-21 01:00:00-04:00,98,67.0,65.11303775309216,boost_5y_no_dew_pressure,True
2022-09-17 04:00:00+00:00,2022-09-21 06:00:00+00:00,2022-09-21 02:00:00-04:00,99,66.0,64.67583845411207,boost_5y_no_dew_pressure,True
2022-09-17 04:00:00+00:00,2022-09-21 07:00:00+00:00,2022-09-21 03:00:00-04:00,100,66.0,63.98945874927093,boost_5y_no_dew_pressure,True
2022-09-17 04:00:00+00:00,2022-09-21 08:00:00+00:00,2022-09-21 04:00:00-04:00,101,66.0,63.51613256206704,boost_5y_no_dew_pressure,True
2022-09-17 04:00:00+00:00,2022-09-21 09:00:00+00:00,2022-09-21 05:00:00-04:00,102,65.0,63.22433222043409,boost_5y_no_dew_pressure,True
2022-09-17 04:00:00+00:00,2022-09-21 10:00:00+00:00,2022-09-21 06:00:00-04:00,103,65.0,62.84700230652831,boost_5y_no_dew_pressure,True
2022-09-17 04:00:00+00:00,2022-09-21 11:00:00+00:00,2022-09-21 07:00:00-04:00,104,67.0,64.20574604394929,boost_5y_no_dew_pressure,True
2022-09-17 04:00:00+00:00,2022-09-21 12:00:00+00:00,2022-09-21 08:00:00-04:00,105,72.0,67.58245570686958,boost_5y_no_dew_pressure,True
2022-09-17 04:00:00+00:00,2022-09-21 13:00:00+00:00,2022-09-21 09:00:00-04:00,106,77.0,70.84493207964391,boost_5y_no_dew_pressure,True
2022-09-17 04:00:00+00:00,2022-09-21 14:00:00+00:00,2022-09-21 10:00:00-04:00,107,82.0,73.58330653720925,boost_5y_no_dew_pressure,True
2022-09-17 04:00:00+00:00,2022-09-21 15:00:00+00:00,2022-09-21 11:00:00-04:00,108,86.0,75.96413416052175,boost_5y_no_dew_pressure,True
2022-09-17 04:00:00+00:00,2022-09-21 16:00:00+00:00,2022-09-21 12:00:00-04:00,109,91.0,77.4646745108574,boost_5y_no_dew_pressure,True
2022-09-17 04:00:00+00:00,2022-09-21 17:00:00+00:00,2022-09-21 13:00:00-04:00,110,91.0,78.7408980801845,boost_5y_no_dew_pressure,True
2022-09-17 04:00:00+00:00,2022-09-21 18:00:00+00:00,2022-09-21 14:00:00-04:00,111,94.0,79.46606875658223,boost_5y_no_dew_pressure,True
2022-09-17 04:00:00+00:00,2022-09-21 19:00:00+00:00,2022-09-21 15:00:00-04:00,112,96.0,79.37927208870832,boost_5y_no_dew_pressure,True
2022-09-17 04:00:00+00:00,2022-09-21 20:00:00+00:00,2022-09-21 16:00:00-04:00,113,94.0,79.14290139169383,boost_5y_no_dew_pressure,True
2022-09-17 04:00:00+00:00,2022-09-21 21:00:00+00:00,2022-09-21 17:00:00-04:00,114,90.0,78.1013242195006,boost_5y_no_dew_pressure,True
2022-09-17 04:00:00+00:00,2022-09-21 22:00:00+00:00,2022-09-21 18:00:00-04:00,115,87.0,75.3310987953812,boost_5y_no_dew_pressure,True
2022-09-17 04:00:00+00:00,2022-09-21 23:00:00+00:00,2022-09-21 19:00:00-04:00,116,83.0,72.24685961681772,boost_5y_no_dew_pressure,True
2022-09-17 04:00:00+00:00,2022-09-22 00:00:00+00:00,2022-09-21 20:00:00-04:00,117,78.0,70.34258084239073,boost_5y_no_dew_pressure,True
2022-09-17 04:00:00+00:00,2022-09-22 01:00:00+00:00,2022-09-21 21:00:00-04:00,118,75.0,69.06636499452691,boost_5y_no_dew_pressure,True
2022-09-17 04:00:00+00:00,2022-09-22 02:00:00+00:00,2022-09-21 22:00:00-04:00,119,71.0,68.10756432581857,boost_5y_no_dew_pressure,True
2022-09-17 04:00:00+00:00,2022-09-22 03:00:00+00:00,2022-09-21 23:00:00-04:00,120,71.0,67.23427211083519,boost_5y_no_dew_pressure,True
2022-09-17 04:00:00+00:00,2022-09-22 04:00:00+00:00,2022-09-22 00:00:00-04:00,121,70.0,66.3533696797685,boost_5y_no_dew_pressure,True
2022-09-17 04:00:00+00:00,2022-09-22 05:00:00+00:00,2022-09-22 01:00:00-04:00,122,72.0,65.46375904127972,boost_5y_no_dew_pressure,True
2022-09-17 04:00:00+00:00,2022-09-22 06:00:00+00:00,2022-09-22 02:00:00-04:00,123,68.0,65.01618742761394,boost_5y_no_dew_pressure,True
2022-09-17 04:00:00+00:00,2022-09-22 07:00:00+00:00,2022-09-22 03:00:00-04:00,124,68.0,64.3238259933444,boost_5y_no_dew_pressure,True
2022-09-17 04:00:00+00:00,2022-09-22 08:00:00+00:00,2022-09-22 04:00:00-04:00,125,68.0,63.83126724867444,boost_5y_no_dew_pressure,True
2022-09-17 04:00:00+00:00,2022-09-22 09:00:00+00:00,2022-09-22 05:00:00-04:00,126,67.0,63.37668414023008,boost_5y_no_dew_pressure,True
2022-09-17 04:00:00+00:00,2022-09-22 10:00:00+00:00,2022-09-22 06:00:00-04:00,127,69.0,63.068846155577624,boost_5y_no_dew_pressure,True
2022-09-17 04:00:00+00:00,2022-09-22 11:00:00+00:00,2022-09-22 07:00:00-04:00,128,70.0,64.42266904354531,boost_5y_no_dew_pressure,True
2022-09-17 04:00:00+00:00,2022-09-22 12:00:00+00:00,2022-09-22 08:00:00-04:00,129,75.0,67.79442243696862,boost_5y_no_dew_pressure,True
2022-09-17 04:00:00+00:00,2022-09-22 13:00:00+00:00,2022-09-22 09:00:00-04:00,130,83.0,71.08595473398289,boost_5y_no_dew_pressure,True
2022-09-17 04:00:00+00:00,2022-09-22 14:00:00+00:00,2022-09-22 10:00:00-04:00,131,87.0,73.94800315263963,boost_5y_no_dew_pressure,True
2022-09-17 04:00:00+00:00,2022-09-22 15:00:00+00:00,2022-09-22 11:00:00-04:00,132,92.0,76.28288103256119,boost_5y_no_dew_pressure,True
2022-09-17 04:00:00+00:00,2022-09-22 16:00:00+00:00,2022-09-22 12:00:00-04:00,133,96.0,77.87088703695525,boost_5y_no_dew_pressure,True
2022-09-17 04:00:00+00:00,2022-09-22 17:00:00+00:00,2022-09-22 13:00:00-04:00,134,97.0,79.1539107638483,boost_5y_no_dew_pressure,True
2022-09-17 04:00:00+00:00,2022-09-22 18:00:00+00:00,2022-09-22 14:00:00-04:00,135,94.0,79.85090515207699,boost_5y_no_dew_pressure,True
2022-09-17 04:00:00+00:00,2022-09-22 19:00:00+00:00,2022-09-22 15:00:00-04:00,136,91.0,79.8117660038405,boost_5y_no_dew_pressure,True
2022-09-17 04:00:00+00:00,2022-09-22 20:00:00+00:00,2022-09-22 16:00:00-04:00,137,80.0,79.46587215556008,boost_5y_no_dew_pressure,True
2022-09-17 04:00:00+00:00,2022-09-22 21:00:00+00:00,2022-09-22 17:00:00-04:00,138,84.0,78.30889871760616,boost_5y_no_dew_pressure,True
2022-09-17 04:00:00+00:00,2022-09-22 22:00:00+00:00,2022-09-22 18:00:00-04:00,139,80.0,75.5073045249,boost_5y_no_dew_pressure,True
2022-09-17 04:00:00+00:00,2022-09-22 23:00:00+00:00,2022-09-22 19:00:00-04:00,140,76.0,72.40919466872074,boost_5y_no_dew_pressure,True
2022-09-17 04:00:00+00:00,2022-09-23 00:00:00+00:00,2022-09-22 20:00:00-04:00,141,73.0,70.58065386966362,boost_5y_no_dew_pressure,True
2022-09-17 04:00:00+00:00,2022-09-23 01:00:00+00:00,2022-09-22 21:00:00-04:00,142,72.0,69.31132585573647,boost_5y_no_dew_pressure,True
2022-09-17 04:00:00+00:00,2022-09-23 02:00:00+00:00,2022-09-22 22:00:00-04:00,143,70.0,68.2552614218036,boost_5y_no_dew_pressure,True
2022-09-17 04:00:00+00:00,2022-09-23 03:00:00+00:00,2022-09-22 23:00:00-04:00,144,68.0,67.47058599918967,boost_5y_no_dew_pressure,True
2022-09-17 04:00:00+00:00,2022-09-23 04:00:00+00:00,2022-09-23 00:00:00-04:00,145,66.0,66.2029941156927,boost_5y_no_dew_pressure,True
2022-09-17 04:00:00+00:00,2022-09-23 05:00:00+00:00,2022-09-23 01:00:00-04:00,146,65.0,65.27423994423448,boost_5y_no_dew_pressure,True
2022-09-17 04:00:00+00:00,2022-09-23 06:00:00+00:00,2022-09-23 02:00:00-04:00,147,62.0,64.78886288399052,boost_5y_no_dew_pressure,True
2022-09-17 04:00:00+00:00,2022-09-23 07:00:00+00:00,2022-09-23 03:00:00-04:00,148,60.0,64.01798176462167,boost_5y_no_dew_pressure,True
2022-09-17 04:00:00+00:00,2022-09-23 08:00:00+00:00,2022-09-23 04:00:00-04:00,149,58.0,63.56688291704182,boost_5y_no_dew_pressure,True
2022-09-17 04:00:00+00:00,2022-09-23 09:00:00+00:00,2022-09-23 05:00:00-04:00,150,55.0,63.08871877206724,boost_5y_no_dew_pressure,True
2022-09-17 04:00:00+00:00,2022-09-23 10:00:00+00:00,2022-09-23 06:00:00-04:00,151,55.0,62.76807262687198,boost_5y_no_dew_pressure,True
2022-09-17 04:00:00+00:00,2022-09-23 11:00:00+00:00,2022-09-23 07:00:00-04:00,152,56.0,64.06819988769799,boost_5y_no_dew_pressure,True
2022-09-17 04:00:00+00:00,2022-09-23 12:00:00+00:00,2022-09-23 08:00:00-04:00,153,60.0,67.32874337395471,boost_5y_no_dew_pressure,True
2022-09-17 04:00:00+00:00,2022-09-23 13:00:00+00:00,2022-09-23 09:00:00-04:00,154,63.0,70.6469452108709,boost_5y_no_dew_pressure,True
2022-09-17 04:00:00+00:00,2022-09-23 14:00:00+00:00,2022-09-23 10:00:00-04:00,155,66.0,73.58696821669288,boost_5y_no_dew_pressure,True
2022-09-17 04:00:00+00:00,2022-09-23 15:00:00+00:00,2022-09-23 11:00:00-04:00,156,68.0,75.9546376716517,boost_5y_no_dew_pressure,True
2022-09-17 04:00:00+00:00,2022-09-23 16:00:00+00:00,2022-09-23 12:00:00-04:00,157,70.0,77.73842451638008,boost_5y_no_dew_pressure,True
2022-09-17 04:00:00+00:00,2022-09-23 17:00:00+00:00,2022-09-23 13:00:00-04:00,158,72.0,79.13924624672353,boost_5y_no_dew_pressure,True
2022-09-17 04:00:00+00:00,2022-09-23 18:00:00+00:00,2022-09-23 14:00:00-04:00,159,74.0,79.82201948019527,boost_5y_no_dew_pressure,True
2022-09-17 04:00:00+00:00,2022-09-23 19:00:00+00:00,2022-09-23 15:00:00-04:00,160,74.0,79.78107188733783,boost_5y_no_dew_pressure,True
2022-09-17 04:00:00+00:00,2022-09-23 20:00:00+00:00,2022-09-23 16:00:00-04:00,161,74.0,79.47913816394778,boost_5y_no_dew_pressure,True
2022-09-17 04:00:00+00:00,2022-09-23 21:00:00+00:00,2022-09-23 17:00:00-04:00,162,73.0,78.23611169124572,boost_5y_no_dew_pressure,True
2022-09-17 04:00:00+00:00,2022-09-23 22:00:00+00:00,2022-09-23 18:00:00-04:00,163,69.0,75.12537300658515,boost_5y_no_dew_pressure,True
2022-09-17 04:00:00+00:00,2022-09-23 23:00:00+00:00,2022-09-23 19:00:00-04:00,164,60.0,71.77545631883319,boost_5y_no_dew_pressure,True
2022-09-17 04:00:00+00:00,2022-09-24 00:00:00+00:00,2022-09-23 20:00:00-04:00,165,58.0,69.95853535854829,boost_5y_no_dew_pressure,True
2022-09-17 04:00:00+00:00,2022-09-24 01:00:00+00:00,2022-09-23 21:00:00-04:00,166,58.0,68.71566579074069,boost_5y_no_dew_pressure,True
2022-09-17 04:00:00+00:00,2022-09-24 02:00:00+00:00,2022-09-23 22:00:00-04:00,167,56.0,67.70076327765437,boost_5y_no_dew_pressure,True
2022-09-17 04:00:00+00:00,2022-09-24 03:00:00+00:00,2022-09-23 23:00:00-04:00,168,52.0,66.85955335554547,boost_5y_no_dew_pressure,True
2022-09-17 04:00:00+00:00,2022-09-24 04:00:00+00:00,2022-09-24 00:00:00-04:00,169,48.0,66.30315516235733,boost_5y_no_dew_pressure,True
2022-09-17 04:00:00+00:00,2022-09-24 05:00:00+00:00,2022-09-24 01:00:00-04:00,170,52.0,65.33594954829087,boost_5y_no_dew_pressure,True
2022-09-17 04:00:00+00:00,2022-09-24 06:00:00+00:00,2022-09-24 02:00:00-04:00,171,49.0,64.85954818999778,boost_5y_no_dew_pressure,True
2022-09-17 04:00:00+00:00,2022-09-24 07:00:00+00:00,2022-09-24 03:00:00-04:00,172,51.0,64.02681867360859,boost_5y_no_dew_pressure,True
2022-09-17 04:00:00+00:00,2022-09-24 08:00:00+00:00,2022-09-24 04:00:00-04:00,173,52.0,63.52959779110064,boost_5y_no_dew_pressure,True
2022-09-17 04:00:00+00:00,2022-09-24 09:00:00+00:00,2022-09-24 05:00:00-04:00,174,52.0,63.13322918547781,boost_5y_no_dew_pressure,True
2022-09-17 04:00:00+00:00,2022-09-24 10:00:00+00:00,2022-09-24 06:00:00-04:00,175,52.0,62.7850416210482,boost_5y_no_dew_pressure,True
2022-09-17 04:00:00+00:00,2022-09-24 11:00:00+00:00,2022-09-24 07:00:00-04:00,176,55.0,64.02072728318781,boost_5y_no_dew_pressure,True
2022-09-17 04:00:00+00:00,2022-09-24 12:00:00+00:00,2022-09-24 08:00:00-04:00,177,60.0,67.33367210718397,boost_5y_no_dew_pressure,True
2022-09-17 04:00:00+00:00,2022-09-24 13:00:00+00:00,2022-09-24 09:00:00-04:00,178,63.0,70.68858466546104,boost_5y_no_dew_pressure,True
2022-09-17 04:00:00+00:00,2022-09-24 14:00:00+00:00,2022-09-24 10:00:00-04:00,179,65.0,73.68776080277036,boost_5y_no_dew_pressure,True
2022-09-17 04:00:00+00:00,2022-09-24 15:00:00+00:00,2022-09-24 11:00:00-04:00,180,69.0,76.1088950119906,boost_5y_no_dew_pressure,True
2022-09-17 04:00:00+00:00,2022-09-24 16:00:00+00:00,2022-09-24 12:00:00-04:00,181,74.0,77.88214223320546,boost_5y_no_dew_pressure,True
2022-09-17 04:00:00+00:00,2022-09-24 17:00:00+00:00,2022-09-24 13:00:00-04:00,182,74.0,79.27636863505042,boost_5y_no_dew_pressure,True
2022-09-17 04:00:00+00:00,2022-09-24 18:00:00+00:00,2022-09-24 14:00:00-04:00,183,72.0,79.99202897440209,boost_5y_no_dew_pressure,True
2022-09-17 04:00:00+00:00,2022-09-24 19:00:00+00:00,2022-09-24 15:00:00-04:00,184,73.0,80.01172502490368,boost_5y_no_dew_pressure,True
2022-09-17 04:00:00+00:00,2022-09-24 20:00:00+00:00,2022-09-24 16:00:00-04:00,185,75.0,79.69841309001039,boost_5y_no_dew_pressure,True
2022-09-17 04:00:00+00:00,2022-09-24 21:00:00+00:00,2022-09-24 17:00:00-04:00,186,72.0,78.36612247090335,boost_5y_no_dew_pressure,True
2022-09-17 04:00:00+00:00,2022-09-24 22:00:00+00:00,2022-09-24 18:00:00-04:00,187,70.0,75.22492510503791,boost_5y_no_dew_pressure,True
2022-09-17 04:00:00+00:00,2022-09-24 23:00:00+00:00,2022-09-24 19:00:00-04:00,188,69.0,71.83533458313718,boost_5y_no_dew_pressure,True
2022-09-17 04:00:00+00:00,2022-09-25 00:00:00+00:00,2022-09-24 20:00:00-04:00,189,69.0,69.97145688211562,boost_5y_no_dew_pressure,True
2022-09-17 04:00:00+00:00,2022-09-25 01:00:00+00:00,2022-09-24 21:00:00-04:00,190,68.0,68.72585281462268,boost_5y_no_dew_pressure,True
2022-09-17 04:00:00+00:00,2022-09-25 02:00:00+00:00,2022-09-24 22:00:00-04:00,191,67.0,67.74214743583745,boost_5y_no_dew_pressure,True
2022-09-17 04:00:00+00:00,2022-09-25 03:00:00+00:00,2022-09-24 23:00:00-04:00,192,66.0,66.89440462301518,boost_5y_no_dew_pressure,True
2022-09-17 04:00:00+00:00,2022-09-25 04:00:00+00:00,2022-09-25 00:00:00-04:00,193,64.0,66.02251743533816,boost_5y_no_dew_pressure,True
2022-09-17 04:00:00+00:00,2022-09-25 05:00:00+00:00,2022-09-25 01:00:00-04:00,194,62.0,65.01439067495042,boost_5y_no_dew_pressure,True
2022-09-17 04:00:00+00:00,2022-09-25 06:00:00+00:00,2022-09-25 02:00:00-04:00,195,65.0,64.51570283313404,boost_5y_no_dew_pressure,True
2022-09-17 04:00:00+00:00,2022-09-25 07:00:00+00:00,2022-09-25 03:00:00-04:00,196,66.0,63.616780829063295,boost_5y_no_dew_pressure,True
2022-09-17 04:00:00+00:00,2022-09-25 08:00:00+00:00,2022-09-25 04:00:00-04:00,197,65.0,63.20873319301619,boost_5y_no_dew_pressure,True
2022-09-17 04:00:00+00:00,2022-09-25 09:00:00+00:00,2022-09-25 05:00:00-04:00,198,62.0,62.81646850781933,boost_5y_no_dew_pressure,True
2022-09-17 04:00:00+00:00,2022-09-25 10:00:00+00:00,2022-09-25 06:00:00-04:00,199,61.0,62.459086878142074,boost_5y_no_dew_pressure,True
2022-09-17 04:00:00+00:00,2022-09-25 11:00:00+00:00,2022-09-25 07:00:00-04:00,200,64.0,63.62254986046868,boost_5y_no_dew_pressure,True
2022-09-17 04:00:00+00:00,2022-09-25 12:00:00+00:00,2022-09-25 08:00:00-04:00,201,68.0,67.07512914668472,boost_5y_no_dew_pressure,True
2022-09-17 04:00:00+00:00,2022-09-25 13:00:00+00:00,2022-09-25 09:00:00-04:00,202,71.0,70.55370254392982,boost_5y_no_dew_pressure,True
2022-09-17 04:00:00+00:00,2022-09-25 14:00:00+00:00,2022-09-25 10:00:00-04:00,203,77.0,73.65490875132966,boost_5y_no_dew_pressure,True
2022-09-17 04:00:00+00:00,2022-09-25 15:00:00+00:00,2022-09-25 11:00:00-04:00,204,82.0,76.11546394149454,boost_5y_no_dew_pressure,True
2022-09-17 04:00:00+00:00,2022-09-25 16:00:00+00:00,2022-09-25 12:00:00-04:00,205,83.0,77.92019427453491,boost_5y_no_dew_pressure,True
2022-09-17 04:00:00+00:00,2022-09-25 17:00:00+00:00,2022-09-25 13:00:00-04:00,206,81.0,79.31999055962818,boost_5y_no_dew_pressure,True
2022-09-17 04:00:00+00:00,2022-09-25 18:00:00+00:00,2022-09-25 14:00:00-04:00,207,83.0,80.15397078705033,boost_5y_no_dew_pressure,True
2022-09-17 04:00:00+00:00,2022-09-25 19:00:00+00:00,2022-09-25 15:00:00-04:00,208,79.0,80.10605386213969,boost_5y_no_dew_pressure,True
2022-09-17 04:00:00+00:00,2022-09-25 20:00:00+00:00,2022-09-25 16:00:00-04:00,209,80.0,79.74791198507432,boost_5y_no_dew_pressure,True
2022-09-17 04:00:00+00:00,2022-09-25 21:00:00+00:00,2022-09-25 17:00:00-04:00,210,78.0,78.429160179635,boost_5y_no_dew_pressure,True
2022-09-17 04:00:00+00:00,2022-09-25 22:00:00+00:00,2022-09-25 18:00:00-04:00,211,77.0,75.19760748160034,boost_5y_no_dew_pressure,True
2022-09-17 04:00:00+00:00,2022-09-25 23:00:00+00:00,2022-09-25 19:00:00-04:00,212,74.0,71.73170832445666,boost_5y_no_dew_pressure,True
2022-09-17 04:00:00+00:00,2022-09-26 00:00:00+00:00,2022-09-25 20:00:00-04:00,213,74.0,69.85822848693248,boost_5y_no_dew_pressure,True
2022-09-17 04:00:00+00:00,2022-09-26 01:00:00+00:00,2022-09-25 21:00:00-04:00,214,70.0,68.6432956471811,boost_5y_no_dew_pressure,True
2022-09-17 04:00:00+00:00,2022-09-26 02:00:00+00:00,2022-09-25 22:00:00-04:00,215,70.0,67.67377886468266,boost_5y_no_dew_pressure,True
2022-09-17 04:00:00+00:00,2022-09-26 03:00:00+00:00,2022-09-25 23:00:00-04:00,216,70.0,66.78480998090393,boost_5y_no_dew_pressure,True
2022-09-17 04:00:00+00:00,2022-09-26 04:00:00+00:00,2022-09-26 00:00:00-04:00,217,68.0,66.04479343255078,boost_5y_no_dew_pressure,True
2022-09-17 04:00:00+00:00,2022-09-26 05:00:00+00:00,2022-09-26 01:00:00-04:00,218,66.0,64.9622366955549,boost_5y_no_dew_pressure,True
2022-09-17 04:00:00+00:00,2022-09-26 06:00:00+00:00,2022-09-26 02:00:00-04:00,219,63.0,64.41415252447293,boost_5y_no_dew_pressure,True
2022-09-17 04:00:00+00:00,2022-09-26 07:00:00+00:00,2022-09-26 03:00:00-04:00,220,64.0,63.46884801500363,boost_5y_no_dew_pressure,True
2022-09-17 04:00:00+00:00,2022-09-26 08:00:00+00:00,2022-09-26 04:00:00-04:00,221,64.0,63.07047307391141,boost_5y_no_dew_pressure,True
2022-09-17 04:00:00+00:00,2022-09-26 09:00:00+00:00,2022-09-26 05:00:00-04:00,222,62.0,62.645409051904714,boost_5y_no_dew_pressure,True
2022-09-17 04:00:00+00:00,2022-09-26 10:00:00+00:00,2022-09-26 06:00:00-04:00,223,60.0,62.307848983350986,boost_5y_no_dew_pressure,True
2022-09-17 04:00:00+00:00,2022-09-26 11:00:00+00:00,2022-09-26 07:00:00-04:00,224,63.0,63.437251479899096,boost_5y_no_dew_pressure,True
2022-09-17 04:00:00+00:00,2022-09-26 12:00:00+00:00,2022-09-26 08:00:00-04:00,225,68.0,67.05530637276057,boost_5y_no_dew_pressure,True
2022-09-17 04:00:00+00:00,2022-09-26 13:00:00+00:00,2022-09-26 09:00:00-04:00,226,74.0,70.68548366852907,boost_5y_no_dew_pressure,True
2022-09-17 04:00:00+00:00,2022-09-26 14:00:00+00:00,2022-09-26 10:00:00-04:00,227,75.0,73.8807920676614,boost_5y_no_dew_pressure,True
2022-09-17 04:00:00+00:00,2022-09-26 15:00:00+00:00,2022-09-26 11:00:00-04:00,228,78.0,76.42983857586233,boost_5y_no_dew_pressure,True
2022-09-17 04:00:00+00:00,2022-09-26 16:00:00+00:00,2022-09-26 12:00:00-04:00,229,79.0,78.25885225918682,boost_5y_no_dew_pressure,True
2022-09-17 04:00:00+00:00,2022-09-26 17:00:00+00:00,2022-09-26 13:00:00-04:00,230,84.0,79.69706964254394,boost_5y_no_dew_pressure,True
2022-09-17 04:00:00+00:00,2022-09-26 18:00:00+00:00,2022-09-26 14:00:00-04:00,231,86.0,80.60736263005205,boost_5y_no_dew_pressure,True
2022-09-17 04:00:00+00:00,2022-09-26 19:00:00+00:00,2022-09-26 15:00:00-04:00,232,83.0,80.47631851125301,boost_5y_no_dew_pressure,True
2022-09-17 04:00:00+00:00,2022-09-26 20:00:00+00:00,2022-09-26 16:00:00-04:00,233,85.0,80.16563380930361,boost_5y_no_dew_pressure,True
2022-09-17 04:00:00+00:00,2022-09-26 21:00:00+00:00,2022-09-26 17:00:00-04:00,234,82.0,78.7498616465075,boost_5y_no_dew_pressure,True
2022-09-17 04:00:00+00:00,2022-09-26 22:00:00+00:00,2022-09-26 18:00:00-04:00,235,79.0,75.27147272451428,boost_5y_no_dew_pressure,True
2022-09-17 04:00:00+00:00,2022-09-26 23:00:00+00:00,2022-09-26 19:00:00-04:00,236,75.0,71.79951677891421,boost_5y_no_dew_pressure,True
2022-09-17 04:00:00+00:00,2022-09-27 00:00:00+00:00,2022-09-26 20:00:00-04:00,237,68.0,69.87523499903051,boost_5y_no_dew_pressure,True
2022-09-17 04:00:00+00:00,2022-09-27 01:00:00+00:00,2022-09-26 21:00:00-04:00,238,66.0,68.46789363734547,boost_5y_no_dew_pressure,True
2022-09-17 04:00:00+00:00,2022-09-27 02:00:00+00:00,2022-09-26 22:00:00-04:00,239,62.0,67.60212957276588,boost_5y_no_dew_pressure,True
2022-09-17 04:00:00+00:00,2022-09-27 03:00:00+00:00,2022-09-26 23:00:00-04:00,240,60.0,66.81678336438554,boost_5y_no_dew_pressure,True
2022-09-17 04:00:00+00:00,2022-09-27 04:00:00+00:00,2022-09-27 00:00:00-04:00,241,59.0,65.89678708670377,boost_5y_no_dew_pressure,True
2022-09-17 04:00:00+00:00,2022-09-27 05:00:00+00:00,2022-09-27 01:00:00-04:00,242,58.0,64.78625161305162,boost_5y_no_dew_pressure,True
2022-09-17 04:00:00+00:00,2022-09-27 06:00:00+00:00,2022-09-27 02:00:00-04:00,243,56.0,64.29481896369634,boost_5y_no_dew_pressure,True
2022-09-17 04:00:00+00:00,2022-09-27 07:00:00+00:00,2022-09-27 03:00:00-04:00,244,57.0,63.362016854567095,boost_5y_no_dew_pressure,True
2022-09-17 04:00:00+00:00,2022-09-27 08:00:00+00:00,2022-09-27 04:00:00-04:00,245,56.0,63.002540751657754,boost_5y_no_dew_pressure,True
2022-09-17 04:00:00+00:00,2022-09-27 09:00:00+00:00,2022-09-27 05:00:00-04:00,246,55.0,62.53639075603033,boost_5y_no_dew_pressure,True
2022-09-17 04:00:00+00:00,2022-09-27 10:00:00+00:00,2022-09-27 06:00:00-04:00,247,55.0,62.17162675176973,boost_5y_no_dew_pressure,True
2022-09-17 04:00:00+00:00,2022-09-27 11:00:00+00:00,2022-09-27 07:00:00-04:00,248,57.0,63.25542806353057,boost_5y_no_dew_pressure,True
2022-09-17 04:00:00+00:00,2022-09-27 12:00:00+00:00,2022-09-27 08:00:00-04:00,249,64.0,66.89085315770755,boost_5y_no_dew_pressure,True
2022-09-17 04:00:00+00:00,2022-09-27 13:00:00+00:00,2022-09-27 09:00:00-04:00,250,69.0,70.59373135055242,boost_5y_no_dew_pressure,True
2022-09-17 04:00:00+00:00,2022-09-27 14:00:00+00:00,2022-09-27 10:00:00-04:00,251,73.0,73.98011091405759,boost_5y_no_dew_pressure,True
2022-09-17 04:00:00+00:00,2022-09-27 15:00:00+00:00,2022-09-27 11:00:00-04:00,252,74.0,76.54112086233839,boost_5y_no_dew_pressure,True
2022-09-17 04:00:00+00:00,2022-09-27 16:00:00+00:00,2022-09-27 12:00:00-04:00,253,76.0,78.39545021385379,boost_5y_no_dew_pressure,True
2022-09-17 04:00:00+00:00,2022-09-27 17:00:00+00:00,2022-09-27 13:00:00-04:00,254,77.0,79.88898462684027,boost_5y_no_dew_pressure,True
2022-09-17 04:00:00+00:00,2022-09-27 18:00:00+00:00,2022-09-27 14:00:00-04:00,255,79.0,80.77088637307878,boost_5y_no_dew_pressure,True
2022-09-17 04:00:00+00:00,2022-09-27 19:00:00+00:00,2022-09-27 15:00:00-04:00,256,79.0,80.55850631593297,boost_5y_no_dew_pressure,True
2022-09-17 04:00:00+00:00,2022-09-27 20:00:00+00:00,2022-09-27 16:00:00-04:00,257,79.0,80.08450347690562,boost_5y_no_dew_pressure,True
2022-09-17 04:00:00+00:00,2022-09-27 21:00:00+00:00,2022-09-27 17:00:00-04:00,258,76.0,78.64408236849698,boost_5y_no_dew_pressure,True
2022-09-17 04:00:00+00:00,2022-09-27 22:00:00+00:00,2022-09-27 18:00:00-04:00,259,73.0,75.08457777619513,boost_5y_no_dew_pressure,True
2022-09-17 04:00:00+00:00,2022-09-27 23:00:00+00:00,2022-09-27 19:00:00-04:00,260,68.0,71.62464112216178,boost_5y_no_dew_pressure,True
2022-09-17 04:00:00+00:00,2022-09-28 00:00:00+00:00,2022-09-27 20:00:00-04:00,261,65.0,69.6429725813709,boost_5y_no_dew_pressure,True
2022-09-17 04:00:00+00:00,2022-09-28 01:00:00+00:00,2022-09-27 21:00:00-04:00,262,59.0,68.27563780430916,boost_5y_no_dew_pressure,True
2022-09-17 04:00:00+00:00,2022-09-28 02:00:00+00:00,2022-09-27 22:00:00-04:00,263,63.0,67.46236463823172,boost_5y_no_dew_pressure,True
2022-09-17 04:00:00+00:00,2022-09-28 03:00:00+00:00,2022-09-27 23:00:00-04:00,264,60.0,66.72443665218123,boost_5y_no_dew_pressure,True
2022-09-17 04:00:00+00:00,2022-09-28 04:00:00+00:00,2022-09-28 00:00:00-04:00,265,58.0,65.79967937510848,boost_5y_no_dew_pressure,True
2022-09-17 04:00:00+00:00,2022-09-28 05:00:00+00:00,2022-09-28 01:00:00-04:00,266,58.0,64.70261330835531,boost_5y_no_dew_pressure,True
2022-09-17 04:00:00+00:00,2022-09-28 06:00:00+00:00,2022-09-28 02:00:00-04:00,267,57.0,64.1873118648775,boost_5y_no_dew_pressure,True
2022-09-17 04:00:00+00:00,2022-09-28 07:00:00+00:00,2022-09-28 03:00:00-04:00,268,52.0,63.34656734529357,boost_5y_no_dew_pressure,True
2022-09-17 04:00:00+00:00,2022-09-28 08:00:00+00:00,2022-09-28 04:00:00-04:00,269,53.0,62.999166428114684,boost_5y_no_dew_pressure,True
2022-09-17 04:00:00+00:00,2022-09-28 09:00:00+00:00,2022-09-28 05:00:00-04:00,270,48.0,62.51096482874441,boost_5y_no_dew_pressure,True
2022-09-17 04:00:00+00:00,2022-09-28 10:00:00+00:00,2022-09-28 06:00:00-04:00,271,48.0,62.141655053584394,boost_5y_no_dew_pressure,True
2022-09-17 04:00:00+00:00,2022-09-28 11:00:00+00:00,2022-09-28 07:00:00-04:00,272,51.0,63.156623411003984,boost_5y_no_dew_pressure,True
2022-09-17 04:00:00+00:00,2022-09-28 12:00:00+00:00,2022-09-28 08:00:00-04:00,273,58.0,66.75996983197348,boost_5y_no_dew_pressure,True
2022-09-17 04:00:00+00:00,2022-09-28 13:00:00+00:00,2022-09-28 09:00:00-04:00,274,60.0,70.52875417642069,boost_5y_no_dew_pressure,True
2022-09-17 04:00:00+00:00,2022-09-28 14:00:00+00:00,2022-09-28 10:00:00-04:00,275,65.0,74.00347068095581,boost_5y_no_dew_pressure,True
2022-09-17 04:00:00+00:00,2022-09-28 15:00:00+00:00,2022-09-28 11:00:00-04:00,276,68.0,76.52287109492835,boost_5y_no_dew_pressure,True
2022-09-17 04:00:00+00:00,2022-09-28 16:00:00+00:00,2022-09-28 12:00:00-04:00,277,69.0,78.32227977892093,boost_5y_no_dew_pressure,True
2022-09-17 04:00:00+00:00,2022-09-28 17:00:00+00:00,2022-09-28 13:00:00-04:00,278,71.0,79.82780353086717,boost_5y_no_dew_pressure,True
2022-09-17 04:00:00+00:00,2022-09-28 18:00:00+00:00,2022-09-28 14:00:00-04:00,279,71.0,80.76123028170345,boost_5y_no_dew_pressure,True
2022-09-17 04:00:00+00:00,2022-09-28 19:00:00+00:00,2022-09-28 15:00:00-04:00,280,71.0,80.49399493057463,boost_5y_no_dew_pressure,True
2022-09-17 04:00:00+00:00,2022-09-28 20:00:00+00:00,2022-09-28 16:00:00-04:00,281,70.0,79.97468728983115,boost_5y_no_dew_pressure,True
2022-09-17 04:00:00+00:00,2022-09-28 21:00:00+00:00,2022-09-28 17:00:00-04:00,282,68.0,78.45032446461575,boost_5y_no_dew_pressure,True
2022-09-17 04:00:00+00:00,2022-09-28 22:00:00+00:00,2022-09-28 18:00:00-04:00,283,65.0,74.83648091692713,boost_5y_no_dew_pressure,True
2022-09-17 04:00:00+00:00,2022-09-28 23:00:00+00:00,2022-09-28 19:00:00-04:00,284,63.0,71.43959117036422,boost_5y_no_dew_pressure,True
2022-09-17 04:00:00+00:00,2022-09-29 00:00:00+00:00,2022-09-28 20:00:00-04:00,285,61.0,69.46522992573688,boost_5y_no_dew_pressure,True
2022-09-17 04:00:00+00:00,2022-09-29 01:00:00+00:00,2022-09-28 21:00:00-04:00,286,60.0,68.14708465939277,boost_5y_no_dew_pressure,True
2022-09-17 04:00:00+00:00,2022-09-29 02:00:00+00:00,2022-09-28 22:00:00-04:00,287,60.0,67.39967660696091,boost_5y_no_dew_pressure,True
2022-09-17 04:00:00+00:00,2022-09-29 03:00:00+00:00,2022-09-28 23:00:00-04:00,288,58.0,66.73249970668118,boost_5y_no_dew_pressure,True
2022-09-17 04:00:00+00:00,2022-09-29 04:00:00+00:00,2022-09-29 00:00:00-04:00,289,59.0,65.74295492017721,boost_5y_no_dew_pressure,True
2022-09-17 04:00:00+00:00,2022-09-29 05:00:00+00:00,2022-09-29 01:00:00-04:00,290,57.0,64.66227049542289,boost_5y_no_dew_pressure,True
2022-09-17 04:00:00+00:00,2022-09-29 06:00:00+00:00,2022-09-29 02:00:00-04:00,291,56.0,64.1571825331257,boost_5y_no_dew_pressure,True
2022-09-17 04:00:00+00:00,2022-09-29 07:00:00+00:00,2022-09-29 03:00:00-04:00,292,57.0,63.27648577367706,boost_5y_no_dew_pressure,True
2022-09-17 04:00:00+00:00,2022-09-29 08:00:00+00:00,2022-09-29 04:00:00-04:00,293,56.0,62.88913195788348,boost_5y_no_dew_pressure,True
2022-09-17 04:00:00+00:00,2022-09-29 09:00:00+00:00,2022-09-29 05:00:00-04:00,294,55.0,62.37265019144629,boost_5y_no_dew_pressure,True
2022-09-17 04:00:00+00:00,2022-09-29 10:00:00+00:00,2022-09-29 06:00:00-04:00,295,54.0,62.00204323953464,boost_5y_no_dew_pressure,True
2022-09-17 04:00:00+00:00,2022-09-29 11:00:00+00:00,2022-09-29 07:00:00-04:00,296,55.0,63.00683990431867,boost_5y_no_dew_pressure,True
2022-09-17 04:00:00+00:00,2022-09-29 12:00:00+00:00,2022-09-29 08:00:00-04:00,297,57.0,66.63433259348936,boost_5y_no_dew_pressure,True
2022-09-17 04:00:00+00:00,2022-09-29 13:00:00+00:00,2022-09-29 09:00:00-04:00,298,60.0,70.35874817993994,boost_5y_no_dew_pressure,True
2022-09-17 04:00:00+00:00,2022-09-29 14:00:00+00:00,2022-09-29 10:00:00-04:00,299,64.0,73.89262205842267,boost_5y_no_dew_pressure,True
2022-09-17 04:00:00+00:00,2022-09-29 15:00:00+00:00,2022-09-29 11:00:00-04:00,300,65.0,76.41189624851415,boost_5y_no_dew_pressure,True
2022-09-17 04:00:00+00:00,2022-09-29 16:00:00+00:00,2022-09-29 12:00:00-04:00,301,66.0,78.2245137829503,boost_5y_no_dew_pressure,True
2022-09-17 04:00:00+00:00,2022-09-29 17:00:00+00:00,2022-09-29 13:00:00-04:00,302,67.0,79.71609893424323,boost_5y_no_dew_pressure,True
2022-09-17 04:00:00+00:00,2022-09-29 18:00:00+00:00,2022-09-29 14:00:00-04:00,303,67.0,80.62626920534412,boost_5y_no_dew_pressure,True
2022-09-17 04:00:00+00:00,2022-09-29 19:00:00+00:00,2022-09-29 15:00:00-04:00,304,67.0,80.54382207893141,boost_5y_no_dew_pressure,True
2022-09-17 04:00:00+00:00,2022-09-29 20:00:00+00:00,2022-09-29 16:00:00-04:00,305,66.0,80.15433600878809,boost_5y_no_dew_pressure,True
2022-09-17 04:00:00+00:00,2022-09-29 21:00:00+00:00,2022-09-29 17:00:00-04:00,306,65.0,78.52201915255765,boost_5y_no_dew_pressure,True
2022-09-17 04:00:00+00:00,2022-09-29 22:00:00+00:00,2022-09-29 18:00:00-04:00,307,64.0,74.79853780926453,boost_5y_no_dew_pressure,True
2022-09-17 04:00:00+00:00,2022-09-29 23:00:00+00:00,2022-09-29 19:00:00-04:00,308,63.0,71.30491582778882,boost_5y_no_dew_pressure,True
2022-09-17 04:00:00+00:00,2022-09-30 00:00:00+00:00,2022-09-29 20:00:00-04:00,309,63.0,69.3848130753532,boost_5y_no_dew_pressure,True
2022-09-17 04:00:00+00:00,2022-09-30 01:00:00+00:00,2022-09-29 21:00:00-04:00,310,62.0,67.98612879684934,boost_5y_no_dew_pressure,True
2022-09-17 04:00:00+00:00,2022-09-30 02:00:00+00:00,2022-09-29 22:00:00-04:00,311,62.0,67.33225116696137,boost_5y_no_dew_pressure,True
2022-09-17 04:00:00+00:00,2022-09-30 03:00:00+00:00,2022-09-29 23:00:00-04:00,312,62.0,66.62674244024096,boost_5y_no_dew_pressure,True
2022-09-17 04:00:00+00:00,2022-09-30 04:00:00+00:00,2022-09-30 00:00:00-04:00,313,61.0,65.60224711183486,boost_5y_no_dew_pressure,True
2022-09-17 04:00:00+00:00,2022-09-30 05:00:00+00:00,2022-09-30 01:00:00-04:00,314,61.0,64.46851497413014,boost_5y_no_dew_pressure,True
2022-09-17 04:00:00+00:00,2022-09-30 06:00:00+00:00,2022-09-30 02:00:00-04:00,315,61.0,63.951048890091826,boost_5y_no_dew_pressure,True
2022-09-17 04:00:00+00:00,2022-09-30 07:00:00+00:00,2022-09-30 03:00:00-04:00,316,58.0,63.07062063637556,boost_5y_no_dew_pressure,True
2022-09-17 04:00:00+00:00,2022-09-30 08:00:00+00:00,2022-09-30 04:00:00-04:00,317,57.0,62.7501982895128,boost_5y_no_dew_pressure,True
2022-09-17 04:00:00+00:00,2022-09-30 09:00:00+00:00,2022-09-30 05:00:00-04:00,318,56.0,62.18240127567521,boost_5y_no_dew_pressure,True
2022-09-17 04:00:00+00:00,2022-09-30 10:00:00+00:00,2022-09-30 06:00:00-04:00,319,56.0,61.82288168343604,boost_5y_no_dew_pressure,True
2022-09-17 04:00:00+00:00,2022-09-30 11:00:00+00:00,2022-09-30 07:00:00-04:00,320,56.0,62.77331369500069,boost_5y_no_dew_pressure,True
2022-09-17 04:00:00+00:00,2022-09-30 12:00:00+00:00,2022-09-30 08:00:00-04:00,321,57.0,66.42612683148116,boost_5y_no_dew_pressure,True
2022-09-17 04:00:00+00:00,2022-09-30 13:00:00+00:00,2022-09-30 09:00:00-04:00,322,57.0,70.11807404210687,boost_5y_no_dew_pressure,True
2022-09-17 04:00:00+00:00,2022-09-30 14:00:00+00:00,2022-09-30 10:00:00-04:00,323,58.0,73.68833914921768,boost_5y_no_dew_pressure,True
2022-09-17 04:00:00+00:00,2022-09-30 15:00:00+00:00,2022-09-30 11:00:00-04:00,324,59.0,76.248040223196,boost_5y_no_dew_pressure,True
2022-09-17 04:00:00+00:00,2022-09-30 16:00:00+00:00,2022-09-30 12:00:00-04:00,325,59.0,78.14348801565389,boost_5y_no_dew_pressure,True
2022-09-17 04:00:00+00:00,2022-09-30 17:00:00+00:00,2022-09-30 13:00:00-04:00,326,59.0,79.71467444515886,boost_5y_no_dew_pressure,True
2022-09-17 04:00:00+00:00,2022-09-30 18:00:00+00:00,2022-09-30 14:00:00-04:00,327,60.0,80.52066119854346,boost_5y_no_dew_pressure,True
2022-09-17 04:00:00+00:00,2022-09-30 19:00:00+00:00,2022-09-30 15:00:00-04:00,328,60.0,80.51923789785836,boost_5y_no_dew_pressure,True
2022-09-17 04:00:00+00:00,2022-09-30 20:00:00+00:00,2022-09-30 16:00:00-04:00,329,61.0,80.02624779898288,boost_5y_no_dew_pressure,True
2022-09-17 04:00:00+00:00,2022-09-30 21:00:00+00:00,2022-09-30 17:00:00-04:00,330,61.0,78.38315089834488,boost_5y_no_dew_pressure,True
2022-09-17 04:00:00+00:00,2022-09-30 22:00:00+00:00,2022-09-30 18:00:00-04:00,331,61.0,74.63455394173519,boost_5y_no_dew_pressure,True
2022-09-17 04:00:00+00:00,2022-09-30 23:00:00+00:00,2022-09-30 19:00:00-04:00,332,61.0,71.16458060770395,boost_5y_no_dew_pressure,True
2022-09-17 04:00:00+00:00,2022-10-01 00:00:00+00:00,2022-09-30 20:00:00-04:00,333,60.0,69.30052047861516,boost_5y_no_dew_pressure,True
2022-09-17 04:00:00+00:00,2022-10-01 01:00:00+00:00,2022-09-30 21:00:00-04:00,334,62.0,67.9989784023255,boost_5y_no_dew_pressure,True
2022-09-17 04:00:00+00:00,2022-10-01 02:00:00+00:00,2022-09-30 22:00:00-04:00,335,65.0,67.27880858799288,boost_5y_no_dew_pressure,True
2022-09-17 04:00:00+00:00,2022-10-01 03:00:00+00:00,2022-09-30 23:00:00-04:00,336,67.0,66.63985544233978,boost_5y_no_dew_pressure,True
2022-09-24 04:00:00+00:00,2022-09-24 04:00:00+00:00,2022-09-24 00:00:00-04:00,1,48.0,57.7663205204717,boost_5y_no_dew_pressure,True
2022-09-24 04:00:00+00:00,2022-09-24 05:00:00+00:00,2022-09-24 01:00:00-04:00,2,52.0,56.99777157868247,boost_5y_no_dew_pressure,True
2022-09-24 04:00:00+00:00,2022-09-24 06:00:00+00:00,2022-09-24 02:00:00-04:00,3,49.0,56.5208348336818,boost_5y_no_dew_pressure,True
2022-09-24 04:00:00+00:00,2022-09-24 07:00:00+00:00,2022-09-24 03:00:00-04:00,4,51.0,55.986237430176175,boost_5y_no_dew_pressure,True
2022-09-24 04:00:00+00:00,2022-09-24 08:00:00+00:00,2022-09-24 04:00:00-04:00,5,52.0,55.479775749743375,boost_5y_no_dew_pressure,True
2022-09-24 04:00:00+00:00,2022-09-24 09:00:00+00:00,2022-09-24 05:00:00-04:00,6,52.0,55.083780694629304,boost_5y_no_dew_pressure,True
2022-09-24 04:00:00+00:00,2022-09-24 10:00:00+00:00,2022-09-24 06:00:00-04:00,7,52.0,54.87319174816512,boost_5y_no_dew_pressure,True
2022-09-24 04:00:00+00:00,2022-09-24 11:00:00+00:00,2022-09-24 07:00:00-04:00,8,55.0,56.5121354285489,boost_5y_no_dew_pressure,True
2022-09-24 04:00:00+00:00,2022-09-24 12:00:00+00:00,2022-09-24 08:00:00-04:00,9,60.0,60.21310774274065,boost_5y_no_dew_pressure,True
2022-09-24 04:00:00+00:00,2022-09-24 13:00:00+00:00,2022-09-24 09:00:00-04:00,10,63.0,63.88036825953333,boost_5y_no_dew_pressure,True
2022-09-24 04:00:00+00:00,2022-09-24 14:00:00+00:00,2022-09-24 10:00:00-04:00,11,65.0,67.6303689134912,boost_5y_no_dew_pressure,True
2022-09-24 04:00:00+00:00,2022-09-24 15:00:00+00:00,2022-09-24 11:00:00-04:00,12,69.0,70.16448938393455,boost_5y_no_dew_pressure,True
2022-09-24 04:00:00+00:00,2022-09-24 16:00:00+00:00,2022-09-24 12:00:00-04:00,13,74.0,72.555708337628,boost_5y_no_dew_pressure,True
2022-09-24 04:00:00+00:00,2022-09-24 17:00:00+00:00,2022-09-24 13:00:00-04:00,14,74.0,74.012042070006,boost_5y_no_dew_pressure,True
2022-09-24 04:00:00+00:00,2022-09-24 18:00:00+00:00,2022-09-24 14:00:00-04:00,15,72.0,74.78180808659017,boost_5y_no_dew_pressure,True
2022-09-24 04:00:00+00:00,2022-09-24 19:00:00+00:00,2022-09-24 15:00:00-04:00,16,73.0,74.8485404899699,boost_5y_no_dew_pressure,True
2022-09-24 04:00:00+00:00,2022-09-24 20:00:00+00:00,2022-09-24 16:00:00-04:00,17,75.0,75.01691487113646,boost_5y_no_dew_pressure,True
2022-09-24 04:00:00+00:00,2022-09-24 21:00:00+00:00,2022-09-24 17:00:00-04:00,18,72.0,73.73519234709697,boost_5y_no_dew_pressure,True
2022-09-24 04:00:00+00:00,2022-09-24 22:00:00+00:00,2022-09-24 18:00:00-04:00,19,70.0,70.34391824199216,boost_5y_no_dew_pressure,True
2022-09-24 04:00:00+00:00,2022-09-24 23:00:00+00:00,2022-09-24 19:00:00-04:00,20,69.0,65.980820259799,boost_5y_no_dew_pressure,True
2022-09-24 04:00:00+00:00,2022-09-25 00:00:00+00:00,2022-09-24 20:00:00-04:00,21,69.0,64.06788801567477,boost_5y_no_dew_pressure,True
2022-09-24 04:00:00+00:00,2022-09-25 01:00:00+00:00,2022-09-24 21:00:00-04:00,22,68.0,63.226317149208796,boost_5y_no_dew_pressure,True
2022-09-24 04:00:00+00:00,2022-09-25 02:00:00+00:00,2022-09-24 22:00:00-04:00,23,67.0,61.943081146619164,boost_5y_no_dew_pressure,True
2022-09-24 04:00:00+00:00,2022-09-25 03:00:00+00:00,2022-09-24 23:00:00-04:00,24,66.0,60.6877398712672,boost_5y_no_dew_pressure,True
2022-09-24 04:00:00+00:00,2022-09-25 04:00:00+00:00,2022-09-25 00:00:00-04:00,25,64.0,60.234534218291714,boost_5y_no_dew_pressure,True
2022-09-24 04:00:00+00:00,2022-09-25 05:00:00+00:00,2022-09-25 01:00:00-04:00,26,62.0,59.41272319626145,boost_5y_no_dew_pressure,True
2022-09-24 04:00:00+00:00,2022-09-25 06:00:00+00:00,2022-09-25 02:00:00-04:00,27,65.0,58.82974177023109,boost_5y_no_dew_pressure,True
2022-09-24 04:00:00+00:00,2022-09-25 07:00:00+00:00,2022-09-25 03:00:00-04:00,28,66.0,58.07313020897318,boost_5y_no_dew_pressure,True
2022-09-24 04:00:00+00:00,2022-09-25 08:00:00+00:00,2022-09-25 04:00:00-04:00,29,65.0,57.808223722305385,boost_5y_no_dew_pressure,True
2022-09-24 04:00:00+00:00,2022-09-25 09:00:00+00:00,2022-09-25 05:00:00-04:00,30,62.0,57.394396698005785,boost_5y_no_dew_pressure,True
2022-09-24 04:00:00+00:00,2022-09-25 10:00:00+00:00,2022-09-25 06:00:00-04:00,31,61.0,57.48467542697105,boost_5y_no_dew_pressure,True
2022-09-24 04:00:00+00:00,2022-09-25 11:00:00+00:00,2022-09-25 07:00:00-04:00,32,64.0,58.539561072710114,boost_5y_no_dew_pressure,True
2022-09-24 04:00:00+00:00,2022-09-25 12:00:00+00:00,2022-09-25 08:00:00-04:00,33,68.0,62.32690168674672,boost_5y_no_dew_pressure,True
2022-09-24 04:00:00+00:00,2022-09-25 13:00:00+00:00,2022-09-25 09:00:00-04:00,34,71.0,65.47053098806965,boost_5y_no_dew_pressure,True
2022-09-24 04:00:00+00:00,2022-09-25 14:00:00+00:00,2022-09-25 10:00:00-04:00,35,77.0,68.69106470648762,boost_5y_no_dew_pressure,True
2022-09-24 04:00:00+00:00,2022-09-25 15:00:00+00:00,2022-09-25 11:00:00-04:00,36,82.0,70.96564172519578,boost_5y_no_dew_pressure,True
2022-09-24 04:00:00+00:00,2022-09-25 16:00:00+00:00,2022-09-25 12:00:00-04:00,37,83.0,73.19932299381813,boost_5y_no_dew_pressure,True
2022-09-24 04:00:00+00:00,2022-09-25 17:00:00+00:00,2022-09-25 13:00:00-04:00,38,81.0,74.67271047060773,boost_5y_no_dew_pressure,True
2022-09-24 04:00:00+00:00,2022-09-25 18:00:00+00:00,2022-09-25 14:00:00-04:00,39,83.0,75.56608171404875,boost_5y_no_dew_pressure,True
2022-09-24 04:00:00+00:00,2022-09-25 19:00:00+00:00,2022-09-25 15:00:00-04:00,40,79.0,75.55698520216819,boost_5y_no_dew_pressure,True
2022-09-24 04:00:00+00:00,2022-09-25 20:00:00+00:00,2022-09-25 16:00:00-04:00,41,80.0,75.55648836465211,boost_5y_no_dew_pressure,True
2022-09-24 04:00:00+00:00,2022-09-25 21:00:00+00:00,2022-09-25 17:00:00-04:00,42,78.0,74.23350849424631,boost_5y_no_dew_pressure,True
2022-09-24 04:00:00+00:00,2022-09-25 22:00:00+00:00,2022-09-25 18:00:00-04:00,43,77.0,70.88451825965444,boost_5y_no_dew_pressure,True
2022-09-24 04:00:00+00:00,2022-09-25 23:00:00+00:00,2022-09-25 19:00:00-04:00,44,74.0,67.18074527765677,boost_5y_no_dew_pressure,True
2022-09-24 04:00:00+00:00,2022-09-26 00:00:00+00:00,2022-09-25 20:00:00-04:00,45,74.0,65.25049515856618,boost_5y_no_dew_pressure,True
2022-09-24 04:00:00+00:00,2022-09-26 01:00:00+00:00,2022-09-25 21:00:00-04:00,46,70.0,64.3021510393417,boost_5y_no_dew_pressure,True
2022-09-24 04:00:00+00:00,2022-09-26 02:00:00+00:00,2022-09-25 22:00:00-04:00,47,70.0,63.27480064678343,boost_5y_no_dew_pressure,True
2022-09-24 04:00:00+00:00,2022-09-26 03:00:00+00:00,2022-09-25 23:00:00-04:00,48,70.0,62.07972350623646,boost_5y_no_dew_pressure,True
2022-09-24 04:00:00+00:00,2022-09-26 04:00:00+00:00,2022-09-26 00:00:00-04:00,49,68.0,61.91395302037076,boost_5y_no_dew_pressure,True
2022-09-24 04:00:00+00:00,2022-09-26 05:00:00+00:00,2022-09-26 01:00:00-04:00,50,66.0,60.98566767888389,boost_5y_no_dew_pressure,True
2022-09-24 04:00:00+00:00,2022-09-26 06:00:00+00:00,2022-09-26 02:00:00-04:00,51,63.0,60.29145232841281,boost_5y_no_dew_pressure,True
2022-09-24 04:00:00+00:00,2022-09-26 07:00:00+00:00,2022-09-26 03:00:00-04:00,52,64.0,59.52344794510505,boost_5y_no_dew_pressure,True
2022-09-24 04:00:00+00:00,2022-09-26 08:00:00+00:00,2022-09-26 04:00:00-04:00,53,64.0,59.16615811324215,boost_5y_no_dew_pressure,True
2022-09-24 04:00:00+00:00,2022-09-26 09:00:00+00:00,2022-09-26 05:00:00-04:00,54,62.0,58.588971033934634,boost_5y_no_dew_pressure,True
2022-09-24 04:00:00+00:00,2022-09-26 10:00:00+00:00,2022-09-26 06:00:00-04:00,55,60.0,58.1511323621677,boost_5y_no_dew_pressure,True
2022-09-24 04:00:00+00:00,2022-09-26 11:00:00+00:00,2022-09-26 07:00:00-04:00,56,63.0,59.45847593758377,boost_5y_no_dew_pressure,True
2022-09-24 04:00:00+00:00,2022-09-26 12:00:00+00:00,2022-09-26 08:00:00-04:00,57,68.0,63.15361384192003,boost_5y_no_dew_pressure,True
2022-09-24 04:00:00+00:00,2022-09-26 13:00:00+00:00,2022-09-26 09:00:00-04:00,58,74.0,66.8366741597133,boost_5y_no_dew_pressure,True
2022-09-24 04:00:00+00:00,2022-09-26 14:00:00+00:00,2022-09-26 10:00:00-04:00,59,75.0,70.16717051890562,boost_5y_no_dew_pressure,True
2022-09-24 04:00:00+00:00,2022-09-26 15:00:00+00:00,2022-09-26 11:00:00-04:00,60,78.0,72.44224109607175,boost_5y_no_dew_pressure,True
2022-09-24 04:00:00+00:00,2022-09-26 16:00:00+00:00,2022-09-26 12:00:00-04:00,61,79.0,74.65843653702353,boost_5y_no_dew_pressure,True
2022-09-24 04:00:00+00:00,2022-09-26 17:00:00+00:00,2022-09-26 13:00:00-04:00,62,84.0,76.07278225761871,boost_5y_no_dew_pressure,True
2022-09-24 04:00:00+00:00,2022-09-26 18:00:00+00:00,2022-09-26 14:00:00-04:00,63,86.0,77.00831784348152,boost_5y_no_dew_pressure,True
2022-09-24 04:00:00+00:00,2022-09-26 19:00:00+00:00,2022-09-26 15:00:00-04:00,64,83.0,76.96801835991755,boost_5y_no_dew_pressure,True
2022-09-24 04:00:00+00:00,2022-09-26 20:00:00+00:00,2022-09-26 16:00:00-04:00,65,85.0,76.8906992485257,boost_5y_no_dew_pressure,True
2022-09-24 04:00:00+00:00,2022-09-26 21:00:00+00:00,2022-09-26 17:00:00-04:00,66,82.0,75.53308099690645,boost_5y_no_dew_pressure,True
2022-09-24 04:00:00+00:00,2022-09-26 22:00:00+00:00,2022-09-26 18:00:00-04:00,67,79.0,71.95928856459575,boost_5y_no_dew_pressure,True
2022-09-24 04:00:00+00:00,2022-09-26 23:00:00+00:00,2022-09-26 19:00:00-04:00,68,75.0,68.37331347329845,boost_5y_no_dew_pressure,True
2022-09-24 04:00:00+00:00,2022-09-27 00:00:00+00:00,2022-09-26 20:00:00-04:00,69,68.0,66.39620991927491,boost_5y_no_dew_pressure,True
2022-09-24 04:00:00+00:00,2022-09-27 01:00:00+00:00,2022-09-26 21:00:00-04:00,70,66.0,65.40243540270907,boost_5y_no_dew_pressure,True
2022-09-24 04:00:00+00:00,2022-09-27 02:00:00+00:00,2022-09-26 22:00:00-04:00,71,62.0,64.33796523497816,boost_5y_no_dew_pressure,True
2022-09-24 04:00:00+00:00,2022-09-27 03:00:00+00:00,2022-09-26 23:00:00-04:00,72,60.0,63.351938946622205,boost_5y_no_dew_pressure,True
2022-09-24 04:00:00+00:00,2022-09-27 04:00:00+00:00,2022-09-27 00:00:00-04:00,73,59.0,63.2762666929562,boost_5y_no_dew_pressure,True
2022-09-24 04:00:00+00:00,2022-09-27 05:00:00+00:00,2022-09-27 01:00:00-04:00,74,58.0,62.27309920804063,boost_5y_no_dew_pressure,True
2022-09-24 04:00:00+00:00,2022-09-27 06:00:00+00:00,2022-09-27 02:00:00-04:00,75,56.0,61.758704940375615,boost_5y_no_dew_pressure,True
2022-09-24 04:00:00+00:00,2022-09-27 07:00:00+00:00,2022-09-27 03:00:00-04:00,76,57.0,60.836255772535296,boost_5y_no_dew_pressure,True
2022-09-24 04:00:00+00:00,2022-09-27 08:00:00+00:00,2022-09-27 04:00:00-04:00,77,56.0,60.498283864029844,boost_5y_no_dew_pressure,True
2022-09-24 04:00:00+00:00,2022-09-27 09:00:00+00:00,2022-09-27 05:00:00-04:00,78,55.0,60.02649088618664,boost_5y_no_dew_pressure,True
2022-09-24 04:00:00+00:00,2022-09-27 10:00:00+00:00,2022-09-27 06:00:00-04:00,79,55.0,59.974629588401534,boost_5y_no_dew_pressure,True
2022-09-24 04:00:00+00:00,2022-09-27 11:00:00+00:00,2022-09-27 07:00:00-04:00,80,57.0,60.9202206452244,boost_5y_no_dew_pressure,True
2022-09-24 04:00:00+00:00,2022-09-27 12:00:00+00:00,2022-09-27 08:00:00-04:00,81,64.0,64.63201387298295,boost_5y_no_dew_pressure,True
2022-09-24 04:00:00+00:00,2022-09-27 13:00:00+00:00,2022-09-27 09:00:00-04:00,82,69.0,68.50842883578672,boost_5y_no_dew_pressure,True
2022-09-24 04:00:00+00:00,2022-09-27 14:00:00+00:00,2022-09-27 10:00:00-04:00,83,73.0,71.96977208236133,boost_5y_no_dew_pressure,True
2022-09-24 04:00:00+00:00,2022-09-27 15:00:00+00:00,2022-09-27 11:00:00-04:00,84,74.0,74.32247313122552,boost_5y_no_dew_pressure,True
2022-09-24 04:00:00+00:00,2022-09-27 16:00:00+00:00,2022-09-27 12:00:00-04:00,85,76.0,76.50106293910778,boost_5y_no_dew_pressure,True
2022-09-24 04:00:00+00:00,2022-09-27 17:00:00+00:00,2022-09-27 13:00:00-04:00,86,77.0,77.9202758290106,boost_5y_no_dew_pressure,True
2022-09-24 04:00:00+00:00,2022-09-27 18:00:00+00:00,2022-09-27 14:00:00-04:00,87,79.0,78.84706466829029,boost_5y_no_dew_pressure,True
2022-09-24 04:00:00+00:00,2022-09-27 19:00:00+00:00,2022-09-27 15:00:00-04:00,88,79.0,78.68825413621099,boost_5y_no_dew_pressure,True
2022-09-24 04:00:00+00:00,2022-09-27 20:00:00+00:00,2022-09-27 16:00:00-04:00,89,79.0,78.37791239922592,boost_5y_no_dew_pressure,True
2022-09-24 04:00:00+00:00,2022-09-27 21:00:00+00:00,2022-09-27 17:00:00-04:00,90,76.0,76.88696760259391,boost_5y_no_dew_pressure,True
2022-09-24 04:00:00+00:00,2022-09-27 22:00:00+00:00,2022-09-27 18:00:00-04:00,91,73.0,73.44752249418785,boost_5y_no_dew_pressure,True
2022-09-24 04:00:00+00:00,2022-09-27 23:00:00+00:00,2022-09-27 19:00:00-04:00,92,68.0,69.65032673720509,boost_5y_no_dew_pressure,True
2022-09-24 04:00:00+00:00,2022-09-28 00:00:00+00:00,2022-09-27 20:00:00-04:00,93,65.0,67.63712814065734,boost_5y_no_dew_pressure,True
2022-09-24 04:00:00+00:00,2022-09-28 01:00:00+00:00,2022-09-27 21:00:00-04:00,94,59.0,66.43844781232518,boost_5y_no_dew_pressure,True
2022-09-24 04:00:00+00:00,2022-09-28 02:00:00+00:00,2022-09-27 22:00:00-04:00,95,63.0,65.54292860110937,boost_5y_no_dew_pressure,True
2022-09-24 04:00:00+00:00,2022-09-28 03:00:00+00:00,2022-09-27 23:00:00-04:00,96,60.0,64.67173820319302,boost_5y_no_dew_pressure,True
2022-09-24 04:00:00+00:00,2022-09-28 04:00:00+00:00,2022-09-28 00:00:00-04:00,97,58.0,64.1103163270405,boost_5y_no_dew_pressure,True
2022-09-24 04:00:00+00:00,2022-09-28 05:00:00+00:00,2022-09-28 01:00:00-04:00,98,58.0,63.09251850602086,boost_5y_no_dew_pressure,True
2022-09-24 04:00:00+00:00,2022-09-28 06:00:00+00:00,2022-09-28 02:00:00-04:00,99,57.0,62.531620577087345,boost_5y_no_dew_pressure,True
2022-09-24 04:00:00+00:00,2022-09-28 07:00:00+00:00,2022-09-28 03:00:00-04:00,100,52.0,61.82605199016728,boost_5y_no_dew_pressure,True
2022-09-24 04:00:00+00:00,2022-09-28 08:00:00+00:00,2022-09-28 04:00:00-04:00,101,53.0,61.51222107666374,boost_5y_no_dew_pressure,True
2022-09-24 04:00:00+00:00,2022-09-28 09:00:00+00:00,2022-09-28 05:00:00-04:00,102,48.0,60.99812116856028,boost_5y_no_dew_pressure,True
2022-09-24 04:00:00+00:00,2022-09-28 10:00:00+00:00,2022-09-28 06:00:00-04:00,103,48.0,60.86457565296529,boost_5y_no_dew_pressure,True
2022-09-24 04:00:00+00:00,2022-09-28 11:00:00+00:00,2022-09-28 07:00:00-04:00,104,51.0,61.86278660928799,boost_5y_no_dew_pressure,True
2022-09-24 04:00:00+00:00,2022-09-28 12:00:00+00:00,2022-09-28 08:00:00-04:00,105,58.0,65.435018437617,boost_5y_no_dew_pressure,True
2022-09-24 04:00:00+00:00,2022-09-28 13:00:00+00:00,2022-09-28 09:00:00-04:00,106,60.0,69.42592430836767,boost_5y_no_dew_pressure,True
2022-09-24 04:00:00+00:00,2022-09-28 14:00:00+00:00,2022-09-28 10:00:00-04:00,107,65.0,72.93164833653661,boost_5y_no_dew_pressure,True
2022-09-24 04:00:00+00:00,2022-09-28 15:00:00+00:00,2022-09-28 11:00:00-04:00,108,68.0,75.38540753299077,boost_5y_no_dew_pressure,True
2022-09-24 04:00:00+00:00,2022-09-28 16:00:00+00:00,2022-09-28 12:00:00-04:00,109,69.0,77.448020937969,boost_5y_no_dew_pressure,True
2022-09-24 04:00:00+00:00,2022-09-28 17:00:00+00:00,2022-09-28 13:00:00-04:00,110,71.0,78.95374918692686,boost_5y_no_dew_pressure,True
2022-09-24 04:00:00+00:00,2022-09-28 18:00:00+00:00,2022-09-28 14:00:00-04:00,111,71.0,79.85111617108362,boost_5y_no_dew_pressure,True
2022-09-24 04:00:00+00:00,2022-09-28 19:00:00+00:00,2022-09-28 15:00:00-04:00,112,71.0,79.59680172785245,boost_5y_no_dew_pressure,True
2022-09-24 04:00:00+00:00,2022-09-28 20:00:00+00:00,2022-09-28 16:00:00-04:00,113,70.0,79.08886780347436,boost_5y_no_dew_pressure,True
2022-09-24 04:00:00+00:00,2022-09-28 21:00:00+00:00,2022-09-28 17:00:00-04:00,114,68.0,77.50638696855387,boost_5y_no_dew_pressure,True
2022-09-24 04:00:00+00:00,2022-09-28 22:00:00+00:00,2022-09-28 18:00:00-04:00,115,65.0,73.91180347844404,boost_5y_no_dew_pressure,True
2022-09-24 04:00:00+00:00,2022-09-28 23:00:00+00:00,2022-09-28 19:00:00-04:00,116,63.0,70.42642232332581,boost_5y_no_dew_pressure,True
2022-09-24 04:00:00+00:00,2022-09-29 00:00:00+00:00,2022-09-28 20:00:00-04:00,117,61.0,68.42556077886464,boost_5y_no_dew_pressure,True
2022-09-24 04:00:00+00:00,2022-09-29 01:00:00+00:00,2022-09-28 21:00:00-04:00,118,60.0,67.13185797724745,boost_5y_no_dew_pressure,True
2022-09-24 04:00:00+00:00,2022-09-29 02:00:00+00:00,2022-09-28 22:00:00-04:00,119,60.0,66.33068273059372,boost_5y_no_dew_pressure,True
2022-09-24 04:00:00+00:00,2022-09-29 03:00:00+00:00,2022-09-28 23:00:00-04:00,120,58.0,65.53903574675932,boost_5y_no_dew_pressure,True
2022-09-24 04:00:00+00:00,2022-09-29 04:00:00+00:00,2022-09-29 00:00:00-04:00,121,59.0,65.10830482629196,boost_5y_no_dew_pressure,True
2022-09-24 04:00:00+00:00,2022-09-29 05:00:00+00:00,2022-09-29 01:00:00-04:00,122,57.0,64.0897073895244,boost_5y_no_dew_pressure,True
2022-09-24 04:00:00+00:00,2022-09-29 06:00:00+00:00,2022-09-29 02:00:00-04:00,123,56.0,63.519547798971445,boost_5y_no_dew_pressure,True
2022-09-24 04:00:00+00:00,2022-09-29 07:00:00+00:00,2022-09-29 03:00:00-04:00,124,57.0,62.668536986435534,boost_5y_no_dew_pressure,True
2022-09-24 04:00:00+00:00,2022-09-29 08:00:00+00:00,2022-09-29 04:00:00-04:00,125,56.0,62.31586739373656,boost_5y_no_dew_pressure,True
2022-09-24 04:00:00+00:00,2022-09-29 09:00:00+00:00,2022-09-29 05:00:00-04:00,126,55.0,61.82507034857224,boost_5y_no_dew_pressure,True
2022-09-24 04:00:00+00:00,2022-09-29 10:00:00+00:00,2022-09-29 06:00:00-04:00,127,54.0,61.54356882313593,boost_5y_no_dew_pressure,True
2022-09-24 04:00:00+00:00,2022-09-29 11:00:00+00:00,2022-09-29 07:00:00-04:00,128,55.0,62.451700827243414,boost_5y_no_dew_pressure,True
2022-09-24 04:00:00+00:00,2022-09-29 12:00:00+00:00,2022-09-29 08:00:00-04:00,129,57.0,66.06178288639062,boost_5y_no_dew_pressure,True
2022-09-24 04:00:00+00:00,2022-09-29 13:00:00+00:00,2022-09-29 09:00:00-04:00,130,60.0,69.77660921515964,boost_5y_no_dew_pressure,True
2022-09-24 04:00:00+00:00,2022-09-29 14:00:00+00:00,2022-09-29 10:00:00-04:00,131,64.0,73.36342342693354,boost_5y_no_dew_pressure,True
2022-09-24 04:00:00+00:00,2022-09-29 15:00:00+00:00,2022-09-29 11:00:00-04:00,132,65.0,75.89080967553338,boost_5y_no_dew_pressure,True
2022-09-24 04:00:00+00:00,2022-09-29 16:00:00+00:00,2022-09-29 12:00:00-04:00,133,66.0,77.86317414787672,boost_5y_no_dew_pressure,True
2022-09-24 04:00:00+00:00,2022-09-29 17:00:00+00:00,2022-09-29 13:00:00-04:00,134,67.0,79.37393489886912,boost_5y_no_dew_pressure,True
2022-09-24 04:00:00+00:00,2022-09-29 18:00:00+00:00,2022-09-29 14:00:00-04:00,135,67.0,80.1924357460767,boost_5y_no_dew_pressure,True
2022-09-24 04:00:00+00:00,2022-09-29 19:00:00+00:00,2022-09-29 15:00:00-04:00,136,67.0,80.0759001029828,boost_5y_no_dew_pressure,True
2022-09-24 04:00:00+00:00,2022-09-29 20:00:00+00:00,2022-09-29 16:00:00-04:00,137,66.0,79.51532415304729,boost_5y_no_dew_pressure,True
2022-09-24 04:00:00+00:00,2022-09-29 21:00:00+00:00,2022-09-29 17:00:00-04:00,138,65.0,77.92589877840624,boost_5y_no_dew_pressure,True
2022-09-24 04:00:00+00:00,2022-09-29 22:00:00+00:00,2022-09-29 18:00:00-04:00,139,64.0,74.1546358473171,boost_5y_no_dew_pressure,True
2022-09-24 04:00:00+00:00,2022-09-29 23:00:00+00:00,2022-09-29 19:00:00-04:00,140,63.0,70.5106061193417,boost_5y_no_dew_pressure,True
2022-09-24 04:00:00+00:00,2022-09-30 00:00:00+00:00,2022-09-29 20:00:00-04:00,141,63.0,68.61529707272699,boost_5y_no_dew_pressure,True
2022-09-24 04:00:00+00:00,2022-09-30 01:00:00+00:00,2022-09-29 21:00:00-04:00,142,62.0,67.36819196371104,boost_5y_no_dew_pressure,True
2022-09-24 04:00:00+00:00,2022-09-30 02:00:00+00:00,2022-09-29 22:00:00-04:00,143,62.0,66.6806306031012,boost_5y_no_dew_pressure,True
2022-09-24 04:00:00+00:00,2022-09-30 03:00:00+00:00,2022-09-29 23:00:00-04:00,144,62.0,65.86997150184875,boost_5y_no_dew_pressure,True
2022-09-24 04:00:00+00:00,2022-09-30 04:00:00+00:00,2022-09-30 00:00:00-04:00,145,61.0,65.20091920483208,boost_5y_no_dew_pressure,True
2022-09-24 04:00:00+00:00,2022-09-30 05:00:00+00:00,2022-09-30 01:00:00-04:00,146,61.0,64.07198691565577,boost_5y_no_dew_pressure,True
2022-09-24 04:00:00+00:00,2022-09-30 06:00:00+00:00,2022-09-30 02:00:00-04:00,147,61.0,63.57473111049411,boost_5y_no_dew_pressure,True
2022-09-24 04:00:00+00:00,2022-09-30 07:00:00+00:00,2022-09-30 03:00:00-04:00,148,58.0,62.67521499635472,boost_5y_no_dew_pressure,True
2022-09-24 04:00:00+00:00,2022-09-30 08:00:00+00:00,2022-09-30 04:00:00-04:00,149,57.0,62.37247633599642,boost_5y_no_dew_pressure,True
2022-09-24 04:00:00+00:00,2022-09-30 09:00:00+00:00,2022-09-30 05:00:00-04:00,150,56.0,61.86354316261604,boost_5y_no_dew_pressure,True
2022-09-24 04:00:00+00:00,2022-09-30 10:00:00+00:00,2022-09-30 06:00:00-04:00,151,56.0,61.5180514868734,boost_5y_no_dew_pressure,True
2022-09-24 04:00:00+00:00,2022-09-30 11:00:00+00:00,2022-09-30 07:00:00-04:00,152,56.0,62.36212823279152,boost_5y_no_dew_pressure,True
2022-09-24 04:00:00+00:00,2022-09-30 12:00:00+00:00,2022-09-30 08:00:00-04:00,153,57.0,65.9848628311977,boost_5y_no_dew_pressure,True
2022-09-24 04:00:00+00:00,2022-09-30 13:00:00+00:00,2022-09-30 09:00:00-04:00,154,57.0,69.59625869260394,boost_5y_no_dew_pressure,True
2022-09-24 04:00:00+00:00,2022-09-30 14:00:00+00:00,2022-09-30 10:00:00-04:00,155,58.0,73.17716120202316,boost_5y_no_dew_pressure,True
2022-09-24 04:00:00+00:00,2022-09-30 15:00:00+00:00,2022-09-30 11:00:00-04:00,156,59.0,75.73552835552594,boost_5y_no_dew_pressure,True
2022-09-24 04:00:00+00:00,2022-09-30 16:00:00+00:00,2022-09-30 12:00:00-04:00,157,59.0,77.68226305675267,boost_5y_no_dew_pressure,True
2022-09-24 04:00:00+00:00,2022-09-30 17:00:00+00:00,2022-09-30 13:00:00-04:00,158,59.0,79.11638935763169,boost_5y_no_dew_pressure,True
2022-09-24 04:00:00+00:00,2022-09-30 18:00:00+00:00,2022-09-30 14:00:00-04:00,159,60.0,79.87819290985344,boost_5y_no_dew_pressure,True
2022-09-24 04:00:00+00:00,2022-09-30 19:00:00+00:00,2022-09-30 15:00:00-04:00,160,60.0,79.88260262467833,boost_5y_no_dew_pressure,True
2022-09-24 04:00:00+00:00,2022-09-30 20:00:00+00:00,2022-09-30 16:00:00-04:00,161,61.0,79.36420488574016,boost_5y_no_dew_pressure,True
2022-09-24 04:00:00+00:00,2022-09-30 21:00:00+00:00,2022-09-30 17:00:00-04:00,162,61.0,77.67472928956025,boost_5y_no_dew_pressure,True
2022-09-24 04:00:00+00:00,2022-09-30 22:00:00+00:00,2022-09-30 18:00:00-04:00,163,61.0,73.87033747103438,boost_5y_no_dew_pressure,True
2022-09-24 04:00:00+00:00,2022-09-30 23:00:00+00:00,2022-09-30 19:00:00-04:00,164,61.0,70.29139579573909,boost_5y_no_dew_pressure,True
2022-09-24 04:00:00+00:00,2022-10-01 00:00:00+00:00,2022-09-30 20:00:00-04:00,165,60.0,68.46064673251759,boost_5y_no_dew_pressure,True
2022-09-24 04:00:00+00:00,2022-10-01 01:00:00+00:00,2022-09-30 21:00:00-04:00,166,62.0,67.26599429706096,boost_5y_no_dew_pressure,True
2022-09-24 04:00:00+00:00,2022-10-01 02:00:00+00:00,2022-09-30 22:00:00-04:00,167,65.0,66.56669310871303,boost_5y_no_dew_pressure,True
2022-09-24 04:00:00+00:00,2022-10-01 03:00:00+00:00,2022-09-30 23:00:00-04:00,168,67.0,65.86108017602281,boost_5y_no_dew_pressure,True
2022-09-24 04:00:00+00:00,2022-10-01 04:00:00+00:00,2022-10-01 00:00:00-04:00,169,66.0,64.85281110531695,boost_5y_no_dew_pressure,True
2022-09-24 04:00:00+00:00,2022-10-01 05:00:00+00:00,2022-10-01 01:00:00-04:00,170,64.0,63.86605947627285,boost_5y_no_dew_pressure,True
2022-09-24 04:00:00+00:00,2022-10-01 06:00:00+00:00,2022-10-01 02:00:00-04:00,171,63.0,63.34467887109676,boost_5y_no_dew_pressure,True
2022-09-24 04:00:00+00:00,2022-10-01 07:00:00+00:00,2022-10-01 03:00:00-04:00,172,61.0,62.58725397659433,boost_5y_no_dew_pressure,True
2022-09-24 04:00:00+00:00,2022-10-01 08:00:00+00:00,2022-10-01 04:00:00-04:00,173,60.0,62.31975142338258,boost_5y_no_dew_pressure,True
2022-09-24 04:00:00+00:00,2022-10-01 09:00:00+00:00,2022-10-01 05:00:00-04:00,174,59.0,61.83616090373535,boost_5y_no_dew_pressure,True
2022-09-24 04:00:00+00:00,2022-10-01 10:00:00+00:00,2022-10-01 06:00:00-04:00,175,59.0,61.47110774134048,boost_5y_no_dew_pressure,True
2022-09-24 04:00:00+00:00,2022-10-01 11:00:00+00:00,2022-10-01 07:00:00-04:00,176,58.0,62.2946039994726,boost_5y_no_dew_pressure,True
2022-09-24 04:00:00+00:00,2022-10-01 12:00:00+00:00,2022-10-01 08:00:00-04:00,177,58.0,65.78619710806993,boost_5y_no_dew_pressure,True
2022-09-24 04:00:00+00:00,2022-10-01 13:00:00+00:00,2022-10-01 09:00:00-04:00,178,60.0,69.4248942411153,boost_5y_no_dew_pressure,True
2022-09-24 04:00:00+00:00,2022-10-01 14:00:00+00:00,2022-10-01 10:00:00-04:00,179,61.0,72.95104097146525,boost_5y_no_dew_pressure,True
2022-09-24 04:00:00+00:00,2022-10-01 15:00:00+00:00,2022-10-01 11:00:00-04:00,180,62.0,75.47374325093115,boost_5y_no_dew_pressure,True
2022-09-24 04:00:00+00:00,2022-10-01 16:00:00+00:00,2022-10-01 12:00:00-04:00,181,62.0,77.3541478503905,boost_5y_no_dew_pressure,True
2022-09-24 04:00:00+00:00,2022-10-01 17:00:00+00:00,2022-10-01 13:00:00-04:00,182,64.0,78.87375648608163,boost_5y_no_dew_pressure,True
2022-09-24 04:00:00+00:00,2022-10-01 18:00:00+00:00,2022-10-01 14:00:00-04:00,183,66.0,79.61125646619998,boost_5y_no_dew_pressure,True
2022-09-24 04:00:00+00:00,2022-10-01 19:00:00+00:00,2022-10-01 15:00:00-04:00,184,64.0,79.67399760613336,boost_5y_no_dew_pressure,True
2022-09-24 04:00:00+00:00,2022-10-01 20:00:00+00:00,2022-10-01 16:00:00-04:00,185,63.0,79.16257008907763,boost_5y_no_dew_pressure,True
2022-09-24 04:00:00+00:00,2022-10-01 21:00:00+00:00,2022-10-01 17:00:00-04:00,186,62.0,77.54817495276475,boost_5y_no_dew_pressure,True
2022-09-24 04:00:00+00:00,2022-10-01 22:00:00+00:00,2022-10-01 18:00:00-04:00,187,62.0,73.8106574738058,boost_5y_no_dew_pressure,True
2022-09-24 04:00:00+00:00,2022-10-01 23:00:00+00:00,2022-10-01 19:00:00-04:00,188,62.0,70.47130567733831,boost_5y_no_dew_pressure,True
2022-09-24 04:00:00+00:00,2022-10-02 00:00:00+00:00,2022-10-01 20:00:00-04:00,189,61.0,68.744962202554,boost_5y_no_dew_pressure,True
2022-09-24 04:00:00+00:00,2022-10-02 01:00:00+00:00,2022-10-01 21:00:00-04:00,190,61.0,67.54528833115478,boost_5y_no_dew_pressure,True
2022-09-24 04:00:00+00:00,2022-10-02 02:00:00+00:00,2022-10-01 22:00:00-04:00,191,60.0,66.87468650298972,boost_5y_no_dew_pressure,True
2022-09-24 04:00:00+00:00,2022-10-02 03:00:00+00:00,2022-10-01 23:00:00-04:00,192,60.0,66.23806263517568,boost_5y_no_dew_pressure,True
2022-09-24 04:00:00+00:00,2022-10-02 04:00:00+00:00,2022-10-02 00:00:00-04:00,193,58.0,65.39467068723948,boost_5y_no_dew_pressure,True
2022-09-24 04:00:00+00:00,2022-10-02 05:00:00+00:00,2022-10-02 01:00:00-04:00,194,57.0,64.43042221088886,boost_5y_no_dew_pressure,True
2022-09-24 04:00:00+00:00,2022-10-02 06:00:00+00:00,2022-10-02 02:00:00-04:00,195,56.0,63.91456233605889,boost_5y_no_dew_pressure,True
2022-09-24 04:00:00+00:00,2022-10-02 07:00:00+00:00,2022-10-02 03:00:00-04:00,196,55.0,63.20580680112986,boost_5y_no_dew_pressure,True
2022-09-24 04:00:00+00:00,2022-10-02 08:00:00+00:00,2022-10-02 04:00:00-04:00,197,54.0,62.96103691544026,boost_5y_no_dew_pressure,True
2022-09-24 04:00:00+00:00,2022-10-02 09:00:00+00:00,2022-10-02 05:00:00-04:00,198,54.0,62.44948224845038,boost_5y_no_dew_pressure,True
2022-09-24 04:00:00+00:00,2022-10-02 10:00:00+00:00,2022-10-02 06:00:00-04:00,199,55.0,61.98540832534814,boost_5y_no_dew_pressure,True
2022-09-24 04:00:00+00:00,2022-10-02 11:00:00+00:00,2022-10-02 07:00:00-04:00,200,55.0,62.90490423989835,boost_5y_no_dew_pressure,True
2022-09-24 04:00:00+00:00,2022-10-02 12:00:00+00:00,2022-10-02 08:00:00-04:00,201,56.0,66.35833221732788,boost_5y_no_dew_pressure,True
2022-09-24 04:00:00+00:00,2022-10-02 13:00:00+00:00,2022-10-02 09:00:00-04:00,202,60.0,70.02504906396194,boost_5y_no_dew_pressure,True
2022-09-24 04:00:00+00:00,2022-10-02 14:00:00+00:00,2022-10-02 10:00:00-04:00,203,64.0,73.39872262093537,boost_5y_no_dew_pressure,True
2022-09-24 04:00:00+00:00,2022-10-02 15:00:00+00:00,2022-10-02 11:00:00-04:00,204,63.0,75.84249720646746,boost_5y_no_dew_pressure,True
2022-09-24 04:00:00+00:00,2022-10-02 16:00:00+00:00,2022-10-02 12:00:00-04:00,205,64.0,77.71514583470216,boost_5y_no_dew_pressure,True
2022-09-24 04:00:00+00:00,2022-10-02 17:00:00+00:00,2022-10-02 13:00:00-04:00,206,62.0,79.21324169899854,boost_5y_no_dew_pressure,True
2022-09-24 04:00:00+00:00,2022-10-02 18:00:00+00:00,2022-10-02 14:00:00-04:00,207,62.0,80.05039404769198,boost_5y_no_dew_pressure,True
2022-09-24 04:00:00+00:00,2022-10-02 19:00:00+00:00,2022-10-02 15:00:00-04:00,208,62.0,80.05319316556691,boost_5y_no_dew_pressure,True
2022-09-24 04:00:00+00:00,2022-10-02 20:00:00+00:00,2022-10-02 16:00:00-04:00,209,61.0,79.49843813385056,boost_5y_no_dew_pressure,True
2022-09-24 04:00:00+00:00,2022-10-02 21:00:00+00:00,2022-10-02 17:00:00-04:00,210,59.0,77.82645552569349,boost_5y_no_dew_pressure,True
2022-09-24 04:00:00+00:00,2022-10-02 22:00:00+00:00,2022-10-02 18:00:00-04:00,211,59.0,74.08708771077886,boost_5y_no_dew_pressure,True
2022-09-24 04:00:00+00:00,2022-10-02 23:00:00+00:00,2022-10-02 19:00:00-04:00,212,58.0,70.87065984569128,boost_5y_no_dew_pressure,True
2022-09-24 04:00:00+00:00,2022-10-03 00:00:00+00:00,2022-10-02 20:00:00-04:00,213,57.0,69.21975544776285,boost_5y_no_dew_pressure,True
2022-09-24 04:00:00+00:00,2022-10-03 01:00:00+00:00,2022-10-02 21:00:00-04:00,214,57.0,67.99036005624555,boost_5y_no_dew_pressure,True
2022-09-24 04:00:00+00:00,2022-10-03 02:00:00+00:00,2022-10-02 22:00:00-04:00,215,57.0,67.33556235790766,boost_5y_no_dew_pressure,True
2022-09-24 04:00:00+00:00,2022-10-03 03:00:00+00:00,2022-10-02 23:00:00-04:00,216,57.0,66.66309527718832,boost_5y_no_dew_pressure,True
2022-09-24 04:00:00+00:00,2022-10-03 04:00:00+00:00,2022-10-03 00:00:00-04:00,217,57.0,65.88328452648203,boost_5y_no_dew_pressure,True
2022-09-24 04:00:00+00:00,2022-10-03 05:00:00+00:00,2022-10-03 01:00:00-04:00,218,56.0,64.9282046613639,boost_5y_no_dew_pressure,True
2022-09-24 04:00:00+00:00,2022-10-03 06:00:00+00:00,2022-10-03 02:00:00-04:00,219,55.0,64.38639026673309,boost_5y_no_dew_pressure,True
2022-09-24 04:00:00+00:00,2022-10-03 07:00:00+00:00,2022-10-03 03:00:00-04:00,220,54.0,63.643008118222546,boost_5y_no_dew_pressure,True
2022-09-24 04:00:00+00:00,2022-10-03 08:00:00+00:00,2022-10-03 04:00:00-04:00,221,54.0,63.38126539890461,boost_5y_no_dew_pressure,True
2022-09-24 04:00:00+00:00,2022-10-03 09:00:00+00:00,2022-10-03 05:00:00-04:00,222,53.0,62.85278809748906,boost_5y_no_dew_pressure,True
2022-09-24 04:00:00+00:00,2022-10-03 10:00:00+00:00,2022-10-03 06:00:00-04:00,223,53.0,62.38302080344983,boost_5y_no_dew_pressure,True
2022-09-24 04:00:00+00:00,2022-10-03 11:00:00+00:00,2022-10-03 07:00:00-04:00,224,53.0,63.233143304154495,boost_5y_no_dew_pressure,True
2022-09-24 04:00:00+00:00,2022-10-03 12:00:00+00:00,2022-10-03 08:00:00-04:00,225,54.0,66.58943156739153,boost_5y_no_dew_pressure,True
2022-09-24 04:00:00+00:00,2022-10-03 13:00:00+00:00,2022-10-03 09:00:00-04:00,226,55.0,70.0030369770128,boost_5y_no_dew_pressure,True
2022-09-24 04:00:00+00:00,2022-10-03 14:00:00+00:00,2022-10-03 10:00:00-04:00,227,55.0,73.32733325690278,boost_5y_no_dew_pressure,True
2022-09-24 04:00:00+00:00,2022-10-03 15:00:00+00:00,2022-10-03 11:00:00-04:00,228,57.0,75.70767725397458,boost_5y_no_dew_pressure,True
2022-09-24 04:00:00+00:00,2022-10-03 16:00:00+00:00,2022-10-03 12:00:00-04:00,229,60.0,77.66628926887898,boost_5y_no_dew_pressure,True
2022-09-24 04:00:00+00:00,2022-10-03 17:00:00+00:00,2022-10-03 13:00:00-04:00,230,65.0,79.11452625941696,boost_5y_no_dew_pressure,True
2022-09-24 04:00:00+00:00,2022-10-03 18:00:00+00:00,2022-10-03 14:00:00-04:00,231,66.0,79.67592807081652,boost_5y_no_dew_pressure,True
2022-09-24 04:00:00+00:00,2022-10-03 19:00:00+00:00,2022-10-03 15:00:00-04:00,232,67.0,79.71809970961696,boost_5y_no_dew_pressure,True
2022-09-24 04:00:00+00:00,2022-10-03 20:00:00+00:00,2022-10-03 16:00:00-04:00,233,64.0,79.23536456190979,boost_5y_no_dew_pressure,True
2022-09-24 04:00:00+00:00,2022-10-03 21:00:00+00:00,2022-10-03 17:00:00-04:00,234,62.0,77.58821097367782,boost_5y_no_dew_pressure,True
2022-09-24 04:00:00+00:00,2022-10-03 22:00:00+00:00,2022-10-03 18:00:00-04:00,235,56.0,73.83932450276555,boost_5y_no_dew_pressure,True
2022-09-24 04:00:00+00:00,2022-10-03 23:00:00+00:00,2022-10-03 19:00:00-04:00,236,55.0,70.79607836685868,boost_5y_no_dew_pressure,True
2022-09-24 04:00:00+00:00,2022-10-04 00:00:00+00:00,2022-10-03 20:00:00-04:00,237,53.0,69.13304853131109,boost_5y_no_dew_pressure,True
2022-09-24 04:00:00+00:00,2022-10-04 01:00:00+00:00,2022-10-03 21:00:00-04:00,238,52.0,67.96990511971542,boost_5y_no_dew_pressure,True
2022-09-24 04:00:00+00:00,2022-10-04 02:00:00+00:00,2022-10-03 22:00:00-04:00,239,51.0,67.40066498375407,boost_5y_no_dew_pressure,True
2022-09-24 04:00:00+00:00,2022-10-04 03:00:00+00:00,2022-10-03 23:00:00-04:00,240,53.0,66.7765585604253,boost_5y_no_dew_pressure,True
2022-09-24 04:00:00+00:00,2022-10-04 04:00:00+00:00,2022-10-04 00:00:00-04:00,241,52.0,65.9682765763654,boost_5y_no_dew_pressure,True
2022-09-24 04:00:00+00:00,2022-10-04 05:00:00+00:00,2022-10-04 01:00:00-04:00,242,52.0,65.01276004626585,boost_5y_no_dew_pressure,True
2022-09-24 04:00:00+00:00,2022-10-04 06:00:00+00:00,2022-10-04 02:00:00-04:00,243,51.0,64.52384834285607,boost_5y_no_dew_pressure,True
2022-09-24 04:00:00+00:00,2022-10-04 07:00:00+00:00,2022-10-04 03:00:00-04:00,244,51.0,63.79461634327223,boost_5y_no_dew_pressure,True
2022-09-24 04:00:00+00:00,2022-10-04 08:00:00+00:00,2022-10-04 04:00:00-04:00,245,50.0,63.51892041695284,boost_5y_no_dew_pressure,True
2022-09-24 04:00:00+00:00,2022-10-04 09:00:00+00:00,2022-10-04 05:00:00-04:00,246,50.0,63.00316512504763,boost_5y_no_dew_pressure,True
2022-09-24 04:00:00+00:00,2022-10-04 10:00:00+00:00,2022-10-04 06:00:00-04:00,247,50.0,62.54586644125545,boost_5y_no_dew_pressure,True
2022-09-24 04:00:00+00:00,2022-10-04 11:00:00+00:00,2022-10-04 07:00:00-04:00,248,50.0,63.38051253574031,boost_5y_no_dew_pressure,True
2022-09-24 04:00:00+00:00,2022-10-04 12:00:00+00:00,2022-10-04 08:00:00-04:00,249,54.0,66.6511260929281,boost_5y_no_dew_pressure,True
2022-09-24 04:00:00+00:00,2022-10-04 13:00:00+00:00,2022-10-04 09:00:00-04:00,250,57.0,69.97386952151835,boost_5y_no_dew_pressure,True
2022-09-24 04:00:00+00:00,2022-10-04 14:00:00+00:00,2022-10-04 10:00:00-04:00,251,61.0,73.2693629695094,boost_5y_no_dew_pressure,True
2022-09-24 04:00:00+00:00,2022-10-04 15:00:00+00:00,2022-10-04 11:00:00-04:00,252,65.0,75.63475466422761,boost_5y_no_dew_pressure,True
2022-09-24 04:00:00+00:00,2022-10-04 16:00:00+00:00,2022-10-04 12:00:00-04:00,253,68.0,77.54153500808378,boost_5y_no_dew_pressure,True
2022-09-24 04:00:00+00:00,2022-10-04 17:00:00+00:00,2022-10-04 13:00:00-04:00,254,69.0,79.00103279399752,boost_5y_no_dew_pressure,True
2022-09-24 04:00:00+00:00,2022-10-04 18:00:00+00:00,2022-10-04 14:00:00-04:00,255,71.0,79.45331789473174,boost_5y_no_dew_pressure,True
2022-09-24 04:00:00+00:00,2022-10-04 19:00:00+00:00,2022-10-04 15:00:00-04:00,256,69.0,79.47271608341055,boost_5y_no_dew_pressure,True
2022-09-24 04:00:00+00:00,2022-10-04 20:00:00+00:00,2022-10-04 16:00:00-04:00,257,67.0,78.88985190142436,boost_5y_no_dew_pressure,True
2022-09-24 04:00:00+00:00,2022-10-04 21:00:00+00:00,2022-10-04 17:00:00-04:00,258,66.0,77.18203932750895,boost_5y_no_dew_pressure,True
2022-09-24 04:00:00+00:00,2022-10-04 22:00:00+00:00,2022-10-04 18:00:00-04:00,259,64.0,73.43814282457797,boost_5y_no_dew_pressure,True
2022-09-24 04:00:00+00:00,2022-10-04 23:00:00+00:00,2022-10-04 19:00:00-04:00,260,62.0,70.4930924818431,boost_5y_no_dew_pressure,True
2022-09-24 04:00:00+00:00,2022-10-05 00:00:00+00:00,2022-10-04 20:00:00-04:00,261,59.0,68.96906993910729,boost_5y_no_dew_pressure,True
2022-09-24 04:00:00+00:00,2022-10-05 01:00:00+00:00,2022-10-04 21:00:00-04:00,262,56.0,67.8275737333742,boost_5y_no_dew_pressure,True
2022-09-24 04:00:00+00:00,2022-10-05 02:00:00+00:00,2022-10-04 22:00:00-04:00,263,52.0,67.25790599117728,boost_5y_no_dew_pressure,True
2022-09-24 04:00:00+00:00,2022-10-05 03:00:00+00:00,2022-10-04 23:00:00-04:00,264,51.0,66.62780292722145,boost_5y_no_dew_pressure,True
2022-09-24 04:00:00+00:00,2022-10-05 04:00:00+00:00,2022-10-05 00:00:00-04:00,265,49.0,65.88375072741754,boost_5y_no_dew_pressure,True
2022-09-24 04:00:00+00:00,2022-10-05 05:00:00+00:00,2022-10-05 01:00:00-04:00,266,47.0,64.83312423739004,boost_5y_no_dew_pressure,True
2022-09-24 04:00:00+00:00,2022-10-05 06:00:00+00:00,2022-10-05 02:00:00-04:00,267,47.0,64.36912707885547,boost_5y_no_dew_pressure,True
2022-09-24 04:00:00+00:00,2022-10-05 07:00:00+00:00,2022-10-05 03:00:00-04:00,268,48.0,63.69198829492083,boost_5y_no_dew_pressure,True
2022-09-24 04:00:00+00:00,2022-10-05 08:00:00+00:00,2022-10-05 04:00:00-04:00,269,47.0,63.405265076339475,boost_5y_no_dew_pressure,True
2022-09-24 04:00:00+00:00,2022-10-05 09:00:00+00:00,2022-10-05 05:00:00-04:00,270,47.0,62.889276400275165,boost_5y_no_dew_pressure,True
2022-09-24 04:00:00+00:00,2022-10-05 10:00:00+00:00,2022-10-05 06:00:00-04:00,271,46.0,62.49415017778884,boost_5y_no_dew_pressure,True
2022-09-24 04:00:00+00:00,2022-10-05 11:00:00+00:00,2022-10-05 07:00:00-04:00,272,49.0,63.25655309497228,boost_5y_no_dew_pressure,True
2022-09-24 04:00:00+00:00,2022-10-05 12:00:00+00:00,2022-10-05 08:00:00-04:00,273,54.0,66.39186497472011,boost_5y_no_dew_pressure,True
2022-09-24 04:00:00+00:00,2022-10-05 13:00:00+00:00,2022-10-05 09:00:00-04:00,274,59.0,69.70261310110769,boost_5y_no_dew_pressure,True
2022-09-24 04:00:00+00:00,2022-10-05 14:00:00+00:00,2022-10-05 10:00:00-04:00,275,64.0,73.05191765474139,boost_5y_no_dew_pressure,True
2022-09-24 04:00:00+00:00,2022-10-05 15:00:00+00:00,2022-10-05 11:00:00-04:00,276,68.0,75.37264801072197,boost_5y_no_dew_pressure,True
2022-09-24 04:00:00+00:00,2022-10-05 16:00:00+00:00,2022-10-05 12:00:00-04:00,277,70.0,77.17642294171026,boost_5y_no_dew_pressure,True
2022-09-24 04:00:00+00:00,2022-10-05 17:00:00+00:00,2022-10-05 13:00:00-04:00,278,71.0,78.53430807273061,boost_5y_no_dew_pressure,True
2022-09-24 04:00:00+00:00,2022-10-05 18:00:00+00:00,2022-10-05 14:00:00-04:00,279,74.0,78.96818663777441,boost_5y_no_dew_pressure,True
2022-09-24 04:00:00+00:00,2022-10-05 19:00:00+00:00,2022-10-05 15:00:00-04:00,280,75.0,78.95227550702033,boost_5y_no_dew_pressure,True
2022-09-24 04:00:00+00:00,2022-10-05 20:00:00+00:00,2022-10-05 16:00:00-04:00,281,75.0,78.41652730063261,boost_5y_no_dew_pressure,True
2022-09-24 04:00:00+00:00,2022-10-05 21:00:00+00:00,2022-10-05 17:00:00-04:00,282,74.0,76.7446042318094,boost_5y_no_dew_pressure,True
2022-09-24 04:00:00+00:00,2022-10-05 22:00:00+00:00,2022-10-05 18:00:00-04:00,283,68.0,72.96147751872941,boost_5y_no_dew_pressure,True
2022-09-24 04:00:00+00:00,2022-10-05 23:00:00+00:00,2022-10-05 19:00:00-04:00,284,63.0,70.12150535491338,boost_5y_no_dew_pressure,True
2022-09-24 04:00:00+00:00,2022-10-06 00:00:00+00:00,2022-10-05 20:00:00-04:00,285,62.0,68.71963568340395,boost_5y_no_dew_pressure,True
2022-09-24 04:00:00+00:00,2022-10-06 01:00:00+00:00,2022-10-05 21:00:00-04:00,286,57.0,67.58789226123434,boost_5y_no_dew_pressure,True
2022-09-24 04:00:00+00:00,2022-10-06 02:00:00+00:00,2022-10-05 22:00:00-04:00,287,60.0,66.96745190723968,boost_5y_no_dew_pressure,True
2022-09-24 04:00:00+00:00,2022-10-06 03:00:00+00:00,2022-10-05 23:00:00-04:00,288,57.0,66.28702471305802,boost_5y_no_dew_pressure,True
2022-09-24 04:00:00+00:00,2022-10-06 04:00:00+00:00,2022-10-06 00:00:00-04:00,289,55.0,65.51910876626415,boost_5y_no_dew_pressure,True
2022-09-24 04:00:00+00:00,2022-10-06 05:00:00+00:00,2022-10-06 01:00:00-04:00,290,55.0,64.57410953827107,boost_5y_no_dew_pressure,True
2022-09-24 04:00:00+00:00,2022-10-06 06:00:00+00:00,2022-10-06 02:00:00-04:00,291,54.0,64.08529410177488,boost_5y_no_dew_pressure,True
2022-09-24 04:00:00+00:00,2022-10-06 07:00:00+00:00,2022-10-06 03:00:00-04:00,292,53.0,63.363909269387584,boost_5y_no_dew_pressure,True
2022-09-24 04:00:00+00:00,2022-10-06 08:00:00+00:00,2022-10-06 04:00:00-04:00,293,53.0,63.11491253480631,boost_5y_no_dew_pressure,True
2022-09-24 04:00:00+00:00,2022-10-06 09:00:00+00:00,2022-10-06 05:00:00-04:00,294,52.0,62.636453946500446,boost_5y_no_dew_pressure,True
2022-09-24 04:00:00+00:00,2022-10-06 10:00:00+00:00,2022-10-06 06:00:00-04:00,295,52.0,62.27997670560518,boost_5y_no_dew_pressure,True
2022-09-24 04:00:00+00:00,2022-10-06 11:00:00+00:00,2022-10-06 07:00:00-04:00,296,53.0,62.95395202233649,boost_5y_no_dew_pressure,True
2022-09-24 04:00:00+00:00,2022-10-06 12:00:00+00:00,2022-10-06 08:00:00-04:00,297,60.0,65.97940189196792,boost_5y_no_dew_pressure,True
2022-09-24 04:00:00+00:00,2022-10-06 13:00:00+00:00,2022-10-06 09:00:00-04:00,298,66.0,69.16819222804683,boost_5y_no_dew_pressure,True
2022-09-24 04:00:00+00:00,2022-10-06 14:00:00+00:00,2022-10-06 10:00:00-04:00,299,73.0,72.409951030102,boost_5y_no_dew_pressure,True
2022-09-24 04:00:00+00:00,2022-10-06 15:00:00+00:00,2022-10-06 11:00:00-04:00,300,77.0,74.65336761639566,boost_5y_no_dew_pressure,True
2022-09-24 04:00:00+00:00,2022-10-06 16:00:00+00:00,2022-10-06 12:00:00-04:00,301,80.0,76.36333182203708,boost_5y_no_dew_pressure,True
2022-09-24 04:00:00+00:00,2022-10-06 17:00:00+00:00,2022-10-06 13:00:00-04:00,302,79.0,77.70356290665015,boost_5y_no_dew_pressure,True
2022-09-24 04:00:00+00:00,2022-10-06 18:00:00+00:00,2022-10-06 14:00:00-04:00,303,82.0,78.10758363518512,boost_5y_no_dew_pressure,True
2022-09-24 04:00:00+00:00,2022-10-06 19:00:00+00:00,2022-10-06 15:00:00-04:00,304,80.0,78.12200775153923,boost_5y_no_dew_pressure,True
2022-09-24 04:00:00+00:00,2022-10-06 20:00:00+00:00,2022-10-06 16:00:00-04:00,305,81.0,77.64878452890636,boost_5y_no_dew_pressure,True
2022-09-24 04:00:00+00:00,2022-10-06 21:00:00+00:00,2022-10-06 17:00:00-04:00,306,79.0,75.98751115900836,boost_5y_no_dew_pressure,True
2022-09-24 04:00:00+00:00,2022-10-06 22:00:00+00:00,2022-10-06 18:00:00-04:00,307,73.0,72.22266732229994,boost_5y_no_dew_pressure,True
2022-09-24 04:00:00+00:00,2022-10-06 23:00:00+00:00,2022-10-06 19:00:00-04:00,308,68.0,69.44070256088837,boost_5y_no_dew_pressure,True
2022-09-24 04:00:00+00:00,2022-10-07 00:00:00+00:00,2022-10-06 20:00:00-04:00,309,66.0,68.09842343769266,boost_5y_no_dew_pressure,True
2022-09-24 04:00:00+00:00,2022-10-07 01:00:00+00:00,2022-10-06 21:00:00-04:00,310,63.0,67.03315780469146,boost_5y_no_dew_pressure,True
2022-09-24 04:00:00+00:00,2022-10-07 02:00:00+00:00,2022-10-06 22:00:00-04:00,311,62.0,66.43453951406312,boost_5y_no_dew_pressure,True
2022-09-24 04:00:00+00:00,2022-10-07 03:00:00+00:00,2022-10-06 23:00:00-04:00,312,60.0,65.79154184450105,boost_5y_no_dew_pressure,True
2022-09-24 04:00:00+00:00,2022-10-07 04:00:00+00:00,2022-10-07 00:00:00-04:00,313,59.0,65.05891247031185,boost_5y_no_dew_pressure,True
2022-09-24 04:00:00+00:00,2022-10-07 05:00:00+00:00,2022-10-07 01:00:00-04:00,314,58.0,64.1951760943292,boost_5y_no_dew_pressure,True
2022-09-24 04:00:00+00:00,2022-10-07 06:00:00+00:00,2022-10-07 02:00:00-04:00,315,58.0,63.69072764246762,boost_5y_no_dew_pressure,True
2022-09-24 04:00:00+00:00,2022-10-07 07:00:00+00:00,2022-10-07 03:00:00-04:00,316,57.0,62.99663081655762,boost_5y_no_dew_pressure,True
2022-09-24 04:00:00+00:00,2022-10-07 08:00:00+00:00,2022-10-07 04:00:00-04:00,317,56.0,62.77074624108516,boost_5y_no_dew_pressure,True
2022-09-24 04:00:00+00:00,2022-10-07 09:00:00+00:00,2022-10-07 05:00:00-04:00,318,56.0,62.355094969401506,boost_5y_no_dew_pressure,True
2022-09-24 04:00:00+00:00,2022-10-07 10:00:00+00:00,2022-10-07 06:00:00-04:00,319,55.0,62.001543244945815,boost_5y_no_dew_pressure,True
2022-09-24 04:00:00+00:00,2022-10-07 11:00:00+00:00,2022-10-07 07:00:00-04:00,320,56.0,62.52306690792782,boost_5y_no_dew_pressure,True
2022-09-24 04:00:00+00:00,2022-10-07 12:00:00+00:00,2022-10-07 08:00:00-04:00,321,62.0,65.49402778279992,boost_5y_no_dew_pressure,True
2022-09-24 04:00:00+00:00,2022-10-07 13:00:00+00:00,2022-10-07 09:00:00-04:00,322,67.0,68.57263297791201,boost_5y_no_dew_pressure,True
2022-09-24 04:00:00+00:00,2022-10-07 14:00:00+00:00,2022-10-07 10:00:00-04:00,323,74.0,71.786283935685,boost_5y_no_dew_pressure,True
2022-09-24 04:00:00+00:00,2022-10-07 15:00:00+00:00,2022-10-07 11:00:00-04:00,324,79.0,74.04072597864258,boost_5y_no_dew_pressure,True
2022-09-24 04:00:00+00:00,2022-10-07 16:00:00+00:00,2022-10-07 12:00:00-04:00,325,80.0,75.72473177318365,boost_5y_no_dew_pressure,True
2022-09-24 04:00:00+00:00,2022-10-07 17:00:00+00:00,2022-10-07 13:00:00-04:00,326,83.0,77.16665224010299,boost_5y_no_dew_pressure,True
2022-09-24 04:00:00+00:00,2022-10-07 18:00:00+00:00,2022-10-07 14:00:00-04:00,327,84.0,77.66762581642551,boost_5y_no_dew_pressure,True
2022-09-24 04:00:00+00:00,2022-10-07 19:00:00+00:00,2022-10-07 15:00:00-04:00,328,82.0,77.76186544586861,boost_5y_no_dew_pressure,True
2022-09-24 04:00:00+00:00,2022-10-07 20:00:00+00:00,2022-10-07 16:00:00-04:00,329,83.0,77.34122371656865,boost_5y_no_dew_pressure,True
2022-09-24 04:00:00+00:00,2022-10-07 21:00:00+00:00,2022-10-07 17:00:00-04:00,330,79.0,75.6620426360204,boost_5y_no_dew_pressure,True
2022-09-24 04:00:00+00:00,2022-10-07 22:00:00+00:00,2022-10-07 18:00:00-04:00,331,73.0,71.71383274872271,boost_5y_no_dew_pressure,True
2022-09-24 04:00:00+00:00,2022-10-07 23:00:00+00:00,2022-10-07 19:00:00-04:00,332,68.0,68.9596113059959,boost_5y_no_dew_pressure,True
2022-09-24 04:00:00+00:00,2022-10-08 00:00:00+00:00,2022-10-07 20:00:00-04:00,333,66.0,67.551608638429,boost_5y_no_dew_pressure,True
2022-09-24 04:00:00+00:00,2022-10-08 01:00:00+00:00,2022-10-07 21:00:00-04:00,334,64.0,66.40579333327317,boost_5y_no_dew_pressure,True
2022-09-24 04:00:00+00:00,2022-10-08 02:00:00+00:00,2022-10-07 22:00:00-04:00,335,63.0,65.8199662853874,boost_5y_no_dew_pressure,True
2022-09-24 04:00:00+00:00,2022-10-08 03:00:00+00:00,2022-10-07 23:00:00-04:00,336,62.0,65.13904893722045,boost_5y_no_dew_pressure,True
2022-10-01 04:00:00+00:00,2022-10-01 04:00:00+00:00,2022-10-01 00:00:00-04:00,1,66.0,57.664777023505486,boost_5y_no_dew_pressure,True
2022-10-01 04:00:00+00:00,2022-10-01 05:00:00+00:00,2022-10-01 01:00:00-04:00,2,64.0,57.012065121099425,boost_5y_no_dew_pressure,True
2022-10-01 04:00:00+00:00,2022-10-01 06:00:00+00:00,2022-10-01 02:00:00-04:00,3,63.0,56.5749316526418,boost_5y_no_dew_pressure,True
2022-10-01 04:00:00+00:00,2022-10-01 07:00:00+00:00,2022-10-01 03:00:00-04:00,4,61.0,55.924516630825025,boost_5y_no_dew_pressure,True
2022-10-01 04:00:00+00:00,2022-10-01 08:00:00+00:00,2022-10-01 04:00:00-04:00,5,60.0,55.77842984471479,boost_5y_no_dew_pressure,True
2022-10-01 04:00:00+00:00,2022-10-01 09:00:00+00:00,2022-10-01 05:00:00-04:00,6,59.0,55.634172936050874,boost_5y_no_dew_pressure,True
2022-10-01 04:00:00+00:00,2022-10-01 10:00:00+00:00,2022-10-01 06:00:00-04:00,7,59.0,56.25293185899865,boost_5y_no_dew_pressure,True
2022-10-01 04:00:00+00:00,2022-10-01 11:00:00+00:00,2022-10-01 07:00:00-04:00,8,58.0,56.3348865883493,boost_5y_no_dew_pressure,True
2022-10-01 04:00:00+00:00,2022-10-01 12:00:00+00:00,2022-10-01 08:00:00-04:00,9,58.0,59.29628626027491,boost_5y_no_dew_pressure,True
2022-10-01 04:00:00+00:00,2022-10-01 13:00:00+00:00,2022-10-01 09:00:00-04:00,10,60.0,62.945083743583695,boost_5y_no_dew_pressure,True
2022-10-01 04:00:00+00:00,2022-10-01 14:00:00+00:00,2022-10-01 10:00:00-04:00,11,61.0,66.65345758218356,boost_5y_no_dew_pressure,True
2022-10-01 04:00:00+00:00,2022-10-01 15:00:00+00:00,2022-10-01 11:00:00-04:00,12,62.0,69.15567949876421,boost_5y_no_dew_pressure,True
2022-10-01 04:00:00+00:00,2022-10-01 16:00:00+00:00,2022-10-01 12:00:00-04:00,13,62.0,71.04382963866222,boost_5y_no_dew_pressure,True
2022-10-01 04:00:00+00:00,2022-10-01 17:00:00+00:00,2022-10-01 13:00:00-04:00,14,64.0,71.98991930147804,boost_5y_no_dew_pressure,True
2022-10-01 04:00:00+00:00,2022-10-01 18:00:00+00:00,2022-10-01 14:00:00-04:00,15,66.0,72.99162148730142,boost_5y_no_dew_pressure,True
2022-10-01 04:00:00+00:00,2022-10-01 19:00:00+00:00,2022-10-01 15:00:00-04:00,16,64.0,73.01555169864218,boost_5y_no_dew_pressure,True
2022-10-01 04:00:00+00:00,2022-10-01 20:00:00+00:00,2022-10-01 16:00:00-04:00,17,63.0,72.40959333655826,boost_5y_no_dew_pressure,True
2022-10-01 04:00:00+00:00,2022-10-01 21:00:00+00:00,2022-10-01 17:00:00-04:00,18,62.0,71.0843882464556,boost_5y_no_dew_pressure,True
2022-10-01 04:00:00+00:00,2022-10-01 22:00:00+00:00,2022-10-01 18:00:00-04:00,19,62.0,67.69191958670726,boost_5y_no_dew_pressure,True
2022-10-01 04:00:00+00:00,2022-10-01 23:00:00+00:00,2022-10-01 19:00:00-04:00,20,62.0,64.65530054902777,boost_5y_no_dew_pressure,True
2022-10-01 04:00:00+00:00,2022-10-02 00:00:00+00:00,2022-10-01 20:00:00-04:00,21,61.0,63.19962342074234,boost_5y_no_dew_pressure,True
2022-10-01 04:00:00+00:00,2022-10-02 01:00:00+00:00,2022-10-01 21:00:00-04:00,22,61.0,62.10803408237127,boost_5y_no_dew_pressure,True
2022-10-01 04:00:00+00:00,2022-10-02 02:00:00+00:00,2022-10-01 22:00:00-04:00,23,60.0,61.66378412711951,boost_5y_no_dew_pressure,True
2022-10-01 04:00:00+00:00,2022-10-02 03:00:00+00:00,2022-10-01 23:00:00-04:00,24,60.0,60.86175049381171,boost_5y_no_dew_pressure,True
2022-10-01 04:00:00+00:00,2022-10-02 04:00:00+00:00,2022-10-02 00:00:00-04:00,25,58.0,59.82937183089116,boost_5y_no_dew_pressure,True
2022-10-01 04:00:00+00:00,2022-10-02 05:00:00+00:00,2022-10-02 01:00:00-04:00,26,57.0,58.94671854013288,boost_5y_no_dew_pressure,True
2022-10-01 04:00:00+00:00,2022-10-02 06:00:00+00:00,2022-10-02 02:00:00-04:00,27,56.0,58.627353202364745,boost_5y_no_dew_pressure,True
2022-10-01 04:00:00+00:00,2022-10-02 07:00:00+00:00,2022-10-02 03:00:00-04:00,28,55.0,57.96297002896984,boost_5y_no_dew_pressure,True
2022-10-01 04:00:00+00:00,2022-10-02 08:00:00+00:00,2022-10-02 04:00:00-04:00,29,54.0,57.78260605907587,boost_5y_no_dew_pressure,True
2022-10-01 04:00:00+00:00,2022-10-02 09:00:00+00:00,2022-10-02 05:00:00-04:00,30,54.0,57.497870872379224,boost_5y_no_dew_pressure,True
2022-10-01 04:00:00+00:00,2022-10-02 10:00:00+00:00,2022-10-02 06:00:00-04:00,31,55.0,57.08474974670243,boost_5y_no_dew_pressure,True
2022-10-01 04:00:00+00:00,2022-10-02 11:00:00+00:00,2022-10-02 07:00:00-04:00,32,55.0,58.3372764906697,boost_5y_no_dew_pressure,True
2022-10-01 04:00:00+00:00,2022-10-02 12:00:00+00:00,2022-10-02 08:00:00-04:00,33,56.0,61.46952419127259,boost_5y_no_dew_pressure,True
2022-10-01 04:00:00+00:00,2022-10-02 13:00:00+00:00,2022-10-02 09:00:00-04:00,34,60.0,65.8572953299898,boost_5y_no_dew_pressure,True
2022-10-01 04:00:00+00:00,2022-10-02 14:00:00+00:00,2022-10-02 10:00:00-04:00,35,64.0,69.47990851775397,boost_5y_no_dew_pressure,True
2022-10-01 04:00:00+00:00,2022-10-02 15:00:00+00:00,2022-10-02 11:00:00-04:00,36,63.0,72.07069549158747,boost_5y_no_dew_pressure,True
2022-10-01 04:00:00+00:00,2022-10-02 16:00:00+00:00,2022-10-02 12:00:00-04:00,37,64.0,73.88709175205784,boost_5y_no_dew_pressure,True
2022-10-01 04:00:00+00:00,2022-10-02 17:00:00+00:00,2022-10-02 13:00:00-04:00,38,62.0,75.84738508408125,boost_5y_no_dew_pressure,True
2022-10-01 04:00:00+00:00,2022-10-02 18:00:00+00:00,2022-10-02 14:00:00-04:00,39,62.0,77.18071883805055,boost_5y_no_dew_pressure,True
2022-10-01 04:00:00+00:00,2022-10-02 19:00:00+00:00,2022-10-02 15:00:00-04:00,40,62.0,77.06889227489495,boost_5y_no_dew_pressure,True
2022-10-01 04:00:00+00:00,2022-10-02 20:00:00+00:00,2022-10-02 16:00:00-04:00,41,61.0,76.36470154495365,boost_5y_no_dew_pressure,True
2022-10-01 04:00:00+00:00,2022-10-02 21:00:00+00:00,2022-10-02 17:00:00-04:00,42,59.0,73.9424972298351,boost_5y_no_dew_pressure,True
2022-10-01 04:00:00+00:00,2022-10-02 22:00:00+00:00,2022-10-02 18:00:00-04:00,43,59.0,70.19305178323847,boost_5y_no_dew_pressure,True
2022-10-01 04:00:00+00:00,2022-10-02 23:00:00+00:00,2022-10-02 19:00:00-04:00,44,58.0,66.81382917358255,boost_5y_no_dew_pressure,True
2022-10-01 04:00:00+00:00,2022-10-03 00:00:00+00:00,2022-10-02 20:00:00-04:00,45,57.0,65.05135425073497,boost_5y_no_dew_pressure,True
2022-10-01 04:00:00+00:00,2022-10-03 01:00:00+00:00,2022-10-02 21:00:00-04:00,46,57.0,63.865169139272645,boost_5y_no_dew_pressure,True
2022-10-01 04:00:00+00:00,2022-10-03 02:00:00+00:00,2022-10-02 22:00:00-04:00,47,57.0,63.43870618152677,boost_5y_no_dew_pressure,True
2022-10-01 04:00:00+00:00,2022-10-03 03:00:00+00:00,2022-10-02 23:00:00-04:00,48,57.0,61.98779421454423,boost_5y_no_dew_pressure,True
2022-10-01 04:00:00+00:00,2022-10-03 04:00:00+00:00,2022-10-03 00:00:00-04:00,49,57.0,62.133157974790215,boost_5y_no_dew_pressure,True
2022-10-01 04:00:00+00:00,2022-10-03 05:00:00+00:00,2022-10-03 01:00:00-04:00,50,56.0,61.22226305788179,boost_5y_no_dew_pressure,True
2022-10-01 04:00:00+00:00,2022-10-03 06:00:00+00:00,2022-10-03 02:00:00-04:00,51,55.0,60.7159132613864,boost_5y_no_dew_pressure,True
2022-10-01 04:00:00+00:00,2022-10-03 07:00:00+00:00,2022-10-03 03:00:00-04:00,52,54.0,59.98488886626865,boost_5y_no_dew_pressure,True
2022-10-01 04:00:00+00:00,2022-10-03 08:00:00+00:00,2022-10-03 04:00:00-04:00,53,54.0,59.88813805741012,boost_5y_no_dew_pressure,True
2022-10-01 04:00:00+00:00,2022-10-03 09:00:00+00:00,2022-10-03 05:00:00-04:00,54,53.0,59.3560263038117,boost_5y_no_dew_pressure,True
2022-10-01 04:00:00+00:00,2022-10-03 10:00:00+00:00,2022-10-03 06:00:00-04:00,55,53.0,59.08046996002355,boost_5y_no_dew_pressure,True
2022-10-01 04:00:00+00:00,2022-10-03 11:00:00+00:00,2022-10-03 07:00:00-04:00,56,53.0,60.05126603901352,boost_5y_no_dew_pressure,True
2022-10-01 04:00:00+00:00,2022-10-03 12:00:00+00:00,2022-10-03 08:00:00-04:00,57,54.0,63.104196754396256,boost_5y_no_dew_pressure,True
2022-10-01 04:00:00+00:00,2022-10-03 13:00:00+00:00,2022-10-03 09:00:00-04:00,58,55.0,65.4322687633431,boost_5y_no_dew_pressure,True
2022-10-01 04:00:00+00:00,2022-10-03 14:00:00+00:00,2022-10-03 10:00:00-04:00,59,55.0,68.96920226735394,boost_5y_no_dew_pressure,True
2022-10-01 04:00:00+00:00,2022-10-03 15:00:00+00:00,2022-10-03 11:00:00-04:00,60,57.0,71.49670139592001,boost_5y_no_dew_pressure,True
2022-10-01 04:00:00+00:00,2022-10-03 16:00:00+00:00,2022-10-03 12:00:00-04:00,61,60.0,73.39614534397698,boost_5y_no_dew_pressure,True
2022-10-01 04:00:00+00:00,2022-10-03 17:00:00+00:00,2022-10-03 13:00:00-04:00,62,65.0,75.15038360218279,boost_5y_no_dew_pressure,True
2022-10-01 04:00:00+00:00,2022-10-03 18:00:00+00:00,2022-10-03 14:00:00-04:00,63,66.0,75.67690133020139,boost_5y_no_dew_pressure,True
2022-10-01 04:00:00+00:00,2022-10-03 19:00:00+00:00,2022-10-03 15:00:00-04:00,64,67.0,75.6882535955048,boost_5y_no_dew_pressure,True
2022-10-01 04:00:00+00:00,2022-10-03 20:00:00+00:00,2022-10-03 16:00:00-04:00,65,64.0,75.11563277407441,boost_5y_no_dew_pressure,True
2022-10-01 04:00:00+00:00,2022-10-03 21:00:00+00:00,2022-10-03 17:00:00-04:00,66,62.0,72.82183059859676,boost_5y_no_dew_pressure,True
2022-10-01 04:00:00+00:00,2022-10-03 22:00:00+00:00,2022-10-03 18:00:00-04:00,67,56.0,69.04548690264767,boost_5y_no_dew_pressure,True
2022-10-01 04:00:00+00:00,2022-10-03 23:00:00+00:00,2022-10-03 19:00:00-04:00,68,55.0,66.0759068479374,boost_5y_no_dew_pressure,True
2022-10-01 04:00:00+00:00,2022-10-04 00:00:00+00:00,2022-10-03 20:00:00-04:00,69,53.0,64.39356467813539,boost_5y_no_dew_pressure,True
2022-10-01 04:00:00+00:00,2022-10-04 01:00:00+00:00,2022-10-03 21:00:00-04:00,70,52.0,64.76319862173497,boost_5y_no_dew_pressure,True
2022-10-01 04:00:00+00:00,2022-10-04 02:00:00+00:00,2022-10-03 22:00:00-04:00,71,51.0,64.37731477129014,boost_5y_no_dew_pressure,True
2022-10-01 04:00:00+00:00,2022-10-04 03:00:00+00:00,2022-10-03 23:00:00-04:00,72,53.0,63.92838994109795,boost_5y_no_dew_pressure,True
2022-10-01 04:00:00+00:00,2022-10-04 04:00:00+00:00,2022-10-04 00:00:00-04:00,73,52.0,61.13668468272142,boost_5y_no_dew_pressure,True
2022-10-01 04:00:00+00:00,2022-10-04 05:00:00+00:00,2022-10-04 01:00:00-04:00,74,52.0,60.254154674702214,boost_5y_no_dew_pressure,True
2022-10-01 04:00:00+00:00,2022-10-04 06:00:00+00:00,2022-10-04 02:00:00-04:00,75,51.0,59.87874943946613,boost_5y_no_dew_pressure,True
2022-10-01 04:00:00+00:00,2022-10-04 07:00:00+00:00,2022-10-04 03:00:00-04:00,76,51.0,59.16132463812302,boost_5y_no_dew_pressure,True
2022-10-01 04:00:00+00:00,2022-10-04 08:00:00+00:00,2022-10-04 04:00:00-04:00,77,50.0,58.95588010253438,boost_5y_no_dew_pressure,True
2022-10-01 04:00:00+00:00,2022-10-04 09:00:00+00:00,2022-10-04 05:00:00-04:00,78,50.0,58.63106080276859,boost_5y_no_dew_pressure,True
2022-10-01 04:00:00+00:00,2022-10-04 10:00:00+00:00,2022-10-04 06:00:00-04:00,79,50.0,58.36278395181003,boost_5y_no_dew_pressure,True
2022-10-01 04:00:00+00:00,2022-10-04 11:00:00+00:00,2022-10-04 07:00:00-04:00,80,50.0,59.147780130597745,boost_5y_no_dew_pressure,True
2022-10-01 04:00:00+00:00,2022-10-04 12:00:00+00:00,2022-10-04 08:00:00-04:00,81,54.0,62.38064848476102,boost_5y_no_dew_pressure,True
2022-10-01 04:00:00+00:00,2022-10-04 13:00:00+00:00,2022-10-04 09:00:00-04:00,82,57.0,65.82707342321186,boost_5y_no_dew_pressure,True
2022-10-01 04:00:00+00:00,2022-10-04 14:00:00+00:00,2022-10-04 10:00:00-04:00,83,61.0,69.26644752686595,boost_5y_no_dew_pressure,True
2022-10-01 04:00:00+00:00,2022-10-04 15:00:00+00:00,2022-10-04 11:00:00-04:00,84,65.0,71.68713152442129,boost_5y_no_dew_pressure,True
2022-10-01 04:00:00+00:00,2022-10-04 16:00:00+00:00,2022-10-04 12:00:00-04:00,85,68.0,73.58036137209353,boost_5y_no_dew_pressure,True
2022-10-01 04:00:00+00:00,2022-10-04 17:00:00+00:00,2022-10-04 13:00:00-04:00,86,69.0,75.18314246701681,boost_5y_no_dew_pressure,True
2022-10-01 04:00:00+00:00,2022-10-04 18:00:00+00:00,2022-10-04 14:00:00-04:00,87,71.0,75.55922990387337,boost_5y_no_dew_pressure,True
2022-10-01 04:00:00+00:00,2022-10-04 19:00:00+00:00,2022-10-04 15:00:00-04:00,88,69.0,75.5873226875905,boost_5y_no_dew_pressure,True
2022-10-01 04:00:00+00:00,2022-10-04 20:00:00+00:00,2022-10-04 16:00:00-04:00,89,67.0,74.92347322390751,boost_5y_no_dew_pressure,True
2022-10-01 04:00:00+00:00,2022-10-04 21:00:00+00:00,2022-10-04 17:00:00-04:00,90,66.0,73.03690709792464,boost_5y_no_dew_pressure,True
2022-10-01 04:00:00+00:00,2022-10-04 22:00:00+00:00,2022-10-04 18:00:00-04:00,91,64.0,69.31210905670443,boost_5y_no_dew_pressure,True
2022-10-01 04:00:00+00:00,2022-10-04 23:00:00+00:00,2022-10-04 19:00:00-04:00,92,62.0,66.52638780264897,boost_5y_no_dew_pressure,True
2022-10-01 04:00:00+00:00,2022-10-05 00:00:00+00:00,2022-10-04 20:00:00-04:00,93,59.0,65.05554869415944,boost_5y_no_dew_pressure,True
2022-10-01 04:00:00+00:00,2022-10-05 01:00:00+00:00,2022-10-04 21:00:00-04:00,94,56.0,64.01331042521541,boost_5y_no_dew_pressure,True
2022-10-01 04:00:00+00:00,2022-10-05 02:00:00+00:00,2022-10-04 22:00:00-04:00,95,52.0,63.67703407467996,boost_5y_no_dew_pressure,True
2022-10-01 04:00:00+00:00,2022-10-05 03:00:00+00:00,2022-10-04 23:00:00-04:00,96,51.0,63.2774369320499,boost_5y_no_dew_pressure,True
2022-10-01 04:00:00+00:00,2022-10-05 04:00:00+00:00,2022-10-05 00:00:00-04:00,97,49.0,62.17299258075565,boost_5y_no_dew_pressure,True
2022-10-01 04:00:00+00:00,2022-10-05 05:00:00+00:00,2022-10-05 01:00:00-04:00,98,47.0,61.19561718355124,boost_5y_no_dew_pressure,True
2022-10-01 04:00:00+00:00,2022-10-05 06:00:00+00:00,2022-10-05 02:00:00-04:00,99,47.0,60.843405699590605,boost_5y_no_dew_pressure,True
2022-10-01 04:00:00+00:00,2022-10-05 07:00:00+00:00,2022-10-05 03:00:00-04:00,100,48.0,60.13426905019612,boost_5y_no_dew_pressure,True
2022-10-01 04:00:00+00:00,2022-10-05 08:00:00+00:00,2022-10-05 04:00:00-04:00,101,47.0,60.052020618028315,boost_5y_no_dew_pressure,True
2022-10-01 04:00:00+00:00,2022-10-05 09:00:00+00:00,2022-10-05 05:00:00-04:00,102,47.0,59.51877945733564,boost_5y_no_dew_pressure,True
2022-10-01 04:00:00+00:00,2022-10-05 10:00:00+00:00,2022-10-05 06:00:00-04:00,103,46.0,59.271602720643244,boost_5y_no_dew_pressure,True
2022-10-01 04:00:00+00:00,2022-10-05 11:00:00+00:00,2022-10-05 07:00:00-04:00,104,49.0,60.07678231001315,boost_5y_no_dew_pressure,True
2022-10-01 04:00:00+00:00,2022-10-05 12:00:00+00:00,2022-10-05 08:00:00-04:00,105,54.0,63.09900177944339,boost_5y_no_dew_pressure,True
2022-10-01 04:00:00+00:00,2022-10-05 13:00:00+00:00,2022-10-05 09:00:00-04:00,106,59.0,66.40614519485437,boost_5y_no_dew_pressure,True
2022-10-01 04:00:00+00:00,2022-10-05 14:00:00+00:00,2022-10-05 10:00:00-04:00,107,64.0,69.89464243665991,boost_5y_no_dew_pressure,True
2022-10-01 04:00:00+00:00,2022-10-05 15:00:00+00:00,2022-10-05 11:00:00-04:00,108,68.0,72.34199158784487,boost_5y_no_dew_pressure,True
2022-10-01 04:00:00+00:00,2022-10-05 16:00:00+00:00,2022-10-05 12:00:00-04:00,109,70.0,74.12874002184049,boost_5y_no_dew_pressure,True
2022-10-01 04:00:00+00:00,2022-10-05 17:00:00+00:00,2022-10-05 13:00:00-04:00,110,71.0,75.40023666871097,boost_5y_no_dew_pressure,True
2022-10-01 04:00:00+00:00,2022-10-05 18:00:00+00:00,2022-10-05 14:00:00-04:00,111,74.0,75.75633917459355,boost_5y_no_dew_pressure,True
2022-10-01 04:00:00+00:00,2022-10-05 19:00:00+00:00,2022-10-05 15:00:00-04:00,112,75.0,75.78241202815502,boost_5y_no_dew_pressure,True
2022-10-01 04:00:00+00:00,2022-10-05 20:00:00+00:00,2022-10-05 16:00:00-04:00,113,75.0,75.1675411989741,boost_5y_no_dew_pressure,True
2022-10-01 04:00:00+00:00,2022-10-05 21:00:00+00:00,2022-10-05 17:00:00-04:00,114,74.0,73.58319605441167,boost_5y_no_dew_pressure,True
2022-10-01 04:00:00+00:00,2022-10-05 22:00:00+00:00,2022-10-05 18:00:00-04:00,115,68.0,69.77490674992903,boost_5y_no_dew_pressure,True
2022-10-01 04:00:00+00:00,2022-10-05 23:00:00+00:00,2022-10-05 19:00:00-04:00,116,63.0,66.98859386883264,boost_5y_no_dew_pressure,True
2022-10-01 04:00:00+00:00,2022-10-06 00:00:00+00:00,2022-10-05 20:00:00-04:00,117,62.0,65.62342720606394,boost_5y_no_dew_pressure,True
2022-10-01 04:00:00+00:00,2022-10-06 01:00:00+00:00,2022-10-05 21:00:00-04:00,118,57.0,64.6288579100156,boost_5y_no_dew_pressure,True
2022-10-01 04:00:00+00:00,2022-10-06 02:00:00+00:00,2022-10-05 22:00:00-04:00,119,60.0,64.1878155697891,boost_5y_no_dew_pressure,True
2022-10-01 04:00:00+00:00,2022-10-06 03:00:00+00:00,2022-10-05 23:00:00-04:00,120,57.0,63.69816094135369,boost_5y_no_dew_pressure,True
2022-10-01 04:00:00+00:00,2022-10-06 04:00:00+00:00,2022-10-06 00:00:00-04:00,121,55.0,62.88832309865398,boost_5y_no_dew_pressure,True
2022-10-01 04:00:00+00:00,2022-10-06 05:00:00+00:00,2022-10-06 01:00:00-04:00,122,55.0,62.013060195968464,boost_5y_no_dew_pressure,True
2022-10-01 04:00:00+00:00,2022-10-06 06:00:00+00:00,2022-10-06 02:00:00-04:00,123,54.0,61.573696465312125,boost_5y_no_dew_pressure,True
2022-10-01 04:00:00+00:00,2022-10-06 07:00:00+00:00,2022-10-06 03:00:00-04:00,124,53.0,60.89793818156832,boost_5y_no_dew_pressure,True
2022-10-01 04:00:00+00:00,2022-10-06 08:00:00+00:00,2022-10-06 04:00:00-04:00,125,53.0,60.7636470481079,boost_5y_no_dew_pressure,True
2022-10-01 04:00:00+00:00,2022-10-06 09:00:00+00:00,2022-10-06 05:00:00-04:00,126,52.0,60.322158961038085,boost_5y_no_dew_pressure,True
2022-10-01 04:00:00+00:00,2022-10-06 10:00:00+00:00,2022-10-06 06:00:00-04:00,127,52.0,60.06611512672106,boost_5y_no_dew_pressure,True
2022-10-01 04:00:00+00:00,2022-10-06 11:00:00+00:00,2022-10-06 07:00:00-04:00,128,53.0,60.82315829735077,boost_5y_no_dew_pressure,True
2022-10-01 04:00:00+00:00,2022-10-06 12:00:00+00:00,2022-10-06 08:00:00-04:00,129,60.0,63.79231145950847,boost_5y_no_dew_pressure,True
2022-10-01 04:00:00+00:00,2022-10-06 13:00:00+00:00,2022-10-06 09:00:00-04:00,130,66.0,67.15918119617302,boost_5y_no_dew_pressure,True
2022-10-01 04:00:00+00:00,2022-10-06 14:00:00+00:00,2022-10-06 10:00:00-04:00,131,73.0,70.48905265052555,boost_5y_no_dew_pressure,True
2022-10-01 04:00:00+00:00,2022-10-06 15:00:00+00:00,2022-10-06 11:00:00-04:00,132,77.0,72.81093209873984,boost_5y_no_dew_pressure,True
2022-10-01 04:00:00+00:00,2022-10-06 16:00:00+00:00,2022-10-06 12:00:00-04:00,133,80.0,74.58445233496879,boost_5y_no_dew_pressure,True
2022-10-01 04:00:00+00:00,2022-10-06 17:00:00+00:00,2022-10-06 13:00:00-04:00,134,79.0,75.94183580304293,boost_5y_no_dew_pressure,True
2022-10-01 04:00:00+00:00,2022-10-06 18:00:00+00:00,2022-10-06 14:00:00-04:00,135,82.0,76.29600762277148,boost_5y_no_dew_pressure,True
2022-10-01 04:00:00+00:00,2022-10-06 19:00:00+00:00,2022-10-06 15:00:00-04:00,136,80.0,76.32049992873053,boost_5y_no_dew_pressure,True
2022-10-01 04:00:00+00:00,2022-10-06 20:00:00+00:00,2022-10-06 16:00:00-04:00,137,81.0,75.89576624960753,boost_5y_no_dew_pressure,True
2022-10-01 04:00:00+00:00,2022-10-06 21:00:00+00:00,2022-10-06 17:00:00-04:00,138,79.0,74.12478464419345,boost_5y_no_dew_pressure,True
2022-10-01 04:00:00+00:00,2022-10-06 22:00:00+00:00,2022-10-06 18:00:00-04:00,139,73.0,70.29710438609396,boost_5y_no_dew_pressure,True
2022-10-01 04:00:00+00:00,2022-10-06 23:00:00+00:00,2022-10-06 19:00:00-04:00,140,68.0,67.5547866590695,boost_5y_no_dew_pressure,True
2022-10-01 04:00:00+00:00,2022-10-07 00:00:00+00:00,2022-10-06 20:00:00-04:00,141,66.0,66.23990030126495,boost_5y_no_dew_pressure,True
2022-10-01 04:00:00+00:00,2022-10-07 01:00:00+00:00,2022-10-06 21:00:00-04:00,142,63.0,65.23916563025274,boost_5y_no_dew_pressure,True
2022-10-01 04:00:00+00:00,2022-10-07 02:00:00+00:00,2022-10-06 22:00:00-04:00,143,62.0,64.8114066155852,boost_5y_no_dew_pressure,True
2022-10-01 04:00:00+00:00,2022-10-07 03:00:00+00:00,2022-10-06 23:00:00-04:00,144,60.0,64.22867926931909,boost_5y_no_dew_pressure,True
2022-10-01 04:00:00+00:00,2022-10-07 04:00:00+00:00,2022-10-07 00:00:00-04:00,145,59.0,63.76803453334241,boost_5y_no_dew_pressure,True
2022-10-01 04:00:00+00:00,2022-10-07 05:00:00+00:00,2022-10-07 01:00:00-04:00,146,58.0,62.953744216479606,boost_5y_no_dew_pressure,True
2022-10-01 04:00:00+00:00,2022-10-07 06:00:00+00:00,2022-10-07 02:00:00-04:00,147,58.0,62.51281488586435,boost_5y_no_dew_pressure,True
2022-10-01 04:00:00+00:00,2022-10-07 07:00:00+00:00,2022-10-07 03:00:00-04:00,148,57.0,61.86263732249858,boost_5y_no_dew_pressure,True
2022-10-01 04:00:00+00:00,2022-10-07 08:00:00+00:00,2022-10-07 04:00:00-04:00,149,56.0,61.62609493045634,boost_5y_no_dew_pressure,True
2022-10-01 04:00:00+00:00,2022-10-07 09:00:00+00:00,2022-10-07 05:00:00-04:00,150,56.0,61.263440044599115,boost_5y_no_dew_pressure,True
2022-10-01 04:00:00+00:00,2022-10-07 10:00:00+00:00,2022-10-07 06:00:00-04:00,151,55.0,60.94578315004417,boost_5y_no_dew_pressure,True
2022-10-01 04:00:00+00:00,2022-10-07 11:00:00+00:00,2022-10-07 07:00:00-04:00,152,56.0,61.50886761733596,boost_5y_no_dew_pressure,True
2022-10-01 04:00:00+00:00,2022-10-07 12:00:00+00:00,2022-10-07 08:00:00-04:00,153,62.0,64.3987567137251,boost_5y_no_dew_pressure,True
2022-10-01 04:00:00+00:00,2022-10-07 13:00:00+00:00,2022-10-07 09:00:00-04:00,154,67.0,67.6765466434516,boost_5y_no_dew_pressure,True
2022-10-01 04:00:00+00:00,2022-10-07 14:00:00+00:00,2022-10-07 10:00:00-04:00,155,74.0,70.90656364935559,boost_5y_no_dew_pressure,True
2022-10-01 04:00:00+00:00,2022-10-07 15:00:00+00:00,2022-10-07 11:00:00-04:00,156,79.0,73.14426604353288,boost_5y_no_dew_pressure,True
2022-10-01 04:00:00+00:00,2022-10-07 16:00:00+00:00,2022-10-07 12:00:00-04:00,157,80.0,74.86510212724404,boost_5y_no_dew_pressure,True
2022-10-01 04:00:00+00:00,2022-10-07 17:00:00+00:00,2022-10-07 13:00:00-04:00,158,83.0,76.2898379852789,boost_5y_no_dew_pressure,True
2022-10-01 04:00:00+00:00,2022-10-07 18:00:00+00:00,2022-10-07 14:00:00-04:00,159,84.0,76.8147275869825,boost_5y_no_dew_pressure,True
2022-10-01 04:00:00+00:00,2022-10-07 19:00:00+00:00,2022-10-07 15:00:00-04:00,160,82.0,76.93112199370566,boost_5y_no_dew_pressure,True
2022-10-01 04:00:00+00:00,2022-10-07 20:00:00+00:00,2022-10-07 16:00:00-04:00,161,83.0,76.48610340945483,boost_5y_no_dew_pressure,True
2022-10-01 04:00:00+00:00,2022-10-07 21:00:00+00:00,2022-10-07 17:00:00-04:00,162,79.0,74.73707080071414,boost_5y_no_dew_pressure,True
2022-10-01 04:00:00+00:00,2022-10-07 22:00:00+00:00,2022-10-07 18:00:00-04:00,163,73.0,70.81484018729178,boost_5y_no_dew_pressure,True
2022-10-01 04:00:00+00:00,2022-10-07 23:00:00+00:00,2022-10-07 19:00:00-04:00,164,68.0,68.11754295750137,boost_5y_no_dew_pressure,True
2022-10-01 04:00:00+00:00,2022-10-08 00:00:00+00:00,2022-10-07 20:00:00-04:00,165,66.0,66.69395880838235,boost_5y_no_dew_pressure,True
2022-10-01 04:00:00+00:00,2022-10-08 01:00:00+00:00,2022-10-07 21:00:00-04:00,166,64.0,65.61293849032012,boost_5y_no_dew_pressure,True
2022-10-01 04:00:00+00:00,2022-10-08 02:00:00+00:00,2022-10-07 22:00:00-04:00,167,63.0,65.10508167360905,boost_5y_no_dew_pressure,True
2022-10-01 04:00:00+00:00,2022-10-08 03:00:00+00:00,2022-10-07 23:00:00-04:00,168,62.0,64.47892088141437,boost_5y_no_dew_pressure,True
2022-10-01 04:00:00+00:00,2022-10-08 04:00:00+00:00,2022-10-08 00:00:00-04:00,169,61.0,64.12729898029338,boost_5y_no_dew_pressure,True
2022-10-01 04:00:00+00:00,2022-10-08 05:00:00+00:00,2022-10-08 01:00:00-04:00,170,60.0,63.31943950662323,boost_5y_no_dew_pressure,True
2022-10-01 04:00:00+00:00,2022-10-08 06:00:00+00:00,2022-10-08 02:00:00-04:00,171,63.0,62.921376217123274,boost_5y_no_dew_pressure,True
2022-10-01 04:00:00+00:00,2022-10-08 07:00:00+00:00,2022-10-08 03:00:00-04:00,172,63.0,62.30058314618734,boost_5y_no_dew_pressure,True
2022-10-01 04:00:00+00:00,2022-10-08 08:00:00+00:00,2022-10-08 04:00:00-04:00,173,61.0,62.08333967451681,boost_5y_no_dew_pressure,True
2022-10-01 04:00:00+00:00,2022-10-08 09:00:00+00:00,2022-10-08 05:00:00-04:00,174,60.0,61.648775468498165,boost_5y_no_dew_pressure,True
2022-10-01 04:00:00+00:00,2022-10-08 10:00:00+00:00,2022-10-08 06:00:00-04:00,175,59.0,61.417605045402134,boost_5y_no_dew_pressure,True
2022-10-01 04:00:00+00:00,2022-10-08 11:00:00+00:00,2022-10-08 07:00:00-04:00,176,58.0,61.84438807410701,boost_5y_no_dew_pressure,True
2022-10-01 04:00:00+00:00,2022-10-08 12:00:00+00:00,2022-10-08 08:00:00-04:00,177,59.0,64.88394524741663,boost_5y_no_dew_pressure,True
2022-10-01 04:00:00+00:00,2022-10-08 13:00:00+00:00,2022-10-08 09:00:00-04:00,178,61.0,68.16596473068685,boost_5y_no_dew_pressure,True
2022-10-01 04:00:00+00:00,2022-10-08 14:00:00+00:00,2022-10-08 10:00:00-04:00,179,63.0,71.37435634156857,boost_5y_no_dew_pressure,True
2022-10-01 04:00:00+00:00,2022-10-08 15:00:00+00:00,2022-10-08 11:00:00-04:00,180,65.0,73.76339966443314,boost_5y_no_dew_pressure,True
2022-10-01 04:00:00+00:00,2022-10-08 16:00:00+00:00,2022-10-08 12:00:00-04:00,181,65.0,75.49799895573314,boost_5y_no_dew_pressure,True
2022-10-01 04:00:00+00:00,2022-10-08 17:00:00+00:00,2022-10-08 13:00:00-04:00,182,65.0,77.00753147247441,boost_5y_no_dew_pressure,True
2022-10-01 04:00:00+00:00,2022-10-08 18:00:00+00:00,2022-10-08 14:00:00-04:00,183,65.0,77.43725327333748,boost_5y_no_dew_pressure,True
2022-10-01 04:00:00+00:00,2022-10-08 19:00:00+00:00,2022-10-08 15:00:00-04:00,184,65.0,77.54653249682548,boost_5y_no_dew_pressure,True
2022-10-01 04:00:00+00:00,2022-10-08 20:00:00+00:00,2022-10-08 16:00:00-04:00,185,64.0,77.19083844021222,boost_5y_no_dew_pressure,True
2022-10-01 04:00:00+00:00,2022-10-08 21:00:00+00:00,2022-10-08 17:00:00-04:00,186,62.0,75.4465706140281,boost_5y_no_dew_pressure,True
2022-10-01 04:00:00+00:00,2022-10-08 22:00:00+00:00,2022-10-08 18:00:00-04:00,187,58.0,71.42922447537289,boost_5y_no_dew_pressure,True
2022-10-01 04:00:00+00:00,2022-10-08 23:00:00+00:00,2022-10-08 19:00:00-04:00,188,56.0,68.84586410106978,boost_5y_no_dew_pressure,True
2022-10-01 04:00:00+00:00,2022-10-09 00:00:00+00:00,2022-10-08 20:00:00-04:00,189,55.0,67.46557222552856,boost_5y_no_dew_pressure,True
2022-10-01 04:00:00+00:00,2022-10-09 01:00:00+00:00,2022-10-08 21:00:00-04:00,190,52.0,66.25574818478562,boost_5y_no_dew_pressure,True
2022-10-01 04:00:00+00:00,2022-10-09 02:00:00+00:00,2022-10-08 22:00:00-04:00,191,50.0,65.739209074113,boost_5y_no_dew_pressure,True
2022-10-01 04:00:00+00:00,2022-10-09 03:00:00+00:00,2022-10-08 23:00:00-04:00,192,49.0,65.10946014627721,boost_5y_no_dew_pressure,True
2022-10-01 04:00:00+00:00,2022-10-09 04:00:00+00:00,2022-10-09 00:00:00-04:00,193,47.0,64.28844324917111,boost_5y_no_dew_pressure,True
2022-10-01 04:00:00+00:00,2022-10-09 05:00:00+00:00,2022-10-09 01:00:00-04:00,194,48.0,63.66195504681343,boost_5y_no_dew_pressure,True
2022-10-01 04:00:00+00:00,2022-10-09 06:00:00+00:00,2022-10-09 02:00:00-04:00,195,48.0,63.224226894956985,boost_5y_no_dew_pressure,True
2022-10-01 04:00:00+00:00,2022-10-09 07:00:00+00:00,2022-10-09 03:00:00-04:00,196,47.0,62.66244934624562,boost_5y_no_dew_pressure,True
2022-10-01 04:00:00+00:00,2022-10-09 08:00:00+00:00,2022-10-09 04:00:00-04:00,197,45.0,62.384346566354665,boost_5y_no_dew_pressure,True
2022-10-01 04:00:00+00:00,2022-10-09 09:00:00+00:00,2022-10-09 05:00:00-04:00,198,43.0,61.981480433628256,boost_5y_no_dew_pressure,True
2022-10-01 04:00:00+00:00,2022-10-09 10:00:00+00:00,2022-10-09 06:00:00-04:00,199,42.0,61.66283930250566,boost_5y_no_dew_pressure,True
2022-10-01 04:00:00+00:00,2022-10-09 11:00:00+00:00,2022-10-09 07:00:00-04:00,200,44.0,62.086725796763666,boost_5y_no_dew_pressure,True
2022-10-01 04:00:00+00:00,2022-10-09 12:00:00+00:00,2022-10-09 08:00:00-04:00,201,49.0,65.06360865644169,boost_5y_no_dew_pressure,True
2022-10-01 04:00:00+00:00,2022-10-09 13:00:00+00:00,2022-10-09 09:00:00-04:00,202,54.0,67.99520341958966,boost_5y_no_dew_pressure,True
2022-10-01 04:00:00+00:00,2022-10-09 14:00:00+00:00,2022-10-09 10:00:00-04:00,203,57.0,71.13279751432039,boost_5y_no_dew_pressure,True
2022-10-01 04:00:00+00:00,2022-10-09 15:00:00+00:00,2022-10-09 11:00:00-04:00,204,62.0,73.41666691212117,boost_5y_no_dew_pressure,True
2022-10-01 04:00:00+00:00,2022-10-09 16:00:00+00:00,2022-10-09 12:00:00-04:00,205,66.0,75.09546493542864,boost_5y_no_dew_pressure,True
2022-10-01 04:00:00+00:00,2022-10-09 17:00:00+00:00,2022-10-09 13:00:00-04:00,206,66.0,76.54964531608469,boost_5y_no_dew_pressure,True
2022-10-01 04:00:00+00:00,2022-10-09 18:00:00+00:00,2022-10-09 14:00:00-04:00,207,71.0,77.02997607517291,boost_5y_no_dew_pressure,True
2022-10-01 04:00:00+00:00,2022-10-09 19:00:00+00:00,2022-10-09 15:00:00-04:00,208,71.0,76.88694186442268,boost_5y_no_dew_pressure,True
2022-10-01 04:00:00+00:00,2022-10-09 20:00:00+00:00,2022-10-09 16:00:00-04:00,209,71.0,76.59664507267559,boost_5y_no_dew_pressure,True
2022-10-01 04:00:00+00:00,2022-10-09 21:00:00+00:00,2022-10-09 17:00:00-04:00,210,69.0,74.93415831346218,boost_5y_no_dew_pressure,True
2022-10-01 04:00:00+00:00,2022-10-09 22:00:00+00:00,2022-10-09 18:00:00-04:00,211,64.0,71.03628951615062,boost_5y_no_dew_pressure,True
2022-10-01 04:00:00+00:00,2022-10-09 23:00:00+00:00,2022-10-09 19:00:00-04:00,212,59.0,68.61486501415182,boost_5y_no_dew_pressure,True
2022-10-01 04:00:00+00:00,2022-10-10 00:00:00+00:00,2022-10-09 20:00:00-04:00,213,59.0,67.33149438591299,boost_5y_no_dew_pressure,True
2022-10-01 04:00:00+00:00,2022-10-10 01:00:00+00:00,2022-10-09 21:00:00-04:00,214,55.0,66.0942783269513,boost_5y_no_dew_pressure,True
2022-10-01 04:00:00+00:00,2022-10-10 02:00:00+00:00,2022-10-09 22:00:00-04:00,215,55.0,65.51035720274919,boost_5y_no_dew_pressure,True
2022-10-01 04:00:00+00:00,2022-10-10 03:00:00+00:00,2022-10-09 23:00:00-04:00,216,52.0,64.86938983497525,boost_5y_no_dew_pressure,True
2022-10-01 04:00:00+00:00,2022-10-10 04:00:00+00:00,2022-10-10 00:00:00-04:00,217,52.0,64.05925869992085,boost_5y_no_dew_pressure,True
2022-10-01 04:00:00+00:00,2022-10-10 05:00:00+00:00,2022-10-10 01:00:00-04:00,218,55.0,63.45633854844604,boost_5y_no_dew_pressure,True
2022-10-01 04:00:00+00:00,2022-10-10 06:00:00+00:00,2022-10-10 02:00:00-04:00,219,56.0,63.00439572442742,boost_5y_no_dew_pressure,True
2022-10-01 04:00:00+00:00,2022-10-10 07:00:00+00:00,2022-10-10 03:00:00-04:00,220,55.0,62.44372878011768,boost_5y_no_dew_pressure,True
2022-10-01 04:00:00+00:00,2022-10-10 08:00:00+00:00,2022-10-10 04:00:00-04:00,221,54.0,62.122948972479676,boost_5y_no_dew_pressure,True
2022-10-01 04:00:00+00:00,2022-10-10 09:00:00+00:00,2022-10-10 05:00:00-04:00,222,54.0,61.6995782161877,boost_5y_no_dew_pressure,True
2022-10-01 04:00:00+00:00,2022-10-10 10:00:00+00:00,2022-10-10 06:00:00-04:00,223,53.0,61.38604074565764,boost_5y_no_dew_pressure,True
2022-10-01 04:00:00+00:00,2022-10-10 11:00:00+00:00,2022-10-10 07:00:00-04:00,224,55.0,61.64384348837543,boost_5y_no_dew_pressure,True
2022-10-01 04:00:00+00:00,2022-10-10 12:00:00+00:00,2022-10-10 08:00:00-04:00,225,56.0,64.34504355214618,boost_5y_no_dew_pressure,True
2022-10-01 04:00:00+00:00,2022-10-10 13:00:00+00:00,2022-10-10 09:00:00-04:00,226,57.0,67.14528170478141,boost_5y_no_dew_pressure,True
2022-10-01 04:00:00+00:00,2022-10-10 14:00:00+00:00,2022-10-10 10:00:00-04:00,227,62.0,70.14525454793898,boost_5y_no_dew_pressure,True
2022-10-01 04:00:00+00:00,2022-10-10 15:00:00+00:00,2022-10-10 11:00:00-04:00,228,67.0,72.28173374533243,boost_5y_no_dew_pressure,True
2022-10-01 04:00:00+00:00,2022-10-10 16:00:00+00:00,2022-10-10 12:00:00-04:00,229,69.0,73.86505393212694,boost_5y_no_dew_pressure,True
2022-10-01 04:00:00+00:00,2022-10-10 17:00:00+00:00,2022-10-10 13:00:00-04:00,230,71.0,75.34782572511924,boost_5y_no_dew_pressure,True
2022-10-01 04:00:00+00:00,2022-10-10 18:00:00+00:00,2022-10-10 14:00:00-04:00,231,72.0,75.8547550841702,boost_5y_no_dew_pressure,True
2022-10-01 04:00:00+00:00,2022-10-10 19:00:00+00:00,2022-10-10 15:00:00-04:00,232,72.0,75.75101128922151,boost_5y_no_dew_pressure,True
2022-10-01 04:00:00+00:00,2022-10-10 20:00:00+00:00,2022-10-10 16:00:00-04:00,233,71.0,75.39051621425625,boost_5y_no_dew_pressure,True
2022-10-01 04:00:00+00:00,2022-10-10 21:00:00+00:00,2022-10-10 17:00:00-04:00,234,70.0,73.7887779214658,boost_5y_no_dew_pressure,True
2022-10-01 04:00:00+00:00,2022-10-10 22:00:00+00:00,2022-10-10 18:00:00-04:00,235,64.0,69.9307740347121,boost_5y_no_dew_pressure,True
2022-10-01 04:00:00+00:00,2022-10-10 23:00:00+00:00,2022-10-10 19:00:00-04:00,236,59.0,67.52472136905993,boost_5y_no_dew_pressure,True
2022-10-01 04:00:00+00:00,2022-10-11 00:00:00+00:00,2022-10-10 20:00:00-04:00,237,59.0,66.2522957211837,boost_5y_no_dew_pressure,True
2022-10-01 04:00:00+00:00,2022-10-11 01:00:00+00:00,2022-10-10 21:00:00-04:00,238,56.0,65.04700544043823,boost_5y_no_dew_pressure,True
2022-10-01 04:00:00+00:00,2022-10-11 02:00:00+00:00,2022-10-10 22:00:00-04:00,239,53.0,64.49337030612578,boost_5y_no_dew_pressure,True
2022-10-01 04:00:00+00:00,2022-10-11 03:00:00+00:00,2022-10-10 23:00:00-04:00,240,51.0,63.84839575449298,boost_5y_no_dew_pressure,True
2022-10-01 04:00:00+00:00,2022-10-11 04:00:00+00:00,2022-10-11 00:00:00-04:00,241,50.0,63.135855429899735,boost_5y_no_dew_pressure,True
2022-10-01 04:00:00+00:00,2022-10-11 05:00:00+00:00,2022-10-11 01:00:00-04:00,242,49.0,62.58326680944048,boost_5y_no_dew_pressure,True
2022-10-01 04:00:00+00:00,2022-10-11 06:00:00+00:00,2022-10-11 02:00:00-04:00,243,48.0,62.02796694053133,boost_5y_no_dew_pressure,True
2022-10-01 04:00:00+00:00,2022-10-11 07:00:00+00:00,2022-10-11 03:00:00-04:00,244,45.0,61.46303985940747,boost_5y_no_dew_pressure,True
2022-10-01 04:00:00+00:00,2022-10-11 08:00:00+00:00,2022-10-11 04:00:00-04:00,245,46.0,61.106919733525565,boost_5y_no_dew_pressure,True
2022-10-01 04:00:00+00:00,2022-10-11 09:00:00+00:00,2022-10-11 05:00:00-04:00,246,43.0,60.67724340910187,boost_5y_no_dew_pressure,True
2022-10-01 04:00:00+00:00,2022-10-11 10:00:00+00:00,2022-10-11 06:00:00-04:00,247,44.0,60.30339638177473,boost_5y_no_dew_pressure,True
2022-10-01 04:00:00+00:00,2022-10-11 11:00:00+00:00,2022-10-11 07:00:00-04:00,248,46.0,60.56560278093449,boost_5y_no_dew_pressure,True
2022-10-01 04:00:00+00:00,2022-10-11 12:00:00+00:00,2022-10-11 08:00:00-04:00,249,53.0,63.31093656513856,boost_5y_no_dew_pressure,True
2022-10-01 04:00:00+00:00,2022-10-11 13:00:00+00:00,2022-10-11 09:00:00-04:00,250,60.0,66.11188699295298,boost_5y_no_dew_pressure,True
2022-10-01 04:00:00+00:00,2022-10-11 14:00:00+00:00,2022-10-11 10:00:00-04:00,251,66.0,69.13904063113104,boost_5y_no_dew_pressure,True
2022-10-01 04:00:00+00:00,2022-10-11 15:00:00+00:00,2022-10-11 11:00:00-04:00,252,67.0,71.20624386642837,boost_5y_no_dew_pressure,True
2022-10-01 04:00:00+00:00,2022-10-11 16:00:00+00:00,2022-10-11 12:00:00-04:00,253,70.0,72.84781289149838,boost_5y_no_dew_pressure,True
2022-10-01 04:00:00+00:00,2022-10-11 17:00:00+00:00,2022-10-11 13:00:00-04:00,254,72.0,74.25813646671044,boost_5y_no_dew_pressure,True
2022-10-01 04:00:00+00:00,2022-10-11 18:00:00+00:00,2022-10-11 14:00:00-04:00,255,72.0,74.69824907361698,boost_5y_no_dew_pressure,True
2022-10-01 04:00:00+00:00,2022-10-11 19:00:00+00:00,2022-10-11 15:00:00-04:00,256,72.0,74.7131697507092,boost_5y_no_dew_pressure,True
2022-10-01 04:00:00+00:00,2022-10-11 20:00:00+00:00,2022-10-11 16:00:00-04:00,257,72.0,74.31130785918987,boost_5y_no_dew_pressure,True
2022-10-01 04:00:00+00:00,2022-10-11 21:00:00+00:00,2022-10-11 17:00:00-04:00,258,68.0,72.7204143819543,boost_5y_no_dew_pressure,True
2022-10-01 04:00:00+00:00,2022-10-11 22:00:00+00:00,2022-10-11 18:00:00-04:00,259,64.0,68.84123737877523,boost_5y_no_dew_pressure,True
2022-10-01 04:00:00+00:00,2022-10-11 23:00:00+00:00,2022-10-11 19:00:00-04:00,260,60.0,66.42701120304928,boost_5y_no_dew_pressure,True
2022-10-01 04:00:00+00:00,2022-10-12 00:00:00+00:00,2022-10-11 20:00:00-04:00,261,56.0,65.17971073950372,boost_5y_no_dew_pressure,True
2022-10-01 04:00:00+00:00,2022-10-12 01:00:00+00:00,2022-10-11 21:00:00-04:00,262,52.0,64.02113032704482,boost_5y_no_dew_pressure,True
2022-10-01 04:00:00+00:00,2022-10-12 02:00:00+00:00,2022-10-11 22:00:00-04:00,263,52.0,63.38194230957121,boost_5y_no_dew_pressure,True
2022-10-01 04:00:00+00:00,2022-10-12 03:00:00+00:00,2022-10-11 23:00:00-04:00,264,52.0,62.65554491678419,boost_5y_no_dew_pressure,True
2022-10-01 04:00:00+00:00,2022-10-12 04:00:00+00:00,2022-10-12 00:00:00-04:00,265,53.0,61.85008105664725,boost_5y_no_dew_pressure,True
2022-10-01 04:00:00+00:00,2022-10-12 05:00:00+00:00,2022-10-12 01:00:00-04:00,266,53.0,61.42201386728674,boost_5y_no_dew_pressure,True
2022-10-01 04:00:00+00:00,2022-10-12 06:00:00+00:00,2022-10-12 02:00:00-04:00,267,53.0,60.73165327930094,boost_5y_no_dew_pressure,True
2022-10-01 04:00:00+00:00,2022-10-12 07:00:00+00:00,2022-10-12 03:00:00-04:00,268,53.0,60.14699296622135,boost_5y_no_dew_pressure,True
2022-10-01 04:00:00+00:00,2022-10-12 08:00:00+00:00,2022-10-12 04:00:00-04:00,269,51.0,59.77347122716627,boost_5y_no_dew_pressure,True
2022-10-01 04:00:00+00:00,2022-10-12 09:00:00+00:00,2022-10-12 05:00:00-04:00,270,50.0,59.33948334754044,boost_5y_no_dew_pressure,True
2022-10-01 04:00:00+00:00,2022-10-12 10:00:00+00:00,2022-10-12 06:00:00-04:00,271,51.0,58.9525479493357,boost_5y_no_dew_pressure,True
2022-10-01 04:00:00+00:00,2022-10-12 11:00:00+00:00,2022-10-12 07:00:00-04:00,272,52.0,59.18830555608465,boost_5y_no_dew_pressure,True
2022-10-01 04:00:00+00:00,2022-10-12 12:00:00+00:00,2022-10-12 08:00:00-04:00,273,58.0,62.159637092556736,boost_5y_no_dew_pressure,True
2022-10-01 04:00:00+00:00,2022-10-12 13:00:00+00:00,2022-10-12 09:00:00-04:00,274,62.0,65.27699793348354,boost_5y_no_dew_pressure,True
2022-10-01 04:00:00+00:00,2022-10-12 14:00:00+00:00,2022-10-12 10:00:00-04:00,275,67.0,68.2278704247633,boost_5y_no_dew_pressure,True
2022-10-01 04:00:00+00:00,2022-10-12 15:00:00+00:00,2022-10-12 11:00:00-04:00,276,69.0,70.3352561085754,boost_5y_no_dew_pressure,True
2022-10-01 04:00:00+00:00,2022-10-12 16:00:00+00:00,2022-10-12 12:00:00-04:00,277,72.0,72.00593837424495,boost_5y_no_dew_pressure,True
2022-10-01 04:00:00+00:00,2022-10-12 17:00:00+00:00,2022-10-12 13:00:00-04:00,278,74.0,73.46550236711057,boost_5y_no_dew_pressure,True
2022-10-01 04:00:00+00:00,2022-10-12 18:00:00+00:00,2022-10-12 14:00:00-04:00,279,76.0,73.95371757604089,boost_5y_no_dew_pressure,True
2022-10-01 04:00:00+00:00,2022-10-12 19:00:00+00:00,2022-10-12 15:00:00-04:00,280,76.0,74.00805708766485,boost_5y_no_dew_pressure,True
2022-10-01 04:00:00+00:00,2022-10-12 20:00:00+00:00,2022-10-12 16:00:00-04:00,281,75.0,73.75433971034724,boost_5y_no_dew_pressure,True
2022-10-01 04:00:00+00:00,2022-10-12 21:00:00+00:00,2022-10-12 17:00:00-04:00,282,73.0,72.03596211291102,boost_5y_no_dew_pressure,True
2022-10-01 04:00:00+00:00,2022-10-12 22:00:00+00:00,2022-10-12 18:00:00-04:00,283,71.0,68.08579465510842,boost_5y_no_dew_pressure,True
2022-10-01 04:00:00+00:00,2022-10-12 23:00:00+00:00,2022-10-12 19:00:00-04:00,284,69.0,65.71632054343213,boost_5y_no_dew_pressure,True
2022-10-01 04:00:00+00:00,2022-10-13 00:00:00+00:00,2022-10-12 20:00:00-04:00,285,69.0,64.58628677906874,boost_5y_no_dew_pressure,True
2022-10-01 04:00:00+00:00,2022-10-13 01:00:00+00:00,2022-10-12 21:00:00-04:00,286,69.0,63.38505616022263,boost_5y_no_dew_pressure,True
2022-10-01 04:00:00+00:00,2022-10-13 02:00:00+00:00,2022-10-12 22:00:00-04:00,287,68.0,62.71544385673497,boost_5y_no_dew_pressure,True
2022-10-01 04:00:00+00:00,2022-10-13 03:00:00+00:00,2022-10-12 23:00:00-04:00,288,67.0,61.89902826217835,boost_5y_no_dew_pressure,True
2022-10-01 04:00:00+00:00,2022-10-13 04:00:00+00:00,2022-10-13 00:00:00-04:00,289,66.0,61.162426664255115,boost_5y_no_dew_pressure,True
2022-10-01 04:00:00+00:00,2022-10-13 05:00:00+00:00,2022-10-13 01:00:00-04:00,290,66.0,60.77572652689168,boost_5y_no_dew_pressure,True
2022-10-01 04:00:00+00:00,2022-10-13 06:00:00+00:00,2022-10-13 02:00:00-04:00,291,66.0,60.149483130699764,boost_5y_no_dew_pressure,True
2022-10-01 04:00:00+00:00,2022-10-13 07:00:00+00:00,2022-10-13 03:00:00-04:00,292,67.0,59.589917518758256,boost_5y_no_dew_pressure,True
2022-10-01 04:00:00+00:00,2022-10-13 08:00:00+00:00,2022-10-13 04:00:00-04:00,293,66.0,59.269872680134874,boost_5y_no_dew_pressure,True
2022-10-01 04:00:00+00:00,2022-10-13 09:00:00+00:00,2022-10-13 05:00:00-04:00,294,65.0,58.92760280236856,boost_5y_no_dew_pressure,True
2022-10-01 04:00:00+00:00,2022-10-13 10:00:00+00:00,2022-10-13 06:00:00-04:00,295,66.0,58.5378336508591,boost_5y_no_dew_pressure,True
2022-10-01 04:00:00+00:00,2022-10-13 11:00:00+00:00,2022-10-13 07:00:00-04:00,296,66.0,58.79561353366142,boost_5y_no_dew_pressure,True
2022-10-01 04:00:00+00:00,2022-10-13 12:00:00+00:00,2022-10-13 08:00:00-04:00,297,67.0,61.73567207647335,boost_5y_no_dew_pressure,True
2022-10-01 04:00:00+00:00,2022-10-13 13:00:00+00:00,2022-10-13 09:00:00-04:00,298,69.0,64.82552270281214,boost_5y_no_dew_pressure,True
2022-10-01 04:00:00+00:00,2022-10-13 14:00:00+00:00,2022-10-13 10:00:00-04:00,299,70.0,67.75010627496926,boost_5y_no_dew_pressure,True
2022-10-01 04:00:00+00:00,2022-10-13 15:00:00+00:00,2022-10-13 11:00:00-04:00,300,71.0,69.86987492774341,boost_5y_no_dew_pressure,True
2022-10-01 04:00:00+00:00,2022-10-13 16:00:00+00:00,2022-10-13 12:00:00-04:00,301,74.0,71.58627542113308,boost_5y_no_dew_pressure,True
2022-10-01 04:00:00+00:00,2022-10-13 17:00:00+00:00,2022-10-13 13:00:00-04:00,302,76.0,73.02646472264715,boost_5y_no_dew_pressure,True
2022-10-01 04:00:00+00:00,2022-10-13 18:00:00+00:00,2022-10-13 14:00:00-04:00,303,79.0,73.50157356141254,boost_5y_no_dew_pressure,True
2022-10-01 04:00:00+00:00,2022-10-13 19:00:00+00:00,2022-10-13 15:00:00-04:00,304,76.0,73.7018277151288,boost_5y_no_dew_pressure,True
2022-10-01 04:00:00+00:00,2022-10-13 20:00:00+00:00,2022-10-13 16:00:00-04:00,305,75.0,73.5106459204445,boost_5y_no_dew_pressure,True
2022-10-01 04:00:00+00:00,2022-10-13 21:00:00+00:00,2022-10-13 17:00:00-04:00,306,75.0,71.71476542410475,boost_5y_no_dew_pressure,True
2022-10-01 04:00:00+00:00,2022-10-13 22:00:00+00:00,2022-10-13 18:00:00-04:00,307,70.0,67.70247393376307,boost_5y_no_dew_pressure,True
2022-10-01 04:00:00+00:00,2022-10-13 23:00:00+00:00,2022-10-13 19:00:00-04:00,308,68.0,65.35691370572292,boost_5y_no_dew_pressure,True
2022-10-01 04:00:00+00:00,2022-10-14 00:00:00+00:00,2022-10-13 20:00:00-04:00,309,66.0,64.18264704375784,boost_5y_no_dew_pressure,True
2022-10-01 04:00:00+00:00,2022-10-14 01:00:00+00:00,2022-10-13 21:00:00-04:00,310,65.0,62.96364312888893,boost_5y_no_dew_pressure,True
2022-10-01 04:00:00+00:00,2022-10-14 02:00:00+00:00,2022-10-13 22:00:00-04:00,311,63.0,62.240932880379845,boost_5y_no_dew_pressure,True
2022-10-01 04:00:00+00:00,2022-10-14 03:00:00+00:00,2022-10-13 23:00:00-04:00,312,67.0,61.345050774166516,boost_5y_no_dew_pressure,True
2022-10-01 04:00:00+00:00,2022-10-14 04:00:00+00:00,2022-10-14 00:00:00-04:00,313,65.0,60.51892945763438,boost_5y_no_dew_pressure,True
2022-10-01 04:00:00+00:00,2022-10-14 05:00:00+00:00,2022-10-14 01:00:00-04:00,314,65.0,60.11894422350024,boost_5y_no_dew_pressure,True
2022-10-01 04:00:00+00:00,2022-10-14 06:00:00+00:00,2022-10-14 02:00:00-04:00,315,64.0,59.505625452368925,boost_5y_no_dew_pressure,True
2022-10-01 04:00:00+00:00,2022-10-14 07:00:00+00:00,2022-10-14 03:00:00-04:00,316,62.0,58.90597890156721,boost_5y_no_dew_pressure,True
2022-10-01 04:00:00+00:00,2022-10-14 08:00:00+00:00,2022-10-14 04:00:00-04:00,317,61.0,58.58598838783093,boost_5y_no_dew_pressure,True
2022-10-01 04:00:00+00:00,2022-10-14 09:00:00+00:00,2022-10-14 05:00:00-04:00,318,58.0,58.200955147563576,boost_5y_no_dew_pressure,True
2022-10-01 04:00:00+00:00,2022-10-14 10:00:00+00:00,2022-10-14 06:00:00-04:00,319,57.0,57.80065082101765,boost_5y_no_dew_pressure,True
2022-10-01 04:00:00+00:00,2022-10-14 11:00:00+00:00,2022-10-14 07:00:00-04:00,320,56.0,58.01192087438886,boost_5y_no_dew_pressure,True
2022-10-01 04:00:00+00:00,2022-10-14 12:00:00+00:00,2022-10-14 08:00:00-04:00,321,59.0,61.01079323948891,boost_5y_no_dew_pressure,True
2022-10-01 04:00:00+00:00,2022-10-14 13:00:00+00:00,2022-10-14 09:00:00-04:00,322,63.0,64.23143509559553,boost_5y_no_dew_pressure,True
2022-10-01 04:00:00+00:00,2022-10-14 14:00:00+00:00,2022-10-14 10:00:00-04:00,323,65.0,67.23220384066578,boost_5y_no_dew_pressure,True
2022-10-01 04:00:00+00:00,2022-10-14 15:00:00+00:00,2022-10-14 11:00:00-04:00,324,68.0,69.41670201141282,boost_5y_no_dew_pressure,True
2022-10-01 04:00:00+00:00,2022-10-14 16:00:00+00:00,2022-10-14 12:00:00-04:00,325,70.0,71.2161038322991,boost_5y_no_dew_pressure,True
2022-10-01 04:00:00+00:00,2022-10-14 17:00:00+00:00,2022-10-14 13:00:00-04:00,326,71.0,72.65551390380006,boost_5y_no_dew_pressure,True
2022-10-01 04:00:00+00:00,2022-10-14 18:00:00+00:00,2022-10-14 14:00:00-04:00,327,71.0,73.16032743638804,boost_5y_no_dew_pressure,True
2022-10-01 04:00:00+00:00,2022-10-14 19:00:00+00:00,2022-10-14 15:00:00-04:00,328,72.0,73.29310453809924,boost_5y_no_dew_pressure,True
2022-10-01 04:00:00+00:00,2022-10-14 20:00:00+00:00,2022-10-14 16:00:00-04:00,329,71.0,73.0293831673939,boost_5y_no_dew_pressure,True
2022-10-01 04:00:00+00:00,2022-10-14 21:00:00+00:00,2022-10-14 17:00:00-04:00,330,70.0,71.18486394061303,boost_5y_no_dew_pressure,True
2022-10-01 04:00:00+00:00,2022-10-14 22:00:00+00:00,2022-10-14 18:00:00-04:00,331,65.0,67.13496027053988,boost_5y_no_dew_pressure,True
2022-10-01 04:00:00+00:00,2022-10-14 23:00:00+00:00,2022-10-14 19:00:00-04:00,332,58.0,64.82249312616948,boost_5y_no_dew_pressure,True
2022-10-01 04:00:00+00:00,2022-10-15 00:00:00+00:00,2022-10-14 20:00:00-04:00,333,57.0,63.6069778018404,boost_5y_no_dew_pressure,True
2022-10-01 04:00:00+00:00,2022-10-15 01:00:00+00:00,2022-10-14 21:00:00-04:00,334,55.0,62.420136307514774,boost_5y_no_dew_pressure,True
2022-10-01 04:00:00+00:00,2022-10-15 02:00:00+00:00,2022-10-14 22:00:00-04:00,335,55.0,61.59078974838007,boost_5y_no_dew_pressure,True
2022-10-01 04:00:00+00:00,2022-10-15 03:00:00+00:00,2022-10-14 23:00:00-04:00,336,52.0,60.831597987698046,boost_5y_no_dew_pressure,True
2022-10-08 04:00:00+00:00,2022-10-08 04:00:00+00:00,2022-10-08 00:00:00-04:00,1,61.0,62.0759318279257,boost_5y_no_dew_pressure,True
2022-10-08 04:00:00+00:00,2022-10-08 05:00:00+00:00,2022-10-08 01:00:00-04:00,2,60.0,61.48615418930762,boost_5y_no_dew_pressure,True
2022-10-08 04:00:00+00:00,2022-10-08 06:00:00+00:00,2022-10-08 02:00:00-04:00,3,63.0,61.29354748401817,boost_5y_no_dew_pressure,True
2022-10-08 04:00:00+00:00,2022-10-08 07:00:00+00:00,2022-10-08 03:00:00-04:00,4,63.0,60.6917872737089,boost_5y_no_dew_pressure,True
2022-10-08 04:00:00+00:00,2022-10-08 08:00:00+00:00,2022-10-08 04:00:00-04:00,5,61.0,60.55617574681693,boost_5y_no_dew_pressure,True
2022-10-08 04:00:00+00:00,2022-10-08 09:00:00+00:00,2022-10-08 05:00:00-04:00,6,60.0,60.476947985411606,boost_5y_no_dew_pressure,True
2022-10-08 04:00:00+00:00,2022-10-08 10:00:00+00:00,2022-10-08 06:00:00-04:00,7,59.0,59.91646745139889,boost_5y_no_dew_pressure,True
2022-10-08 04:00:00+00:00,2022-10-08 11:00:00+00:00,2022-10-08 07:00:00-04:00,8,58.0,61.20013217677664,boost_5y_no_dew_pressure,True
2022-10-08 04:00:00+00:00,2022-10-08 12:00:00+00:00,2022-10-08 08:00:00-04:00,9,59.0,63.33878002885317,boost_5y_no_dew_pressure,True
2022-10-08 04:00:00+00:00,2022-10-08 13:00:00+00:00,2022-10-08 09:00:00-04:00,10,61.0,65.96188550959705,boost_5y_no_dew_pressure,True
2022-10-08 04:00:00+00:00,2022-10-08 14:00:00+00:00,2022-10-08 10:00:00-04:00,11,63.0,68.8477158113293,boost_5y_no_dew_pressure,True
2022-10-08 04:00:00+00:00,2022-10-08 15:00:00+00:00,2022-10-08 11:00:00-04:00,12,65.0,71.04375573344849,boost_5y_no_dew_pressure,True
2022-10-08 04:00:00+00:00,2022-10-08 16:00:00+00:00,2022-10-08 12:00:00-04:00,13,65.0,72.62045710845977,boost_5y_no_dew_pressure,True
2022-10-08 04:00:00+00:00,2022-10-08 17:00:00+00:00,2022-10-08 13:00:00-04:00,14,65.0,74.15944799353841,boost_5y_no_dew_pressure,True
2022-10-08 04:00:00+00:00,2022-10-08 18:00:00+00:00,2022-10-08 14:00:00-04:00,15,65.0,74.53524528628067,boost_5y_no_dew_pressure,True
2022-10-08 04:00:00+00:00,2022-10-08 19:00:00+00:00,2022-10-08 15:00:00-04:00,16,65.0,74.52997698074222,boost_5y_no_dew_pressure,True
2022-10-08 04:00:00+00:00,2022-10-08 20:00:00+00:00,2022-10-08 16:00:00-04:00,17,64.0,74.58078829439046,boost_5y_no_dew_pressure,True
2022-10-08 04:00:00+00:00,2022-10-08 21:00:00+00:00,2022-10-08 17:00:00-04:00,18,62.0,72.93218629967738,boost_5y_no_dew_pressure,True
2022-10-08 04:00:00+00:00,2022-10-08 22:00:00+00:00,2022-10-08 18:00:00-04:00,19,58.0,69.06627064864745,boost_5y_no_dew_pressure,True
2022-10-08 04:00:00+00:00,2022-10-08 23:00:00+00:00,2022-10-08 19:00:00-04:00,20,56.0,66.68608278133702,boost_5y_no_dew_pressure,True
2022-10-08 04:00:00+00:00,2022-10-09 00:00:00+00:00,2022-10-08 20:00:00-04:00,21,55.0,65.70488337382018,boost_5y_no_dew_pressure,True
2022-10-08 04:00:00+00:00,2022-10-09 01:00:00+00:00,2022-10-08 21:00:00-04:00,22,52.0,64.43253981978614,boost_5y_no_dew_pressure,True
2022-10-08 04:00:00+00:00,2022-10-09 02:00:00+00:00,2022-10-08 22:00:00-04:00,23,50.0,63.853240089509974,boost_5y_no_dew_pressure,True
2022-10-08 04:00:00+00:00,2022-10-09 03:00:00+00:00,2022-10-08 23:00:00-04:00,24,49.0,63.411847727937385,boost_5y_no_dew_pressure,True
2022-10-08 04:00:00+00:00,2022-10-09 04:00:00+00:00,2022-10-09 00:00:00-04:00,25,47.0,62.77721709753145,boost_5y_no_dew_pressure,True
2022-10-08 04:00:00+00:00,2022-10-09 05:00:00+00:00,2022-10-09 01:00:00-04:00,26,48.0,62.30202217522649,boost_5y_no_dew_pressure,True
2022-10-08 04:00:00+00:00,2022-10-09 06:00:00+00:00,2022-10-09 02:00:00-04:00,27,48.0,61.976794784439996,boost_5y_no_dew_pressure,True
2022-10-08 04:00:00+00:00,2022-10-09 07:00:00+00:00,2022-10-09 03:00:00-04:00,28,47.0,61.463759456408646,boost_5y_no_dew_pressure,True
2022-10-08 04:00:00+00:00,2022-10-09 08:00:00+00:00,2022-10-09 04:00:00-04:00,29,45.0,61.29277944245564,boost_5y_no_dew_pressure,True
2022-10-08 04:00:00+00:00,2022-10-09 09:00:00+00:00,2022-10-09 05:00:00-04:00,30,43.0,60.95192839491013,boost_5y_no_dew_pressure,True
2022-10-08 04:00:00+00:00,2022-10-09 10:00:00+00:00,2022-10-09 06:00:00-04:00,31,42.0,60.61464691051772,boost_5y_no_dew_pressure,True
2022-10-08 04:00:00+00:00,2022-10-09 11:00:00+00:00,2022-10-09 07:00:00-04:00,32,44.0,61.117605238729396,boost_5y_no_dew_pressure,True
2022-10-08 04:00:00+00:00,2022-10-09 12:00:00+00:00,2022-10-09 08:00:00-04:00,33,49.0,63.643742250694295,boost_5y_no_dew_pressure,True
2022-10-08 04:00:00+00:00,2022-10-09 13:00:00+00:00,2022-10-09 09:00:00-04:00,34,54.0,66.30982013756254,boost_5y_no_dew_pressure,True
2022-10-08 04:00:00+00:00,2022-10-09 14:00:00+00:00,2022-10-09 10:00:00-04:00,35,57.0,69.24019033311785,boost_5y_no_dew_pressure,True
2022-10-08 04:00:00+00:00,2022-10-09 15:00:00+00:00,2022-10-09 11:00:00-04:00,36,62.0,71.48602880588196,boost_5y_no_dew_pressure,True
2022-10-08 04:00:00+00:00,2022-10-09 16:00:00+00:00,2022-10-09 12:00:00-04:00,37,66.0,73.08840238451394,boost_5y_no_dew_pressure,True
2022-10-08 04:00:00+00:00,2022-10-09 17:00:00+00:00,2022-10-09 13:00:00-04:00,38,66.0,74.52149455632845,boost_5y_no_dew_pressure,True
2022-10-08 04:00:00+00:00,2022-10-09 18:00:00+00:00,2022-10-09 14:00:00-04:00,39,71.0,74.9438985876934,boost_5y_no_dew_pressure,True
2022-10-08 04:00:00+00:00,2022-10-09 19:00:00+00:00,2022-10-09 15:00:00-04:00,40,71.0,74.7156145291212,boost_5y_no_dew_pressure,True
2022-10-08 04:00:00+00:00,2022-10-09 20:00:00+00:00,2022-10-09 16:00:00-04:00,41,71.0,74.73412355056108,boost_5y_no_dew_pressure,True
2022-10-08 04:00:00+00:00,2022-10-09 21:00:00+00:00,2022-10-09 17:00:00-04:00,42,69.0,73.0576721675301,boost_5y_no_dew_pressure,True
2022-10-08 04:00:00+00:00,2022-10-09 22:00:00+00:00,2022-10-09 18:00:00-04:00,43,64.0,69.23747407438532,boost_5y_no_dew_pressure,True
2022-10-08 04:00:00+00:00,2022-10-09 23:00:00+00:00,2022-10-09 19:00:00-04:00,44,59.0,66.8938187970261,boost_5y_no_dew_pressure,True
2022-10-08 04:00:00+00:00,2022-10-10 00:00:00+00:00,2022-10-09 20:00:00-04:00,45,59.0,65.82011438746149,boost_5y_no_dew_pressure,True
2022-10-08 04:00:00+00:00,2022-10-10 01:00:00+00:00,2022-10-09 21:00:00-04:00,46,55.0,64.47675622219093,boost_5y_no_dew_pressure,True
2022-10-08 04:00:00+00:00,2022-10-10 02:00:00+00:00,2022-10-09 22:00:00-04:00,47,55.0,63.89992871815008,boost_5y_no_dew_pressure,True
2022-10-08 04:00:00+00:00,2022-10-10 03:00:00+00:00,2022-10-09 23:00:00-04:00,48,52.0,63.303974978733045,boost_5y_no_dew_pressure,True
2022-10-08 04:00:00+00:00,2022-10-10 04:00:00+00:00,2022-10-10 00:00:00-04:00,49,52.0,62.469571067587374,boost_5y_no_dew_pressure,True
2022-10-08 04:00:00+00:00,2022-10-10 05:00:00+00:00,2022-10-10 01:00:00-04:00,50,55.0,62.058547513226635,boost_5y_no_dew_pressure,True
2022-10-08 04:00:00+00:00,2022-10-10 06:00:00+00:00,2022-10-10 02:00:00-04:00,51,56.0,61.5950236509158,boost_5y_no_dew_pressure,True
2022-10-08 04:00:00+00:00,2022-10-10 07:00:00+00:00,2022-10-10 03:00:00-04:00,52,55.0,61.18182951399084,boost_5y_no_dew_pressure,True
2022-10-08 04:00:00+00:00,2022-10-10 08:00:00+00:00,2022-10-10 04:00:00-04:00,53,54.0,60.9219405056051,boost_5y_no_dew_pressure,True
2022-10-08 04:00:00+00:00,2022-10-10 09:00:00+00:00,2022-10-10 05:00:00-04:00,54,54.0,60.545067036769794,boost_5y_no_dew_pressure,True
2022-10-08 04:00:00+00:00,2022-10-10 10:00:00+00:00,2022-10-10 06:00:00-04:00,55,53.0,60.294619540387366,boost_5y_no_dew_pressure,True
2022-10-08 04:00:00+00:00,2022-10-10 11:00:00+00:00,2022-10-10 07:00:00-04:00,56,55.0,60.59666943348477,boost_5y_no_dew_pressure,True
2022-10-08 04:00:00+00:00,2022-10-10 12:00:00+00:00,2022-10-10 08:00:00-04:00,57,56.0,63.0802585459441,boost_5y_no_dew_pressure,True
2022-10-08 04:00:00+00:00,2022-10-10 13:00:00+00:00,2022-10-10 09:00:00-04:00,58,57.0,65.50117660558284,boost_5y_no_dew_pressure,True
2022-10-08 04:00:00+00:00,2022-10-10 14:00:00+00:00,2022-10-10 10:00:00-04:00,59,62.0,68.35171915427624,boost_5y_no_dew_pressure,True
2022-10-08 04:00:00+00:00,2022-10-10 15:00:00+00:00,2022-10-10 11:00:00-04:00,60,67.0,70.50200850703568,boost_5y_no_dew_pressure,True
2022-10-08 04:00:00+00:00,2022-10-10 16:00:00+00:00,2022-10-10 12:00:00-04:00,61,69.0,72.17861219239744,boost_5y_no_dew_pressure,True
2022-10-08 04:00:00+00:00,2022-10-10 17:00:00+00:00,2022-10-10 13:00:00-04:00,62,71.0,73.79900796575146,boost_5y_no_dew_pressure,True
2022-10-08 04:00:00+00:00,2022-10-10 18:00:00+00:00,2022-10-10 14:00:00-04:00,63,72.0,74.35868515938415,boost_5y_no_dew_pressure,True
2022-10-08 04:00:00+00:00,2022-10-10 19:00:00+00:00,2022-10-10 15:00:00-04:00,64,72.0,74.11158279301557,boost_5y_no_dew_pressure,True
2022-10-08 04:00:00+00:00,2022-10-10 20:00:00+00:00,2022-10-10 16:00:00-04:00,65,71.0,73.97415830391196,boost_5y_no_dew_pressure,True
2022-10-08 04:00:00+00:00,2022-10-10 21:00:00+00:00,2022-10-10 17:00:00-04:00,66,70.0,72.48492846640306,boost_5y_no_dew_pressure,True
2022-10-08 04:00:00+00:00,2022-10-10 22:00:00+00:00,2022-10-10 18:00:00-04:00,67,64.0,68.74264063715559,boost_5y_no_dew_pressure,True
2022-10-08 04:00:00+00:00,2022-10-10 23:00:00+00:00,2022-10-10 19:00:00-04:00,68,59.0,66.60304610896247,boost_5y_no_dew_pressure,True
2022-10-08 04:00:00+00:00,2022-10-11 00:00:00+00:00,2022-10-10 20:00:00-04:00,69,59.0,65.35504381344276,boost_5y_no_dew_pressure,True
2022-10-08 04:00:00+00:00,2022-10-11 01:00:00+00:00,2022-10-10 21:00:00-04:00,70,56.0,64.25562635568184,boost_5y_no_dew_pressure,True
2022-10-08 04:00:00+00:00,2022-10-11 02:00:00+00:00,2022-10-10 22:00:00-04:00,71,53.0,63.66335275866728,boost_5y_no_dew_pressure,True
2022-10-08 04:00:00+00:00,2022-10-11 03:00:00+00:00,2022-10-10 23:00:00-04:00,72,51.0,62.86832207482479,boost_5y_no_dew_pressure,True
2022-10-08 04:00:00+00:00,2022-10-11 04:00:00+00:00,2022-10-11 00:00:00-04:00,73,50.0,63.47858073364536,boost_5y_no_dew_pressure,True
2022-10-08 04:00:00+00:00,2022-10-11 05:00:00+00:00,2022-10-11 01:00:00-04:00,74,49.0,62.98889903257396,boost_5y_no_dew_pressure,True
2022-10-08 04:00:00+00:00,2022-10-11 06:00:00+00:00,2022-10-11 02:00:00-04:00,75,48.0,62.44435594978601,boost_5y_no_dew_pressure,True
2022-10-08 04:00:00+00:00,2022-10-11 07:00:00+00:00,2022-10-11 03:00:00-04:00,76,45.0,62.00698185329352,boost_5y_no_dew_pressure,True
2022-10-08 04:00:00+00:00,2022-10-11 08:00:00+00:00,2022-10-11 04:00:00-04:00,77,46.0,61.647713339253954,boost_5y_no_dew_pressure,True
2022-10-08 04:00:00+00:00,2022-10-11 09:00:00+00:00,2022-10-11 05:00:00-04:00,78,43.0,61.5043092002393,boost_5y_no_dew_pressure,True
2022-10-08 04:00:00+00:00,2022-10-11 10:00:00+00:00,2022-10-11 06:00:00-04:00,79,44.0,61.08532596482128,boost_5y_no_dew_pressure,True
2022-10-08 04:00:00+00:00,2022-10-11 11:00:00+00:00,2022-10-11 07:00:00-04:00,80,46.0,61.240304223168756,boost_5y_no_dew_pressure,True
2022-10-08 04:00:00+00:00,2022-10-11 12:00:00+00:00,2022-10-11 08:00:00-04:00,81,53.0,63.614017894644334,boost_5y_no_dew_pressure,True
2022-10-08 04:00:00+00:00,2022-10-11 13:00:00+00:00,2022-10-11 09:00:00-04:00,82,60.0,66.09552380142001,boost_5y_no_dew_pressure,True
2022-10-08 04:00:00+00:00,2022-10-11 14:00:00+00:00,2022-10-11 10:00:00-04:00,83,66.0,68.90751329295969,boost_5y_no_dew_pressure,True
2022-10-08 04:00:00+00:00,2022-10-11 15:00:00+00:00,2022-10-11 11:00:00-04:00,84,67.0,71.00564810851277,boost_5y_no_dew_pressure,True
2022-10-08 04:00:00+00:00,2022-10-11 16:00:00+00:00,2022-10-11 12:00:00-04:00,85,70.0,72.63739909934687,boost_5y_no_dew_pressure,True
2022-10-08 04:00:00+00:00,2022-10-11 17:00:00+00:00,2022-10-11 13:00:00-04:00,86,72.0,73.89484760789611,boost_5y_no_dew_pressure,True
2022-10-08 04:00:00+00:00,2022-10-11 18:00:00+00:00,2022-10-11 14:00:00-04:00,87,72.0,74.35633541656931,boost_5y_no_dew_pressure,True
2022-10-08 04:00:00+00:00,2022-10-11 19:00:00+00:00,2022-10-11 15:00:00-04:00,88,72.0,74.25302958705555,boost_5y_no_dew_pressure,True
2022-10-08 04:00:00+00:00,2022-10-11 20:00:00+00:00,2022-10-11 16:00:00-04:00,89,72.0,74.0383909227771,boost_5y_no_dew_pressure,True
2022-10-08 04:00:00+00:00,2022-10-11 21:00:00+00:00,2022-10-11 17:00:00-04:00,90,68.0,72.56505424782198,boost_5y_no_dew_pressure,True
2022-10-08 04:00:00+00:00,2022-10-11 22:00:00+00:00,2022-10-11 18:00:00-04:00,91,64.0,68.72349931038946,boost_5y_no_dew_pressure,True
2022-10-08 04:00:00+00:00,2022-10-11 23:00:00+00:00,2022-10-11 19:00:00-04:00,92,60.0,66.58391716297677,boost_5y_no_dew_pressure,True
2022-10-08 04:00:00+00:00,2022-10-12 00:00:00+00:00,2022-10-11 20:00:00-04:00,93,56.0,65.46606010435235,boost_5y_no_dew_pressure,True
2022-10-08 04:00:00+00:00,2022-10-12 01:00:00+00:00,2022-10-11 21:00:00-04:00,94,52.0,64.25765460515808,boost_5y_no_dew_pressure,True
2022-10-08 04:00:00+00:00,2022-10-12 02:00:00+00:00,2022-10-11 22:00:00-04:00,95,52.0,63.59051744635674,boost_5y_no_dew_pressure,True
2022-10-08 04:00:00+00:00,2022-10-12 03:00:00+00:00,2022-10-11 23:00:00-04:00,96,52.0,62.717600241650835,boost_5y_no_dew_pressure,True
2022-10-08 04:00:00+00:00,2022-10-12 04:00:00+00:00,2022-10-12 00:00:00-04:00,97,53.0,62.547853573410165,boost_5y_no_dew_pressure,True
2022-10-08 04:00:00+00:00,2022-10-12 05:00:00+00:00,2022-10-12 01:00:00-04:00,98,53.0,62.163547691887814,boost_5y_no_dew_pressure,True
2022-10-08 04:00:00+00:00,2022-10-12 06:00:00+00:00,2022-10-12 02:00:00-04:00,99,53.0,61.44834218749061,boost_5y_no_dew_pressure,True
2022-10-08 04:00:00+00:00,2022-10-12 07:00:00+00:00,2022-10-12 03:00:00-04:00,100,53.0,60.900571772837445,boost_5y_no_dew_pressure,True
2022-10-08 04:00:00+00:00,2022-10-12 08:00:00+00:00,2022-10-12 04:00:00-04:00,101,51.0,60.52575952507992,boost_5y_no_dew_pressure,True
2022-10-08 04:00:00+00:00,2022-10-12 09:00:00+00:00,2022-10-12 05:00:00-04:00,102,50.0,60.27525437080706,boost_5y_no_dew_pressure,True
2022-10-08 04:00:00+00:00,2022-10-12 10:00:00+00:00,2022-10-12 06:00:00-04:00,103,51.0,59.744570791030455,boost_5y_no_dew_pressure,True
2022-10-08 04:00:00+00:00,2022-10-12 11:00:00+00:00,2022-10-12 07:00:00-04:00,104,52.0,60.16079548425693,boost_5y_no_dew_pressure,True
2022-10-08 04:00:00+00:00,2022-10-12 12:00:00+00:00,2022-10-12 08:00:00-04:00,105,58.0,62.8322017030636,boost_5y_no_dew_pressure,True
2022-10-08 04:00:00+00:00,2022-10-12 13:00:00+00:00,2022-10-12 09:00:00-04:00,106,62.0,65.78521162009513,boost_5y_no_dew_pressure,True
2022-10-08 04:00:00+00:00,2022-10-12 14:00:00+00:00,2022-10-12 10:00:00-04:00,107,67.0,68.52599024719296,boost_5y_no_dew_pressure,True
2022-10-08 04:00:00+00:00,2022-10-12 15:00:00+00:00,2022-10-12 11:00:00-04:00,108,69.0,70.67876438381899,boost_5y_no_dew_pressure,True
2022-10-08 04:00:00+00:00,2022-10-12 16:00:00+00:00,2022-10-12 12:00:00-04:00,109,72.0,72.3386786816972,boost_5y_no_dew_pressure,True
2022-10-08 04:00:00+00:00,2022-10-12 17:00:00+00:00,2022-10-12 13:00:00-04:00,110,74.0,73.71547081179436,boost_5y_no_dew_pressure,True
2022-10-08 04:00:00+00:00,2022-10-12 18:00:00+00:00,2022-10-12 14:00:00-04:00,111,76.0,74.21505529817571,boost_5y_no_dew_pressure,True
2022-10-08 04:00:00+00:00,2022-10-12 19:00:00+00:00,2022-10-12 15:00:00-04:00,112,76.0,74.22395115800705,boost_5y_no_dew_pressure,True
2022-10-08 04:00:00+00:00,2022-10-12 20:00:00+00:00,2022-10-12 16:00:00-04:00,113,75.0,74.11569953698772,boost_5y_no_dew_pressure,True
2022-10-08 04:00:00+00:00,2022-10-12 21:00:00+00:00,2022-10-12 17:00:00-04:00,114,73.0,72.42368116414053,boost_5y_no_dew_pressure,True
2022-10-08 04:00:00+00:00,2022-10-12 22:00:00+00:00,2022-10-12 18:00:00-04:00,115,71.0,68.5092243790537,boost_5y_no_dew_pressure,True
2022-10-08 04:00:00+00:00,2022-10-12 23:00:00+00:00,2022-10-12 19:00:00-04:00,116,69.0,66.18424253966911,boost_5y_no_dew_pressure,True
2022-10-08 04:00:00+00:00,2022-10-13 00:00:00+00:00,2022-10-12 20:00:00-04:00,117,69.0,65.15922922607106,boost_5y_no_dew_pressure,True
2022-10-08 04:00:00+00:00,2022-10-13 01:00:00+00:00,2022-10-12 21:00:00-04:00,118,69.0,63.87977527092288,boost_5y_no_dew_pressure,True
2022-10-08 04:00:00+00:00,2022-10-13 02:00:00+00:00,2022-10-12 22:00:00-04:00,119,68.0,63.161893492203184,boost_5y_no_dew_pressure,True
2022-10-08 04:00:00+00:00,2022-10-13 03:00:00+00:00,2022-10-12 23:00:00-04:00,120,67.0,62.23085474900157,boost_5y_no_dew_pressure,True
2022-10-08 04:00:00+00:00,2022-10-13 04:00:00+00:00,2022-10-13 00:00:00-04:00,121,66.0,61.66665937462454,boost_5y_no_dew_pressure,True
2022-10-08 04:00:00+00:00,2022-10-13 05:00:00+00:00,2022-10-13 01:00:00-04:00,122,66.0,61.29161707755153,boost_5y_no_dew_pressure,True
2022-10-08 04:00:00+00:00,2022-10-13 06:00:00+00:00,2022-10-13 02:00:00-04:00,123,66.0,60.63695793181221,boost_5y_no_dew_pressure,True
2022-10-08 04:00:00+00:00,2022-10-13 07:00:00+00:00,2022-10-13 03:00:00-04:00,124,67.0,60.10664811127475,boost_5y_no_dew_pressure,True
2022-10-08 04:00:00+00:00,2022-10-13 08:00:00+00:00,2022-10-13 04:00:00-04:00,125,66.0,59.80356806303948,boost_5y_no_dew_pressure,True
2022-10-08 04:00:00+00:00,2022-10-13 09:00:00+00:00,2022-10-13 05:00:00-04:00,126,65.0,59.49448159488042,boost_5y_no_dew_pressure,True
2022-10-08 04:00:00+00:00,2022-10-13 10:00:00+00:00,2022-10-13 06:00:00-04:00,127,66.0,59.1025242564064,boost_5y_no_dew_pressure,True
2022-10-08 04:00:00+00:00,2022-10-13 11:00:00+00:00,2022-10-13 07:00:00-04:00,128,66.0,59.410374210301455,boost_5y_no_dew_pressure,True
2022-10-08 04:00:00+00:00,2022-10-13 12:00:00+00:00,2022-10-13 08:00:00-04:00,129,67.0,62.26188920737164,boost_5y_no_dew_pressure,True
2022-10-08 04:00:00+00:00,2022-10-13 13:00:00+00:00,2022-10-13 09:00:00-04:00,130,69.0,65.40940802677225,boost_5y_no_dew_pressure,True
2022-10-08 04:00:00+00:00,2022-10-13 14:00:00+00:00,2022-10-13 10:00:00-04:00,131,70.0,68.21147627829802,boost_5y_no_dew_pressure,True
2022-10-08 04:00:00+00:00,2022-10-13 15:00:00+00:00,2022-10-13 11:00:00-04:00,132,71.0,70.34629046211822,boost_5y_no_dew_pressure,True
2022-10-08 04:00:00+00:00,2022-10-13 16:00:00+00:00,2022-10-13 12:00:00-04:00,133,74.0,72.07948926900559,boost_5y_no_dew_pressure,True
2022-10-08 04:00:00+00:00,2022-10-13 17:00:00+00:00,2022-10-13 13:00:00-04:00,134,76.0,73.47214010905533,boost_5y_no_dew_pressure,True
2022-10-08 04:00:00+00:00,2022-10-13 18:00:00+00:00,2022-10-13 14:00:00-04:00,135,79.0,73.91760082152419,boost_5y_no_dew_pressure,True
2022-10-08 04:00:00+00:00,2022-10-13 19:00:00+00:00,2022-10-13 15:00:00-04:00,136,76.0,74.07193285470032,boost_5y_no_dew_pressure,True
2022-10-08 04:00:00+00:00,2022-10-13 20:00:00+00:00,2022-10-13 16:00:00-04:00,137,75.0,73.99810646886436,boost_5y_no_dew_pressure,True
2022-10-08 04:00:00+00:00,2022-10-13 21:00:00+00:00,2022-10-13 17:00:00-04:00,138,75.0,72.19092801707197,boost_5y_no_dew_pressure,True
2022-10-08 04:00:00+00:00,2022-10-13 22:00:00+00:00,2022-10-13 18:00:00-04:00,139,70.0,68.17375361790299,boost_5y_no_dew_pressure,True
2022-10-08 04:00:00+00:00,2022-10-13 23:00:00+00:00,2022-10-13 19:00:00-04:00,140,68.0,65.84968072316987,boost_5y_no_dew_pressure,True
2022-10-08 04:00:00+00:00,2022-10-14 00:00:00+00:00,2022-10-13 20:00:00-04:00,141,66.0,64.61289853622635,boost_5y_no_dew_pressure,True
2022-10-08 04:00:00+00:00,2022-10-14 01:00:00+00:00,2022-10-13 21:00:00-04:00,142,65.0,63.33309820404347,boost_5y_no_dew_pressure,True
2022-10-08 04:00:00+00:00,2022-10-14 02:00:00+00:00,2022-10-13 22:00:00-04:00,143,63.0,62.56464181209059,boost_5y_no_dew_pressure,True
2022-10-08 04:00:00+00:00,2022-10-14 03:00:00+00:00,2022-10-13 23:00:00-04:00,144,67.0,61.56401671884817,boost_5y_no_dew_pressure,True
2022-10-08 04:00:00+00:00,2022-10-14 04:00:00+00:00,2022-10-14 00:00:00-04:00,145,65.0,60.89038966101262,boost_5y_no_dew_pressure,True
2022-10-08 04:00:00+00:00,2022-10-14 05:00:00+00:00,2022-10-14 01:00:00-04:00,146,65.0,60.51080477882159,boost_5y_no_dew_pressure,True
2022-10-08 04:00:00+00:00,2022-10-14 06:00:00+00:00,2022-10-14 02:00:00-04:00,147,64.0,59.88770454874216,boost_5y_no_dew_pressure,True
2022-10-08 04:00:00+00:00,2022-10-14 07:00:00+00:00,2022-10-14 03:00:00-04:00,148,62.0,59.281043916532724,boost_5y_no_dew_pressure,True
2022-10-08 04:00:00+00:00,2022-10-14 08:00:00+00:00,2022-10-14 04:00:00-04:00,149,61.0,58.9547767441711,boost_5y_no_dew_pressure,True
2022-10-08 04:00:00+00:00,2022-10-14 09:00:00+00:00,2022-10-14 05:00:00-04:00,150,58.0,58.599523818233735,boost_5y_no_dew_pressure,True
2022-10-08 04:00:00+00:00,2022-10-14 10:00:00+00:00,2022-10-14 06:00:00-04:00,151,57.0,58.23230419469583,boost_5y_no_dew_pressure,True
2022-10-08 04:00:00+00:00,2022-10-14 11:00:00+00:00,2022-10-14 07:00:00-04:00,152,56.0,58.4766555883114,boost_5y_no_dew_pressure,True
2022-10-08 04:00:00+00:00,2022-10-14 12:00:00+00:00,2022-10-14 08:00:00-04:00,153,59.0,61.331023645632136,boost_5y_no_dew_pressure,True
2022-10-08 04:00:00+00:00,2022-10-14 13:00:00+00:00,2022-10-14 09:00:00-04:00,154,63.0,64.5959248022499,boost_5y_no_dew_pressure,True
2022-10-08 04:00:00+00:00,2022-10-14 14:00:00+00:00,2022-10-14 10:00:00-04:00,155,65.0,67.74278970800599,boost_5y_no_dew_pressure,True
2022-10-08 04:00:00+00:00,2022-10-14 15:00:00+00:00,2022-10-14 11:00:00-04:00,156,68.0,69.94954603278543,boost_5y_no_dew_pressure,True
2022-10-08 04:00:00+00:00,2022-10-14 16:00:00+00:00,2022-10-14 12:00:00-04:00,157,70.0,71.74830025979395,boost_5y_no_dew_pressure,True
2022-10-08 04:00:00+00:00,2022-10-14 17:00:00+00:00,2022-10-14 13:00:00-04:00,158,71.0,73.18018590299108,boost_5y_no_dew_pressure,True
2022-10-08 04:00:00+00:00,2022-10-14 18:00:00+00:00,2022-10-14 14:00:00-04:00,159,71.0,73.71035338329769,boost_5y_no_dew_pressure,True
2022-10-08 04:00:00+00:00,2022-10-14 19:00:00+00:00,2022-10-14 15:00:00-04:00,160,72.0,73.80359768471213,boost_5y_no_dew_pressure,True
2022-10-08 04:00:00+00:00,2022-10-14 20:00:00+00:00,2022-10-14 16:00:00-04:00,161,71.0,73.52550035003244,boost_5y_no_dew_pressure,True
2022-10-08 04:00:00+00:00,2022-10-14 21:00:00+00:00,2022-10-14 17:00:00-04:00,162,70.0,71.61823979668537,boost_5y_no_dew_pressure,True
2022-10-08 04:00:00+00:00,2022-10-14 22:00:00+00:00,2022-10-14 18:00:00-04:00,163,65.0,67.49590483410094,boost_5y_no_dew_pressure,True
2022-10-08 04:00:00+00:00,2022-10-14 23:00:00+00:00,2022-10-14 19:00:00-04:00,164,58.0,65.10225230561687,boost_5y_no_dew_pressure,True
2022-10-08 04:00:00+00:00,2022-10-15 00:00:00+00:00,2022-10-14 20:00:00-04:00,165,57.0,63.84287147103931,boost_5y_no_dew_pressure,True
2022-10-08 04:00:00+00:00,2022-10-15 01:00:00+00:00,2022-10-14 21:00:00-04:00,166,55.0,62.62131148135871,boost_5y_no_dew_pressure,True
2022-10-08 04:00:00+00:00,2022-10-15 02:00:00+00:00,2022-10-14 22:00:00-04:00,167,55.0,61.77641990683229,boost_5y_no_dew_pressure,True
2022-10-08 04:00:00+00:00,2022-10-15 03:00:00+00:00,2022-10-14 23:00:00-04:00,168,52.0,60.96357732115155,boost_5y_no_dew_pressure,True
2022-10-08 04:00:00+00:00,2022-10-15 04:00:00+00:00,2022-10-15 00:00:00-04:00,169,50.0,60.07977213770837,boost_5y_no_dew_pressure,True
2022-10-08 04:00:00+00:00,2022-10-15 05:00:00+00:00,2022-10-15 01:00:00-04:00,170,52.0,59.73161491085762,boost_5y_no_dew_pressure,True
2022-10-08 04:00:00+00:00,2022-10-15 06:00:00+00:00,2022-10-15 02:00:00-04:00,171,49.0,59.129109399454386,boost_5y_no_dew_pressure,True
2022-10-08 04:00:00+00:00,2022-10-15 07:00:00+00:00,2022-10-15 03:00:00-04:00,172,48.0,58.515434322183474,boost_5y_no_dew_pressure,True
2022-10-08 04:00:00+00:00,2022-10-15 08:00:00+00:00,2022-10-15 04:00:00-04:00,173,48.0,58.14198005760117,boost_5y_no_dew_pressure,True
2022-10-08 04:00:00+00:00,2022-10-15 09:00:00+00:00,2022-10-15 05:00:00-04:00,174,47.0,57.92512781301271,boost_5y_no_dew_pressure,True
2022-10-08 04:00:00+00:00,2022-10-15 10:00:00+00:00,2022-10-15 06:00:00-04:00,175,47.0,57.559498585095504,boost_5y_no_dew_pressure,True
2022-10-08 04:00:00+00:00,2022-10-15 11:00:00+00:00,2022-10-15 07:00:00-04:00,176,50.0,57.72456634175558,boost_5y_no_dew_pressure,True
2022-10-08 04:00:00+00:00,2022-10-15 12:00:00+00:00,2022-10-15 08:00:00-04:00,177,56.0,60.611186496564315,boost_5y_no_dew_pressure,True
2022-10-08 04:00:00+00:00,2022-10-15 13:00:00+00:00,2022-10-15 09:00:00-04:00,178,63.0,64.00996654713096,boost_5y_no_dew_pressure,True
2022-10-08 04:00:00+00:00,2022-10-15 14:00:00+00:00,2022-10-15 10:00:00-04:00,179,70.0,67.10557254118129,boost_5y_no_dew_pressure,True
2022-10-08 04:00:00+00:00,2022-10-15 15:00:00+00:00,2022-10-15 11:00:00-04:00,180,74.0,69.27437010900164,boost_5y_no_dew_pressure,True
2022-10-08 04:00:00+00:00,2022-10-15 16:00:00+00:00,2022-10-15 12:00:00-04:00,181,77.0,71.13822467238813,boost_5y_no_dew_pressure,True
2022-10-08 04:00:00+00:00,2022-10-15 17:00:00+00:00,2022-10-15 13:00:00-04:00,182,79.0,72.54505386120007,boost_5y_no_dew_pressure,True
2022-10-08 04:00:00+00:00,2022-10-15 18:00:00+00:00,2022-10-15 14:00:00-04:00,183,80.0,73.1541248674271,boost_5y_no_dew_pressure,True
2022-10-08 04:00:00+00:00,2022-10-15 19:00:00+00:00,2022-10-15 15:00:00-04:00,184,80.0,73.29406808003844,boost_5y_no_dew_pressure,True
2022-10-08 04:00:00+00:00,2022-10-15 20:00:00+00:00,2022-10-15 16:00:00-04:00,185,79.0,72.84852874524569,boost_5y_no_dew_pressure,True
2022-10-08 04:00:00+00:00,2022-10-15 21:00:00+00:00,2022-10-15 17:00:00-04:00,186,77.0,71.0150097035588,boost_5y_no_dew_pressure,True
2022-10-08 04:00:00+00:00,2022-10-15 22:00:00+00:00,2022-10-15 18:00:00-04:00,187,71.0,66.9755764780602,boost_5y_no_dew_pressure,True
2022-10-08 04:00:00+00:00,2022-10-15 23:00:00+00:00,2022-10-15 19:00:00-04:00,188,69.0,64.6169283991851,boost_5y_no_dew_pressure,True
2022-10-08 04:00:00+00:00,2022-10-16 00:00:00+00:00,2022-10-15 20:00:00-04:00,189,67.0,63.42019640948461,boost_5y_no_dew_pressure,True
2022-10-08 04:00:00+00:00,2022-10-16 01:00:00+00:00,2022-10-15 21:00:00-04:00,190,64.0,62.17238210196505,boost_5y_no_dew_pressure,True
2022-10-08 04:00:00+00:00,2022-10-16 02:00:00+00:00,2022-10-15 22:00:00-04:00,191,61.0,61.42002749710908,boost_5y_no_dew_pressure,True
2022-10-08 04:00:00+00:00,2022-10-16 03:00:00+00:00,2022-10-15 23:00:00-04:00,192,62.0,60.51966260001263,boost_5y_no_dew_pressure,True
2022-10-08 04:00:00+00:00,2022-10-16 04:00:00+00:00,2022-10-16 00:00:00-04:00,193,61.0,59.694715724721505,boost_5y_no_dew_pressure,True
2022-10-08 04:00:00+00:00,2022-10-16 05:00:00+00:00,2022-10-16 01:00:00-04:00,194,60.0,59.28787318279276,boost_5y_no_dew_pressure,True
2022-10-08 04:00:00+00:00,2022-10-16 06:00:00+00:00,2022-10-16 02:00:00-04:00,195,60.0,58.68606795490097,boost_5y_no_dew_pressure,True
2022-10-08 04:00:00+00:00,2022-10-16 07:00:00+00:00,2022-10-16 03:00:00-04:00,196,58.0,58.02444423685562,boost_5y_no_dew_pressure,True
2022-10-08 04:00:00+00:00,2022-10-16 08:00:00+00:00,2022-10-16 04:00:00-04:00,197,57.0,57.65840602193788,boost_5y_no_dew_pressure,True
2022-10-08 04:00:00+00:00,2022-10-16 09:00:00+00:00,2022-10-16 05:00:00-04:00,198,57.0,57.37702124481538,boost_5y_no_dew_pressure,True
2022-10-08 04:00:00+00:00,2022-10-16 10:00:00+00:00,2022-10-16 06:00:00-04:00,199,55.0,57.01128111402599,boost_5y_no_dew_pressure,True
2022-10-08 04:00:00+00:00,2022-10-16 11:00:00+00:00,2022-10-16 07:00:00-04:00,200,56.0,57.15254452899431,boost_5y_no_dew_pressure,True
2022-10-08 04:00:00+00:00,2022-10-16 12:00:00+00:00,2022-10-16 08:00:00-04:00,201,61.0,60.09374798700931,boost_5y_no_dew_pressure,True
2022-10-08 04:00:00+00:00,2022-10-16 13:00:00+00:00,2022-10-16 09:00:00-04:00,202,68.0,63.296364295410086,boost_5y_no_dew_pressure,True
2022-10-08 04:00:00+00:00,2022-10-16 14:00:00+00:00,2022-10-16 10:00:00-04:00,203,72.0,66.30762112133183,boost_5y_no_dew_pressure,True
2022-10-08 04:00:00+00:00,2022-10-16 15:00:00+00:00,2022-10-16 11:00:00-04:00,204,76.0,68.41954965452493,boost_5y_no_dew_pressure,True
2022-10-08 04:00:00+00:00,2022-10-16 16:00:00+00:00,2022-10-16 12:00:00-04:00,205,78.0,70.38445853504874,boost_5y_no_dew_pressure,True
2022-10-08 04:00:00+00:00,2022-10-16 17:00:00+00:00,2022-10-16 13:00:00-04:00,206,80.0,71.83690279933327,boost_5y_no_dew_pressure,True
2022-10-08 04:00:00+00:00,2022-10-16 18:00:00+00:00,2022-10-16 14:00:00-04:00,207,81.0,72.45200116874565,boost_5y_no_dew_pressure,True
2022-10-08 04:00:00+00:00,2022-10-16 19:00:00+00:00,2022-10-16 15:00:00-04:00,208,80.0,72.58443335091921,boost_5y_no_dew_pressure,True
2022-10-08 04:00:00+00:00,2022-10-16 20:00:00+00:00,2022-10-16 16:00:00-04:00,209,79.0,72.1721083748468,boost_5y_no_dew_pressure,True
2022-10-08 04:00:00+00:00,2022-10-16 21:00:00+00:00,2022-10-16 17:00:00-04:00,210,78.0,70.3100814368768,boost_5y_no_dew_pressure,True
2022-10-08 04:00:00+00:00,2022-10-16 22:00:00+00:00,2022-10-16 18:00:00-04:00,211,74.0,66.11484199964302,boost_5y_no_dew_pressure,True
2022-10-08 04:00:00+00:00,2022-10-16 23:00:00+00:00,2022-10-16 19:00:00-04:00,212,72.0,63.77032320003303,boost_5y_no_dew_pressure,True
2022-10-08 04:00:00+00:00,2022-10-17 00:00:00+00:00,2022-10-16 20:00:00-04:00,213,71.0,62.475116197503134,boost_5y_no_dew_pressure,True
2022-10-08 04:00:00+00:00,2022-10-17 01:00:00+00:00,2022-10-16 21:00:00-04:00,214,70.0,61.125656144259416,boost_5y_no_dew_pressure,True
2022-10-08 04:00:00+00:00,2022-10-17 02:00:00+00:00,2022-10-16 22:00:00-04:00,215,71.0,60.24700616883028,boost_5y_no_dew_pressure,True
2022-10-08 04:00:00+00:00,2022-10-17 03:00:00+00:00,2022-10-16 23:00:00-04:00,216,70.0,59.27378012351283,boost_5y_no_dew_pressure,True
2022-10-08 04:00:00+00:00,2022-10-17 04:00:00+00:00,2022-10-17 00:00:00-04:00,217,67.0,58.24992785860623,boost_5y_no_dew_pressure,True
2022-10-08 04:00:00+00:00,2022-10-17 05:00:00+00:00,2022-10-17 01:00:00-04:00,218,65.0,57.82465864677478,boost_5y_no_dew_pressure,True
2022-10-08 04:00:00+00:00,2022-10-17 06:00:00+00:00,2022-10-17 02:00:00-04:00,219,63.0,57.190647880652605,boost_5y_no_dew_pressure,True
2022-10-08 04:00:00+00:00,2022-10-17 07:00:00+00:00,2022-10-17 03:00:00-04:00,220,64.0,56.578803831936355,boost_5y_no_dew_pressure,True
2022-10-08 04:00:00+00:00,2022-10-17 08:00:00+00:00,2022-10-17 04:00:00-04:00,221,63.0,56.180383523978506,boost_5y_no_dew_pressure,True
2022-10-08 04:00:00+00:00,2022-10-17 09:00:00+00:00,2022-10-17 05:00:00-04:00,222,63.0,55.85535159564345,boost_5y_no_dew_pressure,True
2022-10-08 04:00:00+00:00,2022-10-17 10:00:00+00:00,2022-10-17 06:00:00-04:00,223,62.0,55.515343959302136,boost_5y_no_dew_pressure,True
2022-10-08 04:00:00+00:00,2022-10-17 11:00:00+00:00,2022-10-17 07:00:00-04:00,224,62.0,55.52451732231572,boost_5y_no_dew_pressure,True
2022-10-08 04:00:00+00:00,2022-10-17 12:00:00+00:00,2022-10-17 08:00:00-04:00,225,63.0,58.65449136795739,boost_5y_no_dew_pressure,True
2022-10-08 04:00:00+00:00,2022-10-17 13:00:00+00:00,2022-10-17 09:00:00-04:00,226,64.0,62.2838138021026,boost_5y_no_dew_pressure,True
2022-10-08 04:00:00+00:00,2022-10-17 14:00:00+00:00,2022-10-17 10:00:00-04:00,227,71.0,65.48548869167365,boost_5y_no_dew_pressure,True
2022-10-08 04:00:00+00:00,2022-10-17 15:00:00+00:00,2022-10-17 11:00:00-04:00,228,74.0,67.7170808373017,boost_5y_no_dew_pressure,True
2022-10-08 04:00:00+00:00,2022-10-17 16:00:00+00:00,2022-10-17 12:00:00-04:00,229,76.0,69.7269774061471,boost_5y_no_dew_pressure,True
2022-10-08 04:00:00+00:00,2022-10-17 17:00:00+00:00,2022-10-17 13:00:00-04:00,230,79.0,71.20890412380957,boost_5y_no_dew_pressure,True
2022-10-08 04:00:00+00:00,2022-10-17 18:00:00+00:00,2022-10-17 14:00:00-04:00,231,76.0,71.79936389587408,boost_5y_no_dew_pressure,True
2022-10-08 04:00:00+00:00,2022-10-17 19:00:00+00:00,2022-10-17 15:00:00-04:00,232,77.0,72.04121172068483,boost_5y_no_dew_pressure,True
2022-10-08 04:00:00+00:00,2022-10-17 20:00:00+00:00,2022-10-17 16:00:00-04:00,233,71.0,71.6292889122917,boost_5y_no_dew_pressure,True
2022-10-08 04:00:00+00:00,2022-10-17 21:00:00+00:00,2022-10-17 17:00:00-04:00,234,69.0,69.7149834260624,boost_5y_no_dew_pressure,True
2022-10-08 04:00:00+00:00,2022-10-17 22:00:00+00:00,2022-10-17 18:00:00-04:00,235,68.0,65.37838703028243,boost_5y_no_dew_pressure,True
2022-10-08 04:00:00+00:00,2022-10-17 23:00:00+00:00,2022-10-17 19:00:00-04:00,236,62.0,62.928055021591966,boost_5y_no_dew_pressure,True
2022-10-08 04:00:00+00:00,2022-10-18 00:00:00+00:00,2022-10-17 20:00:00-04:00,237,61.0,61.58514095343427,boost_5y_no_dew_pressure,True
2022-10-08 04:00:00+00:00,2022-10-18 01:00:00+00:00,2022-10-17 21:00:00-04:00,238,61.0,60.30663323829941,boost_5y_no_dew_pressure,True
2022-10-08 04:00:00+00:00,2022-10-18 02:00:00+00:00,2022-10-17 22:00:00-04:00,239,62.0,59.40143827358696,boost_5y_no_dew_pressure,True
2022-10-08 04:00:00+00:00,2022-10-18 03:00:00+00:00,2022-10-17 23:00:00-04:00,240,60.0,58.44864732875515,boost_5y_no_dew_pressure,True
2022-10-08 04:00:00+00:00,2022-10-18 04:00:00+00:00,2022-10-18 00:00:00-04:00,241,59.0,57.49926756556973,boost_5y_no_dew_pressure,True
2022-10-08 04:00:00+00:00,2022-10-18 05:00:00+00:00,2022-10-18 01:00:00-04:00,242,56.0,57.08776130075638,boost_5y_no_dew_pressure,True
2022-10-08 04:00:00+00:00,2022-10-18 06:00:00+00:00,2022-10-18 02:00:00-04:00,243,53.0,56.37861309401757,boost_5y_no_dew_pressure,True
2022-10-08 04:00:00+00:00,2022-10-18 07:00:00+00:00,2022-10-18 03:00:00-04:00,244,51.0,55.70085153892652,boost_5y_no_dew_pressure,True
2022-10-08 04:00:00+00:00,2022-10-18 08:00:00+00:00,2022-10-18 04:00:00-04:00,245,50.0,55.343138607625534,boost_5y_no_dew_pressure,True
2022-10-08 04:00:00+00:00,2022-10-18 09:00:00+00:00,2022-10-18 05:00:00-04:00,246,47.0,55.018043775829746,boost_5y_no_dew_pressure,True
2022-10-08 04:00:00+00:00,2022-10-18 10:00:00+00:00,2022-10-18 06:00:00-04:00,247,46.0,54.63711612020235,boost_5y_no_dew_pressure,True
2022-10-08 04:00:00+00:00,2022-10-18 11:00:00+00:00,2022-10-18 07:00:00-04:00,248,45.0,54.64339268397821,boost_5y_no_dew_pressure,True
2022-10-08 04:00:00+00:00,2022-10-18 12:00:00+00:00,2022-10-18 08:00:00-04:00,249,47.0,57.9813765789232,boost_5y_no_dew_pressure,True
2022-10-08 04:00:00+00:00,2022-10-18 13:00:00+00:00,2022-10-18 09:00:00-04:00,250,49.0,61.758408457640435,boost_5y_no_dew_pressure,True
2022-10-08 04:00:00+00:00,2022-10-18 14:00:00+00:00,2022-10-18 10:00:00-04:00,251,51.0,65.0259482019419,boost_5y_no_dew_pressure,True
2022-10-08 04:00:00+00:00,2022-10-18 15:00:00+00:00,2022-10-18 11:00:00-04:00,252,53.0,67.29752491985928,boost_5y_no_dew_pressure,True
2022-10-08 04:00:00+00:00,2022-10-18 16:00:00+00:00,2022-10-18 12:00:00-04:00,253,54.0,69.34450526001184,boost_5y_no_dew_pressure,True
2022-10-08 04:00:00+00:00,2022-10-18 17:00:00+00:00,2022-10-18 13:00:00-04:00,254,56.0,70.78147402914371,boost_5y_no_dew_pressure,True
2022-10-08 04:00:00+00:00,2022-10-18 18:00:00+00:00,2022-10-18 14:00:00-04:00,255,57.0,71.49067211497777,boost_5y_no_dew_pressure,True
2022-10-08 04:00:00+00:00,2022-10-18 19:00:00+00:00,2022-10-18 15:00:00-04:00,256,55.0,71.67847891817901,boost_5y_no_dew_pressure,True
2022-10-08 04:00:00+00:00,2022-10-18 20:00:00+00:00,2022-10-18 16:00:00-04:00,257,58.0,71.22470568972923,boost_5y_no_dew_pressure,True
2022-10-08 04:00:00+00:00,2022-10-18 21:00:00+00:00,2022-10-18 17:00:00-04:00,258,53.0,69.19261619791071,boost_5y_no_dew_pressure,True
2022-10-08 04:00:00+00:00,2022-10-18 22:00:00+00:00,2022-10-18 18:00:00-04:00,259,50.0,64.80250161740787,boost_5y_no_dew_pressure,True
2022-10-08 04:00:00+00:00,2022-10-18 23:00:00+00:00,2022-10-18 19:00:00-04:00,260,49.0,62.19464227226098,boost_5y_no_dew_pressure,True
2022-10-08 04:00:00+00:00,2022-10-19 00:00:00+00:00,2022-10-18 20:00:00-04:00,261,47.0,60.90047617455238,boost_5y_no_dew_pressure,True
2022-10-08 04:00:00+00:00,2022-10-19 01:00:00+00:00,2022-10-18 21:00:00-04:00,262,45.0,59.6216649899479,boost_5y_no_dew_pressure,True
2022-10-08 04:00:00+00:00,2022-10-19 02:00:00+00:00,2022-10-18 22:00:00-04:00,263,44.0,58.67735703757295,boost_5y_no_dew_pressure,True
2022-10-08 04:00:00+00:00,2022-10-19 03:00:00+00:00,2022-10-18 23:00:00-04:00,264,42.0,57.72658594803761,boost_5y_no_dew_pressure,True
2022-10-08 04:00:00+00:00,2022-10-19 04:00:00+00:00,2022-10-19 00:00:00-04:00,265,40.0,56.86263080081766,boost_5y_no_dew_pressure,True
2022-10-08 04:00:00+00:00,2022-10-19 05:00:00+00:00,2022-10-19 01:00:00-04:00,266,38.0,56.46185347314912,boost_5y_no_dew_pressure,True
2022-10-08 04:00:00+00:00,2022-10-19 06:00:00+00:00,2022-10-19 02:00:00-04:00,267,37.0,55.69757020396592,boost_5y_no_dew_pressure,True
2022-10-08 04:00:00+00:00,2022-10-19 07:00:00+00:00,2022-10-19 03:00:00-04:00,268,36.0,54.993323738638445,boost_5y_no_dew_pressure,True
2022-10-08 04:00:00+00:00,2022-10-19 08:00:00+00:00,2022-10-19 04:00:00-04:00,269,36.0,54.648036492635896,boost_5y_no_dew_pressure,True
2022-10-08 04:00:00+00:00,2022-10-19 09:00:00+00:00,2022-10-19 05:00:00-04:00,270,36.0,54.261243043309555,boost_5y_no_dew_pressure,True
2022-10-08 04:00:00+00:00,2022-10-19 10:00:00+00:00,2022-10-19 06:00:00-04:00,271,34.0,53.87988897890425,boost_5y_no_dew_pressure,True
2022-10-08 04:00:00+00:00,2022-10-19 11:00:00+00:00,2022-10-19 07:00:00-04:00,272,34.0,53.818537664515986,boost_5y_no_dew_pressure,True
2022-10-08 04:00:00+00:00,2022-10-19 12:00:00+00:00,2022-10-19 08:00:00-04:00,273,41.0,57.12995501388939,boost_5y_no_dew_pressure,True
2022-10-08 04:00:00+00:00,2022-10-19 13:00:00+00:00,2022-10-19 09:00:00-04:00,274,46.0,60.9786843863317,boost_5y_no_dew_pressure,True
2022-10-08 04:00:00+00:00,2022-10-19 14:00:00+00:00,2022-10-19 10:00:00-04:00,275,51.0,64.20144612002258,boost_5y_no_dew_pressure,True
2022-10-08 04:00:00+00:00,2022-10-19 15:00:00+00:00,2022-10-19 11:00:00-04:00,276,53.0,66.45569138620793,boost_5y_no_dew_pressure,True
2022-10-08 04:00:00+00:00,2022-10-19 16:00:00+00:00,2022-10-19 12:00:00-04:00,277,57.0,68.4546544381936,boost_5y_no_dew_pressure,True
2022-10-08 04:00:00+00:00,2022-10-19 17:00:00+00:00,2022-10-19 13:00:00-04:00,278,57.0,69.86498557398525,boost_5y_no_dew_pressure,True
2022-10-08 04:00:00+00:00,2022-10-19 18:00:00+00:00,2022-10-19 14:00:00-04:00,279,58.0,70.61264730723683,boost_5y_no_dew_pressure,True
2022-10-08 04:00:00+00:00,2022-10-19 19:00:00+00:00,2022-10-19 15:00:00-04:00,280,59.0,70.82599010284802,boost_5y_no_dew_pressure,True
2022-10-08 04:00:00+00:00,2022-10-19 20:00:00+00:00,2022-10-19 16:00:00-04:00,281,59.0,70.38865814299649,boost_5y_no_dew_pressure,True
2022-10-08 04:00:00+00:00,2022-10-19 21:00:00+00:00,2022-10-19 17:00:00-04:00,282,57.0,68.42020757658122,boost_5y_no_dew_pressure,True
2022-10-08 04:00:00+00:00,2022-10-19 22:00:00+00:00,2022-10-19 18:00:00-04:00,283,51.0,64.03940546256263,boost_5y_no_dew_pressure,True
2022-10-08 04:00:00+00:00,2022-10-19 23:00:00+00:00,2022-10-19 19:00:00-04:00,284,47.0,61.41335940086224,boost_5y_no_dew_pressure,True
2022-10-08 04:00:00+00:00,2022-10-20 00:00:00+00:00,2022-10-19 20:00:00-04:00,285,44.0,60.06543598479425,boost_5y_no_dew_pressure,True
2022-10-08 04:00:00+00:00,2022-10-20 01:00:00+00:00,2022-10-19 21:00:00-04:00,286,44.0,58.730526813056755,boost_5y_no_dew_pressure,True
2022-10-08 04:00:00+00:00,2022-10-20 02:00:00+00:00,2022-10-19 22:00:00-04:00,287,41.0,57.79741609484003,boost_5y_no_dew_pressure,True
2022-10-08 04:00:00+00:00,2022-10-20 03:00:00+00:00,2022-10-19 23:00:00-04:00,288,41.0,56.87374615508411,boost_5y_no_dew_pressure,True
2022-10-08 04:00:00+00:00,2022-10-20 04:00:00+00:00,2022-10-20 00:00:00-04:00,289,39.0,56.057097026240925,boost_5y_no_dew_pressure,True
2022-10-08 04:00:00+00:00,2022-10-20 05:00:00+00:00,2022-10-20 01:00:00-04:00,290,38.0,55.6951058899092,boost_5y_no_dew_pressure,True
2022-10-08 04:00:00+00:00,2022-10-20 06:00:00+00:00,2022-10-20 02:00:00-04:00,291,39.0,54.98561327282566,boost_5y_no_dew_pressure,True
2022-10-08 04:00:00+00:00,2022-10-20 07:00:00+00:00,2022-10-20 03:00:00-04:00,292,37.0,54.35836860432786,boost_5y_no_dew_pressure,True
2022-10-08 04:00:00+00:00,2022-10-20 08:00:00+00:00,2022-10-20 04:00:00-04:00,293,37.0,53.99783939064766,boost_5y_no_dew_pressure,True
2022-10-08 04:00:00+00:00,2022-10-20 09:00:00+00:00,2022-10-20 05:00:00-04:00,294,36.0,53.71668272309606,boost_5y_no_dew_pressure,True
2022-10-08 04:00:00+00:00,2022-10-20 10:00:00+00:00,2022-10-20 06:00:00-04:00,295,36.0,53.30732526730268,boost_5y_no_dew_pressure,True
2022-10-08 04:00:00+00:00,2022-10-20 11:00:00+00:00,2022-10-20 07:00:00-04:00,296,35.0,53.28547080299831,boost_5y_no_dew_pressure,True
2022-10-08 04:00:00+00:00,2022-10-20 12:00:00+00:00,2022-10-20 08:00:00-04:00,297,43.0,56.609063616674646,boost_5y_no_dew_pressure,True
2022-10-08 04:00:00+00:00,2022-10-20 13:00:00+00:00,2022-10-20 09:00:00-04:00,298,51.0,60.45016101017759,boost_5y_no_dew_pressure,True
2022-10-08 04:00:00+00:00,2022-10-20 14:00:00+00:00,2022-10-20 10:00:00-04:00,299,56.0,63.69581626139759,boost_5y_no_dew_pressure,True
2022-10-08 04:00:00+00:00,2022-10-20 15:00:00+00:00,2022-10-20 11:00:00-04:00,300,62.0,65.95036515710143,boost_5y_no_dew_pressure,True
2022-10-08 04:00:00+00:00,2022-10-20 16:00:00+00:00,2022-10-20 12:00:00-04:00,301,64.0,68.10231119920957,boost_5y_no_dew_pressure,True
2022-10-08 04:00:00+00:00,2022-10-20 17:00:00+00:00,2022-10-20 13:00:00-04:00,302,65.0,69.64944367798064,boost_5y_no_dew_pressure,True
2022-10-08 04:00:00+00:00,2022-10-20 18:00:00+00:00,2022-10-20 14:00:00-04:00,303,66.0,70.50340920159572,boost_5y_no_dew_pressure,True
2022-10-08 04:00:00+00:00,2022-10-20 19:00:00+00:00,2022-10-20 15:00:00-04:00,304,66.0,70.78235070077066,boost_5y_no_dew_pressure,True
2022-10-08 04:00:00+00:00,2022-10-20 20:00:00+00:00,2022-10-20 16:00:00-04:00,305,65.0,70.28180162424833,boost_5y_no_dew_pressure,True
2022-10-08 04:00:00+00:00,2022-10-20 21:00:00+00:00,2022-10-20 17:00:00-04:00,306,63.0,68.23394338345524,boost_5y_no_dew_pressure,True
2022-10-08 04:00:00+00:00,2022-10-20 22:00:00+00:00,2022-10-20 18:00:00-04:00,307,59.0,63.746250583716005,boost_5y_no_dew_pressure,True
2022-10-08 04:00:00+00:00,2022-10-20 23:00:00+00:00,2022-10-20 19:00:00-04:00,308,55.0,61.0849931273877,boost_5y_no_dew_pressure,True
2022-10-08 04:00:00+00:00,2022-10-21 00:00:00+00:00,2022-10-20 20:00:00-04:00,309,50.0,59.696673859328754,boost_5y_no_dew_pressure,True
2022-10-08 04:00:00+00:00,2022-10-21 01:00:00+00:00,2022-10-20 21:00:00-04:00,310,50.0,58.44413938317451,boost_5y_no_dew_pressure,True
2022-10-08 04:00:00+00:00,2022-10-21 02:00:00+00:00,2022-10-20 22:00:00-04:00,311,49.0,57.41686390714872,boost_5y_no_dew_pressure,True
2022-10-08 04:00:00+00:00,2022-10-21 03:00:00+00:00,2022-10-20 23:00:00-04:00,312,46.0,56.44014322436087,boost_5y_no_dew_pressure,True
2022-10-08 04:00:00+00:00,2022-10-21 04:00:00+00:00,2022-10-21 00:00:00-04:00,313,45.0,55.56278275995843,boost_5y_no_dew_pressure,True
2022-10-08 04:00:00+00:00,2022-10-21 05:00:00+00:00,2022-10-21 01:00:00-04:00,314,42.0,55.13398008683153,boost_5y_no_dew_pressure,True
2022-10-08 04:00:00+00:00,2022-10-21 06:00:00+00:00,2022-10-21 02:00:00-04:00,315,39.0,54.39546146568459,boost_5y_no_dew_pressure,True
2022-10-08 04:00:00+00:00,2022-10-21 07:00:00+00:00,2022-10-21 03:00:00-04:00,316,39.0,53.754391388671344,boost_5y_no_dew_pressure,True
2022-10-08 04:00:00+00:00,2022-10-21 08:00:00+00:00,2022-10-21 04:00:00-04:00,317,38.0,53.36801219964285,boost_5y_no_dew_pressure,True
2022-10-08 04:00:00+00:00,2022-10-21 09:00:00+00:00,2022-10-21 05:00:00-04:00,318,37.0,53.04652734217722,boost_5y_no_dew_pressure,True
2022-10-08 04:00:00+00:00,2022-10-21 10:00:00+00:00,2022-10-21 06:00:00-04:00,319,37.0,52.594118265716375,boost_5y_no_dew_pressure,True
2022-10-08 04:00:00+00:00,2022-10-21 11:00:00+00:00,2022-10-21 07:00:00-04:00,320,37.0,52.611438324473056,boost_5y_no_dew_pressure,True
2022-10-08 04:00:00+00:00,2022-10-21 12:00:00+00:00,2022-10-21 08:00:00-04:00,321,45.0,56.08955472608324,boost_5y_no_dew_pressure,True
2022-10-08 04:00:00+00:00,2022-10-21 13:00:00+00:00,2022-10-21 09:00:00-04:00,322,52.0,59.98670860683085,boost_5y_no_dew_pressure,True
2022-10-08 04:00:00+00:00,2022-10-21 14:00:00+00:00,2022-10-21 10:00:00-04:00,323,58.0,63.39356316666342,boost_5y_no_dew_pressure,True
2022-10-08 04:00:00+00:00,2022-10-21 15:00:00+00:00,2022-10-21 11:00:00-04:00,324,64.0,65.8013532466334,boost_5y_no_dew_pressure,True
2022-10-08 04:00:00+00:00,2022-10-21 16:00:00+00:00,2022-10-21 12:00:00-04:00,325,66.0,68.04608305945415,boost_5y_no_dew_pressure,True
2022-10-08 04:00:00+00:00,2022-10-21 17:00:00+00:00,2022-10-21 13:00:00-04:00,326,67.0,69.60823824670236,boost_5y_no_dew_pressure,True
2022-10-08 04:00:00+00:00,2022-10-21 18:00:00+00:00,2022-10-21 14:00:00-04:00,327,70.0,70.48813158467418,boost_5y_no_dew_pressure,True
2022-10-08 04:00:00+00:00,2022-10-21 19:00:00+00:00,2022-10-21 15:00:00-04:00,328,69.0,70.78006542423884,boost_5y_no_dew_pressure,True
2022-10-08 04:00:00+00:00,2022-10-21 20:00:00+00:00,2022-10-21 16:00:00-04:00,329,68.0,70.17348938032487,boost_5y_no_dew_pressure,True
2022-10-08 04:00:00+00:00,2022-10-21 21:00:00+00:00,2022-10-21 17:00:00-04:00,330,67.0,68.04792327596714,boost_5y_no_dew_pressure,True
2022-10-08 04:00:00+00:00,2022-10-21 22:00:00+00:00,2022-10-21 18:00:00-04:00,331,57.0,63.57811740578325,boost_5y_no_dew_pressure,True
2022-10-08 04:00:00+00:00,2022-10-21 23:00:00+00:00,2022-10-21 19:00:00-04:00,332,52.0,60.94358879792377,boost_5y_no_dew_pressure,True
2022-10-08 04:00:00+00:00,2022-10-22 00:00:00+00:00,2022-10-21 20:00:00-04:00,333,52.0,59.51512168118937,boost_5y_no_dew_pressure,True
2022-10-08 04:00:00+00:00,2022-10-22 01:00:00+00:00,2022-10-21 21:00:00-04:00,334,50.0,58.26075220327739,boost_5y_no_dew_pressure,True
2022-10-08 04:00:00+00:00,2022-10-22 02:00:00+00:00,2022-10-21 22:00:00-04:00,335,46.0,57.25973035011996,boost_5y_no_dew_pressure,True
2022-10-08 04:00:00+00:00,2022-10-22 03:00:00+00:00,2022-10-21 23:00:00-04:00,336,46.0,56.24339233007164,boost_5y_no_dew_pressure,True
2023-08-27 04:00:00+00:00,2023-08-27 04:00:00+00:00,2023-08-27 00:00:00-04:00,1,81.0,79.47573837420519,boost_5y_no_dew_pressure,True
2023-08-27 04:00:00+00:00,2023-08-27 05:00:00+00:00,2023-08-27 01:00:00-04:00,2,81.0,78.6215129495918,boost_5y_no_dew_pressure,True
2023-08-27 04:00:00+00:00,2023-08-27 06:00:00+00:00,2023-08-27 02:00:00-04:00,3,79.0,77.81532279174687,boost_5y_no_dew_pressure,True
2023-08-27 04:00:00+00:00,2023-08-27 07:00:00+00:00,2023-08-27 03:00:00-04:00,4,80.0,76.94976155329873,boost_5y_no_dew_pressure,True
2023-08-27 04:00:00+00:00,2023-08-27 08:00:00+00:00,2023-08-27 04:00:00-04:00,5,78.0,76.4056281478779,boost_5y_no_dew_pressure,True
2023-08-27 04:00:00+00:00,2023-08-27 09:00:00+00:00,2023-08-27 05:00:00-04:00,6,76.0,76.03143916610865,boost_5y_no_dew_pressure,True
2023-08-27 04:00:00+00:00,2023-08-27 10:00:00+00:00,2023-08-27 06:00:00-04:00,7,76.0,75.79744348532839,boost_5y_no_dew_pressure,True
2023-08-27 04:00:00+00:00,2023-08-27 11:00:00+00:00,2023-08-27 07:00:00-04:00,8,77.0,78.01665221454192,boost_5y_no_dew_pressure,True
2023-08-27 04:00:00+00:00,2023-08-27 12:00:00+00:00,2023-08-27 08:00:00-04:00,9,78.0,82.0442828097534,boost_5y_no_dew_pressure,True
2023-08-27 04:00:00+00:00,2023-08-27 13:00:00+00:00,2023-08-27 09:00:00-04:00,10,81.0,85.49909099261163,boost_5y_no_dew_pressure,True
2023-08-27 04:00:00+00:00,2023-08-27 14:00:00+00:00,2023-08-27 10:00:00-04:00,11,83.0,88.7669728859688,boost_5y_no_dew_pressure,True
2023-08-27 04:00:00+00:00,2023-08-27 15:00:00+00:00,2023-08-27 11:00:00-04:00,12,87.0,91.00946283535346,boost_5y_no_dew_pressure,True
2023-08-27 04:00:00+00:00,2023-08-27 16:00:00+00:00,2023-08-27 12:00:00-04:00,13,89.0,92.64606285391449,boost_5y_no_dew_pressure,True
2023-08-27 04:00:00+00:00,2023-08-27 17:00:00+00:00,2023-08-27 13:00:00-04:00,14,89.0,93.91525898401262,boost_5y_no_dew_pressure,True
2023-08-27 04:00:00+00:00,2023-08-27 18:00:00+00:00,2023-08-27 14:00:00-04:00,15,90.0,94.21941030046541,boost_5y_no_dew_pressure,True
2023-08-27 04:00:00+00:00,2023-08-27 19:00:00+00:00,2023-08-27 15:00:00-04:00,16,93.0,93.70484991659308,boost_5y_no_dew_pressure,True
2023-08-27 04:00:00+00:00,2023-08-27 20:00:00+00:00,2023-08-27 16:00:00-04:00,17,92.0,93.26931002053256,boost_5y_no_dew_pressure,True
2023-08-27 04:00:00+00:00,2023-08-27 21:00:00+00:00,2023-08-27 17:00:00-04:00,18,89.0,91.83860902287006,boost_5y_no_dew_pressure,True
2023-08-27 04:00:00+00:00,2023-08-27 22:00:00+00:00,2023-08-27 18:00:00-04:00,19,88.0,89.7823536704753,boost_5y_no_dew_pressure,True
2023-08-27 04:00:00+00:00,2023-08-27 23:00:00+00:00,2023-08-27 19:00:00-04:00,20,85.0,85.81611052127552,boost_5y_no_dew_pressure,True
2023-08-27 04:00:00+00:00,2023-08-28 00:00:00+00:00,2023-08-27 20:00:00-04:00,21,84.0,82.98679546231683,boost_5y_no_dew_pressure,True
2023-08-27 04:00:00+00:00,2023-08-28 01:00:00+00:00,2023-08-27 21:00:00-04:00,22,78.0,81.75592285904068,boost_5y_no_dew_pressure,True
2023-08-27 04:00:00+00:00,2023-08-28 02:00:00+00:00,2023-08-27 22:00:00-04:00,23,77.0,80.10278828597582,boost_5y_no_dew_pressure,True
2023-08-27 04:00:00+00:00,2023-08-28 03:00:00+00:00,2023-08-27 23:00:00-04:00,24,76.0,79.02782943905537,boost_5y_no_dew_pressure,True
2023-08-27 04:00:00+00:00,2023-08-28 04:00:00+00:00,2023-08-28 00:00:00-04:00,25,76.0,78.02718311389657,boost_5y_no_dew_pressure,True
2023-08-27 04:00:00+00:00,2023-08-28 05:00:00+00:00,2023-08-28 01:00:00-04:00,26,76.0,77.2103043152828,boost_5y_no_dew_pressure,True
2023-08-27 04:00:00+00:00,2023-08-28 06:00:00+00:00,2023-08-28 02:00:00-04:00,27,76.0,76.35544064915673,boost_5y_no_dew_pressure,True
2023-08-27 04:00:00+00:00,2023-08-28 07:00:00+00:00,2023-08-28 03:00:00-04:00,28,76.0,75.55854574700844,boost_5y_no_dew_pressure,True
2023-08-27 04:00:00+00:00,2023-08-28 08:00:00+00:00,2023-08-28 04:00:00-04:00,29,76.0,75.03378512389787,boost_5y_no_dew_pressure,True
2023-08-27 04:00:00+00:00,2023-08-28 09:00:00+00:00,2023-08-28 05:00:00-04:00,30,75.0,74.67975566208366,boost_5y_no_dew_pressure,True
2023-08-27 04:00:00+00:00,2023-08-28 10:00:00+00:00,2023-08-28 06:00:00-04:00,31,76.0,74.42421968896352,boost_5y_no_dew_pressure,True
2023-08-27 04:00:00+00:00,2023-08-28 11:00:00+00:00,2023-08-28 07:00:00-04:00,32,76.0,76.62636772051336,boost_5y_no_dew_pressure,True
2023-08-27 04:00:00+00:00,2023-08-28 12:00:00+00:00,2023-08-28 08:00:00-04:00,33,77.0,80.55588943860774,boost_5y_no_dew_pressure,True
2023-08-27 04:00:00+00:00,2023-08-28 13:00:00+00:00,2023-08-28 09:00:00-04:00,34,80.0,83.97799041693125,boost_5y_no_dew_pressure,True
2023-08-27 04:00:00+00:00,2023-08-28 14:00:00+00:00,2023-08-28 10:00:00-04:00,35,81.0,86.93859634292365,boost_5y_no_dew_pressure,True
2023-08-27 04:00:00+00:00,2023-08-28 15:00:00+00:00,2023-08-28 11:00:00-04:00,36,80.0,89.28375825996685,boost_5y_no_dew_pressure,True
2023-08-27 04:00:00+00:00,2023-08-28 16:00:00+00:00,2023-08-28 12:00:00-04:00,37,87.0,90.99605645673351,boost_5y_no_dew_pressure,True
2023-08-27 04:00:00+00:00,2023-08-28 17:00:00+00:00,2023-08-28 13:00:00-04:00,38,86.0,92.28595422550559,boost_5y_no_dew_pressure,True
2023-08-27 04:00:00+00:00,2023-08-28 18:00:00+00:00,2023-08-28 14:00:00-04:00,39,88.0,92.91774589399671,boost_5y_no_dew_pressure,True
2023-08-27 04:00:00+00:00,2023-08-28 19:00:00+00:00,2023-08-28 15:00:00-04:00,40,88.0,92.39950359318652,boost_5y_no_dew_pressure,True
2023-08-27 04:00:00+00:00,2023-08-28 20:00:00+00:00,2023-08-28 16:00:00-04:00,41,86.0,91.3387834430993,boost_5y_no_dew_pressure,True
2023-08-27 04:00:00+00:00,2023-08-28 21:00:00+00:00,2023-08-28 17:00:00-04:00,42,84.0,89.91814206180496,boost_5y_no_dew_pressure,True
2023-08-27 04:00:00+00:00,2023-08-28 22:00:00+00:00,2023-08-28 18:00:00-04:00,43,81.0,87.87577777310833,boost_5y_no_dew_pressure,True
2023-08-27 04:00:00+00:00,2023-08-28 23:00:00+00:00,2023-08-28 19:00:00-04:00,44,80.0,83.66064004679667,boost_5y_no_dew_pressure,True
2023-08-27 04:00:00+00:00,2023-08-29 00:00:00+00:00,2023-08-28 20:00:00-04:00,45,78.0,80.93023923067166,boost_5y_no_dew_pressure,True
2023-08-27 04:00:00+00:00,2023-08-29 01:00:00+00:00,2023-08-28 21:00:00-04:00,46,77.0,79.44945597236456,boost_5y_no_dew_pressure,True
2023-08-27 04:00:00+00:00,2023-08-29 02:00:00+00:00,2023-08-28 22:00:00-04:00,47,77.0,77.93576785773053,boost_5y_no_dew_pressure,True
2023-08-27 04:00:00+00:00,2023-08-29 03:00:00+00:00,2023-08-28 23:00:00-04:00,48,76.0,76.94022776732393,boost_5y_no_dew_pressure,True
2023-08-27 04:00:00+00:00,2023-08-29 04:00:00+00:00,2023-08-29 00:00:00-04:00,49,75.0,75.74627143445638,boost_5y_no_dew_pressure,True
2023-08-27 04:00:00+00:00,2023-08-29 05:00:00+00:00,2023-08-29 01:00:00-04:00,50,75.0,74.93780920432849,boost_5y_no_dew_pressure,True
2023-08-27 04:00:00+00:00,2023-08-29 06:00:00+00:00,2023-08-29 02:00:00-04:00,51,74.0,74.04680191717263,boost_5y_no_dew_pressure,True
2023-08-27 04:00:00+00:00,2023-08-29 07:00:00+00:00,2023-08-29 03:00:00-04:00,52,74.0,73.36226997369295,boost_5y_no_dew_pressure,True
2023-08-27 04:00:00+00:00,2023-08-29 08:00:00+00:00,2023-08-29 04:00:00-04:00,53,74.0,72.80187127969553,boost_5y_no_dew_pressure,True
2023-08-27 04:00:00+00:00,2023-08-29 09:00:00+00:00,2023-08-29 05:00:00-04:00,54,74.0,72.39163845880768,boost_5y_no_dew_pressure,True
2023-08-27 04:00:00+00:00,2023-08-29 10:00:00+00:00,2023-08-29 06:00:00-04:00,55,74.0,72.2142539538083,boost_5y_no_dew_pressure,True
2023-08-27 04:00:00+00:00,2023-08-29 11:00:00+00:00,2023-08-29 07:00:00-04:00,56,74.0,74.5721865439507,boost_5y_no_dew_pressure,True
2023-08-27 04:00:00+00:00,2023-08-29 12:00:00+00:00,2023-08-29 08:00:00-04:00,57,75.0,77.31978154126186,boost_5y_no_dew_pressure,True
2023-08-27 04:00:00+00:00,2023-08-29 13:00:00+00:00,2023-08-29 09:00:00-04:00,58,76.0,80.0910196216082,boost_5y_no_dew_pressure,True
2023-08-27 04:00:00+00:00,2023-08-29 14:00:00+00:00,2023-08-29 10:00:00-04:00,59,78.0,82.86781608478171,boost_5y_no_dew_pressure,True
2023-08-27 04:00:00+00:00,2023-08-29 15:00:00+00:00,2023-08-29 11:00:00-04:00,60,80.0,85.11373496468993,boost_5y_no_dew_pressure,True
2023-08-27 04:00:00+00:00,2023-08-29 16:00:00+00:00,2023-08-29 12:00:00-04:00,61,83.0,86.88125508631602,boost_5y_no_dew_pressure,True
2023-08-27 04:00:00+00:00,2023-08-29 17:00:00+00:00,2023-08-29 13:00:00-04:00,62,86.0,88.35325840181103,boost_5y_no_dew_pressure,True
2023-08-27 04:00:00+00:00,2023-08-29 18:00:00+00:00,2023-08-29 14:00:00-04:00,63,90.0,88.95335891420976,boost_5y_no_dew_pressure,True
2023-08-27 04:00:00+00:00,2023-08-29 19:00:00+00:00,2023-08-29 15:00:00-04:00,64,92.0,88.2932820287957,boost_5y_no_dew_pressure,True
2023-08-27 04:00:00+00:00,2023-08-29 20:00:00+00:00,2023-08-29 16:00:00-04:00,65,91.0,87.78905640276624,boost_5y_no_dew_pressure,True
2023-08-27 04:00:00+00:00,2023-08-29 21:00:00+00:00,2023-08-29 17:00:00-04:00,66,90.0,86.52940607734725,boost_5y_no_dew_pressure,True
2023-08-27 04:00:00+00:00,2023-08-29 22:00:00+00:00,2023-08-29 18:00:00-04:00,67,88.0,84.54527651070245,boost_5y_no_dew_pressure,True
2023-08-27 04:00:00+00:00,2023-08-29 23:00:00+00:00,2023-08-29 19:00:00-04:00,68,81.0,80.82592368935856,boost_5y_no_dew_pressure,True
2023-08-27 04:00:00+00:00,2023-08-30 00:00:00+00:00,2023-08-29 20:00:00-04:00,69,75.0,78.18185657612564,boost_5y_no_dew_pressure,True
2023-08-27 04:00:00+00:00,2023-08-30 01:00:00+00:00,2023-08-29 21:00:00-04:00,70,76.0,76.81756959541306,boost_5y_no_dew_pressure,True
2023-08-27 04:00:00+00:00,2023-08-30 02:00:00+00:00,2023-08-29 22:00:00-04:00,71,77.0,75.36270334502458,boost_5y_no_dew_pressure,True
2023-08-27 04:00:00+00:00,2023-08-30 03:00:00+00:00,2023-08-29 23:00:00-04:00,72,76.0,74.44491104738646,boost_5y_no_dew_pressure,True
2023-08-27 04:00:00+00:00,2023-08-30 04:00:00+00:00,2023-08-30 00:00:00-04:00,73,75.0,73.32768689842143,boost_5y_no_dew_pressure,True
2023-08-27 04:00:00+00:00,2023-08-30 05:00:00+00:00,2023-08-30 01:00:00-04:00,74,75.0,72.5410283471176,boost_5y_no_dew_pressure,True
2023-08-27 04:00:00+00:00,2023-08-30 06:00:00+00:00,2023-08-30 02:00:00-04:00,75,74.0,71.56623675994297,boost_5y_no_dew_pressure,True
2023-08-27 04:00:00+00:00,2023-08-30 07:00:00+00:00,2023-08-30 03:00:00-04:00,76,74.0,70.98035809018506,boost_5y_no_dew_pressure,True
2023-08-27 04:00:00+00:00,2023-08-30 08:00:00+00:00,2023-08-30 04:00:00-04:00,77,74.0,70.50596225694642,boost_5y_no_dew_pressure,True
2023-08-27 04:00:00+00:00,2023-08-30 09:00:00+00:00,2023-08-30 05:00:00-04:00,78,74.0,70.23852608359118,boost_5y_no_dew_pressure,True
2023-08-27 04:00:00+00:00,2023-08-30 10:00:00+00:00,2023-08-30 06:00:00-04:00,79,74.0,69.94549284368108,boost_5y_no_dew_pressure,True
2023-08-27 04:00:00+00:00,2023-08-30 11:00:00+00:00,2023-08-30 07:00:00-04:00,80,75.0,72.14970742020655,boost_5y_no_dew_pressure,True
2023-08-27 04:00:00+00:00,2023-08-30 12:00:00+00:00,2023-08-30 08:00:00-04:00,81,76.0,76.012713894674,boost_5y_no_dew_pressure,True
2023-08-27 04:00:00+00:00,2023-08-30 13:00:00+00:00,2023-08-30 09:00:00-04:00,82,78.0,79.61638733514874,boost_5y_no_dew_pressure,True
2023-08-27 04:00:00+00:00,2023-08-30 14:00:00+00:00,2023-08-30 10:00:00-04:00,83,83.0,82.56466783447655,boost_5y_no_dew_pressure,True
2023-08-27 04:00:00+00:00,2023-08-30 15:00:00+00:00,2023-08-30 11:00:00-04:00,84,84.0,84.92558394309664,boost_5y_no_dew_pressure,True
2023-08-27 04:00:00+00:00,2023-08-30 16:00:00+00:00,2023-08-30 12:00:00-04:00,85,86.0,86.57325573930476,boost_5y_no_dew_pressure,True
2023-08-27 04:00:00+00:00,2023-08-30 17:00:00+00:00,2023-08-30 13:00:00-04:00,86,87.0,87.82276376393646,boost_5y_no_dew_pressure,True
2023-08-27 04:00:00+00:00,2023-08-30 18:00:00+00:00,2023-08-30 14:00:00-04:00,87,86.0,88.57683410949626,boost_5y_no_dew_pressure,True
2023-08-27 04:00:00+00:00,2023-08-30 19:00:00+00:00,2023-08-30 15:00:00-04:00,88,83.0,88.40238917016924,boost_5y_no_dew_pressure,True
2023-08-27 04:00:00+00:00,2023-08-30 20:00:00+00:00,2023-08-30 16:00:00-04:00,89,81.0,87.76681771829737,boost_5y_no_dew_pressure,True
2023-08-27 04:00:00+00:00,2023-08-30 21:00:00+00:00,2023-08-30 17:00:00-04:00,90,80.0,86.42623558686529,boost_5y_no_dew_pressure,True
2023-08-27 04:00:00+00:00,2023-08-30 22:00:00+00:00,2023-08-30 18:00:00-04:00,91,79.0,84.49778189763494,boost_5y_no_dew_pressure,True
2023-08-27 04:00:00+00:00,2023-08-30 23:00:00+00:00,2023-08-30 19:00:00-04:00,92,78.0,80.73302090164428,boost_5y_no_dew_pressure,True
2023-08-27 04:00:00+00:00,2023-08-31 00:00:00+00:00,2023-08-30 20:00:00-04:00,93,77.0,78.10465721200016,boost_5y_no_dew_pressure,True
2023-08-27 04:00:00+00:00,2023-08-31 01:00:00+00:00,2023-08-30 21:00:00-04:00,94,76.0,76.71668397160414,boost_5y_no_dew_pressure,True
2023-08-27 04:00:00+00:00,2023-08-31 02:00:00+00:00,2023-08-30 22:00:00-04:00,95,75.0,75.36527909626015,boost_5y_no_dew_pressure,True
2023-08-27 04:00:00+00:00,2023-08-31 03:00:00+00:00,2023-08-30 23:00:00-04:00,96,74.0,74.58289126743345,boost_5y_no_dew_pressure,True
2023-08-27 04:00:00+00:00,2023-08-31 04:00:00+00:00,2023-08-31 00:00:00-04:00,97,74.0,73.30292862121452,boost_5y_no_dew_pressure,True
2023-08-27 04:00:00+00:00,2023-08-31 05:00:00+00:00,2023-08-31 01:00:00-04:00,98,73.0,72.50208163501898,boost_5y_no_dew_pressure,True
2023-08-27 04:00:00+00:00,2023-08-31 06:00:00+00:00,2023-08-31 02:00:00-04:00,99,72.0,71.47986978491208,boost_5y_no_dew_pressure,True
2023-08-27 04:00:00+00:00,2023-08-31 07:00:00+00:00,2023-08-31 03:00:00-04:00,100,70.0,71.00096254314023,boost_5y_no_dew_pressure,True
2023-08-27 04:00:00+00:00,2023-08-31 08:00:00+00:00,2023-08-31 04:00:00-04:00,101,68.0,70.45612165132921,boost_5y_no_dew_pressure,True
2023-08-27 04:00:00+00:00,2023-08-31 09:00:00+00:00,2023-08-31 05:00:00-04:00,102,66.0,70.05573967126197,boost_5y_no_dew_pressure,True
2023-08-27 04:00:00+00:00,2023-08-31 10:00:00+00:00,2023-08-31 06:00:00-04:00,103,66.0,69.84786837587833,boost_5y_no_dew_pressure,True
2023-08-27 04:00:00+00:00,2023-08-31 11:00:00+00:00,2023-08-31 07:00:00-04:00,104,67.0,72.0379136280155,boost_5y_no_dew_pressure,True
2023-08-27 04:00:00+00:00,2023-08-31 12:00:00+00:00,2023-08-31 08:00:00-04:00,105,69.0,75.90977313427635,boost_5y_no_dew_pressure,True
2023-08-27 04:00:00+00:00,2023-08-31 13:00:00+00:00,2023-08-31 09:00:00-04:00,106,70.0,79.50869048718049,boost_5y_no_dew_pressure,True
2023-08-27 04:00:00+00:00,2023-08-31 14:00:00+00:00,2023-08-31 10:00:00-04:00,107,73.0,82.44699242540486,boost_5y_no_dew_pressure,True
2023-08-27 04:00:00+00:00,2023-08-31 15:00:00+00:00,2023-08-31 11:00:00-04:00,108,76.0,84.82507067442788,boost_5y_no_dew_pressure,True
2023-08-27 04:00:00+00:00,2023-08-31 16:00:00+00:00,2023-08-31 12:00:00-04:00,109,80.0,86.39326170153743,boost_5y_no_dew_pressure,True
2023-08-27 04:00:00+00:00,2023-08-31 17:00:00+00:00,2023-08-31 13:00:00-04:00,110,80.0,87.57611675121198,boost_5y_no_dew_pressure,True
2023-08-27 04:00:00+00:00,2023-08-31 18:00:00+00:00,2023-08-31 14:00:00-04:00,111,81.0,88.25471689827023,boost_5y_no_dew_pressure,True
2023-08-27 04:00:00+00:00,2023-08-31 19:00:00+00:00,2023-08-31 15:00:00-04:00,112,82.0,88.13781151896964,boost_5y_no_dew_pressure,True
2023-08-27 04:00:00+00:00,2023-08-31 20:00:00+00:00,2023-08-31 16:00:00-04:00,113,81.0,87.48162325530818,boost_5y_no_dew_pressure,True
2023-08-27 04:00:00+00:00,2023-08-31 21:00:00+00:00,2023-08-31 17:00:00-04:00,114,81.0,86.16373797689515,boost_5y_no_dew_pressure,True
2023-08-27 04:00:00+00:00,2023-08-31 22:00:00+00:00,2023-08-31 18:00:00-04:00,115,79.0,84.0507669790068,boost_5y_no_dew_pressure,True
2023-08-27 04:00:00+00:00,2023-08-31 23:00:00+00:00,2023-08-31 19:00:00-04:00,116,72.0,80.33903045814402,boost_5y_no_dew_pressure,True
2023-08-27 04:00:00+00:00,2023-09-01 00:00:00+00:00,2023-08-31 20:00:00-04:00,117,71.0,77.68713609259258,boost_5y_no_dew_pressure,True
2023-08-27 04:00:00+00:00,2023-09-01 01:00:00+00:00,2023-08-31 21:00:00-04:00,118,69.0,76.53758140438765,boost_5y_no_dew_pressure,True
2023-08-27 04:00:00+00:00,2023-09-01 02:00:00+00:00,2023-08-31 22:00:00-04:00,119,65.0,75.27097473419391,boost_5y_no_dew_pressure,True
2023-08-27 04:00:00+00:00,2023-09-01 03:00:00+00:00,2023-08-31 23:00:00-04:00,120,64.0,74.45480325896929,boost_5y_no_dew_pressure,True
2023-08-27 04:00:00+00:00,2023-09-01 04:00:00+00:00,2023-09-01 00:00:00-04:00,121,62.0,73.00511241480092,boost_5y_no_dew_pressure,True
2023-08-27 04:00:00+00:00,2023-09-01 05:00:00+00:00,2023-09-01 01:00:00-04:00,122,61.0,72.14151087188579,boost_5y_no_dew_pressure,True
2023-08-27 04:00:00+00:00,2023-09-01 06:00:00+00:00,2023-09-01 02:00:00-04:00,123,62.0,71.17049733248837,boost_5y_no_dew_pressure,True
2023-08-27 04:00:00+00:00,2023-09-01 07:00:00+00:00,2023-09-01 03:00:00-04:00,124,61.0,70.64517607070076,boost_5y_no_dew_pressure,True
2023-08-27 04:00:00+00:00,2023-09-01 08:00:00+00:00,2023-09-01 04:00:00-04:00,125,59.0,70.15655287729064,boost_5y_no_dew_pressure,True
2023-08-27 04:00:00+00:00,2023-09-01 09:00:00+00:00,2023-09-01 05:00:00-04:00,126,58.0,69.74716476849753,boost_5y_no_dew_pressure,True
2023-08-27 04:00:00+00:00,2023-09-01 10:00:00+00:00,2023-09-01 06:00:00-04:00,127,61.0,69.55993804350406,boost_5y_no_dew_pressure,True
2023-08-27 04:00:00+00:00,2023-09-01 11:00:00+00:00,2023-09-01 07:00:00-04:00,128,62.0,71.69894465725122,boost_5y_no_dew_pressure,True
2023-08-27 04:00:00+00:00,2023-09-01 12:00:00+00:00,2023-09-01 08:00:00-04:00,129,66.0,75.94151220760413,boost_5y_no_dew_pressure,True
2023-08-27 04:00:00+00:00,2023-09-01 13:00:00+00:00,2023-09-01 09:00:00-04:00,130,72.0,79.31982868209244,boost_5y_no_dew_pressure,True
2023-08-27 04:00:00+00:00,2023-09-01 14:00:00+00:00,2023-09-01 10:00:00-04:00,131,75.0,82.16235804522775,boost_5y_no_dew_pressure,True
2023-08-27 04:00:00+00:00,2023-09-01 15:00:00+00:00,2023-09-01 11:00:00-04:00,132,78.0,84.09677598733934,boost_5y_no_dew_pressure,True
2023-08-27 04:00:00+00:00,2023-09-01 16:00:00+00:00,2023-09-01 12:00:00-04:00,133,79.0,85.6451496291118,boost_5y_no_dew_pressure,True
2023-08-27 04:00:00+00:00,2023-09-01 17:00:00+00:00,2023-09-01 13:00:00-04:00,134,81.0,86.85852836412327,boost_5y_no_dew_pressure,True
2023-08-27 04:00:00+00:00,2023-09-01 18:00:00+00:00,2023-09-01 14:00:00-04:00,135,82.0,87.63075233783616,boost_5y_no_dew_pressure,True
2023-08-27 04:00:00+00:00,2023-09-01 19:00:00+00:00,2023-09-01 15:00:00-04:00,136,82.0,87.64275126252326,boost_5y_no_dew_pressure,True
2023-08-27 04:00:00+00:00,2023-09-01 20:00:00+00:00,2023-09-01 16:00:00-04:00,137,82.0,86.73271282992121,boost_5y_no_dew_pressure,True
2023-08-27 04:00:00+00:00,2023-09-01 21:00:00+00:00,2023-09-01 17:00:00-04:00,138,82.0,85.53524533900051,boost_5y_no_dew_pressure,True
2023-08-27 04:00:00+00:00,2023-09-01 22:00:00+00:00,2023-09-01 18:00:00-04:00,139,79.0,83.44409249491719,boost_5y_no_dew_pressure,True
2023-08-27 04:00:00+00:00,2023-09-01 23:00:00+00:00,2023-09-01 19:00:00-04:00,140,76.0,79.71045876434945,boost_5y_no_dew_pressure,True
2023-08-27 04:00:00+00:00,2023-09-02 00:00:00+00:00,2023-09-01 20:00:00-04:00,141,73.0,77.0627834238611,boost_5y_no_dew_pressure,True
2023-08-27 04:00:00+00:00,2023-09-02 01:00:00+00:00,2023-09-01 21:00:00-04:00,142,67.0,76.01893988655738,boost_5y_no_dew_pressure,True
2023-08-27 04:00:00+00:00,2023-09-02 02:00:00+00:00,2023-09-01 22:00:00-04:00,143,67.0,74.822718292696,boost_5y_no_dew_pressure,True
2023-08-27 04:00:00+00:00,2023-09-02 03:00:00+00:00,2023-09-01 23:00:00-04:00,144,65.0,74.09544084579586,boost_5y_no_dew_pressure,True
2023-08-27 04:00:00+00:00,2023-09-02 04:00:00+00:00,2023-09-02 00:00:00-04:00,145,67.0,72.69064751258182,boost_5y_no_dew_pressure,True
2023-08-27 04:00:00+00:00,2023-09-02 05:00:00+00:00,2023-09-02 01:00:00-04:00,146,65.0,71.85529219087178,boost_5y_no_dew_pressure,True
2023-08-27 04:00:00+00:00,2023-09-02 06:00:00+00:00,2023-09-02 02:00:00-04:00,147,62.0,70.88087096108418,boost_5y_no_dew_pressure,True
2023-08-27 04:00:00+00:00,2023-09-02 07:00:00+00:00,2023-09-02 03:00:00-04:00,148,60.0,70.35055047775134,boost_5y_no_dew_pressure,True
2023-08-27 04:00:00+00:00,2023-09-02 08:00:00+00:00,2023-09-02 04:00:00-04:00,149,59.0,69.8641519696482,boost_5y_no_dew_pressure,True
2023-08-27 04:00:00+00:00,2023-09-02 09:00:00+00:00,2023-09-02 05:00:00-04:00,150,59.0,69.47643463737967,boost_5y_no_dew_pressure,True
2023-08-27 04:00:00+00:00,2023-09-02 10:00:00+00:00,2023-09-02 06:00:00-04:00,151,58.0,69.28737187860413,boost_5y_no_dew_pressure,True
2023-08-27 04:00:00+00:00,2023-09-02 11:00:00+00:00,2023-09-02 07:00:00-04:00,152,63.0,71.32650358010876,boost_5y_no_dew_pressure,True
2023-08-27 04:00:00+00:00,2023-09-02 12:00:00+00:00,2023-09-02 08:00:00-04:00,153,68.0,74.96835350066749,boost_5y_no_dew_pressure,True
2023-08-27 04:00:00+00:00,2023-09-02 13:00:00+00:00,2023-09-02 09:00:00-04:00,154,72.0,77.91506027804085,boost_5y_no_dew_pressure,True
2023-08-27 04:00:00+00:00,2023-09-02 14:00:00+00:00,2023-09-02 10:00:00-04:00,155,76.0,80.63580928834568,boost_5y_no_dew_pressure,True
2023-08-27 04:00:00+00:00,2023-09-02 15:00:00+00:00,2023-09-02 11:00:00-04:00,156,79.0,82.92695510848257,boost_5y_no_dew_pressure,True
2023-08-27 04:00:00+00:00,2023-09-02 16:00:00+00:00,2023-09-02 12:00:00-04:00,157,81.0,84.48476597640666,boost_5y_no_dew_pressure,True
2023-08-27 04:00:00+00:00,2023-09-02 17:00:00+00:00,2023-09-02 13:00:00-04:00,158,83.0,85.6221419327536,boost_5y_no_dew_pressure,True
2023-08-27 04:00:00+00:00,2023-09-02 18:00:00+00:00,2023-09-02 14:00:00-04:00,159,84.0,86.3783212367513,boost_5y_no_dew_pressure,True
2023-08-27 04:00:00+00:00,2023-09-02 19:00:00+00:00,2023-09-02 15:00:00-04:00,160,85.0,86.69866391897632,boost_5y_no_dew_pressure,True
2023-08-27 04:00:00+00:00,2023-09-02 20:00:00+00:00,2023-09-02 16:00:00-04:00,161,85.0,86.06336738232248,boost_5y_no_dew_pressure,True
2023-08-27 04:00:00+00:00,2023-09-02 21:00:00+00:00,2023-09-02 17:00:00-04:00,162,85.0,84.75693061023516,boost_5y_no_dew_pressure,True
2023-08-27 04:00:00+00:00,2023-09-02 22:00:00+00:00,2023-09-02 18:00:00-04:00,163,83.0,82.65968543991733,boost_5y_no_dew_pressure,True
2023-08-27 04:00:00+00:00,2023-09-02 23:00:00+00:00,2023-09-02 19:00:00-04:00,164,74.0,78.76580514673363,boost_5y_no_dew_pressure,True
2023-08-27 04:00:00+00:00,2023-09-03 00:00:00+00:00,2023-09-02 20:00:00-04:00,165,74.0,76.10624964347927,boost_5y_no_dew_pressure,True
2023-08-27 04:00:00+00:00,2023-09-03 01:00:00+00:00,2023-09-02 21:00:00-04:00,166,71.0,75.09708669347354,boost_5y_no_dew_pressure,True
2023-08-27 04:00:00+00:00,2023-09-03 02:00:00+00:00,2023-09-02 22:00:00-04:00,167,70.0,74.00470818540144,boost_5y_no_dew_pressure,True
2023-08-27 04:00:00+00:00,2023-09-03 03:00:00+00:00,2023-09-02 23:00:00-04:00,168,69.0,73.18435817236407,boost_5y_no_dew_pressure,True
2023-08-27 04:00:00+00:00,2023-09-03 04:00:00+00:00,2023-09-03 00:00:00-04:00,169,65.0,72.29094052910283,boost_5y_no_dew_pressure,True
2023-08-27 04:00:00+00:00,2023-09-03 05:00:00+00:00,2023-09-03 01:00:00-04:00,170,63.0,71.48079826721217,boost_5y_no_dew_pressure,True
2023-08-27 04:00:00+00:00,2023-09-03 06:00:00+00:00,2023-09-03 02:00:00-04:00,171,63.0,70.52938527825913,boost_5y_no_dew_pressure,True
2023-08-27 04:00:00+00:00,2023-09-03 07:00:00+00:00,2023-09-03 03:00:00-04:00,172,62.0,70.05241894732724,boost_5y_no_dew_pressure,True
2023-08-27 04:00:00+00:00,2023-09-03 08:00:00+00:00,2023-09-03 04:00:00-04:00,173,62.0,69.58052338419023,boost_5y_no_dew_pressure,True
2023-08-27 04:00:00+00:00,2023-09-03 09:00:00+00:00,2023-09-03 05:00:00-04:00,174,62.0,69.29021919262857,boost_5y_no_dew_pressure,True
2023-08-27 04:00:00+00:00,2023-09-03 10:00:00+00:00,2023-09-03 06:00:00-04:00,175,62.0,69.02285462436684,boost_5y_no_dew_pressure,True
2023-08-27 04:00:00+00:00,2023-09-03 11:00:00+00:00,2023-09-03 07:00:00-04:00,176,65.0,71.02499775666782,boost_5y_no_dew_pressure,True
2023-08-27 04:00:00+00:00,2023-09-03 12:00:00+00:00,2023-09-03 08:00:00-04:00,177,72.0,74.55759856696491,boost_5y_no_dew_pressure,True
2023-08-27 04:00:00+00:00,2023-09-03 13:00:00+00:00,2023-09-03 09:00:00-04:00,178,78.0,77.71297437385658,boost_5y_no_dew_pressure,True
2023-08-27 04:00:00+00:00,2023-09-03 14:00:00+00:00,2023-09-03 10:00:00-04:00,179,83.0,80.40479022075003,boost_5y_no_dew_pressure,True
2023-08-27 04:00:00+00:00,2023-09-03 15:00:00+00:00,2023-09-03 11:00:00-04:00,180,87.0,82.71813265421079,boost_5y_no_dew_pressure,True
2023-08-27 04:00:00+00:00,2023-09-03 16:00:00+00:00,2023-09-03 12:00:00-04:00,181,89.0,84.23298763073501,boost_5y_no_dew_pressure,True
2023-08-27 04:00:00+00:00,2023-09-03 17:00:00+00:00,2023-09-03 13:00:00-04:00,182,94.0,85.29319755138908,boost_5y_no_dew_pressure,True
2023-08-27 04:00:00+00:00,2023-09-03 18:00:00+00:00,2023-09-03 14:00:00-04:00,183,94.0,86.1555324668231,boost_5y_no_dew_pressure,True
2023-08-27 04:00:00+00:00,2023-09-03 19:00:00+00:00,2023-09-03 15:00:00-04:00,184,95.0,86.4773200454984,boost_5y_no_dew_pressure,True
2023-08-27 04:00:00+00:00,2023-09-03 20:00:00+00:00,2023-09-03 16:00:00-04:00,185,93.0,85.84073212396247,boost_5y_no_dew_pressure,True
2023-08-27 04:00:00+00:00,2023-09-03 21:00:00+00:00,2023-09-03 17:00:00-04:00,186,93.0,84.46579983495721,boost_5y_no_dew_pressure,True
2023-08-27 04:00:00+00:00,2023-09-03 22:00:00+00:00,2023-09-03 18:00:00-04:00,187,89.0,82.39298409035895,boost_5y_no_dew_pressure,True
2023-08-27 04:00:00+00:00,2023-09-03 23:00:00+00:00,2023-09-03 19:00:00-04:00,188,82.0,78.5974604618677,boost_5y_no_dew_pressure,True
2023-08-27 04:00:00+00:00,2023-09-04 00:00:00+00:00,2023-09-03 20:00:00-04:00,189,80.0,75.99039781193133,boost_5y_no_dew_pressure,True
2023-08-27 04:00:00+00:00,2023-09-04 01:00:00+00:00,2023-09-03 21:00:00-04:00,190,79.0,74.90436921975021,boost_5y_no_dew_pressure,True
2023-08-27 04:00:00+00:00,2023-09-04 02:00:00+00:00,2023-09-03 22:00:00-04:00,191,77.0,73.84979680303994,boost_5y_no_dew_pressure,True
2023-08-27 04:00:00+00:00,2023-09-04 03:00:00+00:00,2023-09-03 23:00:00-04:00,192,76.0,73.01448293933231,boost_5y_no_dew_pressure,True
2023-08-27 04:00:00+00:00,2023-09-04 04:00:00+00:00,2023-09-04 00:00:00-04:00,193,71.0,72.42348541238822,boost_5y_no_dew_pressure,True
2023-08-27 04:00:00+00:00,2023-09-04 05:00:00+00:00,2023-09-04 01:00:00-04:00,194,73.0,71.64005148616549,boost_5y_no_dew_pressure,True
2023-08-27 04:00:00+00:00,2023-09-04 06:00:00+00:00,2023-09-04 02:00:00-04:00,195,73.0,70.70689902565668,boost_5y_no_dew_pressure,True
2023-08-27 04:00:00+00:00,2023-09-04 07:00:00+00:00,2023-09-04 03:00:00-04:00,196,71.0,70.29357724388021,boost_5y_no_dew_pressure,True
2023-08-27 04:00:00+00:00,2023-09-04 08:00:00+00:00,2023-09-04 04:00:00-04:00,197,71.0,69.77725198185213,boost_5y_no_dew_pressure,True
2023-08-27 04:00:00+00:00,2023-09-04 09:00:00+00:00,2023-09-04 05:00:00-04:00,198,70.0,69.49644776330392,boost_5y_no_dew_pressure,True
2023-08-27 04:00:00+00:00,2023-09-04 10:00:00+00:00,2023-09-04 06:00:00-04:00,199,68.0,69.24638176498306,boost_5y_no_dew_pressure,True
2023-08-27 04:00:00+00:00,2023-09-04 11:00:00+00:00,2023-09-04 07:00:00-04:00,200,71.0,71.16218471912453,boost_5y_no_dew_pressure,True
2023-08-27 04:00:00+00:00,2023-09-04 12:00:00+00:00,2023-09-04 08:00:00-04:00,201,80.0,74.68864619364169,boost_5y_no_dew_pressure,True
2023-08-27 04:00:00+00:00,2023-09-04 13:00:00+00:00,2023-09-04 09:00:00-04:00,202,84.0,77.75044091471798,boost_5y_no_dew_pressure,True
2023-08-27 04:00:00+00:00,2023-09-04 14:00:00+00:00,2023-09-04 10:00:00-04:00,203,88.0,80.46045738767215,boost_5y_no_dew_pressure,True
2023-08-27 04:00:00+00:00,2023-09-04 15:00:00+00:00,2023-09-04 11:00:00-04:00,204,89.0,82.8832573781526,boost_5y_no_dew_pressure,True
2023-08-27 04:00:00+00:00,2023-09-04 16:00:00+00:00,2023-09-04 12:00:00-04:00,205,93.0,84.35266375207584,boost_5y_no_dew_pressure,True
2023-08-27 04:00:00+00:00,2023-09-04 17:00:00+00:00,2023-09-04 13:00:00-04:00,206,95.0,85.5728442079681,boost_5y_no_dew_pressure,True
2023-08-27 04:00:00+00:00,2023-09-04 18:00:00+00:00,2023-09-04 14:00:00-04:00,207,97.0,86.44054239382318,boost_5y_no_dew_pressure,True
2023-08-27 04:00:00+00:00,2023-09-04 19:00:00+00:00,2023-09-04 15:00:00-04:00,208,98.0,86.66397485644059,boost_5y_no_dew_pressure,True
2023-08-27 04:00:00+00:00,2023-09-04 20:00:00+00:00,2023-09-04 16:00:00-04:00,209,98.0,86.11599149376096,boost_5y_no_dew_pressure,True
2023-08-27 04:00:00+00:00,2023-09-04 21:00:00+00:00,2023-09-04 17:00:00-04:00,210,94.0,84.95869528266006,boost_5y_no_dew_pressure,True
2023-08-27 04:00:00+00:00,2023-09-04 22:00:00+00:00,2023-09-04 18:00:00-04:00,211,91.0,82.70685118602132,boost_5y_no_dew_pressure,True
2023-08-27 04:00:00+00:00,2023-09-04 23:00:00+00:00,2023-09-04 19:00:00-04:00,212,86.0,78.79778934806157,boost_5y_no_dew_pressure,True
2023-08-27 04:00:00+00:00,2023-09-05 00:00:00+00:00,2023-09-04 20:00:00-04:00,213,83.0,76.28827795933685,boost_5y_no_dew_pressure,True
2023-08-27 04:00:00+00:00,2023-09-05 01:00:00+00:00,2023-09-04 21:00:00-04:00,214,80.0,75.1371233183515,boost_5y_no_dew_pressure,True
2023-08-27 04:00:00+00:00,2023-09-05 02:00:00+00:00,2023-09-04 22:00:00-04:00,215,79.0,74.13307557709341,boost_5y_no_dew_pressure,True
2023-08-27 04:00:00+00:00,2023-09-05 03:00:00+00:00,2023-09-04 23:00:00-04:00,216,78.0,73.37497510436145,boost_5y_no_dew_pressure,True
2023-08-27 04:00:00+00:00,2023-09-05 04:00:00+00:00,2023-09-05 00:00:00-04:00,217,77.0,72.59583237622022,boost_5y_no_dew_pressure,True
2023-08-27 04:00:00+00:00,2023-09-05 05:00:00+00:00,2023-09-05 01:00:00-04:00,218,75.0,71.80966038879862,boost_5y_no_dew_pressure,True
2023-08-27 04:00:00+00:00,2023-09-05 06:00:00+00:00,2023-09-05 02:00:00-04:00,219,74.0,70.88421385303948,boost_5y_no_dew_pressure,True
2023-08-27 04:00:00+00:00,2023-09-05 07:00:00+00:00,2023-09-05 03:00:00-04:00,220,72.0,70.4557836888129,boost_5y_no_dew_pressure,True
2023-08-27 04:00:00+00:00,2023-09-05 08:00:00+00:00,2023-09-05 04:00:00-04:00,221,73.0,69.92333608356292,boost_5y_no_dew_pressure,True
2023-08-27 04:00:00+00:00,2023-09-05 09:00:00+00:00,2023-09-05 05:00:00-04:00,222,72.0,69.67555602922509,boost_5y_no_dew_pressure,True
2023-08-27 04:00:00+00:00,2023-09-05 10:00:00+00:00,2023-09-05 06:00:00-04:00,223,72.0,69.43616903972543,boost_5y_no_dew_pressure,True
2023-08-27 04:00:00+00:00,2023-09-05 11:00:00+00:00,2023-09-05 07:00:00-04:00,224,76.0,71.27627203177242,boost_5y_no_dew_pressure,True
2023-08-27 04:00:00+00:00,2023-09-05 12:00:00+00:00,2023-09-05 08:00:00-04:00,225,80.0,74.72704689742028,boost_5y_no_dew_pressure,True
2023-08-27 04:00:00+00:00,2023-09-05 13:00:00+00:00,2023-09-05 09:00:00-04:00,226,85.0,77.73381283701386,boost_5y_no_dew_pressure,True
2023-08-27 04:00:00+00:00,2023-09-05 14:00:00+00:00,2023-09-05 10:00:00-04:00,227,87.0,80.45224677967818,boost_5y_no_dew_pressure,True
2023-08-27 04:00:00+00:00,2023-09-05 15:00:00+00:00,2023-09-05 11:00:00-04:00,228,89.0,82.87862162144691,boost_5y_no_dew_pressure,True
2023-08-27 04:00:00+00:00,2023-09-05 16:00:00+00:00,2023-09-05 12:00:00-04:00,229,93.0,84.33312358060645,boost_5y_no_dew_pressure,True
2023-08-27 04:00:00+00:00,2023-09-05 17:00:00+00:00,2023-09-05 13:00:00-04:00,230,94.0,85.45451402602066,boost_5y_no_dew_pressure,True
2023-08-27 04:00:00+00:00,2023-09-05 18:00:00+00:00,2023-09-05 14:00:00-04:00,231,97.0,86.27466416482424,boost_5y_no_dew_pressure,True
2023-08-27 04:00:00+00:00,2023-09-05 19:00:00+00:00,2023-09-05 15:00:00-04:00,232,96.0,86.56622107657536,boost_5y_no_dew_pressure,True
2023-08-27 04:00:00+00:00,2023-09-05 20:00:00+00:00,2023-09-05 16:00:00-04:00,233,96.0,85.99177685731382,boost_5y_no_dew_pressure,True
2023-08-27 04:00:00+00:00,2023-09-05 21:00:00+00:00,2023-09-05 17:00:00-04:00,234,95.0,84.76058449224851,boost_5y_no_dew_pressure,True
2023-08-27 04:00:00+00:00,2023-09-05 22:00:00+00:00,2023-09-05 18:00:00-04:00,235,94.0,82.37593441845316,boost_5y_no_dew_pressure,True
2023-08-27 04:00:00+00:00,2023-09-05 23:00:00+00:00,2023-09-05 19:00:00-04:00,236,89.0,78.48377961338623,boost_5y_no_dew_pressure,True
2023-08-27 04:00:00+00:00,2023-09-06 00:00:00+00:00,2023-09-05 20:00:00-04:00,237,82.0,76.10555182759427,boost_5y_no_dew_pressure,True
2023-08-27 04:00:00+00:00,2023-09-06 01:00:00+00:00,2023-09-05 21:00:00-04:00,238,82.0,74.9333373017666,boost_5y_no_dew_pressure,True
2023-08-27 04:00:00+00:00,2023-09-06 02:00:00+00:00,2023-09-05 22:00:00-04:00,239,80.0,73.93685115489363,boost_5y_no_dew_pressure,True
2023-08-27 04:00:00+00:00,2023-09-06 03:00:00+00:00,2023-09-05 23:00:00-04:00,240,79.0,73.21994114759468,boost_5y_no_dew_pressure,True
2023-08-27 04:00:00+00:00,2023-09-06 04:00:00+00:00,2023-09-06 00:00:00-04:00,241,77.0,72.38219408096869,boost_5y_no_dew_pressure,True
2023-08-27 04:00:00+00:00,2023-09-06 05:00:00+00:00,2023-09-06 01:00:00-04:00,242,77.0,71.63782347605668,boost_5y_no_dew_pressure,True
2023-08-27 04:00:00+00:00,2023-09-06 06:00:00+00:00,2023-09-06 02:00:00-04:00,243,75.0,70.71057956264781,boost_5y_no_dew_pressure,True
2023-08-27 04:00:00+00:00,2023-09-06 07:00:00+00:00,2023-09-06 03:00:00-04:00,244,76.0,70.4030815321061,boost_5y_no_dew_pressure,True
2023-08-27 04:00:00+00:00,2023-09-06 08:00:00+00:00,2023-09-06 04:00:00-04:00,245,74.0,69.84414245955399,boost_5y_no_dew_pressure,True
2023-08-27 04:00:00+00:00,2023-09-06 09:00:00+00:00,2023-09-06 05:00:00-04:00,246,74.0,69.5987340902163,boost_5y_no_dew_pressure,True
2023-08-27 04:00:00+00:00,2023-09-06 10:00:00+00:00,2023-09-06 06:00:00-04:00,247,74.0,69.4130044096459,boost_5y_no_dew_pressure,True
2023-08-27 04:00:00+00:00,2023-09-06 11:00:00+00:00,2023-09-06 07:00:00-04:00,248,76.0,71.110042312174,boost_5y_no_dew_pressure,True
2023-08-27 04:00:00+00:00,2023-09-06 12:00:00+00:00,2023-09-06 08:00:00-04:00,249,84.0,74.50452241634392,boost_5y_no_dew_pressure,True
2023-08-27 04:00:00+00:00,2023-09-06 13:00:00+00:00,2023-09-06 09:00:00-04:00,250,88.0,77.42377288567087,boost_5y_no_dew_pressure,True
2023-08-27 04:00:00+00:00,2023-09-06 14:00:00+00:00,2023-09-06 10:00:00-04:00,251,91.0,79.98239031098198,boost_5y_no_dew_pressure,True
2023-08-27 04:00:00+00:00,2023-09-06 15:00:00+00:00,2023-09-06 11:00:00-04:00,252,95.0,82.40311702254927,boost_5y_no_dew_pressure,True
2023-08-27 04:00:00+00:00,2023-09-06 16:00:00+00:00,2023-09-06 12:00:00-04:00,253,97.0,83.84096969013186,boost_5y_no_dew_pressure,True
2023-08-27 04:00:00+00:00,2023-09-06 17:00:00+00:00,2023-09-06 13:00:00-04:00,254,97.0,85.00234297046316,boost_5y_no_dew_pressure,True
2023-08-27 04:00:00+00:00,2023-09-06 18:00:00+00:00,2023-09-06 14:00:00-04:00,255,98.0,85.7740743211746,boost_5y_no_dew_pressure,True
2023-08-27 04:00:00+00:00,2023-09-06 19:00:00+00:00,2023-09-06 15:00:00-04:00,256,100.0,85.94330818097279,boost_5y_no_dew_pressure,True
2023-08-27 04:00:00+00:00,2023-09-06 20:00:00+00:00,2023-09-06 16:00:00-04:00,257,100.0,85.43616186142263,boost_5y_no_dew_pressure,True
2023-08-27 04:00:00+00:00,2023-09-06 21:00:00+00:00,2023-09-06 17:00:00-04:00,258,98.0,84.12656435869192,boost_5y_no_dew_pressure,True
2023-08-27 04:00:00+00:00,2023-09-06 22:00:00+00:00,2023-09-06 18:00:00-04:00,259,95.0,81.74072667614257,boost_5y_no_dew_pressure,True
2023-08-27 04:00:00+00:00,2023-09-06 23:00:00+00:00,2023-09-06 19:00:00-04:00,260,89.0,77.9537718608263,boost_5y_no_dew_pressure,True
2023-08-27 04:00:00+00:00,2023-09-07 00:00:00+00:00,2023-09-06 20:00:00-04:00,261,88.0,75.69538639799218,boost_5y_no_dew_pressure,True
2023-08-27 04:00:00+00:00,2023-09-07 01:00:00+00:00,2023-09-06 21:00:00-04:00,262,86.0,74.57699020536495,boost_5y_no_dew_pressure,True
2023-08-27 04:00:00+00:00,2023-09-07 02:00:00+00:00,2023-09-06 22:00:00-04:00,263,85.0,73.57934460124766,boost_5y_no_dew_pressure,True
2023-08-27 04:00:00+00:00,2023-09-07 03:00:00+00:00,2023-09-06 23:00:00-04:00,264,83.0,72.84587522217721,boost_5y_no_dew_pressure,True
2023-08-27 04:00:00+00:00,2023-09-07 04:00:00+00:00,2023-09-07 00:00:00-04:00,265,78.0,72.0687427081903,boost_5y_no_dew_pressure,True
2023-08-27 04:00:00+00:00,2023-09-07 05:00:00+00:00,2023-09-07 01:00:00-04:00,266,78.0,71.37711062061915,boost_5y_no_dew_pressure,True
2023-08-27 04:00:00+00:00,2023-09-07 06:00:00+00:00,2023-09-07 02:00:00-04:00,267,74.0,70.48819581991816,boost_5y_no_dew_pressure,True
2023-08-27 04:00:00+00:00,2023-09-07 07:00:00+00:00,2023-09-07 03:00:00-04:00,268,75.0,70.16765463189601,boost_5y_no_dew_pressure,True
2023-08-27 04:00:00+00:00,2023-09-07 08:00:00+00:00,2023-09-07 04:00:00-04:00,269,76.0,69.55513524466896,boost_5y_no_dew_pressure,True
2023-08-27 04:00:00+00:00,2023-09-07 09:00:00+00:00,2023-09-07 05:00:00-04:00,270,76.0,69.34753341306237,boost_5y_no_dew_pressure,True
2023-08-27 04:00:00+00:00,2023-09-07 10:00:00+00:00,2023-09-07 06:00:00-04:00,271,77.0,69.16159041190417,boost_5y_no_dew_pressure,True
2023-08-27 04:00:00+00:00,2023-09-07 11:00:00+00:00,2023-09-07 07:00:00-04:00,272,80.0,70.77762974952104,boost_5y_no_dew_pressure,True
2023-08-27 04:00:00+00:00,2023-09-07 12:00:00+00:00,2023-09-07 08:00:00-04:00,273,85.0,74.07853301854539,boost_5y_no_dew_pressure,True
2023-08-27 04:00:00+00:00,2023-09-07 13:00:00+00:00,2023-09-07 09:00:00-04:00,274,89.0,77.03179680919474,boost_5y_no_dew_pressure,True
2023-08-27 04:00:00+00:00,2023-09-07 14:00:00+00:00,2023-09-07 10:00:00-04:00,275,91.0,79.54032547248751,boost_5y_no_dew_pressure,True
2023-08-27 04:00:00+00:00,2023-09-07 15:00:00+00:00,2023-09-07 11:00:00-04:00,276,95.0,81.95536297854643,boost_5y_no_dew_pressure,True
2023-08-27 04:00:00+00:00,2023-09-07 16:00:00+00:00,2023-09-07 12:00:00-04:00,277,99.0,83.36861644100958,boost_5y_no_dew_pressure,True
2023-08-27 04:00:00+00:00,2023-09-07 17:00:00+00:00,2023-09-07 13:00:00-04:00,278,100.0,84.45994088630395,boost_5y_no_dew_pressure,True
2023-08-27 04:00:00+00:00,2023-09-07 18:00:00+00:00,2023-09-07 14:00:00-04:00,279,98.0,85.16990059207323,boost_5y_no_dew_pressure,True
2023-08-27 04:00:00+00:00,2023-09-07 19:00:00+00:00,2023-09-07 15:00:00-04:00,280,99.0,85.35423604053703,boost_5y_no_dew_pressure,True
2023-08-27 04:00:00+00:00,2023-09-07 20:00:00+00:00,2023-09-07 16:00:00-04:00,281,96.0,84.86081385585258,boost_5y_no_dew_pressure,True
2023-08-27 04:00:00+00:00,2023-09-07 21:00:00+00:00,2023-09-07 17:00:00-04:00,282,96.0,83.51229847342917,boost_5y_no_dew_pressure,True
2023-08-27 04:00:00+00:00,2023-09-07 22:00:00+00:00,2023-09-07 18:00:00-04:00,283,93.0,81.19314032012636,boost_5y_no_dew_pressure,True
2023-08-27 04:00:00+00:00,2023-09-07 23:00:00+00:00,2023-09-07 19:00:00-04:00,284,89.0,77.47359853548015,boost_5y_no_dew_pressure,True
2023-08-27 04:00:00+00:00,2023-09-08 00:00:00+00:00,2023-09-07 20:00:00-04:00,285,86.0,75.32609389185502,boost_5y_no_dew_pressure,True
2023-08-27 04:00:00+00:00,2023-09-08 01:00:00+00:00,2023-09-07 21:00:00-04:00,286,84.0,74.2008026613334,boost_5y_no_dew_pressure,True
2023-08-27 04:00:00+00:00,2023-09-08 02:00:00+00:00,2023-09-07 22:00:00-04:00,287,82.0,73.22944205304205,boost_5y_no_dew_pressure,True
2023-08-27 04:00:00+00:00,2023-09-08 03:00:00+00:00,2023-09-07 23:00:00-04:00,288,81.0,72.47773729808333,boost_5y_no_dew_pressure,True
2023-08-27 04:00:00+00:00,2023-09-08 04:00:00+00:00,2023-09-08 00:00:00-04:00,289,79.0,71.7909135454747,boost_5y_no_dew_pressure,True
2023-08-27 04:00:00+00:00,2023-09-08 05:00:00+00:00,2023-09-08 01:00:00-04:00,290,76.0,71.20274488044716,boost_5y_no_dew_pressure,True
2023-08-27 04:00:00+00:00,2023-09-08 06:00:00+00:00,2023-09-08 02:00:00-04:00,291,74.0,70.38016003351618,boost_5y_no_dew_pressure,True
2023-08-27 04:00:00+00:00,2023-09-08 07:00:00+00:00,2023-09-08 03:00:00-04:00,292,76.0,70.03353699017723,boost_5y_no_dew_pressure,True
2023-08-27 04:00:00+00:00,2023-09-08 08:00:00+00:00,2023-09-08 04:00:00-04:00,293,74.0,69.47454565926759,boost_5y_no_dew_pressure,True
2023-08-27 04:00:00+00:00,2023-09-08 09:00:00+00:00,2023-09-08 05:00:00-04:00,294,71.0,69.25240537606581,boost_5y_no_dew_pressure,True
2023-08-27 04:00:00+00:00,2023-09-08 10:00:00+00:00,2023-09-08 06:00:00-04:00,295,72.0,69.09956226122333,boost_5y_no_dew_pressure,True
2023-08-27 04:00:00+00:00,2023-09-08 11:00:00+00:00,2023-09-08 07:00:00-04:00,296,75.0,70.66200733681902,boost_5y_no_dew_pressure,True
2023-08-27 04:00:00+00:00,2023-09-08 12:00:00+00:00,2023-09-08 08:00:00-04:00,297,78.0,73.81855603960896,boost_5y_no_dew_pressure,True
2023-08-27 04:00:00+00:00,2023-09-08 13:00:00+00:00,2023-09-08 09:00:00-04:00,298,84.0,76.72650159937983,boost_5y_no_dew_pressure,True
2023-08-27 04:00:00+00:00,2023-09-08 14:00:00+00:00,2023-09-08 10:00:00-04:00,299,90.0,79.18403151708992,boost_5y_no_dew_pressure,True
2023-08-27 04:00:00+00:00,2023-09-08 15:00:00+00:00,2023-09-08 11:00:00-04:00,300,92.0,81.58051115173667,boost_5y_no_dew_pressure,True
2023-08-27 04:00:00+00:00,2023-09-08 16:00:00+00:00,2023-09-08 12:00:00-04:00,301,96.0,82.90120110557329,boost_5y_no_dew_pressure,True
2023-08-27 04:00:00+00:00,2023-09-08 17:00:00+00:00,2023-09-08 13:00:00-04:00,302,94.0,83.91491350211535,boost_5y_no_dew_pressure,True
2023-08-27 04:00:00+00:00,2023-09-08 18:00:00+00:00,2023-09-08 14:00:00-04:00,303,95.0,84.68618945787527,boost_5y_no_dew_pressure,True
2023-08-27 04:00:00+00:00,2023-09-08 19:00:00+00:00,2023-09-08 15:00:00-04:00,304,93.0,84.86580313759805,boost_5y_no_dew_pressure,True
2023-08-27 04:00:00+00:00,2023-09-08 20:00:00+00:00,2023-09-08 16:00:00-04:00,305,71.0,84.29216209326431,boost_5y_no_dew_pressure,True
2023-08-27 04:00:00+00:00,2023-09-08 21:00:00+00:00,2023-09-08 17:00:00-04:00,306,78.0,82.958038744046,boost_5y_no_dew_pressure,True
2023-08-27 04:00:00+00:00,2023-09-08 22:00:00+00:00,2023-09-08 18:00:00-04:00,307,77.0,80.65250255941422,boost_5y_no_dew_pressure,True
2023-08-27 04:00:00+00:00,2023-09-08 23:00:00+00:00,2023-09-08 19:00:00-04:00,308,76.0,77.11503494197976,boost_5y_no_dew_pressure,True
2023-08-27 04:00:00+00:00,2023-09-09 00:00:00+00:00,2023-09-08 20:00:00-04:00,309,75.0,75.03488428364659,boost_5y_no_dew_pressure,True
2023-08-27 04:00:00+00:00,2023-09-09 01:00:00+00:00,2023-09-08 21:00:00-04:00,310,75.0,73.86447751616015,boost_5y_no_dew_pressure,True
2023-08-27 04:00:00+00:00,2023-09-09 02:00:00+00:00,2023-09-08 22:00:00-04:00,311,74.0,72.9063737246582,boost_5y_no_dew_pressure,True
2023-08-27 04:00:00+00:00,2023-09-09 03:00:00+00:00,2023-09-08 23:00:00-04:00,312,73.0,72.17771945948552,boost_5y_no_dew_pressure,True
2023-08-27 04:00:00+00:00,2023-09-09 04:00:00+00:00,2023-09-09 00:00:00-04:00,313,72.0,71.57504025900242,boost_5y_no_dew_pressure,True
2023-08-27 04:00:00+00:00,2023-09-09 05:00:00+00:00,2023-09-09 01:00:00-04:00,314,73.0,70.94986952960178,boost_5y_no_dew_pressure,True
2023-08-27 04:00:00+00:00,2023-09-09 06:00:00+00:00,2023-09-09 02:00:00-04:00,315,73.0,70.09773168903007,boost_5y_no_dew_pressure,True
2023-08-27 04:00:00+00:00,2023-09-09 07:00:00+00:00,2023-09-09 03:00:00-04:00,316,73.0,69.79141587038137,boost_5y_no_dew_pressure,True
2023-08-27 04:00:00+00:00,2023-09-09 08:00:00+00:00,2023-09-09 04:00:00-04:00,317,72.0,69.25912046249613,boost_5y_no_dew_pressure,True
2023-08-27 04:00:00+00:00,2023-09-09 09:00:00+00:00,2023-09-09 05:00:00-04:00,318,72.0,68.9826745931603,boost_5y_no_dew_pressure,True
2023-08-27 04:00:00+00:00,2023-09-09 10:00:00+00:00,2023-09-09 06:00:00-04:00,319,74.0,68.83698251424786,boost_5y_no_dew_pressure,True
2023-08-27 04:00:00+00:00,2023-09-09 11:00:00+00:00,2023-09-09 07:00:00-04:00,320,74.0,70.38190260086334,boost_5y_no_dew_pressure,True
2023-08-27 04:00:00+00:00,2023-09-09 12:00:00+00:00,2023-09-09 08:00:00-04:00,321,74.0,73.49318681614776,boost_5y_no_dew_pressure,True
2023-08-27 04:00:00+00:00,2023-09-09 13:00:00+00:00,2023-09-09 09:00:00-04:00,322,70.0,76.47877453415883,boost_5y_no_dew_pressure,True
2023-08-27 04:00:00+00:00,2023-09-09 14:00:00+00:00,2023-09-09 10:00:00-04:00,323,70.0,78.88971856596756,boost_5y_no_dew_pressure,True
2023-08-27 04:00:00+00:00,2023-09-09 15:00:00+00:00,2023-09-09 11:00:00-04:00,324,72.0,81.30376171023708,boost_5y_no_dew_pressure,True
2023-08-27 04:00:00+00:00,2023-09-09 16:00:00+00:00,2023-09-09 12:00:00-04:00,325,72.0,82.58436419926647,boost_5y_no_dew_pressure,True
2023-08-27 04:00:00+00:00,2023-09-09 17:00:00+00:00,2023-09-09 13:00:00-04:00,326,69.0,83.51882066319182,boost_5y_no_dew_pressure,True
2023-08-27 04:00:00+00:00,2023-09-09 18:00:00+00:00,2023-09-09 14:00:00-04:00,327,70.0,84.25655918395705,boost_5y_no_dew_pressure,True
2023-08-27 04:00:00+00:00,2023-09-09 19:00:00+00:00,2023-09-09 15:00:00-04:00,328,73.0,84.69464384712128,boost_5y_no_dew_pressure,True
2023-08-27 04:00:00+00:00,2023-09-09 20:00:00+00:00,2023-09-09 16:00:00-04:00,329,75.0,84.2017478481501,boost_5y_no_dew_pressure,True
2023-08-27 04:00:00+00:00,2023-09-09 21:00:00+00:00,2023-09-09 17:00:00-04:00,330,74.0,82.92127497669637,boost_5y_no_dew_pressure,True
2023-08-27 04:00:00+00:00,2023-09-09 22:00:00+00:00,2023-09-09 18:00:00-04:00,331,73.0,80.48217691664205,boost_5y_no_dew_pressure,True
2023-08-27 04:00:00+00:00,2023-09-09 23:00:00+00:00,2023-09-09 19:00:00-04:00,332,72.0,76.93911987562377,boost_5y_no_dew_pressure,True
2023-08-27 04:00:00+00:00,2023-09-10 00:00:00+00:00,2023-09-09 20:00:00-04:00,333,72.0,74.88567859087753,boost_5y_no_dew_pressure,True
2023-08-27 04:00:00+00:00,2023-09-10 01:00:00+00:00,2023-09-09 21:00:00-04:00,334,71.0,73.70110890027262,boost_5y_no_dew_pressure,True
2023-08-27 04:00:00+00:00,2023-09-10 02:00:00+00:00,2023-09-09 22:00:00-04:00,335,72.0,72.74246759303284,boost_5y_no_dew_pressure,True
2023-08-27 04:00:00+00:00,2023-09-10 03:00:00+00:00,2023-09-09 23:00:00-04:00,336,71.0,72.10552946396419,boost_5y_no_dew_pressure,True
2023-09-03 04:00:00+00:00,2023-09-03 04:00:00+00:00,2023-09-03 00:00:00-04:00,1,65.0,70.02630399815096,boost_5y_no_dew_pressure,True
2023-09-03 04:00:00+00:00,2023-09-03 05:00:00+00:00,2023-09-03 01:00:00-04:00,2,63.0,69.43286615641577,boost_5y_no_dew_pressure,True
2023-09-03 04:00:00+00:00,2023-09-03 06:00:00+00:00,2023-09-03 02:00:00-04:00,3,63.0,68.5000489115829,boost_5y_no_dew_pressure,True
2023-09-03 04:00:00+00:00,2023-09-03 07:00:00+00:00,2023-09-03 03:00:00-04:00,4,62.0,68.10657644265412,boost_5y_no_dew_pressure,True
2023-09-03 04:00:00+00:00,2023-09-03 08:00:00+00:00,2023-09-03 04:00:00-04:00,5,62.0,67.55008070012434,boost_5y_no_dew_pressure,True
2023-09-03 04:00:00+00:00,2023-09-03 09:00:00+00:00,2023-09-03 05:00:00-04:00,6,62.0,66.31035496748724,boost_5y_no_dew_pressure,True
2023-09-03 04:00:00+00:00,2023-09-03 10:00:00+00:00,2023-09-03 06:00:00-04:00,7,62.0,66.10202751382114,boost_5y_no_dew_pressure,True
2023-09-03 04:00:00+00:00,2023-09-03 11:00:00+00:00,2023-09-03 07:00:00-04:00,8,65.0,68.57190729239312,boost_5y_no_dew_pressure,True
2023-09-03 04:00:00+00:00,2023-09-03 12:00:00+00:00,2023-09-03 08:00:00-04:00,9,72.0,73.85730654504444,boost_5y_no_dew_pressure,True
2023-09-03 04:00:00+00:00,2023-09-03 13:00:00+00:00,2023-09-03 09:00:00-04:00,10,78.0,77.20637903254055,boost_5y_no_dew_pressure,True
2023-09-03 04:00:00+00:00,2023-09-03 14:00:00+00:00,2023-09-03 10:00:00-04:00,11,83.0,79.9128200697301,boost_5y_no_dew_pressure,True
2023-09-03 04:00:00+00:00,2023-09-03 15:00:00+00:00,2023-09-03 11:00:00-04:00,12,87.0,82.33288050110926,boost_5y_no_dew_pressure,True
2023-09-03 04:00:00+00:00,2023-09-03 16:00:00+00:00,2023-09-03 12:00:00-04:00,13,89.0,83.91973363544834,boost_5y_no_dew_pressure,True
2023-09-03 04:00:00+00:00,2023-09-03 17:00:00+00:00,2023-09-03 13:00:00-04:00,14,94.0,84.98025599482553,boost_5y_no_dew_pressure,True
2023-09-03 04:00:00+00:00,2023-09-03 18:00:00+00:00,2023-09-03 14:00:00-04:00,15,94.0,86.12668002833315,boost_5y_no_dew_pressure,True
2023-09-03 04:00:00+00:00,2023-09-03 19:00:00+00:00,2023-09-03 15:00:00-04:00,16,95.0,86.58215220307721,boost_5y_no_dew_pressure,True
2023-09-03 04:00:00+00:00,2023-09-03 20:00:00+00:00,2023-09-03 16:00:00-04:00,17,93.0,86.07795238727988,boost_5y_no_dew_pressure,True
2023-09-03 04:00:00+00:00,2023-09-03 21:00:00+00:00,2023-09-03 17:00:00-04:00,18,93.0,84.45926173533189,boost_5y_no_dew_pressure,True
2023-09-03 04:00:00+00:00,2023-09-03 22:00:00+00:00,2023-09-03 18:00:00-04:00,19,89.0,82.37191550087458,boost_5y_no_dew_pressure,True
2023-09-03 04:00:00+00:00,2023-09-03 23:00:00+00:00,2023-09-03 19:00:00-04:00,20,82.0,77.89944245135882,boost_5y_no_dew_pressure,True
2023-09-03 04:00:00+00:00,2023-09-04 00:00:00+00:00,2023-09-03 20:00:00-04:00,21,80.0,75.3393123281519,boost_5y_no_dew_pressure,True
2023-09-03 04:00:00+00:00,2023-09-04 01:00:00+00:00,2023-09-03 21:00:00-04:00,22,79.0,74.0669484156809,boost_5y_no_dew_pressure,True
2023-09-03 04:00:00+00:00,2023-09-04 02:00:00+00:00,2023-09-03 22:00:00-04:00,23,77.0,72.83841168248853,boost_5y_no_dew_pressure,True
2023-09-03 04:00:00+00:00,2023-09-04 03:00:00+00:00,2023-09-03 23:00:00-04:00,24,76.0,71.42671870109788,boost_5y_no_dew_pressure,True
2023-09-03 04:00:00+00:00,2023-09-04 04:00:00+00:00,2023-09-04 00:00:00-04:00,25,71.0,70.44179769257796,boost_5y_no_dew_pressure,True
2023-09-03 04:00:00+00:00,2023-09-04 05:00:00+00:00,2023-09-04 01:00:00-04:00,26,73.0,69.72044805722683,boost_5y_no_dew_pressure,True
2023-09-03 04:00:00+00:00,2023-09-04 06:00:00+00:00,2023-09-04 02:00:00-04:00,27,73.0,68.71917284526533,boost_5y_no_dew_pressure,True
2023-09-03 04:00:00+00:00,2023-09-04 07:00:00+00:00,2023-09-04 03:00:00-04:00,28,71.0,68.3593677335192,boost_5y_no_dew_pressure,True
2023-09-03 04:00:00+00:00,2023-09-04 08:00:00+00:00,2023-09-04 04:00:00-04:00,29,71.0,67.97070456898766,boost_5y_no_dew_pressure,True
2023-09-03 04:00:00+00:00,2023-09-04 09:00:00+00:00,2023-09-04 05:00:00-04:00,30,70.0,66.84800087509011,boost_5y_no_dew_pressure,True
2023-09-03 04:00:00+00:00,2023-09-04 10:00:00+00:00,2023-09-04 06:00:00-04:00,31,68.0,66.76521713352298,boost_5y_no_dew_pressure,True
2023-09-03 04:00:00+00:00,2023-09-04 11:00:00+00:00,2023-09-04 07:00:00-04:00,32,71.0,68.87681927099844,boost_5y_no_dew_pressure,True
2023-09-03 04:00:00+00:00,2023-09-04 12:00:00+00:00,2023-09-04 08:00:00-04:00,33,80.0,73.84391267082843,boost_5y_no_dew_pressure,True
2023-09-03 04:00:00+00:00,2023-09-04 13:00:00+00:00,2023-09-04 09:00:00-04:00,34,84.0,77.23542852621242,boost_5y_no_dew_pressure,True
2023-09-03 04:00:00+00:00,2023-09-04 14:00:00+00:00,2023-09-04 10:00:00-04:00,35,88.0,79.87971398505475,boost_5y_no_dew_pressure,True
2023-09-03 04:00:00+00:00,2023-09-04 15:00:00+00:00,2023-09-04 11:00:00-04:00,36,89.0,82.41364444680529,boost_5y_no_dew_pressure,True
2023-09-03 04:00:00+00:00,2023-09-04 16:00:00+00:00,2023-09-04 12:00:00-04:00,37,93.0,83.95435830726878,boost_5y_no_dew_pressure,True
2023-09-03 04:00:00+00:00,2023-09-04 17:00:00+00:00,2023-09-04 13:00:00-04:00,38,95.0,85.09455695865103,boost_5y_no_dew_pressure,True
2023-09-03 04:00:00+00:00,2023-09-04 18:00:00+00:00,2023-09-04 14:00:00-04:00,39,97.0,86.1967139302883,boost_5y_no_dew_pressure,True
2023-09-03 04:00:00+00:00,2023-09-04 19:00:00+00:00,2023-09-04 15:00:00-04:00,40,98.0,86.61253631431539,boost_5y_no_dew_pressure,True
2023-09-03 04:00:00+00:00,2023-09-04 20:00:00+00:00,2023-09-04 16:00:00-04:00,41,98.0,86.15410588845121,boost_5y_no_dew_pressure,True
2023-09-03 04:00:00+00:00,2023-09-04 21:00:00+00:00,2023-09-04 17:00:00-04:00,42,94.0,84.82796461093247,boost_5y_no_dew_pressure,True
2023-09-03 04:00:00+00:00,2023-09-04 22:00:00+00:00,2023-09-04 18:00:00-04:00,43,91.0,82.56238347253256,boost_5y_no_dew_pressure,True
2023-09-03 04:00:00+00:00,2023-09-04 23:00:00+00:00,2023-09-04 19:00:00-04:00,44,86.0,78.11058178064044,boost_5y_no_dew_pressure,True
2023-09-03 04:00:00+00:00,2023-09-05 00:00:00+00:00,2023-09-04 20:00:00-04:00,45,83.0,75.60161527588026,boost_5y_no_dew_pressure,True
2023-09-03 04:00:00+00:00,2023-09-05 01:00:00+00:00,2023-09-04 21:00:00-04:00,46,80.0,74.3400318272691,boost_5y_no_dew_pressure,True
2023-09-03 04:00:00+00:00,2023-09-05 02:00:00+00:00,2023-09-04 22:00:00-04:00,47,79.0,73.2700090908721,boost_5y_no_dew_pressure,True
2023-09-03 04:00:00+00:00,2023-09-05 03:00:00+00:00,2023-09-04 23:00:00-04:00,48,78.0,72.1046332643868,boost_5y_no_dew_pressure,True
2023-09-03 04:00:00+00:00,2023-09-05 04:00:00+00:00,2023-09-05 00:00:00-04:00,49,77.0,71.95893017603736,boost_5y_no_dew_pressure,True
2023-09-03 04:00:00+00:00,2023-09-05 05:00:00+00:00,2023-09-05 01:00:00-04:00,50,75.0,71.1898394685303,boost_5y_no_dew_pressure,True
2023-09-03 04:00:00+00:00,2023-09-05 06:00:00+00:00,2023-09-05 02:00:00-04:00,51,74.0,70.14969476839735,boost_5y_no_dew_pressure,True
2023-09-03 04:00:00+00:00,2023-09-05 07:00:00+00:00,2023-09-05 03:00:00-04:00,52,72.0,69.72960691943995,boost_5y_no_dew_pressure,True
2023-09-03 04:00:00+00:00,2023-09-05 08:00:00+00:00,2023-09-05 04:00:00-04:00,53,73.0,69.24374024795318,boost_5y_no_dew_pressure,True
2023-09-03 04:00:00+00:00,2023-09-05 09:00:00+00:00,2023-09-05 05:00:00-04:00,54,72.0,68.47779770051443,boost_5y_no_dew_pressure,True
2023-09-03 04:00:00+00:00,2023-09-05 10:00:00+00:00,2023-09-05 06:00:00-04:00,55,72.0,68.34080646700056,boost_5y_no_dew_pressure,True
2023-09-03 04:00:00+00:00,2023-09-05 11:00:00+00:00,2023-09-05 07:00:00-04:00,56,76.0,70.41821285882932,boost_5y_no_dew_pressure,True
2023-09-03 04:00:00+00:00,2023-09-05 12:00:00+00:00,2023-09-05 08:00:00-04:00,57,80.0,74.07489477498957,boost_5y_no_dew_pressure,True
2023-09-03 04:00:00+00:00,2023-09-05 13:00:00+00:00,2023-09-05 09:00:00-04:00,58,85.0,77.37582900505889,boost_5y_no_dew_pressure,True
2023-09-03 04:00:00+00:00,2023-09-05 14:00:00+00:00,2023-09-05 10:00:00-04:00,59,87.0,80.04279701728525,boost_5y_no_dew_pressure,True
2023-09-03 04:00:00+00:00,2023-09-05 15:00:00+00:00,2023-09-05 11:00:00-04:00,60,89.0,82.44048859346168,boost_5y_no_dew_pressure,True
2023-09-03 04:00:00+00:00,2023-09-05 16:00:00+00:00,2023-09-05 12:00:00-04:00,61,93.0,83.91254134638233,boost_5y_no_dew_pressure,True
2023-09-03 04:00:00+00:00,2023-09-05 17:00:00+00:00,2023-09-05 13:00:00-04:00,62,94.0,85.00910525809422,boost_5y_no_dew_pressure,True
2023-09-03 04:00:00+00:00,2023-09-05 18:00:00+00:00,2023-09-05 14:00:00-04:00,63,97.0,85.92883420002197,boost_5y_no_dew_pressure,True
2023-09-03 04:00:00+00:00,2023-09-05 19:00:00+00:00,2023-09-05 15:00:00-04:00,64,96.0,86.3576863831771,boost_5y_no_dew_pressure,True
2023-09-03 04:00:00+00:00,2023-09-05 20:00:00+00:00,2023-09-05 16:00:00-04:00,65,96.0,85.86666312490152,boost_5y_no_dew_pressure,True
2023-09-03 04:00:00+00:00,2023-09-05 21:00:00+00:00,2023-09-05 17:00:00-04:00,66,95.0,84.55113902014871,boost_5y_no_dew_pressure,True
2023-09-03 04:00:00+00:00,2023-09-05 22:00:00+00:00,2023-09-05 18:00:00-04:00,67,94.0,82.1671692434838,boost_5y_no_dew_pressure,True
2023-09-03 04:00:00+00:00,2023-09-05 23:00:00+00:00,2023-09-05 19:00:00-04:00,68,89.0,77.8128909555568,boost_5y_no_dew_pressure,True
2023-09-03 04:00:00+00:00,2023-09-06 00:00:00+00:00,2023-09-05 20:00:00-04:00,69,82.0,75.58115621052369,boost_5y_no_dew_pressure,True
2023-09-03 04:00:00+00:00,2023-09-06 01:00:00+00:00,2023-09-05 21:00:00-04:00,70,82.0,74.28191997855885,boost_5y_no_dew_pressure,True
2023-09-03 04:00:00+00:00,2023-09-06 02:00:00+00:00,2023-09-05 22:00:00-04:00,71,80.0,73.07155183337716,boost_5y_no_dew_pressure,True
2023-09-03 04:00:00+00:00,2023-09-06 03:00:00+00:00,2023-09-05 23:00:00-04:00,72,79.0,72.32463746855127,boost_5y_no_dew_pressure,True
2023-09-03 04:00:00+00:00,2023-09-06 04:00:00+00:00,2023-09-06 00:00:00-04:00,73,77.0,71.58611050935383,boost_5y_no_dew_pressure,True
2023-09-03 04:00:00+00:00,2023-09-06 05:00:00+00:00,2023-09-06 01:00:00-04:00,74,77.0,70.86091539340981,boost_5y_no_dew_pressure,True
2023-09-03 04:00:00+00:00,2023-09-06 06:00:00+00:00,2023-09-06 02:00:00-04:00,75,75.0,69.89594524439748,boost_5y_no_dew_pressure,True
2023-09-03 04:00:00+00:00,2023-09-06 07:00:00+00:00,2023-09-06 03:00:00-04:00,76,76.0,69.57066771012332,boost_5y_no_dew_pressure,True
2023-09-03 04:00:00+00:00,2023-09-06 08:00:00+00:00,2023-09-06 04:00:00-04:00,77,74.0,69.11302505216383,boost_5y_no_dew_pressure,True
2023-09-03 04:00:00+00:00,2023-09-06 09:00:00+00:00,2023-09-06 05:00:00-04:00,78,74.0,68.51721279970647,boost_5y_no_dew_pressure,True
2023-09-03 04:00:00+00:00,2023-09-06 10:00:00+00:00,2023-09-06 06:00:00-04:00,79,74.0,68.41001656506026,boost_5y_no_dew_pressure,True
2023-09-03 04:00:00+00:00,2023-09-06 11:00:00+00:00,2023-09-06 07:00:00-04:00,80,76.0,70.1843304649725,boost_5y_no_dew_pressure,True
2023-09-03 04:00:00+00:00,2023-09-06 12:00:00+00:00,2023-09-06 08:00:00-04:00,81,84.0,74.14577817992992,boost_5y_no_dew_pressure,True
2023-09-03 04:00:00+00:00,2023-09-06 13:00:00+00:00,2023-09-06 09:00:00-04:00,82,88.0,77.1514396134959,boost_5y_no_dew_pressure,True
2023-09-03 04:00:00+00:00,2023-09-06 14:00:00+00:00,2023-09-06 10:00:00-04:00,83,91.0,79.64131555922985,boost_5y_no_dew_pressure,True
2023-09-03 04:00:00+00:00,2023-09-06 15:00:00+00:00,2023-09-06 11:00:00-04:00,84,95.0,81.98589650073252,boost_5y_no_dew_pressure,True
2023-09-03 04:00:00+00:00,2023-09-06 16:00:00+00:00,2023-09-06 12:00:00-04:00,85,97.0,83.43504929639565,boost_5y_no_dew_pressure,True
2023-09-03 04:00:00+00:00,2023-09-06 17:00:00+00:00,2023-09-06 13:00:00-04:00,86,97.0,84.49894859966352,boost_5y_no_dew_pressure,True
2023-09-03 04:00:00+00:00,2023-09-06 18:00:00+00:00,2023-09-06 14:00:00-04:00,87,98.0,85.36029515419686,boost_5y_no_dew_pressure,True
2023-09-03 04:00:00+00:00,2023-09-06 19:00:00+00:00,2023-09-06 15:00:00-04:00,88,100.0,85.68295478898811,boost_5y_no_dew_pressure,True
2023-09-03 04:00:00+00:00,2023-09-06 20:00:00+00:00,2023-09-06 16:00:00-04:00,89,100.0,85.30320533033233,boost_5y_no_dew_pressure,True
2023-09-03 04:00:00+00:00,2023-09-06 21:00:00+00:00,2023-09-06 17:00:00-04:00,90,98.0,83.97097660670008,boost_5y_no_dew_pressure,True
2023-09-03 04:00:00+00:00,2023-09-06 22:00:00+00:00,2023-09-06 18:00:00-04:00,91,95.0,81.57784759056203,boost_5y_no_dew_pressure,True
2023-09-03 04:00:00+00:00,2023-09-06 23:00:00+00:00,2023-09-06 19:00:00-04:00,92,89.0,77.55726532034612,boost_5y_no_dew_pressure,True
2023-09-03 04:00:00+00:00,2023-09-07 00:00:00+00:00,2023-09-06 20:00:00-04:00,93,88.0,75.37508037906956,boost_5y_no_dew_pressure,True
2023-09-03 04:00:00+00:00,2023-09-07 01:00:00+00:00,2023-09-06 21:00:00-04:00,94,86.0,74.08484933580972,boost_5y_no_dew_pressure,True
2023-09-03 04:00:00+00:00,2023-09-07 02:00:00+00:00,2023-09-06 22:00:00-04:00,95,85.0,72.91691696247113,boost_5y_no_dew_pressure,True
2023-09-03 04:00:00+00:00,2023-09-07 03:00:00+00:00,2023-09-06 23:00:00-04:00,96,83.0,72.17672480199387,boost_5y_no_dew_pressure,True
2023-09-03 04:00:00+00:00,2023-09-07 04:00:00+00:00,2023-09-07 00:00:00-04:00,97,78.0,71.03401053280736,boost_5y_no_dew_pressure,True
2023-09-03 04:00:00+00:00,2023-09-07 05:00:00+00:00,2023-09-07 01:00:00-04:00,98,78.0,70.29264937371923,boost_5y_no_dew_pressure,True
2023-09-03 04:00:00+00:00,2023-09-07 06:00:00+00:00,2023-09-07 02:00:00-04:00,99,74.0,69.46681710927129,boost_5y_no_dew_pressure,True
2023-09-03 04:00:00+00:00,2023-09-07 07:00:00+00:00,2023-09-07 03:00:00-04:00,100,75.0,69.10451600750554,boost_5y_no_dew_pressure,True
2023-09-03 04:00:00+00:00,2023-09-07 08:00:00+00:00,2023-09-07 04:00:00-04:00,101,76.0,68.54177895191384,boost_5y_no_dew_pressure,True
2023-09-03 04:00:00+00:00,2023-09-07 09:00:00+00:00,2023-09-07 05:00:00-04:00,102,76.0,68.10804264918771,boost_5y_no_dew_pressure,True
2023-09-03 04:00:00+00:00,2023-09-07 10:00:00+00:00,2023-09-07 06:00:00-04:00,103,77.0,67.97851475885348,boost_5y_no_dew_pressure,True
2023-09-03 04:00:00+00:00,2023-09-07 11:00:00+00:00,2023-09-07 07:00:00-04:00,104,80.0,69.7877083853026,boost_5y_no_dew_pressure,True
2023-09-03 04:00:00+00:00,2023-09-07 12:00:00+00:00,2023-09-07 08:00:00-04:00,105,85.0,73.27077745871753,boost_5y_no_dew_pressure,True
2023-09-03 04:00:00+00:00,2023-09-07 13:00:00+00:00,2023-09-07 09:00:00-04:00,106,89.0,76.43993357660068,boost_5y_no_dew_pressure,True
2023-09-03 04:00:00+00:00,2023-09-07 14:00:00+00:00,2023-09-07 10:00:00-04:00,107,91.0,78.85272648008656,boost_5y_no_dew_pressure,True
2023-09-03 04:00:00+00:00,2023-09-07 15:00:00+00:00,2023-09-07 11:00:00-04:00,108,95.0,81.23071979893231,boost_5y_no_dew_pressure,True
2023-09-03 04:00:00+00:00,2023-09-07 16:00:00+00:00,2023-09-07 12:00:00-04:00,109,99.0,82.66961459759283,boost_5y_no_dew_pressure,True
2023-09-03 04:00:00+00:00,2023-09-07 17:00:00+00:00,2023-09-07 13:00:00-04:00,110,100.0,83.69001000010405,boost_5y_no_dew_pressure,True
2023-09-03 04:00:00+00:00,2023-09-07 18:00:00+00:00,2023-09-07 14:00:00-04:00,111,98.0,84.4813473629258,boost_5y_no_dew_pressure,True
2023-09-03 04:00:00+00:00,2023-09-07 19:00:00+00:00,2023-09-07 15:00:00-04:00,112,99.0,84.87574009499582,boost_5y_no_dew_pressure,True
2023-09-03 04:00:00+00:00,2023-09-07 20:00:00+00:00,2023-09-07 16:00:00-04:00,113,96.0,84.52033793490013,boost_5y_no_dew_pressure,True
2023-09-03 04:00:00+00:00,2023-09-07 21:00:00+00:00,2023-09-07 17:00:00-04:00,114,96.0,83.26583745966438,boost_5y_no_dew_pressure,True
2023-09-03 04:00:00+00:00,2023-09-07 22:00:00+00:00,2023-09-07 18:00:00-04:00,115,93.0,80.87039411003467,boost_5y_no_dew_pressure,True
2023-09-03 04:00:00+00:00,2023-09-07 23:00:00+00:00,2023-09-07 19:00:00-04:00,116,89.0,76.93369785506438,boost_5y_no_dew_pressure,True
2023-09-03 04:00:00+00:00,2023-09-08 00:00:00+00:00,2023-09-07 20:00:00-04:00,117,86.0,74.79100075028728,boost_5y_no_dew_pressure,True
2023-09-03 04:00:00+00:00,2023-09-08 01:00:00+00:00,2023-09-07 21:00:00-04:00,118,84.0,73.53088957895292,boost_5y_no_dew_pressure,True
2023-09-03 04:00:00+00:00,2023-09-08 02:00:00+00:00,2023-09-07 22:00:00-04:00,119,82.0,72.53735996422463,boost_5y_no_dew_pressure,True
2023-09-03 04:00:00+00:00,2023-09-08 03:00:00+00:00,2023-09-07 23:00:00-04:00,120,81.0,71.79282011896524,boost_5y_no_dew_pressure,True
2023-09-03 04:00:00+00:00,2023-09-08 04:00:00+00:00,2023-09-08 00:00:00-04:00,121,79.0,71.1641146855085,boost_5y_no_dew_pressure,True
2023-09-03 04:00:00+00:00,2023-09-08 05:00:00+00:00,2023-09-08 01:00:00-04:00,122,76.0,70.50730346337978,boost_5y_no_dew_pressure,True
2023-09-03 04:00:00+00:00,2023-09-08 06:00:00+00:00,2023-09-08 02:00:00-04:00,123,74.0,69.70801531296478,boost_5y_no_dew_pressure,True
2023-09-03 04:00:00+00:00,2023-09-08 07:00:00+00:00,2023-09-08 03:00:00-04:00,124,76.0,69.3540655798765,boost_5y_no_dew_pressure,True
2023-09-03 04:00:00+00:00,2023-09-08 08:00:00+00:00,2023-09-08 04:00:00-04:00,125,74.0,68.83048489168156,boost_5y_no_dew_pressure,True
2023-09-03 04:00:00+00:00,2023-09-08 09:00:00+00:00,2023-09-08 05:00:00-04:00,126,71.0,68.58414659257465,boost_5y_no_dew_pressure,True
2023-09-03 04:00:00+00:00,2023-09-08 10:00:00+00:00,2023-09-08 06:00:00-04:00,127,72.0,68.46933069474468,boost_5y_no_dew_pressure,True
2023-09-03 04:00:00+00:00,2023-09-08 11:00:00+00:00,2023-09-08 07:00:00-04:00,128,75.0,70.09812890724429,boost_5y_no_dew_pressure,True
2023-09-03 04:00:00+00:00,2023-09-08 12:00:00+00:00,2023-09-08 08:00:00-04:00,129,78.0,73.39254999104055,boost_5y_no_dew_pressure,True
2023-09-03 04:00:00+00:00,2023-09-08 13:00:00+00:00,2023-09-08 09:00:00-04:00,130,84.0,76.38956029879944,boost_5y_no_dew_pressure,True
2023-09-03 04:00:00+00:00,2023-09-08 14:00:00+00:00,2023-09-08 10:00:00-04:00,131,90.0,78.77838045973515,boost_5y_no_dew_pressure,True
2023-09-03 04:00:00+00:00,2023-09-08 15:00:00+00:00,2023-09-08 11:00:00-04:00,132,92.0,81.14704497853675,boost_5y_no_dew_pressure,True
2023-09-03 04:00:00+00:00,2023-09-08 16:00:00+00:00,2023-09-08 12:00:00-04:00,133,96.0,82.46037493043639,boost_5y_no_dew_pressure,True
2023-09-03 04:00:00+00:00,2023-09-08 17:00:00+00:00,2023-09-08 13:00:00-04:00,134,94.0,83.4292365257154,boost_5y_no_dew_pressure,True
2023-09-03 04:00:00+00:00,2023-09-08 18:00:00+00:00,2023-09-08 14:00:00-04:00,135,95.0,84.2775007638593,boost_5y_no_dew_pressure,True
2023-09-03 04:00:00+00:00,2023-09-08 19:00:00+00:00,2023-09-08 15:00:00-04:00,136,93.0,84.61794312871392,boost_5y_no_dew_pressure,True
2023-09-03 04:00:00+00:00,2023-09-08 20:00:00+00:00,2023-09-08 16:00:00-04:00,137,71.0,84.1979073643044,boost_5y_no_dew_pressure,True
2023-09-03 04:00:00+00:00,2023-09-08 21:00:00+00:00,2023-09-08 17:00:00-04:00,138,78.0,82.97221004064598,boost_5y_no_dew_pressure,True
2023-09-03 04:00:00+00:00,2023-09-08 22:00:00+00:00,2023-09-08 18:00:00-04:00,139,77.0,80.60174150441112,boost_5y_no_dew_pressure,True
2023-09-03 04:00:00+00:00,2023-09-08 23:00:00+00:00,2023-09-08 19:00:00-04:00,140,76.0,76.84862226013907,boost_5y_no_dew_pressure,True
2023-09-03 04:00:00+00:00,2023-09-09 00:00:00+00:00,2023-09-08 20:00:00-04:00,141,75.0,74.77340813544161,boost_5y_no_dew_pressure,True
2023-09-03 04:00:00+00:00,2023-09-09 01:00:00+00:00,2023-09-08 21:00:00-04:00,142,75.0,73.52094014278683,boost_5y_no_dew_pressure,True
2023-09-03 04:00:00+00:00,2023-09-09 02:00:00+00:00,2023-09-08 22:00:00-04:00,143,74.0,72.56552480325915,boost_5y_no_dew_pressure,True
2023-09-03 04:00:00+00:00,2023-09-09 03:00:00+00:00,2023-09-08 23:00:00-04:00,144,73.0,71.83539525394023,boost_5y_no_dew_pressure,True
2023-09-03 04:00:00+00:00,2023-09-09 04:00:00+00:00,2023-09-09 00:00:00-04:00,145,72.0,71.1605228149452,boost_5y_no_dew_pressure,True
2023-09-03 04:00:00+00:00,2023-09-09 05:00:00+00:00,2023-09-09 01:00:00-04:00,146,73.0,70.49276577835556,boost_5y_no_dew_pressure,True
2023-09-03 04:00:00+00:00,2023-09-09 06:00:00+00:00,2023-09-09 02:00:00-04:00,147,73.0,69.62970971854405,boost_5y_no_dew_pressure,True
2023-09-03 04:00:00+00:00,2023-09-09 07:00:00+00:00,2023-09-09 03:00:00-04:00,148,73.0,69.31555270960737,boost_5y_no_dew_pressure,True
2023-09-03 04:00:00+00:00,2023-09-09 08:00:00+00:00,2023-09-09 04:00:00-04:00,149,72.0,68.77440705386334,boost_5y_no_dew_pressure,True
2023-09-03 04:00:00+00:00,2023-09-09 09:00:00+00:00,2023-09-09 05:00:00-04:00,150,72.0,68.58495638981987,boost_5y_no_dew_pressure,True
2023-09-03 04:00:00+00:00,2023-09-09 10:00:00+00:00,2023-09-09 06:00:00-04:00,151,74.0,68.41606036877737,boost_5y_no_dew_pressure,True
2023-09-03 04:00:00+00:00,2023-09-09 11:00:00+00:00,2023-09-09 07:00:00-04:00,152,74.0,70.05663825917425,boost_5y_no_dew_pressure,True
2023-09-03 04:00:00+00:00,2023-09-09 12:00:00+00:00,2023-09-09 08:00:00-04:00,153,74.0,73.23361086912756,boost_5y_no_dew_pressure,True
2023-09-03 04:00:00+00:00,2023-09-09 13:00:00+00:00,2023-09-09 09:00:00-04:00,154,70.0,76.11044086071524,boost_5y_no_dew_pressure,True
2023-09-03 04:00:00+00:00,2023-09-09 14:00:00+00:00,2023-09-09 10:00:00-04:00,155,70.0,78.49511842967323,boost_5y_no_dew_pressure,True
2023-09-03 04:00:00+00:00,2023-09-09 15:00:00+00:00,2023-09-09 11:00:00-04:00,156,72.0,80.79508622392642,boost_5y_no_dew_pressure,True
2023-09-03 04:00:00+00:00,2023-09-09 16:00:00+00:00,2023-09-09 12:00:00-04:00,157,72.0,82.0558794687122,boost_5y_no_dew_pressure,True
2023-09-03 04:00:00+00:00,2023-09-09 17:00:00+00:00,2023-09-09 13:00:00-04:00,158,69.0,82.9723407151722,boost_5y_no_dew_pressure,True
2023-09-03 04:00:00+00:00,2023-09-09 18:00:00+00:00,2023-09-09 14:00:00-04:00,159,70.0,83.74100555188554,boost_5y_no_dew_pressure,True
2023-09-03 04:00:00+00:00,2023-09-09 19:00:00+00:00,2023-09-09 15:00:00-04:00,160,73.0,84.17900661560185,boost_5y_no_dew_pressure,True
2023-09-03 04:00:00+00:00,2023-09-09 20:00:00+00:00,2023-09-09 16:00:00-04:00,161,75.0,83.69837470805729,boost_5y_no_dew_pressure,True
2023-09-03 04:00:00+00:00,2023-09-09 21:00:00+00:00,2023-09-09 17:00:00-04:00,162,74.0,82.52873967613617,boost_5y_no_dew_pressure,True
2023-09-03 04:00:00+00:00,2023-09-09 22:00:00+00:00,2023-09-09 18:00:00-04:00,163,73.0,80.09016609522702,boost_5y_no_dew_pressure,True
2023-09-03 04:00:00+00:00,2023-09-09 23:00:00+00:00,2023-09-09 19:00:00-04:00,164,72.0,76.37969676947009,boost_5y_no_dew_pressure,True
2023-09-03 04:00:00+00:00,2023-09-10 00:00:00+00:00,2023-09-09 20:00:00-04:00,165,72.0,74.42363360366686,boost_5y_no_dew_pressure,True
2023-09-03 04:00:00+00:00,2023-09-10 01:00:00+00:00,2023-09-09 21:00:00-04:00,166,71.0,73.22426282007213,boost_5y_no_dew_pressure,True
2023-09-03 04:00:00+00:00,2023-09-10 02:00:00+00:00,2023-09-09 22:00:00-04:00,167,72.0,72.28200720098955,boost_5y_no_dew_pressure,True
2023-09-03 04:00:00+00:00,2023-09-10 03:00:00+00:00,2023-09-09 23:00:00-04:00,168,71.0,71.63853124729208,boost_5y_no_dew_pressure,True
2023-09-03 04:00:00+00:00,2023-09-10 04:00:00+00:00,2023-09-10 00:00:00-04:00,169,71.0,71.02659450386271,boost_5y_no_dew_pressure,True
2023-09-03 04:00:00+00:00,2023-09-10 05:00:00+00:00,2023-09-10 01:00:00-04:00,170,71.0,70.40838956167553,boost_5y_no_dew_pressure,True
2023-09-03 04:00:00+00:00,2023-09-10 06:00:00+00:00,2023-09-10 02:00:00-04:00,171,70.0,69.6717353163217,boost_5y_no_dew_pressure,True
2023-09-03 04:00:00+00:00,2023-09-10 07:00:00+00:00,2023-09-10 03:00:00-04:00,172,69.0,69.31755036855134,boost_5y_no_dew_pressure,True
2023-09-03 04:00:00+00:00,2023-09-10 08:00:00+00:00,2023-09-10 04:00:00-04:00,173,69.0,68.76311225206412,boost_5y_no_dew_pressure,True
2023-09-03 04:00:00+00:00,2023-09-10 09:00:00+00:00,2023-09-10 05:00:00-04:00,174,70.0,68.49476177018215,boost_5y_no_dew_pressure,True
2023-09-03 04:00:00+00:00,2023-09-10 10:00:00+00:00,2023-09-10 06:00:00-04:00,175,70.0,68.3528569341149,boost_5y_no_dew_pressure,True
2023-09-03 04:00:00+00:00,2023-09-10 11:00:00+00:00,2023-09-10 07:00:00-04:00,176,71.0,69.9111631746893,boost_5y_no_dew_pressure,True
2023-09-03 04:00:00+00:00,2023-09-10 12:00:00+00:00,2023-09-10 08:00:00-04:00,177,72.0,73.08734267690079,boost_5y_no_dew_pressure,True
2023-09-03 04:00:00+00:00,2023-09-10 13:00:00+00:00,2023-09-10 09:00:00-04:00,178,73.0,76.06124395917475,boost_5y_no_dew_pressure,True
2023-09-03 04:00:00+00:00,2023-09-10 14:00:00+00:00,2023-09-10 10:00:00-04:00,179,77.0,78.48950008649695,boost_5y_no_dew_pressure,True
2023-09-03 04:00:00+00:00,2023-09-10 15:00:00+00:00,2023-09-10 11:00:00-04:00,180,77.0,80.90011710414925,boost_5y_no_dew_pressure,True
2023-09-03 04:00:00+00:00,2023-09-10 16:00:00+00:00,2023-09-10 12:00:00-04:00,181,83.0,82.17390018513194,boost_5y_no_dew_pressure,True
2023-09-03 04:00:00+00:00,2023-09-10 17:00:00+00:00,2023-09-10 13:00:00-04:00,182,85.0,83.02091830822776,boost_5y_no_dew_pressure,True
2023-09-03 04:00:00+00:00,2023-09-10 18:00:00+00:00,2023-09-10 14:00:00-04:00,183,86.0,83.67864996971458,boost_5y_no_dew_pressure,True
2023-09-03 04:00:00+00:00,2023-09-10 19:00:00+00:00,2023-09-10 15:00:00-04:00,184,87.0,84.15524838540644,boost_5y_no_dew_pressure,True
2023-09-03 04:00:00+00:00,2023-09-10 20:00:00+00:00,2023-09-10 16:00:00-04:00,185,87.0,83.66902143558339,boost_5y_no_dew_pressure,True
2023-09-03 04:00:00+00:00,2023-09-10 21:00:00+00:00,2023-09-10 17:00:00-04:00,186,85.0,82.39923054939254,boost_5y_no_dew_pressure,True
2023-09-03 04:00:00+00:00,2023-09-10 22:00:00+00:00,2023-09-10 18:00:00-04:00,187,80.0,79.95182090495084,boost_5y_no_dew_pressure,True
2023-09-03 04:00:00+00:00,2023-09-10 23:00:00+00:00,2023-09-10 19:00:00-04:00,188,77.0,76.41140094999803,boost_5y_no_dew_pressure,True
2023-09-03 04:00:00+00:00,2023-09-11 00:00:00+00:00,2023-09-10 20:00:00-04:00,189,74.0,74.53793999467571,boost_5y_no_dew_pressure,True
2023-09-03 04:00:00+00:00,2023-09-11 01:00:00+00:00,2023-09-10 21:00:00-04:00,190,75.0,73.38767734469576,boost_5y_no_dew_pressure,True
2023-09-03 04:00:00+00:00,2023-09-11 02:00:00+00:00,2023-09-10 22:00:00-04:00,191,73.0,72.40012818137055,boost_5y_no_dew_pressure,True
2023-09-03 04:00:00+00:00,2023-09-11 03:00:00+00:00,2023-09-10 23:00:00-04:00,192,73.0,71.78437486011518,boost_5y_no_dew_pressure,True
2023-09-03 04:00:00+00:00,2023-09-11 04:00:00+00:00,2023-09-11 00:00:00-04:00,193,71.0,71.42920311707915,boost_5y_no_dew_pressure,True
2023-09-03 04:00:00+00:00,2023-09-11 05:00:00+00:00,2023-09-11 01:00:00-04:00,194,72.0,70.79044893314784,boost_5y_no_dew_pressure,True
2023-09-03 04:00:00+00:00,2023-09-11 06:00:00+00:00,2023-09-11 02:00:00-04:00,195,71.0,70.09922024968841,boost_5y_no_dew_pressure,True
2023-09-03 04:00:00+00:00,2023-09-11 07:00:00+00:00,2023-09-11 03:00:00-04:00,196,70.0,69.68709305457561,boost_5y_no_dew_pressure,True
2023-09-03 04:00:00+00:00,2023-09-11 08:00:00+00:00,2023-09-11 04:00:00-04:00,197,70.0,69.10149195704477,boost_5y_no_dew_pressure,True
2023-09-03 04:00:00+00:00,2023-09-11 09:00:00+00:00,2023-09-11 05:00:00-04:00,198,68.0,68.83688649293093,boost_5y_no_dew_pressure,True
2023-09-03 04:00:00+00:00,2023-09-11 10:00:00+00:00,2023-09-11 06:00:00-04:00,199,70.0,68.5590804072846,boost_5y_no_dew_pressure,True
2023-09-03 04:00:00+00:00,2023-09-11 11:00:00+00:00,2023-09-11 07:00:00-04:00,200,70.0,70.03229417296478,boost_5y_no_dew_pressure,True
2023-09-03 04:00:00+00:00,2023-09-11 12:00:00+00:00,2023-09-11 08:00:00-04:00,201,71.0,73.11214354974439,boost_5y_no_dew_pressure,True
2023-09-03 04:00:00+00:00,2023-09-11 13:00:00+00:00,2023-09-11 09:00:00-04:00,202,76.0,76.09402401949649,boost_5y_no_dew_pressure,True
2023-09-03 04:00:00+00:00,2023-09-11 14:00:00+00:00,2023-09-11 10:00:00-04:00,203,81.0,78.50704610218071,boost_5y_no_dew_pressure,True
2023-09-03 04:00:00+00:00,2023-09-11 15:00:00+00:00,2023-09-11 11:00:00-04:00,204,83.0,80.83678108191214,boost_5y_no_dew_pressure,True
2023-09-03 04:00:00+00:00,2023-09-11 16:00:00+00:00,2023-09-11 12:00:00-04:00,205,86.0,82.13389242265792,boost_5y_no_dew_pressure,True
2023-09-03 04:00:00+00:00,2023-09-11 17:00:00+00:00,2023-09-11 13:00:00-04:00,206,87.0,82.94760202593126,boost_5y_no_dew_pressure,True
2023-09-03 04:00:00+00:00,2023-09-11 18:00:00+00:00,2023-09-11 14:00:00-04:00,207,89.0,83.6316959630693,boost_5y_no_dew_pressure,True
2023-09-03 04:00:00+00:00,2023-09-11 19:00:00+00:00,2023-09-11 15:00:00-04:00,208,88.0,84.00944785576816,boost_5y_no_dew_pressure,True
2023-09-03 04:00:00+00:00,2023-09-11 20:00:00+00:00,2023-09-11 16:00:00-04:00,209,90.0,83.50084915428359,boost_5y_no_dew_pressure,True
2023-09-03 04:00:00+00:00,2023-09-11 21:00:00+00:00,2023-09-11 17:00:00-04:00,210,88.0,82.28520710180672,boost_5y_no_dew_pressure,True
2023-09-03 04:00:00+00:00,2023-09-11 22:00:00+00:00,2023-09-11 18:00:00-04:00,211,85.0,79.85883642441287,boost_5y_no_dew_pressure,True
2023-09-03 04:00:00+00:00,2023-09-11 23:00:00+00:00,2023-09-11 19:00:00-04:00,212,79.0,76.40295708343908,boost_5y_no_dew_pressure,True
2023-09-03 04:00:00+00:00,2023-09-12 00:00:00+00:00,2023-09-11 20:00:00-04:00,213,76.0,74.496801345396,boost_5y_no_dew_pressure,True
2023-09-03 04:00:00+00:00,2023-09-12 01:00:00+00:00,2023-09-11 21:00:00-04:00,214,73.0,73.33730522684073,boost_5y_no_dew_pressure,True
2023-09-03 04:00:00+00:00,2023-09-12 02:00:00+00:00,2023-09-11 22:00:00-04:00,215,72.0,72.42280116071477,boost_5y_no_dew_pressure,True
2023-09-03 04:00:00+00:00,2023-09-12 03:00:00+00:00,2023-09-11 23:00:00-04:00,216,73.0,71.68743090698518,boost_5y_no_dew_pressure,True
2023-09-03 04:00:00+00:00,2023-09-12 04:00:00+00:00,2023-09-12 00:00:00-04:00,217,71.0,71.1413946508948,boost_5y_no_dew_pressure,True
2023-09-03 04:00:00+00:00,2023-09-12 05:00:00+00:00,2023-09-12 01:00:00-04:00,218,70.0,70.51100899948726,boost_5y_no_dew_pressure,True
2023-09-03 04:00:00+00:00,2023-09-12 06:00:00+00:00,2023-09-12 02:00:00-04:00,219,69.0,69.84472154582984,boost_5y_no_dew_pressure,True
2023-09-03 04:00:00+00:00,2023-09-12 07:00:00+00:00,2023-09-12 03:00:00-04:00,220,69.0,69.41780585032268,boost_5y_no_dew_pressure,True
2023-09-03 04:00:00+00:00,2023-09-12 08:00:00+00:00,2023-09-12 04:00:00-04:00,221,69.0,68.81747145446089,boost_5y_no_dew_pressure,True
2023-09-03 04:00:00+00:00,2023-09-12 09:00:00+00:00,2023-09-12 05:00:00-04:00,222,69.0,68.55084923270809,boost_5y_no_dew_pressure,True
2023-09-03 04:00:00+00:00,2023-09-12 10:00:00+00:00,2023-09-12 06:00:00-04:00,223,70.0,68.27681454184436,boost_5y_no_dew_pressure,True
2023-09-03 04:00:00+00:00,2023-09-12 11:00:00+00:00,2023-09-12 07:00:00-04:00,224,73.0,69.7200455199669,boost_5y_no_dew_pressure,True
2023-09-03 04:00:00+00:00,2023-09-12 12:00:00+00:00,2023-09-12 08:00:00-04:00,225,78.0,72.8413952931051,boost_5y_no_dew_pressure,True
2023-09-03 04:00:00+00:00,2023-09-12 13:00:00+00:00,2023-09-12 09:00:00-04:00,226,83.0,75.75300052412976,boost_5y_no_dew_pressure,True
2023-09-03 04:00:00+00:00,2023-09-12 14:00:00+00:00,2023-09-12 10:00:00-04:00,227,85.0,78.20014531327743,boost_5y_no_dew_pressure,True
2023-09-03 04:00:00+00:00,2023-09-12 15:00:00+00:00,2023-09-12 11:00:00-04:00,228,89.0,80.46637991920606,boost_5y_no_dew_pressure,True
2023-09-03 04:00:00+00:00,2023-09-12 16:00:00+00:00,2023-09-12 12:00:00-04:00,229,91.0,81.78821923908873,boost_5y_no_dew_pressure,True
2023-09-03 04:00:00+00:00,2023-09-12 17:00:00+00:00,2023-09-12 13:00:00-04:00,230,93.0,82.50763307620852,boost_5y_no_dew_pressure,True
2023-09-03 04:00:00+00:00,2023-09-12 18:00:00+00:00,2023-09-12 14:00:00-04:00,231,92.0,83.2335956840616,boost_5y_no_dew_pressure,True
2023-09-03 04:00:00+00:00,2023-09-12 19:00:00+00:00,2023-09-12 15:00:00-04:00,232,89.0,83.65872291689193,boost_5y_no_dew_pressure,True
2023-09-03 04:00:00+00:00,2023-09-12 20:00:00+00:00,2023-09-12 16:00:00-04:00,233,89.0,83.20341598491245,boost_5y_no_dew_pressure,True
2023-09-03 04:00:00+00:00,2023-09-12 21:00:00+00:00,2023-09-12 17:00:00-04:00,234,87.0,82.00795690788017,boost_5y_no_dew_pressure,True
2023-09-03 04:00:00+00:00,2023-09-12 22:00:00+00:00,2023-09-12 18:00:00-04:00,235,85.0,79.47359430029496,boost_5y_no_dew_pressure,True
2023-09-03 04:00:00+00:00,2023-09-12 23:00:00+00:00,2023-09-12 19:00:00-04:00,236,78.0,76.03833479415817,boost_5y_no_dew_pressure,True
2023-09-03 04:00:00+00:00,2023-09-13 00:00:00+00:00,2023-09-12 20:00:00-04:00,237,78.0,74.06428880837429,boost_5y_no_dew_pressure,True
2023-09-03 04:00:00+00:00,2023-09-13 01:00:00+00:00,2023-09-12 21:00:00-04:00,238,74.0,72.88055135681199,boost_5y_no_dew_pressure,True
2023-09-03 04:00:00+00:00,2023-09-13 02:00:00+00:00,2023-09-12 22:00:00-04:00,239,73.0,71.99060429286612,boost_5y_no_dew_pressure,True
2023-09-03 04:00:00+00:00,2023-09-13 03:00:00+00:00,2023-09-12 23:00:00-04:00,240,73.0,71.16494740230877,boost_5y_no_dew_pressure,True
2023-09-03 04:00:00+00:00,2023-09-13 04:00:00+00:00,2023-09-13 00:00:00-04:00,241,73.0,70.55721719609186,boost_5y_no_dew_pressure,True
2023-09-03 04:00:00+00:00,2023-09-13 05:00:00+00:00,2023-09-13 01:00:00-04:00,242,72.0,69.93288923785111,boost_5y_no_dew_pressure,True
2023-09-03 04:00:00+00:00,2023-09-13 06:00:00+00:00,2023-09-13 02:00:00-04:00,243,72.0,69.33315786527955,boost_5y_no_dew_pressure,True
2023-09-03 04:00:00+00:00,2023-09-13 07:00:00+00:00,2023-09-13 03:00:00-04:00,244,72.0,68.83964304704652,boost_5y_no_dew_pressure,True
2023-09-03 04:00:00+00:00,2023-09-13 08:00:00+00:00,2023-09-13 04:00:00-04:00,245,71.0,68.23940043604304,boost_5y_no_dew_pressure,True
2023-09-03 04:00:00+00:00,2023-09-13 09:00:00+00:00,2023-09-13 05:00:00-04:00,246,71.0,67.99610648758895,boost_5y_no_dew_pressure,True
2023-09-03 04:00:00+00:00,2023-09-13 10:00:00+00:00,2023-09-13 06:00:00-04:00,247,69.0,67.68947489328217,boost_5y_no_dew_pressure,True
2023-09-03 04:00:00+00:00,2023-09-13 11:00:00+00:00,2023-09-13 07:00:00-04:00,248,72.0,69.08001059024214,boost_5y_no_dew_pressure,True
2023-09-03 04:00:00+00:00,2023-09-13 12:00:00+00:00,2023-09-13 08:00:00-04:00,249,73.0,72.26218206485342,boost_5y_no_dew_pressure,True
2023-09-03 04:00:00+00:00,2023-09-13 13:00:00+00:00,2023-09-13 09:00:00-04:00,250,77.0,75.19839993052791,boost_5y_no_dew_pressure,True
2023-09-03 04:00:00+00:00,2023-09-13 14:00:00+00:00,2023-09-13 10:00:00-04:00,251,82.0,77.65029329662119,boost_5y_no_dew_pressure,True
2023-09-03 04:00:00+00:00,2023-09-13 15:00:00+00:00,2023-09-13 11:00:00-04:00,252,82.0,79.93669647101758,boost_5y_no_dew_pressure,True
2023-09-03 04:00:00+00:00,2023-09-13 16:00:00+00:00,2023-09-13 12:00:00-04:00,253,83.0,81.3181038547512,boost_5y_no_dew_pressure,True
2023-09-03 04:00:00+00:00,2023-09-13 17:00:00+00:00,2023-09-13 13:00:00-04:00,254,86.0,82.1052665722038,boost_5y_no_dew_pressure,True
2023-09-03 04:00:00+00:00,2023-09-13 18:00:00+00:00,2023-09-13 14:00:00-04:00,255,85.0,82.74962285199676,boost_5y_no_dew_pressure,True
2023-09-03 04:00:00+00:00,2023-09-13 19:00:00+00:00,2023-09-13 15:00:00-04:00,256,85.0,83.2286025270159,boost_5y_no_dew_pressure,True
2023-09-03 04:00:00+00:00,2023-09-13 20:00:00+00:00,2023-09-13 16:00:00-04:00,257,85.0,82.74407506625329,boost_5y_no_dew_pressure,True
2023-09-03 04:00:00+00:00,2023-09-13 21:00:00+00:00,2023-09-13 17:00:00-04:00,258,84.0,81.51514424666904,boost_5y_no_dew_pressure,True
2023-09-03 04:00:00+00:00,2023-09-13 22:00:00+00:00,2023-09-13 18:00:00-04:00,259,80.0,78.93162200215053,boost_5y_no_dew_pressure,True
2023-09-03 04:00:00+00:00,2023-09-13 23:00:00+00:00,2023-09-13 19:00:00-04:00,260,79.0,75.51611043655433,boost_5y_no_dew_pressure,True
2023-09-03 04:00:00+00:00,2023-09-14 00:00:00+00:00,2023-09-13 20:00:00-04:00,261,78.0,73.54246294129534,boost_5y_no_dew_pressure,True
2023-09-03 04:00:00+00:00,2023-09-14 01:00:00+00:00,2023-09-13 21:00:00-04:00,262,76.0,72.38215311256847,boost_5y_no_dew_pressure,True
2023-09-03 04:00:00+00:00,2023-09-14 02:00:00+00:00,2023-09-13 22:00:00-04:00,263,75.0,71.44851422393971,boost_5y_no_dew_pressure,True
2023-09-03 04:00:00+00:00,2023-09-14 03:00:00+00:00,2023-09-13 23:00:00-04:00,264,73.0,70.58285637077218,boost_5y_no_dew_pressure,True
2023-09-03 04:00:00+00:00,2023-09-14 04:00:00+00:00,2023-09-14 00:00:00-04:00,265,72.0,69.94014322374575,boost_5y_no_dew_pressure,True
2023-09-03 04:00:00+00:00,2023-09-14 05:00:00+00:00,2023-09-14 01:00:00-04:00,266,72.0,69.28849599142994,boost_5y_no_dew_pressure,True
2023-09-03 04:00:00+00:00,2023-09-14 06:00:00+00:00,2023-09-14 02:00:00-04:00,267,71.0,68.70203200526805,boost_5y_no_dew_pressure,True
2023-09-03 04:00:00+00:00,2023-09-14 07:00:00+00:00,2023-09-14 03:00:00-04:00,268,72.0,68.18191202550157,boost_5y_no_dew_pressure,True
2023-09-03 04:00:00+00:00,2023-09-14 08:00:00+00:00,2023-09-14 04:00:00-04:00,269,70.0,67.5950814415469,boost_5y_no_dew_pressure,True
2023-09-03 04:00:00+00:00,2023-09-14 09:00:00+00:00,2023-09-14 05:00:00-04:00,270,69.0,67.30934294155027,boost_5y_no_dew_pressure,True
2023-09-03 04:00:00+00:00,2023-09-14 10:00:00+00:00,2023-09-14 06:00:00-04:00,271,68.0,67.0652066232873,boost_5y_no_dew_pressure,True
2023-09-03 04:00:00+00:00,2023-09-14 11:00:00+00:00,2023-09-14 07:00:00-04:00,272,69.0,68.46420883831541,boost_5y_no_dew_pressure,True
2023-09-03 04:00:00+00:00,2023-09-14 12:00:00+00:00,2023-09-14 08:00:00-04:00,273,71.0,71.6882306701338,boost_5y_no_dew_pressure,True
2023-09-03 04:00:00+00:00,2023-09-14 13:00:00+00:00,2023-09-14 09:00:00-04:00,274,75.0,74.81990484874011,boost_5y_no_dew_pressure,True
2023-09-03 04:00:00+00:00,2023-09-14 14:00:00+00:00,2023-09-14 10:00:00-04:00,275,78.0,77.27937561709656,boost_5y_no_dew_pressure,True
2023-09-03 04:00:00+00:00,2023-09-14 15:00:00+00:00,2023-09-14 11:00:00-04:00,276,81.0,79.60922516863184,boost_5y_no_dew_pressure,True
2023-09-03 04:00:00+00:00,2023-09-14 16:00:00+00:00,2023-09-14 12:00:00-04:00,277,82.0,81.0335878047549,boost_5y_no_dew_pressure,True
2023-09-03 04:00:00+00:00,2023-09-14 17:00:00+00:00,2023-09-14 13:00:00-04:00,278,82.0,82.04388426201655,boost_5y_no_dew_pressure,True
2023-09-03 04:00:00+00:00,2023-09-14 18:00:00+00:00,2023-09-14 14:00:00-04:00,279,82.0,82.59358030694852,boost_5y_no_dew_pressure,True
2023-09-03 04:00:00+00:00,2023-09-14 19:00:00+00:00,2023-09-14 15:00:00-04:00,280,84.0,82.89942511561044,boost_5y_no_dew_pressure,True
2023-09-03 04:00:00+00:00,2023-09-14 20:00:00+00:00,2023-09-14 16:00:00-04:00,281,82.0,82.40275820356064,boost_5y_no_dew_pressure,True
2023-09-03 04:00:00+00:00,2023-09-14 21:00:00+00:00,2023-09-14 17:00:00-04:00,282,81.0,81.11413061701782,boost_5y_no_dew_pressure,True
2023-09-03 04:00:00+00:00,2023-09-14 22:00:00+00:00,2023-09-14 18:00:00-04:00,283,79.0,78.54032652406849,boost_5y_no_dew_pressure,True
2023-09-03 04:00:00+00:00,2023-09-14 23:00:00+00:00,2023-09-14 19:00:00-04:00,284,74.0,75.24912614332581,boost_5y_no_dew_pressure,True
2023-09-03 04:00:00+00:00,2023-09-15 00:00:00+00:00,2023-09-14 20:00:00-04:00,285,73.0,73.31548302905293,boost_5y_no_dew_pressure,True
2023-09-03 04:00:00+00:00,2023-09-15 01:00:00+00:00,2023-09-14 21:00:00-04:00,286,72.0,72.22184418755238,boost_5y_no_dew_pressure,True
2023-09-03 04:00:00+00:00,2023-09-15 02:00:00+00:00,2023-09-14 22:00:00-04:00,287,68.0,71.27487622655697,boost_5y_no_dew_pressure,True
2023-09-03 04:00:00+00:00,2023-09-15 03:00:00+00:00,2023-09-14 23:00:00-04:00,288,68.0,70.3367621220873,boost_5y_no_dew_pressure,True
2023-09-03 04:00:00+00:00,2023-09-15 04:00:00+00:00,2023-09-15 00:00:00-04:00,289,66.0,69.76271314432785,boost_5y_no_dew_pressure,True
2023-09-03 04:00:00+00:00,2023-09-15 05:00:00+00:00,2023-09-15 01:00:00-04:00,290,65.0,69.13710059700972,boost_5y_no_dew_pressure,True
2023-09-03 04:00:00+00:00,2023-09-15 06:00:00+00:00,2023-09-15 02:00:00-04:00,291,63.0,68.57709392356053,boost_5y_no_dew_pressure,True
2023-09-03 04:00:00+00:00,2023-09-15 07:00:00+00:00,2023-09-15 03:00:00-04:00,292,63.0,68.04352481573514,boost_5y_no_dew_pressure,True
2023-09-03 04:00:00+00:00,2023-09-15 08:00:00+00:00,2023-09-15 04:00:00-04:00,293,62.0,67.4965929582126,boost_5y_no_dew_pressure,True
2023-09-03 04:00:00+00:00,2023-09-15 09:00:00+00:00,2023-09-15 05:00:00-04:00,294,61.0,67.24494796032722,boost_5y_no_dew_pressure,True
2023-09-03 04:00:00+00:00,2023-09-15 10:00:00+00:00,2023-09-15 06:00:00-04:00,295,59.0,67.0150021171854,boost_5y_no_dew_pressure,True
2023-09-03 04:00:00+00:00,2023-09-15 11:00:00+00:00,2023-09-15 07:00:00-04:00,296,61.0,68.30369921414109,boost_5y_no_dew_pressure,True
2023-09-03 04:00:00+00:00,2023-09-15 12:00:00+00:00,2023-09-15 08:00:00-04:00,297,64.0,71.41132550843984,boost_5y_no_dew_pressure,True
2023-09-03 04:00:00+00:00,2023-09-15 13:00:00+00:00,2023-09-15 09:00:00-04:00,298,68.0,74.56623009082911,boost_5y_no_dew_pressure,True
2023-09-03 04:00:00+00:00,2023-09-15 14:00:00+00:00,2023-09-15 10:00:00-04:00,299,72.0,77.083787350902,boost_5y_no_dew_pressure,True
2023-09-03 04:00:00+00:00,2023-09-15 15:00:00+00:00,2023-09-15 11:00:00-04:00,300,73.0,79.3509406710317,boost_5y_no_dew_pressure,True
2023-09-03 04:00:00+00:00,2023-09-15 16:00:00+00:00,2023-09-15 12:00:00-04:00,301,75.0,80.92268282722867,boost_5y_no_dew_pressure,True
2023-09-03 04:00:00+00:00,2023-09-15 17:00:00+00:00,2023-09-15 13:00:00-04:00,302,77.0,81.89389905277018,boost_5y_no_dew_pressure,True
2023-09-03 04:00:00+00:00,2023-09-15 18:00:00+00:00,2023-09-15 14:00:00-04:00,303,79.0,82.48279446029044,boost_5y_no_dew_pressure,True
2023-09-03 04:00:00+00:00,2023-09-15 19:00:00+00:00,2023-09-15 15:00:00-04:00,304,78.0,82.54892953512088,boost_5y_no_dew_pressure,True
2023-09-03 04:00:00+00:00,2023-09-15 20:00:00+00:00,2023-09-15 16:00:00-04:00,305,78.0,82.02523039442707,boost_5y_no_dew_pressure,True
2023-09-03 04:00:00+00:00,2023-09-15 21:00:00+00:00,2023-09-15 17:00:00-04:00,306,78.0,80.73912303937428,boost_5y_no_dew_pressure,True
2023-09-03 04:00:00+00:00,2023-09-15 22:00:00+00:00,2023-09-15 18:00:00-04:00,307,75.0,78.27219261085803,boost_5y_no_dew_pressure,True
2023-09-03 04:00:00+00:00,2023-09-15 23:00:00+00:00,2023-09-15 19:00:00-04:00,308,68.0,74.98423972502427,boost_5y_no_dew_pressure,True
2023-09-03 04:00:00+00:00,2023-09-16 00:00:00+00:00,2023-09-15 20:00:00-04:00,309,61.0,73.22408929443694,boost_5y_no_dew_pressure,True
2023-09-03 04:00:00+00:00,2023-09-16 01:00:00+00:00,2023-09-15 21:00:00-04:00,310,63.0,72.03727427205446,boost_5y_no_dew_pressure,True
2023-09-03 04:00:00+00:00,2023-09-16 02:00:00+00:00,2023-09-15 22:00:00-04:00,311,60.0,71.02379462925838,boost_5y_no_dew_pressure,True
2023-09-03 04:00:00+00:00,2023-09-16 03:00:00+00:00,2023-09-15 23:00:00-04:00,312,58.0,70.10043767473563,boost_5y_no_dew_pressure,True
2023-09-03 04:00:00+00:00,2023-09-16 04:00:00+00:00,2023-09-16 00:00:00-04:00,313,56.0,69.27645975004873,boost_5y_no_dew_pressure,True
2023-09-03 04:00:00+00:00,2023-09-16 05:00:00+00:00,2023-09-16 01:00:00-04:00,314,56.0,68.65075581101834,boost_5y_no_dew_pressure,True
2023-09-03 04:00:00+00:00,2023-09-16 06:00:00+00:00,2023-09-16 02:00:00-04:00,315,55.0,68.02585703496683,boost_5y_no_dew_pressure,True
2023-09-03 04:00:00+00:00,2023-09-16 07:00:00+00:00,2023-09-16 03:00:00-04:00,316,55.0,67.43920153545567,boost_5y_no_dew_pressure,True
2023-09-03 04:00:00+00:00,2023-09-16 08:00:00+00:00,2023-09-16 04:00:00-04:00,317,54.0,66.85252247400453,boost_5y_no_dew_pressure,True
2023-09-03 04:00:00+00:00,2023-09-16 09:00:00+00:00,2023-09-16 05:00:00-04:00,318,54.0,66.58053466294324,boost_5y_no_dew_pressure,True
2023-09-03 04:00:00+00:00,2023-09-16 10:00:00+00:00,2023-09-16 06:00:00-04:00,319,54.0,66.33278824174297,boost_5y_no_dew_pressure,True
2023-09-03 04:00:00+00:00,2023-09-16 11:00:00+00:00,2023-09-16 07:00:00-04:00,320,57.0,67.61731546870433,boost_5y_no_dew_pressure,True
2023-09-03 04:00:00+00:00,2023-09-16 12:00:00+00:00,2023-09-16 08:00:00-04:00,321,65.0,70.68840831262258,boost_5y_no_dew_pressure,True
2023-09-03 04:00:00+00:00,2023-09-16 13:00:00+00:00,2023-09-16 09:00:00-04:00,322,71.0,73.86672648953224,boost_5y_no_dew_pressure,True
2023-09-03 04:00:00+00:00,2023-09-16 14:00:00+00:00,2023-09-16 10:00:00-04:00,323,77.0,76.47295964816291,boost_5y_no_dew_pressure,True
2023-09-03 04:00:00+00:00,2023-09-16 15:00:00+00:00,2023-09-16 11:00:00-04:00,324,79.0,78.76547200689087,boost_5y_no_dew_pressure,True
2023-09-03 04:00:00+00:00,2023-09-16 16:00:00+00:00,2023-09-16 12:00:00-04:00,325,82.0,80.33794544867031,boost_5y_no_dew_pressure,True
2023-09-03 04:00:00+00:00,2023-09-16 17:00:00+00:00,2023-09-16 13:00:00-04:00,326,82.0,81.29723524477939,boost_5y_no_dew_pressure,True
2023-09-03 04:00:00+00:00,2023-09-16 18:00:00+00:00,2023-09-16 14:00:00-04:00,327,84.0,81.91175998641648,boost_5y_no_dew_pressure,True
2023-09-03 04:00:00+00:00,2023-09-16 19:00:00+00:00,2023-09-16 15:00:00-04:00,328,84.0,81.88592026471746,boost_5y_no_dew_pressure,True
2023-09-03 04:00:00+00:00,2023-09-16 20:00:00+00:00,2023-09-16 16:00:00-04:00,329,85.0,81.50475969449325,boost_5y_no_dew_pressure,True
2023-09-03 04:00:00+00:00,2023-09-16 21:00:00+00:00,2023-09-16 17:00:00-04:00,330,84.0,80.16807765353921,boost_5y_no_dew_pressure,True
2023-09-03 04:00:00+00:00,2023-09-16 22:00:00+00:00,2023-09-16 18:00:00-04:00,331,80.0,77.57995293920638,boost_5y_no_dew_pressure,True
2023-09-03 04:00:00+00:00,2023-09-16 23:00:00+00:00,2023-09-16 19:00:00-04:00,332,77.0,74.3361284466154,boost_5y_no_dew_pressure,True
2023-09-03 04:00:00+00:00,2023-09-17 00:00:00+00:00,2023-09-16 20:00:00-04:00,333,74.0,72.5627565606109,boost_5y_no_dew_pressure,True
2023-09-03 04:00:00+00:00,2023-09-17 01:00:00+00:00,2023-09-16 21:00:00-04:00,334,73.0,71.4027185396922,boost_5y_no_dew_pressure,True
2023-09-03 04:00:00+00:00,2023-09-17 02:00:00+00:00,2023-09-16 22:00:00-04:00,335,71.0,70.33566484272218,boost_5y_no_dew_pressure,True
2023-09-03 04:00:00+00:00,2023-09-17 03:00:00+00:00,2023-09-16 23:00:00-04:00,336,70.0,69.34568176086944,boost_5y_no_dew_pressure,True
2023-09-10 04:00:00+00:00,2023-09-10 04:00:00+00:00,2023-09-10 00:00:00-04:00,1,71.0,69.88304808466201,boost_5y_no_dew_pressure,True
2023-09-10 04:00:00+00:00,2023-09-10 05:00:00+00:00,2023-09-10 01:00:00-04:00,2,71.0,69.16280859837762,boost_5y_no_dew_pressure,True
2023-09-10 04:00:00+00:00,2023-09-10 06:00:00+00:00,2023-09-10 02:00:00-04:00,3,70.0,68.35133143185907,boost_5y_no_dew_pressure,True
2023-09-10 04:00:00+00:00,2023-09-10 07:00:00+00:00,2023-09-10 03:00:00-04:00,4,69.0,68.06685294295052,boost_5y_no_dew_pressure,True
2023-09-10 04:00:00+00:00,2023-09-10 08:00:00+00:00,2023-09-10 04:00:00-04:00,5,69.0,67.52873508176313,boost_5y_no_dew_pressure,True
2023-09-10 04:00:00+00:00,2023-09-10 09:00:00+00:00,2023-09-10 05:00:00-04:00,6,70.0,66.6657591990207,boost_5y_no_dew_pressure,True
2023-09-10 04:00:00+00:00,2023-09-10 10:00:00+00:00,2023-09-10 06:00:00-04:00,7,70.0,66.57501262811891,boost_5y_no_dew_pressure,True
2023-09-10 04:00:00+00:00,2023-09-10 11:00:00+00:00,2023-09-10 07:00:00-04:00,8,71.0,68.42891438538261,boost_5y_no_dew_pressure,True
2023-09-10 04:00:00+00:00,2023-09-10 12:00:00+00:00,2023-09-10 08:00:00-04:00,9,72.0,71.81101687126954,boost_5y_no_dew_pressure,True
2023-09-10 04:00:00+00:00,2023-09-10 13:00:00+00:00,2023-09-10 09:00:00-04:00,10,73.0,74.6169264338628,boost_5y_no_dew_pressure,True
2023-09-10 04:00:00+00:00,2023-09-10 14:00:00+00:00,2023-09-10 10:00:00-04:00,11,77.0,77.07278042352084,boost_5y_no_dew_pressure,True
2023-09-10 04:00:00+00:00,2023-09-10 15:00:00+00:00,2023-09-10 11:00:00-04:00,12,77.0,79.19510623417325,boost_5y_no_dew_pressure,True
2023-09-10 04:00:00+00:00,2023-09-10 16:00:00+00:00,2023-09-10 12:00:00-04:00,13,83.0,80.89708867350264,boost_5y_no_dew_pressure,True
2023-09-10 04:00:00+00:00,2023-09-10 17:00:00+00:00,2023-09-10 13:00:00-04:00,14,85.0,81.38774776342352,boost_5y_no_dew_pressure,True
2023-09-10 04:00:00+00:00,2023-09-10 18:00:00+00:00,2023-09-10 14:00:00-04:00,15,86.0,82.09864407034345,boost_5y_no_dew_pressure,True
2023-09-10 04:00:00+00:00,2023-09-10 19:00:00+00:00,2023-09-10 15:00:00-04:00,16,87.0,83.53082750384768,boost_5y_no_dew_pressure,True
2023-09-10 04:00:00+00:00,2023-09-10 20:00:00+00:00,2023-09-10 16:00:00-04:00,17,87.0,82.46281995732663,boost_5y_no_dew_pressure,True
2023-09-10 04:00:00+00:00,2023-09-10 21:00:00+00:00,2023-09-10 17:00:00-04:00,18,85.0,80.9133654946907,boost_5y_no_dew_pressure,True
2023-09-10 04:00:00+00:00,2023-09-10 22:00:00+00:00,2023-09-10 18:00:00-04:00,19,80.0,78.55294659587716,boost_5y_no_dew_pressure,True
2023-09-10 04:00:00+00:00,2023-09-10 23:00:00+00:00,2023-09-10 19:00:00-04:00,20,77.0,74.88667673348026,boost_5y_no_dew_pressure,True
2023-09-10 04:00:00+00:00,2023-09-11 00:00:00+00:00,2023-09-10 20:00:00-04:00,21,74.0,73.15100726497155,boost_5y_no_dew_pressure,True
2023-09-10 04:00:00+00:00,2023-09-11 01:00:00+00:00,2023-09-10 21:00:00-04:00,22,75.0,72.62240502718116,boost_5y_no_dew_pressure,True
2023-09-10 04:00:00+00:00,2023-09-11 02:00:00+00:00,2023-09-10 22:00:00-04:00,23,73.0,71.82145838892056,boost_5y_no_dew_pressure,True
2023-09-10 04:00:00+00:00,2023-09-11 03:00:00+00:00,2023-09-10 23:00:00-04:00,24,73.0,71.03466160032409,boost_5y_no_dew_pressure,True
2023-09-10 04:00:00+00:00,2023-09-11 04:00:00+00:00,2023-09-11 00:00:00-04:00,25,71.0,71.67645882292072,boost_5y_no_dew_pressure,True
2023-09-10 04:00:00+00:00,2023-09-11 05:00:00+00:00,2023-09-11 01:00:00-04:00,26,72.0,70.98806134007263,boost_5y_no_dew_pressure,True
2023-09-10 04:00:00+00:00,2023-09-11 06:00:00+00:00,2023-09-11 02:00:00-04:00,27,71.0,70.23295613643307,boost_5y_no_dew_pressure,True
2023-09-10 04:00:00+00:00,2023-09-11 07:00:00+00:00,2023-09-11 03:00:00-04:00,28,70.0,69.89843262251702,boost_5y_no_dew_pressure,True
2023-09-10 04:00:00+00:00,2023-09-11 08:00:00+00:00,2023-09-11 04:00:00-04:00,29,70.0,69.29725885795614,boost_5y_no_dew_pressure,True
2023-09-10 04:00:00+00:00,2023-09-11 09:00:00+00:00,2023-09-11 05:00:00-04:00,30,68.0,68.6011244347051,boost_5y_no_dew_pressure,True
2023-09-10 04:00:00+00:00,2023-09-11 10:00:00+00:00,2023-09-11 06:00:00-04:00,31,70.0,68.35326169480713,boost_5y_no_dew_pressure,True
2023-09-10 04:00:00+00:00,2023-09-11 11:00:00+00:00,2023-09-11 07:00:00-04:00,32,70.0,70.32240287245314,boost_5y_no_dew_pressure,True
2023-09-10 04:00:00+00:00,2023-09-11 12:00:00+00:00,2023-09-11 08:00:00-04:00,33,71.0,73.87584244033663,boost_5y_no_dew_pressure,True
2023-09-10 04:00:00+00:00,2023-09-11 13:00:00+00:00,2023-09-11 09:00:00-04:00,34,76.0,77.61134258625387,boost_5y_no_dew_pressure,True
2023-09-10 04:00:00+00:00,2023-09-11 14:00:00+00:00,2023-09-11 10:00:00-04:00,35,81.0,80.21822917006013,boost_5y_no_dew_pressure,True
2023-09-10 04:00:00+00:00,2023-09-11 15:00:00+00:00,2023-09-11 11:00:00-04:00,36,83.0,82.49677013255594,boost_5y_no_dew_pressure,True
2023-09-10 04:00:00+00:00,2023-09-11 16:00:00+00:00,2023-09-11 12:00:00-04:00,37,86.0,84.06845393211134,boost_5y_no_dew_pressure,True
2023-09-10 04:00:00+00:00,2023-09-11 17:00:00+00:00,2023-09-11 13:00:00-04:00,38,87.0,84.67286315026745,boost_5y_no_dew_pressure,True
2023-09-10 04:00:00+00:00,2023-09-11 18:00:00+00:00,2023-09-11 14:00:00-04:00,39,89.0,85.31057400023256,boost_5y_no_dew_pressure,True
2023-09-10 04:00:00+00:00,2023-09-11 19:00:00+00:00,2023-09-11 15:00:00-04:00,40,88.0,85.61356399607973,boost_5y_no_dew_pressure,True
2023-09-10 04:00:00+00:00,2023-09-11 20:00:00+00:00,2023-09-11 16:00:00-04:00,41,90.0,84.88037583085585,boost_5y_no_dew_pressure,True
2023-09-10 04:00:00+00:00,2023-09-11 21:00:00+00:00,2023-09-11 17:00:00-04:00,42,88.0,83.68255579207388,boost_5y_no_dew_pressure,True
2023-09-10 04:00:00+00:00,2023-09-11 22:00:00+00:00,2023-09-11 18:00:00-04:00,43,85.0,81.29278211050348,boost_5y_no_dew_pressure,True
2023-09-10 04:00:00+00:00,2023-09-11 23:00:00+00:00,2023-09-11 19:00:00-04:00,44,79.0,77.28381506303424,boost_5y_no_dew_pressure,True
2023-09-10 04:00:00+00:00,2023-09-12 00:00:00+00:00,2023-09-11 20:00:00-04:00,45,76.0,75.34140482750126,boost_5y_no_dew_pressure,True
2023-09-10 04:00:00+00:00,2023-09-12 01:00:00+00:00,2023-09-11 21:00:00-04:00,46,73.0,74.23894669777435,boost_5y_no_dew_pressure,True
2023-09-10 04:00:00+00:00,2023-09-12 02:00:00+00:00,2023-09-11 22:00:00-04:00,47,72.0,73.35534841655556,boost_5y_no_dew_pressure,True
2023-09-10 04:00:00+00:00,2023-09-12 03:00:00+00:00,2023-09-11 23:00:00-04:00,48,73.0,72.38318175427028,boost_5y_no_dew_pressure,True
2023-09-10 04:00:00+00:00,2023-09-12 04:00:00+00:00,2023-09-12 00:00:00-04:00,49,71.0,71.56944975246799,boost_5y_no_dew_pressure,True
2023-09-10 04:00:00+00:00,2023-09-12 05:00:00+00:00,2023-09-12 01:00:00-04:00,50,70.0,70.87177415026827,boost_5y_no_dew_pressure,True
2023-09-10 04:00:00+00:00,2023-09-12 06:00:00+00:00,2023-09-12 02:00:00-04:00,51,69.0,70.13611736866137,boost_5y_no_dew_pressure,True
2023-09-10 04:00:00+00:00,2023-09-12 07:00:00+00:00,2023-09-12 03:00:00-04:00,52,69.0,69.79814800770176,boost_5y_no_dew_pressure,True
2023-09-10 04:00:00+00:00,2023-09-12 08:00:00+00:00,2023-09-12 04:00:00-04:00,53,69.0,69.18024259092995,boost_5y_no_dew_pressure,True
2023-09-10 04:00:00+00:00,2023-09-12 09:00:00+00:00,2023-09-12 05:00:00-04:00,54,69.0,68.6202964497077,boost_5y_no_dew_pressure,True
2023-09-10 04:00:00+00:00,2023-09-12 10:00:00+00:00,2023-09-12 06:00:00-04:00,55,70.0,68.41201401909272,boost_5y_no_dew_pressure,True
2023-09-10 04:00:00+00:00,2023-09-12 11:00:00+00:00,2023-09-12 07:00:00-04:00,56,73.0,70.3330620426501,boost_5y_no_dew_pressure,True
2023-09-10 04:00:00+00:00,2023-09-12 12:00:00+00:00,2023-09-12 08:00:00-04:00,57,78.0,73.85262854138075,boost_5y_no_dew_pressure,True
2023-09-10 04:00:00+00:00,2023-09-12 13:00:00+00:00,2023-09-12 09:00:00-04:00,58,83.0,77.049152566811,boost_5y_no_dew_pressure,True
2023-09-10 04:00:00+00:00,2023-09-12 14:00:00+00:00,2023-09-12 10:00:00-04:00,59,85.0,79.7783096168878,boost_5y_no_dew_pressure,True
2023-09-10 04:00:00+00:00,2023-09-12 15:00:00+00:00,2023-09-12 11:00:00-04:00,60,89.0,82.28526585064859,boost_5y_no_dew_pressure,True
2023-09-10 04:00:00+00:00,2023-09-12 16:00:00+00:00,2023-09-12 12:00:00-04:00,61,91.0,83.80523485241562,boost_5y_no_dew_pressure,True
2023-09-10 04:00:00+00:00,2023-09-12 17:00:00+00:00,2023-09-12 13:00:00-04:00,62,93.0,84.31055353695938,boost_5y_no_dew_pressure,True
2023-09-10 04:00:00+00:00,2023-09-12 18:00:00+00:00,2023-09-12 14:00:00-04:00,63,92.0,85.04807525106136,boost_5y_no_dew_pressure,True
2023-09-10 04:00:00+00:00,2023-09-12 19:00:00+00:00,2023-09-12 15:00:00-04:00,64,89.0,85.10604129542985,boost_5y_no_dew_pressure,True
2023-09-10 04:00:00+00:00,2023-09-12 20:00:00+00:00,2023-09-12 16:00:00-04:00,65,89.0,84.35370536520267,boost_5y_no_dew_pressure,True
2023-09-10 04:00:00+00:00,2023-09-12 21:00:00+00:00,2023-09-12 17:00:00-04:00,66,87.0,83.0731176773895,boost_5y_no_dew_pressure,True
2023-09-10 04:00:00+00:00,2023-09-12 22:00:00+00:00,2023-09-12 18:00:00-04:00,67,85.0,80.59778643199414,boost_5y_no_dew_pressure,True
2023-09-10 04:00:00+00:00,2023-09-12 23:00:00+00:00,2023-09-12 19:00:00-04:00,68,78.0,76.60966465691382,boost_5y_no_dew_pressure,True
2023-09-10 04:00:00+00:00,2023-09-13 00:00:00+00:00,2023-09-12 20:00:00-04:00,69,78.0,74.54404513543334,boost_5y_no_dew_pressure,True
2023-09-10 04:00:00+00:00,2023-09-13 01:00:00+00:00,2023-09-12 21:00:00-04:00,70,74.0,73.43391227234058,boost_5y_no_dew_pressure,True
2023-09-10 04:00:00+00:00,2023-09-13 02:00:00+00:00,2023-09-12 22:00:00-04:00,71,73.0,72.56016530462735,boost_5y_no_dew_pressure,True
2023-09-10 04:00:00+00:00,2023-09-13 03:00:00+00:00,2023-09-12 23:00:00-04:00,72,73.0,71.5897181744251,boost_5y_no_dew_pressure,True
2023-09-10 04:00:00+00:00,2023-09-13 04:00:00+00:00,2023-09-13 00:00:00-04:00,73,73.0,70.18308063703407,boost_5y_no_dew_pressure,True
2023-09-10 04:00:00+00:00,2023-09-13 05:00:00+00:00,2023-09-13 01:00:00-04:00,74,72.0,69.52483258959437,boost_5y_no_dew_pressure,True
2023-09-10 04:00:00+00:00,2023-09-13 06:00:00+00:00,2023-09-13 02:00:00-04:00,75,72.0,68.86033751370313,boost_5y_no_dew_pressure,True
2023-09-10 04:00:00+00:00,2023-09-13 07:00:00+00:00,2023-09-13 03:00:00-04:00,76,72.0,68.47982701293708,boost_5y_no_dew_pressure,True
2023-09-10 04:00:00+00:00,2023-09-13 08:00:00+00:00,2023-09-13 04:00:00-04:00,77,71.0,67.83256493422678,boost_5y_no_dew_pressure,True
2023-09-10 04:00:00+00:00,2023-09-13 09:00:00+00:00,2023-09-13 05:00:00-04:00,78,71.0,67.39983264264944,boost_5y_no_dew_pressure,True
2023-09-10 04:00:00+00:00,2023-09-13 10:00:00+00:00,2023-09-13 06:00:00-04:00,79,69.0,67.18146264467909,boost_5y_no_dew_pressure,True
2023-09-10 04:00:00+00:00,2023-09-13 11:00:00+00:00,2023-09-13 07:00:00-04:00,80,72.0,68.91401235543084,boost_5y_no_dew_pressure,True
2023-09-10 04:00:00+00:00,2023-09-13 12:00:00+00:00,2023-09-13 08:00:00-04:00,81,73.0,72.49107077190777,boost_5y_no_dew_pressure,True
2023-09-10 04:00:00+00:00,2023-09-13 13:00:00+00:00,2023-09-13 09:00:00-04:00,82,77.0,75.60292139957399,boost_5y_no_dew_pressure,True
2023-09-10 04:00:00+00:00,2023-09-13 14:00:00+00:00,2023-09-13 10:00:00-04:00,83,82.0,78.18774801336794,boost_5y_no_dew_pressure,True
2023-09-10 04:00:00+00:00,2023-09-13 15:00:00+00:00,2023-09-13 11:00:00-04:00,84,82.0,80.79269869588819,boost_5y_no_dew_pressure,True
2023-09-10 04:00:00+00:00,2023-09-13 16:00:00+00:00,2023-09-13 12:00:00-04:00,85,83.0,82.30548193877024,boost_5y_no_dew_pressure,True
2023-09-10 04:00:00+00:00,2023-09-13 17:00:00+00:00,2023-09-13 13:00:00-04:00,86,86.0,82.88886637243525,boost_5y_no_dew_pressure,True
2023-09-10 04:00:00+00:00,2023-09-13 18:00:00+00:00,2023-09-13 14:00:00-04:00,87,85.0,83.55676958966573,boost_5y_no_dew_pressure,True
2023-09-10 04:00:00+00:00,2023-09-13 19:00:00+00:00,2023-09-13 15:00:00-04:00,88,85.0,83.897983163748,boost_5y_no_dew_pressure,True
2023-09-10 04:00:00+00:00,2023-09-13 20:00:00+00:00,2023-09-13 16:00:00-04:00,89,85.0,83.09154335140126,boost_5y_no_dew_pressure,True
2023-09-10 04:00:00+00:00,2023-09-13 21:00:00+00:00,2023-09-13 17:00:00-04:00,90,84.0,81.85834961016307,boost_5y_no_dew_pressure,True
2023-09-10 04:00:00+00:00,2023-09-13 22:00:00+00:00,2023-09-13 18:00:00-04:00,91,80.0,79.30599324897608,boost_5y_no_dew_pressure,True
2023-09-10 04:00:00+00:00,2023-09-13 23:00:00+00:00,2023-09-13 19:00:00-04:00,92,79.0,75.5133218189947,boost_5y_no_dew_pressure,True
2023-09-10 04:00:00+00:00,2023-09-14 00:00:00+00:00,2023-09-13 20:00:00-04:00,93,78.0,73.54577591956163,boost_5y_no_dew_pressure,True
2023-09-10 04:00:00+00:00,2023-09-14 01:00:00+00:00,2023-09-13 21:00:00-04:00,94,76.0,72.40804375978219,boost_5y_no_dew_pressure,True
2023-09-10 04:00:00+00:00,2023-09-14 02:00:00+00:00,2023-09-13 22:00:00-04:00,95,75.0,71.31298255362714,boost_5y_no_dew_pressure,True
2023-09-10 04:00:00+00:00,2023-09-14 03:00:00+00:00,2023-09-13 23:00:00-04:00,96,73.0,70.30767465183395,boost_5y_no_dew_pressure,True
2023-09-10 04:00:00+00:00,2023-09-14 04:00:00+00:00,2023-09-14 00:00:00-04:00,97,72.0,69.30706116371093,boost_5y_no_dew_pressure,True
2023-09-10 04:00:00+00:00,2023-09-14 05:00:00+00:00,2023-09-14 01:00:00-04:00,98,72.0,68.62296660920703,boost_5y_no_dew_pressure,True
2023-09-10 04:00:00+00:00,2023-09-14 06:00:00+00:00,2023-09-14 02:00:00-04:00,99,71.0,67.99343162583776,boost_5y_no_dew_pressure,True
2023-09-10 04:00:00+00:00,2023-09-14 07:00:00+00:00,2023-09-14 03:00:00-04:00,100,72.0,67.56290138326989,boost_5y_no_dew_pressure,True
2023-09-10 04:00:00+00:00,2023-09-14 08:00:00+00:00,2023-09-14 04:00:00-04:00,101,70.0,66.9722405254433,boost_5y_no_dew_pressure,True
2023-09-10 04:00:00+00:00,2023-09-14 09:00:00+00:00,2023-09-14 05:00:00-04:00,102,69.0,66.54047217714316,boost_5y_no_dew_pressure,True
2023-09-10 04:00:00+00:00,2023-09-14 10:00:00+00:00,2023-09-14 06:00:00-04:00,103,68.0,66.37363852090978,boost_5y_no_dew_pressure,True
2023-09-10 04:00:00+00:00,2023-09-14 11:00:00+00:00,2023-09-14 07:00:00-04:00,104,69.0,67.99439583084644,boost_5y_no_dew_pressure,True
2023-09-10 04:00:00+00:00,2023-09-14 12:00:00+00:00,2023-09-14 08:00:00-04:00,105,71.0,71.51627163715351,boost_5y_no_dew_pressure,True
2023-09-10 04:00:00+00:00,2023-09-14 13:00:00+00:00,2023-09-14 09:00:00-04:00,106,75.0,74.7746132390493,boost_5y_no_dew_pressure,True
2023-09-10 04:00:00+00:00,2023-09-14 14:00:00+00:00,2023-09-14 10:00:00-04:00,107,78.0,77.29778981617706,boost_5y_no_dew_pressure,True
2023-09-10 04:00:00+00:00,2023-09-14 15:00:00+00:00,2023-09-14 11:00:00-04:00,108,81.0,79.85176452935238,boost_5y_no_dew_pressure,True
2023-09-10 04:00:00+00:00,2023-09-14 16:00:00+00:00,2023-09-14 12:00:00-04:00,109,82.0,81.37022109368755,boost_5y_no_dew_pressure,True
2023-09-10 04:00:00+00:00,2023-09-14 17:00:00+00:00,2023-09-14 13:00:00-04:00,110,82.0,82.18813699387836,boost_5y_no_dew_pressure,True
2023-09-10 04:00:00+00:00,2023-09-14 18:00:00+00:00,2023-09-14 14:00:00-04:00,111,82.0,82.75604311616671,boost_5y_no_dew_pressure,True
2023-09-10 04:00:00+00:00,2023-09-14 19:00:00+00:00,2023-09-14 15:00:00-04:00,112,84.0,82.97155965641012,boost_5y_no_dew_pressure,True
2023-09-10 04:00:00+00:00,2023-09-14 20:00:00+00:00,2023-09-14 16:00:00-04:00,113,82.0,82.17905704820198,boost_5y_no_dew_pressure,True
2023-09-10 04:00:00+00:00,2023-09-14 21:00:00+00:00,2023-09-14 17:00:00-04:00,114,81.0,80.9426466476707,boost_5y_no_dew_pressure,True
2023-09-10 04:00:00+00:00,2023-09-14 22:00:00+00:00,2023-09-14 18:00:00-04:00,115,79.0,78.42320148491231,boost_5y_no_dew_pressure,True
2023-09-10 04:00:00+00:00,2023-09-14 23:00:00+00:00,2023-09-14 19:00:00-04:00,116,74.0,74.92506893353466,boost_5y_no_dew_pressure,True
2023-09-10 04:00:00+00:00,2023-09-15 00:00:00+00:00,2023-09-14 20:00:00-04:00,117,73.0,72.97776169365322,boost_5y_no_dew_pressure,True
2023-09-10 04:00:00+00:00,2023-09-15 01:00:00+00:00,2023-09-14 21:00:00-04:00,118,72.0,71.8374049940653,boost_5y_no_dew_pressure,True
2023-09-10 04:00:00+00:00,2023-09-15 02:00:00+00:00,2023-09-14 22:00:00-04:00,119,68.0,70.84176385505675,boost_5y_no_dew_pressure,True
2023-09-10 04:00:00+00:00,2023-09-15 03:00:00+00:00,2023-09-14 23:00:00-04:00,120,68.0,69.79333687999875,boost_5y_no_dew_pressure,True
2023-09-10 04:00:00+00:00,2023-09-15 04:00:00+00:00,2023-09-15 00:00:00-04:00,121,66.0,69.14934184384757,boost_5y_no_dew_pressure,True
2023-09-10 04:00:00+00:00,2023-09-15 05:00:00+00:00,2023-09-15 01:00:00-04:00,122,65.0,68.51202549687534,boost_5y_no_dew_pressure,True
2023-09-10 04:00:00+00:00,2023-09-15 06:00:00+00:00,2023-09-15 02:00:00-04:00,123,63.0,67.93844952123445,boost_5y_no_dew_pressure,True
2023-09-10 04:00:00+00:00,2023-09-15 07:00:00+00:00,2023-09-15 03:00:00-04:00,124,63.0,67.46702249442582,boost_5y_no_dew_pressure,True
2023-09-10 04:00:00+00:00,2023-09-15 08:00:00+00:00,2023-09-15 04:00:00-04:00,125,62.0,66.90214388826547,boost_5y_no_dew_pressure,True
2023-09-10 04:00:00+00:00,2023-09-15 09:00:00+00:00,2023-09-15 05:00:00-04:00,126,61.0,66.52439582874295,boost_5y_no_dew_pressure,True
2023-09-10 04:00:00+00:00,2023-09-15 10:00:00+00:00,2023-09-15 06:00:00-04:00,127,59.0,66.35772802049942,boost_5y_no_dew_pressure,True
2023-09-10 04:00:00+00:00,2023-09-15 11:00:00+00:00,2023-09-15 07:00:00-04:00,128,61.0,67.78048748969888,boost_5y_no_dew_pressure,True
2023-09-10 04:00:00+00:00,2023-09-15 12:00:00+00:00,2023-09-15 08:00:00-04:00,129,64.0,71.08818968438447,boost_5y_no_dew_pressure,True
2023-09-10 04:00:00+00:00,2023-09-15 13:00:00+00:00,2023-09-15 09:00:00-04:00,130,68.0,74.41583056721176,boost_5y_no_dew_pressure,True
2023-09-10 04:00:00+00:00,2023-09-15 14:00:00+00:00,2023-09-15 10:00:00-04:00,131,72.0,77.03501200197674,boost_5y_no_dew_pressure,True
2023-09-10 04:00:00+00:00,2023-09-15 15:00:00+00:00,2023-09-15 11:00:00-04:00,132,73.0,79.42851258972806,boost_5y_no_dew_pressure,True
2023-09-10 04:00:00+00:00,2023-09-15 16:00:00+00:00,2023-09-15 12:00:00-04:00,133,75.0,80.97634735395668,boost_5y_no_dew_pressure,True
2023-09-10 04:00:00+00:00,2023-09-15 17:00:00+00:00,2023-09-15 13:00:00-04:00,134,77.0,81.85055943155106,boost_5y_no_dew_pressure,True
2023-09-10 04:00:00+00:00,2023-09-15 18:00:00+00:00,2023-09-15 14:00:00-04:00,135,79.0,82.48914087445702,boost_5y_no_dew_pressure,True
2023-09-10 04:00:00+00:00,2023-09-15 19:00:00+00:00,2023-09-15 15:00:00-04:00,136,78.0,82.54161618909067,boost_5y_no_dew_pressure,True
2023-09-10 04:00:00+00:00,2023-09-15 20:00:00+00:00,2023-09-15 16:00:00-04:00,137,78.0,81.77344538273695,boost_5y_no_dew_pressure,True
2023-09-10 04:00:00+00:00,2023-09-15 21:00:00+00:00,2023-09-15 17:00:00-04:00,138,78.0,80.54536160496947,boost_5y_no_dew_pressure,True
2023-09-10 04:00:00+00:00,2023-09-15 22:00:00+00:00,2023-09-15 18:00:00-04:00,139,75.0,78.07909249655869,boost_5y_no_dew_pressure,True
2023-09-10 04:00:00+00:00,2023-09-15 23:00:00+00:00,2023-09-15 19:00:00-04:00,140,68.0,74.67124535707731,boost_5y_no_dew_pressure,True
2023-09-10 04:00:00+00:00,2023-09-16 00:00:00+00:00,2023-09-15 20:00:00-04:00,141,61.0,72.89923802974828,boost_5y_no_dew_pressure,True
2023-09-10 04:00:00+00:00,2023-09-16 01:00:00+00:00,2023-09-15 21:00:00-04:00,142,63.0,71.7045002954173,boost_5y_no_dew_pressure,True
2023-09-10 04:00:00+00:00,2023-09-16 02:00:00+00:00,2023-09-15 22:00:00-04:00,143,60.0,70.67524531071383,boost_5y_no_dew_pressure,True
2023-09-10 04:00:00+00:00,2023-09-16 03:00:00+00:00,2023-09-15 23:00:00-04:00,144,58.0,69.69963262807944,boost_5y_no_dew_pressure,True
2023-09-10 04:00:00+00:00,2023-09-16 04:00:00+00:00,2023-09-16 00:00:00-04:00,145,56.0,68.84684494280327,boost_5y_no_dew_pressure,True
2023-09-10 04:00:00+00:00,2023-09-16 05:00:00+00:00,2023-09-16 01:00:00-04:00,146,56.0,68.22563617757343,boost_5y_no_dew_pressure,True
2023-09-10 04:00:00+00:00,2023-09-16 06:00:00+00:00,2023-09-16 02:00:00-04:00,147,55.0,67.59855442136002,boost_5y_no_dew_pressure,True
2023-09-10 04:00:00+00:00,2023-09-16 07:00:00+00:00,2023-09-16 03:00:00-04:00,148,55.0,67.03112599024671,boost_5y_no_dew_pressure,True
2023-09-10 04:00:00+00:00,2023-09-16 08:00:00+00:00,2023-09-16 04:00:00-04:00,149,54.0,66.45028278017308,boost_5y_no_dew_pressure,True
2023-09-10 04:00:00+00:00,2023-09-16 09:00:00+00:00,2023-09-16 05:00:00-04:00,150,54.0,66.10074735160785,boost_5y_no_dew_pressure,True
2023-09-10 04:00:00+00:00,2023-09-16 10:00:00+00:00,2023-09-16 06:00:00-04:00,151,54.0,65.89963100104879,boost_5y_no_dew_pressure,True
2023-09-10 04:00:00+00:00,2023-09-16 11:00:00+00:00,2023-09-16 07:00:00-04:00,152,57.0,67.26968737288003,boost_5y_no_dew_pressure,True
2023-09-10 04:00:00+00:00,2023-09-16 12:00:00+00:00,2023-09-16 08:00:00-04:00,153,65.0,70.49892723728736,boost_5y_no_dew_pressure,True
2023-09-10 04:00:00+00:00,2023-09-16 13:00:00+00:00,2023-09-16 09:00:00-04:00,154,71.0,73.75047080117554,boost_5y_no_dew_pressure,True
2023-09-10 04:00:00+00:00,2023-09-16 14:00:00+00:00,2023-09-16 10:00:00-04:00,155,77.0,76.40180861620685,boost_5y_no_dew_pressure,True
2023-09-10 04:00:00+00:00,2023-09-16 15:00:00+00:00,2023-09-16 11:00:00-04:00,156,79.0,78.77559354444526,boost_5y_no_dew_pressure,True
2023-09-10 04:00:00+00:00,2023-09-16 16:00:00+00:00,2023-09-16 12:00:00-04:00,157,82.0,80.2911458223879,boost_5y_no_dew_pressure,True
2023-09-10 04:00:00+00:00,2023-09-16 17:00:00+00:00,2023-09-16 13:00:00-04:00,158,82.0,81.1857415301896,boost_5y_no_dew_pressure,True
2023-09-10 04:00:00+00:00,2023-09-16 18:00:00+00:00,2023-09-16 14:00:00-04:00,159,84.0,81.83834156612656,boost_5y_no_dew_pressure,True
2023-09-10 04:00:00+00:00,2023-09-16 19:00:00+00:00,2023-09-16 15:00:00-04:00,160,84.0,81.85730954184618,boost_5y_no_dew_pressure,True
2023-09-10 04:00:00+00:00,2023-09-16 20:00:00+00:00,2023-09-16 16:00:00-04:00,161,85.0,81.44514844314735,boost_5y_no_dew_pressure,True
2023-09-10 04:00:00+00:00,2023-09-16 21:00:00+00:00,2023-09-16 17:00:00-04:00,162,84.0,80.11999927179117,boost_5y_no_dew_pressure,True
2023-09-10 04:00:00+00:00,2023-09-16 22:00:00+00:00,2023-09-16 18:00:00-04:00,163,80.0,77.52446705820701,boost_5y_no_dew_pressure,True
2023-09-10 04:00:00+00:00,2023-09-16 23:00:00+00:00,2023-09-16 19:00:00-04:00,164,77.0,74.18025055876305,boost_5y_no_dew_pressure,True
2023-09-10 04:00:00+00:00,2023-09-17 00:00:00+00:00,2023-09-16 20:00:00-04:00,165,74.0,72.37724651346878,boost_5y_no_dew_pressure,True
2023-09-10 04:00:00+00:00,2023-09-17 01:00:00+00:00,2023-09-16 21:00:00-04:00,166,73.0,71.19239061480586,boost_5y_no_dew_pressure,True
2023-09-10 04:00:00+00:00,2023-09-17 02:00:00+00:00,2023-09-16 22:00:00-04:00,167,71.0,70.13366430650301,boost_5y_no_dew_pressure,True
2023-09-10 04:00:00+00:00,2023-09-17 03:00:00+00:00,2023-09-16 23:00:00-04:00,168,70.0,69.12159678686538,boost_5y_no_dew_pressure,True
2023-09-10 04:00:00+00:00,2023-09-17 04:00:00+00:00,2023-09-17 00:00:00-04:00,169,69.0,68.17500657264364,boost_5y_no_dew_pressure,True
2023-09-10 04:00:00+00:00,2023-09-17 05:00:00+00:00,2023-09-17 01:00:00-04:00,170,68.0,67.62238672912422,boost_5y_no_dew_pressure,True
2023-09-10 04:00:00+00:00,2023-09-17 06:00:00+00:00,2023-09-17 02:00:00-04:00,171,68.0,66.96845006614157,boost_5y_no_dew_pressure,True
2023-09-10 04:00:00+00:00,2023-09-17 07:00:00+00:00,2023-09-17 03:00:00-04:00,172,64.0,66.37237942778756,boost_5y_no_dew_pressure,True
2023-09-10 04:00:00+00:00,2023-09-17 08:00:00+00:00,2023-09-17 04:00:00-04:00,173,63.0,65.84292125887376,boost_5y_no_dew_pressure,True
2023-09-10 04:00:00+00:00,2023-09-17 09:00:00+00:00,2023-09-17 05:00:00-04:00,174,63.0,65.45695379857027,boost_5y_no_dew_pressure,True
2023-09-10 04:00:00+00:00,2023-09-17 10:00:00+00:00,2023-09-17 06:00:00-04:00,175,67.0,65.22435702955198,boost_5y_no_dew_pressure,True
2023-09-10 04:00:00+00:00,2023-09-17 11:00:00+00:00,2023-09-17 07:00:00-04:00,176,68.0,66.58221857301906,boost_5y_no_dew_pressure,True
2023-09-10 04:00:00+00:00,2023-09-17 12:00:00+00:00,2023-09-17 08:00:00-04:00,177,70.0,69.8720406927937,boost_5y_no_dew_pressure,True
2023-09-10 04:00:00+00:00,2023-09-17 13:00:00+00:00,2023-09-17 09:00:00-04:00,178,73.0,73.24251619249836,boost_5y_no_dew_pressure,True
2023-09-10 04:00:00+00:00,2023-09-17 14:00:00+00:00,2023-09-17 10:00:00-04:00,179,77.0,76.0431902948087,boost_5y_no_dew_pressure,True
2023-09-10 04:00:00+00:00,2023-09-17 15:00:00+00:00,2023-09-17 11:00:00-04:00,180,77.0,78.53481637094023,boost_5y_no_dew_pressure,True
2023-09-10 04:00:00+00:00,2023-09-17 16:00:00+00:00,2023-09-17 12:00:00-04:00,181,75.0,80.19218539575768,boost_5y_no_dew_pressure,True
2023-09-10 04:00:00+00:00,2023-09-17 17:00:00+00:00,2023-09-17 13:00:00-04:00,182,75.0,81.1642186908796,boost_5y_no_dew_pressure,True
2023-09-10 04:00:00+00:00,2023-09-17 18:00:00+00:00,2023-09-17 14:00:00-04:00,183,73.0,81.71947853652442,boost_5y_no_dew_pressure,True
2023-09-10 04:00:00+00:00,2023-09-17 19:00:00+00:00,2023-09-17 15:00:00-04:00,184,70.0,81.65669664903267,boost_5y_no_dew_pressure,True
2023-09-10 04:00:00+00:00,2023-09-17 20:00:00+00:00,2023-09-17 16:00:00-04:00,185,70.0,81.2267912530119,boost_5y_no_dew_pressure,True
2023-09-10 04:00:00+00:00,2023-09-17 21:00:00+00:00,2023-09-17 17:00:00-04:00,186,69.0,79.94454250942555,boost_5y_no_dew_pressure,True
2023-09-10 04:00:00+00:00,2023-09-17 22:00:00+00:00,2023-09-17 18:00:00-04:00,187,69.0,77.24813851264388,boost_5y_no_dew_pressure,True
2023-09-10 04:00:00+00:00,2023-09-17 23:00:00+00:00,2023-09-17 19:00:00-04:00,188,66.0,73.92859435718124,boost_5y_no_dew_pressure,True
2023-09-10 04:00:00+00:00,2023-09-18 00:00:00+00:00,2023-09-17 20:00:00-04:00,189,66.0,72.10928976561152,boost_5y_no_dew_pressure,True
2023-09-10 04:00:00+00:00,2023-09-18 01:00:00+00:00,2023-09-17 21:00:00-04:00,190,66.0,70.8577193696527,boost_5y_no_dew_pressure,True
2023-09-10 04:00:00+00:00,2023-09-18 02:00:00+00:00,2023-09-17 22:00:00-04:00,191,66.0,69.72985618984649,boost_5y_no_dew_pressure,True
2023-09-10 04:00:00+00:00,2023-09-18 03:00:00+00:00,2023-09-17 23:00:00-04:00,192,65.0,68.7913812044697,boost_5y_no_dew_pressure,True
2023-09-10 04:00:00+00:00,2023-09-18 04:00:00+00:00,2023-09-18 00:00:00-04:00,193,65.0,68.07647844137541,boost_5y_no_dew_pressure,True
2023-09-10 04:00:00+00:00,2023-09-18 05:00:00+00:00,2023-09-18 01:00:00-04:00,194,65.0,67.44192447151129,boost_5y_no_dew_pressure,True
2023-09-10 04:00:00+00:00,2023-09-18 06:00:00+00:00,2023-09-18 02:00:00-04:00,195,65.0,66.88427471075724,boost_5y_no_dew_pressure,True
2023-09-10 04:00:00+00:00,2023-09-18 07:00:00+00:00,2023-09-18 03:00:00-04:00,196,65.0,66.29699736817389,boost_5y_no_dew_pressure,True
2023-09-10 04:00:00+00:00,2023-09-18 08:00:00+00:00,2023-09-18 04:00:00-04:00,197,64.0,65.76306178190552,boost_5y_no_dew_pressure,True
2023-09-10 04:00:00+00:00,2023-09-18 09:00:00+00:00,2023-09-18 05:00:00-04:00,198,64.0,65.2955262330971,boost_5y_no_dew_pressure,True
2023-09-10 04:00:00+00:00,2023-09-18 10:00:00+00:00,2023-09-18 06:00:00-04:00,199,63.0,65.091592907349,boost_5y_no_dew_pressure,True
2023-09-10 04:00:00+00:00,2023-09-18 11:00:00+00:00,2023-09-18 07:00:00-04:00,200,63.0,66.43484602333804,boost_5y_no_dew_pressure,True
2023-09-10 04:00:00+00:00,2023-09-18 12:00:00+00:00,2023-09-18 08:00:00-04:00,201,65.0,69.82810977680467,boost_5y_no_dew_pressure,True
2023-09-10 04:00:00+00:00,2023-09-18 13:00:00+00:00,2023-09-18 09:00:00-04:00,202,69.0,73.23708922493499,boost_5y_no_dew_pressure,True
2023-09-10 04:00:00+00:00,2023-09-18 14:00:00+00:00,2023-09-18 10:00:00-04:00,203,73.0,76.134968608658,boost_5y_no_dew_pressure,True
2023-09-10 04:00:00+00:00,2023-09-18 15:00:00+00:00,2023-09-18 11:00:00-04:00,204,76.0,78.56836769100217,boost_5y_no_dew_pressure,True
2023-09-10 04:00:00+00:00,2023-09-18 16:00:00+00:00,2023-09-18 12:00:00-04:00,205,76.0,80.18337806890787,boost_5y_no_dew_pressure,True
2023-09-10 04:00:00+00:00,2023-09-18 17:00:00+00:00,2023-09-18 13:00:00-04:00,206,78.0,81.1461791968592,boost_5y_no_dew_pressure,True
2023-09-10 04:00:00+00:00,2023-09-18 18:00:00+00:00,2023-09-18 14:00:00-04:00,207,80.0,81.76598626719836,boost_5y_no_dew_pressure,True
2023-09-10 04:00:00+00:00,2023-09-18 19:00:00+00:00,2023-09-18 15:00:00-04:00,208,81.0,81.53534025012267,boost_5y_no_dew_pressure,True
2023-09-10 04:00:00+00:00,2023-09-18 20:00:00+00:00,2023-09-18 16:00:00-04:00,209,81.0,81.1864035309363,boost_5y_no_dew_pressure,True
2023-09-10 04:00:00+00:00,2023-09-18 21:00:00+00:00,2023-09-18 17:00:00-04:00,210,79.0,79.93672681369225,boost_5y_no_dew_pressure,True
2023-09-10 04:00:00+00:00,2023-09-18 22:00:00+00:00,2023-09-18 18:00:00-04:00,211,76.0,77.18862922229108,boost_5y_no_dew_pressure,True
2023-09-10 04:00:00+00:00,2023-09-18 23:00:00+00:00,2023-09-18 19:00:00-04:00,212,69.0,73.85480247968867,boost_5y_no_dew_pressure,True
2023-09-10 04:00:00+00:00,2023-09-19 00:00:00+00:00,2023-09-18 20:00:00-04:00,213,66.0,72.07155812905444,boost_5y_no_dew_pressure,True
2023-09-10 04:00:00+00:00,2023-09-19 01:00:00+00:00,2023-09-18 21:00:00-04:00,214,64.0,70.88918975695951,boost_5y_no_dew_pressure,True
2023-09-10 04:00:00+00:00,2023-09-19 02:00:00+00:00,2023-09-18 22:00:00-04:00,215,63.0,69.74372663610968,boost_5y_no_dew_pressure,True
2023-09-10 04:00:00+00:00,2023-09-19 03:00:00+00:00,2023-09-18 23:00:00-04:00,216,62.0,68.80781020150518,boost_5y_no_dew_pressure,True
2023-09-10 04:00:00+00:00,2023-09-19 04:00:00+00:00,2023-09-19 00:00:00-04:00,217,60.0,67.76503459484364,boost_5y_no_dew_pressure,True
2023-09-10 04:00:00+00:00,2023-09-19 05:00:00+00:00,2023-09-19 01:00:00-04:00,218,59.0,67.11413143190495,boost_5y_no_dew_pressure,True
2023-09-10 04:00:00+00:00,2023-09-19 06:00:00+00:00,2023-09-19 02:00:00-04:00,219,59.0,66.53618139222493,boost_5y_no_dew_pressure,True
2023-09-10 04:00:00+00:00,2023-09-19 07:00:00+00:00,2023-09-19 03:00:00-04:00,220,57.0,65.92225706061754,boost_5y_no_dew_pressure,True
2023-09-10 04:00:00+00:00,2023-09-19 08:00:00+00:00,2023-09-19 04:00:00-04:00,221,56.0,65.40167421391371,boost_5y_no_dew_pressure,True
2023-09-10 04:00:00+00:00,2023-09-19 09:00:00+00:00,2023-09-19 05:00:00-04:00,222,55.0,64.90512339922601,boost_5y_no_dew_pressure,True
2023-09-10 04:00:00+00:00,2023-09-19 10:00:00+00:00,2023-09-19 06:00:00-04:00,223,55.0,64.67972188349893,boost_5y_no_dew_pressure,True
2023-09-10 04:00:00+00:00,2023-09-19 11:00:00+00:00,2023-09-19 07:00:00-04:00,224,57.0,66.03919084434648,boost_5y_no_dew_pressure,True
2023-09-10 04:00:00+00:00,2023-09-19 12:00:00+00:00,2023-09-19 08:00:00-04:00,225,65.0,69.49228434356935,boost_5y_no_dew_pressure,True
2023-09-10 04:00:00+00:00,2023-09-19 13:00:00+00:00,2023-09-19 09:00:00-04:00,226,70.0,72.96838207098865,boost_5y_no_dew_pressure,True
2023-09-10 04:00:00+00:00,2023-09-19 14:00:00+00:00,2023-09-19 10:00:00-04:00,227,75.0,75.75101301705739,boost_5y_no_dew_pressure,True
2023-09-10 04:00:00+00:00,2023-09-19 15:00:00+00:00,2023-09-19 11:00:00-04:00,228,77.0,78.17582508204237,boost_5y_no_dew_pressure,True
2023-09-10 04:00:00+00:00,2023-09-19 16:00:00+00:00,2023-09-19 12:00:00-04:00,229,81.0,79.77633546335214,boost_5y_no_dew_pressure,True
2023-09-10 04:00:00+00:00,2023-09-19 17:00:00+00:00,2023-09-19 13:00:00-04:00,230,80.0,80.88358771211853,boost_5y_no_dew_pressure,True
2023-09-10 04:00:00+00:00,2023-09-19 18:00:00+00:00,2023-09-19 14:00:00-04:00,231,81.0,81.45058600807778,boost_5y_no_dew_pressure,True
2023-09-10 04:00:00+00:00,2023-09-19 19:00:00+00:00,2023-09-19 15:00:00-04:00,232,79.0,81.16190439991298,boost_5y_no_dew_pressure,True
2023-09-10 04:00:00+00:00,2023-09-19 20:00:00+00:00,2023-09-19 16:00:00-04:00,233,81.0,80.91072394805117,boost_5y_no_dew_pressure,True
2023-09-10 04:00:00+00:00,2023-09-19 21:00:00+00:00,2023-09-19 17:00:00-04:00,234,81.0,79.5812690107784,boost_5y_no_dew_pressure,True
2023-09-10 04:00:00+00:00,2023-09-19 22:00:00+00:00,2023-09-19 18:00:00-04:00,235,77.0,76.86329717659514,boost_5y_no_dew_pressure,True
2023-09-10 04:00:00+00:00,2023-09-19 23:00:00+00:00,2023-09-19 19:00:00-04:00,236,69.0,73.61301178907722,boost_5y_no_dew_pressure,True
2023-09-10 04:00:00+00:00,2023-09-20 00:00:00+00:00,2023-09-19 20:00:00-04:00,237,68.0,71.60538036501156,boost_5y_no_dew_pressure,True
2023-09-10 04:00:00+00:00,2023-09-20 01:00:00+00:00,2023-09-19 21:00:00-04:00,238,65.0,70.44001853127307,boost_5y_no_dew_pressure,True
2023-09-10 04:00:00+00:00,2023-09-20 02:00:00+00:00,2023-09-19 22:00:00-04:00,239,65.0,69.26539760656948,boost_5y_no_dew_pressure,True
2023-09-10 04:00:00+00:00,2023-09-20 03:00:00+00:00,2023-09-19 23:00:00-04:00,240,66.0,68.28015140391562,boost_5y_no_dew_pressure,True
2023-09-10 04:00:00+00:00,2023-09-20 04:00:00+00:00,2023-09-20 00:00:00-04:00,241,67.0,67.23496010871949,boost_5y_no_dew_pressure,True
2023-09-10 04:00:00+00:00,2023-09-20 05:00:00+00:00,2023-09-20 01:00:00-04:00,242,63.0,66.65699054510634,boost_5y_no_dew_pressure,True
2023-09-10 04:00:00+00:00,2023-09-20 06:00:00+00:00,2023-09-20 02:00:00-04:00,243,65.0,65.99984832390614,boost_5y_no_dew_pressure,True
2023-09-10 04:00:00+00:00,2023-09-20 07:00:00+00:00,2023-09-20 03:00:00-04:00,244,63.0,65.38559755707304,boost_5y_no_dew_pressure,True
2023-09-10 04:00:00+00:00,2023-09-20 08:00:00+00:00,2023-09-20 04:00:00-04:00,245,64.0,64.86469277762646,boost_5y_no_dew_pressure,True
2023-09-10 04:00:00+00:00,2023-09-20 09:00:00+00:00,2023-09-20 05:00:00-04:00,246,62.0,64.34496021075746,boost_5y_no_dew_pressure,True
2023-09-10 04:00:00+00:00,2023-09-20 10:00:00+00:00,2023-09-20 06:00:00-04:00,247,62.0,64.10034504792658,boost_5y_no_dew_pressure,True
2023-09-10 04:00:00+00:00,2023-09-20 11:00:00+00:00,2023-09-20 07:00:00-04:00,248,63.0,65.4310456076952,boost_5y_no_dew_pressure,True
2023-09-10 04:00:00+00:00,2023-09-20 12:00:00+00:00,2023-09-20 08:00:00-04:00,249,70.0,68.89814285700334,boost_5y_no_dew_pressure,True
2023-09-10 04:00:00+00:00,2023-09-20 13:00:00+00:00,2023-09-20 09:00:00-04:00,250,74.0,72.2933392215582,boost_5y_no_dew_pressure,True
2023-09-10 04:00:00+00:00,2023-09-20 14:00:00+00:00,2023-09-20 10:00:00-04:00,251,78.0,75.05911257510964,boost_5y_no_dew_pressure,True
2023-09-10 04:00:00+00:00,2023-09-20 15:00:00+00:00,2023-09-20 11:00:00-04:00,252,81.0,77.40945547078898,boost_5y_no_dew_pressure,True
2023-09-10 04:00:00+00:00,2023-09-20 16:00:00+00:00,2023-09-20 12:00:00-04:00,253,83.0,78.98915458017552,boost_5y_no_dew_pressure,True
2023-09-10 04:00:00+00:00,2023-09-20 17:00:00+00:00,2023-09-20 13:00:00-04:00,254,83.0,80.1865121897095,boost_5y_no_dew_pressure,True
2023-09-10 04:00:00+00:00,2023-09-20 18:00:00+00:00,2023-09-20 14:00:00-04:00,255,84.0,80.84825183392793,boost_5y_no_dew_pressure,True
2023-09-10 04:00:00+00:00,2023-09-20 19:00:00+00:00,2023-09-20 15:00:00-04:00,256,81.0,80.54706233718188,boost_5y_no_dew_pressure,True
2023-09-10 04:00:00+00:00,2023-09-20 20:00:00+00:00,2023-09-20 16:00:00-04:00,257,83.0,80.32321821550744,boost_5y_no_dew_pressure,True
2023-09-10 04:00:00+00:00,2023-09-20 21:00:00+00:00,2023-09-20 17:00:00-04:00,258,82.0,79.04360216687756,boost_5y_no_dew_pressure,True
2023-09-10 04:00:00+00:00,2023-09-20 22:00:00+00:00,2023-09-20 18:00:00-04:00,259,79.0,76.42215072167224,boost_5y_no_dew_pressure,True
2023-09-10 04:00:00+00:00,2023-09-20 23:00:00+00:00,2023-09-20 19:00:00-04:00,260,74.0,73.22410771874884,boost_5y_no_dew_pressure,True
2023-09-10 04:00:00+00:00,2023-09-21 00:00:00+00:00,2023-09-20 20:00:00-04:00,261,67.0,71.09470639714124,boost_5y_no_dew_pressure,True
2023-09-10 04:00:00+00:00,2023-09-21 01:00:00+00:00,2023-09-20 21:00:00-04:00,262,69.0,69.85153831900043,boost_5y_no_dew_pressure,True
2023-09-10 04:00:00+00:00,2023-09-21 02:00:00+00:00,2023-09-20 22:00:00-04:00,263,64.0,68.7439768852065,boost_5y_no_dew_pressure,True
2023-09-10 04:00:00+00:00,2023-09-21 03:00:00+00:00,2023-09-20 23:00:00-04:00,264,65.0,67.77546838985519,boost_5y_no_dew_pressure,True
2023-09-10 04:00:00+00:00,2023-09-21 04:00:00+00:00,2023-09-21 00:00:00-04:00,265,67.0,66.72711259911918,boost_5y_no_dew_pressure,True
2023-09-10 04:00:00+00:00,2023-09-21 05:00:00+00:00,2023-09-21 01:00:00-04:00,266,67.0,66.0836977044779,boost_5y_no_dew_pressure,True
2023-09-10 04:00:00+00:00,2023-09-21 06:00:00+00:00,2023-09-21 02:00:00-04:00,267,64.0,65.48100510572515,boost_5y_no_dew_pressure,True
2023-09-10 04:00:00+00:00,2023-09-21 07:00:00+00:00,2023-09-21 03:00:00-04:00,268,65.0,64.78692228864556,boost_5y_no_dew_pressure,True
2023-09-10 04:00:00+00:00,2023-09-21 08:00:00+00:00,2023-09-21 04:00:00-04:00,269,64.0,64.31951647577445,boost_5y_no_dew_pressure,True
2023-09-10 04:00:00+00:00,2023-09-21 09:00:00+00:00,2023-09-21 05:00:00-04:00,270,64.0,63.720064121449354,boost_5y_no_dew_pressure,True
2023-09-10 04:00:00+00:00,2023-09-21 10:00:00+00:00,2023-09-21 06:00:00-04:00,271,62.0,63.470449077923966,boost_5y_no_dew_pressure,True
2023-09-10 04:00:00+00:00,2023-09-21 11:00:00+00:00,2023-09-21 07:00:00-04:00,272,65.0,64.82540352673517,boost_5y_no_dew_pressure,True
2023-09-10 04:00:00+00:00,2023-09-21 12:00:00+00:00,2023-09-21 08:00:00-04:00,273,68.0,68.46769058640234,boost_5y_no_dew_pressure,True
2023-09-10 04:00:00+00:00,2023-09-21 13:00:00+00:00,2023-09-21 09:00:00-04:00,274,71.0,71.99379364120263,boost_5y_no_dew_pressure,True
2023-09-10 04:00:00+00:00,2023-09-21 14:00:00+00:00,2023-09-21 10:00:00-04:00,275,75.0,74.93935584694678,boost_5y_no_dew_pressure,True
2023-09-10 04:00:00+00:00,2023-09-21 15:00:00+00:00,2023-09-21 11:00:00-04:00,276,76.0,77.25411360599388,boost_5y_no_dew_pressure,True
2023-09-10 04:00:00+00:00,2023-09-21 16:00:00+00:00,2023-09-21 12:00:00-04:00,277,81.0,78.87180851758458,boost_5y_no_dew_pressure,True
2023-09-10 04:00:00+00:00,2023-09-21 17:00:00+00:00,2023-09-21 13:00:00-04:00,278,82.0,80.05638488358002,boost_5y_no_dew_pressure,True
2023-09-10 04:00:00+00:00,2023-09-21 18:00:00+00:00,2023-09-21 14:00:00-04:00,279,80.0,80.72914715070522,boost_5y_no_dew_pressure,True
2023-09-10 04:00:00+00:00,2023-09-21 19:00:00+00:00,2023-09-21 15:00:00-04:00,280,82.0,80.46395246804319,boost_5y_no_dew_pressure,True
2023-09-10 04:00:00+00:00,2023-09-21 20:00:00+00:00,2023-09-21 16:00:00-04:00,281,82.0,80.17045808308764,boost_5y_no_dew_pressure,True
2023-09-10 04:00:00+00:00,2023-09-21 21:00:00+00:00,2023-09-21 17:00:00-04:00,282,79.0,78.84189465358956,boost_5y_no_dew_pressure,True
2023-09-10 04:00:00+00:00,2023-09-21 22:00:00+00:00,2023-09-21 18:00:00-04:00,283,78.0,76.16921493865549,boost_5y_no_dew_pressure,True
2023-09-10 04:00:00+00:00,2023-09-21 23:00:00+00:00,2023-09-21 19:00:00-04:00,284,73.0,72.96084038618429,boost_5y_no_dew_pressure,True
2023-09-10 04:00:00+00:00,2023-09-22 00:00:00+00:00,2023-09-21 20:00:00-04:00,285,71.0,70.86098416639382,boost_5y_no_dew_pressure,True
2023-09-10 04:00:00+00:00,2023-09-22 01:00:00+00:00,2023-09-21 21:00:00-04:00,286,70.0,69.56521209727298,boost_5y_no_dew_pressure,True
2023-09-10 04:00:00+00:00,2023-09-22 02:00:00+00:00,2023-09-21 22:00:00-04:00,287,69.0,68.52440458698345,boost_5y_no_dew_pressure,True
2023-09-10 04:00:00+00:00,2023-09-22 03:00:00+00:00,2023-09-21 23:00:00-04:00,288,68.0,67.53147723024689,boost_5y_no_dew_pressure,True
2023-09-10 04:00:00+00:00,2023-09-22 04:00:00+00:00,2023-09-22 00:00:00-04:00,289,67.0,66.55391880429693,boost_5y_no_dew_pressure,True
2023-09-10 04:00:00+00:00,2023-09-22 05:00:00+00:00,2023-09-22 01:00:00-04:00,290,65.0,65.7914175712742,boost_5y_no_dew_pressure,True
2023-09-10 04:00:00+00:00,2023-09-22 06:00:00+00:00,2023-09-22 02:00:00-04:00,291,65.0,65.18943463557069,boost_5y_no_dew_pressure,True
2023-09-10 04:00:00+00:00,2023-09-22 07:00:00+00:00,2023-09-22 03:00:00-04:00,292,64.0,64.53551140863517,boost_5y_no_dew_pressure,True
2023-09-10 04:00:00+00:00,2023-09-22 08:00:00+00:00,2023-09-22 04:00:00-04:00,293,64.0,64.06826298469991,boost_5y_no_dew_pressure,True
2023-09-10 04:00:00+00:00,2023-09-22 09:00:00+00:00,2023-09-22 05:00:00-04:00,294,63.0,63.39066407882471,boost_5y_no_dew_pressure,True
2023-09-10 04:00:00+00:00,2023-09-22 10:00:00+00:00,2023-09-22 06:00:00-04:00,295,63.0,63.101140213193254,boost_5y_no_dew_pressure,True
2023-09-10 04:00:00+00:00,2023-09-22 11:00:00+00:00,2023-09-22 07:00:00-04:00,296,64.0,64.48809882326054,boost_5y_no_dew_pressure,True
2023-09-10 04:00:00+00:00,2023-09-22 12:00:00+00:00,2023-09-22 08:00:00-04:00,297,65.0,68.16221350315087,boost_5y_no_dew_pressure,True
2023-09-10 04:00:00+00:00,2023-09-22 13:00:00+00:00,2023-09-22 09:00:00-04:00,298,66.0,71.71528239644704,boost_5y_no_dew_pressure,True
2023-09-10 04:00:00+00:00,2023-09-22 14:00:00+00:00,2023-09-22 10:00:00-04:00,299,67.0,74.78940657845656,boost_5y_no_dew_pressure,True
2023-09-10 04:00:00+00:00,2023-09-22 15:00:00+00:00,2023-09-22 11:00:00-04:00,300,68.0,77.08475785029152,boost_5y_no_dew_pressure,True
2023-09-10 04:00:00+00:00,2023-09-22 16:00:00+00:00,2023-09-22 12:00:00-04:00,301,69.0,78.75454972434311,boost_5y_no_dew_pressure,True
2023-09-10 04:00:00+00:00,2023-09-22 17:00:00+00:00,2023-09-22 13:00:00-04:00,302,68.0,79.97971862513035,boost_5y_no_dew_pressure,True
2023-09-10 04:00:00+00:00,2023-09-22 18:00:00+00:00,2023-09-22 14:00:00-04:00,303,69.0,80.61453256290797,boost_5y_no_dew_pressure,True
2023-09-10 04:00:00+00:00,2023-09-22 19:00:00+00:00,2023-09-22 15:00:00-04:00,304,69.0,80.39270020139497,boost_5y_no_dew_pressure,True
2023-09-10 04:00:00+00:00,2023-09-22 20:00:00+00:00,2023-09-22 16:00:00-04:00,305,69.0,80.00307857299768,boost_5y_no_dew_pressure,True
2023-09-10 04:00:00+00:00,2023-09-22 21:00:00+00:00,2023-09-22 17:00:00-04:00,306,68.0,78.60151911470909,boost_5y_no_dew_pressure,True
2023-09-10 04:00:00+00:00,2023-09-22 22:00:00+00:00,2023-09-22 18:00:00-04:00,307,66.0,75.9075155254991,boost_5y_no_dew_pressure,True
2023-09-10 04:00:00+00:00,2023-09-22 23:00:00+00:00,2023-09-22 19:00:00-04:00,308,65.0,72.72243751765146,boost_5y_no_dew_pressure,True
2023-09-10 04:00:00+00:00,2023-09-23 00:00:00+00:00,2023-09-22 20:00:00-04:00,309,65.0,70.72032172492229,boost_5y_no_dew_pressure,True
2023-09-10 04:00:00+00:00,2023-09-23 01:00:00+00:00,2023-09-22 21:00:00-04:00,310,64.0,69.43985482218481,boost_5y_no_dew_pressure,True
2023-09-10 04:00:00+00:00,2023-09-23 02:00:00+00:00,2023-09-22 22:00:00-04:00,311,64.0,68.38597177594188,boost_5y_no_dew_pressure,True
2023-09-10 04:00:00+00:00,2023-09-23 03:00:00+00:00,2023-09-22 23:00:00-04:00,312,63.0,67.46151429045285,boost_5y_no_dew_pressure,True
2023-09-10 04:00:00+00:00,2023-09-23 04:00:00+00:00,2023-09-23 00:00:00-04:00,313,62.0,66.352798992639,boost_5y_no_dew_pressure,True
2023-09-10 04:00:00+00:00,2023-09-23 05:00:00+00:00,2023-09-23 01:00:00-04:00,314,62.0,65.56619376704303,boost_5y_no_dew_pressure,True
2023-09-10 04:00:00+00:00,2023-09-23 06:00:00+00:00,2023-09-23 02:00:00-04:00,315,61.0,64.96660101715383,boost_5y_no_dew_pressure,True
2023-09-10 04:00:00+00:00,2023-09-23 07:00:00+00:00,2023-09-23 03:00:00-04:00,316,60.0,64.22131454430884,boost_5y_no_dew_pressure,True
2023-09-10 04:00:00+00:00,2023-09-23 08:00:00+00:00,2023-09-23 04:00:00-04:00,317,60.0,63.76934236794494,boost_5y_no_dew_pressure,True
2023-09-10 04:00:00+00:00,2023-09-23 09:00:00+00:00,2023-09-23 05:00:00-04:00,318,59.0,63.06428897004081,boost_5y_no_dew_pressure,True
2023-09-10 04:00:00+00:00,2023-09-23 10:00:00+00:00,2023-09-23 06:00:00-04:00,319,60.0,62.75681630485891,boost_5y_no_dew_pressure,True
2023-09-10 04:00:00+00:00,2023-09-23 11:00:00+00:00,2023-09-23 07:00:00-04:00,320,60.0,64.05288414672968,boost_5y_no_dew_pressure,True
2023-09-10 04:00:00+00:00,2023-09-23 12:00:00+00:00,2023-09-23 08:00:00-04:00,321,60.0,67.60443861113542,boost_5y_no_dew_pressure,True
2023-09-10 04:00:00+00:00,2023-09-23 13:00:00+00:00,2023-09-23 09:00:00-04:00,322,60.0,71.03047585755081,boost_5y_no_dew_pressure,True
2023-09-10 04:00:00+00:00,2023-09-23 14:00:00+00:00,2023-09-23 10:00:00-04:00,323,60.0,74.11009019923101,boost_5y_no_dew_pressure,True
2023-09-10 04:00:00+00:00,2023-09-23 15:00:00+00:00,2023-09-23 11:00:00-04:00,324,60.0,76.3972069006235,boost_5y_no_dew_pressure,True
2023-09-10 04:00:00+00:00,2023-09-23 16:00:00+00:00,2023-09-23 12:00:00-04:00,325,60.0,78.09123553516358,boost_5y_no_dew_pressure,True
2023-09-10 04:00:00+00:00,2023-09-23 17:00:00+00:00,2023-09-23 13:00:00-04:00,326,61.0,79.41131962300636,boost_5y_no_dew_pressure,True
2023-09-10 04:00:00+00:00,2023-09-23 18:00:00+00:00,2023-09-23 14:00:00-04:00,327,62.0,80.04217420254635,boost_5y_no_dew_pressure,True
2023-09-10 04:00:00+00:00,2023-09-23 19:00:00+00:00,2023-09-23 15:00:00-04:00,328,62.0,79.84200519248778,boost_5y_no_dew_pressure,True
2023-09-10 04:00:00+00:00,2023-09-23 20:00:00+00:00,2023-09-23 16:00:00-04:00,329,63.0,79.53752097621722,boost_5y_no_dew_pressure,True
2023-09-10 04:00:00+00:00,2023-09-23 21:00:00+00:00,2023-09-23 17:00:00-04:00,330,63.0,78.12797330490054,boost_5y_no_dew_pressure,True
2023-09-10 04:00:00+00:00,2023-09-23 22:00:00+00:00,2023-09-23 18:00:00-04:00,331,63.0,75.32812942413928,boost_5y_no_dew_pressure,True
2023-09-10 04:00:00+00:00,2023-09-23 23:00:00+00:00,2023-09-23 19:00:00-04:00,332,62.0,71.9966737642162,boost_5y_no_dew_pressure,True
2023-09-10 04:00:00+00:00,2023-09-24 00:00:00+00:00,2023-09-23 20:00:00-04:00,333,62.0,70.00509398028692,boost_5y_no_dew_pressure,True
2023-09-10 04:00:00+00:00,2023-09-24 01:00:00+00:00,2023-09-23 21:00:00-04:00,334,62.0,68.83167461844448,boost_5y_no_dew_pressure,True
2023-09-10 04:00:00+00:00,2023-09-24 02:00:00+00:00,2023-09-23 22:00:00-04:00,335,63.0,67.89955954678749,boost_5y_no_dew_pressure,True
2023-09-10 04:00:00+00:00,2023-09-24 03:00:00+00:00,2023-09-23 23:00:00-04:00,336,63.0,66.97913313323527,boost_5y_no_dew_pressure,True
2023-09-17 04:00:00+00:00,2023-09-17 04:00:00+00:00,2023-09-17 00:00:00-04:00,1,69.0,69.9756915601891,boost_5y_no_dew_pressure,True
2023-09-17 04:00:00+00:00,2023-09-17 05:00:00+00:00,2023-09-17 01:00:00-04:00,2,68.0,69.45277883697705,boost_5y_no_dew_pressure,True
2023-09-17 04:00:00+00:00,2023-09-17 06:00:00+00:00,2023-09-17 02:00:00-04:00,3,68.0,68.76933374159132,boost_5y_no_dew_pressure,True
2023-09-17 04:00:00+00:00,2023-09-17 07:00:00+00:00,2023-09-17 03:00:00-04:00,4,64.0,68.16395199848955,boost_5y_no_dew_pressure,True
2023-09-17 04:00:00+00:00,2023-09-17 08:00:00+00:00,2023-09-17 04:00:00-04:00,5,63.0,67.70591710639052,boost_5y_no_dew_pressure,True
2023-09-17 04:00:00+00:00,2023-09-17 09:00:00+00:00,2023-09-17 05:00:00-04:00,6,63.0,67.41455653041986,boost_5y_no_dew_pressure,True
2023-09-17 04:00:00+00:00,2023-09-17 10:00:00+00:00,2023-09-17 06:00:00-04:00,7,67.0,67.15467310929117,boost_5y_no_dew_pressure,True
2023-09-17 04:00:00+00:00,2023-09-17 11:00:00+00:00,2023-09-17 07:00:00-04:00,8,68.0,68.51792237461345,boost_5y_no_dew_pressure,True
2023-09-17 04:00:00+00:00,2023-09-17 12:00:00+00:00,2023-09-17 08:00:00-04:00,9,70.0,71.52532216646243,boost_5y_no_dew_pressure,True
2023-09-17 04:00:00+00:00,2023-09-17 13:00:00+00:00,2023-09-17 09:00:00-04:00,10,73.0,74.97705035120109,boost_5y_no_dew_pressure,True
2023-09-17 04:00:00+00:00,2023-09-17 14:00:00+00:00,2023-09-17 10:00:00-04:00,11,77.0,77.52866889595933,boost_5y_no_dew_pressure,True
2023-09-17 04:00:00+00:00,2023-09-17 15:00:00+00:00,2023-09-17 11:00:00-04:00,12,77.0,80.47914260895774,boost_5y_no_dew_pressure,True
2023-09-17 04:00:00+00:00,2023-09-17 16:00:00+00:00,2023-09-17 12:00:00-04:00,13,75.0,81.91269127629936,boost_5y_no_dew_pressure,True
2023-09-17 04:00:00+00:00,2023-09-17 17:00:00+00:00,2023-09-17 13:00:00-04:00,14,75.0,82.99339387287353,boost_5y_no_dew_pressure,True
2023-09-17 04:00:00+00:00,2023-09-17 18:00:00+00:00,2023-09-17 14:00:00-04:00,15,73.0,83.53250594695866,boost_5y_no_dew_pressure,True
2023-09-17 04:00:00+00:00,2023-09-17 19:00:00+00:00,2023-09-17 15:00:00-04:00,16,70.0,83.55866143866525,boost_5y_no_dew_pressure,True
2023-09-17 04:00:00+00:00,2023-09-17 20:00:00+00:00,2023-09-17 16:00:00-04:00,17,70.0,83.07874491575689,boost_5y_no_dew_pressure,True
2023-09-17 04:00:00+00:00,2023-09-17 21:00:00+00:00,2023-09-17 17:00:00-04:00,18,69.0,81.65342085400277,boost_5y_no_dew_pressure,True
2023-09-17 04:00:00+00:00,2023-09-17 22:00:00+00:00,2023-09-17 18:00:00-04:00,19,69.0,78.5135805818802,boost_5y_no_dew_pressure,True
2023-09-17 04:00:00+00:00,2023-09-17 23:00:00+00:00,2023-09-17 19:00:00-04:00,20,66.0,74.67378468467513,boost_5y_no_dew_pressure,True
2023-09-17 04:00:00+00:00,2023-09-18 00:00:00+00:00,2023-09-17 20:00:00-04:00,21,66.0,72.75141946879104,boost_5y_no_dew_pressure,True
2023-09-17 04:00:00+00:00,2023-09-18 01:00:00+00:00,2023-09-17 21:00:00-04:00,22,66.0,71.53367678079651,boost_5y_no_dew_pressure,True
2023-09-17 04:00:00+00:00,2023-09-18 02:00:00+00:00,2023-09-17 22:00:00-04:00,23,66.0,70.64786902092419,boost_5y_no_dew_pressure,True
2023-09-17 04:00:00+00:00,2023-09-18 03:00:00+00:00,2023-09-17 23:00:00-04:00,24,65.0,69.70294868600033,boost_5y_no_dew_pressure,True
2023-09-17 04:00:00+00:00,2023-09-18 04:00:00+00:00,2023-09-18 00:00:00-04:00,25,65.0,70.40153769125232,boost_5y_no_dew_pressure,True
2023-09-17 04:00:00+00:00,2023-09-18 05:00:00+00:00,2023-09-18 01:00:00-04:00,26,65.0,69.77006859767751,boost_5y_no_dew_pressure,True
2023-09-17 04:00:00+00:00,2023-09-18 06:00:00+00:00,2023-09-18 02:00:00-04:00,27,65.0,69.17272025455134,boost_5y_no_dew_pressure,True
2023-09-17 04:00:00+00:00,2023-09-18 07:00:00+00:00,2023-09-18 03:00:00-04:00,28,65.0,68.57226222492682,boost_5y_no_dew_pressure,True
2023-09-17 04:00:00+00:00,2023-09-18 08:00:00+00:00,2023-09-18 04:00:00-04:00,29,64.0,68.0585441344305,boost_5y_no_dew_pressure,True
2023-09-17 04:00:00+00:00,2023-09-18 09:00:00+00:00,2023-09-18 05:00:00-04:00,30,64.0,67.61201319382096,boost_5y_no_dew_pressure,True
2023-09-17 04:00:00+00:00,2023-09-18 10:00:00+00:00,2023-09-18 06:00:00-04:00,31,63.0,67.37583074742297,boost_5y_no_dew_pressure,True
2023-09-17 04:00:00+00:00,2023-09-18 11:00:00+00:00,2023-09-18 07:00:00-04:00,32,63.0,68.70273907162999,boost_5y_no_dew_pressure,True
2023-09-17 04:00:00+00:00,2023-09-18 12:00:00+00:00,2023-09-18 08:00:00-04:00,33,65.0,72.26478918886988,boost_5y_no_dew_pressure,True
2023-09-17 04:00:00+00:00,2023-09-18 13:00:00+00:00,2023-09-18 09:00:00-04:00,34,69.0,75.41360344292195,boost_5y_no_dew_pressure,True
2023-09-17 04:00:00+00:00,2023-09-18 14:00:00+00:00,2023-09-18 10:00:00-04:00,35,73.0,78.37743934446648,boost_5y_no_dew_pressure,True
2023-09-17 04:00:00+00:00,2023-09-18 15:00:00+00:00,2023-09-18 11:00:00-04:00,36,76.0,81.12093449215489,boost_5y_no_dew_pressure,True
2023-09-17 04:00:00+00:00,2023-09-18 16:00:00+00:00,2023-09-18 12:00:00-04:00,37,76.0,82.6895937100359,boost_5y_no_dew_pressure,True
2023-09-17 04:00:00+00:00,2023-09-18 17:00:00+00:00,2023-09-18 13:00:00-04:00,38,78.0,83.57643667762018,boost_5y_no_dew_pressure,True
2023-09-17 04:00:00+00:00,2023-09-18 18:00:00+00:00,2023-09-18 14:00:00-04:00,39,80.0,84.20341124818914,boost_5y_no_dew_pressure,True
2023-09-17 04:00:00+00:00,2023-09-18 19:00:00+00:00,2023-09-18 15:00:00-04:00,40,81.0,84.03808029062233,boost_5y_no_dew_pressure,True
2023-09-17 04:00:00+00:00,2023-09-18 20:00:00+00:00,2023-09-18 16:00:00-04:00,41,81.0,83.6425406457143,boost_5y_no_dew_pressure,True
2023-09-17 04:00:00+00:00,2023-09-18 21:00:00+00:00,2023-09-18 17:00:00-04:00,42,79.0,82.23836733716038,boost_5y_no_dew_pressure,True
2023-09-17 04:00:00+00:00,2023-09-18 22:00:00+00:00,2023-09-18 18:00:00-04:00,43,76.0,79.15115029418004,boost_5y_no_dew_pressure,True
2023-09-17 04:00:00+00:00,2023-09-18 23:00:00+00:00,2023-09-18 19:00:00-04:00,44,69.0,75.5959180927275,boost_5y_no_dew_pressure,True
2023-09-17 04:00:00+00:00,2023-09-19 00:00:00+00:00,2023-09-18 20:00:00-04:00,45,66.0,73.64550563407614,boost_5y_no_dew_pressure,True
2023-09-17 04:00:00+00:00,2023-09-19 01:00:00+00:00,2023-09-18 21:00:00-04:00,46,64.0,72.33300535272295,boost_5y_no_dew_pressure,True
2023-09-17 04:00:00+00:00,2023-09-19 02:00:00+00:00,2023-09-18 22:00:00-04:00,47,63.0,71.20928707388494,boost_5y_no_dew_pressure,True
2023-09-17 04:00:00+00:00,2023-09-19 03:00:00+00:00,2023-09-18 23:00:00-04:00,48,62.0,70.15067590070096,boost_5y_no_dew_pressure,True
2023-09-17 04:00:00+00:00,2023-09-19 04:00:00+00:00,2023-09-19 00:00:00-04:00,49,60.0,69.06426500125026,boost_5y_no_dew_pressure,True
2023-09-17 04:00:00+00:00,2023-09-19 05:00:00+00:00,2023-09-19 01:00:00-04:00,50,59.0,68.39922936089125,boost_5y_no_dew_pressure,True
2023-09-17 04:00:00+00:00,2023-09-19 06:00:00+00:00,2023-09-19 02:00:00-04:00,51,59.0,67.80581453067155,boost_5y_no_dew_pressure,True
2023-09-17 04:00:00+00:00,2023-09-19 07:00:00+00:00,2023-09-19 03:00:00-04:00,52,57.0,67.22580020834229,boost_5y_no_dew_pressure,True
2023-09-17 04:00:00+00:00,2023-09-19 08:00:00+00:00,2023-09-19 04:00:00-04:00,53,56.0,66.69372594322485,boost_5y_no_dew_pressure,True
2023-09-17 04:00:00+00:00,2023-09-19 09:00:00+00:00,2023-09-19 05:00:00-04:00,54,55.0,66.18025917372469,boost_5y_no_dew_pressure,True
2023-09-17 04:00:00+00:00,2023-09-19 10:00:00+00:00,2023-09-19 06:00:00-04:00,55,55.0,65.91030510602124,boost_5y_no_dew_pressure,True
2023-09-17 04:00:00+00:00,2023-09-19 11:00:00+00:00,2023-09-19 07:00:00-04:00,56,57.0,67.39933988004282,boost_5y_no_dew_pressure,True
2023-09-17 04:00:00+00:00,2023-09-19 12:00:00+00:00,2023-09-19 08:00:00-04:00,57,65.0,70.93075056916744,boost_5y_no_dew_pressure,True
2023-09-17 04:00:00+00:00,2023-09-19 13:00:00+00:00,2023-09-19 09:00:00-04:00,58,70.0,74.57613569460446,boost_5y_no_dew_pressure,True
2023-09-17 04:00:00+00:00,2023-09-19 14:00:00+00:00,2023-09-19 10:00:00-04:00,59,75.0,77.63987071422723,boost_5y_no_dew_pressure,True
2023-09-17 04:00:00+00:00,2023-09-19 15:00:00+00:00,2023-09-19 11:00:00-04:00,60,77.0,80.1994239196373,boost_5y_no_dew_pressure,True
2023-09-17 04:00:00+00:00,2023-09-19 16:00:00+00:00,2023-09-19 12:00:00-04:00,61,81.0,81.84922440232198,boost_5y_no_dew_pressure,True
2023-09-17 04:00:00+00:00,2023-09-19 17:00:00+00:00,2023-09-19 13:00:00-04:00,62,80.0,82.89013336137842,boost_5y_no_dew_pressure,True
2023-09-17 04:00:00+00:00,2023-09-19 18:00:00+00:00,2023-09-19 14:00:00-04:00,63,81.0,83.57409299403938,boost_5y_no_dew_pressure,True
2023-09-17 04:00:00+00:00,2023-09-19 19:00:00+00:00,2023-09-19 15:00:00-04:00,64,79.0,83.33962799317726,boost_5y_no_dew_pressure,True
2023-09-17 04:00:00+00:00,2023-09-19 20:00:00+00:00,2023-09-19 16:00:00-04:00,65,81.0,83.00367505713511,boost_5y_no_dew_pressure,True
2023-09-17 04:00:00+00:00,2023-09-19 21:00:00+00:00,2023-09-19 17:00:00-04:00,66,81.0,81.54641971440645,boost_5y_no_dew_pressure,True
2023-09-17 04:00:00+00:00,2023-09-19 22:00:00+00:00,2023-09-19 18:00:00-04:00,67,77.0,78.52809438251563,boost_5y_no_dew_pressure,True
2023-09-17 04:00:00+00:00,2023-09-19 23:00:00+00:00,2023-09-19 19:00:00-04:00,68,69.0,75.01301727030722,boost_5y_no_dew_pressure,True
2023-09-17 04:00:00+00:00,2023-09-20 00:00:00+00:00,2023-09-19 20:00:00-04:00,69,68.0,72.84520587540163,boost_5y_no_dew_pressure,True
2023-09-17 04:00:00+00:00,2023-09-20 01:00:00+00:00,2023-09-19 21:00:00-04:00,70,65.0,71.58660013481034,boost_5y_no_dew_pressure,True
2023-09-17 04:00:00+00:00,2023-09-20 02:00:00+00:00,2023-09-19 22:00:00-04:00,71,65.0,70.25344501034876,boost_5y_no_dew_pressure,True
2023-09-17 04:00:00+00:00,2023-09-20 03:00:00+00:00,2023-09-19 23:00:00-04:00,72,66.0,69.14584826786042,boost_5y_no_dew_pressure,True
2023-09-17 04:00:00+00:00,2023-09-20 04:00:00+00:00,2023-09-20 00:00:00-04:00,73,67.0,68.04209438642357,boost_5y_no_dew_pressure,True
2023-09-17 04:00:00+00:00,2023-09-20 05:00:00+00:00,2023-09-20 01:00:00-04:00,74,63.0,67.44898740730962,boost_5y_no_dew_pressure,True
2023-09-17 04:00:00+00:00,2023-09-20 06:00:00+00:00,2023-09-20 02:00:00-04:00,75,65.0,66.76693557204615,boost_5y_no_dew_pressure,True
2023-09-17 04:00:00+00:00,2023-09-20 07:00:00+00:00,2023-09-20 03:00:00-04:00,76,63.0,66.16823039070796,boost_5y_no_dew_pressure,True
2023-09-17 04:00:00+00:00,2023-09-20 08:00:00+00:00,2023-09-20 04:00:00-04:00,77,64.0,65.60860062932387,boost_5y_no_dew_pressure,True
2023-09-17 04:00:00+00:00,2023-09-20 09:00:00+00:00,2023-09-20 05:00:00-04:00,78,62.0,65.074362131034,boost_5y_no_dew_pressure,True
2023-09-17 04:00:00+00:00,2023-09-20 10:00:00+00:00,2023-09-20 06:00:00-04:00,79,62.0,64.76608604357072,boost_5y_no_dew_pressure,True
2023-09-17 04:00:00+00:00,2023-09-20 11:00:00+00:00,2023-09-20 07:00:00-04:00,80,63.0,66.12621417440174,boost_5y_no_dew_pressure,True
2023-09-17 04:00:00+00:00,2023-09-20 12:00:00+00:00,2023-09-20 08:00:00-04:00,81,70.0,69.67363679761284,boost_5y_no_dew_pressure,True
2023-09-17 04:00:00+00:00,2023-09-20 13:00:00+00:00,2023-09-20 09:00:00-04:00,82,74.0,73.04038770180297,boost_5y_no_dew_pressure,True
2023-09-17 04:00:00+00:00,2023-09-20 14:00:00+00:00,2023-09-20 10:00:00-04:00,83,78.0,76.08803093661761,boost_5y_no_dew_pressure,True
2023-09-17 04:00:00+00:00,2023-09-20 15:00:00+00:00,2023-09-20 11:00:00-04:00,84,81.0,78.49489086181296,boost_5y_no_dew_pressure,True
2023-09-17 04:00:00+00:00,2023-09-20 16:00:00+00:00,2023-09-20 12:00:00-04:00,85,83.0,80.24320964990804,boost_5y_no_dew_pressure,True
2023-09-17 04:00:00+00:00,2023-09-20 17:00:00+00:00,2023-09-20 13:00:00-04:00,86,83.0,81.48847985669366,boost_5y_no_dew_pressure,True
2023-09-17 04:00:00+00:00,2023-09-20 18:00:00+00:00,2023-09-20 14:00:00-04:00,87,84.0,82.09897383870239,boost_5y_no_dew_pressure,True
2023-09-17 04:00:00+00:00,2023-09-20 19:00:00+00:00,2023-09-20 15:00:00-04:00,88,81.0,81.89532174133834,boost_5y_no_dew_pressure,True
2023-09-17 04:00:00+00:00,2023-09-20 20:00:00+00:00,2023-09-20 16:00:00-04:00,89,83.0,81.60934529147319,boost_5y_no_dew_pressure,True
2023-09-17 04:00:00+00:00,2023-09-20 21:00:00+00:00,2023-09-20 17:00:00-04:00,90,82.0,80.2328380847199,boost_5y_no_dew_pressure,True
2023-09-17 04:00:00+00:00,2023-09-20 22:00:00+00:00,2023-09-20 18:00:00-04:00,91,79.0,77.33199205827651,boost_5y_no_dew_pressure,True
2023-09-17 04:00:00+00:00,2023-09-20 23:00:00+00:00,2023-09-20 19:00:00-04:00,92,74.0,74.01477149267947,boost_5y_no_dew_pressure,True
2023-09-17 04:00:00+00:00,2023-09-21 00:00:00+00:00,2023-09-20 20:00:00-04:00,93,67.0,71.72261391905015,boost_5y_no_dew_pressure,True
2023-09-17 04:00:00+00:00,2023-09-21 01:00:00+00:00,2023-09-20 21:00:00-04:00,94,69.0,70.42057080106136,boost_5y_no_dew_pressure,True
2023-09-17 04:00:00+00:00,2023-09-21 02:00:00+00:00,2023-09-20 22:00:00-04:00,95,64.0,69.1676646491851,boost_5y_no_dew_pressure,True
2023-09-17 04:00:00+00:00,2023-09-21 03:00:00+00:00,2023-09-20 23:00:00-04:00,96,65.0,68.10345621439473,boost_5y_no_dew_pressure,True
2023-09-17 04:00:00+00:00,2023-09-21 04:00:00+00:00,2023-09-21 00:00:00-04:00,97,67.0,66.89830609934695,boost_5y_no_dew_pressure,True
2023-09-17 04:00:00+00:00,2023-09-21 05:00:00+00:00,2023-09-21 01:00:00-04:00,98,67.0,66.22495590753927,boost_5y_no_dew_pressure,True
2023-09-17 04:00:00+00:00,2023-09-21 06:00:00+00:00,2023-09-21 02:00:00-04:00,99,64.0,65.60125387638598,boost_5y_no_dew_pressure,True
2023-09-17 04:00:00+00:00,2023-09-21 07:00:00+00:00,2023-09-21 03:00:00-04:00,100,65.0,64.92277574247021,boost_5y_no_dew_pressure,True
2023-09-17 04:00:00+00:00,2023-09-21 08:00:00+00:00,2023-09-21 04:00:00-04:00,101,64.0,64.4340685208752,boost_5y_no_dew_pressure,True
2023-09-17 04:00:00+00:00,2023-09-21 09:00:00+00:00,2023-09-21 05:00:00-04:00,102,64.0,63.82327430088934,boost_5y_no_dew_pressure,True
2023-09-17 04:00:00+00:00,2023-09-21 10:00:00+00:00,2023-09-21 06:00:00-04:00,103,62.0,63.54532061937778,boost_5y_no_dew_pressure,True
2023-09-17 04:00:00+00:00,2023-09-21 11:00:00+00:00,2023-09-21 07:00:00-04:00,104,65.0,64.89459162903252,boost_5y_no_dew_pressure,True
2023-09-17 04:00:00+00:00,2023-09-21 12:00:00+00:00,2023-09-21 08:00:00-04:00,105,68.0,68.65798942222904,boost_5y_no_dew_pressure,True
2023-09-17 04:00:00+00:00,2023-09-21 13:00:00+00:00,2023-09-21 09:00:00-04:00,106,71.0,72.2200645410943,boost_5y_no_dew_pressure,True
2023-09-17 04:00:00+00:00,2023-09-21 14:00:00+00:00,2023-09-21 10:00:00-04:00,107,75.0,75.3550750865917,boost_5y_no_dew_pressure,True
2023-09-17 04:00:00+00:00,2023-09-21 15:00:00+00:00,2023-09-21 11:00:00-04:00,108,76.0,77.74450516350853,boost_5y_no_dew_pressure,True
2023-09-17 04:00:00+00:00,2023-09-21 16:00:00+00:00,2023-09-21 12:00:00-04:00,109,81.0,79.53684636635761,boost_5y_no_dew_pressure,True
2023-09-17 04:00:00+00:00,2023-09-21 17:00:00+00:00,2023-09-21 13:00:00-04:00,110,82.0,80.75484914326191,boost_5y_no_dew_pressure,True
2023-09-17 04:00:00+00:00,2023-09-21 18:00:00+00:00,2023-09-21 14:00:00-04:00,111,80.0,81.40319488702117,boost_5y_no_dew_pressure,True
2023-09-17 04:00:00+00:00,2023-09-21 19:00:00+00:00,2023-09-21 15:00:00-04:00,112,82.0,81.19222814772735,boost_5y_no_dew_pressure,True
2023-09-17 04:00:00+00:00,2023-09-21 20:00:00+00:00,2023-09-21 16:00:00-04:00,113,82.0,80.89625275480066,boost_5y_no_dew_pressure,True
2023-09-17 04:00:00+00:00,2023-09-21 21:00:00+00:00,2023-09-21 17:00:00-04:00,114,79.0,79.50207283480518,boost_5y_no_dew_pressure,True
2023-09-17 04:00:00+00:00,2023-09-21 22:00:00+00:00,2023-09-21 18:00:00-04:00,115,78.0,76.63409328488524,boost_5y_no_dew_pressure,True
2023-09-17 04:00:00+00:00,2023-09-21 23:00:00+00:00,2023-09-21 19:00:00-04:00,116,73.0,73.30771309628192,boost_5y_no_dew_pressure,True
2023-09-17 04:00:00+00:00,2023-09-22 00:00:00+00:00,2023-09-21 20:00:00-04:00,117,71.0,71.07441141237081,boost_5y_no_dew_pressure,True
2023-09-17 04:00:00+00:00,2023-09-22 01:00:00+00:00,2023-09-21 21:00:00-04:00,118,70.0,69.83388347567163,boost_5y_no_dew_pressure,True
2023-09-17 04:00:00+00:00,2023-09-22 02:00:00+00:00,2023-09-21 22:00:00-04:00,119,69.0,68.65346220755113,boost_5y_no_dew_pressure,True
2023-09-17 04:00:00+00:00,2023-09-22 03:00:00+00:00,2023-09-21 23:00:00-04:00,120,68.0,67.60857863181182,boost_5y_no_dew_pressure,True
2023-09-17 04:00:00+00:00,2023-09-22 04:00:00+00:00,2023-09-22 00:00:00-04:00,121,67.0,66.69669640179595,boost_5y_no_dew_pressure,True
2023-09-17 04:00:00+00:00,2023-09-22 05:00:00+00:00,2023-09-22 01:00:00-04:00,122,65.0,65.90413283380528,boost_5y_no_dew_pressure,True
2023-09-17 04:00:00+00:00,2023-09-22 06:00:00+00:00,2023-09-22 02:00:00-04:00,123,65.0,65.27849775678683,boost_5y_no_dew_pressure,True
2023-09-17 04:00:00+00:00,2023-09-22 07:00:00+00:00,2023-09-22 03:00:00-04:00,124,64.0,64.6213977121003,boost_5y_no_dew_pressure,True
2023-09-17 04:00:00+00:00,2023-09-22 08:00:00+00:00,2023-09-22 04:00:00-04:00,125,64.0,64.14942390388335,boost_5y_no_dew_pressure,True
2023-09-17 04:00:00+00:00,2023-09-22 09:00:00+00:00,2023-09-22 05:00:00-04:00,126,63.0,63.453456455236406,boost_5y_no_dew_pressure,True
2023-09-17 04:00:00+00:00,2023-09-22 10:00:00+00:00,2023-09-22 06:00:00-04:00,127,63.0,63.1404980558164,boost_5y_no_dew_pressure,True
2023-09-17 04:00:00+00:00,2023-09-22 11:00:00+00:00,2023-09-22 07:00:00-04:00,128,64.0,64.5389984167603,boost_5y_no_dew_pressure,True
2023-09-17 04:00:00+00:00,2023-09-22 12:00:00+00:00,2023-09-22 08:00:00-04:00,129,65.0,68.36794939757023,boost_5y_no_dew_pressure,True
2023-09-17 04:00:00+00:00,2023-09-22 13:00:00+00:00,2023-09-22 09:00:00-04:00,130,66.0,71.84491948055039,boost_5y_no_dew_pressure,True
2023-09-17 04:00:00+00:00,2023-09-22 14:00:00+00:00,2023-09-22 10:00:00-04:00,131,67.0,75.03700346227765,boost_5y_no_dew_pressure,True
2023-09-17 04:00:00+00:00,2023-09-22 15:00:00+00:00,2023-09-22 11:00:00-04:00,132,68.0,77.38429514653703,boost_5y_no_dew_pressure,True
2023-09-17 04:00:00+00:00,2023-09-22 16:00:00+00:00,2023-09-22 12:00:00-04:00,133,69.0,79.17566139925931,boost_5y_no_dew_pressure,True
2023-09-17 04:00:00+00:00,2023-09-22 17:00:00+00:00,2023-09-22 13:00:00-04:00,134,68.0,80.440317866008,boost_5y_no_dew_pressure,True
2023-09-17 04:00:00+00:00,2023-09-22 18:00:00+00:00,2023-09-22 14:00:00-04:00,135,69.0,81.05983399519776,boost_5y_no_dew_pressure,True
2023-09-17 04:00:00+00:00,2023-09-22 19:00:00+00:00,2023-09-22 15:00:00-04:00,136,69.0,80.81105686368402,boost_5y_no_dew_pressure,True
2023-09-17 04:00:00+00:00,2023-09-22 20:00:00+00:00,2023-09-22 16:00:00-04:00,137,69.0,80.50747588200471,boost_5y_no_dew_pressure,True
2023-09-17 04:00:00+00:00,2023-09-22 21:00:00+00:00,2023-09-22 17:00:00-04:00,138,68.0,79.04642005226299,boost_5y_no_dew_pressure,True
2023-09-17 04:00:00+00:00,2023-09-22 22:00:00+00:00,2023-09-22 18:00:00-04:00,139,66.0,76.20924839571994,boost_5y_no_dew_pressure,True
2023-09-17 04:00:00+00:00,2023-09-22 23:00:00+00:00,2023-09-22 19:00:00-04:00,140,65.0,72.90356424375089,boost_5y_no_dew_pressure,True
2023-09-17 04:00:00+00:00,2023-09-23 00:00:00+00:00,2023-09-22 20:00:00-04:00,141,65.0,70.7795611226862,boost_5y_no_dew_pressure,True
2023-09-17 04:00:00+00:00,2023-09-23 01:00:00+00:00,2023-09-22 21:00:00-04:00,142,64.0,69.64561661886485,boost_5y_no_dew_pressure,True
2023-09-17 04:00:00+00:00,2023-09-23 02:00:00+00:00,2023-09-22 22:00:00-04:00,143,64.0,68.52002199619413,boost_5y_no_dew_pressure,True
2023-09-17 04:00:00+00:00,2023-09-23 03:00:00+00:00,2023-09-22 23:00:00-04:00,144,63.0,67.54068606239728,boost_5y_no_dew_pressure,True
2023-09-17 04:00:00+00:00,2023-09-23 04:00:00+00:00,2023-09-23 00:00:00-04:00,145,62.0,65.33972831972319,boost_5y_no_dew_pressure,True
2023-09-17 04:00:00+00:00,2023-09-23 05:00:00+00:00,2023-09-23 01:00:00-04:00,146,62.0,64.56605828491516,boost_5y_no_dew_pressure,True
2023-09-17 04:00:00+00:00,2023-09-23 06:00:00+00:00,2023-09-23 02:00:00-04:00,147,61.0,63.96846885326498,boost_5y_no_dew_pressure,True
2023-09-17 04:00:00+00:00,2023-09-23 07:00:00+00:00,2023-09-23 03:00:00-04:00,148,60.0,63.23228498999458,boost_5y_no_dew_pressure,True
2023-09-17 04:00:00+00:00,2023-09-23 08:00:00+00:00,2023-09-23 04:00:00-04:00,149,60.0,62.73968147554744,boost_5y_no_dew_pressure,True
2023-09-17 04:00:00+00:00,2023-09-23 09:00:00+00:00,2023-09-23 05:00:00-04:00,150,59.0,61.97116192862103,boost_5y_no_dew_pressure,True
2023-09-17 04:00:00+00:00,2023-09-23 10:00:00+00:00,2023-09-23 06:00:00-04:00,151,60.0,61.67864243442367,boost_5y_no_dew_pressure,True
2023-09-17 04:00:00+00:00,2023-09-23 11:00:00+00:00,2023-09-23 07:00:00-04:00,152,60.0,63.07532857103234,boost_5y_no_dew_pressure,True
2023-09-17 04:00:00+00:00,2023-09-23 12:00:00+00:00,2023-09-23 08:00:00-04:00,153,60.0,66.81737238162738,boost_5y_no_dew_pressure,True
2023-09-17 04:00:00+00:00,2023-09-23 13:00:00+00:00,2023-09-23 09:00:00-04:00,154,60.0,70.34943120822615,boost_5y_no_dew_pressure,True
2023-09-17 04:00:00+00:00,2023-09-23 14:00:00+00:00,2023-09-23 10:00:00-04:00,155,60.0,73.52295667425244,boost_5y_no_dew_pressure,True
2023-09-17 04:00:00+00:00,2023-09-23 15:00:00+00:00,2023-09-23 11:00:00-04:00,156,60.0,75.87471192340064,boost_5y_no_dew_pressure,True
2023-09-17 04:00:00+00:00,2023-09-23 16:00:00+00:00,2023-09-23 12:00:00-04:00,157,60.0,77.67459454914714,boost_5y_no_dew_pressure,True
2023-09-17 04:00:00+00:00,2023-09-23 17:00:00+00:00,2023-09-23 13:00:00-04:00,158,61.0,79.03868820283975,boost_5y_no_dew_pressure,True
2023-09-17 04:00:00+00:00,2023-09-23 18:00:00+00:00,2023-09-23 14:00:00-04:00,159,62.0,79.70439060945071,boost_5y_no_dew_pressure,True
2023-09-17 04:00:00+00:00,2023-09-23 19:00:00+00:00,2023-09-23 15:00:00-04:00,160,62.0,79.4748296988916,boost_5y_no_dew_pressure,True
2023-09-17 04:00:00+00:00,2023-09-23 20:00:00+00:00,2023-09-23 16:00:00-04:00,161,63.0,79.17174032056633,boost_5y_no_dew_pressure,True
2023-09-17 04:00:00+00:00,2023-09-23 21:00:00+00:00,2023-09-23 17:00:00-04:00,162,63.0,77.74157225010777,boost_5y_no_dew_pressure,True
2023-09-17 04:00:00+00:00,2023-09-23 22:00:00+00:00,2023-09-23 18:00:00-04:00,163,63.0,74.84365019919854,boost_5y_no_dew_pressure,True
2023-09-17 04:00:00+00:00,2023-09-23 23:00:00+00:00,2023-09-23 19:00:00-04:00,164,62.0,71.42890201975221,boost_5y_no_dew_pressure,True
2023-09-17 04:00:00+00:00,2023-09-24 00:00:00+00:00,2023-09-23 20:00:00-04:00,165,62.0,69.33577845935608,boost_5y_no_dew_pressure,True
2023-09-17 04:00:00+00:00,2023-09-24 01:00:00+00:00,2023-09-23 21:00:00-04:00,166,62.0,68.24004290349065,boost_5y_no_dew_pressure,True
2023-09-17 04:00:00+00:00,2023-09-24 02:00:00+00:00,2023-09-23 22:00:00-04:00,167,63.0,67.28905366212179,boost_5y_no_dew_pressure,True
2023-09-17 04:00:00+00:00,2023-09-24 03:00:00+00:00,2023-09-23 23:00:00-04:00,168,63.0,66.35848501409434,boost_5y_no_dew_pressure,True
2023-09-17 04:00:00+00:00,2023-09-24 04:00:00+00:00,2023-09-24 00:00:00-04:00,169,62.0,65.28138904564848,boost_5y_no_dew_pressure,True
2023-09-17 04:00:00+00:00,2023-09-24 05:00:00+00:00,2023-09-24 01:00:00-04:00,170,62.0,64.50317244085637,boost_5y_no_dew_pressure,True
2023-09-17 04:00:00+00:00,2023-09-24 06:00:00+00:00,2023-09-24 02:00:00-04:00,171,62.0,63.92570226629772,boost_5y_no_dew_pressure,True
2023-09-17 04:00:00+00:00,2023-09-24 07:00:00+00:00,2023-09-24 03:00:00-04:00,172,62.0,63.13135628414262,boost_5y_no_dew_pressure,True
2023-09-17 04:00:00+00:00,2023-09-24 08:00:00+00:00,2023-09-24 04:00:00-04:00,173,63.0,62.661334216131884,boost_5y_no_dew_pressure,True
2023-09-17 04:00:00+00:00,2023-09-24 09:00:00+00:00,2023-09-24 05:00:00-04:00,174,62.0,61.87474916247483,boost_5y_no_dew_pressure,True
2023-09-17 04:00:00+00:00,2023-09-24 10:00:00+00:00,2023-09-24 06:00:00-04:00,175,62.0,61.56635723630572,boost_5y_no_dew_pressure,True
2023-09-17 04:00:00+00:00,2023-09-24 11:00:00+00:00,2023-09-24 07:00:00-04:00,176,63.0,62.875304436411454,boost_5y_no_dew_pressure,True
2023-09-17 04:00:00+00:00,2023-09-24 12:00:00+00:00,2023-09-24 08:00:00-04:00,177,68.0,66.5363498933594,boost_5y_no_dew_pressure,True
2023-09-17 04:00:00+00:00,2023-09-24 13:00:00+00:00,2023-09-24 09:00:00-04:00,178,71.0,70.06603208701364,boost_5y_no_dew_pressure,True
2023-09-17 04:00:00+00:00,2023-09-24 14:00:00+00:00,2023-09-24 10:00:00-04:00,179,74.0,73.2316783382971,boost_5y_no_dew_pressure,True
2023-09-17 04:00:00+00:00,2023-09-24 15:00:00+00:00,2023-09-24 11:00:00-04:00,180,76.0,75.5749815753498,boost_5y_no_dew_pressure,True
2023-09-17 04:00:00+00:00,2023-09-24 16:00:00+00:00,2023-09-24 12:00:00-04:00,181,78.0,77.36124551754322,boost_5y_no_dew_pressure,True
2023-09-17 04:00:00+00:00,2023-09-24 17:00:00+00:00,2023-09-24 13:00:00-04:00,182,80.0,78.69600382593339,boost_5y_no_dew_pressure,True
2023-09-17 04:00:00+00:00,2023-09-24 18:00:00+00:00,2023-09-24 14:00:00-04:00,183,78.0,79.39850065442758,boost_5y_no_dew_pressure,True
2023-09-17 04:00:00+00:00,2023-09-24 19:00:00+00:00,2023-09-24 15:00:00-04:00,184,82.0,79.21251796268497,boost_5y_no_dew_pressure,True
2023-09-17 04:00:00+00:00,2023-09-24 20:00:00+00:00,2023-09-24 16:00:00-04:00,185,79.0,78.87250473090631,boost_5y_no_dew_pressure,True
2023-09-17 04:00:00+00:00,2023-09-24 21:00:00+00:00,2023-09-24 17:00:00-04:00,186,79.0,77.4475907833691,boost_5y_no_dew_pressure,True
2023-09-17 04:00:00+00:00,2023-09-24 22:00:00+00:00,2023-09-24 18:00:00-04:00,187,76.0,74.55722671797601,boost_5y_no_dew_pressure,True
2023-09-17 04:00:00+00:00,2023-09-24 23:00:00+00:00,2023-09-24 19:00:00-04:00,188,75.0,71.22615819562935,boost_5y_no_dew_pressure,True
2023-09-17 04:00:00+00:00,2023-09-25 00:00:00+00:00,2023-09-24 20:00:00-04:00,189,73.0,69.11381322281692,boost_5y_no_dew_pressure,True
2023-09-17 04:00:00+00:00,2023-09-25 01:00:00+00:00,2023-09-24 21:00:00-04:00,190,73.0,67.99816373428628,boost_5y_no_dew_pressure,True
2023-09-17 04:00:00+00:00,2023-09-25 02:00:00+00:00,2023-09-24 22:00:00-04:00,191,73.0,67.08554526608815,boost_5y_no_dew_pressure,True
2023-09-17 04:00:00+00:00,2023-09-25 03:00:00+00:00,2023-09-24 23:00:00-04:00,192,72.0,66.15454487118211,boost_5y_no_dew_pressure,True
2023-09-17 04:00:00+00:00,2023-09-25 04:00:00+00:00,2023-09-25 00:00:00-04:00,193,72.0,65.27428896978869,boost_5y_no_dew_pressure,True
2023-09-17 04:00:00+00:00,2023-09-25 05:00:00+00:00,2023-09-25 01:00:00-04:00,194,70.0,64.47458302673819,boost_5y_no_dew_pressure,True
2023-09-17 04:00:00+00:00,2023-09-25 06:00:00+00:00,2023-09-25 02:00:00-04:00,195,68.0,63.839218831851035,boost_5y_no_dew_pressure,True
2023-09-17 04:00:00+00:00,2023-09-25 07:00:00+00:00,2023-09-25 03:00:00-04:00,196,69.0,62.997563708825446,boost_5y_no_dew_pressure,True
2023-09-17 04:00:00+00:00,2023-09-25 08:00:00+00:00,2023-09-25 04:00:00-04:00,197,69.0,62.602911158713255,boost_5y_no_dew_pressure,True
2023-09-17 04:00:00+00:00,2023-09-25 09:00:00+00:00,2023-09-25 05:00:00-04:00,198,68.0,61.93339000753722,boost_5y_no_dew_pressure,True
2023-09-17 04:00:00+00:00,2023-09-25 10:00:00+00:00,2023-09-25 06:00:00-04:00,199,68.0,61.62780354820665,boost_5y_no_dew_pressure,True
2023-09-17 04:00:00+00:00,2023-09-25 11:00:00+00:00,2023-09-25 07:00:00-04:00,200,68.0,62.8355883514982,boost_5y_no_dew_pressure,True
2023-09-17 04:00:00+00:00,2023-09-25 12:00:00+00:00,2023-09-25 08:00:00-04:00,201,70.0,66.40669799702549,boost_5y_no_dew_pressure,True
2023-09-17 04:00:00+00:00,2023-09-25 13:00:00+00:00,2023-09-25 09:00:00-04:00,202,73.0,69.97617304036804,boost_5y_no_dew_pressure,True
2023-09-17 04:00:00+00:00,2023-09-25 14:00:00+00:00,2023-09-25 10:00:00-04:00,203,76.0,73.27595817354866,boost_5y_no_dew_pressure,True
2023-09-17 04:00:00+00:00,2023-09-25 15:00:00+00:00,2023-09-25 11:00:00-04:00,204,80.0,75.62467765438016,boost_5y_no_dew_pressure,True
2023-09-17 04:00:00+00:00,2023-09-25 16:00:00+00:00,2023-09-25 12:00:00-04:00,205,80.0,77.40369711918463,boost_5y_no_dew_pressure,True
2023-09-17 04:00:00+00:00,2023-09-25 17:00:00+00:00,2023-09-25 13:00:00-04:00,206,81.0,78.7451451682854,boost_5y_no_dew_pressure,True
2023-09-17 04:00:00+00:00,2023-09-25 18:00:00+00:00,2023-09-25 14:00:00-04:00,207,82.0,79.55086837175278,boost_5y_no_dew_pressure,True
2023-09-17 04:00:00+00:00,2023-09-25 19:00:00+00:00,2023-09-25 15:00:00-04:00,208,83.0,79.31373886181336,boost_5y_no_dew_pressure,True
2023-09-17 04:00:00+00:00,2023-09-25 20:00:00+00:00,2023-09-25 16:00:00-04:00,209,82.0,78.90798197339547,boost_5y_no_dew_pressure,True
2023-09-17 04:00:00+00:00,2023-09-25 21:00:00+00:00,2023-09-25 17:00:00-04:00,210,81.0,77.43025984788609,boost_5y_no_dew_pressure,True
2023-09-17 04:00:00+00:00,2023-09-25 22:00:00+00:00,2023-09-25 18:00:00-04:00,211,77.0,74.52785935575383,boost_5y_no_dew_pressure,True
2023-09-17 04:00:00+00:00,2023-09-25 23:00:00+00:00,2023-09-25 19:00:00-04:00,212,74.0,71.20394541294476,boost_5y_no_dew_pressure,True
2023-09-17 04:00:00+00:00,2023-09-26 00:00:00+00:00,2023-09-25 20:00:00-04:00,213,72.0,69.08977460013958,boost_5y_no_dew_pressure,True
2023-09-17 04:00:00+00:00,2023-09-26 01:00:00+00:00,2023-09-25 21:00:00-04:00,214,70.0,67.93147087542437,boost_5y_no_dew_pressure,True
2023-09-17 04:00:00+00:00,2023-09-26 02:00:00+00:00,2023-09-25 22:00:00-04:00,215,69.0,67.11390206797485,boost_5y_no_dew_pressure,True
2023-09-17 04:00:00+00:00,2023-09-26 03:00:00+00:00,2023-09-25 23:00:00-04:00,216,67.0,66.1693727211544,boost_5y_no_dew_pressure,True
2023-09-17 04:00:00+00:00,2023-09-26 04:00:00+00:00,2023-09-26 00:00:00-04:00,217,67.0,65.15615048730544,boost_5y_no_dew_pressure,True
2023-09-17 04:00:00+00:00,2023-09-26 05:00:00+00:00,2023-09-26 01:00:00-04:00,218,66.0,64.2800461988559,boost_5y_no_dew_pressure,True
2023-09-17 04:00:00+00:00,2023-09-26 06:00:00+00:00,2023-09-26 02:00:00-04:00,219,65.0,63.669521375701365,boost_5y_no_dew_pressure,True
2023-09-17 04:00:00+00:00,2023-09-26 07:00:00+00:00,2023-09-26 03:00:00-04:00,220,65.0,62.814982981349104,boost_5y_no_dew_pressure,True
2023-09-17 04:00:00+00:00,2023-09-26 08:00:00+00:00,2023-09-26 04:00:00-04:00,221,66.0,62.431161802289175,boost_5y_no_dew_pressure,True
2023-09-17 04:00:00+00:00,2023-09-26 09:00:00+00:00,2023-09-26 05:00:00-04:00,222,66.0,61.77571375489932,boost_5y_no_dew_pressure,True
2023-09-17 04:00:00+00:00,2023-09-26 10:00:00+00:00,2023-09-26 06:00:00-04:00,223,65.0,61.486025690890855,boost_5y_no_dew_pressure,True
2023-09-17 04:00:00+00:00,2023-09-26 11:00:00+00:00,2023-09-26 07:00:00-04:00,224,66.0,62.64753442967253,boost_5y_no_dew_pressure,True
2023-09-17 04:00:00+00:00,2023-09-26 12:00:00+00:00,2023-09-26 08:00:00-04:00,225,67.0,66.18686026175371,boost_5y_no_dew_pressure,True
2023-09-17 04:00:00+00:00,2023-09-26 13:00:00+00:00,2023-09-26 09:00:00-04:00,226,68.0,69.81616853250158,boost_5y_no_dew_pressure,True
2023-09-17 04:00:00+00:00,2023-09-26 14:00:00+00:00,2023-09-26 10:00:00-04:00,227,69.0,73.10819730000897,boost_5y_no_dew_pressure,True
2023-09-17 04:00:00+00:00,2023-09-26 15:00:00+00:00,2023-09-26 11:00:00-04:00,228,70.0,75.54805776574828,boost_5y_no_dew_pressure,True
2023-09-17 04:00:00+00:00,2023-09-26 16:00:00+00:00,2023-09-26 12:00:00-04:00,229,71.0,77.41841090726835,boost_5y_no_dew_pressure,True
2023-09-17 04:00:00+00:00,2023-09-26 17:00:00+00:00,2023-09-26 13:00:00-04:00,230,72.0,78.82961705619849,boost_5y_no_dew_pressure,True
2023-09-17 04:00:00+00:00,2023-09-26 18:00:00+00:00,2023-09-26 14:00:00-04:00,231,72.0,79.64667405206386,boost_5y_no_dew_pressure,True
2023-09-17 04:00:00+00:00,2023-09-26 19:00:00+00:00,2023-09-26 15:00:00-04:00,232,72.0,79.39880510787667,boost_5y_no_dew_pressure,True
2023-09-17 04:00:00+00:00,2023-09-26 20:00:00+00:00,2023-09-26 16:00:00-04:00,233,70.0,78.99809284102099,boost_5y_no_dew_pressure,True
2023-09-17 04:00:00+00:00,2023-09-26 21:00:00+00:00,2023-09-26 17:00:00-04:00,234,69.0,77.43358904259219,boost_5y_no_dew_pressure,True
2023-09-17 04:00:00+00:00,2023-09-26 22:00:00+00:00,2023-09-26 18:00:00-04:00,235,68.0,74.28721044986229,boost_5y_no_dew_pressure,True
2023-09-17 04:00:00+00:00,2023-09-26 23:00:00+00:00,2023-09-26 19:00:00-04:00,236,68.0,70.9685836119032,boost_5y_no_dew_pressure,True
2023-09-17 04:00:00+00:00,2023-09-27 00:00:00+00:00,2023-09-26 20:00:00-04:00,237,67.0,68.9039068193185,boost_5y_no_dew_pressure,True
2023-09-17 04:00:00+00:00,2023-09-27 01:00:00+00:00,2023-09-26 21:00:00-04:00,238,66.0,67.58493257122772,boost_5y_no_dew_pressure,True
2023-09-17 04:00:00+00:00,2023-09-27 02:00:00+00:00,2023-09-26 22:00:00-04:00,239,66.0,66.77554917879274,boost_5y_no_dew_pressure,True
2023-09-17 04:00:00+00:00,2023-09-27 03:00:00+00:00,2023-09-26 23:00:00-04:00,240,65.0,65.98820632105848,boost_5y_no_dew_pressure,True
2023-09-17 04:00:00+00:00,2023-09-27 04:00:00+00:00,2023-09-27 00:00:00-04:00,241,65.0,65.00210914497472,boost_5y_no_dew_pressure,True
2023-09-17 04:00:00+00:00,2023-09-27 05:00:00+00:00,2023-09-27 01:00:00-04:00,242,65.0,64.1239848525966,boost_5y_no_dew_pressure,True
2023-09-17 04:00:00+00:00,2023-09-27 06:00:00+00:00,2023-09-27 02:00:00-04:00,243,64.0,63.57842750975659,boost_5y_no_dew_pressure,True
2023-09-17 04:00:00+00:00,2023-09-27 07:00:00+00:00,2023-09-27 03:00:00-04:00,244,64.0,62.723711398933666,boost_5y_no_dew_pressure,True
2023-09-17 04:00:00+00:00,2023-09-27 08:00:00+00:00,2023-09-27 04:00:00-04:00,245,63.0,62.40551033411755,boost_5y_no_dew_pressure,True
2023-09-17 04:00:00+00:00,2023-09-27 09:00:00+00:00,2023-09-27 05:00:00-04:00,246,63.0,61.743269275039445,boost_5y_no_dew_pressure,True
2023-09-17 04:00:00+00:00,2023-09-27 10:00:00+00:00,2023-09-27 06:00:00-04:00,247,63.0,61.438304614189605,boost_5y_no_dew_pressure,True
2023-09-17 04:00:00+00:00,2023-09-27 11:00:00+00:00,2023-09-27 07:00:00-04:00,248,62.0,62.48524898599306,boost_5y_no_dew_pressure,True
2023-09-17 04:00:00+00:00,2023-09-27 12:00:00+00:00,2023-09-27 08:00:00-04:00,249,64.0,65.98463849134474,boost_5y_no_dew_pressure,True
2023-09-17 04:00:00+00:00,2023-09-27 13:00:00+00:00,2023-09-27 09:00:00-04:00,250,65.0,69.67039535544076,boost_5y_no_dew_pressure,True
2023-09-17 04:00:00+00:00,2023-09-27 14:00:00+00:00,2023-09-27 10:00:00-04:00,251,65.0,73.07220167543359,boost_5y_no_dew_pressure,True
2023-09-17 04:00:00+00:00,2023-09-27 15:00:00+00:00,2023-09-27 11:00:00-04:00,252,66.0,75.53389799257322,boost_5y_no_dew_pressure,True
2023-09-17 04:00:00+00:00,2023-09-27 16:00:00+00:00,2023-09-27 12:00:00-04:00,253,67.0,77.42879705931855,boost_5y_no_dew_pressure,True
2023-09-17 04:00:00+00:00,2023-09-27 17:00:00+00:00,2023-09-27 13:00:00-04:00,254,67.0,78.79086466826432,boost_5y_no_dew_pressure,True
2023-09-17 04:00:00+00:00,2023-09-27 18:00:00+00:00,2023-09-27 14:00:00-04:00,255,67.0,79.6726858916031,boost_5y_no_dew_pressure,True
2023-09-17 04:00:00+00:00,2023-09-27 19:00:00+00:00,2023-09-27 15:00:00-04:00,256,67.0,79.25287899708078,boost_5y_no_dew_pressure,True
2023-09-17 04:00:00+00:00,2023-09-27 20:00:00+00:00,2023-09-27 16:00:00-04:00,257,66.0,78.70172254884571,boost_5y_no_dew_pressure,True
2023-09-17 04:00:00+00:00,2023-09-27 21:00:00+00:00,2023-09-27 17:00:00-04:00,258,65.0,77.1282781230565,boost_5y_no_dew_pressure,True
2023-09-17 04:00:00+00:00,2023-09-27 22:00:00+00:00,2023-09-27 18:00:00-04:00,259,64.0,73.94223289764525,boost_5y_no_dew_pressure,True
2023-09-17 04:00:00+00:00,2023-09-27 23:00:00+00:00,2023-09-27 19:00:00-04:00,260,64.0,70.62847086514192,boost_5y_no_dew_pressure,True
2023-09-17 04:00:00+00:00,2023-09-28 00:00:00+00:00,2023-09-27 20:00:00-04:00,261,63.0,68.58320501239831,boost_5y_no_dew_pressure,True
2023-09-17 04:00:00+00:00,2023-09-28 01:00:00+00:00,2023-09-27 21:00:00-04:00,262,63.0,67.28224920687391,boost_5y_no_dew_pressure,True
2023-09-17 04:00:00+00:00,2023-09-28 02:00:00+00:00,2023-09-27 22:00:00-04:00,263,63.0,66.46998828115323,boost_5y_no_dew_pressure,True
2023-09-17 04:00:00+00:00,2023-09-28 03:00:00+00:00,2023-09-27 23:00:00-04:00,264,63.0,65.76931046976333,boost_5y_no_dew_pressure,True
2023-09-17 04:00:00+00:00,2023-09-28 04:00:00+00:00,2023-09-28 00:00:00-04:00,265,63.0,64.71123685686099,boost_5y_no_dew_pressure,True
2023-09-17 04:00:00+00:00,2023-09-28 05:00:00+00:00,2023-09-28 01:00:00-04:00,266,63.0,63.81857108682152,boost_5y_no_dew_pressure,True
2023-09-17 04:00:00+00:00,2023-09-28 06:00:00+00:00,2023-09-28 02:00:00-04:00,267,63.0,63.26092001373386,boost_5y_no_dew_pressure,True
2023-09-17 04:00:00+00:00,2023-09-28 07:00:00+00:00,2023-09-28 03:00:00-04:00,268,63.0,62.51993721444086,boost_5y_no_dew_pressure,True
2023-09-17 04:00:00+00:00,2023-09-28 08:00:00+00:00,2023-09-28 04:00:00-04:00,269,62.0,62.22649523775039,boost_5y_no_dew_pressure,True
2023-09-17 04:00:00+00:00,2023-09-28 09:00:00+00:00,2023-09-28 05:00:00-04:00,270,62.0,61.575852952623784,boost_5y_no_dew_pressure,True
2023-09-17 04:00:00+00:00,2023-09-28 10:00:00+00:00,2023-09-28 06:00:00-04:00,271,62.0,61.2563699151393,boost_5y_no_dew_pressure,True
2023-09-17 04:00:00+00:00,2023-09-28 11:00:00+00:00,2023-09-28 07:00:00-04:00,272,61.0,62.277110901581516,boost_5y_no_dew_pressure,True
2023-09-17 04:00:00+00:00,2023-09-28 12:00:00+00:00,2023-09-28 08:00:00-04:00,273,62.0,65.65704838228305,boost_5y_no_dew_pressure,True
2023-09-17 04:00:00+00:00,2023-09-28 13:00:00+00:00,2023-09-28 09:00:00-04:00,274,64.0,69.3428230769639,boost_5y_no_dew_pressure,True
2023-09-17 04:00:00+00:00,2023-09-28 14:00:00+00:00,2023-09-28 10:00:00-04:00,275,67.0,72.80671156753849,boost_5y_no_dew_pressure,True
2023-09-17 04:00:00+00:00,2023-09-28 15:00:00+00:00,2023-09-28 11:00:00-04:00,276,69.0,75.31893738344876,boost_5y_no_dew_pressure,True
2023-09-17 04:00:00+00:00,2023-09-28 16:00:00+00:00,2023-09-28 12:00:00-04:00,277,70.0,77.1319479283703,boost_5y_no_dew_pressure,True
2023-09-17 04:00:00+00:00,2023-09-28 17:00:00+00:00,2023-09-28 13:00:00-04:00,278,71.0,78.51771496273423,boost_5y_no_dew_pressure,True
2023-09-17 04:00:00+00:00,2023-09-28 18:00:00+00:00,2023-09-28 14:00:00-04:00,279,74.0,79.47846157476012,boost_5y_no_dew_pressure,True
2023-09-17 04:00:00+00:00,2023-09-28 19:00:00+00:00,2023-09-28 15:00:00-04:00,280,75.0,78.9799390819014,boost_5y_no_dew_pressure,True
2023-09-17 04:00:00+00:00,2023-09-28 20:00:00+00:00,2023-09-28 16:00:00-04:00,281,76.0,78.40284562430864,boost_5y_no_dew_pressure,True
2023-09-17 04:00:00+00:00,2023-09-28 21:00:00+00:00,2023-09-28 17:00:00-04:00,282,75.0,76.84609320940369,boost_5y_no_dew_pressure,True
2023-09-17 04:00:00+00:00,2023-09-28 22:00:00+00:00,2023-09-28 18:00:00-04:00,283,72.0,73.55246901931946,boost_5y_no_dew_pressure,True
2023-09-17 04:00:00+00:00,2023-09-28 23:00:00+00:00,2023-09-28 19:00:00-04:00,284,69.0,70.30062487774148,boost_5y_no_dew_pressure,True
2023-09-17 04:00:00+00:00,2023-09-29 00:00:00+00:00,2023-09-28 20:00:00-04:00,285,66.0,68.32785647187164,boost_5y_no_dew_pressure,True
2023-09-17 04:00:00+00:00,2023-09-29 01:00:00+00:00,2023-09-28 21:00:00-04:00,286,65.0,67.02894927223414,boost_5y_no_dew_pressure,True
2023-09-17 04:00:00+00:00,2023-09-29 02:00:00+00:00,2023-09-28 22:00:00-04:00,287,65.0,66.33576836029877,boost_5y_no_dew_pressure,True
2023-09-17 04:00:00+00:00,2023-09-29 03:00:00+00:00,2023-09-28 23:00:00-04:00,288,65.0,65.66323164921953,boost_5y_no_dew_pressure,True
2023-09-17 04:00:00+00:00,2023-09-29 04:00:00+00:00,2023-09-29 00:00:00-04:00,289,65.0,64.58079085652578,boost_5y_no_dew_pressure,True
2023-09-17 04:00:00+00:00,2023-09-29 05:00:00+00:00,2023-09-29 01:00:00-04:00,290,65.0,63.70226160308724,boost_5y_no_dew_pressure,True
2023-09-17 04:00:00+00:00,2023-09-29 06:00:00+00:00,2023-09-29 02:00:00-04:00,291,65.0,63.143661884874305,boost_5y_no_dew_pressure,True
2023-09-17 04:00:00+00:00,2023-09-29 07:00:00+00:00,2023-09-29 03:00:00-04:00,292,64.0,62.41093496475308,boost_5y_no_dew_pressure,True
2023-09-17 04:00:00+00:00,2023-09-29 08:00:00+00:00,2023-09-29 04:00:00-04:00,293,64.0,62.10235586901837,boost_5y_no_dew_pressure,True
2023-09-17 04:00:00+00:00,2023-09-29 09:00:00+00:00,2023-09-29 05:00:00-04:00,294,64.0,61.44595804315873,boost_5y_no_dew_pressure,True
2023-09-17 04:00:00+00:00,2023-09-29 10:00:00+00:00,2023-09-29 06:00:00-04:00,295,64.0,61.113214908514365,boost_5y_no_dew_pressure,True
2023-09-17 04:00:00+00:00,2023-09-29 11:00:00+00:00,2023-09-29 07:00:00-04:00,296,64.0,62.104341042626054,boost_5y_no_dew_pressure,True
2023-09-17 04:00:00+00:00,2023-09-29 12:00:00+00:00,2023-09-29 08:00:00-04:00,297,64.0,65.48998798373331,boost_5y_no_dew_pressure,True
2023-09-17 04:00:00+00:00,2023-09-29 13:00:00+00:00,2023-09-29 09:00:00-04:00,298,66.0,69.10336253807013,boost_5y_no_dew_pressure,True
2023-09-17 04:00:00+00:00,2023-09-29 14:00:00+00:00,2023-09-29 10:00:00-04:00,299,67.0,72.58747246792494,boost_5y_no_dew_pressure,True
2023-09-17 04:00:00+00:00,2023-09-29 15:00:00+00:00,2023-09-29 11:00:00-04:00,300,68.0,75.08502822718043,boost_5y_no_dew_pressure,True
2023-09-17 04:00:00+00:00,2023-09-29 16:00:00+00:00,2023-09-29 12:00:00-04:00,301,70.0,76.88054581438918,boost_5y_no_dew_pressure,True
2023-09-17 04:00:00+00:00,2023-09-29 17:00:00+00:00,2023-09-29 13:00:00-04:00,302,71.0,78.23855861067376,boost_5y_no_dew_pressure,True
2023-09-17 04:00:00+00:00,2023-09-29 18:00:00+00:00,2023-09-29 14:00:00-04:00,303,71.0,79.19879217997868,boost_5y_no_dew_pressure,True
2023-09-17 04:00:00+00:00,2023-09-29 19:00:00+00:00,2023-09-29 15:00:00-04:00,304,73.0,78.82200565392252,boost_5y_no_dew_pressure,True
2023-09-17 04:00:00+00:00,2023-09-29 20:00:00+00:00,2023-09-29 16:00:00-04:00,305,73.0,78.22355091797242,boost_5y_no_dew_pressure,True
2023-09-17 04:00:00+00:00,2023-09-29 21:00:00+00:00,2023-09-29 17:00:00-04:00,306,74.0,76.69307756886066,boost_5y_no_dew_pressure,True
2023-09-17 04:00:00+00:00,2023-09-29 22:00:00+00:00,2023-09-29 18:00:00-04:00,307,70.0,73.22645014645256,boost_5y_no_dew_pressure,True
2023-09-17 04:00:00+00:00,2023-09-29 23:00:00+00:00,2023-09-29 19:00:00-04:00,308,66.0,69.9550245246765,boost_5y_no_dew_pressure,True
2023-09-17 04:00:00+00:00,2023-09-30 00:00:00+00:00,2023-09-29 20:00:00-04:00,309,64.0,68.05790243428004,boost_5y_no_dew_pressure,True
2023-09-17 04:00:00+00:00,2023-09-30 01:00:00+00:00,2023-09-29 21:00:00-04:00,310,64.0,66.72064200725194,boost_5y_no_dew_pressure,True
2023-09-17 04:00:00+00:00,2023-09-30 02:00:00+00:00,2023-09-29 22:00:00-04:00,311,63.0,66.12081705723095,boost_5y_no_dew_pressure,True
2023-09-17 04:00:00+00:00,2023-09-30 03:00:00+00:00,2023-09-29 23:00:00-04:00,312,61.0,65.37682918675598,boost_5y_no_dew_pressure,True
2023-09-17 04:00:00+00:00,2023-09-30 04:00:00+00:00,2023-09-30 00:00:00-04:00,313,60.0,64.28580674154472,boost_5y_no_dew_pressure,True
2023-09-17 04:00:00+00:00,2023-09-30 05:00:00+00:00,2023-09-30 01:00:00-04:00,314,59.0,63.33937146310301,boost_5y_no_dew_pressure,True
2023-09-17 04:00:00+00:00,2023-09-30 06:00:00+00:00,2023-09-30 02:00:00-04:00,315,59.0,62.82011524683278,boost_5y_no_dew_pressure,True
2023-09-17 04:00:00+00:00,2023-09-30 07:00:00+00:00,2023-09-30 03:00:00-04:00,316,62.0,62.082335873335275,boost_5y_no_dew_pressure,True
2023-09-17 04:00:00+00:00,2023-09-30 08:00:00+00:00,2023-09-30 04:00:00-04:00,317,63.0,61.83092840883504,boost_5y_no_dew_pressure,True
2023-09-17 04:00:00+00:00,2023-09-30 09:00:00+00:00,2023-09-30 05:00:00-04:00,318,64.0,61.144870057795806,boost_5y_no_dew_pressure,True
2023-09-17 04:00:00+00:00,2023-09-30 10:00:00+00:00,2023-09-30 06:00:00-04:00,319,64.0,60.798228171545546,boost_5y_no_dew_pressure,True
2023-09-17 04:00:00+00:00,2023-09-30 11:00:00+00:00,2023-09-30 07:00:00-04:00,320,65.0,61.73786913622201,boost_5y_no_dew_pressure,True
2023-09-17 04:00:00+00:00,2023-09-30 12:00:00+00:00,2023-09-30 08:00:00-04:00,321,66.0,65.17001125393479,boost_5y_no_dew_pressure,True
2023-09-17 04:00:00+00:00,2023-09-30 13:00:00+00:00,2023-09-30 09:00:00-04:00,322,67.0,68.71212220268355,boost_5y_no_dew_pressure,True
2023-09-17 04:00:00+00:00,2023-09-30 14:00:00+00:00,2023-09-30 10:00:00-04:00,323,69.0,72.2702395820582,boost_5y_no_dew_pressure,True
2023-09-17 04:00:00+00:00,2023-09-30 15:00:00+00:00,2023-09-30 11:00:00-04:00,324,70.0,74.7880855619692,boost_5y_no_dew_pressure,True
2023-09-17 04:00:00+00:00,2023-09-30 16:00:00+00:00,2023-09-30 12:00:00-04:00,325,73.0,76.61535877834082,boost_5y_no_dew_pressure,True
2023-09-17 04:00:00+00:00,2023-09-30 17:00:00+00:00,2023-09-30 13:00:00-04:00,326,75.0,78.01697971793996,boost_5y_no_dew_pressure,True
2023-09-17 04:00:00+00:00,2023-09-30 18:00:00+00:00,2023-09-30 14:00:00-04:00,327,76.0,78.97717333841376,boost_5y_no_dew_pressure,True
2023-09-17 04:00:00+00:00,2023-09-30 19:00:00+00:00,2023-09-30 15:00:00-04:00,328,77.0,78.71329100896871,boost_5y_no_dew_pressure,True
2023-09-17 04:00:00+00:00,2023-09-30 20:00:00+00:00,2023-09-30 16:00:00-04:00,329,75.0,78.22657497857796,boost_5y_no_dew_pressure,True
2023-09-17 04:00:00+00:00,2023-09-30 21:00:00+00:00,2023-09-30 17:00:00-04:00,330,73.0,76.5839426685069,boost_5y_no_dew_pressure,True
2023-09-17 04:00:00+00:00,2023-09-30 22:00:00+00:00,2023-09-30 18:00:00-04:00,331,69.0,73.05210257013943,boost_5y_no_dew_pressure,True
2023-09-17 04:00:00+00:00,2023-09-30 23:00:00+00:00,2023-09-30 19:00:00-04:00,332,67.0,69.77185466078045,boost_5y_no_dew_pressure,True
2023-09-17 04:00:00+00:00,2023-10-01 00:00:00+00:00,2023-09-30 20:00:00-04:00,333,64.0,67.89975784615203,boost_5y_no_dew_pressure,True
2023-09-17 04:00:00+00:00,2023-10-01 01:00:00+00:00,2023-09-30 21:00:00-04:00,334,62.0,66.57829107551149,boost_5y_no_dew_pressure,True
2023-09-17 04:00:00+00:00,2023-10-01 02:00:00+00:00,2023-09-30 22:00:00-04:00,335,61.0,65.95192383750592,boost_5y_no_dew_pressure,True
2023-09-17 04:00:00+00:00,2023-10-01 03:00:00+00:00,2023-09-30 23:00:00-04:00,336,60.0,65.26666588903713,boost_5y_no_dew_pressure,True
2023-09-24 04:00:00+00:00,2023-09-24 04:00:00+00:00,2023-09-24 00:00:00-04:00,1,62.0,54.70824903614533,boost_5y_no_dew_pressure,True
2023-09-24 04:00:00+00:00,2023-09-24 05:00:00+00:00,2023-09-24 01:00:00-04:00,2,62.0,53.74393595820521,boost_5y_no_dew_pressure,True
2023-09-24 04:00:00+00:00,2023-09-24 06:00:00+00:00,2023-09-24 02:00:00-04:00,3,62.0,53.38443156476684,boost_5y_no_dew_pressure,True
2023-09-24 04:00:00+00:00,2023-09-24 07:00:00+00:00,2023-09-24 03:00:00-04:00,4,62.0,52.41191258587084,boost_5y_no_dew_pressure,True
2023-09-24 04:00:00+00:00,2023-09-24 08:00:00+00:00,2023-09-24 04:00:00-04:00,5,63.0,52.16123030968173,boost_5y_no_dew_pressure,True
2023-09-24 04:00:00+00:00,2023-09-24 09:00:00+00:00,2023-09-24 05:00:00-04:00,6,62.0,51.93650105750119,boost_5y_no_dew_pressure,True
2023-09-24 04:00:00+00:00,2023-09-24 10:00:00+00:00,2023-09-24 06:00:00-04:00,7,62.0,51.76862042649386,boost_5y_no_dew_pressure,True
2023-09-24 04:00:00+00:00,2023-09-24 11:00:00+00:00,2023-09-24 07:00:00-04:00,8,63.0,52.78747277324817,boost_5y_no_dew_pressure,True
2023-09-24 04:00:00+00:00,2023-09-24 12:00:00+00:00,2023-09-24 08:00:00-04:00,9,68.0,57.640169982051205,boost_5y_no_dew_pressure,True
2023-09-24 04:00:00+00:00,2023-09-24 13:00:00+00:00,2023-09-24 09:00:00-04:00,10,71.0,61.50406777942528,boost_5y_no_dew_pressure,True
2023-09-24 04:00:00+00:00,2023-09-24 14:00:00+00:00,2023-09-24 10:00:00-04:00,11,74.0,65.34124682171522,boost_5y_no_dew_pressure,True
2023-09-24 04:00:00+00:00,2023-09-24 15:00:00+00:00,2023-09-24 11:00:00-04:00,12,76.0,68.39895546366218,boost_5y_no_dew_pressure,True
2023-09-24 04:00:00+00:00,2023-09-24 16:00:00+00:00,2023-09-24 12:00:00-04:00,13,78.0,70.7490206814109,boost_5y_no_dew_pressure,True
2023-09-24 04:00:00+00:00,2023-09-24 17:00:00+00:00,2023-09-24 13:00:00-04:00,14,80.0,72.16435505804097,boost_5y_no_dew_pressure,True
2023-09-24 04:00:00+00:00,2023-09-24 18:00:00+00:00,2023-09-24 14:00:00-04:00,15,78.0,72.90387981919523,boost_5y_no_dew_pressure,True
2023-09-24 04:00:00+00:00,2023-09-24 19:00:00+00:00,2023-09-24 15:00:00-04:00,16,82.0,72.8206439896056,boost_5y_no_dew_pressure,True
2023-09-24 04:00:00+00:00,2023-09-24 20:00:00+00:00,2023-09-24 16:00:00-04:00,17,79.0,72.33948542237825,boost_5y_no_dew_pressure,True
2023-09-24 04:00:00+00:00,2023-09-24 21:00:00+00:00,2023-09-24 17:00:00-04:00,18,79.0,71.09090091183957,boost_5y_no_dew_pressure,True
2023-09-24 04:00:00+00:00,2023-09-24 22:00:00+00:00,2023-09-24 18:00:00-04:00,19,76.0,68.11388399305876,boost_5y_no_dew_pressure,True
2023-09-24 04:00:00+00:00,2023-09-24 23:00:00+00:00,2023-09-24 19:00:00-04:00,20,75.0,64.21458472358846,boost_5y_no_dew_pressure,True
2023-09-24 04:00:00+00:00,2023-09-25 00:00:00+00:00,2023-09-24 20:00:00-04:00,21,73.0,62.16502297886761,boost_5y_no_dew_pressure,True
2023-09-24 04:00:00+00:00,2023-09-25 01:00:00+00:00,2023-09-24 21:00:00-04:00,22,73.0,60.98824543530223,boost_5y_no_dew_pressure,True
2023-09-24 04:00:00+00:00,2023-09-25 02:00:00+00:00,2023-09-24 22:00:00-04:00,23,73.0,60.15067905358971,boost_5y_no_dew_pressure,True
2023-09-24 04:00:00+00:00,2023-09-25 03:00:00+00:00,2023-09-24 23:00:00-04:00,24,72.0,59.077266450852335,boost_5y_no_dew_pressure,True
2023-09-24 04:00:00+00:00,2023-09-25 04:00:00+00:00,2023-09-25 00:00:00-04:00,25,72.0,59.99627103370258,boost_5y_no_dew_pressure,True
2023-09-24 04:00:00+00:00,2023-09-25 05:00:00+00:00,2023-09-25 01:00:00-04:00,26,70.0,59.22993177251597,boost_5y_no_dew_pressure,True
2023-09-24 04:00:00+00:00,2023-09-25 06:00:00+00:00,2023-09-25 02:00:00-04:00,27,68.0,58.87488509651489,boost_5y_no_dew_pressure,True
2023-09-24 04:00:00+00:00,2023-09-25 07:00:00+00:00,2023-09-25 03:00:00-04:00,28,69.0,57.90819666468141,boost_5y_no_dew_pressure,True
2023-09-24 04:00:00+00:00,2023-09-25 08:00:00+00:00,2023-09-25 04:00:00-04:00,29,69.0,57.91137538967258,boost_5y_no_dew_pressure,True
2023-09-24 04:00:00+00:00,2023-09-25 09:00:00+00:00,2023-09-25 05:00:00-04:00,30,68.0,57.44492449651358,boost_5y_no_dew_pressure,True
2023-09-24 04:00:00+00:00,2023-09-25 10:00:00+00:00,2023-09-25 06:00:00-04:00,31,68.0,57.17428837500656,boost_5y_no_dew_pressure,True
2023-09-24 04:00:00+00:00,2023-09-25 11:00:00+00:00,2023-09-25 07:00:00-04:00,32,68.0,57.78193866641009,boost_5y_no_dew_pressure,True
2023-09-24 04:00:00+00:00,2023-09-25 12:00:00+00:00,2023-09-25 08:00:00-04:00,33,70.0,62.06120629101962,boost_5y_no_dew_pressure,True
2023-09-24 04:00:00+00:00,2023-09-25 13:00:00+00:00,2023-09-25 09:00:00-04:00,34,73.0,65.99668735728277,boost_5y_no_dew_pressure,True
2023-09-24 04:00:00+00:00,2023-09-25 14:00:00+00:00,2023-09-25 10:00:00-04:00,35,76.0,69.50192794117504,boost_5y_no_dew_pressure,True
2023-09-24 04:00:00+00:00,2023-09-25 15:00:00+00:00,2023-09-25 11:00:00-04:00,36,80.0,71.85260640186254,boost_5y_no_dew_pressure,True
2023-09-24 04:00:00+00:00,2023-09-25 16:00:00+00:00,2023-09-25 12:00:00-04:00,37,80.0,73.75648567582175,boost_5y_no_dew_pressure,True
2023-09-24 04:00:00+00:00,2023-09-25 17:00:00+00:00,2023-09-25 13:00:00-04:00,38,81.0,75.06344532503655,boost_5y_no_dew_pressure,True
2023-09-24 04:00:00+00:00,2023-09-25 18:00:00+00:00,2023-09-25 14:00:00-04:00,39,82.0,75.92224765214895,boost_5y_no_dew_pressure,True
2023-09-24 04:00:00+00:00,2023-09-25 19:00:00+00:00,2023-09-25 15:00:00-04:00,40,83.0,75.8512881631391,boost_5y_no_dew_pressure,True
2023-09-24 04:00:00+00:00,2023-09-25 20:00:00+00:00,2023-09-25 16:00:00-04:00,41,82.0,75.5341917326847,boost_5y_no_dew_pressure,True
2023-09-24 04:00:00+00:00,2023-09-25 21:00:00+00:00,2023-09-25 17:00:00-04:00,42,81.0,74.28865159782335,boost_5y_no_dew_pressure,True
2023-09-24 04:00:00+00:00,2023-09-25 22:00:00+00:00,2023-09-25 18:00:00-04:00,43,77.0,71.422876440226,boost_5y_no_dew_pressure,True
2023-09-24 04:00:00+00:00,2023-09-25 23:00:00+00:00,2023-09-25 19:00:00-04:00,44,74.0,68.16856785963209,boost_5y_no_dew_pressure,True
2023-09-24 04:00:00+00:00,2023-09-26 00:00:00+00:00,2023-09-25 20:00:00-04:00,45,72.0,66.04998228124863,boost_5y_no_dew_pressure,True
2023-09-24 04:00:00+00:00,2023-09-26 01:00:00+00:00,2023-09-25 21:00:00-04:00,46,70.0,64.80141792855895,boost_5y_no_dew_pressure,True
2023-09-24 04:00:00+00:00,2023-09-26 02:00:00+00:00,2023-09-25 22:00:00-04:00,47,69.0,63.97877377631778,boost_5y_no_dew_pressure,True
2023-09-24 04:00:00+00:00,2023-09-26 03:00:00+00:00,2023-09-25 23:00:00-04:00,48,67.0,62.926427736714615,boost_5y_no_dew_pressure,True
2023-09-24 04:00:00+00:00,2023-09-26 04:00:00+00:00,2023-09-26 00:00:00-04:00,49,67.0,61.93394306580436,boost_5y_no_dew_pressure,True
2023-09-24 04:00:00+00:00,2023-09-26 05:00:00+00:00,2023-09-26 01:00:00-04:00,50,66.0,60.98309829044927,boost_5y_no_dew_pressure,True
2023-09-24 04:00:00+00:00,2023-09-26 06:00:00+00:00,2023-09-26 02:00:00-04:00,51,65.0,60.47080546720855,boost_5y_no_dew_pressure,True
2023-09-24 04:00:00+00:00,2023-09-26 07:00:00+00:00,2023-09-26 03:00:00-04:00,52,65.0,59.93768616953539,boost_5y_no_dew_pressure,True
2023-09-24 04:00:00+00:00,2023-09-26 08:00:00+00:00,2023-09-26 04:00:00-04:00,53,66.0,59.95016213423425,boost_5y_no_dew_pressure,True
2023-09-24 04:00:00+00:00,2023-09-26 09:00:00+00:00,2023-09-26 05:00:00-04:00,54,66.0,59.16651128828074,boost_5y_no_dew_pressure,True
2023-09-24 04:00:00+00:00,2023-09-26 10:00:00+00:00,2023-09-26 06:00:00-04:00,55,65.0,58.879156588436075,boost_5y_no_dew_pressure,True
2023-09-24 04:00:00+00:00,2023-09-26 11:00:00+00:00,2023-09-26 07:00:00-04:00,56,66.0,59.833465537070346,boost_5y_no_dew_pressure,True
2023-09-24 04:00:00+00:00,2023-09-26 12:00:00+00:00,2023-09-26 08:00:00-04:00,57,67.0,63.63320577677243,boost_5y_no_dew_pressure,True
2023-09-24 04:00:00+00:00,2023-09-26 13:00:00+00:00,2023-09-26 09:00:00-04:00,58,68.0,67.51094732189624,boost_5y_no_dew_pressure,True
2023-09-24 04:00:00+00:00,2023-09-26 14:00:00+00:00,2023-09-26 10:00:00-04:00,59,69.0,70.8963356036183,boost_5y_no_dew_pressure,True
2023-09-24 04:00:00+00:00,2023-09-26 15:00:00+00:00,2023-09-26 11:00:00-04:00,60,70.0,73.2897941321537,boost_5y_no_dew_pressure,True
2023-09-24 04:00:00+00:00,2023-09-26 16:00:00+00:00,2023-09-26 12:00:00-04:00,61,71.0,75.34577409744855,boost_5y_no_dew_pressure,True
2023-09-24 04:00:00+00:00,2023-09-26 17:00:00+00:00,2023-09-26 13:00:00-04:00,62,72.0,76.78618574396174,boost_5y_no_dew_pressure,True
2023-09-24 04:00:00+00:00,2023-09-26 18:00:00+00:00,2023-09-26 14:00:00-04:00,63,72.0,77.830204741645,boost_5y_no_dew_pressure,True
2023-09-24 04:00:00+00:00,2023-09-26 19:00:00+00:00,2023-09-26 15:00:00-04:00,64,72.0,77.45901772197824,boost_5y_no_dew_pressure,True
2023-09-24 04:00:00+00:00,2023-09-26 20:00:00+00:00,2023-09-26 16:00:00-04:00,65,70.0,77.12564372386149,boost_5y_no_dew_pressure,True
2023-09-24 04:00:00+00:00,2023-09-26 21:00:00+00:00,2023-09-26 17:00:00-04:00,66,69.0,75.68917595221234,boost_5y_no_dew_pressure,True
2023-09-24 04:00:00+00:00,2023-09-26 22:00:00+00:00,2023-09-26 18:00:00-04:00,67,68.0,72.60298009503713,boost_5y_no_dew_pressure,True
2023-09-24 04:00:00+00:00,2023-09-26 23:00:00+00:00,2023-09-26 19:00:00-04:00,68,68.0,68.98152429120721,boost_5y_no_dew_pressure,True
2023-09-24 04:00:00+00:00,2023-09-27 00:00:00+00:00,2023-09-26 20:00:00-04:00,69,67.0,66.81262427244278,boost_5y_no_dew_pressure,True
2023-09-24 04:00:00+00:00,2023-09-27 01:00:00+00:00,2023-09-26 21:00:00-04:00,70,66.0,65.4047690745407,boost_5y_no_dew_pressure,True
2023-09-24 04:00:00+00:00,2023-09-27 02:00:00+00:00,2023-09-26 22:00:00-04:00,71,66.0,64.57194754229779,boost_5y_no_dew_pressure,True
2023-09-24 04:00:00+00:00,2023-09-27 03:00:00+00:00,2023-09-26 23:00:00-04:00,72,65.0,63.73077821843939,boost_5y_no_dew_pressure,True
2023-09-24 04:00:00+00:00,2023-09-27 04:00:00+00:00,2023-09-27 00:00:00-04:00,73,65.0,62.652022587879095,boost_5y_no_dew_pressure,True
2023-09-24 04:00:00+00:00,2023-09-27 05:00:00+00:00,2023-09-27 01:00:00-04:00,74,65.0,61.7058894511331,boost_5y_no_dew_pressure,True
2023-09-24 04:00:00+00:00,2023-09-27 06:00:00+00:00,2023-09-27 02:00:00-04:00,75,64.0,61.326715260662695,boost_5y_no_dew_pressure,True
2023-09-24 04:00:00+00:00,2023-09-27 07:00:00+00:00,2023-09-27 03:00:00-04:00,76,64.0,60.650988006503916,boost_5y_no_dew_pressure,True
2023-09-24 04:00:00+00:00,2023-09-27 08:00:00+00:00,2023-09-27 04:00:00-04:00,77,63.0,60.55945056149366,boost_5y_no_dew_pressure,True
2023-09-24 04:00:00+00:00,2023-09-27 09:00:00+00:00,2023-09-27 05:00:00-04:00,78,63.0,59.737138399677185,boost_5y_no_dew_pressure,True
2023-09-24 04:00:00+00:00,2023-09-27 10:00:00+00:00,2023-09-27 06:00:00-04:00,79,63.0,59.428211963148776,boost_5y_no_dew_pressure,True
2023-09-24 04:00:00+00:00,2023-09-27 11:00:00+00:00,2023-09-27 07:00:00-04:00,80,62.0,60.53796251721855,boost_5y_no_dew_pressure,True
2023-09-24 04:00:00+00:00,2023-09-27 12:00:00+00:00,2023-09-27 08:00:00-04:00,81,64.0,64.18281421910801,boost_5y_no_dew_pressure,True
2023-09-24 04:00:00+00:00,2023-09-27 13:00:00+00:00,2023-09-27 09:00:00-04:00,82,65.0,68.18866926996868,boost_5y_no_dew_pressure,True
2023-09-24 04:00:00+00:00,2023-09-27 14:00:00+00:00,2023-09-27 10:00:00-04:00,83,65.0,71.65281744968881,boost_5y_no_dew_pressure,True
2023-09-24 04:00:00+00:00,2023-09-27 15:00:00+00:00,2023-09-27 11:00:00-04:00,84,66.0,74.13729464488705,boost_5y_no_dew_pressure,True
2023-09-24 04:00:00+00:00,2023-09-27 16:00:00+00:00,2023-09-27 12:00:00-04:00,85,67.0,76.1366226427803,boost_5y_no_dew_pressure,True
2023-09-24 04:00:00+00:00,2023-09-27 17:00:00+00:00,2023-09-27 13:00:00-04:00,86,67.0,77.45975670224323,boost_5y_no_dew_pressure,True
2023-09-24 04:00:00+00:00,2023-09-27 18:00:00+00:00,2023-09-27 14:00:00-04:00,87,67.0,78.32587479650473,boost_5y_no_dew_pressure,True
2023-09-24 04:00:00+00:00,2023-09-27 19:00:00+00:00,2023-09-27 15:00:00-04:00,88,67.0,77.86490816441221,boost_5y_no_dew_pressure,True
2023-09-24 04:00:00+00:00,2023-09-27 20:00:00+00:00,2023-09-27 16:00:00-04:00,89,66.0,77.32459512146076,boost_5y_no_dew_pressure,True
2023-09-24 04:00:00+00:00,2023-09-27 21:00:00+00:00,2023-09-27 17:00:00-04:00,90,65.0,75.83284215157775,boost_5y_no_dew_pressure,True
2023-09-24 04:00:00+00:00,2023-09-27 22:00:00+00:00,2023-09-27 18:00:00-04:00,91,64.0,72.69969928531467,boost_5y_no_dew_pressure,True
2023-09-24 04:00:00+00:00,2023-09-27 23:00:00+00:00,2023-09-27 19:00:00-04:00,92,64.0,69.28828765419574,boost_5y_no_dew_pressure,True
2023-09-24 04:00:00+00:00,2023-09-28 00:00:00+00:00,2023-09-27 20:00:00-04:00,93,63.0,67.1023212748091,boost_5y_no_dew_pressure,True
2023-09-24 04:00:00+00:00,2023-09-28 01:00:00+00:00,2023-09-27 21:00:00-04:00,94,63.0,65.81967432077295,boost_5y_no_dew_pressure,True
2023-09-24 04:00:00+00:00,2023-09-28 02:00:00+00:00,2023-09-27 22:00:00-04:00,95,63.0,64.91793928484701,boost_5y_no_dew_pressure,True
2023-09-24 04:00:00+00:00,2023-09-28 03:00:00+00:00,2023-09-27 23:00:00-04:00,96,63.0,64.19992656497956,boost_5y_no_dew_pressure,True
2023-09-24 04:00:00+00:00,2023-09-28 04:00:00+00:00,2023-09-28 00:00:00-04:00,97,63.0,62.78246577292696,boost_5y_no_dew_pressure,True
2023-09-24 04:00:00+00:00,2023-09-28 05:00:00+00:00,2023-09-28 01:00:00-04:00,98,63.0,61.86870874404471,boost_5y_no_dew_pressure,True
2023-09-24 04:00:00+00:00,2023-09-28 06:00:00+00:00,2023-09-28 02:00:00-04:00,99,63.0,61.40211348846309,boost_5y_no_dew_pressure,True
2023-09-24 04:00:00+00:00,2023-09-28 07:00:00+00:00,2023-09-28 03:00:00-04:00,100,63.0,60.815177472604745,boost_5y_no_dew_pressure,True
2023-09-24 04:00:00+00:00,2023-09-28 08:00:00+00:00,2023-09-28 04:00:00-04:00,101,62.0,60.762558492358906,boost_5y_no_dew_pressure,True
2023-09-24 04:00:00+00:00,2023-09-28 09:00:00+00:00,2023-09-28 05:00:00-04:00,102,62.0,59.924651310303084,boost_5y_no_dew_pressure,True
2023-09-24 04:00:00+00:00,2023-09-28 10:00:00+00:00,2023-09-28 06:00:00-04:00,103,62.0,59.610747763658345,boost_5y_no_dew_pressure,True
2023-09-24 04:00:00+00:00,2023-09-28 11:00:00+00:00,2023-09-28 07:00:00-04:00,104,61.0,60.90926045525076,boost_5y_no_dew_pressure,True
2023-09-24 04:00:00+00:00,2023-09-28 12:00:00+00:00,2023-09-28 08:00:00-04:00,105,62.0,64.22095098443269,boost_5y_no_dew_pressure,True
2023-09-24 04:00:00+00:00,2023-09-28 13:00:00+00:00,2023-09-28 09:00:00-04:00,106,64.0,68.05294287015936,boost_5y_no_dew_pressure,True
2023-09-24 04:00:00+00:00,2023-09-28 14:00:00+00:00,2023-09-28 10:00:00-04:00,107,67.0,71.64780462985676,boost_5y_no_dew_pressure,True
2023-09-24 04:00:00+00:00,2023-09-28 15:00:00+00:00,2023-09-28 11:00:00-04:00,108,69.0,74.22119973807595,boost_5y_no_dew_pressure,True
2023-09-24 04:00:00+00:00,2023-09-28 16:00:00+00:00,2023-09-28 12:00:00-04:00,109,70.0,76.1271255231278,boost_5y_no_dew_pressure,True
2023-09-24 04:00:00+00:00,2023-09-28 17:00:00+00:00,2023-09-28 13:00:00-04:00,110,71.0,77.47557534978864,boost_5y_no_dew_pressure,True
2023-09-24 04:00:00+00:00,2023-09-28 18:00:00+00:00,2023-09-28 14:00:00-04:00,111,74.0,78.3776132519796,boost_5y_no_dew_pressure,True
2023-09-24 04:00:00+00:00,2023-09-28 19:00:00+00:00,2023-09-28 15:00:00-04:00,112,75.0,77.9352639264173,boost_5y_no_dew_pressure,True
2023-09-24 04:00:00+00:00,2023-09-28 20:00:00+00:00,2023-09-28 16:00:00-04:00,113,76.0,77.32026537792838,boost_5y_no_dew_pressure,True
2023-09-24 04:00:00+00:00,2023-09-28 21:00:00+00:00,2023-09-28 17:00:00-04:00,114,75.0,75.82206234675326,boost_5y_no_dew_pressure,True
2023-09-24 04:00:00+00:00,2023-09-28 22:00:00+00:00,2023-09-28 18:00:00-04:00,115,72.0,72.59132110910434,boost_5y_no_dew_pressure,True
2023-09-24 04:00:00+00:00,2023-09-28 23:00:00+00:00,2023-09-28 19:00:00-04:00,116,69.0,69.27431218025029,boost_5y_no_dew_pressure,True
2023-09-24 04:00:00+00:00,2023-09-29 00:00:00+00:00,2023-09-28 20:00:00-04:00,117,66.0,67.25153016539596,boost_5y_no_dew_pressure,True
2023-09-24 04:00:00+00:00,2023-09-29 01:00:00+00:00,2023-09-28 21:00:00-04:00,118,65.0,65.94078774895672,boost_5y_no_dew_pressure,True
2023-09-24 04:00:00+00:00,2023-09-29 02:00:00+00:00,2023-09-28 22:00:00-04:00,119,65.0,65.23547817111896,boost_5y_no_dew_pressure,True
2023-09-24 04:00:00+00:00,2023-09-29 03:00:00+00:00,2023-09-28 23:00:00-04:00,120,65.0,64.51850763328514,boost_5y_no_dew_pressure,True
2023-09-24 04:00:00+00:00,2023-09-29 04:00:00+00:00,2023-09-29 00:00:00-04:00,121,65.0,63.54711513457696,boost_5y_no_dew_pressure,True
2023-09-24 04:00:00+00:00,2023-09-29 05:00:00+00:00,2023-09-29 01:00:00-04:00,122,65.0,62.63043459888537,boost_5y_no_dew_pressure,True
2023-09-24 04:00:00+00:00,2023-09-29 06:00:00+00:00,2023-09-29 02:00:00-04:00,123,65.0,62.15916333283447,boost_5y_no_dew_pressure,True
2023-09-24 04:00:00+00:00,2023-09-29 07:00:00+00:00,2023-09-29 03:00:00-04:00,124,64.0,61.54760533562602,boost_5y_no_dew_pressure,True
2023-09-24 04:00:00+00:00,2023-09-29 08:00:00+00:00,2023-09-29 04:00:00-04:00,125,64.0,61.293107134955015,boost_5y_no_dew_pressure,True
2023-09-24 04:00:00+00:00,2023-09-29 09:00:00+00:00,2023-09-29 05:00:00-04:00,126,64.0,60.584953625122715,boost_5y_no_dew_pressure,True
2023-09-24 04:00:00+00:00,2023-09-29 10:00:00+00:00,2023-09-29 06:00:00-04:00,127,64.0,60.26083917507547,boost_5y_no_dew_pressure,True
2023-09-24 04:00:00+00:00,2023-09-29 11:00:00+00:00,2023-09-29 07:00:00-04:00,128,64.0,61.237992598565846,boost_5y_no_dew_pressure,True
2023-09-24 04:00:00+00:00,2023-09-29 12:00:00+00:00,2023-09-29 08:00:00-04:00,129,64.0,64.43695173361664,boost_5y_no_dew_pressure,True
2023-09-24 04:00:00+00:00,2023-09-29 13:00:00+00:00,2023-09-29 09:00:00-04:00,130,66.0,68.07772051284893,boost_5y_no_dew_pressure,True
2023-09-24 04:00:00+00:00,2023-09-29 14:00:00+00:00,2023-09-29 10:00:00-04:00,131,67.0,71.57566025021738,boost_5y_no_dew_pressure,True
2023-09-24 04:00:00+00:00,2023-09-29 15:00:00+00:00,2023-09-29 11:00:00-04:00,132,68.0,74.11291618891596,boost_5y_no_dew_pressure,True
2023-09-24 04:00:00+00:00,2023-09-29 16:00:00+00:00,2023-09-29 12:00:00-04:00,133,70.0,75.90172509845179,boost_5y_no_dew_pressure,True
2023-09-24 04:00:00+00:00,2023-09-29 17:00:00+00:00,2023-09-29 13:00:00-04:00,134,71.0,77.24471114574207,boost_5y_no_dew_pressure,True
2023-09-24 04:00:00+00:00,2023-09-29 18:00:00+00:00,2023-09-29 14:00:00-04:00,135,71.0,78.19922075185902,boost_5y_no_dew_pressure,True
2023-09-24 04:00:00+00:00,2023-09-29 19:00:00+00:00,2023-09-29 15:00:00-04:00,136,73.0,77.87513190913164,boost_5y_no_dew_pressure,True
2023-09-24 04:00:00+00:00,2023-09-29 20:00:00+00:00,2023-09-29 16:00:00-04:00,137,73.0,77.14630642559082,boost_5y_no_dew_pressure,True
2023-09-24 04:00:00+00:00,2023-09-29 21:00:00+00:00,2023-09-29 17:00:00-04:00,138,74.0,75.66422263195558,boost_5y_no_dew_pressure,True
2023-09-24 04:00:00+00:00,2023-09-29 22:00:00+00:00,2023-09-29 18:00:00-04:00,139,70.0,72.24733664640866,boost_5y_no_dew_pressure,True
2023-09-24 04:00:00+00:00,2023-09-29 23:00:00+00:00,2023-09-29 19:00:00-04:00,140,66.0,68.9197912952177,boost_5y_no_dew_pressure,True
2023-09-24 04:00:00+00:00,2023-09-30 00:00:00+00:00,2023-09-29 20:00:00-04:00,141,64.0,67.01199672184215,boost_5y_no_dew_pressure,True
2023-09-24 04:00:00+00:00,2023-09-30 01:00:00+00:00,2023-09-29 21:00:00-04:00,142,64.0,65.67711301479075,boost_5y_no_dew_pressure,True
2023-09-24 04:00:00+00:00,2023-09-30 02:00:00+00:00,2023-09-29 22:00:00-04:00,143,63.0,65.09626539319162,boost_5y_no_dew_pressure,True
2023-09-24 04:00:00+00:00,2023-09-30 03:00:00+00:00,2023-09-29 23:00:00-04:00,144,61.0,64.32599164323015,boost_5y_no_dew_pressure,True
2023-09-24 04:00:00+00:00,2023-09-30 04:00:00+00:00,2023-09-30 00:00:00-04:00,145,60.0,63.301041385395614,boost_5y_no_dew_pressure,True
2023-09-24 04:00:00+00:00,2023-09-30 05:00:00+00:00,2023-09-30 01:00:00-04:00,146,59.0,62.38948376463788,boost_5y_no_dew_pressure,True
2023-09-24 04:00:00+00:00,2023-09-30 06:00:00+00:00,2023-09-30 02:00:00-04:00,147,59.0,61.88452232358111,boost_5y_no_dew_pressure,True
2023-09-24 04:00:00+00:00,2023-09-30 07:00:00+00:00,2023-09-30 03:00:00-04:00,148,62.0,61.28762913659653,boost_5y_no_dew_pressure,True
2023-09-24 04:00:00+00:00,2023-09-30 08:00:00+00:00,2023-09-30 04:00:00-04:00,149,63.0,61.02585805130128,boost_5y_no_dew_pressure,True
2023-09-24 04:00:00+00:00,2023-09-30 09:00:00+00:00,2023-09-30 05:00:00-04:00,150,64.0,60.30599280691967,boost_5y_no_dew_pressure,True
2023-09-24 04:00:00+00:00,2023-09-30 10:00:00+00:00,2023-09-30 06:00:00-04:00,151,64.0,59.969082405556115,boost_5y_no_dew_pressure,True
2023-09-24 04:00:00+00:00,2023-09-30 11:00:00+00:00,2023-09-30 07:00:00-04:00,152,65.0,60.709093527158714,boost_5y_no_dew_pressure,True
2023-09-24 04:00:00+00:00,2023-09-30 12:00:00+00:00,2023-09-30 08:00:00-04:00,153,66.0,64.01406702014147,boost_5y_no_dew_pressure,True
2023-09-24 04:00:00+00:00,2023-09-30 13:00:00+00:00,2023-09-30 09:00:00-04:00,154,67.0,67.6310772022457,boost_5y_no_dew_pressure,True
2023-09-24 04:00:00+00:00,2023-09-30 14:00:00+00:00,2023-09-30 10:00:00-04:00,155,69.0,71.13408780559072,boost_5y_no_dew_pressure,True
2023-09-24 04:00:00+00:00,2023-09-30 15:00:00+00:00,2023-09-30 11:00:00-04:00,156,70.0,73.62621262357253,boost_5y_no_dew_pressure,True
2023-09-24 04:00:00+00:00,2023-09-30 16:00:00+00:00,2023-09-30 12:00:00-04:00,157,73.0,75.43368421611385,boost_5y_no_dew_pressure,True
2023-09-24 04:00:00+00:00,2023-09-30 17:00:00+00:00,2023-09-30 13:00:00-04:00,158,75.0,76.867203037372,boost_5y_no_dew_pressure,True
2023-09-24 04:00:00+00:00,2023-09-30 18:00:00+00:00,2023-09-30 14:00:00-04:00,159,76.0,77.82820690452647,boost_5y_no_dew_pressure,True
2023-09-24 04:00:00+00:00,2023-09-30 19:00:00+00:00,2023-09-30 15:00:00-04:00,160,77.0,77.61063329827282,boost_5y_no_dew_pressure,True
2023-09-24 04:00:00+00:00,2023-09-30 20:00:00+00:00,2023-09-30 16:00:00-04:00,161,75.0,77.22009579116832,boost_5y_no_dew_pressure,True
2023-09-24 04:00:00+00:00,2023-09-30 21:00:00+00:00,2023-09-30 17:00:00-04:00,162,73.0,75.5846787434157,boost_5y_no_dew_pressure,True
2023-09-24 04:00:00+00:00,2023-09-30 22:00:00+00:00,2023-09-30 18:00:00-04:00,163,69.0,72.07776342542478,boost_5y_no_dew_pressure,True
2023-09-24 04:00:00+00:00,2023-09-30 23:00:00+00:00,2023-09-30 19:00:00-04:00,164,67.0,68.98151594702489,boost_5y_no_dew_pressure,True
2023-09-24 04:00:00+00:00,2023-10-01 00:00:00+00:00,2023-09-30 20:00:00-04:00,165,64.0,67.1424004952481,boost_5y_no_dew_pressure,True
2023-09-24 04:00:00+00:00,2023-10-01 01:00:00+00:00,2023-09-30 21:00:00-04:00,166,62.0,65.90312723445975,boost_5y_no_dew_pressure,True
2023-09-24 04:00:00+00:00,2023-10-01 02:00:00+00:00,2023-09-30 22:00:00-04:00,167,61.0,65.31204811212888,boost_5y_no_dew_pressure,True
2023-09-24 04:00:00+00:00,2023-10-01 03:00:00+00:00,2023-09-30 23:00:00-04:00,168,60.0,64.64259010415832,boost_5y_no_dew_pressure,True
2023-09-24 04:00:00+00:00,2023-10-01 04:00:00+00:00,2023-10-01 00:00:00-04:00,169,58.0,63.60820947288942,boost_5y_no_dew_pressure,True
2023-09-24 04:00:00+00:00,2023-10-01 05:00:00+00:00,2023-10-01 01:00:00-04:00,170,60.0,62.774834860926184,boost_5y_no_dew_pressure,True
2023-09-24 04:00:00+00:00,2023-10-01 06:00:00+00:00,2023-10-01 02:00:00-04:00,171,58.0,62.33327521715162,boost_5y_no_dew_pressure,True
2023-09-24 04:00:00+00:00,2023-10-01 07:00:00+00:00,2023-10-01 03:00:00-04:00,172,60.0,61.73211899616995,boost_5y_no_dew_pressure,True
2023-09-24 04:00:00+00:00,2023-10-01 08:00:00+00:00,2023-10-01 04:00:00-04:00,173,61.0,61.51486841873438,boost_5y_no_dew_pressure,True
2023-09-24 04:00:00+00:00,2023-10-01 09:00:00+00:00,2023-10-01 05:00:00-04:00,174,60.0,60.93063315315553,boost_5y_no_dew_pressure,True
2023-09-24 04:00:00+00:00,2023-10-01 10:00:00+00:00,2023-10-01 06:00:00-04:00,175,60.0,60.53986565192955,boost_5y_no_dew_pressure,True
2023-09-24 04:00:00+00:00,2023-10-01 11:00:00+00:00,2023-10-01 07:00:00-04:00,176,60.0,61.260668057975614,boost_5y_no_dew_pressure,True
2023-09-24 04:00:00+00:00,2023-10-01 12:00:00+00:00,2023-10-01 08:00:00-04:00,177,66.0,64.42340776468411,boost_5y_no_dew_pressure,True
2023-09-24 04:00:00+00:00,2023-10-01 13:00:00+00:00,2023-10-01 09:00:00-04:00,178,69.0,67.94076257106745,boost_5y_no_dew_pressure,True
2023-09-24 04:00:00+00:00,2023-10-01 14:00:00+00:00,2023-10-01 10:00:00-04:00,179,73.0,71.37839625621626,boost_5y_no_dew_pressure,True
2023-09-24 04:00:00+00:00,2023-10-01 15:00:00+00:00,2023-10-01 11:00:00-04:00,180,75.0,73.89596768357296,boost_5y_no_dew_pressure,True
2023-09-24 04:00:00+00:00,2023-10-01 16:00:00+00:00,2023-10-01 12:00:00-04:00,181,78.0,75.64062060028043,boost_5y_no_dew_pressure,True
2023-09-24 04:00:00+00:00,2023-10-01 17:00:00+00:00,2023-10-01 13:00:00-04:00,182,79.0,77.02101993141825,boost_5y_no_dew_pressure,True
2023-09-24 04:00:00+00:00,2023-10-01 18:00:00+00:00,2023-10-01 14:00:00-04:00,183,81.0,77.90008612522041,boost_5y_no_dew_pressure,True
2023-09-24 04:00:00+00:00,2023-10-01 19:00:00+00:00,2023-10-01 15:00:00-04:00,184,80.0,77.73536539825322,boost_5y_no_dew_pressure,True
2023-09-24 04:00:00+00:00,2023-10-01 20:00:00+00:00,2023-10-01 16:00:00-04:00,185,79.0,77.25864920960454,boost_5y_no_dew_pressure,True
2023-09-24 04:00:00+00:00,2023-10-01 21:00:00+00:00,2023-10-01 17:00:00-04:00,186,80.0,75.60101369746393,boost_5y_no_dew_pressure,True
2023-09-24 04:00:00+00:00,2023-10-01 22:00:00+00:00,2023-10-01 18:00:00-04:00,187,74.0,72.07888459403478,boost_5y_no_dew_pressure,True
2023-09-24 04:00:00+00:00,2023-10-01 23:00:00+00:00,2023-10-01 19:00:00-04:00,188,69.0,69.0989538008665,boost_5y_no_dew_pressure,True
2023-09-24 04:00:00+00:00,2023-10-02 00:00:00+00:00,2023-10-01 20:00:00-04:00,189,66.0,67.3606982850852,boost_5y_no_dew_pressure,True
2023-09-24 04:00:00+00:00,2023-10-02 01:00:00+00:00,2023-10-01 21:00:00-04:00,190,64.0,66.09175191764324,boost_5y_no_dew_pressure,True
2023-09-24 04:00:00+00:00,2023-10-02 02:00:00+00:00,2023-10-01 22:00:00-04:00,191,63.0,65.4831524160351,boost_5y_no_dew_pressure,True
2023-09-24 04:00:00+00:00,2023-10-02 03:00:00+00:00,2023-10-01 23:00:00-04:00,192,61.0,64.86613148361347,boost_5y_no_dew_pressure,True
2023-09-24 04:00:00+00:00,2023-10-02 04:00:00+00:00,2023-10-02 00:00:00-04:00,193,61.0,63.945598178512206,boost_5y_no_dew_pressure,True
2023-09-24 04:00:00+00:00,2023-10-02 05:00:00+00:00,2023-10-02 01:00:00-04:00,194,60.0,63.12963046615112,boost_5y_no_dew_pressure,True
2023-09-24 04:00:00+00:00,2023-10-02 06:00:00+00:00,2023-10-02 02:00:00-04:00,195,60.0,62.69075882984138,boost_5y_no_dew_pressure,True
2023-09-24 04:00:00+00:00,2023-10-02 07:00:00+00:00,2023-10-02 03:00:00-04:00,196,59.0,62.058293698043975,boost_5y_no_dew_pressure,True
2023-09-24 04:00:00+00:00,2023-10-02 08:00:00+00:00,2023-10-02 04:00:00-04:00,197,61.0,61.734474117240566,boost_5y_no_dew_pressure,True
2023-09-24 04:00:00+00:00,2023-10-02 09:00:00+00:00,2023-10-02 05:00:00-04:00,198,62.0,61.15010828866574,boost_5y_no_dew_pressure,True
2023-09-24 04:00:00+00:00,2023-10-02 10:00:00+00:00,2023-10-02 06:00:00-04:00,199,60.0,60.69075035651187,boost_5y_no_dew_pressure,True
2023-09-24 04:00:00+00:00,2023-10-02 11:00:00+00:00,2023-10-02 07:00:00-04:00,200,61.0,61.467878015043866,boost_5y_no_dew_pressure,True
2023-09-24 04:00:00+00:00,2023-10-02 12:00:00+00:00,2023-10-02 08:00:00-04:00,201,66.0,64.66702964628577,boost_5y_no_dew_pressure,True
2023-09-24 04:00:00+00:00,2023-10-02 13:00:00+00:00,2023-10-02 09:00:00-04:00,202,70.0,68.16462311376668,boost_5y_no_dew_pressure,True
2023-09-24 04:00:00+00:00,2023-10-02 14:00:00+00:00,2023-10-02 10:00:00-04:00,203,75.0,71.57175611932995,boost_5y_no_dew_pressure,True
2023-09-24 04:00:00+00:00,2023-10-02 15:00:00+00:00,2023-10-02 11:00:00-04:00,204,79.0,73.94531227953217,boost_5y_no_dew_pressure,True
2023-09-24 04:00:00+00:00,2023-10-02 16:00:00+00:00,2023-10-02 12:00:00-04:00,205,81.0,75.71294386302358,boost_5y_no_dew_pressure,True
2023-09-24 04:00:00+00:00,2023-10-02 17:00:00+00:00,2023-10-02 13:00:00-04:00,206,82.0,76.97027087230606,boost_5y_no_dew_pressure,True
2023-09-24 04:00:00+00:00,2023-10-02 18:00:00+00:00,2023-10-02 14:00:00-04:00,207,83.0,77.98398933650557,boost_5y_no_dew_pressure,True
2023-09-24 04:00:00+00:00,2023-10-02 19:00:00+00:00,2023-10-02 15:00:00-04:00,208,83.0,77.78675809685699,boost_5y_no_dew_pressure,True
2023-09-24 04:00:00+00:00,2023-10-02 20:00:00+00:00,2023-10-02 16:00:00-04:00,209,83.0,77.23040330697528,boost_5y_no_dew_pressure,True
2023-09-24 04:00:00+00:00,2023-10-02 21:00:00+00:00,2023-10-02 17:00:00-04:00,210,81.0,75.55808459680156,boost_5y_no_dew_pressure,True
2023-09-24 04:00:00+00:00,2023-10-02 22:00:00+00:00,2023-10-02 18:00:00-04:00,211,76.0,71.94063960457164,boost_5y_no_dew_pressure,True
2023-09-24 04:00:00+00:00,2023-10-02 23:00:00+00:00,2023-10-02 19:00:00-04:00,212,73.0,68.99752461446201,boost_5y_no_dew_pressure,True
2023-09-24 04:00:00+00:00,2023-10-03 00:00:00+00:00,2023-10-02 20:00:00-04:00,213,71.0,67.32104903235846,boost_5y_no_dew_pressure,True
2023-09-24 04:00:00+00:00,2023-10-03 01:00:00+00:00,2023-10-02 21:00:00-04:00,214,66.0,66.0103159409035,boost_5y_no_dew_pressure,True
2023-09-24 04:00:00+00:00,2023-10-03 02:00:00+00:00,2023-10-02 22:00:00-04:00,215,66.0,65.43809946916721,boost_5y_no_dew_pressure,True
2023-09-24 04:00:00+00:00,2023-10-03 03:00:00+00:00,2023-10-02 23:00:00-04:00,216,65.0,64.75316136043826,boost_5y_no_dew_pressure,True
2023-09-24 04:00:00+00:00,2023-10-03 04:00:00+00:00,2023-10-03 00:00:00-04:00,217,64.0,63.86366354716857,boost_5y_no_dew_pressure,True
2023-09-24 04:00:00+00:00,2023-10-03 05:00:00+00:00,2023-10-03 01:00:00-04:00,218,64.0,63.10934782201075,boost_5y_no_dew_pressure,True
2023-09-24 04:00:00+00:00,2023-10-03 06:00:00+00:00,2023-10-03 02:00:00-04:00,219,62.0,62.611300128993065,boost_5y_no_dew_pressure,True
2023-09-24 04:00:00+00:00,2023-10-03 07:00:00+00:00,2023-10-03 03:00:00-04:00,220,62.0,61.966762323343666,boost_5y_no_dew_pressure,True
2023-09-24 04:00:00+00:00,2023-10-03 08:00:00+00:00,2023-10-03 04:00:00-04:00,221,60.0,61.68077681267526,boost_5y_no_dew_pressure,True
2023-09-24 04:00:00+00:00,2023-10-03 09:00:00+00:00,2023-10-03 05:00:00-04:00,222,59.0,61.08797964602855,boost_5y_no_dew_pressure,True
2023-09-24 04:00:00+00:00,2023-10-03 10:00:00+00:00,2023-10-03 06:00:00-04:00,223,59.0,60.61485797788554,boost_5y_no_dew_pressure,True
2023-09-24 04:00:00+00:00,2023-10-03 11:00:00+00:00,2023-10-03 07:00:00-04:00,224,60.0,61.38921804736246,boost_5y_no_dew_pressure,True
2023-09-24 04:00:00+00:00,2023-10-03 12:00:00+00:00,2023-10-03 08:00:00-04:00,225,67.0,64.42553902126568,boost_5y_no_dew_pressure,True
2023-09-24 04:00:00+00:00,2023-10-03 13:00:00+00:00,2023-10-03 09:00:00-04:00,226,72.0,67.87060918707972,boost_5y_no_dew_pressure,True
2023-09-24 04:00:00+00:00,2023-10-03 14:00:00+00:00,2023-10-03 10:00:00-04:00,227,76.0,71.23009864028708,boost_5y_no_dew_pressure,True
2023-09-24 04:00:00+00:00,2023-10-03 15:00:00+00:00,2023-10-03 11:00:00-04:00,228,79.0,73.6556043344113,boost_5y_no_dew_pressure,True
2023-09-24 04:00:00+00:00,2023-10-03 16:00:00+00:00,2023-10-03 12:00:00-04:00,229,80.0,75.46919455800835,boost_5y_no_dew_pressure,True
2023-09-24 04:00:00+00:00,2023-10-03 17:00:00+00:00,2023-10-03 13:00:00-04:00,230,80.0,76.84742867591123,boost_5y_no_dew_pressure,True
2023-09-24 04:00:00+00:00,2023-10-03 18:00:00+00:00,2023-10-03 14:00:00-04:00,231,82.0,77.69505022767504,boost_5y_no_dew_pressure,True
2023-09-24 04:00:00+00:00,2023-10-03 19:00:00+00:00,2023-10-03 15:00:00-04:00,232,81.0,77.6024652342345,boost_5y_no_dew_pressure,True
2023-09-24 04:00:00+00:00,2023-10-03 20:00:00+00:00,2023-10-03 16:00:00-04:00,233,82.0,77.09919702293718,boost_5y_no_dew_pressure,True
2023-09-24 04:00:00+00:00,2023-10-03 21:00:00+00:00,2023-10-03 17:00:00-04:00,234,78.0,75.39200131825612,boost_5y_no_dew_pressure,True
2023-09-24 04:00:00+00:00,2023-10-03 22:00:00+00:00,2023-10-03 18:00:00-04:00,235,77.0,71.6928011808762,boost_5y_no_dew_pressure,True
2023-09-24 04:00:00+00:00,2023-10-03 23:00:00+00:00,2023-10-03 19:00:00-04:00,236,73.0,68.82312669658243,boost_5y_no_dew_pressure,True
2023-09-24 04:00:00+00:00,2023-10-04 00:00:00+00:00,2023-10-03 20:00:00-04:00,237,70.0,67.12933390533792,boost_5y_no_dew_pressure,True
2023-09-24 04:00:00+00:00,2023-10-04 01:00:00+00:00,2023-10-03 21:00:00-04:00,238,67.0,65.81016046730898,boost_5y_no_dew_pressure,True
2023-09-24 04:00:00+00:00,2023-10-04 02:00:00+00:00,2023-10-03 22:00:00-04:00,239,68.0,65.25748542837174,boost_5y_no_dew_pressure,True
2023-09-24 04:00:00+00:00,2023-10-04 03:00:00+00:00,2023-10-03 23:00:00-04:00,240,64.0,64.56953370608736,boost_5y_no_dew_pressure,True
2023-09-24 04:00:00+00:00,2023-10-04 04:00:00+00:00,2023-10-04 00:00:00-04:00,241,64.0,63.770667721515345,boost_5y_no_dew_pressure,True
2023-09-24 04:00:00+00:00,2023-10-04 05:00:00+00:00,2023-10-04 01:00:00-04:00,242,67.0,63.02811588861733,boost_5y_no_dew_pressure,True
2023-09-24 04:00:00+00:00,2023-10-04 06:00:00+00:00,2023-10-04 02:00:00-04:00,243,63.0,62.56720397004108,boost_5y_no_dew_pressure,True
2023-09-24 04:00:00+00:00,2023-10-04 07:00:00+00:00,2023-10-04 03:00:00-04:00,244,60.0,61.88142049185063,boost_5y_no_dew_pressure,True
2023-09-24 04:00:00+00:00,2023-10-04 08:00:00+00:00,2023-10-04 04:00:00-04:00,245,61.0,61.585668175727605,boost_5y_no_dew_pressure,True
2023-09-24 04:00:00+00:00,2023-10-04 09:00:00+00:00,2023-10-04 05:00:00-04:00,246,60.0,60.97920054179775,boost_5y_no_dew_pressure,True
2023-09-24 04:00:00+00:00,2023-10-04 10:00:00+00:00,2023-10-04 06:00:00-04:00,247,59.0,60.55778619760204,boost_5y_no_dew_pressure,True
2023-09-24 04:00:00+00:00,2023-10-04 11:00:00+00:00,2023-10-04 07:00:00-04:00,248,60.0,61.39123515244341,boost_5y_no_dew_pressure,True
2023-09-24 04:00:00+00:00,2023-10-04 12:00:00+00:00,2023-10-04 08:00:00-04:00,249,65.0,64.44105214917103,boost_5y_no_dew_pressure,True
2023-09-24 04:00:00+00:00,2023-10-04 13:00:00+00:00,2023-10-04 09:00:00-04:00,250,70.0,67.74676603259314,boost_5y_no_dew_pressure,True
2023-09-24 04:00:00+00:00,2023-10-04 14:00:00+00:00,2023-10-04 10:00:00-04:00,251,75.0,71.13838675960893,boost_5y_no_dew_pressure,True
2023-09-24 04:00:00+00:00,2023-10-04 15:00:00+00:00,2023-10-04 11:00:00-04:00,252,76.0,73.50637202010974,boost_5y_no_dew_pressure,True
2023-09-24 04:00:00+00:00,2023-10-04 16:00:00+00:00,2023-10-04 12:00:00-04:00,253,77.0,75.29249629963836,boost_5y_no_dew_pressure,True
2023-09-24 04:00:00+00:00,2023-10-04 17:00:00+00:00,2023-10-04 13:00:00-04:00,254,79.0,76.62207533923343,boost_5y_no_dew_pressure,True
2023-09-24 04:00:00+00:00,2023-10-04 18:00:00+00:00,2023-10-04 14:00:00-04:00,255,80.0,77.38692019973882,boost_5y_no_dew_pressure,True
2023-09-24 04:00:00+00:00,2023-10-04 19:00:00+00:00,2023-10-04 15:00:00-04:00,256,80.0,77.34598862186003,boost_5y_no_dew_pressure,True
2023-09-24 04:00:00+00:00,2023-10-04 20:00:00+00:00,2023-10-04 16:00:00-04:00,257,79.0,76.71813048409186,boost_5y_no_dew_pressure,True
2023-09-24 04:00:00+00:00,2023-10-04 21:00:00+00:00,2023-10-04 17:00:00-04:00,258,78.0,74.97036338537484,boost_5y_no_dew_pressure,True
2023-09-24 04:00:00+00:00,2023-10-04 22:00:00+00:00,2023-10-04 18:00:00-04:00,259,74.0,71.26833531060565,boost_5y_no_dew_pressure,True
2023-09-24 04:00:00+00:00,2023-10-04 23:00:00+00:00,2023-10-04 19:00:00-04:00,260,70.0,68.42643138722339,boost_5y_no_dew_pressure,True
2023-09-24 04:00:00+00:00,2023-10-05 00:00:00+00:00,2023-10-04 20:00:00-04:00,261,64.0,66.90800005087475,boost_5y_no_dew_pressure,True
2023-09-24 04:00:00+00:00,2023-10-05 01:00:00+00:00,2023-10-04 21:00:00-04:00,262,61.0,65.57112835925656,boost_5y_no_dew_pressure,True
2023-09-24 04:00:00+00:00,2023-10-05 02:00:00+00:00,2023-10-04 22:00:00-04:00,263,62.0,65.05518776878314,boost_5y_no_dew_pressure,True
2023-09-24 04:00:00+00:00,2023-10-05 03:00:00+00:00,2023-10-04 23:00:00-04:00,264,62.0,64.35342923889141,boost_5y_no_dew_pressure,True
2023-09-24 04:00:00+00:00,2023-10-05 04:00:00+00:00,2023-10-05 00:00:00-04:00,265,60.0,63.58125189918565,boost_5y_no_dew_pressure,True
2023-09-24 04:00:00+00:00,2023-10-05 05:00:00+00:00,2023-10-05 01:00:00-04:00,266,60.0,62.74889453530651,boost_5y_no_dew_pressure,True
2023-09-24 04:00:00+00:00,2023-10-05 06:00:00+00:00,2023-10-05 02:00:00-04:00,267,61.0,62.36334223297155,boost_5y_no_dew_pressure,True
2023-09-24 04:00:00+00:00,2023-10-05 07:00:00+00:00,2023-10-05 03:00:00-04:00,268,61.0,61.69796769363838,boost_5y_no_dew_pressure,True
2023-09-24 04:00:00+00:00,2023-10-05 08:00:00+00:00,2023-10-05 04:00:00-04:00,269,58.0,61.377027382950686,boost_5y_no_dew_pressure,True
2023-09-24 04:00:00+00:00,2023-10-05 09:00:00+00:00,2023-10-05 05:00:00-04:00,270,59.0,60.75306583936739,boost_5y_no_dew_pressure,True
2023-09-24 04:00:00+00:00,2023-10-05 10:00:00+00:00,2023-10-05 06:00:00-04:00,271,58.0,60.396839583637096,boost_5y_no_dew_pressure,True
2023-09-24 04:00:00+00:00,2023-10-05 11:00:00+00:00,2023-10-05 07:00:00-04:00,272,60.0,61.15456106400532,boost_5y_no_dew_pressure,True
2023-09-24 04:00:00+00:00,2023-10-05 12:00:00+00:00,2023-10-05 08:00:00-04:00,273,66.0,64.13225104439874,boost_5y_no_dew_pressure,True
2023-09-24 04:00:00+00:00,2023-10-05 13:00:00+00:00,2023-10-05 09:00:00-04:00,274,71.0,67.46201568558884,boost_5y_no_dew_pressure,True
2023-09-24 04:00:00+00:00,2023-10-05 14:00:00+00:00,2023-10-05 10:00:00-04:00,275,75.0,70.95311455285697,boost_5y_no_dew_pressure,True
2023-09-24 04:00:00+00:00,2023-10-05 15:00:00+00:00,2023-10-05 11:00:00-04:00,276,77.0,73.35363316070652,boost_5y_no_dew_pressure,True
2023-09-24 04:00:00+00:00,2023-10-05 16:00:00+00:00,2023-10-05 12:00:00-04:00,277,77.0,75.10712637494771,boost_5y_no_dew_pressure,True
2023-09-24 04:00:00+00:00,2023-10-05 17:00:00+00:00,2023-10-05 13:00:00-04:00,278,81.0,76.40307104198357,boost_5y_no_dew_pressure,True
2023-09-24 04:00:00+00:00,2023-10-05 18:00:00+00:00,2023-10-05 14:00:00-04:00,279,80.0,77.1387527832244,boost_5y_no_dew_pressure,True
2023-09-24 04:00:00+00:00,2023-10-05 19:00:00+00:00,2023-10-05 15:00:00-04:00,280,80.0,77.07142301976607,boost_5y_no_dew_pressure,True
2023-09-24 04:00:00+00:00,2023-10-05 20:00:00+00:00,2023-10-05 16:00:00-04:00,281,81.0,76.47522457326058,boost_5y_no_dew_pressure,True
2023-09-24 04:00:00+00:00,2023-10-05 21:00:00+00:00,2023-10-05 17:00:00-04:00,282,79.0,74.74217865588228,boost_5y_no_dew_pressure,True
2023-09-24 04:00:00+00:00,2023-10-05 22:00:00+00:00,2023-10-05 18:00:00-04:00,283,77.0,70.99777833424999,boost_5y_no_dew_pressure,True
2023-09-24 04:00:00+00:00,2023-10-05 23:00:00+00:00,2023-10-05 19:00:00-04:00,284,71.0,68.23423522425554,boost_5y_no_dew_pressure,True
2023-09-24 04:00:00+00:00,2023-10-06 00:00:00+00:00,2023-10-05 20:00:00-04:00,285,68.0,66.86040400017403,boost_5y_no_dew_pressure,True
2023-09-24 04:00:00+00:00,2023-10-06 01:00:00+00:00,2023-10-05 21:00:00-04:00,286,67.0,65.55457935489316,boost_5y_no_dew_pressure,True
2023-09-24 04:00:00+00:00,2023-10-06 02:00:00+00:00,2023-10-05 22:00:00-04:00,287,68.0,64.94306807582402,boost_5y_no_dew_pressure,True
2023-09-24 04:00:00+00:00,2023-10-06 03:00:00+00:00,2023-10-05 23:00:00-04:00,288,67.0,64.22040816013407,boost_5y_no_dew_pressure,True
2023-09-24 04:00:00+00:00,2023-10-06 04:00:00+00:00,2023-10-06 00:00:00-04:00,289,67.0,63.479662078684754,boost_5y_no_dew_pressure,True
2023-09-24 04:00:00+00:00,2023-10-06 05:00:00+00:00,2023-10-06 01:00:00-04:00,290,66.0,62.756971530986625,boost_5y_no_dew_pressure,True
2023-09-24 04:00:00+00:00,2023-10-06 06:00:00+00:00,2023-10-06 02:00:00-04:00,291,64.0,62.32889742611682,boost_5y_no_dew_pressure,True
2023-09-24 04:00:00+00:00,2023-10-06 07:00:00+00:00,2023-10-06 03:00:00-04:00,292,65.0,61.71902936878885,boost_5y_no_dew_pressure,True
2023-09-24 04:00:00+00:00,2023-10-06 08:00:00+00:00,2023-10-06 04:00:00-04:00,293,64.0,61.383733323123224,boost_5y_no_dew_pressure,True
2023-09-24 04:00:00+00:00,2023-10-06 09:00:00+00:00,2023-10-06 05:00:00-04:00,294,65.0,60.85484670576165,boost_5y_no_dew_pressure,True
2023-09-24 04:00:00+00:00,2023-10-06 10:00:00+00:00,2023-10-06 06:00:00-04:00,295,64.0,60.536297072873076,boost_5y_no_dew_pressure,True
2023-09-24 04:00:00+00:00,2023-10-06 11:00:00+00:00,2023-10-06 07:00:00-04:00,296,65.0,61.19955203184279,boost_5y_no_dew_pressure,True
2023-09-24 04:00:00+00:00,2023-10-06 12:00:00+00:00,2023-10-06 08:00:00-04:00,297,67.0,64.09116875529614,boost_5y_no_dew_pressure,True
2023-09-24 04:00:00+00:00,2023-10-06 13:00:00+00:00,2023-10-06 09:00:00-04:00,298,69.0,67.33406211250652,boost_5y_no_dew_pressure,True
2023-09-24 04:00:00+00:00,2023-10-06 14:00:00+00:00,2023-10-06 10:00:00-04:00,299,71.0,70.7185361231686,boost_5y_no_dew_pressure,True
2023-09-24 04:00:00+00:00,2023-10-06 15:00:00+00:00,2023-10-06 11:00:00-04:00,300,76.0,73.00272743639417,boost_5y_no_dew_pressure,True
2023-09-24 04:00:00+00:00,2023-10-06 16:00:00+00:00,2023-10-06 12:00:00-04:00,301,78.0,74.67373004406232,boost_5y_no_dew_pressure,True
2023-09-24 04:00:00+00:00,2023-10-06 17:00:00+00:00,2023-10-06 13:00:00-04:00,302,79.0,75.98289549387087,boost_5y_no_dew_pressure,True
2023-09-24 04:00:00+00:00,2023-10-06 18:00:00+00:00,2023-10-06 14:00:00-04:00,303,79.0,76.71701646299063,boost_5y_no_dew_pressure,True
2023-09-24 04:00:00+00:00,2023-10-06 19:00:00+00:00,2023-10-06 15:00:00-04:00,304,79.0,76.63107947706257,boost_5y_no_dew_pressure,True
2023-09-24 04:00:00+00:00,2023-10-06 20:00:00+00:00,2023-10-06 16:00:00-04:00,305,78.0,76.12168576062462,boost_5y_no_dew_pressure,True
2023-09-24 04:00:00+00:00,2023-10-06 21:00:00+00:00,2023-10-06 17:00:00-04:00,306,76.0,74.39967509218161,boost_5y_no_dew_pressure,True
2023-09-24 04:00:00+00:00,2023-10-06 22:00:00+00:00,2023-10-06 18:00:00-04:00,307,74.0,70.64813184155616,boost_5y_no_dew_pressure,True
2023-09-24 04:00:00+00:00,2023-10-06 23:00:00+00:00,2023-10-06 19:00:00-04:00,308,72.0,67.89312894705317,boost_5y_no_dew_pressure,True
2023-09-24 04:00:00+00:00,2023-10-07 00:00:00+00:00,2023-10-06 20:00:00-04:00,309,72.0,66.5725648260681,boost_5y_no_dew_pressure,True
2023-09-24 04:00:00+00:00,2023-10-07 01:00:00+00:00,2023-10-06 21:00:00-04:00,310,69.0,65.29258688063373,boost_5y_no_dew_pressure,True
2023-09-24 04:00:00+00:00,2023-10-07 02:00:00+00:00,2023-10-06 22:00:00-04:00,311,67.0,64.67998584363765,boost_5y_no_dew_pressure,True
2023-09-24 04:00:00+00:00,2023-10-07 03:00:00+00:00,2023-10-06 23:00:00-04:00,312,66.0,64.05084790844705,boost_5y_no_dew_pressure,True
2023-09-24 04:00:00+00:00,2023-10-07 04:00:00+00:00,2023-10-07 00:00:00-04:00,313,66.0,63.20985152072737,boost_5y_no_dew_pressure,True
2023-09-24 04:00:00+00:00,2023-10-07 05:00:00+00:00,2023-10-07 01:00:00-04:00,314,65.0,62.589429505073404,boost_5y_no_dew_pressure,True
2023-09-24 04:00:00+00:00,2023-10-07 06:00:00+00:00,2023-10-07 02:00:00-04:00,315,64.0,62.14573535558121,boost_5y_no_dew_pressure,True
2023-09-24 04:00:00+00:00,2023-10-07 07:00:00+00:00,2023-10-07 03:00:00-04:00,316,63.0,61.48395095816996,boost_5y_no_dew_pressure,True
2023-09-24 04:00:00+00:00,2023-10-07 08:00:00+00:00,2023-10-07 04:00:00-04:00,317,64.0,61.14877649105549,boost_5y_no_dew_pressure,True
2023-09-24 04:00:00+00:00,2023-10-07 09:00:00+00:00,2023-10-07 05:00:00-04:00,318,65.0,60.63196078696383,boost_5y_no_dew_pressure,True
2023-09-24 04:00:00+00:00,2023-10-07 10:00:00+00:00,2023-10-07 06:00:00-04:00,319,65.0,60.32595671955429,boost_5y_no_dew_pressure,True
2023-09-24 04:00:00+00:00,2023-10-07 11:00:00+00:00,2023-10-07 07:00:00-04:00,320,66.0,60.83936110232259,boost_5y_no_dew_pressure,True
2023-09-24 04:00:00+00:00,2023-10-07 12:00:00+00:00,2023-10-07 08:00:00-04:00,321,63.0,63.67776478149607,boost_5y_no_dew_pressure,True
2023-09-24 04:00:00+00:00,2023-10-07 13:00:00+00:00,2023-10-07 09:00:00-04:00,322,63.0,66.83363831609798,boost_5y_no_dew_pressure,True
2023-09-24 04:00:00+00:00,2023-10-07 14:00:00+00:00,2023-10-07 10:00:00-04:00,323,64.0,70.17356501824766,boost_5y_no_dew_pressure,True
2023-09-24 04:00:00+00:00,2023-10-07 15:00:00+00:00,2023-10-07 11:00:00-04:00,324,69.0,72.45439167576514,boost_5y_no_dew_pressure,True
2023-09-24 04:00:00+00:00,2023-10-07 16:00:00+00:00,2023-10-07 12:00:00-04:00,325,73.0,74.12875436490668,boost_5y_no_dew_pressure,True
2023-09-24 04:00:00+00:00,2023-10-07 17:00:00+00:00,2023-10-07 13:00:00-04:00,326,74.0,75.46390396584883,boost_5y_no_dew_pressure,True
2023-09-24 04:00:00+00:00,2023-10-07 18:00:00+00:00,2023-10-07 14:00:00-04:00,327,73.0,76.2911604534556,boost_5y_no_dew_pressure,True
2023-09-24 04:00:00+00:00,2023-10-07 19:00:00+00:00,2023-10-07 15:00:00-04:00,328,71.0,76.25428366999614,boost_5y_no_dew_pressure,True
2023-09-24 04:00:00+00:00,2023-10-07 20:00:00+00:00,2023-10-07 16:00:00-04:00,329,70.0,75.79176512734476,boost_5y_no_dew_pressure,True
2023-09-24 04:00:00+00:00,2023-10-07 21:00:00+00:00,2023-10-07 17:00:00-04:00,330,69.0,74.07029537865671,boost_5y_no_dew_pressure,True
2023-09-24 04:00:00+00:00,2023-10-07 22:00:00+00:00,2023-10-07 18:00:00-04:00,331,66.0,70.121696307142,boost_5y_no_dew_pressure,True
2023-09-24 04:00:00+00:00,2023-10-07 23:00:00+00:00,2023-10-07 19:00:00-04:00,332,64.0,67.34077109790306,boost_5y_no_dew_pressure,True
2023-09-24 04:00:00+00:00,2023-10-08 00:00:00+00:00,2023-10-07 20:00:00-04:00,333,61.0,65.92700569763886,boost_5y_no_dew_pressure,True
2023-09-24 04:00:00+00:00,2023-10-08 01:00:00+00:00,2023-10-07 21:00:00-04:00,334,59.0,64.56699402806616,boost_5y_no_dew_pressure,True
2023-09-24 04:00:00+00:00,2023-10-08 02:00:00+00:00,2023-10-07 22:00:00-04:00,335,56.0,63.900824981217276,boost_5y_no_dew_pressure,True
2023-09-24 04:00:00+00:00,2023-10-08 03:00:00+00:00,2023-10-07 23:00:00-04:00,336,55.0,63.20318529018183,boost_5y_no_dew_pressure,True
2023-10-01 04:00:00+00:00,2023-10-01 04:00:00+00:00,2023-10-01 00:00:00-04:00,1,58.0,62.05192168292669,boost_5y_no_dew_pressure,True
2023-10-01 04:00:00+00:00,2023-10-01 05:00:00+00:00,2023-10-01 01:00:00-04:00,2,60.0,61.568147829003394,boost_5y_no_dew_pressure,True
2023-10-01 04:00:00+00:00,2023-10-01 06:00:00+00:00,2023-10-01 02:00:00-04:00,3,58.0,61.00148354816306,boost_5y_no_dew_pressure,True
2023-10-01 04:00:00+00:00,2023-10-01 07:00:00+00:00,2023-10-01 03:00:00-04:00,4,60.0,61.02818387713509,boost_5y_no_dew_pressure,True
2023-10-01 04:00:00+00:00,2023-10-01 08:00:00+00:00,2023-10-01 04:00:00-04:00,5,61.0,60.78527989207969,boost_5y_no_dew_pressure,True
2023-10-01 04:00:00+00:00,2023-10-01 09:00:00+00:00,2023-10-01 05:00:00-04:00,6,60.0,60.75717688120636,boost_5y_no_dew_pressure,True
2023-10-01 04:00:00+00:00,2023-10-01 10:00:00+00:00,2023-10-01 06:00:00-04:00,7,60.0,60.47738056483988,boost_5y_no_dew_pressure,True
2023-10-01 04:00:00+00:00,2023-10-01 11:00:00+00:00,2023-10-01 07:00:00-04:00,8,60.0,60.88188957944997,boost_5y_no_dew_pressure,True
2023-10-01 04:00:00+00:00,2023-10-01 12:00:00+00:00,2023-10-01 08:00:00-04:00,9,66.0,63.75912776643168,boost_5y_no_dew_pressure,True
2023-10-01 04:00:00+00:00,2023-10-01 13:00:00+00:00,2023-10-01 09:00:00-04:00,10,69.0,67.05116224789927,boost_5y_no_dew_pressure,True
2023-10-01 04:00:00+00:00,2023-10-01 14:00:00+00:00,2023-10-01 10:00:00-04:00,11,73.0,68.98338684816615,boost_5y_no_dew_pressure,True
2023-10-01 04:00:00+00:00,2023-10-01 15:00:00+00:00,2023-10-01 11:00:00-04:00,12,75.0,72.02346033394862,boost_5y_no_dew_pressure,True
2023-10-01 04:00:00+00:00,2023-10-01 16:00:00+00:00,2023-10-01 12:00:00-04:00,13,78.0,73.65444733989672,boost_5y_no_dew_pressure,True
2023-10-01 04:00:00+00:00,2023-10-01 17:00:00+00:00,2023-10-01 13:00:00-04:00,14,79.0,75.46603360898405,boost_5y_no_dew_pressure,True
2023-10-01 04:00:00+00:00,2023-10-01 18:00:00+00:00,2023-10-01 14:00:00-04:00,15,81.0,76.52417446286101,boost_5y_no_dew_pressure,True
2023-10-01 04:00:00+00:00,2023-10-01 19:00:00+00:00,2023-10-01 15:00:00-04:00,16,80.0,76.70193409503828,boost_5y_no_dew_pressure,True
2023-10-01 04:00:00+00:00,2023-10-01 20:00:00+00:00,2023-10-01 16:00:00-04:00,17,79.0,76.10999903028234,boost_5y_no_dew_pressure,True
2023-10-01 04:00:00+00:00,2023-10-01 21:00:00+00:00,2023-10-01 17:00:00-04:00,18,80.0,73.92042856555456,boost_5y_no_dew_pressure,True
2023-10-01 04:00:00+00:00,2023-10-01 22:00:00+00:00,2023-10-01 18:00:00-04:00,19,74.0,69.97681686275837,boost_5y_no_dew_pressure,True
2023-10-01 04:00:00+00:00,2023-10-01 23:00:00+00:00,2023-10-01 19:00:00-04:00,20,69.0,67.03809477389238,boost_5y_no_dew_pressure,True
2023-10-01 04:00:00+00:00,2023-10-02 00:00:00+00:00,2023-10-01 20:00:00-04:00,21,66.0,65.4171550184946,boost_5y_no_dew_pressure,True
2023-10-01 04:00:00+00:00,2023-10-02 01:00:00+00:00,2023-10-01 21:00:00-04:00,22,64.0,64.15875850049919,boost_5y_no_dew_pressure,True
2023-10-01 04:00:00+00:00,2023-10-02 02:00:00+00:00,2023-10-01 22:00:00-04:00,23,63.0,63.63169018859592,boost_5y_no_dew_pressure,True
2023-10-01 04:00:00+00:00,2023-10-02 03:00:00+00:00,2023-10-01 23:00:00-04:00,24,61.0,62.927712384024055,boost_5y_no_dew_pressure,True
2023-10-01 04:00:00+00:00,2023-10-02 04:00:00+00:00,2023-10-02 00:00:00-04:00,25,61.0,63.64015891944625,boost_5y_no_dew_pressure,True
2023-10-01 04:00:00+00:00,2023-10-02 05:00:00+00:00,2023-10-02 01:00:00-04:00,26,60.0,62.980309810735044,boost_5y_no_dew_pressure,True
2023-10-01 04:00:00+00:00,2023-10-02 06:00:00+00:00,2023-10-02 02:00:00-04:00,27,60.0,62.51665203528649,boost_5y_no_dew_pressure,True
2023-10-01 04:00:00+00:00,2023-10-02 07:00:00+00:00,2023-10-02 03:00:00-04:00,28,59.0,62.35228703465781,boost_5y_no_dew_pressure,True
2023-10-01 04:00:00+00:00,2023-10-02 08:00:00+00:00,2023-10-02 04:00:00-04:00,29,61.0,62.04560960825644,boost_5y_no_dew_pressure,True
2023-10-01 04:00:00+00:00,2023-10-02 09:00:00+00:00,2023-10-02 05:00:00-04:00,30,62.0,61.8115361512906,boost_5y_no_dew_pressure,True
2023-10-01 04:00:00+00:00,2023-10-02 10:00:00+00:00,2023-10-02 06:00:00-04:00,31,60.0,61.42424821008437,boost_5y_no_dew_pressure,True
2023-10-01 04:00:00+00:00,2023-10-02 11:00:00+00:00,2023-10-02 07:00:00-04:00,32,61.0,61.95515330366343,boost_5y_no_dew_pressure,True
2023-10-01 04:00:00+00:00,2023-10-02 12:00:00+00:00,2023-10-02 08:00:00-04:00,33,66.0,64.39602991836819,boost_5y_no_dew_pressure,True
2023-10-01 04:00:00+00:00,2023-10-02 13:00:00+00:00,2023-10-02 09:00:00-04:00,34,70.0,68.00269588723322,boost_5y_no_dew_pressure,True
2023-10-01 04:00:00+00:00,2023-10-02 14:00:00+00:00,2023-10-02 10:00:00-04:00,35,75.0,71.34419348479237,boost_5y_no_dew_pressure,True
2023-10-01 04:00:00+00:00,2023-10-02 15:00:00+00:00,2023-10-02 11:00:00-04:00,36,79.0,74.14056528857967,boost_5y_no_dew_pressure,True
2023-10-01 04:00:00+00:00,2023-10-02 16:00:00+00:00,2023-10-02 12:00:00-04:00,37,81.0,75.71880809475603,boost_5y_no_dew_pressure,True
2023-10-01 04:00:00+00:00,2023-10-02 17:00:00+00:00,2023-10-02 13:00:00-04:00,38,82.0,77.17664252056282,boost_5y_no_dew_pressure,True
2023-10-01 04:00:00+00:00,2023-10-02 18:00:00+00:00,2023-10-02 14:00:00-04:00,39,83.0,78.4176466911359,boost_5y_no_dew_pressure,True
2023-10-01 04:00:00+00:00,2023-10-02 19:00:00+00:00,2023-10-02 15:00:00-04:00,40,83.0,78.27235672574763,boost_5y_no_dew_pressure,True
2023-10-01 04:00:00+00:00,2023-10-02 20:00:00+00:00,2023-10-02 16:00:00-04:00,41,83.0,77.38191900228635,boost_5y_no_dew_pressure,True
2023-10-01 04:00:00+00:00,2023-10-02 21:00:00+00:00,2023-10-02 17:00:00-04:00,42,81.0,75.84777291408514,boost_5y_no_dew_pressure,True
2023-10-01 04:00:00+00:00,2023-10-02 22:00:00+00:00,2023-10-02 18:00:00-04:00,43,76.0,71.98802768244835,boost_5y_no_dew_pressure,True
2023-10-01 04:00:00+00:00,2023-10-02 23:00:00+00:00,2023-10-02 19:00:00-04:00,44,73.0,69.10226374187391,boost_5y_no_dew_pressure,True
2023-10-01 04:00:00+00:00,2023-10-03 00:00:00+00:00,2023-10-02 20:00:00-04:00,45,71.0,67.58746732348823,boost_5y_no_dew_pressure,True
2023-10-01 04:00:00+00:00,2023-10-03 01:00:00+00:00,2023-10-02 21:00:00-04:00,46,66.0,66.27681577484971,boost_5y_no_dew_pressure,True
2023-10-01 04:00:00+00:00,2023-10-03 02:00:00+00:00,2023-10-02 22:00:00-04:00,47,66.0,65.66605461987113,boost_5y_no_dew_pressure,True
2023-10-01 04:00:00+00:00,2023-10-03 03:00:00+00:00,2023-10-02 23:00:00-04:00,48,65.0,64.87866077465415,boost_5y_no_dew_pressure,True
2023-10-01 04:00:00+00:00,2023-10-03 04:00:00+00:00,2023-10-03 00:00:00-04:00,49,64.0,64.43314623161639,boost_5y_no_dew_pressure,True
2023-10-01 04:00:00+00:00,2023-10-03 05:00:00+00:00,2023-10-03 01:00:00-04:00,50,64.0,63.80880729548214,boost_5y_no_dew_pressure,True
2023-10-01 04:00:00+00:00,2023-10-03 06:00:00+00:00,2023-10-03 02:00:00-04:00,51,62.0,63.30723963707397,boost_5y_no_dew_pressure,True
2023-10-01 04:00:00+00:00,2023-10-03 07:00:00+00:00,2023-10-03 03:00:00-04:00,52,62.0,62.9900312747021,boost_5y_no_dew_pressure,True
2023-10-01 04:00:00+00:00,2023-10-03 08:00:00+00:00,2023-10-03 04:00:00-04:00,53,60.0,62.67703083845474,boost_5y_no_dew_pressure,True
2023-10-01 04:00:00+00:00,2023-10-03 09:00:00+00:00,2023-10-03 05:00:00-04:00,54,59.0,62.36348823915334,boost_5y_no_dew_pressure,True
2023-10-01 04:00:00+00:00,2023-10-03 10:00:00+00:00,2023-10-03 06:00:00-04:00,55,59.0,61.93431637080346,boost_5y_no_dew_pressure,True
2023-10-01 04:00:00+00:00,2023-10-03 11:00:00+00:00,2023-10-03 07:00:00-04:00,56,60.0,62.74672998772649,boost_5y_no_dew_pressure,True
2023-10-01 04:00:00+00:00,2023-10-03 12:00:00+00:00,2023-10-03 08:00:00-04:00,57,67.0,65.12912765769629,boost_5y_no_dew_pressure,True
2023-10-01 04:00:00+00:00,2023-10-03 13:00:00+00:00,2023-10-03 09:00:00-04:00,58,72.0,68.53711071764914,boost_5y_no_dew_pressure,True
2023-10-01 04:00:00+00:00,2023-10-03 14:00:00+00:00,2023-10-03 10:00:00-04:00,59,76.0,71.76956768324338,boost_5y_no_dew_pressure,True
2023-10-01 04:00:00+00:00,2023-10-03 15:00:00+00:00,2023-10-03 11:00:00-04:00,60,79.0,74.20779231619265,boost_5y_no_dew_pressure,True
2023-10-01 04:00:00+00:00,2023-10-03 16:00:00+00:00,2023-10-03 12:00:00-04:00,61,80.0,75.97667062003799,boost_5y_no_dew_pressure,True
2023-10-01 04:00:00+00:00,2023-10-03 17:00:00+00:00,2023-10-03 13:00:00-04:00,62,80.0,77.4510183230248,boost_5y_no_dew_pressure,True
2023-10-01 04:00:00+00:00,2023-10-03 18:00:00+00:00,2023-10-03 14:00:00-04:00,63,82.0,78.51169161630854,boost_5y_no_dew_pressure,True
2023-10-01 04:00:00+00:00,2023-10-03 19:00:00+00:00,2023-10-03 15:00:00-04:00,64,81.0,78.458689803095,boost_5y_no_dew_pressure,True
2023-10-01 04:00:00+00:00,2023-10-03 20:00:00+00:00,2023-10-03 16:00:00-04:00,65,82.0,77.69581461534024,boost_5y_no_dew_pressure,True
2023-10-01 04:00:00+00:00,2023-10-03 21:00:00+00:00,2023-10-03 17:00:00-04:00,66,78.0,75.91084388650243,boost_5y_no_dew_pressure,True
2023-10-01 04:00:00+00:00,2023-10-03 22:00:00+00:00,2023-10-03 18:00:00-04:00,67,77.0,72.12622835455925,boost_5y_no_dew_pressure,True
2023-10-01 04:00:00+00:00,2023-10-03 23:00:00+00:00,2023-10-03 19:00:00-04:00,68,73.0,69.30032881791637,boost_5y_no_dew_pressure,True
2023-10-01 04:00:00+00:00,2023-10-04 00:00:00+00:00,2023-10-03 20:00:00-04:00,69,70.0,67.71559839340294,boost_5y_no_dew_pressure,True
2023-10-01 04:00:00+00:00,2023-10-04 01:00:00+00:00,2023-10-03 21:00:00-04:00,70,67.0,66.34572997438367,boost_5y_no_dew_pressure,True
2023-10-01 04:00:00+00:00,2023-10-04 02:00:00+00:00,2023-10-03 22:00:00-04:00,71,68.0,65.77967402543831,boost_5y_no_dew_pressure,True
2023-10-01 04:00:00+00:00,2023-10-04 03:00:00+00:00,2023-10-03 23:00:00-04:00,72,64.0,65.00036827215642,boost_5y_no_dew_pressure,True
2023-10-01 04:00:00+00:00,2023-10-04 04:00:00+00:00,2023-10-04 00:00:00-04:00,73,64.0,64.28196640681448,boost_5y_no_dew_pressure,True
2023-10-01 04:00:00+00:00,2023-10-04 05:00:00+00:00,2023-10-04 01:00:00-04:00,74,67.0,63.74507845682493,boost_5y_no_dew_pressure,True
2023-10-01 04:00:00+00:00,2023-10-04 06:00:00+00:00,2023-10-04 02:00:00-04:00,75,63.0,63.30287493102599,boost_5y_no_dew_pressure,True
2023-10-01 04:00:00+00:00,2023-10-04 07:00:00+00:00,2023-10-04 03:00:00-04:00,76,60.0,62.84861710539501,boost_5y_no_dew_pressure,True
2023-10-01 04:00:00+00:00,2023-10-04 08:00:00+00:00,2023-10-04 04:00:00-04:00,77,61.0,62.51102046911182,boost_5y_no_dew_pressure,True
2023-10-01 04:00:00+00:00,2023-10-04 09:00:00+00:00,2023-10-04 05:00:00-04:00,78,60.0,62.1647019786615,boost_5y_no_dew_pressure,True
2023-10-01 04:00:00+00:00,2023-10-04 10:00:00+00:00,2023-10-04 06:00:00-04:00,79,59.0,61.7513959568929,boost_5y_no_dew_pressure,True
2023-10-01 04:00:00+00:00,2023-10-04 11:00:00+00:00,2023-10-04 07:00:00-04:00,80,60.0,62.47585027104048,boost_5y_no_dew_pressure,True
2023-10-01 04:00:00+00:00,2023-10-04 12:00:00+00:00,2023-10-04 08:00:00-04:00,81,65.0,64.93533990206392,boost_5y_no_dew_pressure,True
2023-10-01 04:00:00+00:00,2023-10-04 13:00:00+00:00,2023-10-04 09:00:00-04:00,82,70.0,68.134175806467,boost_5y_no_dew_pressure,True
2023-10-01 04:00:00+00:00,2023-10-04 14:00:00+00:00,2023-10-04 10:00:00-04:00,83,75.0,71.47408886943708,boost_5y_no_dew_pressure,True
2023-10-01 04:00:00+00:00,2023-10-04 15:00:00+00:00,2023-10-04 11:00:00-04:00,84,76.0,73.88194642441134,boost_5y_no_dew_pressure,True
2023-10-01 04:00:00+00:00,2023-10-04 16:00:00+00:00,2023-10-04 12:00:00-04:00,85,77.0,75.61625554608955,boost_5y_no_dew_pressure,True
2023-10-01 04:00:00+00:00,2023-10-04 17:00:00+00:00,2023-10-04 13:00:00-04:00,86,79.0,77.01995676304556,boost_5y_no_dew_pressure,True
2023-10-01 04:00:00+00:00,2023-10-04 18:00:00+00:00,2023-10-04 14:00:00-04:00,87,80.0,77.79637682250271,boost_5y_no_dew_pressure,True
2023-10-01 04:00:00+00:00,2023-10-04 19:00:00+00:00,2023-10-04 15:00:00-04:00,88,80.0,77.80322024746673,boost_5y_no_dew_pressure,True
2023-10-01 04:00:00+00:00,2023-10-04 20:00:00+00:00,2023-10-04 16:00:00-04:00,89,79.0,77.12272139261263,boost_5y_no_dew_pressure,True
2023-10-01 04:00:00+00:00,2023-10-04 21:00:00+00:00,2023-10-04 17:00:00-04:00,90,78.0,75.3322035495335,boost_5y_no_dew_pressure,True
2023-10-01 04:00:00+00:00,2023-10-04 22:00:00+00:00,2023-10-04 18:00:00-04:00,91,74.0,71.55655384146722,boost_5y_no_dew_pressure,True
2023-10-01 04:00:00+00:00,2023-10-04 23:00:00+00:00,2023-10-04 19:00:00-04:00,92,70.0,68.82009146745706,boost_5y_no_dew_pressure,True
2023-10-01 04:00:00+00:00,2023-10-05 00:00:00+00:00,2023-10-04 20:00:00-04:00,93,64.0,67.31121237244656,boost_5y_no_dew_pressure,True
2023-10-01 04:00:00+00:00,2023-10-05 01:00:00+00:00,2023-10-04 21:00:00-04:00,94,61.0,65.98721145485393,boost_5y_no_dew_pressure,True
2023-10-01 04:00:00+00:00,2023-10-05 02:00:00+00:00,2023-10-04 22:00:00-04:00,95,62.0,65.46223850268188,boost_5y_no_dew_pressure,True
2023-10-01 04:00:00+00:00,2023-10-05 03:00:00+00:00,2023-10-04 23:00:00-04:00,96,62.0,64.68400080852524,boost_5y_no_dew_pressure,True
2023-10-01 04:00:00+00:00,2023-10-05 04:00:00+00:00,2023-10-05 00:00:00-04:00,97,60.0,64.05506980099028,boost_5y_no_dew_pressure,True
2023-10-01 04:00:00+00:00,2023-10-05 05:00:00+00:00,2023-10-05 01:00:00-04:00,98,60.0,63.38838218096195,boost_5y_no_dew_pressure,True
2023-10-01 04:00:00+00:00,2023-10-05 06:00:00+00:00,2023-10-05 02:00:00-04:00,99,61.0,63.16607984577986,boost_5y_no_dew_pressure,True
2023-10-01 04:00:00+00:00,2023-10-05 07:00:00+00:00,2023-10-05 03:00:00-04:00,100,61.0,62.516616826562675,boost_5y_no_dew_pressure,True
2023-10-01 04:00:00+00:00,2023-10-05 08:00:00+00:00,2023-10-05 04:00:00-04:00,101,58.0,62.24185257542209,boost_5y_no_dew_pressure,True
2023-10-01 04:00:00+00:00,2023-10-05 09:00:00+00:00,2023-10-05 05:00:00-04:00,102,59.0,61.73474560581439,boost_5y_no_dew_pressure,True
2023-10-01 04:00:00+00:00,2023-10-05 10:00:00+00:00,2023-10-05 06:00:00-04:00,103,58.0,61.39072629678689,boost_5y_no_dew_pressure,True
2023-10-01 04:00:00+00:00,2023-10-05 11:00:00+00:00,2023-10-05 07:00:00-04:00,104,60.0,62.15295864065207,boost_5y_no_dew_pressure,True
2023-10-01 04:00:00+00:00,2023-10-05 12:00:00+00:00,2023-10-05 08:00:00-04:00,105,66.0,64.69352887614659,boost_5y_no_dew_pressure,True
2023-10-01 04:00:00+00:00,2023-10-05 13:00:00+00:00,2023-10-05 09:00:00-04:00,106,71.0,67.976072345009,boost_5y_no_dew_pressure,True
2023-10-01 04:00:00+00:00,2023-10-05 14:00:00+00:00,2023-10-05 10:00:00-04:00,107,75.0,71.44681380839042,boost_5y_no_dew_pressure,True
2023-10-01 04:00:00+00:00,2023-10-05 15:00:00+00:00,2023-10-05 11:00:00-04:00,108,77.0,73.83881190659326,boost_5y_no_dew_pressure,True
2023-10-01 04:00:00+00:00,2023-10-05 16:00:00+00:00,2023-10-05 12:00:00-04:00,109,77.0,75.57280210510913,boost_5y_no_dew_pressure,True
2023-10-01 04:00:00+00:00,2023-10-05 17:00:00+00:00,2023-10-05 13:00:00-04:00,110,81.0,76.92011725378536,boost_5y_no_dew_pressure,True
2023-10-01 04:00:00+00:00,2023-10-05 18:00:00+00:00,2023-10-05 14:00:00-04:00,111,80.0,77.66740834308024,boost_5y_no_dew_pressure,True
2023-10-01 04:00:00+00:00,2023-10-05 19:00:00+00:00,2023-10-05 15:00:00-04:00,112,80.0,77.66652795729581,boost_5y_no_dew_pressure,True
2023-10-01 04:00:00+00:00,2023-10-05 20:00:00+00:00,2023-10-05 16:00:00-04:00,113,81.0,77.02366015493132,boost_5y_no_dew_pressure,True
2023-10-01 04:00:00+00:00,2023-10-05 21:00:00+00:00,2023-10-05 17:00:00-04:00,114,79.0,75.30086376970341,boost_5y_no_dew_pressure,True
2023-10-01 04:00:00+00:00,2023-10-05 22:00:00+00:00,2023-10-05 18:00:00-04:00,115,77.0,71.50530833837986,boost_5y_no_dew_pressure,True
2023-10-01 04:00:00+00:00,2023-10-05 23:00:00+00:00,2023-10-05 19:00:00-04:00,116,71.0,68.8203612740387,boost_5y_no_dew_pressure,True
2023-10-01 04:00:00+00:00,2023-10-06 00:00:00+00:00,2023-10-05 20:00:00-04:00,117,68.0,67.39957480073645,boost_5y_no_dew_pressure,True
2023-10-01 04:00:00+00:00,2023-10-06 01:00:00+00:00,2023-10-05 21:00:00-04:00,118,67.0,66.03276994836145,boost_5y_no_dew_pressure,True
2023-10-01 04:00:00+00:00,2023-10-06 02:00:00+00:00,2023-10-05 22:00:00-04:00,119,68.0,65.42588127743656,boost_5y_no_dew_pressure,True
2023-10-01 04:00:00+00:00,2023-10-06 03:00:00+00:00,2023-10-05 23:00:00-04:00,120,67.0,64.68575428781217,boost_5y_no_dew_pressure,True
2023-10-01 04:00:00+00:00,2023-10-06 04:00:00+00:00,2023-10-06 00:00:00-04:00,121,67.0,63.97623222759208,boost_5y_no_dew_pressure,True
2023-10-01 04:00:00+00:00,2023-10-06 05:00:00+00:00,2023-10-06 01:00:00-04:00,122,66.0,63.33977432524042,boost_5y_no_dew_pressure,True
2023-10-01 04:00:00+00:00,2023-10-06 06:00:00+00:00,2023-10-06 02:00:00-04:00,123,64.0,63.036045838037886,boost_5y_no_dew_pressure,True
2023-10-01 04:00:00+00:00,2023-10-06 07:00:00+00:00,2023-10-06 03:00:00-04:00,124,65.0,62.45357178849481,boost_5y_no_dew_pressure,True
2023-10-01 04:00:00+00:00,2023-10-06 08:00:00+00:00,2023-10-06 04:00:00-04:00,125,64.0,62.154103254957164,boost_5y_no_dew_pressure,True
2023-10-01 04:00:00+00:00,2023-10-06 09:00:00+00:00,2023-10-06 05:00:00-04:00,126,65.0,61.729083861275456,boost_5y_no_dew_pressure,True
2023-10-01 04:00:00+00:00,2023-10-06 10:00:00+00:00,2023-10-06 06:00:00-04:00,127,64.0,61.42569435935965,boost_5y_no_dew_pressure,True
2023-10-01 04:00:00+00:00,2023-10-06 11:00:00+00:00,2023-10-06 07:00:00-04:00,128,65.0,62.05493707607859,boost_5y_no_dew_pressure,True
2023-10-01 04:00:00+00:00,2023-10-06 12:00:00+00:00,2023-10-06 08:00:00-04:00,129,67.0,64.57203527204986,boost_5y_no_dew_pressure,True
2023-10-01 04:00:00+00:00,2023-10-06 13:00:00+00:00,2023-10-06 09:00:00-04:00,130,69.0,67.70276396736253,boost_5y_no_dew_pressure,True
2023-10-01 04:00:00+00:00,2023-10-06 14:00:00+00:00,2023-10-06 10:00:00-04:00,131,71.0,70.99345481120346,boost_5y_no_dew_pressure,True
2023-10-01 04:00:00+00:00,2023-10-06 15:00:00+00:00,2023-10-06 11:00:00-04:00,132,76.0,73.25469460159266,boost_5y_no_dew_pressure,True
2023-10-01 04:00:00+00:00,2023-10-06 16:00:00+00:00,2023-10-06 12:00:00-04:00,133,78.0,74.92050110384882,boost_5y_no_dew_pressure,True
2023-10-01 04:00:00+00:00,2023-10-06 17:00:00+00:00,2023-10-06 13:00:00-04:00,134,79.0,76.24729682833099,boost_5y_no_dew_pressure,True
2023-10-01 04:00:00+00:00,2023-10-06 18:00:00+00:00,2023-10-06 14:00:00-04:00,135,79.0,76.98871350761407,boost_5y_no_dew_pressure,True
2023-10-01 04:00:00+00:00,2023-10-06 19:00:00+00:00,2023-10-06 15:00:00-04:00,136,79.0,76.9816643468759,boost_5y_no_dew_pressure,True
2023-10-01 04:00:00+00:00,2023-10-06 20:00:00+00:00,2023-10-06 16:00:00-04:00,137,78.0,76.4009213071706,boost_5y_no_dew_pressure,True
2023-10-01 04:00:00+00:00,2023-10-06 21:00:00+00:00,2023-10-06 17:00:00-04:00,138,76.0,74.69642539110058,boost_5y_no_dew_pressure,True
2023-10-01 04:00:00+00:00,2023-10-06 22:00:00+00:00,2023-10-06 18:00:00-04:00,139,74.0,70.9401437931855,boost_5y_no_dew_pressure,True
2023-10-01 04:00:00+00:00,2023-10-06 23:00:00+00:00,2023-10-06 19:00:00-04:00,140,72.0,68.22464188577644,boost_5y_no_dew_pressure,True
2023-10-01 04:00:00+00:00,2023-10-07 00:00:00+00:00,2023-10-06 20:00:00-04:00,141,72.0,66.88637104203735,boost_5y_no_dew_pressure,True
2023-10-01 04:00:00+00:00,2023-10-07 01:00:00+00:00,2023-10-06 21:00:00-04:00,142,69.0,65.55611832458739,boost_5y_no_dew_pressure,True
2023-10-01 04:00:00+00:00,2023-10-07 02:00:00+00:00,2023-10-06 22:00:00-04:00,143,67.0,64.93824090299783,boost_5y_no_dew_pressure,True
2023-10-01 04:00:00+00:00,2023-10-07 03:00:00+00:00,2023-10-06 23:00:00-04:00,144,66.0,64.2804261574871,boost_5y_no_dew_pressure,True
2023-10-01 04:00:00+00:00,2023-10-07 04:00:00+00:00,2023-10-07 00:00:00-04:00,145,66.0,63.54881972340832,boost_5y_no_dew_pressure,True
2023-10-01 04:00:00+00:00,2023-10-07 05:00:00+00:00,2023-10-07 01:00:00-04:00,146,65.0,62.98198019824686,boost_5y_no_dew_pressure,True
2023-10-01 04:00:00+00:00,2023-10-07 06:00:00+00:00,2023-10-07 02:00:00-04:00,147,64.0,62.54644611884029,boost_5y_no_dew_pressure,True
2023-10-01 04:00:00+00:00,2023-10-07 07:00:00+00:00,2023-10-07 03:00:00-04:00,148,63.0,61.951054534271734,boost_5y_no_dew_pressure,True
2023-10-01 04:00:00+00:00,2023-10-07 08:00:00+00:00,2023-10-07 04:00:00-04:00,149,64.0,61.635949263990554,boost_5y_no_dew_pressure,True
2023-10-01 04:00:00+00:00,2023-10-07 09:00:00+00:00,2023-10-07 05:00:00-04:00,150,65.0,61.18210136254526,boost_5y_no_dew_pressure,True
2023-10-01 04:00:00+00:00,2023-10-07 10:00:00+00:00,2023-10-07 06:00:00-04:00,151,65.0,60.8820265088457,boost_5y_no_dew_pressure,True
2023-10-01 04:00:00+00:00,2023-10-07 11:00:00+00:00,2023-10-07 07:00:00-04:00,152,66.0,61.382044640149516,boost_5y_no_dew_pressure,True
2023-10-01 04:00:00+00:00,2023-10-07 12:00:00+00:00,2023-10-07 08:00:00-04:00,153,63.0,63.94053355888823,boost_5y_no_dew_pressure,True
2023-10-01 04:00:00+00:00,2023-10-07 13:00:00+00:00,2023-10-07 09:00:00-04:00,154,63.0,66.96272868408644,boost_5y_no_dew_pressure,True
2023-10-01 04:00:00+00:00,2023-10-07 14:00:00+00:00,2023-10-07 10:00:00-04:00,155,64.0,70.26384535350067,boost_5y_no_dew_pressure,True
2023-10-01 04:00:00+00:00,2023-10-07 15:00:00+00:00,2023-10-07 11:00:00-04:00,156,69.0,72.54204521644297,boost_5y_no_dew_pressure,True
2023-10-01 04:00:00+00:00,2023-10-07 16:00:00+00:00,2023-10-07 12:00:00-04:00,157,73.0,74.23243012300104,boost_5y_no_dew_pressure,True
2023-10-01 04:00:00+00:00,2023-10-07 17:00:00+00:00,2023-10-07 13:00:00-04:00,158,74.0,75.58219866515402,boost_5y_no_dew_pressure,True
2023-10-01 04:00:00+00:00,2023-10-07 18:00:00+00:00,2023-10-07 14:00:00-04:00,159,73.0,76.4337545740098,boost_5y_no_dew_pressure,True
2023-10-01 04:00:00+00:00,2023-10-07 19:00:00+00:00,2023-10-07 15:00:00-04:00,160,71.0,76.4231014504504,boost_5y_no_dew_pressure,True
2023-10-01 04:00:00+00:00,2023-10-07 20:00:00+00:00,2023-10-07 16:00:00-04:00,161,70.0,75.91446100218388,boost_5y_no_dew_pressure,True
2023-10-01 04:00:00+00:00,2023-10-07 21:00:00+00:00,2023-10-07 17:00:00-04:00,162,69.0,74.18808310177221,boost_5y_no_dew_pressure,True
2023-10-01 04:00:00+00:00,2023-10-07 22:00:00+00:00,2023-10-07 18:00:00-04:00,163,66.0,70.24945845824185,boost_5y_no_dew_pressure,True
2023-10-01 04:00:00+00:00,2023-10-07 23:00:00+00:00,2023-10-07 19:00:00-04:00,164,64.0,67.49926461445868,boost_5y_no_dew_pressure,True
2023-10-01 04:00:00+00:00,2023-10-08 00:00:00+00:00,2023-10-07 20:00:00-04:00,165,61.0,66.08401042055642,boost_5y_no_dew_pressure,True
2023-10-01 04:00:00+00:00,2023-10-08 01:00:00+00:00,2023-10-07 21:00:00-04:00,166,59.0,64.6731271008628,boost_5y_no_dew_pressure,True
2023-10-01 04:00:00+00:00,2023-10-08 02:00:00+00:00,2023-10-07 22:00:00-04:00,167,56.0,64.00471618019075,boost_5y_no_dew_pressure,True
2023-10-01 04:00:00+00:00,2023-10-08 03:00:00+00:00,2023-10-07 23:00:00-04:00,168,55.0,63.40409364587393,boost_5y_no_dew_pressure,True
2023-10-01 04:00:00+00:00,2023-10-08 04:00:00+00:00,2023-10-08 00:00:00-04:00,169,52.0,62.639202358502146,boost_5y_no_dew_pressure,True
2023-10-01 04:00:00+00:00,2023-10-08 05:00:00+00:00,2023-10-08 01:00:00-04:00,170,52.0,62.0353513529665,boost_5y_no_dew_pressure,True
2023-10-01 04:00:00+00:00,2023-10-08 06:00:00+00:00,2023-10-08 02:00:00-04:00,171,48.0,61.60384622496841,boost_5y_no_dew_pressure,True
2023-10-01 04:00:00+00:00,2023-10-08 07:00:00+00:00,2023-10-08 03:00:00-04:00,172,47.0,61.02641392868133,boost_5y_no_dew_pressure,True
2023-10-01 04:00:00+00:00,2023-10-08 08:00:00+00:00,2023-10-08 04:00:00-04:00,173,47.0,60.68724273363409,boost_5y_no_dew_pressure,True
2023-10-01 04:00:00+00:00,2023-10-08 09:00:00+00:00,2023-10-08 05:00:00-04:00,174,44.0,60.19636450414152,boost_5y_no_dew_pressure,True
2023-10-01 04:00:00+00:00,2023-10-08 10:00:00+00:00,2023-10-08 06:00:00-04:00,175,43.0,59.86557163133276,boost_5y_no_dew_pressure,True
2023-10-01 04:00:00+00:00,2023-10-08 11:00:00+00:00,2023-10-08 07:00:00-04:00,176,45.0,60.39469025082875,boost_5y_no_dew_pressure,True
2023-10-01 04:00:00+00:00,2023-10-08 12:00:00+00:00,2023-10-08 08:00:00-04:00,177,51.0,63.417287869956574,boost_5y_no_dew_pressure,True
2023-10-01 04:00:00+00:00,2023-10-08 13:00:00+00:00,2023-10-08 09:00:00-04:00,178,57.0,66.73645029523601,boost_5y_no_dew_pressure,True
2023-10-01 04:00:00+00:00,2023-10-08 14:00:00+00:00,2023-10-08 10:00:00-04:00,179,59.0,70.17179938651849,boost_5y_no_dew_pressure,True
2023-10-01 04:00:00+00:00,2023-10-08 15:00:00+00:00,2023-10-08 11:00:00-04:00,180,61.0,72.62423435185075,boost_5y_no_dew_pressure,True
2023-10-01 04:00:00+00:00,2023-10-08 16:00:00+00:00,2023-10-08 12:00:00-04:00,181,63.0,74.26684014739247,boost_5y_no_dew_pressure,True
2023-10-01 04:00:00+00:00,2023-10-08 17:00:00+00:00,2023-10-08 13:00:00-04:00,182,64.0,75.654975413598,boost_5y_no_dew_pressure,True
2023-10-01 04:00:00+00:00,2023-10-08 18:00:00+00:00,2023-10-08 14:00:00-04:00,183,65.0,76.45458495435643,boost_5y_no_dew_pressure,True
2023-10-01 04:00:00+00:00,2023-10-08 19:00:00+00:00,2023-10-08 15:00:00-04:00,184,65.0,76.45359676631597,boost_5y_no_dew_pressure,True
2023-10-01 04:00:00+00:00,2023-10-08 20:00:00+00:00,2023-10-08 16:00:00-04:00,185,65.0,75.93304141748534,boost_5y_no_dew_pressure,True
2023-10-01 04:00:00+00:00,2023-10-08 21:00:00+00:00,2023-10-08 17:00:00-04:00,186,64.0,74.19310347855648,boost_5y_no_dew_pressure,True
2023-10-01 04:00:00+00:00,2023-10-08 22:00:00+00:00,2023-10-08 18:00:00-04:00,187,60.0,70.11495020170432,boost_5y_no_dew_pressure,True
2023-10-01 04:00:00+00:00,2023-10-08 23:00:00+00:00,2023-10-08 19:00:00-04:00,188,55.0,67.5257035808287,boost_5y_no_dew_pressure,True
2023-10-01 04:00:00+00:00,2023-10-09 00:00:00+00:00,2023-10-08 20:00:00-04:00,189,52.0,66.1373030993468,boost_5y_no_dew_pressure,True
2023-10-01 04:00:00+00:00,2023-10-09 01:00:00+00:00,2023-10-08 21:00:00-04:00,190,49.0,64.64915233232647,boost_5y_no_dew_pressure,True
2023-10-01 04:00:00+00:00,2023-10-09 02:00:00+00:00,2023-10-08 22:00:00-04:00,191,49.0,63.927554854394515,boost_5y_no_dew_pressure,True
2023-10-01 04:00:00+00:00,2023-10-09 03:00:00+00:00,2023-10-08 23:00:00-04:00,192,52.0,63.28242113009742,boost_5y_no_dew_pressure,True
2023-10-01 04:00:00+00:00,2023-10-09 04:00:00+00:00,2023-10-09 00:00:00-04:00,193,47.0,62.338016822797435,boost_5y_no_dew_pressure,True
2023-10-01 04:00:00+00:00,2023-10-09 05:00:00+00:00,2023-10-09 01:00:00-04:00,194,47.0,61.86944650620654,boost_5y_no_dew_pressure,True
2023-10-01 04:00:00+00:00,2023-10-09 06:00:00+00:00,2023-10-09 02:00:00-04:00,195,47.0,61.45926434544294,boost_5y_no_dew_pressure,True
2023-10-01 04:00:00+00:00,2023-10-09 07:00:00+00:00,2023-10-09 03:00:00-04:00,196,46.0,60.91049291680776,boost_5y_no_dew_pressure,True
2023-10-01 04:00:00+00:00,2023-10-09 08:00:00+00:00,2023-10-09 04:00:00-04:00,197,44.0,60.573797366649494,boost_5y_no_dew_pressure,True
2023-10-01 04:00:00+00:00,2023-10-09 09:00:00+00:00,2023-10-09 05:00:00-04:00,198,42.0,60.07547349980312,boost_5y_no_dew_pressure,True
2023-10-01 04:00:00+00:00,2023-10-09 10:00:00+00:00,2023-10-09 06:00:00-04:00,199,44.0,59.766478500194175,boost_5y_no_dew_pressure,True
2023-10-01 04:00:00+00:00,2023-10-09 11:00:00+00:00,2023-10-09 07:00:00-04:00,200,45.0,60.23084894834302,boost_5y_no_dew_pressure,True
2023-10-01 04:00:00+00:00,2023-10-09 12:00:00+00:00,2023-10-09 08:00:00-04:00,201,50.0,63.28452575309387,boost_5y_no_dew_pressure,True
2023-10-01 04:00:00+00:00,2023-10-09 13:00:00+00:00,2023-10-09 09:00:00-04:00,202,58.0,66.69596877192748,boost_5y_no_dew_pressure,True
2023-10-01 04:00:00+00:00,2023-10-09 14:00:00+00:00,2023-10-09 10:00:00-04:00,203,63.0,70.1508601848313,boost_5y_no_dew_pressure,True
2023-10-01 04:00:00+00:00,2023-10-09 15:00:00+00:00,2023-10-09 11:00:00-04:00,204,66.0,72.6172851056814,boost_5y_no_dew_pressure,True
2023-10-01 04:00:00+00:00,2023-10-09 16:00:00+00:00,2023-10-09 12:00:00-04:00,205,69.0,74.31626550004276,boost_5y_no_dew_pressure,True
2023-10-01 04:00:00+00:00,2023-10-09 17:00:00+00:00,2023-10-09 13:00:00-04:00,206,70.0,75.63745066406166,boost_5y_no_dew_pressure,True
2023-10-01 04:00:00+00:00,2023-10-09 18:00:00+00:00,2023-10-09 14:00:00-04:00,207,72.0,76.42380419263965,boost_5y_no_dew_pressure,True
2023-10-01 04:00:00+00:00,2023-10-09 19:00:00+00:00,2023-10-09 15:00:00-04:00,208,72.0,76.1661147031195,boost_5y_no_dew_pressure,True
2023-10-01 04:00:00+00:00,2023-10-09 20:00:00+00:00,2023-10-09 16:00:00-04:00,209,72.0,75.73917979195649,boost_5y_no_dew_pressure,True
2023-10-01 04:00:00+00:00,2023-10-09 21:00:00+00:00,2023-10-09 17:00:00-04:00,210,70.0,73.95607707935605,boost_5y_no_dew_pressure,True
2023-10-01 04:00:00+00:00,2023-10-09 22:00:00+00:00,2023-10-09 18:00:00-04:00,211,67.0,69.91535078365827,boost_5y_no_dew_pressure,True
2023-10-01 04:00:00+00:00,2023-10-09 23:00:00+00:00,2023-10-09 19:00:00-04:00,212,63.0,67.33085919590816,boost_5y_no_dew_pressure,True
2023-10-01 04:00:00+00:00,2023-10-10 00:00:00+00:00,2023-10-09 20:00:00-04:00,213,64.0,66.04997379584641,boost_5y_no_dew_pressure,True
2023-10-01 04:00:00+00:00,2023-10-10 01:00:00+00:00,2023-10-09 21:00:00-04:00,214,62.0,64.51115219214908,boost_5y_no_dew_pressure,True
2023-10-01 04:00:00+00:00,2023-10-10 02:00:00+00:00,2023-10-09 22:00:00-04:00,215,62.0,63.7770213700461,boost_5y_no_dew_pressure,True
2023-10-01 04:00:00+00:00,2023-10-10 03:00:00+00:00,2023-10-09 23:00:00-04:00,216,60.0,63.09546331242871,boost_5y_no_dew_pressure,True
2023-10-01 04:00:00+00:00,2023-10-10 04:00:00+00:00,2023-10-10 00:00:00-04:00,217,56.0,62.234701302751986,boost_5y_no_dew_pressure,True
2023-10-01 04:00:00+00:00,2023-10-10 05:00:00+00:00,2023-10-10 01:00:00-04:00,218,52.0,61.77996981285055,boost_5y_no_dew_pressure,True
2023-10-01 04:00:00+00:00,2023-10-10 06:00:00+00:00,2023-10-10 02:00:00-04:00,219,52.0,61.29841448311892,boost_5y_no_dew_pressure,True
2023-10-01 04:00:00+00:00,2023-10-10 07:00:00+00:00,2023-10-10 03:00:00-04:00,220,54.0,60.80353982519914,boost_5y_no_dew_pressure,True
2023-10-01 04:00:00+00:00,2023-10-10 08:00:00+00:00,2023-10-10 04:00:00-04:00,221,54.0,60.427764619381776,boost_5y_no_dew_pressure,True
2023-10-01 04:00:00+00:00,2023-10-10 09:00:00+00:00,2023-10-10 05:00:00-04:00,222,54.0,59.93659729351905,boost_5y_no_dew_pressure,True
2023-10-01 04:00:00+00:00,2023-10-10 10:00:00+00:00,2023-10-10 06:00:00-04:00,223,52.0,59.54285136460316,boost_5y_no_dew_pressure,True
2023-10-01 04:00:00+00:00,2023-10-10 11:00:00+00:00,2023-10-10 07:00:00-04:00,224,53.0,59.933220412877056,boost_5y_no_dew_pressure,True
2023-10-01 04:00:00+00:00,2023-10-10 12:00:00+00:00,2023-10-10 08:00:00-04:00,225,57.0,62.809446379758576,boost_5y_no_dew_pressure,True
2023-10-01 04:00:00+00:00,2023-10-10 13:00:00+00:00,2023-10-10 09:00:00-04:00,226,61.0,66.01184095028802,boost_5y_no_dew_pressure,True
2023-10-01 04:00:00+00:00,2023-10-10 14:00:00+00:00,2023-10-10 10:00:00-04:00,227,64.0,69.38760826301758,boost_5y_no_dew_pressure,True
2023-10-01 04:00:00+00:00,2023-10-10 15:00:00+00:00,2023-10-10 11:00:00-04:00,228,68.0,71.72780991114763,boost_5y_no_dew_pressure,True
2023-10-01 04:00:00+00:00,2023-10-10 16:00:00+00:00,2023-10-10 12:00:00-04:00,229,71.0,73.3741424198208,boost_5y_no_dew_pressure,True
2023-10-01 04:00:00+00:00,2023-10-10 17:00:00+00:00,2023-10-10 13:00:00-04:00,230,73.0,74.77624506890412,boost_5y_no_dew_pressure,True
2023-10-01 04:00:00+00:00,2023-10-10 18:00:00+00:00,2023-10-10 14:00:00-04:00,231,76.0,75.54935433589856,boost_5y_no_dew_pressure,True
2023-10-01 04:00:00+00:00,2023-10-10 19:00:00+00:00,2023-10-10 15:00:00-04:00,232,74.0,75.32900260576501,boost_5y_no_dew_pressure,True
2023-10-01 04:00:00+00:00,2023-10-10 20:00:00+00:00,2023-10-10 16:00:00-04:00,233,72.0,74.79536119543127,boost_5y_no_dew_pressure,True
2023-10-01 04:00:00+00:00,2023-10-10 21:00:00+00:00,2023-10-10 17:00:00-04:00,234,70.0,73.09084604830483,boost_5y_no_dew_pressure,True
2023-10-01 04:00:00+00:00,2023-10-10 22:00:00+00:00,2023-10-10 18:00:00-04:00,235,67.0,69.0891970254655,boost_5y_no_dew_pressure,True
2023-10-01 04:00:00+00:00,2023-10-10 23:00:00+00:00,2023-10-10 19:00:00-04:00,236,67.0,66.46343628681146,boost_5y_no_dew_pressure,True
2023-10-01 04:00:00+00:00,2023-10-11 00:00:00+00:00,2023-10-10 20:00:00-04:00,237,66.0,65.18274522262335,boost_5y_no_dew_pressure,True
2023-10-01 04:00:00+00:00,2023-10-11 01:00:00+00:00,2023-10-10 21:00:00-04:00,238,67.0,63.71209017240839,boost_5y_no_dew_pressure,True
2023-10-01 04:00:00+00:00,2023-10-11 02:00:00+00:00,2023-10-10 22:00:00-04:00,239,65.0,63.0139237670816,boost_5y_no_dew_pressure,True
2023-10-01 04:00:00+00:00,2023-10-11 03:00:00+00:00,2023-10-10 23:00:00-04:00,240,65.0,62.301078395661094,boost_5y_no_dew_pressure,True
2023-10-01 04:00:00+00:00,2023-10-11 04:00:00+00:00,2023-10-11 00:00:00-04:00,241,60.0,61.4338673084565,boost_5y_no_dew_pressure,True
2023-10-01 04:00:00+00:00,2023-10-11 05:00:00+00:00,2023-10-11 01:00:00-04:00,242,60.0,60.98291603183569,boost_5y_no_dew_pressure,True
2023-10-01 04:00:00+00:00,2023-10-11 06:00:00+00:00,2023-10-11 02:00:00-04:00,243,57.0,60.34079027277079,boost_5y_no_dew_pressure,True
2023-10-01 04:00:00+00:00,2023-10-11 07:00:00+00:00,2023-10-11 03:00:00-04:00,244,60.0,59.792733417638445,boost_5y_no_dew_pressure,True
2023-10-01 04:00:00+00:00,2023-10-11 08:00:00+00:00,2023-10-11 04:00:00-04:00,245,59.0,59.36403523348672,boost_5y_no_dew_pressure,True
2023-10-01 04:00:00+00:00,2023-10-11 09:00:00+00:00,2023-10-11 05:00:00-04:00,246,56.0,58.83860549064162,boost_5y_no_dew_pressure,True
2023-10-01 04:00:00+00:00,2023-10-11 10:00:00+00:00,2023-10-11 06:00:00-04:00,247,54.0,58.410302912289005,boost_5y_no_dew_pressure,True
2023-10-01 04:00:00+00:00,2023-10-11 11:00:00+00:00,2023-10-11 07:00:00-04:00,248,55.0,58.75984233255724,boost_5y_no_dew_pressure,True
2023-10-01 04:00:00+00:00,2023-10-11 12:00:00+00:00,2023-10-11 08:00:00-04:00,249,61.0,61.746628625781035,boost_5y_no_dew_pressure,True
2023-10-01 04:00:00+00:00,2023-10-11 13:00:00+00:00,2023-10-11 09:00:00-04:00,250,68.0,64.9130876568407,boost_5y_no_dew_pressure,True
2023-10-01 04:00:00+00:00,2023-10-11 14:00:00+00:00,2023-10-11 10:00:00-04:00,251,69.0,68.31611822803201,boost_5y_no_dew_pressure,True
2023-10-01 04:00:00+00:00,2023-10-11 15:00:00+00:00,2023-10-11 11:00:00-04:00,252,71.0,70.61004328593356,boost_5y_no_dew_pressure,True
2023-10-01 04:00:00+00:00,2023-10-11 16:00:00+00:00,2023-10-11 12:00:00-04:00,253,70.0,72.2582468375945,boost_5y_no_dew_pressure,True
2023-10-01 04:00:00+00:00,2023-10-11 17:00:00+00:00,2023-10-11 13:00:00-04:00,254,72.0,73.55017568686937,boost_5y_no_dew_pressure,True
2023-10-01 04:00:00+00:00,2023-10-11 18:00:00+00:00,2023-10-11 14:00:00-04:00,255,71.0,74.28364452580679,boost_5y_no_dew_pressure,True
2023-10-01 04:00:00+00:00,2023-10-11 19:00:00+00:00,2023-10-11 15:00:00-04:00,256,71.0,74.14179468157398,boost_5y_no_dew_pressure,True
2023-10-01 04:00:00+00:00,2023-10-11 20:00:00+00:00,2023-10-11 16:00:00-04:00,257,69.0,73.6527998691271,boost_5y_no_dew_pressure,True
2023-10-01 04:00:00+00:00,2023-10-11 21:00:00+00:00,2023-10-11 17:00:00-04:00,258,66.0,71.93457192047691,boost_5y_no_dew_pressure,True
2023-10-01 04:00:00+00:00,2023-10-11 22:00:00+00:00,2023-10-11 18:00:00-04:00,259,65.0,67.90996555663054,boost_5y_no_dew_pressure,True
2023-10-01 04:00:00+00:00,2023-10-11 23:00:00+00:00,2023-10-11 19:00:00-04:00,260,62.0,65.29019069362042,boost_5y_no_dew_pressure,True
2023-10-01 04:00:00+00:00,2023-10-12 00:00:00+00:00,2023-10-11 20:00:00-04:00,261,61.0,64.00931308526602,boost_5y_no_dew_pressure,True
2023-10-01 04:00:00+00:00,2023-10-12 01:00:00+00:00,2023-10-11 21:00:00-04:00,262,60.0,62.59747522133176,boost_5y_no_dew_pressure,True
2023-10-01 04:00:00+00:00,2023-10-12 02:00:00+00:00,2023-10-11 22:00:00-04:00,263,60.0,61.90325718642545,boost_5y_no_dew_pressure,True
2023-10-01 04:00:00+00:00,2023-10-12 03:00:00+00:00,2023-10-11 23:00:00-04:00,264,60.0,61.05182781549962,boost_5y_no_dew_pressure,True
2023-10-01 04:00:00+00:00,2023-10-12 04:00:00+00:00,2023-10-12 00:00:00-04:00,265,62.0,60.13518499233952,boost_5y_no_dew_pressure,True
2023-10-01 04:00:00+00:00,2023-10-12 05:00:00+00:00,2023-10-12 01:00:00-04:00,266,60.0,59.720722688629195,boost_5y_no_dew_pressure,True
2023-10-01 04:00:00+00:00,2023-10-12 06:00:00+00:00,2023-10-12 02:00:00-04:00,267,59.0,58.96237996558288,boost_5y_no_dew_pressure,True
2023-10-01 04:00:00+00:00,2023-10-12 07:00:00+00:00,2023-10-12 03:00:00-04:00,268,61.0,58.414577041668295,boost_5y_no_dew_pressure,True
2023-10-01 04:00:00+00:00,2023-10-12 08:00:00+00:00,2023-10-12 04:00:00-04:00,269,60.0,57.96399894189195,boost_5y_no_dew_pressure,True
2023-10-01 04:00:00+00:00,2023-10-12 09:00:00+00:00,2023-10-12 05:00:00-04:00,270,60.0,57.39283021701962,boost_5y_no_dew_pressure,True
2023-10-01 04:00:00+00:00,2023-10-12 10:00:00+00:00,2023-10-12 06:00:00-04:00,271,59.0,56.94069272920241,boost_5y_no_dew_pressure,True
2023-10-01 04:00:00+00:00,2023-10-12 11:00:00+00:00,2023-10-12 07:00:00-04:00,272,60.0,57.291162343080344,boost_5y_no_dew_pressure,True
2023-10-01 04:00:00+00:00,2023-10-12 12:00:00+00:00,2023-10-12 08:00:00-04:00,273,62.0,60.469093650213885,boost_5y_no_dew_pressure,True
2023-10-01 04:00:00+00:00,2023-10-12 13:00:00+00:00,2023-10-12 09:00:00-04:00,274,63.0,63.87713492034632,boost_5y_no_dew_pressure,True
2023-10-01 04:00:00+00:00,2023-10-12 14:00:00+00:00,2023-10-12 10:00:00-04:00,275,64.0,67.24284867945296,boost_5y_no_dew_pressure,True
2023-10-01 04:00:00+00:00,2023-10-12 15:00:00+00:00,2023-10-12 11:00:00-04:00,276,68.0,69.54341878731736,boost_5y_no_dew_pressure,True
2023-10-01 04:00:00+00:00,2023-10-12 16:00:00+00:00,2023-10-12 12:00:00-04:00,277,70.0,71.2525864911979,boost_5y_no_dew_pressure,True
2023-10-01 04:00:00+00:00,2023-10-12 17:00:00+00:00,2023-10-12 13:00:00-04:00,278,72.0,72.62582896127857,boost_5y_no_dew_pressure,True
2023-10-01 04:00:00+00:00,2023-10-12 18:00:00+00:00,2023-10-12 14:00:00-04:00,279,74.0,73.35917384898454,boost_5y_no_dew_pressure,True
2023-10-01 04:00:00+00:00,2023-10-12 19:00:00+00:00,2023-10-12 15:00:00-04:00,280,76.0,73.33587422661195,boost_5y_no_dew_pressure,True
2023-10-01 04:00:00+00:00,2023-10-12 20:00:00+00:00,2023-10-12 16:00:00-04:00,281,75.0,73.01889971643624,boost_5y_no_dew_pressure,True
2023-10-01 04:00:00+00:00,2023-10-12 21:00:00+00:00,2023-10-12 17:00:00-04:00,282,74.0,71.17372309971982,boost_5y_no_dew_pressure,True
2023-10-01 04:00:00+00:00,2023-10-12 22:00:00+00:00,2023-10-12 18:00:00-04:00,283,70.0,67.08028903367908,boost_5y_no_dew_pressure,True
2023-10-01 04:00:00+00:00,2023-10-12 23:00:00+00:00,2023-10-12 19:00:00-04:00,284,65.0,64.49824887741661,boost_5y_no_dew_pressure,True
2023-10-01 04:00:00+00:00,2023-10-13 00:00:00+00:00,2023-10-12 20:00:00-04:00,285,63.0,63.30269559792022,boost_5y_no_dew_pressure,True
2023-10-01 04:00:00+00:00,2023-10-13 01:00:00+00:00,2023-10-12 21:00:00-04:00,286,60.0,61.917362532051264,boost_5y_no_dew_pressure,True
2023-10-01 04:00:00+00:00,2023-10-13 02:00:00+00:00,2023-10-12 22:00:00-04:00,287,61.0,61.209812718121704,boost_5y_no_dew_pressure,True
2023-10-01 04:00:00+00:00,2023-10-13 03:00:00+00:00,2023-10-12 23:00:00-04:00,288,59.0,60.2889417520059,boost_5y_no_dew_pressure,True
2023-10-01 04:00:00+00:00,2023-10-13 04:00:00+00:00,2023-10-13 00:00:00-04:00,289,56.0,59.42274564818484,boost_5y_no_dew_pressure,True
2023-10-01 04:00:00+00:00,2023-10-13 05:00:00+00:00,2023-10-13 01:00:00-04:00,290,57.0,59.08854687145127,boost_5y_no_dew_pressure,True
2023-10-01 04:00:00+00:00,2023-10-13 06:00:00+00:00,2023-10-13 02:00:00-04:00,291,54.0,58.40967864081107,boost_5y_no_dew_pressure,True
2023-10-01 04:00:00+00:00,2023-10-13 07:00:00+00:00,2023-10-13 03:00:00-04:00,292,54.0,57.82769973684232,boost_5y_no_dew_pressure,True
2023-10-01 04:00:00+00:00,2023-10-13 08:00:00+00:00,2023-10-13 04:00:00-04:00,293,55.0,57.44413709930375,boost_5y_no_dew_pressure,True
2023-10-01 04:00:00+00:00,2023-10-13 09:00:00+00:00,2023-10-13 05:00:00-04:00,294,53.0,56.95014003153973,boost_5y_no_dew_pressure,True
2023-10-01 04:00:00+00:00,2023-10-13 10:00:00+00:00,2023-10-13 06:00:00-04:00,295,53.0,56.53602317004987,boost_5y_no_dew_pressure,True
2023-10-01 04:00:00+00:00,2023-10-13 11:00:00+00:00,2023-10-13 07:00:00-04:00,296,55.0,56.861516436476755,boost_5y_no_dew_pressure,True
2023-10-01 04:00:00+00:00,2023-10-13 12:00:00+00:00,2023-10-13 08:00:00-04:00,297,61.0,60.02383258827962,boost_5y_no_dew_pressure,True
2023-10-01 04:00:00+00:00,2023-10-13 13:00:00+00:00,2023-10-13 09:00:00-04:00,298,68.0,63.41213380310308,boost_5y_no_dew_pressure,True
2023-10-01 04:00:00+00:00,2023-10-13 14:00:00+00:00,2023-10-13 10:00:00-04:00,299,73.0,66.74202740734587,boost_5y_no_dew_pressure,True
2023-10-01 04:00:00+00:00,2023-10-13 15:00:00+00:00,2023-10-13 11:00:00-04:00,300,76.0,69.08765463211425,boost_5y_no_dew_pressure,True
2023-10-01 04:00:00+00:00,2023-10-13 16:00:00+00:00,2023-10-13 12:00:00-04:00,301,77.0,70.86778138731161,boost_5y_no_dew_pressure,True
2023-10-01 04:00:00+00:00,2023-10-13 17:00:00+00:00,2023-10-13 13:00:00-04:00,302,78.0,72.20931023928426,boost_5y_no_dew_pressure,True
2023-10-01 04:00:00+00:00,2023-10-13 18:00:00+00:00,2023-10-13 14:00:00-04:00,303,80.0,72.90316489776167,boost_5y_no_dew_pressure,True
2023-10-01 04:00:00+00:00,2023-10-13 19:00:00+00:00,2023-10-13 15:00:00-04:00,304,80.0,73.02202165839245,boost_5y_no_dew_pressure,True
2023-10-01 04:00:00+00:00,2023-10-13 20:00:00+00:00,2023-10-13 16:00:00-04:00,305,79.0,72.75388623527877,boost_5y_no_dew_pressure,True
2023-10-01 04:00:00+00:00,2023-10-13 21:00:00+00:00,2023-10-13 17:00:00-04:00,306,78.0,70.80262120395253,boost_5y_no_dew_pressure,True
2023-10-01 04:00:00+00:00,2023-10-13 22:00:00+00:00,2023-10-13 18:00:00-04:00,307,74.0,66.68130641662168,boost_5y_no_dew_pressure,True
2023-10-01 04:00:00+00:00,2023-10-13 23:00:00+00:00,2023-10-13 19:00:00-04:00,308,72.0,64.10547787507238,boost_5y_no_dew_pressure,True
2023-10-01 04:00:00+00:00,2023-10-14 00:00:00+00:00,2023-10-13 20:00:00-04:00,309,71.0,62.792203444671166,boost_5y_no_dew_pressure,True
2023-10-01 04:00:00+00:00,2023-10-14 01:00:00+00:00,2023-10-13 21:00:00-04:00,310,70.0,61.44648388391439,boost_5y_no_dew_pressure,True
2023-10-01 04:00:00+00:00,2023-10-14 02:00:00+00:00,2023-10-13 22:00:00-04:00,311,69.0,60.68584273713027,boost_5y_no_dew_pressure,True
2023-10-01 04:00:00+00:00,2023-10-14 03:00:00+00:00,2023-10-13 23:00:00-04:00,312,69.0,59.71187710027556,boost_5y_no_dew_pressure,True
2023-10-01 04:00:00+00:00,2023-10-14 04:00:00+00:00,2023-10-14 00:00:00-04:00,313,67.0,58.79009997883609,boost_5y_no_dew_pressure,True
2023-10-01 04:00:00+00:00,2023-10-14 05:00:00+00:00,2023-10-14 01:00:00-04:00,314,67.0,58.41616757489857,boost_5y_no_dew_pressure,True
2023-10-01 04:00:00+00:00,2023-10-14 06:00:00+00:00,2023-10-14 02:00:00-04:00,315,67.0,57.714337311641856,boost_5y_no_dew_pressure,True
2023-10-01 04:00:00+00:00,2023-10-14 07:00:00+00:00,2023-10-14 03:00:00-04:00,316,66.0,57.06722277756582,boost_5y_no_dew_pressure,True
2023-10-01 04:00:00+00:00,2023-10-14 08:00:00+00:00,2023-10-14 04:00:00-04:00,317,63.0,56.66660431123111,boost_5y_no_dew_pressure,True
2023-10-01 04:00:00+00:00,2023-10-14 09:00:00+00:00,2023-10-14 05:00:00-04:00,318,65.0,56.13760163961829,boost_5y_no_dew_pressure,True
2023-10-01 04:00:00+00:00,2023-10-14 10:00:00+00:00,2023-10-14 06:00:00-04:00,319,65.0,55.68601648295409,boost_5y_no_dew_pressure,True
2023-10-01 04:00:00+00:00,2023-10-14 11:00:00+00:00,2023-10-14 07:00:00-04:00,320,61.0,55.971564790814874,boost_5y_no_dew_pressure,True
2023-10-01 04:00:00+00:00,2023-10-14 12:00:00+00:00,2023-10-14 08:00:00-04:00,321,61.0,59.218749121291204,boost_5y_no_dew_pressure,True
2023-10-01 04:00:00+00:00,2023-10-14 13:00:00+00:00,2023-10-14 09:00:00-04:00,322,62.0,62.72097500797543,boost_5y_no_dew_pressure,True
2023-10-01 04:00:00+00:00,2023-10-14 14:00:00+00:00,2023-10-14 10:00:00-04:00,323,64.0,66.09912545432368,boost_5y_no_dew_pressure,True
2023-10-01 04:00:00+00:00,2023-10-14 15:00:00+00:00,2023-10-14 11:00:00-04:00,324,62.0,68.54182808163833,boost_5y_no_dew_pressure,True
2023-10-01 04:00:00+00:00,2023-10-14 16:00:00+00:00,2023-10-14 12:00:00-04:00,325,62.0,70.34371141018565,boost_5y_no_dew_pressure,True
2023-10-01 04:00:00+00:00,2023-10-14 17:00:00+00:00,2023-10-14 13:00:00-04:00,326,63.0,71.74273335436061,boost_5y_no_dew_pressure,True
2023-10-01 04:00:00+00:00,2023-10-14 18:00:00+00:00,2023-10-14 14:00:00-04:00,327,65.0,72.43358848884326,boost_5y_no_dew_pressure,True
2023-10-01 04:00:00+00:00,2023-10-14 19:00:00+00:00,2023-10-14 15:00:00-04:00,328,65.0,72.49904525202187,boost_5y_no_dew_pressure,True
2023-10-01 04:00:00+00:00,2023-10-14 20:00:00+00:00,2023-10-14 16:00:00-04:00,329,67.0,72.1776072647799,boost_5y_no_dew_pressure,True
2023-10-01 04:00:00+00:00,2023-10-14 21:00:00+00:00,2023-10-14 17:00:00-04:00,330,67.0,70.18563085760238,boost_5y_no_dew_pressure,True
2023-10-01 04:00:00+00:00,2023-10-14 22:00:00+00:00,2023-10-14 18:00:00-04:00,331,65.0,66.03863897264064,boost_5y_no_dew_pressure,True
2023-10-01 04:00:00+00:00,2023-10-14 23:00:00+00:00,2023-10-14 19:00:00-04:00,332,62.0,63.47546647267557,boost_5y_no_dew_pressure,True
2023-10-01 04:00:00+00:00,2023-10-15 00:00:00+00:00,2023-10-14 20:00:00-04:00,333,63.0,62.15111026212312,boost_5y_no_dew_pressure,True
2023-10-01 04:00:00+00:00,2023-10-15 01:00:00+00:00,2023-10-14 21:00:00-04:00,334,64.0,60.855789863948054,boost_5y_no_dew_pressure,True
2023-10-01 04:00:00+00:00,2023-10-15 02:00:00+00:00,2023-10-14 22:00:00-04:00,335,64.0,59.98900234196796,boost_5y_no_dew_pressure,True
2023-10-01 04:00:00+00:00,2023-10-15 03:00:00+00:00,2023-10-14 23:00:00-04:00,336,63.0,59.146918810131766,boost_5y_no_dew_pressure,True
2023-10-08 04:00:00+00:00,2023-10-08 04:00:00+00:00,2023-10-08 00:00:00-04:00,1,52.0,61.42218990219136,boost_5y_no_dew_pressure,True
2023-10-08 04:00:00+00:00,2023-10-08 05:00:00+00:00,2023-10-08 01:00:00-04:00,2,52.0,61.02273581367952,boost_5y_no_dew_pressure,True
2023-10-08 04:00:00+00:00,2023-10-08 06:00:00+00:00,2023-10-08 02:00:00-04:00,3,48.0,60.931114557331966,boost_5y_no_dew_pressure,True
2023-10-08 04:00:00+00:00,2023-10-08 07:00:00+00:00,2023-10-08 03:00:00-04:00,4,47.0,60.39578887110609,boost_5y_no_dew_pressure,True
2023-10-08 04:00:00+00:00,2023-10-08 08:00:00+00:00,2023-10-08 04:00:00-04:00,5,47.0,60.133146186035695,boost_5y_no_dew_pressure,True
2023-10-08 04:00:00+00:00,2023-10-08 09:00:00+00:00,2023-10-08 05:00:00-04:00,6,44.0,59.58938355068417,boost_5y_no_dew_pressure,True
2023-10-08 04:00:00+00:00,2023-10-08 10:00:00+00:00,2023-10-08 06:00:00-04:00,7,43.0,59.187323120809204,boost_5y_no_dew_pressure,True
2023-10-08 04:00:00+00:00,2023-10-08 11:00:00+00:00,2023-10-08 07:00:00-04:00,8,45.0,59.741249163869526,boost_5y_no_dew_pressure,True
2023-10-08 04:00:00+00:00,2023-10-08 12:00:00+00:00,2023-10-08 08:00:00-04:00,9,51.0,62.06867530745024,boost_5y_no_dew_pressure,True
2023-10-08 04:00:00+00:00,2023-10-08 13:00:00+00:00,2023-10-08 09:00:00-04:00,10,57.0,65.06105802535377,boost_5y_no_dew_pressure,True
2023-10-08 04:00:00+00:00,2023-10-08 14:00:00+00:00,2023-10-08 10:00:00-04:00,11,59.0,67.84561976436586,boost_5y_no_dew_pressure,True
2023-10-08 04:00:00+00:00,2023-10-08 15:00:00+00:00,2023-10-08 11:00:00-04:00,12,61.0,70.66681081514878,boost_5y_no_dew_pressure,True
2023-10-08 04:00:00+00:00,2023-10-08 16:00:00+00:00,2023-10-08 12:00:00-04:00,13,63.0,73.30617869834998,boost_5y_no_dew_pressure,True
2023-10-08 04:00:00+00:00,2023-10-08 17:00:00+00:00,2023-10-08 13:00:00-04:00,14,64.0,74.73155451266844,boost_5y_no_dew_pressure,True
2023-10-08 04:00:00+00:00,2023-10-08 18:00:00+00:00,2023-10-08 14:00:00-04:00,15,65.0,75.55226858547078,boost_5y_no_dew_pressure,True
2023-10-08 04:00:00+00:00,2023-10-08 19:00:00+00:00,2023-10-08 15:00:00-04:00,16,65.0,75.54703004607788,boost_5y_no_dew_pressure,True
2023-10-08 04:00:00+00:00,2023-10-08 20:00:00+00:00,2023-10-08 16:00:00-04:00,17,65.0,75.23258387492092,boost_5y_no_dew_pressure,True
2023-10-08 04:00:00+00:00,2023-10-08 21:00:00+00:00,2023-10-08 17:00:00-04:00,18,64.0,73.29684455926389,boost_5y_no_dew_pressure,True
2023-10-08 04:00:00+00:00,2023-10-08 22:00:00+00:00,2023-10-08 18:00:00-04:00,19,60.0,68.2168729160651,boost_5y_no_dew_pressure,True
2023-10-08 04:00:00+00:00,2023-10-08 23:00:00+00:00,2023-10-08 19:00:00-04:00,20,55.0,65.9092625199983,boost_5y_no_dew_pressure,True
2023-10-08 04:00:00+00:00,2023-10-09 00:00:00+00:00,2023-10-08 20:00:00-04:00,21,52.0,64.40604353856892,boost_5y_no_dew_pressure,True
2023-10-08 04:00:00+00:00,2023-10-09 01:00:00+00:00,2023-10-08 21:00:00-04:00,22,49.0,62.922140925263605,boost_5y_no_dew_pressure,True
2023-10-08 04:00:00+00:00,2023-10-09 02:00:00+00:00,2023-10-08 22:00:00-04:00,23,49.0,62.25645599431771,boost_5y_no_dew_pressure,True
2023-10-08 04:00:00+00:00,2023-10-09 03:00:00+00:00,2023-10-08 23:00:00-04:00,24,52.0,61.984933833118056,boost_5y_no_dew_pressure,True
2023-10-08 04:00:00+00:00,2023-10-09 04:00:00+00:00,2023-10-09 00:00:00-04:00,25,47.0,60.63979439901684,boost_5y_no_dew_pressure,True
2023-10-08 04:00:00+00:00,2023-10-09 05:00:00+00:00,2023-10-09 01:00:00-04:00,26,47.0,60.26857859742736,boost_5y_no_dew_pressure,True
2023-10-08 04:00:00+00:00,2023-10-09 06:00:00+00:00,2023-10-09 02:00:00-04:00,27,47.0,59.763816350526305,boost_5y_no_dew_pressure,True
2023-10-08 04:00:00+00:00,2023-10-09 07:00:00+00:00,2023-10-09 03:00:00-04:00,28,46.0,59.21884393107569,boost_5y_no_dew_pressure,True
2023-10-08 04:00:00+00:00,2023-10-09 08:00:00+00:00,2023-10-09 04:00:00-04:00,29,44.0,58.726661047292,boost_5y_no_dew_pressure,True
2023-10-08 04:00:00+00:00,2023-10-09 09:00:00+00:00,2023-10-09 05:00:00-04:00,30,42.0,58.0322602714711,boost_5y_no_dew_pressure,True
2023-10-08 04:00:00+00:00,2023-10-09 10:00:00+00:00,2023-10-09 06:00:00-04:00,31,44.0,57.63907934830864,boost_5y_no_dew_pressure,True
2023-10-08 04:00:00+00:00,2023-10-09 11:00:00+00:00,2023-10-09 07:00:00-04:00,32,45.0,58.261962786249555,boost_5y_no_dew_pressure,True
2023-10-08 04:00:00+00:00,2023-10-09 12:00:00+00:00,2023-10-09 08:00:00-04:00,33,50.0,61.3238514847027,boost_5y_no_dew_pressure,True
2023-10-08 04:00:00+00:00,2023-10-09 13:00:00+00:00,2023-10-09 09:00:00-04:00,34,58.0,65.50913265740698,boost_5y_no_dew_pressure,True
2023-10-08 04:00:00+00:00,2023-10-09 14:00:00+00:00,2023-10-09 10:00:00-04:00,35,63.0,68.44570859590618,boost_5y_no_dew_pressure,True
2023-10-08 04:00:00+00:00,2023-10-09 15:00:00+00:00,2023-10-09 11:00:00-04:00,36,66.0,71.12388272052377,boost_5y_no_dew_pressure,True
2023-10-08 04:00:00+00:00,2023-10-09 16:00:00+00:00,2023-10-09 12:00:00-04:00,37,69.0,73.4956645361522,boost_5y_no_dew_pressure,True
2023-10-08 04:00:00+00:00,2023-10-09 17:00:00+00:00,2023-10-09 13:00:00-04:00,38,70.0,74.85531663615292,boost_5y_no_dew_pressure,True
2023-10-08 04:00:00+00:00,2023-10-09 18:00:00+00:00,2023-10-09 14:00:00-04:00,39,72.0,75.62117424421128,boost_5y_no_dew_pressure,True
2023-10-08 04:00:00+00:00,2023-10-09 19:00:00+00:00,2023-10-09 15:00:00-04:00,40,72.0,75.37063231856924,boost_5y_no_dew_pressure,True
2023-10-08 04:00:00+00:00,2023-10-09 20:00:00+00:00,2023-10-09 16:00:00-04:00,41,72.0,75.11070280587333,boost_5y_no_dew_pressure,True
2023-10-08 04:00:00+00:00,2023-10-09 21:00:00+00:00,2023-10-09 17:00:00-04:00,42,70.0,73.38455582071151,boost_5y_no_dew_pressure,True
2023-10-08 04:00:00+00:00,2023-10-09 22:00:00+00:00,2023-10-09 18:00:00-04:00,43,67.0,69.1163631634041,boost_5y_no_dew_pressure,True
2023-10-08 04:00:00+00:00,2023-10-09 23:00:00+00:00,2023-10-09 19:00:00-04:00,44,63.0,66.69031677718431,boost_5y_no_dew_pressure,True
2023-10-08 04:00:00+00:00,2023-10-10 00:00:00+00:00,2023-10-09 20:00:00-04:00,45,64.0,65.42305198036024,boost_5y_no_dew_pressure,True
2023-10-08 04:00:00+00:00,2023-10-10 01:00:00+00:00,2023-10-09 21:00:00-04:00,46,62.0,63.7728242077882,boost_5y_no_dew_pressure,True
2023-10-08 04:00:00+00:00,2023-10-10 02:00:00+00:00,2023-10-09 22:00:00-04:00,47,62.0,63.10781970942147,boost_5y_no_dew_pressure,True
2023-10-08 04:00:00+00:00,2023-10-10 03:00:00+00:00,2023-10-09 23:00:00-04:00,48,60.0,62.45214337748964,boost_5y_no_dew_pressure,True
2023-10-08 04:00:00+00:00,2023-10-10 04:00:00+00:00,2023-10-10 00:00:00-04:00,49,56.0,62.65444945134485,boost_5y_no_dew_pressure,True
2023-10-08 04:00:00+00:00,2023-10-10 05:00:00+00:00,2023-10-10 01:00:00-04:00,50,52.0,62.28174460426382,boost_5y_no_dew_pressure,True
2023-10-08 04:00:00+00:00,2023-10-10 06:00:00+00:00,2023-10-10 02:00:00-04:00,51,52.0,61.6825483269887,boost_5y_no_dew_pressure,True
2023-10-08 04:00:00+00:00,2023-10-10 07:00:00+00:00,2023-10-10 03:00:00-04:00,52,54.0,61.086893521498325,boost_5y_no_dew_pressure,True
2023-10-08 04:00:00+00:00,2023-10-10 08:00:00+00:00,2023-10-10 04:00:00-04:00,53,54.0,60.55691450604426,boost_5y_no_dew_pressure,True
2023-10-08 04:00:00+00:00,2023-10-10 09:00:00+00:00,2023-10-10 05:00:00-04:00,54,54.0,59.91655310866758,boost_5y_no_dew_pressure,True
2023-10-08 04:00:00+00:00,2023-10-10 10:00:00+00:00,2023-10-10 06:00:00-04:00,55,52.0,59.469612257054244,boost_5y_no_dew_pressure,True
2023-10-08 04:00:00+00:00,2023-10-10 11:00:00+00:00,2023-10-10 07:00:00-04:00,56,53.0,60.254835659156704,boost_5y_no_dew_pressure,True
2023-10-08 04:00:00+00:00,2023-10-10 12:00:00+00:00,2023-10-10 08:00:00-04:00,57,57.0,63.03467134321029,boost_5y_no_dew_pressure,True
2023-10-08 04:00:00+00:00,2023-10-10 13:00:00+00:00,2023-10-10 09:00:00-04:00,58,61.0,66.18694190954803,boost_5y_no_dew_pressure,True
2023-10-08 04:00:00+00:00,2023-10-10 14:00:00+00:00,2023-10-10 10:00:00-04:00,59,64.0,69.31597762808197,boost_5y_no_dew_pressure,True
2023-10-08 04:00:00+00:00,2023-10-10 15:00:00+00:00,2023-10-10 11:00:00-04:00,60,68.0,71.64020483336408,boost_5y_no_dew_pressure,True
2023-10-08 04:00:00+00:00,2023-10-10 16:00:00+00:00,2023-10-10 12:00:00-04:00,61,71.0,73.42251108870128,boost_5y_no_dew_pressure,True
2023-10-08 04:00:00+00:00,2023-10-10 17:00:00+00:00,2023-10-10 13:00:00-04:00,62,73.0,75.0460852461836,boost_5y_no_dew_pressure,True
2023-10-08 04:00:00+00:00,2023-10-10 18:00:00+00:00,2023-10-10 14:00:00-04:00,63,76.0,75.78402443958626,boost_5y_no_dew_pressure,True
2023-10-08 04:00:00+00:00,2023-10-10 19:00:00+00:00,2023-10-10 15:00:00-04:00,64,74.0,75.46273939842389,boost_5y_no_dew_pressure,True
2023-10-08 04:00:00+00:00,2023-10-10 20:00:00+00:00,2023-10-10 16:00:00-04:00,65,72.0,75.06919929223092,boost_5y_no_dew_pressure,True
2023-10-08 04:00:00+00:00,2023-10-10 21:00:00+00:00,2023-10-10 17:00:00-04:00,66,70.0,73.15284107374904,boost_5y_no_dew_pressure,True
2023-10-08 04:00:00+00:00,2023-10-10 22:00:00+00:00,2023-10-10 18:00:00-04:00,67,67.0,69.24836369607024,boost_5y_no_dew_pressure,True
2023-10-08 04:00:00+00:00,2023-10-10 23:00:00+00:00,2023-10-10 19:00:00-04:00,68,67.0,66.61305957615325,boost_5y_no_dew_pressure,True
2023-10-08 04:00:00+00:00,2023-10-11 00:00:00+00:00,2023-10-10 20:00:00-04:00,69,66.0,65.20570714765083,boost_5y_no_dew_pressure,True
2023-10-08 04:00:00+00:00,2023-10-11 01:00:00+00:00,2023-10-10 21:00:00-04:00,70,67.0,63.6260340671885,boost_5y_no_dew_pressure,True
2023-10-08 04:00:00+00:00,2023-10-11 02:00:00+00:00,2023-10-10 22:00:00-04:00,71,65.0,63.0696757253402,boost_5y_no_dew_pressure,True
2023-10-08 04:00:00+00:00,2023-10-11 03:00:00+00:00,2023-10-10 23:00:00-04:00,72,65.0,62.51175557135727,boost_5y_no_dew_pressure,True
2023-10-08 04:00:00+00:00,2023-10-11 04:00:00+00:00,2023-10-11 00:00:00-04:00,73,60.0,62.16306035218557,boost_5y_no_dew_pressure,True
2023-10-08 04:00:00+00:00,2023-10-11 05:00:00+00:00,2023-10-11 01:00:00-04:00,74,60.0,61.74683449141801,boost_5y_no_dew_pressure,True
2023-10-08 04:00:00+00:00,2023-10-11 06:00:00+00:00,2023-10-11 02:00:00-04:00,75,57.0,60.937941000632925,boost_5y_no_dew_pressure,True
2023-10-08 04:00:00+00:00,2023-10-11 07:00:00+00:00,2023-10-11 03:00:00-04:00,76,60.0,60.35019951569612,boost_5y_no_dew_pressure,True
2023-10-08 04:00:00+00:00,2023-10-11 08:00:00+00:00,2023-10-11 04:00:00-04:00,77,59.0,59.80718280607048,boost_5y_no_dew_pressure,True
2023-10-08 04:00:00+00:00,2023-10-11 09:00:00+00:00,2023-10-11 05:00:00-04:00,78,56.0,59.1322519130719,boost_5y_no_dew_pressure,True
2023-10-08 04:00:00+00:00,2023-10-11 10:00:00+00:00,2023-10-11 06:00:00-04:00,79,54.0,58.64957363760362,boost_5y_no_dew_pressure,True
2023-10-08 04:00:00+00:00,2023-10-11 11:00:00+00:00,2023-10-11 07:00:00-04:00,80,55.0,59.22398833947065,boost_5y_no_dew_pressure,True
2023-10-08 04:00:00+00:00,2023-10-11 12:00:00+00:00,2023-10-11 08:00:00-04:00,81,61.0,62.51388591559813,boost_5y_no_dew_pressure,True
2023-10-08 04:00:00+00:00,2023-10-11 13:00:00+00:00,2023-10-11 09:00:00-04:00,82,68.0,65.49762679141114,boost_5y_no_dew_pressure,True
2023-10-08 04:00:00+00:00,2023-10-11 14:00:00+00:00,2023-10-11 10:00:00-04:00,83,69.0,68.74688682069717,boost_5y_no_dew_pressure,True
2023-10-08 04:00:00+00:00,2023-10-11 15:00:00+00:00,2023-10-11 11:00:00-04:00,84,71.0,71.02557410408542,boost_5y_no_dew_pressure,True
2023-10-08 04:00:00+00:00,2023-10-11 16:00:00+00:00,2023-10-11 12:00:00-04:00,85,70.0,72.67936903122848,boost_5y_no_dew_pressure,True
2023-10-08 04:00:00+00:00,2023-10-11 17:00:00+00:00,2023-10-11 13:00:00-04:00,86,72.0,74.12104915216037,boost_5y_no_dew_pressure,True
2023-10-08 04:00:00+00:00,2023-10-11 18:00:00+00:00,2023-10-11 14:00:00-04:00,87,71.0,74.82825947075816,boost_5y_no_dew_pressure,True
2023-10-08 04:00:00+00:00,2023-10-11 19:00:00+00:00,2023-10-11 15:00:00-04:00,88,71.0,74.60819681763252,boost_5y_no_dew_pressure,True
2023-10-08 04:00:00+00:00,2023-10-11 20:00:00+00:00,2023-10-11 16:00:00-04:00,89,69.0,74.17867234502332,boost_5y_no_dew_pressure,True
2023-10-08 04:00:00+00:00,2023-10-11 21:00:00+00:00,2023-10-11 17:00:00-04:00,90,66.0,72.28720635534764,boost_5y_no_dew_pressure,True
2023-10-08 04:00:00+00:00,2023-10-11 22:00:00+00:00,2023-10-11 18:00:00-04:00,91,65.0,68.4056696492396,boost_5y_no_dew_pressure,True
2023-10-08 04:00:00+00:00,2023-10-11 23:00:00+00:00,2023-10-11 19:00:00-04:00,92,62.0,65.70262197343743,boost_5y_no_dew_pressure,True
2023-10-08 04:00:00+00:00,2023-10-12 00:00:00+00:00,2023-10-11 20:00:00-04:00,93,61.0,64.31849402659083,boost_5y_no_dew_pressure,True
2023-10-08 04:00:00+00:00,2023-10-12 01:00:00+00:00,2023-10-11 21:00:00-04:00,94,60.0,62.88421434196974,boost_5y_no_dew_pressure,True
2023-10-08 04:00:00+00:00,2023-10-12 02:00:00+00:00,2023-10-11 22:00:00-04:00,95,60.0,62.35729336847204,boost_5y_no_dew_pressure,True
2023-10-08 04:00:00+00:00,2023-10-12 03:00:00+00:00,2023-10-11 23:00:00-04:00,96,60.0,61.42408953279888,boost_5y_no_dew_pressure,True
2023-10-08 04:00:00+00:00,2023-10-12 04:00:00+00:00,2023-10-12 00:00:00-04:00,97,62.0,60.81898756794815,boost_5y_no_dew_pressure,True
2023-10-08 04:00:00+00:00,2023-10-12 05:00:00+00:00,2023-10-12 01:00:00-04:00,98,60.0,60.391231647830544,boost_5y_no_dew_pressure,True
2023-10-08 04:00:00+00:00,2023-10-12 06:00:00+00:00,2023-10-12 02:00:00-04:00,99,59.0,59.630341323435374,boost_5y_no_dew_pressure,True
2023-10-08 04:00:00+00:00,2023-10-12 07:00:00+00:00,2023-10-12 03:00:00-04:00,100,61.0,59.06964718429072,boost_5y_no_dew_pressure,True
2023-10-08 04:00:00+00:00,2023-10-12 08:00:00+00:00,2023-10-12 04:00:00-04:00,101,60.0,58.49025022425041,boost_5y_no_dew_pressure,True
2023-10-08 04:00:00+00:00,2023-10-12 09:00:00+00:00,2023-10-12 05:00:00-04:00,102,60.0,57.81056390438494,boost_5y_no_dew_pressure,True
2023-10-08 04:00:00+00:00,2023-10-12 10:00:00+00:00,2023-10-12 06:00:00-04:00,103,59.0,57.508216254965795,boost_5y_no_dew_pressure,True
2023-10-08 04:00:00+00:00,2023-10-12 11:00:00+00:00,2023-10-12 07:00:00-04:00,104,60.0,57.80106388631012,boost_5y_no_dew_pressure,True
2023-10-08 04:00:00+00:00,2023-10-12 12:00:00+00:00,2023-10-12 08:00:00-04:00,105,62.0,61.12010769360051,boost_5y_no_dew_pressure,True
2023-10-08 04:00:00+00:00,2023-10-12 13:00:00+00:00,2023-10-12 09:00:00-04:00,106,63.0,64.46691167451038,boost_5y_no_dew_pressure,True
2023-10-08 04:00:00+00:00,2023-10-12 14:00:00+00:00,2023-10-12 10:00:00-04:00,107,64.0,67.84072739579328,boost_5y_no_dew_pressure,True
2023-10-08 04:00:00+00:00,2023-10-12 15:00:00+00:00,2023-10-12 11:00:00-04:00,108,68.0,70.17778055839214,boost_5y_no_dew_pressure,True
2023-10-08 04:00:00+00:00,2023-10-12 16:00:00+00:00,2023-10-12 12:00:00-04:00,109,70.0,71.91060509280868,boost_5y_no_dew_pressure,True
2023-10-08 04:00:00+00:00,2023-10-12 17:00:00+00:00,2023-10-12 13:00:00-04:00,110,72.0,73.31318539056021,boost_5y_no_dew_pressure,True
2023-10-08 04:00:00+00:00,2023-10-12 18:00:00+00:00,2023-10-12 14:00:00-04:00,111,74.0,73.9811416464073,boost_5y_no_dew_pressure,True
2023-10-08 04:00:00+00:00,2023-10-12 19:00:00+00:00,2023-10-12 15:00:00-04:00,112,76.0,73.89302328863694,boost_5y_no_dew_pressure,True
2023-10-08 04:00:00+00:00,2023-10-12 20:00:00+00:00,2023-10-12 16:00:00-04:00,113,75.0,73.60971904698884,boost_5y_no_dew_pressure,True
2023-10-08 04:00:00+00:00,2023-10-12 21:00:00+00:00,2023-10-12 17:00:00-04:00,114,74.0,71.72837324606571,boost_5y_no_dew_pressure,True
2023-10-08 04:00:00+00:00,2023-10-12 22:00:00+00:00,2023-10-12 18:00:00-04:00,115,70.0,67.76552822205373,boost_5y_no_dew_pressure,True
2023-10-08 04:00:00+00:00,2023-10-12 23:00:00+00:00,2023-10-12 19:00:00-04:00,116,65.0,65.16713846801642,boost_5y_no_dew_pressure,True
2023-10-08 04:00:00+00:00,2023-10-13 00:00:00+00:00,2023-10-12 20:00:00-04:00,117,63.0,63.943075771276554,boost_5y_no_dew_pressure,True
2023-10-08 04:00:00+00:00,2023-10-13 01:00:00+00:00,2023-10-12 21:00:00-04:00,118,60.0,62.57298936144337,boost_5y_no_dew_pressure,True
2023-10-08 04:00:00+00:00,2023-10-13 02:00:00+00:00,2023-10-12 22:00:00-04:00,119,61.0,61.85902933606244,boost_5y_no_dew_pressure,True
2023-10-08 04:00:00+00:00,2023-10-13 03:00:00+00:00,2023-10-12 23:00:00-04:00,120,59.0,60.846840427966704,boost_5y_no_dew_pressure,True
2023-10-08 04:00:00+00:00,2023-10-13 04:00:00+00:00,2023-10-13 00:00:00-04:00,121,56.0,60.438974668297874,boost_5y_no_dew_pressure,True
2023-10-08 04:00:00+00:00,2023-10-13 05:00:00+00:00,2023-10-13 01:00:00-04:00,122,57.0,60.0755867788943,boost_5y_no_dew_pressure,True
2023-10-08 04:00:00+00:00,2023-10-13 06:00:00+00:00,2023-10-13 02:00:00-04:00,123,54.0,59.36576285669716,boost_5y_no_dew_pressure,True
2023-10-08 04:00:00+00:00,2023-10-13 07:00:00+00:00,2023-10-13 03:00:00-04:00,124,54.0,58.72068129843866,boost_5y_no_dew_pressure,True
2023-10-08 04:00:00+00:00,2023-10-13 08:00:00+00:00,2023-10-13 04:00:00-04:00,125,55.0,58.290816174638024,boost_5y_no_dew_pressure,True
2023-10-08 04:00:00+00:00,2023-10-13 09:00:00+00:00,2023-10-13 05:00:00-04:00,126,53.0,57.8505907261049,boost_5y_no_dew_pressure,True
2023-10-08 04:00:00+00:00,2023-10-13 10:00:00+00:00,2023-10-13 06:00:00-04:00,127,53.0,57.40943338420315,boost_5y_no_dew_pressure,True
2023-10-08 04:00:00+00:00,2023-10-13 11:00:00+00:00,2023-10-13 07:00:00-04:00,128,55.0,57.91412507599749,boost_5y_no_dew_pressure,True
2023-10-08 04:00:00+00:00,2023-10-13 12:00:00+00:00,2023-10-13 08:00:00-04:00,129,61.0,61.00107000023654,boost_5y_no_dew_pressure,True
2023-10-08 04:00:00+00:00,2023-10-13 13:00:00+00:00,2023-10-13 09:00:00-04:00,130,68.0,64.3666939537676,boost_5y_no_dew_pressure,True
2023-10-08 04:00:00+00:00,2023-10-13 14:00:00+00:00,2023-10-13 10:00:00-04:00,131,73.0,67.7214794947329,boost_5y_no_dew_pressure,True
2023-10-08 04:00:00+00:00,2023-10-13 15:00:00+00:00,2023-10-13 11:00:00-04:00,132,76.0,70.16596083549544,boost_5y_no_dew_pressure,True
2023-10-08 04:00:00+00:00,2023-10-13 16:00:00+00:00,2023-10-13 12:00:00-04:00,133,77.0,71.99698418275052,boost_5y_no_dew_pressure,True
2023-10-08 04:00:00+00:00,2023-10-13 17:00:00+00:00,2023-10-13 13:00:00-04:00,134,78.0,73.29073126599916,boost_5y_no_dew_pressure,True
2023-10-08 04:00:00+00:00,2023-10-13 18:00:00+00:00,2023-10-13 14:00:00-04:00,135,80.0,73.95348007566248,boost_5y_no_dew_pressure,True
2023-10-08 04:00:00+00:00,2023-10-13 19:00:00+00:00,2023-10-13 15:00:00-04:00,136,80.0,73.92635528442271,boost_5y_no_dew_pressure,True
2023-10-08 04:00:00+00:00,2023-10-13 20:00:00+00:00,2023-10-13 16:00:00-04:00,137,79.0,73.53610909546312,boost_5y_no_dew_pressure,True
2023-10-08 04:00:00+00:00,2023-10-13 21:00:00+00:00,2023-10-13 17:00:00-04:00,138,78.0,71.51660025002019,boost_5y_no_dew_pressure,True
2023-10-08 04:00:00+00:00,2023-10-13 22:00:00+00:00,2023-10-13 18:00:00-04:00,139,74.0,67.42230254378845,boost_5y_no_dew_pressure,True
2023-10-08 04:00:00+00:00,2023-10-13 23:00:00+00:00,2023-10-13 19:00:00-04:00,140,72.0,64.69150567178188,boost_5y_no_dew_pressure,True
2023-10-08 04:00:00+00:00,2023-10-14 00:00:00+00:00,2023-10-13 20:00:00-04:00,141,71.0,63.40086846062053,boost_5y_no_dew_pressure,True
2023-10-08 04:00:00+00:00,2023-10-14 01:00:00+00:00,2023-10-13 21:00:00-04:00,142,70.0,62.00599646685152,boost_5y_no_dew_pressure,True
2023-10-08 04:00:00+00:00,2023-10-14 02:00:00+00:00,2023-10-13 22:00:00-04:00,143,69.0,61.21680536574908,boost_5y_no_dew_pressure,True
2023-10-08 04:00:00+00:00,2023-10-14 03:00:00+00:00,2023-10-13 23:00:00-04:00,144,69.0,60.19220593136303,boost_5y_no_dew_pressure,True
2023-10-08 04:00:00+00:00,2023-10-14 04:00:00+00:00,2023-10-14 00:00:00-04:00,145,67.0,59.50527932512589,boost_5y_no_dew_pressure,True
2023-10-08 04:00:00+00:00,2023-10-14 05:00:00+00:00,2023-10-14 01:00:00-04:00,146,67.0,59.120930820627606,boost_5y_no_dew_pressure,True
2023-10-08 04:00:00+00:00,2023-10-14 06:00:00+00:00,2023-10-14 02:00:00-04:00,147,67.0,58.34821988176784,boost_5y_no_dew_pressure,True
2023-10-08 04:00:00+00:00,2023-10-14 07:00:00+00:00,2023-10-14 03:00:00-04:00,148,66.0,57.68309413247364,boost_5y_no_dew_pressure,True
2023-10-08 04:00:00+00:00,2023-10-14 08:00:00+00:00,2023-10-14 04:00:00-04:00,149,63.0,57.32980489243477,boost_5y_no_dew_pressure,True
2023-10-08 04:00:00+00:00,2023-10-14 09:00:00+00:00,2023-10-14 05:00:00-04:00,150,65.0,56.70345606471883,boost_5y_no_dew_pressure,True
2023-10-08 04:00:00+00:00,2023-10-14 10:00:00+00:00,2023-10-14 06:00:00-04:00,151,65.0,56.247696997242805,boost_5y_no_dew_pressure,True
2023-10-08 04:00:00+00:00,2023-10-14 11:00:00+00:00,2023-10-14 07:00:00-04:00,152,61.0,56.627490169617346,boost_5y_no_dew_pressure,True
2023-10-08 04:00:00+00:00,2023-10-14 12:00:00+00:00,2023-10-14 08:00:00-04:00,153,61.0,59.85412882883558,boost_5y_no_dew_pressure,True
2023-10-08 04:00:00+00:00,2023-10-14 13:00:00+00:00,2023-10-14 09:00:00-04:00,154,62.0,63.23831359806904,boost_5y_no_dew_pressure,True
2023-10-08 04:00:00+00:00,2023-10-14 14:00:00+00:00,2023-10-14 10:00:00-04:00,155,64.0,66.6545760977491,boost_5y_no_dew_pressure,True
2023-10-08 04:00:00+00:00,2023-10-14 15:00:00+00:00,2023-10-14 11:00:00-04:00,156,62.0,69.17155440941568,boost_5y_no_dew_pressure,True
2023-10-08 04:00:00+00:00,2023-10-14 16:00:00+00:00,2023-10-14 12:00:00-04:00,157,62.0,71.0116764222852,boost_5y_no_dew_pressure,True
2023-10-08 04:00:00+00:00,2023-10-14 17:00:00+00:00,2023-10-14 13:00:00-04:00,158,63.0,72.37452702413407,boost_5y_no_dew_pressure,True
2023-10-08 04:00:00+00:00,2023-10-14 18:00:00+00:00,2023-10-14 14:00:00-04:00,159,65.0,73.04292453776111,boost_5y_no_dew_pressure,True
2023-10-08 04:00:00+00:00,2023-10-14 19:00:00+00:00,2023-10-14 15:00:00-04:00,160,65.0,73.04671017079924,boost_5y_no_dew_pressure,True
2023-10-08 04:00:00+00:00,2023-10-14 20:00:00+00:00,2023-10-14 16:00:00-04:00,161,67.0,72.69936911945842,boost_5y_no_dew_pressure,True
2023-10-08 04:00:00+00:00,2023-10-14 21:00:00+00:00,2023-10-14 17:00:00-04:00,162,67.0,70.60141846456251,boost_5y_no_dew_pressure,True
2023-10-08 04:00:00+00:00,2023-10-14 22:00:00+00:00,2023-10-14 18:00:00-04:00,163,65.0,66.45868640589892,boost_5y_no_dew_pressure,True
2023-10-08 04:00:00+00:00,2023-10-14 23:00:00+00:00,2023-10-14 19:00:00-04:00,164,62.0,63.759086311437315,boost_5y_no_dew_pressure,True
2023-10-08 04:00:00+00:00,2023-10-15 00:00:00+00:00,2023-10-14 20:00:00-04:00,165,63.0,62.329300030540125,boost_5y_no_dew_pressure,True
2023-10-08 04:00:00+00:00,2023-10-15 01:00:00+00:00,2023-10-14 21:00:00-04:00,166,64.0,61.01070737556664,boost_5y_no_dew_pressure,True
2023-10-08 04:00:00+00:00,2023-10-15 02:00:00+00:00,2023-10-14 22:00:00-04:00,167,64.0,60.135610330104186,boost_5y_no_dew_pressure,True
2023-10-08 04:00:00+00:00,2023-10-15 03:00:00+00:00,2023-10-14 23:00:00-04:00,168,63.0,59.237096247337945,boost_5y_no_dew_pressure,True
2023-10-08 04:00:00+00:00,2023-10-15 04:00:00+00:00,2023-10-15 00:00:00-04:00,169,61.0,58.43612121611394,boost_5y_no_dew_pressure,True
2023-10-08 04:00:00+00:00,2023-10-15 05:00:00+00:00,2023-10-15 01:00:00-04:00,170,59.0,57.99745617487819,boost_5y_no_dew_pressure,True
2023-10-08 04:00:00+00:00,2023-10-15 06:00:00+00:00,2023-10-15 02:00:00-04:00,171,55.0,57.30238623214279,boost_5y_no_dew_pressure,True
2023-10-08 04:00:00+00:00,2023-10-15 07:00:00+00:00,2023-10-15 03:00:00-04:00,172,54.0,56.7745626475428,boost_5y_no_dew_pressure,True
2023-10-08 04:00:00+00:00,2023-10-15 08:00:00+00:00,2023-10-15 04:00:00-04:00,173,52.0,56.327484663009045,boost_5y_no_dew_pressure,True
2023-10-08 04:00:00+00:00,2023-10-15 09:00:00+00:00,2023-10-15 05:00:00-04:00,174,54.0,55.85354793878474,boost_5y_no_dew_pressure,True
2023-10-08 04:00:00+00:00,2023-10-15 10:00:00+00:00,2023-10-15 06:00:00-04:00,175,53.0,55.45095592675225,boost_5y_no_dew_pressure,True
2023-10-08 04:00:00+00:00,2023-10-15 11:00:00+00:00,2023-10-15 07:00:00-04:00,176,54.0,55.7714924146677,boost_5y_no_dew_pressure,True
2023-10-08 04:00:00+00:00,2023-10-15 12:00:00+00:00,2023-10-15 08:00:00-04:00,177,57.0,59.01622581964484,boost_5y_no_dew_pressure,True
2023-10-08 04:00:00+00:00,2023-10-15 13:00:00+00:00,2023-10-15 09:00:00-04:00,178,57.0,62.65734081070087,boost_5y_no_dew_pressure,True
2023-10-08 04:00:00+00:00,2023-10-15 14:00:00+00:00,2023-10-15 10:00:00-04:00,179,58.0,66.16281935825643,boost_5y_no_dew_pressure,True
2023-10-08 04:00:00+00:00,2023-10-15 15:00:00+00:00,2023-10-15 11:00:00-04:00,180,61.0,68.60384685384537,boost_5y_no_dew_pressure,True
2023-10-08 04:00:00+00:00,2023-10-15 16:00:00+00:00,2023-10-15 12:00:00-04:00,181,61.0,70.52907487157597,boost_5y_no_dew_pressure,True
2023-10-08 04:00:00+00:00,2023-10-15 17:00:00+00:00,2023-10-15 13:00:00-04:00,182,63.0,71.88627623931319,boost_5y_no_dew_pressure,True
2023-10-08 04:00:00+00:00,2023-10-15 18:00:00+00:00,2023-10-15 14:00:00-04:00,183,63.0,72.62182203193886,boost_5y_no_dew_pressure,True
2023-10-08 04:00:00+00:00,2023-10-15 19:00:00+00:00,2023-10-15 15:00:00-04:00,184,62.0,72.71874714064111,boost_5y_no_dew_pressure,True
2023-10-08 04:00:00+00:00,2023-10-15 20:00:00+00:00,2023-10-15 16:00:00-04:00,185,62.0,72.22584979415754,boost_5y_no_dew_pressure,True
2023-10-08 04:00:00+00:00,2023-10-15 21:00:00+00:00,2023-10-15 17:00:00-04:00,186,60.0,70.2645673601035,boost_5y_no_dew_pressure,True
2023-10-08 04:00:00+00:00,2023-10-15 22:00:00+00:00,2023-10-15 18:00:00-04:00,187,58.0,66.12114820120605,boost_5y_no_dew_pressure,True
2023-10-08 04:00:00+00:00,2023-10-15 23:00:00+00:00,2023-10-15 19:00:00-04:00,188,57.0,63.46700308739691,boost_5y_no_dew_pressure,True
2023-10-08 04:00:00+00:00,2023-10-16 00:00:00+00:00,2023-10-15 20:00:00-04:00,189,57.0,62.055617668045734,boost_5y_no_dew_pressure,True
2023-10-08 04:00:00+00:00,2023-10-16 01:00:00+00:00,2023-10-15 21:00:00-04:00,190,56.0,60.6875093201673,boost_5y_no_dew_pressure,True
2023-10-08 04:00:00+00:00,2023-10-16 02:00:00+00:00,2023-10-15 22:00:00-04:00,191,58.0,59.89150554066434,boost_5y_no_dew_pressure,True
2023-10-08 04:00:00+00:00,2023-10-16 03:00:00+00:00,2023-10-15 23:00:00-04:00,192,57.0,58.95120902367883,boost_5y_no_dew_pressure,True
2023-10-08 04:00:00+00:00,2023-10-16 04:00:00+00:00,2023-10-16 00:00:00-04:00,193,56.0,58.06981914197196,boost_5y_no_dew_pressure,True
2023-10-08 04:00:00+00:00,2023-10-16 05:00:00+00:00,2023-10-16 01:00:00-04:00,194,55.0,57.6220516456247,boost_5y_no_dew_pressure,True
2023-10-08 04:00:00+00:00,2023-10-16 06:00:00+00:00,2023-10-16 02:00:00-04:00,195,54.0,56.882238431155024,boost_5y_no_dew_pressure,True
2023-10-08 04:00:00+00:00,2023-10-16 07:00:00+00:00,2023-10-16 03:00:00-04:00,196,52.0,56.2173044433544,boost_5y_no_dew_pressure,True
2023-10-08 04:00:00+00:00,2023-10-16 08:00:00+00:00,2023-10-16 04:00:00-04:00,197,51.0,55.76675849291528,boost_5y_no_dew_pressure,True
2023-10-08 04:00:00+00:00,2023-10-16 09:00:00+00:00,2023-10-16 05:00:00-04:00,198,50.0,55.067888053755375,boost_5y_no_dew_pressure,True
2023-10-08 04:00:00+00:00,2023-10-16 10:00:00+00:00,2023-10-16 06:00:00-04:00,199,50.0,54.66437701021431,boost_5y_no_dew_pressure,True
2023-10-08 04:00:00+00:00,2023-10-16 11:00:00+00:00,2023-10-16 07:00:00-04:00,200,49.0,54.87990690266872,boost_5y_no_dew_pressure,True
2023-10-08 04:00:00+00:00,2023-10-16 12:00:00+00:00,2023-10-16 08:00:00-04:00,201,53.0,58.45416562644031,boost_5y_no_dew_pressure,True
2023-10-08 04:00:00+00:00,2023-10-16 13:00:00+00:00,2023-10-16 09:00:00-04:00,202,57.0,62.18358630725105,boost_5y_no_dew_pressure,True
2023-10-08 04:00:00+00:00,2023-10-16 14:00:00+00:00,2023-10-16 10:00:00-04:00,203,60.0,65.66696826617309,boost_5y_no_dew_pressure,True
2023-10-08 04:00:00+00:00,2023-10-16 15:00:00+00:00,2023-10-16 11:00:00-04:00,204,60.0,68.06767736531904,boost_5y_no_dew_pressure,True
2023-10-08 04:00:00+00:00,2023-10-16 16:00:00+00:00,2023-10-16 12:00:00-04:00,205,62.0,70.0063056532761,boost_5y_no_dew_pressure,True
2023-10-08 04:00:00+00:00,2023-10-16 17:00:00+00:00,2023-10-16 13:00:00-04:00,206,61.0,71.37230818388615,boost_5y_no_dew_pressure,True
2023-10-08 04:00:00+00:00,2023-10-16 18:00:00+00:00,2023-10-16 14:00:00-04:00,207,61.0,72.19144888080613,boost_5y_no_dew_pressure,True
2023-10-08 04:00:00+00:00,2023-10-16 19:00:00+00:00,2023-10-16 15:00:00-04:00,208,62.0,72.12189138038353,boost_5y_no_dew_pressure,True
2023-10-08 04:00:00+00:00,2023-10-16 20:00:00+00:00,2023-10-16 16:00:00-04:00,209,60.0,71.66153572393343,boost_5y_no_dew_pressure,True
2023-10-08 04:00:00+00:00,2023-10-16 21:00:00+00:00,2023-10-16 17:00:00-04:00,210,59.0,69.63414399000472,boost_5y_no_dew_pressure,True
2023-10-08 04:00:00+00:00,2023-10-16 22:00:00+00:00,2023-10-16 18:00:00-04:00,211,57.0,65.33574208485132,boost_5y_no_dew_pressure,True
2023-10-08 04:00:00+00:00,2023-10-16 23:00:00+00:00,2023-10-16 19:00:00-04:00,212,52.0,62.62707856926026,boost_5y_no_dew_pressure,True
2023-10-08 04:00:00+00:00,2023-10-17 00:00:00+00:00,2023-10-16 20:00:00-04:00,213,49.0,61.18900426697097,boost_5y_no_dew_pressure,True
2023-10-08 04:00:00+00:00,2023-10-17 01:00:00+00:00,2023-10-16 21:00:00-04:00,214,50.0,59.86800543152137,boost_5y_no_dew_pressure,True
2023-10-08 04:00:00+00:00,2023-10-17 02:00:00+00:00,2023-10-16 22:00:00-04:00,215,49.0,59.070482185243904,boost_5y_no_dew_pressure,True
2023-10-08 04:00:00+00:00,2023-10-17 03:00:00+00:00,2023-10-16 23:00:00-04:00,216,49.0,58.03995206793432,boost_5y_no_dew_pressure,True
2023-10-08 04:00:00+00:00,2023-10-17 04:00:00+00:00,2023-10-17 00:00:00-04:00,217,49.0,57.09790556597247,boost_5y_no_dew_pressure,True
2023-10-08 04:00:00+00:00,2023-10-17 05:00:00+00:00,2023-10-17 01:00:00-04:00,218,47.0,56.6776687746133,boost_5y_no_dew_pressure,True
2023-10-08 04:00:00+00:00,2023-10-17 06:00:00+00:00,2023-10-17 02:00:00-04:00,219,46.0,55.93973286181134,boost_5y_no_dew_pressure,True
2023-10-08 04:00:00+00:00,2023-10-17 07:00:00+00:00,2023-10-17 03:00:00-04:00,220,48.0,55.22574017841092,boost_5y_no_dew_pressure,True
2023-10-08 04:00:00+00:00,2023-10-17 08:00:00+00:00,2023-10-17 04:00:00-04:00,221,50.0,54.763167839385105,boost_5y_no_dew_pressure,True
2023-10-08 04:00:00+00:00,2023-10-17 09:00:00+00:00,2023-10-17 05:00:00-04:00,222,50.0,54.28007562970115,boost_5y_no_dew_pressure,True
2023-10-08 04:00:00+00:00,2023-10-17 10:00:00+00:00,2023-10-17 06:00:00-04:00,223,50.0,53.87822500325768,boost_5y_no_dew_pressure,True
2023-10-08 04:00:00+00:00,2023-10-17 11:00:00+00:00,2023-10-17 07:00:00-04:00,224,49.0,53.94781641551533,boost_5y_no_dew_pressure,True
2023-10-08 04:00:00+00:00,2023-10-17 12:00:00+00:00,2023-10-17 08:00:00-04:00,225,54.0,57.469852433618016,boost_5y_no_dew_pressure,True
2023-10-08 04:00:00+00:00,2023-10-17 13:00:00+00:00,2023-10-17 09:00:00-04:00,226,58.0,61.407673616222525,boost_5y_no_dew_pressure,True
2023-10-08 04:00:00+00:00,2023-10-17 14:00:00+00:00,2023-10-17 10:00:00-04:00,227,61.0,65.03765688641306,boost_5y_no_dew_pressure,True
2023-10-08 04:00:00+00:00,2023-10-17 15:00:00+00:00,2023-10-17 11:00:00-04:00,228,64.0,67.450221653093,boost_5y_no_dew_pressure,True
2023-10-08 04:00:00+00:00,2023-10-17 16:00:00+00:00,2023-10-17 12:00:00-04:00,229,66.0,69.44461458067603,boost_5y_no_dew_pressure,True
2023-10-08 04:00:00+00:00,2023-10-17 17:00:00+00:00,2023-10-17 13:00:00-04:00,230,66.0,70.87368610312086,boost_5y_no_dew_pressure,True
2023-10-08 04:00:00+00:00,2023-10-17 18:00:00+00:00,2023-10-17 14:00:00-04:00,231,68.0,71.645451377306,boost_5y_no_dew_pressure,True
2023-10-08 04:00:00+00:00,2023-10-17 19:00:00+00:00,2023-10-17 15:00:00-04:00,232,67.0,71.75910086274428,boost_5y_no_dew_pressure,True
2023-10-08 04:00:00+00:00,2023-10-17 20:00:00+00:00,2023-10-17 16:00:00-04:00,233,66.0,71.28973164305658,boost_5y_no_dew_pressure,True
2023-10-08 04:00:00+00:00,2023-10-17 21:00:00+00:00,2023-10-17 17:00:00-04:00,234,63.0,69.22503851053816,boost_5y_no_dew_pressure,True
2023-10-08 04:00:00+00:00,2023-10-17 22:00:00+00:00,2023-10-17 18:00:00-04:00,235,61.0,64.77666860252883,boost_5y_no_dew_pressure,True
2023-10-08 04:00:00+00:00,2023-10-17 23:00:00+00:00,2023-10-17 19:00:00-04:00,236,62.0,62.084171826760674,boost_5y_no_dew_pressure,True
2023-10-08 04:00:00+00:00,2023-10-18 00:00:00+00:00,2023-10-17 20:00:00-04:00,237,58.0,60.59578514242781,boost_5y_no_dew_pressure,True
2023-10-08 04:00:00+00:00,2023-10-18 01:00:00+00:00,2023-10-17 21:00:00-04:00,238,57.0,59.29400705996082,boost_5y_no_dew_pressure,True
2023-10-08 04:00:00+00:00,2023-10-18 02:00:00+00:00,2023-10-17 22:00:00-04:00,239,58.0,58.468768667781966,boost_5y_no_dew_pressure,True
2023-10-08 04:00:00+00:00,2023-10-18 03:00:00+00:00,2023-10-17 23:00:00-04:00,240,58.0,57.50780469293797,boost_5y_no_dew_pressure,True
2023-10-08 04:00:00+00:00,2023-10-18 04:00:00+00:00,2023-10-18 00:00:00-04:00,241,57.0,56.36559239321026,boost_5y_no_dew_pressure,True
2023-10-08 04:00:00+00:00,2023-10-18 05:00:00+00:00,2023-10-18 01:00:00-04:00,242,57.0,55.83475659619139,boost_5y_no_dew_pressure,True
2023-10-08 04:00:00+00:00,2023-10-18 06:00:00+00:00,2023-10-18 02:00:00-04:00,243,56.0,55.09891651884365,boost_5y_no_dew_pressure,True
2023-10-08 04:00:00+00:00,2023-10-18 07:00:00+00:00,2023-10-18 03:00:00-04:00,244,57.0,54.364661792759634,boost_5y_no_dew_pressure,True
2023-10-08 04:00:00+00:00,2023-10-18 08:00:00+00:00,2023-10-18 04:00:00-04:00,245,56.0,53.940151612690755,boost_5y_no_dew_pressure,True
2023-10-08 04:00:00+00:00,2023-10-18 09:00:00+00:00,2023-10-18 05:00:00-04:00,246,56.0,53.491435275653124,boost_5y_no_dew_pressure,True
2023-10-08 04:00:00+00:00,2023-10-18 10:00:00+00:00,2023-10-18 06:00:00-04:00,247,55.0,53.16199012931949,boost_5y_no_dew_pressure,True
2023-10-08 04:00:00+00:00,2023-10-18 11:00:00+00:00,2023-10-18 07:00:00-04:00,248,55.0,53.18336338919051,boost_5y_no_dew_pressure,True
2023-10-08 04:00:00+00:00,2023-10-18 12:00:00+00:00,2023-10-18 08:00:00-04:00,249,57.0,56.84305962032282,boost_5y_no_dew_pressure,True
2023-10-08 04:00:00+00:00,2023-10-18 13:00:00+00:00,2023-10-18 09:00:00-04:00,250,60.0,60.928219499239404,boost_5y_no_dew_pressure,True
2023-10-08 04:00:00+00:00,2023-10-18 14:00:00+00:00,2023-10-18 10:00:00-04:00,251,64.0,64.55743436018587,boost_5y_no_dew_pressure,True
2023-10-08 04:00:00+00:00,2023-10-18 15:00:00+00:00,2023-10-18 11:00:00-04:00,252,67.0,67.0525136443383,boost_5y_no_dew_pressure,True
2023-10-08 04:00:00+00:00,2023-10-18 16:00:00+00:00,2023-10-18 12:00:00-04:00,253,68.0,69.12984807263808,boost_5y_no_dew_pressure,True
2023-10-08 04:00:00+00:00,2023-10-18 17:00:00+00:00,2023-10-18 13:00:00-04:00,254,68.0,70.50187592890155,boost_5y_no_dew_pressure,True
2023-10-08 04:00:00+00:00,2023-10-18 18:00:00+00:00,2023-10-18 14:00:00-04:00,255,69.0,71.31637877098207,boost_5y_no_dew_pressure,True
2023-10-08 04:00:00+00:00,2023-10-18 19:00:00+00:00,2023-10-18 15:00:00-04:00,256,67.0,71.37007776989996,boost_5y_no_dew_pressure,True
2023-10-08 04:00:00+00:00,2023-10-18 20:00:00+00:00,2023-10-18 16:00:00-04:00,257,69.0,70.87731728980852,boost_5y_no_dew_pressure,True
2023-10-08 04:00:00+00:00,2023-10-18 21:00:00+00:00,2023-10-18 17:00:00-04:00,258,67.0,68.71265199850366,boost_5y_no_dew_pressure,True
2023-10-08 04:00:00+00:00,2023-10-18 22:00:00+00:00,2023-10-18 18:00:00-04:00,259,63.0,64.26288673852395,boost_5y_no_dew_pressure,True
2023-10-08 04:00:00+00:00,2023-10-18 23:00:00+00:00,2023-10-18 19:00:00-04:00,260,58.0,61.493722058581014,boost_5y_no_dew_pressure,True
2023-10-08 04:00:00+00:00,2023-10-19 00:00:00+00:00,2023-10-18 20:00:00-04:00,261,57.0,60.03384487833903,boost_5y_no_dew_pressure,True
2023-10-08 04:00:00+00:00,2023-10-19 01:00:00+00:00,2023-10-18 21:00:00-04:00,262,57.0,58.741756060033616,boost_5y_no_dew_pressure,True
2023-10-08 04:00:00+00:00,2023-10-19 02:00:00+00:00,2023-10-18 22:00:00-04:00,263,54.0,57.89856118331555,boost_5y_no_dew_pressure,True
2023-10-08 04:00:00+00:00,2023-10-19 03:00:00+00:00,2023-10-18 23:00:00-04:00,264,55.0,56.98118444633694,boost_5y_no_dew_pressure,True
2023-10-08 04:00:00+00:00,2023-10-19 04:00:00+00:00,2023-10-19 00:00:00-04:00,265,52.0,56.07189351145694,boost_5y_no_dew_pressure,True
2023-10-08 04:00:00+00:00,2023-10-19 05:00:00+00:00,2023-10-19 01:00:00-04:00,266,50.0,55.568281138401666,boost_5y_no_dew_pressure,True
2023-10-08 04:00:00+00:00,2023-10-19 06:00:00+00:00,2023-10-19 02:00:00-04:00,267,50.0,54.738829262536996,boost_5y_no_dew_pressure,True
2023-10-08 04:00:00+00:00,2023-10-19 07:00:00+00:00,2023-10-19 03:00:00-04:00,268,48.0,54.11556651013224,boost_5y_no_dew_pressure,True
2023-10-08 04:00:00+00:00,2023-10-19 08:00:00+00:00,2023-10-19 04:00:00-04:00,269,49.0,53.7476905980368,boost_5y_no_dew_pressure,True
2023-10-08 04:00:00+00:00,2023-10-19 09:00:00+00:00,2023-10-19 05:00:00-04:00,270,47.0,53.292987716239196,boost_5y_no_dew_pressure,True
2023-10-08 04:00:00+00:00,2023-10-19 10:00:00+00:00,2023-10-19 06:00:00-04:00,271,47.0,52.950003918830376,boost_5y_no_dew_pressure,True
2023-10-08 04:00:00+00:00,2023-10-19 11:00:00+00:00,2023-10-19 07:00:00-04:00,272,48.0,52.851977188243765,boost_5y_no_dew_pressure,True
2023-10-08 04:00:00+00:00,2023-10-19 12:00:00+00:00,2023-10-19 08:00:00-04:00,273,55.0,56.40427434202067,boost_5y_no_dew_pressure,True
2023-10-08 04:00:00+00:00,2023-10-19 13:00:00+00:00,2023-10-19 09:00:00-04:00,274,62.0,60.45677808512996,boost_5y_no_dew_pressure,True
2023-10-08 04:00:00+00:00,2023-10-19 14:00:00+00:00,2023-10-19 10:00:00-04:00,275,66.0,64.01269868981383,boost_5y_no_dew_pressure,True
2023-10-08 04:00:00+00:00,2023-10-19 15:00:00+00:00,2023-10-19 11:00:00-04:00,276,70.0,66.52676535119706,boost_5y_no_dew_pressure,True
2023-10-08 04:00:00+00:00,2023-10-19 16:00:00+00:00,2023-10-19 12:00:00-04:00,277,71.0,68.60036765086798,boost_5y_no_dew_pressure,True
2023-10-08 04:00:00+00:00,2023-10-19 17:00:00+00:00,2023-10-19 13:00:00-04:00,278,72.0,69.87563982597989,boost_5y_no_dew_pressure,True
2023-10-08 04:00:00+00:00,2023-10-19 18:00:00+00:00,2023-10-19 14:00:00-04:00,279,73.0,70.70236663201779,boost_5y_no_dew_pressure,True
2023-10-08 04:00:00+00:00,2023-10-19 19:00:00+00:00,2023-10-19 15:00:00-04:00,280,72.0,70.78617631667349,boost_5y_no_dew_pressure,True
2023-10-08 04:00:00+00:00,2023-10-19 20:00:00+00:00,2023-10-19 16:00:00-04:00,281,72.0,70.31915619451455,boost_5y_no_dew_pressure,True
2023-10-08 04:00:00+00:00,2023-10-19 21:00:00+00:00,2023-10-19 17:00:00-04:00,282,70.0,68.25577800733855,boost_5y_no_dew_pressure,True
2023-10-08 04:00:00+00:00,2023-10-19 22:00:00+00:00,2023-10-19 18:00:00-04:00,283,65.0,63.85326121345789,boost_5y_no_dew_pressure,True
2023-10-08 04:00:00+00:00,2023-10-19 23:00:00+00:00,2023-10-19 19:00:00-04:00,284,63.0,61.04203261286268,boost_5y_no_dew_pressure,True
2023-10-08 04:00:00+00:00,2023-10-20 00:00:00+00:00,2023-10-19 20:00:00-04:00,285,62.0,59.606795480532085,boost_5y_no_dew_pressure,True
2023-10-08 04:00:00+00:00,2023-10-20 01:00:00+00:00,2023-10-19 21:00:00-04:00,286,59.0,58.32832361262677,boost_5y_no_dew_pressure,True
2023-10-08 04:00:00+00:00,2023-10-20 02:00:00+00:00,2023-10-19 22:00:00-04:00,287,58.0,57.4464362628284,boost_5y_no_dew_pressure,True
2023-10-08 04:00:00+00:00,2023-10-20 03:00:00+00:00,2023-10-19 23:00:00-04:00,288,58.0,56.59485320597408,boost_5y_no_dew_pressure,True
2023-10-08 04:00:00+00:00,2023-10-20 04:00:00+00:00,2023-10-20 00:00:00-04:00,289,59.0,55.73717046127173,boost_5y_no_dew_pressure,True
2023-10-08 04:00:00+00:00,2023-10-20 05:00:00+00:00,2023-10-20 01:00:00-04:00,290,59.0,55.25895658731484,boost_5y_no_dew_pressure,True
2023-10-08 04:00:00+00:00,2023-10-20 06:00:00+00:00,2023-10-20 02:00:00-04:00,291,59.0,54.45233897822267,boost_5y_no_dew_pressure,True
2023-10-08 04:00:00+00:00,2023-10-20 07:00:00+00:00,2023-10-20 03:00:00-04:00,292,59.0,53.85465344322256,boost_5y_no_dew_pressure,True
2023-10-08 04:00:00+00:00,2023-10-20 08:00:00+00:00,2023-10-20 04:00:00-04:00,293,58.0,53.5021232176595,boost_5y_no_dew_pressure,True
2023-10-08 04:00:00+00:00,2023-10-20 09:00:00+00:00,2023-10-20 05:00:00-04:00,294,58.0,53.13142662252324,boost_5y_no_dew_pressure,True
2023-10-08 04:00:00+00:00,2023-10-20 10:00:00+00:00,2023-10-20 06:00:00-04:00,295,57.0,52.78736092643732,boost_5y_no_dew_pressure,True
2023-10-08 04:00:00+00:00,2023-10-20 11:00:00+00:00,2023-10-20 07:00:00-04:00,296,57.0,52.692233673680924,boost_5y_no_dew_pressure,True
2023-10-08 04:00:00+00:00,2023-10-20 12:00:00+00:00,2023-10-20 08:00:00-04:00,297,59.0,56.122816639212175,boost_5y_no_dew_pressure,True
2023-10-08 04:00:00+00:00,2023-10-20 13:00:00+00:00,2023-10-20 09:00:00-04:00,298,64.0,60.0688727415905,boost_5y_no_dew_pressure,True
2023-10-08 04:00:00+00:00,2023-10-20 14:00:00+00:00,2023-10-20 10:00:00-04:00,299,69.0,63.536838386580165,boost_5y_no_dew_pressure,True
2023-10-08 04:00:00+00:00,2023-10-20 15:00:00+00:00,2023-10-20 11:00:00-04:00,300,71.0,66.02255321890797,boost_5y_no_dew_pressure,True
2023-10-08 04:00:00+00:00,2023-10-20 16:00:00+00:00,2023-10-20 12:00:00-04:00,301,69.0,68.18839317432698,boost_5y_no_dew_pressure,True
2023-10-08 04:00:00+00:00,2023-10-20 17:00:00+00:00,2023-10-20 13:00:00-04:00,302,65.0,69.54708243193296,boost_5y_no_dew_pressure,True
2023-10-08 04:00:00+00:00,2023-10-20 18:00:00+00:00,2023-10-20 14:00:00-04:00,303,67.0,70.41780725015845,boost_5y_no_dew_pressure,True
2023-10-08 04:00:00+00:00,2023-10-20 19:00:00+00:00,2023-10-20 15:00:00-04:00,304,70.0,70.60108274644816,boost_5y_no_dew_pressure,True
2023-10-08 04:00:00+00:00,2023-10-20 20:00:00+00:00,2023-10-20 16:00:00-04:00,305,67.0,70.07406986582869,boost_5y_no_dew_pressure,True
2023-10-08 04:00:00+00:00,2023-10-20 21:00:00+00:00,2023-10-20 17:00:00-04:00,306,67.0,67.98417096631424,boost_5y_no_dew_pressure,True
2023-10-08 04:00:00+00:00,2023-10-20 22:00:00+00:00,2023-10-20 18:00:00-04:00,307,63.0,63.474881216088214,boost_5y_no_dew_pressure,True
2023-10-08 04:00:00+00:00,2023-10-20 23:00:00+00:00,2023-10-20 19:00:00-04:00,308,56.0,60.66235884588269,boost_5y_no_dew_pressure,True
2023-10-08 04:00:00+00:00,2023-10-21 00:00:00+00:00,2023-10-20 20:00:00-04:00,309,55.0,59.138455604801926,boost_5y_no_dew_pressure,True
2023-10-08 04:00:00+00:00,2023-10-21 01:00:00+00:00,2023-10-20 21:00:00-04:00,310,55.0,57.94234518877496,boost_5y_no_dew_pressure,True
2023-10-08 04:00:00+00:00,2023-10-21 02:00:00+00:00,2023-10-20 22:00:00-04:00,311,54.0,56.99375511401261,boost_5y_no_dew_pressure,True
2023-10-08 04:00:00+00:00,2023-10-21 03:00:00+00:00,2023-10-20 23:00:00-04:00,312,54.0,56.06995388353315,boost_5y_no_dew_pressure,True
2023-10-08 04:00:00+00:00,2023-10-21 04:00:00+00:00,2023-10-21 00:00:00-04:00,313,53.0,55.220415223923546,boost_5y_no_dew_pressure,True
2023-10-08 04:00:00+00:00,2023-10-21 05:00:00+00:00,2023-10-21 01:00:00-04:00,314,53.0,54.578964588890436,boost_5y_no_dew_pressure,True
2023-10-08 04:00:00+00:00,2023-10-21 06:00:00+00:00,2023-10-21 02:00:00-04:00,315,53.0,53.84193470195808,boost_5y_no_dew_pressure,True
2023-10-08 04:00:00+00:00,2023-10-21 07:00:00+00:00,2023-10-21 03:00:00-04:00,316,52.0,53.2302174612292,boost_5y_no_dew_pressure,True
2023-10-08 04:00:00+00:00,2023-10-21 08:00:00+00:00,2023-10-21 04:00:00-04:00,317,52.0,52.852640993676715,boost_5y_no_dew_pressure,True
2023-10-08 04:00:00+00:00,2023-10-21 09:00:00+00:00,2023-10-21 05:00:00-04:00,318,50.0,52.46782249711806,boost_5y_no_dew_pressure,True
2023-10-08 04:00:00+00:00,2023-10-21 10:00:00+00:00,2023-10-21 06:00:00-04:00,319,50.0,52.06964560598439,boost_5y_no_dew_pressure,True
2023-10-08 04:00:00+00:00,2023-10-21 11:00:00+00:00,2023-10-21 07:00:00-04:00,320,51.0,51.993583827297385,boost_5y_no_dew_pressure,True
2023-10-08 04:00:00+00:00,2023-10-21 12:00:00+00:00,2023-10-21 08:00:00-04:00,321,54.0,55.49801038171296,boost_5y_no_dew_pressure,True
2023-10-08 04:00:00+00:00,2023-10-21 13:00:00+00:00,2023-10-21 09:00:00-04:00,322,58.0,59.466406685988154,boost_5y_no_dew_pressure,True
2023-10-08 04:00:00+00:00,2023-10-21 14:00:00+00:00,2023-10-21 10:00:00-04:00,323,62.0,63.02350536662458,boost_5y_no_dew_pressure,True
2023-10-08 04:00:00+00:00,2023-10-21 15:00:00+00:00,2023-10-21 11:00:00-04:00,324,64.0,65.73471354780536,boost_5y_no_dew_pressure,True
2023-10-08 04:00:00+00:00,2023-10-21 16:00:00+00:00,2023-10-21 12:00:00-04:00,325,64.0,67.95455476245921,boost_5y_no_dew_pressure,True
2023-10-08 04:00:00+00:00,2023-10-21 17:00:00+00:00,2023-10-21 13:00:00-04:00,326,67.0,69.31440608180662,boost_5y_no_dew_pressure,True
2023-10-08 04:00:00+00:00,2023-10-21 18:00:00+00:00,2023-10-21 14:00:00-04:00,327,68.0,70.17057207905563,boost_5y_no_dew_pressure,True
2023-10-08 04:00:00+00:00,2023-10-21 19:00:00+00:00,2023-10-21 15:00:00-04:00,328,69.0,70.35473477347034,boost_5y_no_dew_pressure,True
2023-10-08 04:00:00+00:00,2023-10-21 20:00:00+00:00,2023-10-21 16:00:00-04:00,329,69.0,69.76409303169895,boost_5y_no_dew_pressure,True
2023-10-08 04:00:00+00:00,2023-10-21 21:00:00+00:00,2023-10-21 17:00:00-04:00,330,67.0,67.60069219145238,boost_5y_no_dew_pressure,True
2023-10-08 04:00:00+00:00,2023-10-21 22:00:00+00:00,2023-10-21 18:00:00-04:00,331,62.0,63.16262325740748,boost_5y_no_dew_pressure,True
2023-10-08 04:00:00+00:00,2023-10-21 23:00:00+00:00,2023-10-21 19:00:00-04:00,332,57.0,60.40478683315959,boost_5y_no_dew_pressure,True
2023-10-08 04:00:00+00:00,2023-10-22 00:00:00+00:00,2023-10-21 20:00:00-04:00,333,57.0,58.868572727066535,boost_5y_no_dew_pressure,True
2023-10-08 04:00:00+00:00,2023-10-22 01:00:00+00:00,2023-10-21 21:00:00-04:00,334,55.0,57.67505649828444,boost_5y_no_dew_pressure,True
2023-10-08 04:00:00+00:00,2023-10-22 02:00:00+00:00,2023-10-21 22:00:00-04:00,335,55.0,56.75010417948131,boost_5y_no_dew_pressure,True
2023-10-08 04:00:00+00:00,2023-10-22 03:00:00+00:00,2023-10-21 23:00:00-04:00,336,57.0,55.750792386708696,boost_5y_no_dew_pressure,True
