time,observed,daily_component,smooth_trend,remainder
2020-09-06 04:00:00+00:00,62.0,-5.34175176380884,67.24124013328738,0.10051163052146705
2020-09-06 05:00:00+00:00,61.0,-6.601888064557632,67.33963188823087,0.26225617632675835
2020-09-06 06:00:00+00:00,60.0,-7.119573055217422,67.43806320704076,-0.3184901518233403
2020-09-06 07:00:00+00:00,59.0,-8.105676576536553,67.53653364233767,-0.4308570658011206
2020-09-06 08:00:00+00:00,58.0,-9.299240246658902,67.63504276013879,-0.33580251347989076
2020-09-06 09:00:00+00:00,58.0,-9.312796038292483,67.7335901781414,-0.42079413984892255
2020-09-06 10:00:00+00:00,57.0,-10.117094429977744,67.83217555559267,-0.7150811256149296
2020-09-06 11:00:00+00:00,61.0,-7.126449974240163,67.93079861344171,0.19565136079845047
2020-09-06 12:00:00+00:00,67.0,-1.6320679805074558,68.02945914714456,0.6026088333628934
2020-09-06 13:00:00+00:00,72.0,2.658748364983584,68.12815687010324,1.2130947649131798
2020-09-06 14:00:00+00:00,75.0,4.898413305978414,68.22689128327659,1.8746954107450051
2020-09-06 15:00:00+00:00,79.0,7.579142887902459,68.325661534193,3.0951955779045335
2020-09-06 16:00:00+00:00,80.0,8.916775114631564,68.42446624834751,2.6587586370209237
2020-09-06 17:00:00+00:00,80.0,9.554453363988406,68.52330334860054,1.9222432874110638
2020-09-06 18:00:00+00:00,81.0,10.513640494194016,68.62217008940983,1.8641894163961439
2020-09-06 19:00:00+00:00,81.0,10.6398466880173,68.7210631683796,1.6390901436030987
2020-09-06 20:00:00+00:00,81.0,10.611340749862231,68.81997876290424,1.5686804872335216
2020-09-06 21:00:00+00:00,80.0,8.338783377237485,68.91891256177095,2.7423040609915574
2020-09-06 22:00:00+00:00,76.0,4.522948999891024,69.0178597392754,2.4591912608335775
2020-09-06 23:00:00+00:00,71.0,0.31664366812921113,69.11681480440834,1.566541527462448
2020-09-07 00:00:00+00:00,67.0,-2.729455426489278,69.21577161897284,0.5136838075164434
2020-09-07 01:00:00+00:00,66.0,-3.61279539330797,69.31472355458236,0.29807183872561893
2020-09-07 02:00:00+00:00,65.0,-4.178811084320054,69.41366367315254,-0.2348525888324815
2020-09-07 03:00:00+00:00,63.0,-5.155421016041088,69.51258480985038,-1.357163793809292
2020-09-07 04:00:00+00:00,63.0,-4.939785720154644,69.61147969277256,-1.6716939726179163
2020-09-07 05:00:00+00:00,62.0,-6.052336499736851,69.71034112815794,-1.6580046284210823
2020-09-07 06:00:00+00:00,61.0,-6.551940598853095,69.80916208306863,-2.2572214842155347
2020-09-07 07:00:00+00:00,60.0,-7.421688215583012,69.90793571638082,-2.486247500797802
2020-09-07 08:00:00+00:00,59.0,-8.382629768596937,70.00665546604748,-2.6240256974505343
2020-09-07 09:00:00+00:00,58.0,-8.445581524924576,70.10531510726015,-3.6597335823355763
2020-09-07 10:00:00+00:00,58.0,-9.1684990954419,70.20390881255797,-3.0354097171160674
2020-09-07 11:00:00+00:00,61.0,-6.518035431315383,70.30243126289331,-2.7843958315779247
2020-09-07 12:00:00+00:00,68.0,-1.682839951380581,70.40087762175462,-0.7180376703740308
2020-09-07 13:00:00+00:00,72.0,2.110004786970793,70.4992434448551,-0.6092482318258874
2020-09-07 14:00:00+00:00,74.0,4.261858996494649,70.59752442580974,-0.8593834223043899
2020-09-07 15:00:00+00:00,77.0,6.771280860065667,70.69571633232529,-0.4669971923909628
2020-09-07 16:00:00+00:00,79.0,8.210660649811214,70.79381502953035,-0.004475679341567229
2020-09-07 17:00:00+00:00,80.0,8.93475295690891,70.8918164279965,0.17343061509458835
2020-09-07 18:00:00+00:00,82.0,9.856016048105738,70.98971640748947,1.1542675444047887
2020-09-07 19:00:00+00:00,82.0,9.967809832252327,71.08751074672858,0.9446794210190887
2020-09-07 20:00:00+00:00,82.0,9.87574023056263,71.18519499057687,0.939064778860498
2020-09-07 21:00:00+00:00,81.0,7.7101647082684925,71.28276443584208,2.007070855889424
2020-09-07 22:00:00+00:00,77.0,4.104866305722764,71.3802140942116,1.5149196000656389
2020-09-07 23:00:00+00:00,71.0,0.267667081580947,71.47753855422974,-0.7452056358106915
2020-09-08 00:00:00+00:00,67.0,-2.4870082104084275,71.57473206181277,-2.087723851404334
2020-09-08 01:00:00+00:00,66.0,-3.227294758923013,71.67178887312939,-2.4444941142063783
2020-09-08 02:00:00+00:00,65.0,-3.909933716598719,71.76870353043202,-2.8587698138333053
2020-09-08 03:00:00+00:00,65.0,-4.813197740272349,71.86547099221217,-2.0522732519398232
2020-09-08 04:00:00+00:00,65.0,-4.591202258158911,71.96208670938427,-2.3708844512253506
2020-09-08 05:00:00+00:00,63.0,-5.56116479705178,72.05854659542524,-3.4973817983734676
2020-09-08 06:00:00+00:00,64.0,-6.051066661179182,72.15484712296293,-2.1037804617837566
2020-09-08 07:00:00+00:00,63.0,-6.8143984950998275,72.25098548623504,-2.436586991135215
2020-09-08 08:00:00+00:00,62.0,-7.548469108985945,72.34695955176245,-2.7984904427765116
2020-09-08 09:00:00+00:00,63.0,-7.665704964976216,72.44276794652797,-1.777062981551751
2020-09-08 10:00:00+00:00,62.0,-8.309456878208302,72.53841017021088,-2.2289532920025863
2020-09-08 11:00:00+00:00,64.0,-5.9799755191213055,72.63388658367158,-2.6539110645502717
2020-09-08 12:00:00+00:00,69.0,-1.7499347591942487,72.72919855850412,-1.9792637993098765
2020-09-08 13:00:00+00:00,75.0,1.5885250729083675,72.82434865658401,0.5871262705076248
2020-09-08 14:00:00+00:00,78.0,3.673687444124199,72.91934059055939,1.4069719653164157
2020-09-08 15:00:00+00:00,81.0,6.0434054106561055,73.0141788750996,1.9424157142442908
2020-09-08 16:00:00+00:00,82.0,7.576334403473065,73.10886865208646,1.3147969444404737
2020-09-08 17:00:00+00:00,84.0,8.386820950041656,73.20341566879785,2.409763381160502
2020-09-08 18:00:00+00:00,83.0,9.261976942975513,73.29782639671677,0.44019666030771987
2020-09-08 19:00:00+00:00,83.0,9.348713755497057,73.39210805458667,0.25917818991626973
2020-09-08 20:00:00+00:00,83.0,9.189781045955018,73.48626904532692,0.3239499087180633
2020-09-08 21:00:00+00:00,78.0,7.143841069529713,73.58031926679686,-2.7241603363265767
2020-09-08 22:00:00+00:00,75.0,3.744306845201937,73.67427049805526,-2.4185773432571978
2020-09-08 23:00:00+00:00,74.0,0.25049477134732734,73.76813732583831,-0.018632097185644625
2020-09-09 00:00:00+00:00,73.0,-2.2433482117408996,73.8619375956779,1.3814106160629933
2020-09-09 01:00:00+00:00,73.0,-2.846550935142979,73.9556923330464,1.8908586020965856
2020-09-09 02:00:00+00:00,73.0,-3.654115598237626,74.04942577742179,2.6046898208158353
2020-09-09 03:00:00+00:00,72.0,-4.494991812767972,74.14316567437722,2.351826138390763
2020-09-09 04:00:00+00:00,73.0,-4.291499656779248,74.23694367508288,3.0545559816963674
2020-09-09 05:00:00+00:00,73.0,-5.126724715913172,74.33079594415996,3.7959287717532106
2020-09-09 06:00:00+00:00,73.0,-5.60920461031742,74.42476366717968,4.184440943137744
2020-09-09 07:00:00+00:00,73.0,-6.275821716044976,74.51889352870877,4.7569281873362
2020-09-09 08:00:00+00:00,73.0,-6.791736844477897,74.61323820387766,5.178498640600239
2020-09-09 09:00:00+00:00,74.0,-6.962236790486327,74.70785669768632,6.254380092800005
2020-09-09 10:00:00+00:00,74.0,-7.530474698751857,74.80281438008846,6.727660318663396
2020-09-09 11:00:00+00:00,74.0,-5.511059231166475,74.89818244226865,4.612876788897822
2020-09-09 12:00:00+00:00,75.0,-1.837442067533511,74.9940366245289,1.8434054430046132
2020-09-09 13:00:00+00:00,76.0,1.0919749328834873,75.09045520873077,-0.18243014161426174
2020-09-09 14:00:00+00:00,77.0,3.1317109393473936,75.18751635460372,-1.3192272939511156
2020-09-09 15:00:00+00:00,77.0,5.384218432912757,75.28529451013466,-3.6695129430474225
2020-09-09 16:00:00+00:00,79.0,7.000672436066932,75.3838566970803,-3.3845291331472396
2020-09-09 17:00:00+00:00,79.0,7.901905766873034,75.45999684944452,-4.3619026163175505
2020-09-09 18:00:00+00:00,79.0,8.714536406699345,75.53417912019925,-5.248715526898607
2020-09-09 19:00:00+00:00,81.0,8.765810665854035,75.6063284591314,-3.3721391249854378
2020-09-09 20:00:00+00:00,79.0,8.536371304468727,75.67637152158493,-5.212742826053656
2020-09-09 21:00:00+00:00,77.0,6.60677198227261,75.74423550755563,-5.351007489828234
2020-09-09 22:00:00+00:00,76.0,3.414723855927843,75.8098482071964,-3.224572063124242
2020-09-09 23:00:00+00:00,76.0,0.2581118023687627,75.87313721359887,-0.13124901596762584
2020-09-10 00:00:00+00:00,75.0,-1.9937427879045329,75.93402849400812,1.0597142938964197
2020-09-10 01:00:00+00:00,75.0,-2.4642775275247115,75.99244625541623,1.4718312721084885
2020-09-10 02:00:00+00:00,75.0,-3.399087165172156,76.04831358522851,2.350773579943649
2020-09-10 03:00:00+00:00,75.0,-4.183649063125802,76.10155565480093,3.082093408324866
2020-09-10 04:00:00+00:00,75.0,-4.0222240462710195,76.15210493749915,2.870119108771874
2020-09-10 05:00:00+00:00,75.0,-4.72708993581442,76.19990498696367,3.5271849488507456
2020-09-10 06:00:00+00:00,75.0,-5.20198624591138,76.24491349279093,3.957072753120457
2020-09-10 07:00:00+00:00,75.0,-5.776406350506494,76.2871025200977,4.489303830408787
2020-09-10 08:00:00+00:00,75.0,-6.08370400946529,76.32645708103854,4.757246928426753
2020-09-10 09:00:00+00:00,75.0,-6.30134320459806,76.36297670331531,4.938366501282744
2020-09-10 10:00:00+00:00,75.0,-6.797291281598571,76.39667693057993,5.400614351018646
2020-09-10 11:00:00+00:00,75.0,-5.088350623839435,76.42759276558338,3.660757858256048
2020-09-10 12:00:00+00:00,76.0,-1.942147112851596,76.4557756459799,1.4863714668717023
2020-09-10 13:00:00+00:00,76.0,0.6077620109506939,76.48128618032206,-1.0890481912727523
2020-09-10 14:00:00+00:00,78.0,2.619130222999639,76.50418923970199,-1.1233194627016303
2020-09-10 15:00:00+00:00,79.0,4.760215850103947,76.52455421583448,-2.2847700659384316
2020-09-10 16:00:00+00:00,82.0,6.450461738064787,76.54245332630738,-0.9929150643721698
2020-09-10 17:00:00+00:00,84.0,7.445063982538435,76.55795888689234,-0.0030228694307652404
2020-09-10 18:00:00+00:00,86.0,8.179518846824974,76.57114171178314,1.2493394413918821
2020-09-10 19:00:00+00:00,86.0,8.186506364855223,76.58207265730742,1.2314209778373595
2020-09-10 20:00:00+00:00,88.0,7.883801389494749,76.5908204188516,3.525378191653644
2020-09-10 21:00:00+00:00,88.0,6.062648934763974,76.59744992085167,5.339901144384356
2020-09-10 22:00:00+00:00,85.0,3.0872532593018986,76.60202380635963,5.310722934338472
2020-09-10 23:00:00+00:00,80.0,0.2763532852192652,76.60459985600626,3.1190468587744817
2020-09-11 00:00:00+00:00,78.0,-1.7421643322917124,76.60523087777305,3.1369334545186547
2020-09-11 01:00:00+00:00,77.0,-2.085442754906307,76.60396683040507,2.4814759245012397
2020-09-11 02:00:00+00:00,75.0,-3.145412612696024,76.60086195557496,1.5445506571210643
2020-09-11 03:00:00+00:00,75.0,-3.874012694940392,76.59597642427778,2.2780362706626107
2020-09-11 04:00:00+00:00,77.0,-3.7510601114401343,76.58937393079178,4.16168618064836
2020-09-11 05:00:00+00:00,76.0,-4.322305990383811,76.58111924030233,3.741186750081482
2020-09-11 06:00:00+00:00,75.0,-4.79293087980002,76.57127551327413,3.2216553665258942
2020-09-11 07:00:00+00:00,75.0,-5.266989218351061,76.55990438268766,3.7070848356633945
2020-09-11 08:00:00+00:00,75.0,-5.373971895557649,76.54706627409168,3.8269056214659685
2020-09-11 09:00:00+00:00,74.0,-5.629922624832143,76.53281792513893,3.0971046996932188
2020-09-11 10:00:00+00:00,74.0,-6.052009760000545,76.51721152048653,3.534798239514018
2020-09-11 11:00:00+00:00,76.0,-4.668786413510337,76.50029933850527,4.168487075005061
2020-09-11 12:00:00+00:00,80.0,-2.0507192424866285,76.48213504535107,5.56858419713555
2020-09-11 13:00:00+00:00,83.0,0.12352869069737171,76.46276958489678,6.413701724405854
2020-09-11 14:00:00+00:00,84.0,2.1204887879120675,76.4422478026235,5.437263409464435
2020-09-11 15:00:00+00:00,85.0,4.1428686057430335,76.42060778807378,4.4365236061831865
2020-09-11 16:00:00+00:00,85.0,5.897841910779816,76.39788024799786,2.7042778412223214
2020-09-11 17:00:00+00:00,85.0,6.980733288020557,76.37408869702283,1.6451780149566133
2020-09-11 18:00:00+00:00,87.0,7.6367123268293495,76.349247318403,3.014040354767644
2020-09-11 19:00:00+00:00,85.0,7.58922118256899,76.32335879983516,1.0874200175958464
2020-09-11 20:00:00+00:00,84.0,7.217880746057798,76.29641353131242,0.4857057226297741
2020-09-11 21:00:00+00:00,81.0,5.506612814499421,76.2683905465966,-0.7750033610960259
2020-09-11 22:00:00+00:00,77.0,2.7593105877596362,76.23925746827881,-1.998568056038451
2020-09-11 23:00:00+00:00,74.0,0.29656935357423114,76.20897275892884,-2.505542112503065
2020-09-12 00:00:00+00:00,74.0,-1.494471344194185,76.17748570495237,-0.6830143607581931
2020-09-12 01:00:00+00:00,74.0,-1.7211258995136476,76.14473653247876,-0.4236106329651079
2020-09-12 02:00:00+00:00,74.0,-2.9032873483473427,76.11065872061222,0.7926286277351267
2020-09-12 03:00:00+00:00,74.0,-3.5738177341877426,76.07518469613139,1.4986330380563544
2020-09-12 04:00:00+00:00,75.0,-3.4743576691627904,76.03825023336448,2.4361074357983057
2020-09-12 05:00:00+00:00,75.0,-3.897898485980273,75.99979551383794,2.8981029721423397
2020-09-12 06:00:00+00:00,74.0,-4.408860134457784,75.95976390002686,2.4490962344309253
2020-09-12 07:00:00+00:00,74.0,-4.755693733596034,75.91810314473497,2.8375905888610617
2020-09-12 08:00:00+00:00,74.0,-4.667697681839613,75.87476138521983,2.7929362966197857
2020-09-12 09:00:00+00:00,74.0,-4.974661764731213,75.82968486712208,3.1449768976091264
2020-09-12 10:00:00+00:00,73.0,-5.305571056379375,75.78281665257545,2.52275440380393
2020-09-12 11:00:00+00:00,74.0,-4.230468849832965,75.73408931009241,2.496379539740545
2020-09-12 12:00:00+00:00,73.0,-2.100699220073781,75.68342255594872,-0.5827233358749453
2020-09-12 13:00:00+00:00,73.0,-0.27916849074726646,75.63072765777257,-2.3515591670253
2020-09-12 14:00:00+00:00,72.0,1.738343115538049,75.57591288677614,-5.314256002314181
2020-09-12 15:00:00+00:00,75.0,3.6984458605119133,75.51888748941778,-4.217333349929689
2020-09-12 16:00:00+00:00,77.0,5.50420588905093,75.45956474944064,-3.9637706384915674
2020-09-12 17:00:00+00:00,77.0,6.638507363959296,75.39786254879873,-5.036369912758019
2020-09-12 18:00:00+00:00,77.0,7.265079076458622,75.33370556000362,-5.598784636462241
2020-09-12 19:00:00+00:00,80.0,7.142111136594501,75.26702877317402,-2.409139909768527
2020-09-12 20:00:00+00:00,79.0,6.718639404773042,75.19778047242228,-2.916419877195324
2020-09-12 21:00:00+00:00,78.0,5.21295035904704,75.12592480396147,-2.3388751630085096
2020-09-12 22:00:00+00:00,76.0,2.6747916061824255,75.05144480038105,-1.7262364065634728
2020-09-12 23:00:00+00:00,75.0,0.467242228221565,74.97434642409573,-0.44158865231729294
2020-09-13 00:00:00+00:00,73.0,-1.1626613840711788,74.89466116351996,-0.7319997794487705
2020-09-13 01:00:00+00:00,73.0,-1.2993372780800667,74.81244367972249,-0.5131064016424318
2020-09-13 02:00:00+00:00,71.0,-2.6224384438841586,74.72776781557332,-1.1053293716891517
2020-09-13 03:00:00+00:00,69.0,-3.2703374024267666,74.64072452432599,-2.3703871218992276
2020-09-13 04:00:00+00:00,68.0,-3.530415807105505,74.55142171900721,-3.0210059119017103
2020-09-13 05:00:00+00:00,66.0,-3.8795837767120904,74.45998201657564,-4.580398239863541
2020-09-13 06:00:00+00:00,67.0,-4.492672090287255,74.3665421720923,-2.8738700818050376
2020-09-13 07:00:00+00:00,66.0,-4.808263376731604,74.27125237823982,-3.4629890015082196
2020-09-13 08:00:00+00:00,66.0,-4.696857498780305,74.17427359048527,-3.477416091704967
2020-09-13 09:00:00+00:00,65.0,-5.090615333320224,74.07577264026634,-3.985157306946107
2020-09-13 10:00:00+00:00,65.0,-5.415514095688232,73.97591839242263,-3.56040429673439
2020-09-13 11:00:00+00:00,66.0,-4.401604511262623,73.87487876782313,-3.473274256560515
2020-09-13 12:00:00+00:00,68.0,-2.269660825962359,73.77282178325662,-3.5031609572942557
2020-09-13 13:00:00+00:00,71.0,-0.460504608964497,73.66992046080472,-2.2094158518402196
2020-09-13 14:00:00+00:00,75.0,1.6305108133018926,73.5663546590953,-0.19686547239719232
2020-09-13 15:00:00+00:00,77.0,3.6934966649316863,73.46230888930597,-0.1558055542376593
2020-09-13 16:00:00+00:00,80.0,5.418962752764186,73.35797134349443,1.2230659037413858
2020-09-13 17:00:00+00:00,82.0,6.571992025489912,73.25353586583344,2.174472108676639
2020-09-13 18:00:00+00:00,82.0,7.1654093084587975,73.14920018389392,1.6853905076472842
2020-09-13 19:00:00+00:00,83.0,6.884787687705483,73.04516531071485,3.070047001579667
2020-09-13 20:00:00+00:00,83.0,6.467368728290899,72.94163582643057,3.590995445278537
2020-09-13 21:00:00+00:00,83.0,5.275593474681635,72.83881947050818,4.885587054810173
2020-09-13 22:00:00+00:00,80.0,2.9450868397333703,72.73692637817543,4.317986782091211
2020-09-13 23:00:00+00:00,76.0,0.8456401726824719,72.63616869981615,2.5181911275013817
2020-09-14 00:00:00+00:00,73.0,-0.7779640791925598,72.5367604970359,1.2412035821566576
2020-09-14 01:00:00+00:00,73.0,-0.9097988197548481,72.43891437971331,1.4708844400415444
2020-09-14 02:00:00+00:00,71.0,-2.3937827716559155,72.3428343617685,1.0509484098874253
2020-09-14 03:00:00+00:00,70.0,-3.065496332145986,72.24870583526307,0.8167904968829163
2020-09-14 04:00:00+00:00,69.0,-3.5509884682029966,72.15668732343957,0.3943011447634319
2020-09-14 05:00:00+00:00,70.0,-3.8625253428593815,72.06690374071799,1.795621602141395
2020-09-14 06:00:00+00:00,69.0,-4.526300673079453,71.97944501834516,1.546855654734287
2020-09-14 07:00:00+00:00,68.0,-4.880723646087697,71.89436795357275,0.9863556925149481
2020-09-14 08:00:00+00:00,70.0,-4.8339135752761075,71.81169956011905,3.0222140151570613
2020-09-14 09:00:00+00:00,69.0,-5.271343148614756,71.7314412239889,2.539901924625866
2020-09-14 10:00:00+00:00,69.0,-5.635207252509616,71.65357547293999,2.981631779569625
2020-09-14 11:00:00+00:00,70.0,-4.65108705883541,71.57807571009423,3.07301134874119
2020-09-14 12:00:00+00:00,75.0,-2.4923704316151203,71.50491216708234,5.987458264532776
2020-09-14 13:00:00+00:00,79.0,-0.6070486968378029,71.43405181330567,8.172996883532136
2020-09-14 14:00:00+00:00,83.0,1.5606159916047766,71.36545720803024,10.073926800364987
2020-09-14 15:00:00+00:00,83.0,3.7837863721070257,71.29908509306192,7.9171285348310505
2020-09-14 16:00:00+00:00,82.0,5.376152349635207,71.2348844690596,5.388963181305201
2020-09-14 17:00:00+00:00,83.0,6.514056362968672,71.17279657593544,5.31314706109589
2020-09-14 18:00:00+00:00,82.0,6.990473292495829,71.11275828153437,3.896768425969796
2020-09-14 19:00:00+00:00,80.0,6.6532243547181,71.0547024885847,2.2920731566971995
2020-09-14 20:00:00+00:00,78.0,6.251042735010015,70.99855806017959,0.7503992048103925
2020-09-14 21:00:00+00:00,77.0,5.327850549316194,70.94425125507523,0.7278981956085744
2020-09-14 22:00:00+00:00,75.0,3.204958537597325,70.89170665885351,0.9033348035491713
2020-09-14 23:00:00+00:00,73.0,1.2270802020361042,70.84084647496697,0.9320733229969278
2020-09-15 00:00:00+00:00,71.0,-0.4007743555383063,70.79159123089826,0.6091831246400403
2020-09-15 01:00:00+00:00,71.0,-0.5252710217920487,70.74386189599437,0.7814091257976798
2020-09-15 02:00:00+00:00,69.0,-2.0788953073579077,70.69757993660073,0.3813153707571786
2020-09-15 03:00:00+00:00,68.0,-2.814157534511131,70.65266446111858,0.16149307339254904
2020-09-15 04:00:00+00:00,66.0,-3.49212816503684,70.60903369052716,-1.11690552549031
2020-09-15 05:00:00+00:00,65.0,-3.7815533631310037,70.56660632507212,-1.7850529619411049
2020-09-15 06:00:00+00:00,63.0,-4.42724145471589,70.52529971310071,-3.0980582583848104
2020-09-15 07:00:00+00:00,63.0,-4.820371948058389,70.4850253683305,-2.664653420272103
2020-09-15 08:00:00+00:00,62.0,-4.907196341512097,70.44569117384832,-3.5384948323362266
2020-09-15 09:00:00+00:00,62.0,-5.339960944470615,70.40720368313356,-3.067242738662941
2020-09-15 10:00:00+00:00,61.0,-5.726765640473181,70.36946795086371,-3.6427023103905327
2020-09-15 11:00:00+00:00,62.0,-4.8985486160891805,70.33238576455658,-3.43383714846739
2020-09-15 12:00:00+00:00,65.0,-2.760077831543832,70.29585149924362,-2.535773667699786
2020-09-15 13:00:00+00:00,67.0,-0.7386501124060216,70.25975145943026,-2.521101347024242
2020-09-15 14:00:00+00:00,70.0,1.4860665159717332,70.22396583319569,-1.7100323491674203
2020-09-15 15:00:00+00:00,72.0,3.8378468042741374,70.18837225770937,-2.026219061983511
2020-09-15 16:00:00+00:00,73.0,5.304997876344631,70.1528496204826,-2.4578474968272275
2020-09-15 17:00:00+00:00,74.0,6.436769415961937,70.11728127384212,-2.5540506898040576
2020-09-15 18:00:00+00:00,74.0,6.768729757410079,70.08155776805708,-2.8502875254671665
2020-09-15 19:00:00+00:00,73.0,6.425520833346865,70.04557799202927,-3.4710988253761315
2020-09-15 20:00:00+00:00,73.0,6.050546076777207,70.00924948996281,-3.0597955667400214
2020-09-15 21:00:00+00:00,71.0,5.329754343746419,69.97248944914772,-4.3022437928941315
2020-09-15 22:00:00+00:00,67.0,3.379861705758781,69.93522389318733,-6.315085598946112
2020-09-15 23:00:00+00:00,63.0,1.463946666706662,69.8973890604961,-8.361335727202757
2020-09-16 00:00:00+00:00,62.0,-0.12363660057956519,69.85893243238628,-7.735295831806717
2020-09-16 01:00:00+00:00,61.0,-0.2981027547635145,69.81981098796787,-8.521708233204357
2020-09-16 02:00:00+00:00,62.0,-1.8387652211791339,69.77998533977933,-5.941220118600199
2020-09-16 03:00:00+00:00,61.0,-2.6505949831112754,69.73941557203416,-6.088820588922886
2020-09-16 04:00:00+00:00,59.0,-3.481953386008603,69.69805593570949,-7.216102549700885
2020-09-16 05:00:00+00:00,58.0,-3.764731298077339,69.65585691506465,-7.89112561698731
2020-09-16 06:00:00+00:00,59.0,-4.392756223701969,69.61276753517026,-6.220011311468298
2020-09-16 07:00:00+00:00,59.0,-4.819648173701985,69.56873478236628,-5.749086608664292
2020-09-16 08:00:00+00:00,58.0,-5.057507576525525,69.52370400428654,-6.4661964277610195
2020-09-16 09:00:00+00:00,57.0,-5.47074423844039,69.47762446685877,-7.006880228418382
2020-09-16 10:00:00+00:00,57.0,-5.876120598630427,69.43045072193017,-6.554330123299742
2020-09-16 11:00:00+00:00,58.0,-5.209597957915874,69.38214481782363,-6.172546859907754
2020-09-16 12:00:00+00:00,62.0,-2.9963666568442306,69.33267922309705,-4.336312566252815
2020-09-16 13:00:00+00:00,66.0,-0.749639362222244,69.28204060581314,-2.532401243590897
2020-09-16 14:00:00+00:00,70.0,1.5466858510941548,69.23023063241365,-0.7769164835078044
2020-09-16 15:00:00+00:00,73.0,3.986558401406299,69.177266039974,-0.1638244413802994
2020-09-16 16:00:00+00:00,75.0,5.348004454837205,69.12317627073554,0.5288192744272493
2020-09-16 17:00:00+00:00,77.0,6.489501955205754,69.06799967250831,1.4424983722859395
2020-09-16 18:00:00+00:00,78.0,6.78034961515017,69.01177939108294,2.207870993766889
2020-09-16 19:00:00+00:00,76.0,6.319520426386215,68.95455894816331,0.7259206254504704
2020-09-16 20:00:00+00:00,76.0,6.074170346701387,68.89638287396669,1.02944677933192
2020-09-16 21:00:00+00:00,75.0,5.445771572257412,68.83729591432804,0.7169325134145481
2020-09-16 22:00:00+00:00,74.0,3.567420087875832,68.77734142631196,1.6552384858122053
2020-09-16 23:00:00+00:00,73.0,1.5112315732980532,68.71655898946334,2.7722094372386152
2020-09-17 00:00:00+00:00,72.0,0.05514796777080126,68.65498261482935,3.289869417399842
2020-09-17 01:00:00+00:00,71.0,-0.2802363758757819,68.59263762916592,2.6875987467098668
2020-09-17 02:00:00+00:00,69.0,-1.7848102725816346,68.5295400860627,2.255270186518942
2020-09-17 03:00:00+00:00,70.0,-2.6761283982944755,68.4657023195402,4.210426078754281
2020-09-17 04:00:00+00:00,69.0,-3.561701562847667,68.40113767605031,4.160563886797362
2020-09-17 05:00:00+00:00,69.0,-3.8211895075330893,68.33586123612127,4.485328271411817
2020-09-17 06:00:00+00:00,69.0,-4.465713295615017,68.26989375086771,5.195819544747309
2020-09-17 07:00:00+00:00,69.0,-4.942166628229186,68.20326203911402,5.738904589115165
2020-09-17 08:00:00+00:00,68.0,-5.305117565848796,68.13599596143413,5.16912160441467
2020-09-17 09:00:00+00:00,68.0,-5.676517440968802,68.06812503187386,5.608392409094947
2020-09-17 10:00:00+00:00,68.0,-6.109754569102657,67.99968080156741,6.110073767535255
2020-09-17 11:00:00+00:00,69.0,-5.515437154471572,67.9306987972387,6.584738357232865
2020-09-17 12:00:00+00:00,69.0,-3.1530101962470822,67.86121636128807,4.291793834959009
2020-09-17 13:00:00+00:00,70.0,-0.5945435241319345,67.79126672018081,2.803276803951121
2020-09-17 14:00:00+00:00,70.0,1.7845208061091073,67.72087768727516,0.494601506615723
2020-09-17 15:00:00+00:00,71.0,4.309746722605464,67.6500708728003,-0.9598175954057666
2020-09-17 16:00:00+00:00,71.0,5.493085875770696,67.57886018458477,-2.0719460603554722
2020-09-17 17:00:00+00:00,72.0,6.635004760994221,67.5072492017546,-2.142253962748825
2020-09-17 18:00:00+00:00,72.0,7.035558253874747,67.4352300366132,-2.4707882904879455
2020-09-17 19:00:00+00:00,72.0,6.374128984583988,67.36278583048689,-1.7369148150708753
2020-09-17 20:00:00+00:00,72.0,6.324028115081017,67.28988850326556,-1.613916618346579
2020-09-17 21:00:00+00:00,73.0,5.621764012279563,67.21649501316321,0.16174097455723313
2020-09-17 22:00:00+00:00,73.0,3.712104993241036,67.14255025959638,2.145344747162582
2020-09-17 23:00:00+00:00,72.0,1.3750556449177445,67.06798608584022,3.556958269242031
2020-09-18 00:00:00+00:00,71.0,0.1107657013111952,66.99271995936506,3.896514339323744
2020-09-18 01:00:00+00:00,71.0,-0.4896984583661973,66.91665763822239,4.573040820143802
2020-09-18 02:00:00+00:00,70.0,-1.9000105230156807,66.83969987732293,5.060310645692752
2020-09-18 03:00:00+00:00,68.0,-2.868447609749524,66.76174847375815,4.106699135991377
2020-09-18 04:00:00+00:00,68.0,-3.6806743959889077,66.68271075596937,4.997963640019535
2020-09-18 05:00:00+00:00,68.0,-3.9444102255573323,66.60250524472112,5.341904980836219
2020-09-18 06:00:00+00:00,68.0,-4.573965525756335,66.52105979847607,6.052905727280262
2020-09-18 07:00:00+00:00,68.0,-5.105869715250753,66.43831182737576,6.667557887874992
2020-09-18 08:00:00+00:00,68.0,-5.567741293098164,66.35420739666965,7.213533896428515
2020-09-18 09:00:00+00:00,68.0,-5.87757240381089,66.26869836407609,7.6088740397348005
2020-09-18 10:00:00+00:00,68.0,-6.340845510235702,66.18174042711897,8.159105083116742
2020-09-18 11:00:00+00:00,67.0,-5.754100261857199,66.09329091380314,6.660809348054059
2020-09-18 12:00:00+00:00,67.0,-3.310151368977175,66.00331032587461,4.306841043102565
2020-09-18 13:00:00+00:00,67.0,-0.4610309554346539,65.91176112736147,1.5492698280731787
2020-09-18 14:00:00+00:00,70.0,1.995059065750044,65.8186084264145,2.186332507835459
2020-09-18 15:00:00+00:00,73.0,4.609789928050337,65.72382026817974,2.666389803769931
2020-09-18 16:00:00+00:00,74.0,5.616551765139325,65.62736687449139,2.7560813603692935
2020-09-18 17:00:00+00:00,73.0,6.783357110787967,65.529219337253,0.6874235519590428
2020-09-18 18:00:00+00:00,73.0,7.3883183480184105,65.42934904490416,0.18233260707742716
2020-09-18 19:00:00+00:00,74.0,6.6363137861143375,65.32772627348939,2.0359599403962676
2020-09-18 20:00:00+00:00,74.0,6.756085328021537,65.22431995875239,2.01959471322607
2020-09-18 21:00:00+00:00,74.0,5.939629764583718,65.11909786777065,2.941272367645638
2020-09-18 22:00:00+00:00,71.0,3.872246226321159,65.01202688104523,2.1157268926336172
2020-09-18 23:00:00+00:00,69.0,1.2016898905418008,64.90307300683797,2.8952371026202286
2020-09-19 00:00:00+00:00,67.0,0.05576739188646135,64.79220204221305,2.152030565900489
2020-09-19 01:00:00+00:00,67.0,-0.8873336939786394,64.67938386990741,3.207949824071221
2020-09-19 02:00:00+00:00,66.0,-2.1008453218956866,64.56460017169125,3.5362451502044365
2020-09-19 03:00:00+00:00,65.0,-3.128746664015855,64.44785068970475,3.680895974311099
2020-09-19 04:00:00+00:00,64.0,-3.831250845901675,64.32915644130199,3.5020944045996885
2020-09-19 05:00:00+00:00,63.0,-4.192040045346386,64.20855741708671,2.9834826282596794
2020-09-19 06:00:00+00:00,62.0,-4.711841855943892,64.08611116698704,2.6257306889568497
2020-09-19 07:00:00+00:00,61.0,-5.289577126109932,63.96189418286541,2.3276829432445254
2020-09-19 08:00:00+00:00,59.0,-5.83987780869968,63.836002491665035,1.0038753170346482
2020-09-19 09:00:00+00:00,58.0,-6.095661612299548,63.70854985227606,0.3871117600234939
2020-09-19 10:00:00+00:00,57.0,-6.562263507999322,63.57966612992634,-0.017402621927018913
2020-09-19 11:00:00+00:00,56.0,-5.959516587855118,63.449494300369125,-1.4899777125140048
2020-09-19 12:00:00+00:00,57.0,-3.4739598209333318,63.318186013333055,-2.8442261923997236
2020-09-19 13:00:00+00:00,60.0,-0.4233393010565305,63.18589876328282,-2.7625594622262923
2020-09-19 14:00:00+00:00,60.0,2.1826116547236913,63.05279022901998,-5.235401883743677
2020-09-19 15:00:00+00:00,61.0,4.894072989073936,62.91901424262331,-6.813087231697246
2020-09-19 16:00:00+00:00,62.0,5.791107900130096,62.78472368360636,-6.575831583736452
2020-09-19 17:00:00+00:00,65.0,7.015955498981425,62.65007351631179,-4.666029015293219
2020-09-19 18:00:00+00:00,65.0,7.8096854081060805,62.51522139472032,-5.324906802826398
2020-09-19 19:00:00+00:00,65.0,7.098104454624085,62.38032665322251,-4.478431107846596
2020-09-19 20:00:00+00:00,64.0,7.275253706166343,62.245548751176294,-5.52080245734264
2020-09-19 21:00:00+00:00,62.0,6.363239013469831,62.11104625577886,-6.474285269248689
2020-09-19 22:00:00+00:00,60.0,4.038502295183923,61.97697473682926,-6.015477032013187
2020-09-19 23:00:00+00:00,57.0,1.031370093848904,61.843485518396214,-5.8748556122451205
2020-09-20 00:00:00+00:00,57.0,-0.10425427558028327,61.710724032606755,-4.606469757026474
2020-09-20 01:00:00+00:00,56.0,-1.3469818393268245,61.57882914846732,-4.231847309140498
2020-09-20 02:00:00+00:00,54.0,-2.2794030605039124,61.44793469322117,-5.1685316327172615
2020-09-20 03:00:00+00:00,52.0,-3.3103549116789903,61.318171671690834,-6.007816760011842
2020-09-20 04:00:00+00:00,52.0,-3.9768278582918533,61.189674236692156,-5.2128463784003
2020-09-20 05:00:00+00:00,52.0,-4.433163543536965,61.06258210471624,-4.629418561179278
2020-09-20 06:00:00+00:00,52.0,-4.818605618995681,60.9370403085083,-4.118434689512618
2020-09-20 07:00:00+00:00,52.0,-5.40550847125632,60.81319988660109,-3.4076914153447717
2020-09-20 08:00:00+00:00,52.0,-5.987795530279696,60.691216806232724,-2.7034212759530263
2020-09-20 09:00:00+00:00,52.0,-6.18250298948026,60.571246087955636,-2.3887430984753735
2020-09-20 10:00:00+00:00,52.0,-6.5978696952574145,60.4534380282593,-1.8555683330018837
2020-09-20 11:00:00+00:00,52.0,-6.016796652875045,60.33793597895746,-2.3211393260824167
2020-09-20 12:00:00+00:00,55.0,-3.476784098149924,60.22487456194642,-1.7480904637965011
2020-09-20 13:00:00+00:00,60.0,-0.4029920233345275,60.114380929420186,0.2886110939143407
2020-09-20 14:00:00+00:00,63.0,2.2939482193945153,60.0065759032765,0.699475877328986
2020-09-20 15:00:00+00:00,66.0,5.057064674534626,59.90157228521141,1.0413630402539624
2020-09-20 16:00:00+00:00,68.0,5.880668095702461,59.79947468495825,2.3198572193392906
2020-09-20 17:00:00+00:00,69.0,7.1997030284781545,59.70038348799197,2.0999134835298747
2020-09-20 18:00:00+00:00,70.0,8.185595905729727,59.60439513347318,2.21000896079709
2020-09-20 19:00:00+00:00,67.0,7.565089755213596,59.51160255452323,-0.07669230973682772
2020-09-20 20:00:00+00:00,68.0,7.672440751972256,59.422098590938454,0.9054606570892929
2020-09-20 21:00:00+00:00,67.0,6.6282289168307,59.33597846109751,1.0357926220717886
2020-09-20 22:00:00+00:00,64.0,4.0648931696579105,59.253340041529725,0.681766788812368
2020-09-20 23:00:00+00:00,59.0,0.8574315468100449,59.1742847832053,-1.0317163300153496
2020-09-21 00:00:00+00:00,59.0,-0.3010358437920033,59.098918473997834,0.20211736979416628
2020-09-21 01:00:00+00:00,57.0,-1.680715731613485,59.027351560419234,-0.34663582880575206
2020-09-21 02:00:00+00:00,56.0,-2.3445106644081637,58.95969663843669,-0.6151859740285275
2020-09-21 03:00:00+00:00,54.0,-3.359312306857702,58.896062312225695,-1.536750005367992
2020-09-21 04:00:00+00:00,53.0,-4.082751370057242,58.83654381216622,-1.7537924421089812
2020-09-21 05:00:00+00:00,53.0,-4.59754971355283,58.78121508263246,-1.1836653690796268
2020-09-21 06:00:00+00:00,52.0,-4.927017758674354,58.73012342765199,-1.8031056689776364
2020-09-21 07:00:00+00:00,50.0,-5.48683994543046,58.68328975062551,-3.1964498051950514
2020-09-21 08:00:00+00:00,50.0,-6.0401466427952775,58.64071309187535,-2.6005664490800697
2020-09-21 09:00:00+00:00,50.0,-6.160647113485626,58.60237463467082,-2.441727521185193
2020-09-21 10:00:00+00:00,49.0,-6.489563637367287,58.56823704576946,-3.0786734084021674
2020-09-21 11:00:00+00:00,51.0,-5.956231256479801,58.538247950351696,-1.5820166938718927
2020-09-21 12:00:00+00:00,54.0,-3.4004795642323873,58.51234690886243,-1.111867344630049
2020-09-21 13:00:00+00:00,58.0,-0.47183200093215777,58.49047259808311,-0.01864059715094868
2020-09-21 14:00:00+00:00,61.0,2.246845229587856,58.47256523989254,0.280589530519606
2020-09-21 15:00:00+00:00,65.0,4.972404466346601,58.458567735934665,1.5690277977187321
2020-09-21 16:00:00+00:00,64.0,5.750966715297254,58.44842544870803,-0.1993921640052818
2020-09-21 17:00:00+00:00,65.0,7.201321428802307,58.442085145507235,-0.6434065743095445
2020-09-21 18:00:00+00:00,66.0,8.384067061150033,58.43949565409128,-0.8235627152413159
2020-09-21 19:00:00+00:00,65.0,7.833941918353058,58.44060831295846,-1.2745502313115153
2020-09-21 20:00:00+00:00,66.0,7.854798745293815,58.44537561619128,-0.3001743614850909
2020-09-21 21:00:00+00:00,63.0,6.622845449408573,58.45374988013339,-2.0765953295419592
2020-09-21 22:00:00+00:00,61.0,3.956821450877974,58.46568124471284,-1.4225026955908149
2020-09-21 23:00:00+00:00,56.0,0.7409218704073663,58.48111578431526,-3.2220376547226266
2020-09-22 00:00:00+00:00,55.0,-0.4357011508207945,58.49999344518394,-3.064292294363142
2020-09-22 01:00:00+00:00,52.0,-1.8109980749111458,58.52224767960255,-4.711249604691403
2020-09-22 02:00:00+00:00,51.0,-2.2925346719852158,58.54780120097374,-5.255266528988521
2020-09-22 03:00:00+00:00,48.0,-3.288706166373013,58.57655764002456,-7.28785147365155
2020-09-22 04:00:00+00:00,49.0,-4.087563616812503,58.60839925664936,-5.520835639836861
2020-09-22 05:00:00+00:00,46.0,-4.627603930812389,58.64318805115019,-8.015584120337799
2020-09-22 06:00:00+00:00,47.0,-4.985442008441746,58.68076820504761,-6.695326196605869
2020-09-22 07:00:00+00:00,46.0,-5.510121617682065,58.72096614718436,-7.210844529502296
2020-09-22 08:00:00+00:00,46.0,-5.995424385693555,58.76359260159332,-6.768168215899763
2020-09-22 09:00:00+00:00,45.0,-6.0717752608507265,58.80844866477211,-7.73667340392138
2020-09-22 10:00:00+00:00,44.0,-6.312679588580242,58.855331401223104,-8.542651812642866
2020-09-22 11:00:00+00:00,47.0,-5.815221599262203,58.90404027188074,-6.088818672618537
2020-09-22 12:00:00+00:00,52.0,-3.336436298215673,58.95438495512684,-3.6179486569111674
2020-09-22 13:00:00+00:00,57.0,-0.5979360079939899,59.0061914182741,-1.4082554102801126
2020-09-22 14:00:00+00:00,61.0,2.0905132021058908,59.0593030594336,-0.1498162615394918
2020-09-22 15:00:00+00:00,63.0,4.66465507859861,59.11358286378443,-0.7782379423830434
2020-09-22 16:00:00+00:00,64.0,5.443692650827871,59.16891458195998,-0.6126072327878518
2020-09-22 17:00:00+00:00,67.0,7.0607732905298874,59.22520351305228,0.7140231964178341
2020-09-22 18:00:00+00:00,70.0,8.359597283360324,59.28237663295946,2.3580260836802154
2020-09-22 19:00:00+00:00,70.0,7.875291533302856,59.34038144643132,2.7843270202658204
2020-09-22 20:00:00+00:00,70.0,7.869760380592666,59.399184112475545,2.7310555069317886
2020-09-22 21:00:00+00:00,69.0,6.42650835770037,59.4587694698868,3.114722172412826
2020-09-22 22:00:00+00:00,64.0,3.8292831920696093,59.519139397187246,0.651577410743144
2020-09-22 23:00:00+00:00,59.0,0.7658721975697741,59.58031142849845,-1.3461836260682247
2020-09-23 00:00:00+00:00,56.0,-0.48591688466824146,59.642319664032186,-3.156402779363944
2020-09-23 01:00:00+00:00,52.0,-1.824779332185325,59.705211474584786,-5.880432142399464
2020-09-23 02:00:00+00:00,54.0,-2.1776981967026487,59.76904059347532,-3.591342396772667
2020-09-23 03:00:00+00:00,54.0,-3.1243215783307394,59.83386328192973,-2.709541703598994
2020-09-23 04:00:00+00:00,53.0,-3.993159467344104,59.899728785711204,-2.9065693183670973
2020-09-23 05:00:00+00:00,52.0,-4.563039273328879,59.966673608142706,-3.403634334813823
2020-09-23 06:00:00+00:00,52.0,-4.955220577022512,60.03472397173964,-3.079503394717122
2020-09-23 07:00:00+00:00,52.0,-5.448217229346922,60.10390246536719,-2.6556852360202683
2020-09-23 08:00:00+00:00,51.0,-5.880896559277879,60.174228016384774,-3.293331457106895
2020-09-23 09:00:00+00:00,51.0,-5.958515663262359,60.24571916257422,-3.2872034993118575
2020-09-23 10:00:00+00:00,51.0,-6.1648405103701,60.31839482818722,-3.1535543178171253
2020-09-23 11:00:00+00:00,52.0,-5.668570479948951,60.392271681422756,-2.7237012014738013
2020-09-23 12:00:00+00:00,56.0,-3.254930734777823,60.467365614742,-1.212434879964178
2020-09-23 13:00:00+00:00,59.0,-0.6691913527518352,60.54369185446148,-0.8745005017096403
2020-09-23 14:00:00+00:00,64.0,1.9767517333867906,60.621263330147336,1.4019849364658725
2020-09-23 15:00:00+00:00,69.0,4.320754389273149,60.700088476916015,3.979157133810837
2020-09-23 16:00:00+00:00,71.0,5.128897845870557,60.780164973389546,5.0909371807399
2020-09-23 17:00:00+00:00,72.0,6.876787406102803,60.86147353257408,4.261739061323112
2020-09-23 18:00:00+00:00,72.0,8.15008727355913,60.943976705709694,2.9059360207311755
2020-09-23 19:00:00+00:00,71.0,7.783548856587497,61.02762179657791,2.188829346834595
2020-09-23 20:00:00+00:00,70.0,7.699550790536317,61.11234302283406,1.188106186629625
2020-09-23 21:00:00+00:00,69.0,6.0814077758179375,61.19806275398878,1.7205294701932843
2020-09-23 22:00:00+00:00,65.0,3.64532874722055,61.2846939775774,0.06997727520204933
2020-09-23 23:00:00+00:00,62.0,0.9137933384511037,61.3721413753409,-0.2859347137920025
2020-09-24 00:00:00+00:00,61.0,-0.4843157936270859,61.460301333961546,0.024014459665536947
2020-09-24 01:00:00+00:00,60.0,-1.7441259242686578,61.54906124496057,0.19506467930808924
2020-09-24 02:00:00+00:00,60.0,-2.0070457101837835,61.638306187548004,0.3687395226357779
2020-09-24 03:00:00+00:00,60.0,-2.837223283332173,61.72793048465666,1.1092927986755114
2020-09-24 04:00:00+00:00,59.0,-3.7850031232170944,61.81783927889867,0.9671638443184278
2020-09-24 05:00:00+00:00,58.0,-4.400299145973703,61.907946560340626,0.4923525856330784
2020-09-24 06:00:00+00:00,59.0,-4.832069547993889,61.998175234018106,1.833894313975783
2020-09-24 07:00:00+00:00,59.0,-5.287607801936485,62.088455796414046,2.1991520055224427
2020-09-24 08:00:00+00:00,59.0,-5.735449879650847,62.17872332286734,2.5567265567835022
2020-09-24 09:00:00+00:00,60.0,-5.836047398285411,62.268913597072526,3.56713380121289
2020-09-24 10:00:00+00:00,60.0,-6.074388202874164,62.358963069727466,3.715425133146695
2020-09-24 11:00:00+00:00,61.0,-5.5380703924332515,62.448807856732216,4.089262535701039
2020-09-24 12:00:00+00:00,63.0,-3.1701474952934383,62.53838520375736,3.631762291536077
2020-09-24 13:00:00+00:00,63.0,-0.7666538704215958,62.62763728017108,1.1390165902505132
2020-09-24 14:00:00+00:00,64.0,1.927471078282603,62.716515817691004,-0.6439868959736046
2020-09-24 15:00:00+00:00,65.0,4.094557425460937,62.80498316270125,-1.899540588162182
2020-09-24 16:00:00+00:00,65.0,4.985977526927409,62.89301089905971,-2.8789884259871172
2020-09-24 17:00:00+00:00,67.0,6.756711695348903,62.98057785513952,-2.737289550488427
2020-09-24 18:00:00+00:00,70.0,7.917256496706145,63.06766901141225,-0.9849255081183941
2020-09-24 19:00:00+00:00,71.0,7.728639121889986,63.154274727640924,0.11708615046909188
2020-09-24 20:00:00+00:00,70.0,7.432036479675454,63.240387043360975,-0.6724235230364286
2020-09-24 21:00:00+00:00,68.0,5.717171836848353,63.32599659159148,-1.0431684284398344
2020-09-24 22:00:00+00:00,66.0,3.3973942864505187,63.411092188591496,-0.8084864750420167
2020-09-24 23:00:00+00:00,66.0,1.0114432875991077,63.49566109910244,1.492895613298451
2020-09-25 00:00:00+00:00,65.0,-0.5348011543834252,63.579687450787716,1.955113703595714
2020-09-25 01:00:00+00:00,65.0,-1.6349093373199572,63.66315545147748,2.9717538858424746
2020-09-25 02:00:00+00:00,65.0,-1.848508256616205,63.74604910278998,3.102459153826217
2020-09-25 03:00:00+00:00,64.0,-2.4835929380492416,63.828353338985266,2.655239599063975
2020-09-25 04:00:00+00:00,63.0,-3.496576713594113,63.91005975862268,2.5865169549714295
2020-09-25 05:00:00+00:00,63.0,-4.108346381088491,63.99117310170077,3.1171732793877283
2020-09-25 06:00:00+00:00,62.0,-4.581806250680693,64.0717099513038,2.5100962993768974
2020-09-25 07:00:00+00:00,62.0,-4.978055214363737,64.15169609804803,2.8263591163157002
2020-09-25 08:00:00+00:00,62.0,-5.49293721482922,64.23116384347333,3.2617733713559005
2020-09-25 09:00:00+00:00,62.0,-5.632851260629337,64.31014996400145,3.3227012966278835
2020-09-25 10:00:00+00:00,63.0,-5.908976344978733,64.38869312066336,4.520283224315364
2020-09-25 11:00:00+00:00,62.0,-5.396627606728995,64.46683221459446,2.9297953921345368
2020-09-25 12:00:00+00:00,62.0,-3.085299715388054,64.54460717396371,0.5406925414243489
2020-09-25 13:00:00+00:00,61.0,-0.8465792376327131,64.62205933959699,-2.775480101964277
2020-09-25 14:00:00+00:00,62.0,1.9159525488650797,64.69923255260035,-4.615185101465428
2020-09-25 15:00:00+00:00,62.0,3.9294384928352275,64.77617107385193,-6.705609566687151
2020-09-25 16:00:00+00:00,63.0,4.987806859078836,64.85291938375798,-6.840726242836816
2020-09-25 17:00:00+00:00,64.0,6.713765934989081,64.92952184009773,-7.643287775086819
2020-09-25 18:00:00+00:00,65.0,7.776219439758532,65.00602341042486,-7.782242850183394
2020-09-25 19:00:00+00:00,65.0,7.748269436202378,65.08246995959772,-7.830739395800094
2020-09-25 20:00:00+00:00,67.0,7.2071623285655235,65.15890710550002,-5.366069434065544
2020-09-25 21:00:00+00:00,67.0,5.480865644861051,65.23537874914021,-3.716244394001265
2020-09-25 22:00:00+00:00,68.0,3.206306170360359,65.31192493506775,-0.5182311054281143
2020-09-25 23:00:00+00:00,68.0,0.8499792629387428,65.38858009510663,1.7614406419546214
2020-09-26 00:00:00+00:00,67.0,-0.7821862706261202,65.46537128075462,2.316814989871503
2020-09-26 01:00:00+00:00,68.0,-1.6143433317104265,65.54231584412541,4.072027487585018
2020-09-26 02:00:00+00:00,69.0,-1.863166683661129,65.6194235732436,5.24374311041754
2020-09-26 03:00:00+00:00,69.0,-2.2966499754777225,65.69669993711936,5.599950038358358
2020-09-26 04:00:00+00:00,68.0,-3.3196334308392426,65.77414750518781,5.545485925651434
2020-09-26 05:00:00+00:00,67.0,-3.899420972996088,65.85176310082727,5.047657872168813
2020-09-26 06:00:00+00:00,65.0,-4.412887520310673,65.92953792143368,3.4833495988769982
2020-09-26 07:00:00+00:00,65.0,-4.801426395018289,66.0074605734898,3.793965821528502
2020-09-26 08:00:00+00:00,64.0,-5.35741457752575,66.08552545934523,3.2718891181805105
2020-09-26 09:00:00+00:00,63.0,-5.579429395138934,66.16373555971221,2.4156938354267226
2020-09-26 10:00:00+00:00,63.0,-5.863595736242826,66.24210324931731,2.6214924869255185
2020-09-26 11:00:00+00:00,63.0,-5.431364703058743,66.32065251126889,2.110712191789858
2020-09-26 12:00:00+00:00,63.0,-3.0638243356857036,66.39941039596894,-0.3355860602832337
2020-09-26 13:00:00+00:00,64.0,-0.8423467033115738,66.47838624981745,-1.6360395465058701
2020-09-26 14:00:00+00:00,65.0,2.0207102078088566,66.55756625094473,-3.578276458753585
2020-09-26 15:00:00+00:00,66.0,3.884455278020925,66.63691321466666,-4.521368492687586
2020-09-26 16:00:00+00:00,68.0,5.16058551354606,66.71637058787879,-3.8769561014248453
2020-09-26 17:00:00+00:00,71.0,6.808395097497135,66.79586563324885,-2.6042607307459917
2020-09-26 18:00:00+00:00,71.0,7.8082007667295175,66.8753106456857,-3.6835114124152213
2020-09-26 19:00:00+00:00,72.0,7.843822355220813,66.95460233029888,-2.7984246855196915
2020-09-26 20:00:00+00:00,73.0,7.185942355031722,67.03362201358674,-1.2195643686184638
2020-09-26 21:00:00+00:00,71.0,5.487799066810042,67.11223611019172,-1.6000351770017573
2020-09-26 22:00:00+00:00,70.0,3.163181789501704,67.1902952322079,-0.35347702170960815
2020-09-26 23:00:00+00:00,68.0,0.5763652404973982,67.26763353139434,0.15600122810826633
2020-09-27 00:00:00+00:00,65.0,-1.1176364345493486,67.34406890593434,-1.2264324713849817
2020-09-27 01:00:00+00:00,64.0,-1.6603855984430171,67.41940444098904,-1.759018842546027
2020-09-27 02:00:00+00:00,63.0,-2.0291627169236586,67.49343270744701,-2.4642699905233485
2020-09-27 03:00:00+00:00,62.0,-2.30234550735233,67.56593958831832,-3.263594080965987
2020-09-27 04:00:00+00:00,60.0,-3.2800156925532313,67.63671181599568,-4.356696123442447
2020-09-27 05:00:00+00:00,61.0,-3.9047104653316196,67.70554478702424,-2.8008343216926193
2020-09-27 06:00:00+00:00,61.0,-4.434104599384364,67.7722467195924,-2.3381421202080332
2020-09-27 07:00:00+00:00,60.0,-4.945779854483708,67.83663899425443,-2.8908591397707255
2020-09-27 08:00:00+00:00,60.0,-5.4860017877160345,67.8985554707228,-2.412553683006763
2020-09-27 09:00:00+00:00,60.0,-5.838856130596727,67.95784243065388,-2.118986300057159
2020-09-27 10:00:00+00:00,59.0,-6.155465478805971,68.01435802438566,-2.8588925455796925
2020-09-27 11:00:00+00:00,59.0,-5.730658365328042,68.06797301035618,-3.337314645028144
2020-09-27 12:00:00+00:00,64.0,-3.1368229942595103,68.11856933638897,-0.981746342129469
2020-09-27 13:00:00+00:00,70.0,-0.7326573540014414,68.16604097186607,2.566616382135379
2020-09-27 14:00:00+00:00,73.0,2.347233839467545,68.21029286842926,2.4424732921031875
2020-09-27 15:00:00+00:00,74.0,4.1464093965694575,68.25124034644165,1.602350256988899
2020-09-27 16:00:00+00:00,75.0,5.624596428807973,68.28880832207808,1.086595249113941
2020-09-27 17:00:00+00:00,76.0,7.188489446755735,68.3229336233016,0.488576929942667
2020-09-27 18:00:00+00:00,76.0,8.12455464954871,68.35356514882956,-0.47811979837827323
2020-09-27 19:00:00+00:00,76.0,8.12266380840813,68.38066310687124,-0.5033269152793736
2020-09-27 20:00:00+00:00,75.0,7.534149949709817,68.40420257107098,-0.9383525207807963
2020-09-27 21:00:00+00:00,72.0,5.827250554196281,68.42417369626324,-2.2514242504595217
2020-09-27 22:00:00+00:00,70.0,3.2822867934746305,68.44058350737812,-1.7228703008527475
2020-09-27 23:00:00+00:00,70.0,0.3097873383610531,68.45345940318823,1.2367532584507188
2020-09-28 00:00:00+00:00,69.0,-1.4814907412592455,68.46284970342562,2.018641037833632
2020-09-28 01:00:00+00:00,69.0,-1.8931823788292559,68.46882376244331,2.4243586163859447
2020-09-28 02:00:00+00:00,68.0,-2.412201115651623,68.47147205493953,1.9407290607121013
2020-09-28 03:00:00+00:00,68.0,-2.528060793946879,68.47090351983782,2.057157274109059
2020-09-28 04:00:00+00:00,67.0,-3.441366688291967,68.46724749178138,1.9741191965105855
2020-09-28 05:00:00+00:00,66.0,-4.159074840345384,68.46065168408356,1.6984231562618248
2020-09-28 06:00:00+00:00,65.0,-4.646240060165942,68.4512798566628,1.1949602035031432
2020-09-28 07:00:00+00:00,65.0,-5.307034920426232,68.43930945911482,1.8677254613114087
2020-09-28 08:00:00+00:00,64.0,-5.794004130399804,68.42493080179605,1.369073328603747
2020-09-28 09:00:00+00:00,64.0,-6.247322019566735,68.40834596701231,1.838976052554429
2020-09-28 10:00:00+00:00,63.0,-6.652275226919818,68.38976107700526,1.2625141499145514
2020-09-28 11:00:00+00:00,65.0,-6.159635343612398,68.36937949469802,2.79025584891437
2020-09-28 12:00:00+00:00,67.0,-3.2147045933122387,68.34739768559284,1.8673069077193958
2020-09-28 13:00:00+00:00,69.0,-0.46607573311797373,68.32400429090688,1.1420714422110905
2020-09-28 14:00:00+00:00,74.0,2.9004672597859096,68.2993833679438,2.8001493722702833
2020-09-28 15:00:00+00:00,78.0,4.741964065661563,68.27371390528413,4.9843220290543115
2020-09-28 16:00:00+00:00,81.0,6.390753241861553,68.24716902187551,6.362077736262947
2020-09-28 17:00:00+00:00,83.0,7.893058267934842,68.21991244342172,6.887029288643433
2020-09-28 18:00:00+00:00,82.0,8.7444159317468,68.19209752082983,5.063486547423366
2020-09-28 19:00:00+00:00,82.0,8.560910945336738,68.16386836379891,5.275220690864344
2020-09-28 20:00:00+00:00,79.0,8.201756298970418,68.13535949926799,2.6628842017615852
2020-09-28 21:00:00+00:00,78.0,6.448579096133331,68.10669621398344,3.4447246898832304
2020-09-28 22:00:00+00:00,75.0,3.4008547604204598,68.07799763521191,3.521147604367627
2020-09-28 23:00:00+00:00,73.0,0.0017710655198173164,68.04937931905302,4.948849615427164
2020-09-29 00:00:00+00:00,72.0,-1.9130433490963672,68.02095692944938,5.892086419646986
2020-09-29 01:00:00+00:00,70.0,-2.4076321546850235,67.99284165509516,4.414790499589856
2020-09-29 02:00:00+00:00,70.0,-3.0434565027710345,67.9651304946631,5.078326008107936
2020-09-29 03:00:00+00:00,70.0,-2.9860685609552267,67.93789472417842,5.048173836776812
2020-09-29 04:00:00+00:00,70.0,-3.8628574187451603,67.91117245123974,5.951684967505429
2020-09-29 05:00:00+00:00,71.0,-4.695527478382255,67.88496868948945,7.810558788892806
2020-09-29 06:00:00+00:00,71.0,-5.060584992692211,67.85925610113617,8.201328891556045
2020-09-29 07:00:00+00:00,71.0,-5.827658841391425,67.83397732364031,8.993681517751114
2020-09-29 08:00:00+00:00,72.0,-6.269436379926317,67.80904637140353,10.460390008522793
2020-09-29 09:00:00+00:00,72.0,-6.771099539007811,67.7843461298856,10.986753409122201
2020-09-29 10:00:00+00:00,71.0,-7.296915178084542,67.75973172506012,10.537183453024426
2020-09-29 11:00:00+00:00,72.0,-6.689023483729861,67.73503210342425,10.95399138030561
2020-09-29 12:00:00+00:00,73.0,-3.298376515877766,67.71005261269065,8.588323903187117
2020-09-29 13:00:00+00:00,75.0,-0.10903287026637798,67.68458221780074,7.424450652465637
2020-09-29 14:00:00+00:00,78.0,3.6351692473688795,67.658397387257,6.706433365374124
2020-09-29 15:00:00+00:00,78.0,5.6476560017681,67.63126580792071,4.721078190311189
2020-09-29 16:00:00+00:00,80.0,7.4266800731365175,67.60295187457452,4.970368052288961
2020-09-29 17:00:00+00:00,80.0,8.854907009729713,67.57322160958823,3.5718713806820546
2020-09-29 18:00:00+00:00,83.0,9.595522532790456,67.54184668526219,5.8626307819473595
2020-09-29 19:00:00+00:00,82.0,9.124264934281479,67.50860748416959,5.367127581548928
2020-09-29 20:00:00+00:00,81.0,9.002892018187335,67.47329429208601,4.523813689726651
2020-09-29 21:00:00+00:00,80.0,7.194996295049975,67.43570972279845,5.369293982151575
2020-09-29 22:00:00+00:00,76.0,3.460631865541376,67.39567050806356,5.143697626395067
2020-09-29 23:00:00+00:00,62.0,-0.3494745006659628,67.35300924910437,-5.003534748438412
2020-09-30 00:00:00+00:00,60.0,-2.3749710442777503,67.30757780201989,-4.932606757742143
2020-09-30 01:00:00+00:00,60.0,-3.04859052647185,67.25925183558122,-4.210661309109376
2020-09-30 02:00:00+00:00,60.0,-3.699310304041555,67.20792761457609,-3.5086173105345395
2020-09-30 03:00:00+00:00,60.0,-3.4754976794391106,67.15351977547928,-3.6780220960401735
2020-09-30 04:00:00+00:00,60.0,-4.3581711558924505,67.0959592686191,-2.7377881127266477
2020-09-30 05:00:00+00:00,59.0,-5.335173453176134,67.03519096337915,-2.7000175102030113
2020-09-30 06:00:00+00:00,58.0,-5.536269215707096,66.97117321039568,-3.4349039946885824
2020-09-30 07:00:00+00:00,57.0,-6.334634958444539,66.90387656040119,-3.569241601956648
2020-09-30 08:00:00+00:00,57.0,-6.74828299074792,66.83327955055825,-3.084996559810328
2020-09-30 09:00:00+00:00,55.0,-7.267854943844631,66.75937059364341,-4.491515649798778
2020-09-30 10:00:00+00:00,55.0,-7.898602186170157,66.68215252418273,-3.7835503380125672
2020-09-30 11:00:00+00:00,55.0,-7.156078978122551,66.60164382281435,-4.445564844691802
2020-09-30 12:00:00+00:00,58.0,-3.3167919879197094,66.51788065548419,-5.201088667564484
2020-09-30 13:00:00+00:00,62.0,0.2519935978956445,66.43091842957118,-4.68291202746682
2020-09-30 14:00:00+00:00,65.0,4.3099658958933285,66.34082791463732,-5.650793810530644
2020-09-30 15:00:00+00:00,67.0,6.500736033678083,66.24769447517744,-5.74843050885552
2020-09-30 16:00:00+00:00,69.0,8.334767963106694,66.15161994537837,-5.486387908485064
2020-09-30 17:00:00+00:00,71.0,9.699016780915699,66.05272159317427,-4.7517383740899675
2020-09-30 18:00:00+00:00,72.0,10.419798700325124,65.95112752701151,-4.370926227336632
2020-09-30 19:00:00+00:00,72.0,9.746948600491661,65.84697367036541,-3.593922270857078
2020-09-30 20:00:00+00:00,72.0,9.737886675137743,65.74040380645204,-3.478290481589781
2020-09-30 21:00:00+00:00,70.0,7.8878993560896955,65.6315679009097,-3.5194672569993983
2020-09-30 22:00:00+00:00,64.0,3.4878781552968534,65.5206188272786,-5.008496982575451
2020-09-30 23:00:00+00:00,63.0,-0.7074983165951205,65.4077111096715,-1.7002127930763749
2020-10-01 00:00:00+00:00,60.0,-2.786935231996823,65.29299865699993,-2.5060634250031057
2020-10-01 01:00:00+00:00,60.0,-3.632511141255659,65.17663164047765,-1.5441204992219895
2020-10-01 02:00:00+00:00,58.0,-4.2424868458651765,65.05875769482329,-2.816270848958112
2020-10-01 03:00:00+00:00,59.0,-3.9057825439944827,64.9395304218171,-2.033747877822613
2020-10-01 04:00:00+00:00,58.0,-4.807144494888131,64.81911120521768,-2.0119667103295527
2020-10-01 05:00:00+00:00,56.0,-5.91951487991827,64.69766775285957,-2.7781528729413054
2020-10-01 06:00:00+00:00,57.0,-6.016462327502097,64.57537282548259,-1.5589104979804915
2020-10-01 07:00:00+00:00,55.0,-6.783267462836582,64.4524044896972,-2.669137026860618
2020-10-01 08:00:00+00:00,55.0,-7.100701469559437,64.3289438000969,-2.228242330537455
2020-10-01 09:00:00+00:00,55.0,-7.6645105821755495,64.20517478908968,-1.5406642069141299
2020-10-01 10:00:00+00:00,54.0,-8.346765763287129,64.08127771867245,-1.7345119553853223
2020-10-01 11:00:00+00:00,55.0,-7.520232079586287,63.95742270394686,-1.437190624360575
2020-10-01 12:00:00+00:00,60.0,-3.2592936335499303,63.83377262041895,-0.5744789868690177
2020-10-01 13:00:00+00:00,64.0,0.5427545673039169,63.71049098224223,-0.2532455495461434
2020-10-01 14:00:00+00:00,71.0,4.778438206902134,63.58774465573285,2.633817137365014
2020-10-01 15:00:00+00:00,74.0,7.103102435943288,63.465704021856354,3.4311935422003614
2020-10-01 16:00:00+00:00,77.0,8.933323698657567,63.34453830974819,4.722137991594238
2020-10-01 17:00:00+00:00,79.0,10.275452882837232,63.22441273619523,5.500134380967545
2020-10-01 18:00:00+00:00,80.0,11.071551788404745,63.10548647043125,5.822961741164001
2020-10-01 19:00:00+00:00,81.0,10.337834547785215,62.987908872684294,7.674256579530486
2020-10-01 20:00:00+00:00,80.0,10.333926666349596,62.871816084269554,6.794257249380848
2020-10-01 21:00:00+00:00,78.0,8.447921168574062,62.75733075295194,6.794748078474008
2020-10-01 22:00:00+00:00,73.0,3.507729012041629,62.64456045734045,6.847710530617931
2020-10-01 23:00:00+00:00,67.0,-0.9896670493828205,62.53359898618886,5.456068063193953
2020-10-02 00:00:00+00:00,68.0,-3.0691585431961936,62.424525466899695,8.6446330762965
2020-10-02 01:00:00+00:00,65.0,-4.087907025319389,62.31740762771155,6.770499397607843
2020-10-02 02:00:00+00:00,66.0,-4.647226007054922,62.21230477923076,8.434921227824162
2020-10-02 03:00:00+00:00,65.0,-4.278955501123627,62.109266137280386,7.169689363843247
2020-10-02 04:00:00+00:00,64.0,-5.206775160919333,62.008333182490844,7.198441978428491
2020-10-02 05:00:00+00:00,63.0,-6.395687210379015,61.90954349122738,7.486143719151627
2020-10-02 06:00:00+00:00,63.0,-6.497667711831795,61.81293133694076,7.684736374891038
2020-10-02 07:00:00+00:00,61.0,-7.193898894058377,61.718527052837686,6.475371841220692
2020-10-02 08:00:00+00:00,61.0,-7.2752046031033935,61.62635652729049,6.6488480758129
2020-10-02 09:00:00+00:00,60.0,-7.979964181392663,61.536438301979345,6.443525879413315
2020-10-02 10:00:00+00:00,60.0,-8.675337017551023,61.44877731749251,7.226559700058509
2020-10-02 11:00:00+00:00,59.0,-7.867488913978191,61.36336398000613,5.504124933972065
2020-10-02 12:00:00+00:00,62.0,-3.2484847640014447,61.280171250882,3.9683135131194476
2020-10-02 13:00:00+00:00,64.0,0.7558334987052406,61.19915280578497,2.0450136955097875
2020-10-02 14:00:00+00:00,66.0,5.0873601169542235,61.12024737621929,-0.20760749317351213
2020-10-02 15:00:00+00:00,68.0,7.531769933022169,61.04337761063561,-0.5751475436577778
2020-10-02 16:00:00+00:00,69.0,9.30808333052353,60.96845183804546,-1.2765351685689907
2020-10-02 17:00:00+00:00,70.0,10.65140363863082,60.89536361822289,-1.5467672568537054
2020-10-02 18:00:00+00:00,71.0,11.530518050589063,60.82399393773212,-1.3545119883211854
2020-10-02 19:00:00+00:00,66.0,10.810841375984326,60.75421211146981,-5.565053487454136
2020-10-02 20:00:00+00:00,70.0,10.832043235127438,60.68587683799079,-1.5179200731182263
2020-10-02 21:00:00+00:00,68.0,8.846960221472171,60.61884046103762,-1.4658006825097942
2020-10-02 22:00:00+00:00,61.0,3.4904404232945567,60.55295546052744,-3.0433958838220008
2020-10-02 23:00:00+00:00,57.0,-1.0646386733581465,60.48807022947207,-2.4234315561139255
2020-10-03 00:00:00+00:00,55.0,-3.183883746937992,60.424030997032474,-2.2401472500944806
2020-10-03 01:00:00+00:00,52.0,-4.393091755465332,60.360682379995986,-3.9675906245306507
2020-10-03 02:00:00+00:00,51.0,-4.953478153408681,60.29787681534729,-4.344398661938605
2020-10-03 03:00:00+00:00,51.0,-4.620089866002574,60.2354827708033,-4.6153929048007285
2020-10-03 04:00:00+00:00,50.0,-5.617033538837318,60.173389832179986,-4.556356293342667
2020-10-03 05:00:00+00:00,49.0,-6.7126159011278395,60.11150906538191,-4.398893164254069
2020-10-03 06:00:00+00:00,50.0,-6.946725010795221,60.049773609775414,-3.1030485989801946
2020-10-03 07:00:00+00:00,49.0,-7.521587360565153,59.98813795591285,-3.466550595347698
2020-10-03 08:00:00+00:00,49.0,-7.353574477545253,59.926581550083206,-3.573007072537955
2020-10-03 09:00:00+00:00,49.0,-8.206884931564552,59.86511211816119,-2.6582271865966405
2020-10-03 10:00:00+00:00,48.0,-8.965446596666169,59.80376697638386,-2.8383203797176932
2020-10-03 11:00:00+00:00,49.0,-8.203462928168234,59.742615223829354,-2.5391522956611183
2020-10-03 12:00:00+00:00,54.0,-3.304512490417358,59.68175632115263,-2.3772438307352743
2020-10-03 13:00:00+00:00,59.0,0.9868156013632581,59.62130128003928,-1.6081168814025446
2020-10-03 14:00:00+00:00,64.0,5.330485149025704,59.56136545130123,-0.8918506003269329
2020-10-03 15:00:00+00:00,66.0,7.915672870563882,59.50206786011522,-1.4177407306790997
2020-10-03 16:00:00+00:00,68.0,9.590007800772844,59.44353050443468,-1.0335383052075287
2020-10-03 17:00:00+00:00,69.0,10.914488326152037,59.38587897675327,-1.3003673029053076
2020-10-03 18:00:00+00:00,68.0,11.804864682954104,59.32924714520465,-3.1341118281587512
2020-10-03 19:00:00+00:00,68.0,11.112857471854753,59.273780139153885,-2.386637611008638
2020-10-03 20:00:00+00:00,69.0,11.14582862590329,59.21963180036163,-1.3654604262649244
2020-10-03 21:00:00+00:00,67.0,9.004275040456438,59.16696463876068,-1.1712396792171162
2020-10-03 22:00:00+00:00,61.0,3.304927811408957,59.11595000391193,-1.4208778153208854
2020-10-03 23:00:00+00:00,57.0,-0.9557082026953804,59.06676676231016,-1.1110585596147757
2020-10-04 00:00:00+00:00,54.0,-3.0912771601982576,59.01960096866403,-1.9283238084657697
2020-10-04 01:00:00+00:00,53.0,-4.516764280145839,58.97464236411728,-1.457878083971444
2020-10-04 02:00:00+00:00,54.0,-5.117583757821062,58.93208222972681,0.18550152809424958
2020-10-04 03:00:00+00:00,55.0,-4.84034738714678,58.89211420884822,0.9482331782985582
2020-10-04 04:00:00+00:00,53.0,-5.994233844723293,58.854931067864364,0.13930277685892634
2020-10-04 05:00:00+00:00,51.0,-6.811181168262779,58.82072153646436,-1.0095403682015842
2020-10-04 06:00:00+00:00,51.0,-7.250124788544446,58.78966882492067,-0.5395440363762205
2020-10-04 07:00:00+00:00,51.0,-7.617375715699152,58.76195046293673,-0.14457474723757713
2020-10-04 08:00:00+00:00,50.0,-7.317290915995384,58.73773687386159,-1.4204459578662068
2020-10-04 09:00:00+00:00,49.0,-8.278466176096455,58.717191210145394,-1.438725034048936
2020-10-04 10:00:00+00:00,48.0,-9.202095293952073,58.70046901045332,-1.4983737165012485
2020-10-04 11:00:00+00:00,49.0,-8.336281741227422,58.68771594919913,-1.3514342079717068
2020-10-04 12:00:00+00:00,52.0,-3.3412556263701965,58.67906407722535,-3.3378084508551495
2020-10-04 13:00:00+00:00,56.0,1.207556801745438,58.67463478310646,-3.8821915848519026
2020-10-04 14:00:00+00:00,59.0,5.495983622249948,58.67453825189255,-5.170521874142501
2020-10-04 15:00:00+00:00,62.0,8.231944750739256,58.678873596816636,-4.910818347555896
2020-10-04 16:00:00+00:00,63.0,9.814464556353167,58.68772486949746,-5.502189425850624
2020-10-04 17:00:00+00:00,66.0,11.11639654067279,58.701159172835986,-3.8175557135087743
2020-10-04 18:00:00+00:00,67.0,11.977724112674931,58.71922222235116,-3.696946335026098
2020-10-04 19:00:00+00:00,68.0,11.381086603724972,58.74193913650526,-2.123025740230233
2020-10-04 20:00:00+00:00,66.0,11.265627225209784,58.76931584556639,-4.034943070776173
2020-10-04 21:00:00+00:00,63.0,9.024911065638243,58.801335899506306,-4.8262469651445485
2020-10-04 22:00:00+00:00,59.0,3.054608768122321,58.837960623629236,-2.8925693917515574
2020-10-04 23:00:00+00:00,56.0,-0.8050754856403104,58.87912844091207,-2.0740529552717604
2020-10-05 00:00:00+00:00,54.0,-2.869255977529998,58.92475210300021,-2.0554961254702135
2020-10-05 01:00:00+00:00,53.0,-4.536055225787026,58.97472569439565,-1.4386704686086276
2020-10-05 02:00:00+00:00,52.0,-5.1058207379164875,59.02893028093566,-1.923109543019173
2020-10-05 03:00:00+00:00,52.0,-4.875705419239351,59.08723720554308,-2.2115317863037305
2020-10-05 04:00:00+00:00,51.0,-6.1817970201134615,59.14951589409284,-1.9677188739793792
2020-10-05 05:00:00+00:00,50.0,-6.701606923001449,59.21563901962697,-2.5140320966255203
2020-10-05 06:00:00+00:00,49.0,-7.32085580540271,59.285484390426916,-2.964628585024208
2020-10-05 07:00:00+00:00,49.0,-7.4483222919996885,59.35893582588085,-2.910613533881161
2020-10-05 08:00:00+00:00,49.0,-7.186922610380047,59.435882906712216,-3.2489602963321715
2020-10-05 09:00:00+00:00,49.0,-8.231816997683195,59.516218486982986,-2.284401489299789
2020-10-05 10:00:00+00:00,48.0,-9.305546760667164,59.599839437184805,-2.2942926765176423
2020-10-05 11:00:00+00:00,49.0,-8.287594229701114,59.68664495679304,-2.3990507270919252
2020-10-05 12:00:00+00:00,57.0,-3.368487086079763,59.77653062987768,0.5919564562020767
2020-10-05 13:00:00+00:00,62.0,1.2639905100977638,59.86938727514934,0.8666222147528941
2020-10-05 14:00:00+00:00,66.0,5.363463224051347,59.96509357888112,0.6714431970675392
2020-10-05 15:00:00+00:00,69.0,8.174547714972089,60.063514687303,0.7619375977249092
2020-10-05 16:00:00+00:00,70.0,9.696456050159929,60.16449962388652,0.13904432595354876
2020-10-05 17:00:00+00:00,71.0,11.019029688163807,60.26788575125753,-0.28691543942133535
2020-10-05 18:00:00+00:00,73.0,11.881738776915867,60.373500225592856,0.7447609974912766
2020-10-05 19:00:00+00:00,72.0,11.482733674638862,60.48115776011266,0.036108565248476054
2020-10-05 20:00:00+00:00,71.0,11.060095894812763,60.59066265011535,-0.6507585449281095
2020-10-05 21:00:00+00:00,69.0,8.834549226761109,60.70181383627539,-0.5363630630365037
2020-10-05 22:00:00+00:00,62.0,2.8240176619004753,60.81440488624959,-1.6384225481500678
2020-10-05 23:00:00+00:00,56.0,-0.7338273971457376,60.92822545505935,-4.1943980579136095
2020-10-06 00:00:00+00:00,56.0,-2.6364310878736554,61.043063135521706,-2.4066320476480527
2020-10-06 01:00:00+00:00,53.0,-4.484223366077559,61.158708443239405,-3.6744850771618474
2020-10-06 02:00:00+00:00,53.0,-4.88958538900798,61.274959165938654,-3.3853737769306775
2020-10-06 03:00:00+00:00,52.0,-4.715959713528186,61.391623238060525,-4.6756635245323395
2020-10-06 04:00:00+00:00,51.0,-6.069800409808693,61.508516961525295,-4.4387165517166025
2020-10-06 05:00:00+00:00,50.0,-6.353324055981432,61.625464951961916,-5.272140895980485
2020-10-06 06:00:00+00:00,49.0,-7.11080295319049,61.74230082973508,-5.631497876544593
2020-10-06 07:00:00+00:00,49.0,-7.066369116915502,61.85886888782567,-5.792499770910169
2020-10-06 08:00:00+00:00,54.0,-6.915903358999022,61.97502372952453,-1.0591203705255055
2020-10-06 09:00:00+00:00,50.0,-8.016730464035646,62.090623289416335,-4.073892825380689
2020-10-06 10:00:00+00:00,50.0,-9.145622254586662,62.205535121474206,-3.0599128668875437
2020-10-06 11:00:00+00:00,50.0,-8.020839621252017,62.31963993417179,-4.298800312919774
2020-10-06 12:00:00+00:00,57.0,-3.4000398020030493,62.432829189967,-2.032789387963952
2020-10-06 13:00:00+00:00,63.0,1.0184674624259706,62.545007111175885,-0.5634745736018587
2020-10-06 14:00:00+00:00,69.0,4.791540562746779,62.65609119489095,1.5523682423622773
2020-10-06 15:00:00+00:00,72.0,7.58567563518179,62.766008242643586,1.6483161221746272
2020-10-06 16:00:00+00:00,74.0,9.08233662001828,62.87469612124331,2.0429672587384076
2020-10-06 17:00:00+00:00,75.0,10.48756999142695,62.98210306225915,1.5303269463138989
2020-10-06 18:00:00+00:00,76.0,11.387408750475549,63.08818745361739,1.5244037959070695
2020-10-06 19:00:00+00:00,77.0,11.151769211069128,63.19291773317157,2.655313055759308
2020-10-06 20:00:00+00:00,76.0,10.383150429585054,63.29627381992924,2.320575750485702
2020-10-06 21:00:00+00:00,73.0,8.266803814221701,63.39824188978361,1.3349542959946845
2020-10-06 22:00:00+00:00,68.0,2.5409309856859004,63.49881106018539,1.960257954128707
2020-10-06 23:00:00+00:00,65.0,-0.6016871029983338,63.597976085669295,2.0037110173290458
2020-10-07 00:00:00+00:00,62.0,-2.2887463736789058,63.69573834038054,0.5930080332983678
2020-10-07 01:00:00+00:00,60.0,-4.199937821984778,63.792104517739595,0.4078333042451803
2020-10-07 02:00:00+00:00,59.0,-4.4125895850001715,63.887080443006134,-0.47449085800596436
2020-10-07 03:00:00+00:00,59.0,-4.308949784814232,63.98066738340028,-0.6717175985860493
2020-10-07 04:00:00+00:00,59.0,-5.580912539380405,64.07286207789863,0.5080504614817727
2020-10-07 05:00:00+00:00,61.0,-5.74313902735198,64.16365640025903,2.5794826270929576
2020-10-07 06:00:00+00:00,58.0,-6.567634635652623,64.2530381323925,0.3145965032601197
2020-10-07 07:00:00+00:00,59.0,-6.468874671049981,64.34099149341598,1.12788317763399
2020-10-07 08:00:00+00:00,59.0,-6.403212051040898,64.42749651886344,0.9757155321774604
2020-10-07 09:00:00+00:00,59.0,-7.5067153379695,64.51252858961445,1.9941867483550482
2020-10-07 10:00:00+00:00,58.0,-8.572073548866106,64.59605958774475,1.9760139611213532
2020-10-07 11:00:00+00:00,58.0,-7.440930013884386,64.67806018592424,0.7628698279601451
2020-10-07 12:00:00+00:00,62.0,-3.359716799125503,64.75850549535362,0.6012113037718905
2020-10-07 13:00:00+00:00,68.0,0.5708242850879279,64.83737905780485,2.591796657107224
2020-10-07 14:00:00+00:00,72.0,3.987436775068463,64.91467201690492,3.097891208026624
2020-10-07 15:00:00+00:00,77.0,6.711033962750204,64.99038450114148,5.2985815361083155
2020-10-07 16:00:00+00:00,79.0,8.16153637551401,65.0645312536172,5.773932370868792
2020-10-07 17:00:00+00:00,80.0,9.588272652265163,65.13714337635263,5.274583971382214
2020-10-07 18:00:00+00:00,82.0,10.528720388348255,65.20826551139845,6.263014100253287
2020-10-07 19:00:00+00:00,82.0,10.352937827002036,65.27794852652677,6.369113646471192
2020-10-07 20:00:00+00:00,81.0,9.35014728585592,65.3462491785482,6.303603535595869
2020-10-07 21:00:00+00:00,79.0,7.4149772283558395,65.41323033948748,6.171792432156678
2020-10-07 22:00:00+00:00,72.0,2.242817582629685,65.47895903294379,4.278223384426525
2020-10-07 23:00:00+00:00,68.0,-0.3813526610207949,65.54350664065963,2.8378460203611695
2020-10-08 00:00:00+00:00,67.0,-1.832331729911403,65.60695049071506,3.225381239196338
2020-10-08 01:00:00+00:00,66.0,-3.6906032435641913,65.6693707306034,4.021232512960793
2020-10-08 02:00:00+00:00,65.0,-3.8001533708790833,65.73083850552388,3.06931486535521
2020-10-08 03:00:00+00:00,65.0,-3.7585203923595087,65.79140650471761,2.9671138876419008
2020-10-08 04:00:00+00:00,61.0,-4.8429847561932915,65.8511056634066,-0.008120907213310602
2020-10-08 05:00:00+00:00,64.0,-4.945180162623456,65.90994546567077,3.035234696952685
2020-10-08 06:00:00+00:00,63.0,-5.781735001034987,65.96791535879798,2.813819642237007
2020-10-08 07:00:00+00:00,63.0,-5.674457828398341,66.0249866856676,2.6494711427307465
2020-10-08 08:00:00+00:00,63.0,-5.677419130988127,66.0811142027614,2.596304928226729
2020-10-08 09:00:00+00:00,61.0,-6.711132392096082,66.13623841177741,1.574893980318663
2020-10-08 10:00:00+00:00,58.0,-7.63082602800827,66.19028552324724,-0.5594594952389684
2020-10-08 11:00:00+00:00,63.0,-6.587801494654289,66.24317129664871,3.344630198005575
2020-10-08 12:00:00+00:00,68.0,-3.2128016126131693,66.29481081434109,4.917990798272072
2020-10-08 13:00:00+00:00,75.0,0.09155913402548319,66.3451230203998,8.563317845574716
2020-10-08 14:00:00+00:00,78.0,3.1537200798478473,66.39403438872594,8.452245531426215
2020-10-08 15:00:00+00:00,79.0,5.83621088794569,66.44148222647136,6.722306885582938
2020-10-08 16:00:00+00:00,80.0,7.215738325081638,66.4874133101769,6.29684836474145
2020-10-08 17:00:00+00:00,82.0,8.554994956718526,66.53178389106499,6.9132211522164795
2020-10-08 18:00:00+00:00,82.0,9.49025674230492,66.57456087360057,5.935182384094503
2020-10-08 19:00:00+00:00,82.0,9.322458532521882,66.61571959188855,6.0618218755895725
2020-10-08 20:00:00+00:00,81.0,8.249592499237105,66.65524155612965,6.095165944633237
2020-10-08 21:00:00+00:00,79.0,6.532840561811973,66.6931126046681,5.774046833519918
2020-10-08 22:00:00+00:00,70.0,1.985266180281153,66.72932124468517,1.285412575033675
2020-10-08 23:00:00+00:00,68.0,-0.08602505567491106,66.76385852914888,1.3221665265260327
2020-10-09 00:00:00+00:00,66.0,-1.3258509832217331,66.79671821695797,0.529132766263757
2020-10-09 01:00:00+00:00,63.0,-3.106191875623556,66.82789640885417,-0.7217045332306213
2020-10-09 02:00:00+00:00,62.0,-3.248646971105445,66.85739440659214,-1.6087474354866913
2020-10-09 03:00:00+00:00,63.0,-3.282072192390717,66.88521882842213,-0.6031466360314113
2020-10-09 04:00:00+00:00,62.0,-4.195765258498299,66.91138146915816,-0.71561621065986
2020-10-09 05:00:00+00:00,60.0,-4.263454659259621,66.93589773647619,-2.6724430772165704
2020-10-09 06:00:00+00:00,60.0,-5.048941583632632,66.95878225173139,-1.9098406680987665
2020-10-09 07:00:00+00:00,61.0,-4.949603385170342,66.98004645623458,-1.0304430710642265
2020-10-09 08:00:00+00:00,59.0,-5.062885736699094,66.99970060759401,-2.9368148708949207
2020-10-09 09:00:00+00:00,58.0,-5.9774814615581295,67.0177542806694,-3.040272819111266
2020-10-09 10:00:00+00:00,57.0,-6.768107484622648,67.03421754627823,-3.2661100616555814
2020-10-09 11:00:00+00:00,57.0,-5.866028101889754,67.04910453887719,-4.1830764369874345
2020-10-09 12:00:00+00:00,60.0,-3.1472471526980366,67.06243775827767,-3.9151906055796317
2020-10-09 13:00:00+00:00,64.0,-0.41927521444692956,67.07424925666363,-2.6549740422167076
2020-10-09 14:00:00+00:00,66.0,2.3535982567102183,67.08458338531325,-3.4381816420234728
2020-10-09 15:00:00+00:00,67.0,5.072024375039093,67.09349411379642,-5.165518488835517
2020-10-09 16:00:00+00:00,69.0,6.4757836690762325,67.10104342301996,-4.576827092096195
2020-10-09 17:00:00+00:00,71.0,7.824982495854101,67.10730014495999,-3.932282640814094
2020-10-09 18:00:00+00:00,70.0,8.677817631127706,67.11233759550626,-5.790155226633971
2020-10-09 19:00:00+00:00,70.0,8.537704205779226,67.11622976599116,-5.6539339717703925
2020-10-09 20:00:00+00:00,70.0,7.463560445289787,67.11904945661676,-4.582609901906551
2020-10-09 21:00:00+00:00,69.0,5.926638316205942,67.12086890961625,-4.047507225822187
2020-10-09 22:00:00+00:00,64.0,1.8698740105686147,67.12176225909246,-4.991636269661079
2020-10-09 23:00:00+00:00,64.0,0.32749647625937295,67.1218005858959,-3.449297062155267
2020-10-10 00:00:00+00:00,64.0,-0.8362499618500088,67.12105063607112,-2.2848006742211027
2020-10-10 01:00:00+00:00,62.0,-2.5250804714934407,67.11957046975759,-2.5944899982641516
2020-10-10 02:00:00+00:00,65.0,-2.8236448983463838,67.11740614050886,0.7062387578375251
2020-10-10 03:00:00+00:00,65.0,-2.987557519790866,67.11459527859131,0.8729622411995592
2020-10-10 04:00:00+00:00,65.0,-3.8179560555589207,67.11117370290458,1.7067823526543435
2020-10-10 05:00:00+00:00,65.0,-3.874950722287204,67.10718292402242,1.767767798264785
2020-10-10 06:00:00+00:00,65.0,-4.539373353518312,67.10267639456946,2.4366969589488576
2020-10-10 07:00:00+00:00,64.0,-4.477661981727456,67.09771920095328,1.3799427807741722
2020-10-10 08:00:00+00:00,63.0,-4.753987340842764,67.0923883238171,0.6615990170256651
2020-10-10 09:00:00+00:00,63.0,-5.506046338238681,67.08677440928084,1.4192719289578406
2020-10-10 10:00:00+00:00,63.0,-6.226664449666344,67.08098059366218,2.145683856004169
2020-10-10 11:00:00+00:00,64.0,-5.514682388788337,67.07511762583968,2.439564762948663
2020-10-10 12:00:00+00:00,64.0,-3.1813050750869873,67.06930126503839,0.11200381004859139
2020-10-10 13:00:00+00:00,64.0,-0.8861104153317372,67.06364985851158,-2.177539443179839
2020-10-10 14:00:00+00:00,65.0,1.6650765945212744,67.05827738387782,-3.7233539783990963
2020-10-10 15:00:00+00:00,67.0,4.42064349660638,67.05328823975051,-4.473931736356896
2020-10-10 16:00:00+00:00,69.0,5.918409745529461,67.04876703114626,-3.9671767766757142
2020-10-10 17:00:00+00:00,72.0,7.436130513448855,67.04477473056315,-2.480905244012007
2020-10-10 18:00:00+00:00,74.0,8.183361190986242,67.04135237541182,-1.2247135663980657
2020-10-10 19:00:00+00:00,73.0,8.106715204417501,67.03852581272528,-2.14524101714278
2020-10-10 20:00:00+00:00,71.0,7.07336879163899,67.03630367618632,-3.1096724678253125
2020-10-10 21:00:00+00:00,70.0,5.620939049641452,67.03467971834456,-2.655618767986013
2020-10-10 22:00:00+00:00,69.0,1.852337670631653,67.0336357301494,0.11402659921894553
2020-10-10 23:00:00+00:00,69.0,0.7163410746857476,67.03314262314534,1.2505163021689185
2020-10-11 00:00:00+00:00,68.0,-0.4978604259735601,67.03315817223316,1.4647022537403984
2020-10-11 01:00:00+00:00,67.0,-2.077253337871226,67.03362446701301,2.043628870858214
2020-10-11 02:00:00+00:00,68.0,-2.5516545741681145,67.03447103271674,3.5171835414513737
2020-10-11 03:00:00+00:00,68.0,-2.961400852140926,67.03562287875255,3.925777973388378
2020-10-11 04:00:00+00:00,68.0,-3.7672152079870758,67.03700573852471,4.730209469462366
2020-10-11 05:00:00+00:00,66.0,-3.766071649070979,67.03854889645612,2.7275227526148598
2020-10-11 06:00:00+00:00,66.0,-4.2720352181436425,67.0401840618315,3.231851156312146
2020-10-11 07:00:00+00:00,66.0,-4.308687906418574,67.04184718467413,3.266840721744444
2020-10-11 08:00:00+00:00,66.0,-4.67842298572601,67.04347889109788,3.634944094628139
2020-10-11 09:00:00+00:00,66.0,-5.222947242764537,67.04502551951502,4.177921723249511
2020-10-11 10:00:00+00:00,67.0,-5.8499460136038275,67.04643867482466,5.80350733877917
2020-10-11 11:00:00+00:00,67.0,-5.441277107982614,67.0476725630919,5.393604544890721
2020-10-11 12:00:00+00:00,66.0,-3.138592970549358,67.04867394092547,2.0899190296238856
2020-10-11 13:00:00+00:00,65.0,-1.1750390990038848,67.04937700858264,-0.874337909578756
2020-10-11 14:00:00+00:00,66.0,1.2173354687178342,67.04970488771706,-2.26704035643489
2020-10-11 15:00:00+00:00,68.0,3.9737340874686193,67.04957402881553,-3.0233081162841415
2020-10-11 16:00:00+00:00,68.0,5.590757418905708,67.04889714807656,-4.639654566982273
2020-10-11 17:00:00+00:00,66.0,7.292701946051208,67.04758350537782,-8.340285451429025
2020-10-11 18:00:00+00:00,67.0,7.969290570168839,67.04553614092823,-8.014826711097072
2020-10-11 19:00:00+00:00,68.0,7.958549765999882,67.04266303924106,-7.001212805240947
2020-10-11 20:00:00+00:00,68.0,6.995469770775938,67.03887927821177,-6.034349048987707
2020-10-11 21:00:00+00:00,68.0,5.577877376168958,67.03410467561704,-4.611982051786001
2020-10-11 22:00:00+00:00,68.0,1.993673231445728,67.02826181358785,-1.0219350450335725
2020-10-11 23:00:00+00:00,68.0,1.073286275761708,67.0212741110926,-0.09456038685429746
2020-10-12 00:00:00+00:00,68.0,-0.2839418661931678,67.01306094851272,1.2708809176804579
2020-10-12 01:00:00+00:00,68.0,-1.7664089241134937,67.0035395237649,2.762869400348592
2020-10-12 02:00:00+00:00,67.0,-2.4120416230292894,66.99262981201085,2.419411811018449
2020-10-12 03:00:00+00:00,67.0,-3.197466339955569,66.9802626092661,3.2172037306894623
2020-10-12 04:00:00+00:00,68.0,-3.961618521897689,66.96638574807247,4.995232773825222
2020-10-12 05:00:00+00:00,68.0,-3.858306763166468,66.9509636565169,4.907343106649563
2020-10-12 06:00:00+00:00,68.0,-4.27423371044284,66.93397572407422,5.340257986368627
2020-10-12 07:00:00+00:00,68.0,-4.442394720745413,66.91541550489819,5.52697921584722
2020-10-12 08:00:00+00:00,68.0,-4.78471390858423,66.89528962981174,5.889424278772481
2020-10-12 09:00:00+00:00,68.0,-5.137582256570576,66.87361625634287,6.263966000227711
2020-10-12 10:00:00+00:00,68.0,-5.634970946585557,66.85042637372244,6.784544572863112
2020-10-12 11:00:00+00:00,68.0,-5.645583921801711,66.82576543107652,6.819818490725197
2020-10-12 12:00:00+00:00,68.0,-2.9970259019249803,66.79968717880983,4.197338723115152
2020-10-12 13:00:00+00:00,68.0,-1.265319629646939,66.77225156816924,2.4930680614777003
2020-10-12 14:00:00+00:00,70.0,1.086802989390397,66.74352215124738,2.1696748593622317
2020-10-12 15:00:00+00:00,72.0,3.8398122844507716,66.71356243984759,1.446625275701635
2020-10-12 16:00:00+00:00,72.0,5.6130512840272875,66.68243271660923,-0.29548400063652025
2020-10-12 17:00:00+00:00,72.0,7.381859832218896,66.65018987813396,-2.032049710352851
2020-10-12 18:00:00+00:00,72.0,7.986083218482062,66.61688802141214,-2.6029712398942024
2020-10-12 19:00:00+00:00,72.0,8.093440169277882,66.58257712282953,-2.6760172921074172
2020-10-12 20:00:00+00:00,71.0,7.223328505838368,66.5473051822621,-2.7706336881004603
2020-10-12 21:00:00+00:00,70.0,5.759827114765983,66.51112069551824,-2.270947810284227
2020-10-12 22:00:00+00:00,69.0,2.2291013247939913,66.47407100779068,0.29682766741532873
2020-10-12 23:00:00+00:00,69.0,1.3352490777545432,66.43620174778032,1.2285491744651438
2020-10-13 00:00:00+00:00,69.0,-0.21893310092810575,66.39755575557624,2.821377345351877
2020-10-13 01:00:00+00:00,67.0,-1.598075092220128,66.35817243738225,2.239902654837877
2020-10-13 02:00:00+00:00,66.0,-2.344173979533405,66.31808798586128,2.026085993672126
2020-10-13 03:00:00+00:00,65.0,-3.462373172457938,66.27732768591669,2.185045486541256
2020-10-13 04:00:00+00:00,64.0,-4.170010259883515,66.23589847963575,1.9341117802477612
2020-10-13 05:00:00+00:00,63.0,-4.020181511298477,66.19378747396165,0.8263940373368257
2020-10-13 06:00:00+00:00,62.0,-4.533962929132652,66.15096446382746,0.3829984653051923
2020-10-13 07:00:00+00:00,62.0,-4.818862959653694,66.10738269026423,0.7114802693894688
2020-10-13 08:00:00+00:00,62.0,-5.168802036476962,66.06297796519385,1.1058240712831093
2020-10-13 09:00:00+00:00,61.0,-5.3518091879419485,66.01766941402869,0.33413977391326455
2020-10-13 10:00:00+00:00,61.0,-5.832007924085125,65.97136092378639,0.8606470002987265
2020-10-13 11:00:00+00:00,60.0,-6.180072113436762,65.92394093592395,0.2561311775128132
2020-10-13 12:00:00+00:00,61.0,-2.8669970751850653,65.8752849367887,-2.008287861603634
2020-10-13 13:00:00+00:00,63.0,-1.1017492073066244,65.82526054566422,-1.7235113383575964
2020-10-13 14:00:00+00:00,66.0,1.3212470039008464,65.77373340717378,-1.09498041107463
2020-10-13 15:00:00+00:00,71.0,4.044691233269093,65.72057159682318,1.2347371699077314
2020-10-13 16:00:00+00:00,76.0,5.980572234265343,65.66565574633408,4.35377201940058
2020-10-13 17:00:00+00:00,78.0,7.768298690382882,65.60888310610885,4.622818203508274
2020-10-13 18:00:00+00:00,80.0,8.272950754272413,65.55016930119768,6.176879944529901
2020-10-13 19:00:00+00:00,80.0,8.547937980596025,65.48944542548665,5.962616593917318
2020-10-13 20:00:00+00:00,80.0,7.762909373025776,65.42665594036437,6.810434686609852
2020-10-13 21:00:00+00:00,77.0,6.1118269891554835,65.36175426424695,5.526418746597557
2020-10-13 22:00:00+00:00,72.0,2.4337018080523136,65.2946979194011,4.2716002725465785
2020-10-13 23:00:00+00:00,71.0,1.370913720065709,65.22544974958338,4.403636530350909
2020-10-14 00:00:00+00:00,67.0,-0.3479242538960235,65.15397907508259,2.1939451788134363
2020-10-14 01:00:00+00:00,65.0,-1.6221301603111187,65.08026275749525,1.5418674028158676
2020-10-14 02:00:00+00:00,60.0,-2.4328471271722383,65.00428240928251,-2.571435282110272
2020-10-14 03:00:00+00:00,56.0,-3.706554772389397,64.92602442904719,-5.219469656657793
2020-10-14 04:00:00+00:00,54.0,-4.4003214669573785,64.84548255421764,-6.44516108726026
2020-10-14 05:00:00+00:00,54.0,-4.358953113634133,64.76265353319552,-6.403700419561389
2020-10-14 06:00:00+00:00,55.0,-5.067992737518279,64.67753810054221,-4.609545363023926
2020-10-14 07:00:00+00:00,55.0,-5.416601561050487,64.59014051600205,-4.173538954951567
2020-10-14 08:00:00+00:00,56.0,-5.795389827907307,64.5004689873469,-2.705079159439599
2020-10-14 09:00:00+00:00,55.0,-5.875137138468031,64.4085342161601,-3.5333970776920722
2020-10-14 10:00:00+00:00,52.0,-6.45458103539573,64.31434751644194,-5.859766481046208
2020-10-14 11:00:00+00:00,52.0,-6.916794760995749,64.21792123426451,-5.301126473268759
2020-10-14 12:00:00+00:00,59.0,-2.905434278132402,64.11927209666456,-2.2138378185321557
2020-10-14 13:00:00+00:00,63.0,-0.8324026452603175,64.01842286405508,-0.18602021879476638
2020-10-14 14:00:00+00:00,67.0,1.7396793245071098,63.915402122195566,1.344918553297326
2020-10-14 15:00:00+00:00,70.0,4.490699078048504,63.810244599763884,1.6990563221876087
2020-10-14 16:00:00+00:00,71.0,6.626297500760779,63.70299331628153,0.6707091829576868
2020-10-14 17:00:00+00:00,74.0,8.538267434655143,63.59370286330641,1.8680297020384486
2020-10-14 18:00:00+00:00,74.0,8.939635251608987,63.482436489099385,1.5779282592916246
2020-10-14 19:00:00+00:00,75.0,9.352516541259567,63.3692600957369,2.2782233630035407
2020-10-14 20:00:00+00:00,74.0,8.646841304211966,63.25424092887757,2.0989177669104677
2020-10-14 21:00:00+00:00,72.0,6.711091940504824,63.13744747898291,2.151460580512264
2020-10-14 22:00:00+00:00,64.0,2.556018935375625,63.018950215910465,-1.5749691512860906
2020-10-14 23:00:00+00:00,61.0,1.1531186586707907,62.898824331374556,-3.0519429900453474
2020-10-15 00:00:00+00:00,57.0,-0.6425485719211104,62.777155627958464,-5.134607056037353
2020-10-15 01:00:00+00:00,56.0,-1.867548865497131,62.65404358059929,-4.786494715102165
2020-10-15 02:00:00+00:00,57.0,-2.766537289796271,62.52960055894437,-2.7630632691480983
2020-10-15 03:00:00+00:00,56.0,-4.095637531459731,62.40395671180423,-2.3083191803444976
2020-10-15 04:00:00+00:00,54.0,-4.745382751617888,62.27726127996531,-3.53187852834742
2020-10-15 05:00:00+00:00,58.0,-4.8777143656270825,62.14967950483397,0.728034860793116
2020-10-15 06:00:00+00:00,57.0,-5.766018038552748,62.02138817502769,0.7446298635250628
2020-10-15 07:00:00+00:00,56.0,-6.069063422674189,61.892578285298654,0.17648513737553628
2020-10-15 08:00:00+00:00,55.0,-6.415800025231709,61.763448481079244,-0.34764845584753346
2020-10-15 09:00:00+00:00,56.0,-6.434124739774929,61.634201501059856,0.7999232387150741
2020-10-15 10:00:00+00:00,56.0,-7.134267858965547,61.50504067459762,1.6292271843679202
2020-10-15 11:00:00+00:00,54.0,-7.580195711590661,61.376163255006894,0.2040324565837679
2020-10-15 12:00:00+00:00,59.0,-3.176471994896954,61.247755040862025,0.9287169540349325
2020-10-15 13:00:00+00:00,64.0,-0.6545217552615852,61.119984621382976,3.534537133878608
2020-10-15 14:00:00+00:00,70.0,2.0966443118725864,60.993006270271614,6.910349417855805
2020-10-15 15:00:00+00:00,73.0,5.054395602468906,60.866964139349754,7.078640258181345
2020-10-15 16:00:00+00:00,76.0,7.4547770631925,60.74198749206518,7.803235444742327
2020-10-15 17:00:00+00:00,78.0,9.551205618920623,60.618196084703335,7.830598296376046
2020-10-15 18:00:00+00:00,79.0,9.841228190077667,60.49570877611126,8.66306303381107
2020-10-15 19:00:00+00:00,77.0,10.373005506947909,60.37464084619015,6.252353646861948
2020-10-15 20:00:00+00:00,76.0,9.73907652069297,60.25510389179436,6.005819587512661
2020-10-15 21:00:00+00:00,76.0,7.516987178678445,60.13720934259954,8.345803478722011
2020-10-15 22:00:00+00:00,71.0,2.606136983295392,60.02107201195583,8.372791004748784
2020-10-15 23:00:00+00:00,70.0,0.8567963490347313,59.90681245177823,9.236391199187032
2020-10-16 00:00:00+00:00,70.0,-1.034904159278115,59.79455822161807,11.240345937660045
2020-10-16 01:00:00+00:00,69.0,-2.336628856052873,59.68444298709455,11.65218586895832
2020-10-16 02:00:00+00:00,69.0,-3.1751463574235914,59.57659681798282,12.598549539440768
2020-10-16 03:00:00+00:00,70.0,-4.585998593425113,59.47113364475602,15.114864948669094
2020-10-16 04:00:00+00:00,70.0,-5.196267880860112,59.3681513615773,15.828116519282808
2020-10-16 05:00:00+00:00,70.0,-5.443382568166174,59.26774366406437,16.175638904101802
2020-10-16 06:00:00+00:00,70.0,-6.460056965839961,59.17000033920985,17.290056626630104
2020-10-16 07:00:00+00:00,69.0,-6.67329565691683,59.075001094568336,16.5982945623485
2020-10-16 08:00:00+00:00,68.0,-6.957286055244998,58.982812448279084,15.974473606965908
2020-10-16 09:00:00+00:00,68.0,-6.92749806378745,58.893485497145264,16.03401256664219
2020-10-16 10:00:00+00:00,68.0,-7.728852111946865,58.80705183465937,16.921800277287495
2020-10-16 11:00:00+00:00,68.0,-8.07563834374579,58.72352113362209,17.3521172101237
2020-10-16 12:00:00+00:00,60.0,-3.466937465063406,58.642884074583414,4.824053390479996
2020-10-16 13:00:00+00:00,58.0,-0.5441681951793214,58.56511619800222,-0.020948002822898104
2020-10-16 14:00:00+00:00,57.0,2.3272869194841115,58.49017851286991,-3.8174654323540196
2020-10-16 15:00:00+00:00,57.0,5.583066560701261,58.41801654015101,-7.00108310085227
2020-10-16 16:00:00+00:00,58.0,8.222507004663369,58.34856435332763,-8.571071357991002
2020-10-16 17:00:00+00:00,61.0,10.470965565881293,58.28174598645779,-7.752711552339086
2020-10-16 18:00:00+00:00,63.0,10.687792310348696,58.21747699032272,-5.905269300671421
2020-10-16 19:00:00+00:00,62.0,11.272646469655863,58.155664197361006,-7.428310667016866
2020-10-16 20:00:00+00:00,60.0,10.678805452613263,58.09620549528061,-8.775010947893868
2020-10-16 21:00:00+00:00,59.0,8.233969326078824,58.03899282501011,-7.272962151088933
2020-10-16 22:00:00+00:00,58.0,2.5716700688879777,57.98391685292122,-2.5555869218091942
2020-10-16 23:00:00+00:00,57.0,0.5631272475457509,57.930866790076024,-1.4939940376217749
2020-10-17 00:00:00+00:00,56.0,-1.4103632923912854,57.87972899169713,-0.4693656993058397
2020-10-17 01:00:00+00:00,55.0,-2.8233568448629827,57.830384647615816,-0.0070278027528303255
2020-10-17 02:00:00+00:00,56.0,-3.3907397811330116,57.782703340357465,1.6080364407755496
2020-10-17 03:00:00+00:00,55.0,-4.876138453679642,57.73654496875364,2.139593484926003
2020-10-17 04:00:00+00:00,55.0,-5.4311221712297115,57.69176223797646,2.7393599332532474
2020-10-17 05:00:00+00:00,53.0,-5.786695167728972,57.648209239426826,1.1384859283021456
2020-10-17 06:00:00+00:00,51.0,-6.888710040823064,57.60575214077927,0.2829579000437903
2020-10-17 07:00:00+00:00,50.0,-7.027434402409359,57.56427516213492,-0.536840759725564
2020-10-17 08:00:00+00:00,48.0,-7.262911007302801,57.523686021705835,-2.2607750144030305
2020-10-17 09:00:00+00:00,48.0,-7.212717221651253,57.48392196145935,-2.2712047398080983
2020-10-17 10:00:00+00:00,46.0,-8.03478658867774,57.44495498944366,-3.4101684007659188
2020-10-17 11:00:00+00:00,46.0,-8.223422019969279,57.40679700428646,-3.183374984317183
2020-10-17 12:00:00+00:00,50.0,-3.5660754380378137,57.36950424894305,-3.8034288109052383
2020-10-17 13:00:00+00:00,54.0,-0.46740981868843534,57.33318448741705,-2.865774668728612
2020-10-17 14:00:00+00:00,58.0,2.375751385513163,57.29800056886111,-1.673751954374275
2020-10-17 15:00:00+00:00,58.0,5.885023735355598,57.26417039421796,-5.149194129573559
2020-10-17 16:00:00+00:00,62.0,8.649350762899195,57.23195378033287,-3.881304543232069
2020-10-17 17:00:00+00:00,61.0,10.978079250439576,57.20163977005712,-7.179719020496698
2020-10-17 18:00:00+00:00,62.0,11.172003247487227,57.173535985151,-6.345539232638224
2020-10-17 19:00:00+00:00,62.0,11.68207910991771,57.14796044323675,-6.830039553154457
2020-10-17 20:00:00+00:00,62.0,11.119451935634881,57.125242038298786,-6.244693973933671
2020-10-17 21:00:00+00:00,59.0,8.532782696668113,57.10572336726822,-6.638506063936333
2020-10-17 22:00:00+00:00,52.0,2.3803615483083034,57.08976104174308,-7.470122590051382
2020-10-17 23:00:00+00:00,49.0,0.1840923563365292,57.07771339836695,-8.26180575470348
2020-10-18 00:00:00+00:00,50.0,-1.717920278023728,57.06992235687823,-5.352002078854504
2020-10-18 01:00:00+00:00,49.0,-3.1915229357841746,57.06670549899085,-4.875182563206671
2020-10-18 02:00:00+00:00,49.0,-3.350869889958125,57.06836162077393,-4.7174917308158015
2020-10-18 03:00:00+00:00,49.0,-4.812108403831255,57.075172454380635,-3.2630640505493815
2020-10-18 04:00:00+00:00,47.0,-5.251005369801503,57.087402983976055,-4.836397614174551
2020-10-18 05:00:00+00:00,45.0,-5.808722590575646,57.10530148865979,-6.296578898084142
2020-10-18 06:00:00+00:00,43.0,-6.9781718090295275,57.1290955361577,-7.150923727128173
2020-10-18 07:00:00+00:00,41.0,-7.119025330182983,57.158991923795796,-9.03996659361281
2020-10-18 08:00:00+00:00,42.0,-7.356539130222218,57.19517476450429,-7.83863563428207
2020-10-18 09:00:00+00:00,42.0,-7.377993928875142,57.237802680017886,-7.859808751142744
2020-10-18 10:00:00+00:00,41.0,-8.131186486745477,57.28700818707729,-8.155821700331813
2020-10-18 11:00:00+00:00,42.0,-8.13440887819505,57.34289368863667,-7.208484810441625
2020-10-18 12:00:00+00:00,46.0,-3.5666598088807984,57.405516585581935,-7.838856776701135
2020-10-18 13:00:00+00:00,54.0,-0.297884252246463,57.47487648557308,-3.176992233326615
2020-10-18 14:00:00+00:00,58.0,2.4215682451894565,57.550902966507046,-1.9724712116965009
2020-10-18 15:00:00+00:00,62.0,6.016443493189314,57.63345501999601,-1.6498985131853274
2020-10-18 16:00:00+00:00,64.0,8.781002730766819,57.72233328180416,-2.5033360125709763
2020-10-18 17:00:00+00:00,69.0,11.070986165168256,57.81728544776754,0.11172838706420407
2020-10-18 18:00:00+00:00,68.0,11.288923241068465,57.918008540321516,-1.206931781389983
2020-10-18 19:00:00+00:00,69.0,11.635662727651379,58.02416820312909,-0.6598309307804726
2020-10-18 20:00:00+00:00,69.0,11.067260549068955,58.135408578992795,-0.20266912806174986
2020-10-18 21:00:00+00:00,66.0,8.426971381214708,58.25135680165358,-0.6783281828682846
2020-10-18 22:00:00+00:00,59.0,2.1197446822926613,58.37162666366376,-1.4913713459564235
2020-10-18 23:00:00+00:00,55.0,-0.22687854264183627,58.49582489144668,-3.268946348804846
2020-10-19 00:00:00+00:00,54.0,-1.897314566157333,58.62355973924235,-2.726245173085019
2020-10-19 01:00:00+00:00,54.0,-3.4052328024405187,58.754446000345574,-1.3492131979050583
2020-10-19 02:00:00+00:00,53.0,-3.2095732477705567,58.88811632131403,-2.678543073543473
2020-10-19 03:00:00+00:00,53.0,-4.528943850604575,59.0242322797573,-1.4952884291527226
2020-10-19 04:00:00+00:00,55.0,-4.814531515673724,59.16248034259771,0.6520511730760106
2020-10-19 05:00:00+00:00,53.0,-5.79878607817027,59.302567737695256,-0.5037816595249893
2020-10-19 06:00:00+00:00,52.0,-6.99207103435082,59.44422176740214,-0.4521507330513188
2020-10-19 07:00:00+00:00,53.0,-7.157795000827309,59.587191298633904,0.5706037021934023
2020-10-19 08:00:00+00:00,54.0,-7.384796070213042,59.731246729170095,1.6535493410429467
2020-10-19 09:00:00+00:00,55.0,-7.5825104366436715,59.876189708297666,2.7063207283460073
2020-10-19 10:00:00+00:00,55.0,-8.18617470411184,60.021855581608946,3.1643191225028957
2020-10-19 11:00:00+00:00,56.0,-7.979913776426116,60.168111242876655,3.8118025335494607
2020-10-19 12:00:00+00:00,57.0,-3.7383071645917294,60.31485533000653,0.42345183458520097
2020-10-19 13:00:00+00:00,58.0,-0.09555183706081605,60.46201622226289,-2.3664643852020717
2020-10-19 14:00:00+00:00,60.0,2.5386430166082525,60.60954583659546,-3.1481888532037132
2020-10-19 15:00:00+00:00,67.0,6.156598781741372,60.7574169167286,0.08598430153002568
2020-10-19 16:00:00+00:00,71.0,8.880839790205943,60.90561458386662,1.2135456259274378
2020-10-19 17:00:00+00:00,73.0,11.08645631341503,61.05412520249165,0.8594184840933252
2020-10-19 18:00:00+00:00,74.0,11.376662102003316,61.202932111373855,1.4204057866228297
2020-10-19 19:00:00+00:00,75.0,11.495225058681237,61.352012590644826,2.152762350673939
2020-10-19 20:00:00+00:00,74.0,10.912979881937456,61.50133452757993,1.585685590482612
2020-10-19 21:00:00+00:00,71.0,8.293979384513706,61.65085097511574,1.0551696403705577
2020-10-19 22:00:00+00:00,64.0,1.9926128900865558,61.80049639339028,0.20689071652316215
2020-10-19 23:00:00+00:00,62.0,-0.5507104033641124,61.9501844509186,0.6005259524455155
2020-10-20 00:00:00+00:00,60.0,-2.0204814616361704,62.09980559339693,-0.0793241317607567
2020-10-20 01:00:00+00:00,57.0,-3.544346906771101,62.24923334463211,-1.7048864378610062
2020-10-20 02:00:00+00:00,58.0,-3.1896367364414404,62.39835782674274,-1.208721090301296
2020-10-20 03:00:00+00:00,56.0,-4.371172002299043,62.54709734915849,-2.175925346859451
2020-10-20 04:00:00+00:00,56.0,-4.615030871773293,62.69538032630798,-2.080349454534691
2020-10-20 05:00:00+00:00,55.0,-6.012066809168373,62.84312653896726,-1.8310597297988878
2020-10-20 06:00:00+00:00,54.0,-7.069682688236449,62.99024008015075,-1.9205573919143006
2020-10-20 07:00:00+00:00,54.0,-7.249173362303189,63.13660881232072,-1.8874354500175343
2020-10-20 08:00:00+00:00,55.0,-7.327242924283199,63.28210678239698,-0.9548638581137823
2020-10-20 09:00:00+00:00,55.0,-7.7719660970980815,63.42659101789895,-0.6546249208008703
2020-10-20 10:00:00+00:00,54.0,-8.173769636236784,63.56989806899167,-1.3961284327548853
2020-10-20 11:00:00+00:00,55.0,-7.801797672707385,63.71184927786676,-0.9100516051593743
2020-10-20 12:00:00+00:00,59.0,-4.073248814596021,63.85226545563014,-0.7790166410341186
2020-10-20 13:00:00+00:00,66.0,-0.017249855843679177,63.99097135289352,2.0262785029501558
2020-10-20 14:00:00+00:00,70.0,2.7942954915124543,64.12779964737028,3.0779048611172612
2020-10-20 15:00:00+00:00,74.0,6.506507706141461,64.2625942264446,3.230898067413932
2020-10-20 16:00:00+00:00,77.0,9.092623569224173,64.39521787650115,3.512158554274677
2020-10-20 17:00:00+00:00,78.0,11.226300859963962,64.52555798905445,2.2481411509815956
2020-10-20 18:00:00+00:00,78.0,11.603830706531912,64.65352563738406,1.7426436560840273
2020-10-20 19:00:00+00:00,79.0,11.426952546980138,64.7790515936016,2.793995859418274
2020-10-20 20:00:00+00:00,78.0,10.868162012131295,64.90208662297036,2.2297513648983482
2020-10-20 21:00:00+00:00,76.0,8.33332641626696,65.02260065051911,2.644072933213934
2020-10-20 22:00:00+00:00,68.0,2.0623736562091093,65.1405804689104,0.7970458748804958
2020-10-20 23:00:00+00:00,67.0,-0.763749862739345,65.25602832010702,2.507721542632325
2020-10-21 00:00:00+00:00,67.0,-2.2551427249430374,65.36896203080772,3.8861806941353194
2020-10-21 01:00:00+00:00,65.0,-3.741630718930795,65.47941074284547,3.262219976085319
2020-10-21 02:00:00+00:00,66.0,-3.2744900561155585,65.58741163810235,3.6870784180132006
2020-10-21 03:00:00+00:00,65.0,-4.355273032143765,65.69301071170932,3.6622623204344507
2020-10-21 04:00:00+00:00,65.0,-4.714056965882342,65.79626497610329,3.9177919897790616
2020-10-21 05:00:00+00:00,68.0,-6.267070441358051,65.89723700931191,8.369833432046136
2020-10-21 06:00:00+00:00,68.0,-7.062204827994629,65.99599685354848,9.066207974446158
2020-10-21 07:00:00+00:00,65.0,-7.275339961160229,66.09262003667773,6.182719924482498
2020-10-21 08:00:00+00:00,65.0,-7.15475910892387,66.18718344362601,5.967575665297858
2020-10-21 09:00:00+00:00,67.0,-7.798530376836748,66.27975758069795,8.518772796138805
2020-10-21 10:00:00+00:00,66.0,-7.9003572701736005,66.37040961099805,7.529947659175548
2020-10-21 11:00:00+00:00,66.0,-7.489806348573624,66.45920360237974,7.030602746193878
2020-10-21 12:00:00+00:00,66.0,-4.319296537602644,66.54620087167926,3.7730956659233783
2020-10-21 13:00:00+00:00,66.0,-0.11505414512083531,66.63146134733398,-0.516407202213145
2020-10-21 14:00:00+00:00,68.0,3.1592968203012175,66.71504363963385,-1.8743404599350697
2020-10-21 15:00:00+00:00,75.0,7.030258608207776,66.7970078903194,1.1727335014728197
2020-10-21 16:00:00+00:00,78.0,9.2802842155912,66.87741394109318,1.8423018433156244
2020-10-21 17:00:00+00:00,81.0,11.299336564319049,66.9563211686164,2.744342267064553
2020-10-21 18:00:00+00:00,83.0,11.819745861603895,67.0337867168674,4.146467421528712
2020-10-21 19:00:00+00:00,80.0,11.357963919138482,67.10986290992106,1.5321731709404531
2020-10-21 20:00:00+00:00,81.0,10.876690587219906,67.1845937154603,2.938715697319793
2020-10-21 21:00:00+00:00,78.0,8.451660785479923,67.25801797388992,2.290321240630149
2020-10-21 22:00:00+00:00,71.0,2.4194903909404144,67.33016951265414,1.250340096405452
2020-10-21 23:00:00+00:00,68.0,-0.7346905216167601,67.40107680517526,1.3336137164414907
2020-10-22 00:00:00+00:00,67.0,-2.4819636811073784,67.47076357812479,2.011200102982585
2020-10-22 01:00:00+00:00,65.0,-3.878915712347319,67.53924663462432,1.339669077723002
2020-10-22 02:00:00+00:00,67.0,-3.2520369037860357,67.6065250144204,2.645511889365636
2020-10-22 03:00:00+00:00,65.0,-4.35634842858499,67.67257547204412,1.6837729565408779
2020-10-22 04:00:00+00:00,64.0,-4.883732047488909,67.73736493501066,1.146367112478245
2020-10-22 05:00:00+00:00,63.0,-6.460388078670722,67.80085955349806,1.6595285251726608
2020-10-22 06:00:00+00:00,62.0,-6.934941897451845,67.8630249138751,1.071916983576756
2020-10-22 07:00:00+00:00,62.0,-7.1906464843019595,67.92382920169688,1.2668172826050892
2020-10-22 08:00:00+00:00,62.0,-6.942311346216193,67.98324183030246,0.9590695159137255
2020-10-22 09:00:00+00:00,59.0,-7.68592558940791,68.04123356894394,-1.355307979536022
2020-10-22 10:00:00+00:00,60.0,-7.506077042686699,68.09777763832726,-0.5917005956405603
2020-10-22 11:00:00+00:00,60.0,-7.102325101997868,68.15284936304117,-1.0505242610433072
2020-10-22 12:00:00+00:00,65.0,-4.136166386272712,68.2064217110696,0.9297446752031107
2020-10-22 13:00:00+00:00,72.0,-0.37891321519867355,68.25845593835945,4.1204572768392325
2020-10-22 14:00:00+00:00,74.0,3.571245015322798,68.30889532910312,2.119859655574075
2020-10-22 15:00:00+00:00,76.0,7.493838803562507,68.35766507146924,0.14849612496824705
2020-10-22 16:00:00+00:00,78.0,8.89204235076861,68.40467517728895,0.703282471942444
2020-10-22 17:00:00+00:00,80.0,10.705697148284523,68.44982180709296,0.844481044622512
2020-10-22 18:00:00+00:00,80.0,11.416092329632091,68.49298947097104,0.0909181993968673
2020-10-22 19:00:00+00:00,80.0,11.078534320984382,68.53405052179785,0.38741515721777375
2020-10-22 20:00:00+00:00,78.0,10.635511613377512,68.5728669926106,-1.2083786059881163
2020-10-22 21:00:00+00:00,77.0,8.13562504669181,68.60929381494611,0.2550811383620726
2020-10-22 22:00:00+00:00,71.0,2.6507733111137033,68.64318388186761,-0.29395719298132406
2020-10-22 23:00:00+00:00,68.0,-0.7050838329393867,68.67439192196446,0.030691910974923076
2020-10-23 00:00:00+00:00,66.0,-2.7826809231859686,68.702778836474,0.07990208671196797
2020-10-23 01:00:00+00:00,65.0,-3.9719557032977346,68.72821506798712,0.24374063531061552
2020-10-23 02:00:00+00:00,64.0,-3.3103006923283878,68.750581829055,-1.440281136726611
2020-10-23 03:00:00+00:00,63.0,-4.530327773708769,68.76977172090658,-1.2394439471978131
2020-10-23 04:00:00+00:00,63.0,-5.193023127834133,68.78569274840684,-0.5926696205727069
2020-10-23 05:00:00+00:00,61.0,-6.672826456995277,68.79826893151622,-1.1254424745209377
2020-10-23 06:00:00+00:00,61.0,-6.893285144539564,68.80742505413592,-0.9141399095963578
2020-10-23 07:00:00+00:00,59.0,-7.200367836390831,68.81308104722063,-2.61271321082981
2020-10-23 08:00:00+00:00,58.0,-6.972637697623569,68.81515550272013,-3.8425178050965627
2020-10-23 09:00:00+00:00,58.0,-7.653655476153461,68.81357349334343,-3.159918017189966
2020-10-23 10:00:00+00:00,57.0,-7.386279359030787,68.80826781391465,-4.421988454883859
2020-10-23 11:00:00+00:00,59.0,-7.048736591138004,68.79917792233404,-2.750441331196029
2020-10-23 12:00:00+00:00,63.0,-3.9867026815901045,68.78624700633536,-1.7995443247452556
2020-10-23 13:00:00+00:00,72.0,-0.3311934444510052,68.76942362737842,3.5617698170725873
2020-10-23 14:00:00+00:00,74.0,4.10787342402235,68.7486628592978,1.143463716679861
2020-10-23 15:00:00+00:00,75.0,7.941664674959863,68.72392752308963,-1.6655921980494952
2020-10-23 16:00:00+00:00,76.0,8.686484852284702,68.69518955057028,-1.3816744028549834
2020-10-23 17:00:00+00:00,77.0,10.259844762224837,68.66242979360334,-1.9222745558281815
2020-10-23 18:00:00+00:00,78.0,11.123040969489757,68.62564314649893,-1.7486841159886808
2020-10-23 19:00:00+00:00,78.0,10.908935991216735,68.58484229986576,-1.4937782910824922
2020-10-23 20:00:00+00:00,77.0,10.435675935008948,68.54005909106847,-1.975735026077416
2020-10-23 21:00:00+00:00,75.0,7.802671850373813,68.49134827986585,-1.2940201302396588
2020-10-23 22:00:00+00:00,72.0,2.9391930367251113,68.43879089986767,0.6220160634072158
2020-10-23 23:00:00+00:00,67.0,-0.5454123282680141,68.38249521334049,-0.8370828850724763
2020-10-24 00:00:00+00:00,65.0,-2.9125096323161657,68.32259140297485,-0.41008177065869234
2020-10-24 01:00:00+00:00,64.0,-3.9530458111818967,68.25923239236535,-0.30618658118345365
2020-10-24 02:00:00+00:00,66.0,-3.3196628097397385,68.19260164750956,1.1270611622301772
2020-10-24 03:00:00+00:00,66.0,-4.56468141560938,68.12292286192637,2.441758553683016
2020-10-24 04:00:00+00:00,64.0,-5.3915491358656675,68.05045225188736,1.3410968839783095
2020-10-24 05:00:00+00:00,61.0,-6.750603030281075,67.9754737195008,-0.22487068921972764
2020-10-24 06:00:00+00:00,62.0,-6.744369249885619,67.8983041253154,0.8460651245702167
2020-10-24 07:00:00+00:00,62.0,-7.127924124451529,67.8192857150477,1.3086384094038266
2020-10-24 08:00:00+00:00,63.0,-6.92235304057663,67.7387752481659,2.1835777924107305
2020-10-24 09:00:00+00:00,62.0,-7.537460216711327,67.65713527172394,1.880324944987379
2020-10-24 10:00:00+00:00,64.0,-7.136090013131718,67.57472393440284,3.561366078728881
2020-10-24 11:00:00+00:00,63.0,-6.862465016069163,67.49188653526336,2.370578480805804
2020-10-24 12:00:00+00:00,66.0,-3.7333675154438026,67.40895323395819,2.324414281485616
2020-10-24 13:00:00+00:00,69.0,-0.3089387853138279,67.32624073159099,1.9826980537228422
2020-10-24 14:00:00+00:00,75.0,4.625525021230407,67.24404961905512,3.1304253597144793
2020-10-24 15:00:00+00:00,78.0,8.322619021644911,67.1626536872048,2.514727291150294
2020-10-24 16:00:00+00:00,80.0,8.453012411783316,67.08229464577708,4.464692942439598
2020-10-24 17:00:00+00:00,82.0,9.783213805362362,67.0031834866494,5.21360270798823
2020-10-24 18:00:00+00:00,83.0,10.797224722454375,66.92549888729869,5.277276390246939
2020-10-24 19:00:00+00:00,79.0,10.673548617210963,66.84939227026504,1.477059112523989
2020-10-24 20:00:00+00:00,81.0,10.185064872883279,66.77498996299525,4.039945164121477
2020-10-24 21:00:00+00:00,78.0,7.426783172826385,66.70239292677968,3.8708239003939298
2020-10-24 22:00:00+00:00,74.0,3.2268920804474948,66.6316771932443,4.141430726308201
2020-10-24 23:00:00+00:00,71.0,-0.40738161227426567,66.56289936325705,4.844482249017219
2020-10-25 00:00:00+00:00,68.0,-3.067652534855968,66.49610264380539,4.57154989105058
2020-10-25 01:00:00+00:00,69.0,-3.9516748692131887,66.42258692203222,6.529087947180969
2020-10-25 02:00:00+00:00,68.0,-3.3441022215854375,66.35474477434533,4.98935744724011
2020-10-25 03:00:00+00:00,68.0,-4.582969577264807,66.29180142319476,6.29116815407005
2020-10-25 04:00:00+00:00,68.0,-5.5859957645715514,66.23290398469263,7.353091779878923
2020-10-25 05:00:00+00:00,68.0,-6.839451855569198,66.17723170320869,8.662220152360504
2020-10-25 06:00:00+00:00,65.0,-6.593083538666308,66.12405281136121,5.469030727305096
2020-10-25 07:00:00+00:00,65.0,-7.048810852509735,66.07274581253198,5.976065039977755
2020-10-25 08:00:00+00:00,66.0,-6.857316997742638,66.02279958155641,6.83451741618623
2020-10-25 09:00:00+00:00,65.0,-7.391819044026578,65.9738026602248,6.4180163838017705
2020-10-25 10:00:00+00:00,65.0,-6.839631634608061,65.92542839515839,5.914203239449662
2020-10-25 11:00:00+00:00,66.0,-6.63310679657337,65.87741966953523,6.755687127038144
2020-10-25 12:00:00+00:00,63.0,-3.472194499382676,65.82957498236924,0.6426195170134434
2020-10-25 13:00:00+00:00,60.0,-0.3401705607083835,65.78173681702022,-5.44156625631183
2020-10-25 14:00:00+00:00,59.0,5.138298036746578,65.73378339716064,-11.872081433907212
2020-10-25 15:00:00+00:00,59.0,8.702168761305579,65.68562217056184,-15.387790931867421
2020-10-25 16:00:00+00:00,59.0,8.198701345923316,65.63718282120679,-14.83588416713011
2020-10-25 17:00:00+00:00,59.0,9.290255221873885,65.58841144412975,-15.878666666003632
2020-10-25 18:00:00+00:00,58.0,10.45441500732664,65.53926664626646,-17.993681653593093
2020-10-25 19:00:00+00:00,57.0,10.424172016721306,65.48971662837243,-18.913888645093742
2020-10-25 20:00:00+00:00,56.0,9.934621909641887,65.4397370037472,-19.374358913389088
2020-10-25 21:00:00+00:00,55.0,7.041995011389661,65.38930916132819,-17.431304172717844
2020-10-25 22:00:00+00:00,54.0,3.5218285217741157,65.33841902744584,-14.860247549219956
2020-10-25 23:00:00+00:00,53.0,-0.2742393684261356,65.28705614308214,-12.012816774656002
2020-10-26 00:00:00+00:00,52.0,-3.2421979124587232,65.23521311628038,-9.993015203821656
2020-10-26 01:00:00+00:00,52.0,-3.957355505183584,65.18288557334861,-9.225530068165028
2020-10-26 02:00:00+00:00,51.0,-3.37951484972383,65.13007208067175,-10.75055723094792
2020-10-26 03:00:00+00:00,51.0,-4.6094200152433595,65.07677380410969,-9.467353788866333
2020-10-26 04:00:00+00:00,51.0,-5.786032362257247,65.02299401820824,-8.236961655950992
2020-10-26 05:00:00+00:00,50.0,-6.933492496542088,64.96873795070762,-8.035245454165533
2020-10-26 06:00:00+00:00,50.0,-6.445905393809234,64.91401266274362,-8.468107268934382
2020-10-26 07:00:00+00:00,50.0,-6.96264486301355,64.85882685667559,-7.89618199366204
2020-10-26 08:00:00+00:00,50.0,-6.780020930250456,64.80319068102021,-8.023169750769753
2020-10-26 09:00:00+00:00,50.0,-7.213394884959371,64.74711559580612,-7.533720710846751
2020-10-26 10:00:00+00:00,50.0,-6.516066441866667,64.69061424595978,-8.174547804093109
2020-10-26 11:00:00+00:00,50.0,-6.378491589208683,64.63370035513243,-8.255208765923747
2020-10-26 12:00:00+00:00,50.0,-3.204162399593552,64.57638861159307,-11.372226211999525
2020-10-26 13:00:00+00:00,51.0,-0.4271043584092408,64.51869450440027,-13.091590145991034
2020-10-26 14:00:00+00:00,55.0,5.6419939548246045,64.46063391689486,-15.10262787171947
2020-10-26 15:00:00+00:00,58.0,9.098327515967737,64.40222275324929,-15.50055026921703
2020-10-26 16:00:00+00:00,64.0,7.925099276653255,64.34347668188627,-8.268575958539529
2020-10-26 17:00:00+00:00,68.0,8.78274589196323,64.28441127071193,-5.067157162675159
2020-10-26 18:00:00+00:00,70.0,10.096576120706096,64.22504268405187,-4.321618804757968
2020-10-26 19:00:00+00:00,73.0,10.187808057555404,64.16538774708278,-1.353195804638176
2020-10-26 20:00:00+00:00,72.0,9.699100483319226,64.10546373187532,-1.8045642151945458
2020-10-26 21:00:00+00:00,69.0,6.655985012730147,64.04528795574154,-1.7012729684716916
2020-10-26 22:00:00+00:00,64.0,3.817010350654348,63.984877748900146,-3.801888099554496
2020-10-26 23:00:00+00:00,61.0,-0.14153449184886052,63.924250521259616,-2.782716029410757
2020-10-27 00:00:00+00:00,58.0,-3.4297107486042626,63.86342398769479,-2.4337132390905225
2020-10-27 01:00:00+00:00,59.0,-3.9689449394271663,63.80241608216039,-0.8334711427332238
2020-10-27 02:00:00+00:00,59.0,-3.4281054528387975,63.74124480798064,-1.3131393551418427
2020-10-27 03:00:00+00:00,56.0,-4.6584732902860395,63.67992800584298,-3.021454715556942
2020-10-27 04:00:00+00:00,56.0,-5.99981777486708,63.61848343009794,-1.6186656552308563
2020-10-27 05:00:00+00:00,55.0,-7.030420285333988,63.55692894959352,-1.5265086642595307
2020-10-27 06:00:00+00:00,55.0,-6.307553040640617,63.49528240179715,-2.187729361156535
2020-10-27 07:00:00+00:00,55.0,-6.874417304132205,63.4335615512137,-1.5591442470814911
2020-10-27 08:00:00+00:00,55.0,-6.69929154761887,63.371784153671044,-1.6724926060521739
2020-10-27 09:00:00+00:00,55.0,-7.011906504806305,63.30996788834786,-1.2980613835415582
2020-10-27 10:00:00+00:00,54.0,-6.183807722743773,63.248130334854515,-3.064322612110743
2020-10-27 11:00:00+00:00,54.0,-6.116037109390309,63.18628898110957,-3.0702518717192646
2020-10-27 12:00:00+00:00,59.0,-2.9227092813516453,63.124461450801874,-1.2017521694502307
2020-10-27 13:00:00+00:00,64.0,-0.5473398230860562,63.06266548945342,1.4846743336326398
2020-10-27 14:00:00+00:00,69.0,6.138860526173751,63.00091859063686,-0.13977911681060817
2020-10-27 15:00:00+00:00,72.0,9.509728639366614,62.93923758082441,-0.44896622019102495
2020-10-27 16:00:00+00:00,73.0,7.634833504707037,62.877638796734495,2.4875276985584733
2020-10-27 17:00:00+00:00,73.0,8.259281045699828,62.81613809384754,1.924580860452636
2020-10-27 18:00:00+00:00,74.0,9.721101576844053,62.75475043694126,1.5241479862146932
2020-10-27 19:00:00+00:00,74.0,9.971795135079327,62.693489902705906,1.3347149622147612
2020-10-27 20:00:00+00:00,73.0,9.47579091776134,62.632369786098515,0.8918392961401409
2020-10-27 21:00:00+00:00,69.0,6.262542751736711,62.5714026784753,0.16605456978798827
2020-10-27 22:00:00+00:00,68.0,4.10147347643209,62.510600589771215,1.3879259337966943
2020-10-27 23:00:00+00:00,65.0,-0.004571800042397045,62.44997504691146,2.5545967531309373
2020-10-28 00:00:00+00:00,62.0,-3.616366814398165,62.38953688876472,3.226829925633446
2020-10-28 01:00:00+00:00,60.0,-3.979804577959037,62.32929602919808,1.6505085487609534
2020-10-28 02:00:00+00:00,60.0,-3.488159414007361,62.269261396240225,1.2188980177671382
2020-10-28 03:00:00+00:00,60.0,-4.728146875881431,62.20944117565576,2.5187057002256736
2020-10-28 04:00:00+00:00,58.0,-6.223483591010174,62.14984290163743,2.073640689372752
2020-10-28 05:00:00+00:00,58.0,-7.119533145460069,62.09047329842282,3.029059847037246
2020-10-28 06:00:00+00:00,59.0,-6.170970222066501,62.03133827634884,3.1396319457176602
2020-10-28 07:00:00+00:00,58.0,-6.779598798662443,61.97244281695871,2.807155981703737
2020-10-28 08:00:00+00:00,58.0,-6.613443291495085,61.91379094962856,2.699652341866525
2020-10-28 09:00:00+00:00,58.0,-6.78812378056199,61.8553858148324,2.9327379657295864
2020-10-28 10:00:00+00:00,60.0,-5.843654329911494,61.79722969787803,4.046424632033457
2020-10-28 11:00:00+00:00,60.0,-5.846174834668845,61.73932397483,4.106850859838843
2020-10-28 12:00:00+00:00,62.0,-2.6222083517662567,61.681668967628674,2.940539384137587
